LABEL,TEXT,URL,EMAIL,PHONE
spam,"Amazon फ्लॅश सेल: सर्व काही 90% सूट, फक्त काही पीसेस शिल्लक! आत्ताच ऑर्डर करण्यासाठी BUY रिप्लाय करा.",No,No,No
spam,अभिनंदन! तुमचे Amazon Prime Video खाते एका फ्री गिफ्ट हॅम्पर (Rs.500) साठी निवडले गेले आहे. आत्ताच दावा करा: http://offer4u-claim.online/lscib,yes,No,No
spam,SBI Card आज 100 लकी कस्टमर्सना फ्री स्मार्टवॉच देत आहे. तुमचे मिळवण्यासाठी लगेच कॉल करा 8824594436.,No,No,yes
spam,अभिनंदन! तुमचे Paytm खाते एका फ्री स्मार्टफोन (Rs.250) साठी निवडले गेले आहे. आत्ताच दावा करा: http://prize-verify.info/7h9r1,yes,No,No
spam,"Titan फ्लॅश सेल: सर्व काही 90% सूट, फक्त काही पीसेस शिल्लक! आत्ताच ऑर्डर करण्यासाठी BUY रिप्लाय करा.",No,No,No
spam,तुम्ही Amazon च्या अ‍ॅनिव्हर्सरी कॉन्टेस्टचे लकी विनर आहात. Rs.300 चे बक्षीस मिळवण्यासाठी तुमची बँक माहिती शेअर करा.,No,No,No
spam,तुम्ही boAt च्या अ‍ॅनिव्हर्सरी कॉन्टेस्टचे लकी विनर आहात. Rs.500 चे बक्षीस मिळवण्यासाठी तुमची बँक माहिती शेअर करा.,No,No,No
spam,तुम्ही Jio च्या अ‍ॅनिव्हर्सरी कॉन्टेस्टचे लकी विनर आहात. Rs.300 चे बक्षीस मिळवण्यासाठी तुमची बँक माहिती शेअर करा.,No,No,No
spam,"HDFC Bank कस्टमर सर्व्हिस: तुमचा Rs.100 चा रिफंड प्रलंबित आहे, दावा करण्यासाठी क्लिक करा: http://offer4u-claim.online/6wk8z",yes,No,No
spam,अभिनंदन! तुमचे Ola खाते एका फ्री स्मार्टवॉच (Rs.50) साठी निवडले गेले आहे. आत्ताच दावा करा: http://prize-verify.info/1w9gk,yes,No,No
spam,"PharmEasy फ्लॅश सेल: सर्व काही 90% सूट, फक्त काही पीसेस शिल्लक! आत्ताच ऑर्डर करण्यासाठी BUY रिप्लाय करा.",No,No,No
spam,"Disney+ Hotstar फ्लॅश सेल: सर्व काही 90% सूट, फक्त काही पीसेस शिल्लक! आत्ताच ऑर्डर करण्यासाठी BUY रिप्लाय करा.",No,No,No
spam,अभिनंदन! तुमचे Domino's खाते एका फ्री शॉपिंग व्हाउचर (Rs.50) साठी निवडले गेले आहे. आत्ताच दावा करा: http://lucky-winner-alert.co/8qwa4,yes,No,No
spam,"Spotify फ्लॅश सेल: सर्व काही 90% सूट, फक्त काही पीसेस शिल्लक! आत्ताच ऑर्डर करण्यासाठी BUY रिप्लाय करा.",No,No,No
spam,Pepperfry लकी ड्रॉ: तुम्ही एक फ्री गिफ्ट हॅम्पर जिंकला आहे! एक्सपायर होण्यापूर्वी आत्ताच कॉल करा 9533391744.,No,No,yes
spam,अभिनंदन! तुमचे Airtel खाते एका फ्री गिफ्ट हॅम्पर (Rs.50) साठी निवडले गेले आहे. आत्ताच दावा करा: http://offer4u-claim.online/w195h,yes,No,No
spam,Swiggy आज 100 लकी कस्टमर्सना फ्री स्मार्टवॉच देत आहे. तुमचे मिळवण्यासाठी लगेच कॉल करा 7909943984.,No,No,yes
spam,अभिनंदन! तुमचे MakeMyTrip खाते एका फ्री सोन्याचे नाणे (Rs.200) साठी निवडले गेले आहे. आत्ताच दावा करा: http://reward-claim24.xyz/zlnuk,yes,No,No
spam,PhonePe आज 100 लकी कस्टमर्सना फ्री स्मार्टवॉच देत आहे. तुमचे मिळवण्यासाठी लगेच कॉल करा 8014156867.,No,No,yes
spam,"Lenskart कस्टमर सर्व्हिस: तुमचा Rs.100 चा रिफंड प्रलंबित आहे, दावा करण्यासाठी क्लिक करा: http://gift-redeem-now.co.in/hcc7e",yes,No,No
spam,"HDFC Bank फ्लॅश सेल: सर्व काही 90% सूट, फक्त काही पीसेस शिल्लक! आत्ताच ऑर्डर करण्यासाठी BUY रिप्लाय करा.",No,No,No
spam,"Domino's फ्लॅश सेल: सर्व काही 90% सूट, फक्त काही पीसेस शिल्लक! आत्ताच ऑर्डर करण्यासाठी BUY रिप्लाय करा.",No,No,No
spam,Nykaa लकी ड्रॉ: तुम्ही एक फ्री सोन्याचे नाणे जिंकला आहे! एक्सपायर होण्यापूर्वी आत्ताच कॉल करा 8588671892.,No,No,yes
spam,"IRCTC कस्टमर सर्व्हिस: तुमचा Rs.250 चा रिफंड प्रलंबित आहे, दावा करण्यासाठी क्लिक करा: http://lucky-winner-alert.co/4iozw",yes,No,No
spam,"BookMyShow फ्लॅश सेल: सर्व काही 90% सूट, फक्त काही पीसेस शिल्लक! आत्ताच ऑर्डर करण्यासाठी BUY रिप्लाय करा.",No,No,No
spam,Vi आज 100 लकी कस्टमर्सना फ्री स्मार्टफोन देत आहे. तुमचे मिळवण्यासाठी लगेच कॉल करा 9496412584.,No,No,yes
spam,"BYJU'S फ्लॅश सेल: सर्व काही 90% सूट, फक्त काही पीसेस शिल्लक! आत्ताच ऑर्डर करण्यासाठी BUY रिप्लाय करा.",No,No,No
spam,"BYJU'S कस्टमर सर्व्हिस: तुमचा Rs.50 चा रिफंड प्रलंबित आहे, दावा करण्यासाठी क्लिक करा: http://lucky-winner-alert.co/82jzo",yes,No,No
spam,"IRCTC फ्लॅश सेल: सर्व काही 90% सूट, फक्त काही पीसेस शिल्लक! आत्ताच ऑर्डर करण्यासाठी BUY रिप्लाय करा.",No,No,No
spam,Flipkart लकी ड्रॉ: तुम्ही एक फ्री गिफ्ट हॅम्पर जिंकला आहे! एक्सपायर होण्यापूर्वी आत्ताच कॉल करा 9639820328.,No,No,yes
spam,"PhonePe कस्टमर सर्व्हिस: तुमचा Rs.300 चा रिफंड प्रलंबित आहे, दावा करण्यासाठी क्लिक करा: http://gift-redeem-now.co.in/0n36s",yes,No,No
spam,अभिनंदन! तुमचे Goibibo खाते एका फ्री स्मार्टफोन (Rs.50) साठी निवडले गेले आहे. आत्ताच दावा करा: http://reward-claim24.xyz/u4qmk,yes,No,No
spam,"redBus कस्टमर सर्व्हिस: तुमचा Rs.50 चा रिफंड प्रलंबित आहे, दावा करण्यासाठी क्लिक करा: http://bonus-cashout.xyz/pba9b",yes,No,No
spam,अभिनंदन! तुमचे BigBasket खाते एका फ्री गिफ्ट हॅम्पर (Rs.100) साठी निवडले गेले आहे. आत्ताच दावा करा: http://lucky-winner-alert.co/0b5wc,yes,No,No
spam,"Swiggy कस्टमर सर्व्हिस: तुमचा Rs.200 चा रिफंड प्रलंबित आहे, दावा करण्यासाठी क्लिक करा: http://gift-redeem-now.co.in/hzokv",yes,No,No
spam,तुम्ही Swiggy च्या अ‍ॅनिव्हर्सरी कॉन्टेस्टचे लकी विनर आहात. Rs.500 चे बक्षीस मिळवण्यासाठी तुमची बँक माहिती शेअर करा.,No,No,No
spam,तुम्ही Domino's च्या अ‍ॅनिव्हर्सरी कॉन्टेस्टचे लकी विनर आहात. Rs.250 चे बक्षीस मिळवण्यासाठी तुमची बँक माहिती शेअर करा.,No,No,No
spam,"Lenskart कस्टमर सर्व्हिस: तुमचा Rs.250 चा रिफंड प्रलंबित आहे, दावा करण्यासाठी क्लिक करा: http://offer4u-claim.online/nexvf",yes,No,No
spam,अभिनंदन! तुमचे Domino's खाते एका फ्री गिफ्ट हॅम्पर (Rs.150) साठी निवडले गेले आहे. आत्ताच दावा करा: http://lucky-winner-alert.co/8qovx,yes,No,No
spam,Tanishq आज 100 लकी कस्टमर्सना फ्री सोन्याचे नाणे देत आहे. तुमचे मिळवण्यासाठी लगेच कॉल करा 7703385344.,No,No,yes
spam,तुम्ही CRED च्या अ‍ॅनिव्हर्सरी कॉन्टेस्टचे लकी विनर आहात. Rs.100 चे बक्षीस मिळवण्यासाठी तुमची बँक माहिती शेअर करा.,No,No,No
spam,तुम्ही IndiGo च्या अ‍ॅनिव्हर्सरी कॉन्टेस्टचे लकी विनर आहात. Rs.150 चे बक्षीस मिळवण्यासाठी तुमची बँक माहिती शेअर करा.,No,No,No
spam,IndiGo लकी ड्रॉ: तुम्ही एक फ्री शॉपिंग व्हाउचर जिंकला आहे! एक्सपायर होण्यापूर्वी आत्ताच कॉल करा 9847694766.,No,No,yes
spam,1mg आज 100 लकी कस्टमर्सना फ्री सोन्याचे नाणे देत आहे. तुमचे मिळवण्यासाठी लगेच कॉल करा 9186643384.,No,No,yes
spam,"Airtel फ्लॅश सेल: सर्व काही 90% सूट, फक्त काही पीसेस शिल्लक! आत्ताच ऑर्डर करण्यासाठी BUY रिप्लाय करा.",No,No,No
spam,तुम्ही Ola च्या अ‍ॅनिव्हर्सरी कॉन्टेस्टचे लकी विनर आहात. Rs.100 चे बक्षीस मिळवण्यासाठी तुमची बँक माहिती शेअर करा.,No,No,No
spam,PharmEasy आज 100 लकी कस्टमर्सना फ्री सोन्याचे नाणे देत आहे. तुमचे मिळवण्यासाठी लगेच कॉल करा 7336328523.,No,No,yes
spam,"IndiGo फ्लॅश सेल: सर्व काही 90% सूट, फक्त काही पीसेस शिल्लक! आत्ताच ऑर्डर करण्यासाठी BUY रिप्लाय करा.",No,No,No
spam,Unacademy लकी ड्रॉ: तुम्ही एक फ्री स्मार्टफोन जिंकला आहे! एक्सपायर होण्यापूर्वी आत्ताच कॉल करा 8684510066.,No,No,yes
spam,"IRCTC कस्टमर सर्व्हिस: तुमचा Rs.200 चा रिफंड प्रलंबित आहे, दावा करण्यासाठी क्लिक करा: http://bonus-cashout.xyz/qcsky",yes,No,No
spam,"Nykaa कस्टमर सर्व्हिस: तुमचा Rs.100 चा रिफंड प्रलंबित आहे, दावा करण्यासाठी क्लिक करा: http://bonus-cashout.xyz/02xtg",yes,No,No
spam,CRED आज 100 लकी कस्टमर्सना फ्री स्मार्टफोन देत आहे. तुमचे मिळवण्यासाठी लगेच कॉल करा 9556849538.,No,No,yes
spam,Goibibo आज 100 लकी कस्टमर्सना फ्री गिफ्ट हॅम्पर देत आहे. तुमचे मिळवण्यासाठी लगेच कॉल करा 8621452927.,No,No,yes
spam,Jio लकी ड्रॉ: तुम्ही एक फ्री स्मार्टवॉच जिंकला आहे! एक्सपायर होण्यापूर्वी आत्ताच कॉल करा 8675559494.,No,No,yes
spam,Paytm लकी ड्रॉ: तुम्ही एक फ्री गिफ्ट हॅम्पर जिंकला आहे! एक्सपायर होण्यापूर्वी आत्ताच कॉल करा 9089022387.,No,No,yes
spam,तुम्ही Flipkart च्या अ‍ॅनिव्हर्सरी कॉन्टेस्टचे लकी विनर आहात. Rs.250 चे बक्षीस मिळवण्यासाठी तुमची बँक माहिती शेअर करा.,No,No,No
spam,Disney+ Hotstar लकी ड्रॉ: तुम्ही एक फ्री गिफ्ट हॅम्पर जिंकला आहे! एक्सपायर होण्यापूर्वी आत्ताच कॉल करा 6117213553.,No,No,yes
spam,cult.fit आज 100 लकी कस्टमर्सना फ्री स्मार्टवॉच देत आहे. तुमचे मिळवण्यासाठी लगेच कॉल करा 7272091488.,No,No,yes
spam,"Spotify कस्टमर सर्व्हिस: तुमचा Rs.150 चा रिफंड प्रलंबित आहे, दावा करण्यासाठी क्लिक करा: http://lucky-winner-alert.co/r5jj4",yes,No,No
spam,Jio आज 100 लकी कस्टमर्सना फ्री स्मार्टवॉच देत आहे. तुमचे मिळवण्यासाठी लगेच कॉल करा 9836693001.,No,No,yes
spam,"Goibibo फ्लॅश सेल: सर्व काही 90% सूट, फक्त काही पीसेस शिल्लक! आत्ताच ऑर्डर करण्यासाठी BUY रिप्लाय करा.",No,No,No
spam,Jio लकी ड्रॉ: तुम्ही एक फ्री गिफ्ट हॅम्पर जिंकला आहे! एक्सपायर होण्यापूर्वी आत्ताच कॉल करा 6261506522.,No,No,yes
spam,अभिनंदन! तुमचे Meesho खाते एका फ्री स्मार्टफोन (Rs.150) साठी निवडले गेले आहे. आत्ताच दावा करा: http://gift-redeem-now.co.in/jb3o0,yes,No,No
spam,अभिनंदन! तुमचे Pepperfry खाते एका फ्री गिफ्ट हॅम्पर (Rs.500) साठी निवडले गेले आहे. आत्ताच दावा करा: http://prize-verify.info/heuc0,yes,No,No
spam,अभिनंदन! तुमचे redBus खाते एका फ्री स्मार्टफोन (Rs.250) साठी निवडले गेले आहे. आत्ताच दावा करा: http://bonus-cashout.xyz/oiih0,yes,No,No
spam,Amazon लकी ड्रॉ: तुम्ही एक फ्री शॉपिंग व्हाउचर जिंकला आहे! एक्सपायर होण्यापूर्वी आत्ताच कॉल करा 6318836622.,No,No,yes
spam,IndiGo आज 100 लकी कस्टमर्सना फ्री स्मार्टवॉच देत आहे. तुमचे मिळवण्यासाठी लगेच कॉल करा 7646038086.,No,No,yes
spam,Decathlon लकी ड्रॉ: तुम्ही एक फ्री गिफ्ट हॅम्पर जिंकला आहे! एक्सपायर होण्यापूर्वी आत्ताच कॉल करा 9635699567.,No,No,yes
spam,"Zomato कस्टमर सर्व्हिस: तुमचा Rs.300 चा रिफंड प्रलंबित आहे, दावा करण्यासाठी क्लिक करा: http://reward-claim24.xyz/w4d8c",yes,No,No
spam,तुम्ही Uber च्या अ‍ॅनिव्हर्सरी कॉन्टेस्टचे लकी विनर आहात. Rs.300 चे बक्षीस मिळवण्यासाठी तुमची बँक माहिती शेअर करा.,No,No,No
spam,तुम्ही Decathlon च्या अ‍ॅनिव्हर्सरी कॉन्टेस्टचे लकी विनर आहात. Rs.200 चे बक्षीस मिळवण्यासाठी तुमची बँक माहिती शेअर करा.,No,No,No
spam,अभिनंदन! तुमचे Axis Bank खाते एका फ्री गिफ्ट हॅम्पर (Rs.250) साठी निवडले गेले आहे. आत्ताच दावा करा: http://reward-claim24.xyz/4jpzi,yes,No,No
spam,"Tanishq कस्टमर सर्व्हिस: तुमचा Rs.150 चा रिफंड प्रलंबित आहे, दावा करण्यासाठी क्लिक करा: http://offer4u-claim.online/96cyl",yes,No,No
spam,अभिनंदन! तुमचे HDFC Bank खाते एका फ्री स्मार्टफोन (Rs.50) साठी निवडले गेले आहे. आत्ताच दावा करा: http://prize-verify.info/zlpjd,yes,No,No
spam,अभिनंदन! तुमचे Titan खाते एका फ्री शॉपिंग व्हाउचर (Rs.250) साठी निवडले गेले आहे. आत्ताच दावा करा: http://gift-redeem-now.co.in/gfaes,yes,No,No
spam,"Unacademy फ्लॅश सेल: सर्व काही 90% सूट, फक्त काही पीसेस शिल्लक! आत्ताच ऑर्डर करण्यासाठी BUY रिप्लाय करा.",No,No,No
spam,अभिनंदन! तुमचे HDFC Bank खाते एका फ्री स्मार्टवॉच (Rs.50) साठी निवडले गेले आहे. आत्ताच दावा करा: http://offer4u-claim.online/fcimk,yes,No,No
spam,अभिनंदन! तुमचे Pepperfry खाते एका फ्री सोन्याचे नाणे (Rs.150) साठी निवडले गेले आहे. आत्ताच दावा करा: http://prize-verify.info/s9ov3,yes,No,No
spam,Meesho आज 100 लकी कस्टमर्सना फ्री स्मार्टफोन देत आहे. तुमचे मिळवण्यासाठी लगेच कॉल करा 9418078562.,No,No,yes
spam,"Lenskart कस्टमर सर्व्हिस: तुमचा Rs.200 चा रिफंड प्रलंबित आहे, दावा करण्यासाठी क्लिक करा: http://prize-verify.info/9cfql",yes,No,No
spam,Myntra लकी ड्रॉ: तुम्ही एक फ्री गिफ्ट हॅम्पर जिंकला आहे! एक्सपायर होण्यापूर्वी आत्ताच कॉल करा 6411656982.,No,No,yes
spam,BookMyShow लकी ड्रॉ: तुम्ही एक फ्री गिफ्ट हॅम्पर जिंकला आहे! एक्सपायर होण्यापूर्वी आत्ताच कॉल करा 6016825978.,No,No,yes
spam,तुम्ही Nykaa च्या अ‍ॅनिव्हर्सरी कॉन्टेस्टचे लकी विनर आहात. Rs.200 चे बक्षीस मिळवण्यासाठी तुमची बँक माहिती शेअर करा.,No,No,No
spam,तुम्ही Lenskart च्या अ‍ॅनिव्हर्सरी कॉन्टेस्टचे लकी विनर आहात. Rs.300 चे बक्षीस मिळवण्यासाठी तुमची बँक माहिती शेअर करा.,No,No,No
spam,तुम्ही Blinkit च्या अ‍ॅनिव्हर्सरी कॉन्टेस्टचे लकी विनर आहात. Rs.500 चे बक्षीस मिळवण्यासाठी तुमची बँक माहिती शेअर करा.,No,No,No
spam,अभिनंदन! तुमचे Lenskart खाते एका फ्री सोन्याचे नाणे (Rs.150) साठी निवडले गेले आहे. आत्ताच दावा करा: http://prize-verify.info/ysklu,yes,No,No
spam,तुम्ही cult.fit च्या अ‍ॅनिव्हर्सरी कॉन्टेस्टचे लकी विनर आहात. Rs.250 चे बक्षीस मिळवण्यासाठी तुमची बँक माहिती शेअर करा.,No,No,No
spam,"Swiggy फ्लॅश सेल: सर्व काही 90% सूट, फक्त काही पीसेस शिल्लक! आत्ताच ऑर्डर करण्यासाठी BUY रिप्लाय करा.",No,No,No
spam,"Titan कस्टमर सर्व्हिस: तुमचा Rs.500 चा रिफंड प्रलंबित आहे, दावा करण्यासाठी क्लिक करा: http://lucky-winner-alert.co/5c3z9",yes,No,No
spam,तुम्ही Titan च्या अ‍ॅनिव्हर्सरी कॉन्टेस्टचे लकी विनर आहात. Rs.300 चे बक्षीस मिळवण्यासाठी तुमची बँक माहिती शेअर करा.,No,No,No
spam,अभिनंदन! तुमचे PhonePe खाते एका फ्री स्मार्टफोन (Rs.300) साठी निवडले गेले आहे. आत्ताच दावा करा: http://lucky-winner-alert.co/78426,yes,No,No
spam,"Nykaa फ्लॅश सेल: सर्व काही 90% सूट, फक्त काही पीसेस शिल्लक! आत्ताच ऑर्डर करण्यासाठी BUY रिप्लाय करा.",No,No,No
spam,"PharmEasy कस्टमर सर्व्हिस: तुमचा Rs.100 चा रिफंड प्रलंबित आहे, दावा करण्यासाठी क्लिक करा: http://lucky-winner-alert.co/3m9yg",yes,No,No
spam,"Ajio कस्टमर सर्व्हिस: तुमचा Rs.100 चा रिफंड प्रलंबित आहे, दावा करण्यासाठी क्लिक करा: http://offer4u-claim.online/folcf",yes,No,No
spam,Myntra आज 100 लकी कस्टमर्सना फ्री शॉपिंग व्हाउचर देत आहे. तुमचे मिळवण्यासाठी लगेच कॉल करा 6208440337.,No,No,yes
spam,"1mg फ्लॅश सेल: सर्व काही 90% सूट, फक्त काही पीसेस शिल्लक! आत्ताच ऑर्डर करण्यासाठी BUY रिप्लाय करा.",No,No,No
spam,"BigBasket फ्लॅश सेल: सर्व काही 90% सूट, फक्त काही पीसेस शिल्लक! आत्ताच ऑर्डर करण्यासाठी BUY रिप्लाय करा.",No,No,No
spam,"PhonePe कस्टमर सर्व्हिस: तुमचा Rs.500 चा रिफंड प्रलंबित आहे, दावा करण्यासाठी क्लिक करा: http://offer4u-claim.online/seipv",yes,No,No
spam,अभिनंदन! तुमचे Amazon Prime Video खाते एका फ्री सोन्याचे नाणे (Rs.500) साठी निवडले गेले आहे. आत्ताच दावा करा: http://lucky-winner-alert.co/fzzij,yes,No,No
spam,अभिनंदन! तुमचे Myntra खाते एका फ्री सोन्याचे नाणे (Rs.200) साठी निवडले गेले आहे. आत्ताच दावा करा: http://reward-claim24.xyz/yfcus,yes,No,No
spam,"Axis Bank फ्लॅश सेल: सर्व काही 90% सूट, फक्त काही पीसेस शिल्लक! आत्ताच ऑर्डर करण्यासाठी BUY रिप्लाय करा.",No,No,No
spam,IndiGo आज 100 लकी कस्टमर्सना फ्री स्मार्टफोन देत आहे. तुमचे मिळवण्यासाठी लगेच कॉल करा 9383135687.,No,No,yes
spam,IndiGo आज 100 लकी कस्टमर्सना फ्री गिफ्ट हॅम्पर देत आहे. तुमचे मिळवण्यासाठी लगेच कॉल करा 6581743347.,No,No,yes
spam,"Pepperfry कस्टमर सर्व्हिस: तुमचा Rs.200 चा रिफंड प्रलंबित आहे, दावा करण्यासाठी क्लिक करा: http://bonus-cashout.xyz/ra01y",yes,No,No
spam,"IRCTC कस्टमर सर्व्हिस: तुमचा Rs.300 चा रिफंड प्रलंबित आहे, दावा करण्यासाठी क्लिक करा: http://lucky-winner-alert.co/ni36d",yes,No,No
spam,तुम्ही Policybazaar च्या अ‍ॅनिव्हर्सरी कॉन्टेस्टचे लकी विनर आहात. Rs.50 चे बक्षीस मिळवण्यासाठी तुमची बँक माहिती शेअर करा.,No,No,No
spam,तुम्ही BYJU'S च्या अ‍ॅनिव्हर्सरी कॉन्टेस्टचे लकी विनर आहात. Rs.300 चे बक्षीस मिळवण्यासाठी तुमची बँक माहिती शेअर करा.,No,No,No
spam,Policybazaar लकी ड्रॉ: तुम्ही एक फ्री गिफ्ट हॅम्पर जिंकला आहे! एक्सपायर होण्यापूर्वी आत्ताच कॉल करा 6715045226.,No,No,yes
spam,"PharmEasy कस्टमर सर्व्हिस: तुमचा Rs.250 चा रिफंड प्रलंबित आहे, दावा करण्यासाठी क्लिक करा: http://gift-redeem-now.co.in/z1iz3",yes,No,No
spam,Policybazaar लकी ड्रॉ: तुम्ही एक फ्री सोन्याचे नाणे जिंकला आहे! एक्सपायर होण्यापूर्वी आत्ताच कॉल करा 6130751568.,No,No,yes
spam,अभिनंदन! तुमचे Zomato खाते एका फ्री सोन्याचे नाणे (Rs.300) साठी निवडले गेले आहे. आत्ताच दावा करा: http://gift-redeem-now.co.in/vf6k9,yes,No,No
spam,cult.fit लकी ड्रॉ: तुम्ही एक फ्री स्मार्टफोन जिंकला आहे! एक्सपायर होण्यापूर्वी आत्ताच कॉल करा 8689486679.,No,No,yes
spam,"Blinkit फ्लॅश सेल: सर्व काही 90% सूट, फक्त काही पीसेस शिल्लक! आत्ताच ऑर्डर करण्यासाठी BUY रिप्लाय करा.",No,No,No
spam,IRCTC आज 100 लकी कस्टमर्सना फ्री शॉपिंग व्हाउचर देत आहे. तुमचे मिळवण्यासाठी लगेच कॉल करा 7886019936.,No,No,yes
spam,अभिनंदन! तुमचे CRED खाते एका फ्री सोन्याचे नाणे (Rs.500) साठी निवडले गेले आहे. आत्ताच दावा करा: http://lucky-winner-alert.co/lgmm3,yes,No,No
spam,तुम्ही Tanishq च्या अ‍ॅनिव्हर्सरी कॉन्टेस्टचे लकी विनर आहात. Rs.500 चे बक्षीस मिळवण्यासाठी तुमची बँक माहिती शेअर करा.,No,No,No
spam,"Spotify कस्टमर सर्व्हिस: तुमचा Rs.100 चा रिफंड प्रलंबित आहे, दावा करण्यासाठी क्लिक करा: http://offer4u-claim.online/3xn1k",yes,No,No
spam,अभिनंदन! तुमचे boAt खाते एका फ्री शॉपिंग व्हाउचर (Rs.500) साठी निवडले गेले आहे. आत्ताच दावा करा: http://gift-redeem-now.co.in/rcnwz,yes,No,No
spam,"IRCTC कस्टमर सर्व्हिस: तुमचा Rs.150 चा रिफंड प्रलंबित आहे, दावा करण्यासाठी क्लिक करा: http://bonus-cashout.xyz/804uh",yes,No,No
spam,अभिनंदन! तुमचे Paytm खाते एका फ्री स्मार्टफोन (Rs.500) साठी निवडले गेले आहे. आत्ताच दावा करा: http://prize-verify.info/rnla6,yes,No,No
spam,Swiggy आज 100 लकी कस्टमर्सना फ्री शॉपिंग व्हाउचर देत आहे. तुमचे मिळवण्यासाठी लगेच कॉल करा 8221753384.,No,No,yes
spam,BookMyShow लकी ड्रॉ: तुम्ही एक फ्री शॉपिंग व्हाउचर जिंकला आहे! एक्सपायर होण्यापूर्वी आत्ताच कॉल करा 9338647847.,No,No,yes
spam,तुम्ही HDFC Bank च्या अ‍ॅनिव्हर्सरी कॉन्टेस्टचे लकी विनर आहात. Rs.200 चे बक्षीस मिळवण्यासाठी तुमची बँक माहिती शेअर करा.,No,No,No
spam,Pepperfry आज 100 लकी कस्टमर्सना फ्री स्मार्टफोन देत आहे. तुमचे मिळवण्यासाठी लगेच कॉल करा 8201847966.,No,No,yes
spam,अभिनंदन! तुमचे Uber खाते एका फ्री सोन्याचे नाणे (Rs.500) साठी निवडले गेले आहे. आत्ताच दावा करा: http://reward-claim24.xyz/pecbd,yes,No,No
spam,"boAt कस्टमर सर्व्हिस: तुमचा Rs.150 चा रिफंड प्रलंबित आहे, दावा करण्यासाठी क्लिक करा: http://gift-redeem-now.co.in/f86iy",yes,No,No
spam,Pepperfry लकी ड्रॉ: तुम्ही एक फ्री शॉपिंग व्हाउचर जिंकला आहे! एक्सपायर होण्यापूर्वी आत्ताच कॉल करा 9840037474.,No,No,yes
spam,Lenskart आज 100 लकी कस्टमर्सना फ्री सोन्याचे नाणे देत आहे. तुमचे मिळवण्यासाठी लगेच कॉल करा 7868983652.,No,No,yes
spam,"Zepto कस्टमर सर्व्हिस: तुमचा Rs.200 चा रिफंड प्रलंबित आहे, दावा करण्यासाठी क्लिक करा: http://reward-claim24.xyz/417pc",yes,No,No
spam,Jio आज 100 लकी कस्टमर्सना फ्री स्मार्टवॉच देत आहे. तुमचे मिळवण्यासाठी लगेच कॉल करा 7042588083.,No,No,yes
spam,cult.fit लकी ड्रॉ: तुम्ही एक फ्री शॉपिंग व्हाउचर जिंकला आहे! एक्सपायर होण्यापूर्वी आत्ताच कॉल करा 9356263807.,No,No,yes
spam,अभिनंदन! तुमचे Policybazaar खाते एका फ्री शॉपिंग व्हाउचर (Rs.100) साठी निवडले गेले आहे. आत्ताच दावा करा: http://reward-claim24.xyz/xife5,yes,No,No
spam,अभिनंदन! तुमचे Policybazaar खाते एका फ्री स्मार्टवॉच (Rs.500) साठी निवडले गेले आहे. आत्ताच दावा करा: http://prize-verify.info/0fijz,yes,No,No
spam,तुम्ही Paytm च्या अ‍ॅनिव्हर्सरी कॉन्टेस्टचे लकी विनर आहात. Rs.500 चे बक्षीस मिळवण्यासाठी तुमची बँक माहिती शेअर करा.,No,No,No
spam,Myntra आज 100 लकी कस्टमर्सना फ्री शॉपिंग व्हाउचर देत आहे. तुमचे मिळवण्यासाठी लगेच कॉल करा 8059072737.,No,No,yes
spam,अभिनंदन! तुमचे boAt खाते एका फ्री गिफ्ट हॅम्पर (Rs.250) साठी निवडले गेले आहे. आत्ताच दावा करा: http://reward-claim24.xyz/apknd,yes,No,No
spam,"Zomato कस्टमर सर्व्हिस: तुमचा Rs.200 चा रिफंड प्रलंबित आहे, दावा करण्यासाठी क्लिक करा: http://bonus-cashout.xyz/ds0ww",yes,No,No
spam,"Tanishq कस्टमर सर्व्हिस: तुमचा Rs.250 चा रिफंड प्रलंबित आहे, दावा करण्यासाठी क्लिक करा: http://gift-redeem-now.co.in/iv01p",yes,No,No
spam,अभिनंदन! तुमचे IRCTC खाते एका फ्री स्मार्टवॉच (Rs.100) साठी निवडले गेले आहे. आत्ताच दावा करा: http://offer4u-claim.online/6drpd,yes,No,No
spam,Unacademy आज 100 लकी कस्टमर्सना फ्री सोन्याचे नाणे देत आहे. तुमचे मिळवण्यासाठी लगेच कॉल करा 6169767375.,No,No,yes
spam,CRED आज 100 लकी कस्टमर्सना फ्री स्मार्टवॉच देत आहे. तुमचे मिळवण्यासाठी लगेच कॉल करा 8149108992.,No,No,yes
spam,Zomato लकी ड्रॉ: तुम्ही एक फ्री स्मार्टवॉच जिंकला आहे! एक्सपायर होण्यापूर्वी आत्ताच कॉल करा 8870238221.,No,No,yes
spam,"Zepto कस्टमर सर्व्हिस: तुमचा Rs.150 चा रिफंड प्रलंबित आहे, दावा करण्यासाठी क्लिक करा: http://bonus-cashout.xyz/vyy0f",yes,No,No
spam,Ajio आज 100 लकी कस्टमर्सना फ्री गिफ्ट हॅम्पर देत आहे. तुमचे मिळवण्यासाठी लगेच कॉल करा 6685363517.,No,No,yes
spam,PhonePe लकी ड्रॉ: तुम्ही एक फ्री स्मार्टवॉच जिंकला आहे! एक्सपायर होण्यापूर्वी आत्ताच कॉल करा 6209733120.,No,No,yes
spam,"SBI Card कस्टमर सर्व्हिस: तुमचा Rs.500 चा रिफंड प्रलंबित आहे, दावा करण्यासाठी क्लिक करा: http://bonus-cashout.xyz/tvwmt",yes,No,No
spam,Amazon लकी ड्रॉ: तुम्ही एक फ्री स्मार्टफोन जिंकला आहे! एक्सपायर होण्यापूर्वी आत्ताच कॉल करा 6884061414.,No,No,yes
spam,Airtel आज 100 लकी कस्टमर्सना फ्री गिफ्ट हॅम्पर देत आहे. तुमचे मिळवण्यासाठी लगेच कॉल करा 6375168401.,No,No,yes
spam,अभिनंदन! तुमचे Jio खाते एका फ्री स्मार्टवॉच (Rs.250) साठी निवडले गेले आहे. आत्ताच दावा करा: http://prize-verify.info/tj4j4,yes,No,No
spam,अभिनंदन! तुमचे Lenskart खाते एका फ्री शॉपिंग व्हाउचर (Rs.50) साठी निवडले गेले आहे. आत्ताच दावा करा: http://lucky-winner-alert.co/y6ydr,yes,No,No
spam,"Policybazaar कस्टमर सर्व्हिस: तुमचा Rs.250 चा रिफंड प्रलंबित आहे, दावा करण्यासाठी क्लिक करा: http://offer4u-claim.online/910vj",yes,No,No
spam,तुम्ही boAt च्या अ‍ॅनिव्हर्सरी कॉन्टेस्टचे लकी विनर आहात. Rs.150 चे बक्षीस मिळवण्यासाठी तुमची बँक माहिती शेअर करा.,No,No,No
spam,तुम्ही Goibibo च्या अ‍ॅनिव्हर्सरी कॉन्टेस्टचे लकी विनर आहात. Rs.150 चे बक्षीस मिळवण्यासाठी तुमची बँक माहिती शेअर करा.,No,No,No
spam,Pepperfry लकी ड्रॉ: तुम्ही एक फ्री गिफ्ट हॅम्पर जिंकला आहे! एक्सपायर होण्यापूर्वी आत्ताच कॉल करा 6546408834.,No,No,yes
spam,अभिनंदन! तुमचे Goibibo खाते एका फ्री सोन्याचे नाणे (Rs.150) साठी निवडले गेले आहे. आत्ताच दावा करा: http://reward-claim24.xyz/q30wm,yes,No,No
spam,Zomato आज 100 लकी कस्टमर्सना फ्री स्मार्टवॉच देत आहे. तुमचे मिळवण्यासाठी लगेच कॉल करा 9577852300.,No,No,yes
spam,"redBus फ्लॅश सेल: सर्व काही 90% सूट, फक्त काही पीसेस शिल्लक! आत्ताच ऑर्डर करण्यासाठी BUY रिप्लाय करा.",No,No,No
spam,CRED लकी ड्रॉ: तुम्ही एक फ्री सोन्याचे नाणे जिंकला आहे! एक्सपायर होण्यापूर्वी आत्ताच कॉल करा 8569863389.,No,No,yes
spam,अभिनंदन! तुमचे Domino's खाते एका फ्री गिफ्ट हॅम्पर (Rs.200) साठी निवडले गेले आहे. आत्ताच दावा करा: http://reward-claim24.xyz/qjahd,yes,No,No
spam,"Pepperfry फ्लॅश सेल: सर्व काही 90% सूट, फक्त काही पीसेस शिल्लक! आत्ताच ऑर्डर करण्यासाठी BUY रिप्लाय करा.",No,No,No
spam,अभिनंदन! तुमचे Paytm खाते एका फ्री गिफ्ट हॅम्पर (Rs.250) साठी निवडले गेले आहे. आत्ताच दावा करा: http://bonus-cashout.xyz/exjnk,yes,No,No
spam,HDFC Bank लकी ड्रॉ: तुम्ही एक फ्री शॉपिंग व्हाउचर जिंकला आहे! एक्सपायर होण्यापूर्वी आत्ताच कॉल करा 7260608280.,No,No,yes
spam,PhonePe लकी ड्रॉ: तुम्ही एक फ्री स्मार्टवॉच जिंकला आहे! एक्सपायर होण्यापूर्वी आत्ताच कॉल करा 6728956300.,No,No,yes
spam,"Zepto कस्टमर सर्व्हिस: तुमचा Rs.300 चा रिफंड प्रलंबित आहे, दावा करण्यासाठी क्लिक करा: http://lucky-winner-alert.co/6yt7s",yes,No,No
spam,अभिनंदन! तुमचे Zepto खाते एका फ्री स्मार्टवॉच (Rs.100) साठी निवडले गेले आहे. आत्ताच दावा करा: http://gift-redeem-now.co.in/k9n2m,yes,No,No
spam,"Titan कस्टमर सर्व्हिस: तुमचा Rs.300 चा रिफंड प्रलंबित आहे, दावा करण्यासाठी क्लिक करा: http://prize-verify.info/6s9i1",yes,No,No
spam,IndiGo आज 100 लकी कस्टमर्सना फ्री स्मार्टफोन देत आहे. तुमचे मिळवण्यासाठी लगेच कॉल करा 8125513742.,No,No,yes
spam,Goibibo आज 100 लकी कस्टमर्सना फ्री सोन्याचे नाणे देत आहे. तुमचे मिळवण्यासाठी लगेच कॉल करा 8394727544.,No,No,yes
spam,IRCTC लकी ड्रॉ: तुम्ही एक फ्री गिफ्ट हॅम्पर जिंकला आहे! एक्सपायर होण्यापूर्वी आत्ताच कॉल करा 7224629080.,No,No,yes
spam,अभिनंदन! तुमचे MakeMyTrip खाते एका फ्री शॉपिंग व्हाउचर (Rs.100) साठी निवडले गेले आहे. आत्ताच दावा करा: http://gift-redeem-now.co.in/0uqjq,yes,No,No
spam,"1mg कस्टमर सर्व्हिस: तुमचा Rs.200 चा रिफंड प्रलंबित आहे, दावा करण्यासाठी क्लिक करा: http://bonus-cashout.xyz/3v9ym",yes,No,No
spam,तुम्ही Meesho च्या अ‍ॅनिव्हर्सरी कॉन्टेस्टचे लकी विनर आहात. Rs.500 चे बक्षीस मिळवण्यासाठी तुमची बँक माहिती शेअर करा.,No,No,No
spam,"PharmEasy कस्टमर सर्व्हिस: तुमचा Rs.50 चा रिफंड प्रलंबित आहे, दावा करण्यासाठी क्लिक करा: http://prize-verify.info/xiog9",yes,No,No
spam,"Amazon Prime Video फ्लॅश सेल: सर्व काही 90% सूट, फक्त काही पीसेस शिल्लक! आत्ताच ऑर्डर करण्यासाठी BUY रिप्लाय करा.",No,No,No
spam,"Nykaa कस्टमर सर्व्हिस: तुमचा Rs.150 चा रिफंड प्रलंबित आहे, दावा करण्यासाठी क्लिक करा: http://bonus-cashout.xyz/6ldq6",yes,No,No
spam,CRED आज 100 लकी कस्टमर्सना फ्री स्मार्टवॉच देत आहे. तुमचे मिळवण्यासाठी लगेच कॉल करा 8140854345.,No,No,yes
spam,HDFC Bank आज 100 लकी कस्टमर्सना फ्री स्मार्टफोन देत आहे. तुमचे मिळवण्यासाठी लगेच कॉल करा 7299840234.,No,No,yes
spam,"Axis Bank कस्टमर सर्व्हिस: तुमचा Rs.100 चा रिफंड प्रलंबित आहे, दावा करण्यासाठी क्लिक करा: http://prize-verify.info/5edyr",yes,No,No
spam,"Uber फ्लॅश सेल: सर्व काही 90% सूट, फक्त काही पीसेस शिल्लक! आत्ताच ऑर्डर करण्यासाठी BUY रिप्लाय करा.",No,No,No
spam,Myntra लकी ड्रॉ: तुम्ही एक फ्री स्मार्टफोन जिंकला आहे! एक्सपायर होण्यापूर्वी आत्ताच कॉल करा 7564355598.,No,No,yes
spam,तुम्ही Uber च्या अ‍ॅनिव्हर्सरी कॉन्टेस्टचे लकी विनर आहात. Rs.500 चे बक्षीस मिळवण्यासाठी तुमची बँक माहिती शेअर करा.,No,No,No
spam,Titan आज 100 लकी कस्टमर्सना फ्री सोन्याचे नाणे देत आहे. तुमचे मिळवण्यासाठी लगेच कॉल करा 6937271094.,No,No,yes
spam,Airtel लकी ड्रॉ: तुम्ही एक फ्री गिफ्ट हॅम्पर जिंकला आहे! एक्सपायर होण्यापूर्वी आत्ताच कॉल करा 6173599514.,No,No,yes
spam,boAt आज 100 लकी कस्टमर्सना फ्री शॉपिंग व्हाउचर देत आहे. तुमचे मिळवण्यासाठी लगेच कॉल करा 8407904226.,No,No,yes
spam,BYJU'S आज 100 लकी कस्टमर्सना फ्री शॉपिंग व्हाउचर देत आहे. तुमचे मिळवण्यासाठी लगेच कॉल करा 7989264057.,No,No,yes
spam,"Flipkart फ्लॅश सेल: सर्व काही 90% सूट, फक्त काही पीसेस शिल्लक! आत्ताच ऑर्डर करण्यासाठी BUY रिप्लाय करा.",No,No,No
spam,तुम्ही Myntra च्या अ‍ॅनिव्हर्सरी कॉन्टेस्टचे लकी विनर आहात. Rs.500 चे बक्षीस मिळवण्यासाठी तुमची बँक माहिती शेअर करा.,No,No,No
spam,"BookMyShow कस्टमर सर्व्हिस: तुमचा Rs.200 चा रिफंड प्रलंबित आहे, दावा करण्यासाठी क्लिक करा: http://bonus-cashout.xyz/mv6rh",yes,No,No
spam,अभिनंदन! तुमचे Policybazaar खाते एका फ्री गिफ्ट हॅम्पर (Rs.200) साठी निवडले गेले आहे. आत्ताच दावा करा: http://prize-verify.info/wcz69,yes,No,No
spam,Tanishq लकी ड्रॉ: तुम्ही एक फ्री स्मार्टवॉच जिंकला आहे! एक्सपायर होण्यापूर्वी आत्ताच कॉल करा 8206545261.,No,No,yes
spam,"Lenskart कस्टमर सर्व्हिस: तुमचा Rs.150 चा रिफंड प्रलंबित आहे, दावा करण्यासाठी क्लिक करा: http://gift-redeem-now.co.in/7ewc2",yes,No,No
spam,"Blinkit कस्टमर सर्व्हिस: तुमचा Rs.150 चा रिफंड प्रलंबित आहे, दावा करण्यासाठी क्लिक करा: http://gift-redeem-now.co.in/p12pl",yes,No,No
spam,"BigBasket कस्टमर सर्व्हिस: तुमचा Rs.50 चा रिफंड प्रलंबित आहे, दावा करण्यासाठी क्लिक करा: http://prize-verify.info/h4v76",yes,No,No
spam,तुम्ही Titan च्या अ‍ॅनिव्हर्सरी कॉन्टेस्टचे लकी विनर आहात. Rs.200 चे बक्षीस मिळवण्यासाठी तुमची बँक माहिती शेअर करा.,No,No,No
spam,Disney+ Hotstar आज 100 लकी कस्टमर्सना फ्री शॉपिंग व्हाउचर देत आहे. तुमचे मिळवण्यासाठी लगेच कॉल करा 7374258036.,No,No,yes
spam,तुम्ही PhonePe च्या अ‍ॅनिव्हर्सरी कॉन्टेस्टचे लकी विनर आहात. Rs.200 चे बक्षीस मिळवण्यासाठी तुमची बँक माहिती शेअर करा.,No,No,No
spam,तुम्ही Uber च्या अ‍ॅनिव्हर्सरी कॉन्टेस्टचे लकी विनर आहात. Rs.200 चे बक्षीस मिळवण्यासाठी तुमची बँक माहिती शेअर करा.,No,No,No
spam,अभिनंदन! तुमचे Domino's खाते एका फ्री गिफ्ट हॅम्पर (Rs.250) साठी निवडले गेले आहे. आत्ताच दावा करा: http://offer4u-claim.online/rygb7,yes,No,No
spam,Policybazaar लकी ड्रॉ: तुम्ही एक फ्री स्मार्टफोन जिंकला आहे! एक्सपायर होण्यापूर्वी आत्ताच कॉल करा 9825908029.,No,No,yes
spam,"Netflix कस्टमर सर्व्हिस: तुमचा Rs.150 चा रिफंड प्रलंबित आहे, दावा करण्यासाठी क्लिक करा: http://bonus-cashout.xyz/8an32",yes,No,No
spam,तुम्ही Spotify च्या अ‍ॅनिव्हर्सरी कॉन्टेस्टचे लकी विनर आहात. Rs.150 चे बक्षीस मिळवण्यासाठी तुमची बँक माहिती शेअर करा.,No,No,No
spam,तुम्ही Decathlon च्या अ‍ॅनिव्हर्सरी कॉन्टेस्टचे लकी विनर आहात. Rs.300 चे बक्षीस मिळवण्यासाठी तुमची बँक माहिती शेअर करा.,No,No,No
spam,"Zepto कस्टमर सर्व्हिस: तुमचा Rs.250 चा रिफंड प्रलंबित आहे, दावा करण्यासाठी क्लिक करा: http://gift-redeem-now.co.in/0p397",yes,No,No
spam,Domino's आज 100 लकी कस्टमर्सना फ्री शॉपिंग व्हाउचर देत आहे. तुमचे मिळवण्यासाठी लगेच कॉल करा 6742745917.,No,No,yes
spam,"Uber कस्टमर सर्व्हिस: तुमचा Rs.150 चा रिफंड प्रलंबित आहे, दावा करण्यासाठी क्लिक करा: http://gift-redeem-now.co.in/8jkvs",yes,No,No
spam,"Netflix फ्लॅश सेल: सर्व काही 90% सूट, फक्त काही पीसेस शिल्लक! आत्ताच ऑर्डर करण्यासाठी BUY रिप्लाय करा.",No,No,No
spam,अभिनंदन! तुमचे Paytm खाते एका फ्री शॉपिंग व्हाउचर (Rs.50) साठी निवडले गेले आहे. आत्ताच दावा करा: http://reward-claim24.xyz/p9w5p,yes,No,No
spam,तुम्ही PhonePe च्या अ‍ॅनिव्हर्सरी कॉन्टेस्टचे लकी विनर आहात. Rs.500 चे बक्षीस मिळवण्यासाठी तुमची बँक माहिती शेअर करा.,No,No,No
spam,तुम्ही Airtel च्या अ‍ॅनिव्हर्सरी कॉन्टेस्टचे लकी विनर आहात. Rs.200 चे बक्षीस मिळवण्यासाठी तुमची बँक माहिती शेअर करा.,No,No,No
spam,PharmEasy लकी ड्रॉ: तुम्ही एक फ्री स्मार्टवॉच जिंकला आहे! एक्सपायर होण्यापूर्वी आत्ताच कॉल करा 7344589040.,No,No,yes
spam,"Netflix कस्टमर सर्व्हिस: तुमचा Rs.200 चा रिफंड प्रलंबित आहे, दावा करण्यासाठी क्लिक करा: http://gift-redeem-now.co.in/k481p",yes,No,No
spam,Amazon आज 100 लकी कस्टमर्सना फ्री शॉपिंग व्हाउचर देत आहे. तुमचे मिळवण्यासाठी लगेच कॉल करा 7412818886.,No,No,yes
spam,अभिनंदन! तुमचे BigBasket खाते एका फ्री शॉपिंग व्हाउचर (Rs.150) साठी निवडले गेले आहे. आत्ताच दावा करा: http://gift-redeem-now.co.in/m930n,yes,No,No
spam,"Airtel कस्टमर सर्व्हिस: तुमचा Rs.150 चा रिफंड प्रलंबित आहे, दावा करण्यासाठी क्लिक करा: http://lucky-winner-alert.co/ds1yl",yes,No,No
spam,अभिनंदन! तुमचे Amazon Prime Video खाते एका फ्री स्मार्टवॉच (Rs.200) साठी निवडले गेले आहे. आत्ताच दावा करा: http://gift-redeem-now.co.in/j3177,yes,No,No
spam,"Policybazaar फ्लॅश सेल: सर्व काही 90% सूट, फक्त काही पीसेस शिल्लक! आत्ताच ऑर्डर करण्यासाठी BUY रिप्लाय करा.",No,No,No
spam,"SBI Card कस्टमर सर्व्हिस: तुमचा Rs.150 चा रिफंड प्रलंबित आहे, दावा करण्यासाठी क्लिक करा: http://prize-verify.info/1qn8f",yes,No,No
spam,तुम्ही MakeMyTrip च्या अ‍ॅनिव्हर्सरी कॉन्टेस्टचे लकी विनर आहात. Rs.100 चे बक्षीस मिळवण्यासाठी तुमची बँक माहिती शेअर करा.,No,No,No
spam,"cult.fit फ्लॅश सेल: सर्व काही 90% सूट, फक्त काही पीसेस शिल्लक! आत्ताच ऑर्डर करण्यासाठी BUY रिप्लाय करा.",No,No,No
spam,"PhonePe फ्लॅश सेल: सर्व काही 90% सूट, फक्त काही पीसेस शिल्लक! आत्ताच ऑर्डर करण्यासाठी BUY रिप्लाय करा.",No,No,No
spam,अभिनंदन! तुमचे BigBasket खाते एका फ्री सोन्याचे नाणे (Rs.250) साठी निवडले गेले आहे. आत्ताच दावा करा: http://offer4u-claim.online/r2bfr,yes,No,No
spam,अभिनंदन! तुमचे Flipkart खाते एका फ्री गिफ्ट हॅम्पर (Rs.300) साठी निवडले गेले आहे. आत्ताच दावा करा: http://reward-claim24.xyz/r0a4n,yes,No,No
spam,Goibibo आज 100 लकी कस्टमर्सना फ्री स्मार्टफोन देत आहे. तुमचे मिळवण्यासाठी लगेच कॉल करा 8171620902.,No,No,yes
spam,Zomato लकी ड्रॉ: तुम्ही एक फ्री सोन्याचे नाणे जिंकला आहे! एक्सपायर होण्यापूर्वी आत्ताच कॉल करा 8490657483.,No,No,yes
spam,तुम्ही 1mg च्या अ‍ॅनिव्हर्सरी कॉन्टेस्टचे लकी विनर आहात. Rs.300 चे बक्षीस मिळवण्यासाठी तुमची बँक माहिती शेअर करा.,No,No,No
spam,तुम्ही PharmEasy च्या अ‍ॅनिव्हर्सरी कॉन्टेस्टचे लकी विनर आहात. Rs.100 चे बक्षीस मिळवण्यासाठी तुमची बँक माहिती शेअर करा.,No,No,No
spam,तुम्ही boAt च्या अ‍ॅनिव्हर्सरी कॉन्टेस्टचे लकी विनर आहात. Rs.100 चे बक्षीस मिळवण्यासाठी तुमची बँक माहिती शेअर करा.,No,No,No
spam,"Disney+ Hotstar कस्टमर सर्व्हिस: तुमचा Rs.150 चा रिफंड प्रलंबित आहे, दावा करण्यासाठी क्लिक करा: http://offer4u-claim.online/ipfbp",yes,No,No
spam,तुम्ही ICICI Bank च्या अ‍ॅनिव्हर्सरी कॉन्टेस्टचे लकी विनर आहात. Rs.500 चे बक्षीस मिळवण्यासाठी तुमची बँक माहिती शेअर करा.,No,No,No
spam,"Zepto कस्टमर सर्व्हिस: तुमचा Rs.100 चा रिफंड प्रलंबित आहे, दावा करण्यासाठी क्लिक करा: http://lucky-winner-alert.co/b0cj0",yes,No,No
spam,तुम्ही Titan च्या अ‍ॅनिव्हर्सरी कॉन्टेस्टचे लकी विनर आहात. Rs.150 चे बक्षीस मिळवण्यासाठी तुमची बँक माहिती शेअर करा.,No,No,No
spam,Nykaa आज 100 लकी कस्टमर्सना फ्री गिफ्ट हॅम्पर देत आहे. तुमचे मिळवण्यासाठी लगेच कॉल करा 6009497009.,No,No,yes
spam,"CRED फ्लॅश सेल: सर्व काही 90% सूट, फक्त काही पीसेस शिल्लक! आत्ताच ऑर्डर करण्यासाठी BUY रिप्लाय करा.",No,No,No
spam,Policybazaar आज 100 लकी कस्टमर्सना फ्री स्मार्टवॉच देत आहे. तुमचे मिळवण्यासाठी लगेच कॉल करा 8613588320.,No,No,yes
spam,"Spotify कस्टमर सर्व्हिस: तुमचा Rs.500 चा रिफंड प्रलंबित आहे, दावा करण्यासाठी क्लिक करा: http://bonus-cashout.xyz/0pzcv",yes,No,No
spam,Netflix आज 100 लकी कस्टमर्सना फ्री सोन्याचे नाणे देत आहे. तुमचे मिळवण्यासाठी लगेच कॉल करा 8166763002.,No,No,yes
spam,Swiggy आज 100 लकी कस्टमर्सना फ्री सोन्याचे नाणे देत आहे. तुमचे मिळवण्यासाठी लगेच कॉल करा 9734413074.,No,No,yes
spam,अभिनंदन! तुमचे Spotify खाते एका फ्री सोन्याचे नाणे (Rs.500) साठी निवडले गेले आहे. आत्ताच दावा करा: http://offer4u-claim.online/vv9vd,yes,No,No
spam,अभिनंदन! तुमचे Policybazaar खाते एका फ्री सोन्याचे नाणे (Rs.250) साठी निवडले गेले आहे. आत्ताच दावा करा: http://lucky-winner-alert.co/1nj1v,yes,No,No
spam,अभिनंदन! तुमचे Jio खाते एका फ्री शॉपिंग व्हाउचर (Rs.200) साठी निवडले गेले आहे. आत्ताच दावा करा: http://prize-verify.info/1fmsd,yes,No,No
spam,"Paytm फ्लॅश सेल: सर्व काही 90% सूट, फक्त काही पीसेस शिल्लक! आत्ताच ऑर्डर करण्यासाठी BUY रिप्लाय करा.",No,No,No
spam,Pepperfry आज 100 लकी कस्टमर्सना फ्री शॉपिंग व्हाउचर देत आहे. तुमचे मिळवण्यासाठी लगेच कॉल करा 7902380643.,No,No,yes
spam,अभिनंदन! तुमचे MakeMyTrip खाते एका फ्री सोन्याचे नाणे (Rs.200) साठी निवडले गेले आहे. आत्ताच दावा करा: http://prize-verify.info/kn6i2,yes,No,No
spam,"ICICI Bank फ्लॅश सेल: सर्व काही 90% सूट, फक्त काही पीसेस शिल्लक! आत्ताच ऑर्डर करण्यासाठी BUY रिप्लाय करा.",No,No,No
spam,"BYJU'S कस्टमर सर्व्हिस: तुमचा Rs.100 चा रिफंड प्रलंबित आहे, दावा करण्यासाठी क्लिक करा: http://bonus-cashout.xyz/ezp5x",yes,No,No
spam,"IRCTC कस्टमर सर्व्हिस: तुमचा Rs.250 चा रिफंड प्रलंबित आहे, दावा करण्यासाठी क्लिक करा: http://lucky-winner-alert.co/v57gr",yes,No,No
spam,Goibibo आज 100 लकी कस्टमर्सना फ्री स्मार्टवॉच देत आहे. तुमचे मिळवण्यासाठी लगेच कॉल करा 7984319761.,No,No,yes
spam,तुम्ही Amazon च्या अ‍ॅनिव्हर्सरी कॉन्टेस्टचे लकी विनर आहात. Rs.50 चे बक्षीस मिळवण्यासाठी तुमची बँक माहिती शेअर करा.,No,No,No
spam,तुम्ही IRCTC च्या अ‍ॅनिव्हर्सरी कॉन्टेस्टचे लकी विनर आहात. Rs.250 चे बक्षीस मिळवण्यासाठी तुमची बँक माहिती शेअर करा.,No,No,No
spam,Titan लकी ड्रॉ: तुम्ही एक फ्री स्मार्टफोन जिंकला आहे! एक्सपायर होण्यापूर्वी आत्ताच कॉल करा 7642953876.,No,No,yes
spam,redBus लकी ड्रॉ: तुम्ही एक फ्री शॉपिंग व्हाउचर जिंकला आहे! एक्सपायर होण्यापूर्वी आत्ताच कॉल करा 6696987201.,No,No,yes
spam,अभिनंदन! तुमचे Zomato खाते एका फ्री स्मार्टवॉच (Rs.200) साठी निवडले गेले आहे. आत्ताच दावा करा: http://lucky-winner-alert.co/0xnp0,yes,No,No
spam,HDFC Bank आज 100 लकी कस्टमर्सना फ्री सोन्याचे नाणे देत आहे. तुमचे मिळवण्यासाठी लगेच कॉल करा 7824662914.,No,No,yes
spam,"Uber कस्टमर सर्व्हिस: तुमचा Rs.50 चा रिफंड प्रलंबित आहे, दावा करण्यासाठी क्लिक करा: http://gift-redeem-now.co.in/s7tyb",yes,No,No
spam,अभिनंदन! तुमचे Netflix खाते एका फ्री सोन्याचे नाणे (Rs.100) साठी निवडले गेले आहे. आत्ताच दावा करा: http://reward-claim24.xyz/r4wxc,yes,No,No
spam,अभिनंदन! तुमचे BookMyShow खाते एका फ्री स्मार्टवॉच (Rs.200) साठी निवडले गेले आहे. आत्ताच दावा करा: http://gift-redeem-now.co.in/nf4qd,yes,No,No
spam,Policybazaar आज 100 लकी कस्टमर्सना फ्री शॉपिंग व्हाउचर देत आहे. तुमचे मिळवण्यासाठी लगेच कॉल करा 7273060280.,No,No,yes
spam,SBI Card आज 100 लकी कस्टमर्सना फ्री स्मार्टफोन देत आहे. तुमचे मिळवण्यासाठी लगेच कॉल करा 7153971806.,No,No,yes
spam,तुम्ही Amazon Prime Video च्या अ‍ॅनिव्हर्सरी कॉन्टेस्टचे लकी विनर आहात. Rs.500 चे बक्षीस मिळवण्यासाठी तुमची बँक माहिती शेअर करा.,No,No,No
spam,अभिनंदन! तुमचे Ajio खाते एका फ्री सोन्याचे नाणे (Rs.200) साठी निवडले गेले आहे. आत्ताच दावा करा: http://reward-claim24.xyz/zb97z,yes,No,No
spam,BigBasket आज 100 लकी कस्टमर्सना फ्री स्मार्टवॉच देत आहे. तुमचे मिळवण्यासाठी लगेच कॉल करा 9809093720.,No,No,yes
spam,तुम्ही Tanishq च्या अ‍ॅनिव्हर्सरी कॉन्टेस्टचे लकी विनर आहात. Rs.200 चे बक्षीस मिळवण्यासाठी तुमची बँक माहिती शेअर करा.,No,No,No
spam,अभिनंदन! तुमचे Ola खाते एका फ्री सोन्याचे नाणे (Rs.200) साठी निवडले गेले आहे. आत्ताच दावा करा: http://bonus-cashout.xyz/5r7qn,yes,No,No
spam,Zepto आज 100 लकी कस्टमर्सना फ्री गिफ्ट हॅम्पर देत आहे. तुमचे मिळवण्यासाठी लगेच कॉल करा 9275713393.,No,No,yes
spam,"Goibibo कस्टमर सर्व्हिस: तुमचा Rs.300 चा रिफंड प्रलंबित आहे, दावा करण्यासाठी क्लिक करा: http://reward-claim24.xyz/uzba3",yes,No,No
spam,"Domino's कस्टमर सर्व्हिस: तुमचा Rs.300 चा रिफंड प्रलंबित आहे, दावा करण्यासाठी क्लिक करा: http://lucky-winner-alert.co/txjox",yes,No,No
spam,"Vi फ्लॅश सेल: सर्व काही 90% सूट, फक्त काही पीसेस शिल्लक! आत्ताच ऑर्डर करण्यासाठी BUY रिप्लाय करा.",No,No,No
spam,तुम्ही Axis Bank च्या अ‍ॅनिव्हर्सरी कॉन्टेस्टचे लकी विनर आहात. Rs.250 चे बक्षीस मिळवण्यासाठी तुमची बँक माहिती शेअर करा.,No,No,No
spam,CRED आज 100 लकी कस्टमर्सना फ्री स्मार्टफोन देत आहे. तुमचे मिळवण्यासाठी लगेच कॉल करा 7075354817.,No,No,yes
spam,Uber लकी ड्रॉ: तुम्ही एक फ्री गिफ्ट हॅम्पर जिंकला आहे! एक्सपायर होण्यापूर्वी आत्ताच कॉल करा 6205729944.,No,No,yes
spam,तुम्ही HDFC Bank च्या अ‍ॅनिव्हर्सरी कॉन्टेस्टचे लकी विनर आहात. Rs.100 चे बक्षीस मिळवण्यासाठी तुमची बँक माहिती शेअर करा.,No,No,No
spam,Domino's लकी ड्रॉ: तुम्ही एक फ्री स्मार्टफोन जिंकला आहे! एक्सपायर होण्यापूर्वी आत्ताच कॉल करा 7686199186.,No,No,yes
spam,Airtel आज 100 लकी कस्टमर्सना फ्री शॉपिंग व्हाउचर देत आहे. तुमचे मिळवण्यासाठी लगेच कॉल करा 7375660398.,No,No,yes
spam,"boAt फ्लॅश सेल: सर्व काही 90% सूट, फक्त काही पीसेस शिल्लक! आत्ताच ऑर्डर करण्यासाठी BUY रिप्लाय करा.",No,No,No
spam,Zepto आज 100 लकी कस्टमर्सना फ्री सोन्याचे नाणे देत आहे. तुमचे मिळवण्यासाठी लगेच कॉल करा 8662416957.,No,No,yes
spam,"HDFC Bank कस्टमर सर्व्हिस: तुमचा Rs.250 चा रिफंड प्रलंबित आहे, दावा करण्यासाठी क्लिक करा: http://gift-redeem-now.co.in/2tlg5",yes,No,No
spam,Meesho लकी ड्रॉ: तुम्ही एक फ्री शॉपिंग व्हाउचर जिंकला आहे! एक्सपायर होण्यापूर्वी आत्ताच कॉल करा 9873256331.,No,No,yes
spam,Netflix लकी ड्रॉ: तुम्ही एक फ्री गिफ्ट हॅम्पर जिंकला आहे! एक्सपायर होण्यापूर्वी आत्ताच कॉल करा 7974545952.,No,No,yes
spam,अभिनंदन! तुमचे Lenskart खाते एका फ्री गिफ्ट हॅम्पर (Rs.150) साठी निवडले गेले आहे. आत्ताच दावा करा: http://lucky-winner-alert.co/xhvod,yes,No,No
spam,CRED आज 100 लकी कस्टमर्सना फ्री शॉपिंग व्हाउचर देत आहे. तुमचे मिळवण्यासाठी लगेच कॉल करा 8153364559.,No,No,yes
spam,अभिनंदन! तुमचे cult.fit खाते एका फ्री स्मार्टफोन (Rs.200) साठी निवडले गेले आहे. आत्ताच दावा करा: http://offer4u-claim.online/byml6,yes,No,No
spam,तुम्ही BigBasket च्या अ‍ॅनिव्हर्सरी कॉन्टेस्टचे लकी विनर आहात. Rs.500 चे बक्षीस मिळवण्यासाठी तुमची बँक माहिती शेअर करा.,No,No,No
spam,Spotify आज 100 लकी कस्टमर्सना फ्री स्मार्टवॉच देत आहे. तुमचे मिळवण्यासाठी लगेच कॉल करा 6910314143.,No,No,yes
spam,अभिनंदन! तुमचे PhonePe खाते एका फ्री शॉपिंग व्हाउचर (Rs.200) साठी निवडले गेले आहे. आत्ताच दावा करा: http://gift-redeem-now.co.in/5yczt,yes,No,No
spam,Vi लकी ड्रॉ: तुम्ही एक फ्री स्मार्टफोन जिंकला आहे! एक्सपायर होण्यापूर्वी आत्ताच कॉल करा 6828591603.,No,No,yes
spam,अभिनंदन! तुमचे Decathlon खाते एका फ्री स्मार्टफोन (Rs.500) साठी निवडले गेले आहे. आत्ताच दावा करा: http://reward-claim24.xyz/b62ky,yes,No,No
spam,Jio आज 100 लकी कस्टमर्सना फ्री स्मार्टवॉच देत आहे. तुमचे मिळवण्यासाठी लगेच कॉल करा 8380859529.,No,No,yes
spam,"IndiGo कस्टमर सर्व्हिस: तुमचा Rs.150 चा रिफंड प्रलंबित आहे, दावा करण्यासाठी क्लिक करा: http://prize-verify.info/fzw10",yes,No,No
spam,Meesho लकी ड्रॉ: तुम्ही एक फ्री गिफ्ट हॅम्पर जिंकला आहे! एक्सपायर होण्यापूर्वी आत्ताच कॉल करा 8845795431.,No,No,yes
spam,Ola आज 100 लकी कस्टमर्सना फ्री शॉपिंग व्हाउचर देत आहे. तुमचे मिळवण्यासाठी लगेच कॉल करा 8882645638.,No,No,yes
spam,IndiGo आज 100 लकी कस्टमर्सना फ्री स्मार्टवॉच देत आहे. तुमचे मिळवण्यासाठी लगेच कॉल करा 9604276319.,No,No,yes
spam,तुम्ही Netflix च्या अ‍ॅनिव्हर्सरी कॉन्टेस्टचे लकी विनर आहात. Rs.300 चे बक्षीस मिळवण्यासाठी तुमची बँक माहिती शेअर करा.,No,No,No
spam,PharmEasy आज 100 लकी कस्टमर्सना फ्री गिफ्ट हॅम्पर देत आहे. तुमचे मिळवण्यासाठी लगेच कॉल करा 8068417486.,No,No,yes
spam,अभिनंदन! तुमचे cult.fit खाते एका फ्री गिफ्ट हॅम्पर (Rs.100) साठी निवडले गेले आहे. आत्ताच दावा करा: http://lucky-winner-alert.co/a7iaj,yes,No,No
spam,PharmEasy आज 100 लकी कस्टमर्सना फ्री गिफ्ट हॅम्पर देत आहे. तुमचे मिळवण्यासाठी लगेच कॉल करा 8615847483.,No,No,yes
spam,"Jio फ्लॅश सेल: सर्व काही 90% सूट, फक्त काही पीसेस शिल्लक! आत्ताच ऑर्डर करण्यासाठी BUY रिप्लाय करा.",No,No,No
spam,"Lenskart फ्लॅश सेल: सर्व काही 90% सूट, फक्त काही पीसेस शिल्लक! आत्ताच ऑर्डर करण्यासाठी BUY रिप्लाय करा.",No,No,No
spam,cult.fit आज 100 लकी कस्टमर्सना फ्री शॉपिंग व्हाउचर देत आहे. तुमचे मिळवण्यासाठी लगेच कॉल करा 6311829622.,No,No,yes
spam,अभिनंदन! तुमचे IndiGo खाते एका फ्री गिफ्ट हॅम्पर (Rs.250) साठी निवडले गेले आहे. आत्ताच दावा करा: http://bonus-cashout.xyz/rete6,yes,No,No
spam,Jio आज 100 लकी कस्टमर्सना फ्री शॉपिंग व्हाउचर देत आहे. तुमचे मिळवण्यासाठी लगेच कॉल करा 7967309495.,No,No,yes
spam,"Ola फ्लॅश सेल: सर्व काही 90% सूट, फक्त काही पीसेस शिल्लक! आत्ताच ऑर्डर करण्यासाठी BUY रिप्लाय करा.",No,No,No
spam,"Swiggy कस्टमर सर्व्हिस: तुमचा Rs.100 चा रिफंड प्रलंबित आहे, दावा करण्यासाठी क्लिक करा: http://bonus-cashout.xyz/oygob",yes,No,No
spam,तुम्ही Blinkit च्या अ‍ॅनिव्हर्सरी कॉन्टेस्टचे लकी विनर आहात. Rs.150 चे बक्षीस मिळवण्यासाठी तुमची बँक माहिती शेअर करा.,No,No,No
spam,Tanishq आज 100 लकी कस्टमर्सना फ्री स्मार्टवॉच देत आहे. तुमचे मिळवण्यासाठी लगेच कॉल करा 6732188850.,No,No,yes
spam,SBI Card लकी ड्रॉ: तुम्ही एक फ्री शॉपिंग व्हाउचर जिंकला आहे! एक्सपायर होण्यापूर्वी आत्ताच कॉल करा 9692179801.,No,No,yes
spam,"Nykaa कस्टमर सर्व्हिस: तुमचा Rs.150 चा रिफंड प्रलंबित आहे, दावा करण्यासाठी क्लिक करा: http://bonus-cashout.xyz/yqmym",yes,No,No
spam,तुम्ही BigBasket च्या अ‍ॅनिव्हर्सरी कॉन्टेस्टचे लकी विनर आहात. Rs.150 चे बक्षीस मिळवण्यासाठी तुमची बँक माहिती शेअर करा.,No,No,No
spam,Flipkart लकी ड्रॉ: तुम्ही एक फ्री स्मार्टवॉच जिंकला आहे! एक्सपायर होण्यापूर्वी आत्ताच कॉल करा 8690061822.,No,No,yes
spam,अभिनंदन! तुमचे Blinkit खाते एका फ्री स्मार्टवॉच (Rs.50) साठी निवडले गेले आहे. आत्ताच दावा करा: http://reward-claim24.xyz/9qz0u,yes,No,No
spam,अभिनंदन! तुमचे PhonePe खाते एका फ्री स्मार्टवॉच (Rs.250) साठी निवडले गेले आहे. आत्ताच दावा करा: http://bonus-cashout.xyz/5zwk5,yes,No,No
spam,अभिनंदन! तुमचे ICICI Bank खाते एका फ्री गिफ्ट हॅम्पर (Rs.150) साठी निवडले गेले आहे. आत्ताच दावा करा: http://gift-redeem-now.co.in/co8rn,yes,No,No
spam,Vi आज 100 लकी कस्टमर्सना फ्री स्मार्टवॉच देत आहे. तुमचे मिळवण्यासाठी लगेच कॉल करा 7522720962.,No,No,yes
spam,अभिनंदन! तुमचे Disney+ Hotstar खाते एका फ्री गिफ्ट हॅम्पर (Rs.300) साठी निवडले गेले आहे. आत्ताच दावा करा: http://lucky-winner-alert.co/q0jnk,yes,No,No
spam,अभिनंदन! तुमचे BigBasket खाते एका फ्री गिफ्ट हॅम्पर (Rs.50) साठी निवडले गेले आहे. आत्ताच दावा करा: http://offer4u-claim.online/9fhpp,yes,No,No
spam,Pepperfry लकी ड्रॉ: तुम्ही एक फ्री स्मार्टफोन जिंकला आहे! एक्सपायर होण्यापूर्वी आत्ताच कॉल करा 9574367594.,No,No,yes
spam,तुम्ही Axis Bank च्या अ‍ॅनिव्हर्सरी कॉन्टेस्टचे लकी विनर आहात. Rs.100 चे बक्षीस मिळवण्यासाठी तुमची बँक माहिती शेअर करा.,No,No,No
spam,अभिनंदन! तुमचे Disney+ Hotstar खाते एका फ्री शॉपिंग व्हाउचर (Rs.150) साठी निवडले गेले आहे. आत्ताच दावा करा: http://gift-redeem-now.co.in/qcfgz,yes,No,No
spam,boAt लकी ड्रॉ: तुम्ही एक फ्री सोन्याचे नाणे जिंकला आहे! एक्सपायर होण्यापूर्वी आत्ताच कॉल करा 9883764728.,No,No,yes
spam,IndiGo आज 100 लकी कस्टमर्सना फ्री शॉपिंग व्हाउचर देत आहे. तुमचे मिळवण्यासाठी लगेच कॉल करा 6106215479.,No,No,yes
spam,"redBus कस्टमर सर्व्हिस: तुमचा Rs.200 चा रिफंड प्रलंबित आहे, दावा करण्यासाठी क्लिक करा: http://offer4u-claim.online/qfiur",yes,No,No
spam,अभिनंदन! तुमचे MakeMyTrip खाते एका फ्री सोन्याचे नाणे (Rs.100) साठी निवडले गेले आहे. आत्ताच दावा करा: http://bonus-cashout.xyz/9ig61,yes,No,No
spam,अभिनंदन! तुमचे Ola खाते एका फ्री गिफ्ट हॅम्पर (Rs.300) साठी निवडले गेले आहे. आत्ताच दावा करा: http://offer4u-claim.online/2dp2e,yes,No,No
spam,"PharmEasy कस्टमर सर्व्हिस: तुमचा Rs.100 चा रिफंड प्रलंबित आहे, दावा करण्यासाठी क्लिक करा: http://gift-redeem-now.co.in/xlb0y",yes,No,No
spam,अभिनंदन! तुमचे Blinkit खाते एका फ्री स्मार्टवॉच (Rs.300) साठी निवडले गेले आहे. आत्ताच दावा करा: http://reward-claim24.xyz/cphwv,yes,No,No
spam,अभिनंदन! तुमचे SBI Card खाते एका फ्री गिफ्ट हॅम्पर (Rs.300) साठी निवडले गेले आहे. आत्ताच दावा करा: http://gift-redeem-now.co.in/x744r,yes,No,No
spam,अभिनंदन! तुमचे Vi खाते एका फ्री गिफ्ट हॅम्पर (Rs.250) साठी निवडले गेले आहे. आत्ताच दावा करा: http://gift-redeem-now.co.in/bkoqo,yes,No,No
spam,"Goibibo कस्टमर सर्व्हिस: तुमचा Rs.500 चा रिफंड प्रलंबित आहे, दावा करण्यासाठी क्लिक करा: http://lucky-winner-alert.co/rt09z",yes,No,No
spam,अभिनंदन! तुमचे boAt खाते एका फ्री स्मार्टवॉच (Rs.250) साठी निवडले गेले आहे. आत्ताच दावा करा: http://bonus-cashout.xyz/eescj,yes,No,No
spam,Netflix लकी ड्रॉ: तुम्ही एक फ्री स्मार्टवॉच जिंकला आहे! एक्सपायर होण्यापूर्वी आत्ताच कॉल करा 6610642671.,No,No,yes
spam,अभिनंदन! तुमचे Swiggy खाते एका फ्री शॉपिंग व्हाउचर (Rs.300) साठी निवडले गेले आहे. आत्ताच दावा करा: http://prize-verify.info/0679v,yes,No,No
spam,अभिनंदन! तुमचे Pepperfry खाते एका फ्री स्मार्टफोन (Rs.150) साठी निवडले गेले आहे. आत्ताच दावा करा: http://lucky-winner-alert.co/0xdo9,yes,No,No
spam,"BYJU'S कस्टमर सर्व्हिस: तुमचा Rs.250 चा रिफंड प्रलंबित आहे, दावा करण्यासाठी क्लिक करा: http://reward-claim24.xyz/sdfou",yes,No,No
spam,अभिनंदन! तुमचे Vi खाते एका फ्री गिफ्ट हॅम्पर (Rs.250) साठी निवडले गेले आहे. आत्ताच दावा करा: http://bonus-cashout.xyz/6dpdq,yes,No,No
spam,boAt आज 100 लकी कस्टमर्सना फ्री गिफ्ट हॅम्पर देत आहे. तुमचे मिळवण्यासाठी लगेच कॉल करा 8991002480.,No,No,yes
spam,"boAt कस्टमर सर्व्हिस: तुमचा Rs.300 चा रिफंड प्रलंबित आहे, दावा करण्यासाठी क्लिक करा: http://reward-claim24.xyz/02mzn",yes,No,No
spam,"Ajio कस्टमर सर्व्हिस: तुमचा Rs.250 चा रिफंड प्रलंबित आहे, दावा करण्यासाठी क्लिक करा: http://reward-claim24.xyz/jc10o",yes,No,No
spam,cult.fit लकी ड्रॉ: तुम्ही एक फ्री गिफ्ट हॅम्पर जिंकला आहे! एक्सपायर होण्यापूर्वी आत्ताच कॉल करा 7576122765.,No,No,yes
spam,अभिनंदन! तुमचे Zepto खाते एका फ्री स्मार्टवॉच (Rs.200) साठी निवडले गेले आहे. आत्ताच दावा करा: http://reward-claim24.xyz/q7h88,yes,No,No
spam,तुम्ही Meesho च्या अ‍ॅनिव्हर्सरी कॉन्टेस्टचे लकी विनर आहात. Rs.50 चे बक्षीस मिळवण्यासाठी तुमची बँक माहिती शेअर करा.,No,No,No
spam,"Myntra फ्लॅश सेल: सर्व काही 90% सूट, फक्त काही पीसेस शिल्लक! आत्ताच ऑर्डर करण्यासाठी BUY रिप्लाय करा.",No,No,No
spam,"boAt कस्टमर सर्व्हिस: तुमचा Rs.500 चा रिफंड प्रलंबित आहे, दावा करण्यासाठी क्लिक करा: http://gift-redeem-now.co.in/0perw",yes,No,No
spam,"Domino's कस्टमर सर्व्हिस: तुमचा Rs.300 चा रिफंड प्रलंबित आहे, दावा करण्यासाठी क्लिक करा: http://offer4u-claim.online/d0n9z",yes,No,No
spam,तुम्ही Axis Bank च्या अ‍ॅनिव्हर्सरी कॉन्टेस्टचे लकी विनर आहात. Rs.50 चे बक्षीस मिळवण्यासाठी तुमची बँक माहिती शेअर करा.,No,No,No
spam,अभिनंदन! तुमचे Goibibo खाते एका फ्री स्मार्टफोन (Rs.200) साठी निवडले गेले आहे. आत्ताच दावा करा: http://offer4u-claim.online/zhx9a,yes,No,No
spam,Blinkit आज 100 लकी कस्टमर्सना फ्री स्मार्टफोन देत आहे. तुमचे मिळवण्यासाठी लगेच कॉल करा 6053044604.,No,No,yes
spam,Jio लकी ड्रॉ: तुम्ही एक फ्री शॉपिंग व्हाउचर जिंकला आहे! एक्सपायर होण्यापूर्वी आत्ताच कॉल करा 7523525678.,No,No,yes
spam,तुम्ही Axis Bank च्या अ‍ॅनिव्हर्सरी कॉन्टेस्टचे लकी विनर आहात. Rs.150 चे बक्षीस मिळवण्यासाठी तुमची बँक माहिती शेअर करा.,No,No,No
spam,Paytm लकी ड्रॉ: तुम्ही एक फ्री स्मार्टफोन जिंकला आहे! एक्सपायर होण्यापूर्वी आत्ताच कॉल करा 7253548467.,No,No,yes
spam,"Netflix कस्टमर सर्व्हिस: तुमचा Rs.50 चा रिफंड प्रलंबित आहे, दावा करण्यासाठी क्लिक करा: http://offer4u-claim.online/t745i",yes,No,No
spam,अभिनंदन! तुमचे Tanishq खाते एका फ्री स्मार्टवॉच (Rs.250) साठी निवडले गेले आहे. आत्ताच दावा करा: http://reward-claim24.xyz/1o3bt,yes,No,No
spam,अभिनंदन! तुमचे Blinkit खाते एका फ्री स्मार्टफोन (Rs.200) साठी निवडले गेले आहे. आत्ताच दावा करा: http://offer4u-claim.online/nyog2,yes,No,No
spam,1mg लकी ड्रॉ: तुम्ही एक फ्री गिफ्ट हॅम्पर जिंकला आहे! एक्सपायर होण्यापूर्वी आत्ताच कॉल करा 8482598163.,No,No,yes
spam,Blinkit लकी ड्रॉ: तुम्ही एक फ्री सोन्याचे नाणे जिंकला आहे! एक्सपायर होण्यापूर्वी आत्ताच कॉल करा 9352768189.,No,No,yes
spam,अभिनंदन! तुमचे BigBasket खाते एका फ्री स्मार्टफोन (Rs.50) साठी निवडले गेले आहे. आत्ताच दावा करा: http://bonus-cashout.xyz/q4aeu,yes,No,No
spam,Flipkart आज 100 लकी कस्टमर्सना फ्री गिफ्ट हॅम्पर देत आहे. तुमचे मिळवण्यासाठी लगेच कॉल करा 6586378817.,No,No,yes
spam,Paytm आज 100 लकी कस्टमर्सना फ्री शॉपिंग व्हाउचर देत आहे. तुमचे मिळवण्यासाठी लगेच कॉल करा 7476259259.,No,No,yes
spam,अभिनंदन! तुमचे Airtel खाते एका फ्री शॉपिंग व्हाउचर (Rs.50) साठी निवडले गेले आहे. आत्ताच दावा करा: http://gift-redeem-now.co.in/5hf1l,yes,No,No
spam,"Flipkart कस्टमर सर्व्हिस: तुमचा Rs.100 चा रिफंड प्रलंबित आहे, दावा करण्यासाठी क्लिक करा: http://lucky-winner-alert.co/vnt8i",yes,No,No
spam,"Paytm कस्टमर सर्व्हिस: तुमचा Rs.500 चा रिफंड प्रलंबित आहे, दावा करण्यासाठी क्लिक करा: http://bonus-cashout.xyz/gfe1a",yes,No,No
spam,Policybazaar लकी ड्रॉ: तुम्ही एक फ्री गिफ्ट हॅम्पर जिंकला आहे! एक्सपायर होण्यापूर्वी आत्ताच कॉल करा 6928745607.,No,No,yes
spam,MakeMyTrip लकी ड्रॉ: तुम्ही एक फ्री सोन्याचे नाणे जिंकला आहे! एक्सपायर होण्यापूर्वी आत्ताच कॉल करा 9179381714.,No,No,yes
spam,"Decathlon फ्लॅश सेल: सर्व काही 90% सूट, फक्त काही पीसेस शिल्लक! आत्ताच ऑर्डर करण्यासाठी BUY रिप्लाय करा.",No,No,No
spam,"HDFC Bank कस्टमर सर्व्हिस: तुमचा Rs.500 चा रिफंड प्रलंबित आहे, दावा करण्यासाठी क्लिक करा: http://gift-redeem-now.co.in/v6ygx",yes,No,No
spam,Tanishq आज 100 लकी कस्टमर्सना फ्री स्मार्टवॉच देत आहे. तुमचे मिळवण्यासाठी लगेच कॉल करा 8117389690.,No,No,yes
spam,Domino's आज 100 लकी कस्टमर्सना फ्री सोन्याचे नाणे देत आहे. तुमचे मिळवण्यासाठी लगेच कॉल करा 7252038165.,No,No,yes
spam,Pepperfry लकी ड्रॉ: तुम्ही एक फ्री स्मार्टफोन जिंकला आहे! एक्सपायर होण्यापूर्वी आत्ताच कॉल करा 6366691738.,No,No,yes
spam,cult.fit आज 100 लकी कस्टमर्सना फ्री स्मार्टवॉच देत आहे. तुमचे मिळवण्यासाठी लगेच कॉल करा 9669476555.,No,No,yes
spam,अभिनंदन! तुमचे SBI Card खाते एका फ्री शॉपिंग व्हाउचर (Rs.300) साठी निवडले गेले आहे. आत्ताच दावा करा: http://gift-redeem-now.co.in/s4u1e,yes,No,No
spam,Flipkart आज 100 लकी कस्टमर्सना फ्री स्मार्टवॉच देत आहे. तुमचे मिळवण्यासाठी लगेच कॉल करा 7260090186.,No,No,yes
spam,अभिनंदन! तुमचे Pepperfry खाते एका फ्री गिफ्ट हॅम्पर (Rs.300) साठी निवडले गेले आहे. आत्ताच दावा करा: http://lucky-winner-alert.co/v82wx,yes,No,No
spam,अभिनंदन! तुमचे Flipkart खाते एका फ्री स्मार्टफोन (Rs.100) साठी निवडले गेले आहे. आत्ताच दावा करा: http://prize-verify.info/euz8z,yes,No,No
spam,Disney+ Hotstar आज 100 लकी कस्टमर्सना फ्री स्मार्टफोन देत आहे. तुमचे मिळवण्यासाठी लगेच कॉल करा 7426916041.,No,No,yes
spam,"cult.fit कस्टमर सर्व्हिस: तुमचा Rs.50 चा रिफंड प्रलंबित आहे, दावा करण्यासाठी क्लिक करा: http://reward-claim24.xyz/xrut9",yes,No,No
spam,"HDFC Bank कस्टमर सर्व्हिस: तुमचा Rs.50 चा रिफंड प्रलंबित आहे, दावा करण्यासाठी क्लिक करा: http://lucky-winner-alert.co/mgxuq",yes,No,No
spam,Disney+ Hotstar आज 100 लकी कस्टमर्सना फ्री सोन्याचे नाणे देत आहे. तुमचे मिळवण्यासाठी लगेच कॉल करा 8670534390.,No,No,yes
spam,HDFC Bank आज 100 लकी कस्टमर्सना फ्री स्मार्टवॉच देत आहे. तुमचे मिळवण्यासाठी लगेच कॉल करा 7165416999.,No,No,yes
spam,Myntra आज 100 लकी कस्टमर्सना फ्री गिफ्ट हॅम्पर देत आहे. तुमचे मिळवण्यासाठी लगेच कॉल करा 7355379702.,No,No,yes
spam,CRED आज 100 लकी कस्टमर्सना फ्री गिफ्ट हॅम्पर देत आहे. तुमचे मिळवण्यासाठी लगेच कॉल करा 7143614491.,No,No,yes
spam,तुम्ही Tanishq च्या अ‍ॅनिव्हर्सरी कॉन्टेस्टचे लकी विनर आहात. Rs.150 चे बक्षीस मिळवण्यासाठी तुमची बँक माहिती शेअर करा.,No,No,No
spam,Airtel लकी ड्रॉ: तुम्ही एक फ्री गिफ्ट हॅम्पर जिंकला आहे! एक्सपायर होण्यापूर्वी आत्ताच कॉल करा 6180611178.,No,No,yes
spam,तुम्ही Swiggy च्या अ‍ॅनिव्हर्सरी कॉन्टेस्टचे लकी विनर आहात. Rs.300 चे बक्षीस मिळवण्यासाठी तुमची बँक माहिती शेअर करा.,No,No,No
spam,Axis Bank लकी ड्रॉ: तुम्ही एक फ्री स्मार्टफोन जिंकला आहे! एक्सपायर होण्यापूर्वी आत्ताच कॉल करा 6466364257.,No,No,yes
spam,Decathlon आज 100 लकी कस्टमर्सना फ्री सोन्याचे नाणे देत आहे. तुमचे मिळवण्यासाठी लगेच कॉल करा 9272448803.,No,No,yes
spam,तुम्ही Pepperfry च्या अ‍ॅनिव्हर्सरी कॉन्टेस्टचे लकी विनर आहात. Rs.500 चे बक्षीस मिळवण्यासाठी तुमची बँक माहिती शेअर करा.,No,No,No
spam,MakeMyTrip आज 100 लकी कस्टमर्सना फ्री स्मार्टफोन देत आहे. तुमचे मिळवण्यासाठी लगेच कॉल करा 8184315793.,No,No,yes
spam,अभिनंदन! तुमचे Jio खाते एका फ्री स्मार्टफोन (Rs.300) साठी निवडले गेले आहे. आत्ताच दावा करा: http://reward-claim24.xyz/5ysr1,yes,No,No
spam,"cult.fit कस्टमर सर्व्हिस: तुमचा Rs.50 चा रिफंड प्रलंबित आहे, दावा करण्यासाठी क्लिक करा: http://prize-verify.info/iwlxm",yes,No,No
spam,"Swiggy कस्टमर सर्व्हिस: तुमचा Rs.500 चा रिफंड प्रलंबित आहे, दावा करण्यासाठी क्लिक करा: http://gift-redeem-now.co.in/w8diq",yes,No,No
spam,अभिनंदन! तुमचे Policybazaar खाते एका फ्री शॉपिंग व्हाउचर (Rs.250) साठी निवडले गेले आहे. आत्ताच दावा करा: http://lucky-winner-alert.co/gbvmf,yes,No,No
spam,"MakeMyTrip फ्लॅश सेल: सर्व काही 90% सूट, फक्त काही पीसेस शिल्लक! आत्ताच ऑर्डर करण्यासाठी BUY रिप्लाय करा.",No,No,No
spam,"boAt कस्टमर सर्व्हिस: तुमचा Rs.500 चा रिफंड प्रलंबित आहे, दावा करण्यासाठी क्लिक करा: http://lucky-winner-alert.co/06ve7",yes,No,No
spam,तुम्ही Amazon Prime Video च्या अ‍ॅनिव्हर्सरी कॉन्टेस्टचे लकी विनर आहात. Rs.200 चे बक्षीस मिळवण्यासाठी तुमची बँक माहिती शेअर करा.,No,No,No
spam,"Zepto फ्लॅश सेल: सर्व काही 90% सूट, फक्त काही पीसेस शिल्लक! आत्ताच ऑर्डर करण्यासाठी BUY रिप्लाय करा.",No,No,No
spam,Titan आज 100 लकी कस्टमर्सना फ्री शॉपिंग व्हाउचर देत आहे. तुमचे मिळवण्यासाठी लगेच कॉल करा 7820085867.,No,No,yes
spam,Jio आज 100 लकी कस्टमर्सना फ्री स्मार्टवॉच देत आहे. तुमचे मिळवण्यासाठी लगेच कॉल करा 7740726911.,No,No,yes
spam,Policybazaar लकी ड्रॉ: तुम्ही एक फ्री गिफ्ट हॅम्पर जिंकला आहे! एक्सपायर होण्यापूर्वी आत्ताच कॉल करा 6664155727.,No,No,yes
spam,अभिनंदन! तुमचे IRCTC खाते एका फ्री स्मार्टवॉच (Rs.200) साठी निवडले गेले आहे. आत्ताच दावा करा: http://bonus-cashout.xyz/2806v,yes,No,No
spam,BigBasket आज 100 लकी कस्टमर्सना फ्री सोन्याचे नाणे देत आहे. तुमचे मिळवण्यासाठी लगेच कॉल करा 9890721999.,No,No,yes
spam,"cult.fit कस्टमर सर्व्हिस: तुमचा Rs.150 चा रिफंड प्रलंबित आहे, दावा करण्यासाठी क्लिक करा: http://lucky-winner-alert.co/44zpo",yes,No,No
spam,तुम्ही Amazon च्या अ‍ॅनिव्हर्सरी कॉन्टेस्टचे लकी विनर आहात. Rs.500 चे बक्षीस मिळवण्यासाठी तुमची बँक माहिती शेअर करा.,No,No,No
spam,अभिनंदन! तुमचे SBI Card खाते एका फ्री गिफ्ट हॅम्पर (Rs.300) साठी निवडले गेले आहे. आत्ताच दावा करा: http://prize-verify.info/7s5pa,yes,No,No
spam,तुम्ही boAt च्या अ‍ॅनिव्हर्सरी कॉन्टेस्टचे लकी विनर आहात. Rs.300 चे बक्षीस मिळवण्यासाठी तुमची बँक माहिती शेअर करा.,No,No,No
spam,Zepto लकी ड्रॉ: तुम्ही एक फ्री शॉपिंग व्हाउचर जिंकला आहे! एक्सपायर होण्यापूर्वी आत्ताच कॉल करा 9617891810.,No,No,yes
spam,अभिनंदन! तुमचे Decathlon खाते एका फ्री सोन्याचे नाणे (Rs.50) साठी निवडले गेले आहे. आत्ताच दावा करा: http://gift-redeem-now.co.in/wnie5,yes,No,No
spam,Pepperfry लकी ड्रॉ: तुम्ही एक फ्री स्मार्टवॉच जिंकला आहे! एक्सपायर होण्यापूर्वी आत्ताच कॉल करा 6045590250.,No,No,yes
spam,"BigBasket कस्टमर सर्व्हिस: तुमचा Rs.500 चा रिफंड प्रलंबित आहे, दावा करण्यासाठी क्लिक करा: http://reward-claim24.xyz/4hg2v",yes,No,No
spam,Zepto लकी ड्रॉ: तुम्ही एक फ्री स्मार्टवॉच जिंकला आहे! एक्सपायर होण्यापूर्वी आत्ताच कॉल करा 6847236654.,No,No,yes
spam,"Zomato कस्टमर सर्व्हिस: तुमचा Rs.150 चा रिफंड प्रलंबित आहे, दावा करण्यासाठी क्लिक करा: http://gift-redeem-now.co.in/gbhc3",yes,No,No
spam,IndiGo लकी ड्रॉ: तुम्ही एक फ्री गिफ्ट हॅम्पर जिंकला आहे! एक्सपायर होण्यापूर्वी आत्ताच कॉल करा 7059682753.,No,No,yes
spam,PhonePe लकी ड्रॉ: तुम्ही एक फ्री सोन्याचे नाणे जिंकला आहे! एक्सपायर होण्यापूर्वी आत्ताच कॉल करा 9285321398.,No,No,yes
spam,"Ajio फ्लॅश सेल: सर्व काही 90% सूट, फक्त काही पीसेस शिल्लक! आत्ताच ऑर्डर करण्यासाठी BUY रिप्लाय करा.",No,No,No
spam,Ola आज 100 लकी कस्टमर्सना फ्री स्मार्टवॉच देत आहे. तुमचे मिळवण्यासाठी लगेच कॉल करा 7818243517.,No,No,yes
spam,अभिनंदन! तुमचे Ola खाते एका फ्री सोन्याचे नाणे (Rs.50) साठी निवडले गेले आहे. आत्ताच दावा करा: http://reward-claim24.xyz/1hy65,yes,No,No
spam,तुम्ही Domino's च्या अ‍ॅनिव्हर्सरी कॉन्टेस्टचे लकी विनर आहात. Rs.100 चे बक्षीस मिळवण्यासाठी तुमची बँक माहिती शेअर करा.,No,No,No
spam,"ICICI Bank कस्टमर सर्व्हिस: तुमचा Rs.100 चा रिफंड प्रलंबित आहे, दावा करण्यासाठी क्लिक करा: http://bonus-cashout.xyz/0rjz3",yes,No,No
spam,अभिनंदन! तुमचे Amazon Prime Video खाते एका फ्री स्मार्टफोन (Rs.500) साठी निवडले गेले आहे. आत्ताच दावा करा: http://bonus-cashout.xyz/u10iw,yes,No,No
spam,तुम्ही 1mg च्या अ‍ॅनिव्हर्सरी कॉन्टेस्टचे लकी विनर आहात. Rs.250 चे बक्षीस मिळवण्यासाठी तुमची बँक माहिती शेअर करा.,No,No,No
spam,अभिनंदन! तुमचे MakeMyTrip खाते एका फ्री गिफ्ट हॅम्पर (Rs.100) साठी निवडले गेले आहे. आत्ताच दावा करा: http://offer4u-claim.online/18r5i,yes,No,No
spam,"CRED कस्टमर सर्व्हिस: तुमचा Rs.500 चा रिफंड प्रलंबित आहे, दावा करण्यासाठी क्लिक करा: http://bonus-cashout.xyz/fcgm5",yes,No,No
spam,PharmEasy लकी ड्रॉ: तुम्ही एक फ्री सोन्याचे नाणे जिंकला आहे! एक्सपायर होण्यापूर्वी आत्ताच कॉल करा 7148046607.,No,No,yes
spam,BookMyShow लकी ड्रॉ: तुम्ही एक फ्री सोन्याचे नाणे जिंकला आहे! एक्सपायर होण्यापूर्वी आत्ताच कॉल करा 8840834688.,No,No,yes
spam,"BigBasket कस्टमर सर्व्हिस: तुमचा Rs.300 चा रिफंड प्रलंबित आहे, दावा करण्यासाठी क्लिक करा: http://prize-verify.info/tyfqr",yes,No,No
spam,तुम्ही Pepperfry च्या अ‍ॅनिव्हर्सरी कॉन्टेस्टचे लकी विनर आहात. Rs.250 चे बक्षीस मिळवण्यासाठी तुमची बँक माहिती शेअर करा.,No,No,No
spam,"Blinkit कस्टमर सर्व्हिस: तुमचा Rs.50 चा रिफंड प्रलंबित आहे, दावा करण्यासाठी क्लिक करा: http://bonus-cashout.xyz/0kdv6",yes,No,No
spam,Meesho आज 100 लकी कस्टमर्सना फ्री शॉपिंग व्हाउचर देत आहे. तुमचे मिळवण्यासाठी लगेच कॉल करा 8917866644.,No,No,yes
spam,Domino's लकी ड्रॉ: तुम्ही एक फ्री सोन्याचे नाणे जिंकला आहे! एक्सपायर होण्यापूर्वी आत्ताच कॉल करा 9633274086.,No,No,yes
spam,तुम्ही Swiggy च्या अ‍ॅनिव्हर्सरी कॉन्टेस्टचे लकी विनर आहात. Rs.250 चे बक्षीस मिळवण्यासाठी तुमची बँक माहिती शेअर करा.,No,No,No
spam,Ola लकी ड्रॉ: तुम्ही एक फ्री सोन्याचे नाणे जिंकला आहे! एक्सपायर होण्यापूर्वी आत्ताच कॉल करा 6724673574.,No,No,yes
spam,अभिनंदन! तुमचे Vi खाते एका फ्री स्मार्टफोन (Rs.500) साठी निवडले गेले आहे. आत्ताच दावा करा: http://offer4u-claim.online/sxnk8,yes,No,No
spam,Uber लकी ड्रॉ: तुम्ही एक फ्री स्मार्टवॉच जिंकला आहे! एक्सपायर होण्यापूर्वी आत्ताच कॉल करा 7678054103.,No,No,yes
spam,Goibibo लकी ड्रॉ: तुम्ही एक फ्री स्मार्टवॉच जिंकला आहे! एक्सपायर होण्यापूर्वी आत्ताच कॉल करा 7660750230.,No,No,yes
spam,अभिनंदन! तुमचे ICICI Bank खाते एका फ्री सोन्याचे नाणे (Rs.100) साठी निवडले गेले आहे. आत्ताच दावा करा: http://gift-redeem-now.co.in/fkfs7,yes,No,No
spam,Myntra आज 100 लकी कस्टमर्सना फ्री स्मार्टफोन देत आहे. तुमचे मिळवण्यासाठी लगेच कॉल करा 9640859336.,No,No,yes
spam,MakeMyTrip आज 100 लकी कस्टमर्सना फ्री स्मार्टफोन देत आहे. तुमचे मिळवण्यासाठी लगेच कॉल करा 7085028005.,No,No,yes
spam,Decathlon आज 100 लकी कस्टमर्सना फ्री गिफ्ट हॅम्पर देत आहे. तुमचे मिळवण्यासाठी लगेच कॉल करा 9612990301.,No,No,yes
spam,अभिनंदन! तुमचे Decathlon खाते एका फ्री स्मार्टफोन (Rs.50) साठी निवडले गेले आहे. आत्ताच दावा करा: http://lucky-winner-alert.co/dtab2,yes,No,No
spam,तुम्ही BigBasket च्या अ‍ॅनिव्हर्सरी कॉन्टेस्टचे लकी विनर आहात. Rs.200 चे बक्षीस मिळवण्यासाठी तुमची बँक माहिती शेअर करा.,No,No,No
spam,"Meesho फ्लॅश सेल: सर्व काही 90% सूट, फक्त काही पीसेस शिल्लक! आत्ताच ऑर्डर करण्यासाठी BUY रिप्लाय करा.",No,No,No
spam,"Amazon Prime Video कस्टमर सर्व्हिस: तुमचा Rs.50 चा रिफंड प्रलंबित आहे, दावा करण्यासाठी क्लिक करा: http://gift-redeem-now.co.in/r36yh",yes,No,No
spam,"PharmEasy कस्टमर सर्व्हिस: तुमचा Rs.250 चा रिफंड प्रलंबित आहे, दावा करण्यासाठी क्लिक करा: http://reward-claim24.xyz/mlbyp",yes,No,No
spam,"Jio कस्टमर सर्व्हिस: तुमचा Rs.50 चा रिफंड प्रलंबित आहे, दावा करण्यासाठी क्लिक करा: http://lucky-winner-alert.co/lzi1r",yes,No,No
spam,"Amazon कस्टमर सर्व्हिस: तुमचा Rs.500 चा रिफंड प्रलंबित आहे, दावा करण्यासाठी क्लिक करा: http://lucky-winner-alert.co/gt2j1",yes,No,No
spam,तुम्ही Amazon Prime Video च्या अ‍ॅनिव्हर्सरी कॉन्टेस्टचे लकी विनर आहात. Rs.100 चे बक्षीस मिळवण्यासाठी तुमची बँक माहिती शेअर करा.,No,No,No
spam,अभिनंदन! तुमचे Nykaa खाते एका फ्री स्मार्टवॉच (Rs.50) साठी निवडले गेले आहे. आत्ताच दावा करा: http://offer4u-claim.online/4wb44,yes,No,No
spam,"Myntra कस्टमर सर्व्हिस: तुमचा Rs.500 चा रिफंड प्रलंबित आहे, दावा करण्यासाठी क्लिक करा: http://lucky-winner-alert.co/cs7xs",yes,No,No
spam,अभिनंदन! तुमचे HDFC Bank खाते एका फ्री गिफ्ट हॅम्पर (Rs.500) साठी निवडले गेले आहे. आत्ताच दावा करा: http://lucky-winner-alert.co/ti7ei,yes,No,No
spam,"SBI Card फ्लॅश सेल: सर्व काही 90% सूट, फक्त काही पीसेस शिल्लक! आत्ताच ऑर्डर करण्यासाठी BUY रिप्लाय करा.",No,No,No
spam,तुम्ही PhonePe च्या अ‍ॅनिव्हर्सरी कॉन्टेस्टचे लकी विनर आहात. Rs.150 चे बक्षीस मिळवण्यासाठी तुमची बँक माहिती शेअर करा.,No,No,No
spam,"Paytm कस्टमर सर्व्हिस: तुमचा Rs.50 चा रिफंड प्रलंबित आहे, दावा करण्यासाठी क्लिक करा: http://reward-claim24.xyz/sxzcy",yes,No,No
spam,BookMyShow आज 100 लकी कस्टमर्सना फ्री गिफ्ट हॅम्पर देत आहे. तुमचे मिळवण्यासाठी लगेच कॉल करा 6396435372.,No,No,yes
spam,Swiggy आज 100 लकी कस्टमर्सना फ्री स्मार्टवॉच देत आहे. तुमचे मिळवण्यासाठी लगेच कॉल करा 8712879108.,No,No,yes
spam,Titan लकी ड्रॉ: तुम्ही एक फ्री स्मार्टफोन जिंकला आहे! एक्सपायर होण्यापूर्वी आत्ताच कॉल करा 9424138754.,No,No,yes
spam,तुम्ही PharmEasy च्या अ‍ॅनिव्हर्सरी कॉन्टेस्टचे लकी विनर आहात. Rs.200 चे बक्षीस मिळवण्यासाठी तुमची बँक माहिती शेअर करा.,No,No,No
spam,Axis Bank आज 100 लकी कस्टमर्सना फ्री शॉपिंग व्हाउचर देत आहे. तुमचे मिळवण्यासाठी लगेच कॉल करा 7202381872.,No,No,yes
spam,"Unacademy कस्टमर सर्व्हिस: तुमचा Rs.500 चा रिफंड प्रलंबित आहे, दावा करण्यासाठी क्लिक करा: http://prize-verify.info/rs5ma",yes,No,No
spam,अभिनंदन! तुमचे Policybazaar खाते एका फ्री सोन्याचे नाणे (Rs.200) साठी निवडले गेले आहे. आत्ताच दावा करा: http://prize-verify.info/2e3gz,yes,No,No
spam,अभिनंदन! तुमचे Decathlon खाते एका फ्री शॉपिंग व्हाउचर (Rs.500) साठी निवडले गेले आहे. आत्ताच दावा करा: http://gift-redeem-now.co.in/32zkf,yes,No,No
spam,तुम्ही Jio च्या अ‍ॅनिव्हर्सरी कॉन्टेस्टचे लकी विनर आहात. Rs.100 चे बक्षीस मिळवण्यासाठी तुमची बँक माहिती शेअर करा.,No,No,No
spam,"Unacademy कस्टमर सर्व्हिस: तुमचा Rs.100 चा रिफंड प्रलंबित आहे, दावा करण्यासाठी क्लिक करा: http://reward-claim24.xyz/jkt9w",yes,No,No
spam,अभिनंदन! तुमचे Pepperfry खाते एका फ्री शॉपिंग व्हाउचर (Rs.250) साठी निवडले गेले आहे. आत्ताच दावा करा: http://gift-redeem-now.co.in/4v6t5,yes,No,No
spam,Policybazaar लकी ड्रॉ: तुम्ही एक फ्री स्मार्टवॉच जिंकला आहे! एक्सपायर होण्यापूर्वी आत्ताच कॉल करा 6797203337.,No,No,yes
spam,Unacademy लकी ड्रॉ: तुम्ही एक फ्री शॉपिंग व्हाउचर जिंकला आहे! एक्सपायर होण्यापूर्वी आत्ताच कॉल करा 9082168685.,No,No,yes
spam,अभिनंदन! तुमचे Amazon Prime Video खाते एका फ्री स्मार्टफोन (Rs.250) साठी निवडले गेले आहे. आत्ताच दावा करा: http://bonus-cashout.xyz/6ygpb,yes,No,No
spam,"PhonePe कस्टमर सर्व्हिस: तुमचा Rs.150 चा रिफंड प्रलंबित आहे, दावा करण्यासाठी क्लिक करा: http://lucky-winner-alert.co/d1cts",yes,No,No
spam,"Lenskart कस्टमर सर्व्हिस: तुमचा Rs.500 चा रिफंड प्रलंबित आहे, दावा करण्यासाठी क्लिक करा: http://bonus-cashout.xyz/b10ja",yes,No,No
spam,PhonePe आज 100 लकी कस्टमर्सना फ्री स्मार्टफोन देत आहे. तुमचे मिळवण्यासाठी लगेच कॉल करा 8579572963.,No,No,yes
spam,अभिनंदन! तुमचे Swiggy खाते एका फ्री शॉपिंग व्हाउचर (Rs.50) साठी निवडले गेले आहे. आत्ताच दावा करा: http://lucky-winner-alert.co/mlrvq,yes,No,No
spam,Uber लकी ड्रॉ: तुम्ही एक फ्री सोन्याचे नाणे जिंकला आहे! एक्सपायर होण्यापूर्वी आत्ताच कॉल करा 8750088894.,No,No,yes
spam,"Zomato कस्टमर सर्व्हिस: तुमचा Rs.100 चा रिफंड प्रलंबित आहे, दावा करण्यासाठी क्लिक करा: http://offer4u-claim.online/7fer7",yes,No,No
spam,तुम्ही ICICI Bank च्या अ‍ॅनिव्हर्सरी कॉन्टेस्टचे लकी विनर आहात. Rs.50 चे बक्षीस मिळवण्यासाठी तुमची बँक माहिती शेअर करा.,No,No,No
spam,Spotify आज 100 लकी कस्टमर्सना फ्री स्मार्टवॉच देत आहे. तुमचे मिळवण्यासाठी लगेच कॉल करा 8380045369.,No,No,yes
spam,तुम्ही Policybazaar च्या अ‍ॅनिव्हर्सरी कॉन्टेस्टचे लकी विनर आहात. Rs.100 चे बक्षीस मिळवण्यासाठी तुमची बँक माहिती शेअर करा.,No,No,No
spam,"Tanishq कस्टमर सर्व्हिस: तुमचा Rs.150 चा रिफंड प्रलंबित आहे, दावा करण्यासाठी क्लिक करा: http://reward-claim24.xyz/5ckkw",yes,No,No
spam,अभिनंदन! तुमचे Zepto खाते एका फ्री स्मार्टफोन (Rs.100) साठी निवडले गेले आहे. आत्ताच दावा करा: http://offer4u-claim.online/82gd1,yes,No,No
spam,तुम्ही redBus च्या अ‍ॅनिव्हर्सरी कॉन्टेस्टचे लकी विनर आहात. Rs.250 चे बक्षीस मिळवण्यासाठी तुमची बँक माहिती शेअर करा.,No,No,No
spam,PhonePe लकी ड्रॉ: तुम्ही एक फ्री स्मार्टवॉच जिंकला आहे! एक्सपायर होण्यापूर्वी आत्ताच कॉल करा 9850977583.,No,No,yes
spam,BYJU'S आज 100 लकी कस्टमर्सना फ्री शॉपिंग व्हाउचर देत आहे. तुमचे मिळवण्यासाठी लगेच कॉल करा 7472544324.,No,No,yes
spam,अभिनंदन! तुमचे Paytm खाते एका फ्री स्मार्टफोन (Rs.150) साठी निवडले गेले आहे. आत्ताच दावा करा: http://lucky-winner-alert.co/mwbh2,yes,No,No
spam,अभिनंदन! तुमचे Spotify खाते एका फ्री स्मार्टफोन (Rs.100) साठी निवडले गेले आहे. आत्ताच दावा करा: http://bonus-cashout.xyz/6rz8u,yes,No,No
spam,अभिनंदन! तुमचे Axis Bank खाते एका फ्री स्मार्टवॉच (Rs.100) साठी निवडले गेले आहे. आत्ताच दावा करा: http://gift-redeem-now.co.in/5n47j,yes,No,No
spam,अभिनंदन! तुमचे Decathlon खाते एका फ्री स्मार्टफोन (Rs.100) साठी निवडले गेले आहे. आत्ताच दावा करा: http://offer4u-claim.online/xve41,yes,No,No
spam,"MakeMyTrip कस्टमर सर्व्हिस: तुमचा Rs.50 चा रिफंड प्रलंबित आहे, दावा करण्यासाठी क्लिक करा: http://reward-claim24.xyz/0r8m6",yes,No,No
spam,अभिनंदन! तुमचे cult.fit खाते एका फ्री स्मार्टफोन (Rs.300) साठी निवडले गेले आहे. आत्ताच दावा करा: http://lucky-winner-alert.co/nwu0l,yes,No,No
spam,Netflix आज 100 लकी कस्टमर्सना फ्री सोन्याचे नाणे देत आहे. तुमचे मिळवण्यासाठी लगेच कॉल करा 6287250698.,No,No,yes
spam,अभिनंदन! तुमचे Ajio खाते एका फ्री शॉपिंग व्हाउचर (Rs.50) साठी निवडले गेले आहे. आत्ताच दावा करा: http://prize-verify.info/l8ft1,yes,No,No
spam,"Zomato कस्टमर सर्व्हिस: तुमचा Rs.200 चा रिफंड प्रलंबित आहे, दावा करण्यासाठी क्लिक करा: http://reward-claim24.xyz/7lxan",yes,No,No
spam,तुम्ही Goibibo च्या अ‍ॅनिव्हर्सरी कॉन्टेस्टचे लकी विनर आहात. Rs.50 चे बक्षीस मिळवण्यासाठी तुमची बँक माहिती शेअर करा.,No,No,No
spam,Decathlon लकी ड्रॉ: तुम्ही एक फ्री सोन्याचे नाणे जिंकला आहे! एक्सपायर होण्यापूर्वी आत्ताच कॉल करा 9190813491.,No,No,yes
spam,Nykaa आज 100 लकी कस्टमर्सना फ्री स्मार्टफोन देत आहे. तुमचे मिळवण्यासाठी लगेच कॉल करा 7985014157.,No,No,yes
spam,अभिनंदन! तुमचे CRED खाते एका फ्री स्मार्टवॉच (Rs.100) साठी निवडले गेले आहे. आत्ताच दावा करा: http://gift-redeem-now.co.in/4g32o,yes,No,No
spam,अभिनंदन! तुमचे Blinkit खाते एका फ्री स्मार्टफोन (Rs.150) साठी निवडले गेले आहे. आत्ताच दावा करा: http://reward-claim24.xyz/q329b,yes,No,No
spam,redBus लकी ड्रॉ: तुम्ही एक फ्री सोन्याचे नाणे जिंकला आहे! एक्सपायर होण्यापूर्वी आत्ताच कॉल करा 9809878173.,No,No,yes
spam,Nykaa लकी ड्रॉ: तुम्ही एक फ्री गिफ्ट हॅम्पर जिंकला आहे! एक्सपायर होण्यापूर्वी आत्ताच कॉल करा 8575372632.,No,No,yes
spam,Paytm आज 100 लकी कस्टमर्सना फ्री स्मार्टवॉच देत आहे. तुमचे मिळवण्यासाठी लगेच कॉल करा 7402277043.,No,No,yes
spam,तुम्ही Blinkit च्या अ‍ॅनिव्हर्सरी कॉन्टेस्टचे लकी विनर आहात. Rs.50 चे बक्षीस मिळवण्यासाठी तुमची बँक माहिती शेअर करा.,No,No,No
spam,"Blinkit कस्टमर सर्व्हिस: तुमचा Rs.250 चा रिफंड प्रलंबित आहे, दावा करण्यासाठी क्लिक करा: http://gift-redeem-now.co.in/zh2u4",yes,No,No
spam,तुम्ही Titan च्या अ‍ॅनिव्हर्सरी कॉन्टेस्टचे लकी विनर आहात. Rs.100 चे बक्षीस मिळवण्यासाठी तुमची बँक माहिती शेअर करा.,No,No,No
spam,तुम्ही Goibibo च्या अ‍ॅनिव्हर्सरी कॉन्टेस्टचे लकी विनर आहात. Rs.300 चे बक्षीस मिळवण्यासाठी तुमची बँक माहिती शेअर करा.,No,No,No
spam,"Airtel कस्टमर सर्व्हिस: तुमचा Rs.500 चा रिफंड प्रलंबित आहे, दावा करण्यासाठी क्लिक करा: http://prize-verify.info/v30f8",yes,No,No
spam,Policybazaar लकी ड्रॉ: तुम्ही एक फ्री स्मार्टफोन जिंकला आहे! एक्सपायर होण्यापूर्वी आत्ताच कॉल करा 7874963715.,No,No,yes
spam,"Pepperfry कस्टमर सर्व्हिस: तुमचा Rs.50 चा रिफंड प्रलंबित आहे, दावा करण्यासाठी क्लिक करा: http://prize-verify.info/3rq3n",yes,No,No
spam,अभिनंदन! तुमचे Decathlon खाते एका फ्री स्मार्टफोन (Rs.200) साठी निवडले गेले आहे. आत्ताच दावा करा: http://prize-verify.info/p9izu,yes,No,No
spam,अभिनंदन! तुमचे Unacademy खाते एका फ्री स्मार्टफोन (Rs.300) साठी निवडले गेले आहे. आत्ताच दावा करा: http://reward-claim24.xyz/azjsq,yes,No,No
spam,Axis Bank लकी ड्रॉ: तुम्ही एक फ्री स्मार्टवॉच जिंकला आहे! एक्सपायर होण्यापूर्वी आत्ताच कॉल करा 9667910554.,No,No,yes
spam,"Blinkit कस्टमर सर्व्हिस: तुमचा Rs.150 चा रिफंड प्रलंबित आहे, दावा करण्यासाठी क्लिक करा: http://prize-verify.info/hhsnk",yes,No,No
spam,अभिनंदन! तुमचे BookMyShow खाते एका फ्री गिफ्ट हॅम्पर (Rs.150) साठी निवडले गेले आहे. आत्ताच दावा करा: http://prize-verify.info/vopst,yes,No,No
spam,अभिनंदन! तुमचे redBus खाते एका फ्री शॉपिंग व्हाउचर (Rs.200) साठी निवडले गेले आहे. आत्ताच दावा करा: http://gift-redeem-now.co.in/q9y89,yes,No,No
spam,अभिनंदन! तुमचे IndiGo खाते एका फ्री शॉपिंग व्हाउचर (Rs.500) साठी निवडले गेले आहे. आत्ताच दावा करा: http://prize-verify.info/18l4z,yes,No,No
spam,तुम्ही SBI Card च्या अ‍ॅनिव्हर्सरी कॉन्टेस्टचे लकी विनर आहात. Rs.50 चे बक्षीस मिळवण्यासाठी तुमची बँक माहिती शेअर करा.,No,No,No
spam,"Policybazaar कस्टमर सर्व्हिस: तुमचा Rs.300 चा रिफंड प्रलंबित आहे, दावा करण्यासाठी क्लिक करा: http://reward-claim24.xyz/ki0ji",yes,No,No
spam,Goibibo लकी ड्रॉ: तुम्ही एक फ्री गिफ्ट हॅम्पर जिंकला आहे! एक्सपायर होण्यापूर्वी आत्ताच कॉल करा 8939499252.,No,No,yes
spam,redBus आज 100 लकी कस्टमर्सना फ्री स्मार्टवॉच देत आहे. तुमचे मिळवण्यासाठी लगेच कॉल करा 6294917731.,No,No,yes
spam,अभिनंदन! तुमचे Decathlon खाते एका फ्री स्मार्टफोन (Rs.150) साठी निवडले गेले आहे. आत्ताच दावा करा: http://lucky-winner-alert.co/sa97s,yes,No,No
spam,तुम्ही MakeMyTrip च्या अ‍ॅनिव्हर्सरी कॉन्टेस्टचे लकी विनर आहात. Rs.300 चे बक्षीस मिळवण्यासाठी तुमची बँक माहिती शेअर करा.,No,No,No
spam,"Nykaa कस्टमर सर्व्हिस: तुमचा Rs.200 चा रिफंड प्रलंबित आहे, दावा करण्यासाठी क्लिक करा: http://gift-redeem-now.co.in/527zd",yes,No,No
spam,तुम्ही Spotify च्या अ‍ॅनिव्हर्सरी कॉन्टेस्टचे लकी विनर आहात. Rs.500 चे बक्षीस मिळवण्यासाठी तुमची बँक माहिती शेअर करा.,No,No,No
spam,तुम्ही HDFC Bank च्या अ‍ॅनिव्हर्सरी कॉन्टेस्टचे लकी विनर आहात. Rs.500 चे बक्षीस मिळवण्यासाठी तुमची बँक माहिती शेअर करा.,No,No,No
spam,SBI Card आज 100 लकी कस्टमर्सना फ्री स्मार्टवॉच देत आहे. तुमचे मिळवण्यासाठी लगेच कॉल करा 9038247092.,No,No,yes
spam,अभिनंदन! तुमचे SBI Card खाते एका फ्री गिफ्ट हॅम्पर (Rs.500) साठी निवडले गेले आहे. आत्ताच दावा करा: http://reward-claim24.xyz/upooj,yes,No,No
spam,Uber आज 100 लकी कस्टमर्सना फ्री स्मार्टवॉच देत आहे. तुमचे मिळवण्यासाठी लगेच कॉल करा 9000199745.,No,No,yes
spam,"Ajio कस्टमर सर्व्हिस: तुमचा Rs.300 चा रिफंड प्रलंबित आहे, दावा करण्यासाठी क्लिक करा: http://gift-redeem-now.co.in/8koyx",yes,No,No
spam,Tanishq आज 100 लकी कस्टमर्सना फ्री स्मार्टवॉच देत आहे. तुमचे मिळवण्यासाठी लगेच कॉल करा 7984901045.,No,No,yes
spam,"PhonePe कस्टमर सर्व्हिस: तुमचा Rs.300 चा रिफंड प्रलंबित आहे, दावा करण्यासाठी क्लिक करा: http://gift-redeem-now.co.in/ivjs9",yes,No,No
spam,"MakeMyTrip कस्टमर सर्व्हिस: तुमचा Rs.300 चा रिफंड प्रलंबित आहे, दावा करण्यासाठी क्लिक करा: http://gift-redeem-now.co.in/ioedc",yes,No,No
spam,Airtel लकी ड्रॉ: तुम्ही एक फ्री स्मार्टवॉच जिंकला आहे! एक्सपायर होण्यापूर्वी आत्ताच कॉल करा 7221827825.,No,No,yes
spam,Meesho लकी ड्रॉ: तुम्ही एक फ्री स्मार्टवॉच जिंकला आहे! एक्सपायर होण्यापूर्वी आत्ताच कॉल करा 6725259248.,No,No,yes
spam,तुम्ही Axis Bank च्या अ‍ॅनिव्हर्सरी कॉन्टेस्टचे लकी विनर आहात. Rs.300 चे बक्षीस मिळवण्यासाठी तुमची बँक माहिती शेअर करा.,No,No,No
spam,"Nykaa कस्टमर सर्व्हिस: तुमचा Rs.50 चा रिफंड प्रलंबित आहे, दावा करण्यासाठी क्लिक करा: http://reward-claim24.xyz/xaa98",yes,No,No
spam,"Amazon Prime Video कस्टमर सर्व्हिस: तुमचा Rs.200 चा रिफंड प्रलंबित आहे, दावा करण्यासाठी क्लिक करा: http://reward-claim24.xyz/lubyc",yes,No,No
spam,"BYJU'S कस्टमर सर्व्हिस: तुमचा Rs.300 चा रिफंड प्रलंबित आहे, दावा करण्यासाठी क्लिक करा: http://lucky-winner-alert.co/cns2j",yes,No,No
spam,"Vi कस्टमर सर्व्हिस: तुमचा Rs.300 चा रिफंड प्रलंबित आहे, दावा करण्यासाठी क्लिक करा: http://reward-claim24.xyz/afhmy",yes,No,No
spam,"cult.fit कस्टमर सर्व्हिस: तुमचा Rs.150 चा रिफंड प्रलंबित आहे, दावा करण्यासाठी क्लिक करा: http://lucky-winner-alert.co/fht3s",yes,No,No
spam,PhonePe आज 100 लकी कस्टमर्सना फ्री सोन्याचे नाणे देत आहे. तुमचे मिळवण्यासाठी लगेच कॉल करा 6351363697.,No,No,yes
spam,"Disney+ Hotstar कस्टमर सर्व्हिस: तुमचा Rs.300 चा रिफंड प्रलंबित आहे, दावा करण्यासाठी क्लिक करा: http://lucky-winner-alert.co/ckfjn",yes,No,No
spam,अभिनंदन! तुमचे BYJU'S खाते एका फ्री स्मार्टवॉच (Rs.150) साठी निवडले गेले आहे. आत्ताच दावा करा: http://offer4u-claim.online/1dwq3,yes,No,No
spam,तुम्ही Domino's च्या अ‍ॅनिव्हर्सरी कॉन्टेस्टचे लकी विनर आहात. Rs.500 चे बक्षीस मिळवण्यासाठी तुमची बँक माहिती शेअर करा.,No,No,No
spam,Netflix आज 100 लकी कस्टमर्सना फ्री स्मार्टफोन देत आहे. तुमचे मिळवण्यासाठी लगेच कॉल करा 6612181120.,No,No,yes
spam,"Spotify कस्टमर सर्व्हिस: तुमचा Rs.200 चा रिफंड प्रलंबित आहे, दावा करण्यासाठी क्लिक करा: http://reward-claim24.xyz/w9ayt",yes,No,No
spam,तुम्ही PhonePe च्या अ‍ॅनिव्हर्सरी कॉन्टेस्टचे लकी विनर आहात. Rs.300 चे बक्षीस मिळवण्यासाठी तुमची बँक माहिती शेअर करा.,No,No,No
spam,"BigBasket कस्टमर सर्व्हिस: तुमचा Rs.300 चा रिफंड प्रलंबित आहे, दावा करण्यासाठी क्लिक करा: http://lucky-winner-alert.co/6p1t8",yes,No,No
spam,Decathlon लकी ड्रॉ: तुम्ही एक फ्री सोन्याचे नाणे जिंकला आहे! एक्सपायर होण्यापूर्वी आत्ताच कॉल करा 7111072862.,No,No,yes
spam,"Blinkit कस्टमर सर्व्हिस: तुमचा Rs.150 चा रिफंड प्रलंबित आहे, दावा करण्यासाठी क्लिक करा: http://offer4u-claim.online/85jaj",yes,No,No
spam,तुम्ही Ajio च्या अ‍ॅनिव्हर्सरी कॉन्टेस्टचे लकी विनर आहात. Rs.300 चे बक्षीस मिळवण्यासाठी तुमची बँक माहिती शेअर करा.,No,No,No
spam,अभिनंदन! तुमचे Airtel खाते एका फ्री स्मार्टवॉच (Rs.150) साठी निवडले गेले आहे. आत्ताच दावा करा: http://bonus-cashout.xyz/y51dv,yes,No,No
spam,"Decathlon कस्टमर सर्व्हिस: तुमचा Rs.200 चा रिफंड प्रलंबित आहे, दावा करण्यासाठी क्लिक करा: http://bonus-cashout.xyz/mdaff",yes,No,No
spam,HDFC Bank आज 100 लकी कस्टमर्सना फ्री स्मार्टफोन देत आहे. तुमचे मिळवण्यासाठी लगेच कॉल करा 6051480541.,No,No,yes
spam,Zomato लकी ड्रॉ: तुम्ही एक फ्री स्मार्टवॉच जिंकला आहे! एक्सपायर होण्यापूर्वी आत्ताच कॉल करा 8749576904.,No,No,yes
spam,तुम्ही Ola च्या अ‍ॅनिव्हर्सरी कॉन्टेस्टचे लकी विनर आहात. Rs.250 चे बक्षीस मिळवण्यासाठी तुमची बँक माहिती शेअर करा.,No,No,No
spam,MakeMyTrip लकी ड्रॉ: तुम्ही एक फ्री शॉपिंग व्हाउचर जिंकला आहे! एक्सपायर होण्यापूर्वी आत्ताच कॉल करा 6561101768.,No,No,yes
spam,Pepperfry लकी ड्रॉ: तुम्ही एक फ्री स्मार्टवॉच जिंकला आहे! एक्सपायर होण्यापूर्वी आत्ताच कॉल करा 6357348097.,No,No,yes
spam,"Decathlon कस्टमर सर्व्हिस: तुमचा Rs.500 चा रिफंड प्रलंबित आहे, दावा करण्यासाठी क्लिक करा: http://reward-claim24.xyz/uxi33",yes,No,No
spam,Amazon Prime Video लकी ड्रॉ: तुम्ही एक फ्री गिफ्ट हॅम्पर जिंकला आहे! एक्सपायर होण्यापूर्वी आत्ताच कॉल करा 7293193732.,No,No,yes
spam,"SBI Card कस्टमर सर्व्हिस: तुमचा Rs.150 चा रिफंड प्रलंबित आहे, दावा करण्यासाठी क्लिक करा: http://gift-redeem-now.co.in/r5sdn",yes,No,No
spam,अभिनंदन! तुमचे Jio खाते एका फ्री गिफ्ट हॅम्पर (Rs.200) साठी निवडले गेले आहे. आत्ताच दावा करा: http://prize-verify.info/oh566,yes,No,No
spam,Amazon Prime Video लकी ड्रॉ: तुम्ही एक फ्री स्मार्टवॉच जिंकला आहे! एक्सपायर होण्यापूर्वी आत्ताच कॉल करा 8505582131.,No,No,yes
spam,Axis Bank आज 100 लकी कस्टमर्सना फ्री स्मार्टफोन देत आहे. तुमचे मिळवण्यासाठी लगेच कॉल करा 8099321483.,No,No,yes
spam,अभिनंदन! तुमचे Lenskart खाते एका फ्री सोन्याचे नाणे (Rs.100) साठी निवडले गेले आहे. आत्ताच दावा करा: http://bonus-cashout.xyz/wei0x,yes,No,No
spam,"Uber कस्टमर सर्व्हिस: तुमचा Rs.300 चा रिफंड प्रलंबित आहे, दावा करण्यासाठी क्लिक करा: http://lucky-winner-alert.co/dlubr",yes,No,No
spam,तुम्ही Nykaa च्या अ‍ॅनिव्हर्सरी कॉन्टेस्टचे लकी विनर आहात. Rs.50 चे बक्षीस मिळवण्यासाठी तुमची बँक माहिती शेअर करा.,No,No,No
spam,Flipkart आज 100 लकी कस्टमर्सना फ्री स्मार्टवॉच देत आहे. तुमचे मिळवण्यासाठी लगेच कॉल करा 6997225719.,No,No,yes
spam,"Axis Bank कस्टमर सर्व्हिस: तुमचा Rs.300 चा रिफंड प्रलंबित आहे, दावा करण्यासाठी क्लिक करा: http://offer4u-claim.online/hy1z9",yes,No,No
spam,तुम्ही IndiGo च्या अ‍ॅनिव्हर्सरी कॉन्टेस्टचे लकी विनर आहात. Rs.250 चे बक्षीस मिळवण्यासाठी तुमची बँक माहिती शेअर करा.,No,No,No
spam,"Meesho कस्टमर सर्व्हिस: तुमचा Rs.250 चा रिफंड प्रलंबित आहे, दावा करण्यासाठी क्लिक करा: http://prize-verify.info/nbo97",yes,No,No
spam,अभिनंदन! तुमचे Pepperfry खाते एका फ्री स्मार्टफोन (Rs.100) साठी निवडले गेले आहे. आत्ताच दावा करा: http://gift-redeem-now.co.in/ygamq,yes,No,No
spam,अभिनंदन! तुमचे 1mg खाते एका फ्री स्मार्टवॉच (Rs.200) साठी निवडले गेले आहे. आत्ताच दावा करा: http://prize-verify.info/55va7,yes,No,No
spam,तुम्ही SBI Card च्या अ‍ॅनिव्हर्सरी कॉन्टेस्टचे लकी विनर आहात. Rs.100 चे बक्षीस मिळवण्यासाठी तुमची बँक माहिती शेअर करा.,No,No,No
spam,"Amazon Prime Video कस्टमर सर्व्हिस: तुमचा Rs.50 चा रिफंड प्रलंबित आहे, दावा करण्यासाठी क्लिक करा: http://gift-redeem-now.co.in/qasra",yes,No,No
spam,Ola आज 100 लकी कस्टमर्सना फ्री शॉपिंग व्हाउचर देत आहे. तुमचे मिळवण्यासाठी लगेच कॉल करा 9122482369.,No,No,yes
spam,अभिनंदन! तुमचे BigBasket खाते एका फ्री गिफ्ट हॅम्पर (Rs.500) साठी निवडले गेले आहे. आत्ताच दावा करा: http://offer4u-claim.online/s8d9w,yes,No,No
spam,अभिनंदन! तुमचे PhonePe खाते एका फ्री शॉपिंग व्हाउचर (Rs.500) साठी निवडले गेले आहे. आत्ताच दावा करा: http://lucky-winner-alert.co/eryo9,yes,No,No
spam,अभिनंदन! तुमचे CRED खाते एका फ्री गिफ्ट हॅम्पर (Rs.50) साठी निवडले गेले आहे. आत्ताच दावा करा: http://bonus-cashout.xyz/gt5l1,yes,No,No
spam,PhonePe लकी ड्रॉ: तुम्ही एक फ्री स्मार्टवॉच जिंकला आहे! एक्सपायर होण्यापूर्वी आत्ताच कॉल करा 8883984568.,No,No,yes
spam,boAt लकी ड्रॉ: तुम्ही एक फ्री स्मार्टवॉच जिंकला आहे! एक्सपायर होण्यापूर्वी आत्ताच कॉल करा 6528788385.,No,No,yes
spam,"Titan कस्टमर सर्व्हिस: तुमचा Rs.200 चा रिफंड प्रलंबित आहे, दावा करण्यासाठी क्लिक करा: http://lucky-winner-alert.co/6319c",yes,No,No
spam,"Spotify कस्टमर सर्व्हिस: तुमचा Rs.250 चा रिफंड प्रलंबित आहे, दावा करण्यासाठी क्लिक करा: http://prize-verify.info/bb7mw",yes,No,No
spam,IRCTC लकी ड्रॉ: तुम्ही एक फ्री स्मार्टफोन जिंकला आहे! एक्सपायर होण्यापूर्वी आत्ताच कॉल करा 8701752817.,No,No,yes
spam,Jio लकी ड्रॉ: तुम्ही एक फ्री शॉपिंग व्हाउचर जिंकला आहे! एक्सपायर होण्यापूर्वी आत्ताच कॉल करा 9216072170.,No,No,yes
spam,Amazon Prime Video आज 100 लकी कस्टमर्सना फ्री शॉपिंग व्हाउचर देत आहे. तुमचे मिळवण्यासाठी लगेच कॉल करा 8545671809.,No,No,yes
spam,अभिनंदन! तुमचे Airtel खाते एका फ्री सोन्याचे नाणे (Rs.50) साठी निवडले गेले आहे. आत्ताच दावा करा: http://prize-verify.info/3dil0,yes,No,No
spam,Zomato आज 100 लकी कस्टमर्सना फ्री शॉपिंग व्हाउचर देत आहे. तुमचे मिळवण्यासाठी लगेच कॉल करा 6018092271.,No,No,yes
spam,Spotify आज 100 लकी कस्टमर्सना फ्री स्मार्टफोन देत आहे. तुमचे मिळवण्यासाठी लगेच कॉल करा 8736026250.,No,No,yes
spam,अभिनंदन! तुमचे Titan खाते एका फ्री शॉपिंग व्हाउचर (Rs.300) साठी निवडले गेले आहे. आत्ताच दावा करा: http://reward-claim24.xyz/eq65v,yes,No,No
spam,1mg आज 100 लकी कस्टमर्सना फ्री सोन्याचे नाणे देत आहे. तुमचे मिळवण्यासाठी लगेच कॉल करा 9914434193.,No,No,yes
spam,Zepto लकी ड्रॉ: तुम्ही एक फ्री गिफ्ट हॅम्पर जिंकला आहे! एक्सपायर होण्यापूर्वी आत्ताच कॉल करा 7497056895.,No,No,yes
spam,अभिनंदन! तुमचे Nykaa खाते एका फ्री स्मार्टफोन (Rs.200) साठी निवडले गेले आहे. आत्ताच दावा करा: http://offer4u-claim.online/niw44,yes,No,No
spam,"MakeMyTrip कस्टमर सर्व्हिस: तुमचा Rs.500 चा रिफंड प्रलंबित आहे, दावा करण्यासाठी क्लिक करा: http://gift-redeem-now.co.in/1sp15",yes,No,No
spam,Blinkit लकी ड्रॉ: तुम्ही एक फ्री शॉपिंग व्हाउचर जिंकला आहे! एक्सपायर होण्यापूर्वी आत्ताच कॉल करा 6761168402.,No,No,yes
spam,"Myntra कस्टमर सर्व्हिस: तुमचा Rs.200 चा रिफंड प्रलंबित आहे, दावा करण्यासाठी क्लिक करा: http://reward-claim24.xyz/qlcnn",yes,No,No
spam,Ajio लकी ड्रॉ: तुम्ही एक फ्री सोन्याचे नाणे जिंकला आहे! एक्सपायर होण्यापूर्वी आत्ताच कॉल करा 9900743657.,No,No,yes
spam,तुम्ही Meesho च्या अ‍ॅनिव्हर्सरी कॉन्टेस्टचे लकी विनर आहात. Rs.100 चे बक्षीस मिळवण्यासाठी तुमची बँक माहिती शेअर करा.,No,No,No
spam,अभिनंदन! तुमचे MakeMyTrip खाते एका फ्री शॉपिंग व्हाउचर (Rs.250) साठी निवडले गेले आहे. आत्ताच दावा करा: http://prize-verify.info/bjr7w,yes,No,No
spam,"SBI Card कस्टमर सर्व्हिस: तुमचा Rs.100 चा रिफंड प्रलंबित आहे, दावा करण्यासाठी क्लिक करा: http://lucky-winner-alert.co/ngc5s",yes,No,No
spam,तुम्ही Paytm च्या अ‍ॅनिव्हर्सरी कॉन्टेस्टचे लकी विनर आहात. Rs.50 चे बक्षीस मिळवण्यासाठी तुमची बँक माहिती शेअर करा.,No,No,No
spam,"Netflix कस्टमर सर्व्हिस: तुमचा Rs.250 चा रिफंड प्रलंबित आहे, दावा करण्यासाठी क्लिक करा: http://bonus-cashout.xyz/2xi3x",yes,No,No
spam,"BYJU'S कस्टमर सर्व्हिस: तुमचा Rs.250 चा रिफंड प्रलंबित आहे, दावा करण्यासाठी क्लिक करा: http://offer4u-claim.online/h0fct",yes,No,No
spam,अभिनंदन! तुमचे Ola खाते एका फ्री गिफ्ट हॅम्पर (Rs.500) साठी निवडले गेले आहे. आत्ताच दावा करा: http://lucky-winner-alert.co/woo21,yes,No,No
spam,BookMyShow लकी ड्रॉ: तुम्ही एक फ्री गिफ्ट हॅम्पर जिंकला आहे! एक्सपायर होण्यापूर्वी आत्ताच कॉल करा 8711991129.,No,No,yes
spam,अभिनंदन! तुमचे Pepperfry खाते एका फ्री सोन्याचे नाणे (Rs.50) साठी निवडले गेले आहे. आत्ताच दावा करा: http://reward-claim24.xyz/ihemr,yes,No,No
spam,"IRCTC कस्टमर सर्व्हिस: तुमचा Rs.300 चा रिफंड प्रलंबित आहे, दावा करण्यासाठी क्लिक करा: http://bonus-cashout.xyz/mv9xy",yes,No,No
spam,तुम्ही IndiGo च्या अ‍ॅनिव्हर्सरी कॉन्टेस्टचे लकी विनर आहात. Rs.500 चे बक्षीस मिळवण्यासाठी तुमची बँक माहिती शेअर करा.,No,No,No
spam,Paytm आज 100 लकी कस्टमर्सना फ्री शॉपिंग व्हाउचर देत आहे. तुमचे मिळवण्यासाठी लगेच कॉल करा 9849974819.,No,No,yes
spam,Myntra आज 100 लकी कस्टमर्सना फ्री स्मार्टफोन देत आहे. तुमचे मिळवण्यासाठी लगेच कॉल करा 9076398694.,No,No,yes
spam,Meesho लकी ड्रॉ: तुम्ही एक फ्री स्मार्टफोन जिंकला आहे! एक्सपायर होण्यापूर्वी आत्ताच कॉल करा 6064760651.,No,No,yes
spam,"Meesho कस्टमर सर्व्हिस: तुमचा Rs.250 चा रिफंड प्रलंबित आहे, दावा करण्यासाठी क्लिक करा: http://prize-verify.info/pfty5",yes,No,No
spam,तुम्ही IRCTC च्या अ‍ॅनिव्हर्सरी कॉन्टेस्टचे लकी विनर आहात. Rs.100 चे बक्षीस मिळवण्यासाठी तुमची बँक माहिती शेअर करा.,No,No,No
spam,BYJU'S लकी ड्रॉ: तुम्ही एक फ्री सोन्याचे नाणे जिंकला आहे! एक्सपायर होण्यापूर्वी आत्ताच कॉल करा 8364285488.,No,No,yes
spam,"Titan कस्टमर सर्व्हिस: तुमचा Rs.50 चा रिफंड प्रलंबित आहे, दावा करण्यासाठी क्लिक करा: http://reward-claim24.xyz/tu9ti",yes,No,No
spam,Titan लकी ड्रॉ: तुम्ही एक फ्री सोन्याचे नाणे जिंकला आहे! एक्सपायर होण्यापूर्वी आत्ताच कॉल करा 6786272317.,No,No,yes
spam,तुम्ही cult.fit च्या अ‍ॅनिव्हर्सरी कॉन्टेस्टचे लकी विनर आहात. Rs.500 चे बक्षीस मिळवण्यासाठी तुमची बँक माहिती शेअर करा.,No,No,No
spam,1mg लकी ड्रॉ: तुम्ही एक फ्री शॉपिंग व्हाउचर जिंकला आहे! एक्सपायर होण्यापूर्वी आत्ताच कॉल करा 6965850147.,No,No,yes
spam,"Titan कस्टमर सर्व्हिस: तुमचा Rs.200 चा रिफंड प्रलंबित आहे, दावा करण्यासाठी क्लिक करा: http://bonus-cashout.xyz/68l2y",yes,No,No
spam,"Jio कस्टमर सर्व्हिस: तुमचा Rs.300 चा रिफंड प्रलंबित आहे, दावा करण्यासाठी क्लिक करा: http://lucky-winner-alert.co/7gjx5",yes,No,No
spam,अभिनंदन! तुमचे ICICI Bank खाते एका फ्री शॉपिंग व्हाउचर (Rs.500) साठी निवडले गेले आहे. आत्ताच दावा करा: http://lucky-winner-alert.co/sjx98,yes,No,No
spam,Titan आज 100 लकी कस्टमर्सना फ्री गिफ्ट हॅम्पर देत आहे. तुमचे मिळवण्यासाठी लगेच कॉल करा 9972874094.,No,No,yes
spam,Swiggy आज 100 लकी कस्टमर्सना फ्री शॉपिंग व्हाउचर देत आहे. तुमचे मिळवण्यासाठी लगेच कॉल करा 7313653797.,No,No,yes
spam,अभिनंदन! तुमचे cult.fit खाते एका फ्री स्मार्टफोन (Rs.500) साठी निवडले गेले आहे. आत्ताच दावा करा: http://prize-verify.info/afmqi,yes,No,No
spam,"Netflix कस्टमर सर्व्हिस: तुमचा Rs.100 चा रिफंड प्रलंबित आहे, दावा करण्यासाठी क्लिक करा: http://gift-redeem-now.co.in/2xq8m",yes,No,No
spam,तुम्ही Domino's च्या अ‍ॅनिव्हर्सरी कॉन्टेस्टचे लकी विनर आहात. Rs.300 चे बक्षीस मिळवण्यासाठी तुमची बँक माहिती शेअर करा.,No,No,No
spam,Lenskart आज 100 लकी कस्टमर्सना फ्री सोन्याचे नाणे देत आहे. तुमचे मिळवण्यासाठी लगेच कॉल करा 6596689809.,No,No,yes
spam,"SBI Card कस्टमर सर्व्हिस: तुमचा Rs.100 चा रिफंड प्रलंबित आहे, दावा करण्यासाठी क्लिक करा: http://offer4u-claim.online/wh4v8",yes,No,No
spam,Airtel लकी ड्रॉ: तुम्ही एक फ्री गिफ्ट हॅम्पर जिंकला आहे! एक्सपायर होण्यापूर्वी आत्ताच कॉल करा 8477640536.,No,No,yes
spam,Titan लकी ड्रॉ: तुम्ही एक फ्री शॉपिंग व्हाउचर जिंकला आहे! एक्सपायर होण्यापूर्वी आत्ताच कॉल करा 6812660210.,No,No,yes
spam,Amazon लकी ड्रॉ: तुम्ही एक फ्री गिफ्ट हॅम्पर जिंकला आहे! एक्सपायर होण्यापूर्वी आत्ताच कॉल करा 6058010357.,No,No,yes
spam,अभिनंदन! तुमचे Uber खाते एका फ्री शॉपिंग व्हाउचर (Rs.500) साठी निवडले गेले आहे. आत्ताच दावा करा: http://offer4u-claim.online/g35c4,yes,No,No
spam,"Tanishq कस्टमर सर्व्हिस: तुमचा Rs.250 चा रिफंड प्रलंबित आहे, दावा करण्यासाठी क्लिक करा: http://offer4u-claim.online/npvwm",yes,No,No
spam,Paytm लकी ड्रॉ: तुम्ही एक फ्री स्मार्टवॉच जिंकला आहे! एक्सपायर होण्यापूर्वी आत्ताच कॉल करा 9554678150.,No,No,yes
spam,Flipkart आज 100 लकी कस्टमर्सना फ्री गिफ्ट हॅम्पर देत आहे. तुमचे मिळवण्यासाठी लगेच कॉल करा 7816412008.,No,No,yes
spam,तुम्ही Nykaa च्या अ‍ॅनिव्हर्सरी कॉन्टेस्टचे लकी विनर आहात. Rs.500 चे बक्षीस मिळवण्यासाठी तुमची बँक माहिती शेअर करा.,No,No,No
spam,Lenskart आज 100 लकी कस्टमर्सना फ्री स्मार्टफोन देत आहे. तुमचे मिळवण्यासाठी लगेच कॉल करा 8375803254.,No,No,yes
spam,अभिनंदन! तुमचे Disney+ Hotstar खाते एका फ्री शॉपिंग व्हाउचर (Rs.150) साठी निवडले गेले आहे. आत्ताच दावा करा: http://bonus-cashout.xyz/taulq,yes,No,No
spam,"IndiGo कस्टमर सर्व्हिस: तुमचा Rs.200 चा रिफंड प्रलंबित आहे, दावा करण्यासाठी क्लिक करा: http://prize-verify.info/os4bi",yes,No,No
spam,Vi आज 100 लकी कस्टमर्सना फ्री शॉपिंग व्हाउचर देत आहे. तुमचे मिळवण्यासाठी लगेच कॉल करा 9828066366.,No,No,yes
spam,अभिनंदन! तुमचे 1mg खाते एका फ्री गिफ्ट हॅम्पर (Rs.250) साठी निवडले गेले आहे. आत्ताच दावा करा: http://reward-claim24.xyz/sxwbm,yes,No,No
spam,"IRCTC कस्टमर सर्व्हिस: तुमचा Rs.50 चा रिफंड प्रलंबित आहे, दावा करण्यासाठी क्लिक करा: http://reward-claim24.xyz/nxbka",yes,No,No
spam,"Blinkit कस्टमर सर्व्हिस: तुमचा Rs.100 चा रिफंड प्रलंबित आहे, दावा करण्यासाठी क्लिक करा: http://gift-redeem-now.co.in/xqfjj",yes,No,No
spam,अभिनंदन! तुमचे IRCTC खाते एका फ्री सोन्याचे नाणे (Rs.250) साठी निवडले गेले आहे. आत्ताच दावा करा: http://gift-redeem-now.co.in/slfo8,yes,No,No
spam,Lenskart लकी ड्रॉ: तुम्ही एक फ्री गिफ्ट हॅम्पर जिंकला आहे! एक्सपायर होण्यापूर्वी आत्ताच कॉल करा 7177112060.,No,No,yes
spam,Zepto लकी ड्रॉ: तुम्ही एक फ्री स्मार्टवॉच जिंकला आहे! एक्सपायर होण्यापूर्वी आत्ताच कॉल करा 9905175469.,No,No,yes
spam,अभिनंदन! तुमचे Disney+ Hotstar खाते एका फ्री स्मार्टफोन (Rs.500) साठी निवडले गेले आहे. आत्ताच दावा करा: http://offer4u-claim.online/k1qge,yes,No,No
spam,IndiGo लकी ड्रॉ: तुम्ही एक फ्री स्मार्टफोन जिंकला आहे! एक्सपायर होण्यापूर्वी आत्ताच कॉल करा 9030262582.,No,No,yes
spam,"Netflix कस्टमर सर्व्हिस: तुमचा Rs.500 चा रिफंड प्रलंबित आहे, दावा करण्यासाठी क्लिक करा: http://gift-redeem-now.co.in/illqm",yes,No,No
spam,Axis Bank आज 100 लकी कस्टमर्सना फ्री शॉपिंग व्हाउचर देत आहे. तुमचे मिळवण्यासाठी लगेच कॉल करा 7828702058.,No,No,yes
spam,Swiggy लकी ड्रॉ: तुम्ही एक फ्री गिफ्ट हॅम्पर जिंकला आहे! एक्सपायर होण्यापूर्वी आत्ताच कॉल करा 6658869274.,No,No,yes
spam,IndiGo लकी ड्रॉ: तुम्ही एक फ्री शॉपिंग व्हाउचर जिंकला आहे! एक्सपायर होण्यापूर्वी आत्ताच कॉल करा 6967312422.,No,No,yes
spam,अभिनंदन! तुमचे Policybazaar खाते एका फ्री स्मार्टवॉच (Rs.200) साठी निवडले गेले आहे. आत्ताच दावा करा: http://prize-verify.info/t1rcr,yes,No,No
spam,Pepperfry आज 100 लकी कस्टमर्सना फ्री स्मार्टफोन देत आहे. तुमचे मिळवण्यासाठी लगेच कॉल करा 8988748620.,No,No,yes
spam,तुम्ही Flipkart च्या अ‍ॅनिव्हर्सरी कॉन्टेस्टचे लकी विनर आहात. Rs.300 चे बक्षीस मिळवण्यासाठी तुमची बँक माहिती शेअर करा.,No,No,No
spam,अभिनंदन! तुमचे Spotify खाते एका फ्री स्मार्टवॉच (Rs.50) साठी निवडले गेले आहे. आत्ताच दावा करा: http://gift-redeem-now.co.in/vvzxp,yes,No,No
spam,Vi लकी ड्रॉ: तुम्ही एक फ्री स्मार्टवॉच जिंकला आहे! एक्सपायर होण्यापूर्वी आत्ताच कॉल करा 9333679991.,No,No,yes
spam,Airtel आज 100 लकी कस्टमर्सना फ्री स्मार्टफोन देत आहे. तुमचे मिळवण्यासाठी लगेच कॉल करा 9955694935.,No,No,yes
spam,तुम्ही BigBasket च्या अ‍ॅनिव्हर्सरी कॉन्टेस्टचे लकी विनर आहात. Rs.300 चे बक्षीस मिळवण्यासाठी तुमची बँक माहिती शेअर करा.,No,No,No
spam,तुम्ही Airtel च्या अ‍ॅनिव्हर्सरी कॉन्टेस्टचे लकी विनर आहात. Rs.100 चे बक्षीस मिळवण्यासाठी तुमची बँक माहिती शेअर करा.,No,No,No
spam,CRED आज 100 लकी कस्टमर्सना फ्री शॉपिंग व्हाउचर देत आहे. तुमचे मिळवण्यासाठी लगेच कॉल करा 7988008847.,No,No,yes
spam,अभिनंदन! तुमचे redBus खाते एका फ्री शॉपिंग व्हाउचर (Rs.200) साठी निवडले गेले आहे. आत्ताच दावा करा: http://gift-redeem-now.co.in/09zrc,yes,No,No
spam,अभिनंदन! तुमचे ICICI Bank खाते एका फ्री स्मार्टफोन (Rs.200) साठी निवडले गेले आहे. आत्ताच दावा करा: http://prize-verify.info/tokdz,yes,No,No
spam,IRCTC लकी ड्रॉ: तुम्ही एक फ्री गिफ्ट हॅम्पर जिंकला आहे! एक्सपायर होण्यापूर्वी आत्ताच कॉल करा 8234030924.,No,No,yes
spam,Tanishq लकी ड्रॉ: तुम्ही एक फ्री सोन्याचे नाणे जिंकला आहे! एक्सपायर होण्यापूर्वी आत्ताच कॉल करा 9620681327.,No,No,yes
spam,तुम्ही MakeMyTrip च्या अ‍ॅनिव्हर्सरी कॉन्टेस्टचे लकी विनर आहात. Rs.150 चे बक्षीस मिळवण्यासाठी तुमची बँक माहिती शेअर करा.,No,No,No
spam,"Unacademy कस्टमर सर्व्हिस: तुमचा Rs.200 चा रिफंड प्रलंबित आहे, दावा करण्यासाठी क्लिक करा: http://offer4u-claim.online/bqvyz",yes,No,No
spam,Pepperfry आज 100 लकी कस्टमर्सना फ्री गिफ्ट हॅम्पर देत आहे. तुमचे मिळवण्यासाठी लगेच कॉल करा 6408090390.,No,No,yes
spam,अभिनंदन! तुमचे MakeMyTrip खाते एका फ्री स्मार्टवॉच (Rs.500) साठी निवडले गेले आहे. आत्ताच दावा करा: http://offer4u-claim.online/o4dc5,yes,No,No
spam,Zomato लकी ड्रॉ: तुम्ही एक फ्री सोन्याचे नाणे जिंकला आहे! एक्सपायर होण्यापूर्वी आत्ताच कॉल करा 9424555860.,No,No,yes
spam,Paytm आज 100 लकी कस्टमर्सना फ्री स्मार्टफोन देत आहे. तुमचे मिळवण्यासाठी लगेच कॉल करा 7105778623.,No,No,yes
spam,"Ajio कस्टमर सर्व्हिस: तुमचा Rs.100 चा रिफंड प्रलंबित आहे, दावा करण्यासाठी क्लिक करा: http://prize-verify.info/reblu",yes,No,No
spam,अभिनंदन! तुमचे ICICI Bank खाते एका फ्री गिफ्ट हॅम्पर (Rs.200) साठी निवडले गेले आहे. आत्ताच दावा करा: http://prize-verify.info/hldyd,yes,No,No
spam,IRCTC लकी ड्रॉ: तुम्ही एक फ्री स्मार्टफोन जिंकला आहे! एक्सपायर होण्यापूर्वी आत्ताच कॉल करा 8256234769.,No,No,yes
spam,तुम्ही IndiGo च्या अ‍ॅनिव्हर्सरी कॉन्टेस्टचे लकी विनर आहात. Rs.300 चे बक्षीस मिळवण्यासाठी तुमची बँक माहिती शेअर करा.,No,No,No
spam,Netflix लकी ड्रॉ: तुम्ही एक फ्री स्मार्टवॉच जिंकला आहे! एक्सपायर होण्यापूर्वी आत्ताच कॉल करा 8304032755.,No,No,yes
spam,Policybazaar आज 100 लकी कस्टमर्सना फ्री स्मार्टफोन देत आहे. तुमचे मिळवण्यासाठी लगेच कॉल करा 6444620593.,No,No,yes
spam,तुम्ही Axis Bank च्या अ‍ॅनिव्हर्सरी कॉन्टेस्टचे लकी विनर आहात. Rs.500 चे बक्षीस मिळवण्यासाठी तुमची बँक माहिती शेअर करा.,No,No,No
spam,Ajio लकी ड्रॉ: तुम्ही एक फ्री सोन्याचे नाणे जिंकला आहे! एक्सपायर होण्यापूर्वी आत्ताच कॉल करा 8189842345.,No,No,yes
spam,तुम्ही Zomato च्या अ‍ॅनिव्हर्सरी कॉन्टेस्टचे लकी विनर आहात. Rs.300 चे बक्षीस मिळवण्यासाठी तुमची बँक माहिती शेअर करा.,No,No,No
spam,Airtel लकी ड्रॉ: तुम्ही एक फ्री गिफ्ट हॅम्पर जिंकला आहे! एक्सपायर होण्यापूर्वी आत्ताच कॉल करा 9954486236.,No,No,yes
spam,Titan लकी ड्रॉ: तुम्ही एक फ्री गिफ्ट हॅम्पर जिंकला आहे! एक्सपायर होण्यापूर्वी आत्ताच कॉल करा 6015487681.,No,No,yes
spam,"Tanishq कस्टमर सर्व्हिस: तुमचा Rs.250 चा रिफंड प्रलंबित आहे, दावा करण्यासाठी क्लिक करा: http://prize-verify.info/hw4rk",yes,No,No
spam,PharmEasy लकी ड्रॉ: तुम्ही एक फ्री स्मार्टवॉच जिंकला आहे! एक्सपायर होण्यापूर्वी आत्ताच कॉल करा 7050582275.,No,No,yes
spam,अभिनंदन! तुमचे 1mg खाते एका फ्री स्मार्टवॉच (Rs.150) साठी निवडले गेले आहे. आत्ताच दावा करा: http://prize-verify.info/zlwd8,yes,No,No
spam,"IRCTC कस्टमर सर्व्हिस: तुमचा Rs.150 चा रिफंड प्रलंबित आहे, दावा करण्यासाठी क्लिक करा: http://gift-redeem-now.co.in/0um87",yes,No,No
spam,तुम्ही Paytm च्या अ‍ॅनिव्हर्सरी कॉन्टेस्टचे लकी विनर आहात. Rs.100 चे बक्षीस मिळवण्यासाठी तुमची बँक माहिती शेअर करा.,No,No,No
spam,"Unacademy कस्टमर सर्व्हिस: तुमचा Rs.500 चा रिफंड प्रलंबित आहे, दावा करण्यासाठी क्लिक करा: http://gift-redeem-now.co.in/mar5n",yes,No,No
spam,BYJU'S लकी ड्रॉ: तुम्ही एक फ्री स्मार्टवॉच जिंकला आहे! एक्सपायर होण्यापूर्वी आत्ताच कॉल करा 6757489261.,No,No,yes
spam,MakeMyTrip आज 100 लकी कस्टमर्सना फ्री शॉपिंग व्हाउचर देत आहे. तुमचे मिळवण्यासाठी लगेच कॉल करा 6241867716.,No,No,yes
spam,अभिनंदन! तुमचे redBus खाते एका फ्री स्मार्टवॉच (Rs.50) साठी निवडले गेले आहे. आत्ताच दावा करा: http://bonus-cashout.xyz/hxi1r,yes,No,No
spam,Ajio आज 100 लकी कस्टमर्सना फ्री गिफ्ट हॅम्पर देत आहे. तुमचे मिळवण्यासाठी लगेच कॉल करा 6588614060.,No,No,yes
spam,"Myntra कस्टमर सर्व्हिस: तुमचा Rs.250 चा रिफंड प्रलंबित आहे, दावा करण्यासाठी क्लिक करा: http://offer4u-claim.online/n53e7",yes,No,No
spam,"Vi कस्टमर सर्व्हिस: तुमचा Rs.200 चा रिफंड प्रलंबित आहे, दावा करण्यासाठी क्लिक करा: http://prize-verify.info/yuprk",yes,No,No
spam,"Vi कस्टमर सर्व्हिस: तुमचा Rs.150 चा रिफंड प्रलंबित आहे, दावा करण्यासाठी क्लिक करा: http://lucky-winner-alert.co/yo3n5",yes,No,No
spam,Blinkit आज 100 लकी कस्टमर्सना फ्री सोन्याचे नाणे देत आहे. तुमचे मिळवण्यासाठी लगेच कॉल करा 7407190302.,No,No,yes
spam,IndiGo लकी ड्रॉ: तुम्ही एक फ्री स्मार्टफोन जिंकला आहे! एक्सपायर होण्यापूर्वी आत्ताच कॉल करा 7793503163.,No,No,yes
spam,Tanishq आज 100 लकी कस्टमर्सना फ्री सोन्याचे नाणे देत आहे. तुमचे मिळवण्यासाठी लगेच कॉल करा 9337216570.,No,No,yes
spam,MakeMyTrip आज 100 लकी कस्टमर्सना फ्री स्मार्टफोन देत आहे. तुमचे मिळवण्यासाठी लगेच कॉल करा 6554106631.,No,No,yes
spam,अभिनंदन! तुमचे Myntra खाते एका फ्री गिफ्ट हॅम्पर (Rs.500) साठी निवडले गेले आहे. आत्ताच दावा करा: http://gift-redeem-now.co.in/odpji,yes,No,No
spam,अभिनंदन! तुमचे Decathlon खाते एका फ्री शॉपिंग व्हाउचर (Rs.200) साठी निवडले गेले आहे. आत्ताच दावा करा: http://lucky-winner-alert.co/g4ywd,yes,No,No
spam,अभिनंदन! तुमचे Amazon खाते एका फ्री सोन्याचे नाणे (Rs.300) साठी निवडले गेले आहे. आत्ताच दावा करा: http://offer4u-claim.online/2ltiv,yes,No,No
spam,"MakeMyTrip कस्टमर सर्व्हिस: तुमचा Rs.100 चा रिफंड प्रलंबित आहे, दावा करण्यासाठी क्लिक करा: http://offer4u-claim.online/76jp8",yes,No,No
spam,अभिनंदन! तुमचे Amazon खाते एका फ्री गिफ्ट हॅम्पर (Rs.300) साठी निवडले गेले आहे. आत्ताच दावा करा: http://gift-redeem-now.co.in/gjrdn,yes,No,No
spam,Vi आज 100 लकी कस्टमर्सना फ्री सोन्याचे नाणे देत आहे. तुमचे मिळवण्यासाठी लगेच कॉल करा 9376616088.,No,No,yes
spam,boAt लकी ड्रॉ: तुम्ही एक फ्री स्मार्टवॉच जिंकला आहे! एक्सपायर होण्यापूर्वी आत्ताच कॉल करा 6601245783.,No,No,yes
spam,Domino's आज 100 लकी कस्टमर्सना फ्री शॉपिंग व्हाउचर देत आहे. तुमचे मिळवण्यासाठी लगेच कॉल करा 8819061784.,No,No,yes
spam,Flipkart लकी ड्रॉ: तुम्ही एक फ्री गिफ्ट हॅम्पर जिंकला आहे! एक्सपायर होण्यापूर्वी आत्ताच कॉल करा 6689746810.,No,No,yes
spam,Jio लकी ड्रॉ: तुम्ही एक फ्री सोन्याचे नाणे जिंकला आहे! एक्सपायर होण्यापूर्वी आत्ताच कॉल करा 6166895707.,No,No,yes
spam,Nykaa लकी ड्रॉ: तुम्ही एक फ्री स्मार्टवॉच जिंकला आहे! एक्सपायर होण्यापूर्वी आत्ताच कॉल करा 6985486365.,No,No,yes
spam,तुम्ही Spotify च्या अ‍ॅनिव्हर्सरी कॉन्टेस्टचे लकी विनर आहात. Rs.250 चे बक्षीस मिळवण्यासाठी तुमची बँक माहिती शेअर करा.,No,No,No
spam,अभिनंदन! तुमचे BookMyShow खाते एका फ्री शॉपिंग व्हाउचर (Rs.150) साठी निवडले गेले आहे. आत्ताच दावा करा: http://lucky-winner-alert.co/gaxfg,yes,No,No
spam,Swiggy आज 100 लकी कस्टमर्सना फ्री स्मार्टवॉच देत आहे. तुमचे मिळवण्यासाठी लगेच कॉल करा 6120268663.,No,No,yes
spam,Titan लकी ड्रॉ: तुम्ही एक फ्री स्मार्टवॉच जिंकला आहे! एक्सपायर होण्यापूर्वी आत्ताच कॉल करा 9627499481.,No,No,yes
spam,PharmEasy लकी ड्रॉ: तुम्ही एक फ्री स्मार्टवॉच जिंकला आहे! एक्सपायर होण्यापूर्वी आत्ताच कॉल करा 9738016275.,No,No,yes
spam,"BigBasket कस्टमर सर्व्हिस: तुमचा Rs.500 चा रिफंड प्रलंबित आहे, दावा करण्यासाठी क्लिक करा: http://lucky-winner-alert.co/3j9vm",yes,No,No
spam,"HDFC Bank कस्टमर सर्व्हिस: तुमचा Rs.200 चा रिफंड प्रलंबित आहे, दावा करण्यासाठी क्लिक करा: http://offer4u-claim.online/rnatt",yes,No,No
spam,"PharmEasy कस्टमर सर्व्हिस: तुमचा Rs.200 चा रिफंड प्रलंबित आहे, दावा करण्यासाठी क्लिक करा: http://gift-redeem-now.co.in/yqq1y",yes,No,No
spam,तुम्ही MakeMyTrip च्या अ‍ॅनिव्हर्सरी कॉन्टेस्टचे लकी विनर आहात. Rs.50 चे बक्षीस मिळवण्यासाठी तुमची बँक माहिती शेअर करा.,No,No,No
spam,अभिनंदन! तुमचे Vi खाते एका फ्री गिफ्ट हॅम्पर (Rs.300) साठी निवडले गेले आहे. आत्ताच दावा करा: http://offer4u-claim.online/vl08e,yes,No,No
spam,CRED आज 100 लकी कस्टमर्सना फ्री शॉपिंग व्हाउचर देत आहे. तुमचे मिळवण्यासाठी लगेच कॉल करा 9959251076.,No,No,yes
spam,अभिनंदन! तुमचे Netflix खाते एका फ्री शॉपिंग व्हाउचर (Rs.100) साठी निवडले गेले आहे. आत्ताच दावा करा: http://lucky-winner-alert.co/holn5,yes,No,No
spam,PhonePe आज 100 लकी कस्टमर्सना फ्री गिफ्ट हॅम्पर देत आहे. तुमचे मिळवण्यासाठी लगेच कॉल करा 8791904375.,No,No,yes
spam,BookMyShow आज 100 लकी कस्टमर्सना फ्री गिफ्ट हॅम्पर देत आहे. तुमचे मिळवण्यासाठी लगेच कॉल करा 9910591030.,No,No,yes
spam,Policybazaar आज 100 लकी कस्टमर्सना फ्री स्मार्टवॉच देत आहे. तुमचे मिळवण्यासाठी लगेच कॉल करा 7643455127.,No,No,yes
spam,Meesho आज 100 लकी कस्टमर्सना फ्री गिफ्ट हॅम्पर देत आहे. तुमचे मिळवण्यासाठी लगेच कॉल करा 8958906760.,No,No,yes
spam,Decathlon लकी ड्रॉ: तुम्ही एक फ्री सोन्याचे नाणे जिंकला आहे! एक्सपायर होण्यापूर्वी आत्ताच कॉल करा 6904393845.,No,No,yes
spam,तुम्ही ICICI Bank च्या अ‍ॅनिव्हर्सरी कॉन्टेस्टचे लकी विनर आहात. Rs.150 चे बक्षीस मिळवण्यासाठी तुमची बँक माहिती शेअर करा.,No,No,No
spam,"CRED कस्टमर सर्व्हिस: तुमचा Rs.150 चा रिफंड प्रलंबित आहे, दावा करण्यासाठी क्लिक करा: http://bonus-cashout.xyz/ef2k8",yes,No,No
spam,"Zomato कस्टमर सर्व्हिस: तुमचा Rs.500 चा रिफंड प्रलंबित आहे, दावा करण्यासाठी क्लिक करा: http://prize-verify.info/4bpn5",yes,No,No
spam,Meesho आज 100 लकी कस्टमर्सना फ्री शॉपिंग व्हाउचर देत आहे. तुमचे मिळवण्यासाठी लगेच कॉल करा 7350684265.,No,No,yes
spam,तुम्ही Myntra च्या अ‍ॅनिव्हर्सरी कॉन्टेस्टचे लकी विनर आहात. Rs.250 चे बक्षीस मिळवण्यासाठी तुमची बँक माहिती शेअर करा.,No,No,No
spam,Policybazaar लकी ड्रॉ: तुम्ही एक फ्री स्मार्टवॉच जिंकला आहे! एक्सपायर होण्यापूर्वी आत्ताच कॉल करा 8689842646.,No,No,yes
spam,"Policybazaar कस्टमर सर्व्हिस: तुमचा Rs.500 चा रिफंड प्रलंबित आहे, दावा करण्यासाठी क्लिक करा: http://lucky-winner-alert.co/8e5lm",yes,No,No
spam,CRED लकी ड्रॉ: तुम्ही एक फ्री शॉपिंग व्हाउचर जिंकला आहे! एक्सपायर होण्यापूर्वी आत्ताच कॉल करा 8670137808.,No,No,yes
spam,Myntra लकी ड्रॉ: तुम्ही एक फ्री शॉपिंग व्हाउचर जिंकला आहे! एक्सपायर होण्यापूर्वी आत्ताच कॉल करा 8018423535.,No,No,yes
spam,IndiGo लकी ड्रॉ: तुम्ही एक फ्री शॉपिंग व्हाउचर जिंकला आहे! एक्सपायर होण्यापूर्वी आत्ताच कॉल करा 6180661984.,No,No,yes
spam,PharmEasy आज 100 लकी कस्टमर्सना फ्री गिफ्ट हॅम्पर देत आहे. तुमचे मिळवण्यासाठी लगेच कॉल करा 6653285818.,No,No,yes
spam,"Swiggy कस्टमर सर्व्हिस: तुमचा Rs.50 चा रिफंड प्रलंबित आहे, दावा करण्यासाठी क्लिक करा: http://bonus-cashout.xyz/l45ol",yes,No,No
spam,"Goibibo कस्टमर सर्व्हिस: तुमचा Rs.150 चा रिफंड प्रलंबित आहे, दावा करण्यासाठी क्लिक करा: http://offer4u-claim.online/pwxa7",yes,No,No
spam,Meesho आज 100 लकी कस्टमर्सना फ्री स्मार्टफोन देत आहे. तुमचे मिळवण्यासाठी लगेच कॉल करा 9876514991.,No,No,yes
spam,Goibibo आज 100 लकी कस्टमर्सना फ्री शॉपिंग व्हाउचर देत आहे. तुमचे मिळवण्यासाठी लगेच कॉल करा 8003683955.,No,No,yes
spam,BigBasket लकी ड्रॉ: तुम्ही एक फ्री शॉपिंग व्हाउचर जिंकला आहे! एक्सपायर होण्यापूर्वी आत्ताच कॉल करा 8907625305.,No,No,yes
spam,Policybazaar लकी ड्रॉ: तुम्ही एक फ्री शॉपिंग व्हाउचर जिंकला आहे! एक्सपायर होण्यापूर्वी आत्ताच कॉल करा 6537339808.,No,No,yes
spam,Flipkart लकी ड्रॉ: तुम्ही एक फ्री गिफ्ट हॅम्पर जिंकला आहे! एक्सपायर होण्यापूर्वी आत्ताच कॉल करा 6794515155.,No,No,yes
spam,अभिनंदन! तुमचे Domino's खाते एका फ्री शॉपिंग व्हाउचर (Rs.50) साठी निवडले गेले आहे. आत्ताच दावा करा: http://bonus-cashout.xyz/d13kb,yes,No,No
spam,Blinkit आज 100 लकी कस्टमर्सना फ्री गिफ्ट हॅम्पर देत आहे. तुमचे मिळवण्यासाठी लगेच कॉल करा 7111858457.,No,No,yes
spam,"ICICI Bank कस्टमर सर्व्हिस: तुमचा Rs.100 चा रिफंड प्रलंबित आहे, दावा करण्यासाठी क्लिक करा: http://bonus-cashout.xyz/liy93",yes,No,No
spam,"Nykaa कस्टमर सर्व्हिस: तुमचा Rs.250 चा रिफंड प्रलंबित आहे, दावा करण्यासाठी क्लिक करा: http://offer4u-claim.online/1sno9",yes,No,No
spam,अभिनंदन! तुमचे Spotify खाते एका फ्री स्मार्टवॉच (Rs.150) साठी निवडले गेले आहे. आत्ताच दावा करा: http://lucky-winner-alert.co/8lfaq,yes,No,No
spam,अभिनंदन! तुमचे Decathlon खाते एका फ्री शॉपिंग व्हाउचर (Rs.150) साठी निवडले गेले आहे. आत्ताच दावा करा: http://gift-redeem-now.co.in/9f5na,yes,No,No
spam,"Disney+ Hotstar कस्टमर सर्व्हिस: तुमचा Rs.500 चा रिफंड प्रलंबित आहे, दावा करण्यासाठी क्लिक करा: http://bonus-cashout.xyz/wwv14",yes,No,No
spam,अभिनंदन! तुमचे Jio खाते एका फ्री स्मार्टफोन (Rs.100) साठी निवडले गेले आहे. आत्ताच दावा करा: http://prize-verify.info/1y8bl,yes,No,No
spam,MakeMyTrip लकी ड्रॉ: तुम्ही एक फ्री सोन्याचे नाणे जिंकला आहे! एक्सपायर होण्यापूर्वी आत्ताच कॉल करा 9206963107.,No,No,yes
spam,Uber आज 100 लकी कस्टमर्सना फ्री शॉपिंग व्हाउचर देत आहे. तुमचे मिळवण्यासाठी लगेच कॉल करा 7124902411.,No,No,yes
spam,अभिनंदन! तुमचे Lenskart खाते एका फ्री गिफ्ट हॅम्पर (Rs.250) साठी निवडले गेले आहे. आत्ताच दावा करा: http://prize-verify.info/p37zw,yes,No,No
spam,Goibibo आज 100 लकी कस्टमर्सना फ्री स्मार्टवॉच देत आहे. तुमचे मिळवण्यासाठी लगेच कॉल करा 6608569163.,No,No,yes
spam,HDFC Bank आज 100 लकी कस्टमर्सना फ्री स्मार्टफोन देत आहे. तुमचे मिळवण्यासाठी लगेच कॉल करा 7328414481.,No,No,yes
spam,तुम्ही Pepperfry च्या अ‍ॅनिव्हर्सरी कॉन्टेस्टचे लकी विनर आहात. Rs.150 चे बक्षीस मिळवण्यासाठी तुमची बँक माहिती शेअर करा.,No,No,No
spam,IndiGo आज 100 लकी कस्टमर्सना फ्री सोन्याचे नाणे देत आहे. तुमचे मिळवण्यासाठी लगेच कॉल करा 6582415280.,No,No,yes
spam,"Myntra कस्टमर सर्व्हिस: तुमचा Rs.250 चा रिफंड प्रलंबित आहे, दावा करण्यासाठी क्लिक करा: http://lucky-winner-alert.co/em2dk",yes,No,No
spam,Zomato लकी ड्रॉ: तुम्ही एक फ्री गिफ्ट हॅम्पर जिंकला आहे! एक्सपायर होण्यापूर्वी आत्ताच कॉल करा 7829578153.,No,No,yes
spam,अभिनंदन! तुमचे BYJU'S खाते एका फ्री स्मार्टवॉच (Rs.200) साठी निवडले गेले आहे. आत्ताच दावा करा: http://offer4u-claim.online/zmd3v,yes,No,No
spam,IRCTC लकी ड्रॉ: तुम्ही एक फ्री स्मार्टफोन जिंकला आहे! एक्सपायर होण्यापूर्वी आत्ताच कॉल करा 7376186954.,No,No,yes
spam,अभिनंदन! तुमचे Airtel खाते एका फ्री शॉपिंग व्हाउचर (Rs.50) साठी निवडले गेले आहे. आत्ताच दावा करा: http://lucky-winner-alert.co/s9wgc,yes,No,No
spam,अभिनंदन! तुमचे CRED खाते एका फ्री शॉपिंग व्हाउचर (Rs.100) साठी निवडले गेले आहे. आत्ताच दावा करा: http://bonus-cashout.xyz/z71dl,yes,No,No
spam,तुम्ही IndiGo च्या अ‍ॅनिव्हर्सरी कॉन्टेस्टचे लकी विनर आहात. Rs.100 चे बक्षीस मिळवण्यासाठी तुमची बँक माहिती शेअर करा.,No,No,No
spam,तुम्ही Unacademy च्या अ‍ॅनिव्हर्सरी कॉन्टेस्टचे लकी विनर आहात. Rs.50 चे बक्षीस मिळवण्यासाठी तुमची बँक माहिती शेअर करा.,No,No,No
spam,अभिनंदन! तुमचे Amazon Prime Video खाते एका फ्री शॉपिंग व्हाउचर (Rs.50) साठी निवडले गेले आहे. आत्ताच दावा करा: http://offer4u-claim.online/xx09c,yes,No,No
spam,"SBI Card कस्टमर सर्व्हिस: तुमचा Rs.300 चा रिफंड प्रलंबित आहे, दावा करण्यासाठी क्लिक करा: http://bonus-cashout.xyz/vnekd",yes,No,No
spam,"Netflix कस्टमर सर्व्हिस: तुमचा Rs.100 चा रिफंड प्रलंबित आहे, दावा करण्यासाठी क्लिक करा: http://prize-verify.info/7x4jp",yes,No,No
spam,"Jio कस्टमर सर्व्हिस: तुमचा Rs.250 चा रिफंड प्रलंबित आहे, दावा करण्यासाठी क्लिक करा: http://lucky-winner-alert.co/m7zrb",yes,No,No
spam,"Axis Bank कस्टमर सर्व्हिस: तुमचा Rs.50 चा रिफंड प्रलंबित आहे, दावा करण्यासाठी क्लिक करा: http://lucky-winner-alert.co/whq50",yes,No,No
spam,अभिनंदन! तुमचे PhonePe खाते एका फ्री शॉपिंग व्हाउचर (Rs.50) साठी निवडले गेले आहे. आत्ताच दावा करा: http://gift-redeem-now.co.in/o4kkb,yes,No,No
spam,तुम्ही Lenskart च्या अ‍ॅनिव्हर्सरी कॉन्टेस्टचे लकी विनर आहात. Rs.500 चे बक्षीस मिळवण्यासाठी तुमची बँक माहिती शेअर करा.,No,No,No
spam,अभिनंदन! तुमचे Flipkart खाते एका फ्री स्मार्टफोन (Rs.200) साठी निवडले गेले आहे. आत्ताच दावा करा: http://bonus-cashout.xyz/dbykt,yes,No,No
spam,अभिनंदन! तुमचे Vi खाते एका फ्री शॉपिंग व्हाउचर (Rs.300) साठी निवडले गेले आहे. आत्ताच दावा करा: http://lucky-winner-alert.co/vcu5t,yes,No,No
spam,BookMyShow आज 100 लकी कस्टमर्सना फ्री स्मार्टफोन देत आहे. तुमचे मिळवण्यासाठी लगेच कॉल करा 9557731315.,No,No,yes
spam,Jio लकी ड्रॉ: तुम्ही एक फ्री गिफ्ट हॅम्पर जिंकला आहे! एक्सपायर होण्यापूर्वी आत्ताच कॉल करा 9415815162.,No,No,yes
spam,"Pepperfry कस्टमर सर्व्हिस: तुमचा Rs.200 चा रिफंड प्रलंबित आहे, दावा करण्यासाठी क्लिक करा: http://prize-verify.info/x4r4d",yes,No,No
spam,"Paytm कस्टमर सर्व्हिस: तुमचा Rs.500 चा रिफंड प्रलंबित आहे, दावा करण्यासाठी क्लिक करा: http://offer4u-claim.online/5s2y0",yes,No,No
spam,Titan आज 100 लकी कस्टमर्सना फ्री स्मार्टफोन देत आहे. तुमचे मिळवण्यासाठी लगेच कॉल करा 7838643950.,No,No,yes
spam,Lenskart लकी ड्रॉ: तुम्ही एक फ्री सोन्याचे नाणे जिंकला आहे! एक्सपायर होण्यापूर्वी आत्ताच कॉल करा 7295689157.,No,No,yes
spam,ICICI Bank आज 100 लकी कस्टमर्सना फ्री स्मार्टफोन देत आहे. तुमचे मिळवण्यासाठी लगेच कॉल करा 9869135377.,No,No,yes
spam,अभिनंदन! तुमचे Jio खाते एका फ्री स्मार्टवॉच (Rs.50) साठी निवडले गेले आहे. आत्ताच दावा करा: http://offer4u-claim.online/8ppbt,yes,No,No
spam,PhonePe लकी ड्रॉ: तुम्ही एक फ्री सोन्याचे नाणे जिंकला आहे! एक्सपायर होण्यापूर्वी आत्ताच कॉल करा 7985165284.,No,No,yes
spam,"Titan कस्टमर सर्व्हिस: तुमचा Rs.300 चा रिफंड प्रलंबित आहे, दावा करण्यासाठी क्लिक करा: http://bonus-cashout.xyz/pfbqb",yes,No,No
spam,Swiggy आज 100 लकी कस्टमर्सना फ्री स्मार्टवॉच देत आहे. तुमचे मिळवण्यासाठी लगेच कॉल करा 8128318196.,No,No,yes
spam,तुम्ही Axis Bank च्या अ‍ॅनिव्हर्सरी कॉन्टेस्टचे लकी विनर आहात. Rs.200 चे बक्षीस मिळवण्यासाठी तुमची बँक माहिती शेअर करा.,No,No,No
spam,"PhonePe कस्टमर सर्व्हिस: तुमचा Rs.300 चा रिफंड प्रलंबित आहे, दावा करण्यासाठी क्लिक करा: http://bonus-cashout.xyz/bkg57",yes,No,No
spam,"Flipkart कस्टमर सर्व्हिस: तुमचा Rs.250 चा रिफंड प्रलंबित आहे, दावा करण्यासाठी क्लिक करा: http://reward-claim24.xyz/1wpxg",yes,No,No
spam,"Titan कस्टमर सर्व्हिस: तुमचा Rs.150 चा रिफंड प्रलंबित आहे, दावा करण्यासाठी क्लिक करा: http://offer4u-claim.online/6g28l",yes,No,No
spam,Jio आज 100 लकी कस्टमर्सना फ्री गिफ्ट हॅम्पर देत आहे. तुमचे मिळवण्यासाठी लगेच कॉल करा 6854735807.,No,No,yes
spam,तुम्ही 1mg च्या अ‍ॅनिव्हर्सरी कॉन्टेस्टचे लकी विनर आहात. Rs.150 चे बक्षीस मिळवण्यासाठी तुमची बँक माहिती शेअर करा.,No,No,No
spam,"Zomato फ्लॅश सेल: सर्व काही 90% सूट, फक्त काही पीसेस शिल्लक! आत्ताच ऑर्डर करण्यासाठी BUY रिप्लाय करा.",No,No,No
spam,Titan लकी ड्रॉ: तुम्ही एक फ्री शॉपिंग व्हाउचर जिंकला आहे! एक्सपायर होण्यापूर्वी आत्ताच कॉल करा 6198385695.,No,No,yes
spam,CRED आज 100 लकी कस्टमर्सना फ्री गिफ्ट हॅम्पर देत आहे. तुमचे मिळवण्यासाठी लगेच कॉल करा 7924985701.,No,No,yes
spam,Amazon Prime Video लकी ड्रॉ: तुम्ही एक फ्री सोन्याचे नाणे जिंकला आहे! एक्सपायर होण्यापूर्वी आत्ताच कॉल करा 6857615106.,No,No,yes
spam,"Swiggy कस्टमर सर्व्हिस: तुमचा Rs.200 चा रिफंड प्रलंबित आहे, दावा करण्यासाठी क्लिक करा: http://offer4u-claim.online/tjjfw",yes,No,No
spam,"Ajio कस्टमर सर्व्हिस: तुमचा Rs.300 चा रिफंड प्रलंबित आहे, दावा करण्यासाठी क्लिक करा: http://reward-claim24.xyz/xkas3",yes,No,No
spam,Titan आज 100 लकी कस्टमर्सना फ्री स्मार्टफोन देत आहे. तुमचे मिळवण्यासाठी लगेच कॉल करा 6304657742.,No,No,yes
spam,तुम्ही BookMyShow च्या अ‍ॅनिव्हर्सरी कॉन्टेस्टचे लकी विनर आहात. Rs.500 चे बक्षीस मिळवण्यासाठी तुमची बँक माहिती शेअर करा.,No,No,No
spam,"Titan कस्टमर सर्व्हिस: तुमचा Rs.500 चा रिफंड प्रलंबित आहे, दावा करण्यासाठी क्लिक करा: http://lucky-winner-alert.co/7091l",yes,No,No
spam,Ajio आज 100 लकी कस्टमर्सना फ्री स्मार्टवॉच देत आहे. तुमचे मिळवण्यासाठी लगेच कॉल करा 8186532091.,No,No,yes
spam,तुम्ही Nykaa च्या अ‍ॅनिव्हर्सरी कॉन्टेस्टचे लकी विनर आहात. Rs.250 चे बक्षीस मिळवण्यासाठी तुमची बँक माहिती शेअर करा.,No,No,No
spam,Ajio लकी ड्रॉ: तुम्ही एक फ्री स्मार्टवॉच जिंकला आहे! एक्सपायर होण्यापूर्वी आत्ताच कॉल करा 6489482708.,No,No,yes
spam,MakeMyTrip लकी ड्रॉ: तुम्ही एक फ्री सोन्याचे नाणे जिंकला आहे! एक्सपायर होण्यापूर्वी आत्ताच कॉल करा 7227770847.,No,No,yes
spam,Meesho आज 100 लकी कस्टमर्सना फ्री सोन्याचे नाणे देत आहे. तुमचे मिळवण्यासाठी लगेच कॉल करा 6422677143.,No,No,yes
spam,"Meesho कस्टमर सर्व्हिस: तुमचा Rs.200 चा रिफंड प्रलंबित आहे, दावा करण्यासाठी क्लिक करा: http://bonus-cashout.xyz/8pwys",yes,No,No
spam,"Ola कस्टमर सर्व्हिस: तुमचा Rs.500 चा रिफंड प्रलंबित आहे, दावा करण्यासाठी क्लिक करा: http://gift-redeem-now.co.in/u2vg4",yes,No,No
spam,"Goibibo कस्टमर सर्व्हिस: तुमचा Rs.200 चा रिफंड प्रलंबित आहे, दावा करण्यासाठी क्लिक करा: http://lucky-winner-alert.co/g5xfr",yes,No,No
spam,"Netflix कस्टमर सर्व्हिस: तुमचा Rs.500 चा रिफंड प्रलंबित आहे, दावा करण्यासाठी क्लिक करा: http://gift-redeem-now.co.in/3z4ry",yes,No,No
spam,अभिनंदन! तुमचे Zomato खाते एका फ्री स्मार्टवॉच (Rs.250) साठी निवडले गेले आहे. आत्ताच दावा करा: http://gift-redeem-now.co.in/056h9,yes,No,No
spam,"ICICI Bank कस्टमर सर्व्हिस: तुमचा Rs.150 चा रिफंड प्रलंबित आहे, दावा करण्यासाठी क्लिक करा: http://reward-claim24.xyz/3sj2u",yes,No,No
spam,boAt लकी ड्रॉ: तुम्ही एक फ्री सोन्याचे नाणे जिंकला आहे! एक्सपायर होण्यापूर्वी आत्ताच कॉल करा 6062533458.,No,No,yes
spam,Airtel लकी ड्रॉ: तुम्ही एक फ्री गिफ्ट हॅम्पर जिंकला आहे! एक्सपायर होण्यापूर्वी आत्ताच कॉल करा 6649437898.,No,No,yes
spam,"Tanishq कस्टमर सर्व्हिस: तुमचा Rs.100 चा रिफंड प्रलंबित आहे, दावा करण्यासाठी क्लिक करा: http://lucky-winner-alert.co/avw1w",yes,No,No
spam,तुम्ही Ajio च्या अ‍ॅनिव्हर्सरी कॉन्टेस्टचे लकी विनर आहात. Rs.50 चे बक्षीस मिळवण्यासाठी तुमची बँक माहिती शेअर करा.,No,No,No
spam,तुम्ही Netflix च्या अ‍ॅनिव्हर्सरी कॉन्टेस्टचे लकी विनर आहात. Rs.150 चे बक्षीस मिळवण्यासाठी तुमची बँक माहिती शेअर करा.,No,No,No
spam,Unacademy लकी ड्रॉ: तुम्ही एक फ्री सोन्याचे नाणे जिंकला आहे! एक्सपायर होण्यापूर्वी आत्ताच कॉल करा 7826959556.,No,No,yes
spam,तुम्ही Vi च्या अ‍ॅनिव्हर्सरी कॉन्टेस्टचे लकी विनर आहात. Rs.100 चे बक्षीस मिळवण्यासाठी तुमची बँक माहिती शेअर करा.,No,No,No
spam,BigBasket लकी ड्रॉ: तुम्ही एक फ्री सोन्याचे नाणे जिंकला आहे! एक्सपायर होण्यापूर्वी आत्ताच कॉल करा 6040345294.,No,No,yes
spam,Meesho आज 100 लकी कस्टमर्सना फ्री शॉपिंग व्हाउचर देत आहे. तुमचे मिळवण्यासाठी लगेच कॉल करा 9889403062.,No,No,yes
spam,अभिनंदन! तुमचे BYJU'S खाते एका फ्री सोन्याचे नाणे (Rs.500) साठी निवडले गेले आहे. आत्ताच दावा करा: http://offer4u-claim.online/b6yiu,yes,No,No
spam,Swiggy आज 100 लकी कस्टमर्सना फ्री स्मार्टफोन देत आहे. तुमचे मिळवण्यासाठी लगेच कॉल करा 9346408666.,No,No,yes
spam,अभिनंदन! तुमचे Jio खाते एका फ्री शॉपिंग व्हाउचर (Rs.100) साठी निवडले गेले आहे. आत्ताच दावा करा: http://gift-redeem-now.co.in/vl84q,yes,No,No
spam,BookMyShow लकी ड्रॉ: तुम्ही एक फ्री स्मार्टफोन जिंकला आहे! एक्सपायर होण्यापूर्वी आत्ताच कॉल करा 7849190613.,No,No,yes
spam,अभिनंदन! तुमचे redBus खाते एका फ्री स्मार्टवॉच (Rs.100) साठी निवडले गेले आहे. आत्ताच दावा करा: http://gift-redeem-now.co.in/r8fsz,yes,No,No
spam,अभिनंदन! तुमचे Zepto खाते एका फ्री स्मार्टफोन (Rs.150) साठी निवडले गेले आहे. आत्ताच दावा करा: http://gift-redeem-now.co.in/iknh2,yes,No,No
spam,अभिनंदन! तुमचे Policybazaar खाते एका फ्री गिफ्ट हॅम्पर (Rs.50) साठी निवडले गेले आहे. आत्ताच दावा करा: http://prize-verify.info/3i8rc,yes,No,No
spam,"Netflix कस्टमर सर्व्हिस: तुमचा Rs.300 चा रिफंड प्रलंबित आहे, दावा करण्यासाठी क्लिक करा: http://bonus-cashout.xyz/qbohc",yes,No,No
spam,"Paytm कस्टमर सर्व्हिस: तुमचा Rs.200 चा रिफंड प्रलंबित आहे, दावा करण्यासाठी क्लिक करा: http://prize-verify.info/h5liq",yes,No,No
spam,अभिनंदन! तुमचे Uber खाते एका फ्री स्मार्टफोन (Rs.500) साठी निवडले गेले आहे. आत्ताच दावा करा: http://offer4u-claim.online/mevzo,yes,No,No
spam,Zepto आज 100 लकी कस्टमर्सना फ्री स्मार्टफोन देत आहे. तुमचे मिळवण्यासाठी लगेच कॉल करा 6417647008.,No,No,yes
spam,IRCTC आज 100 लकी कस्टमर्सना फ्री स्मार्टफोन देत आहे. तुमचे मिळवण्यासाठी लगेच कॉल करा 7788547164.,No,No,yes
spam,Domino's आज 100 लकी कस्टमर्सना फ्री स्मार्टवॉच देत आहे. तुमचे मिळवण्यासाठी लगेच कॉल करा 8741709973.,No,No,yes
spam,redBus आज 100 लकी कस्टमर्सना फ्री स्मार्टफोन देत आहे. तुमचे मिळवण्यासाठी लगेच कॉल करा 9501718426.,No,No,yes
spam,BigBasket लकी ड्रॉ: तुम्ही एक फ्री शॉपिंग व्हाउचर जिंकला आहे! एक्सपायर होण्यापूर्वी आत्ताच कॉल करा 9498493220.,No,No,yes
spam,Netflix लकी ड्रॉ: तुम्ही एक फ्री शॉपिंग व्हाउचर जिंकला आहे! एक्सपायर होण्यापूर्वी आत्ताच कॉल करा 8382963534.,No,No,yes
spam,"Policybazaar कस्टमर सर्व्हिस: तुमचा Rs.500 चा रिफंड प्रलंबित आहे, दावा करण्यासाठी क्लिक करा: http://gift-redeem-now.co.in/gw4rr",yes,No,No
spam,अभिनंदन! तुमचे IRCTC खाते एका फ्री शॉपिंग व्हाउचर (Rs.500) साठी निवडले गेले आहे. आत्ताच दावा करा: http://lucky-winner-alert.co/o84x6,yes,No,No
spam,"Zepto कस्टमर सर्व्हिस: तुमचा Rs.100 चा रिफंड प्रलंबित आहे, दावा करण्यासाठी क्लिक करा: http://gift-redeem-now.co.in/afg3l",yes,No,No
spam,Domino's आज 100 लकी कस्टमर्सना फ्री शॉपिंग व्हाउचर देत आहे. तुमचे मिळवण्यासाठी लगेच कॉल करा 7115479724.,No,No,yes
spam,अभिनंदन! तुमचे Paytm खाते एका फ्री गिफ्ट हॅम्पर (Rs.200) साठी निवडले गेले आहे. आत्ताच दावा करा: http://bonus-cashout.xyz/cjzx2,yes,No,No
spam,तुम्ही BigBasket च्या अ‍ॅनिव्हर्सरी कॉन्टेस्टचे लकी विनर आहात. Rs.100 चे बक्षीस मिळवण्यासाठी तुमची बँक माहिती शेअर करा.,No,No,No
spam,"Uber कस्टमर सर्व्हिस: तुमचा Rs.100 चा रिफंड प्रलंबित आहे, दावा करण्यासाठी क्लिक करा: http://bonus-cashout.xyz/7jivn",yes,No,No
spam,"Myntra कस्टमर सर्व्हिस: तुमचा Rs.50 चा रिफंड प्रलंबित आहे, दावा करण्यासाठी क्लिक करा: http://gift-redeem-now.co.in/kcoon",yes,No,No
spam,अभिनंदन! तुमचे Spotify खाते एका फ्री गिफ्ट हॅम्पर (Rs.150) साठी निवडले गेले आहे. आत्ताच दावा करा: http://lucky-winner-alert.co/batng,yes,No,No
spam,"Airtel कस्टमर सर्व्हिस: तुमचा Rs.200 चा रिफंड प्रलंबित आहे, दावा करण्यासाठी क्लिक करा: http://gift-redeem-now.co.in/48hdd",yes,No,No
spam,PharmEasy आज 100 लकी कस्टमर्सना फ्री स्मार्टवॉच देत आहे. तुमचे मिळवण्यासाठी लगेच कॉल करा 8335926739.,No,No,yes
spam,IRCTC आज 100 लकी कस्टमर्सना फ्री स्मार्टवॉच देत आहे. तुमचे मिळवण्यासाठी लगेच कॉल करा 7980531013.,No,No,yes
spam,BigBasket लकी ड्रॉ: तुम्ही एक फ्री स्मार्टफोन जिंकला आहे! एक्सपायर होण्यापूर्वी आत्ताच कॉल करा 6793010513.,No,No,yes
spam,Myntra लकी ड्रॉ: तुम्ही एक फ्री सोन्याचे नाणे जिंकला आहे! एक्सपायर होण्यापूर्वी आत्ताच कॉल करा 8616915884.,No,No,yes
spam,CRED आज 100 लकी कस्टमर्सना फ्री स्मार्टवॉच देत आहे. तुमचे मिळवण्यासाठी लगेच कॉल करा 7181854862.,No,No,yes
spam,Ajio आज 100 लकी कस्टमर्सना फ्री सोन्याचे नाणे देत आहे. तुमचे मिळवण्यासाठी लगेच कॉल करा 9630386394.,No,No,yes
spam,अभिनंदन! तुमचे BigBasket खाते एका फ्री स्मार्टफोन (Rs.500) साठी निवडले गेले आहे. आत्ताच दावा करा: http://reward-claim24.xyz/8h34k,yes,No,No
spam,IRCTC आज 100 लकी कस्टमर्सना फ्री स्मार्टफोन देत आहे. तुमचे मिळवण्यासाठी लगेच कॉल करा 9839456229.,No,No,yes
spam,"IndiGo कस्टमर सर्व्हिस: तुमचा Rs.50 चा रिफंड प्रलंबित आहे, दावा करण्यासाठी क्लिक करा: http://gift-redeem-now.co.in/x5ehh",yes,No,No
spam,Unacademy लकी ड्रॉ: तुम्ही एक फ्री सोन्याचे नाणे जिंकला आहे! एक्सपायर होण्यापूर्वी आत्ताच कॉल करा 6768731042.,No,No,yes
spam,Disney+ Hotstar आज 100 लकी कस्टमर्सना फ्री शॉपिंग व्हाउचर देत आहे. तुमचे मिळवण्यासाठी लगेच कॉल करा 7849423231.,No,No,yes
spam,अभिनंदन! तुमचे IndiGo खाते एका फ्री शॉपिंग व्हाउचर (Rs.300) साठी निवडले गेले आहे. आत्ताच दावा करा: http://bonus-cashout.xyz/23sqt,yes,No,No
spam,"Nykaa कस्टमर सर्व्हिस: तुमचा Rs.300 चा रिफंड प्रलंबित आहे, दावा करण्यासाठी क्लिक करा: http://bonus-cashout.xyz/u6ugz",yes,No,No
spam,अभिनंदन! तुमचे Meesho खाते एका फ्री सोन्याचे नाणे (Rs.500) साठी निवडले गेले आहे. आत्ताच दावा करा: http://bonus-cashout.xyz/qmzm3,yes,No,No
spam,"Swiggy कस्टमर सर्व्हिस: तुमचा Rs.150 चा रिफंड प्रलंबित आहे, दावा करण्यासाठी क्लिक करा: http://gift-redeem-now.co.in/5abf3",yes,No,No
spam,"Spotify कस्टमर सर्व्हिस: तुमचा Rs.100 चा रिफंड प्रलंबित आहे, दावा करण्यासाठी क्लिक करा: http://bonus-cashout.xyz/jowpu",yes,No,No
spam,Nykaa आज 100 लकी कस्टमर्सना फ्री सोन्याचे नाणे देत आहे. तुमचे मिळवण्यासाठी लगेच कॉल करा 8767242607.,No,No,yes
spam,तुम्ही PharmEasy च्या अ‍ॅनिव्हर्सरी कॉन्टेस्टचे लकी विनर आहात. Rs.50 चे बक्षीस मिळवण्यासाठी तुमची बँक माहिती शेअर करा.,No,No,No
spam,Lenskart आज 100 लकी कस्टमर्सना फ्री स्मार्टफोन देत आहे. तुमचे मिळवण्यासाठी लगेच कॉल करा 7685779410.,No,No,yes
spam,तुम्ही Meesho च्या अ‍ॅनिव्हर्सरी कॉन्टेस्टचे लकी विनर आहात. Rs.300 चे बक्षीस मिळवण्यासाठी तुमची बँक माहिती शेअर करा.,No,No,No
spam,अभिनंदन! तुमचे Swiggy खाते एका फ्री सोन्याचे नाणे (Rs.50) साठी निवडले गेले आहे. आत्ताच दावा करा: http://offer4u-claim.online/i3py4,yes,No,No
spam,तुम्ही Titan च्या अ‍ॅनिव्हर्सरी कॉन्टेस्टचे लकी विनर आहात. Rs.250 चे बक्षीस मिळवण्यासाठी तुमची बँक माहिती शेअर करा.,No,No,No
spam,Unacademy आज 100 लकी कस्टमर्सना फ्री गिफ्ट हॅम्पर देत आहे. तुमचे मिळवण्यासाठी लगेच कॉल करा 9276069867.,No,No,yes
spam,Ola लकी ड्रॉ: तुम्ही एक फ्री स्मार्टवॉच जिंकला आहे! एक्सपायर होण्यापूर्वी आत्ताच कॉल करा 6499601238.,No,No,yes
spam,अभिनंदन! तुमचे Paytm खाते एका फ्री स्मार्टफोन (Rs.50) साठी निवडले गेले आहे. आत्ताच दावा करा: http://reward-claim24.xyz/f2a6e,yes,No,No
spam,Uber लकी ड्रॉ: तुम्ही एक फ्री शॉपिंग व्हाउचर जिंकला आहे! एक्सपायर होण्यापूर्वी आत्ताच कॉल करा 9509673361.,No,No,yes
spam,अभिनंदन! तुमचे cult.fit खाते एका फ्री सोन्याचे नाणे (Rs.500) साठी निवडले गेले आहे. आत्ताच दावा करा: http://prize-verify.info/dzyxm,yes,No,No
spam,तुम्ही Pepperfry च्या अ‍ॅनिव्हर्सरी कॉन्टेस्टचे लकी विनर आहात. Rs.300 चे बक्षीस मिळवण्यासाठी तुमची बँक माहिती शेअर करा.,No,No,No
spam,"Swiggy कस्टमर सर्व्हिस: तुमचा Rs.500 चा रिफंड प्रलंबित आहे, दावा करण्यासाठी क्लिक करा: http://offer4u-claim.online/30hnk",yes,No,No
spam,"Zepto कस्टमर सर्व्हिस: तुमचा Rs.250 चा रिफंड प्रलंबित आहे, दावा करण्यासाठी क्लिक करा: http://reward-claim24.xyz/iyixx",yes,No,No
spam,Pepperfry आज 100 लकी कस्टमर्सना फ्री स्मार्टफोन देत आहे. तुमचे मिळवण्यासाठी लगेच कॉल करा 6206849619.,No,No,yes
spam,MakeMyTrip आज 100 लकी कस्टमर्सना फ्री शॉपिंग व्हाउचर देत आहे. तुमचे मिळवण्यासाठी लगेच कॉल करा 7743814904.,No,No,yes
spam,तुम्ही redBus च्या अ‍ॅनिव्हर्सरी कॉन्टेस्टचे लकी विनर आहात. Rs.300 चे बक्षीस मिळवण्यासाठी तुमची बँक माहिती शेअर करा.,No,No,No
spam,Spotify लकी ड्रॉ: तुम्ही एक फ्री स्मार्टफोन जिंकला आहे! एक्सपायर होण्यापूर्वी आत्ताच कॉल करा 6394623792.,No,No,yes
spam,"Lenskart कस्टमर सर्व्हिस: तुमचा Rs.300 चा रिफंड प्रलंबित आहे, दावा करण्यासाठी क्लिक करा: http://gift-redeem-now.co.in/t0ilt",yes,No,No
spam,अभिनंदन! तुमचे Meesho खाते एका फ्री गिफ्ट हॅम्पर (Rs.250) साठी निवडले गेले आहे. आत्ताच दावा करा: http://prize-verify.info/86ft2,yes,No,No
spam,HDFC Bank आज 100 लकी कस्टमर्सना फ्री स्मार्टफोन देत आहे. तुमचे मिळवण्यासाठी लगेच कॉल करा 7044954211.,No,No,yes
spam,"Amazon Prime Video कस्टमर सर्व्हिस: तुमचा Rs.250 चा रिफंड प्रलंबित आहे, दावा करण्यासाठी क्लिक करा: http://reward-claim24.xyz/7b283",yes,No,No
spam,boAt आज 100 लकी कस्टमर्सना फ्री गिफ्ट हॅम्पर देत आहे. तुमचे मिळवण्यासाठी लगेच कॉल करा 9463879337.,No,No,yes
spam,Ajio आज 100 लकी कस्टमर्सना फ्री सोन्याचे नाणे देत आहे. तुमचे मिळवण्यासाठी लगेच कॉल करा 6989130931.,No,No,yes
spam,Amazon Prime Video आज 100 लकी कस्टमर्सना फ्री सोन्याचे नाणे देत आहे. तुमचे मिळवण्यासाठी लगेच कॉल करा 7180049573.,No,No,yes
spam,BigBasket आज 100 लकी कस्टमर्सना फ्री शॉपिंग व्हाउचर देत आहे. तुमचे मिळवण्यासाठी लगेच कॉल करा 7062713730.,No,No,yes
spam,1mg लकी ड्रॉ: तुम्ही एक फ्री स्मार्टफोन जिंकला आहे! एक्सपायर होण्यापूर्वी आत्ताच कॉल करा 6401402957.,No,No,yes
spam,Airtel लकी ड्रॉ: तुम्ही एक फ्री स्मार्टवॉच जिंकला आहे! एक्सपायर होण्यापूर्वी आत्ताच कॉल करा 9712013805.,No,No,yes
spam,तुम्ही Uber च्या अ‍ॅनिव्हर्सरी कॉन्टेस्टचे लकी विनर आहात. Rs.100 चे बक्षीस मिळवण्यासाठी तुमची बँक माहिती शेअर करा.,No,No,No
spam,तुम्ही CRED च्या अ‍ॅनिव्हर्सरी कॉन्टेस्टचे लकी विनर आहात. Rs.50 चे बक्षीस मिळवण्यासाठी तुमची बँक माहिती शेअर करा.,No,No,No
spam,"PhonePe कस्टमर सर्व्हिस: तुमचा Rs.50 चा रिफंड प्रलंबित आहे, दावा करण्यासाठी क्लिक करा: http://gift-redeem-now.co.in/71x70",yes,No,No
spam,Paytm आज 100 लकी कस्टमर्सना फ्री स्मार्टवॉच देत आहे. तुमचे मिळवण्यासाठी लगेच कॉल करा 8461723468.,No,No,yes
spam,Axis Bank लकी ड्रॉ: तुम्ही एक फ्री सोन्याचे नाणे जिंकला आहे! एक्सपायर होण्यापूर्वी आत्ताच कॉल करा 9261056076.,No,No,yes
spam,Amazon Prime Video लकी ड्रॉ: तुम्ही एक फ्री स्मार्टवॉच जिंकला आहे! एक्सपायर होण्यापूर्वी आत्ताच कॉल करा 8989389983.,No,No,yes
spam,अभिनंदन! तुमचे cult.fit खाते एका फ्री स्मार्टवॉच (Rs.200) साठी निवडले गेले आहे. आत्ताच दावा करा: http://reward-claim24.xyz/2bjdr,yes,No,No
spam,अभिनंदन! तुमचे BigBasket खाते एका फ्री गिफ्ट हॅम्पर (Rs.250) साठी निवडले गेले आहे. आत्ताच दावा करा: http://lucky-winner-alert.co/bbqeg,yes,No,No
spam,तुम्ही Ola च्या अ‍ॅनिव्हर्सरी कॉन्टेस्टचे लकी विनर आहात. Rs.50 चे बक्षीस मिळवण्यासाठी तुमची बँक माहिती शेअर करा.,No,No,No
spam,Meesho लकी ड्रॉ: तुम्ही एक फ्री सोन्याचे नाणे जिंकला आहे! एक्सपायर होण्यापूर्वी आत्ताच कॉल करा 6735369318.,No,No,yes
spam,अभिनंदन! तुमचे Spotify खाते एका फ्री शॉपिंग व्हाउचर (Rs.200) साठी निवडले गेले आहे. आत्ताच दावा करा: http://reward-claim24.xyz/e5hto,yes,No,No
spam,Domino's लकी ड्रॉ: तुम्ही एक फ्री गिफ्ट हॅम्पर जिंकला आहे! एक्सपायर होण्यापूर्वी आत्ताच कॉल करा 6788588632.,No,No,yes
spam,तुम्ही Unacademy च्या अ‍ॅनिव्हर्सरी कॉन्टेस्टचे लकी विनर आहात. Rs.300 चे बक्षीस मिळवण्यासाठी तुमची बँक माहिती शेअर करा.,No,No,No
spam,Amazon आज 100 लकी कस्टमर्सना फ्री शॉपिंग व्हाउचर देत आहे. तुमचे मिळवण्यासाठी लगेच कॉल करा 6663190324.,No,No,yes
spam,अभिनंदन! तुमचे Axis Bank खाते एका फ्री शॉपिंग व्हाउचर (Rs.200) साठी निवडले गेले आहे. आत्ताच दावा करा: http://prize-verify.info/daj97,yes,No,No
spam,"BigBasket कस्टमर सर्व्हिस: तुमचा Rs.200 चा रिफंड प्रलंबित आहे, दावा करण्यासाठी क्लिक करा: http://offer4u-claim.online/bk2r0",yes,No,No
spam,"Vi कस्टमर सर्व्हिस: तुमचा Rs.100 चा रिफंड प्रलंबित आहे, दावा करण्यासाठी क्लिक करा: http://prize-verify.info/5si9v",yes,No,No
spam,"BigBasket कस्टमर सर्व्हिस: तुमचा Rs.50 चा रिफंड प्रलंबित आहे, दावा करण्यासाठी क्लिक करा: http://lucky-winner-alert.co/94lrl",yes,No,No
spam,तुम्ही BookMyShow च्या अ‍ॅनिव्हर्सरी कॉन्टेस्टचे लकी विनर आहात. Rs.100 चे बक्षीस मिळवण्यासाठी तुमची बँक माहिती शेअर करा.,No,No,No
spam,अभिनंदन! तुमचे redBus खाते एका फ्री स्मार्टफोन (Rs.100) साठी निवडले गेले आहे. आत्ताच दावा करा: http://reward-claim24.xyz/77v4p,yes,No,No
spam,Spotify आज 100 लकी कस्टमर्सना फ्री सोन्याचे नाणे देत आहे. तुमचे मिळवण्यासाठी लगेच कॉल करा 9283996511.,No,No,yes
spam,Vi लकी ड्रॉ: तुम्ही एक फ्री स्मार्टवॉच जिंकला आहे! एक्सपायर होण्यापूर्वी आत्ताच कॉल करा 6093527453.,No,No,yes
spam,अभिनंदन! तुमचे Amazon Prime Video खाते एका फ्री शॉपिंग व्हाउचर (Rs.150) साठी निवडले गेले आहे. आत्ताच दावा करा: http://lucky-winner-alert.co/hf0zw,yes,No,No
spam,अभिनंदन! तुमचे Vi खाते एका फ्री स्मार्टफोन (Rs.150) साठी निवडले गेले आहे. आत्ताच दावा करा: http://bonus-cashout.xyz/ra7bz,yes,No,No
spam,Spotify लकी ड्रॉ: तुम्ही एक फ्री शॉपिंग व्हाउचर जिंकला आहे! एक्सपायर होण्यापूर्वी आत्ताच कॉल करा 6285592670.,No,No,yes
spam,SBI Card लकी ड्रॉ: तुम्ही एक फ्री शॉपिंग व्हाउचर जिंकला आहे! एक्सपायर होण्यापूर्वी आत्ताच कॉल करा 9477034950.,No,No,yes
spam,Ajio लकी ड्रॉ: तुम्ही एक फ्री सोन्याचे नाणे जिंकला आहे! एक्सपायर होण्यापूर्वी आत्ताच कॉल करा 9513927882.,No,No,yes
spam,"Titan कस्टमर सर्व्हिस: तुमचा Rs.250 चा रिफंड प्रलंबित आहे, दावा करण्यासाठी क्लिक करा: http://reward-claim24.xyz/4e1xt",yes,No,No
spam,अभिनंदन! तुमचे Domino's खाते एका फ्री स्मार्टफोन (Rs.200) साठी निवडले गेले आहे. आत्ताच दावा करा: http://offer4u-claim.online/sv9jw,yes,No,No
spam,तुम्ही IndiGo च्या अ‍ॅनिव्हर्सरी कॉन्टेस्टचे लकी विनर आहात. Rs.200 चे बक्षीस मिळवण्यासाठी तुमची बँक माहिती शेअर करा.,No,No,No
spam,Spotify आज 100 लकी कस्टमर्सना फ्री सोन्याचे नाणे देत आहे. तुमचे मिळवण्यासाठी लगेच कॉल करा 7046287889.,No,No,yes
spam,अभिनंदन! तुमचे BigBasket खाते एका फ्री सोन्याचे नाणे (Rs.300) साठी निवडले गेले आहे. आत्ताच दावा करा: http://gift-redeem-now.co.in/viw9b,yes,No,No
spam,Tanishq लकी ड्रॉ: तुम्ही एक फ्री स्मार्टफोन जिंकला आहे! एक्सपायर होण्यापूर्वी आत्ताच कॉल करा 8793818139.,No,No,yes
spam,cult.fit लकी ड्रॉ: तुम्ही एक फ्री गिफ्ट हॅम्पर जिंकला आहे! एक्सपायर होण्यापूर्वी आत्ताच कॉल करा 7056684413.,No,No,yes
spam,Unacademy लकी ड्रॉ: तुम्ही एक फ्री स्मार्टफोन जिंकला आहे! एक्सपायर होण्यापूर्वी आत्ताच कॉल करा 8595266053.,No,No,yes
spam,Pepperfry आज 100 लकी कस्टमर्सना फ्री शॉपिंग व्हाउचर देत आहे. तुमचे मिळवण्यासाठी लगेच कॉल करा 9503703434.,No,No,yes
spam,Lenskart लकी ड्रॉ: तुम्ही एक फ्री गिफ्ट हॅम्पर जिंकला आहे! एक्सपायर होण्यापूर्वी आत्ताच कॉल करा 7507697999.,No,No,yes
spam,Titan लकी ड्रॉ: तुम्ही एक फ्री गिफ्ट हॅम्पर जिंकला आहे! एक्सपायर होण्यापूर्वी आत्ताच कॉल करा 8951216596.,No,No,yes
spam,Meesho आज 100 लकी कस्टमर्सना फ्री स्मार्टफोन देत आहे. तुमचे मिळवण्यासाठी लगेच कॉल करा 9194981963.,No,No,yes
spam,अभिनंदन! तुमचे BigBasket खाते एका फ्री स्मार्टवॉच (Rs.250) साठी निवडले गेले आहे. आत्ताच दावा करा: http://lucky-winner-alert.co/ve927,yes,No,No
spam,अभिनंदन! तुमचे Unacademy खाते एका फ्री सोन्याचे नाणे (Rs.200) साठी निवडले गेले आहे. आत्ताच दावा करा: http://prize-verify.info/yxji2,yes,No,No
spam,"Disney+ Hotstar कस्टमर सर्व्हिस: तुमचा Rs.300 चा रिफंड प्रलंबित आहे, दावा करण्यासाठी क्लिक करा: http://offer4u-claim.online/vm2ix",yes,No,No
spam,Netflix आज 100 लकी कस्टमर्सना फ्री शॉपिंग व्हाउचर देत आहे. तुमचे मिळवण्यासाठी लगेच कॉल करा 8709260671.,No,No,yes
spam,Jio लकी ड्रॉ: तुम्ही एक फ्री शॉपिंग व्हाउचर जिंकला आहे! एक्सपायर होण्यापूर्वी आत्ताच कॉल करा 8692314051.,No,No,yes
spam,Axis Bank लकी ड्रॉ: तुम्ही एक फ्री स्मार्टवॉच जिंकला आहे! एक्सपायर होण्यापूर्वी आत्ताच कॉल करा 6126786566.,No,No,yes
spam,PharmEasy लकी ड्रॉ: तुम्ही एक फ्री स्मार्टफोन जिंकला आहे! एक्सपायर होण्यापूर्वी आत्ताच कॉल करा 6856399302.,No,No,yes
spam,"BookMyShow कस्टमर सर्व्हिस: तुमचा Rs.200 चा रिफंड प्रलंबित आहे, दावा करण्यासाठी क्लिक करा: http://gift-redeem-now.co.in/fp96b",yes,No,No
spam,"IRCTC कस्टमर सर्व्हिस: तुमचा Rs.250 चा रिफंड प्रलंबित आहे, दावा करण्यासाठी क्लिक करा: http://bonus-cashout.xyz/l8uq0",yes,No,No
spam,Ajio लकी ड्रॉ: तुम्ही एक फ्री गिफ्ट हॅम्पर जिंकला आहे! एक्सपायर होण्यापूर्वी आत्ताच कॉल करा 9884826406.,No,No,yes
spam,अभिनंदन! तुमचे Decathlon खाते एका फ्री शॉपिंग व्हाउचर (Rs.250) साठी निवडले गेले आहे. आत्ताच दावा करा: http://reward-claim24.xyz/b7ec5,yes,No,No
spam,PharmEasy आज 100 लकी कस्टमर्सना फ्री स्मार्टफोन देत आहे. तुमचे मिळवण्यासाठी लगेच कॉल करा 9894861455.,No,No,yes
spam,Nykaa आज 100 लकी कस्टमर्सना फ्री स्मार्टफोन देत आहे. तुमचे मिळवण्यासाठी लगेच कॉल करा 9523924340.,No,No,yes
spam,Nykaa आज 100 लकी कस्टमर्सना फ्री सोन्याचे नाणे देत आहे. तुमचे मिळवण्यासाठी लगेच कॉल करा 9991353893.,No,No,yes
spam,Ola लकी ड्रॉ: तुम्ही एक फ्री गिफ्ट हॅम्पर जिंकला आहे! एक्सपायर होण्यापूर्वी आत्ताच कॉल करा 7529632314.,No,No,yes
spam,Domino's लकी ड्रॉ: तुम्ही एक फ्री स्मार्टफोन जिंकला आहे! एक्सपायर होण्यापूर्वी आत्ताच कॉल करा 9175566947.,No,No,yes
spam,Swiggy लकी ड्रॉ: तुम्ही एक फ्री स्मार्टवॉच जिंकला आहे! एक्सपायर होण्यापूर्वी आत्ताच कॉल करा 7282188420.,No,No,yes
spam,Amazon Prime Video लकी ड्रॉ: तुम्ही एक फ्री गिफ्ट हॅम्पर जिंकला आहे! एक्सपायर होण्यापूर्वी आत्ताच कॉल करा 6521868650.,No,No,yes
spam,तुम्ही Tanishq च्या अ‍ॅनिव्हर्सरी कॉन्टेस्टचे लकी विनर आहात. Rs.300 चे बक्षीस मिळवण्यासाठी तुमची बँक माहिती शेअर करा.,No,No,No
spam,अभिनंदन! तुमचे Zepto खाते एका फ्री शॉपिंग व्हाउचर (Rs.50) साठी निवडले गेले आहे. आत्ताच दावा करा: http://prize-verify.info/mn59d,yes,No,No
spam,IRCTC लकी ड्रॉ: तुम्ही एक फ्री स्मार्टफोन जिंकला आहे! एक्सपायर होण्यापूर्वी आत्ताच कॉल करा 8468493969.,No,No,yes
spam,अभिनंदन! तुमचे Ola खाते एका फ्री स्मार्टवॉच (Rs.50) साठी निवडले गेले आहे. आत्ताच दावा करा: http://gift-redeem-now.co.in/6albk,yes,No,No
spam,Uber आज 100 लकी कस्टमर्सना फ्री सोन्याचे नाणे देत आहे. तुमचे मिळवण्यासाठी लगेच कॉल करा 7497590748.,No,No,yes
spam,Swiggy आज 100 लकी कस्टमर्सना फ्री गिफ्ट हॅम्पर देत आहे. तुमचे मिळवण्यासाठी लगेच कॉल करा 7896644841.,No,No,yes
spam,PharmEasy लकी ड्रॉ: तुम्ही एक फ्री शॉपिंग व्हाउचर जिंकला आहे! एक्सपायर होण्यापूर्वी आत्ताच कॉल करा 6759311722.,No,No,yes
spam,तुम्ही Disney+ Hotstar च्या अ‍ॅनिव्हर्सरी कॉन्टेस्टचे लकी विनर आहात. Rs.200 चे बक्षीस मिळवण्यासाठी तुमची बँक माहिती शेअर करा.,No,No,No
spam,अभिनंदन! तुमचे Decathlon खाते एका फ्री गिफ्ट हॅम्पर (Rs.500) साठी निवडले गेले आहे. आत्ताच दावा करा: http://lucky-winner-alert.co/gm3dq,yes,No,No
spam,Tanishq आज 100 लकी कस्टमर्सना फ्री स्मार्टवॉच देत आहे. तुमचे मिळवण्यासाठी लगेच कॉल करा 9116503504.,No,No,yes
spam,"Decathlon कस्टमर सर्व्हिस: तुमचा Rs.150 चा रिफंड प्रलंबित आहे, दावा करण्यासाठी क्लिक करा: http://prize-verify.info/rmiop",yes,No,No
spam,Titan लकी ड्रॉ: तुम्ही एक फ्री स्मार्टफोन जिंकला आहे! एक्सपायर होण्यापूर्वी आत्ताच कॉल करा 7348875707.,No,No,yes
spam,Flipkart लकी ड्रॉ: तुम्ही एक फ्री स्मार्टवॉच जिंकला आहे! एक्सपायर होण्यापूर्वी आत्ताच कॉल करा 6094604742.,No,No,yes
spam,Amazon Prime Video लकी ड्रॉ: तुम्ही एक फ्री स्मार्टफोन जिंकला आहे! एक्सपायर होण्यापूर्वी आत्ताच कॉल करा 7776261489.,No,No,yes
spam,तुम्ही Airtel च्या अ‍ॅनिव्हर्सरी कॉन्टेस्टचे लकी विनर आहात. Rs.300 चे बक्षीस मिळवण्यासाठी तुमची बँक माहिती शेअर करा.,No,No,No
spam,अभिनंदन! तुमचे Policybazaar खाते एका फ्री स्मार्टवॉच (Rs.150) साठी निवडले गेले आहे. आत्ताच दावा करा: http://offer4u-claim.online/084qf,yes,No,No
spam,BigBasket लकी ड्रॉ: तुम्ही एक फ्री शॉपिंग व्हाउचर जिंकला आहे! एक्सपायर होण्यापूर्वी आत्ताच कॉल करा 8317939873.,No,No,yes
spam,"Amazon Prime Video कस्टमर सर्व्हिस: तुमचा Rs.200 चा रिफंड प्रलंबित आहे, दावा करण्यासाठी क्लिक करा: http://offer4u-claim.online/djosr",yes,No,No
spam,Spotify लकी ड्रॉ: तुम्ही एक फ्री शॉपिंग व्हाउचर जिंकला आहे! एक्सपायर होण्यापूर्वी आत्ताच कॉल करा 6605173487.,No,No,yes
spam,MakeMyTrip लकी ड्रॉ: तुम्ही एक फ्री स्मार्टवॉच जिंकला आहे! एक्सपायर होण्यापूर्वी आत्ताच कॉल करा 8051004873.,No,No,yes
spam,अभिनंदन! तुमचे cult.fit खाते एका फ्री स्मार्टफोन (Rs.500) साठी निवडले गेले आहे. आत्ताच दावा करा: http://bonus-cashout.xyz/wxlei,yes,No,No
spam,अभिनंदन! तुमचे IRCTC खाते एका फ्री स्मार्टफोन (Rs.100) साठी निवडले गेले आहे. आत्ताच दावा करा: http://prize-verify.info/7cjt1,yes,No,No
spam,तुम्ही Nykaa च्या अ‍ॅनिव्हर्सरी कॉन्टेस्टचे लकी विनर आहात. Rs.100 चे बक्षीस मिळवण्यासाठी तुमची बँक माहिती शेअर करा.,No,No,No
spam,Uber आज 100 लकी कस्टमर्सना फ्री सोन्याचे नाणे देत आहे. तुमचे मिळवण्यासाठी लगेच कॉल करा 6646994970.,No,No,yes
spam,"Policybazaar कस्टमर सर्व्हिस: तुमचा Rs.300 चा रिफंड प्रलंबित आहे, दावा करण्यासाठी क्लिक करा: http://lucky-winner-alert.co/3bw56",yes,No,No
spam,Blinkit आज 100 लकी कस्टमर्सना फ्री शॉपिंग व्हाउचर देत आहे. तुमचे मिळवण्यासाठी लगेच कॉल करा 7647642327.,No,No,yes
spam,HDFC Bank आज 100 लकी कस्टमर्सना फ्री शॉपिंग व्हाउचर देत आहे. तुमचे मिळवण्यासाठी लगेच कॉल करा 9452296573.,No,No,yes
spam,अभिनंदन! तुमचे IRCTC खाते एका फ्री स्मार्टफोन (Rs.50) साठी निवडले गेले आहे. आत्ताच दावा करा: http://lucky-winner-alert.co/6zob2,yes,No,No
spam,Netflix लकी ड्रॉ: तुम्ही एक फ्री स्मार्टफोन जिंकला आहे! एक्सपायर होण्यापूर्वी आत्ताच कॉल करा 6352728556.,No,No,yes
spam,Ajio आज 100 लकी कस्टमर्सना फ्री स्मार्टफोन देत आहे. तुमचे मिळवण्यासाठी लगेच कॉल करा 9187235980.,No,No,yes
spam,"1mg कस्टमर सर्व्हिस: तुमचा Rs.200 चा रिफंड प्रलंबित आहे, दावा करण्यासाठी क्लिक करा: http://offer4u-claim.online/apipw",yes,No,No
spam,"Zepto कस्टमर सर्व्हिस: तुमचा Rs.100 चा रिफंड प्रलंबित आहे, दावा करण्यासाठी क्लिक करा: http://gift-redeem-now.co.in/4qouv",yes,No,No
spam,Disney+ Hotstar आज 100 लकी कस्टमर्सना फ्री स्मार्टवॉच देत आहे. तुमचे मिळवण्यासाठी लगेच कॉल करा 8368095124.,No,No,yes
spam,अभिनंदन! तुमचे redBus खाते एका फ्री स्मार्टफोन (Rs.250) साठी निवडले गेले आहे. आत्ताच दावा करा: http://lucky-winner-alert.co/z8s0t,yes,No,No
spam,Decathlon लकी ड्रॉ: तुम्ही एक फ्री गिफ्ट हॅम्पर जिंकला आहे! एक्सपायर होण्यापूर्वी आत्ताच कॉल करा 6773472041.,No,No,yes
spam,IRCTC लकी ड्रॉ: तुम्ही एक फ्री सोन्याचे नाणे जिंकला आहे! एक्सपायर होण्यापूर्वी आत्ताच कॉल करा 6035316480.,No,No,yes
spam,अभिनंदन! तुमचे redBus खाते एका फ्री स्मार्टफोन (Rs.150) साठी निवडले गेले आहे. आत्ताच दावा करा: http://prize-verify.info/429my,yes,No,No
spam,BookMyShow लकी ड्रॉ: तुम्ही एक फ्री सोन्याचे नाणे जिंकला आहे! एक्सपायर होण्यापूर्वी आत्ताच कॉल करा 8604958245.,No,No,yes
spam,BookMyShow आज 100 लकी कस्टमर्सना फ्री स्मार्टवॉच देत आहे. तुमचे मिळवण्यासाठी लगेच कॉल करा 9829291951.,No,No,yes
spam,तुम्ही SBI Card च्या अ‍ॅनिव्हर्सरी कॉन्टेस्टचे लकी विनर आहात. Rs.250 चे बक्षीस मिळवण्यासाठी तुमची बँक माहिती शेअर करा.,No,No,No
spam,Titan आज 100 लकी कस्टमर्सना फ्री शॉपिंग व्हाउचर देत आहे. तुमचे मिळवण्यासाठी लगेच कॉल करा 8141408620.,No,No,yes
spam,PhonePe लकी ड्रॉ: तुम्ही एक फ्री सोन्याचे नाणे जिंकला आहे! एक्सपायर होण्यापूर्वी आत्ताच कॉल करा 7105270631.,No,No,yes
spam,"Titan कस्टमर सर्व्हिस: तुमचा Rs.300 चा रिफंड प्रलंबित आहे, दावा करण्यासाठी क्लिक करा: http://gift-redeem-now.co.in/orsse",yes,No,No
spam,तुम्ही Vi च्या अ‍ॅनिव्हर्सरी कॉन्टेस्टचे लकी विनर आहात. Rs.300 चे बक्षीस मिळवण्यासाठी तुमची बँक माहिती शेअर करा.,No,No,No
spam,Tanishq आज 100 लकी कस्टमर्सना फ्री स्मार्टवॉच देत आहे. तुमचे मिळवण्यासाठी लगेच कॉल करा 6560829189.,No,No,yes
spam,अभिनंदन! तुमचे IndiGo खाते एका फ्री स्मार्टवॉच (Rs.200) साठी निवडले गेले आहे. आत्ताच दावा करा: http://gift-redeem-now.co.in/mkiqj,yes,No,No
spam,"IndiGo कस्टमर सर्व्हिस: तुमचा Rs.500 चा रिफंड प्रलंबित आहे, दावा करण्यासाठी क्लिक करा: http://bonus-cashout.xyz/oshsw",yes,No,No
spam,SBI Card आज 100 लकी कस्टमर्सना फ्री स्मार्टफोन देत आहे. तुमचे मिळवण्यासाठी लगेच कॉल करा 8815441917.,No,No,yes
spam,अभिनंदन! तुमचे Lenskart खाते एका फ्री गिफ्ट हॅम्पर (Rs.100) साठी निवडले गेले आहे. आत्ताच दावा करा: http://bonus-cashout.xyz/k1slg,yes,No,No
spam,"Disney+ Hotstar कस्टमर सर्व्हिस: तुमचा Rs.100 चा रिफंड प्रलंबित आहे, दावा करण्यासाठी क्लिक करा: http://reward-claim24.xyz/2dav4",yes,No,No
spam,Meesho लकी ड्रॉ: तुम्ही एक फ्री सोन्याचे नाणे जिंकला आहे! एक्सपायर होण्यापूर्वी आत्ताच कॉल करा 8290633378.,No,No,yes
spam,"Lenskart कस्टमर सर्व्हिस: तुमचा Rs.100 चा रिफंड प्रलंबित आहे, दावा करण्यासाठी क्लिक करा: http://gift-redeem-now.co.in/1wvsy",yes,No,No
spam,अभिनंदन! तुमचे Ajio खाते एका फ्री शॉपिंग व्हाउचर (Rs.500) साठी निवडले गेले आहे. आत्ताच दावा करा: http://gift-redeem-now.co.in/xhp1r,yes,No,No
spam,1mg लकी ड्रॉ: तुम्ही एक फ्री स्मार्टवॉच जिंकला आहे! एक्सपायर होण्यापूर्वी आत्ताच कॉल करा 7148690744.,No,No,yes
spam,अभिनंदन! तुमचे ICICI Bank खाते एका फ्री स्मार्टफोन (Rs.150) साठी निवडले गेले आहे. आत्ताच दावा करा: http://reward-claim24.xyz/5jlg9,yes,No,No
spam,अभिनंदन! तुमचे boAt खाते एका फ्री सोन्याचे नाणे (Rs.250) साठी निवडले गेले आहे. आत्ताच दावा करा: http://bonus-cashout.xyz/1vlsj,yes,No,No
spam,Titan लकी ड्रॉ: तुम्ही एक फ्री सोन्याचे नाणे जिंकला आहे! एक्सपायर होण्यापूर्वी आत्ताच कॉल करा 9099781667.,No,No,yes
spam,तुम्ही Netflix च्या अ‍ॅनिव्हर्सरी कॉन्टेस्टचे लकी विनर आहात. Rs.200 चे बक्षीस मिळवण्यासाठी तुमची बँक माहिती शेअर करा.,No,No,No
spam,1mg आज 100 लकी कस्टमर्सना फ्री सोन्याचे नाणे देत आहे. तुमचे मिळवण्यासाठी लगेच कॉल करा 9097223826.,No,No,yes
spam,"redBus कस्टमर सर्व्हिस: तुमचा Rs.500 चा रिफंड प्रलंबित आहे, दावा करण्यासाठी क्लिक करा: http://gift-redeem-now.co.in/3l9z9",yes,No,No
spam,"Airtel कस्टमर सर्व्हिस: तुमचा Rs.50 चा रिफंड प्रलंबित आहे, दावा करण्यासाठी क्लिक करा: http://gift-redeem-now.co.in/kn2ua",yes,No,No
spam,"Zomato कस्टमर सर्व्हिस: तुमचा Rs.200 चा रिफंड प्रलंबित आहे, दावा करण्यासाठी क्लिक करा: http://gift-redeem-now.co.in/3gua2",yes,No,No
spam,"IndiGo कस्टमर सर्व्हिस: तुमचा Rs.200 चा रिफंड प्रलंबित आहे, दावा करण्यासाठी क्लिक करा: http://bonus-cashout.xyz/6sdnp",yes,No,No
spam,"Goibibo कस्टमर सर्व्हिस: तुमचा Rs.250 चा रिफंड प्रलंबित आहे, दावा करण्यासाठी क्लिक करा: http://lucky-winner-alert.co/af3x6",yes,No,No
spam,PharmEasy लकी ड्रॉ: तुम्ही एक फ्री शॉपिंग व्हाउचर जिंकला आहे! एक्सपायर होण्यापूर्वी आत्ताच कॉल करा 9249540782.,No,No,yes
spam,"boAt कस्टमर सर्व्हिस: तुमचा Rs.50 चा रिफंड प्रलंबित आहे, दावा करण्यासाठी क्लिक करा: http://offer4u-claim.online/m6v79",yes,No,No
spam,Decathlon आज 100 लकी कस्टमर्सना फ्री स्मार्टवॉच देत आहे. तुमचे मिळवण्यासाठी लगेच कॉल करा 6688958826.,No,No,yes
spam,SBI Card लकी ड्रॉ: तुम्ही एक फ्री स्मार्टवॉच जिंकला आहे! एक्सपायर होण्यापूर्वी आत्ताच कॉल करा 9152812600.,No,No,yes
spam,Pepperfry लकी ड्रॉ: तुम्ही एक फ्री गिफ्ट हॅम्पर जिंकला आहे! एक्सपायर होण्यापूर्वी आत्ताच कॉल करा 9849131348.,No,No,yes
spam,"Netflix कस्टमर सर्व्हिस: तुमचा Rs.150 चा रिफंड प्रलंबित आहे, दावा करण्यासाठी क्लिक करा: http://reward-claim24.xyz/qxuse",yes,No,No
spam,1mg आज 100 लकी कस्टमर्सना फ्री स्मार्टवॉच देत आहे. तुमचे मिळवण्यासाठी लगेच कॉल करा 7546653149.,No,No,yes
spam,तुम्ही Meesho च्या अ‍ॅनिव्हर्सरी कॉन्टेस्टचे लकी विनर आहात. Rs.150 चे बक्षीस मिळवण्यासाठी तुमची बँक माहिती शेअर करा.,No,No,No
spam,अभिनंदन! तुमचे Jio खाते एका फ्री शॉपिंग व्हाउचर (Rs.200) साठी निवडले गेले आहे. आत्ताच दावा करा: http://lucky-winner-alert.co/e37m3,yes,No,No
spam,अभिनंदन! तुमचे Titan खाते एका फ्री गिफ्ट हॅम्पर (Rs.300) साठी निवडले गेले आहे. आत्ताच दावा करा: http://reward-claim24.xyz/4hura,yes,No,No
spam,अभिनंदन! तुमचे Vi खाते एका फ्री स्मार्टवॉच (Rs.100) साठी निवडले गेले आहे. आत्ताच दावा करा: http://bonus-cashout.xyz/3wsfb,yes,No,No
spam,cult.fit आज 100 लकी कस्टमर्सना फ्री गिफ्ट हॅम्पर देत आहे. तुमचे मिळवण्यासाठी लगेच कॉल करा 6484222045.,No,No,yes
spam,"IndiGo कस्टमर सर्व्हिस: तुमचा Rs.500 चा रिफंड प्रलंबित आहे, दावा करण्यासाठी क्लिक करा: http://bonus-cashout.xyz/n2tlo",yes,No,No
spam,"Amazon कस्टमर सर्व्हिस: तुमचा Rs.100 चा रिफंड प्रलंबित आहे, दावा करण्यासाठी क्लिक करा: http://offer4u-claim.online/aaicw",yes,No,No
spam,BigBasket लकी ड्रॉ: तुम्ही एक फ्री सोन्याचे नाणे जिंकला आहे! एक्सपायर होण्यापूर्वी आत्ताच कॉल करा 7198652892.,No,No,yes
spam,तुम्ही 1mg च्या अ‍ॅनिव्हर्सरी कॉन्टेस्टचे लकी विनर आहात. Rs.500 चे बक्षीस मिळवण्यासाठी तुमची बँक माहिती शेअर करा.,No,No,No
spam,तुम्ही cult.fit च्या अ‍ॅनिव्हर्सरी कॉन्टेस्टचे लकी विनर आहात. Rs.150 चे बक्षीस मिळवण्यासाठी तुमची बँक माहिती शेअर करा.,No,No,No
spam,अभिनंदन! तुमचे Policybazaar खाते एका फ्री शॉपिंग व्हाउचर (Rs.50) साठी निवडले गेले आहे. आत्ताच दावा करा: http://lucky-winner-alert.co/cubb6,yes,No,No
spam,ICICI Bank लकी ड्रॉ: तुम्ही एक फ्री गिफ्ट हॅम्पर जिंकला आहे! एक्सपायर होण्यापूर्वी आत्ताच कॉल करा 7862496720.,No,No,yes
spam,Domino's लकी ड्रॉ: तुम्ही एक फ्री स्मार्टवॉच जिंकला आहे! एक्सपायर होण्यापूर्वी आत्ताच कॉल करा 6561095545.,No,No,yes
spam,Spotify लकी ड्रॉ: तुम्ही एक फ्री शॉपिंग व्हाउचर जिंकला आहे! एक्सपायर होण्यापूर्वी आत्ताच कॉल करा 6925012495.,No,No,yes
spam,Swiggy आज 100 लकी कस्टमर्सना फ्री स्मार्टवॉच देत आहे. तुमचे मिळवण्यासाठी लगेच कॉल करा 8375421020.,No,No,yes
spam,"1mg कस्टमर सर्व्हिस: तुमचा Rs.150 चा रिफंड प्रलंबित आहे, दावा करण्यासाठी क्लिक करा: http://prize-verify.info/ceti8",yes,No,No
spam,IndiGo लकी ड्रॉ: तुम्ही एक फ्री गिफ्ट हॅम्पर जिंकला आहे! एक्सपायर होण्यापूर्वी आत्ताच कॉल करा 7181984448.,No,No,yes
spam,"Axis Bank कस्टमर सर्व्हिस: तुमचा Rs.150 चा रिफंड प्रलंबित आहे, दावा करण्यासाठी क्लिक करा: http://bonus-cashout.xyz/ng80v",yes,No,No
spam,"Tanishq कस्टमर सर्व्हिस: तुमचा Rs.300 चा रिफंड प्रलंबित आहे, दावा करण्यासाठी क्लिक करा: http://reward-claim24.xyz/51p6o",yes,No,No
spam,Policybazaar आज 100 लकी कस्टमर्सना फ्री शॉपिंग व्हाउचर देत आहे. तुमचे मिळवण्यासाठी लगेच कॉल करा 9396903394.,No,No,yes
spam,अभिनंदन! तुमचे PharmEasy खाते एका फ्री शॉपिंग व्हाउचर (Rs.250) साठी निवडले गेले आहे. आत्ताच दावा करा: http://offer4u-claim.online/i0733,yes,No,No
spam,"IndiGo कस्टमर सर्व्हिस: तुमचा Rs.200 चा रिफंड प्रलंबित आहे, दावा करण्यासाठी क्लिक करा: http://lucky-winner-alert.co/bjz0u",yes,No,No
spam,"Unacademy कस्टमर सर्व्हिस: तुमचा Rs.300 चा रिफंड प्रलंबित आहे, दावा करण्यासाठी क्लिक करा: http://gift-redeem-now.co.in/xych2",yes,No,No
spam,IRCTC लकी ड्रॉ: तुम्ही एक फ्री गिफ्ट हॅम्पर जिंकला आहे! एक्सपायर होण्यापूर्वी आत्ताच कॉल करा 8841380149.,No,No,yes
spam,Tanishq लकी ड्रॉ: तुम्ही एक फ्री सोन्याचे नाणे जिंकला आहे! एक्सपायर होण्यापूर्वी आत्ताच कॉल करा 6601036081.,No,No,yes
spam,अभिनंदन! तुमचे Unacademy खाते एका फ्री सोन्याचे नाणे (Rs.50) साठी निवडले गेले आहे. आत्ताच दावा करा: http://lucky-winner-alert.co/lli2b,yes,No,No
spam,अभिनंदन! तुमचे Airtel खाते एका फ्री शॉपिंग व्हाउचर (Rs.150) साठी निवडले गेले आहे. आत्ताच दावा करा: http://gift-redeem-now.co.in/uer2w,yes,No,No
spam,अभिनंदन! तुमचे Unacademy खाते एका फ्री सोन्याचे नाणे (Rs.250) साठी निवडले गेले आहे. आत्ताच दावा करा: http://lucky-winner-alert.co/lqjr2,yes,No,No
spam,Netflix आज 100 लकी कस्टमर्सना फ्री गिफ्ट हॅम्पर देत आहे. तुमचे मिळवण्यासाठी लगेच कॉल करा 9604445354.,No,No,yes
spam,BookMyShow आज 100 लकी कस्टमर्सना फ्री गिफ्ट हॅम्पर देत आहे. तुमचे मिळवण्यासाठी लगेच कॉल करा 8022316571.,No,No,yes
spam,Ajio आज 100 लकी कस्टमर्सना फ्री सोन्याचे नाणे देत आहे. तुमचे मिळवण्यासाठी लगेच कॉल करा 6573942685.,No,No,yes
spam,Domino's आज 100 लकी कस्टमर्सना फ्री स्मार्टवॉच देत आहे. तुमचे मिळवण्यासाठी लगेच कॉल करा 9479295394.,No,No,yes
spam,Vi लकी ड्रॉ: तुम्ही एक फ्री गिफ्ट हॅम्पर जिंकला आहे! एक्सपायर होण्यापूर्वी आत्ताच कॉल करा 8622424275.,No,No,yes
spam,Vi लकी ड्रॉ: तुम्ही एक फ्री स्मार्टवॉच जिंकला आहे! एक्सपायर होण्यापूर्वी आत्ताच कॉल करा 8679826496.,No,No,yes
spam,तुम्ही BigBasket च्या अ‍ॅनिव्हर्सरी कॉन्टेस्टचे लकी विनर आहात. Rs.250 चे बक्षीस मिळवण्यासाठी तुमची बँक माहिती शेअर करा.,No,No,No
spam,अभिनंदन! तुमचे Flipkart खाते एका फ्री गिफ्ट हॅम्पर (Rs.500) साठी निवडले गेले आहे. आत्ताच दावा करा: http://offer4u-claim.online/x7sux,yes,No,No
spam,अभिनंदन! तुमचे Paytm खाते एका फ्री स्मार्टवॉच (Rs.150) साठी निवडले गेले आहे. आत्ताच दावा करा: http://bonus-cashout.xyz/7aiaf,yes,No,No
spam,तुम्ही Airtel च्या अ‍ॅनिव्हर्सरी कॉन्टेस्टचे लकी विनर आहात. Rs.250 चे बक्षीस मिळवण्यासाठी तुमची बँक माहिती शेअर करा.,No,No,No
spam,Decathlon लकी ड्रॉ: तुम्ही एक फ्री शॉपिंग व्हाउचर जिंकला आहे! एक्सपायर होण्यापूर्वी आत्ताच कॉल करा 8784014118.,No,No,yes
spam,"Swiggy कस्टमर सर्व्हिस: तुमचा Rs.500 चा रिफंड प्रलंबित आहे, दावा करण्यासाठी क्लिक करा: http://bonus-cashout.xyz/80mpl",yes,No,No
spam,"Goibibo कस्टमर सर्व्हिस: तुमचा Rs.150 चा रिफंड प्रलंबित आहे, दावा करण्यासाठी क्लिक करा: http://gift-redeem-now.co.in/r1kx9",yes,No,No
spam,"redBus कस्टमर सर्व्हिस: तुमचा Rs.100 चा रिफंड प्रलंबित आहे, दावा करण्यासाठी क्लिक करा: http://lucky-winner-alert.co/jn65u",yes,No,No
spam,"Zomato कस्टमर सर्व्हिस: तुमचा Rs.200 चा रिफंड प्रलंबित आहे, दावा करण्यासाठी क्लिक करा: http://prize-verify.info/ghbmh",yes,No,No
spam,Ola लकी ड्रॉ: तुम्ही एक फ्री स्मार्टफोन जिंकला आहे! एक्सपायर होण्यापूर्वी आत्ताच कॉल करा 7663764662.,No,No,yes
spam,Goibibo आज 100 लकी कस्टमर्सना फ्री गिफ्ट हॅम्पर देत आहे. तुमचे मिळवण्यासाठी लगेच कॉल करा 6974839753.,No,No,yes
spam,तुम्ही SBI Card च्या अ‍ॅनिव्हर्सरी कॉन्टेस्टचे लकी विनर आहात. Rs.500 चे बक्षीस मिळवण्यासाठी तुमची बँक माहिती शेअर करा.,No,No,No
spam,अभिनंदन! तुमचे IRCTC खाते एका फ्री स्मार्टफोन (Rs.200) साठी निवडले गेले आहे. आत्ताच दावा करा: http://gift-redeem-now.co.in/t6npi,yes,No,No
spam,"Nykaa कस्टमर सर्व्हिस: तुमचा Rs.500 चा रिफंड प्रलंबित आहे, दावा करण्यासाठी क्लिक करा: http://lucky-winner-alert.co/y8mxx",yes,No,No
spam,"Zepto कस्टमर सर्व्हिस: तुमचा Rs.150 चा रिफंड प्रलंबित आहे, दावा करण्यासाठी क्लिक करा: http://bonus-cashout.xyz/9ohyr",yes,No,No
spam,Tanishq लकी ड्रॉ: तुम्ही एक फ्री शॉपिंग व्हाउचर जिंकला आहे! एक्सपायर होण्यापूर्वी आत्ताच कॉल करा 9799206801.,No,No,yes
spam,BookMyShow लकी ड्रॉ: तुम्ही एक फ्री गिफ्ट हॅम्पर जिंकला आहे! एक्सपायर होण्यापूर्वी आत्ताच कॉल करा 8774592286.,No,No,yes
spam,Swiggy आज 100 लकी कस्टमर्सना फ्री शॉपिंग व्हाउचर देत आहे. तुमचे मिळवण्यासाठी लगेच कॉल करा 9926597240.,No,No,yes
spam,Axis Bank आज 100 लकी कस्टमर्सना फ्री गिफ्ट हॅम्पर देत आहे. तुमचे मिळवण्यासाठी लगेच कॉल करा 6459840964.,No,No,yes
spam,"Paytm कस्टमर सर्व्हिस: तुमचा Rs.200 चा रिफंड प्रलंबित आहे, दावा करण्यासाठी क्लिक करा: http://reward-claim24.xyz/x48dt",yes,No,No
spam,Amazon Prime Video आज 100 लकी कस्टमर्सना फ्री स्मार्टवॉच देत आहे. तुमचे मिळवण्यासाठी लगेच कॉल करा 8139938979.,No,No,yes
spam,"SBI Card कस्टमर सर्व्हिस: तुमचा Rs.500 चा रिफंड प्रलंबित आहे, दावा करण्यासाठी क्लिक करा: http://gift-redeem-now.co.in/ceoyc",yes,No,No
spam,CRED लकी ड्रॉ: तुम्ही एक फ्री सोन्याचे नाणे जिंकला आहे! एक्सपायर होण्यापूर्वी आत्ताच कॉल करा 8654824566.,No,No,yes
spam,BigBasket लकी ड्रॉ: तुम्ही एक फ्री स्मार्टवॉच जिंकला आहे! एक्सपायर होण्यापूर्वी आत्ताच कॉल करा 8797440875.,No,No,yes
spam,तुम्ही Ajio च्या अ‍ॅनिव्हर्सरी कॉन्टेस्टचे लकी विनर आहात. Rs.500 चे बक्षीस मिळवण्यासाठी तुमची बँक माहिती शेअर करा.,No,No,No
spam,Domino's आज 100 लकी कस्टमर्सना फ्री सोन्याचे नाणे देत आहे. तुमचे मिळवण्यासाठी लगेच कॉल करा 6452905998.,No,No,yes
spam,अभिनंदन! तुमचे ICICI Bank खाते एका फ्री सोन्याचे नाणे (Rs.250) साठी निवडले गेले आहे. आत्ताच दावा करा: http://reward-claim24.xyz/qqrc8,yes,No,No
spam,CRED लकी ड्रॉ: तुम्ही एक फ्री स्मार्टवॉच जिंकला आहे! एक्सपायर होण्यापूर्वी आत्ताच कॉल करा 6777591528.,No,No,yes
spam,तुम्ही PharmEasy च्या अ‍ॅनिव्हर्सरी कॉन्टेस्टचे लकी विनर आहात. Rs.500 चे बक्षीस मिळवण्यासाठी तुमची बँक माहिती शेअर करा.,No,No,No
spam,अभिनंदन! तुमचे Vi खाते एका फ्री स्मार्टफोन (Rs.100) साठी निवडले गेले आहे. आत्ताच दावा करा: http://offer4u-claim.online/psj1q,yes,No,No
spam,BigBasket आज 100 लकी कस्टमर्सना फ्री स्मार्टफोन देत आहे. तुमचे मिळवण्यासाठी लगेच कॉल करा 8435428248.,No,No,yes
spam,अभिनंदन! तुमचे Ajio खाते एका फ्री गिफ्ट हॅम्पर (Rs.250) साठी निवडले गेले आहे. आत्ताच दावा करा: http://prize-verify.info/wsi2v,yes,No,No
spam,अभिनंदन! तुमचे Uber खाते एका फ्री गिफ्ट हॅम्पर (Rs.200) साठी निवडले गेले आहे. आत्ताच दावा करा: http://reward-claim24.xyz/ykh8f,yes,No,No
spam,"Tanishq फ्लॅश सेल: सर्व काही 90% सूट, फक्त काही पीसेस शिल्लक! आत्ताच ऑर्डर करण्यासाठी BUY रिप्लाय करा.",No,No,No
spam,अभिनंदन! तुमचे Zepto खाते एका फ्री गिफ्ट हॅम्पर (Rs.50) साठी निवडले गेले आहे. आत्ताच दावा करा: http://gift-redeem-now.co.in/c1ckx,yes,No,No
spam,Goibibo आज 100 लकी कस्टमर्सना फ्री गिफ्ट हॅम्पर देत आहे. तुमचे मिळवण्यासाठी लगेच कॉल करा 6599346994.,No,No,yes
spam,तुम्ही Jio च्या अ‍ॅनिव्हर्सरी कॉन्टेस्टचे लकी विनर आहात. Rs.150 चे बक्षीस मिळवण्यासाठी तुमची बँक माहिती शेअर करा.,No,No,No
spam,redBus आज 100 लकी कस्टमर्सना फ्री गिफ्ट हॅम्पर देत आहे. तुमचे मिळवण्यासाठी लगेच कॉल करा 8968127666.,No,No,yes
spam,तुम्ही Policybazaar च्या अ‍ॅनिव्हर्सरी कॉन्टेस्टचे लकी विनर आहात. Rs.150 चे बक्षीस मिळवण्यासाठी तुमची बँक माहिती शेअर करा.,No,No,No
spam,"Domino's कस्टमर सर्व्हिस: तुमचा Rs.500 चा रिफंड प्रलंबित आहे, दावा करण्यासाठी क्लिक करा: http://gift-redeem-now.co.in/0tnsl",yes,No,No
spam,अभिनंदन! तुमचे 1mg खाते एका फ्री स्मार्टवॉच (Rs.500) साठी निवडले गेले आहे. आत्ताच दावा करा: http://lucky-winner-alert.co/os1v0,yes,No,No
spam,तुम्ही Unacademy च्या अ‍ॅनिव्हर्सरी कॉन्टेस्टचे लकी विनर आहात. Rs.250 चे बक्षीस मिळवण्यासाठी तुमची बँक माहिती शेअर करा.,No,No,No
spam,"cult.fit कस्टमर सर्व्हिस: तुमचा Rs.200 चा रिफंड प्रलंबित आहे, दावा करण्यासाठी क्लिक करा: http://gift-redeem-now.co.in/uarte",yes,No,No
spam,"Amazon Prime Video कस्टमर सर्व्हिस: तुमचा Rs.500 चा रिफंड प्रलंबित आहे, दावा करण्यासाठी क्लिक करा: http://offer4u-claim.online/8a20h",yes,No,No
spam,"Swiggy कस्टमर सर्व्हिस: तुमचा Rs.50 चा रिफंड प्रलंबित आहे, दावा करण्यासाठी क्लिक करा: http://lucky-winner-alert.co/g5qrm",yes,No,No
spam,Amazon लकी ड्रॉ: तुम्ही एक फ्री सोन्याचे नाणे जिंकला आहे! एक्सपायर होण्यापूर्वी आत्ताच कॉल करा 9184540314.,No,No,yes
spam,CRED लकी ड्रॉ: तुम्ही एक फ्री स्मार्टवॉच जिंकला आहे! एक्सपायर होण्यापूर्वी आत्ताच कॉल करा 7084289166.,No,No,yes
spam,Spotify लकी ड्रॉ: तुम्ही एक फ्री शॉपिंग व्हाउचर जिंकला आहे! एक्सपायर होण्यापूर्वी आत्ताच कॉल करा 7906681544.,No,No,yes
spam,Uber लकी ड्रॉ: तुम्ही एक फ्री स्मार्टवॉच जिंकला आहे! एक्सपायर होण्यापूर्वी आत्ताच कॉल करा 7786515807.,No,No,yes
spam,Titan आज 100 लकी कस्टमर्सना फ्री सोन्याचे नाणे देत आहे. तुमचे मिळवण्यासाठी लगेच कॉल करा 9858250990.,No,No,yes
spam,HDFC Bank लकी ड्रॉ: तुम्ही एक फ्री सोन्याचे नाणे जिंकला आहे! एक्सपायर होण्यापूर्वी आत्ताच कॉल करा 6293576114.,No,No,yes
spam,"Titan कस्टमर सर्व्हिस: तुमचा Rs.150 चा रिफंड प्रलंबित आहे, दावा करण्यासाठी क्लिक करा: http://bonus-cashout.xyz/rji6h",yes,No,No
spam,Decathlon लकी ड्रॉ: तुम्ही एक फ्री स्मार्टवॉच जिंकला आहे! एक्सपायर होण्यापूर्वी आत्ताच कॉल करा 8235063599.,No,No,yes
spam,Domino's लकी ड्रॉ: तुम्ही एक फ्री स्मार्टफोन जिंकला आहे! एक्सपायर होण्यापूर्वी आत्ताच कॉल करा 9731032034.,No,No,yes
spam,"Amazon Prime Video कस्टमर सर्व्हिस: तुमचा Rs.50 चा रिफंड प्रलंबित आहे, दावा करण्यासाठी क्लिक करा: http://offer4u-claim.online/9pg5g",yes,No,No
spam,तुम्ही Decathlon च्या अ‍ॅनिव्हर्सरी कॉन्टेस्टचे लकी विनर आहात. Rs.100 चे बक्षीस मिळवण्यासाठी तुमची बँक माहिती शेअर करा.,No,No,No
spam,तुम्ही Myntra च्या अ‍ॅनिव्हर्सरी कॉन्टेस्टचे लकी विनर आहात. Rs.100 चे बक्षीस मिळवण्यासाठी तुमची बँक माहिती शेअर करा.,No,No,No
spam,"Flipkart कस्टमर सर्व्हिस: तुमचा Rs.150 चा रिफंड प्रलंबित आहे, दावा करण्यासाठी क्लिक करा: http://offer4u-claim.online/347ss",yes,No,No
spam,अभिनंदन! तुमचे Amazon खाते एका फ्री सोन्याचे नाणे (Rs.50) साठी निवडले गेले आहे. आत्ताच दावा करा: http://prize-verify.info/t3uo6,yes,No,No
spam,1mg लकी ड्रॉ: तुम्ही एक फ्री स्मार्टफोन जिंकला आहे! एक्सपायर होण्यापूर्वी आत्ताच कॉल करा 8189306849.,No,No,yes
spam,"redBus कस्टमर सर्व्हिस: तुमचा Rs.50 चा रिफंड प्रलंबित आहे, दावा करण्यासाठी क्लिक करा: http://bonus-cashout.xyz/aq5vl",yes,No,No
spam,तुम्ही Ola च्या अ‍ॅनिव्हर्सरी कॉन्टेस्टचे लकी विनर आहात. Rs.300 चे बक्षीस मिळवण्यासाठी तुमची बँक माहिती शेअर करा.,No,No,No
spam,"BigBasket कस्टमर सर्व्हिस: तुमचा Rs.200 चा रिफंड प्रलंबित आहे, दावा करण्यासाठी क्लिक करा: http://bonus-cashout.xyz/jw4wi",yes,No,No
spam,अभिनंदन! तुमचे CRED खाते एका फ्री शॉपिंग व्हाउचर (Rs.500) साठी निवडले गेले आहे. आत्ताच दावा करा: http://offer4u-claim.online/5dihx,yes,No,No
spam,अभिनंदन! तुमचे redBus खाते एका फ्री सोन्याचे नाणे (Rs.100) साठी निवडले गेले आहे. आत्ताच दावा करा: http://bonus-cashout.xyz/ddk6k,yes,No,No
spam,अभिनंदन! तुमचे cult.fit खाते एका फ्री स्मार्टफोन (Rs.50) साठी निवडले गेले आहे. आत्ताच दावा करा: http://prize-verify.info/dste1,yes,No,No
spam,Tanishq लकी ड्रॉ: तुम्ही एक फ्री शॉपिंग व्हाउचर जिंकला आहे! एक्सपायर होण्यापूर्वी आत्ताच कॉल करा 9435195564.,No,No,yes
spam,अभिनंदन! तुमचे Jio खाते एका फ्री गिफ्ट हॅम्पर (Rs.300) साठी निवडले गेले आहे. आत्ताच दावा करा: http://lucky-winner-alert.co/4cah4,yes,No,No
spam,अभिनंदन! तुमचे Flipkart खाते एका फ्री स्मार्टवॉच (Rs.50) साठी निवडले गेले आहे. आत्ताच दावा करा: http://bonus-cashout.xyz/vmecg,yes,No,No
spam,"Decathlon कस्टमर सर्व्हिस: तुमचा Rs.50 चा रिफंड प्रलंबित आहे, दावा करण्यासाठी क्लिक करा: http://lucky-winner-alert.co/i0una",yes,No,No
spam,Jio लकी ड्रॉ: तुम्ही एक फ्री स्मार्टवॉच जिंकला आहे! एक्सपायर होण्यापूर्वी आत्ताच कॉल करा 7988229968.,No,No,yes
spam,तुम्ही Amazon च्या अ‍ॅनिव्हर्सरी कॉन्टेस्टचे लकी विनर आहात. Rs.200 चे बक्षीस मिळवण्यासाठी तुमची बँक माहिती शेअर करा.,No,No,No
spam,Axis Bank आज 100 लकी कस्टमर्सना फ्री स्मार्टवॉच देत आहे. तुमचे मिळवण्यासाठी लगेच कॉल करा 6074936261.,No,No,yes
spam,Decathlon लकी ड्रॉ: तुम्ही एक फ्री गिफ्ट हॅम्पर जिंकला आहे! एक्सपायर होण्यापूर्वी आत्ताच कॉल करा 6661293832.,No,No,yes
spam,अभिनंदन! तुमचे Amazon खाते एका फ्री स्मार्टफोन (Rs.250) साठी निवडले गेले आहे. आत्ताच दावा करा: http://lucky-winner-alert.co/m933g,yes,No,No
spam,अभिनंदन! तुमचे Decathlon खाते एका फ्री शॉपिंग व्हाउचर (Rs.150) साठी निवडले गेले आहे. आत्ताच दावा करा: http://offer4u-claim.online/rqr2y,yes,No,No
spam,IndiGo लकी ड्रॉ: तुम्ही एक फ्री स्मार्टवॉच जिंकला आहे! एक्सपायर होण्यापूर्वी आत्ताच कॉल करा 7630633852.,No,No,yes
spam,अभिनंदन! तुमचे Axis Bank खाते एका फ्री शॉपिंग व्हाउचर (Rs.500) साठी निवडले गेले आहे. आत्ताच दावा करा: http://bonus-cashout.xyz/3p4be,yes,No,No
spam,तुम्ही Uber च्या अ‍ॅनिव्हर्सरी कॉन्टेस्टचे लकी विनर आहात. Rs.150 चे बक्षीस मिळवण्यासाठी तुमची बँक माहिती शेअर करा.,No,No,No
spam,अभिनंदन! तुमचे Airtel खाते एका फ्री शॉपिंग व्हाउचर (Rs.200) साठी निवडले गेले आहे. आत्ताच दावा करा: http://lucky-winner-alert.co/skoxo,yes,No,No
spam,अभिनंदन! तुमचे Titan खाते एका फ्री सोन्याचे नाणे (Rs.500) साठी निवडले गेले आहे. आत्ताच दावा करा: http://offer4u-claim.online/mnc87,yes,No,No
spam,Airtel आज 100 लकी कस्टमर्सना फ्री स्मार्टवॉच देत आहे. तुमचे मिळवण्यासाठी लगेच कॉल करा 6817134906.,No,No,yes
spam,तुम्ही Amazon च्या अ‍ॅनिव्हर्सरी कॉन्टेस्टचे लकी विनर आहात. Rs.100 चे बक्षीस मिळवण्यासाठी तुमची बँक माहिती शेअर करा.,No,No,No
spam,"Disney+ Hotstar कस्टमर सर्व्हिस: तुमचा Rs.300 चा रिफंड प्रलंबित आहे, दावा करण्यासाठी क्लिक करा: http://offer4u-claim.online/cnxs7",yes,No,No
spam,"boAt कस्टमर सर्व्हिस: तुमचा Rs.200 चा रिफंड प्रलंबित आहे, दावा करण्यासाठी क्लिक करा: http://reward-claim24.xyz/7nx5m",yes,No,No
spam,Vi लकी ड्रॉ: तुम्ही एक फ्री शॉपिंग व्हाउचर जिंकला आहे! एक्सपायर होण्यापूर्वी आत्ताच कॉल करा 8949764287.,No,No,yes
spam,Swiggy आज 100 लकी कस्टमर्सना फ्री स्मार्टवॉच देत आहे. तुमचे मिळवण्यासाठी लगेच कॉल करा 6802258121.,No,No,yes
spam,अभिनंदन! तुमचे Flipkart खाते एका फ्री गिफ्ट हॅम्पर (Rs.50) साठी निवडले गेले आहे. आत्ताच दावा करा: http://lucky-winner-alert.co/yustj,yes,No,No
spam,Ajio आज 100 लकी कस्टमर्सना फ्री सोन्याचे नाणे देत आहे. तुमचे मिळवण्यासाठी लगेच कॉल करा 7183453519.,No,No,yes
spam,MakeMyTrip लकी ड्रॉ: तुम्ही एक फ्री स्मार्टफोन जिंकला आहे! एक्सपायर होण्यापूर्वी आत्ताच कॉल करा 6672309995.,No,No,yes
spam,तुम्ही Domino's च्या अ‍ॅनिव्हर्सरी कॉन्टेस्टचे लकी विनर आहात. Rs.50 चे बक्षीस मिळवण्यासाठी तुमची बँक माहिती शेअर करा.,No,No,No
spam,तुम्ही Flipkart च्या अ‍ॅनिव्हर्सरी कॉन्टेस्टचे लकी विनर आहात. Rs.150 चे बक्षीस मिळवण्यासाठी तुमची बँक माहिती शेअर करा.,No,No,No
spam,SBI Card आज 100 लकी कस्टमर्सना फ्री गिफ्ट हॅम्पर देत आहे. तुमचे मिळवण्यासाठी लगेच कॉल करा 7461168406.,No,No,yes
spam,अभिनंदन! तुमचे Unacademy खाते एका फ्री स्मार्टवॉच (Rs.300) साठी निवडले गेले आहे. आत्ताच दावा करा: http://offer4u-claim.online/qq7be,yes,No,No
spam,Domino's लकी ड्रॉ: तुम्ही एक फ्री स्मार्टफोन जिंकला आहे! एक्सपायर होण्यापूर्वी आत्ताच कॉल करा 7317898950.,No,No,yes
spam,Paytm लकी ड्रॉ: तुम्ही एक फ्री गिफ्ट हॅम्पर जिंकला आहे! एक्सपायर होण्यापूर्वी आत्ताच कॉल करा 9468900563.,No,No,yes
spam,अभिनंदन! तुमचे Amazon खाते एका फ्री शॉपिंग व्हाउचर (Rs.50) साठी निवडले गेले आहे. आत्ताच दावा करा: http://lucky-winner-alert.co/4rwep,yes,No,No
spam,ICICI Bank आज 100 लकी कस्टमर्सना फ्री स्मार्टवॉच देत आहे. तुमचे मिळवण्यासाठी लगेच कॉल करा 9421312304.,No,No,yes
spam,Netflix लकी ड्रॉ: तुम्ही एक फ्री स्मार्टफोन जिंकला आहे! एक्सपायर होण्यापूर्वी आत्ताच कॉल करा 9167488562.,No,No,yes
spam,Zepto लकी ड्रॉ: तुम्ही एक फ्री स्मार्टफोन जिंकला आहे! एक्सपायर होण्यापूर्वी आत्ताच कॉल करा 6903299379.,No,No,yes
spam,Amazon लकी ड्रॉ: तुम्ही एक फ्री स्मार्टफोन जिंकला आहे! एक्सपायर होण्यापूर्वी आत्ताच कॉल करा 6015599762.,No,No,yes
spam,Meesho लकी ड्रॉ: तुम्ही एक फ्री स्मार्टवॉच जिंकला आहे! एक्सपायर होण्यापूर्वी आत्ताच कॉल करा 6957709073.,No,No,yes
spam,अभिनंदन! तुमचे Decathlon खाते एका फ्री स्मार्टवॉच (Rs.300) साठी निवडले गेले आहे. आत्ताच दावा करा: http://reward-claim24.xyz/y2imz,yes,No,No
spam,PharmEasy लकी ड्रॉ: तुम्ही एक फ्री सोन्याचे नाणे जिंकला आहे! एक्सपायर होण्यापूर्वी आत्ताच कॉल करा 8165983382.,No,No,yes
spam,Lenskart लकी ड्रॉ: तुम्ही एक फ्री गिफ्ट हॅम्पर जिंकला आहे! एक्सपायर होण्यापूर्वी आत्ताच कॉल करा 7607352836.,No,No,yes
spam,अभिनंदन! तुमचे Myntra खाते एका फ्री सोन्याचे नाणे (Rs.50) साठी निवडले गेले आहे. आत्ताच दावा करा: http://bonus-cashout.xyz/vzk4z,yes,No,No
spam,"Titan कस्टमर सर्व्हिस: तुमचा Rs.500 चा रिफंड प्रलंबित आहे, दावा करण्यासाठी क्लिक करा: http://lucky-winner-alert.co/mf0m2",yes,No,No
spam,तुम्ही Decathlon च्या अ‍ॅनिव्हर्सरी कॉन्टेस्टचे लकी विनर आहात. Rs.500 चे बक्षीस मिळवण्यासाठी तुमची बँक माहिती शेअर करा.,No,No,No
spam,तुम्ही BookMyShow च्या अ‍ॅनिव्हर्सरी कॉन्टेस्टचे लकी विनर आहात. Rs.300 चे बक्षीस मिळवण्यासाठी तुमची बँक माहिती शेअर करा.,No,No,No
spam,Blinkit लकी ड्रॉ: तुम्ही एक फ्री स्मार्टफोन जिंकला आहे! एक्सपायर होण्यापूर्वी आत्ताच कॉल करा 6715979485.,No,No,yes
spam,"Tanishq कस्टमर सर्व्हिस: तुमचा Rs.300 चा रिफंड प्रलंबित आहे, दावा करण्यासाठी क्लिक करा: http://reward-claim24.xyz/hpfsd",yes,No,No
spam,तुम्ही Tanishq च्या अ‍ॅनिव्हर्सरी कॉन्टेस्टचे लकी विनर आहात. Rs.100 चे बक्षीस मिळवण्यासाठी तुमची बँक माहिती शेअर करा.,No,No,No
spam,Titan आज 100 लकी कस्टमर्सना फ्री सोन्याचे नाणे देत आहे. तुमचे मिळवण्यासाठी लगेच कॉल करा 9629224740.,No,No,yes
spam,SBI Card लकी ड्रॉ: तुम्ही एक फ्री गिफ्ट हॅम्पर जिंकला आहे! एक्सपायर होण्यापूर्वी आत्ताच कॉल करा 9666875577.,No,No,yes
spam,ICICI Bank आज 100 लकी कस्टमर्सना फ्री गिफ्ट हॅम्पर देत आहे. तुमचे मिळवण्यासाठी लगेच कॉल करा 9056120721.,No,No,yes
spam,अभिनंदन! तुमचे Myntra खाते एका फ्री स्मार्टफोन (Rs.150) साठी निवडले गेले आहे. आत्ताच दावा करा: http://offer4u-claim.online/b0a2v,yes,No,No
spam,Swiggy लकी ड्रॉ: तुम्ही एक फ्री गिफ्ट हॅम्पर जिंकला आहे! एक्सपायर होण्यापूर्वी आत्ताच कॉल करा 7740379502.,No,No,yes
spam,Jio आज 100 लकी कस्टमर्सना फ्री सोन्याचे नाणे देत आहे. तुमचे मिळवण्यासाठी लगेच कॉल करा 6158444729.,No,No,yes
spam,Zomato लकी ड्रॉ: तुम्ही एक फ्री शॉपिंग व्हाउचर जिंकला आहे! एक्सपायर होण्यापूर्वी आत्ताच कॉल करा 6802038652.,No,No,yes
spam,"Disney+ Hotstar कस्टमर सर्व्हिस: तुमचा Rs.200 चा रिफंड प्रलंबित आहे, दावा करण्यासाठी क्लिक करा: http://gift-redeem-now.co.in/noo1a",yes,No,No
spam,अभिनंदन! तुमचे PhonePe खाते एका फ्री शॉपिंग व्हाउचर (Rs.200) साठी निवडले गेले आहे. आत्ताच दावा करा: http://reward-claim24.xyz/51hc7,yes,No,No
spam,"BookMyShow कस्टमर सर्व्हिस: तुमचा Rs.50 चा रिफंड प्रलंबित आहे, दावा करण्यासाठी क्लिक करा: http://gift-redeem-now.co.in/kvk8x",yes,No,No
spam,अभिनंदन! तुमचे 1mg खाते एका फ्री गिफ्ट हॅम्पर (Rs.500) साठी निवडले गेले आहे. आत्ताच दावा करा: http://lucky-winner-alert.co/338gi,yes,No,No
spam,"BookMyShow कस्टमर सर्व्हिस: तुमचा Rs.300 चा रिफंड प्रलंबित आहे, दावा करण्यासाठी क्लिक करा: http://bonus-cashout.xyz/5xmqt",yes,No,No
spam,Pepperfry लकी ड्रॉ: तुम्ही एक फ्री शॉपिंग व्हाउचर जिंकला आहे! एक्सपायर होण्यापूर्वी आत्ताच कॉल करा 9470136630.,No,No,yes
spam,"Lenskart कस्टमर सर्व्हिस: तुमचा Rs.150 चा रिफंड प्रलंबित आहे, दावा करण्यासाठी क्लिक करा: http://prize-verify.info/yob0m",yes,No,No
spam,"BYJU'S कस्टमर सर्व्हिस: तुमचा Rs.100 चा रिफंड प्रलंबित आहे, दावा करण्यासाठी क्लिक करा: http://bonus-cashout.xyz/vprqm",yes,No,No
spam,"Netflix कस्टमर सर्व्हिस: तुमचा Rs.200 चा रिफंड प्रलंबित आहे, दावा करण्यासाठी क्लिक करा: http://offer4u-claim.online/yc56d",yes,No,No
spam,Tanishq आज 100 लकी कस्टमर्सना फ्री स्मार्टफोन देत आहे. तुमचे मिळवण्यासाठी लगेच कॉल करा 9888036532.,No,No,yes
spam,तुम्ही Policybazaar च्या अ‍ॅनिव्हर्सरी कॉन्टेस्टचे लकी विनर आहात. Rs.500 चे बक्षीस मिळवण्यासाठी तुमची बँक माहिती शेअर करा.,No,No,No
spam,redBus आज 100 लकी कस्टमर्सना फ्री स्मार्टफोन देत आहे. तुमचे मिळवण्यासाठी लगेच कॉल करा 8677066507.,No,No,yes
spam,Spotify लकी ड्रॉ: तुम्ही एक फ्री गिफ्ट हॅम्पर जिंकला आहे! एक्सपायर होण्यापूर्वी आत्ताच कॉल करा 6648100537.,No,No,yes
spam,Zepto आज 100 लकी कस्टमर्सना फ्री स्मार्टवॉच देत आहे. तुमचे मिळवण्यासाठी लगेच कॉल करा 9490262371.,No,No,yes
spam,Axis Bank लकी ड्रॉ: तुम्ही एक फ्री शॉपिंग व्हाउचर जिंकला आहे! एक्सपायर होण्यापूर्वी आत्ताच कॉल करा 8850371978.,No,No,yes
spam,CRED आज 100 लकी कस्टमर्सना फ्री स्मार्टवॉच देत आहे. तुमचे मिळवण्यासाठी लगेच कॉल करा 7441378191.,No,No,yes
spam,Flipkart आज 100 लकी कस्टमर्सना फ्री गिफ्ट हॅम्पर देत आहे. तुमचे मिळवण्यासाठी लगेच कॉल करा 8069545270.,No,No,yes
spam,Axis Bank आज 100 लकी कस्टमर्सना फ्री स्मार्टफोन देत आहे. तुमचे मिळवण्यासाठी लगेच कॉल करा 8679939783.,No,No,yes
spam,Policybazaar लकी ड्रॉ: तुम्ही एक फ्री शॉपिंग व्हाउचर जिंकला आहे! एक्सपायर होण्यापूर्वी आत्ताच कॉल करा 9922894856.,No,No,yes
spam,अभिनंदन! तुमचे ICICI Bank खाते एका फ्री गिफ्ट हॅम्पर (Rs.250) साठी निवडले गेले आहे. आत्ताच दावा करा: http://lucky-winner-alert.co/a9vni,yes,No,No
spam,तुम्ही Goibibo च्या अ‍ॅनिव्हर्सरी कॉन्टेस्टचे लकी विनर आहात. Rs.200 चे बक्षीस मिळवण्यासाठी तुमची बँक माहिती शेअर करा.,No,No,No
spam,Netflix लकी ड्रॉ: तुम्ही एक फ्री गिफ्ट हॅम्पर जिंकला आहे! एक्सपायर होण्यापूर्वी आत्ताच कॉल करा 6242276102.,No,No,yes
spam,"Nykaa कस्टमर सर्व्हिस: तुमचा Rs.50 चा रिफंड प्रलंबित आहे, दावा करण्यासाठी क्लिक करा: http://reward-claim24.xyz/jrb6e",yes,No,No
spam,"BYJU'S कस्टमर सर्व्हिस: तुमचा Rs.100 चा रिफंड प्रलंबित आहे, दावा करण्यासाठी क्लिक करा: http://offer4u-claim.online/ht8g8",yes,No,No
spam,IRCTC लकी ड्रॉ: तुम्ही एक फ्री स्मार्टफोन जिंकला आहे! एक्सपायर होण्यापूर्वी आत्ताच कॉल करा 9810436343.,No,No,yes
spam,तुम्ही Netflix च्या अ‍ॅनिव्हर्सरी कॉन्टेस्टचे लकी विनर आहात. Rs.500 चे बक्षीस मिळवण्यासाठी तुमची बँक माहिती शेअर करा.,No,No,No
spam,CRED लकी ड्रॉ: तुम्ही एक फ्री गिफ्ट हॅम्पर जिंकला आहे! एक्सपायर होण्यापूर्वी आत्ताच कॉल करा 9070264659.,No,No,yes
spam,Jio आज 100 लकी कस्टमर्सना फ्री सोन्याचे नाणे देत आहे. तुमचे मिळवण्यासाठी लगेच कॉल करा 7539877780.,No,No,yes
spam,Decathlon आज 100 लकी कस्टमर्सना फ्री सोन्याचे नाणे देत आहे. तुमचे मिळवण्यासाठी लगेच कॉल करा 7643714758.,No,No,yes
spam,अभिनंदन! तुमचे Netflix खाते एका फ्री स्मार्टफोन (Rs.500) साठी निवडले गेले आहे. आत्ताच दावा करा: http://gift-redeem-now.co.in/x85gu,yes,No,No
spam,Titan लकी ड्रॉ: तुम्ही एक फ्री गिफ्ट हॅम्पर जिंकला आहे! एक्सपायर होण्यापूर्वी आत्ताच कॉल करा 8237953497.,No,No,yes
spam,MakeMyTrip आज 100 लकी कस्टमर्सना फ्री शॉपिंग व्हाउचर देत आहे. तुमचे मिळवण्यासाठी लगेच कॉल करा 6323897195.,No,No,yes
spam,Ola लकी ड्रॉ: तुम्ही एक फ्री स्मार्टवॉच जिंकला आहे! एक्सपायर होण्यापूर्वी आत्ताच कॉल करा 9827645894.,No,No,yes
spam,तुम्ही 1mg च्या अ‍ॅनिव्हर्सरी कॉन्टेस्टचे लकी विनर आहात. Rs.200 चे बक्षीस मिळवण्यासाठी तुमची बँक माहिती शेअर करा.,No,No,No
spam,तुम्ही Disney+ Hotstar च्या अ‍ॅनिव्हर्सरी कॉन्टेस्टचे लकी विनर आहात. Rs.150 चे बक्षीस मिळवण्यासाठी तुमची बँक माहिती शेअर करा.,No,No,No
spam,Policybazaar आज 100 लकी कस्टमर्सना फ्री गिफ्ट हॅम्पर देत आहे. तुमचे मिळवण्यासाठी लगेच कॉल करा 6969148798.,No,No,yes
spam,BigBasket आज 100 लकी कस्टमर्सना फ्री स्मार्टफोन देत आहे. तुमचे मिळवण्यासाठी लगेच कॉल करा 6852326486.,No,No,yes
spam,"Disney+ Hotstar कस्टमर सर्व्हिस: तुमचा Rs.250 चा रिफंड प्रलंबित आहे, दावा करण्यासाठी क्लिक करा: http://lucky-winner-alert.co/hax4v",yes,No,No
spam,तुम्ही Paytm च्या अ‍ॅनिव्हर्सरी कॉन्टेस्टचे लकी विनर आहात. Rs.200 चे बक्षीस मिळवण्यासाठी तुमची बँक माहिती शेअर करा.,No,No,No
spam,अभिनंदन! तुमचे Uber खाते एका फ्री शॉपिंग व्हाउचर (Rs.150) साठी निवडले गेले आहे. आत्ताच दावा करा: http://lucky-winner-alert.co/2nad4,yes,No,No
spam,Blinkit आज 100 लकी कस्टमर्सना फ्री स्मार्टवॉच देत आहे. तुमचे मिळवण्यासाठी लगेच कॉल करा 9112737519.,No,No,yes
spam,अभिनंदन! तुमचे Amazon Prime Video खाते एका फ्री गिफ्ट हॅम्पर (Rs.300) साठी निवडले गेले आहे. आत्ताच दावा करा: http://bonus-cashout.xyz/e0d1b,yes,No,No
spam,"Zepto कस्टमर सर्व्हिस: तुमचा Rs.150 चा रिफंड प्रलंबित आहे, दावा करण्यासाठी क्लिक करा: http://bonus-cashout.xyz/f3z99",yes,No,No
spam,Disney+ Hotstar आज 100 लकी कस्टमर्सना फ्री स्मार्टफोन देत आहे. तुमचे मिळवण्यासाठी लगेच कॉल करा 6618598605.,No,No,yes
spam,"Titan कस्टमर सर्व्हिस: तुमचा Rs.100 चा रिफंड प्रलंबित आहे, दावा करण्यासाठी क्लिक करा: http://lucky-winner-alert.co/pvndm",yes,No,No
spam,अभिनंदन! तुमचे HDFC Bank खाते एका फ्री सोन्याचे नाणे (Rs.300) साठी निवडले गेले आहे. आत्ताच दावा करा: http://bonus-cashout.xyz/ba52c,yes,No,No
spam,Unacademy लकी ड्रॉ: तुम्ही एक फ्री स्मार्टफोन जिंकला आहे! एक्सपायर होण्यापूर्वी आत्ताच कॉल करा 6992932259.,No,No,yes
spam,अभिनंदन! तुमचे 1mg खाते एका फ्री स्मार्टवॉच (Rs.500) साठी निवडले गेले आहे. आत्ताच दावा करा: http://lucky-winner-alert.co/vqtq7,yes,No,No
spam,अभिनंदन! तुमचे Decathlon खाते एका फ्री शॉपिंग व्हाउचर (Rs.200) साठी निवडले गेले आहे. आत्ताच दावा करा: http://gift-redeem-now.co.in/1sxtr,yes,No,No
spam,"Swiggy कस्टमर सर्व्हिस: तुमचा Rs.250 चा रिफंड प्रलंबित आहे, दावा करण्यासाठी क्लिक करा: http://offer4u-claim.online/qf5a2",yes,No,No
spam,अभिनंदन! तुमचे Tanishq खाते एका फ्री गिफ्ट हॅम्पर (Rs.300) साठी निवडले गेले आहे. आत्ताच दावा करा: http://prize-verify.info/3q9gv,yes,No,No
spam,Jio आज 100 लकी कस्टमर्सना फ्री सोन्याचे नाणे देत आहे. तुमचे मिळवण्यासाठी लगेच कॉल करा 8603125899.,No,No,yes
spam,Domino's लकी ड्रॉ: तुम्ही एक फ्री शॉपिंग व्हाउचर जिंकला आहे! एक्सपायर होण्यापूर्वी आत्ताच कॉल करा 6237568255.,No,No,yes
spam,Airtel लकी ड्रॉ: तुम्ही एक फ्री स्मार्टवॉच जिंकला आहे! एक्सपायर होण्यापूर्वी आत्ताच कॉल करा 7896646712.,No,No,yes
spam,"Amazon कस्टमर सर्व्हिस: तुमचा Rs.250 चा रिफंड प्रलंबित आहे, दावा करण्यासाठी क्लिक करा: http://lucky-winner-alert.co/j7tvx",yes,No,No
spam,अभिनंदन! तुमचे Axis Bank खाते एका फ्री सोन्याचे नाणे (Rs.150) साठी निवडले गेले आहे. आत्ताच दावा करा: http://lucky-winner-alert.co/is21c,yes,No,No
spam,अभिनंदन! तुमचे Nykaa खाते एका फ्री सोन्याचे नाणे (Rs.150) साठी निवडले गेले आहे. आत्ताच दावा करा: http://prize-verify.info/fd5vl,yes,No,No
spam,अभिनंदन! तुमचे PharmEasy खाते एका फ्री सोन्याचे नाणे (Rs.50) साठी निवडले गेले आहे. आत्ताच दावा करा: http://offer4u-claim.online/dq77h,yes,No,No
spam,अभिनंदन! तुमचे Goibibo खाते एका फ्री सोन्याचे नाणे (Rs.500) साठी निवडले गेले आहे. आत्ताच दावा करा: http://gift-redeem-now.co.in/kcsvz,yes,No,No
spam,"BigBasket कस्टमर सर्व्हिस: तुमचा Rs.300 चा रिफंड प्रलंबित आहे, दावा करण्यासाठी क्लिक करा: http://offer4u-claim.online/hrxvm",yes,No,No
spam,SBI Card लकी ड्रॉ: तुम्ही एक फ्री सोन्याचे नाणे जिंकला आहे! एक्सपायर होण्यापूर्वी आत्ताच कॉल करा 6518946133.,No,No,yes
spam,Zomato आज 100 लकी कस्टमर्सना फ्री स्मार्टफोन देत आहे. तुमचे मिळवण्यासाठी लगेच कॉल करा 7992574319.,No,No,yes
spam,IndiGo लकी ड्रॉ: तुम्ही एक फ्री शॉपिंग व्हाउचर जिंकला आहे! एक्सपायर होण्यापूर्वी आत्ताच कॉल करा 6145811080.,No,No,yes
spam,Titan आज 100 लकी कस्टमर्सना फ्री स्मार्टफोन देत आहे. तुमचे मिळवण्यासाठी लगेच कॉल करा 9401199774.,No,No,yes
spam,boAt आज 100 लकी कस्टमर्सना फ्री स्मार्टफोन देत आहे. तुमचे मिळवण्यासाठी लगेच कॉल करा 7297524237.,No,No,yes
spam,"1mg कस्टमर सर्व्हिस: तुमचा Rs.100 चा रिफंड प्रलंबित आहे, दावा करण्यासाठी क्लिक करा: http://lucky-winner-alert.co/g79xo",yes,No,No
spam,अभिनंदन! तुमचे Pepperfry खाते एका फ्री स्मार्टवॉच (Rs.100) साठी निवडले गेले आहे. आत्ताच दावा करा: http://lucky-winner-alert.co/aenil,yes,No,No
spam,Zomato आज 100 लकी कस्टमर्सना फ्री गिफ्ट हॅम्पर देत आहे. तुमचे मिळवण्यासाठी लगेच कॉल करा 8005729984.,No,No,yes
spam,1mg लकी ड्रॉ: तुम्ही एक फ्री शॉपिंग व्हाउचर जिंकला आहे! एक्सपायर होण्यापूर्वी आत्ताच कॉल करा 7581750959.,No,No,yes
spam,"Flipkart कस्टमर सर्व्हिस: तुमचा Rs.50 चा रिफंड प्रलंबित आहे, दावा करण्यासाठी क्लिक करा: http://reward-claim24.xyz/j3cp6",yes,No,No
spam,Paytm लकी ड्रॉ: तुम्ही एक फ्री गिफ्ट हॅम्पर जिंकला आहे! एक्सपायर होण्यापूर्वी आत्ताच कॉल करा 6931319456.,No,No,yes
spam,PharmEasy लकी ड्रॉ: तुम्ही एक फ्री सोन्याचे नाणे जिंकला आहे! एक्सपायर होण्यापूर्वी आत्ताच कॉल करा 6574269562.,No,No,yes
spam,Flipkart आज 100 लकी कस्टमर्सना फ्री सोन्याचे नाणे देत आहे. तुमचे मिळवण्यासाठी लगेच कॉल करा 8622805223.,No,No,yes
spam,"Ola कस्टमर सर्व्हिस: तुमचा Rs.100 चा रिफंड प्रलंबित आहे, दावा करण्यासाठी क्लिक करा: http://lucky-winner-alert.co/q5bop",yes,No,No
spam,तुम्ही CRED च्या अ‍ॅनिव्हर्सरी कॉन्टेस्टचे लकी विनर आहात. Rs.300 चे बक्षीस मिळवण्यासाठी तुमची बँक माहिती शेअर करा.,No,No,No
spam,तुम्ही Uber च्या अ‍ॅनिव्हर्सरी कॉन्टेस्टचे लकी विनर आहात. Rs.250 चे बक्षीस मिळवण्यासाठी तुमची बँक माहिती शेअर करा.,No,No,No
spam,SBI Card लकी ड्रॉ: तुम्ही एक फ्री सोन्याचे नाणे जिंकला आहे! एक्सपायर होण्यापूर्वी आत्ताच कॉल करा 7326480616.,No,No,yes
spam,Vi लकी ड्रॉ: तुम्ही एक फ्री स्मार्टफोन जिंकला आहे! एक्सपायर होण्यापूर्वी आत्ताच कॉल करा 8757917618.,No,No,yes
spam,तुम्ही Vi च्या अ‍ॅनिव्हर्सरी कॉन्टेस्टचे लकी विनर आहात. Rs.200 चे बक्षीस मिळवण्यासाठी तुमची बँक माहिती शेअर करा.,No,No,No
spam,"Netflix कस्टमर सर्व्हिस: तुमचा Rs.250 चा रिफंड प्रलंबित आहे, दावा करण्यासाठी क्लिक करा: http://prize-verify.info/tsqu5",yes,No,No
spam,Goibibo लकी ड्रॉ: तुम्ही एक फ्री गिफ्ट हॅम्पर जिंकला आहे! एक्सपायर होण्यापूर्वी आत्ताच कॉल करा 9223707521.,No,No,yes
spam,"Ola कस्टमर सर्व्हिस: तुमचा Rs.50 चा रिफंड प्रलंबित आहे, दावा करण्यासाठी क्लिक करा: http://lucky-winner-alert.co/sq0jw",yes,No,No
spam,Spotify लकी ड्रॉ: तुम्ही एक फ्री शॉपिंग व्हाउचर जिंकला आहे! एक्सपायर होण्यापूर्वी आत्ताच कॉल करा 7069933364.,No,No,yes
spam,अभिनंदन! तुमचे MakeMyTrip खाते एका फ्री स्मार्टफोन (Rs.50) साठी निवडले गेले आहे. आत्ताच दावा करा: http://prize-verify.info/my4n6,yes,No,No
spam,"Airtel कस्टमर सर्व्हिस: तुमचा Rs.150 चा रिफंड प्रलंबित आहे, दावा करण्यासाठी क्लिक करा: http://prize-verify.info/1yfeb",yes,No,No
spam,"Swiggy कस्टमर सर्व्हिस: तुमचा Rs.200 चा रिफंड प्रलंबित आहे, दावा करण्यासाठी क्लिक करा: http://lucky-winner-alert.co/z3qhq",yes,No,No
spam,तुम्ही SBI Card च्या अ‍ॅनिव्हर्सरी कॉन्टेस्टचे लकी विनर आहात. Rs.150 चे बक्षीस मिळवण्यासाठी तुमची बँक माहिती शेअर करा.,No,No,No
spam,ICICI Bank आज 100 लकी कस्टमर्सना फ्री स्मार्टवॉच देत आहे. तुमचे मिळवण्यासाठी लगेच कॉल करा 6767217524.,No,No,yes
spam,Flipkart लकी ड्रॉ: तुम्ही एक फ्री शॉपिंग व्हाउचर जिंकला आहे! एक्सपायर होण्यापूर्वी आत्ताच कॉल करा 9067753639.,No,No,yes
spam,Ajio आज 100 लकी कस्टमर्सना फ्री स्मार्टवॉच देत आहे. तुमचे मिळवण्यासाठी लगेच कॉल करा 9313982841.,No,No,yes
spam,PharmEasy लकी ड्रॉ: तुम्ही एक फ्री स्मार्टवॉच जिंकला आहे! एक्सपायर होण्यापूर्वी आत्ताच कॉल करा 9071477264.,No,No,yes
spam,अभिनंदन! तुमचे Airtel खाते एका फ्री शॉपिंग व्हाउचर (Rs.500) साठी निवडले गेले आहे. आत्ताच दावा करा: http://lucky-winner-alert.co/67iv7,yes,No,No
spam,BYJU'S आज 100 लकी कस्टमर्सना फ्री गिफ्ट हॅम्पर देत आहे. तुमचे मिळवण्यासाठी लगेच कॉल करा 6789846909.,No,No,yes
spam,अभिनंदन! तुमचे Unacademy खाते एका फ्री स्मार्टवॉच (Rs.50) साठी निवडले गेले आहे. आत्ताच दावा करा: http://gift-redeem-now.co.in/iia3r,yes,No,No
spam,"Amazon कस्टमर सर्व्हिस: तुमचा Rs.300 चा रिफंड प्रलंबित आहे, दावा करण्यासाठी क्लिक करा: http://reward-claim24.xyz/4o2o4",yes,No,No
spam,अभिनंदन! तुमचे ICICI Bank खाते एका फ्री गिफ्ट हॅम्पर (Rs.100) साठी निवडले गेले आहे. आत्ताच दावा करा: http://offer4u-claim.online/zbhw8,yes,No,No
spam,अभिनंदन! तुमचे IndiGo खाते एका फ्री सोन्याचे नाणे (Rs.150) साठी निवडले गेले आहे. आत्ताच दावा करा: http://offer4u-claim.online/0il3z,yes,No,No
spam,Paytm आज 100 लकी कस्टमर्सना फ्री गिफ्ट हॅम्पर देत आहे. तुमचे मिळवण्यासाठी लगेच कॉल करा 7631535992.,No,No,yes
spam,redBus लकी ड्रॉ: तुम्ही एक फ्री शॉपिंग व्हाउचर जिंकला आहे! एक्सपायर होण्यापूर्वी आत्ताच कॉल करा 6055452020.,No,No,yes
spam,Ola लकी ड्रॉ: तुम्ही एक फ्री स्मार्टफोन जिंकला आहे! एक्सपायर होण्यापूर्वी आत्ताच कॉल करा 8856010389.,No,No,yes
spam,"Titan कस्टमर सर्व्हिस: तुमचा Rs.50 चा रिफंड प्रलंबित आहे, दावा करण्यासाठी क्लिक करा: http://lucky-winner-alert.co/w3ea5",yes,No,No
spam,IRCTC लकी ड्रॉ: तुम्ही एक फ्री शॉपिंग व्हाउचर जिंकला आहे! एक्सपायर होण्यापूर्वी आत्ताच कॉल करा 7931077228.,No,No,yes
spam,अभिनंदन! तुमचे Zepto खाते एका फ्री स्मार्टवॉच (Rs.150) साठी निवडले गेले आहे. आत्ताच दावा करा: http://bonus-cashout.xyz/6rdus,yes,No,No
spam,अभिनंदन! तुमचे Nykaa खाते एका फ्री स्मार्टवॉच (Rs.300) साठी निवडले गेले आहे. आत्ताच दावा करा: http://gift-redeem-now.co.in/pom7x,yes,No,No
spam,Spotify आज 100 लकी कस्टमर्सना फ्री स्मार्टवॉच देत आहे. तुमचे मिळवण्यासाठी लगेच कॉल करा 6384379155.,No,No,yes
spam,तुम्ही Policybazaar च्या अ‍ॅनिव्हर्सरी कॉन्टेस्टचे लकी विनर आहात. Rs.200 चे बक्षीस मिळवण्यासाठी तुमची बँक माहिती शेअर करा.,No,No,No
spam,अभिनंदन! तुमचे Axis Bank खाते एका फ्री गिफ्ट हॅम्पर (Rs.200) साठी निवडले गेले आहे. आत्ताच दावा करा: http://offer4u-claim.online/3ib49,yes,No,No
spam,PhonePe लकी ड्रॉ: तुम्ही एक फ्री गिफ्ट हॅम्पर जिंकला आहे! एक्सपायर होण्यापूर्वी आत्ताच कॉल करा 7464851323.,No,No,yes
spam,अभिनंदन! तुमचे ICICI Bank खाते एका फ्री गिफ्ट हॅम्पर (Rs.100) साठी निवडले गेले आहे. आत्ताच दावा करा: http://offer4u-claim.online/im8q7,yes,No,No
spam,"cult.fit कस्टमर सर्व्हिस: तुमचा Rs.200 चा रिफंड प्रलंबित आहे, दावा करण्यासाठी क्लिक करा: http://prize-verify.info/ies5m",yes,No,No
spam,CRED आज 100 लकी कस्टमर्सना फ्री शॉपिंग व्हाउचर देत आहे. तुमचे मिळवण्यासाठी लगेच कॉल करा 9520624597.,No,No,yes
spam,"BigBasket कस्टमर सर्व्हिस: तुमचा Rs.100 चा रिफंड प्रलंबित आहे, दावा करण्यासाठी क्लिक करा: http://bonus-cashout.xyz/7yn6s",yes,No,No
spam,IRCTC लकी ड्रॉ: तुम्ही एक फ्री स्मार्टफोन जिंकला आहे! एक्सपायर होण्यापूर्वी आत्ताच कॉल करा 6423485083.,No,No,yes
spam,तुम्ही Lenskart च्या अ‍ॅनिव्हर्सरी कॉन्टेस्टचे लकी विनर आहात. Rs.200 चे बक्षीस मिळवण्यासाठी तुमची बँक माहिती शेअर करा.,No,No,No
spam,अभिनंदन! तुमचे Myntra खाते एका फ्री शॉपिंग व्हाउचर (Rs.500) साठी निवडले गेले आहे. आत्ताच दावा करा: http://reward-claim24.xyz/xiy0k,yes,No,No
spam,HDFC Bank लकी ड्रॉ: तुम्ही एक फ्री शॉपिंग व्हाउचर जिंकला आहे! एक्सपायर होण्यापूर्वी आत्ताच कॉल करा 8840687552.,No,No,yes
spam,"1mg कस्टमर सर्व्हिस: तुमचा Rs.200 चा रिफंड प्रलंबित आहे, दावा करण्यासाठी क्लिक करा: http://prize-verify.info/9qyzj",yes,No,No
spam,Flipkart आज 100 लकी कस्टमर्सना फ्री सोन्याचे नाणे देत आहे. तुमचे मिळवण्यासाठी लगेच कॉल करा 7982672297.,No,No,yes
spam,HDFC Bank लकी ड्रॉ: तुम्ही एक फ्री गिफ्ट हॅम्पर जिंकला आहे! एक्सपायर होण्यापूर्वी आत्ताच कॉल करा 9838568873.,No,No,yes
spam,redBus आज 100 लकी कस्टमर्सना फ्री स्मार्टफोन देत आहे. तुमचे मिळवण्यासाठी लगेच कॉल करा 9268234437.,No,No,yes
spam,तुम्ही PharmEasy च्या अ‍ॅनिव्हर्सरी कॉन्टेस्टचे लकी विनर आहात. Rs.300 चे बक्षीस मिळवण्यासाठी तुमची बँक माहिती शेअर करा.,No,No,No
spam,Paytm लकी ड्रॉ: तुम्ही एक फ्री गिफ्ट हॅम्पर जिंकला आहे! एक्सपायर होण्यापूर्वी आत्ताच कॉल करा 6100354938.,No,No,yes
spam,"Blinkit कस्टमर सर्व्हिस: तुमचा Rs.150 चा रिफंड प्रलंबित आहे, दावा करण्यासाठी क्लिक करा: http://bonus-cashout.xyz/k18lf",yes,No,No
spam,अभिनंदन! तुमचे CRED खाते एका फ्री स्मार्टफोन (Rs.200) साठी निवडले गेले आहे. आत्ताच दावा करा: http://offer4u-claim.online/7axza,yes,No,No
spam,अभिनंदन! तुमचे IRCTC खाते एका फ्री स्मार्टवॉच (Rs.50) साठी निवडले गेले आहे. आत्ताच दावा करा: http://gift-redeem-now.co.in/1rwaw,yes,No,No
spam,अभिनंदन! तुमचे Jio खाते एका फ्री सोन्याचे नाणे (Rs.100) साठी निवडले गेले आहे. आत्ताच दावा करा: http://reward-claim24.xyz/s8oom,yes,No,No
spam,Spotify लकी ड्रॉ: तुम्ही एक फ्री शॉपिंग व्हाउचर जिंकला आहे! एक्सपायर होण्यापूर्वी आत्ताच कॉल करा 6834280269.,No,No,yes
spam,अभिनंदन! तुमचे MakeMyTrip खाते एका फ्री सोन्याचे नाणे (Rs.50) साठी निवडले गेले आहे. आत्ताच दावा करा: http://offer4u-claim.online/mhqdu,yes,No,No
spam,"BYJU'S कस्टमर सर्व्हिस: तुमचा Rs.500 चा रिफंड प्रलंबित आहे, दावा करण्यासाठी क्लिक करा: http://bonus-cashout.xyz/1uixi",yes,No,No
spam,Policybazaar आज 100 लकी कस्टमर्सना फ्री स्मार्टवॉच देत आहे. तुमचे मिळवण्यासाठी लगेच कॉल करा 7560845532.,No,No,yes
spam,MakeMyTrip लकी ड्रॉ: तुम्ही एक फ्री स्मार्टवॉच जिंकला आहे! एक्सपायर होण्यापूर्वी आत्ताच कॉल करा 9692321803.,No,No,yes
spam,"Ola कस्टमर सर्व्हिस: तुमचा Rs.200 चा रिफंड प्रलंबित आहे, दावा करण्यासाठी क्लिक करा: http://offer4u-claim.online/nwlng",yes,No,No
spam,MakeMyTrip आज 100 लकी कस्टमर्सना फ्री सोन्याचे नाणे देत आहे. तुमचे मिळवण्यासाठी लगेच कॉल करा 8385741734.,No,No,yes
spam,अभिनंदन! तुमचे redBus खाते एका फ्री शॉपिंग व्हाउचर (Rs.50) साठी निवडले गेले आहे. आत्ताच दावा करा: http://bonus-cashout.xyz/0co9x,yes,No,No
spam,Axis Bank आज 100 लकी कस्टमर्सना फ्री गिफ्ट हॅम्पर देत आहे. तुमचे मिळवण्यासाठी लगेच कॉल करा 6752120874.,No,No,yes
spam,Pepperfry आज 100 लकी कस्टमर्सना फ्री स्मार्टफोन देत आहे. तुमचे मिळवण्यासाठी लगेच कॉल करा 6032642560.,No,No,yes
spam,IndiGo लकी ड्रॉ: तुम्ही एक फ्री सोन्याचे नाणे जिंकला आहे! एक्सपायर होण्यापूर्वी आत्ताच कॉल करा 6652899859.,No,No,yes
spam,"HDFC Bank कस्टमर सर्व्हिस: तुमचा Rs.300 चा रिफंड प्रलंबित आहे, दावा करण्यासाठी क्लिक करा: http://bonus-cashout.xyz/pn58q",yes,No,No
spam,IRCTC आज 100 लकी कस्टमर्सना फ्री सोन्याचे नाणे देत आहे. तुमचे मिळवण्यासाठी लगेच कॉल करा 7963017993.,No,No,yes
spam,BYJU'S आज 100 लकी कस्टमर्सना फ्री स्मार्टवॉच देत आहे. तुमचे मिळवण्यासाठी लगेच कॉल करा 6922518881.,No,No,yes
spam,Amazon Prime Video लकी ड्रॉ: तुम्ही एक फ्री स्मार्टफोन जिंकला आहे! एक्सपायर होण्यापूर्वी आत्ताच कॉल करा 6978863887.,No,No,yes
spam,अभिनंदन! तुमचे Domino's खाते एका फ्री सोन्याचे नाणे (Rs.100) साठी निवडले गेले आहे. आत्ताच दावा करा: http://gift-redeem-now.co.in/qgkf5,yes,No,No
spam,अभिनंदन! तुमचे Unacademy खाते एका फ्री शॉपिंग व्हाउचर (Rs.100) साठी निवडले गेले आहे. आत्ताच दावा करा: http://prize-verify.info/qgnex,yes,No,No
spam,"Lenskart कस्टमर सर्व्हिस: तुमचा Rs.150 चा रिफंड प्रलंबित आहे, दावा करण्यासाठी क्लिक करा: http://gift-redeem-now.co.in/rb6bl",yes,No,No
spam,Swiggy आज 100 लकी कस्टमर्सना फ्री स्मार्टवॉच देत आहे. तुमचे मिळवण्यासाठी लगेच कॉल करा 7213649596.,No,No,yes
spam,तुम्ही ICICI Bank च्या अ‍ॅनिव्हर्सरी कॉन्टेस्टचे लकी विनर आहात. Rs.250 चे बक्षीस मिळवण्यासाठी तुमची बँक माहिती शेअर करा.,No,No,No
spam,अभिनंदन! तुमचे Pepperfry खाते एका फ्री गिफ्ट हॅम्पर (Rs.150) साठी निवडले गेले आहे. आत्ताच दावा करा: http://prize-verify.info/kj2x6,yes,No,No
spam,Swiggy आज 100 लकी कस्टमर्सना फ्री गिफ्ट हॅम्पर देत आहे. तुमचे मिळवण्यासाठी लगेच कॉल करा 7592215909.,No,No,yes
spam,Amazon आज 100 लकी कस्टमर्सना फ्री गिफ्ट हॅम्पर देत आहे. तुमचे मिळवण्यासाठी लगेच कॉल करा 8799123825.,No,No,yes
spam,Amazon आज 100 लकी कस्टमर्सना फ्री स्मार्टफोन देत आहे. तुमचे मिळवण्यासाठी लगेच कॉल करा 9227661357.,No,No,yes
spam,"Jio कस्टमर सर्व्हिस: तुमचा Rs.250 चा रिफंड प्रलंबित आहे, दावा करण्यासाठी क्लिक करा: http://gift-redeem-now.co.in/h6jj9",yes,No,No
spam,अभिनंदन! तुमचे Amazon Prime Video खाते एका फ्री सोन्याचे नाणे (Rs.300) साठी निवडले गेले आहे. आत्ताच दावा करा: http://prize-verify.info/3i4zk,yes,No,No
spam,"Goibibo कस्टमर सर्व्हिस: तुमचा Rs.50 चा रिफंड प्रलंबित आहे, दावा करण्यासाठी क्लिक करा: http://lucky-winner-alert.co/pyoag",yes,No,No
spam,"Swiggy कस्टमर सर्व्हिस: तुमचा Rs.500 चा रिफंड प्रलंबित आहे, दावा करण्यासाठी क्लिक करा: http://lucky-winner-alert.co/4dh9u",yes,No,No
spam,अभिनंदन! तुमचे cult.fit खाते एका फ्री स्मार्टवॉच (Rs.200) साठी निवडले गेले आहे. आत्ताच दावा करा: http://gift-redeem-now.co.in/gzkk6,yes,No,No
spam,"redBus कस्टमर सर्व्हिस: तुमचा Rs.150 चा रिफंड प्रलंबित आहे, दावा करण्यासाठी क्लिक करा: http://offer4u-claim.online/4ww90",yes,No,No
spam,तुम्ही Zepto च्या अ‍ॅनिव्हर्सरी कॉन्टेस्टचे लकी विनर आहात. Rs.200 चे बक्षीस मिळवण्यासाठी तुमची बँक माहिती शेअर करा.,No,No,No
spam,अभिनंदन! तुमचे BookMyShow खाते एका फ्री शॉपिंग व्हाउचर (Rs.250) साठी निवडले गेले आहे. आत्ताच दावा करा: http://offer4u-claim.online/vq4g6,yes,No,No
spam,SBI Card लकी ड्रॉ: तुम्ही एक फ्री शॉपिंग व्हाउचर जिंकला आहे! एक्सपायर होण्यापूर्वी आत्ताच कॉल करा 8510163088.,No,No,yes
spam,Paytm आज 100 लकी कस्टमर्सना फ्री गिफ्ट हॅम्पर देत आहे. तुमचे मिळवण्यासाठी लगेच कॉल करा 9230643522.,No,No,yes
spam,Zomato आज 100 लकी कस्टमर्सना फ्री शॉपिंग व्हाउचर देत आहे. तुमचे मिळवण्यासाठी लगेच कॉल करा 7037122080.,No,No,yes
spam,अभिनंदन! तुमचे Axis Bank खाते एका फ्री स्मार्टवॉच (Rs.250) साठी निवडले गेले आहे. आत्ताच दावा करा: http://lucky-winner-alert.co/xq4q6,yes,No,No
spam,अभिनंदन! तुमचे CRED खाते एका फ्री गिफ्ट हॅम्पर (Rs.250) साठी निवडले गेले आहे. आत्ताच दावा करा: http://gift-redeem-now.co.in/4l6qh,yes,No,No
spam,"CRED कस्टमर सर्व्हिस: तुमचा Rs.250 चा रिफंड प्रलंबित आहे, दावा करण्यासाठी क्लिक करा: http://prize-verify.info/boqmf",yes,No,No
spam,"Swiggy कस्टमर सर्व्हिस: तुमचा Rs.500 चा रिफंड प्रलंबित आहे, दावा करण्यासाठी क्लिक करा: http://gift-redeem-now.co.in/c7oqr",yes,No,No
spam,"Titan कस्टमर सर्व्हिस: तुमचा Rs.300 चा रिफंड प्रलंबित आहे, दावा करण्यासाठी क्लिक करा: http://bonus-cashout.xyz/9op5q",yes,No,No
spam,BYJU'S आज 100 लकी कस्टमर्सना फ्री गिफ्ट हॅम्पर देत आहे. तुमचे मिळवण्यासाठी लगेच कॉल करा 6387360735.,No,No,yes
spam,MakeMyTrip आज 100 लकी कस्टमर्सना फ्री सोन्याचे नाणे देत आहे. तुमचे मिळवण्यासाठी लगेच कॉल करा 6521572220.,No,No,yes
spam,तुम्ही Lenskart च्या अ‍ॅनिव्हर्सरी कॉन्टेस्टचे लकी विनर आहात. Rs.250 चे बक्षीस मिळवण्यासाठी तुमची बँक माहिती शेअर करा.,No,No,No
spam,"Airtel कस्टमर सर्व्हिस: तुमचा Rs.300 चा रिफंड प्रलंबित आहे, दावा करण्यासाठी क्लिक करा: http://prize-verify.info/5dchf",yes,No,No
spam,"Lenskart कस्टमर सर्व्हिस: तुमचा Rs.300 चा रिफंड प्रलंबित आहे, दावा करण्यासाठी क्लिक करा: http://reward-claim24.xyz/d2lzn",yes,No,No
spam,"Amazon Prime Video कस्टमर सर्व्हिस: तुमचा Rs.100 चा रिफंड प्रलंबित आहे, दावा करण्यासाठी क्लिक करा: http://gift-redeem-now.co.in/shohr",yes,No,No
spam,"BYJU'S कस्टमर सर्व्हिस: तुमचा Rs.150 चा रिफंड प्रलंबित आहे, दावा करण्यासाठी क्लिक करा: http://reward-claim24.xyz/xdix0",yes,No,No
spam,"Domino's कस्टमर सर्व्हिस: तुमचा Rs.50 चा रिफंड प्रलंबित आहे, दावा करण्यासाठी क्लिक करा: http://bonus-cashout.xyz/ghtwh",yes,No,No
spam,Vi लकी ड्रॉ: तुम्ही एक फ्री सोन्याचे नाणे जिंकला आहे! एक्सपायर होण्यापूर्वी आत्ताच कॉल करा 9544131466.,No,No,yes
spam,तुम्ही Meesho च्या अ‍ॅनिव्हर्सरी कॉन्टेस्टचे लकी विनर आहात. Rs.250 चे बक्षीस मिळवण्यासाठी तुमची बँक माहिती शेअर करा.,No,No,No
spam,"PharmEasy कस्टमर सर्व्हिस: तुमचा Rs.300 चा रिफंड प्रलंबित आहे, दावा करण्यासाठी क्लिक करा: http://prize-verify.info/byhb9",yes,No,No
spam,cult.fit आज 100 लकी कस्टमर्सना फ्री सोन्याचे नाणे देत आहे. तुमचे मिळवण्यासाठी लगेच कॉल करा 8960290183.,No,No,yes
spam,तुम्ही PhonePe च्या अ‍ॅनिव्हर्सरी कॉन्टेस्टचे लकी विनर आहात. Rs.100 चे बक्षीस मिळवण्यासाठी तुमची बँक माहिती शेअर करा.,No,No,No
spam,IndiGo आज 100 लकी कस्टमर्सना फ्री स्मार्टवॉच देत आहे. तुमचे मिळवण्यासाठी लगेच कॉल करा 7066627686.,No,No,yes
spam,अभिनंदन! तुमचे Vi खाते एका फ्री गिफ्ट हॅम्पर (Rs.200) साठी निवडले गेले आहे. आत्ताच दावा करा: http://gift-redeem-now.co.in/opao5,yes,No,No
spam,"Unacademy कस्टमर सर्व्हिस: तुमचा Rs.300 चा रिफंड प्रलंबित आहे, दावा करण्यासाठी क्लिक करा: http://gift-redeem-now.co.in/8hq8r",yes,No,No
spam,"Policybazaar कस्टमर सर्व्हिस: तुमचा Rs.50 चा रिफंड प्रलंबित आहे, दावा करण्यासाठी क्लिक करा: http://lucky-winner-alert.co/4sxwp",yes,No,No
spam,अभिनंदन! तुमचे CRED खाते एका फ्री शॉपिंग व्हाउचर (Rs.500) साठी निवडले गेले आहे. आत्ताच दावा करा: http://bonus-cashout.xyz/kugmk,yes,No,No
spam,CRED आज 100 लकी कस्टमर्सना फ्री स्मार्टफोन देत आहे. तुमचे मिळवण्यासाठी लगेच कॉल करा 7364997369.,No,No,yes
spam,"Nykaa कस्टमर सर्व्हिस: तुमचा Rs.300 चा रिफंड प्रलंबित आहे, दावा करण्यासाठी क्लिक करा: http://offer4u-claim.online/knv9z",yes,No,No
spam,Netflix आज 100 लकी कस्टमर्सना फ्री शॉपिंग व्हाउचर देत आहे. तुमचे मिळवण्यासाठी लगेच कॉल करा 6599088696.,No,No,yes
spam,अभिनंदन! तुमचे Zomato खाते एका फ्री शॉपिंग व्हाउचर (Rs.50) साठी निवडले गेले आहे. आत्ताच दावा करा: http://gift-redeem-now.co.in/wv1xn,yes,No,No
spam,boAt लकी ड्रॉ: तुम्ही एक फ्री गिफ्ट हॅम्पर जिंकला आहे! एक्सपायर होण्यापूर्वी आत्ताच कॉल करा 6945436232.,No,No,yes
spam,"BYJU'S कस्टमर सर्व्हिस: तुमचा Rs.200 चा रिफंड प्रलंबित आहे, दावा करण्यासाठी क्लिक करा: http://lucky-winner-alert.co/d492j",yes,No,No
spam,cult.fit आज 100 लकी कस्टमर्सना फ्री स्मार्टफोन देत आहे. तुमचे मिळवण्यासाठी लगेच कॉल करा 7656344958.,No,No,yes
spam,तुम्ही boAt च्या अ‍ॅनिव्हर्सरी कॉन्टेस्टचे लकी विनर आहात. Rs.200 चे बक्षीस मिळवण्यासाठी तुमची बँक माहिती शेअर करा.,No,No,No
spam,"IndiGo कस्टमर सर्व्हिस: तुमचा Rs.300 चा रिफंड प्रलंबित आहे, दावा करण्यासाठी क्लिक करा: http://prize-verify.info/crfbn",yes,No,No
spam,boAt लकी ड्रॉ: तुम्ही एक फ्री गिफ्ट हॅम्पर जिंकला आहे! एक्सपायर होण्यापूर्वी आत्ताच कॉल करा 9527412395.,No,No,yes
spam,अभिनंदन! तुमचे Jio खाते एका फ्री स्मार्टवॉच (Rs.100) साठी निवडले गेले आहे. आत्ताच दावा करा: http://bonus-cashout.xyz/ue9aw,yes,No,No
spam,"Spotify कस्टमर सर्व्हिस: तुमचा Rs.150 चा रिफंड प्रलंबित आहे, दावा करण्यासाठी क्लिक करा: http://gift-redeem-now.co.in/fvm2b",yes,No,No
spam,अभिनंदन! तुमचे Swiggy खाते एका फ्री शॉपिंग व्हाउचर (Rs.300) साठी निवडले गेले आहे. आत्ताच दावा करा: http://bonus-cashout.xyz/z3pz9,yes,No,No
spam,अभिनंदन! तुमचे Amazon खाते एका फ्री शॉपिंग व्हाउचर (Rs.50) साठी निवडले गेले आहे. आत्ताच दावा करा: http://prize-verify.info/gt19p,yes,No,No
spam,BigBasket आज 100 लकी कस्टमर्सना फ्री स्मार्टवॉच देत आहे. तुमचे मिळवण्यासाठी लगेच कॉल करा 8066429552.,No,No,yes
spam,PhonePe आज 100 लकी कस्टमर्सना फ्री स्मार्टफोन देत आहे. तुमचे मिळवण्यासाठी लगेच कॉल करा 8959524785.,No,No,yes
spam,तुम्ही IRCTC च्या अ‍ॅनिव्हर्सरी कॉन्टेस्टचे लकी विनर आहात. Rs.150 चे बक्षीस मिळवण्यासाठी तुमची बँक माहिती शेअर करा.,No,No,No
spam,PharmEasy लकी ड्रॉ: तुम्ही एक फ्री सोन्याचे नाणे जिंकला आहे! एक्सपायर होण्यापूर्वी आत्ताच कॉल करा 8805769997.,No,No,yes
spam,ICICI Bank लकी ड्रॉ: तुम्ही एक फ्री स्मार्टफोन जिंकला आहे! एक्सपायर होण्यापूर्वी आत्ताच कॉल करा 9048636637.,No,No,yes
spam,Pepperfry आज 100 लकी कस्टमर्सना फ्री शॉपिंग व्हाउचर देत आहे. तुमचे मिळवण्यासाठी लगेच कॉल करा 6586469139.,No,No,yes
spam,Goibibo आज 100 लकी कस्टमर्सना फ्री गिफ्ट हॅम्पर देत आहे. तुमचे मिळवण्यासाठी लगेच कॉल करा 8060246722.,No,No,yes
spam,"Disney+ Hotstar कस्टमर सर्व्हिस: तुमचा Rs.50 चा रिफंड प्रलंबित आहे, दावा करण्यासाठी क्लिक करा: http://bonus-cashout.xyz/ftxcu",yes,No,No
spam,"cult.fit कस्टमर सर्व्हिस: तुमचा Rs.200 चा रिफंड प्रलंबित आहे, दावा करण्यासाठी क्लिक करा: http://reward-claim24.xyz/65ltw",yes,No,No
spam,Blinkit आज 100 लकी कस्टमर्सना फ्री सोन्याचे नाणे देत आहे. तुमचे मिळवण्यासाठी लगेच कॉल करा 7543475152.,No,No,yes
spam,Zomato लकी ड्रॉ: तुम्ही एक फ्री सोन्याचे नाणे जिंकला आहे! एक्सपायर होण्यापूर्वी आत्ताच कॉल करा 8195734385.,No,No,yes
spam,तुम्ही Zomato च्या अ‍ॅनिव्हर्सरी कॉन्टेस्टचे लकी विनर आहात. Rs.200 चे बक्षीस मिळवण्यासाठी तुमची बँक माहिती शेअर करा.,No,No,No
spam,तुम्ही IRCTC च्या अ‍ॅनिव्हर्सरी कॉन्टेस्टचे लकी विनर आहात. Rs.500 चे बक्षीस मिळवण्यासाठी तुमची बँक माहिती शेअर करा.,No,No,No
spam,"PharmEasy कस्टमर सर्व्हिस: तुमचा Rs.250 चा रिफंड प्रलंबित आहे, दावा करण्यासाठी क्लिक करा: http://offer4u-claim.online/dv76g",yes,No,No
spam,IRCTC आज 100 लकी कस्टमर्सना फ्री स्मार्टफोन देत आहे. तुमचे मिळवण्यासाठी लगेच कॉल करा 8025027440.,No,No,yes
spam,तुम्ही HDFC Bank च्या अ‍ॅनिव्हर्सरी कॉन्टेस्टचे लकी विनर आहात. Rs.250 चे बक्षीस मिळवण्यासाठी तुमची बँक माहिती शेअर करा.,No,No,No
spam,"cult.fit कस्टमर सर्व्हिस: तुमचा Rs.50 चा रिफंड प्रलंबित आहे, दावा करण्यासाठी क्लिक करा: http://gift-redeem-now.co.in/f5tl6",yes,No,No
spam,Spotify लकी ड्रॉ: तुम्ही एक फ्री गिफ्ट हॅम्पर जिंकला आहे! एक्सपायर होण्यापूर्वी आत्ताच कॉल करा 9473776242.,No,No,yes
spam,Decathlon आज 100 लकी कस्टमर्सना फ्री गिफ्ट हॅम्पर देत आहे. तुमचे मिळवण्यासाठी लगेच कॉल करा 9947355587.,No,No,yes
spam,"Goibibo कस्टमर सर्व्हिस: तुमचा Rs.200 चा रिफंड प्रलंबित आहे, दावा करण्यासाठी क्लिक करा: http://gift-redeem-now.co.in/qi9j1",yes,No,No
spam,अभिनंदन! तुमचे PharmEasy खाते एका फ्री सोन्याचे नाणे (Rs.250) साठी निवडले गेले आहे. आत्ताच दावा करा: http://prize-verify.info/lp1sj,yes,No,No
spam,"Paytm कस्टमर सर्व्हिस: तुमचा Rs.250 चा रिफंड प्रलंबित आहे, दावा करण्यासाठी क्लिक करा: http://reward-claim24.xyz/lec0h",yes,No,No
spam,अभिनंदन! तुमचे Airtel खाते एका फ्री सोन्याचे नाणे (Rs.200) साठी निवडले गेले आहे. आत्ताच दावा करा: http://reward-claim24.xyz/e7e2g,yes,No,No
spam,अभिनंदन! तुमचे IRCTC खाते एका फ्री स्मार्टफोन (Rs.250) साठी निवडले गेले आहे. आत्ताच दावा करा: http://gift-redeem-now.co.in/dmh39,yes,No,No
spam,Zomato आज 100 लकी कस्टमर्सना फ्री स्मार्टफोन देत आहे. तुमचे मिळवण्यासाठी लगेच कॉल करा 6046433805.,No,No,yes
spam,अभिनंदन! तुमचे CRED खाते एका फ्री स्मार्टफोन (Rs.150) साठी निवडले गेले आहे. आत्ताच दावा करा: http://gift-redeem-now.co.in/mef5c,yes,No,No
spam,Decathlon लकी ड्रॉ: तुम्ही एक फ्री गिफ्ट हॅम्पर जिंकला आहे! एक्सपायर होण्यापूर्वी आत्ताच कॉल करा 9164210351.,No,No,yes
spam,अभिनंदन! तुमचे Amazon खाते एका फ्री शॉपिंग व्हाउचर (Rs.500) साठी निवडले गेले आहे. आत्ताच दावा करा: http://prize-verify.info/h0277,yes,No,No
spam,"Unacademy कस्टमर सर्व्हिस: तुमचा Rs.250 चा रिफंड प्रलंबित आहे, दावा करण्यासाठी क्लिक करा: http://lucky-winner-alert.co/w9b8z",yes,No,No
spam,तुम्ही cult.fit च्या अ‍ॅनिव्हर्सरी कॉन्टेस्टचे लकी विनर आहात. Rs.300 चे बक्षीस मिळवण्यासाठी तुमची बँक माहिती शेअर करा.,No,No,No
spam,अभिनंदन! तुमचे Zepto खाते एका फ्री गिफ्ट हॅम्पर (Rs.500) साठी निवडले गेले आहे. आत्ताच दावा करा: http://offer4u-claim.online/ix3rd,yes,No,No
spam,"Axis Bank कस्टमर सर्व्हिस: तुमचा Rs.500 चा रिफंड प्रलंबित आहे, दावा करण्यासाठी क्लिक करा: http://offer4u-claim.online/0xc1f",yes,No,No
spam,1mg आज 100 लकी कस्टमर्सना फ्री सोन्याचे नाणे देत आहे. तुमचे मिळवण्यासाठी लगेच कॉल करा 8879631140.,No,No,yes
spam,PharmEasy आज 100 लकी कस्टमर्सना फ्री शॉपिंग व्हाउचर देत आहे. तुमचे मिळवण्यासाठी लगेच कॉल करा 7425635557.,No,No,yes
spam,"cult.fit कस्टमर सर्व्हिस: तुमचा Rs.50 चा रिफंड प्रलंबित आहे, दावा करण्यासाठी क्लिक करा: http://gift-redeem-now.co.in/0j0ht",yes,No,No
spam,Flipkart आज 100 लकी कस्टमर्सना फ्री सोन्याचे नाणे देत आहे. तुमचे मिळवण्यासाठी लगेच कॉल करा 6962224936.,No,No,yes
spam,Disney+ Hotstar आज 100 लकी कस्टमर्सना फ्री गिफ्ट हॅम्पर देत आहे. तुमचे मिळवण्यासाठी लगेच कॉल करा 9857163357.,No,No,yes
spam,तुम्ही BYJU'S च्या अ‍ॅनिव्हर्सरी कॉन्टेस्टचे लकी विनर आहात. Rs.50 चे बक्षीस मिळवण्यासाठी तुमची बँक माहिती शेअर करा.,No,No,No
spam,"Amazon कस्टमर सर्व्हिस: तुमचा Rs.50 चा रिफंड प्रलंबित आहे, दावा करण्यासाठी क्लिक करा: http://bonus-cashout.xyz/8unv3",yes,No,No
spam,"Zepto कस्टमर सर्व्हिस: तुमचा Rs.100 चा रिफंड प्रलंबित आहे, दावा करण्यासाठी क्लिक करा: http://gift-redeem-now.co.in/qu4rz",yes,No,No
spam,Netflix आज 100 लकी कस्टमर्सना फ्री सोन्याचे नाणे देत आहे. तुमचे मिळवण्यासाठी लगेच कॉल करा 8433210135.,No,No,yes
spam,"MakeMyTrip कस्टमर सर्व्हिस: तुमचा Rs.100 चा रिफंड प्रलंबित आहे, दावा करण्यासाठी क्लिक करा: http://prize-verify.info/d45y2",yes,No,No
spam,अभिनंदन! तुमचे Amazon Prime Video खाते एका फ्री स्मार्टफोन (Rs.300) साठी निवडले गेले आहे. आत्ताच दावा करा: http://offer4u-claim.online/a6hrf,yes,No,No
spam,अभिनंदन! तुमचे Decathlon खाते एका फ्री गिफ्ट हॅम्पर (Rs.200) साठी निवडले गेले आहे. आत्ताच दावा करा: http://prize-verify.info/3lylr,yes,No,No
spam,BigBasket लकी ड्रॉ: तुम्ही एक फ्री गिफ्ट हॅम्पर जिंकला आहे! एक्सपायर होण्यापूर्वी आत्ताच कॉल करा 7392930930.,No,No,yes
spam,"SBI Card कस्टमर सर्व्हिस: तुमचा Rs.300 चा रिफंड प्रलंबित आहे, दावा करण्यासाठी क्लिक करा: http://lucky-winner-alert.co/xv5ga",yes,No,No
spam,redBus लकी ड्रॉ: तुम्ही एक फ्री स्मार्टफोन जिंकला आहे! एक्सपायर होण्यापूर्वी आत्ताच कॉल करा 8135673621.,No,No,yes
spam,"boAt कस्टमर सर्व्हिस: तुमचा Rs.500 चा रिफंड प्रलंबित आहे, दावा करण्यासाठी क्लिक करा: http://lucky-winner-alert.co/n1xj8",yes,No,No
spam,"Zepto कस्टमर सर्व्हिस: तुमचा Rs.100 चा रिफंड प्रलंबित आहे, दावा करण्यासाठी क्लिक करा: http://bonus-cashout.xyz/psg2l",yes,No,No
spam,boAt लकी ड्रॉ: तुम्ही एक फ्री स्मार्टवॉच जिंकला आहे! एक्सपायर होण्यापूर्वी आत्ताच कॉल करा 7612660051.,No,No,yes
spam,Nykaa लकी ड्रॉ: तुम्ही एक फ्री सोन्याचे नाणे जिंकला आहे! एक्सपायर होण्यापूर्वी आत्ताच कॉल करा 6342413509.,No,No,yes
spam,अभिनंदन! तुमचे MakeMyTrip खाते एका फ्री स्मार्टवॉच (Rs.300) साठी निवडले गेले आहे. आत्ताच दावा करा: http://bonus-cashout.xyz/x6qwv,yes,No,No
spam,Flipkart लकी ड्रॉ: तुम्ही एक फ्री सोन्याचे नाणे जिंकला आहे! एक्सपायर होण्यापूर्वी आत्ताच कॉल करा 6107676812.,No,No,yes
spam,Ajio लकी ड्रॉ: तुम्ही एक फ्री स्मार्टफोन जिंकला आहे! एक्सपायर होण्यापूर्वी आत्ताच कॉल करा 8851424286.,No,No,yes
spam,Ola आज 100 लकी कस्टमर्सना फ्री स्मार्टवॉच देत आहे. तुमचे मिळवण्यासाठी लगेच कॉल करा 9683893043.,No,No,yes
spam,"boAt कस्टमर सर्व्हिस: तुमचा Rs.50 चा रिफंड प्रलंबित आहे, दावा करण्यासाठी क्लिक करा: http://gift-redeem-now.co.in/huzca",yes,No,No
spam,Flipkart आज 100 लकी कस्टमर्सना फ्री स्मार्टवॉच देत आहे. तुमचे मिळवण्यासाठी लगेच कॉल करा 6211352536.,No,No,yes
spam,Unacademy आज 100 लकी कस्टमर्सना फ्री स्मार्टफोन देत आहे. तुमचे मिळवण्यासाठी लगेच कॉल करा 6586470387.,No,No,yes
spam,SBI Card लकी ड्रॉ: तुम्ही एक फ्री सोन्याचे नाणे जिंकला आहे! एक्सपायर होण्यापूर्वी आत्ताच कॉल करा 9641205889.,No,No,yes
spam,"Spotify कस्टमर सर्व्हिस: तुमचा Rs.100 चा रिफंड प्रलंबित आहे, दावा करण्यासाठी क्लिक करा: http://lucky-winner-alert.co/prmnm",yes,No,No
spam,1mg आज 100 लकी कस्टमर्सना फ्री स्मार्टवॉच देत आहे. तुमचे मिळवण्यासाठी लगेच कॉल करा 7033767600.,No,No,yes
spam,अभिनंदन! तुमचे PhonePe खाते एका फ्री स्मार्टवॉच (Rs.250) साठी निवडले गेले आहे. आत्ताच दावा करा: http://lucky-winner-alert.co/8akeh,yes,No,No
spam,MakeMyTrip लकी ड्रॉ: तुम्ही एक फ्री स्मार्टफोन जिंकला आहे! एक्सपायर होण्यापूर्वी आत्ताच कॉल करा 7638153966.,No,No,yes
spam,BookMyShow आज 100 लकी कस्टमर्सना फ्री स्मार्टवॉच देत आहे. तुमचे मिळवण्यासाठी लगेच कॉल करा 9252752499.,No,No,yes
spam,Ola आज 100 लकी कस्टमर्सना फ्री स्मार्टफोन देत आहे. तुमचे मिळवण्यासाठी लगेच कॉल करा 9691199953.,No,No,yes
spam,BookMyShow आज 100 लकी कस्टमर्सना फ्री स्मार्टवॉच देत आहे. तुमचे मिळवण्यासाठी लगेच कॉल करा 6473293964.,No,No,yes
spam,"Ola कस्टमर सर्व्हिस: तुमचा Rs.100 चा रिफंड प्रलंबित आहे, दावा करण्यासाठी क्लिक करा: http://lucky-winner-alert.co/3rmj1",yes,No,No
spam,BYJU'S लकी ड्रॉ: तुम्ही एक फ्री स्मार्टफोन जिंकला आहे! एक्सपायर होण्यापूर्वी आत्ताच कॉल करा 7997573688.,No,No,yes
spam,Amazon लकी ड्रॉ: तुम्ही एक फ्री स्मार्टवॉच जिंकला आहे! एक्सपायर होण्यापूर्वी आत्ताच कॉल करा 9989179001.,No,No,yes
spam,"PhonePe कस्टमर सर्व्हिस: तुमचा Rs.100 चा रिफंड प्रलंबित आहे, दावा करण्यासाठी क्लिक करा: http://prize-verify.info/qulc8",yes,No,No
spam,Vi लकी ड्रॉ: तुम्ही एक फ्री स्मार्टफोन जिंकला आहे! एक्सपायर होण्यापूर्वी आत्ताच कॉल करा 6398170022.,No,No,yes
spam,"HDFC Bank कस्टमर सर्व्हिस: तुमचा Rs.200 चा रिफंड प्रलंबित आहे, दावा करण्यासाठी क्लिक करा: http://gift-redeem-now.co.in/d11oh",yes,No,No
spam,"Airtel कस्टमर सर्व्हिस: तुमचा Rs.500 चा रिफंड प्रलंबित आहे, दावा करण्यासाठी क्लिक करा: http://prize-verify.info/ctzfw",yes,No,No
spam,Unacademy लकी ड्रॉ: तुम्ही एक फ्री गिफ्ट हॅम्पर जिंकला आहे! एक्सपायर होण्यापूर्वी आत्ताच कॉल करा 7293173520.,No,No,yes
spam,तुम्ही BYJU'S च्या अ‍ॅनिव्हर्सरी कॉन्टेस्टचे लकी विनर आहात. Rs.250 चे बक्षीस मिळवण्यासाठी तुमची बँक माहिती शेअर करा.,No,No,No
spam,अभिनंदन! तुमचे Unacademy खाते एका फ्री स्मार्टवॉच (Rs.500) साठी निवडले गेले आहे. आत्ताच दावा करा: http://prize-verify.info/ca0zm,yes,No,No
spam,"Swiggy कस्टमर सर्व्हिस: तुमचा Rs.500 चा रिफंड प्रलंबित आहे, दावा करण्यासाठी क्लिक करा: http://prize-verify.info/c70yk",yes,No,No
spam,Myntra आज 100 लकी कस्टमर्सना फ्री गिफ्ट हॅम्पर देत आहे. तुमचे मिळवण्यासाठी लगेच कॉल करा 7799482334.,No,No,yes
spam,Pepperfry आज 100 लकी कस्टमर्सना फ्री शॉपिंग व्हाउचर देत आहे. तुमचे मिळवण्यासाठी लगेच कॉल करा 9224866948.,No,No,yes
spam,अभिनंदन! तुमचे Decathlon खाते एका फ्री स्मार्टफोन (Rs.500) साठी निवडले गेले आहे. आत्ताच दावा करा: http://gift-redeem-now.co.in/zkv9d,yes,No,No
spam,BookMyShow आज 100 लकी कस्टमर्सना फ्री शॉपिंग व्हाउचर देत आहे. तुमचे मिळवण्यासाठी लगेच कॉल करा 9239988029.,No,No,yes
spam,CRED लकी ड्रॉ: तुम्ही एक फ्री स्मार्टफोन जिंकला आहे! एक्सपायर होण्यापूर्वी आत्ताच कॉल करा 9832598481.,No,No,yes
spam,"cult.fit कस्टमर सर्व्हिस: तुमचा Rs.50 चा रिफंड प्रलंबित आहे, दावा करण्यासाठी क्लिक करा: http://prize-verify.info/vqqke",yes,No,No
spam,"HDFC Bank कस्टमर सर्व्हिस: तुमचा Rs.250 चा रिफंड प्रलंबित आहे, दावा करण्यासाठी क्लिक करा: http://lucky-winner-alert.co/kfn8z",yes,No,No
spam,अभिनंदन! तुमचे Unacademy खाते एका फ्री स्मार्टफोन (Rs.300) साठी निवडले गेले आहे. आत्ताच दावा करा: http://reward-claim24.xyz/4xl3c,yes,No,No
spam,Swiggy आज 100 लकी कस्टमर्सना फ्री शॉपिंग व्हाउचर देत आहे. तुमचे मिळवण्यासाठी लगेच कॉल करा 8673258426.,No,No,yes
spam,अभिनंदन! तुमचे BookMyShow खाते एका फ्री गिफ्ट हॅम्पर (Rs.300) साठी निवडले गेले आहे. आत्ताच दावा करा: http://gift-redeem-now.co.in/sodri,yes,No,No
spam,Amazon आज 100 लकी कस्टमर्सना फ्री स्मार्टवॉच देत आहे. तुमचे मिळवण्यासाठी लगेच कॉल करा 7011110898.,No,No,yes
spam,अभिनंदन! तुमचे Blinkit खाते एका फ्री शॉपिंग व्हाउचर (Rs.500) साठी निवडले गेले आहे. आत्ताच दावा करा: http://offer4u-claim.online/g2jwe,yes,No,No
spam,अभिनंदन! तुमचे Domino's खाते एका फ्री सोन्याचे नाणे (Rs.200) साठी निवडले गेले आहे. आत्ताच दावा करा: http://bonus-cashout.xyz/80xms,yes,No,No
spam,IRCTC आज 100 लकी कस्टमर्सना फ्री स्मार्टवॉच देत आहे. तुमचे मिळवण्यासाठी लगेच कॉल करा 8810775236.,No,No,yes
spam,अभिनंदन! तुमचे Jio खाते एका फ्री स्मार्टवॉच (Rs.100) साठी निवडले गेले आहे. आत्ताच दावा करा: http://lucky-winner-alert.co/vh5x8,yes,No,No
spam,ICICI Bank लकी ड्रॉ: तुम्ही एक फ्री सोन्याचे नाणे जिंकला आहे! एक्सपायर होण्यापूर्वी आत्ताच कॉल करा 6640353605.,No,No,yes
spam,तुम्ही MakeMyTrip च्या अ‍ॅनिव्हर्सरी कॉन्टेस्टचे लकी विनर आहात. Rs.250 चे बक्षीस मिळवण्यासाठी तुमची बँक माहिती शेअर करा.,No,No,No
spam,अभिनंदन! तुमचे Domino's खाते एका फ्री शॉपिंग व्हाउचर (Rs.500) साठी निवडले गेले आहे. आत्ताच दावा करा: http://gift-redeem-now.co.in/l3n5s,yes,No,No
spam,BigBasket आज 100 लकी कस्टमर्सना फ्री गिफ्ट हॅम्पर देत आहे. तुमचे मिळवण्यासाठी लगेच कॉल करा 7845611093.,No,No,yes
spam,तुम्ही Zepto च्या अ‍ॅनिव्हर्सरी कॉन्टेस्टचे लकी विनर आहात. Rs.500 चे बक्षीस मिळवण्यासाठी तुमची बँक माहिती शेअर करा.,No,No,No
spam,अभिनंदन! तुमचे PhonePe खाते एका फ्री शॉपिंग व्हाउचर (Rs.100) साठी निवडले गेले आहे. आत्ताच दावा करा: http://offer4u-claim.online/czbk4,yes,No,No
spam,"SBI Card कस्टमर सर्व्हिस: तुमचा Rs.50 चा रिफंड प्रलंबित आहे, दावा करण्यासाठी क्लिक करा: http://bonus-cashout.xyz/xun0i",yes,No,No
spam,अभिनंदन! तुमचे Jio खाते एका फ्री गिफ्ट हॅम्पर (Rs.150) साठी निवडले गेले आहे. आत्ताच दावा करा: http://gift-redeem-now.co.in/xobpu,yes,No,No
spam,Domino's आज 100 लकी कस्टमर्सना फ्री शॉपिंग व्हाउचर देत आहे. तुमचे मिळवण्यासाठी लगेच कॉल करा 9307348688.,No,No,yes
spam,CRED आज 100 लकी कस्टमर्सना फ्री स्मार्टफोन देत आहे. तुमचे मिळवण्यासाठी लगेच कॉल करा 9049970693.,No,No,yes
spam,"CRED कस्टमर सर्व्हिस: तुमचा Rs.50 चा रिफंड प्रलंबित आहे, दावा करण्यासाठी क्लिक करा: http://prize-verify.info/y9d7u",yes,No,No
spam,तुम्ही Uber च्या अ‍ॅनिव्हर्सरी कॉन्टेस्टचे लकी विनर आहात. Rs.50 चे बक्षीस मिळवण्यासाठी तुमची बँक माहिती शेअर करा.,No,No,No
spam,"BigBasket कस्टमर सर्व्हिस: तुमचा Rs.300 चा रिफंड प्रलंबित आहे, दावा करण्यासाठी क्लिक करा: http://bonus-cashout.xyz/s9kgj",yes,No,No
spam,Zomato आज 100 लकी कस्टमर्सना फ्री गिफ्ट हॅम्पर देत आहे. तुमचे मिळवण्यासाठी लगेच कॉल करा 7742448580.,No,No,yes
spam,"Meesho कस्टमर सर्व्हिस: तुमचा Rs.200 चा रिफंड प्रलंबित आहे, दावा करण्यासाठी क्लिक करा: http://lucky-winner-alert.co/0aap1",yes,No,No
spam,redBus लकी ड्रॉ: तुम्ही एक फ्री गिफ्ट हॅम्पर जिंकला आहे! एक्सपायर होण्यापूर्वी आत्ताच कॉल करा 9716778568.,No,No,yes
spam,Airtel आज 100 लकी कस्टमर्सना फ्री स्मार्टवॉच देत आहे. तुमचे मिळवण्यासाठी लगेच कॉल करा 8181651381.,No,No,yes
spam,अभिनंदन! तुमचे PharmEasy खाते एका फ्री स्मार्टवॉच (Rs.200) साठी निवडले गेले आहे. आत्ताच दावा करा: http://gift-redeem-now.co.in/b6ufi,yes,No,No
spam,Jio लकी ड्रॉ: तुम्ही एक फ्री शॉपिंग व्हाउचर जिंकला आहे! एक्सपायर होण्यापूर्वी आत्ताच कॉल करा 6492567758.,No,No,yes
spam,Blinkit लकी ड्रॉ: तुम्ही एक फ्री सोन्याचे नाणे जिंकला आहे! एक्सपायर होण्यापूर्वी आत्ताच कॉल करा 6498361817.,No,No,yes
spam,ICICI Bank आज 100 लकी कस्टमर्सना फ्री सोन्याचे नाणे देत आहे. तुमचे मिळवण्यासाठी लगेच कॉल करा 8516534214.,No,No,yes
spam,"Axis Bank कस्टमर सर्व्हिस: तुमचा Rs.250 चा रिफंड प्रलंबित आहे, दावा करण्यासाठी क्लिक करा: http://prize-verify.info/v5x1o",yes,No,No
spam,Domino's आज 100 लकी कस्टमर्सना फ्री सोन्याचे नाणे देत आहे. तुमचे मिळवण्यासाठी लगेच कॉल करा 9677706537.,No,No,yes
spam,तुम्ही CRED च्या अ‍ॅनिव्हर्सरी कॉन्टेस्टचे लकी विनर आहात. Rs.150 चे बक्षीस मिळवण्यासाठी तुमची बँक माहिती शेअर करा.,No,No,No
spam,Goibibo लकी ड्रॉ: तुम्ही एक फ्री स्मार्टवॉच जिंकला आहे! एक्सपायर होण्यापूर्वी आत्ताच कॉल करा 6296072268.,No,No,yes
spam,Tanishq आज 100 लकी कस्टमर्सना फ्री सोन्याचे नाणे देत आहे. तुमचे मिळवण्यासाठी लगेच कॉल करा 7969266634.,No,No,yes
spam,Policybazaar आज 100 लकी कस्टमर्सना फ्री स्मार्टफोन देत आहे. तुमचे मिळवण्यासाठी लगेच कॉल करा 7162518842.,No,No,yes
spam,Meesho आज 100 लकी कस्टमर्सना फ्री स्मार्टवॉच देत आहे. तुमचे मिळवण्यासाठी लगेच कॉल करा 7904869442.,No,No,yes
spam,"Amazon Prime Video कस्टमर सर्व्हिस: तुमचा Rs.300 चा रिफंड प्रलंबित आहे, दावा करण्यासाठी क्लिक करा: http://lucky-winner-alert.co/ybrem",yes,No,No
spam,अभिनंदन! तुमचे Paytm खाते एका फ्री गिफ्ट हॅम्पर (Rs.250) साठी निवडले गेले आहे. आत्ताच दावा करा: http://gift-redeem-now.co.in/x81cc,yes,No,No
spam,Airtel आज 100 लकी कस्टमर्सना फ्री सोन्याचे नाणे देत आहे. तुमचे मिळवण्यासाठी लगेच कॉल करा 8732619484.,No,No,yes
spam,"MakeMyTrip कस्टमर सर्व्हिस: तुमचा Rs.100 चा रिफंड प्रलंबित आहे, दावा करण्यासाठी क्लिक करा: http://bonus-cashout.xyz/gwh1t",yes,No,No
spam,SBI Card आज 100 लकी कस्टमर्सना फ्री गिफ्ट हॅम्पर देत आहे. तुमचे मिळवण्यासाठी लगेच कॉल करा 8365227469.,No,No,yes
spam,Goibibo आज 100 लकी कस्टमर्सना फ्री गिफ्ट हॅम्पर देत आहे. तुमचे मिळवण्यासाठी लगेच कॉल करा 9884290996.,No,No,yes
spam,BookMyShow लकी ड्रॉ: तुम्ही एक फ्री स्मार्टफोन जिंकला आहे! एक्सपायर होण्यापूर्वी आत्ताच कॉल करा 9890517643.,No,No,yes
spam,Ola लकी ड्रॉ: तुम्ही एक फ्री गिफ्ट हॅम्पर जिंकला आहे! एक्सपायर होण्यापूर्वी आत्ताच कॉल करा 8047959434.,No,No,yes
spam,Myntra लकी ड्रॉ: तुम्ही एक फ्री स्मार्टफोन जिंकला आहे! एक्सपायर होण्यापूर्वी आत्ताच कॉल करा 7513171465.,No,No,yes
spam,"Goibibo कस्टमर सर्व्हिस: तुमचा Rs.50 चा रिफंड प्रलंबित आहे, दावा करण्यासाठी क्लिक करा: http://reward-claim24.xyz/ery5m",yes,No,No
spam,अभिनंदन! तुमचे Uber खाते एका फ्री स्मार्टवॉच (Rs.100) साठी निवडले गेले आहे. आत्ताच दावा करा: http://offer4u-claim.online/rf48z,yes,No,No
spam,"MakeMyTrip कस्टमर सर्व्हिस: तुमचा Rs.50 चा रिफंड प्रलंबित आहे, दावा करण्यासाठी क्लिक करा: http://bonus-cashout.xyz/oodvg",yes,No,No
spam,तुम्ही Amazon Prime Video च्या अ‍ॅनिव्हर्सरी कॉन्टेस्टचे लकी विनर आहात. Rs.300 चे बक्षीस मिळवण्यासाठी तुमची बँक माहिती शेअर करा.,No,No,No
spam,Zepto लकी ड्रॉ: तुम्ही एक फ्री स्मार्टवॉच जिंकला आहे! एक्सपायर होण्यापूर्वी आत्ताच कॉल करा 7066125994.,No,No,yes
spam,Ola लकी ड्रॉ: तुम्ही एक फ्री शॉपिंग व्हाउचर जिंकला आहे! एक्सपायर होण्यापूर्वी आत्ताच कॉल करा 7265296954.,No,No,yes
spam,Nykaa आज 100 लकी कस्टमर्सना फ्री स्मार्टवॉच देत आहे. तुमचे मिळवण्यासाठी लगेच कॉल करा 8229573198.,No,No,yes
spam,Amazon लकी ड्रॉ: तुम्ही एक फ्री स्मार्टवॉच जिंकला आहे! एक्सपायर होण्यापूर्वी आत्ताच कॉल करा 9255864360.,No,No,yes
spam,SBI Card लकी ड्रॉ: तुम्ही एक फ्री स्मार्टवॉच जिंकला आहे! एक्सपायर होण्यापूर्वी आत्ताच कॉल करा 9757237109.,No,No,yes
spam,"Titan कस्टमर सर्व्हिस: तुमचा Rs.100 चा रिफंड प्रलंबित आहे, दावा करण्यासाठी क्लिक करा: http://bonus-cashout.xyz/bsqy8",yes,No,No
spam,"boAt कस्टमर सर्व्हिस: तुमचा Rs.50 चा रिफंड प्रलंबित आहे, दावा करण्यासाठी क्लिक करा: http://reward-claim24.xyz/m6luc",yes,No,No
spam,"1mg कस्टमर सर्व्हिस: तुमचा Rs.200 चा रिफंड प्रलंबित आहे, दावा करण्यासाठी क्लिक करा: http://bonus-cashout.xyz/7t8wp",yes,No,No
spam,PharmEasy आज 100 लकी कस्टमर्सना फ्री सोन्याचे नाणे देत आहे. तुमचे मिळवण्यासाठी लगेच कॉल करा 8357545258.,No,No,yes
spam,तुम्ही Vi च्या अ‍ॅनिव्हर्सरी कॉन्टेस्टचे लकी विनर आहात. Rs.150 चे बक्षीस मिळवण्यासाठी तुमची बँक माहिती शेअर करा.,No,No,No
spam,अभिनंदन! तुमचे Policybazaar खाते एका फ्री शॉपिंग व्हाउचर (Rs.100) साठी निवडले गेले आहे. आत्ताच दावा करा: http://reward-claim24.xyz/bwfhb,yes,No,No
spam,Swiggy लकी ड्रॉ: तुम्ही एक फ्री स्मार्टवॉच जिंकला आहे! एक्सपायर होण्यापूर्वी आत्ताच कॉल करा 7748943650.,No,No,yes
spam,अभिनंदन! तुमचे BYJU'S खाते एका फ्री स्मार्टफोन (Rs.200) साठी निवडले गेले आहे. आत्ताच दावा करा: http://offer4u-claim.online/6x366,yes,No,No
spam,अभिनंदन! तुमचे Unacademy खाते एका फ्री शॉपिंग व्हाउचर (Rs.250) साठी निवडले गेले आहे. आत्ताच दावा करा: http://prize-verify.info/9fqa4,yes,No,No
spam,Unacademy आज 100 लकी कस्टमर्सना फ्री गिफ्ट हॅम्पर देत आहे. तुमचे मिळवण्यासाठी लगेच कॉल करा 6244918537.,No,No,yes
spam,boAt लकी ड्रॉ: तुम्ही एक फ्री सोन्याचे नाणे जिंकला आहे! एक्सपायर होण्यापूर्वी आत्ताच कॉल करा 9207143360.,No,No,yes
spam,तुम्ही Pepperfry च्या अ‍ॅनिव्हर्सरी कॉन्टेस्टचे लकी विनर आहात. Rs.100 चे बक्षीस मिळवण्यासाठी तुमची बँक माहिती शेअर करा.,No,No,No
spam,Myntra लकी ड्रॉ: तुम्ही एक फ्री स्मार्टफोन जिंकला आहे! एक्सपायर होण्यापूर्वी आत्ताच कॉल करा 6928823894.,No,No,yes
spam,Zomato आज 100 लकी कस्टमर्सना फ्री शॉपिंग व्हाउचर देत आहे. तुमचे मिळवण्यासाठी लगेच कॉल करा 7610128659.,No,No,yes
spam,अभिनंदन! तुमचे Ola खाते एका फ्री गिफ्ट हॅम्पर (Rs.150) साठी निवडले गेले आहे. आत्ताच दावा करा: http://prize-verify.info/w5onf,yes,No,No
spam,अभिनंदन! तुमचे HDFC Bank खाते एका फ्री स्मार्टफोन (Rs.500) साठी निवडले गेले आहे. आत्ताच दावा करा: http://offer4u-claim.online/a302y,yes,No,No
spam,IndiGo आज 100 लकी कस्टमर्सना फ्री सोन्याचे नाणे देत आहे. तुमचे मिळवण्यासाठी लगेच कॉल करा 7099326857.,No,No,yes
spam,अभिनंदन! तुमचे IndiGo खाते एका फ्री गिफ्ट हॅम्पर (Rs.50) साठी निवडले गेले आहे. आत्ताच दावा करा: http://gift-redeem-now.co.in/oijpe,yes,No,No
spam,"Vi कस्टमर सर्व्हिस: तुमचा Rs.250 चा रिफंड प्रलंबित आहे, दावा करण्यासाठी क्लिक करा: http://bonus-cashout.xyz/zhsty",yes,No,No
spam,"BigBasket कस्टमर सर्व्हिस: तुमचा Rs.100 चा रिफंड प्रलंबित आहे, दावा करण्यासाठी क्लिक करा: http://reward-claim24.xyz/2a5mr",yes,No,No
spam,BigBasket लकी ड्रॉ: तुम्ही एक फ्री स्मार्टफोन जिंकला आहे! एक्सपायर होण्यापूर्वी आत्ताच कॉल करा 6857853182.,No,No,yes
spam,अभिनंदन! तुमचे ICICI Bank खाते एका फ्री सोन्याचे नाणे (Rs.200) साठी निवडले गेले आहे. आत्ताच दावा करा: http://bonus-cashout.xyz/bwvaa,yes,No,No
spam,"Unacademy कस्टमर सर्व्हिस: तुमचा Rs.150 चा रिफंड प्रलंबित आहे, दावा करण्यासाठी क्लिक करा: http://bonus-cashout.xyz/7zccm",yes,No,No
spam,"BYJU'S कस्टमर सर्व्हिस: तुमचा Rs.150 चा रिफंड प्रलंबित आहे, दावा करण्यासाठी क्लिक करा: http://bonus-cashout.xyz/9zanc",yes,No,No
spam,अभिनंदन! तुमचे Amazon Prime Video खाते एका फ्री शॉपिंग व्हाउचर (Rs.150) साठी निवडले गेले आहे. आत्ताच दावा करा: http://bonus-cashout.xyz/ylyc5,yes,No,No
spam,IndiGo लकी ड्रॉ: तुम्ही एक फ्री स्मार्टफोन जिंकला आहे! एक्सपायर होण्यापूर्वी आत्ताच कॉल करा 9395934585.,No,No,yes
spam,"MakeMyTrip कस्टमर सर्व्हिस: तुमचा Rs.150 चा रिफंड प्रलंबित आहे, दावा करण्यासाठी क्लिक करा: http://prize-verify.info/impeg",yes,No,No
spam,तुम्ही cult.fit च्या अ‍ॅनिव्हर्सरी कॉन्टेस्टचे लकी विनर आहात. Rs.50 चे बक्षीस मिळवण्यासाठी तुमची बँक माहिती शेअर करा.,No,No,No
spam,Netflix आज 100 लकी कस्टमर्सना फ्री शॉपिंग व्हाउचर देत आहे. तुमचे मिळवण्यासाठी लगेच कॉल करा 7932606247.,No,No,yes
spam,"BYJU'S कस्टमर सर्व्हिस: तुमचा Rs.50 चा रिफंड प्रलंबित आहे, दावा करण्यासाठी क्लिक करा: http://reward-claim24.xyz/43z6h",yes,No,No
spam,अभिनंदन! तुमचे Jio खाते एका फ्री सोन्याचे नाणे (Rs.500) साठी निवडले गेले आहे. आत्ताच दावा करा: http://reward-claim24.xyz/y5t6b,yes,No,No
spam,अभिनंदन! तुमचे Zomato खाते एका फ्री शॉपिंग व्हाउचर (Rs.100) साठी निवडले गेले आहे. आत्ताच दावा करा: http://prize-verify.info/5myl8,yes,No,No
spam,"Uber कस्टमर सर्व्हिस: तुमचा Rs.150 चा रिफंड प्रलंबित आहे, दावा करण्यासाठी क्लिक करा: http://offer4u-claim.online/mv0bh",yes,No,No
spam,"Titan कस्टमर सर्व्हिस: तुमचा Rs.100 चा रिफंड प्रलंबित आहे, दावा करण्यासाठी क्लिक करा: http://bonus-cashout.xyz/bydvd",yes,No,No
spam,"Ola कस्टमर सर्व्हिस: तुमचा Rs.500 चा रिफंड प्रलंबित आहे, दावा करण्यासाठी क्लिक करा: http://prize-verify.info/6kmtx",yes,No,No
spam,Domino's लकी ड्रॉ: तुम्ही एक फ्री गिफ्ट हॅम्पर जिंकला आहे! एक्सपायर होण्यापूर्वी आत्ताच कॉल करा 8513135616.,No,No,yes
spam,"IndiGo कस्टमर सर्व्हिस: तुमचा Rs.50 चा रिफंड प्रलंबित आहे, दावा करण्यासाठी क्लिक करा: http://bonus-cashout.xyz/2p3y8",yes,No,No
spam,Decathlon लकी ड्रॉ: तुम्ही एक फ्री स्मार्टफोन जिंकला आहे! एक्सपायर होण्यापूर्वी आत्ताच कॉल करा 8352677135.,No,No,yes
spam,तुम्ही BYJU'S च्या अ‍ॅनिव्हर्सरी कॉन्टेस्टचे लकी विनर आहात. Rs.200 चे बक्षीस मिळवण्यासाठी तुमची बँक माहिती शेअर करा.,No,No,No
spam,PharmEasy लकी ड्रॉ: तुम्ही एक फ्री शॉपिंग व्हाउचर जिंकला आहे! एक्सपायर होण्यापूर्वी आत्ताच कॉल करा 8605717614.,No,No,yes
spam,Myntra लकी ड्रॉ: तुम्ही एक फ्री स्मार्टवॉच जिंकला आहे! एक्सपायर होण्यापूर्वी आत्ताच कॉल करा 6248371379.,No,No,yes
spam,तुम्ही Goibibo च्या अ‍ॅनिव्हर्सरी कॉन्टेस्टचे लकी विनर आहात. Rs.100 चे बक्षीस मिळवण्यासाठी तुमची बँक माहिती शेअर करा.,No,No,No
spam,"1mg कस्टमर सर्व्हिस: तुमचा Rs.50 चा रिफंड प्रलंबित आहे, दावा करण्यासाठी क्लिक करा: http://bonus-cashout.xyz/y80e5",yes,No,No
spam,CRED लकी ड्रॉ: तुम्ही एक फ्री स्मार्टवॉच जिंकला आहे! एक्सपायर होण्यापूर्वी आत्ताच कॉल करा 8766287101.,No,No,yes
spam,तुम्ही Goibibo च्या अ‍ॅनिव्हर्सरी कॉन्टेस्टचे लकी विनर आहात. Rs.500 चे बक्षीस मिळवण्यासाठी तुमची बँक माहिती शेअर करा.,No,No,No
spam,अभिनंदन! तुमचे redBus खाते एका फ्री गिफ्ट हॅम्पर (Rs.200) साठी निवडले गेले आहे. आत्ताच दावा करा: http://lucky-winner-alert.co/et4xs,yes,No,No
spam,"Titan कस्टमर सर्व्हिस: तुमचा Rs.300 चा रिफंड प्रलंबित आहे, दावा करण्यासाठी क्लिक करा: http://bonus-cashout.xyz/lksmd",yes,No,No
spam,अभिनंदन! तुमचे Flipkart खाते एका फ्री सोन्याचे नाणे (Rs.250) साठी निवडले गेले आहे. आत्ताच दावा करा: http://prize-verify.info/8sey1,yes,No,No
spam,Zomato लकी ड्रॉ: तुम्ही एक फ्री शॉपिंग व्हाउचर जिंकला आहे! एक्सपायर होण्यापूर्वी आत्ताच कॉल करा 9185872447.,No,No,yes
spam,तुम्ही Ajio च्या अ‍ॅनिव्हर्सरी कॉन्टेस्टचे लकी विनर आहात. Rs.250 चे बक्षीस मिळवण्यासाठी तुमची बँक माहिती शेअर करा.,No,No,No
spam,BYJU'S लकी ड्रॉ: तुम्ही एक फ्री शॉपिंग व्हाउचर जिंकला आहे! एक्सपायर होण्यापूर्वी आत्ताच कॉल करा 6931410736.,No,No,yes
spam,"Flipkart कस्टमर सर्व्हिस: तुमचा Rs.200 चा रिफंड प्रलंबित आहे, दावा करण्यासाठी क्लिक करा: http://bonus-cashout.xyz/grjc9",yes,No,No
spam,BookMyShow आज 100 लकी कस्टमर्सना फ्री शॉपिंग व्हाउचर देत आहे. तुमचे मिळवण्यासाठी लगेच कॉल करा 6457404060.,No,No,yes
spam,अभिनंदन! तुमचे BigBasket खाते एका फ्री स्मार्टफोन (Rs.500) साठी निवडले गेले आहे. आत्ताच दावा करा: http://gift-redeem-now.co.in/mam09,yes,No,No
spam,BigBasket लकी ड्रॉ: तुम्ही एक फ्री गिफ्ट हॅम्पर जिंकला आहे! एक्सपायर होण्यापूर्वी आत्ताच कॉल करा 9205658702.,No,No,yes
spam,अभिनंदन! तुमचे CRED खाते एका फ्री सोन्याचे नाणे (Rs.50) साठी निवडले गेले आहे. आत्ताच दावा करा: http://gift-redeem-now.co.in/5hc7p,yes,No,No
spam,Axis Bank लकी ड्रॉ: तुम्ही एक फ्री स्मार्टफोन जिंकला आहे! एक्सपायर होण्यापूर्वी आत्ताच कॉल करा 9134945431.,No,No,yes
spam,Pepperfry लकी ड्रॉ: तुम्ही एक फ्री स्मार्टफोन जिंकला आहे! एक्सपायर होण्यापूर्वी आत्ताच कॉल करा 7225050327.,No,No,yes
spam,"Nykaa कस्टमर सर्व्हिस: तुमचा Rs.200 चा रिफंड प्रलंबित आहे, दावा करण्यासाठी क्लिक करा: http://bonus-cashout.xyz/jiacg",yes,No,No
spam,Decathlon आज 100 लकी कस्टमर्सना फ्री स्मार्टवॉच देत आहे. तुमचे मिळवण्यासाठी लगेच कॉल करा 9885597523.,No,No,yes
spam,CRED लकी ड्रॉ: तुम्ही एक फ्री गिफ्ट हॅम्पर जिंकला आहे! एक्सपायर होण्यापूर्वी आत्ताच कॉल करा 9111535099.,No,No,yes
spam,"Jio कस्टमर सर्व्हिस: तुमचा Rs.100 चा रिफंड प्रलंबित आहे, दावा करण्यासाठी क्लिक करा: http://gift-redeem-now.co.in/756m5",yes,No,No
spam,"Flipkart कस्टमर सर्व्हिस: तुमचा Rs.200 चा रिफंड प्रलंबित आहे, दावा करण्यासाठी क्लिक करा: http://reward-claim24.xyz/xfb7z",yes,No,No
spam,अभिनंदन! तुमचे HDFC Bank खाते एका फ्री स्मार्टवॉच (Rs.50) साठी निवडले गेले आहे. आत्ताच दावा करा: http://prize-verify.info/628lm,yes,No,No
spam,तुम्ही BigBasket च्या अ‍ॅनिव्हर्सरी कॉन्टेस्टचे लकी विनर आहात. Rs.50 चे बक्षीस मिळवण्यासाठी तुमची बँक माहिती शेअर करा.,No,No,No
spam,"Zomato कस्टमर सर्व्हिस: तुमचा Rs.300 चा रिफंड प्रलंबित आहे, दावा करण्यासाठी क्लिक करा: http://lucky-winner-alert.co/vh599",yes,No,No
spam,"HDFC Bank कस्टमर सर्व्हिस: तुमचा Rs.250 चा रिफंड प्रलंबित आहे, दावा करण्यासाठी क्लिक करा: http://bonus-cashout.xyz/hoaal",yes,No,No
spam,अभिनंदन! तुमचे Spotify खाते एका फ्री स्मार्टवॉच (Rs.300) साठी निवडले गेले आहे. आत्ताच दावा करा: http://lucky-winner-alert.co/cefut,yes,No,No
spam,Unacademy लकी ड्रॉ: तुम्ही एक फ्री गिफ्ट हॅम्पर जिंकला आहे! एक्सपायर होण्यापूर्वी आत्ताच कॉल करा 7398331651.,No,No,yes
spam,अभिनंदन! तुमचे Goibibo खाते एका फ्री सोन्याचे नाणे (Rs.250) साठी निवडले गेले आहे. आत्ताच दावा करा: http://lucky-winner-alert.co/dns2u,yes,No,No
spam,अभिनंदन! तुमचे BookMyShow खाते एका फ्री गिफ्ट हॅम्पर (Rs.250) साठी निवडले गेले आहे. आत्ताच दावा करा: http://lucky-winner-alert.co/mfc8d,yes,No,No
spam,अभिनंदन! तुमचे Flipkart खाते एका फ्री सोन्याचे नाणे (Rs.250) साठी निवडले गेले आहे. आत्ताच दावा करा: http://gift-redeem-now.co.in/9kq3a,yes,No,No
spam,Swiggy आज 100 लकी कस्टमर्सना फ्री सोन्याचे नाणे देत आहे. तुमचे मिळवण्यासाठी लगेच कॉल करा 7190825870.,No,No,yes
spam,अभिनंदन! तुमचे Amazon Prime Video खाते एका फ्री स्मार्टफोन (Rs.150) साठी निवडले गेले आहे. आत्ताच दावा करा: http://prize-verify.info/hdilb,yes,No,No
spam,Paytm लकी ड्रॉ: तुम्ही एक फ्री शॉपिंग व्हाउचर जिंकला आहे! एक्सपायर होण्यापूर्वी आत्ताच कॉल करा 7851690000.,No,No,yes
spam,अभिनंदन! तुमचे BYJU'S खाते एका फ्री गिफ्ट हॅम्पर (Rs.200) साठी निवडले गेले आहे. आत्ताच दावा करा: http://offer4u-claim.online/2y9sl,yes,No,No
spam,Disney+ Hotstar आज 100 लकी कस्टमर्सना फ्री सोन्याचे नाणे देत आहे. तुमचे मिळवण्यासाठी लगेच कॉल करा 7652783990.,No,No,yes
spam,Airtel लकी ड्रॉ: तुम्ही एक फ्री गिफ्ट हॅम्पर जिंकला आहे! एक्सपायर होण्यापूर्वी आत्ताच कॉल करा 7451598600.,No,No,yes
spam,अभिनंदन! तुमचे Swiggy खाते एका फ्री स्मार्टफोन (Rs.200) साठी निवडले गेले आहे. आत्ताच दावा करा: http://offer4u-claim.online/r3t4z,yes,No,No
spam,Amazon Prime Video लकी ड्रॉ: तुम्ही एक फ्री गिफ्ट हॅम्पर जिंकला आहे! एक्सपायर होण्यापूर्वी आत्ताच कॉल करा 6083820432.,No,No,yes
spam,अभिनंदन! तुमचे IRCTC खाते एका फ्री स्मार्टवॉच (Rs.200) साठी निवडले गेले आहे. आत्ताच दावा करा: http://lucky-winner-alert.co/yacau,yes,No,No
spam,अभिनंदन! तुमचे 1mg खाते एका फ्री सोन्याचे नाणे (Rs.300) साठी निवडले गेले आहे. आत्ताच दावा करा: http://gift-redeem-now.co.in/rgyd2,yes,No,No
spam,Ola लकी ड्रॉ: तुम्ही एक फ्री स्मार्टफोन जिंकला आहे! एक्सपायर होण्यापूर्वी आत्ताच कॉल करा 9296259170.,No,No,yes
spam,BYJU'S आज 100 लकी कस्टमर्सना फ्री गिफ्ट हॅम्पर देत आहे. तुमचे मिळवण्यासाठी लगेच कॉल करा 9526954866.,No,No,yes
spam,अभिनंदन! तुमचे PharmEasy खाते एका फ्री सोन्याचे नाणे (Rs.200) साठी निवडले गेले आहे. आत्ताच दावा करा: http://prize-verify.info/wxp7e,yes,No,No
spam,तुम्ही Blinkit च्या अ‍ॅनिव्हर्सरी कॉन्टेस्टचे लकी विनर आहात. Rs.100 चे बक्षीस मिळवण्यासाठी तुमची बँक माहिती शेअर करा.,No,No,No
spam,"1mg कस्टमर सर्व्हिस: तुमचा Rs.200 चा रिफंड प्रलंबित आहे, दावा करण्यासाठी क्लिक करा: http://offer4u-claim.online/jiih0",yes,No,No
spam,अभिनंदन! तुमचे Airtel खाते एका फ्री गिफ्ट हॅम्पर (Rs.100) साठी निवडले गेले आहे. आत्ताच दावा करा: http://lucky-winner-alert.co/u3x6r,yes,No,No
spam,"Meesho कस्टमर सर्व्हिस: तुमचा Rs.250 चा रिफंड प्रलंबित आहे, दावा करण्यासाठी क्लिक करा: http://offer4u-claim.online/vef1d",yes,No,No
spam,Myntra आज 100 लकी कस्टमर्सना फ्री गिफ्ट हॅम्पर देत आहे. तुमचे मिळवण्यासाठी लगेच कॉल करा 8614421019.,No,No,yes
spam,Uber आज 100 लकी कस्टमर्सना फ्री सोन्याचे नाणे देत आहे. तुमचे मिळवण्यासाठी लगेच कॉल करा 7822110151.,No,No,yes
spam,Vi आज 100 लकी कस्टमर्सना फ्री स्मार्टफोन देत आहे. तुमचे मिळवण्यासाठी लगेच कॉल करा 9828771837.,No,No,yes
spam,SBI Card आज 100 लकी कस्टमर्सना फ्री स्मार्टवॉच देत आहे. तुमचे मिळवण्यासाठी लगेच कॉल करा 6462562187.,No,No,yes
spam,अभिनंदन! तुमचे SBI Card खाते एका फ्री सोन्याचे नाणे (Rs.300) साठी निवडले गेले आहे. आत्ताच दावा करा: http://bonus-cashout.xyz/z5kv1,yes,No,No
spam,Swiggy आज 100 लकी कस्टमर्सना फ्री स्मार्टफोन देत आहे. तुमचे मिळवण्यासाठी लगेच कॉल करा 7241445045.,No,No,yes
spam,"BigBasket कस्टमर सर्व्हिस: तुमचा Rs.50 चा रिफंड प्रलंबित आहे, दावा करण्यासाठी क्लिक करा: http://gift-redeem-now.co.in/6si31",yes,No,No
spam,Flipkart आज 100 लकी कस्टमर्सना फ्री स्मार्टफोन देत आहे. तुमचे मिळवण्यासाठी लगेच कॉल करा 7989517685.,No,No,yes
spam,"Tanishq कस्टमर सर्व्हिस: तुमचा Rs.150 चा रिफंड प्रलंबित आहे, दावा करण्यासाठी क्लिक करा: http://gift-redeem-now.co.in/daij0",yes,No,No
spam,Unacademy लकी ड्रॉ: तुम्ही एक फ्री स्मार्टफोन जिंकला आहे! एक्सपायर होण्यापूर्वी आत्ताच कॉल करा 6881811279.,No,No,yes
spam,SBI Card आज 100 लकी कस्टमर्सना फ्री गिफ्ट हॅम्पर देत आहे. तुमचे मिळवण्यासाठी लगेच कॉल करा 9009226425.,No,No,yes
spam,अभिनंदन! तुमचे Zepto खाते एका फ्री शॉपिंग व्हाउचर (Rs.100) साठी निवडले गेले आहे. आत्ताच दावा करा: http://bonus-cashout.xyz/eneft,yes,No,No
spam,"Uber कस्टमर सर्व्हिस: तुमचा Rs.300 चा रिफंड प्रलंबित आहे, दावा करण्यासाठी क्लिक करा: http://lucky-winner-alert.co/kmln0",yes,No,No
spam,अभिनंदन! तुमचे Amazon खाते एका फ्री स्मार्टवॉच (Rs.50) साठी निवडले गेले आहे. आत्ताच दावा करा: http://offer4u-claim.online/owwez,yes,No,No
spam,PhonePe लकी ड्रॉ: तुम्ही एक फ्री स्मार्टवॉच जिंकला आहे! एक्सपायर होण्यापूर्वी आत्ताच कॉल करा 6731378077.,No,No,yes
spam,Amazon Prime Video लकी ड्रॉ: तुम्ही एक फ्री सोन्याचे नाणे जिंकला आहे! एक्सपायर होण्यापूर्वी आत्ताच कॉल करा 6419929109.,No,No,yes
spam,Airtel लकी ड्रॉ: तुम्ही एक फ्री स्मार्टफोन जिंकला आहे! एक्सपायर होण्यापूर्वी आत्ताच कॉल करा 8557240172.,No,No,yes
spam,HDFC Bank लकी ड्रॉ: तुम्ही एक फ्री स्मार्टवॉच जिंकला आहे! एक्सपायर होण्यापूर्वी आत्ताच कॉल करा 9233826435.,No,No,yes
spam,Ola आज 100 लकी कस्टमर्सना फ्री गिफ्ट हॅम्पर देत आहे. तुमचे मिळवण्यासाठी लगेच कॉल करा 6005371354.,No,No,yes
spam,"Paytm कस्टमर सर्व्हिस: तुमचा Rs.200 चा रिफंड प्रलंबित आहे, दावा करण्यासाठी क्लिक करा: http://reward-claim24.xyz/ukcrx",yes,No,No
spam,Airtel आज 100 लकी कस्टमर्सना फ्री गिफ्ट हॅम्पर देत आहे. तुमचे मिळवण्यासाठी लगेच कॉल करा 8444708569.,No,No,yes
spam,अभिनंदन! तुमचे Axis Bank खाते एका फ्री स्मार्टफोन (Rs.50) साठी निवडले गेले आहे. आत्ताच दावा करा: http://gift-redeem-now.co.in/8meib,yes,No,No
spam,अभिनंदन! तुमचे Meesho खाते एका फ्री स्मार्टफोन (Rs.250) साठी निवडले गेले आहे. आत्ताच दावा करा: http://offer4u-claim.online/yhtfv,yes,No,No
spam,Zomato लकी ड्रॉ: तुम्ही एक फ्री स्मार्टवॉच जिंकला आहे! एक्सपायर होण्यापूर्वी आत्ताच कॉल करा 7437162944.,No,No,yes
spam,"Ajio कस्टमर सर्व्हिस: तुमचा Rs.500 चा रिफंड प्रलंबित आहे, दावा करण्यासाठी क्लिक करा: http://reward-claim24.xyz/csyzi",yes,No,No
spam,"SBI Card कस्टमर सर्व्हिस: तुमचा Rs.500 चा रिफंड प्रलंबित आहे, दावा करण्यासाठी क्लिक करा: http://offer4u-claim.online/lmktd",yes,No,No
spam,अभिनंदन! तुमचे Netflix खाते एका फ्री शॉपिंग व्हाउचर (Rs.250) साठी निवडले गेले आहे. आत्ताच दावा करा: http://gift-redeem-now.co.in/46nhv,yes,No,No
spam,Airtel लकी ड्रॉ: तुम्ही एक फ्री शॉपिंग व्हाउचर जिंकला आहे! एक्सपायर होण्यापूर्वी आत्ताच कॉल करा 7173950470.,No,No,yes
spam,Uber लकी ड्रॉ: तुम्ही एक फ्री स्मार्टफोन जिंकला आहे! एक्सपायर होण्यापूर्वी आत्ताच कॉल करा 6873458989.,No,No,yes
spam,Domino's आज 100 लकी कस्टमर्सना फ्री स्मार्टवॉच देत आहे. तुमचे मिळवण्यासाठी लगेच कॉल करा 6130133201.,No,No,yes
spam,"HDFC Bank कस्टमर सर्व्हिस: तुमचा Rs.500 चा रिफंड प्रलंबित आहे, दावा करण्यासाठी क्लिक करा: http://lucky-winner-alert.co/cja05",yes,No,No
spam,तुम्ही Paytm च्या अ‍ॅनिव्हर्सरी कॉन्टेस्टचे लकी विनर आहात. Rs.150 चे बक्षीस मिळवण्यासाठी तुमची बँक माहिती शेअर करा.,No,No,No
spam,Policybazaar आज 100 लकी कस्टमर्सना फ्री स्मार्टफोन देत आहे. तुमचे मिळवण्यासाठी लगेच कॉल करा 9703794558.,No,No,yes
spam,Uber आज 100 लकी कस्टमर्सना फ्री गिफ्ट हॅम्पर देत आहे. तुमचे मिळवण्यासाठी लगेच कॉल करा 8080453118.,No,No,yes
spam,अभिनंदन! तुमचे Policybazaar खाते एका फ्री स्मार्टवॉच (Rs.200) साठी निवडले गेले आहे. आत्ताच दावा करा: http://lucky-winner-alert.co/bnzad,yes,No,No
spam,अभिनंदन! तुमचे Titan खाते एका फ्री शॉपिंग व्हाउचर (Rs.300) साठी निवडले गेले आहे. आत्ताच दावा करा: http://reward-claim24.xyz/bgk9r,yes,No,No
spam,अभिनंदन! तुमचे Amazon Prime Video खाते एका फ्री सोन्याचे नाणे (Rs.300) साठी निवडले गेले आहे. आत्ताच दावा करा: http://gift-redeem-now.co.in/fonls,yes,No,No
spam,Axis Bank लकी ड्रॉ: तुम्ही एक फ्री शॉपिंग व्हाउचर जिंकला आहे! एक्सपायर होण्यापूर्वी आत्ताच कॉल करा 9515803911.,No,No,yes
spam,अभिनंदन! तुमचे Jio खाते एका फ्री शॉपिंग व्हाउचर (Rs.500) साठी निवडले गेले आहे. आत्ताच दावा करा: http://gift-redeem-now.co.in/rmdkq,yes,No,No
spam,अभिनंदन! तुमचे Uber खाते एका फ्री सोन्याचे नाणे (Rs.200) साठी निवडले गेले आहे. आत्ताच दावा करा: http://lucky-winner-alert.co/xwgr2,yes,No,No
spam,BYJU'S लकी ड्रॉ: तुम्ही एक फ्री गिफ्ट हॅम्पर जिंकला आहे! एक्सपायर होण्यापूर्वी आत्ताच कॉल करा 6550391255.,No,No,yes
spam,अभिनंदन! तुमचे HDFC Bank खाते एका फ्री शॉपिंग व्हाउचर (Rs.50) साठी निवडले गेले आहे. आत्ताच दावा करा: http://gift-redeem-now.co.in/k2xg7,yes,No,No
spam,"boAt कस्टमर सर्व्हिस: तुमचा Rs.300 चा रिफंड प्रलंबित आहे, दावा करण्यासाठी क्लिक करा: http://reward-claim24.xyz/mbh6g",yes,No,No
spam,अभिनंदन! तुमचे MakeMyTrip खाते एका फ्री स्मार्टवॉच (Rs.150) साठी निवडले गेले आहे. आत्ताच दावा करा: http://reward-claim24.xyz/xglrw,yes,No,No
spam,Axis Bank आज 100 लकी कस्टमर्सना फ्री स्मार्टफोन देत आहे. तुमचे मिळवण्यासाठी लगेच कॉल करा 8084368578.,No,No,yes
spam,IRCTC आज 100 लकी कस्टमर्सना फ्री गिफ्ट हॅम्पर देत आहे. तुमचे मिळवण्यासाठी लगेच कॉल करा 8510314045.,No,No,yes
spam,Zepto आज 100 लकी कस्टमर्सना फ्री स्मार्टफोन देत आहे. तुमचे मिळवण्यासाठी लगेच कॉल करा 8242808799.,No,No,yes
spam,IRCTC लकी ड्रॉ: तुम्ही एक फ्री सोन्याचे नाणे जिंकला आहे! एक्सपायर होण्यापूर्वी आत्ताच कॉल करा 6061106281.,No,No,yes
spam,"Lenskart कस्टमर सर्व्हिस: तुमचा Rs.100 चा रिफंड प्रलंबित आहे, दावा करण्यासाठी क्लिक करा: http://prize-verify.info/5pr3b",yes,No,No
spam,1mg आज 100 लकी कस्टमर्सना फ्री सोन्याचे नाणे देत आहे. तुमचे मिळवण्यासाठी लगेच कॉल करा 9191743519.,No,No,yes
spam,अभिनंदन! तुमचे Jio खाते एका फ्री स्मार्टवॉच (Rs.50) साठी निवडले गेले आहे. आत्ताच दावा करा: http://reward-claim24.xyz/c56on,yes,No,No
spam,HDFC Bank लकी ड्रॉ: तुम्ही एक फ्री स्मार्टफोन जिंकला आहे! एक्सपायर होण्यापूर्वी आत्ताच कॉल करा 9334794692.,No,No,yes
spam,अभिनंदन! तुमचे Uber खाते एका फ्री सोन्याचे नाणे (Rs.100) साठी निवडले गेले आहे. आत्ताच दावा करा: http://bonus-cashout.xyz/j40fb,yes,No,No
spam,अभिनंदन! तुमचे Flipkart खाते एका फ्री शॉपिंग व्हाउचर (Rs.150) साठी निवडले गेले आहे. आत्ताच दावा करा: http://lucky-winner-alert.co/yx743,yes,No,No
spam,"IRCTC कस्टमर सर्व्हिस: तुमचा Rs.100 चा रिफंड प्रलंबित आहे, दावा करण्यासाठी क्लिक करा: http://prize-verify.info/au06x",yes,No,No
spam,IndiGo लकी ड्रॉ: तुम्ही एक फ्री सोन्याचे नाणे जिंकला आहे! एक्सपायर होण्यापूर्वी आत्ताच कॉल करा 8370704126.,No,No,yes
spam,Meesho आज 100 लकी कस्टमर्सना फ्री शॉपिंग व्हाउचर देत आहे. तुमचे मिळवण्यासाठी लगेच कॉल करा 6443992801.,No,No,yes
spam,"1mg कस्टमर सर्व्हिस: तुमचा Rs.100 चा रिफंड प्रलंबित आहे, दावा करण्यासाठी क्लिक करा: http://reward-claim24.xyz/solpp",yes,No,No
spam,redBus लकी ड्रॉ: तुम्ही एक फ्री गिफ्ट हॅम्पर जिंकला आहे! एक्सपायर होण्यापूर्वी आत्ताच कॉल करा 6264400526.,No,No,yes
spam,अभिनंदन! तुमचे BookMyShow खाते एका फ्री शॉपिंग व्हाउचर (Rs.50) साठी निवडले गेले आहे. आत्ताच दावा करा: http://offer4u-claim.online/tafjh,yes,No,No
spam,Ajio लकी ड्रॉ: तुम्ही एक फ्री स्मार्टवॉच जिंकला आहे! एक्सपायर होण्यापूर्वी आत्ताच कॉल करा 7177201537.,No,No,yes
spam,Myntra आज 100 लकी कस्टमर्सना फ्री शॉपिंग व्हाउचर देत आहे. तुमचे मिळवण्यासाठी लगेच कॉल करा 6018827828.,No,No,yes
spam,अभिनंदन! तुमचे Policybazaar खाते एका फ्री स्मार्टफोन (Rs.500) साठी निवडले गेले आहे. आत्ताच दावा करा: http://reward-claim24.xyz/63ow7,yes,No,No
spam,"Myntra कस्टमर सर्व्हिस: तुमचा Rs.50 चा रिफंड प्रलंबित आहे, दावा करण्यासाठी क्लिक करा: http://offer4u-claim.online/482z3",yes,No,No
spam,अभिनंदन! तुमचे cult.fit खाते एका फ्री स्मार्टवॉच (Rs.300) साठी निवडले गेले आहे. आत्ताच दावा करा: http://lucky-winner-alert.co/3t9vc,yes,No,No
spam,"Lenskart कस्टमर सर्व्हिस: तुमचा Rs.500 चा रिफंड प्रलंबित आहे, दावा करण्यासाठी क्लिक करा: http://bonus-cashout.xyz/n69xq",yes,No,No
spam,MakeMyTrip लकी ड्रॉ: तुम्ही एक फ्री शॉपिंग व्हाउचर जिंकला आहे! एक्सपायर होण्यापूर्वी आत्ताच कॉल करा 7304166182.,No,No,yes
spam,तुम्ही Titan च्या अ‍ॅनिव्हर्सरी कॉन्टेस्टचे लकी विनर आहात. Rs.500 चे बक्षीस मिळवण्यासाठी तुमची बँक माहिती शेअर करा.,No,No,No
spam,Pepperfry लकी ड्रॉ: तुम्ही एक फ्री सोन्याचे नाणे जिंकला आहे! एक्सपायर होण्यापूर्वी आत्ताच कॉल करा 7142684373.,No,No,yes
spam,"Jio कस्टमर सर्व्हिस: तुमचा Rs.50 चा रिफंड प्रलंबित आहे, दावा करण्यासाठी क्लिक करा: http://lucky-winner-alert.co/ivdec",yes,No,No
spam,Spotify लकी ड्रॉ: तुम्ही एक फ्री स्मार्टवॉच जिंकला आहे! एक्सपायर होण्यापूर्वी आत्ताच कॉल करा 6084027642.,No,No,yes
spam,अभिनंदन! तुमचे BYJU'S खाते एका फ्री गिफ्ट हॅम्पर (Rs.250) साठी निवडले गेले आहे. आत्ताच दावा करा: http://lucky-winner-alert.co/enadt,yes,No,No
spam,Nykaa लकी ड्रॉ: तुम्ही एक फ्री गिफ्ट हॅम्पर जिंकला आहे! एक्सपायर होण्यापूर्वी आत्ताच कॉल करा 7457458975.,No,No,yes
spam,IndiGo आज 100 लकी कस्टमर्सना फ्री सोन्याचे नाणे देत आहे. तुमचे मिळवण्यासाठी लगेच कॉल करा 6162108583.,No,No,yes
spam,Zomato आज 100 लकी कस्टमर्सना फ्री शॉपिंग व्हाउचर देत आहे. तुमचे मिळवण्यासाठी लगेच कॉल करा 7520298126.,No,No,yes
spam,Lenskart आज 100 लकी कस्टमर्सना फ्री सोन्याचे नाणे देत आहे. तुमचे मिळवण्यासाठी लगेच कॉल करा 7187683013.,No,No,yes
spam,अभिनंदन! तुमचे Goibibo खाते एका फ्री सोन्याचे नाणे (Rs.250) साठी निवडले गेले आहे. आत्ताच दावा करा: http://reward-claim24.xyz/oqwic,yes,No,No
spam,"Netflix कस्टमर सर्व्हिस: तुमचा Rs.50 चा रिफंड प्रलंबित आहे, दावा करण्यासाठी क्लिक करा: http://offer4u-claim.online/9s0ut",yes,No,No
spam,"Jio कस्टमर सर्व्हिस: तुमचा Rs.100 चा रिफंड प्रलंबित आहे, दावा करण्यासाठी क्लिक करा: http://reward-claim24.xyz/egxuf",yes,No,No
spam,cult.fit आज 100 लकी कस्टमर्सना फ्री स्मार्टफोन देत आहे. तुमचे मिळवण्यासाठी लगेच कॉल करा 6432026654.,No,No,yes
spam,Zomato लकी ड्रॉ: तुम्ही एक फ्री गिफ्ट हॅम्पर जिंकला आहे! एक्सपायर होण्यापूर्वी आत्ताच कॉल करा 7270457860.,No,No,yes
spam,"Domino's कस्टमर सर्व्हिस: तुमचा Rs.50 चा रिफंड प्रलंबित आहे, दावा करण्यासाठी क्लिक करा: http://offer4u-claim.online/akflm",yes,No,No
spam,Lenskart लकी ड्रॉ: तुम्ही एक फ्री शॉपिंग व्हाउचर जिंकला आहे! एक्सपायर होण्यापूर्वी आत्ताच कॉल करा 7139418726.,No,No,yes
spam,Tanishq लकी ड्रॉ: तुम्ही एक फ्री सोन्याचे नाणे जिंकला आहे! एक्सपायर होण्यापूर्वी आत्ताच कॉल करा 9950558136.,No,No,yes
spam,"PharmEasy कस्टमर सर्व्हिस: तुमचा Rs.100 चा रिफंड प्रलंबित आहे, दावा करण्यासाठी क्लिक करा: http://offer4u-claim.online/3uwaf",yes,No,No
spam,अभिनंदन! तुमचे Tanishq खाते एका फ्री स्मार्टवॉच (Rs.50) साठी निवडले गेले आहे. आत्ताच दावा करा: http://bonus-cashout.xyz/mjff1,yes,No,No
spam,Paytm आज 100 लकी कस्टमर्सना फ्री स्मार्टवॉच देत आहे. तुमचे मिळवण्यासाठी लगेच कॉल करा 7650454915.,No,No,yes
spam,"Disney+ Hotstar कस्टमर सर्व्हिस: तुमचा Rs.100 चा रिफंड प्रलंबित आहे, दावा करण्यासाठी क्लिक करा: http://prize-verify.info/5qhml",yes,No,No
spam,BYJU'S आज 100 लकी कस्टमर्सना फ्री स्मार्टवॉच देत आहे. तुमचे मिळवण्यासाठी लगेच कॉल करा 8189691327.,No,No,yes
spam,boAt आज 100 लकी कस्टमर्सना फ्री शॉपिंग व्हाउचर देत आहे. तुमचे मिळवण्यासाठी लगेच कॉल करा 7121625122.,No,No,yes
spam,तुम्ही 1mg च्या अ‍ॅनिव्हर्सरी कॉन्टेस्टचे लकी विनर आहात. Rs.50 चे बक्षीस मिळवण्यासाठी तुमची बँक माहिती शेअर करा.,No,No,No
spam,BigBasket लकी ड्रॉ: तुम्ही एक फ्री शॉपिंग व्हाउचर जिंकला आहे! एक्सपायर होण्यापूर्वी आत्ताच कॉल करा 9119601742.,No,No,yes
spam,अभिनंदन! तुमचे Zomato खाते एका फ्री स्मार्टवॉच (Rs.150) साठी निवडले गेले आहे. आत्ताच दावा करा: http://lucky-winner-alert.co/97pbc,yes,No,No
spam,cult.fit लकी ड्रॉ: तुम्ही एक फ्री शॉपिंग व्हाउचर जिंकला आहे! एक्सपायर होण्यापूर्वी आत्ताच कॉल करा 8691881000.,No,No,yes
spam,IndiGo आज 100 लकी कस्टमर्सना फ्री स्मार्टवॉच देत आहे. तुमचे मिळवण्यासाठी लगेच कॉल करा 9038978904.,No,No,yes
spam,Unacademy लकी ड्रॉ: तुम्ही एक फ्री गिफ्ट हॅम्पर जिंकला आहे! एक्सपायर होण्यापूर्वी आत्ताच कॉल करा 6735389282.,No,No,yes
spam,CRED आज 100 लकी कस्टमर्सना फ्री स्मार्टवॉच देत आहे. तुमचे मिळवण्यासाठी लगेच कॉल करा 6935270233.,No,No,yes
spam,अभिनंदन! तुमचे HDFC Bank खाते एका फ्री स्मार्टफोन (Rs.500) साठी निवडले गेले आहे. आत्ताच दावा करा: http://lucky-winner-alert.co/dk2vu,yes,No,No
spam,Netflix लकी ड्रॉ: तुम्ही एक फ्री गिफ्ट हॅम्पर जिंकला आहे! एक्सपायर होण्यापूर्वी आत्ताच कॉल करा 7243224796.,No,No,yes
spam,तुम्ही IRCTC च्या अ‍ॅनिव्हर्सरी कॉन्टेस्टचे लकी विनर आहात. Rs.50 चे बक्षीस मिळवण्यासाठी तुमची बँक माहिती शेअर करा.,No,No,No
spam,Uber आज 100 लकी कस्टमर्सना फ्री स्मार्टवॉच देत आहे. तुमचे मिळवण्यासाठी लगेच कॉल करा 6497878794.,No,No,yes
spam,Flipkart लकी ड्रॉ: तुम्ही एक फ्री सोन्याचे नाणे जिंकला आहे! एक्सपायर होण्यापूर्वी आत्ताच कॉल करा 6982483630.,No,No,yes
spam,IRCTC आज 100 लकी कस्टमर्सना फ्री गिफ्ट हॅम्पर देत आहे. तुमचे मिळवण्यासाठी लगेच कॉल करा 8956111097.,No,No,yes
spam,Myntra आज 100 लकी कस्टमर्सना फ्री स्मार्टफोन देत आहे. तुमचे मिळवण्यासाठी लगेच कॉल करा 7154218056.,No,No,yes
spam,अभिनंदन! तुमचे Airtel खाते एका फ्री शॉपिंग व्हाउचर (Rs.500) साठी निवडले गेले आहे. आत्ताच दावा करा: http://gift-redeem-now.co.in/p03qw,yes,No,No
spam,Swiggy लकी ड्रॉ: तुम्ही एक फ्री स्मार्टवॉच जिंकला आहे! एक्सपायर होण्यापूर्वी आत्ताच कॉल करा 7546139146.,No,No,yes
spam,SBI Card आज 100 लकी कस्टमर्सना फ्री स्मार्टफोन देत आहे. तुमचे मिळवण्यासाठी लगेच कॉल करा 7264767704.,No,No,yes
spam,Pepperfry आज 100 लकी कस्टमर्सना फ्री स्मार्टवॉच देत आहे. तुमचे मिळवण्यासाठी लगेच कॉल करा 6082989143.,No,No,yes
spam,Titan लकी ड्रॉ: तुम्ही एक फ्री स्मार्टवॉच जिंकला आहे! एक्सपायर होण्यापूर्वी आत्ताच कॉल करा 7362204491.,No,No,yes
spam,IRCTC लकी ड्रॉ: तुम्ही एक फ्री शॉपिंग व्हाउचर जिंकला आहे! एक्सपायर होण्यापूर्वी आत्ताच कॉल करा 8565408553.,No,No,yes
spam,Policybazaar लकी ड्रॉ: तुम्ही एक फ्री शॉपिंग व्हाउचर जिंकला आहे! एक्सपायर होण्यापूर्वी आत्ताच कॉल करा 9549082979.,No,No,yes
spam,IndiGo लकी ड्रॉ: तुम्ही एक फ्री शॉपिंग व्हाउचर जिंकला आहे! एक्सपायर होण्यापूर्वी आत्ताच कॉल करा 8705117897.,No,No,yes
spam,Paytm लकी ड्रॉ: तुम्ही एक फ्री गिफ्ट हॅम्पर जिंकला आहे! एक्सपायर होण्यापूर्वी आत्ताच कॉल करा 9912658564.,No,No,yes
spam,Airtel आज 100 लकी कस्टमर्सना फ्री स्मार्टवॉच देत आहे. तुमचे मिळवण्यासाठी लगेच कॉल करा 8623004787.,No,No,yes
spam,Amazon लकी ड्रॉ: तुम्ही एक फ्री शॉपिंग व्हाउचर जिंकला आहे! एक्सपायर होण्यापूर्वी आत्ताच कॉल करा 6160029216.,No,No,yes
spam,तुम्ही Decathlon च्या अ‍ॅनिव्हर्सरी कॉन्टेस्टचे लकी विनर आहात. Rs.250 चे बक्षीस मिळवण्यासाठी तुमची बँक माहिती शेअर करा.,No,No,No
spam,अभिनंदन! तुमचे Zepto खाते एका फ्री सोन्याचे नाणे (Rs.50) साठी निवडले गेले आहे. आत्ताच दावा करा: http://reward-claim24.xyz/78gwt,yes,No,No
spam,Ola आज 100 लकी कस्टमर्सना फ्री स्मार्टफोन देत आहे. तुमचे मिळवण्यासाठी लगेच कॉल करा 8626453158.,No,No,yes
spam,IndiGo लकी ड्रॉ: तुम्ही एक फ्री सोन्याचे नाणे जिंकला आहे! एक्सपायर होण्यापूर्वी आत्ताच कॉल करा 9515216422.,No,No,yes
spam,Spotify आज 100 लकी कस्टमर्सना फ्री स्मार्टफोन देत आहे. तुमचे मिळवण्यासाठी लगेच कॉल करा 9361645757.,No,No,yes
spam,Policybazaar आज 100 लकी कस्टमर्सना फ्री सोन्याचे नाणे देत आहे. तुमचे मिळवण्यासाठी लगेच कॉल करा 7814470738.,No,No,yes
spam,1mg आज 100 लकी कस्टमर्सना फ्री स्मार्टफोन देत आहे. तुमचे मिळवण्यासाठी लगेच कॉल करा 9275629112.,No,No,yes
spam,Ola आज 100 लकी कस्टमर्सना फ्री स्मार्टफोन देत आहे. तुमचे मिळवण्यासाठी लगेच कॉल करा 7751500576.,No,No,yes
spam,HDFC Bank लकी ड्रॉ: तुम्ही एक फ्री स्मार्टफोन जिंकला आहे! एक्सपायर होण्यापूर्वी आत्ताच कॉल करा 6866581603.,No,No,yes
spam,"Disney+ Hotstar कस्टमर सर्व्हिस: तुमचा Rs.500 चा रिफंड प्रलंबित आहे, दावा करण्यासाठी क्लिक करा: http://offer4u-claim.online/elimg",yes,No,No
spam,अभिनंदन! तुमचे Decathlon खाते एका फ्री शॉपिंग व्हाउचर (Rs.100) साठी निवडले गेले आहे. आत्ताच दावा करा: http://reward-claim24.xyz/elfez,yes,No,No
spam,"boAt कस्टमर सर्व्हिस: तुमचा Rs.150 चा रिफंड प्रलंबित आहे, दावा करण्यासाठी क्लिक करा: http://lucky-winner-alert.co/no28c",yes,No,No
spam,अभिनंदन! तुमचे Paytm खाते एका फ्री स्मार्टफोन (Rs.50) साठी निवडले गेले आहे. आत्ताच दावा करा: http://offer4u-claim.online/4gb0j,yes,No,No
spam,तुम्ही Airtel च्या अ‍ॅनिव्हर्सरी कॉन्टेस्टचे लकी विनर आहात. Rs.50 चे बक्षीस मिळवण्यासाठी तुमची बँक माहिती शेअर करा.,No,No,No
spam,तुम्ही Titan च्या अ‍ॅनिव्हर्सरी कॉन्टेस्टचे लकी विनर आहात. Rs.50 चे बक्षीस मिळवण्यासाठी तुमची बँक माहिती शेअर करा.,No,No,No
spam,Amazon Prime Video आज 100 लकी कस्टमर्सना फ्री शॉपिंग व्हाउचर देत आहे. तुमचे मिळवण्यासाठी लगेच कॉल करा 6765610803.,No,No,yes
spam,"Uber कस्टमर सर्व्हिस: तुमचा Rs.300 चा रिफंड प्रलंबित आहे, दावा करण्यासाठी क्लिक करा: http://lucky-winner-alert.co/w0f5v",yes,No,No
spam,अभिनंदन! तुमचे PhonePe खाते एका फ्री गिफ्ट हॅम्पर (Rs.100) साठी निवडले गेले आहे. आत्ताच दावा करा: http://prize-verify.info/eplso,yes,No,No
spam,तुम्ही Vi च्या अ‍ॅनिव्हर्सरी कॉन्टेस्टचे लकी विनर आहात. Rs.500 चे बक्षीस मिळवण्यासाठी तुमची बँक माहिती शेअर करा.,No,No,No
spam,Pepperfry आज 100 लकी कस्टमर्सना फ्री शॉपिंग व्हाउचर देत आहे. तुमचे मिळवण्यासाठी लगेच कॉल करा 8936573265.,No,No,yes
spam,Zomato लकी ड्रॉ: तुम्ही एक फ्री शॉपिंग व्हाउचर जिंकला आहे! एक्सपायर होण्यापूर्वी आत्ताच कॉल करा 8474029720.,No,No,yes
spam,तुम्ही SBI Card च्या अ‍ॅनिव्हर्सरी कॉन्टेस्टचे लकी विनर आहात. Rs.300 चे बक्षीस मिळवण्यासाठी तुमची बँक माहिती शेअर करा.,No,No,No
spam,Policybazaar आज 100 लकी कस्टमर्सना फ्री सोन्याचे नाणे देत आहे. तुमचे मिळवण्यासाठी लगेच कॉल करा 8454576072.,No,No,yes
spam,अभिनंदन! तुमचे PharmEasy खाते एका फ्री सोन्याचे नाणे (Rs.200) साठी निवडले गेले आहे. आत्ताच दावा करा: http://lucky-winner-alert.co/pawp9,yes,No,No
spam,"Lenskart कस्टमर सर्व्हिस: तुमचा Rs.200 चा रिफंड प्रलंबित आहे, दावा करण्यासाठी क्लिक करा: http://offer4u-claim.online/736nx",yes,No,No
spam,Decathlon लकी ड्रॉ: तुम्ही एक फ्री शॉपिंग व्हाउचर जिंकला आहे! एक्सपायर होण्यापूर्वी आत्ताच कॉल करा 8281509732.,No,No,yes
spam,"PhonePe कस्टमर सर्व्हिस: तुमचा Rs.300 चा रिफंड प्रलंबित आहे, दावा करण्यासाठी क्लिक करा: http://offer4u-claim.online/oo2bx",yes,No,No
spam,Blinkit आज 100 लकी कस्टमर्सना फ्री शॉपिंग व्हाउचर देत आहे. तुमचे मिळवण्यासाठी लगेच कॉल करा 7155503447.,No,No,yes
spam,अभिनंदन! तुमचे Meesho खाते एका फ्री गिफ्ट हॅम्पर (Rs.50) साठी निवडले गेले आहे. आत्ताच दावा करा: http://prize-verify.info/sb239,yes,No,No
spam,ICICI Bank आज 100 लकी कस्टमर्सना फ्री गिफ्ट हॅम्पर देत आहे. तुमचे मिळवण्यासाठी लगेच कॉल करा 8379031625.,No,No,yes
spam,तुम्ही Pepperfry च्या अ‍ॅनिव्हर्सरी कॉन्टेस्टचे लकी विनर आहात. Rs.50 चे बक्षीस मिळवण्यासाठी तुमची बँक माहिती शेअर करा.,No,No,No
spam,Netflix आज 100 लकी कस्टमर्सना फ्री स्मार्टवॉच देत आहे. तुमचे मिळवण्यासाठी लगेच कॉल करा 8864219763.,No,No,yes
spam,redBus लकी ड्रॉ: तुम्ही एक फ्री गिफ्ट हॅम्पर जिंकला आहे! एक्सपायर होण्यापूर्वी आत्ताच कॉल करा 9184182739.,No,No,yes
spam,अभिनंदन! तुमचे Meesho खाते एका फ्री शॉपिंग व्हाउचर (Rs.500) साठी निवडले गेले आहे. आत्ताच दावा करा: http://bonus-cashout.xyz/xkcbu,yes,No,No
spam,BookMyShow आज 100 लकी कस्टमर्सना फ्री गिफ्ट हॅम्पर देत आहे. तुमचे मिळवण्यासाठी लगेच कॉल करा 7184695077.,No,No,yes
spam,"Titan कस्टमर सर्व्हिस: तुमचा Rs.100 चा रिफंड प्रलंबित आहे, दावा करण्यासाठी क्लिक करा: http://gift-redeem-now.co.in/awk8n",yes,No,No
spam,Uber आज 100 लकी कस्टमर्सना फ्री सोन्याचे नाणे देत आहे. तुमचे मिळवण्यासाठी लगेच कॉल करा 7277260543.,No,No,yes
spam,Zepto लकी ड्रॉ: तुम्ही एक फ्री गिफ्ट हॅम्पर जिंकला आहे! एक्सपायर होण्यापूर्वी आत्ताच कॉल करा 6640458778.,No,No,yes
spam,Amazon आज 100 लकी कस्टमर्सना फ्री गिफ्ट हॅम्पर देत आहे. तुमचे मिळवण्यासाठी लगेच कॉल करा 9420259868.,No,No,yes
spam,Amazon लकी ड्रॉ: तुम्ही एक फ्री स्मार्टवॉच जिंकला आहे! एक्सपायर होण्यापूर्वी आत्ताच कॉल करा 8340873443.,No,No,yes
spam,Pepperfry आज 100 लकी कस्टमर्सना फ्री स्मार्टफोन देत आहे. तुमचे मिळवण्यासाठी लगेच कॉल करा 7818406987.,No,No,yes
spam,अभिनंदन! तुमचे Flipkart खाते एका फ्री सोन्याचे नाणे (Rs.50) साठी निवडले गेले आहे. आत्ताच दावा करा: http://lucky-winner-alert.co/hapif,yes,No,No
spam,Axis Bank आज 100 लकी कस्टमर्सना फ्री गिफ्ट हॅम्पर देत आहे. तुमचे मिळवण्यासाठी लगेच कॉल करा 8895626832.,No,No,yes
spam,अभिनंदन! तुमचे Domino's खाते एका फ्री सोन्याचे नाणे (Rs.50) साठी निवडले गेले आहे. आत्ताच दावा करा: http://prize-verify.info/zvv2b,yes,No,No
spam,Pepperfry लकी ड्रॉ: तुम्ही एक फ्री स्मार्टफोन जिंकला आहे! एक्सपायर होण्यापूर्वी आत्ताच कॉल करा 8622638458.,No,No,yes
spam,CRED आज 100 लकी कस्टमर्सना फ्री स्मार्टफोन देत आहे. तुमचे मिळवण्यासाठी लगेच कॉल करा 6214345453.,No,No,yes
spam,Axis Bank लकी ड्रॉ: तुम्ही एक फ्री सोन्याचे नाणे जिंकला आहे! एक्सपायर होण्यापूर्वी आत्ताच कॉल करा 9211510834.,No,No,yes
spam,"Lenskart कस्टमर सर्व्हिस: तुमचा Rs.300 चा रिफंड प्रलंबित आहे, दावा करण्यासाठी क्लिक करा: http://bonus-cashout.xyz/3nzzn",yes,No,No
spam,तुम्ही PhonePe च्या अ‍ॅनिव्हर्सरी कॉन्टेस्टचे लकी विनर आहात. Rs.250 चे बक्षीस मिळवण्यासाठी तुमची बँक माहिती शेअर करा.,No,No,No
spam,SBI Card आज 100 लकी कस्टमर्सना फ्री शॉपिंग व्हाउचर देत आहे. तुमचे मिळवण्यासाठी लगेच कॉल करा 6429470665.,No,No,yes
spam,Lenskart आज 100 लकी कस्टमर्सना फ्री स्मार्टवॉच देत आहे. तुमचे मिळवण्यासाठी लगेच कॉल करा 8191555166.,No,No,yes
spam,Ajio आज 100 लकी कस्टमर्सना फ्री शॉपिंग व्हाउचर देत आहे. तुमचे मिळवण्यासाठी लगेच कॉल करा 7274663920.,No,No,yes
spam,"ICICI Bank कस्टमर सर्व्हिस: तुमचा Rs.150 चा रिफंड प्रलंबित आहे, दावा करण्यासाठी क्लिक करा: http://reward-claim24.xyz/n61ew",yes,No,No
spam,Vi लकी ड्रॉ: तुम्ही एक फ्री शॉपिंग व्हाउचर जिंकला आहे! एक्सपायर होण्यापूर्वी आत्ताच कॉल करा 8099966661.,No,No,yes
spam,अभिनंदन! तुमचे Netflix खाते एका फ्री स्मार्टवॉच (Rs.200) साठी निवडले गेले आहे. आत्ताच दावा करा: http://bonus-cashout.xyz/g00ov,yes,No,No
spam,अभिनंदन! तुमचे Blinkit खाते एका फ्री शॉपिंग व्हाउचर (Rs.500) साठी निवडले गेले आहे. आत्ताच दावा करा: http://bonus-cashout.xyz/6opwb,yes,No,No
spam,"BookMyShow कस्टमर सर्व्हिस: तुमचा Rs.200 चा रिफंड प्रलंबित आहे, दावा करण्यासाठी क्लिक करा: http://bonus-cashout.xyz/l73q5",yes,No,No
spam,BYJU'S लकी ड्रॉ: तुम्ही एक फ्री सोन्याचे नाणे जिंकला आहे! एक्सपायर होण्यापूर्वी आत्ताच कॉल करा 6185621487.,No,No,yes
spam,अभिनंदन! तुमचे Paytm खाते एका फ्री शॉपिंग व्हाउचर (Rs.50) साठी निवडले गेले आहे. आत्ताच दावा करा: http://reward-claim24.xyz/wkb60,yes,No,No
spam,"Airtel कस्टमर सर्व्हिस: तुमचा Rs.300 चा रिफंड प्रलंबित आहे, दावा करण्यासाठी क्लिक करा: http://offer4u-claim.online/dngkv",yes,No,No
spam,अभिनंदन! तुमचे Titan खाते एका फ्री शॉपिंग व्हाउचर (Rs.50) साठी निवडले गेले आहे. आत्ताच दावा करा: http://reward-claim24.xyz/83no3,yes,No,No
spam,अभिनंदन! तुमचे Nykaa खाते एका फ्री गिफ्ट हॅम्पर (Rs.200) साठी निवडले गेले आहे. आत्ताच दावा करा: http://gift-redeem-now.co.in/uws9m,yes,No,No
spam,Nykaa आज 100 लकी कस्टमर्सना फ्री स्मार्टफोन देत आहे. तुमचे मिळवण्यासाठी लगेच कॉल करा 7437179322.,No,No,yes
spam,CRED लकी ड्रॉ: तुम्ही एक फ्री सोन्याचे नाणे जिंकला आहे! एक्सपायर होण्यापूर्वी आत्ताच कॉल करा 8424100410.,No,No,yes
spam,Pepperfry आज 100 लकी कस्टमर्सना फ्री गिफ्ट हॅम्पर देत आहे. तुमचे मिळवण्यासाठी लगेच कॉल करा 9813477995.,No,No,yes
spam,"MakeMyTrip कस्टमर सर्व्हिस: तुमचा Rs.150 चा रिफंड प्रलंबित आहे, दावा करण्यासाठी क्लिक करा: http://lucky-winner-alert.co/my8bi",yes,No,No
spam,Netflix लकी ड्रॉ: तुम्ही एक फ्री सोन्याचे नाणे जिंकला आहे! एक्सपायर होण्यापूर्वी आत्ताच कॉल करा 7414249610.,No,No,yes
spam,अभिनंदन! तुमचे Jio खाते एका फ्री गिफ्ट हॅम्पर (Rs.50) साठी निवडले गेले आहे. आत्ताच दावा करा: http://lucky-winner-alert.co/olxp6,yes,No,No
spam,तुम्ही boAt च्या अ‍ॅनिव्हर्सरी कॉन्टेस्टचे लकी विनर आहात. Rs.50 चे बक्षीस मिळवण्यासाठी तुमची बँक माहिती शेअर करा.,No,No,No
spam,Spotify आज 100 लकी कस्टमर्सना फ्री गिफ्ट हॅम्पर देत आहे. तुमचे मिळवण्यासाठी लगेच कॉल करा 9874265105.,No,No,yes
spam,"Amazon कस्टमर सर्व्हिस: तुमचा Rs.500 चा रिफंड प्रलंबित आहे, दावा करण्यासाठी क्लिक करा: http://gift-redeem-now.co.in/tbx01",yes,No,No
spam,"Blinkit कस्टमर सर्व्हिस: तुमचा Rs.50 चा रिफंड प्रलंबित आहे, दावा करण्यासाठी क्लिक करा: http://gift-redeem-now.co.in/g2m8d",yes,No,No
spam,"cult.fit कस्टमर सर्व्हिस: तुमचा Rs.200 चा रिफंड प्रलंबित आहे, दावा करण्यासाठी क्लिक करा: http://reward-claim24.xyz/3d8uo",yes,No,No
spam,"Tanishq कस्टमर सर्व्हिस: तुमचा Rs.200 चा रिफंड प्रलंबित आहे, दावा करण्यासाठी क्लिक करा: http://reward-claim24.xyz/085oq",yes,No,No
spam,Myntra आज 100 लकी कस्टमर्सना फ्री स्मार्टफोन देत आहे. तुमचे मिळवण्यासाठी लगेच कॉल करा 9009575168.,No,No,yes
spam,तुम्ही Jio च्या अ‍ॅनिव्हर्सरी कॉन्टेस्टचे लकी विनर आहात. Rs.200 चे बक्षीस मिळवण्यासाठी तुमची बँक माहिती शेअर करा.,No,No,No
spam,BYJU'S आज 100 लकी कस्टमर्सना फ्री स्मार्टफोन देत आहे. तुमचे मिळवण्यासाठी लगेच कॉल करा 9809908464.,No,No,yes
spam,Meesho आज 100 लकी कस्टमर्सना फ्री शॉपिंग व्हाउचर देत आहे. तुमचे मिळवण्यासाठी लगेच कॉल करा 8869344323.,No,No,yes
spam,Disney+ Hotstar आज 100 लकी कस्टमर्सना फ्री गिफ्ट हॅम्पर देत आहे. तुमचे मिळवण्यासाठी लगेच कॉल करा 6150376948.,No,No,yes
spam,IndiGo आज 100 लकी कस्टमर्सना फ्री स्मार्टफोन देत आहे. तुमचे मिळवण्यासाठी लगेच कॉल करा 7343324408.,No,No,yes
spam,अभिनंदन! तुमचे Swiggy खाते एका फ्री स्मार्टफोन (Rs.200) साठी निवडले गेले आहे. आत्ताच दावा करा: http://gift-redeem-now.co.in/sazig,yes,No,No
spam,IndiGo लकी ड्रॉ: तुम्ही एक फ्री गिफ्ट हॅम्पर जिंकला आहे! एक्सपायर होण्यापूर्वी आत्ताच कॉल करा 9136429156.,No,No,yes
spam,अभिनंदन! तुमचे ICICI Bank खाते एका फ्री शॉपिंग व्हाउचर (Rs.300) साठी निवडले गेले आहे. आत्ताच दावा करा: http://prize-verify.info/hospc,yes,No,No
spam,अभिनंदन! तुमचे BigBasket खाते एका फ्री गिफ्ट हॅम्पर (Rs.300) साठी निवडले गेले आहे. आत्ताच दावा करा: http://gift-redeem-now.co.in/c7n07,yes,No,No
spam,Ajio आज 100 लकी कस्टमर्सना फ्री शॉपिंग व्हाउचर देत आहे. तुमचे मिळवण्यासाठी लगेच कॉल करा 8711604627.,No,No,yes
spam,Pepperfry लकी ड्रॉ: तुम्ही एक फ्री सोन्याचे नाणे जिंकला आहे! एक्सपायर होण्यापूर्वी आत्ताच कॉल करा 7237199971.,No,No,yes
spam,Zomato आज 100 लकी कस्टमर्सना फ्री सोन्याचे नाणे देत आहे. तुमचे मिळवण्यासाठी लगेच कॉल करा 9516796028.,No,No,yes
spam,Swiggy आज 100 लकी कस्टमर्सना फ्री गिफ्ट हॅम्पर देत आहे. तुमचे मिळवण्यासाठी लगेच कॉल करा 8059310044.,No,No,yes
spam,तुम्ही Unacademy च्या अ‍ॅनिव्हर्सरी कॉन्टेस्टचे लकी विनर आहात. Rs.150 चे बक्षीस मिळवण्यासाठी तुमची बँक माहिती शेअर करा.,No,No,No
spam,Netflix आज 100 लकी कस्टमर्सना फ्री शॉपिंग व्हाउचर देत आहे. तुमचे मिळवण्यासाठी लगेच कॉल करा 8910716077.,No,No,yes
spam,तुम्ही Flipkart च्या अ‍ॅनिव्हर्सरी कॉन्टेस्टचे लकी विनर आहात. Rs.500 चे बक्षीस मिळवण्यासाठी तुमची बँक माहिती शेअर करा.,No,No,No
spam,BookMyShow लकी ड्रॉ: तुम्ही एक फ्री स्मार्टवॉच जिंकला आहे! एक्सपायर होण्यापूर्वी आत्ताच कॉल करा 6499642473.,No,No,yes
spam,Policybazaar आज 100 लकी कस्टमर्सना फ्री सोन्याचे नाणे देत आहे. तुमचे मिळवण्यासाठी लगेच कॉल करा 7904628812.,No,No,yes
spam,Zomato आज 100 लकी कस्टमर्सना फ्री स्मार्टफोन देत आहे. तुमचे मिळवण्यासाठी लगेच कॉल करा 7115667406.,No,No,yes
spam,PhonePe लकी ड्रॉ: तुम्ही एक फ्री गिफ्ट हॅम्पर जिंकला आहे! एक्सपायर होण्यापूर्वी आत्ताच कॉल करा 6621626102.,No,No,yes
spam,तुम्ही MakeMyTrip च्या अ‍ॅनिव्हर्सरी कॉन्टेस्टचे लकी विनर आहात. Rs.500 चे बक्षीस मिळवण्यासाठी तुमची बँक माहिती शेअर करा.,No,No,No
spam,"Paytm कस्टमर सर्व्हिस: तुमचा Rs.500 चा रिफंड प्रलंबित आहे, दावा करण्यासाठी क्लिक करा: http://gift-redeem-now.co.in/s2cc6",yes,No,No
spam,"Paytm कस्टमर सर्व्हिस: तुमचा Rs.50 चा रिफंड प्रलंबित आहे, दावा करण्यासाठी क्लिक करा: http://reward-claim24.xyz/0i106",yes,No,No
spam,Meesho आज 100 लकी कस्टमर्सना फ्री गिफ्ट हॅम्पर देत आहे. तुमचे मिळवण्यासाठी लगेच कॉल करा 8341151486.,No,No,yes
spam,"Amazon कस्टमर सर्व्हिस: तुमचा Rs.500 चा रिफंड प्रलंबित आहे, दावा करण्यासाठी क्लिक करा: http://reward-claim24.xyz/0odxv",yes,No,No
spam,IndiGo आज 100 लकी कस्टमर्सना फ्री शॉपिंग व्हाउचर देत आहे. तुमचे मिळवण्यासाठी लगेच कॉल करा 7461721011.,No,No,yes
spam,"Paytm कस्टमर सर्व्हिस: तुमचा Rs.500 चा रिफंड प्रलंबित आहे, दावा करण्यासाठी क्लिक करा: http://bonus-cashout.xyz/a8fv1",yes,No,No
spam,Axis Bank लकी ड्रॉ: तुम्ही एक फ्री स्मार्टफोन जिंकला आहे! एक्सपायर होण्यापूर्वी आत्ताच कॉल करा 8039528168.,No,No,yes
spam,"Uber कस्टमर सर्व्हिस: तुमचा Rs.50 चा रिफंड प्रलंबित आहे, दावा करण्यासाठी क्लिक करा: http://offer4u-claim.online/ijq6l",yes,No,No
spam,Spotify आज 100 लकी कस्टमर्सना फ्री शॉपिंग व्हाउचर देत आहे. तुमचे मिळवण्यासाठी लगेच कॉल करा 7719619936.,No,No,yes
spam,Netflix आज 100 लकी कस्टमर्सना फ्री गिफ्ट हॅम्पर देत आहे. तुमचे मिळवण्यासाठी लगेच कॉल करा 7674154625.,No,No,yes
spam,अभिनंदन! तुमचे Domino's खाते एका फ्री सोन्याचे नाणे (Rs.250) साठी निवडले गेले आहे. आत्ताच दावा करा: http://prize-verify.info/3oumc,yes,No,No
spam,"Swiggy कस्टमर सर्व्हिस: तुमचा Rs.50 चा रिफंड प्रलंबित आहे, दावा करण्यासाठी क्लिक करा: http://prize-verify.info/aa884",yes,No,No
spam,अभिनंदन! तुमचे 1mg खाते एका फ्री गिफ्ट हॅम्पर (Rs.500) साठी निवडले गेले आहे. आत्ताच दावा करा: http://offer4u-claim.online/i39j2,yes,No,No
spam,Vi लकी ड्रॉ: तुम्ही एक फ्री सोन्याचे नाणे जिंकला आहे! एक्सपायर होण्यापूर्वी आत्ताच कॉल करा 9171860041.,No,No,yes
spam,Paytm आज 100 लकी कस्टमर्सना फ्री सोन्याचे नाणे देत आहे. तुमचे मिळवण्यासाठी लगेच कॉल करा 9354815744.,No,No,yes
spam,"redBus कस्टमर सर्व्हिस: तुमचा Rs.300 चा रिफंड प्रलंबित आहे, दावा करण्यासाठी क्लिक करा: http://gift-redeem-now.co.in/ljo9f",yes,No,No
spam,PharmEasy आज 100 लकी कस्टमर्सना फ्री शॉपिंग व्हाउचर देत आहे. तुमचे मिळवण्यासाठी लगेच कॉल करा 8669926068.,No,No,yes
spam,अभिनंदन! तुमचे Amazon Prime Video खाते एका फ्री शॉपिंग व्हाउचर (Rs.300) साठी निवडले गेले आहे. आत्ताच दावा करा: http://gift-redeem-now.co.in/guxon,yes,No,No
spam,HDFC Bank आज 100 लकी कस्टमर्सना फ्री स्मार्टवॉच देत आहे. तुमचे मिळवण्यासाठी लगेच कॉल करा 9333282498.,No,No,yes
spam,अभिनंदन! तुमचे BYJU'S खाते एका फ्री शॉपिंग व्हाउचर (Rs.100) साठी निवडले गेले आहे. आत्ताच दावा करा: http://lucky-winner-alert.co/wofgh,yes,No,No
spam,CRED आज 100 लकी कस्टमर्सना फ्री स्मार्टवॉच देत आहे. तुमचे मिळवण्यासाठी लगेच कॉल करा 9392238764.,No,No,yes
spam,Amazon Prime Video लकी ड्रॉ: तुम्ही एक फ्री गिफ्ट हॅम्पर जिंकला आहे! एक्सपायर होण्यापूर्वी आत्ताच कॉल करा 7819511845.,No,No,yes
spam,"Uber कस्टमर सर्व्हिस: तुमचा Rs.500 चा रिफंड प्रलंबित आहे, दावा करण्यासाठी क्लिक करा: http://gift-redeem-now.co.in/fopkp",yes,No,No
spam,CRED आज 100 लकी कस्टमर्सना फ्री स्मार्टफोन देत आहे. तुमचे मिळवण्यासाठी लगेच कॉल करा 8870843869.,No,No,yes
spam,अभिनंदन! तुमचे redBus खाते एका फ्री स्मार्टफोन (Rs.200) साठी निवडले गेले आहे. आत्ताच दावा करा: http://prize-verify.info/omugi,yes,No,No
spam,Decathlon लकी ड्रॉ: तुम्ही एक फ्री शॉपिंग व्हाउचर जिंकला आहे! एक्सपायर होण्यापूर्वी आत्ताच कॉल करा 7064736644.,No,No,yes
spam,अभिनंदन! तुमचे Blinkit खाते एका फ्री शॉपिंग व्हाउचर (Rs.200) साठी निवडले गेले आहे. आत्ताच दावा करा: http://reward-claim24.xyz/h2jyr,yes,No,No
spam,Nykaa लकी ड्रॉ: तुम्ही एक फ्री गिफ्ट हॅम्पर जिंकला आहे! एक्सपायर होण्यापूर्वी आत्ताच कॉल करा 9814234923.,No,No,yes
spam,Tanishq आज 100 लकी कस्टमर्सना फ्री गिफ्ट हॅम्पर देत आहे. तुमचे मिळवण्यासाठी लगेच कॉल करा 6380631473.,No,No,yes
spam,"Domino's कस्टमर सर्व्हिस: तुमचा Rs.250 चा रिफंड प्रलंबित आहे, दावा करण्यासाठी क्लिक करा: http://reward-claim24.xyz/27bgc",yes,No,No
spam,BYJU'S लकी ड्रॉ: तुम्ही एक फ्री शॉपिंग व्हाउचर जिंकला आहे! एक्सपायर होण्यापूर्वी आत्ताच कॉल करा 9019710598.,No,No,yes
spam,CRED आज 100 लकी कस्टमर्सना फ्री स्मार्टवॉच देत आहे. तुमचे मिळवण्यासाठी लगेच कॉल करा 6593865795.,No,No,yes
spam,अभिनंदन! तुमचे Ajio खाते एका फ्री स्मार्टफोन (Rs.100) साठी निवडले गेले आहे. आत्ताच दावा करा: http://bonus-cashout.xyz/vb73k,yes,No,No
spam,Ajio आज 100 लकी कस्टमर्सना फ्री स्मार्टफोन देत आहे. तुमचे मिळवण्यासाठी लगेच कॉल करा 6803679246.,No,No,yes
spam,Blinkit लकी ड्रॉ: तुम्ही एक फ्री स्मार्टफोन जिंकला आहे! एक्सपायर होण्यापूर्वी आत्ताच कॉल करा 8185512932.,No,No,yes
spam,"IRCTC कस्टमर सर्व्हिस: तुमचा Rs.100 चा रिफंड प्रलंबित आहे, दावा करण्यासाठी क्लिक करा: http://offer4u-claim.online/ny9dg",yes,No,No
spam,Amazon Prime Video लकी ड्रॉ: तुम्ही एक फ्री शॉपिंग व्हाउचर जिंकला आहे! एक्सपायर होण्यापूर्वी आत्ताच कॉल करा 8909972754.,No,No,yes
spam,Jio आज 100 लकी कस्टमर्सना फ्री स्मार्टफोन देत आहे. तुमचे मिळवण्यासाठी लगेच कॉल करा 8638594656.,No,No,yes
spam,तुम्ही Flipkart च्या अ‍ॅनिव्हर्सरी कॉन्टेस्टचे लकी विनर आहात. Rs.200 चे बक्षीस मिळवण्यासाठी तुमची बँक माहिती शेअर करा.,No,No,No
spam,अभिनंदन! तुमचे Jio खाते एका फ्री स्मार्टफोन (Rs.100) साठी निवडले गेले आहे. आत्ताच दावा करा: http://lucky-winner-alert.co/nozab,yes,No,No
spam,Zomato लकी ड्रॉ: तुम्ही एक फ्री स्मार्टवॉच जिंकला आहे! एक्सपायर होण्यापूर्वी आत्ताच कॉल करा 7063479535.,No,No,yes
spam,Airtel लकी ड्रॉ: तुम्ही एक फ्री गिफ्ट हॅम्पर जिंकला आहे! एक्सपायर होण्यापूर्वी आत्ताच कॉल करा 8018370006.,No,No,yes
spam,Zepto लकी ड्रॉ: तुम्ही एक फ्री शॉपिंग व्हाउचर जिंकला आहे! एक्सपायर होण्यापूर्वी आत्ताच कॉल करा 7028969839.,No,No,yes
spam,"Meesho कस्टमर सर्व्हिस: तुमचा Rs.100 चा रिफंड प्रलंबित आहे, दावा करण्यासाठी क्लिक करा: http://lucky-winner-alert.co/9ax6u",yes,No,No
spam,अभिनंदन! तुमचे Titan खाते एका फ्री स्मार्टवॉच (Rs.200) साठी निवडले गेले आहे. आत्ताच दावा करा: http://offer4u-claim.online/o16be,yes,No,No
spam,Uber आज 100 लकी कस्टमर्सना फ्री स्मार्टफोन देत आहे. तुमचे मिळवण्यासाठी लगेच कॉल करा 8398988090.,No,No,yes
spam,"Domino's कस्टमर सर्व्हिस: तुमचा Rs.150 चा रिफंड प्रलंबित आहे, दावा करण्यासाठी क्लिक करा: http://gift-redeem-now.co.in/ooffw",yes,No,No
spam,Tanishq आज 100 लकी कस्टमर्सना फ्री सोन्याचे नाणे देत आहे. तुमचे मिळवण्यासाठी लगेच कॉल करा 6273917526.,No,No,yes
spam,Meesho आज 100 लकी कस्टमर्सना फ्री स्मार्टफोन देत आहे. तुमचे मिळवण्यासाठी लगेच कॉल करा 9104574945.,No,No,yes
spam,तुम्ही Decathlon च्या अ‍ॅनिव्हर्सरी कॉन्टेस्टचे लकी विनर आहात. Rs.50 चे बक्षीस मिळवण्यासाठी तुमची बँक माहिती शेअर करा.,No,No,No
spam,Airtel लकी ड्रॉ: तुम्ही एक फ्री सोन्याचे नाणे जिंकला आहे! एक्सपायर होण्यापूर्वी आत्ताच कॉल करा 6468925780.,No,No,yes
spam,तुम्ही 1mg च्या अ‍ॅनिव्हर्सरी कॉन्टेस्टचे लकी विनर आहात. Rs.100 चे बक्षीस मिळवण्यासाठी तुमची बँक माहिती शेअर करा.,No,No,No
spam,अभिनंदन! तुमचे Goibibo खाते एका फ्री स्मार्टफोन (Rs.250) साठी निवडले गेले आहे. आत्ताच दावा करा: http://offer4u-claim.online/cwu3m,yes,No,No
spam,Netflix आज 100 लकी कस्टमर्सना फ्री गिफ्ट हॅम्पर देत आहे. तुमचे मिळवण्यासाठी लगेच कॉल करा 7536029171.,No,No,yes
spam,तुम्ही Airtel च्या अ‍ॅनिव्हर्सरी कॉन्टेस्टचे लकी विनर आहात. Rs.500 चे बक्षीस मिळवण्यासाठी तुमची बँक माहिती शेअर करा.,No,No,No
spam,Swiggy लकी ड्रॉ: तुम्ही एक फ्री सोन्याचे नाणे जिंकला आहे! एक्सपायर होण्यापूर्वी आत्ताच कॉल करा 7903316790.,No,No,yes
spam,अभिनंदन! तुमचे Vi खाते एका फ्री शॉपिंग व्हाउचर (Rs.50) साठी निवडले गेले आहे. आत्ताच दावा करा: http://gift-redeem-now.co.in/4cj1u,yes,No,No
spam,अभिनंदन! तुमचे Jio खाते एका फ्री स्मार्टवॉच (Rs.150) साठी निवडले गेले आहे. आत्ताच दावा करा: http://reward-claim24.xyz/2vsrr,yes,No,No
spam,Policybazaar आज 100 लकी कस्टमर्सना फ्री सोन्याचे नाणे देत आहे. तुमचे मिळवण्यासाठी लगेच कॉल करा 7412905638.,No,No,yes
spam,Disney+ Hotstar आज 100 लकी कस्टमर्सना फ्री शॉपिंग व्हाउचर देत आहे. तुमचे मिळवण्यासाठी लगेच कॉल करा 6741451520.,No,No,yes
spam,अभिनंदन! तुमचे IRCTC खाते एका फ्री गिफ्ट हॅम्पर (Rs.300) साठी निवडले गेले आहे. आत्ताच दावा करा: http://gift-redeem-now.co.in/3gk84,yes,No,No
spam,IRCTC लकी ड्रॉ: तुम्ही एक फ्री स्मार्टफोन जिंकला आहे! एक्सपायर होण्यापूर्वी आत्ताच कॉल करा 9647191286.,No,No,yes
spam,"Blinkit कस्टमर सर्व्हिस: तुमचा Rs.150 चा रिफंड प्रलंबित आहे, दावा करण्यासाठी क्लिक करा: http://bonus-cashout.xyz/z3cvk",yes,No,No
spam,"Titan कस्टमर सर्व्हिस: तुमचा Rs.50 चा रिफंड प्रलंबित आहे, दावा करण्यासाठी क्लिक करा: http://lucky-winner-alert.co/t6f4f",yes,No,No
spam,अभिनंदन! तुमचे Zepto खाते एका फ्री स्मार्टवॉच (Rs.150) साठी निवडले गेले आहे. आत्ताच दावा करा: http://lucky-winner-alert.co/jm9t2,yes,No,No
spam,अभिनंदन! तुमचे BigBasket खाते एका फ्री शॉपिंग व्हाउचर (Rs.250) साठी निवडले गेले आहे. आत्ताच दावा करा: http://reward-claim24.xyz/2prvz,yes,No,No
spam,BYJU'S आज 100 लकी कस्टमर्सना फ्री शॉपिंग व्हाउचर देत आहे. तुमचे मिळवण्यासाठी लगेच कॉल करा 6762677381.,No,No,yes
spam,PhonePe आज 100 लकी कस्टमर्सना फ्री गिफ्ट हॅम्पर देत आहे. तुमचे मिळवण्यासाठी लगेच कॉल करा 9657230462.,No,No,yes
spam,"MakeMyTrip कस्टमर सर्व्हिस: तुमचा Rs.250 चा रिफंड प्रलंबित आहे, दावा करण्यासाठी क्लिक करा: http://lucky-winner-alert.co/akh6b",yes,No,No
spam,Amazon Prime Video लकी ड्रॉ: तुम्ही एक फ्री सोन्याचे नाणे जिंकला आहे! एक्सपायर होण्यापूर्वी आत्ताच कॉल करा 8346120857.,No,No,yes
spam,तुम्ही CRED च्या अ‍ॅनिव्हर्सरी कॉन्टेस्टचे लकी विनर आहात. Rs.500 चे बक्षीस मिळवण्यासाठी तुमची बँक माहिती शेअर करा.,No,No,No
spam,Myntra लकी ड्रॉ: तुम्ही एक फ्री गिफ्ट हॅम्पर जिंकला आहे! एक्सपायर होण्यापूर्वी आत्ताच कॉल करा 9910551771.,No,No,yes
spam,Blinkit आज 100 लकी कस्टमर्सना फ्री गिफ्ट हॅम्पर देत आहे. तुमचे मिळवण्यासाठी लगेच कॉल करा 7473155797.,No,No,yes
spam,अभिनंदन! तुमचे Unacademy खाते एका फ्री शॉपिंग व्हाउचर (Rs.250) साठी निवडले गेले आहे. आत्ताच दावा करा: http://offer4u-claim.online/2rn17,yes,No,No
spam,Ola आज 100 लकी कस्टमर्सना फ्री गिफ्ट हॅम्पर देत आहे. तुमचे मिळवण्यासाठी लगेच कॉल करा 8285192175.,No,No,yes
spam,"CRED कस्टमर सर्व्हिस: तुमचा Rs.250 चा रिफंड प्रलंबित आहे, दावा करण्यासाठी क्लिक करा: http://lucky-winner-alert.co/tqumv",yes,No,No
spam,तुम्ही HDFC Bank च्या अ‍ॅनिव्हर्सरी कॉन्टेस्टचे लकी विनर आहात. Rs.50 चे बक्षीस मिळवण्यासाठी तुमची बँक माहिती शेअर करा.,No,No,No
spam,अभिनंदन! तुमचे Domino's खाते एका फ्री सोन्याचे नाणे (Rs.250) साठी निवडले गेले आहे. आत्ताच दावा करा: http://offer4u-claim.online/nyut6,yes,No,No
spam,"Flipkart कस्टमर सर्व्हिस: तुमचा Rs.300 चा रिफंड प्रलंबित आहे, दावा करण्यासाठी क्लिक करा: http://reward-claim24.xyz/z8v9c",yes,No,No
spam,Tanishq आज 100 लकी कस्टमर्सना फ्री स्मार्टवॉच देत आहे. तुमचे मिळवण्यासाठी लगेच कॉल करा 9309333393.,No,No,yes
spam,Domino's लकी ड्रॉ: तुम्ही एक फ्री सोन्याचे नाणे जिंकला आहे! एक्सपायर होण्यापूर्वी आत्ताच कॉल करा 6526339903.,No,No,yes
spam,अभिनंदन! तुमचे IndiGo खाते एका फ्री स्मार्टफोन (Rs.200) साठी निवडले गेले आहे. आत्ताच दावा करा: http://gift-redeem-now.co.in/4vsqd,yes,No,No
spam,Domino's आज 100 लकी कस्टमर्सना फ्री स्मार्टवॉच देत आहे. तुमचे मिळवण्यासाठी लगेच कॉल करा 8497778682.,No,No,yes
spam,"CRED कस्टमर सर्व्हिस: तुमचा Rs.200 चा रिफंड प्रलंबित आहे, दावा करण्यासाठी क्लिक करा: http://gift-redeem-now.co.in/sgk3o",yes,No,No
spam,अभिनंदन! तुमचे Blinkit खाते एका फ्री गिफ्ट हॅम्पर (Rs.100) साठी निवडले गेले आहे. आत्ताच दावा करा: http://prize-verify.info/xh5k8,yes,No,No
spam,तुम्ही PharmEasy च्या अ‍ॅनिव्हर्सरी कॉन्टेस्टचे लकी विनर आहात. Rs.150 चे बक्षीस मिळवण्यासाठी तुमची बँक माहिती शेअर करा.,No,No,No
spam,Amazon लकी ड्रॉ: तुम्ही एक फ्री स्मार्टवॉच जिंकला आहे! एक्सपायर होण्यापूर्वी आत्ताच कॉल करा 7217424233.,No,No,yes
spam,Lenskart आज 100 लकी कस्टमर्सना फ्री स्मार्टवॉच देत आहे. तुमचे मिळवण्यासाठी लगेच कॉल करा 7346454428.,No,No,yes
spam,Zomato आज 100 लकी कस्टमर्सना फ्री स्मार्टफोन देत आहे. तुमचे मिळवण्यासाठी लगेच कॉल करा 7726785935.,No,No,yes
spam,Meesho आज 100 लकी कस्टमर्सना फ्री स्मार्टफोन देत आहे. तुमचे मिळवण्यासाठी लगेच कॉल करा 6653642540.,No,No,yes
spam,Airtel आज 100 लकी कस्टमर्सना फ्री स्मार्टफोन देत आहे. तुमचे मिळवण्यासाठी लगेच कॉल करा 7861317258.,No,No,yes
spam,अभिनंदन! तुमचे Unacademy खाते एका फ्री स्मार्टफोन (Rs.100) साठी निवडले गेले आहे. आत्ताच दावा करा: http://offer4u-claim.online/pkzhl,yes,No,No
spam,"IRCTC कस्टमर सर्व्हिस: तुमचा Rs.300 चा रिफंड प्रलंबित आहे, दावा करण्यासाठी क्लिक करा: http://prize-verify.info/1ukk3",yes,No,No
spam,MakeMyTrip लकी ड्रॉ: तुम्ही एक फ्री गिफ्ट हॅम्पर जिंकला आहे! एक्सपायर होण्यापूर्वी आत्ताच कॉल करा 6260829033.,No,No,yes
spam,Tanishq लकी ड्रॉ: तुम्ही एक फ्री सोन्याचे नाणे जिंकला आहे! एक्सपायर होण्यापूर्वी आत्ताच कॉल करा 7244503505.,No,No,yes
spam,"Myntra कस्टमर सर्व्हिस: तुमचा Rs.300 चा रिफंड प्रलंबित आहे, दावा करण्यासाठी क्लिक करा: http://lucky-winner-alert.co/34p9j",yes,No,No
spam,अभिनंदन! तुमचे Netflix खाते एका फ्री स्मार्टफोन (Rs.500) साठी निवडले गेले आहे. आत्ताच दावा करा: http://lucky-winner-alert.co/nsc7e,yes,No,No
spam,अभिनंदन! तुमचे Lenskart खाते एका फ्री सोन्याचे नाणे (Rs.500) साठी निवडले गेले आहे. आत्ताच दावा करा: http://offer4u-claim.online/d4p3o,yes,No,No
spam,IndiGo आज 100 लकी कस्टमर्सना फ्री सोन्याचे नाणे देत आहे. तुमचे मिळवण्यासाठी लगेच कॉल करा 9087078782.,No,No,yes
spam,अभिनंदन! तुमचे Decathlon खाते एका फ्री स्मार्टफोन (Rs.50) साठी निवडले गेले आहे. आत्ताच दावा करा: http://lucky-winner-alert.co/p8uz3,yes,No,No
spam,अभिनंदन! तुमचे ICICI Bank खाते एका फ्री सोन्याचे नाणे (Rs.50) साठी निवडले गेले आहे. आत्ताच दावा करा: http://prize-verify.info/zvvgb,yes,No,No
spam,Blinkit आज 100 लकी कस्टमर्सना फ्री गिफ्ट हॅम्पर देत आहे. तुमचे मिळवण्यासाठी लगेच कॉल करा 7319123468.,No,No,yes
spam,Paytm आज 100 लकी कस्टमर्सना फ्री स्मार्टफोन देत आहे. तुमचे मिळवण्यासाठी लगेच कॉल करा 7174342730.,No,No,yes
spam,अभिनंदन! तुमचे Pepperfry खाते एका फ्री स्मार्टवॉच (Rs.250) साठी निवडले गेले आहे. आत्ताच दावा करा: http://prize-verify.info/qbz8u,yes,No,No
spam,अभिनंदन! तुमचे Nykaa खाते एका फ्री सोन्याचे नाणे (Rs.250) साठी निवडले गेले आहे. आत्ताच दावा करा: http://reward-claim24.xyz/ycy8d,yes,No,No
spam,"Meesho कस्टमर सर्व्हिस: तुमचा Rs.500 चा रिफंड प्रलंबित आहे, दावा करण्यासाठी क्लिक करा: http://lucky-winner-alert.co/f0qib",yes,No,No
spam,"1mg कस्टमर सर्व्हिस: तुमचा Rs.50 चा रिफंड प्रलंबित आहे, दावा करण्यासाठी क्लिक करा: http://offer4u-claim.online/r8r26",yes,No,No
spam,अभिनंदन! तुमचे Nykaa खाते एका फ्री शॉपिंग व्हाउचर (Rs.500) साठी निवडले गेले आहे. आत्ताच दावा करा: http://offer4u-claim.online/i0jcg,yes,No,No
spam,तुम्ही ICICI Bank च्या अ‍ॅनिव्हर्सरी कॉन्टेस्टचे लकी विनर आहात. Rs.100 चे बक्षीस मिळवण्यासाठी तुमची बँक माहिती शेअर करा.,No,No,No
spam,Uber आज 100 लकी कस्टमर्सना फ्री स्मार्टफोन देत आहे. तुमचे मिळवण्यासाठी लगेच कॉल करा 9894567910.,No,No,yes
spam,अभिनंदन! तुमचे Titan खाते एका फ्री शॉपिंग व्हाउचर (Rs.250) साठी निवडले गेले आहे. आत्ताच दावा करा: http://reward-claim24.xyz/7kwje,yes,No,No
spam,Spotify लकी ड्रॉ: तुम्ही एक फ्री स्मार्टवॉच जिंकला आहे! एक्सपायर होण्यापूर्वी आत्ताच कॉल करा 8892323692.,No,No,yes
spam,PharmEasy लकी ड्रॉ: तुम्ही एक फ्री शॉपिंग व्हाउचर जिंकला आहे! एक्सपायर होण्यापूर्वी आत्ताच कॉल करा 6065903782.,No,No,yes
spam,तुम्ही PhonePe च्या अ‍ॅनिव्हर्सरी कॉन्टेस्टचे लकी विनर आहात. Rs.50 चे बक्षीस मिळवण्यासाठी तुमची बँक माहिती शेअर करा.,No,No,No
spam,"1mg कस्टमर सर्व्हिस: तुमचा Rs.150 चा रिफंड प्रलंबित आहे, दावा करण्यासाठी क्लिक करा: http://reward-claim24.xyz/pwha0",yes,No,No
spam,BookMyShow लकी ड्रॉ: तुम्ही एक फ्री शॉपिंग व्हाउचर जिंकला आहे! एक्सपायर होण्यापूर्वी आत्ताच कॉल करा 8824034713.,No,No,yes
spam,Lenskart आज 100 लकी कस्टमर्सना फ्री स्मार्टफोन देत आहे. तुमचे मिळवण्यासाठी लगेच कॉल करा 8051998278.,No,No,yes
spam,BigBasket आज 100 लकी कस्टमर्सना फ्री सोन्याचे नाणे देत आहे. तुमचे मिळवण्यासाठी लगेच कॉल करा 6438278051.,No,No,yes
spam,cult.fit लकी ड्रॉ: तुम्ही एक फ्री स्मार्टफोन जिंकला आहे! एक्सपायर होण्यापूर्वी आत्ताच कॉल करा 7282010795.,No,No,yes
spam,अभिनंदन! तुमचे CRED खाते एका फ्री स्मार्टवॉच (Rs.100) साठी निवडले गेले आहे. आत्ताच दावा करा: http://bonus-cashout.xyz/77gui,yes,No,No
spam,अभिनंदन! तुमचे IndiGo खाते एका फ्री सोन्याचे नाणे (Rs.300) साठी निवडले गेले आहे. आत्ताच दावा करा: http://lucky-winner-alert.co/l1oui,yes,No,No
spam,"Blinkit कस्टमर सर्व्हिस: तुमचा Rs.300 चा रिफंड प्रलंबित आहे, दावा करण्यासाठी क्लिक करा: http://bonus-cashout.xyz/avcvq",yes,No,No
spam,"PhonePe कस्टमर सर्व्हिस: तुमचा Rs.150 चा रिफंड प्रलंबित आहे, दावा करण्यासाठी क्लिक करा: http://bonus-cashout.xyz/iw0mp",yes,No,No
spam,Pepperfry लकी ड्रॉ: तुम्ही एक फ्री शॉपिंग व्हाउचर जिंकला आहे! एक्सपायर होण्यापूर्वी आत्ताच कॉल करा 6371415335.,No,No,yes
spam,MakeMyTrip आज 100 लकी कस्टमर्सना फ्री स्मार्टवॉच देत आहे. तुमचे मिळवण्यासाठी लगेच कॉल करा 6444860769.,No,No,yes
spam,"1mg कस्टमर सर्व्हिस: तुमचा Rs.50 चा रिफंड प्रलंबित आहे, दावा करण्यासाठी क्लिक करा: http://offer4u-claim.online/g2ru6",yes,No,No
spam,SBI Card आज 100 लकी कस्टमर्सना फ्री शॉपिंग व्हाउचर देत आहे. तुमचे मिळवण्यासाठी लगेच कॉल करा 6206034091.,No,No,yes
spam,IndiGo लकी ड्रॉ: तुम्ही एक फ्री सोन्याचे नाणे जिंकला आहे! एक्सपायर होण्यापूर्वी आत्ताच कॉल करा 7768824147.,No,No,yes
spam,Amazon आज 100 लकी कस्टमर्सना फ्री गिफ्ट हॅम्पर देत आहे. तुमचे मिळवण्यासाठी लगेच कॉल करा 8978536235.,No,No,yes
spam,अभिनंदन! तुमचे Ola खाते एका फ्री गिफ्ट हॅम्पर (Rs.100) साठी निवडले गेले आहे. आत्ताच दावा करा: http://reward-claim24.xyz/0tths,yes,No,No
spam,Myntra आज 100 लकी कस्टमर्सना फ्री स्मार्टफोन देत आहे. तुमचे मिळवण्यासाठी लगेच कॉल करा 8833666883.,No,No,yes
spam,"Uber कस्टमर सर्व्हिस: तुमचा Rs.50 चा रिफंड प्रलंबित आहे, दावा करण्यासाठी क्लिक करा: http://lucky-winner-alert.co/uhjzz",yes,No,No
spam,अभिनंदन! तुमचे Amazon खाते एका फ्री स्मार्टवॉच (Rs.500) साठी निवडले गेले आहे. आत्ताच दावा करा: http://prize-verify.info/fg1w1,yes,No,No
spam,अभिनंदन! तुमचे Myntra खाते एका फ्री स्मार्टवॉच (Rs.250) साठी निवडले गेले आहे. आत्ताच दावा करा: http://gift-redeem-now.co.in/o8fbk,yes,No,No
spam,Flipkart लकी ड्रॉ: तुम्ही एक फ्री स्मार्टवॉच जिंकला आहे! एक्सपायर होण्यापूर्वी आत्ताच कॉल करा 9678983971.,No,No,yes
spam,"Nykaa कस्टमर सर्व्हिस: तुमचा Rs.500 चा रिफंड प्रलंबित आहे, दावा करण्यासाठी क्लिक करा: http://reward-claim24.xyz/for46",yes,No,No
spam,"Tanishq कस्टमर सर्व्हिस: तुमचा Rs.100 चा रिफंड प्रलंबित आहे, दावा करण्यासाठी क्लिक करा: http://bonus-cashout.xyz/wp9sv",yes,No,No
spam,तुम्ही Myntra च्या अ‍ॅनिव्हर्सरी कॉन्टेस्टचे लकी विनर आहात. Rs.300 चे बक्षीस मिळवण्यासाठी तुमची बँक माहिती शेअर करा.,No,No,No
spam,Nykaa आज 100 लकी कस्टमर्सना फ्री शॉपिंग व्हाउचर देत आहे. तुमचे मिळवण्यासाठी लगेच कॉल करा 9062946033.,No,No,yes
spam,Meesho आज 100 लकी कस्टमर्सना फ्री सोन्याचे नाणे देत आहे. तुमचे मिळवण्यासाठी लगेच कॉल करा 6114116748.,No,No,yes
spam,"Unacademy कस्टमर सर्व्हिस: तुमचा Rs.250 चा रिफंड प्रलंबित आहे, दावा करण्यासाठी क्लिक करा: http://gift-redeem-now.co.in/yjil2",yes,No,No
spam,अभिनंदन! तुमचे MakeMyTrip खाते एका फ्री स्मार्टवॉच (Rs.50) साठी निवडले गेले आहे. आत्ताच दावा करा: http://gift-redeem-now.co.in/pcn1i,yes,No,No
spam,Vi आज 100 लकी कस्टमर्सना फ्री शॉपिंग व्हाउचर देत आहे. तुमचे मिळवण्यासाठी लगेच कॉल करा 7770797240.,No,No,yes
spam,अभिनंदन! तुमचे Unacademy खाते एका फ्री स्मार्टवॉच (Rs.150) साठी निवडले गेले आहे. आत्ताच दावा करा: http://prize-verify.info/iimv8,yes,No,No
spam,अभिनंदन! तुमचे Amazon Prime Video खाते एका फ्री शॉपिंग व्हाउचर (Rs.300) साठी निवडले गेले आहे. आत्ताच दावा करा: http://gift-redeem-now.co.in/soqel,yes,No,No
spam,"Myntra कस्टमर सर्व्हिस: तुमचा Rs.100 चा रिफंड प्रलंबित आहे, दावा करण्यासाठी क्लिक करा: http://gift-redeem-now.co.in/ctg59",yes,No,No
spam,Flipkart लकी ड्रॉ: तुम्ही एक फ्री सोन्याचे नाणे जिंकला आहे! एक्सपायर होण्यापूर्वी आत्ताच कॉल करा 6866326814.,No,No,yes
spam,"PhonePe कस्टमर सर्व्हिस: तुमचा Rs.500 चा रिफंड प्रलंबित आहे, दावा करण्यासाठी क्लिक करा: http://gift-redeem-now.co.in/1xb51",yes,No,No
spam,अभिनंदन! तुमचे Goibibo खाते एका फ्री गिफ्ट हॅम्पर (Rs.300) साठी निवडले गेले आहे. आत्ताच दावा करा: http://reward-claim24.xyz/goaa2,yes,No,No
spam,अभिनंदन! तुमचे Vi खाते एका फ्री स्मार्टफोन (Rs.300) साठी निवडले गेले आहे. आत्ताच दावा करा: http://lucky-winner-alert.co/ikiie,yes,No,No
spam,अभिनंदन! तुमचे CRED खाते एका फ्री शॉपिंग व्हाउचर (Rs.50) साठी निवडले गेले आहे. आत्ताच दावा करा: http://offer4u-claim.online/uuhip,yes,No,No
spam,अभिनंदन! तुमचे Disney+ Hotstar खाते एका फ्री सोन्याचे नाणे (Rs.300) साठी निवडले गेले आहे. आत्ताच दावा करा: http://offer4u-claim.online/b7tme,yes,No,No
spam,Ajio लकी ड्रॉ: तुम्ही एक फ्री गिफ्ट हॅम्पर जिंकला आहे! एक्सपायर होण्यापूर्वी आत्ताच कॉल करा 8323270741.,No,No,yes
spam,PhonePe आज 100 लकी कस्टमर्सना फ्री गिफ्ट हॅम्पर देत आहे. तुमचे मिळवण्यासाठी लगेच कॉल करा 9444287211.,No,No,yes
spam,"1mg कस्टमर सर्व्हिस: तुमचा Rs.250 चा रिफंड प्रलंबित आहे, दावा करण्यासाठी क्लिक करा: http://lucky-winner-alert.co/9owrx",yes,No,No
spam,Decathlon लकी ड्रॉ: तुम्ही एक फ्री शॉपिंग व्हाउचर जिंकला आहे! एक्सपायर होण्यापूर्वी आत्ताच कॉल करा 7345070111.,No,No,yes
spam,अभिनंदन! तुमचे PharmEasy खाते एका फ्री शॉपिंग व्हाउचर (Rs.100) साठी निवडले गेले आहे. आत्ताच दावा करा: http://prize-verify.info/avxog,yes,No,No
spam,"Ola कस्टमर सर्व्हिस: तुमचा Rs.300 चा रिफंड प्रलंबित आहे, दावा करण्यासाठी क्लिक करा: http://reward-claim24.xyz/zcryc",yes,No,No
spam,Titan लकी ड्रॉ: तुम्ही एक फ्री स्मार्टवॉच जिंकला आहे! एक्सपायर होण्यापूर्वी आत्ताच कॉल करा 8678622740.,No,No,yes
spam,MakeMyTrip आज 100 लकी कस्टमर्सना फ्री स्मार्टवॉच देत आहे. तुमचे मिळवण्यासाठी लगेच कॉल करा 7243131694.,No,No,yes
spam,cult.fit आज 100 लकी कस्टमर्सना फ्री स्मार्टफोन देत आहे. तुमचे मिळवण्यासाठी लगेच कॉल करा 6119042083.,No,No,yes
spam,अभिनंदन! तुमचे Spotify खाते एका फ्री स्मार्टवॉच (Rs.100) साठी निवडले गेले आहे. आत्ताच दावा करा: http://offer4u-claim.online/8w81w,yes,No,No
spam,Domino's आज 100 लकी कस्टमर्सना फ्री स्मार्टवॉच देत आहे. तुमचे मिळवण्यासाठी लगेच कॉल करा 7110417969.,No,No,yes
spam,Airtel आज 100 लकी कस्टमर्सना फ्री सोन्याचे नाणे देत आहे. तुमचे मिळवण्यासाठी लगेच कॉल करा 7318951707.,No,No,yes
spam,Myntra आज 100 लकी कस्टमर्सना फ्री स्मार्टफोन देत आहे. तुमचे मिळवण्यासाठी लगेच कॉल करा 6231962031.,No,No,yes
spam,"Axis Bank कस्टमर सर्व्हिस: तुमचा Rs.200 चा रिफंड प्रलंबित आहे, दावा करण्यासाठी क्लिक करा: http://reward-claim24.xyz/neev8",yes,No,No
spam,"IRCTC कस्टमर सर्व्हिस: तुमचा Rs.200 चा रिफंड प्रलंबित आहे, दावा करण्यासाठी क्लिक करा: http://bonus-cashout.xyz/fdol4",yes,No,No
spam,Amazon लकी ड्रॉ: तुम्ही एक फ्री शॉपिंग व्हाउचर जिंकला आहे! एक्सपायर होण्यापूर्वी आत्ताच कॉल करा 8944969975.,No,No,yes
spam,"Vi कस्टमर सर्व्हिस: तुमचा Rs.100 चा रिफंड प्रलंबित आहे, दावा करण्यासाठी क्लिक करा: http://bonus-cashout.xyz/fudnl",yes,No,No
spam,Pepperfry लकी ड्रॉ: तुम्ही एक फ्री सोन्याचे नाणे जिंकला आहे! एक्सपायर होण्यापूर्वी आत्ताच कॉल करा 9247805095.,No,No,yes
spam,"Jio कस्टमर सर्व्हिस: तुमचा Rs.100 चा रिफंड प्रलंबित आहे, दावा करण्यासाठी क्लिक करा: http://prize-verify.info/t4ftj",yes,No,No
spam,तुम्ही HDFC Bank च्या अ‍ॅनिव्हर्सरी कॉन्टेस्टचे लकी विनर आहात. Rs.300 चे बक्षीस मिळवण्यासाठी तुमची बँक माहिती शेअर करा.,No,No,No
spam,IRCTC लकी ड्रॉ: तुम्ही एक फ्री स्मार्टफोन जिंकला आहे! एक्सपायर होण्यापूर्वी आत्ताच कॉल करा 7709413414.,No,No,yes
spam,"Spotify कस्टमर सर्व्हिस: तुमचा Rs.100 चा रिफंड प्रलंबित आहे, दावा करण्यासाठी क्लिक करा: http://lucky-winner-alert.co/ct1cq",yes,No,No
spam,Spotify लकी ड्रॉ: तुम्ही एक फ्री सोन्याचे नाणे जिंकला आहे! एक्सपायर होण्यापूर्वी आत्ताच कॉल करा 8870796088.,No,No,yes
spam,"Disney+ Hotstar कस्टमर सर्व्हिस: तुमचा Rs.250 चा रिफंड प्रलंबित आहे, दावा करण्यासाठी क्लिक करा: http://gift-redeem-now.co.in/c7wol",yes,No,No
spam,अभिनंदन! तुमचे MakeMyTrip खाते एका फ्री सोन्याचे नाणे (Rs.250) साठी निवडले गेले आहे. आत्ताच दावा करा: http://gift-redeem-now.co.in/jcyk3,yes,No,No
spam,"Titan कस्टमर सर्व्हिस: तुमचा Rs.50 चा रिफंड प्रलंबित आहे, दावा करण्यासाठी क्लिक करा: http://bonus-cashout.xyz/jtmvz",yes,No,No
spam,अभिनंदन! तुमचे cult.fit खाते एका फ्री स्मार्टवॉच (Rs.150) साठी निवडले गेले आहे. आत्ताच दावा करा: http://gift-redeem-now.co.in/igqrl,yes,No,No
spam,Airtel आज 100 लकी कस्टमर्सना फ्री सोन्याचे नाणे देत आहे. तुमचे मिळवण्यासाठी लगेच कॉल करा 6687326941.,No,No,yes
spam,Titan लकी ड्रॉ: तुम्ही एक फ्री गिफ्ट हॅम्पर जिंकला आहे! एक्सपायर होण्यापूर्वी आत्ताच कॉल करा 8969074750.,No,No,yes
spam,तुम्ही HDFC Bank च्या अ‍ॅनिव्हर्सरी कॉन्टेस्टचे लकी विनर आहात. Rs.150 चे बक्षीस मिळवण्यासाठी तुमची बँक माहिती शेअर करा.,No,No,No
spam,अभिनंदन! तुमचे Myntra खाते एका फ्री सोन्याचे नाणे (Rs.250) साठी निवडले गेले आहे. आत्ताच दावा करा: http://reward-claim24.xyz/kj52f,yes,No,No
spam,MakeMyTrip लकी ड्रॉ: तुम्ही एक फ्री शॉपिंग व्हाउचर जिंकला आहे! एक्सपायर होण्यापूर्वी आत्ताच कॉल करा 8459909271.,No,No,yes
spam,अभिनंदन! तुमचे Netflix खाते एका फ्री सोन्याचे नाणे (Rs.150) साठी निवडले गेले आहे. आत्ताच दावा करा: http://lucky-winner-alert.co/4jfat,yes,No,No
spam,"SBI Card कस्टमर सर्व्हिस: तुमचा Rs.200 चा रिफंड प्रलंबित आहे, दावा करण्यासाठी क्लिक करा: http://lucky-winner-alert.co/cgrof",yes,No,No
spam,अभिनंदन! तुमचे Ola खाते एका फ्री सोन्याचे नाणे (Rs.300) साठी निवडले गेले आहे. आत्ताच दावा करा: http://bonus-cashout.xyz/93612,yes,No,No
spam,"Decathlon कस्टमर सर्व्हिस: तुमचा Rs.200 चा रिफंड प्रलंबित आहे, दावा करण्यासाठी क्लिक करा: http://gift-redeem-now.co.in/5pzuz",yes,No,No
spam,अभिनंदन! तुमचे Tanishq खाते एका फ्री शॉपिंग व्हाउचर (Rs.150) साठी निवडले गेले आहे. आत्ताच दावा करा: http://bonus-cashout.xyz/5m6s4,yes,No,No
spam,अभिनंदन! तुमचे CRED खाते एका फ्री सोन्याचे नाणे (Rs.300) साठी निवडले गेले आहे. आत्ताच दावा करा: http://prize-verify.info/l0sr8,yes,No,No
spam,"boAt कस्टमर सर्व्हिस: तुमचा Rs.500 चा रिफंड प्रलंबित आहे, दावा करण्यासाठी क्लिक करा: http://bonus-cashout.xyz/19as3",yes,No,No
spam,Zepto आज 100 लकी कस्टमर्सना फ्री सोन्याचे नाणे देत आहे. तुमचे मिळवण्यासाठी लगेच कॉल करा 7365307181.,No,No,yes
spam,तुम्ही Paytm च्या अ‍ॅनिव्हर्सरी कॉन्टेस्टचे लकी विनर आहात. Rs.250 चे बक्षीस मिळवण्यासाठी तुमची बँक माहिती शेअर करा.,No,No,No
spam,Amazon Prime Video आज 100 लकी कस्टमर्सना फ्री स्मार्टवॉच देत आहे. तुमचे मिळवण्यासाठी लगेच कॉल करा 9769927969.,No,No,yes
spam,"Flipkart कस्टमर सर्व्हिस: तुमचा Rs.100 चा रिफंड प्रलंबित आहे, दावा करण्यासाठी क्लिक करा: http://prize-verify.info/vp7iv",yes,No,No
spam,SBI Card आज 100 लकी कस्टमर्सना फ्री स्मार्टवॉच देत आहे. तुमचे मिळवण्यासाठी लगेच कॉल करा 8300216419.,No,No,yes
spam,Paytm लकी ड्रॉ: तुम्ही एक फ्री गिफ्ट हॅम्पर जिंकला आहे! एक्सपायर होण्यापूर्वी आत्ताच कॉल करा 9091882704.,No,No,yes
spam,अभिनंदन! तुमचे Netflix खाते एका फ्री सोन्याचे नाणे (Rs.250) साठी निवडले गेले आहे. आत्ताच दावा करा: http://bonus-cashout.xyz/2j5wa,yes,No,No
