LABEL,TEXT,URL,EMAIL,PHONE
ham,जर तुम्ही अजून लस घेतली नसेल तर जवळच्या केंद्रावर जाऊन घ्या.,No,No,No
ham,"या लाँग वीकेंडला गोवा रोड ट्रिपचा प्लान आहे, येणार का?",No,No,No
ham,"स्मरणपत्र: लायब्ररीची पुस्तके 17-08-2025 पर्यंत परत करायची आहेत, त्यानंतर विलंब शुल्क लागेल.",No,No,No
ham,"स्मरणपत्र: लायब्ररीची पुस्तके 21-01-2025 पर्यंत परत करायची आहेत, त्यानंतर विलंब शुल्क लागेल.",No,No,No
ham,या वीकेंडला जयपूर जाऊया का? शुक्रवारपर्यंत सांगा.,No,No,No
ham,सोसायटीची वार्षिक सभा 20-12-2026 रोजी संध्याकाळी 6 वाजता क्लबहाऊसमध्ये आहे.,No,No,No
ham,स्मरणपत्र: सोसायटीची देखभाल फी 16-11-2025 पर्यंत भरा अन्यथा विलंब शुल्क लागेल.,No,No,No
ham,"केरळ साठी स्वस्त फ्लाइट्स मिळाल्या आहेत, बुक करूया का?",No,No,No
ham,या शनिवारी स्थानिक दवाखान्यात मोफत आरोग्य तपासणी शिबिर आहे.,No,No,No
ham,ती केरळ सुट्टी आता शेवटी प्लान करूया ज्याबद्दल बोलत होतो.,No,No,No
ham,उद्या सकाळी 10 ते 2 वाजेपर्यंत महानगरपालिका पाणीपुरवठा देखभालीसाठी बंद राहील.,No,No,No
ham,सोसायटीची वार्षिक सभा 28-05-2026 रोजी संध्याकाळी 6 वाजता क्लबहाऊसमध्ये आहे.,No,No,No
ham,"या वीकेंडला सामुदायिक केंद्रात रक्तदान शिबिर आहे, सर्वांचे स्वागत आहे.",No,No,No
ham,कृपया तुमचा कचरा ओला आणि सुका वेगवेगळ्या डब्यात टाका.,No,No,No
ham,"उदयपूर साठी स्वस्त फ्लाइट्स मिळाल्या आहेत, बुक करूया का?",No,No,No
ham,"पॉंडिचेरी साठी स्वस्त फ्लाइट्स मिळाल्या आहेत, बुक करूया का?",No,No,No
ham,"ऋषिकेश साठी स्वस्त फ्लाइट्स मिळाल्या आहेत, बुक करूया का?",No,No,No
ham,"या लाँग वीकेंडला केरळ रोड ट्रिपचा प्लान आहे, येणार का?",No,No,No
ham,सोसायटीची वार्षिक सभा 17-09-2026 रोजी संध्याकाळी 6 वाजता क्लबहाऊसमध्ये आहे.,No,No,No
ham,"स्मरणपत्र: लायब्ररीची पुस्तके 20-12-2025 पर्यंत परत करायची आहेत, त्यानंतर विलंब शुल्क लागेल.",No,No,No
ham,"या लाँग वीकेंडला शिमला रोड ट्रिपचा प्लान आहे, येणार का?",No,No,No
ham,ती गोवा सुट्टी आता शेवटी प्लान करूया ज्याबद्दल बोलत होतो.,No,No,No
ham,सोसायटी निवडणुकीसाठी मतदान या रविवारी सामुदायिक सभागृहात होईल.,No,No,No
ham,"स्मरणपत्र: लायब्ररीची पुस्तके 16-03-2025 पर्यंत परत करायची आहेत, त्यानंतर विलंब शुल्क लागेल.",No,No,No
ham,"जयपूर साठी स्वस्त फ्लाइट्स मिळाल्या आहेत, बुक करूया का?",No,No,No
ham,"डिसेंबरमध्ये केरळ फॅमिली ट्रिप कन्फर्म झाली आहे, खूप एक्साइटेड आहे!",No,No,No
ham,"डिसेंबरमध्ये मनाली फॅमिली ट्रिप कन्फर्म झाली आहे, खूप एक्साइटेड आहे!",No,No,No
ham,"स्मरणपत्र: लायब्ररीची पुस्तके 08-12-2026 पर्यंत परत करायची आहेत, त्यानंतर विलंब शुल्क लागेल.",No,No,No
ham,उद्यान 07-12-2025 ते 16-07-2025 पर्यंत नूतनीकरणासाठी बंद राहील.,No,No,No
ham,उद्यान 10-01-2026 ते 11-08-2025 पर्यंत नूतनीकरणासाठी बंद राहील.,No,No,No
ham,उद्यान 14-05-2026 ते 14-02-2026 पर्यंत नूतनीकरणासाठी बंद राहील.,No,No,No
ham,उद्यान 01-06-2025 ते 05-05-2025 पर्यंत नूतनीकरणासाठी बंद राहील.,No,No,No
ham,स्मरणपत्र: सोसायटीची देखभाल फी 22-08-2025 पर्यंत भरा अन्यथा विलंब शुल्क लागेल.,No,No,No
ham,या वीकेंडला केरळ जाऊया का? शुक्रवारपर्यंत सांगा.,No,No,No
ham,"स्मरणपत्र: लायब्ररीची पुस्तके 12-08-2025 पर्यंत परत करायची आहेत, त्यानंतर विलंब शुल्क लागेल.",No,No,No
ham,"पुढच्या महिन्यात शिमला ट्रिप प्लान करूया, सगळे फ्री आहात का?",No,No,No
ham,स्मरणपत्र: सोसायटीची देखभाल फी 23-02-2026 पर्यंत भरा अन्यथा विलंब शुल्क लागेल.,No,No,No
ham,उद्यान 25-12-2025 ते 15-07-2025 पर्यंत नूतनीकरणासाठी बंद राहील.,No,No,No
ham,"गोवा साठी स्वस्त फ्लाइट्स मिळाल्या आहेत, बुक करूया का?",No,No,No
ham,"स्मरणपत्र: लायब्ररीची पुस्तके 11-07-2026 पर्यंत परत करायची आहेत, त्यानंतर विलंब शुल्क लागेल.",No,No,No
ham,"पुढच्या महिन्यात गोवा ट्रिप प्लान करूया, सगळे फ्री आहात का?",No,No,No
ham,सोसायटीची वार्षिक सभा 02-11-2025 रोजी संध्याकाळी 6 वाजता क्लबहाऊसमध्ये आहे.,No,No,No
ham,"पुढच्या महिन्यात केरळ ट्रिप प्लान करूया, सगळे फ्री आहात का?",No,No,No
ham,"स्मरणपत्र: लायब्ररीची पुस्तके 12-08-2026 पर्यंत परत करायची आहेत, त्यानंतर विलंब शुल्क लागेल.",No,No,No
ham,"स्मरणपत्र: लायब्ररीची पुस्तके 07-07-2026 पर्यंत परत करायची आहेत, त्यानंतर विलंब शुल्क लागेल.",No,No,No
ham,उद्यान 24-02-2025 ते 03-10-2026 पर्यंत नूतनीकरणासाठी बंद राहील.,No,No,No
ham,या वीकेंडला गोवा जाऊया का? शुक्रवारपर्यंत सांगा.,No,No,No
ham,"शिमला साठी स्वस्त फ्लाइट्स मिळाल्या आहेत, बुक करूया का?",No,No,No
ham,"डिसेंबरमध्ये उदयपूर फॅमिली ट्रिप कन्फर्म झाली आहे, खूप एक्साइटेड आहे!",No,No,No
ham,"स्मरणपत्र: लायब्ररीची पुस्तके 09-05-2025 पर्यंत परत करायची आहेत, त्यानंतर विलंब शुल्क लागेल.",No,No,No
ham,"डिसेंबरमध्ये शिमला फॅमिली ट्रिप कन्फर्म झाली आहे, खूप एक्साइटेड आहे!",No,No,No
ham,उद्यान 25-02-2025 ते 01-02-2025 पर्यंत नूतनीकरणासाठी बंद राहील.,No,No,No
ham,या वीकेंडला मनाली जाऊया का? शुक्रवारपर्यंत सांगा.,No,No,No
ham,उद्यान 20-11-2026 ते 20-01-2025 पर्यंत नूतनीकरणासाठी बंद राहील.,No,No,No
ham,"स्मरणपत्र: लायब्ररीची पुस्तके 14-01-2026 पर्यंत परत करायची आहेत, त्यानंतर विलंब शुल्क लागेल.",No,No,No
ham,"स्मरणपत्र: लायब्ररीची पुस्तके 12-05-2026 पर्यंत परत करायची आहेत, त्यानंतर विलंब शुल्क लागेल.",No,No,No
ham,"या लाँग वीकेंडला जयपूर रोड ट्रिपचा प्लान आहे, येणार का?",No,No,No
ham,"स्मरणपत्र: लायब्ररीची पुस्तके 02-12-2026 पर्यंत परत करायची आहेत, त्यानंतर विलंब शुल्क लागेल.",No,No,No
ham,स्मरणपत्र: सोसायटीची देखभाल फी 23-08-2026 पर्यंत भरा अन्यथा विलंब शुल्क लागेल.,No,No,No
ham,"स्मरणपत्र: लायब्ररीची पुस्तके 16-09-2026 पर्यंत परत करायची आहेत, त्यानंतर विलंब शुल्क लागेल.",No,No,No
ham,"पुढच्या महिन्यात ऋषिकेश ट्रिप प्लान करूया, सगळे फ्री आहात का?",No,No,No
ham,उद्यान 09-08-2025 ते 15-06-2026 पर्यंत नूतनीकरणासाठी बंद राहील.,No,No,No
ham,उद्यान 22-09-2025 ते 06-02-2025 पर्यंत नूतनीकरणासाठी बंद राहील.,No,No,No
ham,सोसायटीची वार्षिक सभा 18-09-2025 रोजी संध्याकाळी 6 वाजता क्लबहाऊसमध्ये आहे.,No,No,No
ham,सोसायटीची वार्षिक सभा 18-11-2025 रोजी संध्याकाळी 6 वाजता क्लबहाऊसमध्ये आहे.,No,No,No
ham,उद्यान 06-11-2025 ते 21-03-2026 पर्यंत नूतनीकरणासाठी बंद राहील.,No,No,No
ham,सोसायटीची वार्षिक सभा 10-08-2026 रोजी संध्याकाळी 6 वाजता क्लबहाऊसमध्ये आहे.,No,No,No
ham,"मनाली साठी स्वस्त फ्लाइट्स मिळाल्या आहेत, बुक करूया का?",No,No,No
ham,ती उदयपूर सुट्टी आता शेवटी प्लान करूया ज्याबद्दल बोलत होतो.,No,No,No
ham,"स्मरणपत्र: लायब्ररीची पुस्तके 27-02-2025 पर्यंत परत करायची आहेत, त्यानंतर विलंब शुल्क लागेल.",No,No,No
ham,उद्यान 16-12-2025 ते 21-02-2025 पर्यंत नूतनीकरणासाठी बंद राहील.,No,No,No
ham,"पुढच्या महिन्यात पॉंडिचेरी ट्रिप प्लान करूया, सगळे फ्री आहात का?",No,No,No
ham,सोसायटीची वार्षिक सभा 19-12-2025 रोजी संध्याकाळी 6 वाजता क्लबहाऊसमध्ये आहे.,No,No,No
ham,स्मरणपत्र: सोसायटीची देखभाल फी 14-01-2026 पर्यंत भरा अन्यथा विलंब शुल्क लागेल.,No,No,No
ham,सोसायटीची वार्षिक सभा 17-11-2026 रोजी संध्याकाळी 6 वाजता क्लबहाऊसमध्ये आहे.,No,No,No
ham,"स्मरणपत्र: लायब्ररीची पुस्तके 21-12-2026 पर्यंत परत करायची आहेत, त्यानंतर विलंब शुल्क लागेल.",No,No,No
ham,या वीकेंडला पॉंडिचेरी जाऊया का? शुक्रवारपर्यंत सांगा.,No,No,No
ham,स्मरणपत्र: सोसायटीची देखभाल फी 15-10-2025 पर्यंत भरा अन्यथा विलंब शुल्क लागेल.,No,No,No
ham,स्मरणपत्र: सोसायटीची देखभाल फी 23-05-2025 पर्यंत भरा अन्यथा विलंब शुल्क लागेल.,No,No,No
ham,सोसायटीची वार्षिक सभा 10-01-2026 रोजी संध्याकाळी 6 वाजता क्लबहाऊसमध्ये आहे.,No,No,No
ham,ती पॉंडिचेरी सुट्टी आता शेवटी प्लान करूया ज्याबद्दल बोलत होतो.,No,No,No
ham,सोसायटीची वार्षिक सभा 14-06-2025 रोजी संध्याकाळी 6 वाजता क्लबहाऊसमध्ये आहे.,No,No,No
ham,उद्यान 05-04-2026 ते 17-08-2025 पर्यंत नूतनीकरणासाठी बंद राहील.,No,No,No
ham,"डिसेंबरमध्ये ऋषिकेश फॅमिली ट्रिप कन्फर्म झाली आहे, खूप एक्साइटेड आहे!",No,No,No
ham,"डिसेंबरमध्ये गोवा फॅमिली ट्रिप कन्फर्म झाली आहे, खूप एक्साइटेड आहे!",No,No,No
ham,"या लाँग वीकेंडला पॉंडिचेरी रोड ट्रिपचा प्लान आहे, येणार का?",No,No,No
ham,सोसायटीची वार्षिक सभा 03-07-2025 रोजी संध्याकाळी 6 वाजता क्लबहाऊसमध्ये आहे.,No,No,No
ham,या वीकेंडला ऋषिकेश जाऊया का? शुक्रवारपर्यंत सांगा.,No,No,No
ham,"स्मरणपत्र: लायब्ररीची पुस्तके 20-01-2026 पर्यंत परत करायची आहेत, त्यानंतर विलंब शुल्क लागेल.",No,No,No
ham,"या लाँग वीकेंडला मनाली रोड ट्रिपचा प्लान आहे, येणार का?",No,No,No
ham,स्मरणपत्र: सोसायटीची देखभाल फी 11-07-2026 पर्यंत भरा अन्यथा विलंब शुल्क लागेल.,No,No,No
ham,उद्यान 28-10-2025 ते 06-11-2026 पर्यंत नूतनीकरणासाठी बंद राहील.,No,No,No
ham,सोसायटीची वार्षिक सभा 26-07-2026 रोजी संध्याकाळी 6 वाजता क्लबहाऊसमध्ये आहे.,No,No,No
ham,स्मरणपत्र: सोसायटीची देखभाल फी 14-01-2025 पर्यंत भरा अन्यथा विलंब शुल्क लागेल.,No,No,No
ham,"डिसेंबरमध्ये पॉंडिचेरी फॅमिली ट्रिप कन्फर्म झाली आहे, खूप एक्साइटेड आहे!",No,No,No
ham,उद्यान 12-05-2026 ते 04-11-2025 पर्यंत नूतनीकरणासाठी बंद राहील.,No,No,No
ham,ती मनाली सुट्टी आता शेवटी प्लान करूया ज्याबद्दल बोलत होतो.,No,No,No
ham,सोसायटीची वार्षिक सभा 05-01-2025 रोजी संध्याकाळी 6 वाजता क्लबहाऊसमध्ये आहे.,No,No,No
ham,सोसायटीची वार्षिक सभा 10-05-2025 रोजी संध्याकाळी 6 वाजता क्लबहाऊसमध्ये आहे.,No,No,No
ham,स्मरणपत्र: सोसायटीची देखभाल फी 08-10-2025 पर्यंत भरा अन्यथा विलंब शुल्क लागेल.,No,No,No
ham,"डिसेंबरमध्ये जयपूर फॅमिली ट्रिप कन्फर्म झाली आहे, खूप एक्साइटेड आहे!",No,No,No
ham,"स्मरणपत्र: लायब्ररीची पुस्तके 15-10-2026 पर्यंत परत करायची आहेत, त्यानंतर विलंब शुल्क लागेल.",No,No,No
ham,सोसायटीची वार्षिक सभा 24-08-2026 रोजी संध्याकाळी 6 वाजता क्लबहाऊसमध्ये आहे.,No,No,No
ham,स्मरणपत्र: सोसायटीची देखभाल फी 21-10-2025 पर्यंत भरा अन्यथा विलंब शुल्क लागेल.,No,No,No
ham,उद्यान 08-02-2026 ते 06-03-2025 पर्यंत नूतनीकरणासाठी बंद राहील.,No,No,No
ham,स्मरणपत्र: सोसायटीची देखभाल फी 23-07-2025 पर्यंत भरा अन्यथा विलंब शुल्क लागेल.,No,No,No
ham,सोसायटीची वार्षिक सभा 10-04-2026 रोजी संध्याकाळी 6 वाजता क्लबहाऊसमध्ये आहे.,No,No,No
ham,"स्मरणपत्र: लायब्ररीची पुस्तके 09-10-2026 पर्यंत परत करायची आहेत, त्यानंतर विलंब शुल्क लागेल.",No,No,No
ham,उद्यान 28-05-2026 ते 07-05-2025 पर्यंत नूतनीकरणासाठी बंद राहील.,No,No,No
ham,उद्यान 04-08-2025 ते 07-06-2026 पर्यंत नूतनीकरणासाठी बंद राहील.,No,No,No
ham,"स्मरणपत्र: लायब्ररीची पुस्तके 14-07-2026 पर्यंत परत करायची आहेत, त्यानंतर विलंब शुल्क लागेल.",No,No,No
ham,"स्मरणपत्र: लायब्ररीची पुस्तके 06-08-2025 पर्यंत परत करायची आहेत, त्यानंतर विलंब शुल्क लागेल.",No,No,No
ham,"पुढच्या महिन्यात मनाली ट्रिप प्लान करूया, सगळे फ्री आहात का?",No,No,No
ham,सोसायटीची वार्षिक सभा 21-07-2026 रोजी संध्याकाळी 6 वाजता क्लबहाऊसमध्ये आहे.,No,No,No
ham,स्मरणपत्र: सोसायटीची देखभाल फी 11-12-2026 पर्यंत भरा अन्यथा विलंब शुल्क लागेल.,No,No,No
ham,सोसायटीची वार्षिक सभा 11-10-2025 रोजी संध्याकाळी 6 वाजता क्लबहाऊसमध्ये आहे.,No,No,No
ham,उद्यान 16-05-2025 ते 12-07-2025 पर्यंत नूतनीकरणासाठी बंद राहील.,No,No,No
ham,ती जयपूर सुट्टी आता शेवटी प्लान करूया ज्याबद्दल बोलत होतो.,No,No,No
ham,स्मरणपत्र: सोसायटीची देखभाल फी 06-06-2026 पर्यंत भरा अन्यथा विलंब शुल्क लागेल.,No,No,No
ham,"या लाँग वीकेंडला ऋषिकेश रोड ट्रिपचा प्लान आहे, येणार का?",No,No,No
ham,उद्यान 24-03-2025 ते 18-12-2025 पर्यंत नूतनीकरणासाठी बंद राहील.,No,No,No
ham,"पुढच्या महिन्यात उदयपूर ट्रिप प्लान करूया, सगळे फ्री आहात का?",No,No,No
ham,स्मरणपत्र: सोसायटीची देखभाल फी 19-06-2026 पर्यंत भरा अन्यथा विलंब शुल्क लागेल.,No,No,No
ham,उद्यान 08-02-2026 ते 01-07-2025 पर्यंत नूतनीकरणासाठी बंद राहील.,No,No,No
ham,सोसायटीची वार्षिक सभा 20-07-2026 रोजी संध्याकाळी 6 वाजता क्लबहाऊसमध्ये आहे.,No,No,No
ham,सोसायटीची वार्षिक सभा 25-08-2025 रोजी संध्याकाळी 6 वाजता क्लबहाऊसमध्ये आहे.,No,No,No
ham,उद्यान 06-03-2026 ते 22-03-2026 पर्यंत नूतनीकरणासाठी बंद राहील.,No,No,No
ham,सोसायटीची वार्षिक सभा 01-09-2026 रोजी संध्याकाळी 6 वाजता क्लबहाऊसमध्ये आहे.,No,No,No
ham,स्मरणपत्र: सोसायटीची देखभाल फी 13-01-2025 पर्यंत भरा अन्यथा विलंब शुल्क लागेल.,No,No,No
ham,स्मरणपत्र: सोसायटीची देखभाल फी 11-05-2025 पर्यंत भरा अन्यथा विलंब शुल्क लागेल.,No,No,No
ham,"स्मरणपत्र: लायब्ररीची पुस्तके 27-02-2026 पर्यंत परत करायची आहेत, त्यानंतर विलंब शुल्क लागेल.",No,No,No
ham,उद्यान 02-02-2026 ते 21-11-2025 पर्यंत नूतनीकरणासाठी बंद राहील.,No,No,No
ham,स्मरणपत्र: सोसायटीची देखभाल फी 10-09-2026 पर्यंत भरा अन्यथा विलंब शुल्क लागेल.,No,No,No
ham,सोसायटीची वार्षिक सभा 02-07-2026 रोजी संध्याकाळी 6 वाजता क्लबहाऊसमध्ये आहे.,No,No,No
ham,सोसायटीची वार्षिक सभा 21-05-2026 रोजी संध्याकाळी 6 वाजता क्लबहाऊसमध्ये आहे.,No,No,No
ham,सोसायटीची वार्षिक सभा 09-01-2025 रोजी संध्याकाळी 6 वाजता क्लबहाऊसमध्ये आहे.,No,No,No
ham,उद्यान 09-08-2025 ते 04-04-2025 पर्यंत नूतनीकरणासाठी बंद राहील.,No,No,No
ham,स्मरणपत्र: सोसायटीची देखभाल फी 08-03-2026 पर्यंत भरा अन्यथा विलंब शुल्क लागेल.,No,No,No
ham,स्मरणपत्र: सोसायटीची देखभाल फी 12-04-2026 पर्यंत भरा अन्यथा विलंब शुल्क लागेल.,No,No,No
ham,"स्मरणपत्र: लायब्ररीची पुस्तके 08-04-2026 पर्यंत परत करायची आहेत, त्यानंतर विलंब शुल्क लागेल.",No,No,No
ham,"स्मरणपत्र: लायब्ररीची पुस्तके 11-11-2025 पर्यंत परत करायची आहेत, त्यानंतर विलंब शुल्क लागेल.",No,No,No
ham,स्मरणपत्र: सोसायटीची देखभाल फी 11-03-2025 पर्यंत भरा अन्यथा विलंब शुल्क लागेल.,No,No,No
ham,उद्यान 15-10-2025 ते 18-04-2026 पर्यंत नूतनीकरणासाठी बंद राहील.,No,No,No
ham,"स्मरणपत्र: लायब्ररीची पुस्तके 10-06-2026 पर्यंत परत करायची आहेत, त्यानंतर विलंब शुल्क लागेल.",No,No,No
ham,उद्यान 04-09-2025 ते 18-11-2026 पर्यंत नूतनीकरणासाठी बंद राहील.,No,No,No
ham,स्मरणपत्र: सोसायटीची देखभाल फी 04-08-2025 पर्यंत भरा अन्यथा विलंब शुल्क लागेल.,No,No,No
ham,"स्मरणपत्र: लायब्ररीची पुस्तके 07-05-2025 पर्यंत परत करायची आहेत, त्यानंतर विलंब शुल्क लागेल.",No,No,No
ham,सोसायटीची वार्षिक सभा 28-08-2025 रोजी संध्याकाळी 6 वाजता क्लबहाऊसमध्ये आहे.,No,No,No
ham,स्मरणपत्र: सोसायटीची देखभाल फी 13-08-2026 पर्यंत भरा अन्यथा विलंब शुल्क लागेल.,No,No,No
ham,"स्मरणपत्र: लायब्ररीची पुस्तके 28-06-2025 पर्यंत परत करायची आहेत, त्यानंतर विलंब शुल्क लागेल.",No,No,No
ham,उद्यान 23-03-2025 ते 18-12-2026 पर्यंत नूतनीकरणासाठी बंद राहील.,No,No,No
ham,"स्मरणपत्र: लायब्ररीची पुस्तके 05-02-2026 पर्यंत परत करायची आहेत, त्यानंतर विलंब शुल्क लागेल.",No,No,No
ham,"स्मरणपत्र: लायब्ररीची पुस्तके 17-06-2025 पर्यंत परत करायची आहेत, त्यानंतर विलंब शुल्क लागेल.",No,No,No
ham,"स्मरणपत्र: लायब्ररीची पुस्तके 02-07-2026 पर्यंत परत करायची आहेत, त्यानंतर विलंब शुल्क लागेल.",No,No,No
ham,या वीकेंडला शिमला जाऊया का? शुक्रवारपर्यंत सांगा.,No,No,No
ham,स्मरणपत्र: सोसायटीची देखभाल फी 13-12-2025 पर्यंत भरा अन्यथा विलंब शुल्क लागेल.,No,No,No
ham,"पुढच्या महिन्यात जयपूर ट्रिप प्लान करूया, सगळे फ्री आहात का?",No,No,No
ham,ती ऋषिकेश सुट्टी आता शेवटी प्लान करूया ज्याबद्दल बोलत होतो.,No,No,No
ham,सोसायटीची वार्षिक सभा 05-02-2025 रोजी संध्याकाळी 6 वाजता क्लबहाऊसमध्ये आहे.,No,No,No
ham,सोसायटीची वार्षिक सभा 14-04-2026 रोजी संध्याकाळी 6 वाजता क्लबहाऊसमध्ये आहे.,No,No,No
ham,सोसायटीची वार्षिक सभा 21-04-2025 रोजी संध्याकाळी 6 वाजता क्लबहाऊसमध्ये आहे.,No,No,No
ham,सोसायटीची वार्षिक सभा 04-11-2026 रोजी संध्याकाळी 6 वाजता क्लबहाऊसमध्ये आहे.,No,No,No
ham,स्मरणपत्र: सोसायटीची देखभाल फी 04-04-2025 पर्यंत भरा अन्यथा विलंब शुल्क लागेल.,No,No,No
ham,उद्यान 10-09-2025 ते 17-06-2026 पर्यंत नूतनीकरणासाठी बंद राहील.,No,No,No
ham,सोसायटीची वार्षिक सभा 19-06-2026 रोजी संध्याकाळी 6 वाजता क्लबहाऊसमध्ये आहे.,No,No,No
ham,स्मरणपत्र: सोसायटीची देखभाल फी 10-04-2026 पर्यंत भरा अन्यथा विलंब शुल्क लागेल.,No,No,No
ham,"या लाँग वीकेंडला उदयपूर रोड ट्रिपचा प्लान आहे, येणार का?",No,No,No
ham,"स्मरणपत्र: लायब्ररीची पुस्तके 18-07-2026 पर्यंत परत करायची आहेत, त्यानंतर विलंब शुल्क लागेल.",No,No,No
ham,उद्यान 02-05-2025 ते 23-04-2026 पर्यंत नूतनीकरणासाठी बंद राहील.,No,No,No
ham,स्मरणपत्र: सोसायटीची देखभाल फी 13-03-2025 पर्यंत भरा अन्यथा विलंब शुल्क लागेल.,No,No,No
ham,स्मरणपत्र: सोसायटीची देखभाल फी 16-02-2025 पर्यंत भरा अन्यथा विलंब शुल्क लागेल.,No,No,No
ham,स्मरणपत्र: सोसायटीची देखभाल फी 19-10-2026 पर्यंत भरा अन्यथा विलंब शुल्क लागेल.,No,No,No
ham,"स्मरणपत्र: लायब्ररीची पुस्तके 15-08-2026 पर्यंत परत करायची आहेत, त्यानंतर विलंब शुल्क लागेल.",No,No,No
ham,"स्मरणपत्र: लायब्ररीची पुस्तके 02-04-2025 पर्यंत परत करायची आहेत, त्यानंतर विलंब शुल्क लागेल.",No,No,No
ham,"स्मरणपत्र: लायब्ररीची पुस्तके 07-01-2025 पर्यंत परत करायची आहेत, त्यानंतर विलंब शुल्क लागेल.",No,No,No
ham,"स्मरणपत्र: लायब्ररीची पुस्तके 06-12-2026 पर्यंत परत करायची आहेत, त्यानंतर विलंब शुल्क लागेल.",No,No,No
ham,"स्मरणपत्र: लायब्ररीची पुस्तके 06-04-2025 पर्यंत परत करायची आहेत, त्यानंतर विलंब शुल्क लागेल.",No,No,No
ham,उद्यान 21-09-2026 ते 24-06-2026 पर्यंत नूतनीकरणासाठी बंद राहील.,No,No,No
ham,सोसायटीची वार्षिक सभा 11-06-2026 रोजी संध्याकाळी 6 वाजता क्लबहाऊसमध्ये आहे.,No,No,No
ham,स्मरणपत्र: सोसायटीची देखभाल फी 12-02-2025 पर्यंत भरा अन्यथा विलंब शुल्क लागेल.,No,No,No
ham,सोसायटीची वार्षिक सभा 20-06-2025 रोजी संध्याकाळी 6 वाजता क्लबहाऊसमध्ये आहे.,No,No,No
ham,"स्मरणपत्र: लायब्ररीची पुस्तके 05-12-2026 पर्यंत परत करायची आहेत, त्यानंतर विलंब शुल्क लागेल.",No,No,No
ham,"स्मरणपत्र: लायब्ररीची पुस्तके 17-02-2025 पर्यंत परत करायची आहेत, त्यानंतर विलंब शुल्क लागेल.",No,No,No
ham,उद्यान 19-07-2026 ते 03-10-2026 पर्यंत नूतनीकरणासाठी बंद राहील.,No,No,No
ham,उद्यान 26-11-2025 ते 04-10-2026 पर्यंत नूतनीकरणासाठी बंद राहील.,No,No,No
ham,सोसायटीची वार्षिक सभा 07-07-2026 रोजी संध्याकाळी 6 वाजता क्लबहाऊसमध्ये आहे.,No,No,No
ham,उद्यान 15-06-2026 ते 22-08-2025 पर्यंत नूतनीकरणासाठी बंद राहील.,No,No,No
ham,सोसायटीची वार्षिक सभा 02-06-2025 रोजी संध्याकाळी 6 वाजता क्लबहाऊसमध्ये आहे.,No,No,No
ham,स्मरणपत्र: सोसायटीची देखभाल फी 05-10-2025 पर्यंत भरा अन्यथा विलंब शुल्क लागेल.,No,No,No
ham,या वीकेंडला उदयपूर जाऊया का? शुक्रवारपर्यंत सांगा.,No,No,No
ham,"स्मरणपत्र: लायब्ररीची पुस्तके 21-11-2025 पर्यंत परत करायची आहेत, त्यानंतर विलंब शुल्क लागेल.",No,No,No
ham,सोसायटीची वार्षिक सभा 07-10-2025 रोजी संध्याकाळी 6 वाजता क्लबहाऊसमध्ये आहे.,No,No,No
ham,सोसायटीची वार्षिक सभा 08-10-2026 रोजी संध्याकाळी 6 वाजता क्लबहाऊसमध्ये आहे.,No,No,No
ham,सोसायटीची वार्षिक सभा 10-12-2026 रोजी संध्याकाळी 6 वाजता क्लबहाऊसमध्ये आहे.,No,No,No
ham,सोसायटीची वार्षिक सभा 18-01-2026 रोजी संध्याकाळी 6 वाजता क्लबहाऊसमध्ये आहे.,No,No,No
ham,स्मरणपत्र: सोसायटीची देखभाल फी 13-08-2025 पर्यंत भरा अन्यथा विलंब शुल्क लागेल.,No,No,No
ham,उद्यान 16-08-2026 ते 11-10-2026 पर्यंत नूतनीकरणासाठी बंद राहील.,No,No,No
ham,सोसायटीची वार्षिक सभा 15-01-2025 रोजी संध्याकाळी 6 वाजता क्लबहाऊसमध्ये आहे.,No,No,No
ham,स्मरणपत्र: सोसायटीची देखभाल फी 14-02-2025 पर्यंत भरा अन्यथा विलंब शुल्क लागेल.,No,No,No
ham,सोसायटीची वार्षिक सभा 16-05-2026 रोजी संध्याकाळी 6 वाजता क्लबहाऊसमध्ये आहे.,No,No,No
ham,सोसायटीची वार्षिक सभा 28-03-2026 रोजी संध्याकाळी 6 वाजता क्लबहाऊसमध्ये आहे.,No,No,No
ham,स्मरणपत्र: सोसायटीची देखभाल फी 03-01-2025 पर्यंत भरा अन्यथा विलंब शुल्क लागेल.,No,No,No
ham,सोसायटीची वार्षिक सभा 27-03-2026 रोजी संध्याकाळी 6 वाजता क्लबहाऊसमध्ये आहे.,No,No,No
ham,"स्मरणपत्र: लायब्ररीची पुस्तके 22-06-2026 पर्यंत परत करायची आहेत, त्यानंतर विलंब शुल्क लागेल.",No,No,No
ham,"स्मरणपत्र: लायब्ररीची पुस्तके 03-05-2025 पर्यंत परत करायची आहेत, त्यानंतर विलंब शुल्क लागेल.",No,No,No
ham,उद्यान 21-10-2025 ते 09-07-2025 पर्यंत नूतनीकरणासाठी बंद राहील.,No,No,No
ham,स्मरणपत्र: सोसायटीची देखभाल फी 20-09-2025 पर्यंत भरा अन्यथा विलंब शुल्क लागेल.,No,No,No
ham,सोसायटीची वार्षिक सभा 06-04-2026 रोजी संध्याकाळी 6 वाजता क्लबहाऊसमध्ये आहे.,No,No,No
ham,"स्मरणपत्र: लायब्ररीची पुस्तके 09-03-2026 पर्यंत परत करायची आहेत, त्यानंतर विलंब शुल्क लागेल.",No,No,No
ham,"स्मरणपत्र: लायब्ररीची पुस्तके 26-12-2026 पर्यंत परत करायची आहेत, त्यानंतर विलंब शुल्क लागेल.",No,No,No
ham,उद्यान 04-06-2026 ते 17-09-2026 पर्यंत नूतनीकरणासाठी बंद राहील.,No,No,No
ham,स्मरणपत्र: सोसायटीची देखभाल फी 10-12-2025 पर्यंत भरा अन्यथा विलंब शुल्क लागेल.,No,No,No
ham,उद्यान 13-09-2026 ते 27-01-2025 पर्यंत नूतनीकरणासाठी बंद राहील.,No,No,No
ham,"स्मरणपत्र: लायब्ररीची पुस्तके 22-11-2026 पर्यंत परत करायची आहेत, त्यानंतर विलंब शुल्क लागेल.",No,No,No
ham,सोसायटीची वार्षिक सभा 05-04-2025 रोजी संध्याकाळी 6 वाजता क्लबहाऊसमध्ये आहे.,No,No,No
ham,"स्मरणपत्र: लायब्ररीची पुस्तके 11-08-2025 पर्यंत परत करायची आहेत, त्यानंतर विलंब शुल्क लागेल.",No,No,No
ham,स्मरणपत्र: सोसायटीची देखभाल फी 01-07-2026 पर्यंत भरा अन्यथा विलंब शुल्क लागेल.,No,No,No
ham,"स्मरणपत्र: लायब्ररीची पुस्तके 09-04-2026 पर्यंत परत करायची आहेत, त्यानंतर विलंब शुल्क लागेल.",No,No,No
ham,उद्यान 17-12-2025 ते 28-04-2025 पर्यंत नूतनीकरणासाठी बंद राहील.,No,No,No
ham,स्मरणपत्र: सोसायटीची देखभाल फी 15-03-2025 पर्यंत भरा अन्यथा विलंब शुल्क लागेल.,No,No,No
ham,सोसायटीची वार्षिक सभा 27-11-2025 रोजी संध्याकाळी 6 वाजता क्लबहाऊसमध्ये आहे.,No,No,No
ham,"स्मरणपत्र: लायब्ररीची पुस्तके 26-04-2025 पर्यंत परत करायची आहेत, त्यानंतर विलंब शुल्क लागेल.",No,No,No
ham,स्मरणपत्र: सोसायटीची देखभाल फी 03-01-2026 पर्यंत भरा अन्यथा विलंब शुल्क लागेल.,No,No,No
ham,सोसायटीची वार्षिक सभा 23-07-2026 रोजी संध्याकाळी 6 वाजता क्लबहाऊसमध्ये आहे.,No,No,No
ham,ती शिमला सुट्टी आता शेवटी प्लान करूया ज्याबद्दल बोलत होतो.,No,No,No
ham,उद्यान 14-05-2025 ते 24-03-2025 पर्यंत नूतनीकरणासाठी बंद राहील.,No,No,No
ham,स्मरणपत्र: सोसायटीची देखभाल फी 12-09-2025 पर्यंत भरा अन्यथा विलंब शुल्क लागेल.,No,No,No
ham,"स्मरणपत्र: लायब्ररीची पुस्तके 18-11-2025 पर्यंत परत करायची आहेत, त्यानंतर विलंब शुल्क लागेल.",No,No,No
ham,सोसायटीची वार्षिक सभा 25-09-2025 रोजी संध्याकाळी 6 वाजता क्लबहाऊसमध्ये आहे.,No,No,No
ham,उद्यान 06-10-2026 ते 28-09-2026 पर्यंत नूतनीकरणासाठी बंद राहील.,No,No,No
ham,स्मरणपत्र: सोसायटीची देखभाल फी 28-09-2026 पर्यंत भरा अन्यथा विलंब शुल्क लागेल.,No,No,No
ham,सोसायटीची वार्षिक सभा 12-10-2025 रोजी संध्याकाळी 6 वाजता क्लबहाऊसमध्ये आहे.,No,No,No
ham,"स्मरणपत्र: लायब्ररीची पुस्तके 14-07-2025 पर्यंत परत करायची आहेत, त्यानंतर विलंब शुल्क लागेल.",No,No,No
ham,"स्मरणपत्र: लायब्ररीची पुस्तके 10-05-2026 पर्यंत परत करायची आहेत, त्यानंतर विलंब शुल्क लागेल.",No,No,No
ham,"स्मरणपत्र: लायब्ररीची पुस्तके 10-03-2025 पर्यंत परत करायची आहेत, त्यानंतर विलंब शुल्क लागेल.",No,No,No
ham,"स्मरणपत्र: लायब्ररीची पुस्तके 09-06-2026 पर्यंत परत करायची आहेत, त्यानंतर विलंब शुल्क लागेल.",No,No,No
ham,स्मरणपत्र: सोसायटीची देखभाल फी 21-01-2026 पर्यंत भरा अन्यथा विलंब शुल्क लागेल.,No,No,No
ham,स्मरणपत्र: सोसायटीची देखभाल फी 19-03-2025 पर्यंत भरा अन्यथा विलंब शुल्क लागेल.,No,No,No
ham,"स्मरणपत्र: लायब्ररीची पुस्तके 20-08-2025 पर्यंत परत करायची आहेत, त्यानंतर विलंब शुल्क लागेल.",No,No,No
ham,सोसायटीची वार्षिक सभा 03-03-2026 रोजी संध्याकाळी 6 वाजता क्लबहाऊसमध्ये आहे.,No,No,No
ham,सोसायटीची वार्षिक सभा 12-12-2026 रोजी संध्याकाळी 6 वाजता क्लबहाऊसमध्ये आहे.,No,No,No
ham,सोसायटीची वार्षिक सभा 13-02-2025 रोजी संध्याकाळी 6 वाजता क्लबहाऊसमध्ये आहे.,No,No,No
ham,उद्यान 08-07-2025 ते 05-10-2026 पर्यंत नूतनीकरणासाठी बंद राहील.,No,No,No
ham,उद्यान 16-11-2026 ते 25-07-2025 पर्यंत नूतनीकरणासाठी बंद राहील.,No,No,No
ham,स्मरणपत्र: सोसायटीची देखभाल फी 25-02-2025 पर्यंत भरा अन्यथा विलंब शुल्क लागेल.,No,No,No
ham,उद्यान 15-08-2026 ते 24-06-2026 पर्यंत नूतनीकरणासाठी बंद राहील.,No,No,No
ham,उद्यान 08-07-2026 ते 24-06-2026 पर्यंत नूतनीकरणासाठी बंद राहील.,No,No,No
ham,"स्मरणपत्र: लायब्ररीची पुस्तके 15-08-2025 पर्यंत परत करायची आहेत, त्यानंतर विलंब शुल्क लागेल.",No,No,No
ham,"स्मरणपत्र: लायब्ररीची पुस्तके 28-11-2026 पर्यंत परत करायची आहेत, त्यानंतर विलंब शुल्क लागेल.",No,No,No
ham,उद्यान 13-09-2025 ते 02-05-2025 पर्यंत नूतनीकरणासाठी बंद राहील.,No,No,No
ham,सोसायटीची वार्षिक सभा 15-04-2026 रोजी संध्याकाळी 6 वाजता क्लबहाऊसमध्ये आहे.,No,No,No
ham,उद्यान 05-09-2025 ते 05-04-2026 पर्यंत नूतनीकरणासाठी बंद राहील.,No,No,No
ham,उद्यान 27-01-2026 ते 02-08-2026 पर्यंत नूतनीकरणासाठी बंद राहील.,No,No,No
ham,सोसायटीची वार्षिक सभा 17-08-2025 रोजी संध्याकाळी 6 वाजता क्लबहाऊसमध्ये आहे.,No,No,No
ham,"स्मरणपत्र: लायब्ररीची पुस्तके 10-05-2025 पर्यंत परत करायची आहेत, त्यानंतर विलंब शुल्क लागेल.",No,No,No
ham,सोसायटीची वार्षिक सभा 06-01-2025 रोजी संध्याकाळी 6 वाजता क्लबहाऊसमध्ये आहे.,No,No,No
ham,"स्मरणपत्र: लायब्ररीची पुस्तके 24-02-2025 पर्यंत परत करायची आहेत, त्यानंतर विलंब शुल्क लागेल.",No,No,No
ham,स्मरणपत्र: सोसायटीची देखभाल फी 17-07-2026 पर्यंत भरा अन्यथा विलंब शुल्क लागेल.,No,No,No
ham,उद्यान 27-06-2025 ते 01-01-2025 पर्यंत नूतनीकरणासाठी बंद राहील.,No,No,No
ham,स्मरणपत्र: सोसायटीची देखभाल फी 15-01-2025 पर्यंत भरा अन्यथा विलंब शुल्क लागेल.,No,No,No
ham,स्मरणपत्र: सोसायटीची देखभाल फी 01-12-2025 पर्यंत भरा अन्यथा विलंब शुल्क लागेल.,No,No,No
ham,स्मरणपत्र: सोसायटीची देखभाल फी 13-06-2025 पर्यंत भरा अन्यथा विलंब शुल्क लागेल.,No,No,No
ham,सोसायटीची वार्षिक सभा 28-09-2026 रोजी संध्याकाळी 6 वाजता क्लबहाऊसमध्ये आहे.,No,No,No
ham,स्मरणपत्र: सोसायटीची देखभाल फी 03-07-2026 पर्यंत भरा अन्यथा विलंब शुल्क लागेल.,No,No,No
ham,स्मरणपत्र: सोसायटीची देखभाल फी 16-01-2026 पर्यंत भरा अन्यथा विलंब शुल्क लागेल.,No,No,No
ham,सोसायटीची वार्षिक सभा 12-01-2026 रोजी संध्याकाळी 6 वाजता क्लबहाऊसमध्ये आहे.,No,No,No
ham,सोसायटीची वार्षिक सभा 24-02-2025 रोजी संध्याकाळी 6 वाजता क्लबहाऊसमध्ये आहे.,No,No,No
ham,सोसायटीची वार्षिक सभा 09-11-2025 रोजी संध्याकाळी 6 वाजता क्लबहाऊसमध्ये आहे.,No,No,No
ham,सोसायटीची वार्षिक सभा 22-05-2025 रोजी संध्याकाळी 6 वाजता क्लबहाऊसमध्ये आहे.,No,No,No
ham,सोसायटीची वार्षिक सभा 05-09-2025 रोजी संध्याकाळी 6 वाजता क्लबहाऊसमध्ये आहे.,No,No,No
ham,स्मरणपत्र: सोसायटीची देखभाल फी 05-08-2026 पर्यंत भरा अन्यथा विलंब शुल्क लागेल.,No,No,No
ham,उद्यान 13-11-2026 ते 17-02-2026 पर्यंत नूतनीकरणासाठी बंद राहील.,No,No,No
ham,सोसायटीची वार्षिक सभा 07-02-2025 रोजी संध्याकाळी 6 वाजता क्लबहाऊसमध्ये आहे.,No,No,No
ham,उद्यान 14-11-2025 ते 15-07-2026 पर्यंत नूतनीकरणासाठी बंद राहील.,No,No,No
ham,स्मरणपत्र: सोसायटीची देखभाल फी 10-08-2026 पर्यंत भरा अन्यथा विलंब शुल्क लागेल.,No,No,No
ham,स्मरणपत्र: सोसायटीची देखभाल फी 08-02-2026 पर्यंत भरा अन्यथा विलंब शुल्क लागेल.,No,No,No
ham,स्मरणपत्र: सोसायटीची देखभाल फी 24-01-2025 पर्यंत भरा अन्यथा विलंब शुल्क लागेल.,No,No,No
ham,सोसायटीची वार्षिक सभा 01-08-2025 रोजी संध्याकाळी 6 वाजता क्लबहाऊसमध्ये आहे.,No,No,No
ham,"स्मरणपत्र: लायब्ररीची पुस्तके 20-07-2025 पर्यंत परत करायची आहेत, त्यानंतर विलंब शुल्क लागेल.",No,No,No
ham,स्मरणपत्र: सोसायटीची देखभाल फी 03-08-2025 पर्यंत भरा अन्यथा विलंब शुल्क लागेल.,No,No,No
ham,उद्यान 11-03-2025 ते 22-03-2025 पर्यंत नूतनीकरणासाठी बंद राहील.,No,No,No
ham,स्मरणपत्र: सोसायटीची देखभाल फी 13-02-2025 पर्यंत भरा अन्यथा विलंब शुल्क लागेल.,No,No,No
ham,स्मरणपत्र: सोसायटीची देखभाल फी 09-12-2026 पर्यंत भरा अन्यथा विलंब शुल्क लागेल.,No,No,No
ham,स्मरणपत्र: सोसायटीची देखभाल फी 11-05-2026 पर्यंत भरा अन्यथा विलंब शुल्क लागेल.,No,No,No
ham,उद्यान 24-01-2026 ते 09-12-2026 पर्यंत नूतनीकरणासाठी बंद राहील.,No,No,No
ham,सोसायटीची वार्षिक सभा 26-12-2025 रोजी संध्याकाळी 6 वाजता क्लबहाऊसमध्ये आहे.,No,No,No
ham,"स्मरणपत्र: लायब्ररीची पुस्तके 04-05-2025 पर्यंत परत करायची आहेत, त्यानंतर विलंब शुल्क लागेल.",No,No,No
ham,स्मरणपत्र: सोसायटीची देखभाल फी 08-09-2026 पर्यंत भरा अन्यथा विलंब शुल्क लागेल.,No,No,No
ham,उद्यान 17-11-2026 ते 03-11-2026 पर्यंत नूतनीकरणासाठी बंद राहील.,No,No,No
ham,उद्यान 03-06-2026 ते 14-12-2025 पर्यंत नूतनीकरणासाठी बंद राहील.,No,No,No
ham,सोसायटीची वार्षिक सभा 22-08-2025 रोजी संध्याकाळी 6 वाजता क्लबहाऊसमध्ये आहे.,No,No,No
ham,सोसायटीची वार्षिक सभा 05-07-2026 रोजी संध्याकाळी 6 वाजता क्लबहाऊसमध्ये आहे.,No,No,No
ham,उद्यान 09-01-2025 ते 03-05-2026 पर्यंत नूतनीकरणासाठी बंद राहील.,No,No,No
ham,सोसायटीची वार्षिक सभा 09-02-2026 रोजी संध्याकाळी 6 वाजता क्लबहाऊसमध्ये आहे.,No,No,No
ham,सोसायटीची वार्षिक सभा 02-01-2026 रोजी संध्याकाळी 6 वाजता क्लबहाऊसमध्ये आहे.,No,No,No
ham,स्मरणपत्र: सोसायटीची देखभाल फी 05-03-2025 पर्यंत भरा अन्यथा विलंब शुल्क लागेल.,No,No,No
ham,"स्मरणपत्र: लायब्ररीची पुस्तके 02-11-2025 पर्यंत परत करायची आहेत, त्यानंतर विलंब शुल्क लागेल.",No,No,No
ham,उद्यान 07-10-2025 ते 21-08-2026 पर्यंत नूतनीकरणासाठी बंद राहील.,No,No,No
ham,सोसायटीची वार्षिक सभा 21-02-2026 रोजी संध्याकाळी 6 वाजता क्लबहाऊसमध्ये आहे.,No,No,No
ham,"स्मरणपत्र: लायब्ररीची पुस्तके 15-05-2026 पर्यंत परत करायची आहेत, त्यानंतर विलंब शुल्क लागेल.",No,No,No
ham,सोसायटीची वार्षिक सभा 19-01-2026 रोजी संध्याकाळी 6 वाजता क्लबहाऊसमध्ये आहे.,No,No,No
ham,स्मरणपत्र: सोसायटीची देखभाल फी 05-12-2026 पर्यंत भरा अन्यथा विलंब शुल्क लागेल.,No,No,No
ham,स्मरणपत्र: सोसायटीची देखभाल फी 06-12-2026 पर्यंत भरा अन्यथा विलंब शुल्क लागेल.,No,No,No
ham,स्मरणपत्र: सोसायटीची देखभाल फी 04-01-2026 पर्यंत भरा अन्यथा विलंब शुल्क लागेल.,No,No,No
ham,"स्मरणपत्र: लायब्ररीची पुस्तके 27-12-2025 पर्यंत परत करायची आहेत, त्यानंतर विलंब शुल्क लागेल.",No,No,No
ham,सोसायटीची वार्षिक सभा 04-09-2025 रोजी संध्याकाळी 6 वाजता क्लबहाऊसमध्ये आहे.,No,No,No
ham,उद्यान 22-09-2026 ते 17-12-2025 पर्यंत नूतनीकरणासाठी बंद राहील.,No,No,No
ham,उद्यान 13-06-2026 ते 12-04-2026 पर्यंत नूतनीकरणासाठी बंद राहील.,No,No,No
ham,स्मरणपत्र: सोसायटीची देखभाल फी 02-04-2026 पर्यंत भरा अन्यथा विलंब शुल्क लागेल.,No,No,No
ham,सोसायटीची वार्षिक सभा 27-07-2025 रोजी संध्याकाळी 6 वाजता क्लबहाऊसमध्ये आहे.,No,No,No
ham,उद्यान 26-03-2026 ते 10-03-2026 पर्यंत नूतनीकरणासाठी बंद राहील.,No,No,No
ham,उद्यान 18-05-2026 ते 14-02-2025 पर्यंत नूतनीकरणासाठी बंद राहील.,No,No,No
ham,सोसायटीची वार्षिक सभा 08-09-2026 रोजी संध्याकाळी 6 वाजता क्लबहाऊसमध्ये आहे.,No,No,No
ham,सोसायटीची वार्षिक सभा 16-07-2026 रोजी संध्याकाळी 6 वाजता क्लबहाऊसमध्ये आहे.,No,No,No
ham,स्मरणपत्र: सोसायटीची देखभाल फी 05-01-2025 पर्यंत भरा अन्यथा विलंब शुल्क लागेल.,No,No,No
ham,स्मरणपत्र: सोसायटीची देखभाल फी 12-11-2026 पर्यंत भरा अन्यथा विलंब शुल्क लागेल.,No,No,No
ham,"स्मरणपत्र: लायब्ररीची पुस्तके 09-10-2025 पर्यंत परत करायची आहेत, त्यानंतर विलंब शुल्क लागेल.",No,No,No
ham,"स्मरणपत्र: लायब्ररीची पुस्तके 25-11-2025 पर्यंत परत करायची आहेत, त्यानंतर विलंब शुल्क लागेल.",No,No,No
ham,उद्यान 18-05-2026 ते 03-06-2026 पर्यंत नूतनीकरणासाठी बंद राहील.,No,No,No
ham,"स्मरणपत्र: लायब्ररीची पुस्तके 03-01-2025 पर्यंत परत करायची आहेत, त्यानंतर विलंब शुल्क लागेल.",No,No,No
ham,सोसायटीची वार्षिक सभा 21-06-2026 रोजी संध्याकाळी 6 वाजता क्लबहाऊसमध्ये आहे.,No,No,No
ham,"स्मरणपत्र: लायब्ररीची पुस्तके 23-07-2026 पर्यंत परत करायची आहेत, त्यानंतर विलंब शुल्क लागेल.",No,No,No
ham,स्मरणपत्र: सोसायटीची देखभाल फी 05-11-2025 पर्यंत भरा अन्यथा विलंब शुल्क लागेल.,No,No,No
ham,स्मरणपत्र: सोसायटीची देखभाल फी 19-12-2026 पर्यंत भरा अन्यथा विलंब शुल्क लागेल.,No,No,No
ham,"स्मरणपत्र: लायब्ररीची पुस्तके 18-09-2025 पर्यंत परत करायची आहेत, त्यानंतर विलंब शुल्क लागेल.",No,No,No
ham,"स्मरणपत्र: लायब्ररीची पुस्तके 02-07-2025 पर्यंत परत करायची आहेत, त्यानंतर विलंब शुल्क लागेल.",No,No,No
ham,स्मरणपत्र: सोसायटीची देखभाल फी 10-11-2025 पर्यंत भरा अन्यथा विलंब शुल्क लागेल.,No,No,No
ham,स्मरणपत्र: सोसायटीची देखभाल फी 08-05-2026 पर्यंत भरा अन्यथा विलंब शुल्क लागेल.,No,No,No
ham,उद्यान 22-03-2026 ते 01-12-2025 पर्यंत नूतनीकरणासाठी बंद राहील.,No,No,No
ham,उद्यान 24-06-2026 ते 16-10-2025 पर्यंत नूतनीकरणासाठी बंद राहील.,No,No,No
ham,उद्यान 09-11-2026 ते 14-04-2026 पर्यंत नूतनीकरणासाठी बंद राहील.,No,No,No
ham,उद्यान 13-06-2026 ते 16-01-2025 पर्यंत नूतनीकरणासाठी बंद राहील.,No,No,No
ham,उद्यान 01-01-2025 ते 25-10-2025 पर्यंत नूतनीकरणासाठी बंद राहील.,No,No,No
ham,"स्मरणपत्र: लायब्ररीची पुस्तके 17-10-2026 पर्यंत परत करायची आहेत, त्यानंतर विलंब शुल्क लागेल.",No,No,No
ham,"स्मरणपत्र: लायब्ररीची पुस्तके 24-11-2025 पर्यंत परत करायची आहेत, त्यानंतर विलंब शुल्क लागेल.",No,No,No
ham,स्मरणपत्र: सोसायटीची देखभाल फी 28-10-2025 पर्यंत भरा अन्यथा विलंब शुल्क लागेल.,No,No,No
ham,स्मरणपत्र: सोसायटीची देखभाल फी 12-12-2026 पर्यंत भरा अन्यथा विलंब शुल्क लागेल.,No,No,No
ham,सोसायटीची वार्षिक सभा 09-07-2026 रोजी संध्याकाळी 6 वाजता क्लबहाऊसमध्ये आहे.,No,No,No
ham,स्मरणपत्र: सोसायटीची देखभाल फी 09-08-2026 पर्यंत भरा अन्यथा विलंब शुल्क लागेल.,No,No,No
ham,उद्यान 19-07-2025 ते 19-04-2026 पर्यंत नूतनीकरणासाठी बंद राहील.,No,No,No
ham,"स्मरणपत्र: लायब्ररीची पुस्तके 13-06-2026 पर्यंत परत करायची आहेत, त्यानंतर विलंब शुल्क लागेल.",No,No,No
ham,स्मरणपत्र: सोसायटीची देखभाल फी 27-01-2025 पर्यंत भरा अन्यथा विलंब शुल्क लागेल.,No,No,No
ham,"स्मरणपत्र: लायब्ररीची पुस्तके 23-09-2026 पर्यंत परत करायची आहेत, त्यानंतर विलंब शुल्क लागेल.",No,No,No
ham,सोसायटीची वार्षिक सभा 15-12-2026 रोजी संध्याकाळी 6 वाजता क्लबहाऊसमध्ये आहे.,No,No,No
ham,स्मरणपत्र: सोसायटीची देखभाल फी 21-09-2026 पर्यंत भरा अन्यथा विलंब शुल्क लागेल.,No,No,No
ham,सोसायटीची वार्षिक सभा 07-11-2026 रोजी संध्याकाळी 6 वाजता क्लबहाऊसमध्ये आहे.,No,No,No
ham,उद्यान 26-09-2025 ते 17-01-2026 पर्यंत नूतनीकरणासाठी बंद राहील.,No,No,No
ham,सोसायटीची वार्षिक सभा 18-09-2026 रोजी संध्याकाळी 6 वाजता क्लबहाऊसमध्ये आहे.,No,No,No
ham,"स्मरणपत्र: लायब्ररीची पुस्तके 18-04-2025 पर्यंत परत करायची आहेत, त्यानंतर विलंब शुल्क लागेल.",No,No,No
ham,"स्मरणपत्र: लायब्ररीची पुस्तके 02-03-2025 पर्यंत परत करायची आहेत, त्यानंतर विलंब शुल्क लागेल.",No,No,No
ham,स्मरणपत्र: सोसायटीची देखभाल फी 04-11-2025 पर्यंत भरा अन्यथा विलंब शुल्क लागेल.,No,No,No
ham,उद्यान 19-09-2026 ते 18-03-2025 पर्यंत नूतनीकरणासाठी बंद राहील.,No,No,No
ham,"स्मरणपत्र: लायब्ररीची पुस्तके 20-02-2026 पर्यंत परत करायची आहेत, त्यानंतर विलंब शुल्क लागेल.",No,No,No
ham,उद्यान 08-09-2025 ते 15-09-2026 पर्यंत नूतनीकरणासाठी बंद राहील.,No,No,No
ham,स्मरणपत्र: सोसायटीची देखभाल फी 11-10-2026 पर्यंत भरा अन्यथा विलंब शुल्क लागेल.,No,No,No
ham,सोसायटीची वार्षिक सभा 10-06-2026 रोजी संध्याकाळी 6 वाजता क्लबहाऊसमध्ये आहे.,No,No,No
ham,"स्मरणपत्र: लायब्ररीची पुस्तके 13-09-2025 पर्यंत परत करायची आहेत, त्यानंतर विलंब शुल्क लागेल.",No,No,No
ham,"स्मरणपत्र: लायब्ररीची पुस्तके 12-03-2026 पर्यंत परत करायची आहेत, त्यानंतर विलंब शुल्क लागेल.",No,No,No
ham,स्मरणपत्र: सोसायटीची देखभाल फी 05-02-2026 पर्यंत भरा अन्यथा विलंब शुल्क लागेल.,No,No,No
ham,उद्यान 28-10-2025 ते 04-07-2025 पर्यंत नूतनीकरणासाठी बंद राहील.,No,No,No
ham,"स्मरणपत्र: लायब्ररीची पुस्तके 12-07-2026 पर्यंत परत करायची आहेत, त्यानंतर विलंब शुल्क लागेल.",No,No,No
ham,स्मरणपत्र: सोसायटीची देखभाल फी 16-12-2026 पर्यंत भरा अन्यथा विलंब शुल्क लागेल.,No,No,No
ham,"स्मरणपत्र: लायब्ररीची पुस्तके 03-11-2026 पर्यंत परत करायची आहेत, त्यानंतर विलंब शुल्क लागेल.",No,No,No
ham,स्मरणपत्र: सोसायटीची देखभाल फी 11-08-2026 पर्यंत भरा अन्यथा विलंब शुल्क लागेल.,No,No,No
ham,उद्यान 05-04-2026 ते 13-06-2025 पर्यंत नूतनीकरणासाठी बंद राहील.,No,No,No
ham,स्मरणपत्र: सोसायटीची देखभाल फी 11-12-2025 पर्यंत भरा अन्यथा विलंब शुल्क लागेल.,No,No,No
ham,सोसायटीची वार्षिक सभा 24-06-2025 रोजी संध्याकाळी 6 वाजता क्लबहाऊसमध्ये आहे.,No,No,No
ham,उद्यान 05-12-2025 ते 12-03-2025 पर्यंत नूतनीकरणासाठी बंद राहील.,No,No,No
ham,उद्यान 21-06-2026 ते 18-04-2026 पर्यंत नूतनीकरणासाठी बंद राहील.,No,No,No
ham,स्मरणपत्र: सोसायटीची देखभाल फी 13-09-2025 पर्यंत भरा अन्यथा विलंब शुल्क लागेल.,No,No,No
ham,स्मरणपत्र: सोसायटीची देखभाल फी 11-02-2026 पर्यंत भरा अन्यथा विलंब शुल्क लागेल.,No,No,No
ham,उद्यान 25-06-2025 ते 13-11-2025 पर्यंत नूतनीकरणासाठी बंद राहील.,No,No,No
ham,उद्यान 15-01-2025 ते 15-01-2026 पर्यंत नूतनीकरणासाठी बंद राहील.,No,No,No
ham,उद्यान 09-12-2026 ते 19-12-2025 पर्यंत नूतनीकरणासाठी बंद राहील.,No,No,No
ham,उद्यान 15-04-2025 ते 02-08-2026 पर्यंत नूतनीकरणासाठी बंद राहील.,No,No,No
ham,सोसायटीची वार्षिक सभा 26-10-2025 रोजी संध्याकाळी 6 वाजता क्लबहाऊसमध्ये आहे.,No,No,No
ham,"स्मरणपत्र: लायब्ररीची पुस्तके 12-04-2026 पर्यंत परत करायची आहेत, त्यानंतर विलंब शुल्क लागेल.",No,No,No
ham,स्मरणपत्र: सोसायटीची देखभाल फी 01-11-2026 पर्यंत भरा अन्यथा विलंब शुल्क लागेल.,No,No,No
ham,उद्यान 12-10-2025 ते 05-03-2025 पर्यंत नूतनीकरणासाठी बंद राहील.,No,No,No
ham,सोसायटीची वार्षिक सभा 04-09-2026 रोजी संध्याकाळी 6 वाजता क्लबहाऊसमध्ये आहे.,No,No,No
ham,उद्यान 21-06-2025 ते 16-09-2026 पर्यंत नूतनीकरणासाठी बंद राहील.,No,No,No
ham,उद्यान 05-07-2026 ते 01-01-2026 पर्यंत नूतनीकरणासाठी बंद राहील.,No,No,No
ham,"स्मरणपत्र: लायब्ररीची पुस्तके 03-04-2025 पर्यंत परत करायची आहेत, त्यानंतर विलंब शुल्क लागेल.",No,No,No
ham,उद्यान 20-07-2026 ते 23-09-2026 पर्यंत नूतनीकरणासाठी बंद राहील.,No,No,No
ham,स्मरणपत्र: सोसायटीची देखभाल फी 19-08-2025 पर्यंत भरा अन्यथा विलंब शुल्क लागेल.,No,No,No
ham,स्मरणपत्र: सोसायटीची देखभाल फी 15-03-2026 पर्यंत भरा अन्यथा विलंब शुल्क लागेल.,No,No,No
ham,स्मरणपत्र: सोसायटीची देखभाल फी 24-05-2026 पर्यंत भरा अन्यथा विलंब शुल्क लागेल.,No,No,No
ham,सोसायटीची वार्षिक सभा 03-04-2026 रोजी संध्याकाळी 6 वाजता क्लबहाऊसमध्ये आहे.,No,No,No
ham,"स्मरणपत्र: लायब्ररीची पुस्तके 24-07-2026 पर्यंत परत करायची आहेत, त्यानंतर विलंब शुल्क लागेल.",No,No,No
ham,सोसायटीची वार्षिक सभा 09-03-2025 रोजी संध्याकाळी 6 वाजता क्लबहाऊसमध्ये आहे.,No,No,No
ham,सोसायटीची वार्षिक सभा 23-12-2025 रोजी संध्याकाळी 6 वाजता क्लबहाऊसमध्ये आहे.,No,No,No
ham,सोसायटीची वार्षिक सभा 04-07-2026 रोजी संध्याकाळी 6 वाजता क्लबहाऊसमध्ये आहे.,No,No,No
ham,सोसायटीची वार्षिक सभा 17-10-2025 रोजी संध्याकाळी 6 वाजता क्लबहाऊसमध्ये आहे.,No,No,No
ham,स्मरणपत्र: सोसायटीची देखभाल फी 22-09-2026 पर्यंत भरा अन्यथा विलंब शुल्क लागेल.,No,No,No
ham,उद्यान 21-08-2025 ते 16-09-2025 पर्यंत नूतनीकरणासाठी बंद राहील.,No,No,No
ham,"स्मरणपत्र: लायब्ररीची पुस्तके 19-01-2025 पर्यंत परत करायची आहेत, त्यानंतर विलंब शुल्क लागेल.",No,No,No
ham,स्मरणपत्र: सोसायटीची देखभाल फी 26-01-2026 पर्यंत भरा अन्यथा विलंब शुल्क लागेल.,No,No,No
ham,उद्यान 04-03-2026 ते 28-05-2026 पर्यंत नूतनीकरणासाठी बंद राहील.,No,No,No
ham,उद्यान 17-08-2026 ते 04-10-2026 पर्यंत नूतनीकरणासाठी बंद राहील.,No,No,No
ham,स्मरणपत्र: सोसायटीची देखभाल फी 02-03-2025 पर्यंत भरा अन्यथा विलंब शुल्क लागेल.,No,No,No
ham,सोसायटीची वार्षिक सभा 03-11-2025 रोजी संध्याकाळी 6 वाजता क्लबहाऊसमध्ये आहे.,No,No,No
ham,सोसायटीची वार्षिक सभा 02-04-2025 रोजी संध्याकाळी 6 वाजता क्लबहाऊसमध्ये आहे.,No,No,No
ham,सोसायटीची वार्षिक सभा 24-12-2025 रोजी संध्याकाळी 6 वाजता क्लबहाऊसमध्ये आहे.,No,No,No
ham,उद्यान 15-10-2026 ते 09-07-2025 पर्यंत नूतनीकरणासाठी बंद राहील.,No,No,No
ham,स्मरणपत्र: सोसायटीची देखभाल फी 04-06-2026 पर्यंत भरा अन्यथा विलंब शुल्क लागेल.,No,No,No
ham,स्मरणपत्र: सोसायटीची देखभाल फी 09-01-2025 पर्यंत भरा अन्यथा विलंब शुल्क लागेल.,No,No,No
ham,उद्यान 26-12-2026 ते 20-04-2025 पर्यंत नूतनीकरणासाठी बंद राहील.,No,No,No
ham,स्मरणपत्र: सोसायटीची देखभाल फी 04-10-2025 पर्यंत भरा अन्यथा विलंब शुल्क लागेल.,No,No,No
ham,"स्मरणपत्र: लायब्ररीची पुस्तके 09-08-2026 पर्यंत परत करायची आहेत, त्यानंतर विलंब शुल्क लागेल.",No,No,No
ham,उद्यान 13-08-2025 ते 13-02-2026 पर्यंत नूतनीकरणासाठी बंद राहील.,No,No,No
ham,सोसायटीची वार्षिक सभा 05-10-2026 रोजी संध्याकाळी 6 वाजता क्लबहाऊसमध्ये आहे.,No,No,No
ham,स्मरणपत्र: सोसायटीची देखभाल फी 19-07-2026 पर्यंत भरा अन्यथा विलंब शुल्क लागेल.,No,No,No
ham,"स्मरणपत्र: लायब्ररीची पुस्तके 28-10-2025 पर्यंत परत करायची आहेत, त्यानंतर विलंब शुल्क लागेल.",No,No,No
ham,"स्मरणपत्र: लायब्ररीची पुस्तके 12-10-2026 पर्यंत परत करायची आहेत, त्यानंतर विलंब शुल्क लागेल.",No,No,No
ham,सोसायटीची वार्षिक सभा 05-04-2026 रोजी संध्याकाळी 6 वाजता क्लबहाऊसमध्ये आहे.,No,No,No
ham,"स्मरणपत्र: लायब्ररीची पुस्तके 06-10-2025 पर्यंत परत करायची आहेत, त्यानंतर विलंब शुल्क लागेल.",No,No,No
ham,सोसायटीची वार्षिक सभा 06-08-2026 रोजी संध्याकाळी 6 वाजता क्लबहाऊसमध्ये आहे.,No,No,No
ham,उद्यान 02-06-2025 ते 23-05-2025 पर्यंत नूतनीकरणासाठी बंद राहील.,No,No,No
ham,उद्यान 09-09-2025 ते 01-07-2025 पर्यंत नूतनीकरणासाठी बंद राहील.,No,No,No
ham,"स्मरणपत्र: लायब्ररीची पुस्तके 01-04-2025 पर्यंत परत करायची आहेत, त्यानंतर विलंब शुल्क लागेल.",No,No,No
ham,स्मरणपत्र: सोसायटीची देखभाल फी 27-05-2026 पर्यंत भरा अन्यथा विलंब शुल्क लागेल.,No,No,No
ham,"स्मरणपत्र: लायब्ररीची पुस्तके 15-03-2025 पर्यंत परत करायची आहेत, त्यानंतर विलंब शुल्क लागेल.",No,No,No
ham,सोसायटीची वार्षिक सभा 05-06-2026 रोजी संध्याकाळी 6 वाजता क्लबहाऊसमध्ये आहे.,No,No,No
ham,स्मरणपत्र: सोसायटीची देखभाल फी 14-09-2025 पर्यंत भरा अन्यथा विलंब शुल्क लागेल.,No,No,No
ham,"स्मरणपत्र: लायब्ररीची पुस्तके 22-10-2026 पर्यंत परत करायची आहेत, त्यानंतर विलंब शुल्क लागेल.",No,No,No
ham,"स्मरणपत्र: लायब्ररीची पुस्तके 11-01-2026 पर्यंत परत करायची आहेत, त्यानंतर विलंब शुल्क लागेल.",No,No,No
ham,उद्यान 16-01-2025 ते 20-03-2026 पर्यंत नूतनीकरणासाठी बंद राहील.,No,No,No
ham,"स्मरणपत्र: लायब्ररीची पुस्तके 11-01-2025 पर्यंत परत करायची आहेत, त्यानंतर विलंब शुल्क लागेल.",No,No,No
ham,सोसायटीची वार्षिक सभा 04-10-2025 रोजी संध्याकाळी 6 वाजता क्लबहाऊसमध्ये आहे.,No,No,No
ham,सोसायटीची वार्षिक सभा 17-04-2026 रोजी संध्याकाळी 6 वाजता क्लबहाऊसमध्ये आहे.,No,No,No
ham,उद्यान 11-04-2025 ते 02-09-2025 पर्यंत नूतनीकरणासाठी बंद राहील.,No,No,No
ham,स्मरणपत्र: सोसायटीची देखभाल फी 27-06-2025 पर्यंत भरा अन्यथा विलंब शुल्क लागेल.,No,No,No
ham,स्मरणपत्र: सोसायटीची देखभाल फी 18-12-2025 पर्यंत भरा अन्यथा विलंब शुल्क लागेल.,No,No,No
ham,"स्मरणपत्र: लायब्ररीची पुस्तके 21-06-2026 पर्यंत परत करायची आहेत, त्यानंतर विलंब शुल्क लागेल.",No,No,No
ham,उद्यान 13-07-2026 ते 27-04-2025 पर्यंत नूतनीकरणासाठी बंद राहील.,No,No,No
ham,"स्मरणपत्र: लायब्ररीची पुस्तके 27-01-2025 पर्यंत परत करायची आहेत, त्यानंतर विलंब शुल्क लागेल.",No,No,No
ham,सोसायटीची वार्षिक सभा 16-12-2025 रोजी संध्याकाळी 6 वाजता क्लबहाऊसमध्ये आहे.,No,No,No
ham,सोसायटीची वार्षिक सभा 16-11-2025 रोजी संध्याकाळी 6 वाजता क्लबहाऊसमध्ये आहे.,No,No,No
ham,उद्यान 17-11-2025 ते 17-05-2026 पर्यंत नूतनीकरणासाठी बंद राहील.,No,No,No
ham,सोसायटीची वार्षिक सभा 08-08-2025 रोजी संध्याकाळी 6 वाजता क्लबहाऊसमध्ये आहे.,No,No,No
ham,उद्यान 25-10-2026 ते 12-08-2026 पर्यंत नूतनीकरणासाठी बंद राहील.,No,No,No
ham,स्मरणपत्र: सोसायटीची देखभाल फी 12-03-2026 पर्यंत भरा अन्यथा विलंब शुल्क लागेल.,No,No,No
ham,सोसायटीची वार्षिक सभा 24-05-2025 रोजी संध्याकाळी 6 वाजता क्लबहाऊसमध्ये आहे.,No,No,No
ham,उद्यान 17-07-2025 ते 03-02-2025 पर्यंत नूतनीकरणासाठी बंद राहील.,No,No,No
ham,"स्मरणपत्र: लायब्ररीची पुस्तके 02-01-2026 पर्यंत परत करायची आहेत, त्यानंतर विलंब शुल्क लागेल.",No,No,No
ham,उद्यान 20-10-2025 ते 23-03-2026 पर्यंत नूतनीकरणासाठी बंद राहील.,No,No,No
ham,"स्मरणपत्र: लायब्ररीची पुस्तके 04-02-2026 पर्यंत परत करायची आहेत, त्यानंतर विलंब शुल्क लागेल.",No,No,No
ham,स्मरणपत्र: सोसायटीची देखभाल फी 18-07-2025 पर्यंत भरा अन्यथा विलंब शुल्क लागेल.,No,No,No
ham,उद्यान 02-02-2026 ते 17-12-2025 पर्यंत नूतनीकरणासाठी बंद राहील.,No,No,No
ham,"स्मरणपत्र: लायब्ररीची पुस्तके 28-07-2025 पर्यंत परत करायची आहेत, त्यानंतर विलंब शुल्क लागेल.",No,No,No
ham,सोसायटीची वार्षिक सभा 17-10-2026 रोजी संध्याकाळी 6 वाजता क्लबहाऊसमध्ये आहे.,No,No,No
ham,"स्मरणपत्र: लायब्ररीची पुस्तके 24-12-2026 पर्यंत परत करायची आहेत, त्यानंतर विलंब शुल्क लागेल.",No,No,No
ham,"स्मरणपत्र: लायब्ररीची पुस्तके 19-01-2026 पर्यंत परत करायची आहेत, त्यानंतर विलंब शुल्क लागेल.",No,No,No
ham,"स्मरणपत्र: लायब्ररीची पुस्तके 22-01-2026 पर्यंत परत करायची आहेत, त्यानंतर विलंब शुल्क लागेल.",No,No,No
ham,स्मरणपत्र: सोसायटीची देखभाल फी 24-02-2026 पर्यंत भरा अन्यथा विलंब शुल्क लागेल.,No,No,No
ham,उद्यान 06-09-2026 ते 21-06-2026 पर्यंत नूतनीकरणासाठी बंद राहील.,No,No,No
ham,"स्मरणपत्र: लायब्ररीची पुस्तके 14-10-2025 पर्यंत परत करायची आहेत, त्यानंतर विलंब शुल्क लागेल.",No,No,No
ham,"स्मरणपत्र: लायब्ररीची पुस्तके 18-05-2026 पर्यंत परत करायची आहेत, त्यानंतर विलंब शुल्क लागेल.",No,No,No
ham,उद्यान 01-11-2025 ते 19-02-2026 पर्यंत नूतनीकरणासाठी बंद राहील.,No,No,No
ham,उद्यान 18-12-2025 ते 02-01-2025 पर्यंत नूतनीकरणासाठी बंद राहील.,No,No,No
ham,स्मरणपत्र: सोसायटीची देखभाल फी 04-09-2025 पर्यंत भरा अन्यथा विलंब शुल्क लागेल.,No,No,No
ham,उद्यान 16-08-2025 ते 10-05-2026 पर्यंत नूतनीकरणासाठी बंद राहील.,No,No,No
ham,"स्मरणपत्र: लायब्ररीची पुस्तके 17-05-2025 पर्यंत परत करायची आहेत, त्यानंतर विलंब शुल्क लागेल.",No,No,No
ham,स्मरणपत्र: सोसायटीची देखभाल फी 26-04-2026 पर्यंत भरा अन्यथा विलंब शुल्क लागेल.,No,No,No
ham,उद्यान 10-01-2025 ते 25-10-2026 पर्यंत नूतनीकरणासाठी बंद राहील.,No,No,No
ham,सोसायटीची वार्षिक सभा 02-06-2026 रोजी संध्याकाळी 6 वाजता क्लबहाऊसमध्ये आहे.,No,No,No
ham,उद्यान 08-11-2026 ते 05-01-2026 पर्यंत नूतनीकरणासाठी बंद राहील.,No,No,No
ham,उद्यान 06-02-2026 ते 26-10-2025 पर्यंत नूतनीकरणासाठी बंद राहील.,No,No,No
ham,स्मरणपत्र: सोसायटीची देखभाल फी 23-06-2025 पर्यंत भरा अन्यथा विलंब शुल्क लागेल.,No,No,No
ham,उद्यान 13-06-2026 ते 19-01-2026 पर्यंत नूतनीकरणासाठी बंद राहील.,No,No,No
ham,सोसायटीची वार्षिक सभा 23-01-2026 रोजी संध्याकाळी 6 वाजता क्लबहाऊसमध्ये आहे.,No,No,No
ham,सोसायटीची वार्षिक सभा 01-04-2026 रोजी संध्याकाळी 6 वाजता क्लबहाऊसमध्ये आहे.,No,No,No
ham,"स्मरणपत्र: लायब्ररीची पुस्तके 14-11-2026 पर्यंत परत करायची आहेत, त्यानंतर विलंब शुल्क लागेल.",No,No,No
ham,"स्मरणपत्र: लायब्ररीची पुस्तके 10-07-2025 पर्यंत परत करायची आहेत, त्यानंतर विलंब शुल्क लागेल.",No,No,No
ham,स्मरणपत्र: सोसायटीची देखभाल फी 17-04-2026 पर्यंत भरा अन्यथा विलंब शुल्क लागेल.,No,No,No
ham,"स्मरणपत्र: लायब्ररीची पुस्तके 02-03-2026 पर्यंत परत करायची आहेत, त्यानंतर विलंब शुल्क लागेल.",No,No,No
ham,"स्मरणपत्र: लायब्ररीची पुस्तके 09-03-2025 पर्यंत परत करायची आहेत, त्यानंतर विलंब शुल्क लागेल.",No,No,No
ham,स्मरणपत्र: सोसायटीची देखभाल फी 07-04-2026 पर्यंत भरा अन्यथा विलंब शुल्क लागेल.,No,No,No
ham,सोसायटीची वार्षिक सभा 20-11-2025 रोजी संध्याकाळी 6 वाजता क्लबहाऊसमध्ये आहे.,No,No,No
ham,"स्मरणपत्र: लायब्ररीची पुस्तके 25-12-2026 पर्यंत परत करायची आहेत, त्यानंतर विलंब शुल्क लागेल.",No,No,No
ham,सोसायटीची वार्षिक सभा 14-02-2025 रोजी संध्याकाळी 6 वाजता क्लबहाऊसमध्ये आहे.,No,No,No
ham,सोसायटीची वार्षिक सभा 20-08-2025 रोजी संध्याकाळी 6 वाजता क्लबहाऊसमध्ये आहे.,No,No,No
ham,उद्यान 06-06-2026 ते 20-12-2025 पर्यंत नूतनीकरणासाठी बंद राहील.,No,No,No
ham,सोसायटीची वार्षिक सभा 24-11-2026 रोजी संध्याकाळी 6 वाजता क्लबहाऊसमध्ये आहे.,No,No,No
ham,स्मरणपत्र: सोसायटीची देखभाल फी 19-04-2026 पर्यंत भरा अन्यथा विलंब शुल्क लागेल.,No,No,No
ham,"स्मरणपत्र: लायब्ररीची पुस्तके 28-07-2026 पर्यंत परत करायची आहेत, त्यानंतर विलंब शुल्क लागेल.",No,No,No
ham,स्मरणपत्र: सोसायटीची देखभाल फी 28-11-2026 पर्यंत भरा अन्यथा विलंब शुल्क लागेल.,No,No,No
ham,सोसायटीची वार्षिक सभा 20-06-2026 रोजी संध्याकाळी 6 वाजता क्लबहाऊसमध्ये आहे.,No,No,No
ham,उद्यान 23-09-2025 ते 12-09-2026 पर्यंत नूतनीकरणासाठी बंद राहील.,No,No,No
ham,सोसायटीची वार्षिक सभा 24-01-2025 रोजी संध्याकाळी 6 वाजता क्लबहाऊसमध्ये आहे.,No,No,No
ham,सोसायटीची वार्षिक सभा 18-02-2026 रोजी संध्याकाळी 6 वाजता क्लबहाऊसमध्ये आहे.,No,No,No
ham,"स्मरणपत्र: लायब्ररीची पुस्तके 20-01-2025 पर्यंत परत करायची आहेत, त्यानंतर विलंब शुल्क लागेल.",No,No,No
ham,"स्मरणपत्र: लायब्ररीची पुस्तके 28-06-2026 पर्यंत परत करायची आहेत, त्यानंतर विलंब शुल्क लागेल.",No,No,No
ham,"स्मरणपत्र: लायब्ररीची पुस्तके 13-05-2025 पर्यंत परत करायची आहेत, त्यानंतर विलंब शुल्क लागेल.",No,No,No
ham,उद्यान 05-06-2025 ते 13-12-2025 पर्यंत नूतनीकरणासाठी बंद राहील.,No,No,No
ham,सोसायटीची वार्षिक सभा 13-09-2026 रोजी संध्याकाळी 6 वाजता क्लबहाऊसमध्ये आहे.,No,No,No
ham,"स्मरणपत्र: लायब्ररीची पुस्तके 11-09-2026 पर्यंत परत करायची आहेत, त्यानंतर विलंब शुल्क लागेल.",No,No,No
ham,उद्यान 15-11-2025 ते 14-03-2025 पर्यंत नूतनीकरणासाठी बंद राहील.,No,No,No
ham,उद्यान 14-01-2026 ते 25-01-2026 पर्यंत नूतनीकरणासाठी बंद राहील.,No,No,No
ham,"स्मरणपत्र: लायब्ररीची पुस्तके 10-01-2025 पर्यंत परत करायची आहेत, त्यानंतर विलंब शुल्क लागेल.",No,No,No
ham,उद्यान 02-06-2026 ते 26-01-2026 पर्यंत नूतनीकरणासाठी बंद राहील.,No,No,No
ham,उद्यान 16-07-2026 ते 26-05-2026 पर्यंत नूतनीकरणासाठी बंद राहील.,No,No,No
ham,उद्यान 13-05-2025 ते 16-03-2026 पर्यंत नूतनीकरणासाठी बंद राहील.,No,No,No
ham,सोसायटीची वार्षिक सभा 07-05-2025 रोजी संध्याकाळी 6 वाजता क्लबहाऊसमध्ये आहे.,No,No,No
ham,"स्मरणपत्र: लायब्ररीची पुस्तके 11-02-2025 पर्यंत परत करायची आहेत, त्यानंतर विलंब शुल्क लागेल.",No,No,No
ham,सोसायटीची वार्षिक सभा 11-09-2026 रोजी संध्याकाळी 6 वाजता क्लबहाऊसमध्ये आहे.,No,No,No
ham,स्मरणपत्र: सोसायटीची देखभाल फी 15-02-2026 पर्यंत भरा अन्यथा विलंब शुल्क लागेल.,No,No,No
ham,"स्मरणपत्र: लायब्ररीची पुस्तके 14-06-2026 पर्यंत परत करायची आहेत, त्यानंतर विलंब शुल्क लागेल.",No,No,No
ham,स्मरणपत्र: सोसायटीची देखभाल फी 23-01-2026 पर्यंत भरा अन्यथा विलंब शुल्क लागेल.,No,No,No
ham,उद्यान 01-10-2025 ते 25-11-2025 पर्यंत नूतनीकरणासाठी बंद राहील.,No,No,No
ham,"स्मरणपत्र: लायब्ररीची पुस्तके 22-04-2025 पर्यंत परत करायची आहेत, त्यानंतर विलंब शुल्क लागेल.",No,No,No
ham,"स्मरणपत्र: लायब्ररीची पुस्तके 16-05-2025 पर्यंत परत करायची आहेत, त्यानंतर विलंब शुल्क लागेल.",No,No,No
ham,सोसायटीची वार्षिक सभा 09-08-2026 रोजी संध्याकाळी 6 वाजता क्लबहाऊसमध्ये आहे.,No,No,No
ham,सोसायटीची वार्षिक सभा 16-02-2026 रोजी संध्याकाळी 6 वाजता क्लबहाऊसमध्ये आहे.,No,No,No
ham,"स्मरणपत्र: लायब्ररीची पुस्तके 08-10-2025 पर्यंत परत करायची आहेत, त्यानंतर विलंब शुल्क लागेल.",No,No,No
ham,स्मरणपत्र: सोसायटीची देखभाल फी 25-07-2026 पर्यंत भरा अन्यथा विलंब शुल्क लागेल.,No,No,No
ham,सोसायटीची वार्षिक सभा 14-09-2025 रोजी संध्याकाळी 6 वाजता क्लबहाऊसमध्ये आहे.,No,No,No
ham,स्मरणपत्र: सोसायटीची देखभाल फी 25-07-2025 पर्यंत भरा अन्यथा विलंब शुल्क लागेल.,No,No,No
ham,"स्मरणपत्र: लायब्ररीची पुस्तके 01-08-2025 पर्यंत परत करायची आहेत, त्यानंतर विलंब शुल्क लागेल.",No,No,No
ham,स्मरणपत्र: सोसायटीची देखभाल फी 01-04-2026 पर्यंत भरा अन्यथा विलंब शुल्क लागेल.,No,No,No
ham,स्मरणपत्र: सोसायटीची देखभाल फी 08-04-2025 पर्यंत भरा अन्यथा विलंब शुल्क लागेल.,No,No,No
ham,स्मरणपत्र: सोसायटीची देखभाल फी 06-07-2025 पर्यंत भरा अन्यथा विलंब शुल्क लागेल.,No,No,No
ham,सोसायटीची वार्षिक सभा 13-11-2026 रोजी संध्याकाळी 6 वाजता क्लबहाऊसमध्ये आहे.,No,No,No
ham,सोसायटीची वार्षिक सभा 22-05-2026 रोजी संध्याकाळी 6 वाजता क्लबहाऊसमध्ये आहे.,No,No,No
ham,उद्यान 07-01-2026 ते 26-09-2026 पर्यंत नूतनीकरणासाठी बंद राहील.,No,No,No
ham,उद्यान 05-08-2025 ते 20-11-2026 पर्यंत नूतनीकरणासाठी बंद राहील.,No,No,No
ham,सोसायटीची वार्षिक सभा 15-09-2026 रोजी संध्याकाळी 6 वाजता क्लबहाऊसमध्ये आहे.,No,No,No
ham,स्मरणपत्र: सोसायटीची देखभाल फी 08-04-2026 पर्यंत भरा अन्यथा विलंब शुल्क लागेल.,No,No,No
ham,सोसायटीची वार्षिक सभा 09-08-2025 रोजी संध्याकाळी 6 वाजता क्लबहाऊसमध्ये आहे.,No,No,No
ham,स्मरणपत्र: सोसायटीची देखभाल फी 27-11-2025 पर्यंत भरा अन्यथा विलंब शुल्क लागेल.,No,No,No
ham,सोसायटीची वार्षिक सभा 12-11-2025 रोजी संध्याकाळी 6 वाजता क्लबहाऊसमध्ये आहे.,No,No,No
ham,"स्मरणपत्र: लायब्ररीची पुस्तके 14-03-2025 पर्यंत परत करायची आहेत, त्यानंतर विलंब शुल्क लागेल.",No,No,No
ham,सोसायटीची वार्षिक सभा 01-05-2025 रोजी संध्याकाळी 6 वाजता क्लबहाऊसमध्ये आहे.,No,No,No
ham,स्मरणपत्र: सोसायटीची देखभाल फी 01-10-2026 पर्यंत भरा अन्यथा विलंब शुल्क लागेल.,No,No,No
ham,उद्यान 19-05-2026 ते 04-05-2025 पर्यंत नूतनीकरणासाठी बंद राहील.,No,No,No
ham,"स्मरणपत्र: लायब्ररीची पुस्तके 22-07-2026 पर्यंत परत करायची आहेत, त्यानंतर विलंब शुल्क लागेल.",No,No,No
ham,सोसायटीची वार्षिक सभा 20-04-2026 रोजी संध्याकाळी 6 वाजता क्लबहाऊसमध्ये आहे.,No,No,No
ham,स्मरणपत्र: सोसायटीची देखभाल फी 18-03-2026 पर्यंत भरा अन्यथा विलंब शुल्क लागेल.,No,No,No
ham,उद्यान 21-10-2025 ते 09-11-2025 पर्यंत नूतनीकरणासाठी बंद राहील.,No,No,No
ham,उद्यान 28-05-2025 ते 18-04-2026 पर्यंत नूतनीकरणासाठी बंद राहील.,No,No,No
ham,उद्यान 01-11-2025 ते 26-01-2025 पर्यंत नूतनीकरणासाठी बंद राहील.,No,No,No
ham,उद्यान 21-10-2026 ते 25-05-2025 पर्यंत नूतनीकरणासाठी बंद राहील.,No,No,No
ham,उद्यान 11-07-2026 ते 03-03-2026 पर्यंत नूतनीकरणासाठी बंद राहील.,No,No,No
ham,उद्यान 20-04-2025 ते 17-04-2026 पर्यंत नूतनीकरणासाठी बंद राहील.,No,No,No
ham,उद्यान 08-06-2026 ते 08-02-2025 पर्यंत नूतनीकरणासाठी बंद राहील.,No,No,No
ham,उद्यान 16-01-2025 ते 24-01-2025 पर्यंत नूतनीकरणासाठी बंद राहील.,No,No,No
ham,उद्यान 24-10-2026 ते 27-07-2025 पर्यंत नूतनीकरणासाठी बंद राहील.,No,No,No
ham,उद्यान 10-11-2026 ते 16-06-2025 पर्यंत नूतनीकरणासाठी बंद राहील.,No,No,No
ham,"स्मरणपत्र: लायब्ररीची पुस्तके 28-08-2025 पर्यंत परत करायची आहेत, त्यानंतर विलंब शुल्क लागेल.",No,No,No
ham,स्मरणपत्र: सोसायटीची देखभाल फी 22-01-2026 पर्यंत भरा अन्यथा विलंब शुल्क लागेल.,No,No,No
ham,"स्मरणपत्र: लायब्ररीची पुस्तके 02-02-2025 पर्यंत परत करायची आहेत, त्यानंतर विलंब शुल्क लागेल.",No,No,No
ham,"स्मरणपत्र: लायब्ररीची पुस्तके 07-06-2026 पर्यंत परत करायची आहेत, त्यानंतर विलंब शुल्क लागेल.",No,No,No
ham,स्मरणपत्र: सोसायटीची देखभाल फी 06-07-2026 पर्यंत भरा अन्यथा विलंब शुल्क लागेल.,No,No,No
ham,"स्मरणपत्र: लायब्ररीची पुस्तके 16-08-2025 पर्यंत परत करायची आहेत, त्यानंतर विलंब शुल्क लागेल.",No,No,No
ham,उद्यान 24-12-2025 ते 16-12-2025 पर्यंत नूतनीकरणासाठी बंद राहील.,No,No,No
ham,उद्यान 13-06-2025 ते 03-02-2026 पर्यंत नूतनीकरणासाठी बंद राहील.,No,No,No
ham,उद्यान 11-02-2025 ते 28-07-2025 पर्यंत नूतनीकरणासाठी बंद राहील.,No,No,No
ham,उद्यान 17-08-2025 ते 25-02-2026 पर्यंत नूतनीकरणासाठी बंद राहील.,No,No,No
ham,"स्मरणपत्र: लायब्ररीची पुस्तके 05-04-2026 पर्यंत परत करायची आहेत, त्यानंतर विलंब शुल्क लागेल.",No,No,No
ham,सोसायटीची वार्षिक सभा 12-12-2025 रोजी संध्याकाळी 6 वाजता क्लबहाऊसमध्ये आहे.,No,No,No
ham,उद्यान 08-12-2026 ते 13-11-2026 पर्यंत नूतनीकरणासाठी बंद राहील.,No,No,No
ham,सोसायटीची वार्षिक सभा 13-08-2025 रोजी संध्याकाळी 6 वाजता क्लबहाऊसमध्ये आहे.,No,No,No
ham,"स्मरणपत्र: लायब्ररीची पुस्तके 05-07-2026 पर्यंत परत करायची आहेत, त्यानंतर विलंब शुल्क लागेल.",No,No,No
ham,"स्मरणपत्र: लायब्ररीची पुस्तके 13-07-2025 पर्यंत परत करायची आहेत, त्यानंतर विलंब शुल्क लागेल.",No,No,No
ham,स्मरणपत्र: सोसायटीची देखभाल फी 21-10-2026 पर्यंत भरा अन्यथा विलंब शुल्क लागेल.,No,No,No
ham,उद्यान 11-07-2025 ते 12-04-2025 पर्यंत नूतनीकरणासाठी बंद राहील.,No,No,No
ham,उद्यान 05-10-2025 ते 06-11-2025 पर्यंत नूतनीकरणासाठी बंद राहील.,No,No,No
ham,उद्यान 08-11-2026 ते 12-01-2026 पर्यंत नूतनीकरणासाठी बंद राहील.,No,No,No
ham,स्मरणपत्र: सोसायटीची देखभाल फी 02-10-2026 पर्यंत भरा अन्यथा विलंब शुल्क लागेल.,No,No,No
ham,उद्यान 28-09-2025 ते 13-08-2026 पर्यंत नूतनीकरणासाठी बंद राहील.,No,No,No
ham,"स्मरणपत्र: लायब्ररीची पुस्तके 09-07-2025 पर्यंत परत करायची आहेत, त्यानंतर विलंब शुल्क लागेल.",No,No,No
ham,उद्यान 08-01-2026 ते 01-11-2025 पर्यंत नूतनीकरणासाठी बंद राहील.,No,No,No
ham,स्मरणपत्र: सोसायटीची देखभाल फी 12-06-2026 पर्यंत भरा अन्यथा विलंब शुल्क लागेल.,No,No,No
ham,स्मरणपत्र: सोसायटीची देखभाल फी 15-07-2025 पर्यंत भरा अन्यथा विलंब शुल्क लागेल.,No,No,No
ham,उद्यान 07-01-2025 ते 24-07-2026 पर्यंत नूतनीकरणासाठी बंद राहील.,No,No,No
ham,स्मरणपत्र: सोसायटीची देखभाल फी 07-12-2025 पर्यंत भरा अन्यथा विलंब शुल्क लागेल.,No,No,No
ham,उद्यान 15-04-2025 ते 23-09-2026 पर्यंत नूतनीकरणासाठी बंद राहील.,No,No,No
ham,स्मरणपत्र: सोसायटीची देखभाल फी 10-01-2025 पर्यंत भरा अन्यथा विलंब शुल्क लागेल.,No,No,No
ham,सोसायटीची वार्षिक सभा 22-12-2026 रोजी संध्याकाळी 6 वाजता क्लबहाऊसमध्ये आहे.,No,No,No
ham,"स्मरणपत्र: लायब्ररीची पुस्तके 05-03-2025 पर्यंत परत करायची आहेत, त्यानंतर विलंब शुल्क लागेल.",No,No,No
ham,सोसायटीची वार्षिक सभा 11-06-2025 रोजी संध्याकाळी 6 वाजता क्लबहाऊसमध्ये आहे.,No,No,No
ham,उद्यान 06-05-2026 ते 12-01-2026 पर्यंत नूतनीकरणासाठी बंद राहील.,No,No,No
ham,स्मरणपत्र: सोसायटीची देखभाल फी 07-05-2025 पर्यंत भरा अन्यथा विलंब शुल्क लागेल.,No,No,No
ham,"स्मरणपत्र: लायब्ररीची पुस्तके 01-07-2026 पर्यंत परत करायची आहेत, त्यानंतर विलंब शुल्क लागेल.",No,No,No
ham,स्मरणपत्र: सोसायटीची देखभाल फी 03-04-2026 पर्यंत भरा अन्यथा विलंब शुल्क लागेल.,No,No,No
ham,"स्मरणपत्र: लायब्ररीची पुस्तके 01-07-2025 पर्यंत परत करायची आहेत, त्यानंतर विलंब शुल्क लागेल.",No,No,No
ham,उद्यान 25-02-2026 ते 07-01-2025 पर्यंत नूतनीकरणासाठी बंद राहील.,No,No,No
ham,सोसायटीची वार्षिक सभा 03-09-2026 रोजी संध्याकाळी 6 वाजता क्लबहाऊसमध्ये आहे.,No,No,No
ham,स्मरणपत्र: सोसायटीची देखभाल फी 17-09-2026 पर्यंत भरा अन्यथा विलंब शुल्क लागेल.,No,No,No
ham,सोसायटीची वार्षिक सभा 18-10-2025 रोजी संध्याकाळी 6 वाजता क्लबहाऊसमध्ये आहे.,No,No,No
ham,उद्यान 11-06-2025 ते 24-06-2025 पर्यंत नूतनीकरणासाठी बंद राहील.,No,No,No
ham,उद्यान 23-04-2025 ते 16-12-2026 पर्यंत नूतनीकरणासाठी बंद राहील.,No,No,No
ham,स्मरणपत्र: सोसायटीची देखभाल फी 14-07-2025 पर्यंत भरा अन्यथा विलंब शुल्क लागेल.,No,No,No
ham,"स्मरणपत्र: लायब्ररीची पुस्तके 22-08-2025 पर्यंत परत करायची आहेत, त्यानंतर विलंब शुल्क लागेल.",No,No,No
ham,"स्मरणपत्र: लायब्ररीची पुस्तके 23-12-2025 पर्यंत परत करायची आहेत, त्यानंतर विलंब शुल्क लागेल.",No,No,No
ham,स्मरणपत्र: सोसायटीची देखभाल फी 07-11-2025 पर्यंत भरा अन्यथा विलंब शुल्क लागेल.,No,No,No
ham,स्मरणपत्र: सोसायटीची देखभाल फी 03-06-2026 पर्यंत भरा अन्यथा विलंब शुल्क लागेल.,No,No,No
ham,उद्यान 08-09-2025 ते 09-08-2026 पर्यंत नूतनीकरणासाठी बंद राहील.,No,No,No
ham,"स्मरणपत्र: लायब्ररीची पुस्तके 02-05-2026 पर्यंत परत करायची आहेत, त्यानंतर विलंब शुल्क लागेल.",No,No,No
ham,स्मरणपत्र: सोसायटीची देखभाल फी 06-09-2025 पर्यंत भरा अन्यथा विलंब शुल्क लागेल.,No,No,No
ham,स्मरणपत्र: सोसायटीची देखभाल फी 03-02-2026 पर्यंत भरा अन्यथा विलंब शुल्क लागेल.,No,No,No
ham,उद्यान 26-03-2026 ते 01-05-2026 पर्यंत नूतनीकरणासाठी बंद राहील.,No,No,No
ham,स्मरणपत्र: सोसायटीची देखभाल फी 28-01-2026 पर्यंत भरा अन्यथा विलंब शुल्क लागेल.,No,No,No
ham,सोसायटीची वार्षिक सभा 23-02-2026 रोजी संध्याकाळी 6 वाजता क्लबहाऊसमध्ये आहे.,No,No,No
ham,"स्मरणपत्र: लायब्ररीची पुस्तके 11-10-2026 पर्यंत परत करायची आहेत, त्यानंतर विलंब शुल्क लागेल.",No,No,No
ham,"स्मरणपत्र: लायब्ररीची पुस्तके 27-05-2026 पर्यंत परत करायची आहेत, त्यानंतर विलंब शुल्क लागेल.",No,No,No
ham,सोसायटीची वार्षिक सभा 27-11-2026 रोजी संध्याकाळी 6 वाजता क्लबहाऊसमध्ये आहे.,No,No,No
ham,"स्मरणपत्र: लायब्ररीची पुस्तके 15-09-2026 पर्यंत परत करायची आहेत, त्यानंतर विलंब शुल्क लागेल.",No,No,No
ham,स्मरणपत्र: सोसायटीची देखभाल फी 03-04-2025 पर्यंत भरा अन्यथा विलंब शुल्क लागेल.,No,No,No
ham,स्मरणपत्र: सोसायटीची देखभाल फी 07-11-2026 पर्यंत भरा अन्यथा विलंब शुल्क लागेल.,No,No,No
ham,उद्यान 19-03-2026 ते 23-11-2025 पर्यंत नूतनीकरणासाठी बंद राहील.,No,No,No
ham,स्मरणपत्र: सोसायटीची देखभाल फी 25-09-2025 पर्यंत भरा अन्यथा विलंब शुल्क लागेल.,No,No,No
ham,उद्यान 20-08-2026 ते 25-03-2026 पर्यंत नूतनीकरणासाठी बंद राहील.,No,No,No
ham,"स्मरणपत्र: लायब्ररीची पुस्तके 13-07-2026 पर्यंत परत करायची आहेत, त्यानंतर विलंब शुल्क लागेल.",No,No,No
ham,सोसायटीची वार्षिक सभा 16-09-2026 रोजी संध्याकाळी 6 वाजता क्लबहाऊसमध्ये आहे.,No,No,No
ham,सोसायटीची वार्षिक सभा 08-11-2026 रोजी संध्याकाळी 6 वाजता क्लबहाऊसमध्ये आहे.,No,No,No
ham,सोसायटीची वार्षिक सभा 10-07-2026 रोजी संध्याकाळी 6 वाजता क्लबहाऊसमध्ये आहे.,No,No,No
ham,"स्मरणपत्र: लायब्ररीची पुस्तके 18-03-2025 पर्यंत परत करायची आहेत, त्यानंतर विलंब शुल्क लागेल.",No,No,No
ham,सोसायटीची वार्षिक सभा 24-03-2026 रोजी संध्याकाळी 6 वाजता क्लबहाऊसमध्ये आहे.,No,No,No
ham,उद्यान 24-06-2026 ते 28-11-2025 पर्यंत नूतनीकरणासाठी बंद राहील.,No,No,No
ham,उद्यान 04-09-2025 ते 15-12-2026 पर्यंत नूतनीकरणासाठी बंद राहील.,No,No,No
ham,स्मरणपत्र: सोसायटीची देखभाल फी 01-05-2026 पर्यंत भरा अन्यथा विलंब शुल्क लागेल.,No,No,No
ham,सोसायटीची वार्षिक सभा 26-08-2025 रोजी संध्याकाळी 6 वाजता क्लबहाऊसमध्ये आहे.,No,No,No
ham,सोसायटीची वार्षिक सभा 06-08-2025 रोजी संध्याकाळी 6 वाजता क्लबहाऊसमध्ये आहे.,No,No,No
ham,सोसायटीची वार्षिक सभा 11-10-2026 रोजी संध्याकाळी 6 वाजता क्लबहाऊसमध्ये आहे.,No,No,No
ham,सोसायटीची वार्षिक सभा 27-05-2026 रोजी संध्याकाळी 6 वाजता क्लबहाऊसमध्ये आहे.,No,No,No
ham,उद्यान 14-05-2025 ते 15-12-2026 पर्यंत नूतनीकरणासाठी बंद राहील.,No,No,No
ham,"स्मरणपत्र: लायब्ररीची पुस्तके 10-03-2026 पर्यंत परत करायची आहेत, त्यानंतर विलंब शुल्क लागेल.",No,No,No
ham,"स्मरणपत्र: लायब्ररीची पुस्तके 11-05-2026 पर्यंत परत करायची आहेत, त्यानंतर विलंब शुल्क लागेल.",No,No,No
ham,"स्मरणपत्र: लायब्ररीची पुस्तके 23-02-2025 पर्यंत परत करायची आहेत, त्यानंतर विलंब शुल्क लागेल.",No,No,No
ham,उद्यान 18-08-2026 ते 23-02-2025 पर्यंत नूतनीकरणासाठी बंद राहील.,No,No,No
ham,"स्मरणपत्र: लायब्ररीची पुस्तके 14-12-2025 पर्यंत परत करायची आहेत, त्यानंतर विलंब शुल्क लागेल.",No,No,No
ham,उद्यान 20-03-2025 ते 23-09-2026 पर्यंत नूतनीकरणासाठी बंद राहील.,No,No,No
ham,"स्मरणपत्र: लायब्ररीची पुस्तके 16-06-2025 पर्यंत परत करायची आहेत, त्यानंतर विलंब शुल्क लागेल.",No,No,No
ham,उद्यान 25-12-2025 ते 20-02-2025 पर्यंत नूतनीकरणासाठी बंद राहील.,No,No,No
ham,"स्मरणपत्र: लायब्ररीची पुस्तके 07-09-2026 पर्यंत परत करायची आहेत, त्यानंतर विलंब शुल्क लागेल.",No,No,No
ham,सोसायटीची वार्षिक सभा 08-07-2026 रोजी संध्याकाळी 6 वाजता क्लबहाऊसमध्ये आहे.,No,No,No
ham,उद्यान 19-02-2026 ते 16-09-2025 पर्यंत नूतनीकरणासाठी बंद राहील.,No,No,No
ham,उद्यान 13-12-2025 ते 04-12-2026 पर्यंत नूतनीकरणासाठी बंद राहील.,No,No,No
ham,स्मरणपत्र: सोसायटीची देखभाल फी 19-09-2025 पर्यंत भरा अन्यथा विलंब शुल्क लागेल.,No,No,No
ham,उद्यान 27-04-2026 ते 23-09-2026 पर्यंत नूतनीकरणासाठी बंद राहील.,No,No,No
ham,सोसायटीची वार्षिक सभा 09-05-2026 रोजी संध्याकाळी 6 वाजता क्लबहाऊसमध्ये आहे.,No,No,No
ham,सोसायटीची वार्षिक सभा 18-08-2025 रोजी संध्याकाळी 6 वाजता क्लबहाऊसमध्ये आहे.,No,No,No
ham,स्मरणपत्र: सोसायटीची देखभाल फी 26-11-2025 पर्यंत भरा अन्यथा विलंब शुल्क लागेल.,No,No,No
ham,उद्यान 21-06-2026 ते 10-07-2026 पर्यंत नूतनीकरणासाठी बंद राहील.,No,No,No
ham,स्मरणपत्र: सोसायटीची देखभाल फी 13-02-2026 पर्यंत भरा अन्यथा विलंब शुल्क लागेल.,No,No,No
ham,स्मरणपत्र: सोसायटीची देखभाल फी 01-02-2025 पर्यंत भरा अन्यथा विलंब शुल्क लागेल.,No,No,No
ham,उद्यान 23-02-2026 ते 02-06-2025 पर्यंत नूतनीकरणासाठी बंद राहील.,No,No,No
ham,उद्यान 15-10-2026 ते 12-02-2026 पर्यंत नूतनीकरणासाठी बंद राहील.,No,No,No
ham,"स्मरणपत्र: लायब्ररीची पुस्तके 19-09-2025 पर्यंत परत करायची आहेत, त्यानंतर विलंब शुल्क लागेल.",No,No,No
ham,स्मरणपत्र: सोसायटीची देखभाल फी 23-07-2026 पर्यंत भरा अन्यथा विलंब शुल्क लागेल.,No,No,No
ham,उद्यान 01-01-2026 ते 04-02-2025 पर्यंत नूतनीकरणासाठी बंद राहील.,No,No,No
ham,उद्यान 11-12-2025 ते 14-12-2026 पर्यंत नूतनीकरणासाठी बंद राहील.,No,No,No
ham,उद्यान 28-08-2025 ते 13-03-2026 पर्यंत नूतनीकरणासाठी बंद राहील.,No,No,No
ham,उद्यान 11-09-2026 ते 09-01-2026 पर्यंत नूतनीकरणासाठी बंद राहील.,No,No,No
ham,स्मरणपत्र: सोसायटीची देखभाल फी 28-03-2026 पर्यंत भरा अन्यथा विलंब शुल्क लागेल.,No,No,No
ham,उद्यान 13-02-2025 ते 20-09-2026 पर्यंत नूतनीकरणासाठी बंद राहील.,No,No,No
ham,उद्यान 10-11-2026 ते 02-04-2025 पर्यंत नूतनीकरणासाठी बंद राहील.,No,No,No
ham,स्मरणपत्र: सोसायटीची देखभाल फी 13-03-2026 पर्यंत भरा अन्यथा विलंब शुल्क लागेल.,No,No,No
ham,स्मरणपत्र: सोसायटीची देखभाल फी 22-01-2025 पर्यंत भरा अन्यथा विलंब शुल्क लागेल.,No,No,No
ham,उद्यान 16-12-2025 ते 24-12-2025 पर्यंत नूतनीकरणासाठी बंद राहील.,No,No,No
ham,उद्यान 19-04-2026 ते 11-02-2026 पर्यंत नूतनीकरणासाठी बंद राहील.,No,No,No
ham,"स्मरणपत्र: लायब्ररीची पुस्तके 23-04-2026 पर्यंत परत करायची आहेत, त्यानंतर विलंब शुल्क लागेल.",No,No,No
ham,"स्मरणपत्र: लायब्ररीची पुस्तके 22-02-2026 पर्यंत परत करायची आहेत, त्यानंतर विलंब शुल्क लागेल.",No,No,No
ham,उद्यान 14-09-2026 ते 17-09-2025 पर्यंत नूतनीकरणासाठी बंद राहील.,No,No,No
ham,स्मरणपत्र: सोसायटीची देखभाल फी 02-07-2026 पर्यंत भरा अन्यथा विलंब शुल्क लागेल.,No,No,No
ham,सोसायटीची वार्षिक सभा 06-03-2026 रोजी संध्याकाळी 6 वाजता क्लबहाऊसमध्ये आहे.,No,No,No
ham,उद्यान 23-04-2026 ते 01-05-2026 पर्यंत नूतनीकरणासाठी बंद राहील.,No,No,No
ham,"स्मरणपत्र: लायब्ररीची पुस्तके 22-04-2026 पर्यंत परत करायची आहेत, त्यानंतर विलंब शुल्क लागेल.",No,No,No
ham,उद्यान 05-08-2025 ते 19-11-2026 पर्यंत नूतनीकरणासाठी बंद राहील.,No,No,No
ham,उद्यान 15-02-2026 ते 05-02-2026 पर्यंत नूतनीकरणासाठी बंद राहील.,No,No,No
ham,उद्यान 13-11-2025 ते 21-11-2026 पर्यंत नूतनीकरणासाठी बंद राहील.,No,No,No
ham,स्मरणपत्र: सोसायटीची देखभाल फी 02-07-2025 पर्यंत भरा अन्यथा विलंब शुल्क लागेल.,No,No,No
ham,सोसायटीची वार्षिक सभा 14-07-2025 रोजी संध्याकाळी 6 वाजता क्लबहाऊसमध्ये आहे.,No,No,No
ham,"स्मरणपत्र: लायब्ररीची पुस्तके 27-10-2025 पर्यंत परत करायची आहेत, त्यानंतर विलंब शुल्क लागेल.",No,No,No
ham,उद्यान 07-08-2026 ते 17-08-2025 पर्यंत नूतनीकरणासाठी बंद राहील.,No,No,No
ham,"स्मरणपत्र: लायब्ररीची पुस्तके 11-03-2026 पर्यंत परत करायची आहेत, त्यानंतर विलंब शुल्क लागेल.",No,No,No
ham,उद्यान 17-04-2025 ते 11-11-2025 पर्यंत नूतनीकरणासाठी बंद राहील.,No,No,No
ham,उद्यान 02-02-2026 ते 07-10-2026 पर्यंत नूतनीकरणासाठी बंद राहील.,No,No,No
ham,सोसायटीची वार्षिक सभा 22-01-2026 रोजी संध्याकाळी 6 वाजता क्लबहाऊसमध्ये आहे.,No,No,No
ham,स्मरणपत्र: सोसायटीची देखभाल फी 19-05-2025 पर्यंत भरा अन्यथा विलंब शुल्क लागेल.,No,No,No
ham,उद्यान 10-04-2025 ते 15-12-2025 पर्यंत नूतनीकरणासाठी बंद राहील.,No,No,No
ham,"स्मरणपत्र: लायब्ररीची पुस्तके 04-09-2026 पर्यंत परत करायची आहेत, त्यानंतर विलंब शुल्क लागेल.",No,No,No
ham,"स्मरणपत्र: लायब्ररीची पुस्तके 19-05-2025 पर्यंत परत करायची आहेत, त्यानंतर विलंब शुल्क लागेल.",No,No,No
ham,"स्मरणपत्र: लायब्ररीची पुस्तके 21-02-2026 पर्यंत परत करायची आहेत, त्यानंतर विलंब शुल्क लागेल.",No,No,No
ham,उद्यान 13-03-2025 ते 16-08-2026 पर्यंत नूतनीकरणासाठी बंद राहील.,No,No,No
ham,उद्यान 19-11-2026 ते 05-04-2025 पर्यंत नूतनीकरणासाठी बंद राहील.,No,No,No
ham,सोसायटीची वार्षिक सभा 16-03-2026 रोजी संध्याकाळी 6 वाजता क्लबहाऊसमध्ये आहे.,No,No,No
ham,सोसायटीची वार्षिक सभा 13-03-2026 रोजी संध्याकाळी 6 वाजता क्लबहाऊसमध्ये आहे.,No,No,No
ham,स्मरणपत्र: सोसायटीची देखभाल फी 01-02-2026 पर्यंत भरा अन्यथा विलंब शुल्क लागेल.,No,No,No
ham,उद्यान 08-05-2025 ते 22-03-2025 पर्यंत नूतनीकरणासाठी बंद राहील.,No,No,No
ham,उद्यान 27-02-2026 ते 04-12-2025 पर्यंत नूतनीकरणासाठी बंद राहील.,No,No,No
ham,"स्मरणपत्र: लायब्ररीची पुस्तके 24-06-2026 पर्यंत परत करायची आहेत, त्यानंतर विलंब शुल्क लागेल.",No,No,No
ham,स्मरणपत्र: सोसायटीची देखभाल फी 11-01-2026 पर्यंत भरा अन्यथा विलंब शुल्क लागेल.,No,No,No
ham,उद्यान 09-08-2025 ते 06-03-2026 पर्यंत नूतनीकरणासाठी बंद राहील.,No,No,No
ham,"स्मरणपत्र: लायब्ररीची पुस्तके 28-01-2025 पर्यंत परत करायची आहेत, त्यानंतर विलंब शुल्क लागेल.",No,No,No
ham,"स्मरणपत्र: लायब्ररीची पुस्तके 15-10-2025 पर्यंत परत करायची आहेत, त्यानंतर विलंब शुल्क लागेल.",No,No,No
ham,उद्यान 08-02-2025 ते 26-10-2026 पर्यंत नूतनीकरणासाठी बंद राहील.,No,No,No
ham,स्मरणपत्र: सोसायटीची देखभाल फी 20-07-2025 पर्यंत भरा अन्यथा विलंब शुल्क लागेल.,No,No,No
ham,उद्यान 01-02-2025 ते 05-11-2025 पर्यंत नूतनीकरणासाठी बंद राहील.,No,No,No
ham,उद्यान 24-06-2025 ते 07-11-2025 पर्यंत नूतनीकरणासाठी बंद राहील.,No,No,No
ham,सोसायटीची वार्षिक सभा 09-04-2025 रोजी संध्याकाळी 6 वाजता क्लबहाऊसमध्ये आहे.,No,No,No
ham,"स्मरणपत्र: लायब्ररीची पुस्तके 07-11-2026 पर्यंत परत करायची आहेत, त्यानंतर विलंब शुल्क लागेल.",No,No,No
ham,सोसायटीची वार्षिक सभा 27-07-2026 रोजी संध्याकाळी 6 वाजता क्लबहाऊसमध्ये आहे.,No,No,No
ham,"स्मरणपत्र: लायब्ररीची पुस्तके 27-09-2026 पर्यंत परत करायची आहेत, त्यानंतर विलंब शुल्क लागेल.",No,No,No
ham,स्मरणपत्र: सोसायटीची देखभाल फी 12-05-2025 पर्यंत भरा अन्यथा विलंब शुल्क लागेल.,No,No,No
ham,"स्मरणपत्र: लायब्ररीची पुस्तके 12-09-2026 पर्यंत परत करायची आहेत, त्यानंतर विलंब शुल्क लागेल.",No,No,No
ham,"स्मरणपत्र: लायब्ररीची पुस्तके 11-08-2026 पर्यंत परत करायची आहेत, त्यानंतर विलंब शुल्क लागेल.",No,No,No
ham,स्मरणपत्र: सोसायटीची देखभाल फी 15-07-2026 पर्यंत भरा अन्यथा विलंब शुल्क लागेल.,No,No,No
ham,उद्यान 16-06-2025 ते 24-06-2025 पर्यंत नूतनीकरणासाठी बंद राहील.,No,No,No
ham,सोसायटीची वार्षिक सभा 01-05-2026 रोजी संध्याकाळी 6 वाजता क्लबहाऊसमध्ये आहे.,No,No,No
ham,सोसायटीची वार्षिक सभा 23-08-2026 रोजी संध्याकाळी 6 वाजता क्लबहाऊसमध्ये आहे.,No,No,No
ham,सोसायटीची वार्षिक सभा 14-09-2026 रोजी संध्याकाळी 6 वाजता क्लबहाऊसमध्ये आहे.,No,No,No
ham,"स्मरणपत्र: लायब्ररीची पुस्तके 17-07-2025 पर्यंत परत करायची आहेत, त्यानंतर विलंब शुल्क लागेल.",No,No,No
ham,उद्यान 21-05-2025 ते 19-05-2026 पर्यंत नूतनीकरणासाठी बंद राहील.,No,No,No
ham,सोसायटीची वार्षिक सभा 07-11-2025 रोजी संध्याकाळी 6 वाजता क्लबहाऊसमध्ये आहे.,No,No,No
ham,स्मरणपत्र: सोसायटीची देखभाल फी 07-09-2025 पर्यंत भरा अन्यथा विलंब शुल्क लागेल.,No,No,No
ham,"स्मरणपत्र: लायब्ररीची पुस्तके 11-05-2025 पर्यंत परत करायची आहेत, त्यानंतर विलंब शुल्क लागेल.",No,No,No
ham,उद्यान 06-04-2025 ते 10-08-2025 पर्यंत नूतनीकरणासाठी बंद राहील.,No,No,No
ham,स्मरणपत्र: सोसायटीची देखभाल फी 25-03-2025 पर्यंत भरा अन्यथा विलंब शुल्क लागेल.,No,No,No
ham,स्मरणपत्र: सोसायटीची देखभाल फी 02-09-2026 पर्यंत भरा अन्यथा विलंब शुल्क लागेल.,No,No,No
ham,स्मरणपत्र: सोसायटीची देखभाल फी 06-11-2026 पर्यंत भरा अन्यथा विलंब शुल्क लागेल.,No,No,No
ham,उद्यान 22-03-2026 ते 14-10-2025 पर्यंत नूतनीकरणासाठी बंद राहील.,No,No,No
ham,स्मरणपत्र: सोसायटीची देखभाल फी 20-03-2025 पर्यंत भरा अन्यथा विलंब शुल्क लागेल.,No,No,No
ham,सोसायटीची वार्षिक सभा 03-04-2025 रोजी संध्याकाळी 6 वाजता क्लबहाऊसमध्ये आहे.,No,No,No
ham,"स्मरणपत्र: लायब्ररीची पुस्तके 20-11-2026 पर्यंत परत करायची आहेत, त्यानंतर विलंब शुल्क लागेल.",No,No,No
ham,उद्यान 15-02-2025 ते 04-12-2025 पर्यंत नूतनीकरणासाठी बंद राहील.,No,No,No
ham,उद्यान 04-09-2025 ते 16-09-2025 पर्यंत नूतनीकरणासाठी बंद राहील.,No,No,No
ham,सोसायटीची वार्षिक सभा 08-02-2026 रोजी संध्याकाळी 6 वाजता क्लबहाऊसमध्ये आहे.,No,No,No
ham,उद्यान 14-05-2026 ते 20-08-2026 पर्यंत नूतनीकरणासाठी बंद राहील.,No,No,No
ham,उद्यान 16-03-2025 ते 12-04-2026 पर्यंत नूतनीकरणासाठी बंद राहील.,No,No,No
ham,उद्यान 03-10-2025 ते 05-10-2025 पर्यंत नूतनीकरणासाठी बंद राहील.,No,No,No
ham,"स्मरणपत्र: लायब्ररीची पुस्तके 08-07-2025 पर्यंत परत करायची आहेत, त्यानंतर विलंब शुल्क लागेल.",No,No,No
ham,"स्मरणपत्र: लायब्ररीची पुस्तके 12-06-2025 पर्यंत परत करायची आहेत, त्यानंतर विलंब शुल्क लागेल.",No,No,No
ham,उद्यान 01-10-2026 ते 02-07-2025 पर्यंत नूतनीकरणासाठी बंद राहील.,No,No,No
ham,उद्यान 09-01-2026 ते 27-04-2025 पर्यंत नूतनीकरणासाठी बंद राहील.,No,No,No
ham,सोसायटीची वार्षिक सभा 07-03-2025 रोजी संध्याकाळी 6 वाजता क्लबहाऊसमध्ये आहे.,No,No,No
ham,"स्मरणपत्र: लायब्ररीची पुस्तके 02-05-2025 पर्यंत परत करायची आहेत, त्यानंतर विलंब शुल्क लागेल.",No,No,No
ham,सोसायटीची वार्षिक सभा 20-05-2025 रोजी संध्याकाळी 6 वाजता क्लबहाऊसमध्ये आहे.,No,No,No
ham,उद्यान 08-01-2025 ते 04-11-2025 पर्यंत नूतनीकरणासाठी बंद राहील.,No,No,No
ham,"स्मरणपत्र: लायब्ररीची पुस्तके 24-11-2026 पर्यंत परत करायची आहेत, त्यानंतर विलंब शुल्क लागेल.",No,No,No
ham,स्मरणपत्र: सोसायटीची देखभाल फी 23-03-2026 पर्यंत भरा अन्यथा विलंब शुल्क लागेल.,No,No,No
ham,"स्मरणपत्र: लायब्ररीची पुस्तके 07-03-2025 पर्यंत परत करायची आहेत, त्यानंतर विलंब शुल्क लागेल.",No,No,No
ham,स्मरणपत्र: सोसायटीची देखभाल फी 23-08-2025 पर्यंत भरा अन्यथा विलंब शुल्क लागेल.,No,No,No
ham,स्मरणपत्र: सोसायटीची देखभाल फी 01-09-2025 पर्यंत भरा अन्यथा विलंब शुल्क लागेल.,No,No,No
ham,सोसायटीची वार्षिक सभा 02-02-2026 रोजी संध्याकाळी 6 वाजता क्लबहाऊसमध्ये आहे.,No,No,No
ham,उद्यान 12-05-2025 ते 07-08-2025 पर्यंत नूतनीकरणासाठी बंद राहील.,No,No,No
ham,उद्यान 10-09-2026 ते 26-12-2025 पर्यंत नूतनीकरणासाठी बंद राहील.,No,No,No
ham,उद्यान 24-10-2025 ते 16-08-2025 पर्यंत नूतनीकरणासाठी बंद राहील.,No,No,No
ham,उद्यान 21-09-2025 ते 14-09-2025 पर्यंत नूतनीकरणासाठी बंद राहील.,No,No,No
ham,"स्मरणपत्र: लायब्ररीची पुस्तके 28-03-2025 पर्यंत परत करायची आहेत, त्यानंतर विलंब शुल्क लागेल.",No,No,No
ham,सोसायटीची वार्षिक सभा 27-12-2026 रोजी संध्याकाळी 6 वाजता क्लबहाऊसमध्ये आहे.,No,No,No
ham,सोसायटीची वार्षिक सभा 04-05-2026 रोजी संध्याकाळी 6 वाजता क्लबहाऊसमध्ये आहे.,No,No,No
ham,स्मरणपत्र: सोसायटीची देखभाल फी 17-04-2025 पर्यंत भरा अन्यथा विलंब शुल्क लागेल.,No,No,No
ham,"स्मरणपत्र: लायब्ररीची पुस्तके 17-11-2026 पर्यंत परत करायची आहेत, त्यानंतर विलंब शुल्क लागेल.",No,No,No
ham,स्मरणपत्र: सोसायटीची देखभाल फी 22-05-2026 पर्यंत भरा अन्यथा विलंब शुल्क लागेल.,No,No,No
ham,सोसायटीची वार्षिक सभा 14-01-2026 रोजी संध्याकाळी 6 वाजता क्लबहाऊसमध्ये आहे.,No,No,No
ham,सोसायटीची वार्षिक सभा 27-05-2025 रोजी संध्याकाळी 6 वाजता क्लबहाऊसमध्ये आहे.,No,No,No
ham,सोसायटीची वार्षिक सभा 28-06-2025 रोजी संध्याकाळी 6 वाजता क्लबहाऊसमध्ये आहे.,No,No,No
ham,"स्मरणपत्र: लायब्ररीची पुस्तके 25-04-2026 पर्यंत परत करायची आहेत, त्यानंतर विलंब शुल्क लागेल.",No,No,No
ham,सोसायटीची वार्षिक सभा 12-05-2025 रोजी संध्याकाळी 6 वाजता क्लबहाऊसमध्ये आहे.,No,No,No
ham,स्मरणपत्र: सोसायटीची देखभाल फी 13-07-2025 पर्यंत भरा अन्यथा विलंब शुल्क लागेल.,No,No,No
ham,सोसायटीची वार्षिक सभा 21-04-2026 रोजी संध्याकाळी 6 वाजता क्लबहाऊसमध्ये आहे.,No,No,No
ham,स्मरणपत्र: सोसायटीची देखभाल फी 20-12-2026 पर्यंत भरा अन्यथा विलंब शुल्क लागेल.,No,No,No
ham,उद्यान 02-11-2025 ते 20-08-2026 पर्यंत नूतनीकरणासाठी बंद राहील.,No,No,No
ham,उद्यान 02-03-2025 ते 05-01-2025 पर्यंत नूतनीकरणासाठी बंद राहील.,No,No,No
ham,उद्यान 08-01-2025 ते 16-11-2025 पर्यंत नूतनीकरणासाठी बंद राहील.,No,No,No
ham,स्मरणपत्र: सोसायटीची देखभाल फी 22-07-2026 पर्यंत भरा अन्यथा विलंब शुल्क लागेल.,No,No,No
ham,स्मरणपत्र: सोसायटीची देखभाल फी 07-10-2026 पर्यंत भरा अन्यथा विलंब शुल्क लागेल.,No,No,No
ham,सोसायटीची वार्षिक सभा 19-05-2025 रोजी संध्याकाळी 6 वाजता क्लबहाऊसमध्ये आहे.,No,No,No
ham,"स्मरणपत्र: लायब्ररीची पुस्तके 09-06-2025 पर्यंत परत करायची आहेत, त्यानंतर विलंब शुल्क लागेल.",No,No,No
ham,उद्यान 14-05-2026 ते 11-07-2025 पर्यंत नूतनीकरणासाठी बंद राहील.,No,No,No
ham,उद्यान 19-06-2026 ते 23-03-2026 पर्यंत नूतनीकरणासाठी बंद राहील.,No,No,No
ham,उद्यान 20-01-2025 ते 02-02-2025 पर्यंत नूतनीकरणासाठी बंद राहील.,No,No,No
ham,स्मरणपत्र: सोसायटीची देखभाल फी 23-10-2025 पर्यंत भरा अन्यथा विलंब शुल्क लागेल.,No,No,No
ham,सोसायटीची वार्षिक सभा 24-10-2026 रोजी संध्याकाळी 6 वाजता क्लबहाऊसमध्ये आहे.,No,No,No
ham,उद्यान 04-09-2025 ते 14-09-2026 पर्यंत नूतनीकरणासाठी बंद राहील.,No,No,No
ham,स्मरणपत्र: सोसायटीची देखभाल फी 07-02-2025 पर्यंत भरा अन्यथा विलंब शुल्क लागेल.,No,No,No
ham,उद्यान 11-07-2025 ते 02-11-2026 पर्यंत नूतनीकरणासाठी बंद राहील.,No,No,No
ham,स्मरणपत्र: सोसायटीची देखभाल फी 13-07-2026 पर्यंत भरा अन्यथा विलंब शुल्क लागेल.,No,No,No
ham,सोसायटीची वार्षिक सभा 06-04-2025 रोजी संध्याकाळी 6 वाजता क्लबहाऊसमध्ये आहे.,No,No,No
ham,स्मरणपत्र: सोसायटीची देखभाल फी 09-11-2025 पर्यंत भरा अन्यथा विलंब शुल्क लागेल.,No,No,No
ham,स्मरणपत्र: सोसायटीची देखभाल फी 17-12-2025 पर्यंत भरा अन्यथा विलंब शुल्क लागेल.,No,No,No
ham,सोसायटीची वार्षिक सभा 04-12-2025 रोजी संध्याकाळी 6 वाजता क्लबहाऊसमध्ये आहे.,No,No,No
ham,"स्मरणपत्र: लायब्ररीची पुस्तके 07-12-2025 पर्यंत परत करायची आहेत, त्यानंतर विलंब शुल्क लागेल.",No,No,No
ham,सोसायटीची वार्षिक सभा 08-12-2026 रोजी संध्याकाळी 6 वाजता क्लबहाऊसमध्ये आहे.,No,No,No
ham,सोसायटीची वार्षिक सभा 23-11-2025 रोजी संध्याकाळी 6 वाजता क्लबहाऊसमध्ये आहे.,No,No,No
ham,सोसायटीची वार्षिक सभा 21-05-2025 रोजी संध्याकाळी 6 वाजता क्लबहाऊसमध्ये आहे.,No,No,No
ham,उद्यान 01-07-2025 ते 28-08-2026 पर्यंत नूतनीकरणासाठी बंद राहील.,No,No,No
ham,"स्मरणपत्र: लायब्ररीची पुस्तके 12-11-2025 पर्यंत परत करायची आहेत, त्यानंतर विलंब शुल्क लागेल.",No,No,No
ham,"स्मरणपत्र: लायब्ररीची पुस्तके 14-10-2026 पर्यंत परत करायची आहेत, त्यानंतर विलंब शुल्क लागेल.",No,No,No
ham,सोसायटीची वार्षिक सभा 10-03-2026 रोजी संध्याकाळी 6 वाजता क्लबहाऊसमध्ये आहे.,No,No,No
ham,स्मरणपत्र: सोसायटीची देखभाल फी 09-02-2026 पर्यंत भरा अन्यथा विलंब शुल्क लागेल.,No,No,No
ham,"स्मरणपत्र: लायब्ररीची पुस्तके 11-02-2026 पर्यंत परत करायची आहेत, त्यानंतर विलंब शुल्क लागेल.",No,No,No
ham,उद्यान 03-05-2025 ते 14-08-2025 पर्यंत नूतनीकरणासाठी बंद राहील.,No,No,No
ham,उद्यान 03-06-2025 ते 15-11-2025 पर्यंत नूतनीकरणासाठी बंद राहील.,No,No,No
ham,उद्यान 08-03-2025 ते 21-09-2025 पर्यंत नूतनीकरणासाठी बंद राहील.,No,No,No
ham,"स्मरणपत्र: लायब्ररीची पुस्तके 24-07-2025 पर्यंत परत करायची आहेत, त्यानंतर विलंब शुल्क लागेल.",No,No,No
ham,"स्मरणपत्र: लायब्ररीची पुस्तके 10-11-2026 पर्यंत परत करायची आहेत, त्यानंतर विलंब शुल्क लागेल.",No,No,No
ham,उद्यान 05-09-2026 ते 27-05-2026 पर्यंत नूतनीकरणासाठी बंद राहील.,No,No,No
ham,सोसायटीची वार्षिक सभा 17-09-2025 रोजी संध्याकाळी 6 वाजता क्लबहाऊसमध्ये आहे.,No,No,No
ham,उद्यान 07-05-2025 ते 18-10-2025 पर्यंत नूतनीकरणासाठी बंद राहील.,No,No,No
ham,सोसायटीची वार्षिक सभा 23-04-2026 रोजी संध्याकाळी 6 वाजता क्लबहाऊसमध्ये आहे.,No,No,No
ham,उद्यान 12-02-2025 ते 27-06-2025 पर्यंत नूतनीकरणासाठी बंद राहील.,No,No,No
ham,"स्मरणपत्र: लायब्ररीची पुस्तके 15-04-2026 पर्यंत परत करायची आहेत, त्यानंतर विलंब शुल्क लागेल.",No,No,No
ham,उद्यान 24-08-2025 ते 18-08-2026 पर्यंत नूतनीकरणासाठी बंद राहील.,No,No,No
ham,उद्यान 08-09-2025 ते 16-06-2025 पर्यंत नूतनीकरणासाठी बंद राहील.,No,No,No
ham,"स्मरणपत्र: लायब्ररीची पुस्तके 04-04-2025 पर्यंत परत करायची आहेत, त्यानंतर विलंब शुल्क लागेल.",No,No,No
ham,सोसायटीची वार्षिक सभा 09-12-2026 रोजी संध्याकाळी 6 वाजता क्लबहाऊसमध्ये आहे.,No,No,No
ham,"स्मरणपत्र: लायब्ररीची पुस्तके 12-02-2025 पर्यंत परत करायची आहेत, त्यानंतर विलंब शुल्क लागेल.",No,No,No
ham,उद्यान 04-04-2025 ते 23-09-2025 पर्यंत नूतनीकरणासाठी बंद राहील.,No,No,No
ham,उद्यान 12-04-2025 ते 13-08-2025 पर्यंत नूतनीकरणासाठी बंद राहील.,No,No,No
ham,सोसायटीची वार्षिक सभा 24-12-2026 रोजी संध्याकाळी 6 वाजता क्लबहाऊसमध्ये आहे.,No,No,No
ham,सोसायटीची वार्षिक सभा 19-07-2026 रोजी संध्याकाळी 6 वाजता क्लबहाऊसमध्ये आहे.,No,No,No
ham,उद्यान 14-05-2026 ते 08-06-2025 पर्यंत नूतनीकरणासाठी बंद राहील.,No,No,No
ham,उद्यान 08-01-2025 ते 02-01-2025 पर्यंत नूतनीकरणासाठी बंद राहील.,No,No,No
ham,"स्मरणपत्र: लायब्ररीची पुस्तके 06-11-2025 पर्यंत परत करायची आहेत, त्यानंतर विलंब शुल्क लागेल.",No,No,No
ham,"स्मरणपत्र: लायब्ररीची पुस्तके 18-07-2025 पर्यंत परत करायची आहेत, त्यानंतर विलंब शुल्क लागेल.",No,No,No
ham,सोसायटीची वार्षिक सभा 08-06-2026 रोजी संध्याकाळी 6 वाजता क्लबहाऊसमध्ये आहे.,No,No,No
ham,स्मरणपत्र: सोसायटीची देखभाल फी 14-11-2026 पर्यंत भरा अन्यथा विलंब शुल्क लागेल.,No,No,No
ham,उद्यान 25-04-2026 ते 09-06-2025 पर्यंत नूतनीकरणासाठी बंद राहील.,No,No,No
ham,उद्यान 08-10-2025 ते 26-10-2026 पर्यंत नूतनीकरणासाठी बंद राहील.,No,No,No
ham,सोसायटीची वार्षिक सभा 21-11-2026 रोजी संध्याकाळी 6 वाजता क्लबहाऊसमध्ये आहे.,No,No,No
ham,स्मरणपत्र: सोसायटीची देखभाल फी 05-05-2025 पर्यंत भरा अन्यथा विलंब शुल्क लागेल.,No,No,No
ham,उद्यान 08-01-2025 ते 03-03-2026 पर्यंत नूतनीकरणासाठी बंद राहील.,No,No,No
ham,"स्मरणपत्र: लायब्ररीची पुस्तके 09-04-2025 पर्यंत परत करायची आहेत, त्यानंतर विलंब शुल्क लागेल.",No,No,No
ham,स्मरणपत्र: सोसायटीची देखभाल फी 06-04-2025 पर्यंत भरा अन्यथा विलंब शुल्क लागेल.,No,No,No
ham,उद्यान 09-04-2026 ते 01-02-2025 पर्यंत नूतनीकरणासाठी बंद राहील.,No,No,No
ham,"स्मरणपत्र: लायब्ररीची पुस्तके 11-03-2025 पर्यंत परत करायची आहेत, त्यानंतर विलंब शुल्क लागेल.",No,No,No
ham,उद्यान 25-11-2025 ते 05-01-2026 पर्यंत नूतनीकरणासाठी बंद राहील.,No,No,No
ham,स्मरणपत्र: सोसायटीची देखभाल फी 26-03-2025 पर्यंत भरा अन्यथा विलंब शुल्क लागेल.,No,No,No
ham,स्मरणपत्र: सोसायटीची देखभाल फी 28-02-2025 पर्यंत भरा अन्यथा विलंब शुल्क लागेल.,No,No,No
ham,"स्मरणपत्र: लायब्ररीची पुस्तके 18-09-2026 पर्यंत परत करायची आहेत, त्यानंतर विलंब शुल्क लागेल.",No,No,No
ham,उद्यान 07-10-2026 ते 15-10-2025 पर्यंत नूतनीकरणासाठी बंद राहील.,No,No,No
ham,"स्मरणपत्र: लायब्ररीची पुस्तके 04-10-2025 पर्यंत परत करायची आहेत, त्यानंतर विलंब शुल्क लागेल.",No,No,No
ham,सोसायटीची वार्षिक सभा 27-10-2025 रोजी संध्याकाळी 6 वाजता क्लबहाऊसमध्ये आहे.,No,No,No
ham,सोसायटीची वार्षिक सभा 24-10-2025 रोजी संध्याकाळी 6 वाजता क्लबहाऊसमध्ये आहे.,No,No,No
ham,स्मरणपत्र: सोसायटीची देखभाल फी 24-12-2026 पर्यंत भरा अन्यथा विलंब शुल्क लागेल.,No,No,No
ham,सोसायटीची वार्षिक सभा 04-08-2025 रोजी संध्याकाळी 6 वाजता क्लबहाऊसमध्ये आहे.,No,No,No
ham,सोसायटीची वार्षिक सभा 26-07-2025 रोजी संध्याकाळी 6 वाजता क्लबहाऊसमध्ये आहे.,No,No,No
ham,उद्यान 13-10-2025 ते 20-02-2025 पर्यंत नूतनीकरणासाठी बंद राहील.,No,No,No
ham,"स्मरणपत्र: लायब्ररीची पुस्तके 19-12-2026 पर्यंत परत करायची आहेत, त्यानंतर विलंब शुल्क लागेल.",No,No,No
ham,सोसायटीची वार्षिक सभा 15-07-2025 रोजी संध्याकाळी 6 वाजता क्लबहाऊसमध्ये आहे.,No,No,No
ham,उद्यान 01-04-2025 ते 13-03-2025 पर्यंत नूतनीकरणासाठी बंद राहील.,No,No,No
ham,स्मरणपत्र: सोसायटीची देखभाल फी 04-03-2025 पर्यंत भरा अन्यथा विलंब शुल्क लागेल.,No,No,No
ham,"स्मरणपत्र: लायब्ररीची पुस्तके 22-09-2026 पर्यंत परत करायची आहेत, त्यानंतर विलंब शुल्क लागेल.",No,No,No
ham,"स्मरणपत्र: लायब्ररीची पुस्तके 13-01-2025 पर्यंत परत करायची आहेत, त्यानंतर विलंब शुल्क लागेल.",No,No,No
ham,उद्यान 24-03-2026 ते 28-05-2025 पर्यंत नूतनीकरणासाठी बंद राहील.,No,No,No
ham,"स्मरणपत्र: लायब्ररीची पुस्तके 19-02-2026 पर्यंत परत करायची आहेत, त्यानंतर विलंब शुल्क लागेल.",No,No,No
ham,स्मरणपत्र: सोसायटीची देखभाल फी 16-04-2025 पर्यंत भरा अन्यथा विलंब शुल्क लागेल.,No,No,No
ham,सोसायटीची वार्षिक सभा 10-02-2026 रोजी संध्याकाळी 6 वाजता क्लबहाऊसमध्ये आहे.,No,No,No
ham,उद्यान 11-09-2026 ते 07-01-2026 पर्यंत नूतनीकरणासाठी बंद राहील.,No,No,No
ham,सोसायटीची वार्षिक सभा 02-07-2025 रोजी संध्याकाळी 6 वाजता क्लबहाऊसमध्ये आहे.,No,No,No
ham,"स्मरणपत्र: लायब्ररीची पुस्तके 22-05-2026 पर्यंत परत करायची आहेत, त्यानंतर विलंब शुल्क लागेल.",No,No,No
ham,"स्मरणपत्र: लायब्ररीची पुस्तके 24-10-2026 पर्यंत परत करायची आहेत, त्यानंतर विलंब शुल्क लागेल.",No,No,No
ham,"स्मरणपत्र: लायब्ररीची पुस्तके 15-07-2025 पर्यंत परत करायची आहेत, त्यानंतर विलंब शुल्क लागेल.",No,No,No
ham,सोसायटीची वार्षिक सभा 04-10-2026 रोजी संध्याकाळी 6 वाजता क्लबहाऊसमध्ये आहे.,No,No,No
ham,सोसायटीची वार्षिक सभा 23-02-2025 रोजी संध्याकाळी 6 वाजता क्लबहाऊसमध्ये आहे.,No,No,No
ham,सोसायटीची वार्षिक सभा 05-03-2025 रोजी संध्याकाळी 6 वाजता क्लबहाऊसमध्ये आहे.,No,No,No
ham,"स्मरणपत्र: लायब्ररीची पुस्तके 14-09-2026 पर्यंत परत करायची आहेत, त्यानंतर विलंब शुल्क लागेल.",No,No,No
ham,उद्यान 05-02-2025 ते 09-11-2025 पर्यंत नूतनीकरणासाठी बंद राहील.,No,No,No
ham,सोसायटीची वार्षिक सभा 27-12-2025 रोजी संध्याकाळी 6 वाजता क्लबहाऊसमध्ये आहे.,No,No,No
ham,"स्मरणपत्र: लायब्ररीची पुस्तके 14-02-2025 पर्यंत परत करायची आहेत, त्यानंतर विलंब शुल्क लागेल.",No,No,No
ham,उद्यान 09-06-2025 ते 17-10-2026 पर्यंत नूतनीकरणासाठी बंद राहील.,No,No,No
ham,उद्यान 13-12-2026 ते 18-03-2026 पर्यंत नूतनीकरणासाठी बंद राहील.,No,No,No
ham,सोसायटीची वार्षिक सभा 22-09-2026 रोजी संध्याकाळी 6 वाजता क्लबहाऊसमध्ये आहे.,No,No,No
ham,"स्मरणपत्र: लायब्ररीची पुस्तके 04-04-2026 पर्यंत परत करायची आहेत, त्यानंतर विलंब शुल्क लागेल.",No,No,No
ham,उद्यान 02-06-2026 ते 21-01-2025 पर्यंत नूतनीकरणासाठी बंद राहील.,No,No,No
ham,उद्यान 02-01-2026 ते 15-02-2025 पर्यंत नूतनीकरणासाठी बंद राहील.,No,No,No
ham,"स्मरणपत्र: लायब्ररीची पुस्तके 08-05-2026 पर्यंत परत करायची आहेत, त्यानंतर विलंब शुल्क लागेल.",No,No,No
ham,सोसायटीची वार्षिक सभा 18-01-2025 रोजी संध्याकाळी 6 वाजता क्लबहाऊसमध्ये आहे.,No,No,No
ham,सोसायटीची वार्षिक सभा 20-09-2026 रोजी संध्याकाळी 6 वाजता क्लबहाऊसमध्ये आहे.,No,No,No
ham,स्मरणपत्र: सोसायटीची देखभाल फी 15-09-2025 पर्यंत भरा अन्यथा विलंब शुल्क लागेल.,No,No,No
ham,स्मरणपत्र: सोसायटीची देखभाल फी 12-05-2026 पर्यंत भरा अन्यथा विलंब शुल्क लागेल.,No,No,No
ham,सोसायटीची वार्षिक सभा 24-11-2025 रोजी संध्याकाळी 6 वाजता क्लबहाऊसमध्ये आहे.,No,No,No
ham,"स्मरणपत्र: लायब्ररीची पुस्तके 20-11-2025 पर्यंत परत करायची आहेत, त्यानंतर विलंब शुल्क लागेल.",No,No,No
ham,सोसायटीची वार्षिक सभा 06-10-2025 रोजी संध्याकाळी 6 वाजता क्लबहाऊसमध्ये आहे.,No,No,No
ham,सोसायटीची वार्षिक सभा 04-02-2025 रोजी संध्याकाळी 6 वाजता क्लबहाऊसमध्ये आहे.,No,No,No
ham,उद्यान 16-12-2025 ते 17-02-2025 पर्यंत नूतनीकरणासाठी बंद राहील.,No,No,No
ham,"स्मरणपत्र: लायब्ररीची पुस्तके 25-12-2025 पर्यंत परत करायची आहेत, त्यानंतर विलंब शुल्क लागेल.",No,No,No
ham,उद्यान 08-10-2026 ते 05-04-2025 पर्यंत नूतनीकरणासाठी बंद राहील.,No,No,No
ham,सोसायटीची वार्षिक सभा 09-01-2026 रोजी संध्याकाळी 6 वाजता क्लबहाऊसमध्ये आहे.,No,No,No
ham,सोसायटीची वार्षिक सभा 02-09-2026 रोजी संध्याकाळी 6 वाजता क्लबहाऊसमध्ये आहे.,No,No,No
ham,स्मरणपत्र: सोसायटीची देखभाल फी 27-09-2025 पर्यंत भरा अन्यथा विलंब शुल्क लागेल.,No,No,No
ham,"स्मरणपत्र: लायब्ररीची पुस्तके 21-11-2026 पर्यंत परत करायची आहेत, त्यानंतर विलंब शुल्क लागेल.",No,No,No
ham,"स्मरणपत्र: लायब्ररीची पुस्तके 03-12-2025 पर्यंत परत करायची आहेत, त्यानंतर विलंब शुल्क लागेल.",No,No,No
ham,"स्मरणपत्र: लायब्ररीची पुस्तके 25-09-2026 पर्यंत परत करायची आहेत, त्यानंतर विलंब शुल्क लागेल.",No,No,No
ham,सोसायटीची वार्षिक सभा 25-10-2026 रोजी संध्याकाळी 6 वाजता क्लबहाऊसमध्ये आहे.,No,No,No
ham,उद्यान 28-01-2025 ते 04-05-2025 पर्यंत नूतनीकरणासाठी बंद राहील.,No,No,No
ham,स्मरणपत्र: सोसायटीची देखभाल फी 16-08-2025 पर्यंत भरा अन्यथा विलंब शुल्क लागेल.,No,No,No
ham,"स्मरणपत्र: लायब्ररीची पुस्तके 21-08-2026 पर्यंत परत करायची आहेत, त्यानंतर विलंब शुल्क लागेल.",No,No,No
ham,"स्मरणपत्र: लायब्ररीची पुस्तके 22-11-2025 पर्यंत परत करायची आहेत, त्यानंतर विलंब शुल्क लागेल.",No,No,No
ham,स्मरणपत्र: सोसायटीची देखभाल फी 23-11-2025 पर्यंत भरा अन्यथा विलंब शुल्क लागेल.,No,No,No
ham,स्मरणपत्र: सोसायटीची देखभाल फी 17-12-2026 पर्यंत भरा अन्यथा विलंब शुल्क लागेल.,No,No,No
ham,उद्यान 12-10-2025 ते 25-10-2025 पर्यंत नूतनीकरणासाठी बंद राहील.,No,No,No
ham,उद्यान 13-05-2025 ते 02-10-2026 पर्यंत नूतनीकरणासाठी बंद राहील.,No,No,No
ham,स्मरणपत्र: सोसायटीची देखभाल फी 11-11-2025 पर्यंत भरा अन्यथा विलंब शुल्क लागेल.,No,No,No
ham,सोसायटीची वार्षिक सभा 06-06-2026 रोजी संध्याकाळी 6 वाजता क्लबहाऊसमध्ये आहे.,No,No,No
ham,उद्यान 08-11-2026 ते 20-10-2025 पर्यंत नूतनीकरणासाठी बंद राहील.,No,No,No
ham,उद्यान 23-07-2025 ते 03-08-2025 पर्यंत नूतनीकरणासाठी बंद राहील.,No,No,No
ham,सोसायटीची वार्षिक सभा 17-04-2025 रोजी संध्याकाळी 6 वाजता क्लबहाऊसमध्ये आहे.,No,No,No
ham,स्मरणपत्र: सोसायटीची देखभाल फी 01-10-2025 पर्यंत भरा अन्यथा विलंब शुल्क लागेल.,No,No,No
ham,स्मरणपत्र: सोसायटीची देखभाल फी 16-05-2025 पर्यंत भरा अन्यथा विलंब शुल्क लागेल.,No,No,No
ham,उद्यान 11-10-2025 ते 22-02-2025 पर्यंत नूतनीकरणासाठी बंद राहील.,No,No,No
ham,सोसायटीची वार्षिक सभा 06-02-2025 रोजी संध्याकाळी 6 वाजता क्लबहाऊसमध्ये आहे.,No,No,No
ham,"स्मरणपत्र: लायब्ररीची पुस्तके 12-07-2025 पर्यंत परत करायची आहेत, त्यानंतर विलंब शुल्क लागेल.",No,No,No
ham,उद्यान 09-12-2025 ते 07-10-2025 पर्यंत नूतनीकरणासाठी बंद राहील.,No,No,No
ham,सोसायटीची वार्षिक सभा 25-11-2025 रोजी संध्याकाळी 6 वाजता क्लबहाऊसमध्ये आहे.,No,No,No
ham,"स्मरणपत्र: लायब्ररीची पुस्तके 01-08-2026 पर्यंत परत करायची आहेत, त्यानंतर विलंब शुल्क लागेल.",No,No,No
ham,सोसायटीची वार्षिक सभा 11-02-2025 रोजी संध्याकाळी 6 वाजता क्लबहाऊसमध्ये आहे.,No,No,No
ham,उद्यान 20-12-2025 ते 04-01-2026 पर्यंत नूतनीकरणासाठी बंद राहील.,No,No,No
ham,उद्यान 19-12-2025 ते 03-10-2026 पर्यंत नूतनीकरणासाठी बंद राहील.,No,No,No
ham,स्मरणपत्र: सोसायटीची देखभाल फी 07-04-2025 पर्यंत भरा अन्यथा विलंब शुल्क लागेल.,No,No,No
ham,उद्यान 27-09-2025 ते 10-07-2025 पर्यंत नूतनीकरणासाठी बंद राहील.,No,No,No
ham,"स्मरणपत्र: लायब्ररीची पुस्तके 04-09-2025 पर्यंत परत करायची आहेत, त्यानंतर विलंब शुल्क लागेल.",No,No,No
ham,स्मरणपत्र: सोसायटीची देखभाल फी 21-11-2026 पर्यंत भरा अन्यथा विलंब शुल्क लागेल.,No,No,No
ham,उद्यान 25-11-2025 ते 11-06-2026 पर्यंत नूतनीकरणासाठी बंद राहील.,No,No,No
ham,स्मरणपत्र: सोसायटीची देखभाल फी 26-03-2026 पर्यंत भरा अन्यथा विलंब शुल्क लागेल.,No,No,No
ham,उद्यान 25-01-2025 ते 21-09-2026 पर्यंत नूतनीकरणासाठी बंद राहील.,No,No,No
ham,स्मरणपत्र: सोसायटीची देखभाल फी 02-12-2026 पर्यंत भरा अन्यथा विलंब शुल्क लागेल.,No,No,No
ham,उद्यान 18-03-2026 ते 27-06-2026 पर्यंत नूतनीकरणासाठी बंद राहील.,No,No,No
ham,स्मरणपत्र: सोसायटीची देखभाल फी 18-01-2026 पर्यंत भरा अन्यथा विलंब शुल्क लागेल.,No,No,No
ham,सोसायटीची वार्षिक सभा 18-05-2025 रोजी संध्याकाळी 6 वाजता क्लबहाऊसमध्ये आहे.,No,No,No
ham,उद्यान 21-07-2025 ते 21-10-2025 पर्यंत नूतनीकरणासाठी बंद राहील.,No,No,No
ham,उद्यान 11-11-2026 ते 12-08-2025 पर्यंत नूतनीकरणासाठी बंद राहील.,No,No,No
ham,स्मरणपत्र: सोसायटीची देखभाल फी 16-02-2026 पर्यंत भरा अन्यथा विलंब शुल्क लागेल.,No,No,No
ham,उद्यान 02-04-2026 ते 24-04-2026 पर्यंत नूतनीकरणासाठी बंद राहील.,No,No,No
ham,उद्यान 02-05-2025 ते 21-08-2025 पर्यंत नूतनीकरणासाठी बंद राहील.,No,No,No
ham,स्मरणपत्र: सोसायटीची देखभाल फी 10-08-2025 पर्यंत भरा अन्यथा विलंब शुल्क लागेल.,No,No,No
ham,"स्मरणपत्र: लायब्ररीची पुस्तके 10-08-2026 पर्यंत परत करायची आहेत, त्यानंतर विलंब शुल्क लागेल.",No,No,No
ham,"स्मरणपत्र: लायब्ररीची पुस्तके 20-05-2026 पर्यंत परत करायची आहेत, त्यानंतर विलंब शुल्क लागेल.",No,No,No
ham,उद्यान 11-07-2026 ते 25-12-2025 पर्यंत नूतनीकरणासाठी बंद राहील.,No,No,No
ham,उद्यान 04-11-2025 ते 26-05-2026 पर्यंत नूतनीकरणासाठी बंद राहील.,No,No,No
ham,उद्यान 26-01-2025 ते 15-10-2026 पर्यंत नूतनीकरणासाठी बंद राहील.,No,No,No
ham,स्मरणपत्र: सोसायटीची देखभाल फी 24-05-2025 पर्यंत भरा अन्यथा विलंब शुल्क लागेल.,No,No,No
ham,उद्यान 19-02-2025 ते 10-03-2025 पर्यंत नूतनीकरणासाठी बंद राहील.,No,No,No
ham,सोसायटीची वार्षिक सभा 05-10-2025 रोजी संध्याकाळी 6 वाजता क्लबहाऊसमध्ये आहे.,No,No,No
ham,सोसायटीची वार्षिक सभा 07-04-2026 रोजी संध्याकाळी 6 वाजता क्लबहाऊसमध्ये आहे.,No,No,No
ham,उद्यान 01-03-2026 ते 04-06-2025 पर्यंत नूतनीकरणासाठी बंद राहील.,No,No,No
ham,"स्मरणपत्र: लायब्ररीची पुस्तके 15-06-2026 पर्यंत परत करायची आहेत, त्यानंतर विलंब शुल्क लागेल.",No,No,No
ham,सोसायटीची वार्षिक सभा 06-12-2026 रोजी संध्याकाळी 6 वाजता क्लबहाऊसमध्ये आहे.,No,No,No
ham,"स्मरणपत्र: लायब्ररीची पुस्तके 20-05-2025 पर्यंत परत करायची आहेत, त्यानंतर विलंब शुल्क लागेल.",No,No,No
ham,"स्मरणपत्र: लायब्ररीची पुस्तके 28-11-2025 पर्यंत परत करायची आहेत, त्यानंतर विलंब शुल्क लागेल.",No,No,No
ham,उद्यान 11-09-2026 ते 11-01-2026 पर्यंत नूतनीकरणासाठी बंद राहील.,No,No,No
ham,उद्यान 18-01-2025 ते 26-03-2026 पर्यंत नूतनीकरणासाठी बंद राहील.,No,No,No
ham,उद्यान 11-06-2025 ते 22-12-2026 पर्यंत नूतनीकरणासाठी बंद राहील.,No,No,No
ham,उद्यान 25-08-2025 ते 01-09-2026 पर्यंत नूतनीकरणासाठी बंद राहील.,No,No,No
ham,स्मरणपत्र: सोसायटीची देखभाल फी 08-06-2026 पर्यंत भरा अन्यथा विलंब शुल्क लागेल.,No,No,No
ham,स्मरणपत्र: सोसायटीची देखभाल फी 08-12-2026 पर्यंत भरा अन्यथा विलंब शुल्क लागेल.,No,No,No
ham,स्मरणपत्र: सोसायटीची देखभाल फी 15-06-2025 पर्यंत भरा अन्यथा विलंब शुल्क लागेल.,No,No,No
ham,उद्यान 01-05-2026 ते 15-09-2026 पर्यंत नूतनीकरणासाठी बंद राहील.,No,No,No
ham,सोसायटीची वार्षिक सभा 16-10-2025 रोजी संध्याकाळी 6 वाजता क्लबहाऊसमध्ये आहे.,No,No,No
ham,सोसायटीची वार्षिक सभा 04-03-2026 रोजी संध्याकाळी 6 वाजता क्लबहाऊसमध्ये आहे.,No,No,No
ham,"स्मरणपत्र: लायब्ररीची पुस्तके 26-02-2025 पर्यंत परत करायची आहेत, त्यानंतर विलंब शुल्क लागेल.",No,No,No
ham,"स्मरणपत्र: लायब्ररीची पुस्तके 01-10-2026 पर्यंत परत करायची आहेत, त्यानंतर विलंब शुल्क लागेल.",No,No,No
ham,स्मरणपत्र: सोसायटीची देखभाल फी 09-10-2026 पर्यंत भरा अन्यथा विलंब शुल्क लागेल.,No,No,No
ham,"स्मरणपत्र: लायब्ररीची पुस्तके 05-12-2025 पर्यंत परत करायची आहेत, त्यानंतर विलंब शुल्क लागेल.",No,No,No
ham,सोसायटीची वार्षिक सभा 13-03-2025 रोजी संध्याकाळी 6 वाजता क्लबहाऊसमध्ये आहे.,No,No,No
ham,स्मरणपत्र: सोसायटीची देखभाल फी 18-02-2026 पर्यंत भरा अन्यथा विलंब शुल्क लागेल.,No,No,No
ham,उद्यान 16-07-2026 ते 04-12-2026 पर्यंत नूतनीकरणासाठी बंद राहील.,No,No,No
ham,उद्यान 28-11-2026 ते 08-08-2026 पर्यंत नूतनीकरणासाठी बंद राहील.,No,No,No
ham,उद्यान 05-04-2026 ते 05-07-2026 पर्यंत नूतनीकरणासाठी बंद राहील.,No,No,No
ham,"स्मरणपत्र: लायब्ररीची पुस्तके 12-12-2026 पर्यंत परत करायची आहेत, त्यानंतर विलंब शुल्क लागेल.",No,No,No
ham,उद्यान 05-11-2025 ते 08-04-2025 पर्यंत नूतनीकरणासाठी बंद राहील.,No,No,No
ham,सोसायटीची वार्षिक सभा 11-09-2025 रोजी संध्याकाळी 6 वाजता क्लबहाऊसमध्ये आहे.,No,No,No
ham,उद्यान 14-12-2025 ते 26-06-2026 पर्यंत नूतनीकरणासाठी बंद राहील.,No,No,No
ham,उद्यान 22-11-2025 ते 07-04-2026 पर्यंत नूतनीकरणासाठी बंद राहील.,No,No,No
ham,उद्यान 11-02-2025 ते 07-05-2026 पर्यंत नूतनीकरणासाठी बंद राहील.,No,No,No
ham,सोसायटीची वार्षिक सभा 22-02-2026 रोजी संध्याकाळी 6 वाजता क्लबहाऊसमध्ये आहे.,No,No,No
ham,उद्यान 18-09-2026 ते 09-06-2026 पर्यंत नूतनीकरणासाठी बंद राहील.,No,No,No
ham,सोसायटीची वार्षिक सभा 19-05-2026 रोजी संध्याकाळी 6 वाजता क्लबहाऊसमध्ये आहे.,No,No,No
ham,सोसायटीची वार्षिक सभा 12-01-2025 रोजी संध्याकाळी 6 वाजता क्लबहाऊसमध्ये आहे.,No,No,No
ham,स्मरणपत्र: सोसायटीची देखभाल फी 18-05-2025 पर्यंत भरा अन्यथा विलंब शुल्क लागेल.,No,No,No
ham,स्मरणपत्र: सोसायटीची देखभाल फी 15-12-2025 पर्यंत भरा अन्यथा विलंब शुल्क लागेल.,No,No,No
ham,सोसायटीची वार्षिक सभा 04-11-2025 रोजी संध्याकाळी 6 वाजता क्लबहाऊसमध्ये आहे.,No,No,No
ham,उद्यान 24-11-2026 ते 15-08-2025 पर्यंत नूतनीकरणासाठी बंद राहील.,No,No,No
ham,"स्मरणपत्र: लायब्ररीची पुस्तके 19-04-2026 पर्यंत परत करायची आहेत, त्यानंतर विलंब शुल्क लागेल.",No,No,No
ham,"स्मरणपत्र: लायब्ररीची पुस्तके 05-01-2026 पर्यंत परत करायची आहेत, त्यानंतर विलंब शुल्क लागेल.",No,No,No
ham,उद्यान 25-05-2026 ते 24-06-2025 पर्यंत नूतनीकरणासाठी बंद राहील.,No,No,No
ham,"स्मरणपत्र: लायब्ररीची पुस्तके 17-12-2026 पर्यंत परत करायची आहेत, त्यानंतर विलंब शुल्क लागेल.",No,No,No
ham,उद्यान 17-12-2026 ते 19-05-2025 पर्यंत नूतनीकरणासाठी बंद राहील.,No,No,No
ham,उद्यान 07-08-2025 ते 22-01-2025 पर्यंत नूतनीकरणासाठी बंद राहील.,No,No,No
ham,"स्मरणपत्र: लायब्ररीची पुस्तके 10-07-2026 पर्यंत परत करायची आहेत, त्यानंतर विलंब शुल्क लागेल.",No,No,No
ham,"स्मरणपत्र: लायब्ररीची पुस्तके 17-01-2026 पर्यंत परत करायची आहेत, त्यानंतर विलंब शुल्क लागेल.",No,No,No
ham,स्मरणपत्र: सोसायटीची देखभाल फी 24-03-2026 पर्यंत भरा अन्यथा विलंब शुल्क लागेल.,No,No,No
ham,स्मरणपत्र: सोसायटीची देखभाल फी 06-01-2026 पर्यंत भरा अन्यथा विलंब शुल्क लागेल.,No,No,No
ham,सोसायटीची वार्षिक सभा 23-08-2025 रोजी संध्याकाळी 6 वाजता क्लबहाऊसमध्ये आहे.,No,No,No
ham,उद्यान 11-07-2025 ते 13-08-2025 पर्यंत नूतनीकरणासाठी बंद राहील.,No,No,No
ham,उद्यान 02-12-2026 ते 07-10-2025 पर्यंत नूतनीकरणासाठी बंद राहील.,No,No,No
ham,स्मरणपत्र: सोसायटीची देखभाल फी 12-09-2026 पर्यंत भरा अन्यथा विलंब शुल्क लागेल.,No,No,No
ham,उद्यान 13-11-2026 ते 17-10-2025 पर्यंत नूतनीकरणासाठी बंद राहील.,No,No,No
ham,सोसायटीची वार्षिक सभा 21-07-2025 रोजी संध्याकाळी 6 वाजता क्लबहाऊसमध्ये आहे.,No,No,No
ham,"स्मरणपत्र: लायब्ररीची पुस्तके 14-04-2025 पर्यंत परत करायची आहेत, त्यानंतर विलंब शुल्क लागेल.",No,No,No
ham,सोसायटीची वार्षिक सभा 20-11-2026 रोजी संध्याकाळी 6 वाजता क्लबहाऊसमध्ये आहे.,No,No,No
ham,सोसायटीची वार्षिक सभा 21-09-2026 रोजी संध्याकाळी 6 वाजता क्लबहाऊसमध्ये आहे.,No,No,No
ham,उद्यान 08-02-2025 ते 16-05-2025 पर्यंत नूतनीकरणासाठी बंद राहील.,No,No,No
ham,उद्यान 03-06-2026 ते 06-12-2025 पर्यंत नूतनीकरणासाठी बंद राहील.,No,No,No
ham,सोसायटीची वार्षिक सभा 06-05-2026 रोजी संध्याकाळी 6 वाजता क्लबहाऊसमध्ये आहे.,No,No,No
ham,सोसायटीची वार्षिक सभा 04-06-2025 रोजी संध्याकाळी 6 वाजता क्लबहाऊसमध्ये आहे.,No,No,No
ham,सोसायटीची वार्षिक सभा 23-05-2025 रोजी संध्याकाळी 6 वाजता क्लबहाऊसमध्ये आहे.,No,No,No
ham,स्मरणपत्र: सोसायटीची देखभाल फी 21-04-2025 पर्यंत भरा अन्यथा विलंब शुल्क लागेल.,No,No,No
ham,उद्यान 27-06-2025 ते 27-02-2025 पर्यंत नूतनीकरणासाठी बंद राहील.,No,No,No
ham,स्मरणपत्र: सोसायटीची देखभाल फी 11-10-2025 पर्यंत भरा अन्यथा विलंब शुल्क लागेल.,No,No,No
ham,उद्यान 23-06-2025 ते 12-11-2025 पर्यंत नूतनीकरणासाठी बंद राहील.,No,No,No
ham,उद्यान 20-04-2026 ते 11-11-2025 पर्यंत नूतनीकरणासाठी बंद राहील.,No,No,No
ham,"स्मरणपत्र: लायब्ररीची पुस्तके 24-02-2026 पर्यंत परत करायची आहेत, त्यानंतर विलंब शुल्क लागेल.",No,No,No
ham,उद्यान 26-11-2025 ते 20-01-2026 पर्यंत नूतनीकरणासाठी बंद राहील.,No,No,No
ham,सोसायटीची वार्षिक सभा 17-07-2025 रोजी संध्याकाळी 6 वाजता क्लबहाऊसमध्ये आहे.,No,No,No
ham,स्मरणपत्र: सोसायटीची देखभाल फी 20-04-2026 पर्यंत भरा अन्यथा विलंब शुल्क लागेल.,No,No,No
ham,"स्मरणपत्र: लायब्ररीची पुस्तके 12-04-2025 पर्यंत परत करायची आहेत, त्यानंतर विलंब शुल्क लागेल.",No,No,No
ham,"स्मरणपत्र: लायब्ररीची पुस्तके 13-03-2025 पर्यंत परत करायची आहेत, त्यानंतर विलंब शुल्क लागेल.",No,No,No
ham,"स्मरणपत्र: लायब्ररीची पुस्तके 24-09-2025 पर्यंत परत करायची आहेत, त्यानंतर विलंब शुल्क लागेल.",No,No,No
ham,"स्मरणपत्र: लायब्ररीची पुस्तके 26-04-2026 पर्यंत परत करायची आहेत, त्यानंतर विलंब शुल्क लागेल.",No,No,No
ham,"स्मरणपत्र: लायब्ररीची पुस्तके 01-10-2025 पर्यंत परत करायची आहेत, त्यानंतर विलंब शुल्क लागेल.",No,No,No
ham,स्मरणपत्र: सोसायटीची देखभाल फी 22-03-2025 पर्यंत भरा अन्यथा विलंब शुल्क लागेल.,No,No,No
ham,उद्यान 28-01-2025 ते 18-01-2025 पर्यंत नूतनीकरणासाठी बंद राहील.,No,No,No
ham,"स्मरणपत्र: लायब्ररीची पुस्तके 09-08-2025 पर्यंत परत करायची आहेत, त्यानंतर विलंब शुल्क लागेल.",No,No,No
ham,"स्मरणपत्र: लायब्ररीची पुस्तके 11-04-2026 पर्यंत परत करायची आहेत, त्यानंतर विलंब शुल्क लागेल.",No,No,No
ham,सोसायटीची वार्षिक सभा 08-08-2026 रोजी संध्याकाळी 6 वाजता क्लबहाऊसमध्ये आहे.,No,No,No
ham,"स्मरणपत्र: लायब्ररीची पुस्तके 22-10-2025 पर्यंत परत करायची आहेत, त्यानंतर विलंब शुल्क लागेल.",No,No,No
ham,सोसायटीची वार्षिक सभा 18-05-2026 रोजी संध्याकाळी 6 वाजता क्लबहाऊसमध्ये आहे.,No,No,No
ham,सोसायटीची वार्षिक सभा 14-01-2025 रोजी संध्याकाळी 6 वाजता क्लबहाऊसमध्ये आहे.,No,No,No
ham,स्मरणपत्र: सोसायटीची देखभाल फी 13-06-2026 पर्यंत भरा अन्यथा विलंब शुल्क लागेल.,No,No,No
ham,स्मरणपत्र: सोसायटीची देखभाल फी 12-04-2025 पर्यंत भरा अन्यथा विलंब शुल्क लागेल.,No,No,No
ham,"स्मरणपत्र: लायब्ररीची पुस्तके 20-12-2026 पर्यंत परत करायची आहेत, त्यानंतर विलंब शुल्क लागेल.",No,No,No
ham,सोसायटीची वार्षिक सभा 12-03-2026 रोजी संध्याकाळी 6 वाजता क्लबहाऊसमध्ये आहे.,No,No,No
ham,सोसायटीची वार्षिक सभा 12-07-2026 रोजी संध्याकाळी 6 वाजता क्लबहाऊसमध्ये आहे.,No,No,No
ham,उद्यान 23-11-2025 ते 17-09-2026 पर्यंत नूतनीकरणासाठी बंद राहील.,No,No,No
ham,"स्मरणपत्र: लायब्ररीची पुस्तके 07-08-2025 पर्यंत परत करायची आहेत, त्यानंतर विलंब शुल्क लागेल.",No,No,No
ham,"स्मरणपत्र: लायब्ररीची पुस्तके 19-09-2026 पर्यंत परत करायची आहेत, त्यानंतर विलंब शुल्क लागेल.",No,No,No
ham,"स्मरणपत्र: लायब्ररीची पुस्तके 15-01-2025 पर्यंत परत करायची आहेत, त्यानंतर विलंब शुल्क लागेल.",No,No,No
ham,उद्यान 12-12-2025 ते 14-08-2025 पर्यंत नूतनीकरणासाठी बंद राहील.,No,No,No
ham,उद्यान 16-08-2025 ते 27-07-2025 पर्यंत नूतनीकरणासाठी बंद राहील.,No,No,No
ham,उद्यान 08-08-2026 ते 22-01-2025 पर्यंत नूतनीकरणासाठी बंद राहील.,No,No,No
ham,"स्मरणपत्र: लायब्ररीची पुस्तके 06-10-2026 पर्यंत परत करायची आहेत, त्यानंतर विलंब शुल्क लागेल.",No,No,No
ham,"स्मरणपत्र: लायब्ररीची पुस्तके 03-06-2026 पर्यंत परत करायची आहेत, त्यानंतर विलंब शुल्क लागेल.",No,No,No
ham,उद्यान 01-05-2025 ते 07-03-2025 पर्यंत नूतनीकरणासाठी बंद राहील.,No,No,No
ham,स्मरणपत्र: सोसायटीची देखभाल फी 22-12-2025 पर्यंत भरा अन्यथा विलंब शुल्क लागेल.,No,No,No
ham,उद्यान 07-04-2026 ते 11-01-2026 पर्यंत नूतनीकरणासाठी बंद राहील.,No,No,No
ham,उद्यान 25-12-2025 ते 28-09-2025 पर्यंत नूतनीकरणासाठी बंद राहील.,No,No,No
ham,स्मरणपत्र: सोसायटीची देखभाल फी 05-01-2026 पर्यंत भरा अन्यथा विलंब शुल्क लागेल.,No,No,No
ham,स्मरणपत्र: सोसायटीची देखभाल फी 26-10-2026 पर्यंत भरा अन्यथा विलंब शुल्क लागेल.,No,No,No
ham,स्मरणपत्र: सोसायटीची देखभाल फी 09-02-2025 पर्यंत भरा अन्यथा विलंब शुल्क लागेल.,No,No,No
ham,"स्मरणपत्र: लायब्ररीची पुस्तके 26-09-2026 पर्यंत परत करायची आहेत, त्यानंतर विलंब शुल्क लागेल.",No,No,No
ham,"स्मरणपत्र: लायब्ररीची पुस्तके 08-11-2025 पर्यंत परत करायची आहेत, त्यानंतर विलंब शुल्क लागेल.",No,No,No
ham,"स्मरणपत्र: लायब्ररीची पुस्तके 04-02-2025 पर्यंत परत करायची आहेत, त्यानंतर विलंब शुल्क लागेल.",No,No,No
ham,सोसायटीची वार्षिक सभा 15-11-2026 रोजी संध्याकाळी 6 वाजता क्लबहाऊसमध्ये आहे.,No,No,No
ham,सोसायटीची वार्षिक सभा 15-02-2025 रोजी संध्याकाळी 6 वाजता क्लबहाऊसमध्ये आहे.,No,No,No
ham,स्मरणपत्र: सोसायटीची देखभाल फी 12-12-2025 पर्यंत भरा अन्यथा विलंब शुल्क लागेल.,No,No,No
ham,स्मरणपत्र: सोसायटीची देखभाल फी 17-03-2026 पर्यंत भरा अन्यथा विलंब शुल्क लागेल.,No,No,No
ham,"स्मरणपत्र: लायब्ररीची पुस्तके 03-09-2026 पर्यंत परत करायची आहेत, त्यानंतर विलंब शुल्क लागेल.",No,No,No
ham,सोसायटीची वार्षिक सभा 01-09-2025 रोजी संध्याकाळी 6 वाजता क्लबहाऊसमध्ये आहे.,No,No,No
ham,सोसायटीची वार्षिक सभा 23-03-2026 रोजी संध्याकाळी 6 वाजता क्लबहाऊसमध्ये आहे.,No,No,No
ham,उद्यान 09-11-2026 ते 02-09-2025 पर्यंत नूतनीकरणासाठी बंद राहील.,No,No,No
ham,स्मरणपत्र: सोसायटीची देखभाल फी 08-07-2025 पर्यंत भरा अन्यथा विलंब शुल्क लागेल.,No,No,No
ham,सोसायटीची वार्षिक सभा 16-06-2025 रोजी संध्याकाळी 6 वाजता क्लबहाऊसमध्ये आहे.,No,No,No
ham,उद्यान 25-09-2025 ते 03-07-2026 पर्यंत नूतनीकरणासाठी बंद राहील.,No,No,No
ham,स्मरणपत्र: सोसायटीची देखभाल फी 22-09-2025 पर्यंत भरा अन्यथा विलंब शुल्क लागेल.,No,No,No
ham,"स्मरणपत्र: लायब्ररीची पुस्तके 16-12-2026 पर्यंत परत करायची आहेत, त्यानंतर विलंब शुल्क लागेल.",No,No,No
ham,स्मरणपत्र: सोसायटीची देखभाल फी 09-07-2026 पर्यंत भरा अन्यथा विलंब शुल्क लागेल.,No,No,No
ham,सोसायटीची वार्षिक सभा 08-11-2025 रोजी संध्याकाळी 6 वाजता क्लबहाऊसमध्ये आहे.,No,No,No
ham,स्मरणपत्र: सोसायटीची देखभाल फी 03-05-2025 पर्यंत भरा अन्यथा विलंब शुल्क लागेल.,No,No,No
ham,उद्यान 20-11-2026 ते 27-09-2025 पर्यंत नूतनीकरणासाठी बंद राहील.,No,No,No
ham,उद्यान 05-07-2026 ते 22-06-2026 पर्यंत नूतनीकरणासाठी बंद राहील.,No,No,No
ham,सोसायटीची वार्षिक सभा 22-03-2026 रोजी संध्याकाळी 6 वाजता क्लबहाऊसमध्ये आहे.,No,No,No
ham,सोसायटीची वार्षिक सभा 14-08-2025 रोजी संध्याकाळी 6 वाजता क्लबहाऊसमध्ये आहे.,No,No,No
ham,"स्मरणपत्र: लायब्ररीची पुस्तके 10-12-2025 पर्यंत परत करायची आहेत, त्यानंतर विलंब शुल्क लागेल.",No,No,No
ham,उद्यान 21-03-2026 ते 18-03-2025 पर्यंत नूतनीकरणासाठी बंद राहील.,No,No,No
ham,सोसायटीची वार्षिक सभा 01-08-2026 रोजी संध्याकाळी 6 वाजता क्लबहाऊसमध्ये आहे.,No,No,No
ham,सोसायटीची वार्षिक सभा 01-12-2025 रोजी संध्याकाळी 6 वाजता क्लबहाऊसमध्ये आहे.,No,No,No
ham,उद्यान 15-01-2026 ते 04-01-2025 पर्यंत नूतनीकरणासाठी बंद राहील.,No,No,No
ham,उद्यान 19-07-2025 ते 05-09-2026 पर्यंत नूतनीकरणासाठी बंद राहील.,No,No,No
ham,उद्यान 04-05-2026 ते 23-02-2025 पर्यंत नूतनीकरणासाठी बंद राहील.,No,No,No
ham,सोसायटीची वार्षिक सभा 15-01-2026 रोजी संध्याकाळी 6 वाजता क्लबहाऊसमध्ये आहे.,No,No,No
ham,सोसायटीची वार्षिक सभा 06-07-2026 रोजी संध्याकाळी 6 वाजता क्लबहाऊसमध्ये आहे.,No,No,No
ham,उद्यान 04-04-2025 ते 10-01-2026 पर्यंत नूतनीकरणासाठी बंद राहील.,No,No,No
ham,"स्मरणपत्र: लायब्ररीची पुस्तके 27-06-2026 पर्यंत परत करायची आहेत, त्यानंतर विलंब शुल्क लागेल.",No,No,No
ham,सोसायटीची वार्षिक सभा 04-04-2025 रोजी संध्याकाळी 6 वाजता क्लबहाऊसमध्ये आहे.,No,No,No
ham,"स्मरणपत्र: लायब्ररीची पुस्तके 18-08-2025 पर्यंत परत करायची आहेत, त्यानंतर विलंब शुल्क लागेल.",No,No,No
ham,स्मरणपत्र: सोसायटीची देखभाल फी 09-05-2026 पर्यंत भरा अन्यथा विलंब शुल्क लागेल.,No,No,No
ham,उद्यान 07-12-2025 ते 21-09-2025 पर्यंत नूतनीकरणासाठी बंद राहील.,No,No,No
ham,"स्मरणपत्र: लायब्ररीची पुस्तके 24-04-2025 पर्यंत परत करायची आहेत, त्यानंतर विलंब शुल्क लागेल.",No,No,No
ham,"स्मरणपत्र: लायब्ररीची पुस्तके 14-11-2025 पर्यंत परत करायची आहेत, त्यानंतर विलंब शुल्क लागेल.",No,No,No
ham,स्मरणपत्र: सोसायटीची देखभाल फी 24-04-2025 पर्यंत भरा अन्यथा विलंब शुल्क लागेल.,No,No,No
ham,"स्मरणपत्र: लायब्ररीची पुस्तके 08-06-2026 पर्यंत परत करायची आहेत, त्यानंतर विलंब शुल्क लागेल.",No,No,No
ham,उद्यान 07-03-2025 ते 10-11-2025 पर्यंत नूतनीकरणासाठी बंद राहील.,No,No,No
ham,स्मरणपत्र: सोसायटीची देखभाल फी 07-01-2026 पर्यंत भरा अन्यथा विलंब शुल्क लागेल.,No,No,No
ham,स्मरणपत्र: सोसायटीची देखभाल फी 06-10-2026 पर्यंत भरा अन्यथा विलंब शुल्क लागेल.,No,No,No
ham,सोसायटीची वार्षिक सभा 27-01-2025 रोजी संध्याकाळी 6 वाजता क्लबहाऊसमध्ये आहे.,No,No,No
ham,"स्मरणपत्र: लायब्ररीची पुस्तके 13-11-2025 पर्यंत परत करायची आहेत, त्यानंतर विलंब शुल्क लागेल.",No,No,No
ham,सोसायटीची वार्षिक सभा 03-06-2025 रोजी संध्याकाळी 6 वाजता क्लबहाऊसमध्ये आहे.,No,No,No
ham,उद्यान 10-08-2025 ते 27-05-2025 पर्यंत नूतनीकरणासाठी बंद राहील.,No,No,No
ham,उद्यान 04-01-2025 ते 06-12-2026 पर्यंत नूतनीकरणासाठी बंद राहील.,No,No,No
ham,उद्यान 28-06-2025 ते 25-12-2025 पर्यंत नूतनीकरणासाठी बंद राहील.,No,No,No
ham,उद्यान 01-03-2025 ते 28-11-2026 पर्यंत नूतनीकरणासाठी बंद राहील.,No,No,No
ham,उद्यान 04-04-2026 ते 27-02-2026 पर्यंत नूतनीकरणासाठी बंद राहील.,No,No,No
ham,उद्यान 24-02-2025 ते 24-03-2025 पर्यंत नूतनीकरणासाठी बंद राहील.,No,No,No
ham,सोसायटीची वार्षिक सभा 28-12-2025 रोजी संध्याकाळी 6 वाजता क्लबहाऊसमध्ये आहे.,No,No,No
ham,उद्यान 06-11-2026 ते 10-01-2026 पर्यंत नूतनीकरणासाठी बंद राहील.,No,No,No
ham,"स्मरणपत्र: लायब्ररीची पुस्तके 01-09-2026 पर्यंत परत करायची आहेत, त्यानंतर विलंब शुल्क लागेल.",No,No,No
ham,"स्मरणपत्र: लायब्ररीची पुस्तके 05-10-2025 पर्यंत परत करायची आहेत, त्यानंतर विलंब शुल्क लागेल.",No,No,No
ham,सोसायटीची वार्षिक सभा 27-10-2026 रोजी संध्याकाळी 6 वाजता क्लबहाऊसमध्ये आहे.,No,No,No
ham,उद्यान 12-01-2025 ते 04-11-2025 पर्यंत नूतनीकरणासाठी बंद राहील.,No,No,No
ham,"स्मरणपत्र: लायब्ररीची पुस्तके 15-11-2026 पर्यंत परत करायची आहेत, त्यानंतर विलंब शुल्क लागेल.",No,No,No
ham,सोसायटीची वार्षिक सभा 19-08-2026 रोजी संध्याकाळी 6 वाजता क्लबहाऊसमध्ये आहे.,No,No,No
ham,उद्यान 24-04-2026 ते 22-01-2025 पर्यंत नूतनीकरणासाठी बंद राहील.,No,No,No
ham,स्मरणपत्र: सोसायटीची देखभाल फी 13-05-2025 पर्यंत भरा अन्यथा विलंब शुल्क लागेल.,No,No,No
ham,उद्यान 18-11-2026 ते 09-07-2026 पर्यंत नूतनीकरणासाठी बंद राहील.,No,No,No
ham,"स्मरणपत्र: लायब्ररीची पुस्तके 03-06-2025 पर्यंत परत करायची आहेत, त्यानंतर विलंब शुल्क लागेल.",No,No,No
ham,सोसायटीची वार्षिक सभा 28-11-2025 रोजी संध्याकाळी 6 वाजता क्लबहाऊसमध्ये आहे.,No,No,No
ham,उद्यान 05-02-2026 ते 10-01-2025 पर्यंत नूतनीकरणासाठी बंद राहील.,No,No,No
ham,"स्मरणपत्र: लायब्ररीची पुस्तके 25-01-2025 पर्यंत परत करायची आहेत, त्यानंतर विलंब शुल्क लागेल.",No,No,No
ham,उद्यान 11-01-2025 ते 27-02-2026 पर्यंत नूतनीकरणासाठी बंद राहील.,No,No,No
ham,सोसायटीची वार्षिक सभा 18-07-2026 रोजी संध्याकाळी 6 वाजता क्लबहाऊसमध्ये आहे.,No,No,No
ham,स्मरणपत्र: सोसायटीची देखभाल फी 02-08-2026 पर्यंत भरा अन्यथा विलंब शुल्क लागेल.,No,No,No
ham,सोसायटीची वार्षिक सभा 06-09-2026 रोजी संध्याकाळी 6 वाजता क्लबहाऊसमध्ये आहे.,No,No,No
ham,स्मरणपत्र: सोसायटीची देखभाल फी 03-12-2026 पर्यंत भरा अन्यथा विलंब शुल्क लागेल.,No,No,No
ham,स्मरणपत्र: सोसायटीची देखभाल फी 26-07-2026 पर्यंत भरा अन्यथा विलंब शुल्क लागेल.,No,No,No
ham,सोसायटीची वार्षिक सभा 06-07-2025 रोजी संध्याकाळी 6 वाजता क्लबहाऊसमध्ये आहे.,No,No,No
ham,"स्मरणपत्र: लायब्ररीची पुस्तके 07-06-2025 पर्यंत परत करायची आहेत, त्यानंतर विलंब शुल्क लागेल.",No,No,No
ham,उद्यान 02-02-2026 ते 21-11-2026 पर्यंत नूतनीकरणासाठी बंद राहील.,No,No,No
ham,स्मरणपत्र: सोसायटीची देखभाल फी 17-10-2025 पर्यंत भरा अन्यथा विलंब शुल्क लागेल.,No,No,No
ham,उद्यान 27-06-2025 ते 20-01-2025 पर्यंत नूतनीकरणासाठी बंद राहील.,No,No,No
ham,उद्यान 09-11-2025 ते 09-10-2026 पर्यंत नूतनीकरणासाठी बंद राहील.,No,No,No
ham,स्मरणपत्र: सोसायटीची देखभाल फी 05-04-2026 पर्यंत भरा अन्यथा विलंब शुल्क लागेल.,No,No,No
ham,"स्मरणपत्र: लायब्ररीची पुस्तके 16-09-2025 पर्यंत परत करायची आहेत, त्यानंतर विलंब शुल्क लागेल.",No,No,No
ham,"स्मरणपत्र: लायब्ररीची पुस्तके 23-09-2025 पर्यंत परत करायची आहेत, त्यानंतर विलंब शुल्क लागेल.",No,No,No
ham,सोसायटीची वार्षिक सभा 16-08-2025 रोजी संध्याकाळी 6 वाजता क्लबहाऊसमध्ये आहे.,No,No,No
ham,सोसायटीची वार्षिक सभा 12-09-2025 रोजी संध्याकाळी 6 वाजता क्लबहाऊसमध्ये आहे.,No,No,No
ham,स्मरणपत्र: सोसायटीची देखभाल फी 03-05-2026 पर्यंत भरा अन्यथा विलंब शुल्क लागेल.,No,No,No
ham,"स्मरणपत्र: लायब्ररीची पुस्तके 10-02-2026 पर्यंत परत करायची आहेत, त्यानंतर विलंब शुल्क लागेल.",No,No,No
ham,स्मरणपत्र: सोसायटीची देखभाल फी 27-08-2026 पर्यंत भरा अन्यथा विलंब शुल्क लागेल.,No,No,No
ham,"स्मरणपत्र: लायब्ररीची पुस्तके 20-03-2025 पर्यंत परत करायची आहेत, त्यानंतर विलंब शुल्क लागेल.",No,No,No
ham,सोसायटीची वार्षिक सभा 07-04-2025 रोजी संध्याकाळी 6 वाजता क्लबहाऊसमध्ये आहे.,No,No,No
ham,उद्यान 28-12-2026 ते 12-02-2026 पर्यंत नूतनीकरणासाठी बंद राहील.,No,No,No
ham,सोसायटीची वार्षिक सभा 14-11-2025 रोजी संध्याकाळी 6 वाजता क्लबहाऊसमध्ये आहे.,No,No,No
ham,"स्मरणपत्र: लायब्ररीची पुस्तके 04-10-2026 पर्यंत परत करायची आहेत, त्यानंतर विलंब शुल्क लागेल.",No,No,No
ham,"स्मरणपत्र: लायब्ररीची पुस्तके 23-06-2025 पर्यंत परत करायची आहेत, त्यानंतर विलंब शुल्क लागेल.",No,No,No
ham,सोसायटीची वार्षिक सभा 03-02-2026 रोजी संध्याकाळी 6 वाजता क्लबहाऊसमध्ये आहे.,No,No,No
ham,स्मरणपत्र: सोसायटीची देखभाल फी 02-10-2025 पर्यंत भरा अन्यथा विलंब शुल्क लागेल.,No,No,No
ham,उद्यान 24-10-2026 ते 10-11-2025 पर्यंत नूतनीकरणासाठी बंद राहील.,No,No,No
ham,सोसायटीची वार्षिक सभा 23-03-2025 रोजी संध्याकाळी 6 वाजता क्लबहाऊसमध्ये आहे.,No,No,No
ham,सोसायटीची वार्षिक सभा 22-06-2026 रोजी संध्याकाळी 6 वाजता क्लबहाऊसमध्ये आहे.,No,No,No
ham,उद्यान 16-05-2025 ते 21-05-2025 पर्यंत नूतनीकरणासाठी बंद राहील.,No,No,No
ham,सोसायटीची वार्षिक सभा 25-06-2026 रोजी संध्याकाळी 6 वाजता क्लबहाऊसमध्ये आहे.,No,No,No
ham,स्मरणपत्र: सोसायटीची देखभाल फी 18-10-2025 पर्यंत भरा अन्यथा विलंब शुल्क लागेल.,No,No,No
ham,"स्मरणपत्र: लायब्ररीची पुस्तके 23-01-2025 पर्यंत परत करायची आहेत, त्यानंतर विलंब शुल्क लागेल.",No,No,No
ham,उद्यान 18-02-2026 ते 27-07-2025 पर्यंत नूतनीकरणासाठी बंद राहील.,No,No,No
ham,उद्यान 20-10-2025 ते 19-11-2026 पर्यंत नूतनीकरणासाठी बंद राहील.,No,No,No
ham,सोसायटीची वार्षिक सभा 06-11-2025 रोजी संध्याकाळी 6 वाजता क्लबहाऊसमध्ये आहे.,No,No,No
ham,उद्यान 04-12-2026 ते 12-12-2026 पर्यंत नूतनीकरणासाठी बंद राहील.,No,No,No
ham,उद्यान 08-01-2025 ते 06-02-2026 पर्यंत नूतनीकरणासाठी बंद राहील.,No,No,No
ham,"स्मरणपत्र: लायब्ररीची पुस्तके 25-01-2026 पर्यंत परत करायची आहेत, त्यानंतर विलंब शुल्क लागेल.",No,No,No
ham,उद्यान 10-11-2026 ते 15-04-2026 पर्यंत नूतनीकरणासाठी बंद राहील.,No,No,No
ham,उद्यान 15-05-2025 ते 12-03-2025 पर्यंत नूतनीकरणासाठी बंद राहील.,No,No,No
ham,"स्मरणपत्र: लायब्ररीची पुस्तके 23-03-2025 पर्यंत परत करायची आहेत, त्यानंतर विलंब शुल्क लागेल.",No,No,No
ham,"स्मरणपत्र: लायब्ररीची पुस्तके 07-05-2026 पर्यंत परत करायची आहेत, त्यानंतर विलंब शुल्क लागेल.",No,No,No
ham,सोसायटीची वार्षिक सभा 27-06-2026 रोजी संध्याकाळी 6 वाजता क्लबहाऊसमध्ये आहे.,No,No,No
ham,उद्यान 28-05-2026 ते 15-01-2026 पर्यंत नूतनीकरणासाठी बंद राहील.,No,No,No
ham,सोसायटीची वार्षिक सभा 14-04-2025 रोजी संध्याकाळी 6 वाजता क्लबहाऊसमध्ये आहे.,No,No,No
ham,सोसायटीची वार्षिक सभा 27-04-2026 रोजी संध्याकाळी 6 वाजता क्लबहाऊसमध्ये आहे.,No,No,No
ham,सोसायटीची वार्षिक सभा 24-01-2026 रोजी संध्याकाळी 6 वाजता क्लबहाऊसमध्ये आहे.,No,No,No
ham,सोसायटीची वार्षिक सभा 16-02-2025 रोजी संध्याकाळी 6 वाजता क्लबहाऊसमध्ये आहे.,No,No,No
ham,सोसायटीची वार्षिक सभा 09-05-2025 रोजी संध्याकाळी 6 वाजता क्लबहाऊसमध्ये आहे.,No,No,No
ham,उद्यान 19-08-2026 ते 02-05-2026 पर्यंत नूतनीकरणासाठी बंद राहील.,No,No,No
ham,स्मरणपत्र: सोसायटीची देखभाल फी 28-01-2025 पर्यंत भरा अन्यथा विलंब शुल्क लागेल.,No,No,No
ham,उद्यान 26-05-2026 ते 28-06-2025 पर्यंत नूतनीकरणासाठी बंद राहील.,No,No,No
ham,स्मरणपत्र: सोसायटीची देखभाल फी 09-04-2025 पर्यंत भरा अन्यथा विलंब शुल्क लागेल.,No,No,No
ham,"स्मरणपत्र: लायब्ररीची पुस्तके 08-03-2026 पर्यंत परत करायची आहेत, त्यानंतर विलंब शुल्क लागेल.",No,No,No
ham,उद्यान 10-04-2025 ते 22-03-2025 पर्यंत नूतनीकरणासाठी बंद राहील.,No,No,No
ham,उद्यान 02-01-2025 ते 26-05-2025 पर्यंत नूतनीकरणासाठी बंद राहील.,No,No,No
ham,स्मरणपत्र: सोसायटीची देखभाल फी 11-09-2025 पर्यंत भरा अन्यथा विलंब शुल्क लागेल.,No,No,No
ham,उद्यान 21-11-2025 ते 24-01-2025 पर्यंत नूतनीकरणासाठी बंद राहील.,No,No,No
ham,उद्यान 02-01-2026 ते 20-09-2025 पर्यंत नूतनीकरणासाठी बंद राहील.,No,No,No
ham,"स्मरणपत्र: लायब्ररीची पुस्तके 13-11-2026 पर्यंत परत करायची आहेत, त्यानंतर विलंब शुल्क लागेल.",No,No,No
ham,सोसायटीची वार्षिक सभा 04-08-2026 रोजी संध्याकाळी 6 वाजता क्लबहाऊसमध्ये आहे.,No,No,No
ham,उद्यान 23-08-2025 ते 12-07-2026 पर्यंत नूतनीकरणासाठी बंद राहील.,No,No,No
ham,स्मरणपत्र: सोसायटीची देखभाल फी 26-06-2025 पर्यंत भरा अन्यथा विलंब शुल्क लागेल.,No,No,No
ham,उद्यान 11-12-2026 ते 26-04-2026 पर्यंत नूतनीकरणासाठी बंद राहील.,No,No,No
ham,"स्मरणपत्र: लायब्ररीची पुस्तके 28-09-2025 पर्यंत परत करायची आहेत, त्यानंतर विलंब शुल्क लागेल.",No,No,No
ham,स्मरणपत्र: सोसायटीची देखभाल फी 18-12-2026 पर्यंत भरा अन्यथा विलंब शुल्क लागेल.,No,No,No
ham,उद्यान 15-12-2026 ते 17-01-2026 पर्यंत नूतनीकरणासाठी बंद राहील.,No,No,No
ham,स्मरणपत्र: सोसायटीची देखभाल फी 06-03-2026 पर्यंत भरा अन्यथा विलंब शुल्क लागेल.,No,No,No
ham,"स्मरणपत्र: लायब्ररीची पुस्तके 27-06-2025 पर्यंत परत करायची आहेत, त्यानंतर विलंब शुल्क लागेल.",No,No,No
ham,स्मरणपत्र: सोसायटीची देखभाल फी 07-06-2025 पर्यंत भरा अन्यथा विलंब शुल्क लागेल.,No,No,No
ham,"स्मरणपत्र: लायब्ररीची पुस्तके 18-12-2025 पर्यंत परत करायची आहेत, त्यानंतर विलंब शुल्क लागेल.",No,No,No
ham,उद्यान 04-07-2026 ते 18-11-2025 पर्यंत नूतनीकरणासाठी बंद राहील.,No,No,No
ham,"स्मरणपत्र: लायब्ररीची पुस्तके 01-03-2026 पर्यंत परत करायची आहेत, त्यानंतर विलंब शुल्क लागेल.",No,No,No
ham,स्मरणपत्र: सोसायटीची देखभाल फी 02-01-2025 पर्यंत भरा अन्यथा विलंब शुल्क लागेल.,No,No,No
ham,"स्मरणपत्र: लायब्ररीची पुस्तके 02-08-2026 पर्यंत परत करायची आहेत, त्यानंतर विलंब शुल्क लागेल.",No,No,No
ham,स्मरणपत्र: सोसायटीची देखभाल फी 24-07-2025 पर्यंत भरा अन्यथा विलंब शुल्क लागेल.,No,No,No
ham,"स्मरणपत्र: लायब्ररीची पुस्तके 06-09-2026 पर्यंत परत करायची आहेत, त्यानंतर विलंब शुल्क लागेल.",No,No,No
ham,उद्यान 15-05-2025 ते 26-04-2025 पर्यंत नूतनीकरणासाठी बंद राहील.,No,No,No
ham,स्मरणपत्र: सोसायटीची देखभाल फी 10-07-2026 पर्यंत भरा अन्यथा विलंब शुल्क लागेल.,No,No,No
ham,उद्यान 11-08-2025 ते 21-04-2026 पर्यंत नूतनीकरणासाठी बंद राहील.,No,No,No
ham,सोसायटीची वार्षिक सभा 16-09-2025 रोजी संध्याकाळी 6 वाजता क्लबहाऊसमध्ये आहे.,No,No,No
ham,उद्यान 13-07-2026 ते 13-08-2025 पर्यंत नूतनीकरणासाठी बंद राहील.,No,No,No
ham,उद्यान 27-08-2026 ते 05-01-2026 पर्यंत नूतनीकरणासाठी बंद राहील.,No,No,No
ham,उद्यान 05-04-2026 ते 05-08-2026 पर्यंत नूतनीकरणासाठी बंद राहील.,No,No,No
ham,स्मरणपत्र: सोसायटीची देखभाल फी 04-02-2026 पर्यंत भरा अन्यथा विलंब शुल्क लागेल.,No,No,No
ham,"स्मरणपत्र: लायब्ररीची पुस्तके 28-12-2025 पर्यंत परत करायची आहेत, त्यानंतर विलंब शुल्क लागेल.",No,No,No
ham,स्मरणपत्र: सोसायटीची देखभाल फी 09-07-2025 पर्यंत भरा अन्यथा विलंब शुल्क लागेल.,No,No,No
ham,सोसायटीची वार्षिक सभा 03-06-2026 रोजी संध्याकाळी 6 वाजता क्लबहाऊसमध्ये आहे.,No,No,No
ham,उद्यान 11-09-2026 ते 22-02-2026 पर्यंत नूतनीकरणासाठी बंद राहील.,No,No,No
ham,सोसायटीची वार्षिक सभा 03-05-2026 रोजी संध्याकाळी 6 वाजता क्लबहाऊसमध्ये आहे.,No,No,No
ham,"स्मरणपत्र: लायब्ररीची पुस्तके 12-12-2025 पर्यंत परत करायची आहेत, त्यानंतर विलंब शुल्क लागेल.",No,No,No
ham,उद्यान 15-09-2025 ते 13-08-2026 पर्यंत नूतनीकरणासाठी बंद राहील.,No,No,No
ham,"स्मरणपत्र: लायब्ररीची पुस्तके 16-01-2025 पर्यंत परत करायची आहेत, त्यानंतर विलंब शुल्क लागेल.",No,No,No
ham,"स्मरणपत्र: लायब्ररीची पुस्तके 08-05-2025 पर्यंत परत करायची आहेत, त्यानंतर विलंब शुल्क लागेल.",No,No,No
ham,स्मरणपत्र: सोसायटीची देखभाल फी 08-10-2026 पर्यंत भरा अन्यथा विलंब शुल्क लागेल.,No,No,No
ham,स्मरणपत्र: सोसायटीची देखभाल फी 14-08-2026 पर्यंत भरा अन्यथा विलंब शुल्क लागेल.,No,No,No
ham,उद्यान 09-07-2025 ते 25-11-2025 पर्यंत नूतनीकरणासाठी बंद राहील.,No,No,No
ham,उद्यान 12-05-2025 ते 04-01-2026 पर्यंत नूतनीकरणासाठी बंद राहील.,No,No,No
ham,स्मरणपत्र: सोसायटीची देखभाल फी 20-06-2025 पर्यंत भरा अन्यथा विलंब शुल्क लागेल.,No,No,No
ham,उद्यान 16-03-2025 ते 07-03-2025 पर्यंत नूतनीकरणासाठी बंद राहील.,No,No,No
ham,स्मरणपत्र: सोसायटीची देखभाल फी 04-07-2026 पर्यंत भरा अन्यथा विलंब शुल्क लागेल.,No,No,No
ham,उद्यान 22-04-2026 ते 03-09-2025 पर्यंत नूतनीकरणासाठी बंद राहील.,No,No,No
ham,उद्यान 27-10-2025 ते 07-12-2025 पर्यंत नूतनीकरणासाठी बंद राहील.,No,No,No
ham,स्मरणपत्र: सोसायटीची देखभाल फी 18-08-2025 पर्यंत भरा अन्यथा विलंब शुल्क लागेल.,No,No,No
ham,स्मरणपत्र: सोसायटीची देखभाल फी 22-11-2026 पर्यंत भरा अन्यथा विलंब शुल्क लागेल.,No,No,No
ham,स्मरणपत्र: सोसायटीची देखभाल फी 14-05-2026 पर्यंत भरा अन्यथा विलंब शुल्क लागेल.,No,No,No
ham,उद्यान 09-10-2026 ते 07-06-2026 पर्यंत नूतनीकरणासाठी बंद राहील.,No,No,No
ham,उद्यान 14-03-2026 ते 01-01-2026 पर्यंत नूतनीकरणासाठी बंद राहील.,No,No,No
ham,उद्यान 21-03-2026 ते 07-02-2025 पर्यंत नूतनीकरणासाठी बंद राहील.,No,No,No
ham,स्मरणपत्र: सोसायटीची देखभाल फी 24-03-2025 पर्यंत भरा अन्यथा विलंब शुल्क लागेल.,No,No,No
ham,उद्यान 27-04-2026 ते 14-05-2026 पर्यंत नूतनीकरणासाठी बंद राहील.,No,No,No
ham,उद्यान 20-11-2025 ते 24-03-2026 पर्यंत नूतनीकरणासाठी बंद राहील.,No,No,No
ham,उद्यान 08-10-2026 ते 07-03-2025 पर्यंत नूतनीकरणासाठी बंद राहील.,No,No,No
ham,सोसायटीची वार्षिक सभा 05-08-2026 रोजी संध्याकाळी 6 वाजता क्लबहाऊसमध्ये आहे.,No,No,No
ham,सोसायटीची वार्षिक सभा 22-04-2025 रोजी संध्याकाळी 6 वाजता क्लबहाऊसमध्ये आहे.,No,No,No
ham,स्मरणपत्र: सोसायटीची देखभाल फी 18-06-2026 पर्यंत भरा अन्यथा विलंब शुल्क लागेल.,No,No,No
ham,स्मरणपत्र: सोसायटीची देखभाल फी 06-02-2025 पर्यंत भरा अन्यथा विलंब शुल्क लागेल.,No,No,No
ham,स्मरणपत्र: सोसायटीची देखभाल फी 21-11-2025 पर्यंत भरा अन्यथा विलंब शुल्क लागेल.,No,No,No
ham,उद्यान 12-01-2025 ते 24-08-2025 पर्यंत नूतनीकरणासाठी बंद राहील.,No,No,No
ham,स्मरणपत्र: सोसायटीची देखभाल फी 19-10-2025 पर्यंत भरा अन्यथा विलंब शुल्क लागेल.,No,No,No
ham,सोसायटीची वार्षिक सभा 27-09-2026 रोजी संध्याकाळी 6 वाजता क्लबहाऊसमध्ये आहे.,No,No,No
ham,सोसायटीची वार्षिक सभा 13-04-2025 रोजी संध्याकाळी 6 वाजता क्लबहाऊसमध्ये आहे.,No,No,No
ham,"स्मरणपत्र: लायब्ररीची पुस्तके 02-09-2025 पर्यंत परत करायची आहेत, त्यानंतर विलंब शुल्क लागेल.",No,No,No
ham,उद्यान 19-05-2026 ते 06-07-2026 पर्यंत नूतनीकरणासाठी बंद राहील.,No,No,No
ham,"स्मरणपत्र: लायब्ररीची पुस्तके 12-06-2026 पर्यंत परत करायची आहेत, त्यानंतर विलंब शुल्क लागेल.",No,No,No
ham,"स्मरणपत्र: लायब्ररीची पुस्तके 13-08-2026 पर्यंत परत करायची आहेत, त्यानंतर विलंब शुल्क लागेल.",No,No,No
ham,उद्यान 19-10-2026 ते 11-09-2026 पर्यंत नूतनीकरणासाठी बंद राहील.,No,No,No
ham,स्मरणपत्र: सोसायटीची देखभाल फी 14-11-2025 पर्यंत भरा अन्यथा विलंब शुल्क लागेल.,No,No,No
ham,स्मरणपत्र: सोसायटीची देखभाल फी 21-03-2025 पर्यंत भरा अन्यथा विलंब शुल्क लागेल.,No,No,No
ham,उद्यान 22-04-2026 ते 24-02-2026 पर्यंत नूतनीकरणासाठी बंद राहील.,No,No,No
ham,"स्मरणपत्र: लायब्ररीची पुस्तके 27-09-2025 पर्यंत परत करायची आहेत, त्यानंतर विलंब शुल्क लागेल.",No,No,No
ham,"स्मरणपत्र: लायब्ररीची पुस्तके 12-01-2025 पर्यंत परत करायची आहेत, त्यानंतर विलंब शुल्क लागेल.",No,No,No
ham,सोसायटीची वार्षिक सभा 11-03-2025 रोजी संध्याकाळी 6 वाजता क्लबहाऊसमध्ये आहे.,No,No,No
ham,उद्यान 10-10-2025 ते 23-01-2025 पर्यंत नूतनीकरणासाठी बंद राहील.,No,No,No
ham,उद्यान 21-03-2025 ते 04-05-2025 पर्यंत नूतनीकरणासाठी बंद राहील.,No,No,No
ham,सोसायटीची वार्षिक सभा 17-01-2025 रोजी संध्याकाळी 6 वाजता क्लबहाऊसमध्ये आहे.,No,No,No
ham,उद्यान 28-02-2026 ते 25-05-2025 पर्यंत नूतनीकरणासाठी बंद राहील.,No,No,No
ham,उद्यान 14-06-2025 ते 02-07-2026 पर्यंत नूतनीकरणासाठी बंद राहील.,No,No,No
ham,स्मरणपत्र: सोसायटीची देखभाल फी 03-06-2025 पर्यंत भरा अन्यथा विलंब शुल्क लागेल.,No,No,No
ham,"स्मरणपत्र: लायब्ररीची पुस्तके 01-12-2025 पर्यंत परत करायची आहेत, त्यानंतर विलंब शुल्क लागेल.",No,No,No
ham,"स्मरणपत्र: लायब्ररीची पुस्तके 24-01-2025 पर्यंत परत करायची आहेत, त्यानंतर विलंब शुल्क लागेल.",No,No,No
ham,उद्यान 04-11-2025 ते 09-10-2026 पर्यंत नूतनीकरणासाठी बंद राहील.,No,No,No
ham,"स्मरणपत्र: लायब्ररीची पुस्तके 02-10-2026 पर्यंत परत करायची आहेत, त्यानंतर विलंब शुल्क लागेल.",No,No,No
ham,उद्यान 10-06-2026 ते 25-11-2026 पर्यंत नूतनीकरणासाठी बंद राहील.,No,No,No
ham,सोसायटीची वार्षिक सभा 21-06-2025 रोजी संध्याकाळी 6 वाजता क्लबहाऊसमध्ये आहे.,No,No,No
ham,"स्मरणपत्र: लायब्ररीची पुस्तके 08-07-2026 पर्यंत परत करायची आहेत, त्यानंतर विलंब शुल्क लागेल.",No,No,No
ham,"स्मरणपत्र: लायब्ररीची पुस्तके 13-08-2025 पर्यंत परत करायची आहेत, त्यानंतर विलंब शुल्क लागेल.",No,No,No
ham,स्मरणपत्र: सोसायटीची देखभाल फी 12-07-2026 पर्यंत भरा अन्यथा विलंब शुल्क लागेल.,No,No,No
ham,सोसायटीची वार्षिक सभा 08-02-2025 रोजी संध्याकाळी 6 वाजता क्लबहाऊसमध्ये आहे.,No,No,No
ham,"स्मरणपत्र: लायब्ररीची पुस्तके 17-03-2025 पर्यंत परत करायची आहेत, त्यानंतर विलंब शुल्क लागेल.",No,No,No
ham,सोसायटीची वार्षिक सभा 19-10-2025 रोजी संध्याकाळी 6 वाजता क्लबहाऊसमध्ये आहे.,No,No,No
ham,स्मरणपत्र: सोसायटीची देखभाल फी 16-09-2025 पर्यंत भरा अन्यथा विलंब शुल्क लागेल.,No,No,No
ham,सोसायटीची वार्षिक सभा 03-12-2025 रोजी संध्याकाळी 6 वाजता क्लबहाऊसमध्ये आहे.,No,No,No
ham,स्मरणपत्र: सोसायटीची देखभाल फी 01-03-2026 पर्यंत भरा अन्यथा विलंब शुल्क लागेल.,No,No,No
ham,उद्यान 05-08-2026 ते 11-10-2026 पर्यंत नूतनीकरणासाठी बंद राहील.,No,No,No
ham,"स्मरणपत्र: लायब्ररीची पुस्तके 11-06-2025 पर्यंत परत करायची आहेत, त्यानंतर विलंब शुल्क लागेल.",No,No,No
ham,उद्यान 19-04-2026 ते 20-06-2026 पर्यंत नूतनीकरणासाठी बंद राहील.,No,No,No
ham,सोसायटीची वार्षिक सभा 11-11-2026 रोजी संध्याकाळी 6 वाजता क्लबहाऊसमध्ये आहे.,No,No,No
ham,स्मरणपत्र: सोसायटीची देखभाल फी 17-08-2025 पर्यंत भरा अन्यथा विलंब शुल्क लागेल.,No,No,No
ham,स्मरणपत्र: सोसायटीची देखभाल फी 20-11-2025 पर्यंत भरा अन्यथा विलंब शुल्क लागेल.,No,No,No
ham,"स्मरणपत्र: लायब्ररीची पुस्तके 22-08-2026 पर्यंत परत करायची आहेत, त्यानंतर विलंब शुल्क लागेल.",No,No,No
ham,सोसायटीची वार्षिक सभा 05-02-2026 रोजी संध्याकाळी 6 वाजता क्लबहाऊसमध्ये आहे.,No,No,No
ham,सोसायटीची वार्षिक सभा 15-10-2025 रोजी संध्याकाळी 6 वाजता क्लबहाऊसमध्ये आहे.,No,No,No
ham,उद्यान 26-05-2025 ते 21-01-2026 पर्यंत नूतनीकरणासाठी बंद राहील.,No,No,No
ham,"स्मरणपत्र: लायब्ररीची पुस्तके 24-08-2026 पर्यंत परत करायची आहेत, त्यानंतर विलंब शुल्क लागेल.",No,No,No
ham,सोसायटीची वार्षिक सभा 12-03-2025 रोजी संध्याकाळी 6 वाजता क्लबहाऊसमध्ये आहे.,No,No,No
ham,स्मरणपत्र: सोसायटीची देखभाल फी 17-05-2026 पर्यंत भरा अन्यथा विलंब शुल्क लागेल.,No,No,No
ham,स्मरणपत्र: सोसायटीची देखभाल फी 10-01-2026 पर्यंत भरा अन्यथा विलंब शुल्क लागेल.,No,No,No
ham,स्मरणपत्र: सोसायटीची देखभाल फी 14-03-2025 पर्यंत भरा अन्यथा विलंब शुल्क लागेल.,No,No,No
ham,"स्मरणपत्र: लायब्ररीची पुस्तके 21-04-2026 पर्यंत परत करायची आहेत, त्यानंतर विलंब शुल्क लागेल.",No,No,No
ham,सोसायटीची वार्षिक सभा 23-05-2026 रोजी संध्याकाळी 6 वाजता क्लबहाऊसमध्ये आहे.,No,No,No
ham,"स्मरणपत्र: लायब्ररीची पुस्तके 19-03-2026 पर्यंत परत करायची आहेत, त्यानंतर विलंब शुल्क लागेल.",No,No,No
ham,उद्यान 06-01-2026 ते 08-08-2025 पर्यंत नूतनीकरणासाठी बंद राहील.,No,No,No
ham,"स्मरणपत्र: लायब्ररीची पुस्तके 26-03-2025 पर्यंत परत करायची आहेत, त्यानंतर विलंब शुल्क लागेल.",No,No,No
ham,"स्मरणपत्र: लायब्ररीची पुस्तके 22-06-2025 पर्यंत परत करायची आहेत, त्यानंतर विलंब शुल्क लागेल.",No,No,No
ham,सोसायटीची वार्षिक सभा 09-10-2025 रोजी संध्याकाळी 6 वाजता क्लबहाऊसमध्ये आहे.,No,No,No
ham,"स्मरणपत्र: लायब्ररीची पुस्तके 02-09-2026 पर्यंत परत करायची आहेत, त्यानंतर विलंब शुल्क लागेल.",No,No,No
ham,सोसायटीची वार्षिक सभा 05-12-2025 रोजी संध्याकाळी 6 वाजता क्लबहाऊसमध्ये आहे.,No,No,No
ham,स्मरणपत्र: सोसायटीची देखभाल फी 16-01-2025 पर्यंत भरा अन्यथा विलंब शुल्क लागेल.,No,No,No
ham,उद्यान 23-03-2026 ते 19-05-2026 पर्यंत नूतनीकरणासाठी बंद राहील.,No,No,No
ham,उद्यान 03-07-2026 ते 09-04-2026 पर्यंत नूतनीकरणासाठी बंद राहील.,No,No,No
ham,उद्यान 04-04-2026 ते 18-05-2026 पर्यंत नूतनीकरणासाठी बंद राहील.,No,No,No
ham,"स्मरणपत्र: लायब्ररीची पुस्तके 15-01-2026 पर्यंत परत करायची आहेत, त्यानंतर विलंब शुल्क लागेल.",No,No,No
ham,"स्मरणपत्र: लायब्ररीची पुस्तके 26-12-2025 पर्यंत परत करायची आहेत, त्यानंतर विलंब शुल्क लागेल.",No,No,No
ham,स्मरणपत्र: सोसायटीची देखभाल फी 28-07-2025 पर्यंत भरा अन्यथा विलंब शुल्क लागेल.,No,No,No
ham,उद्यान 01-05-2025 ते 20-04-2026 पर्यंत नूतनीकरणासाठी बंद राहील.,No,No,No
ham,उद्यान 06-05-2025 ते 12-04-2026 पर्यंत नूतनीकरणासाठी बंद राहील.,No,No,No
ham,"स्मरणपत्र: लायब्ररीची पुस्तके 17-07-2026 पर्यंत परत करायची आहेत, त्यानंतर विलंब शुल्क लागेल.",No,No,No
ham,उद्यान 16-07-2025 ते 01-11-2025 पर्यंत नूतनीकरणासाठी बंद राहील.,No,No,No
ham,"स्मरणपत्र: लायब्ररीची पुस्तके 04-08-2025 पर्यंत परत करायची आहेत, त्यानंतर विलंब शुल्क लागेल.",No,No,No
ham,उद्यान 12-05-2025 ते 18-01-2025 पर्यंत नूतनीकरणासाठी बंद राहील.,No,No,No
ham,उद्यान 28-09-2025 ते 25-10-2026 पर्यंत नूतनीकरणासाठी बंद राहील.,No,No,No
ham,"स्मरणपत्र: लायब्ररीची पुस्तके 27-08-2025 पर्यंत परत करायची आहेत, त्यानंतर विलंब शुल्क लागेल.",No,No,No
ham,"स्मरणपत्र: लायब्ररीची पुस्तके 06-07-2025 पर्यंत परत करायची आहेत, त्यानंतर विलंब शुल्क लागेल.",No,No,No
ham,स्मरणपत्र: सोसायटीची देखभाल फी 15-10-2026 पर्यंत भरा अन्यथा विलंब शुल्क लागेल.,No,No,No
ham,सोसायटीची वार्षिक सभा 17-11-2025 रोजी संध्याकाळी 6 वाजता क्लबहाऊसमध्ये आहे.,No,No,No
ham,उद्यान 12-04-2026 ते 02-01-2026 पर्यंत नूतनीकरणासाठी बंद राहील.,No,No,No
ham,उद्यान 09-08-2026 ते 03-04-2025 पर्यंत नूतनीकरणासाठी बंद राहील.,No,No,No
ham,स्मरणपत्र: सोसायटीची देखभाल फी 04-04-2026 पर्यंत भरा अन्यथा विलंब शुल्क लागेल.,No,No,No
ham,स्मरणपत्र: सोसायटीची देखभाल फी 03-03-2025 पर्यंत भरा अन्यथा विलंब शुल्क लागेल.,No,No,No
ham,"स्मरणपत्र: लायब्ररीची पुस्तके 18-12-2026 पर्यंत परत करायची आहेत, त्यानंतर विलंब शुल्क लागेल.",No,No,No
ham,सोसायटीची वार्षिक सभा 03-03-2025 रोजी संध्याकाळी 6 वाजता क्लबहाऊसमध्ये आहे.,No,No,No
ham,स्मरणपत्र: सोसायटीची देखभाल फी 15-04-2026 पर्यंत भरा अन्यथा विलंब शुल्क लागेल.,No,No,No
ham,सोसायटीची वार्षिक सभा 20-01-2026 रोजी संध्याकाळी 6 वाजता क्लबहाऊसमध्ये आहे.,No,No,No
ham,"स्मरणपत्र: लायब्ररीची पुस्तके 23-07-2025 पर्यंत परत करायची आहेत, त्यानंतर विलंब शुल्क लागेल.",No,No,No
ham,उद्यान 05-08-2026 ते 15-09-2026 पर्यंत नूतनीकरणासाठी बंद राहील.,No,No,No
ham,सोसायटीची वार्षिक सभा 18-04-2025 रोजी संध्याकाळी 6 वाजता क्लबहाऊसमध्ये आहे.,No,No,No
ham,"स्मरणपत्र: लायब्ररीची पुस्तके 05-10-2026 पर्यंत परत करायची आहेत, त्यानंतर विलंब शुल्क लागेल.",No,No,No
ham,"स्मरणपत्र: लायब्ररीची पुस्तके 11-12-2025 पर्यंत परत करायची आहेत, त्यानंतर विलंब शुल्क लागेल.",No,No,No
ham,उद्यान 12-08-2025 ते 23-04-2025 पर्यंत नूतनीकरणासाठी बंद राहील.,No,No,No
ham,स्मरणपत्र: सोसायटीची देखभाल फी 27-07-2025 पर्यंत भरा अन्यथा विलंब शुल्क लागेल.,No,No,No
ham,"स्मरणपत्र: लायब्ररीची पुस्तके 16-01-2026 पर्यंत परत करायची आहेत, त्यानंतर विलंब शुल्क लागेल.",No,No,No
ham,"स्मरणपत्र: लायब्ररीची पुस्तके 25-09-2025 पर्यंत परत करायची आहेत, त्यानंतर विलंब शुल्क लागेल.",No,No,No
ham,"स्मरणपत्र: लायब्ररीची पुस्तके 03-02-2026 पर्यंत परत करायची आहेत, त्यानंतर विलंब शुल्क लागेल.",No,No,No
ham,सोसायटीची वार्षिक सभा 15-11-2025 रोजी संध्याकाळी 6 वाजता क्लबहाऊसमध्ये आहे.,No,No,No
ham,उद्यान 05-02-2026 ते 02-08-2026 पर्यंत नूतनीकरणासाठी बंद राहील.,No,No,No
ham,स्मरणपत्र: सोसायटीची देखभाल फी 24-08-2026 पर्यंत भरा अन्यथा विलंब शुल्क लागेल.,No,No,No
ham,स्मरणपत्र: सोसायटीची देखभाल फी 02-03-2026 पर्यंत भरा अन्यथा विलंब शुल्क लागेल.,No,No,No
ham,उद्यान 01-01-2026 ते 03-11-2026 पर्यंत नूतनीकरणासाठी बंद राहील.,No,No,No
ham,"स्मरणपत्र: लायब्ररीची पुस्तके 15-03-2026 पर्यंत परत करायची आहेत, त्यानंतर विलंब शुल्क लागेल.",No,No,No
ham,उद्यान 09-06-2025 ते 21-12-2026 पर्यंत नूतनीकरणासाठी बंद राहील.,No,No,No
ham,उद्यान 10-11-2026 ते 08-10-2026 पर्यंत नूतनीकरणासाठी बंद राहील.,No,No,No
ham,स्मरणपत्र: सोसायटीची देखभाल फी 07-07-2025 पर्यंत भरा अन्यथा विलंब शुल्क लागेल.,No,No,No
ham,"स्मरणपत्र: लायब्ररीची पुस्तके 04-06-2025 पर्यंत परत करायची आहेत, त्यानंतर विलंब शुल्क लागेल.",No,No,No
ham,सोसायटीची वार्षिक सभा 13-05-2026 रोजी संध्याकाळी 6 वाजता क्लबहाऊसमध्ये आहे.,No,No,No
ham,"स्मरणपत्र: लायब्ररीची पुस्तके 03-12-2026 पर्यंत परत करायची आहेत, त्यानंतर विलंब शुल्क लागेल.",No,No,No
ham,उद्यान 23-10-2025 ते 03-02-2026 पर्यंत नूतनीकरणासाठी बंद राहील.,No,No,No
ham,"स्मरणपत्र: लायब्ररीची पुस्तके 10-09-2026 पर्यंत परत करायची आहेत, त्यानंतर विलंब शुल्क लागेल.",No,No,No
ham,"स्मरणपत्र: लायब्ररीची पुस्तके 09-07-2026 पर्यंत परत करायची आहेत, त्यानंतर विलंब शुल्क लागेल.",No,No,No
ham,"स्मरणपत्र: लायब्ररीची पुस्तके 28-02-2025 पर्यंत परत करायची आहेत, त्यानंतर विलंब शुल्क लागेल.",No,No,No
ham,"स्मरणपत्र: लायब्ररीची पुस्तके 01-03-2025 पर्यंत परत करायची आहेत, त्यानंतर विलंब शुल्क लागेल.",No,No,No
ham,उद्यान 07-11-2025 ते 23-11-2026 पर्यंत नूतनीकरणासाठी बंद राहील.,No,No,No
ham,"स्मरणपत्र: लायब्ररीची पुस्तके 19-10-2026 पर्यंत परत करायची आहेत, त्यानंतर विलंब शुल्क लागेल.",No,No,No
ham,"स्मरणपत्र: लायब्ररीची पुस्तके 07-02-2025 पर्यंत परत करायची आहेत, त्यानंतर विलंब शुल्क लागेल.",No,No,No
ham,"स्मरणपत्र: लायब्ररीची पुस्तके 07-07-2025 पर्यंत परत करायची आहेत, त्यानंतर विलंब शुल्क लागेल.",No,No,No
ham,"स्मरणपत्र: लायब्ररीची पुस्तके 14-04-2026 पर्यंत परत करायची आहेत, त्यानंतर विलंब शुल्क लागेल.",No,No,No
ham,उद्यान 08-08-2025 ते 02-11-2026 पर्यंत नूतनीकरणासाठी बंद राहील.,No,No,No
ham,उद्यान 10-06-2026 ते 27-09-2025 पर्यंत नूतनीकरणासाठी बंद राहील.,No,No,No
ham,सोसायटीची वार्षिक सभा 01-07-2025 रोजी संध्याकाळी 6 वाजता क्लबहाऊसमध्ये आहे.,No,No,No
ham,सोसायटीची वार्षिक सभा 23-12-2026 रोजी संध्याकाळी 6 वाजता क्लबहाऊसमध्ये आहे.,No,No,No
ham,उद्यान 10-09-2026 ते 26-06-2026 पर्यंत नूतनीकरणासाठी बंद राहील.,No,No,No
ham,उद्यान 04-05-2025 ते 28-02-2026 पर्यंत नूतनीकरणासाठी बंद राहील.,No,No,No
ham,उद्यान 01-02-2025 ते 10-06-2025 पर्यंत नूतनीकरणासाठी बंद राहील.,No,No,No
ham,उद्यान 04-06-2025 ते 22-07-2026 पर्यंत नूतनीकरणासाठी बंद राहील.,No,No,No
ham,उद्यान 27-11-2025 ते 07-02-2026 पर्यंत नूतनीकरणासाठी बंद राहील.,No,No,No
ham,"स्मरणपत्र: लायब्ररीची पुस्तके 14-08-2025 पर्यंत परत करायची आहेत, त्यानंतर विलंब शुल्क लागेल.",No,No,No
ham,सोसायटीची वार्षिक सभा 10-03-2025 रोजी संध्याकाळी 6 वाजता क्लबहाऊसमध्ये आहे.,No,No,No
ham,सोसायटीची वार्षिक सभा 28-10-2025 रोजी संध्याकाळी 6 वाजता क्लबहाऊसमध्ये आहे.,No,No,No
ham,उद्यान 16-11-2026 ते 16-09-2025 पर्यंत नूतनीकरणासाठी बंद राहील.,No,No,No
ham,सोसायटीची वार्षिक सभा 18-12-2025 रोजी संध्याकाळी 6 वाजता क्लबहाऊसमध्ये आहे.,No,No,No
ham,सोसायटीची वार्षिक सभा 28-11-2026 रोजी संध्याकाळी 6 वाजता क्लबहाऊसमध्ये आहे.,No,No,No
ham,"स्मरणपत्र: लायब्ररीची पुस्तके 04-07-2026 पर्यंत परत करायची आहेत, त्यानंतर विलंब शुल्क लागेल.",No,No,No
ham,उद्यान 13-05-2026 ते 28-12-2025 पर्यंत नूतनीकरणासाठी बंद राहील.,No,No,No
ham,उद्यान 10-05-2025 ते 27-11-2025 पर्यंत नूतनीकरणासाठी बंद राहील.,No,No,No
ham,"स्मरणपत्र: लायब्ररीची पुस्तके 18-02-2025 पर्यंत परत करायची आहेत, त्यानंतर विलंब शुल्क लागेल.",No,No,No
ham,सोसायटीची वार्षिक सभा 27-08-2025 रोजी संध्याकाळी 6 वाजता क्लबहाऊसमध्ये आहे.,No,No,No
ham,उद्यान 08-12-2026 ते 09-10-2026 पर्यंत नूतनीकरणासाठी बंद राहील.,No,No,No
ham,उद्यान 07-01-2025 ते 15-03-2026 पर्यंत नूतनीकरणासाठी बंद राहील.,No,No,No
ham,उद्यान 15-08-2025 ते 21-03-2026 पर्यंत नूतनीकरणासाठी बंद राहील.,No,No,No
ham,स्मरणपत्र: सोसायटीची देखभाल फी 18-02-2025 पर्यंत भरा अन्यथा विलंब शुल्क लागेल.,No,No,No
ham,उद्यान 03-03-2026 ते 06-02-2025 पर्यंत नूतनीकरणासाठी बंद राहील.,No,No,No
ham,उद्यान 26-01-2026 ते 03-06-2026 पर्यंत नूतनीकरणासाठी बंद राहील.,No,No,No
ham,"स्मरणपत्र: लायब्ररीची पुस्तके 15-06-2025 पर्यंत परत करायची आहेत, त्यानंतर विलंब शुल्क लागेल.",No,No,No
ham,"स्मरणपत्र: लायब्ररीची पुस्तके 28-04-2025 पर्यंत परत करायची आहेत, त्यानंतर विलंब शुल्क लागेल.",No,No,No
ham,"स्मरणपत्र: लायब्ररीची पुस्तके 18-01-2025 पर्यंत परत करायची आहेत, त्यानंतर विलंब शुल्क लागेल.",No,No,No
ham,सोसायटीची वार्षिक सभा 26-08-2026 रोजी संध्याकाळी 6 वाजता क्लबहाऊसमध्ये आहे.,No,No,No
ham,उद्यान 01-08-2025 ते 03-02-2026 पर्यंत नूतनीकरणासाठी बंद राहील.,No,No,No
ham,सोसायटीची वार्षिक सभा 06-05-2025 रोजी संध्याकाळी 6 वाजता क्लबहाऊसमध्ये आहे.,No,No,No
ham,सोसायटीची वार्षिक सभा 01-07-2026 रोजी संध्याकाळी 6 वाजता क्लबहाऊसमध्ये आहे.,No,No,No
ham,उद्यान 24-12-2025 ते 18-06-2026 पर्यंत नूतनीकरणासाठी बंद राहील.,No,No,No
ham,स्मरणपत्र: सोसायटीची देखभाल फी 25-09-2026 पर्यंत भरा अन्यथा विलंब शुल्क लागेल.,No,No,No
ham,"स्मरणपत्र: लायब्ररीची पुस्तके 03-01-2026 पर्यंत परत करायची आहेत, त्यानंतर विलंब शुल्क लागेल.",No,No,No
ham,उद्यान 19-01-2025 ते 15-08-2026 पर्यंत नूतनीकरणासाठी बंद राहील.,No,No,No
ham,सोसायटीची वार्षिक सभा 07-10-2026 रोजी संध्याकाळी 6 वाजता क्लबहाऊसमध्ये आहे.,No,No,No
ham,स्मरणपत्र: सोसायटीची देखभाल फी 26-02-2026 पर्यंत भरा अन्यथा विलंब शुल्क लागेल.,No,No,No
ham,उद्यान 06-02-2026 ते 08-12-2025 पर्यंत नूतनीकरणासाठी बंद राहील.,No,No,No
ham,स्मरणपत्र: सोसायटीची देखभाल फी 21-06-2025 पर्यंत भरा अन्यथा विलंब शुल्क लागेल.,No,No,No
ham,स्मरणपत्र: सोसायटीची देखभाल फी 14-06-2025 पर्यंत भरा अन्यथा विलंब शुल्क लागेल.,No,No,No
ham,"स्मरणपत्र: लायब्ररीची पुस्तके 17-11-2025 पर्यंत परत करायची आहेत, त्यानंतर विलंब शुल्क लागेल.",No,No,No
ham,उद्यान 20-03-2025 ते 08-05-2025 पर्यंत नूतनीकरणासाठी बंद राहील.,No,No,No
ham,उद्यान 24-02-2025 ते 12-05-2025 पर्यंत नूतनीकरणासाठी बंद राहील.,No,No,No
ham,सोसायटीची वार्षिक सभा 11-04-2025 रोजी संध्याकाळी 6 वाजता क्लबहाऊसमध्ये आहे.,No,No,No
ham,उद्यान 19-06-2026 ते 22-11-2026 पर्यंत नूतनीकरणासाठी बंद राहील.,No,No,No
ham,स्मरणपत्र: सोसायटीची देखभाल फी 25-12-2026 पर्यंत भरा अन्यथा विलंब शुल्क लागेल.,No,No,No
ham,उद्यान 07-05-2026 ते 15-12-2026 पर्यंत नूतनीकरणासाठी बंद राहील.,No,No,No
ham,उद्यान 22-07-2026 ते 16-03-2025 पर्यंत नूतनीकरणासाठी बंद राहील.,No,No,No
ham,स्मरणपत्र: सोसायटीची देखभाल फी 28-08-2026 पर्यंत भरा अन्यथा विलंब शुल्क लागेल.,No,No,No
ham,"स्मरणपत्र: लायब्ररीची पुस्तके 07-01-2026 पर्यंत परत करायची आहेत, त्यानंतर विलंब शुल्क लागेल.",No,No,No
ham,स्मरणपत्र: सोसायटीची देखभाल फी 19-06-2025 पर्यंत भरा अन्यथा विलंब शुल्क लागेल.,No,No,No
ham,उद्यान 05-05-2026 ते 19-02-2026 पर्यंत नूतनीकरणासाठी बंद राहील.,No,No,No
ham,उद्यान 18-10-2026 ते 26-01-2025 पर्यंत नूतनीकरणासाठी बंद राहील.,No,No,No
ham,स्मरणपत्र: सोसायटीची देखभाल फी 25-06-2026 पर्यंत भरा अन्यथा विलंब शुल्क लागेल.,No,No,No
ham,"स्मरणपत्र: लायब्ररीची पुस्तके 03-07-2026 पर्यंत परत करायची आहेत, त्यानंतर विलंब शुल्क लागेल.",No,No,No
ham,स्मरणपत्र: सोसायटीची देखभाल फी 24-12-2025 पर्यंत भरा अन्यथा विलंब शुल्क लागेल.,No,No,No
ham,उद्यान 04-03-2026 ते 17-08-2026 पर्यंत नूतनीकरणासाठी बंद राहील.,No,No,No
ham,"स्मरणपत्र: लायब्ररीची पुस्तके 04-12-2025 पर्यंत परत करायची आहेत, त्यानंतर विलंब शुल्क लागेल.",No,No,No
ham,सोसायटीची वार्षिक सभा 27-02-2026 रोजी संध्याकाळी 6 वाजता क्लबहाऊसमध्ये आहे.,No,No,No
ham,उद्यान 20-12-2026 ते 16-12-2026 पर्यंत नूतनीकरणासाठी बंद राहील.,No,No,No
ham,सोसायटीची वार्षिक सभा 14-10-2025 रोजी संध्याकाळी 6 वाजता क्लबहाऊसमध्ये आहे.,No,No,No
ham,"स्मरणपत्र: लायब्ररीची पुस्तके 16-04-2026 पर्यंत परत करायची आहेत, त्यानंतर विलंब शुल्क लागेल.",No,No,No
ham,स्मरणपत्र: सोसायटीची देखभाल फी 26-06-2026 पर्यंत भरा अन्यथा विलंब शुल्क लागेल.,No,No,No
ham,उद्यान 25-08-2025 ते 23-08-2026 पर्यंत नूतनीकरणासाठी बंद राहील.,No,No,No
ham,उद्यान 17-06-2026 ते 27-10-2025 पर्यंत नूतनीकरणासाठी बंद राहील.,No,No,No
ham,उद्यान 19-11-2025 ते 23-09-2025 पर्यंत नूतनीकरणासाठी बंद राहील.,No,No,No
ham,सोसायटीची वार्षिक सभा 11-03-2026 रोजी संध्याकाळी 6 वाजता क्लबहाऊसमध्ये आहे.,No,No,No
ham,सोसायटीची वार्षिक सभा 18-04-2026 रोजी संध्याकाळी 6 वाजता क्लबहाऊसमध्ये आहे.,No,No,No
ham,सोसायटीची वार्षिक सभा 05-11-2026 रोजी संध्याकाळी 6 वाजता क्लबहाऊसमध्ये आहे.,No,No,No
ham,उद्यान 27-07-2025 ते 21-01-2026 पर्यंत नूतनीकरणासाठी बंद राहील.,No,No,No
ham,"स्मरणपत्र: लायब्ररीची पुस्तके 19-05-2026 पर्यंत परत करायची आहेत, त्यानंतर विलंब शुल्क लागेल.",No,No,No
ham,"स्मरणपत्र: लायब्ररीची पुस्तके 03-09-2025 पर्यंत परत करायची आहेत, त्यानंतर विलंब शुल्क लागेल.",No,No,No
ham,उद्यान 23-02-2026 ते 15-07-2026 पर्यंत नूतनीकरणासाठी बंद राहील.,No,No,No
ham,उद्यान 28-02-2026 ते 28-08-2026 पर्यंत नूतनीकरणासाठी बंद राहील.,No,No,No
ham,स्मरणपत्र: सोसायटीची देखभाल फी 20-02-2025 पर्यंत भरा अन्यथा विलंब शुल्क लागेल.,No,No,No
ham,उद्यान 16-09-2026 ते 20-08-2025 पर्यंत नूतनीकरणासाठी बंद राहील.,No,No,No
ham,"स्मरणपत्र: लायब्ररीची पुस्तके 21-08-2025 पर्यंत परत करायची आहेत, त्यानंतर विलंब शुल्क लागेल.",No,No,No
ham,उद्यान 13-08-2025 ते 26-02-2025 पर्यंत नूतनीकरणासाठी बंद राहील.,No,No,No
ham,उद्यान 23-08-2026 ते 06-07-2025 पर्यंत नूतनीकरणासाठी बंद राहील.,No,No,No
ham,स्मरणपत्र: सोसायटीची देखभाल फी 19-02-2025 पर्यंत भरा अन्यथा विलंब शुल्क लागेल.,No,No,No
ham,सोसायटीची वार्षिक सभा 19-10-2026 रोजी संध्याकाळी 6 वाजता क्लबहाऊसमध्ये आहे.,No,No,No
ham,स्मरणपत्र: सोसायटीची देखभाल फी 11-03-2026 पर्यंत भरा अन्यथा विलंब शुल्क लागेल.,No,No,No
ham,"स्मरणपत्र: लायब्ररीची पुस्तके 16-06-2026 पर्यंत परत करायची आहेत, त्यानंतर विलंब शुल्क लागेल.",No,No,No
ham,"स्मरणपत्र: लायब्ररीची पुस्तके 27-12-2026 पर्यंत परत करायची आहेत, त्यानंतर विलंब शुल्क लागेल.",No,No,No
ham,सोसायटीची वार्षिक सभा 12-10-2026 रोजी संध्याकाळी 6 वाजता क्लबहाऊसमध्ये आहे.,No,No,No
ham,सोसायटीची वार्षिक सभा 21-09-2025 रोजी संध्याकाळी 6 वाजता क्लबहाऊसमध्ये आहे.,No,No,No
ham,उद्यान 08-12-2025 ते 13-11-2026 पर्यंत नूतनीकरणासाठी बंद राहील.,No,No,No
ham,स्मरणपत्र: सोसायटीची देखभाल फी 27-03-2026 पर्यंत भरा अन्यथा विलंब शुल्क लागेल.,No,No,No
ham,"स्मरणपत्र: लायब्ररीची पुस्तके 28-02-2026 पर्यंत परत करायची आहेत, त्यानंतर विलंब शुल्क लागेल.",No,No,No
ham,स्मरणपत्र: सोसायटीची देखभाल फी 20-08-2025 पर्यंत भरा अन्यथा विलंब शुल्क लागेल.,No,No,No
ham,स्मरणपत्र: सोसायटीची देखभाल फी 09-03-2025 पर्यंत भरा अन्यथा विलंब शुल्क लागेल.,No,No,No
ham,स्मरणपत्र: सोसायटीची देखभाल फी 15-11-2025 पर्यंत भरा अन्यथा विलंब शुल्क लागेल.,No,No,No
ham,उद्यान 10-01-2025 ते 03-03-2025 पर्यंत नूतनीकरणासाठी बंद राहील.,No,No,No
ham,उद्यान 24-12-2025 ते 15-01-2025 पर्यंत नूतनीकरणासाठी बंद राहील.,No,No,No
ham,"स्मरणपत्र: लायब्ररीची पुस्तके 25-02-2026 पर्यंत परत करायची आहेत, त्यानंतर विलंब शुल्क लागेल.",No,No,No
ham,स्मरणपत्र: सोसायटीची देखभाल फी 01-08-2025 पर्यंत भरा अन्यथा विलंब शुल्क लागेल.,No,No,No
ham,सोसायटीची वार्षिक सभा 09-09-2026 रोजी संध्याकाळी 6 वाजता क्लबहाऊसमध्ये आहे.,No,No,No
ham,उद्यान 21-03-2026 ते 05-12-2025 पर्यंत नूतनीकरणासाठी बंद राहील.,No,No,No
ham,"स्मरणपत्र: लायब्ररीची पुस्तके 08-08-2025 पर्यंत परत करायची आहेत, त्यानंतर विलंब शुल्क लागेल.",No,No,No
ham,उद्यान 12-12-2025 ते 26-04-2026 पर्यंत नूतनीकरणासाठी बंद राहील.,No,No,No
ham,सोसायटीची वार्षिक सभा 05-06-2025 रोजी संध्याकाळी 6 वाजता क्लबहाऊसमध्ये आहे.,No,No,No
ham,उद्यान 01-09-2026 ते 13-05-2026 पर्यंत नूतनीकरणासाठी बंद राहील.,No,No,No
ham,"स्मरणपत्र: लायब्ररीची पुस्तके 27-11-2025 पर्यंत परत करायची आहेत, त्यानंतर विलंब शुल्क लागेल.",No,No,No
ham,"स्मरणपत्र: लायब्ररीची पुस्तके 28-05-2025 पर्यंत परत करायची आहेत, त्यानंतर विलंब शुल्क लागेल.",No,No,No
ham,उद्यान 12-07-2025 ते 17-02-2026 पर्यंत नूतनीकरणासाठी बंद राहील.,No,No,No
ham,सोसायटीची वार्षिक सभा 28-02-2025 रोजी संध्याकाळी 6 वाजता क्लबहाऊसमध्ये आहे.,No,No,No
ham,उद्यान 16-06-2026 ते 19-01-2025 पर्यंत नूतनीकरणासाठी बंद राहील.,No,No,No
ham,"स्मरणपत्र: लायब्ररीची पुस्तके 07-09-2025 पर्यंत परत करायची आहेत, त्यानंतर विलंब शुल्क लागेल.",No,No,No
ham,"स्मरणपत्र: लायब्ररीची पुस्तके 26-11-2026 पर्यंत परत करायची आहेत, त्यानंतर विलंब शुल्क लागेल.",No,No,No
ham,स्मरणपत्र: सोसायटीची देखभाल फी 21-08-2026 पर्यंत भरा अन्यथा विलंब शुल्क लागेल.,No,No,No
ham,सोसायटीची वार्षिक सभा 06-01-2026 रोजी संध्याकाळी 6 वाजता क्लबहाऊसमध्ये आहे.,No,No,No
ham,उद्यान 25-02-2026 ते 02-04-2025 पर्यंत नूतनीकरणासाठी बंद राहील.,No,No,No
ham,उद्यान 14-10-2026 ते 10-03-2026 पर्यंत नूतनीकरणासाठी बंद राहील.,No,No,No
ham,सोसायटीची वार्षिक सभा 16-04-2026 रोजी संध्याकाळी 6 वाजता क्लबहाऊसमध्ये आहे.,No,No,No
ham,स्मरणपत्र: सोसायटीची देखभाल फी 06-11-2025 पर्यंत भरा अन्यथा विलंब शुल्क लागेल.,No,No,No
ham,उद्यान 04-05-2026 ते 16-04-2026 पर्यंत नूतनीकरणासाठी बंद राहील.,No,No,No
ham,"स्मरणपत्र: लायब्ररीची पुस्तके 27-04-2025 पर्यंत परत करायची आहेत, त्यानंतर विलंब शुल्क लागेल.",No,No,No
ham,उद्यान 13-03-2025 ते 05-12-2025 पर्यंत नूतनीकरणासाठी बंद राहील.,No,No,No
ham,सोसायटीची वार्षिक सभा 18-12-2026 रोजी संध्याकाळी 6 वाजता क्लबहाऊसमध्ये आहे.,No,No,No
ham,उद्यान 25-03-2026 ते 24-03-2026 पर्यंत नूतनीकरणासाठी बंद राहील.,No,No,No
ham,स्मरणपत्र: सोसायटीची देखभाल फी 04-02-2025 पर्यंत भरा अन्यथा विलंब शुल्क लागेल.,No,No,No
ham,उद्यान 24-05-2025 ते 21-03-2026 पर्यंत नूतनीकरणासाठी बंद राहील.,No,No,No
ham,स्मरणपत्र: सोसायटीची देखभाल फी 04-12-2025 पर्यंत भरा अन्यथा विलंब शुल्क लागेल.,No,No,No
ham,उद्यान 11-12-2025 ते 25-11-2026 पर्यंत नूतनीकरणासाठी बंद राहील.,No,No,No
ham,उद्यान 17-10-2025 ते 14-09-2026 पर्यंत नूतनीकरणासाठी बंद राहील.,No,No,No
ham,सोसायटीची वार्षिक सभा 07-06-2026 रोजी संध्याकाळी 6 वाजता क्लबहाऊसमध्ये आहे.,No,No,No
ham,स्मरणपत्र: सोसायटीची देखभाल फी 06-09-2026 पर्यंत भरा अन्यथा विलंब शुल्क लागेल.,No,No,No
ham,"स्मरणपत्र: लायब्ररीची पुस्तके 19-10-2025 पर्यंत परत करायची आहेत, त्यानंतर विलंब शुल्क लागेल.",No,No,No
ham,स्मरणपत्र: सोसायटीची देखभाल फी 09-06-2026 पर्यंत भरा अन्यथा विलंब शुल्क लागेल.,No,No,No
ham,उद्यान 12-03-2026 ते 25-10-2025 पर्यंत नूतनीकरणासाठी बंद राहील.,No,No,No
ham,सोसायटीची वार्षिक सभा 15-10-2026 रोजी संध्याकाळी 6 वाजता क्लबहाऊसमध्ये आहे.,No,No,No
ham,"स्मरणपत्र: लायब्ररीची पुस्तके 05-04-2025 पर्यंत परत करायची आहेत, त्यानंतर विलंब शुल्क लागेल.",No,No,No
ham,उद्यान 23-11-2026 ते 16-02-2026 पर्यंत नूतनीकरणासाठी बंद राहील.,No,No,No
ham,सोसायटीची वार्षिक सभा 09-06-2026 रोजी संध्याकाळी 6 वाजता क्लबहाऊसमध्ये आहे.,No,No,No
ham,उद्यान 11-04-2025 ते 24-11-2025 पर्यंत नूतनीकरणासाठी बंद राहील.,No,No,No
ham,सोसायटीची वार्षिक सभा 24-06-2026 रोजी संध्याकाळी 6 वाजता क्लबहाऊसमध्ये आहे.,No,No,No
ham,उद्यान 18-03-2025 ते 15-04-2026 पर्यंत नूतनीकरणासाठी बंद राहील.,No,No,No
ham,स्मरणपत्र: सोसायटीची देखभाल फी 12-07-2025 पर्यंत भरा अन्यथा विलंब शुल्क लागेल.,No,No,No
ham,स्मरणपत्र: सोसायटीची देखभाल फी 25-05-2026 पर्यंत भरा अन्यथा विलंब शुल्क लागेल.,No,No,No
ham,उद्यान 06-02-2026 ते 05-06-2026 पर्यंत नूतनीकरणासाठी बंद राहील.,No,No,No
ham,सोसायटीची वार्षिक सभा 26-05-2026 रोजी संध्याकाळी 6 वाजता क्लबहाऊसमध्ये आहे.,No,No,No
ham,सोसायटीची वार्षिक सभा 25-02-2025 रोजी संध्याकाळी 6 वाजता क्लबहाऊसमध्ये आहे.,No,No,No
ham,"स्मरणपत्र: लायब्ररीची पुस्तके 08-08-2026 पर्यंत परत करायची आहेत, त्यानंतर विलंब शुल्क लागेल.",No,No,No
ham,उद्यान 22-01-2026 ते 09-12-2026 पर्यंत नूतनीकरणासाठी बंद राहील.,No,No,No
ham,"स्मरणपत्र: लायब्ररीची पुस्तके 18-11-2026 पर्यंत परत करायची आहेत, त्यानंतर विलंब शुल्क लागेल.",No,No,No
ham,स्मरणपत्र: सोसायटीची देखभाल फी 19-04-2025 पर्यंत भरा अन्यथा विलंब शुल्क लागेल.,No,No,No
ham,उद्यान 18-11-2025 ते 20-11-2026 पर्यंत नूतनीकरणासाठी बंद राहील.,No,No,No
ham,स्मरणपत्र: सोसायटीची देखभाल फी 07-08-2026 पर्यंत भरा अन्यथा विलंब शुल्क लागेल.,No,No,No
ham,उद्यान 25-01-2026 ते 21-04-2026 पर्यंत नूतनीकरणासाठी बंद राहील.,No,No,No
ham,"स्मरणपत्र: लायब्ररीची पुस्तके 18-06-2026 पर्यंत परत करायची आहेत, त्यानंतर विलंब शुल्क लागेल.",No,No,No
ham,स्मरणपत्र: सोसायटीची देखभाल फी 27-06-2026 पर्यंत भरा अन्यथा विलंब शुल्क लागेल.,No,No,No
ham,उद्यान 19-06-2025 ते 01-12-2026 पर्यंत नूतनीकरणासाठी बंद राहील.,No,No,No
ham,सोसायटीची वार्षिक सभा 26-04-2026 रोजी संध्याकाळी 6 वाजता क्लबहाऊसमध्ये आहे.,No,No,No
ham,उद्यान 09-07-2025 ते 08-08-2025 पर्यंत नूतनीकरणासाठी बंद राहील.,No,No,No
ham,उद्यान 02-06-2025 ते 07-07-2026 पर्यंत नूतनीकरणासाठी बंद राहील.,No,No,No
ham,"स्मरणपत्र: लायब्ररीची पुस्तके 28-09-2026 पर्यंत परत करायची आहेत, त्यानंतर विलंब शुल्क लागेल.",No,No,No
ham,स्मरणपत्र: सोसायटीची देखभाल फी 16-12-2025 पर्यंत भरा अन्यथा विलंब शुल्क लागेल.,No,No,No
ham,उद्यान 11-11-2026 ते 20-11-2026 पर्यंत नूतनीकरणासाठी बंद राहील.,No,No,No
ham,उद्यान 17-10-2025 ते 28-09-2026 पर्यंत नूतनीकरणासाठी बंद राहील.,No,No,No
ham,स्मरणपत्र: सोसायटीची देखभाल फी 13-11-2026 पर्यंत भरा अन्यथा विलंब शुल्क लागेल.,No,No,No
ham,उद्यान 17-05-2025 ते 17-11-2025 पर्यंत नूतनीकरणासाठी बंद राहील.,No,No,No
ham,उद्यान 21-04-2026 ते 08-10-2025 पर्यंत नूतनीकरणासाठी बंद राहील.,No,No,No
ham,"स्मरणपत्र: लायब्ररीची पुस्तके 21-01-2026 पर्यंत परत करायची आहेत, त्यानंतर विलंब शुल्क लागेल.",No,No,No
ham,उद्यान 10-06-2026 ते 18-11-2025 पर्यंत नूतनीकरणासाठी बंद राहील.,No,No,No
ham,उद्यान 17-11-2025 ते 07-03-2025 पर्यंत नूतनीकरणासाठी बंद राहील.,No,No,No
ham,"स्मरणपत्र: लायब्ररीची पुस्तके 06-05-2025 पर्यंत परत करायची आहेत, त्यानंतर विलंब शुल्क लागेल.",No,No,No
ham,उद्यान 07-12-2026 ते 25-07-2025 पर्यंत नूतनीकरणासाठी बंद राहील.,No,No,No
ham,उद्यान 28-02-2025 ते 13-08-2026 पर्यंत नूतनीकरणासाठी बंद राहील.,No,No,No
ham,उद्यान 08-08-2025 ते 16-07-2025 पर्यंत नूतनीकरणासाठी बंद राहील.,No,No,No
ham,"स्मरणपत्र: लायब्ररीची पुस्तके 23-08-2025 पर्यंत परत करायची आहेत, त्यानंतर विलंब शुल्क लागेल.",No,No,No
ham,स्मरणपत्र: सोसायटीची देखभाल फी 25-11-2025 पर्यंत भरा अन्यथा विलंब शुल्क लागेल.,No,No,No
ham,स्मरणपत्र: सोसायटीची देखभाल फी 07-12-2026 पर्यंत भरा अन्यथा विलंब शुल्क लागेल.,No,No,No
ham,स्मरणपत्र: सोसायटीची देखभाल फी 24-11-2026 पर्यंत भरा अन्यथा विलंब शुल्क लागेल.,No,No,No
ham,सोसायटीची वार्षिक सभा 20-02-2025 रोजी संध्याकाळी 6 वाजता क्लबहाऊसमध्ये आहे.,No,No,No
ham,उद्यान 13-02-2026 ते 27-09-2026 पर्यंत नूतनीकरणासाठी बंद राहील.,No,No,No
ham,"स्मरणपत्र: लायब्ररीची पुस्तके 01-12-2026 पर्यंत परत करायची आहेत, त्यानंतर विलंब शुल्क लागेल.",No,No,No
ham,सोसायटीची वार्षिक सभा 21-08-2025 रोजी संध्याकाळी 6 वाजता क्लबहाऊसमध्ये आहे.,No,No,No
ham,"स्मरणपत्र: लायब्ररीची पुस्तके 11-04-2025 पर्यंत परत करायची आहेत, त्यानंतर विलंब शुल्क लागेल.",No,No,No
ham,"स्मरणपत्र: लायब्ररीची पुस्तके 13-09-2026 पर्यंत परत करायची आहेत, त्यानंतर विलंब शुल्क लागेल.",No,No,No
ham,उद्यान 24-04-2026 ते 14-08-2026 पर्यंत नूतनीकरणासाठी बंद राहील.,No,No,No
ham,स्मरणपत्र: सोसायटीची देखभाल फी 05-10-2026 पर्यंत भरा अन्यथा विलंब शुल्क लागेल.,No,No,No
ham,"स्मरणपत्र: लायब्ररीची पुस्तके 09-09-2026 पर्यंत परत करायची आहेत, त्यानंतर विलंब शुल्क लागेल.",No,No,No
ham,स्मरणपत्र: सोसायटीची देखभाल फी 05-06-2026 पर्यंत भरा अन्यथा विलंब शुल्क लागेल.,No,No,No
ham,उद्यान 27-11-2026 ते 17-02-2025 पर्यंत नूतनीकरणासाठी बंद राहील.,No,No,No
ham,"स्मरणपत्र: लायब्ररीची पुस्तके 16-10-2025 पर्यंत परत करायची आहेत, त्यानंतर विलंब शुल्क लागेल.",No,No,No
ham,उद्यान 18-03-2026 ते 10-08-2026 पर्यंत नूतनीकरणासाठी बंद राहील.,No,No,No
ham,सोसायटीची वार्षिक सभा 17-08-2026 रोजी संध्याकाळी 6 वाजता क्लबहाऊसमध्ये आहे.,No,No,No
ham,सोसायटीची वार्षिक सभा 17-03-2026 रोजी संध्याकाळी 6 वाजता क्लबहाऊसमध्ये आहे.,No,No,No
ham,उद्यान 06-03-2025 ते 07-02-2025 पर्यंत नूतनीकरणासाठी बंद राहील.,No,No,No
ham,उद्यान 27-08-2026 ते 04-05-2025 पर्यंत नूतनीकरणासाठी बंद राहील.,No,No,No
ham,उद्यान 02-09-2025 ते 09-09-2025 पर्यंत नूतनीकरणासाठी बंद राहील.,No,No,No
ham,स्मरणपत्र: सोसायटीची देखभाल फी 04-12-2026 पर्यंत भरा अन्यथा विलंब शुल्क लागेल.,No,No,No
ham,उद्यान 03-01-2026 ते 05-04-2026 पर्यंत नूतनीकरणासाठी बंद राहील.,No,No,No
ham,सोसायटीची वार्षिक सभा 28-02-2026 रोजी संध्याकाळी 6 वाजता क्लबहाऊसमध्ये आहे.,No,No,No
ham,सोसायटीची वार्षिक सभा 25-01-2026 रोजी संध्याकाळी 6 वाजता क्लबहाऊसमध्ये आहे.,No,No,No
ham,उद्यान 21-11-2026 ते 13-08-2026 पर्यंत नूतनीकरणासाठी बंद राहील.,No,No,No
ham,उद्यान 02-04-2026 ते 05-12-2025 पर्यंत नूतनीकरणासाठी बंद राहील.,No,No,No
ham,उद्यान 04-11-2025 ते 27-01-2025 पर्यंत नूतनीकरणासाठी बंद राहील.,No,No,No
ham,उद्यान 26-05-2025 ते 21-03-2026 पर्यंत नूतनीकरणासाठी बंद राहील.,No,No,No
ham,सोसायटीची वार्षिक सभा 03-11-2026 रोजी संध्याकाळी 6 वाजता क्लबहाऊसमध्ये आहे.,No,No,No
ham,सोसायटीची वार्षिक सभा 28-07-2025 रोजी संध्याकाळी 6 वाजता क्लबहाऊसमध्ये आहे.,No,No,No
ham,स्मरणपत्र: सोसायटीची देखभाल फी 02-01-2026 पर्यंत भरा अन्यथा विलंब शुल्क लागेल.,No,No,No
ham,स्मरणपत्र: सोसायटीची देखभाल फी 01-09-2026 पर्यंत भरा अन्यथा विलंब शुल्क लागेल.,No,No,No
ham,उद्यान 10-01-2026 ते 17-07-2025 पर्यंत नूतनीकरणासाठी बंद राहील.,No,No,No
ham,स्मरणपत्र: सोसायटीची देखभाल फी 22-04-2026 पर्यंत भरा अन्यथा विलंब शुल्क लागेल.,No,No,No
ham,"स्मरणपत्र: लायब्ररीची पुस्तके 13-06-2025 पर्यंत परत करायची आहेत, त्यानंतर विलंब शुल्क लागेल.",No,No,No
ham,"स्मरणपत्र: लायब्ररीची पुस्तके 23-11-2026 पर्यंत परत करायची आहेत, त्यानंतर विलंब शुल्क लागेल.",No,No,No
ham,"स्मरणपत्र: लायब्ररीची पुस्तके 15-04-2025 पर्यंत परत करायची आहेत, त्यानंतर विलंब शुल्क लागेल.",No,No,No
ham,उद्यान 24-02-2026 ते 24-03-2025 पर्यंत नूतनीकरणासाठी बंद राहील.,No,No,No
ham,उद्यान 22-01-2026 ते 03-11-2025 पर्यंत नूतनीकरणासाठी बंद राहील.,No,No,No
ham,उद्यान 28-02-2025 ते 07-05-2025 पर्यंत नूतनीकरणासाठी बंद राहील.,No,No,No
ham,"स्मरणपत्र: लायब्ररीची पुस्तके 09-01-2025 पर्यंत परत करायची आहेत, त्यानंतर विलंब शुल्क लागेल.",No,No,No
ham,स्मरणपत्र: सोसायटीची देखभाल फी 08-12-2025 पर्यंत भरा अन्यथा विलंब शुल्क लागेल.,No,No,No
ham,उद्यान 08-08-2026 ते 24-05-2025 पर्यंत नूतनीकरणासाठी बंद राहील.,No,No,No
ham,"स्मरणपत्र: लायब्ररीची पुस्तके 02-08-2025 पर्यंत परत करायची आहेत, त्यानंतर विलंब शुल्क लागेल.",No,No,No
ham,उद्यान 04-02-2025 ते 14-06-2025 पर्यंत नूतनीकरणासाठी बंद राहील.,No,No,No
ham,सोसायटीची वार्षिक सभा 21-03-2025 रोजी संध्याकाळी 6 वाजता क्लबहाऊसमध्ये आहे.,No,No,No
ham,"स्मरणपत्र: लायब्ररीची पुस्तके 14-05-2026 पर्यंत परत करायची आहेत, त्यानंतर विलंब शुल्क लागेल.",No,No,No
ham,सोसायटीची वार्षिक सभा 12-08-2026 रोजी संध्याकाळी 6 वाजता क्लबहाऊसमध्ये आहे.,No,No,No
ham,उद्यान 07-08-2025 ते 13-04-2026 पर्यंत नूतनीकरणासाठी बंद राहील.,No,No,No
ham,उद्यान 05-07-2026 ते 14-05-2026 पर्यंत नूतनीकरणासाठी बंद राहील.,No,No,No
ham,उद्यान 21-08-2025 ते 24-02-2026 पर्यंत नूतनीकरणासाठी बंद राहील.,No,No,No
ham,सोसायटीची वार्षिक सभा 08-03-2026 रोजी संध्याकाळी 6 वाजता क्लबहाऊसमध्ये आहे.,No,No,No
ham,सोसायटीची वार्षिक सभा 14-12-2026 रोजी संध्याकाळी 6 वाजता क्लबहाऊसमध्ये आहे.,No,No,No
ham,स्मरणपत्र: सोसायटीची देखभाल फी 20-09-2026 पर्यंत भरा अन्यथा विलंब शुल्क लागेल.,No,No,No
ham,उद्यान 11-12-2025 ते 12-07-2025 पर्यंत नूतनीकरणासाठी बंद राहील.,No,No,No
ham,उद्यान 23-09-2026 ते 19-01-2025 पर्यंत नूतनीकरणासाठी बंद राहील.,No,No,No
ham,सोसायटीची वार्षिक सभा 09-07-2025 रोजी संध्याकाळी 6 वाजता क्लबहाऊसमध्ये आहे.,No,No,No
ham,"स्मरणपत्र: लायब्ररीची पुस्तके 05-02-2025 पर्यंत परत करायची आहेत, त्यानंतर विलंब शुल्क लागेल.",No,No,No
ham,उद्यान 01-04-2026 ते 15-11-2026 पर्यंत नूतनीकरणासाठी बंद राहील.,No,No,No
ham,"स्मरणपत्र: लायब्ररीची पुस्तके 13-12-2025 पर्यंत परत करायची आहेत, त्यानंतर विलंब शुल्क लागेल.",No,No,No
ham,"स्मरणपत्र: लायब्ररीची पुस्तके 28-08-2026 पर्यंत परत करायची आहेत, त्यानंतर विलंब शुल्क लागेल.",No,No,No
ham,सोसायटीची वार्षिक सभा 01-03-2025 रोजी संध्याकाळी 6 वाजता क्लबहाऊसमध्ये आहे.,No,No,No
ham,"स्मरणपत्र: लायब्ररीची पुस्तके 22-05-2025 पर्यंत परत करायची आहेत, त्यानंतर विलंब शुल्क लागेल.",No,No,No
ham,उद्यान 27-09-2025 ते 13-03-2026 पर्यंत नूतनीकरणासाठी बंद राहील.,No,No,No
ham,उद्यान 08-02-2026 ते 25-07-2026 पर्यंत नूतनीकरणासाठी बंद राहील.,No,No,No
ham,उद्यान 13-09-2026 ते 03-02-2026 पर्यंत नूतनीकरणासाठी बंद राहील.,No,No,No
ham,उद्यान 24-05-2026 ते 20-07-2025 पर्यंत नूतनीकरणासाठी बंद राहील.,No,No,No
ham,उद्यान 08-05-2025 ते 02-11-2026 पर्यंत नूतनीकरणासाठी बंद राहील.,No,No,No
ham,"स्मरणपत्र: लायब्ररीची पुस्तके 25-03-2026 पर्यंत परत करायची आहेत, त्यानंतर विलंब शुल्क लागेल.",No,No,No
ham,उद्यान 24-05-2026 ते 02-11-2025 पर्यंत नूतनीकरणासाठी बंद राहील.,No,No,No
ham,उद्यान 02-02-2026 ते 14-12-2026 पर्यंत नूतनीकरणासाठी बंद राहील.,No,No,No
ham,"स्मरणपत्र: लायब्ररीची पुस्तके 09-02-2025 पर्यंत परत करायची आहेत, त्यानंतर विलंब शुल्क लागेल.",No,No,No
ham,स्मरणपत्र: सोसायटीची देखभाल फी 19-05-2026 पर्यंत भरा अन्यथा विलंब शुल्क लागेल.,No,No,No
ham,"स्मरणपत्र: लायब्ररीची पुस्तके 21-10-2025 पर्यंत परत करायची आहेत, त्यानंतर विलंब शुल्क लागेल.",No,No,No
ham,उद्यान 03-04-2026 ते 01-01-2025 पर्यंत नूतनीकरणासाठी बंद राहील.,No,No,No
ham,स्मरणपत्र: सोसायटीची देखभाल फी 28-12-2026 पर्यंत भरा अन्यथा विलंब शुल्क लागेल.,No,No,No
ham,"स्मरणपत्र: लायब्ररीची पुस्तके 27-07-2025 पर्यंत परत करायची आहेत, त्यानंतर विलंब शुल्क लागेल.",No,No,No
ham,सोसायटीची वार्षिक सभा 15-05-2026 रोजी संध्याकाळी 6 वाजता क्लबहाऊसमध्ये आहे.,No,No,No
ham,सोसायटीची वार्षिक सभा 10-10-2026 रोजी संध्याकाळी 6 वाजता क्लबहाऊसमध्ये आहे.,No,No,No
ham,स्मरणपत्र: सोसायटीची देखभाल फी 21-12-2026 पर्यंत भरा अन्यथा विलंब शुल्क लागेल.,No,No,No
ham,"स्मरणपत्र: लायब्ररीची पुस्तके 27-03-2026 पर्यंत परत करायची आहेत, त्यानंतर विलंब शुल्क लागेल.",No,No,No
ham,सोसायटीची वार्षिक सभा 04-01-2025 रोजी संध्याकाळी 6 वाजता क्लबहाऊसमध्ये आहे.,No,No,No
ham,सोसायटीची वार्षिक सभा 15-03-2025 रोजी संध्याकाळी 6 वाजता क्लबहाऊसमध्ये आहे.,No,No,No
ham,उद्यान 03-11-2026 ते 21-07-2025 पर्यंत नूतनीकरणासाठी बंद राहील.,No,No,No
ham,सोसायटीची वार्षिक सभा 01-11-2025 रोजी संध्याकाळी 6 वाजता क्लबहाऊसमध्ये आहे.,No,No,No
ham,"स्मरणपत्र: लायब्ररीची पुस्तके 05-08-2026 पर्यंत परत करायची आहेत, त्यानंतर विलंब शुल्क लागेल.",No,No,No
ham,सोसायटीची वार्षिक सभा 17-05-2025 रोजी संध्याकाळी 6 वाजता क्लबहाऊसमध्ये आहे.,No,No,No
ham,उद्यान 18-04-2025 ते 21-07-2025 पर्यंत नूतनीकरणासाठी बंद राहील.,No,No,No
ham,उद्यान 24-11-2026 ते 09-07-2026 पर्यंत नूतनीकरणासाठी बंद राहील.,No,No,No
ham,उद्यान 23-06-2026 ते 17-11-2026 पर्यंत नूतनीकरणासाठी बंद राहील.,No,No,No
ham,स्मरणपत्र: सोसायटीची देखभाल फी 07-07-2026 पर्यंत भरा अन्यथा विलंब शुल्क लागेल.,No,No,No
ham,उद्यान 09-02-2025 ते 15-05-2025 पर्यंत नूतनीकरणासाठी बंद राहील.,No,No,No
ham,उद्यान 02-11-2025 ते 07-04-2025 पर्यंत नूतनीकरणासाठी बंद राहील.,No,No,No
ham,उद्यान 27-08-2025 ते 05-07-2026 पर्यंत नूतनीकरणासाठी बंद राहील.,No,No,No
ham,सोसायटीची वार्षिक सभा 08-05-2026 रोजी संध्याकाळी 6 वाजता क्लबहाऊसमध्ये आहे.,No,No,No
ham,सोसायटीची वार्षिक सभा 16-01-2026 रोजी संध्याकाळी 6 वाजता क्लबहाऊसमध्ये आहे.,No,No,No
ham,"स्मरणपत्र: लायब्ररीची पुस्तके 13-02-2026 पर्यंत परत करायची आहेत, त्यानंतर विलंब शुल्क लागेल.",No,No,No
ham,"स्मरणपत्र: लायब्ररीची पुस्तके 06-07-2026 पर्यंत परत करायची आहेत, त्यानंतर विलंब शुल्क लागेल.",No,No,No
ham,स्मरणपत्र: सोसायटीची देखभाल फी 04-07-2025 पर्यंत भरा अन्यथा विलंब शुल्क लागेल.,No,No,No
ham,सोसायटीची वार्षिक सभा 11-08-2026 रोजी संध्याकाळी 6 वाजता क्लबहाऊसमध्ये आहे.,No,No,No
ham,उद्यान 20-05-2026 ते 02-09-2025 पर्यंत नूतनीकरणासाठी बंद राहील.,No,No,No
ham,स्मरणपत्र: सोसायटीची देखभाल फी 16-07-2026 पर्यंत भरा अन्यथा विलंब शुल्क लागेल.,No,No,No
ham,सोसायटीची वार्षिक सभा 04-07-2025 रोजी संध्याकाळी 6 वाजता क्लबहाऊसमध्ये आहे.,No,No,No
ham,उद्यान 05-03-2025 ते 11-07-2025 पर्यंत नूतनीकरणासाठी बंद राहील.,No,No,No
ham,"स्मरणपत्र: लायब्ररीची पुस्तके 24-08-2025 पर्यंत परत करायची आहेत, त्यानंतर विलंब शुल्क लागेल.",No,No,No
ham,"स्मरणपत्र: लायब्ररीची पुस्तके 20-09-2026 पर्यंत परत करायची आहेत, त्यानंतर विलंब शुल्क लागेल.",No,No,No
ham,"स्मरणपत्र: लायब्ररीची पुस्तके 26-06-2025 पर्यंत परत करायची आहेत, त्यानंतर विलंब शुल्क लागेल.",No,No,No
ham,सोसायटीची वार्षिक सभा 10-04-2025 रोजी संध्याकाळी 6 वाजता क्लबहाऊसमध्ये आहे.,No,No,No
ham,"स्मरणपत्र: लायब्ररीची पुस्तके 24-03-2026 पर्यंत परत करायची आहेत, त्यानंतर विलंब शुल्क लागेल.",No,No,No
ham,सोसायटीची वार्षिक सभा 22-12-2025 रोजी संध्याकाळी 6 वाजता क्लबहाऊसमध्ये आहे.,No,No,No
ham,सोसायटीची वार्षिक सभा 13-12-2025 रोजी संध्याकाळी 6 वाजता क्लबहाऊसमध्ये आहे.,No,No,No
ham,उद्यान 09-06-2026 ते 14-03-2026 पर्यंत नूतनीकरणासाठी बंद राहील.,No,No,No
ham,स्मरणपत्र: सोसायटीची देखभाल फी 17-06-2026 पर्यंत भरा अन्यथा विलंब शुल्क लागेल.,No,No,No
ham,"स्मरणपत्र: लायब्ररीची पुस्तके 08-09-2026 पर्यंत परत करायची आहेत, त्यानंतर विलंब शुल्क लागेल.",No,No,No
ham,उद्यान 27-03-2025 ते 24-06-2025 पर्यंत नूतनीकरणासाठी बंद राहील.,No,No,No
ham,"स्मरणपत्र: लायब्ररीची पुस्तके 21-02-2025 पर्यंत परत करायची आहेत, त्यानंतर विलंब शुल्क लागेल.",No,No,No
ham,सोसायटीची वार्षिक सभा 09-03-2026 रोजी संध्याकाळी 6 वाजता क्लबहाऊसमध्ये आहे.,No,No,No
ham,"स्मरणपत्र: लायब्ररीची पुस्तके 16-02-2025 पर्यंत परत करायची आहेत, त्यानंतर विलंब शुल्क लागेल.",No,No,No
ham,उद्यान 23-01-2025 ते 14-07-2026 पर्यंत नूतनीकरणासाठी बंद राहील.,No,No,No
ham,सोसायटीची वार्षिक सभा 02-08-2026 रोजी संध्याकाळी 6 वाजता क्लबहाऊसमध्ये आहे.,No,No,No
ham,उद्यान 01-05-2026 ते 24-07-2026 पर्यंत नूतनीकरणासाठी बंद राहील.,No,No,No
ham,सोसायटीची वार्षिक सभा 02-11-2026 रोजी संध्याकाळी 6 वाजता क्लबहाऊसमध्ये आहे.,No,No,No
ham,स्मरणपत्र: सोसायटीची देखभाल फी 23-03-2025 पर्यंत भरा अन्यथा विलंब शुल्क लागेल.,No,No,No
ham,उद्यान 26-03-2026 ते 23-01-2025 पर्यंत नूतनीकरणासाठी बंद राहील.,No,No,No
ham,उद्यान 23-11-2026 ते 11-05-2025 पर्यंत नूतनीकरणासाठी बंद राहील.,No,No,No
ham,सोसायटीची वार्षिक सभा 22-09-2025 रोजी संध्याकाळी 6 वाजता क्लबहाऊसमध्ये आहे.,No,No,No
ham,"स्मरणपत्र: लायब्ररीची पुस्तके 15-05-2025 पर्यंत परत करायची आहेत, त्यानंतर विलंब शुल्क लागेल.",No,No,No
ham,सोसायटीची वार्षिक सभा 01-12-2026 रोजी संध्याकाळी 6 वाजता क्लबहाऊसमध्ये आहे.,No,No,No
ham,सोसायटीची वार्षिक सभा 03-09-2025 रोजी संध्याकाळी 6 वाजता क्लबहाऊसमध्ये आहे.,No,No,No
ham,उद्यान 13-07-2026 ते 05-03-2025 पर्यंत नूतनीकरणासाठी बंद राहील.,No,No,No
ham,उद्यान 28-10-2026 ते 09-11-2025 पर्यंत नूतनीकरणासाठी बंद राहील.,No,No,No
ham,स्मरणपत्र: सोसायटीची देखभाल फी 03-09-2026 पर्यंत भरा अन्यथा विलंब शुल्क लागेल.,No,No,No
ham,"स्मरणपत्र: लायब्ररीची पुस्तके 08-03-2025 पर्यंत परत करायची आहेत, त्यानंतर विलंब शुल्क लागेल.",No,No,No
ham,उद्यान 02-09-2025 ते 15-03-2026 पर्यंत नूतनीकरणासाठी बंद राहील.,No,No,No
ham,उद्यान 08-01-2025 ते 19-03-2026 पर्यंत नूतनीकरणासाठी बंद राहील.,No,No,No
ham,स्मरणपत्र: सोसायटीची देखभाल फी 02-08-2025 पर्यंत भरा अन्यथा विलंब शुल्क लागेल.,No,No,No
ham,उद्यान 20-04-2026 ते 09-07-2026 पर्यंत नूतनीकरणासाठी बंद राहील.,No,No,No
ham,"स्मरणपत्र: लायब्ररीची पुस्तके 22-02-2025 पर्यंत परत करायची आहेत, त्यानंतर विलंब शुल्क लागेल.",No,No,No
ham,उद्यान 13-03-2025 ते 27-09-2026 पर्यंत नूतनीकरणासाठी बंद राहील.,No,No,No
ham,सोसायटीची वार्षिक सभा 25-09-2026 रोजी संध्याकाळी 6 वाजता क्लबहाऊसमध्ये आहे.,No,No,No
ham,"स्मरणपत्र: लायब्ररीची पुस्तके 26-10-2026 पर्यंत परत करायची आहेत, त्यानंतर विलंब शुल्क लागेल.",No,No,No
ham,उद्यान 14-05-2025 ते 18-03-2025 पर्यंत नूतनीकरणासाठी बंद राहील.,No,No,No
ham,उद्यान 15-12-2025 ते 19-06-2025 पर्यंत नूतनीकरणासाठी बंद राहील.,No,No,No
ham,उद्यान 25-11-2025 ते 09-05-2026 पर्यंत नूतनीकरणासाठी बंद राहील.,No,No,No
ham,उद्यान 01-03-2026 ते 08-02-2026 पर्यंत नूतनीकरणासाठी बंद राहील.,No,No,No
ham,स्मरणपत्र: सोसायटीची देखभाल फी 04-01-2025 पर्यंत भरा अन्यथा विलंब शुल्क लागेल.,No,No,No
ham,उद्यान 20-05-2026 ते 23-02-2026 पर्यंत नूतनीकरणासाठी बंद राहील.,No,No,No
ham,"स्मरणपत्र: लायब्ररीची पुस्तके 17-01-2025 पर्यंत परत करायची आहेत, त्यानंतर विलंब शुल्क लागेल.",No,No,No
ham,"स्मरणपत्र: लायब्ररीची पुस्तके 18-06-2025 पर्यंत परत करायची आहेत, त्यानंतर विलंब शुल्क लागेल.",No,No,No
ham,स्मरणपत्र: सोसायटीची देखभाल फी 03-07-2025 पर्यंत भरा अन्यथा विलंब शुल्क लागेल.,No,No,No
ham,उद्यान 01-03-2025 ते 20-10-2025 पर्यंत नूतनीकरणासाठी बंद राहील.,No,No,No
ham,सोसायटीची वार्षिक सभा 15-03-2026 रोजी संध्याकाळी 6 वाजता क्लबहाऊसमध्ये आहे.,No,No,No
ham,सोसायटीची वार्षिक सभा 16-08-2026 रोजी संध्याकाळी 6 वाजता क्लबहाऊसमध्ये आहे.,No,No,No
ham,स्मरणपत्र: सोसायटीची देखभाल फी 05-12-2025 पर्यंत भरा अन्यथा विलंब शुल्क लागेल.,No,No,No
ham,सोसायटीची वार्षिक सभा 17-12-2025 रोजी संध्याकाळी 6 वाजता क्लबहाऊसमध्ये आहे.,No,No,No
ham,उद्यान 27-09-2026 ते 06-07-2026 पर्यंत नूतनीकरणासाठी बंद राहील.,No,No,No
ham,सोसायटीची वार्षिक सभा 03-12-2026 रोजी संध्याकाळी 6 वाजता क्लबहाऊसमध्ये आहे.,No,No,No
ham,"स्मरणपत्र: लायब्ररीची पुस्तके 03-10-2026 पर्यंत परत करायची आहेत, त्यानंतर विलंब शुल्क लागेल.",No,No,No
ham,स्मरणपत्र: सोसायटीची देखभाल फी 22-02-2025 पर्यंत भरा अन्यथा विलंब शुल्क लागेल.,No,No,No
ham,"स्मरणपत्र: लायब्ररीची पुस्तके 05-05-2025 पर्यंत परत करायची आहेत, त्यानंतर विलंब शुल्क लागेल.",No,No,No
ham,उद्यान 28-06-2026 ते 16-08-2025 पर्यंत नूतनीकरणासाठी बंद राहील.,No,No,No
ham,उद्यान 24-11-2026 ते 12-09-2025 पर्यंत नूतनीकरणासाठी बंद राहील.,No,No,No
ham,सोसायटीची वार्षिक सभा 27-02-2025 रोजी संध्याकाळी 6 वाजता क्लबहाऊसमध्ये आहे.,No,No,No
ham,उद्यान 04-01-2025 ते 20-09-2025 पर्यंत नूतनीकरणासाठी बंद राहील.,No,No,No
ham,"स्मरणपत्र: लायब्ररीची पुस्तके 06-06-2025 पर्यंत परत करायची आहेत, त्यानंतर विलंब शुल्क लागेल.",No,No,No
ham,उद्यान 18-05-2026 ते 04-07-2025 पर्यंत नूतनीकरणासाठी बंद राहील.,No,No,No
ham,स्मरणपत्र: सोसायटीची देखभाल फी 15-08-2025 पर्यंत भरा अन्यथा विलंब शुल्क लागेल.,No,No,No
ham,"स्मरणपत्र: लायब्ररीची पुस्तके 21-03-2026 पर्यंत परत करायची आहेत, त्यानंतर विलंब शुल्क लागेल.",No,No,No
ham,उद्यान 28-08-2025 ते 01-10-2026 पर्यंत नूतनीकरणासाठी बंद राहील.,No,No,No
ham,"स्मरणपत्र: लायब्ररीची पुस्तके 21-04-2025 पर्यंत परत करायची आहेत, त्यानंतर विलंब शुल्क लागेल.",No,No,No
ham,उद्यान 18-02-2025 ते 09-03-2026 पर्यंत नूतनीकरणासाठी बंद राहील.,No,No,No
ham,सोसायटीची वार्षिक सभा 08-10-2025 रोजी संध्याकाळी 6 वाजता क्लबहाऊसमध्ये आहे.,No,No,No
ham,उद्यान 01-07-2026 ते 27-11-2025 पर्यंत नूतनीकरणासाठी बंद राहील.,No,No,No
ham,स्मरणपत्र: सोसायटीची देखभाल फी 10-04-2025 पर्यंत भरा अन्यथा विलंब शुल्क लागेल.,No,No,No
ham,उद्यान 03-02-2025 ते 20-11-2025 पर्यंत नूतनीकरणासाठी बंद राहील.,No,No,No
ham,स्मरणपत्र: सोसायटीची देखभाल फी 12-11-2025 पर्यंत भरा अन्यथा विलंब शुल्क लागेल.,No,No,No
ham,स्मरणपत्र: सोसायटीची देखभाल फी 06-08-2026 पर्यंत भरा अन्यथा विलंब शुल्क लागेल.,No,No,No
ham,उद्यान 11-04-2026 ते 13-02-2026 पर्यंत नूतनीकरणासाठी बंद राहील.,No,No,No
ham,उद्यान 04-05-2026 ते 12-01-2026 पर्यंत नूतनीकरणासाठी बंद राहील.,No,No,No
ham,उद्यान 23-10-2026 ते 02-05-2025 पर्यंत नूतनीकरणासाठी बंद राहील.,No,No,No
ham,स्मरणपत्र: सोसायटीची देखभाल फी 19-07-2025 पर्यंत भरा अन्यथा विलंब शुल्क लागेल.,No,No,No
ham,उद्यान 28-01-2025 ते 25-08-2025 पर्यंत नूतनीकरणासाठी बंद राहील.,No,No,No
ham,उद्यान 16-05-2026 ते 15-09-2025 पर्यंत नूतनीकरणासाठी बंद राहील.,No,No,No
ham,उद्यान 19-09-2025 ते 02-12-2026 पर्यंत नूतनीकरणासाठी बंद राहील.,No,No,No
ham,उद्यान 22-05-2025 ते 02-04-2026 पर्यंत नूतनीकरणासाठी बंद राहील.,No,No,No
ham,"स्मरणपत्र: लायब्ररीची पुस्तके 23-05-2025 पर्यंत परत करायची आहेत, त्यानंतर विलंब शुल्क लागेल.",No,No,No
ham,उद्यान 21-04-2025 ते 22-06-2026 पर्यंत नूतनीकरणासाठी बंद राहील.,No,No,No
ham,उद्यान 20-10-2026 ते 28-06-2026 पर्यंत नूतनीकरणासाठी बंद राहील.,No,No,No
ham,उद्यान 28-10-2026 ते 12-07-2026 पर्यंत नूतनीकरणासाठी बंद राहील.,No,No,No
ham,उद्यान 11-11-2025 ते 03-02-2026 पर्यंत नूतनीकरणासाठी बंद राहील.,No,No,No
ham,उद्यान 11-12-2026 ते 26-01-2025 पर्यंत नूतनीकरणासाठी बंद राहील.,No,No,No
ham,उद्यान 12-09-2026 ते 10-03-2025 पर्यंत नूतनीकरणासाठी बंद राहील.,No,No,No
ham,उद्यान 12-09-2025 ते 02-03-2025 पर्यंत नूतनीकरणासाठी बंद राहील.,No,No,No
ham,उद्यान 10-10-2026 ते 03-06-2026 पर्यंत नूतनीकरणासाठी बंद राहील.,No,No,No
ham,"स्मरणपत्र: लायब्ररीची पुस्तके 27-10-2026 पर्यंत परत करायची आहेत, त्यानंतर विलंब शुल्क लागेल.",No,No,No
ham,उद्यान 21-09-2025 ते 17-02-2025 पर्यंत नूतनीकरणासाठी बंद राहील.,No,No,No
ham,उद्यान 15-05-2025 ते 27-12-2026 पर्यंत नूतनीकरणासाठी बंद राहील.,No,No,No
ham,स्मरणपत्र: सोसायटीची देखभाल फी 14-09-2026 पर्यंत भरा अन्यथा विलंब शुल्क लागेल.,No,No,No
ham,उद्यान 01-08-2026 ते 03-01-2025 पर्यंत नूतनीकरणासाठी बंद राहील.,No,No,No
ham,सोसायटीची वार्षिक सभा 07-01-2025 रोजी संध्याकाळी 6 वाजता क्लबहाऊसमध्ये आहे.,No,No,No
ham,"स्मरणपत्र: लायब्ररीची पुस्तके 03-03-2026 पर्यंत परत करायची आहेत, त्यानंतर विलंब शुल्क लागेल.",No,No,No
ham,उद्यान 21-12-2025 ते 03-04-2026 पर्यंत नूतनीकरणासाठी बंद राहील.,No,No,No
ham,उद्यान 20-09-2026 ते 04-01-2026 पर्यंत नूतनीकरणासाठी बंद राहील.,No,No,No
ham,स्मरणपत्र: सोसायटीची देखभाल फी 07-03-2025 पर्यंत भरा अन्यथा विलंब शुल्क लागेल.,No,No,No
ham,सोसायटीची वार्षिक सभा 20-08-2026 रोजी संध्याकाळी 6 वाजता क्लबहाऊसमध्ये आहे.,No,No,No
ham,सोसायटीची वार्षिक सभा 06-03-2025 रोजी संध्याकाळी 6 वाजता क्लबहाऊसमध्ये आहे.,No,No,No
ham,"स्मरणपत्र: लायब्ररीची पुस्तके 28-12-2026 पर्यंत परत करायची आहेत, त्यानंतर विलंब शुल्क लागेल.",No,No,No
ham,स्मरणपत्र: सोसायटीची देखभाल फी 20-06-2026 पर्यंत भरा अन्यथा विलंब शुल्क लागेल.,No,No,No
ham,स्मरणपत्र: सोसायटीची देखभाल फी 05-04-2025 पर्यंत भरा अन्यथा विलंब शुल्क लागेल.,No,No,No
ham,उद्यान 19-10-2025 ते 26-10-2026 पर्यंत नूतनीकरणासाठी बंद राहील.,No,No,No
ham,"स्मरणपत्र: लायब्ररीची पुस्तके 20-07-2026 पर्यंत परत करायची आहेत, त्यानंतर विलंब शुल्क लागेल.",No,No,No
ham,सोसायटीची वार्षिक सभा 09-04-2026 रोजी संध्याकाळी 6 वाजता क्लबहाऊसमध्ये आहे.,No,No,No
ham,उद्यान 26-02-2025 ते 13-05-2025 पर्यंत नूतनीकरणासाठी बंद राहील.,No,No,No
ham,उद्यान 10-12-2025 ते 06-07-2025 पर्यंत नूतनीकरणासाठी बंद राहील.,No,No,No
ham,सोसायटीची वार्षिक सभा 12-07-2025 रोजी संध्याकाळी 6 वाजता क्लबहाऊसमध्ये आहे.,No,No,No
ham,स्मरणपत्र: सोसायटीची देखभाल फी 05-08-2025 पर्यंत भरा अन्यथा विलंब शुल्क लागेल.,No,No,No
ham,"स्मरणपत्र: लायब्ररीची पुस्तके 12-09-2025 पर्यंत परत करायची आहेत, त्यानंतर विलंब शुल्क लागेल.",No,No,No
ham,सोसायटीची वार्षिक सभा 18-03-2025 रोजी संध्याकाळी 6 वाजता क्लबहाऊसमध्ये आहे.,No,No,No
ham,"स्मरणपत्र: लायब्ररीची पुस्तके 03-08-2026 पर्यंत परत करायची आहेत, त्यानंतर विलंब शुल्क लागेल.",No,No,No
ham,सोसायटीची वार्षिक सभा 25-05-2025 रोजी संध्याकाळी 6 वाजता क्लबहाऊसमध्ये आहे.,No,No,No
ham,उद्यान 01-04-2025 ते 18-09-2026 पर्यंत नूतनीकरणासाठी बंद राहील.,No,No,No
ham,"स्मरणपत्र: लायब्ररीची पुस्तके 02-06-2025 पर्यंत परत करायची आहेत, त्यानंतर विलंब शुल्क लागेल.",No,No,No
ham,स्मरणपत्र: सोसायटीची देखभाल फी 28-12-2025 पर्यंत भरा अन्यथा विलंब शुल्क लागेल.,No,No,No
ham,"स्मरणपत्र: लायब्ररीची पुस्तके 02-02-2026 पर्यंत परत करायची आहेत, त्यानंतर विलंब शुल्क लागेल.",No,No,No
ham,स्मरणपत्र: सोसायटीची देखभाल फी 12-10-2026 पर्यंत भरा अन्यथा विलंब शुल्क लागेल.,No,No,No
ham,सोसायटीची वार्षिक सभा 21-11-2025 रोजी संध्याकाळी 6 वाजता क्लबहाऊसमध्ये आहे.,No,No,No
ham,उद्यान 27-05-2025 ते 04-01-2026 पर्यंत नूतनीकरणासाठी बंद राहील.,No,No,No
ham,उद्यान 01-04-2025 ते 19-02-2025 पर्यंत नूतनीकरणासाठी बंद राहील.,No,No,No
ham,सोसायटीची वार्षिक सभा 07-12-2026 रोजी संध्याकाळी 6 वाजता क्लबहाऊसमध्ये आहे.,No,No,No
ham,उद्यान 06-03-2025 ते 10-10-2026 पर्यंत नूतनीकरणासाठी बंद राहील.,No,No,No
ham,उद्यान 24-12-2025 ते 12-06-2026 पर्यंत नूतनीकरणासाठी बंद राहील.,No,No,No
ham,उद्यान 10-03-2025 ते 26-04-2026 पर्यंत नूतनीकरणासाठी बंद राहील.,No,No,No
ham,"स्मरणपत्र: लायब्ररीची पुस्तके 26-01-2025 पर्यंत परत करायची आहेत, त्यानंतर विलंब शुल्क लागेल.",No,No,No
ham,उद्यान 01-07-2025 ते 02-04-2025 पर्यंत नूतनीकरणासाठी बंद राहील.,No,No,No
ham,स्मरणपत्र: सोसायटीची देखभाल फी 17-11-2025 पर्यंत भरा अन्यथा विलंब शुल्क लागेल.,No,No,No
ham,सोसायटीची वार्षिक सभा 02-02-2025 रोजी संध्याकाळी 6 वाजता क्लबहाऊसमध्ये आहे.,No,No,No
ham,"स्मरणपत्र: लायब्ररीची पुस्तके 14-08-2026 पर्यंत परत करायची आहेत, त्यानंतर विलंब शुल्क लागेल.",No,No,No
ham,स्मरणपत्र: सोसायटीची देखभाल फी 08-01-2025 पर्यंत भरा अन्यथा विलंब शुल्क लागेल.,No,No,No
ham,उद्यान 11-01-2025 ते 23-11-2026 पर्यंत नूतनीकरणासाठी बंद राहील.,No,No,No
ham,उद्यान 11-02-2025 ते 17-01-2025 पर्यंत नूतनीकरणासाठी बंद राहील.,No,No,No
ham,"स्मरणपत्र: लायब्ररीची पुस्तके 03-04-2026 पर्यंत परत करायची आहेत, त्यानंतर विलंब शुल्क लागेल.",No,No,No
ham,स्मरणपत्र: सोसायटीची देखभाल फी 03-12-2025 पर्यंत भरा अन्यथा विलंब शुल्क लागेल.,No,No,No
ham,स्मरणपत्र: सोसायटीची देखभाल फी 07-10-2025 पर्यंत भरा अन्यथा विलंब शुल्क लागेल.,No,No,No
ham,सोसायटीची वार्षिक सभा 23-10-2026 रोजी संध्याकाळी 6 वाजता क्लबहाऊसमध्ये आहे.,No,No,No
ham,सोसायटीची वार्षिक सभा 08-01-2025 रोजी संध्याकाळी 6 वाजता क्लबहाऊसमध्ये आहे.,No,No,No
ham,उद्यान 24-10-2026 ते 09-01-2025 पर्यंत नूतनीकरणासाठी बंद राहील.,No,No,No
ham,उद्यान 25-10-2026 ते 14-07-2026 पर्यंत नूतनीकरणासाठी बंद राहील.,No,No,No
ham,उद्यान 14-06-2025 ते 07-06-2026 पर्यंत नूतनीकरणासाठी बंद राहील.,No,No,No
ham,सोसायटीची वार्षिक सभा 20-01-2025 रोजी संध्याकाळी 6 वाजता क्लबहाऊसमध्ये आहे.,No,No,No
ham,"स्मरणपत्र: लायब्ररीची पुस्तके 08-09-2025 पर्यंत परत करायची आहेत, त्यानंतर विलंब शुल्क लागेल.",No,No,No
ham,सोसायटीची वार्षिक सभा 20-10-2025 रोजी संध्याकाळी 6 वाजता क्लबहाऊसमध्ये आहे.,No,No,No
ham,उद्यान 06-09-2026 ते 07-10-2026 पर्यंत नूतनीकरणासाठी बंद राहील.,No,No,No
ham,उद्यान 24-02-2025 ते 02-07-2025 पर्यंत नूतनीकरणासाठी बंद राहील.,No,No,No
ham,"स्मरणपत्र: लायब्ररीची पुस्तके 16-03-2026 पर्यंत परत करायची आहेत, त्यानंतर विलंब शुल्क लागेल.",No,No,No
ham,सोसायटीची वार्षिक सभा 21-02-2025 रोजी संध्याकाळी 6 वाजता क्लबहाऊसमध्ये आहे.,No,No,No
ham,सोसायटीची वार्षिक सभा 04-05-2025 रोजी संध्याकाळी 6 वाजता क्लबहाऊसमध्ये आहे.,No,No,No
ham,उद्यान 06-06-2025 ते 26-11-2025 पर्यंत नूतनीकरणासाठी बंद राहील.,No,No,No
ham,उद्यान 12-07-2025 ते 05-08-2026 पर्यंत नूतनीकरणासाठी बंद राहील.,No,No,No
ham,उद्यान 20-05-2026 ते 15-06-2026 पर्यंत नूतनीकरणासाठी बंद राहील.,No,No,No
ham,सोसायटीची वार्षिक सभा 28-09-2025 रोजी संध्याकाळी 6 वाजता क्लबहाऊसमध्ये आहे.,No,No,No
ham,उद्यान 27-04-2025 ते 27-06-2025 पर्यंत नूतनीकरणासाठी बंद राहील.,No,No,No
ham,उद्यान 26-09-2025 ते 21-02-2025 पर्यंत नूतनीकरणासाठी बंद राहील.,No,No,No
ham,स्मरणपत्र: सोसायटीची देखभाल फी 23-04-2025 पर्यंत भरा अन्यथा विलंब शुल्क लागेल.,No,No,No
ham,"स्मरणपत्र: लायब्ररीची पुस्तके 23-11-2025 पर्यंत परत करायची आहेत, त्यानंतर विलंब शुल्क लागेल.",No,No,No
ham,स्मरणपत्र: सोसायटीची देखभाल फी 14-05-2025 पर्यंत भरा अन्यथा विलंब शुल्क लागेल.,No,No,No
ham,उद्यान 21-11-2026 ते 03-02-2026 पर्यंत नूतनीकरणासाठी बंद राहील.,No,No,No
ham,उद्यान 03-01-2026 ते 01-03-2025 पर्यंत नूतनीकरणासाठी बंद राहील.,No,No,No
ham,स्मरणपत्र: सोसायटीची देखभाल फी 26-02-2025 पर्यंत भरा अन्यथा विलंब शुल्क लागेल.,No,No,No
ham,उद्यान 08-05-2026 ते 24-03-2025 पर्यंत नूतनीकरणासाठी बंद राहील.,No,No,No
ham,सोसायटीची वार्षिक सभा 11-07-2026 रोजी संध्याकाळी 6 वाजता क्लबहाऊसमध्ये आहे.,No,No,No
ham,सोसायटीची वार्षिक सभा 26-10-2026 रोजी संध्याकाळी 6 वाजता क्लबहाऊसमध्ये आहे.,No,No,No
ham,उद्यान 25-02-2026 ते 14-11-2025 पर्यंत नूतनीकरणासाठी बंद राहील.,No,No,No
ham,उद्यान 18-06-2025 ते 11-09-2026 पर्यंत नूतनीकरणासाठी बंद राहील.,No,No,No
ham,"स्मरणपत्र: लायब्ररीची पुस्तके 17-02-2026 पर्यंत परत करायची आहेत, त्यानंतर विलंब शुल्क लागेल.",No,No,No
ham,स्मरणपत्र: सोसायटीची देखभाल फी 10-11-2026 पर्यंत भरा अन्यथा विलंब शुल्क लागेल.,No,No,No
ham,स्मरणपत्र: सोसायटीची देखभाल फी 25-02-2026 पर्यंत भरा अन्यथा विलंब शुल्क लागेल.,No,No,No
ham,उद्यान 26-09-2026 ते 01-05-2025 पर्यंत नूतनीकरणासाठी बंद राहील.,No,No,No
ham,"स्मरणपत्र: लायब्ररीची पुस्तके 27-03-2025 पर्यंत परत करायची आहेत, त्यानंतर विलंब शुल्क लागेल.",No,No,No
ham,उद्यान 09-08-2025 ते 27-02-2026 पर्यंत नूतनीकरणासाठी बंद राहील.,No,No,No
ham,सोसायटीची वार्षिक सभा 14-08-2026 रोजी संध्याकाळी 6 वाजता क्लबहाऊसमध्ये आहे.,No,No,No
ham,उद्यान 12-05-2025 ते 04-03-2025 पर्यंत नूतनीकरणासाठी बंद राहील.,No,No,No
ham,उद्यान 20-09-2026 ते 19-01-2026 पर्यंत नूतनीकरणासाठी बंद राहील.,No,No,No
ham,उद्यान 22-06-2025 ते 27-11-2026 पर्यंत नूतनीकरणासाठी बंद राहील.,No,No,No
ham,उद्यान 18-04-2026 ते 04-11-2025 पर्यंत नूतनीकरणासाठी बंद राहील.,No,No,No
ham,सोसायटीची वार्षिक सभा 08-01-2026 रोजी संध्याकाळी 6 वाजता क्लबहाऊसमध्ये आहे.,No,No,No
ham,उद्यान 23-12-2026 ते 04-03-2026 पर्यंत नूतनीकरणासाठी बंद राहील.,No,No,No
ham,स्मरणपत्र: सोसायटीची देखभाल फी 09-05-2025 पर्यंत भरा अन्यथा विलंब शुल्क लागेल.,No,No,No
ham,सोसायटीची वार्षिक सभा 08-09-2025 रोजी संध्याकाळी 6 वाजता क्लबहाऊसमध्ये आहे.,No,No,No
ham,उद्यान 08-09-2025 ते 22-02-2026 पर्यंत नूतनीकरणासाठी बंद राहील.,No,No,No
ham,उद्यान 02-07-2026 ते 04-05-2026 पर्यंत नूतनीकरणासाठी बंद राहील.,No,No,No
ham,उद्यान 26-10-2025 ते 22-07-2026 पर्यंत नूतनीकरणासाठी बंद राहील.,No,No,No
ham,सोसायटीची वार्षिक सभा 25-01-2025 रोजी संध्याकाळी 6 वाजता क्लबहाऊसमध्ये आहे.,No,No,No
ham,स्मरणपत्र: सोसायटीची देखभाल फी 14-12-2026 पर्यंत भरा अन्यथा विलंब शुल्क लागेल.,No,No,No
ham,उद्यान 24-05-2025 ते 11-06-2025 पर्यंत नूतनीकरणासाठी बंद राहील.,No,No,No
ham,स्मरणपत्र: सोसायटीची देखभाल फी 13-09-2026 पर्यंत भरा अन्यथा विलंब शुल्क लागेल.,No,No,No
ham,"स्मरणपत्र: लायब्ररीची पुस्तके 15-07-2026 पर्यंत परत करायची आहेत, त्यानंतर विलंब शुल्क लागेल.",No,No,No
ham,स्मरणपत्र: सोसायटीची देखभाल फी 10-09-2025 पर्यंत भरा अन्यथा विलंब शुल्क लागेल.,No,No,No
ham,उद्यान 21-06-2026 ते 01-02-2026 पर्यंत नूतनीकरणासाठी बंद राहील.,No,No,No
ham,"स्मरणपत्र: लायब्ररीची पुस्तके 21-09-2025 पर्यंत परत करायची आहेत, त्यानंतर विलंब शुल्क लागेल.",No,No,No
ham,सोसायटीची वार्षिक सभा 25-12-2026 रोजी संध्याकाळी 6 वाजता क्लबहाऊसमध्ये आहे.,No,No,No
ham,उद्यान 01-09-2025 ते 05-03-2025 पर्यंत नूतनीकरणासाठी बंद राहील.,No,No,No
ham,सोसायटीची वार्षिक सभा 16-12-2026 रोजी संध्याकाळी 6 वाजता क्लबहाऊसमध्ये आहे.,No,No,No
ham,उद्यान 04-07-2025 ते 02-04-2026 पर्यंत नूतनीकरणासाठी बंद राहील.,No,No,No
ham,सोसायटीची वार्षिक सभा 22-03-2025 रोजी संध्याकाळी 6 वाजता क्लबहाऊसमध्ये आहे.,No,No,No
ham,सोसायटीची वार्षिक सभा 05-11-2025 रोजी संध्याकाळी 6 वाजता क्लबहाऊसमध्ये आहे.,No,No,No
ham,"स्मरणपत्र: लायब्ररीची पुस्तके 01-11-2026 पर्यंत परत करायची आहेत, त्यानंतर विलंब शुल्क लागेल.",No,No,No
ham,उद्यान 11-11-2025 ते 16-09-2025 पर्यंत नूतनीकरणासाठी बंद राहील.,No,No,No
ham,स्मरणपत्र: सोसायटीची देखभाल फी 18-11-2026 पर्यंत भरा अन्यथा विलंब शुल्क लागेल.,No,No,No
ham,स्मरणपत्र: सोसायटीची देखभाल फी 02-11-2025 पर्यंत भरा अन्यथा विलंब शुल्क लागेल.,No,No,No
ham,"स्मरणपत्र: लायब्ररीची पुस्तके 24-05-2025 पर्यंत परत करायची आहेत, त्यानंतर विलंब शुल्क लागेल.",No,No,No
ham,स्मरणपत्र: सोसायटीची देखभाल फी 24-06-2026 पर्यंत भरा अन्यथा विलंब शुल्क लागेल.,No,No,No
ham,स्मरणपत्र: सोसायटीची देखभाल फी 05-11-2026 पर्यंत भरा अन्यथा विलंब शुल्क लागेल.,No,No,No
ham,"स्मरणपत्र: लायब्ररीची पुस्तके 02-06-2026 पर्यंत परत करायची आहेत, त्यानंतर विलंब शुल्क लागेल.",No,No,No
ham,सोसायटीची वार्षिक सभा 13-05-2025 रोजी संध्याकाळी 6 वाजता क्लबहाऊसमध्ये आहे.,No,No,No
ham,"स्मरणपत्र: लायब्ररीची पुस्तके 08-04-2025 पर्यंत परत करायची आहेत, त्यानंतर विलंब शुल्क लागेल.",No,No,No
ham,सोसायटीची वार्षिक सभा 23-01-2025 रोजी संध्याकाळी 6 वाजता क्लबहाऊसमध्ये आहे.,No,No,No
ham,"स्मरणपत्र: लायब्ररीची पुस्तके 21-12-2025 पर्यंत परत करायची आहेत, त्यानंतर विलंब शुल्क लागेल.",No,No,No
ham,"स्मरणपत्र: लायब्ररीची पुस्तके 10-10-2025 पर्यंत परत करायची आहेत, त्यानंतर विलंब शुल्क लागेल.",No,No,No
ham,स्मरणपत्र: सोसायटीची देखभाल फी 08-07-2026 पर्यंत भरा अन्यथा विलंब शुल्क लागेल.,No,No,No
ham,"स्मरणपत्र: लायब्ररीची पुस्तके 28-05-2026 पर्यंत परत करायची आहेत, त्यानंतर विलंब शुल्क लागेल.",No,No,No
ham,स्मरणपत्र: सोसायटीची देखभाल फी 20-05-2025 पर्यंत भरा अन्यथा विलंब शुल्क लागेल.,No,No,No
ham,सोसायटीची वार्षिक सभा 01-04-2025 रोजी संध्याकाळी 6 वाजता क्लबहाऊसमध्ये आहे.,No,No,No
ham,स्मरणपत्र: सोसायटीची देखभाल फी 06-05-2025 पर्यंत भरा अन्यथा विलंब शुल्क लागेल.,No,No,No
ham,सोसायटीची वार्षिक सभा 11-02-2026 रोजी संध्याकाळी 6 वाजता क्लबहाऊसमध्ये आहे.,No,No,No
ham,सोसायटीची वार्षिक सभा 26-03-2025 रोजी संध्याकाळी 6 वाजता क्लबहाऊसमध्ये आहे.,No,No,No
ham,"स्मरणपत्र: लायब्ररीची पुस्तके 22-03-2025 पर्यंत परत करायची आहेत, त्यानंतर विलंब शुल्क लागेल.",No,No,No
ham,उद्यान 12-12-2025 ते 11-05-2025 पर्यंत नूतनीकरणासाठी बंद राहील.,No,No,No
ham,स्मरणपत्र: सोसायटीची देखभाल फी 22-06-2025 पर्यंत भरा अन्यथा विलंब शुल्क लागेल.,No,No,No
ham,उद्यान 05-01-2025 ते 11-01-2026 पर्यंत नूतनीकरणासाठी बंद राहील.,No,No,No
ham,सोसायटीची वार्षिक सभा 28-04-2026 रोजी संध्याकाळी 6 वाजता क्लबहाऊसमध्ये आहे.,No,No,No
ham,स्मरणपत्र: सोसायटीची देखभाल फी 01-03-2025 पर्यंत भरा अन्यथा विलंब शुल्क लागेल.,No,No,No
ham,स्मरणपत्र: सोसायटीची देखभाल फी 02-02-2025 पर्यंत भरा अन्यथा विलंब शुल्क लागेल.,No,No,No
ham,सोसायटीची वार्षिक सभा 14-02-2026 रोजी संध्याकाळी 6 वाजता क्लबहाऊसमध्ये आहे.,No,No,No
ham,"स्मरणपत्र: लायब्ररीची पुस्तके 14-01-2025 पर्यंत परत करायची आहेत, त्यानंतर विलंब शुल्क लागेल.",No,No,No
ham,स्मरणपत्र: सोसायटीची देखभाल फी 23-09-2025 पर्यंत भरा अन्यथा विलंब शुल्क लागेल.,No,No,No
ham,उद्यान 22-06-2026 ते 21-12-2025 पर्यंत नूतनीकरणासाठी बंद राहील.,No,No,No
ham,सोसायटीची वार्षिक सभा 05-12-2026 रोजी संध्याकाळी 6 वाजता क्लबहाऊसमध्ये आहे.,No,No,No
ham,"स्मरणपत्र: लायब्ररीची पुस्तके 27-05-2025 पर्यंत परत करायची आहेत, त्यानंतर विलंब शुल्क लागेल.",No,No,No
ham,स्मरणपत्र: सोसायटीची देखभाल फी 10-02-2025 पर्यंत भरा अन्यथा विलंब शुल्क लागेल.,No,No,No
ham,"स्मरणपत्र: लायब्ररीची पुस्तके 20-02-2025 पर्यंत परत करायची आहेत, त्यानंतर विलंब शुल्क लागेल.",No,No,No
ham,उद्यान 09-10-2025 ते 10-08-2025 पर्यंत नूतनीकरणासाठी बंद राहील.,No,No,No
ham,उद्यान 07-12-2026 ते 02-12-2025 पर्यंत नूतनीकरणासाठी बंद राहील.,No,No,No
ham,उद्यान 14-07-2026 ते 27-12-2025 पर्यंत नूतनीकरणासाठी बंद राहील.,No,No,No
ham,उद्यान 28-01-2025 ते 28-03-2025 पर्यंत नूतनीकरणासाठी बंद राहील.,No,No,No
ham,उद्यान 19-05-2026 ते 09-06-2026 पर्यंत नूतनीकरणासाठी बंद राहील.,No,No,No
ham,सोसायटीची वार्षिक सभा 05-08-2025 रोजी संध्याकाळी 6 वाजता क्लबहाऊसमध्ये आहे.,No,No,No
ham,उद्यान 11-09-2025 ते 14-08-2025 पर्यंत नूतनीकरणासाठी बंद राहील.,No,No,No
ham,उद्यान 08-09-2026 ते 23-04-2025 पर्यंत नूतनीकरणासाठी बंद राहील.,No,No,No
ham,"स्मरणपत्र: लायब्ररीची पुस्तके 20-04-2026 पर्यंत परत करायची आहेत, त्यानंतर विलंब शुल्क लागेल.",No,No,No
ham,सोसायटीची वार्षिक सभा 07-06-2025 रोजी संध्याकाळी 6 वाजता क्लबहाऊसमध्ये आहे.,No,No,No
ham,सोसायटीची वार्षिक सभा 19-07-2025 रोजी संध्याकाळी 6 वाजता क्लबहाऊसमध्ये आहे.,No,No,No
ham,"स्मरणपत्र: लायब्ररीची पुस्तके 25-06-2026 पर्यंत परत करायची आहेत, त्यानंतर विलंब शुल्क लागेल.",No,No,No
ham,स्मरणपत्र: सोसायटीची देखभाल फी 09-12-2025 पर्यंत भरा अन्यथा विलंब शुल्क लागेल.,No,No,No
ham,सोसायटीची वार्षिक सभा 24-08-2025 रोजी संध्याकाळी 6 वाजता क्लबहाऊसमध्ये आहे.,No,No,No
ham,उद्यान 12-05-2026 ते 13-07-2025 पर्यंत नूतनीकरणासाठी बंद राहील.,No,No,No
ham,उद्यान 04-12-2026 ते 08-10-2025 पर्यंत नूतनीकरणासाठी बंद राहील.,No,No,No
ham,"स्मरणपत्र: लायब्ररीची पुस्तके 17-09-2025 पर्यंत परत करायची आहेत, त्यानंतर विलंब शुल्क लागेल.",No,No,No
ham,उद्यान 13-03-2025 ते 24-05-2025 पर्यंत नूतनीकरणासाठी बंद राहील.,No,No,No
ham,उद्यान 26-08-2026 ते 27-02-2026 पर्यंत नूतनीकरणासाठी बंद राहील.,No,No,No
ham,सोसायटीची वार्षिक सभा 20-09-2025 रोजी संध्याकाळी 6 वाजता क्लबहाऊसमध्ये आहे.,No,No,No
ham,सोसायटीची वार्षिक सभा 02-09-2025 रोजी संध्याकाळी 6 वाजता क्लबहाऊसमध्ये आहे.,No,No,No
ham,सोसायटीची वार्षिक सभा 13-01-2025 रोजी संध्याकाळी 6 वाजता क्लबहाऊसमध्ये आहे.,No,No,No
ham,उद्यान 27-06-2026 ते 06-06-2026 पर्यंत नूतनीकरणासाठी बंद राहील.,No,No,No
ham,उद्यान 10-02-2026 ते 24-05-2025 पर्यंत नूतनीकरणासाठी बंद राहील.,No,No,No
ham,उद्यान 09-09-2026 ते 08-12-2026 पर्यंत नूतनीकरणासाठी बंद राहील.,No,No,No
ham,उद्यान 03-12-2025 ते 24-11-2025 पर्यंत नूतनीकरणासाठी बंद राहील.,No,No,No
ham,स्मरणपत्र: सोसायटीची देखभाल फी 17-06-2025 पर्यंत भरा अन्यथा विलंब शुल्क लागेल.,No,No,No
ham,स्मरणपत्र: सोसायटीची देखभाल फी 23-04-2026 पर्यंत भरा अन्यथा विलंब शुल्क लागेल.,No,No,No
ham,"स्मरणपत्र: लायब्ररीची पुस्तके 22-01-2025 पर्यंत परत करायची आहेत, त्यानंतर विलंब शुल्क लागेल.",No,No,No
ham,उद्यान 03-11-2026 ते 01-01-2026 पर्यंत नूतनीकरणासाठी बंद राहील.,No,No,No
ham,उद्यान 20-04-2026 ते 12-03-2026 पर्यंत नूतनीकरणासाठी बंद राहील.,No,No,No
ham,सोसायटीची वार्षिक सभा 19-08-2025 रोजी संध्याकाळी 6 वाजता क्लबहाऊसमध्ये आहे.,No,No,No
ham,"स्मरणपत्र: लायब्ररीची पुस्तके 13-03-2026 पर्यंत परत करायची आहेत, त्यानंतर विलंब शुल्क लागेल.",No,No,No
ham,उद्यान 02-10-2025 ते 27-05-2026 पर्यंत नूतनीकरणासाठी बंद राहील.,No,No,No
ham,उद्यान 26-05-2026 ते 26-11-2025 पर्यंत नूतनीकरणासाठी बंद राहील.,No,No,No
ham,उद्यान 25-09-2026 ते 17-02-2025 पर्यंत नूतनीकरणासाठी बंद राहील.,No,No,No
ham,"स्मरणपत्र: लायब्ररीची पुस्तके 08-01-2025 पर्यंत परत करायची आहेत, त्यानंतर विलंब शुल्क लागेल.",No,No,No
ham,उद्यान 23-11-2026 ते 13-12-2025 पर्यंत नूतनीकरणासाठी बंद राहील.,No,No,No
ham,उद्यान 07-08-2025 ते 04-12-2025 पर्यंत नूतनीकरणासाठी बंद राहील.,No,No,No
ham,"स्मरणपत्र: लायब्ररीची पुस्तके 24-03-2025 पर्यंत परत करायची आहेत, त्यानंतर विलंब शुल्क लागेल.",No,No,No
ham,उद्यान 22-11-2025 ते 08-12-2026 पर्यंत नूतनीकरणासाठी बंद राहील.,No,No,No
ham,उद्यान 24-10-2025 ते 17-12-2025 पर्यंत नूतनीकरणासाठी बंद राहील.,No,No,No
ham,उद्यान 22-01-2026 ते 23-06-2025 पर्यंत नूतनीकरणासाठी बंद राहील.,No,No,No
ham,उद्यान 02-10-2026 ते 14-07-2026 पर्यंत नूतनीकरणासाठी बंद राहील.,No,No,No
ham,उद्यान 13-08-2025 ते 11-12-2025 पर्यंत नूतनीकरणासाठी बंद राहील.,No,No,No
ham,उद्यान 06-01-2025 ते 16-11-2026 पर्यंत नूतनीकरणासाठी बंद राहील.,No,No,No
ham,स्मरणपत्र: सोसायटीची देखभाल फी 15-08-2026 पर्यंत भरा अन्यथा विलंब शुल्क लागेल.,No,No,No
ham,उद्यान 12-10-2026 ते 21-02-2025 पर्यंत नूतनीकरणासाठी बंद राहील.,No,No,No
ham,सोसायटीची वार्षिक सभा 10-11-2025 रोजी संध्याकाळी 6 वाजता क्लबहाऊसमध्ये आहे.,No,No,No
ham,स्मरणपत्र: सोसायटीची देखभाल फी 13-05-2026 पर्यंत भरा अन्यथा विलंब शुल्क लागेल.,No,No,No
ham,उद्यान 13-02-2026 ते 26-03-2025 पर्यंत नूतनीकरणासाठी बंद राहील.,No,No,No
ham,"स्मरणपत्र: लायब्ररीची पुस्तके 11-10-2025 पर्यंत परत करायची आहेत, त्यानंतर विलंब शुल्क लागेल.",No,No,No
ham,"स्मरणपत्र: लायब्ररीची पुस्तके 20-09-2025 पर्यंत परत करायची आहेत, त्यानंतर विलंब शुल्क लागेल.",No,No,No
ham,उद्यान 23-08-2026 ते 18-07-2026 पर्यंत नूतनीकरणासाठी बंद राहील.,No,No,No
ham,उद्यान 18-07-2026 ते 24-07-2025 पर्यंत नूतनीकरणासाठी बंद राहील.,No,No,No
ham,उद्यान 06-11-2026 ते 02-10-2026 पर्यंत नूतनीकरणासाठी बंद राहील.,No,No,No
ham,उद्यान 25-09-2026 ते 24-07-2026 पर्यंत नूतनीकरणासाठी बंद राहील.,No,No,No
ham,स्मरणपत्र: सोसायटीची देखभाल फी 10-03-2025 पर्यंत भरा अन्यथा विलंब शुल्क लागेल.,No,No,No
ham,उद्यान 15-08-2025 ते 19-12-2026 पर्यंत नूतनीकरणासाठी बंद राहील.,No,No,No
ham,स्मरणपत्र: सोसायटीची देखभाल फी 10-05-2026 पर्यंत भरा अन्यथा विलंब शुल्क लागेल.,No,No,No
ham,"स्मरणपत्र: लायब्ररीची पुस्तके 19-06-2026 पर्यंत परत करायची आहेत, त्यानंतर विलंब शुल्क लागेल.",No,No,No
ham,स्मरणपत्र: सोसायटीची देखभाल फी 27-02-2026 पर्यंत भरा अन्यथा विलंब शुल्क लागेल.,No,No,No
ham,उद्यान 22-03-2025 ते 28-04-2026 पर्यंत नूतनीकरणासाठी बंद राहील.,No,No,No
ham,स्मरणपत्र: सोसायटीची देखभाल फी 06-04-2026 पर्यंत भरा अन्यथा विलंब शुल्क लागेल.,No,No,No
ham,उद्यान 13-10-2026 ते 26-04-2025 पर्यंत नूतनीकरणासाठी बंद राहील.,No,No,No
ham,उद्यान 20-10-2026 ते 05-05-2025 पर्यंत नूतनीकरणासाठी बंद राहील.,No,No,No
ham,स्मरणपत्र: सोसायटीची देखभाल फी 11-07-2025 पर्यंत भरा अन्यथा विलंब शुल्क लागेल.,No,No,No
ham,उद्यान 21-01-2025 ते 19-08-2026 पर्यंत नूतनीकरणासाठी बंद राहील.,No,No,No
ham,उद्यान 27-07-2026 ते 01-05-2025 पर्यंत नूतनीकरणासाठी बंद राहील.,No,No,No
ham,उद्यान 25-03-2026 ते 28-04-2026 पर्यंत नूतनीकरणासाठी बंद राहील.,No,No,No
ham,उद्यान 12-12-2026 ते 02-07-2026 पर्यंत नूतनीकरणासाठी बंद राहील.,No,No,No
ham,उद्यान 26-10-2026 ते 14-06-2025 पर्यंत नूतनीकरणासाठी बंद राहील.,No,No,No
ham,उद्यान 11-03-2026 ते 11-01-2025 पर्यंत नूतनीकरणासाठी बंद राहील.,No,No,No
ham,"स्मरणपत्र: लायब्ररीची पुस्तके 16-08-2026 पर्यंत परत करायची आहेत, त्यानंतर विलंब शुल्क लागेल.",No,No,No
ham,"स्मरणपत्र: लायब्ररीची पुस्तके 19-03-2025 पर्यंत परत करायची आहेत, त्यानंतर विलंब शुल्क लागेल.",No,No,No
ham,स्मरणपत्र: सोसायटीची देखभाल फी 18-10-2026 पर्यंत भरा अन्यथा विलंब शुल्क लागेल.,No,No,No
ham,उद्यान 03-02-2025 ते 11-07-2025 पर्यंत नूतनीकरणासाठी बंद राहील.,No,No,No
ham,स्मरणपत्र: सोसायटीची देखभाल फी 06-10-2025 पर्यंत भरा अन्यथा विलंब शुल्क लागेल.,No,No,No
ham,सोसायटीची वार्षिक सभा 02-12-2026 रोजी संध्याकाळी 6 वाजता क्लबहाऊसमध्ये आहे.,No,No,No
ham,सोसायटीची वार्षिक सभा 15-07-2026 रोजी संध्याकाळी 6 वाजता क्लबहाऊसमध्ये आहे.,No,No,No
ham,उद्यान 05-11-2025 ते 09-03-2025 पर्यंत नूतनीकरणासाठी बंद राहील.,No,No,No
ham,सोसायटीची वार्षिक सभा 12-04-2026 रोजी संध्याकाळी 6 वाजता क्लबहाऊसमध्ये आहे.,No,No,No
ham,उद्यान 08-12-2025 ते 24-05-2025 पर्यंत नूतनीकरणासाठी बंद राहील.,No,No,No
ham,स्मरणपत्र: सोसायटीची देखभाल फी 01-06-2026 पर्यंत भरा अन्यथा विलंब शुल्क लागेल.,No,No,No
ham,उद्यान 11-10-2025 ते 12-04-2026 पर्यंत नूतनीकरणासाठी बंद राहील.,No,No,No
ham,उद्यान 10-09-2025 ते 27-06-2026 पर्यंत नूतनीकरणासाठी बंद राहील.,No,No,No
ham,उद्यान 21-12-2026 ते 20-08-2026 पर्यंत नूतनीकरणासाठी बंद राहील.,No,No,No
ham,"स्मरणपत्र: लायब्ररीची पुस्तके 20-10-2025 पर्यंत परत करायची आहेत, त्यानंतर विलंब शुल्क लागेल.",No,No,No
ham,"स्मरणपत्र: लायब्ररीची पुस्तके 04-05-2026 पर्यंत परत करायची आहेत, त्यानंतर विलंब शुल्क लागेल.",No,No,No
ham,उद्यान 02-01-2025 ते 01-05-2025 पर्यंत नूतनीकरणासाठी बंद राहील.,No,No,No
ham,स्मरणपत्र: सोसायटीची देखभाल फी 23-10-2026 पर्यंत भरा अन्यथा विलंब शुल्क लागेल.,No,No,No
ham,"स्मरणपत्र: लायब्ररीची पुस्तके 27-01-2026 पर्यंत परत करायची आहेत, त्यानंतर विलंब शुल्क लागेल.",No,No,No
ham,स्मरणपत्र: सोसायटीची देखभाल फी 16-05-2026 पर्यंत भरा अन्यथा विलंब शुल्क लागेल.,No,No,No
ham,सोसायटीची वार्षिक सभा 22-02-2025 रोजी संध्याकाळी 6 वाजता क्लबहाऊसमध्ये आहे.,No,No,No
ham,स्मरणपत्र: सोसायटीची देखभाल फी 26-05-2026 पर्यंत भरा अन्यथा विलंब शुल्क लागेल.,No,No,No
ham,उद्यान 25-07-2026 ते 26-11-2026 पर्यंत नूतनीकरणासाठी बंद राहील.,No,No,No
ham,"स्मरणपत्र: लायब्ररीची पुस्तके 16-07-2025 पर्यंत परत करायची आहेत, त्यानंतर विलंब शुल्क लागेल.",No,No,No
ham,उद्यान 02-11-2025 ते 09-08-2025 पर्यंत नूतनीकरणासाठी बंद राहील.,No,No,No
ham,स्मरणपत्र: सोसायटीची देखभाल फी 08-11-2026 पर्यंत भरा अन्यथा विलंब शुल्क लागेल.,No,No,No
ham,उद्यान 27-11-2026 ते 23-03-2026 पर्यंत नूतनीकरणासाठी बंद राहील.,No,No,No
ham,सोसायटीची वार्षिक सभा 19-06-2025 रोजी संध्याकाळी 6 वाजता क्लबहाऊसमध्ये आहे.,No,No,No
ham,"स्मरणपत्र: लायब्ररीची पुस्तके 23-12-2026 पर्यंत परत करायची आहेत, त्यानंतर विलंब शुल्क लागेल.",No,No,No
ham,उद्यान 15-03-2026 ते 02-01-2025 पर्यंत नूतनीकरणासाठी बंद राहील.,No,No,No
ham,सोसायटीची वार्षिक सभा 15-05-2025 रोजी संध्याकाळी 6 वाजता क्लबहाऊसमध्ये आहे.,No,No,No
ham,उद्यान 09-01-2025 ते 26-11-2025 पर्यंत नूतनीकरणासाठी बंद राहील.,No,No,No
ham,"स्मरणपत्र: लायब्ररीची पुस्तके 23-10-2025 पर्यंत परत करायची आहेत, त्यानंतर विलंब शुल्क लागेल.",No,No,No
ham,सोसायटीची वार्षिक सभा 01-06-2025 रोजी संध्याकाळी 6 वाजता क्लबहाऊसमध्ये आहे.,No,No,No
ham,सोसायटीची वार्षिक सभा 17-06-2025 रोजी संध्याकाळी 6 वाजता क्लबहाऊसमध्ये आहे.,No,No,No
ham,सोसायटीची वार्षिक सभा 17-06-2026 रोजी संध्याकाळी 6 वाजता क्लबहाऊसमध्ये आहे.,No,No,No
ham,उद्यान 08-10-2026 ते 03-03-2026 पर्यंत नूतनीकरणासाठी बंद राहील.,No,No,No
ham,उद्यान 09-01-2025 ते 04-07-2025 पर्यंत नूतनीकरणासाठी बंद राहील.,No,No,No
ham,स्मरणपत्र: सोसायटीची देखभाल फी 09-04-2026 पर्यंत भरा अन्यथा विलंब शुल्क लागेल.,No,No,No
ham,उद्यान 26-05-2026 ते 03-12-2025 पर्यंत नूतनीकरणासाठी बंद राहील.,No,No,No
ham,स्मरणपत्र: सोसायटीची देखभाल फी 26-11-2026 पर्यंत भरा अन्यथा विलंब शुल्क लागेल.,No,No,No
ham,"स्मरणपत्र: लायब्ररीची पुस्तके 20-06-2026 पर्यंत परत करायची आहेत, त्यानंतर विलंब शुल्क लागेल.",No,No,No
ham,स्मरणपत्र: सोसायटीची देखभाल फी 12-10-2025 पर्यंत भरा अन्यथा विलंब शुल्क लागेल.,No,No,No
ham,"स्मरणपत्र: लायब्ररीची पुस्तके 17-05-2026 पर्यंत परत करायची आहेत, त्यानंतर विलंब शुल्क लागेल.",No,No,No
ham,सोसायटीची वार्षिक सभा 21-12-2025 रोजी संध्याकाळी 6 वाजता क्लबहाऊसमध्ये आहे.,No,No,No
ham,सोसायटीची वार्षिक सभा 26-06-2025 रोजी संध्याकाळी 6 वाजता क्लबहाऊसमध्ये आहे.,No,No,No
ham,"स्मरणपत्र: लायब्ररीची पुस्तके 21-07-2025 पर्यंत परत करायची आहेत, त्यानंतर विलंब शुल्क लागेल.",No,No,No
ham,उद्यान 28-12-2025 ते 28-03-2026 पर्यंत नूतनीकरणासाठी बंद राहील.,No,No,No
ham,"स्मरणपत्र: लायब्ररीची पुस्तके 13-10-2026 पर्यंत परत करायची आहेत, त्यानंतर विलंब शुल्क लागेल.",No,No,No
ham,सोसायटीची वार्षिक सभा 02-10-2026 रोजी संध्याकाळी 6 वाजता क्लबहाऊसमध्ये आहे.,No,No,No
ham,स्मरणपत्र: सोसायटीची देखभाल फी 19-09-2026 पर्यंत भरा अन्यथा विलंब शुल्क लागेल.,No,No,No
ham,"स्मरणपत्र: लायब्ररीची पुस्तके 25-07-2025 पर्यंत परत करायची आहेत, त्यानंतर विलंब शुल्क लागेल.",No,No,No
ham,उद्यान 02-09-2026 ते 19-12-2026 पर्यंत नूतनीकरणासाठी बंद राहील.,No,No,No
ham,उद्यान 12-03-2025 ते 07-02-2025 पर्यंत नूतनीकरणासाठी बंद राहील.,No,No,No
ham,"स्मरणपत्र: लायब्ररीची पुस्तके 23-02-2026 पर्यंत परत करायची आहेत, त्यानंतर विलंब शुल्क लागेल.",No,No,No
ham,उद्यान 24-01-2025 ते 28-10-2026 पर्यंत नूतनीकरणासाठी बंद राहील.,No,No,No
ham,"स्मरणपत्र: लायब्ररीची पुस्तके 05-06-2026 पर्यंत परत करायची आहेत, त्यानंतर विलंब शुल्क लागेल.",No,No,No
ham,सोसायटीची वार्षिक सभा 28-08-2026 रोजी संध्याकाळी 6 वाजता क्लबहाऊसमध्ये आहे.,No,No,No
ham,"स्मरणपत्र: लायब्ररीची पुस्तके 09-11-2026 पर्यंत परत करायची आहेत, त्यानंतर विलंब शुल्क लागेल.",No,No,No
ham,सोसायटीची वार्षिक सभा 14-07-2026 रोजी संध्याकाळी 6 वाजता क्लबहाऊसमध्ये आहे.,No,No,No
ham,सोसायटीची वार्षिक सभा 10-06-2025 रोजी संध्याकाळी 6 वाजता क्लबहाऊसमध्ये आहे.,No,No,No
ham,स्मरणपत्र: सोसायटीची देखभाल फी 13-04-2025 पर्यंत भरा अन्यथा विलंब शुल्क लागेल.,No,No,No
ham,"स्मरणपत्र: लायब्ररीची पुस्तके 05-09-2026 पर्यंत परत करायची आहेत, त्यानंतर विलंब शुल्क लागेल.",No,No,No
ham,सोसायटीची वार्षिक सभा 18-07-2025 रोजी संध्याकाळी 6 वाजता क्लबहाऊसमध्ये आहे.,No,No,No
ham,स्मरणपत्र: सोसायटीची देखभाल फी 27-10-2025 पर्यंत भरा अन्यथा विलंब शुल्क लागेल.,No,No,No
ham,सोसायटीची वार्षिक सभा 01-10-2026 रोजी संध्याकाळी 6 वाजता क्लबहाऊसमध्ये आहे.,No,No,No
ham,उद्यान 28-05-2025 ते 28-10-2025 पर्यंत नूतनीकरणासाठी बंद राहील.,No,No,No
ham,उद्यान 10-06-2025 ते 26-07-2026 पर्यंत नूतनीकरणासाठी बंद राहील.,No,No,No
ham,उद्यान 16-05-2026 ते 11-12-2026 पर्यंत नूतनीकरणासाठी बंद राहील.,No,No,No
ham,उद्यान 22-10-2026 ते 13-12-2025 पर्यंत नूतनीकरणासाठी बंद राहील.,No,No,No
ham,सोसायटीची वार्षिक सभा 12-02-2025 रोजी संध्याकाळी 6 वाजता क्लबहाऊसमध्ये आहे.,No,No,No
ham,उद्यान 25-11-2026 ते 26-08-2026 पर्यंत नूतनीकरणासाठी बंद राहील.,No,No,No
ham,उद्यान 06-05-2025 ते 09-10-2026 पर्यंत नूतनीकरणासाठी बंद राहील.,No,No,No
ham,उद्यान 03-02-2025 ते 24-01-2025 पर्यंत नूतनीकरणासाठी बंद राहील.,No,No,No
ham,उद्यान 14-12-2026 ते 10-08-2026 पर्यंत नूतनीकरणासाठी बंद राहील.,No,No,No
ham,उद्यान 01-01-2026 ते 07-10-2026 पर्यंत नूतनीकरणासाठी बंद राहील.,No,No,No
ham,"स्मरणपत्र: लायब्ररीची पुस्तके 11-11-2026 पर्यंत परत करायची आहेत, त्यानंतर विलंब शुल्क लागेल.",No,No,No
ham,उद्यान 08-11-2026 ते 03-11-2026 पर्यंत नूतनीकरणासाठी बंद राहील.,No,No,No
ham,स्मरणपत्र: सोसायटीची देखभाल फी 04-08-2026 पर्यंत भरा अन्यथा विलंब शुल्क लागेल.,No,No,No
ham,"स्मरणपत्र: लायब्ररीची पुस्तके 17-06-2026 पर्यंत परत करायची आहेत, त्यानंतर विलंब शुल्क लागेल.",No,No,No
ham,उद्यान 13-09-2025 ते 23-06-2025 पर्यंत नूतनीकरणासाठी बंद राहील.,No,No,No
ham,उद्यान 27-08-2026 ते 23-01-2026 पर्यंत नूतनीकरणासाठी बंद राहील.,No,No,No
ham,स्मरणपत्र: सोसायटीची देखभाल फी 10-06-2025 पर्यंत भरा अन्यथा विलंब शुल्क लागेल.,No,No,No
ham,स्मरणपत्र: सोसायटीची देखभाल फी 15-12-2026 पर्यंत भरा अन्यथा विलंब शुल्क लागेल.,No,No,No
ham,सोसायटीची वार्षिक सभा 28-01-2026 रोजी संध्याकाळी 6 वाजता क्लबहाऊसमध्ये आहे.,No,No,No
ham,उद्यान 10-04-2025 ते 16-08-2025 पर्यंत नूतनीकरणासाठी बंद राहील.,No,No,No
ham,स्मरणपत्र: सोसायटीची देखभाल फी 17-01-2025 पर्यंत भरा अन्यथा विलंब शुल्क लागेल.,No,No,No
ham,उद्यान 12-09-2026 ते 23-10-2025 पर्यंत नूतनीकरणासाठी बंद राहील.,No,No,No
ham,उद्यान 06-06-2025 ते 23-04-2026 पर्यंत नूतनीकरणासाठी बंद राहील.,No,No,No
ham,स्मरणपत्र: सोसायटीची देखभाल फी 27-05-2025 पर्यंत भरा अन्यथा विलंब शुल्क लागेल.,No,No,No
ham,उद्यान 20-01-2025 ते 24-01-2025 पर्यंत नूतनीकरणासाठी बंद राहील.,No,No,No
ham,उद्यान 10-08-2026 ते 28-03-2026 पर्यंत नूतनीकरणासाठी बंद राहील.,No,No,No
ham,सोसायटीची वार्षिक सभा 09-11-2026 रोजी संध्याकाळी 6 वाजता क्लबहाऊसमध्ये आहे.,No,No,No
ham,सोसायटीची वार्षिक सभा 18-11-2026 रोजी संध्याकाळी 6 वाजता क्लबहाऊसमध्ये आहे.,No,No,No
ham,स्मरणपत्र: सोसायटीची देखभाल फी 17-05-2025 पर्यंत भरा अन्यथा विलंब शुल्क लागेल.,No,No,No
ham,"स्मरणपत्र: लायब्ररीची पुस्तके 26-02-2026 पर्यंत परत करायची आहेत, त्यानंतर विलंब शुल्क लागेल.",No,No,No
ham,उद्यान 23-07-2025 ते 16-02-2026 पर्यंत नूतनीकरणासाठी बंद राहील.,No,No,No
ham,"स्मरणपत्र: लायब्ररीची पुस्तके 04-03-2026 पर्यंत परत करायची आहेत, त्यानंतर विलंब शुल्क लागेल.",No,No,No
ham,स्मरणपत्र: सोसायटीची देखभाल फी 20-03-2026 पर्यंत भरा अन्यथा विलंब शुल्क लागेल.,No,No,No
ham,उद्यान 22-04-2026 ते 01-10-2026 पर्यंत नूतनीकरणासाठी बंद राहील.,No,No,No
ham,उद्यान 04-10-2025 ते 27-01-2026 पर्यंत नूतनीकरणासाठी बंद राहील.,No,No,No
ham,उद्यान 12-08-2026 ते 02-07-2026 पर्यंत नूतनीकरणासाठी बंद राहील.,No,No,No
ham,उद्यान 08-03-2026 ते 01-05-2026 पर्यंत नूतनीकरणासाठी बंद राहील.,No,No,No
ham,सोसायटीची वार्षिक सभा 10-05-2026 रोजी संध्याकाळी 6 वाजता क्लबहाऊसमध्ये आहे.,No,No,No
ham,"स्मरणपत्र: लायब्ररीची पुस्तके 01-06-2026 पर्यंत परत करायची आहेत, त्यानंतर विलंब शुल्क लागेल.",No,No,No
ham,उद्यान 02-07-2025 ते 07-05-2026 पर्यंत नूतनीकरणासाठी बंद राहील.,No,No,No
ham,"स्मरणपत्र: लायब्ररीची पुस्तके 25-10-2026 पर्यंत परत करायची आहेत, त्यानंतर विलंब शुल्क लागेल.",No,No,No
ham,उद्यान 05-12-2026 ते 04-07-2025 पर्यंत नूतनीकरणासाठी बंद राहील.,No,No,No
ham,स्मरणपत्र: सोसायटीची देखभाल फी 21-03-2026 पर्यंत भरा अन्यथा विलंब शुल्क लागेल.,No,No,No
ham,स्मरणपत्र: सोसायटीची देखभाल फी 08-11-2025 पर्यंत भरा अन्यथा विलंब शुल्क लागेल.,No,No,No
ham,स्मरणपत्र: सोसायटीची देखभाल फी 18-04-2026 पर्यंत भरा अन्यथा विलंब शुल्क लागेल.,No,No,No
ham,उद्यान 08-05-2026 ते 12-08-2025 पर्यंत नूतनीकरणासाठी बंद राहील.,No,No,No
ham,सोसायटीची वार्षिक सभा 25-11-2026 रोजी संध्याकाळी 6 वाजता क्लबहाऊसमध्ये आहे.,No,No,No
ham,उद्यान 27-12-2026 ते 05-02-2025 पर्यंत नूतनीकरणासाठी बंद राहील.,No,No,No
ham,उद्यान 19-08-2025 ते 17-02-2025 पर्यंत नूतनीकरणासाठी बंद राहील.,No,No,No
ham,उद्यान 26-06-2025 ते 03-01-2025 पर्यंत नूतनीकरणासाठी बंद राहील.,No,No,No
ham,उद्यान 17-01-2026 ते 21-05-2025 पर्यंत नूतनीकरणासाठी बंद राहील.,No,No,No
ham,सोसायटीची वार्षिक सभा 10-02-2025 रोजी संध्याकाळी 6 वाजता क्लबहाऊसमध्ये आहे.,No,No,No
ham,सोसायटीची वार्षिक सभा 12-08-2025 रोजी संध्याकाळी 6 वाजता क्लबहाऊसमध्ये आहे.,No,No,No
ham,सोसायटीची वार्षिक सभा 17-02-2026 रोजी संध्याकाळी 6 वाजता क्लबहाऊसमध्ये आहे.,No,No,No
ham,उद्यान 08-08-2025 ते 11-09-2026 पर्यंत नूतनीकरणासाठी बंद राहील.,No,No,No
ham,उद्यान 14-06-2026 ते 16-12-2025 पर्यंत नूतनीकरणासाठी बंद राहील.,No,No,No
ham,स्मरणपत्र: सोसायटीची देखभाल फी 24-10-2026 पर्यंत भरा अन्यथा विलंब शुल्क लागेल.,No,No,No
ham,उद्यान 10-02-2026 ते 08-12-2026 पर्यंत नूतनीकरणासाठी बंद राहील.,No,No,No
ham,स्मरणपत्र: सोसायटीची देखभाल फी 05-09-2026 पर्यंत भरा अन्यथा विलंब शुल्क लागेल.,No,No,No
ham,उद्यान 07-01-2025 ते 03-12-2026 पर्यंत नूतनीकरणासाठी बंद राहील.,No,No,No
ham,उद्यान 28-12-2025 ते 01-01-2025 पर्यंत नूतनीकरणासाठी बंद राहील.,No,No,No
ham,"स्मरणपत्र: लायब्ररीची पुस्तके 21-06-2025 पर्यंत परत करायची आहेत, त्यानंतर विलंब शुल्क लागेल.",No,No,No
ham,"स्मरणपत्र: लायब्ररीची पुस्तके 28-03-2026 पर्यंत परत करायची आहेत, त्यानंतर विलंब शुल्क लागेल.",No,No,No
ham,उद्यान 21-03-2025 ते 23-12-2026 पर्यंत नूतनीकरणासाठी बंद राहील.,No,No,No
ham,उद्यान 27-05-2026 ते 24-09-2026 पर्यंत नूतनीकरणासाठी बंद राहील.,No,No,No
ham,उद्यान 09-03-2026 ते 01-01-2026 पर्यंत नूतनीकरणासाठी बंद राहील.,No,No,No
ham,उद्यान 01-03-2026 ते 16-12-2026 पर्यंत नूतनीकरणासाठी बंद राहील.,No,No,No
ham,उद्यान 04-10-2025 ते 19-09-2025 पर्यंत नूतनीकरणासाठी बंद राहील.,No,No,No
ham,उद्यान 09-06-2026 ते 10-07-2026 पर्यंत नूतनीकरणासाठी बंद राहील.,No,No,No
ham,उद्यान 27-11-2025 ते 18-04-2026 पर्यंत नूतनीकरणासाठी बंद राहील.,No,No,No
ham,उद्यान 06-05-2025 ते 19-10-2026 पर्यंत नूतनीकरणासाठी बंद राहील.,No,No,No
ham,उद्यान 14-01-2025 ते 27-02-2025 पर्यंत नूतनीकरणासाठी बंद राहील.,No,No,No
ham,स्मरणपत्र: सोसायटीची देखभाल फी 25-05-2025 पर्यंत भरा अन्यथा विलंब शुल्क लागेल.,No,No,No
ham,"स्मरणपत्र: लायब्ररीची पुस्तके 03-03-2025 पर्यंत परत करायची आहेत, त्यानंतर विलंब शुल्क लागेल.",No,No,No
ham,उद्यान 22-05-2026 ते 25-10-2026 पर्यंत नूतनीकरणासाठी बंद राहील.,No,No,No
ham,उद्यान 06-04-2025 ते 01-01-2025 पर्यंत नूतनीकरणासाठी बंद राहील.,No,No,No
ham,सोसायटीची वार्षिक सभा 13-04-2026 रोजी संध्याकाळी 6 वाजता क्लबहाऊसमध्ये आहे.,No,No,No
ham,उद्यान 01-07-2025 ते 15-10-2025 पर्यंत नूतनीकरणासाठी बंद राहील.,No,No,No
ham,उद्यान 10-09-2025 ते 14-02-2026 पर्यंत नूतनीकरणासाठी बंद राहील.,No,No,No
ham,"स्मरणपत्र: लायब्ररीची पुस्तके 05-11-2025 पर्यंत परत करायची आहेत, त्यानंतर विलंब शुल्क लागेल.",No,No,No
ham,उद्यान 24-11-2025 ते 22-10-2026 पर्यंत नूतनीकरणासाठी बंद राहील.,No,No,No
ham,उद्यान 27-11-2026 ते 08-02-2026 पर्यंत नूतनीकरणासाठी बंद राहील.,No,No,No
ham,उद्यान 28-07-2025 ते 09-01-2026 पर्यंत नूतनीकरणासाठी बंद राहील.,No,No,No
ham,सोसायटीची वार्षिक सभा 14-10-2026 रोजी संध्याकाळी 6 वाजता क्लबहाऊसमध्ये आहे.,No,No,No
ham,उद्यान 07-09-2025 ते 04-01-2025 पर्यंत नूतनीकरणासाठी बंद राहील.,No,No,No
ham,सोसायटीची वार्षिक सभा 06-10-2026 रोजी संध्याकाळी 6 वाजता क्लबहाऊसमध्ये आहे.,No,No,No
ham,उद्यान 06-12-2025 ते 11-12-2025 पर्यंत नूतनीकरणासाठी बंद राहील.,No,No,No
ham,"स्मरणपत्र: लायब्ररीची पुस्तके 10-04-2026 पर्यंत परत करायची आहेत, त्यानंतर विलंब शुल्क लागेल.",No,No,No
ham,स्मरणपत्र: सोसायटीची देखभाल फी 03-10-2025 पर्यंत भरा अन्यथा विलंब शुल्क लागेल.,No,No,No
ham,सोसायटीची वार्षिक सभा 08-04-2025 रोजी संध्याकाळी 6 वाजता क्लबहाऊसमध्ये आहे.,No,No,No
ham,सोसायटीची वार्षिक सभा 21-10-2026 रोजी संध्याकाळी 6 वाजता क्लबहाऊसमध्ये आहे.,No,No,No
ham,उद्यान 18-01-2025 ते 18-04-2026 पर्यंत नूतनीकरणासाठी बंद राहील.,No,No,No
ham,"स्मरणपत्र: लायब्ररीची पुस्तके 05-09-2025 पर्यंत परत करायची आहेत, त्यानंतर विलंब शुल्क लागेल.",No,No,No
ham,सोसायटीची वार्षिक सभा 23-09-2026 रोजी संध्याकाळी 6 वाजता क्लबहाऊसमध्ये आहे.,No,No,No
ham,उद्यान 08-05-2025 ते 03-03-2026 पर्यंत नूतनीकरणासाठी बंद राहील.,No,No,No
ham,सोसायटीची वार्षिक सभा 07-09-2026 रोजी संध्याकाळी 6 वाजता क्लबहाऊसमध्ये आहे.,No,No,No
ham,सोसायटीची वार्षिक सभा 23-04-2025 रोजी संध्याकाळी 6 वाजता क्लबहाऊसमध्ये आहे.,No,No,No
ham,स्मरणपत्र: सोसायटीची देखभाल फी 09-06-2025 पर्यंत भरा अन्यथा विलंब शुल्क लागेल.,No,No,No
ham,उद्यान 07-05-2026 ते 14-03-2026 पर्यंत नूतनीकरणासाठी बंद राहील.,No,No,No
ham,"स्मरणपत्र: लायब्ररीची पुस्तके 10-09-2025 पर्यंत परत करायची आहेत, त्यानंतर विलंब शुल्क लागेल.",No,No,No
ham,उद्यान 07-03-2025 ते 16-05-2025 पर्यंत नूतनीकरणासाठी बंद राहील.,No,No,No
ham,स्मरणपत्र: सोसायटीची देखभाल फी 05-03-2026 पर्यंत भरा अन्यथा विलंब शुल्क लागेल.,No,No,No
ham,उद्यान 24-02-2026 ते 17-05-2025 पर्यंत नूतनीकरणासाठी बंद राहील.,No,No,No
ham,उद्यान 03-04-2026 ते 17-06-2026 पर्यंत नूतनीकरणासाठी बंद राहील.,No,No,No
ham,"स्मरणपत्र: लायब्ररीची पुस्तके 04-03-2025 पर्यंत परत करायची आहेत, त्यानंतर विलंब शुल्क लागेल.",No,No,No
ham,उद्यान 14-04-2026 ते 01-02-2026 पर्यंत नूतनीकरणासाठी बंद राहील.,No,No,No
ham,उद्यान 25-01-2025 ते 12-08-2025 पर्यंत नूतनीकरणासाठी बंद राहील.,No,No,No
ham,उद्यान 06-06-2026 ते 27-10-2025 पर्यंत नूतनीकरणासाठी बंद राहील.,No,No,No
ham,उद्यान 22-10-2025 ते 28-05-2026 पर्यंत नूतनीकरणासाठी बंद राहील.,No,No,No
ham,उद्यान 26-04-2025 ते 14-10-2026 पर्यंत नूतनीकरणासाठी बंद राहील.,No,No,No
ham,उद्यान 14-05-2026 ते 26-08-2026 पर्यंत नूतनीकरणासाठी बंद राहील.,No,No,No
ham,सोसायटीची वार्षिक सभा 20-10-2026 रोजी संध्याकाळी 6 वाजता क्लबहाऊसमध्ये आहे.,No,No,No
ham,"स्मरणपत्र: लायब्ररीची पुस्तके 11-12-2026 पर्यंत परत करायची आहेत, त्यानंतर विलंब शुल्क लागेल.",No,No,No
ham,उद्यान 14-05-2025 ते 24-05-2025 पर्यंत नूतनीकरणासाठी बंद राहील.,No,No,No
ham,सोसायटीची वार्षिक सभा 11-07-2025 रोजी संध्याकाळी 6 वाजता क्लबहाऊसमध्ये आहे.,No,No,No
ham,सोसायटीची वार्षिक सभा 09-02-2025 रोजी संध्याकाळी 6 वाजता क्लबहाऊसमध्ये आहे.,No,No,No
ham,उद्यान 28-05-2026 ते 03-10-2025 पर्यंत नूतनीकरणासाठी बंद राहील.,No,No,No
ham,उद्यान 25-08-2025 ते 16-09-2025 पर्यंत नूतनीकरणासाठी बंद राहील.,No,No,No
ham,स्मरणपत्र: सोसायटीची देखभाल फी 24-09-2025 पर्यंत भरा अन्यथा विलंब शुल्क लागेल.,No,No,No
ham,उद्यान 26-02-2026 ते 12-11-2025 पर्यंत नूतनीकरणासाठी बंद राहील.,No,No,No
ham,उद्यान 04-11-2025 ते 01-09-2025 पर्यंत नूतनीकरणासाठी बंद राहील.,No,No,No
ham,उद्यान 20-07-2026 ते 21-08-2026 पर्यंत नूतनीकरणासाठी बंद राहील.,No,No,No
ham,उद्यान 13-08-2026 ते 02-01-2026 पर्यंत नूतनीकरणासाठी बंद राहील.,No,No,No
ham,स्मरणपत्र: सोसायटीची देखभाल फी 14-12-2025 पर्यंत भरा अन्यथा विलंब शुल्क लागेल.,No,No,No
ham,उद्यान 09-03-2025 ते 03-02-2025 पर्यंत नूतनीकरणासाठी बंद राहील.,No,No,No
ham,उद्यान 06-07-2025 ते 19-12-2026 पर्यंत नूतनीकरणासाठी बंद राहील.,No,No,No
ham,उद्यान 20-11-2025 ते 20-09-2026 पर्यंत नूतनीकरणासाठी बंद राहील.,No,No,No
ham,"स्मरणपत्र: लायब्ररीची पुस्तके 12-11-2026 पर्यंत परत करायची आहेत, त्यानंतर विलंब शुल्क लागेल.",No,No,No
ham,सोसायटीची वार्षिक सभा 02-05-2025 रोजी संध्याकाळी 6 वाजता क्लबहाऊसमध्ये आहे.,No,No,No
ham,"स्मरणपत्र: लायब्ररीची पुस्तके 06-12-2025 पर्यंत परत करायची आहेत, त्यानंतर विलंब शुल्क लागेल.",No,No,No
ham,उद्यान 06-09-2025 ते 05-01-2026 पर्यंत नूतनीकरणासाठी बंद राहील.,No,No,No
ham,उद्यान 23-02-2025 ते 20-12-2026 पर्यंत नूतनीकरणासाठी बंद राहील.,No,No,No
ham,सोसायटीची वार्षिक सभा 18-06-2026 रोजी संध्याकाळी 6 वाजता क्लबहाऊसमध्ये आहे.,No,No,No
ham,उद्यान 23-01-2025 ते 21-03-2026 पर्यंत नूतनीकरणासाठी बंद राहील.,No,No,No
ham,स्मरणपत्र: सोसायटीची देखभाल फी 28-06-2026 पर्यंत भरा अन्यथा विलंब शुल्क लागेल.,No,No,No
ham,उद्यान 16-12-2026 ते 22-01-2026 पर्यंत नूतनीकरणासाठी बंद राहील.,No,No,No
ham,उद्यान 02-03-2025 ते 24-08-2026 पर्यंत नूतनीकरणासाठी बंद राहील.,No,No,No
ham,उद्यान 16-08-2025 ते 01-11-2025 पर्यंत नूतनीकरणासाठी बंद राहील.,No,No,No
ham,उद्यान 26-06-2025 ते 27-01-2025 पर्यंत नूतनीकरणासाठी बंद राहील.,No,No,No
ham,उद्यान 16-12-2025 ते 08-03-2026 पर्यंत नूतनीकरणासाठी बंद राहील.,No,No,No
ham,"स्मरणपत्र: लायब्ररीची पुस्तके 16-10-2026 पर्यंत परत करायची आहेत, त्यानंतर विलंब शुल्क लागेल.",No,No,No
ham,उद्यान 15-05-2025 ते 28-12-2026 पर्यंत नूतनीकरणासाठी बंद राहील.,No,No,No
ham,स्मरणपत्र: सोसायटीची देखभाल फी 14-04-2026 पर्यंत भरा अन्यथा विलंब शुल्क लागेल.,No,No,No
ham,उद्यान 02-01-2025 ते 21-08-2025 पर्यंत नूतनीकरणासाठी बंद राहील.,No,No,No
ham,सोसायटीची वार्षिक सभा 19-09-2025 रोजी संध्याकाळी 6 वाजता क्लबहाऊसमध्ये आहे.,No,No,No
ham,स्मरणपत्र: सोसायटीची देखभाल फी 14-06-2026 पर्यंत भरा अन्यथा विलंब शुल्क लागेल.,No,No,No
ham,स्मरणपत्र: सोसायटीची देखभाल फी 17-08-2026 पर्यंत भरा अन्यथा विलंब शुल्क लागेल.,No,No,No
ham,सोसायटीची वार्षिक सभा 14-05-2026 रोजी संध्याकाळी 6 वाजता क्लबहाऊसमध्ये आहे.,No,No,No
ham,उद्यान 05-09-2026 ते 13-01-2026 पर्यंत नूतनीकरणासाठी बंद राहील.,No,No,No
ham,उद्यान 12-12-2026 ते 02-07-2025 पर्यंत नूतनीकरणासाठी बंद राहील.,No,No,No
ham,"स्मरणपत्र: लायब्ररीची पुस्तके 01-02-2025 पर्यंत परत करायची आहेत, त्यानंतर विलंब शुल्क लागेल.",No,No,No
ham,उद्यान 27-08-2026 ते 06-03-2026 पर्यंत नूतनीकरणासाठी बंद राहील.,No,No,No
ham,स्मरणपत्र: सोसायटीची देखभाल फी 17-10-2026 पर्यंत भरा अन्यथा विलंब शुल्क लागेल.,No,No,No
ham,सोसायटीची वार्षिक सभा 28-05-2025 रोजी संध्याकाळी 6 वाजता क्लबहाऊसमध्ये आहे.,No,No,No
ham,सोसायटीची वार्षिक सभा 01-11-2026 रोजी संध्याकाळी 6 वाजता क्लबहाऊसमध्ये आहे.,No,No,No
ham,स्मरणपत्र: सोसायटीची देखभाल फी 22-04-2025 पर्यंत भरा अन्यथा विलंब शुल्क लागेल.,No,No,No
ham,स्मरणपत्र: सोसायटीची देखभाल फी 18-04-2025 पर्यंत भरा अन्यथा विलंब शुल्क लागेल.,No,No,No
ham,उद्यान 12-04-2026 ते 05-12-2026 पर्यंत नूतनीकरणासाठी बंद राहील.,No,No,No
ham,सोसायटीची वार्षिक सभा 20-05-2026 रोजी संध्याकाळी 6 वाजता क्लबहाऊसमध्ये आहे.,No,No,No
ham,उद्यान 20-02-2025 ते 05-05-2026 पर्यंत नूतनीकरणासाठी बंद राहील.,No,No,No
ham,स्मरणपत्र: सोसायटीची देखभाल फी 02-11-2026 पर्यंत भरा अन्यथा विलंब शुल्क लागेल.,No,No,No
ham,"स्मरणपत्र: लायब्ररीची पुस्तके 25-03-2025 पर्यंत परत करायची आहेत, त्यानंतर विलंब शुल्क लागेल.",No,No,No
ham,स्मरणपत्र: सोसायटीची देखभाल फी 16-11-2026 पर्यंत भरा अन्यथा विलंब शुल्क लागेल.,No,No,No
ham,स्मरणपत्र: सोसायटीची देखभाल फी 08-01-2026 पर्यंत भरा अन्यथा विलंब शुल्क लागेल.,No,No,No
ham,उद्यान 09-05-2025 ते 16-08-2025 पर्यंत नूतनीकरणासाठी बंद राहील.,No,No,No
ham,"स्मरणपत्र: लायब्ररीची पुस्तके 07-02-2026 पर्यंत परत करायची आहेत, त्यानंतर विलंब शुल्क लागेल.",No,No,No
ham,स्मरणपत्र: सोसायटीची देखभाल फी 16-09-2026 पर्यंत भरा अन्यथा विलंब शुल्क लागेल.,No,No,No
ham,"स्मरणपत्र: लायब्ररीची पुस्तके 13-01-2026 पर्यंत परत करायची आहेत, त्यानंतर विलंब शुल्क लागेल.",No,No,No
ham,उद्यान 21-12-2026 ते 26-12-2025 पर्यंत नूतनीकरणासाठी बंद राहील.,No,No,No
ham,स्मरणपत्र: सोसायटीची देखभाल फी 08-05-2025 पर्यंत भरा अन्यथा विलंब शुल्क लागेल.,No,No,No
ham,सोसायटीची वार्षिक सभा 20-03-2026 रोजी संध्याकाळी 6 वाजता क्लबहाऊसमध्ये आहे.,No,No,No
ham,स्मरणपत्र: सोसायटीची देखभाल फी 02-09-2025 पर्यंत भरा अन्यथा विलंब शुल्क लागेल.,No,No,No
ham,स्मरणपत्र: सोसायटीची देखभाल फी 12-03-2025 पर्यंत भरा अन्यथा विलंब शुल्क लागेल.,No,No,No
ham,स्मरणपत्र: सोसायटीची देखभाल फी 07-01-2025 पर्यंत भरा अन्यथा विलंब शुल्क लागेल.,No,No,No
ham,"स्मरणपत्र: लायब्ररीची पुस्तके 21-05-2025 पर्यंत परत करायची आहेत, त्यानंतर विलंब शुल्क लागेल.",No,No,No
ham,"स्मरणपत्र: लायब्ररीची पुस्तके 03-05-2026 पर्यंत परत करायची आहेत, त्यानंतर विलंब शुल्क लागेल.",No,No,No
ham,उद्यान 10-07-2025 ते 01-07-2025 पर्यंत नूतनीकरणासाठी बंद राहील.,No,No,No
ham,उद्यान 27-12-2026 ते 19-11-2025 पर्यंत नूतनीकरणासाठी बंद राहील.,No,No,No
ham,सोसायटीची वार्षिक सभा 22-10-2026 रोजी संध्याकाळी 6 वाजता क्लबहाऊसमध्ये आहे.,No,No,No
ham,"स्मरणपत्र: लायब्ररीची पुस्तके 26-06-2026 पर्यंत परत करायची आहेत, त्यानंतर विलंब शुल्क लागेल.",No,No,No
ham,स्मरणपत्र: सोसायटीची देखभाल फी 06-12-2025 पर्यंत भरा अन्यथा विलंब शुल्क लागेल.,No,No,No
ham,उद्यान 18-04-2026 ते 05-01-2026 पर्यंत नूतनीकरणासाठी बंद राहील.,No,No,No
ham,उद्यान 24-08-2026 ते 05-07-2026 पर्यंत नूतनीकरणासाठी बंद राहील.,No,No,No
ham,"स्मरणपत्र: लायब्ररीची पुस्तके 06-04-2026 पर्यंत परत करायची आहेत, त्यानंतर विलंब शुल्क लागेल.",No,No,No
ham,उद्यान 11-05-2025 ते 04-03-2025 पर्यंत नूतनीकरणासाठी बंद राहील.,No,No,No
ham,उद्यान 06-06-2026 ते 19-11-2026 पर्यंत नूतनीकरणासाठी बंद राहील.,No,No,No
ham,उद्यान 19-03-2026 ते 27-05-2025 पर्यंत नूतनीकरणासाठी बंद राहील.,No,No,No
ham,उद्यान 03-02-2025 ते 09-09-2026 पर्यंत नूतनीकरणासाठी बंद राहील.,No,No,No
ham,उद्यान 07-09-2025 ते 27-05-2026 पर्यंत नूतनीकरणासाठी बंद राहील.,No,No,No
ham,स्मरणपत्र: सोसायटीची देखभाल फी 09-09-2026 पर्यंत भरा अन्यथा विलंब शुल्क लागेल.,No,No,No
ham,उद्यान 05-04-2026 ते 23-05-2026 पर्यंत नूतनीकरणासाठी बंद राहील.,No,No,No
ham,उद्यान 14-01-2026 ते 28-11-2026 पर्यंत नूतनीकरणासाठी बंद राहील.,No,No,No
ham,"स्मरणपत्र: लायब्ररीची पुस्तके 18-10-2025 पर्यंत परत करायची आहेत, त्यानंतर विलंब शुल्क लागेल.",No,No,No
ham,उद्यान 01-10-2026 ते 15-07-2026 पर्यंत नूतनीकरणासाठी बंद राहील.,No,No,No
ham,"स्मरणपत्र: लायब्ररीची पुस्तके 04-12-2026 पर्यंत परत करायची आहेत, त्यानंतर विलंब शुल्क लागेल.",No,No,No
ham,सोसायटीची वार्षिक सभा 28-12-2026 रोजी संध्याकाळी 6 वाजता क्लबहाऊसमध्ये आहे.,No,No,No
ham,"स्मरणपत्र: लायब्ररीची पुस्तके 14-12-2026 पर्यंत परत करायची आहेत, त्यानंतर विलंब शुल्क लागेल.",No,No,No
ham,सोसायटीची वार्षिक सभा 24-07-2025 रोजी संध्याकाळी 6 वाजता क्लबहाऊसमध्ये आहे.,No,No,No
ham,उद्यान 25-04-2026 ते 10-04-2025 पर्यंत नूतनीकरणासाठी बंद राहील.,No,No,No
ham,उद्यान 26-09-2025 ते 07-10-2026 पर्यंत नूतनीकरणासाठी बंद राहील.,No,No,No
ham,स्मरणपत्र: सोसायटीची देखभाल फी 01-05-2025 पर्यंत भरा अन्यथा विलंब शुल्क लागेल.,No,No,No
ham,उद्यान 23-09-2026 ते 21-11-2025 पर्यंत नूतनीकरणासाठी बंद राहील.,No,No,No
ham,उद्यान 22-01-2026 ते 10-08-2025 पर्यंत नूतनीकरणासाठी बंद राहील.,No,No,No
ham,उद्यान 15-08-2026 ते 25-06-2026 पर्यंत नूतनीकरणासाठी बंद राहील.,No,No,No
ham,उद्यान 25-12-2026 ते 10-04-2026 पर्यंत नूतनीकरणासाठी बंद राहील.,No,No,No
ham,स्मरणपत्र: सोसायटीची देखभाल फी 23-06-2026 पर्यंत भरा अन्यथा विलंब शुल्क लागेल.,No,No,No
ham,स्मरणपत्र: सोसायटीची देखभाल फी 24-08-2025 पर्यंत भरा अन्यथा विलंब शुल्क लागेल.,No,No,No
ham,स्मरणपत्र: सोसायटीची देखभाल फी 21-06-2026 पर्यंत भरा अन्यथा विलंब शुल्क लागेल.,No,No,No
ham,स्मरणपत्र: सोसायटीची देखभाल फी 25-04-2026 पर्यंत भरा अन्यथा विलंब शुल्क लागेल.,No,No,No
ham,सोसायटीची वार्षिक सभा 04-01-2026 रोजी संध्याकाळी 6 वाजता क्लबहाऊसमध्ये आहे.,No,No,No
ham,उद्यान 27-05-2026 ते 11-04-2026 पर्यंत नूतनीकरणासाठी बंद राहील.,No,No,No
ham,उद्यान 01-05-2026 ते 10-06-2026 पर्यंत नूतनीकरणासाठी बंद राहील.,No,No,No
ham,"स्मरणपत्र: लायब्ररीची पुस्तके 26-07-2025 पर्यंत परत करायची आहेत, त्यानंतर विलंब शुल्क लागेल.",No,No,No
ham,सोसायटीची वार्षिक सभा 11-11-2025 रोजी संध्याकाळी 6 वाजता क्लबहाऊसमध्ये आहे.,No,No,No
ham,उद्यान 12-04-2026 ते 27-06-2026 पर्यंत नूतनीकरणासाठी बंद राहील.,No,No,No
ham,उद्यान 07-09-2026 ते 26-12-2025 पर्यंत नूतनीकरणासाठी बंद राहील.,No,No,No
ham,स्मरणपत्र: सोसायटीची देखभाल फी 21-02-2026 पर्यंत भरा अन्यथा विलंब शुल्क लागेल.,No,No,No
ham,उद्यान 26-04-2026 ते 03-06-2026 पर्यंत नूतनीकरणासाठी बंद राहील.,No,No,No
ham,सोसायटीची वार्षिक सभा 02-03-2025 रोजी संध्याकाळी 6 वाजता क्लबहाऊसमध्ये आहे.,No,No,No
ham,सोसायटीची वार्षिक सभा 18-03-2026 रोजी संध्याकाळी 6 वाजता क्लबहाऊसमध्ये आहे.,No,No,No
ham,सोसायटीची वार्षिक सभा 01-03-2026 रोजी संध्याकाळी 6 वाजता क्लबहाऊसमध्ये आहे.,No,No,No
ham,उद्यान 04-10-2026 ते 05-03-2025 पर्यंत नूतनीकरणासाठी बंद राहील.,No,No,No
ham,उद्यान 06-05-2026 ते 14-07-2025 पर्यंत नूतनीकरणासाठी बंद राहील.,No,No,No
ham,स्मरणपत्र: सोसायटीची देखभाल फी 25-12-2025 पर्यंत भरा अन्यथा विलंब शुल्क लागेल.,No,No,No
ham,सोसायटीची वार्षिक सभा 15-08-2026 रोजी संध्याकाळी 6 वाजता क्लबहाऊसमध्ये आहे.,No,No,No
ham,स्मरणपत्र: सोसायटीची देखभाल फी 22-07-2025 पर्यंत भरा अन्यथा विलंब शुल्क लागेल.,No,No,No
ham,"स्मरणपत्र: लायब्ररीची पुस्तके 16-12-2025 पर्यंत परत करायची आहेत, त्यानंतर विलंब शुल्क लागेल.",No,No,No
ham,"स्मरणपत्र: लायब्ररीची पुस्तके 09-01-2026 पर्यंत परत करायची आहेत, त्यानंतर विलंब शुल्क लागेल.",No,No,No
ham,स्मरणपत्र: सोसायटीची देखभाल फी 05-05-2026 पर्यंत भरा अन्यथा विलंब शुल्क लागेल.,No,No,No
ham,स्मरणपत्र: सोसायटीची देखभाल फी 23-05-2026 पर्यंत भरा अन्यथा विलंब शुल्क लागेल.,No,No,No
ham,उद्यान 23-11-2026 ते 01-07-2025 पर्यंत नूतनीकरणासाठी बंद राहील.,No,No,No
ham,"स्मरणपत्र: लायब्ररीची पुस्तके 17-03-2026 पर्यंत परत करायची आहेत, त्यानंतर विलंब शुल्क लागेल.",No,No,No
ham,"स्मरणपत्र: लायब्ररीची पुस्तके 04-11-2025 पर्यंत परत करायची आहेत, त्यानंतर विलंब शुल्क लागेल.",No,No,No
ham,सोसायटीची वार्षिक सभा 22-08-2026 रोजी संध्याकाळी 6 वाजता क्लबहाऊसमध्ये आहे.,No,No,No
ham,स्मरणपत्र: सोसायटीची देखभाल फी 28-04-2025 पर्यंत भरा अन्यथा विलंब शुल्क लागेल.,No,No,No
ham,उद्यान 24-08-2025 ते 24-04-2026 पर्यंत नूतनीकरणासाठी बंद राहील.,No,No,No
ham,स्मरणपत्र: सोसायटीची देखभाल फी 02-06-2026 पर्यंत भरा अन्यथा विलंब शुल्क लागेल.,No,No,No
ham,उद्यान 24-04-2026 ते 12-11-2026 पर्यंत नूतनीकरणासाठी बंद राहील.,No,No,No
ham,सोसायटीची वार्षिक सभा 04-06-2026 रोजी संध्याकाळी 6 वाजता क्लबहाऊसमध्ये आहे.,No,No,No
ham,सोसायटीची वार्षिक सभा 21-01-2026 रोजी संध्याकाळी 6 वाजता क्लबहाऊसमध्ये आहे.,No,No,No
ham,स्मरणपत्र: सोसायटीची देखभाल फी 16-08-2026 पर्यंत भरा अन्यथा विलंब शुल्क लागेल.,No,No,No
ham,उद्यान 18-06-2025 ते 15-11-2025 पर्यंत नूतनीकरणासाठी बंद राहील.,No,No,No
ham,उद्यान 08-07-2026 ते 26-12-2025 पर्यंत नूतनीकरणासाठी बंद राहील.,No,No,No
ham,"स्मरणपत्र: लायब्ररीची पुस्तके 17-08-2026 पर्यंत परत करायची आहेत, त्यानंतर विलंब शुल्क लागेल.",No,No,No
ham,सोसायटीची वार्षिक सभा 18-02-2025 रोजी संध्याकाळी 6 वाजता क्लबहाऊसमध्ये आहे.,No,No,No
ham,सोसायटीची वार्षिक सभा 21-08-2026 रोजी संध्याकाळी 6 वाजता क्लबहाऊसमध्ये आहे.,No,No,No
ham,उद्यान 06-06-2026 ते 03-11-2026 पर्यंत नूतनीकरणासाठी बंद राहील.,No,No,No
ham,"स्मरणपत्र: लायब्ररीची पुस्तके 17-09-2026 पर्यंत परत करायची आहेत, त्यानंतर विलंब शुल्क लागेल.",No,No,No
ham,उद्यान 24-04-2025 ते 16-04-2026 पर्यंत नूतनीकरणासाठी बंद राहील.,No,No,No
ham,उद्यान 04-02-2026 ते 09-04-2026 पर्यंत नूतनीकरणासाठी बंद राहील.,No,No,No
ham,"स्मरणपत्र: लायब्ररीची पुस्तके 03-02-2025 पर्यंत परत करायची आहेत, त्यानंतर विलंब शुल्क लागेल.",No,No,No
ham,उद्यान 02-05-2026 ते 21-05-2026 पर्यंत नूतनीकरणासाठी बंद राहील.,No,No,No
ham,"स्मरणपत्र: लायब्ररीची पुस्तके 15-11-2025 पर्यंत परत करायची आहेत, त्यानंतर विलंब शुल्क लागेल.",No,No,No
ham,उद्यान 16-02-2025 ते 12-06-2025 पर्यंत नूतनीकरणासाठी बंद राहील.,No,No,No
ham,स्मरणपत्र: सोसायटीची देखभाल फी 09-03-2026 पर्यंत भरा अन्यथा विलंब शुल्क लागेल.,No,No,No
ham,"स्मरणपत्र: लायब्ररीची पुस्तके 19-04-2025 पर्यंत परत करायची आहेत, त्यानंतर विलंब शुल्क लागेल.",No,No,No
ham,स्मरणपत्र: सोसायटीची देखभाल फी 14-10-2026 पर्यंत भरा अन्यथा विलंब शुल्क लागेल.,No,No,No
ham,सोसायटीची वार्षिक सभा 22-07-2026 रोजी संध्याकाळी 6 वाजता क्लबहाऊसमध्ये आहे.,No,No,No
ham,उद्यान 21-11-2026 ते 04-12-2025 पर्यंत नूतनीकरणासाठी बंद राहील.,No,No,No
ham,उद्यान 23-07-2025 ते 06-02-2026 पर्यंत नूतनीकरणासाठी बंद राहील.,No,No,No
ham,स्मरणपत्र: सोसायटीची देखभाल फी 10-10-2025 पर्यंत भरा अन्यथा विलंब शुल्क लागेल.,No,No,No
ham,उद्यान 10-08-2026 ते 28-02-2026 पर्यंत नूतनीकरणासाठी बंद राहील.,No,No,No
ham,सोसायटीची वार्षिक सभा 16-03-2025 रोजी संध्याकाळी 6 वाजता क्लबहाऊसमध्ये आहे.,No,No,No
ham,स्मरणपत्र: सोसायटीची देखभाल फी 08-06-2025 पर्यंत भरा अन्यथा विलंब शुल्क लागेल.,No,No,No
ham,स्मरणपत्र: सोसायटीची देखभाल फी 21-05-2026 पर्यंत भरा अन्यथा विलंब शुल्क लागेल.,No,No,No
ham,स्मरणपत्र: सोसायटीची देखभाल फी 03-09-2025 पर्यंत भरा अन्यथा विलंब शुल्क लागेल.,No,No,No
ham,उद्यान 21-03-2025 ते 25-08-2026 पर्यंत नूतनीकरणासाठी बंद राहील.,No,No,No
ham,स्मरणपत्र: सोसायटीची देखभाल फी 09-01-2026 पर्यंत भरा अन्यथा विलंब शुल्क लागेल.,No,No,No
ham,उद्यान 03-02-2025 ते 22-06-2025 पर्यंत नूतनीकरणासाठी बंद राहील.,No,No,No
ham,सोसायटीची वार्षिक सभा 27-09-2025 रोजी संध्याकाळी 6 वाजता क्लबहाऊसमध्ये आहे.,No,No,No
ham,सोसायटीची वार्षिक सभा 13-06-2025 रोजी संध्याकाळी 6 वाजता क्लबहाऊसमध्ये आहे.,No,No,No
ham,"स्मरणपत्र: लायब्ररीची पुस्तके 13-04-2026 पर्यंत परत करायची आहेत, त्यानंतर विलंब शुल्क लागेल.",No,No,No
ham,उद्यान 13-03-2026 ते 07-11-2025 पर्यंत नूतनीकरणासाठी बंद राहील.,No,No,No
ham,"स्मरणपत्र: लायब्ररीची पुस्तके 05-01-2025 पर्यंत परत करायची आहेत, त्यानंतर विलंब शुल्क लागेल.",No,No,No
ham,उद्यान 20-05-2026 ते 08-03-2025 पर्यंत नूतनीकरणासाठी बंद राहील.,No,No,No
ham,उद्यान 23-01-2025 ते 21-11-2026 पर्यंत नूतनीकरणासाठी बंद राहील.,No,No,No
ham,उद्यान 23-09-2025 ते 27-09-2026 पर्यंत नूतनीकरणासाठी बंद राहील.,No,No,No
ham,उद्यान 28-11-2026 ते 24-03-2025 पर्यंत नूतनीकरणासाठी बंद राहील.,No,No,No
ham,उद्यान 07-02-2025 ते 02-03-2025 पर्यंत नूतनीकरणासाठी बंद राहील.,No,No,No
ham,उद्यान 22-10-2026 ते 08-08-2025 पर्यंत नूतनीकरणासाठी बंद राहील.,No,No,No
ham,उद्यान 22-05-2025 ते 18-08-2026 पर्यंत नूतनीकरणासाठी बंद राहील.,No,No,No
ham,उद्यान 11-02-2026 ते 13-05-2026 पर्यंत नूतनीकरणासाठी बंद राहील.,No,No,No
ham,स्मरणपत्र: सोसायटीची देखभाल फी 09-08-2025 पर्यंत भरा अन्यथा विलंब शुल्क लागेल.,No,No,No
ham,स्मरणपत्र: सोसायटीची देखभाल फी 23-12-2026 पर्यंत भरा अन्यथा विलंब शुल्क लागेल.,No,No,No
ham,सोसायटीची वार्षिक सभा 05-09-2026 रोजी संध्याकाळी 6 वाजता क्लबहाऊसमध्ये आहे.,No,No,No
ham,उद्यान 25-07-2026 ते 25-07-2026 पर्यंत नूतनीकरणासाठी बंद राहील.,No,No,No
ham,उद्यान 10-06-2026 ते 15-07-2025 पर्यंत नूतनीकरणासाठी बंद राहील.,No,No,No
ham,"स्मरणपत्र: लायब्ररीची पुस्तके 24-06-2025 पर्यंत परत करायची आहेत, त्यानंतर विलंब शुल्क लागेल.",No,No,No
ham,"स्मरणपत्र: लायब्ररीची पुस्तके 08-02-2025 पर्यंत परत करायची आहेत, त्यानंतर विलंब शुल्क लागेल.",No,No,No
ham,सोसायटीची वार्षिक सभा 26-01-2026 रोजी संध्याकाळी 6 वाजता क्लबहाऊसमध्ये आहे.,No,No,No
ham,उद्यान 16-07-2025 ते 08-06-2025 पर्यंत नूतनीकरणासाठी बंद राहील.,No,No,No
ham,उद्यान 07-05-2026 ते 22-09-2026 पर्यंत नूतनीकरणासाठी बंद राहील.,No,No,No
ham,उद्यान 28-01-2025 ते 22-04-2025 पर्यंत नूतनीकरणासाठी बंद राहील.,No,No,No
ham,उद्यान 17-07-2026 ते 16-04-2026 पर्यंत नूतनीकरणासाठी बंद राहील.,No,No,No
ham,सोसायटीची वार्षिक सभा 11-01-2026 रोजी संध्याकाळी 6 वाजता क्लबहाऊसमध्ये आहे.,No,No,No
ham,स्मरणपत्र: सोसायटीची देखभाल फी 16-10-2025 पर्यंत भरा अन्यथा विलंब शुल्क लागेल.,No,No,No
ham,"स्मरणपत्र: लायब्ररीची पुस्तके 25-07-2026 पर्यंत परत करायची आहेत, त्यानंतर विलंब शुल्क लागेल.",No,No,No
ham,स्मरणपत्र: सोसायटीची देखभाल फी 16-04-2026 पर्यंत भरा अन्यथा विलंब शुल्क लागेल.,No,No,No
ham,उद्यान 17-10-2026 ते 16-06-2025 पर्यंत नूतनीकरणासाठी बंद राहील.,No,No,No
ham,"स्मरणपत्र: लायब्ररीची पुस्तके 10-01-2026 पर्यंत परत करायची आहेत, त्यानंतर विलंब शुल्क लागेल.",No,No,No
ham,स्मरणपत्र: सोसायटीची देखभाल फी 05-07-2025 पर्यंत भरा अन्यथा विलंब शुल्क लागेल.,No,No,No
ham,"स्मरणपत्र: लायब्ररीची पुस्तके 23-04-2025 पर्यंत परत करायची आहेत, त्यानंतर विलंब शुल्क लागेल.",No,No,No
ham,स्मरणपत्र: सोसायटीची देखभाल फी 13-04-2026 पर्यंत भरा अन्यथा विलंब शुल्क लागेल.,No,No,No
ham,उद्यान 18-07-2025 ते 05-07-2025 पर्यंत नूतनीकरणासाठी बंद राहील.,No,No,No
ham,सोसायटीची वार्षिक सभा 16-07-2025 रोजी संध्याकाळी 6 वाजता क्लबहाऊसमध्ये आहे.,No,No,No
ham,"स्मरणपत्र: लायब्ररीची पुस्तके 14-03-2026 पर्यंत परत करायची आहेत, त्यानंतर विलंब शुल्क लागेल.",No,No,No
ham,उद्यान 26-10-2025 ते 19-04-2026 पर्यंत नूतनीकरणासाठी बंद राहील.,No,No,No
ham,"स्मरणपत्र: लायब्ररीची पुस्तके 09-09-2025 पर्यंत परत करायची आहेत, त्यानंतर विलंब शुल्क लागेल.",No,No,No
ham,"स्मरणपत्र: लायब्ररीची पुस्तके 09-12-2025 पर्यंत परत करायची आहेत, त्यानंतर विलंब शुल्क लागेल.",No,No,No
ham,उद्यान 02-08-2026 ते 05-10-2026 पर्यंत नूतनीकरणासाठी बंद राहील.,No,No,No
ham,उद्यान 04-06-2025 ते 21-06-2026 पर्यंत नूतनीकरणासाठी बंद राहील.,No,No,No
ham,उद्यान 14-02-2026 ते 28-10-2026 पर्यंत नूतनीकरणासाठी बंद राहील.,No,No,No
ham,उद्यान 22-05-2026 ते 15-12-2025 पर्यंत नूतनीकरणासाठी बंद राहील.,No,No,No
ham,उद्यान 15-08-2025 ते 16-11-2026 पर्यंत नूतनीकरणासाठी बंद राहील.,No,No,No
ham,उद्यान 28-10-2026 ते 18-06-2025 पर्यंत नूतनीकरणासाठी बंद राहील.,No,No,No
ham,स्मरणपत्र: सोसायटीची देखभाल फी 06-06-2025 पर्यंत भरा अन्यथा विलंब शुल्क लागेल.,No,No,No
ham,सोसायटीची वार्षिक सभा 22-06-2025 रोजी संध्याकाळी 6 वाजता क्लबहाऊसमध्ये आहे.,No,No,No
ham,स्मरणपत्र: सोसायटीची देखभाल फी 15-01-2026 पर्यंत भरा अन्यथा विलंब शुल्क लागेल.,No,No,No
ham,उद्यान 09-01-2026 ते 16-07-2025 पर्यंत नूतनीकरणासाठी बंद राहील.,No,No,No
ham,उद्यान 22-11-2025 ते 13-11-2026 पर्यंत नूतनीकरणासाठी बंद राहील.,No,No,No
ham,उद्यान 06-11-2026 ते 21-05-2026 पर्यंत नूतनीकरणासाठी बंद राहील.,No,No,No
ham,"स्मरणपत्र: लायब्ररीची पुस्तके 07-04-2026 पर्यंत परत करायची आहेत, त्यानंतर विलंब शुल्क लागेल.",No,No,No
ham,उद्यान 15-09-2025 ते 07-10-2025 पर्यंत नूतनीकरणासाठी बंद राहील.,No,No,No
ham,उद्यान 03-05-2025 ते 28-09-2025 पर्यंत नूतनीकरणासाठी बंद राहील.,No,No,No
ham,सोसायटीची वार्षिक सभा 23-06-2026 रोजी संध्याकाळी 6 वाजता क्लबहाऊसमध्ये आहे.,No,No,No
ham,स्मरणपत्र: सोसायटीची देखभाल फी 12-01-2026 पर्यंत भरा अन्यथा विलंब शुल्क लागेल.,No,No,No
ham,उद्यान 14-10-2026 ते 04-04-2026 पर्यंत नूतनीकरणासाठी बंद राहील.,No,No,No
ham,सोसायटीची वार्षिक सभा 13-07-2025 रोजी संध्याकाळी 6 वाजता क्लबहाऊसमध्ये आहे.,No,No,No
ham,उद्यान 18-10-2025 ते 04-12-2026 पर्यंत नूतनीकरणासाठी बंद राहील.,No,No,No
ham,स्मरणपत्र: सोसायटीची देखभाल फी 28-11-2025 पर्यंत भरा अन्यथा विलंब शुल्क लागेल.,No,No,No
ham,"स्मरणपत्र: लायब्ररीची पुस्तके 07-10-2026 पर्यंत परत करायची आहेत, त्यानंतर विलंब शुल्क लागेल.",No,No,No
ham,उद्यान 25-05-2025 ते 09-04-2025 पर्यंत नूतनीकरणासाठी बंद राहील.,No,No,No
ham,सोसायटीची वार्षिक सभा 06-09-2025 रोजी संध्याकाळी 6 वाजता क्लबहाऊसमध्ये आहे.,No,No,No
ham,उद्यान 04-04-2026 ते 18-03-2026 पर्यंत नूतनीकरणासाठी बंद राहील.,No,No,No
ham,"स्मरणपत्र: लायब्ररीची पुस्तके 25-08-2026 पर्यंत परत करायची आहेत, त्यानंतर विलंब शुल्क लागेल.",No,No,No
ham,स्मरणपत्र: सोसायटीची देखभाल फी 19-01-2025 पर्यंत भरा अन्यथा विलंब शुल्क लागेल.,No,No,No
ham,उद्यान 28-07-2026 ते 20-10-2026 पर्यंत नूतनीकरणासाठी बंद राहील.,No,No,No
ham,उद्यान 24-01-2025 ते 10-08-2026 पर्यंत नूतनीकरणासाठी बंद राहील.,No,No,No
ham,उद्यान 13-08-2025 ते 21-04-2025 पर्यंत नूतनीकरणासाठी बंद राहील.,No,No,No
ham,उद्यान 28-05-2026 ते 06-05-2025 पर्यंत नूतनीकरणासाठी बंद राहील.,No,No,No
ham,उद्यान 11-11-2026 ते 20-03-2026 पर्यंत नूतनीकरणासाठी बंद राहील.,No,No,No
ham,"स्मरणपत्र: लायब्ररीची पुस्तके 14-06-2025 पर्यंत परत करायची आहेत, त्यानंतर विलंब शुल्क लागेल.",No,No,No
ham,"स्मरणपत्र: लायब्ररीची पुस्तके 10-06-2025 पर्यंत परत करायची आहेत, त्यानंतर विलंब शुल्क लागेल.",No,No,No
ham,स्मरणपत्र: सोसायटीची देखभाल फी 19-02-2026 पर्यंत भरा अन्यथा विलंब शुल्क लागेल.,No,No,No
ham,"स्मरणपत्र: लायब्ररीची पुस्तके 01-01-2025 पर्यंत परत करायची आहेत, त्यानंतर विलंब शुल्क लागेल.",No,No,No
ham,स्मरणपत्र: सोसायटीची देखभाल फी 09-10-2025 पर्यंत भरा अन्यथा विलंब शुल्क लागेल.,No,No,No
ham,स्मरणपत्र: सोसायटीची देखभाल फी 26-10-2025 पर्यंत भरा अन्यथा विलंब शुल्क लागेल.,No,No,No
ham,उद्यान 14-05-2026 ते 20-05-2025 पर्यंत नूतनीकरणासाठी बंद राहील.,No,No,No
ham,उद्यान 27-02-2025 ते 08-07-2025 पर्यंत नूतनीकरणासाठी बंद राहील.,No,No,No
ham,उद्यान 12-10-2025 ते 04-05-2026 पर्यंत नूतनीकरणासाठी बंद राहील.,No,No,No
ham,सोसायटीची वार्षिक सभा 26-11-2025 रोजी संध्याकाळी 6 वाजता क्लबहाऊसमध्ये आहे.,No,No,No
ham,"स्मरणपत्र: लायब्ररीची पुस्तके 24-01-2026 पर्यंत परत करायची आहेत, त्यानंतर विलंब शुल्क लागेल.",No,No,No
ham,स्मरणपत्र: सोसायटीची देखभाल फी 02-02-2026 पर्यंत भरा अन्यथा विलंब शुल्क लागेल.,No,No,No
ham,सोसायटीची वार्षिक सभा 17-02-2025 रोजी संध्याकाळी 6 वाजता क्लबहाऊसमध्ये आहे.,No,No,No
ham,उद्यान 06-08-2026 ते 18-05-2026 पर्यंत नूतनीकरणासाठी बंद राहील.,No,No,No
ham,उद्यान 18-12-2025 ते 23-08-2025 पर्यंत नूतनीकरणासाठी बंद राहील.,No,No,No
ham,स्मरणपत्र: सोसायटीची देखभाल फी 09-11-2026 पर्यंत भरा अन्यथा विलंब शुल्क लागेल.,No,No,No
ham,सोसायटीची वार्षिक सभा 03-01-2025 रोजी संध्याकाळी 6 वाजता क्लबहाऊसमध्ये आहे.,No,No,No
ham,"स्मरणपत्र: लायब्ररीची पुस्तके 20-03-2026 पर्यंत परत करायची आहेत, त्यानंतर विलंब शुल्क लागेल.",No,No,No
ham,"स्मरणपत्र: लायब्ररीची पुस्तके 24-05-2026 पर्यंत परत करायची आहेत, त्यानंतर विलंब शुल्क लागेल.",No,No,No
ham,स्मरणपत्र: सोसायटीची देखभाल फी 12-02-2026 पर्यंत भरा अन्यथा विलंब शुल्क लागेल.,No,No,No
ham,सोसायटीची वार्षिक सभा 26-02-2026 रोजी संध्याकाळी 6 वाजता क्लबहाऊसमध्ये आहे.,No,No,No
ham,उद्यान 22-02-2026 ते 13-06-2025 पर्यंत नूतनीकरणासाठी बंद राहील.,No,No,No
ham,उद्यान 01-06-2026 ते 16-04-2025 पर्यंत नूतनीकरणासाठी बंद राहील.,No,No,No
ham,उद्यान 26-04-2026 ते 19-07-2026 पर्यंत नूतनीकरणासाठी बंद राहील.,No,No,No
ham,सोसायटीची वार्षिक सभा 19-09-2026 रोजी संध्याकाळी 6 वाजता क्लबहाऊसमध्ये आहे.,No,No,No
ham,स्मरणपत्र: सोसायटीची देखभाल फी 06-05-2026 पर्यंत भरा अन्यथा विलंब शुल्क लागेल.,No,No,No
ham,सोसायटीची वार्षिक सभा 12-02-2026 रोजी संध्याकाळी 6 वाजता क्लबहाऊसमध्ये आहे.,No,No,No
ham,उद्यान 04-08-2025 ते 04-06-2026 पर्यंत नूतनीकरणासाठी बंद राहील.,No,No,No
ham,सोसायटीची वार्षिक सभा 15-06-2026 रोजी संध्याकाळी 6 वाजता क्लबहाऊसमध्ये आहे.,No,No,No
ham,स्मरणपत्र: सोसायटीची देखभाल फी 24-11-2025 पर्यंत भरा अन्यथा विलंब शुल्क लागेल.,No,No,No
ham,उद्यान 15-12-2025 ते 14-11-2026 पर्यंत नूतनीकरणासाठी बंद राहील.,No,No,No
ham,स्मरणपत्र: सोसायटीची देखभाल फी 22-03-2026 पर्यंत भरा अन्यथा विलंब शुल्क लागेल.,No,No,No
ham,"स्मरणपत्र: लायब्ररीची पुस्तके 12-05-2025 पर्यंत परत करायची आहेत, त्यानंतर विलंब शुल्क लागेल.",No,No,No
ham,उद्यान 27-10-2025 ते 28-07-2026 पर्यंत नूतनीकरणासाठी बंद राहील.,No,No,No
ham,उद्यान 09-10-2025 ते 09-01-2026 पर्यंत नूतनीकरणासाठी बंद राहील.,No,No,No
ham,उद्यान 08-12-2025 ते 16-06-2026 पर्यंत नूतनीकरणासाठी बंद राहील.,No,No,No
ham,उद्यान 10-10-2025 ते 08-07-2026 पर्यंत नूतनीकरणासाठी बंद राहील.,No,No,No
ham,उद्यान 11-01-2026 ते 13-01-2025 पर्यंत नूतनीकरणासाठी बंद राहील.,No,No,No
ham,स्मरणपत्र: सोसायटीची देखभाल फी 28-04-2026 पर्यंत भरा अन्यथा विलंब शुल्क लागेल.,No,No,No
ham,उद्यान 05-03-2025 ते 25-06-2025 पर्यंत नूतनीकरणासाठी बंद राहील.,No,No,No
ham,उद्यान 22-04-2025 ते 13-12-2025 पर्यंत नूतनीकरणासाठी बंद राहील.,No,No,No
ham,उद्यान 18-09-2026 ते 10-12-2025 पर्यंत नूतनीकरणासाठी बंद राहील.,No,No,No
ham,स्मरणपत्र: सोसायटीची देखभाल फी 21-04-2026 पर्यंत भरा अन्यथा विलंब शुल्क लागेल.,No,No,No
ham,सोसायटीची वार्षिक सभा 06-02-2026 रोजी संध्याकाळी 6 वाजता क्लबहाऊसमध्ये आहे.,No,No,No
ham,उद्यान 10-08-2025 ते 20-06-2026 पर्यंत नूतनीकरणासाठी बंद राहील.,No,No,No
ham,"स्मरणपत्र: लायब्ररीची पुस्तके 06-03-2025 पर्यंत परत करायची आहेत, त्यानंतर विलंब शुल्क लागेल.",No,No,No
ham,"स्मरणपत्र: लायब्ररीची पुस्तके 09-11-2025 पर्यंत परत करायची आहेत, त्यानंतर विलंब शुल्क लागेल.",No,No,No
ham,उद्यान 02-05-2025 ते 06-09-2025 पर्यंत नूतनीकरणासाठी बंद राहील.,No,No,No
ham,उद्यान 16-10-2025 ते 18-02-2025 पर्यंत नूतनीकरणासाठी बंद राहील.,No,No,No
ham,उद्यान 25-06-2025 ते 20-04-2026 पर्यंत नूतनीकरणासाठी बंद राहील.,No,No,No
ham,उद्यान 07-02-2026 ते 18-12-2025 पर्यंत नूतनीकरणासाठी बंद राहील.,No,No,No
ham,"स्मरणपत्र: लायब्ररीची पुस्तके 08-02-2026 पर्यंत परत करायची आहेत, त्यानंतर विलंब शुल्क लागेल.",No,No,No
ham,"स्मरणपत्र: लायब्ररीची पुस्तके 10-12-2026 पर्यंत परत करायची आहेत, त्यानंतर विलंब शुल्क लागेल.",No,No,No
ham,सोसायटीची वार्षिक सभा 02-04-2026 रोजी संध्याकाळी 6 वाजता क्लबहाऊसमध्ये आहे.,No,No,No
ham,"स्मरणपत्र: लायब्ररीची पुस्तके 05-05-2026 पर्यंत परत करायची आहेत, त्यानंतर विलंब शुल्क लागेल.",No,No,No
ham,उद्यान 24-05-2025 ते 26-05-2026 पर्यंत नूतनीकरणासाठी बंद राहील.,No,No,No
ham,उद्यान 26-08-2025 ते 20-04-2025 पर्यंत नूतनीकरणासाठी बंद राहील.,No,No,No
ham,"स्मरणपत्र: लायब्ररीची पुस्तके 01-05-2026 पर्यंत परत करायची आहेत, त्यानंतर विलंब शुल्क लागेल.",No,No,No
ham,उद्यान 17-01-2025 ते 20-09-2025 पर्यंत नूतनीकरणासाठी बंद राहील.,No,No,No
ham,उद्यान 15-08-2025 ते 16-05-2025 पर्यंत नूतनीकरणासाठी बंद राहील.,No,No,No
ham,स्मरणपत्र: सोसायटीची देखभाल फी 26-12-2025 पर्यंत भरा अन्यथा विलंब शुल्क लागेल.,No,No,No
ham,सोसायटीची वार्षिक सभा 19-11-2026 रोजी संध्याकाळी 6 वाजता क्लबहाऊसमध्ये आहे.,No,No,No
ham,स्मरणपत्र: सोसायटीची देखभाल फी 14-08-2025 पर्यंत भरा अन्यथा विलंब शुल्क लागेल.,No,No,No
ham,स्मरणपत्र: सोसायटीची देखभाल फी 20-11-2026 पर्यंत भरा अन्यथा विलंब शुल्क लागेल.,No,No,No
ham,सोसायटीची वार्षिक सभा 21-01-2025 रोजी संध्याकाळी 6 वाजता क्लबहाऊसमध्ये आहे.,No,No,No
ham,उद्यान 11-12-2026 ते 27-12-2025 पर्यंत नूतनीकरणासाठी बंद राहील.,No,No,No
ham,स्मरणपत्र: सोसायटीची देखभाल फी 10-05-2025 पर्यंत भरा अन्यथा विलंब शुल्क लागेल.,No,No,No
ham,"स्मरणपत्र: लायब्ररीची पुस्तके 13-04-2025 पर्यंत परत करायची आहेत, त्यानंतर विलंब शुल्क लागेल.",No,No,No
ham,उद्यान 25-01-2026 ते 18-04-2026 पर्यंत नूतनीकरणासाठी बंद राहील.,No,No,No
ham,उद्यान 23-01-2026 ते 23-12-2025 पर्यंत नूतनीकरणासाठी बंद राहील.,No,No,No
ham,स्मरणपत्र: सोसायटीची देखभाल फी 25-03-2026 पर्यंत भरा अन्यथा विलंब शुल्क लागेल.,No,No,No
ham,उद्यान 22-11-2025 ते 16-03-2026 पर्यंत नूतनीकरणासाठी बंद राहील.,No,No,No
ham,सोसायटीची वार्षिक सभा 06-12-2025 रोजी संध्याकाळी 6 वाजता क्लबहाऊसमध्ये आहे.,No,No,No
ham,उद्यान 10-07-2026 ते 14-12-2025 पर्यंत नूतनीकरणासाठी बंद राहील.,No,No,No
ham,उद्यान 14-12-2026 ते 03-05-2026 पर्यंत नूतनीकरणासाठी बंद राहील.,No,No,No
ham,स्मरणपत्र: सोसायटीची देखभाल फी 27-12-2026 पर्यंत भरा अन्यथा विलंब शुल्क लागेल.,No,No,No
ham,स्मरणपत्र: सोसायटीची देखभाल फी 01-01-2026 पर्यंत भरा अन्यथा विलंब शुल्क लागेल.,No,No,No
ham,उद्यान 25-05-2026 ते 03-01-2026 पर्यंत नूतनीकरणासाठी बंद राहील.,No,No,No
ham,स्मरणपत्र: सोसायटीची देखभाल फी 10-02-2026 पर्यंत भरा अन्यथा विलंब शुल्क लागेल.,No,No,No
ham,"स्मरणपत्र: लायब्ररीची पुस्तके 19-08-2026 पर्यंत परत करायची आहेत, त्यानंतर विलंब शुल्क लागेल.",No,No,No
ham,स्मरणपत्र: सोसायटीची देखभाल फी 27-11-2026 पर्यंत भरा अन्यथा विलंब शुल्क लागेल.,No,No,No
ham,स्मरणपत्र: सोसायटीची देखभाल फी 27-07-2026 पर्यंत भरा अन्यथा विलंब शुल्क लागेल.,No,No,No
ham,स्मरणपत्र: सोसायटीची देखभाल फी 22-10-2026 पर्यंत भरा अन्यथा विलंब शुल्क लागेल.,No,No,No
ham,उद्यान 16-10-2025 ते 06-05-2025 पर्यंत नूतनीकरणासाठी बंद राहील.,No,No,No
ham,सोसायटीची वार्षिक सभा 17-05-2026 रोजी संध्याकाळी 6 वाजता क्लबहाऊसमध्ये आहे.,No,No,No
ham,उद्यान 15-03-2025 ते 27-10-2025 पर्यंत नूतनीकरणासाठी बंद राहील.,No,No,No
ham,उद्यान 04-05-2026 ते 20-01-2025 पर्यंत नूतनीकरणासाठी बंद राहील.,No,No,No
ham,उद्यान 27-01-2025 ते 03-04-2025 पर्यंत नूतनीकरणासाठी बंद राहील.,No,No,No
ham,"स्मरणपत्र: लायब्ररीची पुस्तके 05-07-2025 पर्यंत परत करायची आहेत, त्यानंतर विलंब शुल्क लागेल.",No,No,No
ham,सोसायटीची वार्षिक सभा 12-04-2025 रोजी संध्याकाळी 6 वाजता क्लबहाऊसमध्ये आहे.,No,No,No
ham,उद्यान 06-07-2025 ते 18-06-2026 पर्यंत नूतनीकरणासाठी बंद राहील.,No,No,No
ham,उद्यान 20-11-2026 ते 13-07-2025 पर्यंत नूतनीकरणासाठी बंद राहील.,No,No,No
ham,उद्यान 25-09-2026 ते 12-04-2025 पर्यंत नूतनीकरणासाठी बंद राहील.,No,No,No
ham,"स्मरणपत्र: लायब्ररीची पुस्तके 21-07-2026 पर्यंत परत करायची आहेत, त्यानंतर विलंब शुल्क लागेल.",No,No,No
ham,सोसायटीची वार्षिक सभा 23-09-2025 रोजी संध्याकाळी 6 वाजता क्लबहाऊसमध्ये आहे.,No,No,No
ham,सोसायटीची वार्षिक सभा 12-09-2026 रोजी संध्याकाळी 6 वाजता क्लबहाऊसमध्ये आहे.,No,No,No
ham,स्मरणपत्र: सोसायटीची देखभाल फी 25-10-2025 पर्यंत भरा अन्यथा विलंब शुल्क लागेल.,No,No,No
ham,उद्यान 19-03-2026 ते 25-07-2026 पर्यंत नूतनीकरणासाठी बंद राहील.,No,No,No
ham,उद्यान 02-06-2026 ते 14-10-2026 पर्यंत नूतनीकरणासाठी बंद राहील.,No,No,No
ham,"स्मरणपत्र: लायब्ररीची पुस्तके 25-08-2025 पर्यंत परत करायची आहेत, त्यानंतर विलंब शुल्क लागेल.",No,No,No
ham,स्मरणपत्र: सोसायटीची देखभाल फी 19-12-2025 पर्यंत भरा अन्यथा विलंब शुल्क लागेल.,No,No,No
ham,स्मरणपत्र: सोसायटीची देखभाल फी 20-04-2025 पर्यंत भरा अन्यथा विलंब शुल्क लागेल.,No,No,No
ham,"स्मरणपत्र: लायब्ररीची पुस्तके 26-05-2026 पर्यंत परत करायची आहेत, त्यानंतर विलंब शुल्क लागेल.",No,No,No
ham,"स्मरणपत्र: लायब्ररीची पुस्तके 24-04-2026 पर्यंत परत करायची आहेत, त्यानंतर विलंब शुल्क लागेल.",No,No,No
ham,स्मरणपत्र: सोसायटीची देखभाल फी 20-12-2025 पर्यंत भरा अन्यथा विलंब शुल्क लागेल.,No,No,No
ham,उद्यान 21-08-2025 ते 16-10-2026 पर्यंत नूतनीकरणासाठी बंद राहील.,No,No,No
ham,उद्यान 20-07-2025 ते 03-12-2026 पर्यंत नूतनीकरणासाठी बंद राहील.,No,No,No
ham,स्मरणपत्र: सोसायटीची देखभाल फी 14-07-2026 पर्यंत भरा अन्यथा विलंब शुल्क लागेल.,No,No,No
ham,उद्यान 06-11-2025 ते 16-11-2025 पर्यंत नूतनीकरणासाठी बंद राहील.,No,No,No
ham,स्मरणपत्र: सोसायटीची देखभाल फी 03-11-2025 पर्यंत भरा अन्यथा विलंब शुल्क लागेल.,No,No,No
ham,उद्यान 22-10-2025 ते 15-10-2025 पर्यंत नूतनीकरणासाठी बंद राहील.,No,No,No
ham,उद्यान 04-07-2025 ते 07-11-2025 पर्यंत नूतनीकरणासाठी बंद राहील.,No,No,No
ham,उद्यान 09-10-2025 ते 26-05-2026 पर्यंत नूतनीकरणासाठी बंद राहील.,No,No,No
ham,उद्यान 24-10-2025 ते 05-06-2025 पर्यंत नूतनीकरणासाठी बंद राहील.,No,No,No
ham,स्मरणपत्र: सोसायटीची देखभाल फी 18-07-2026 पर्यंत भरा अन्यथा विलंब शुल्क लागेल.,No,No,No
ham,उद्यान 10-05-2026 ते 08-06-2026 पर्यंत नूतनीकरणासाठी बंद राहील.,No,No,No
ham,उद्यान 28-10-2026 ते 14-05-2025 पर्यंत नूतनीकरणासाठी बंद राहील.,No,No,No
ham,उद्यान 09-05-2025 ते 24-02-2025 पर्यंत नूतनीकरणासाठी बंद राहील.,No,No,No
ham,"स्मरणपत्र: लायब्ररीची पुस्तके 17-10-2025 पर्यंत परत करायची आहेत, त्यानंतर विलंब शुल्क लागेल.",No,No,No
ham,स्मरणपत्र: सोसायटीची देखभाल फी 24-01-2026 पर्यंत भरा अन्यथा विलंब शुल्क लागेल.,No,No,No
ham,स्मरणपत्र: सोसायटीची देखभाल फी 01-06-2025 पर्यंत भरा अन्यथा विलंब शुल्क लागेल.,No,No,No
ham,सोसायटीची वार्षिक सभा 05-05-2026 रोजी संध्याकाळी 6 वाजता क्लबहाऊसमध्ये आहे.,No,No,No
ham,उद्यान 25-06-2025 ते 01-12-2025 पर्यंत नूतनीकरणासाठी बंद राहील.,No,No,No
ham,उद्यान 18-06-2026 ते 09-10-2026 पर्यंत नूतनीकरणासाठी बंद राहील.,No,No,No
ham,सोसायटीची वार्षिक सभा 26-06-2026 रोजी संध्याकाळी 6 वाजता क्लबहाऊसमध्ये आहे.,No,No,No
ham,उद्यान 02-02-2025 ते 03-09-2026 पर्यंत नूतनीकरणासाठी बंद राहील.,No,No,No
ham,सोसायटीची वार्षिक सभा 14-05-2025 रोजी संध्याकाळी 6 वाजता क्लबहाऊसमध्ये आहे.,No,No,No
ham,सोसायटीची वार्षिक सभा 25-03-2025 रोजी संध्याकाळी 6 वाजता क्लबहाऊसमध्ये आहे.,No,No,No
ham,उद्यान 17-11-2025 ते 13-02-2025 पर्यंत नूतनीकरणासाठी बंद राहील.,No,No,No
ham,स्मरणपत्र: सोसायटीची देखभाल फी 25-01-2025 पर्यंत भरा अन्यथा विलंब शुल्क लागेल.,No,No,No
ham,उद्यान 23-04-2026 ते 28-06-2026 पर्यंत नूतनीकरणासाठी बंद राहील.,No,No,No
ham,सोसायटीची वार्षिक सभा 26-11-2026 रोजी संध्याकाळी 6 वाजता क्लबहाऊसमध्ये आहे.,No,No,No
ham,उद्यान 09-01-2026 ते 11-09-2026 पर्यंत नूतनीकरणासाठी बंद राहील.,No,No,No
ham,स्मरणपत्र: सोसायटीची देखभाल फी 27-09-2026 पर्यंत भरा अन्यथा विलंब शुल्क लागेल.,No,No,No
ham,उद्यान 22-01-2026 ते 11-04-2025 पर्यंत नूतनीकरणासाठी बंद राहील.,No,No,No
ham,उद्यान 15-07-2025 ते 15-12-2026 पर्यंत नूतनीकरणासाठी बंद राहील.,No,No,No
ham,उद्यान 21-07-2025 ते 20-11-2026 पर्यंत नूतनीकरणासाठी बंद राहील.,No,No,No
ham,उद्यान 01-06-2026 ते 24-02-2026 पर्यंत नूतनीकरणासाठी बंद राहील.,No,No,No
ham,उद्यान 27-12-2025 ते 10-10-2025 पर्यंत नूतनीकरणासाठी बंद राहील.,No,No,No
ham,उद्यान 08-02-2025 ते 12-08-2026 पर्यंत नूतनीकरणासाठी बंद राहील.,No,No,No
ham,उद्यान 26-05-2025 ते 18-10-2025 पर्यंत नूतनीकरणासाठी बंद राहील.,No,No,No
ham,उद्यान 04-07-2026 ते 11-01-2025 पर्यंत नूतनीकरणासाठी बंद राहील.,No,No,No
ham,उद्यान 19-12-2025 ते 19-08-2026 पर्यंत नूतनीकरणासाठी बंद राहील.,No,No,No
ham,उद्यान 15-10-2025 ते 18-02-2026 पर्यंत नूतनीकरणासाठी बंद राहील.,No,No,No
ham,उद्यान 26-12-2025 ते 06-03-2026 पर्यंत नूतनीकरणासाठी बंद राहील.,No,No,No
ham,उद्यान 27-07-2026 ते 25-11-2026 पर्यंत नूतनीकरणासाठी बंद राहील.,No,No,No
ham,उद्यान 25-07-2026 ते 18-03-2026 पर्यंत नूतनीकरणासाठी बंद राहील.,No,No,No
ham,सोसायटीची वार्षिक सभा 07-07-2025 रोजी संध्याकाळी 6 वाजता क्लबहाऊसमध्ये आहे.,No,No,No
ham,सोसायटीची वार्षिक सभा 11-01-2025 रोजी संध्याकाळी 6 वाजता क्लबहाऊसमध्ये आहे.,No,No,No
ham,सोसायटीची वार्षिक सभा 23-10-2025 रोजी संध्याकाळी 6 वाजता क्लबहाऊसमध्ये आहे.,No,No,No
ham,"स्मरणपत्र: लायब्ररीची पुस्तके 20-08-2026 पर्यंत परत करायची आहेत, त्यानंतर विलंब शुल्क लागेल.",No,No,No
ham,उद्यान 19-07-2026 ते 11-08-2026 पर्यंत नूतनीकरणासाठी बंद राहील.,No,No,No
ham,"स्मरणपत्र: लायब्ररीची पुस्तके 13-12-2026 पर्यंत परत करायची आहेत, त्यानंतर विलंब शुल्क लागेल.",No,No,No
ham,स्मरणपत्र: सोसायटीची देखभाल फी 27-03-2025 पर्यंत भरा अन्यथा विलंब शुल्क लागेल.,No,No,No
ham,उद्यान 01-01-2025 ते 09-07-2026 पर्यंत नूतनीकरणासाठी बंद राहील.,No,No,No
ham,स्मरणपत्र: सोसायटीची देखभाल फी 26-04-2025 पर्यंत भरा अन्यथा विलंब शुल्क लागेल.,No,No,No
ham,उद्यान 19-06-2026 ते 13-03-2026 पर्यंत नूतनीकरणासाठी बंद राहील.,No,No,No
ham,स्मरणपत्र: सोसायटीची देखभाल फी 27-08-2025 पर्यंत भरा अन्यथा विलंब शुल्क लागेल.,No,No,No
ham,"स्मरणपत्र: लायब्ररीची पुस्तके 22-03-2026 पर्यंत परत करायची आहेत, त्यानंतर विलंब शुल्क लागेल.",No,No,No
ham,स्मरणपत्र: सोसायटीची देखभाल फी 11-04-2025 पर्यंत भरा अन्यथा विलंब शुल्क लागेल.,No,No,No
ham,उद्यान 21-05-2025 ते 09-09-2025 पर्यंत नूतनीकरणासाठी बंद राहील.,No,No,No
ham,सोसायटीची वार्षिक सभा 02-03-2026 रोजी संध्याकाळी 6 वाजता क्लबहाऊसमध्ये आहे.,No,No,No
ham,उद्यान 12-06-2026 ते 24-02-2025 पर्यंत नूतनीकरणासाठी बंद राहील.,No,No,No
ham,उद्यान 11-01-2026 ते 17-02-2025 पर्यंत नूतनीकरणासाठी बंद राहील.,No,No,No
ham,सोसायटीची वार्षिक सभा 16-11-2026 रोजी संध्याकाळी 6 वाजता क्लबहाऊसमध्ये आहे.,No,No,No
ham,"स्मरणपत्र: लायब्ररीची पुस्तके 13-02-2025 पर्यंत परत करायची आहेत, त्यानंतर विलंब शुल्क लागेल.",No,No,No
ham,"स्मरणपत्र: लायब्ररीची पुस्तके 26-08-2025 पर्यंत परत करायची आहेत, त्यानंतर विलंब शुल्क लागेल.",No,No,No
ham,सोसायटीची वार्षिक सभा 10-10-2025 रोजी संध्याकाळी 6 वाजता क्लबहाऊसमध्ये आहे.,No,No,No
ham,उद्यान 12-12-2026 ते 16-07-2025 पर्यंत नूतनीकरणासाठी बंद राहील.,No,No,No
ham,उद्यान 15-06-2025 ते 15-04-2026 पर्यंत नूतनीकरणासाठी बंद राहील.,No,No,No
ham,उद्यान 14-12-2026 ते 07-03-2025 पर्यंत नूतनीकरणासाठी बंद राहील.,No,No,No
ham,स्मरणपत्र: सोसायटीची देखभाल फी 28-08-2025 पर्यंत भरा अन्यथा विलंब शुल्क लागेल.,No,No,No
ham,उद्यान 23-03-2025 ते 21-11-2025 पर्यंत नूतनीकरणासाठी बंद राहील.,No,No,No
ham,उद्यान 09-05-2026 ते 18-09-2026 पर्यंत नूतनीकरणासाठी बंद राहील.,No,No,No
ham,उद्यान 18-04-2025 ते 06-06-2026 पर्यंत नूतनीकरणासाठी बंद राहील.,No,No,No
ham,उद्यान 25-11-2025 ते 15-01-2025 पर्यंत नूतनीकरणासाठी बंद राहील.,No,No,No
ham,उद्यान 25-01-2026 ते 26-06-2026 पर्यंत नूतनीकरणासाठी बंद राहील.,No,No,No
ham,सोसायटीची वार्षिक सभा 03-05-2025 रोजी संध्याकाळी 6 वाजता क्लबहाऊसमध्ये आहे.,No,No,No
ham,सोसायटीची वार्षिक सभा 01-01-2026 रोजी संध्याकाळी 6 वाजता क्लबहाऊसमध्ये आहे.,No,No,No
ham,उद्यान 20-10-2026 ते 10-12-2026 पर्यंत नूतनीकरणासाठी बंद राहील.,No,No,No
ham,उद्यान 01-04-2026 ते 15-05-2025 पर्यंत नूतनीकरणासाठी बंद राहील.,No,No,No
ham,उद्यान 21-11-2026 ते 22-10-2026 पर्यंत नूतनीकरणासाठी बंद राहील.,No,No,No
ham,उद्यान 08-08-2026 ते 19-05-2026 पर्यंत नूतनीकरणासाठी बंद राहील.,No,No,No
ham,उद्यान 18-12-2025 ते 17-03-2026 पर्यंत नूतनीकरणासाठी बंद राहील.,No,No,No
ham,उद्यान 08-08-2025 ते 07-01-2026 पर्यंत नूतनीकरणासाठी बंद राहील.,No,No,No
ham,उद्यान 18-11-2025 ते 09-04-2025 पर्यंत नूतनीकरणासाठी बंद राहील.,No,No,No
ham,स्मरणपत्र: सोसायटीची देखभाल फी 11-11-2026 पर्यंत भरा अन्यथा विलंब शुल्क लागेल.,No,No,No
ham,उद्यान 17-08-2025 ते 05-03-2025 पर्यंत नूतनीकरणासाठी बंद राहील.,No,No,No
ham,उद्यान 09-03-2025 ते 14-11-2025 पर्यंत नूतनीकरणासाठी बंद राहील.,No,No,No
ham,"स्मरणपत्र: लायब्ररीची पुस्तके 04-01-2025 पर्यंत परत करायची आहेत, त्यानंतर विलंब शुल्क लागेल.",No,No,No
ham,"स्मरणपत्र: लायब्ररीची पुस्तके 16-02-2026 पर्यंत परत करायची आहेत, त्यानंतर विलंब शुल्क लागेल.",No,No,No
ham,उद्यान 01-01-2026 ते 13-03-2025 पर्यंत नूतनीकरणासाठी बंद राहील.,No,No,No
ham,उद्यान 06-09-2025 ते 12-01-2025 पर्यंत नूतनीकरणासाठी बंद राहील.,No,No,No
ham,उद्यान 17-08-2025 ते 28-07-2025 पर्यंत नूतनीकरणासाठी बंद राहील.,No,No,No
ham,उद्यान 14-04-2025 ते 06-08-2026 पर्यंत नूतनीकरणासाठी बंद राहील.,No,No,No
ham,उद्यान 18-10-2026 ते 02-09-2026 पर्यंत नूतनीकरणासाठी बंद राहील.,No,No,No
ham,उद्यान 18-10-2025 ते 08-09-2026 पर्यंत नूतनीकरणासाठी बंद राहील.,No,No,No
ham,उद्यान 02-11-2026 ते 25-03-2026 पर्यंत नूतनीकरणासाठी बंद राहील.,No,No,No
ham,उद्यान 05-08-2026 ते 02-03-2025 पर्यंत नूतनीकरणासाठी बंद राहील.,No,No,No
ham,सोसायटीची वार्षिक सभा 10-09-2025 रोजी संध्याकाळी 6 वाजता क्लबहाऊसमध्ये आहे.,No,No,No
ham,उद्यान 19-03-2026 ते 14-01-2025 पर्यंत नूतनीकरणासाठी बंद राहील.,No,No,No
ham,उद्यान 23-01-2026 ते 19-10-2026 पर्यंत नूतनीकरणासाठी बंद राहील.,No,No,No
ham,सोसायटीची वार्षिक सभा 11-12-2026 रोजी संध्याकाळी 6 वाजता क्लबहाऊसमध्ये आहे.,No,No,No
ham,"स्मरणपत्र: लायब्ररीची पुस्तके 19-07-2026 पर्यंत परत करायची आहेत, त्यानंतर विलंब शुल्क लागेल.",No,No,No
ham,सोसायटीची वार्षिक सभा 25-12-2025 रोजी संध्याकाळी 6 वाजता क्लबहाऊसमध्ये आहे.,No,No,No
ham,"स्मरणपत्र: लायब्ररीची पुस्तके 18-05-2025 पर्यंत परत करायची आहेत, त्यानंतर विलंब शुल्क लागेल.",No,No,No
ham,स्मरणपत्र: सोसायटीची देखभाल फी 01-07-2025 पर्यंत भरा अन्यथा विलंब शुल्क लागेल.,No,No,No
ham,"स्मरणपत्र: लायब्ररीची पुस्तके 20-04-2025 पर्यंत परत करायची आहेत, त्यानंतर विलंब शुल्क लागेल.",No,No,No
ham,"स्मरणपत्र: लायब्ररीची पुस्तके 05-03-2026 पर्यंत परत करायची आहेत, त्यानंतर विलंब शुल्क लागेल.",No,No,No
ham,उद्यान 23-08-2026 ते 19-12-2025 पर्यंत नूतनीकरणासाठी बंद राहील.,No,No,No
ham,उद्यान 06-08-2026 ते 17-07-2025 पर्यंत नूतनीकरणासाठी बंद राहील.,No,No,No
ham,स्मरणपत्र: सोसायटीची देखभाल फी 01-08-2026 पर्यंत भरा अन्यथा विलंब शुल्क लागेल.,No,No,No
ham,उद्यान 19-11-2026 ते 05-02-2026 पर्यंत नूतनीकरणासाठी बंद राहील.,No,No,No
ham,स्मरणपत्र: सोसायटीची देखभाल फी 22-10-2025 पर्यंत भरा अन्यथा विलंब शुल्क लागेल.,No,No,No
ham,उद्यान 14-09-2025 ते 01-12-2026 पर्यंत नूतनीकरणासाठी बंद राहील.,No,No,No
ham,स्मरणपत्र: सोसायटीची देखभाल फी 11-02-2025 पर्यंत भरा अन्यथा विलंब शुल्क लागेल.,No,No,No
ham,उद्यान 06-09-2026 ते 04-10-2026 पर्यंत नूतनीकरणासाठी बंद राहील.,No,No,No
ham,उद्यान 01-01-2025 ते 16-05-2026 पर्यंत नूतनीकरणासाठी बंद राहील.,No,No,No
ham,"स्मरणपत्र: लायब्ररीची पुस्तके 26-07-2026 पर्यंत परत करायची आहेत, त्यानंतर विलंब शुल्क लागेल.",No,No,No
ham,"स्मरणपत्र: लायब्ररीची पुस्तके 10-04-2025 पर्यंत परत करायची आहेत, त्यानंतर विलंब शुल्क लागेल.",No,No,No
ham,उद्यान 19-01-2025 ते 13-05-2026 पर्यंत नूतनीकरणासाठी बंद राहील.,No,No,No
ham,उद्यान 11-02-2025 ते 26-08-2025 पर्यंत नूतनीकरणासाठी बंद राहील.,No,No,No
ham,उद्यान 21-11-2026 ते 13-09-2026 पर्यंत नूतनीकरणासाठी बंद राहील.,No,No,No
ham,सोसायटीची वार्षिक सभा 15-09-2025 रोजी संध्याकाळी 6 वाजता क्लबहाऊसमध्ये आहे.,No,No,No
ham,उद्यान 06-03-2025 ते 14-04-2026 पर्यंत नूतनीकरणासाठी बंद राहील.,No,No,No
ham,स्मरणपत्र: सोसायटीची देखभाल फी 06-08-2025 पर्यंत भरा अन्यथा विलंब शुल्क लागेल.,No,No,No
ham,"स्मरणपत्र: लायब्ररीची पुस्तके 23-10-2026 पर्यंत परत करायची आहेत, त्यानंतर विलंब शुल्क लागेल.",No,No,No
ham,उद्यान 28-03-2025 ते 03-06-2026 पर्यंत नूतनीकरणासाठी बंद राहील.,No,No,No
ham,उद्यान 23-10-2025 ते 07-10-2025 पर्यंत नूतनीकरणासाठी बंद राहील.,No,No,No
ham,उद्यान 06-01-2026 ते 28-06-2026 पर्यंत नूतनीकरणासाठी बंद राहील.,No,No,No
ham,सोसायटीची वार्षिक सभा 27-04-2025 रोजी संध्याकाळी 6 वाजता क्लबहाऊसमध्ये आहे.,No,No,No
ham,उद्यान 28-09-2026 ते 15-12-2025 पर्यंत नूतनीकरणासाठी बंद राहील.,No,No,No
ham,उद्यान 28-10-2026 ते 05-04-2025 पर्यंत नूतनीकरणासाठी बंद राहील.,No,No,No
ham,स्मरणपत्र: सोसायटीची देखभाल फी 18-05-2026 पर्यंत भरा अन्यथा विलंब शुल्क लागेल.,No,No,No
ham,उद्यान 28-09-2026 ते 22-09-2026 पर्यंत नूतनीकरणासाठी बंद राहील.,No,No,No
ham,उद्यान 26-02-2026 ते 20-06-2026 पर्यंत नूतनीकरणासाठी बंद राहील.,No,No,No
ham,उद्यान 02-09-2025 ते 23-05-2025 पर्यंत नूतनीकरणासाठी बंद राहील.,No,No,No
ham,उद्यान 08-06-2026 ते 27-04-2026 पर्यंत नूतनीकरणासाठी बंद राहील.,No,No,No
ham,सोसायटीची वार्षिक सभा 23-07-2025 रोजी संध्याकाळी 6 वाजता क्लबहाऊसमध्ये आहे.,No,No,No
ham,उद्यान 13-04-2026 ते 03-07-2025 पर्यंत नूतनीकरणासाठी बंद राहील.,No,No,No
ham,उद्यान 19-01-2025 ते 19-05-2026 पर्यंत नूतनीकरणासाठी बंद राहील.,No,No,No
ham,सोसायटीची वार्षिक सभा 20-03-2025 रोजी संध्याकाळी 6 वाजता क्लबहाऊसमध्ये आहे.,No,No,No
ham,उद्यान 05-08-2026 ते 01-05-2025 पर्यंत नूतनीकरणासाठी बंद राहील.,No,No,No
ham,उद्यान 19-07-2025 ते 25-08-2025 पर्यंत नूतनीकरणासाठी बंद राहील.,No,No,No
ham,स्मरणपत्र: सोसायटीची देखभाल फी 19-08-2026 पर्यंत भरा अन्यथा विलंब शुल्क लागेल.,No,No,No
ham,उद्यान 13-04-2025 ते 11-07-2025 पर्यंत नूतनीकरणासाठी बंद राहील.,No,No,No
ham,उद्यान 24-03-2026 ते 18-06-2026 पर्यंत नूतनीकरणासाठी बंद राहील.,No,No,No
ham,उद्यान 18-03-2025 ते 21-01-2026 पर्यंत नूतनीकरणासाठी बंद राहील.,No,No,No
ham,"स्मरणपत्र: लायब्ररीची पुस्तके 18-02-2026 पर्यंत परत करायची आहेत, त्यानंतर विलंब शुल्क लागेल.",No,No,No
ham,"स्मरणपत्र: लायब्ररीची पुस्तके 15-09-2025 पर्यंत परत करायची आहेत, त्यानंतर विलंब शुल्क लागेल.",No,No,No
ham,"स्मरणपत्र: लायब्ररीची पुस्तके 22-09-2025 पर्यंत परत करायची आहेत, त्यानंतर विलंब शुल्क लागेल.",No,No,No
ham,"स्मरणपत्र: लायब्ररीची पुस्तके 20-10-2026 पर्यंत परत करायची आहेत, त्यानंतर विलंब शुल्क लागेल.",No,No,No
ham,उद्यान 03-05-2025 ते 14-12-2025 पर्यंत नूतनीकरणासाठी बंद राहील.,No,No,No
ham,उद्यान 25-02-2026 ते 13-03-2026 पर्यंत नूतनीकरणासाठी बंद राहील.,No,No,No
ham,उद्यान 25-01-2025 ते 21-09-2025 पर्यंत नूतनीकरणासाठी बंद राहील.,No,No,No
ham,उद्यान 12-03-2025 ते 02-08-2026 पर्यंत नूतनीकरणासाठी बंद राहील.,No,No,No
ham,उद्यान 02-01-2025 ते 04-03-2026 पर्यंत नूतनीकरणासाठी बंद राहील.,No,No,No
ham,उद्यान 17-10-2025 ते 08-12-2025 पर्यंत नूतनीकरणासाठी बंद राहील.,No,No,No
ham,उद्यान 12-06-2025 ते 20-09-2025 पर्यंत नूतनीकरणासाठी बंद राहील.,No,No,No
ham,सोसायटीची वार्षिक सभा 10-09-2026 रोजी संध्याकाळी 6 वाजता क्लबहाऊसमध्ये आहे.,No,No,No
ham,उद्यान 12-07-2026 ते 13-07-2025 पर्यंत नूतनीकरणासाठी बंद राहील.,No,No,No
ham,उद्यान 05-05-2025 ते 01-09-2026 पर्यंत नूतनीकरणासाठी बंद राहील.,No,No,No
ham,उद्यान 20-07-2025 ते 03-07-2026 पर्यंत नूतनीकरणासाठी बंद राहील.,No,No,No
ham,उद्यान 24-06-2026 ते 23-11-2025 पर्यंत नूतनीकरणासाठी बंद राहील.,No,No,No
ham,उद्यान 02-01-2026 ते 19-12-2026 पर्यंत नूतनीकरणासाठी बंद राहील.,No,No,No
ham,स्मरणपत्र: सोसायटीची देखभाल फी 16-03-2026 पर्यंत भरा अन्यथा विलंब शुल्क लागेल.,No,No,No
ham,उद्यान 17-10-2026 ते 03-06-2026 पर्यंत नूतनीकरणासाठी बंद राहील.,No,No,No
ham,उद्यान 26-01-2026 ते 03-06-2025 पर्यंत नूतनीकरणासाठी बंद राहील.,No,No,No
ham,सोसायटीची वार्षिक सभा 12-06-2025 रोजी संध्याकाळी 6 वाजता क्लबहाऊसमध्ये आहे.,No,No,No
ham,स्मरणपत्र: सोसायटीची देखभाल फी 17-02-2026 पर्यंत भरा अन्यथा विलंब शुल्क लागेल.,No,No,No
ham,स्मरणपत्र: सोसायटीची देखभाल फी 21-02-2025 पर्यंत भरा अन्यथा विलंब शुल्क लागेल.,No,No,No
ham,सोसायटीची वार्षिक सभा 25-04-2026 रोजी संध्याकाळी 6 वाजता क्लबहाऊसमध्ये आहे.,No,No,No
ham,उद्यान 24-01-2025 ते 01-08-2026 पर्यंत नूतनीकरणासाठी बंद राहील.,No,No,No
ham,स्मरणपत्र: सोसायटीची देखभाल फी 07-03-2026 पर्यंत भरा अन्यथा विलंब शुल्क लागेल.,No,No,No
ham,उद्यान 06-01-2026 ते 22-12-2026 पर्यंत नूतनीकरणासाठी बंद राहील.,No,No,No
ham,उद्यान 20-05-2026 ते 02-05-2026 पर्यंत नूतनीकरणासाठी बंद राहील.,No,No,No
ham,उद्यान 10-12-2026 ते 19-07-2026 पर्यंत नूतनीकरणासाठी बंद राहील.,No,No,No
ham,उद्यान 11-04-2025 ते 14-11-2026 पर्यंत नूतनीकरणासाठी बंद राहील.,No,No,No
ham,"स्मरणपत्र: लायब्ररीची पुस्तके 26-09-2025 पर्यंत परत करायची आहेत, त्यानंतर विलंब शुल्क लागेल.",No,No,No
ham,उद्यान 24-01-2026 ते 24-06-2025 पर्यंत नूतनीकरणासाठी बंद राहील.,No,No,No
ham,उद्यान 09-02-2026 ते 11-01-2026 पर्यंत नूतनीकरणासाठी बंद राहील.,No,No,No
ham,उद्यान 01-11-2025 ते 11-04-2026 पर्यंत नूतनीकरणासाठी बंद राहील.,No,No,No
ham,उद्यान 28-06-2025 ते 14-10-2026 पर्यंत नूतनीकरणासाठी बंद राहील.,No,No,No
ham,स्मरणपत्र: सोसायटीची देखभाल फी 05-06-2025 पर्यंत भरा अन्यथा विलंब शुल्क लागेल.,No,No,No
ham,उद्यान 23-10-2025 ते 19-06-2025 पर्यंत नूतनीकरणासाठी बंद राहील.,No,No,No
ham,उद्यान 06-08-2026 ते 03-10-2025 पर्यंत नूतनीकरणासाठी बंद राहील.,No,No,No
ham,उद्यान 07-12-2025 ते 16-01-2026 पर्यंत नूतनीकरणासाठी बंद राहील.,No,No,No
ham,"स्मरणपत्र: लायब्ररीची पुस्तके 01-09-2025 पर्यंत परत करायची आहेत, त्यानंतर विलंब शुल्क लागेल.",No,No,No
ham,उद्यान 10-03-2026 ते 07-09-2025 पर्यंत नूतनीकरणासाठी बंद राहील.,No,No,No
ham,सोसायटीची वार्षिक सभा 13-02-2026 रोजी संध्याकाळी 6 वाजता क्लबहाऊसमध्ये आहे.,No,No,No
ham,उद्यान 21-06-2026 ते 03-06-2026 पर्यंत नूतनीकरणासाठी बंद राहील.,No,No,No
ham,उद्यान 05-11-2026 ते 23-10-2026 पर्यंत नूतनीकरणासाठी बंद राहील.,No,No,No
ham,"स्मरणपत्र: लायब्ररीची पुस्तके 28-10-2026 पर्यंत परत करायची आहेत, त्यानंतर विलंब शुल्क लागेल.",No,No,No
ham,सोसायटीची वार्षिक सभा 25-07-2025 रोजी संध्याकाळी 6 वाजता क्लबहाऊसमध्ये आहे.,No,No,No
ham,उद्यान 16-10-2026 ते 05-03-2025 पर्यंत नूतनीकरणासाठी बंद राहील.,No,No,No
ham,"स्मरणपत्र: लायब्ररीची पुस्तके 22-07-2025 पर्यंत परत करायची आहेत, त्यानंतर विलंब शुल्क लागेल.",No,No,No
ham,उद्यान 24-12-2025 ते 01-05-2026 पर्यंत नूतनीकरणासाठी बंद राहील.,No,No,No
ham,उद्यान 02-09-2026 ते 25-02-2026 पर्यंत नूतनीकरणासाठी बंद राहील.,No,No,No
ham,"स्मरणपत्र: लायब्ररीची पुस्तके 07-12-2026 पर्यंत परत करायची आहेत, त्यानंतर विलंब शुल्क लागेल.",No,No,No
ham,उद्यान 11-05-2026 ते 10-07-2025 पर्यंत नूतनीकरणासाठी बंद राहील.,No,No,No
ham,उद्यान 07-05-2025 ते 12-12-2026 पर्यंत नूतनीकरणासाठी बंद राहील.,No,No,No
ham,उद्यान 16-09-2026 ते 16-01-2026 पर्यंत नूतनीकरणासाठी बंद राहील.,No,No,No
ham,उद्यान 02-08-2026 ते 27-01-2025 पर्यंत नूतनीकरणासाठी बंद राहील.,No,No,No
ham,उद्यान 05-01-2025 ते 02-01-2026 पर्यंत नूतनीकरणासाठी बंद राहील.,No,No,No
ham,उद्यान 20-12-2026 ते 27-12-2025 पर्यंत नूतनीकरणासाठी बंद राहील.,No,No,No
ham,उद्यान 04-02-2025 ते 19-03-2025 पर्यंत नूतनीकरणासाठी बंद राहील.,No,No,No
ham,उद्यान 11-11-2025 ते 01-04-2025 पर्यंत नूतनीकरणासाठी बंद राहील.,No,No,No
ham,उद्यान 21-10-2026 ते 22-09-2025 पर्यंत नूतनीकरणासाठी बंद राहील.,No,No,No
ham,उद्यान 08-06-2025 ते 20-06-2026 पर्यंत नूतनीकरणासाठी बंद राहील.,No,No,No
ham,"स्मरणपत्र: लायब्ररीची पुस्तके 07-08-2026 पर्यंत परत करायची आहेत, त्यानंतर विलंब शुल्क लागेल.",No,No,No
ham,"स्मरणपत्र: लायब्ररीची पुस्तके 03-11-2025 पर्यंत परत करायची आहेत, त्यानंतर विलंब शुल्क लागेल.",No,No,No
ham,उद्यान 08-01-2025 ते 11-05-2025 पर्यंत नूतनीकरणासाठी बंद राहील.,No,No,No
ham,उद्यान 22-12-2026 ते 25-09-2025 पर्यंत नूतनीकरणासाठी बंद राहील.,No,No,No
ham,स्मरणपत्र: सोसायटीची देखभाल फी 04-11-2026 पर्यंत भरा अन्यथा विलंब शुल्क लागेल.,No,No,No
ham,उद्यान 23-11-2025 ते 16-05-2026 पर्यंत नूतनीकरणासाठी बंद राहील.,No,No,No
ham,स्मरणपत्र: सोसायटीची देखभाल फी 22-12-2026 पर्यंत भरा अन्यथा विलंब शुल्क लागेल.,No,No,No
ham,"स्मरणपत्र: लायब्ररीची पुस्तके 06-09-2025 पर्यंत परत करायची आहेत, त्यानंतर विलंब शुल्क लागेल.",No,No,No
ham,"स्मरणपत्र: लायब्ररीची पुस्तके 24-10-2025 पर्यंत परत करायची आहेत, त्यानंतर विलंब शुल्क लागेल.",No,No,No
ham,उद्यान 23-04-2026 ते 10-12-2026 पर्यंत नूतनीकरणासाठी बंद राहील.,No,No,No
ham,"स्मरणपत्र: लायब्ररीची पुस्तके 19-02-2025 पर्यंत परत करायची आहेत, त्यानंतर विलंब शुल्क लागेल.",No,No,No
ham,उद्यान 04-12-2025 ते 01-04-2025 पर्यंत नूतनीकरणासाठी बंद राहील.,No,No,No
ham,स्मरणपत्र: सोसायटीची देखभाल फी 12-01-2025 पर्यंत भरा अन्यथा विलंब शुल्क लागेल.,No,No,No
ham,उद्यान 16-08-2025 ते 15-11-2025 पर्यंत नूतनीकरणासाठी बंद राहील.,No,No,No
ham,उद्यान 21-03-2025 ते 11-12-2025 पर्यंत नूतनीकरणासाठी बंद राहील.,No,No,No
ham,उद्यान 09-05-2025 ते 04-10-2026 पर्यंत नूतनीकरणासाठी बंद राहील.,No,No,No
ham,"स्मरणपत्र: लायब्ररीची पुस्तके 26-05-2025 पर्यंत परत करायची आहेत, त्यानंतर विलंब शुल्क लागेल.",No,No,No
ham,उद्यान 04-11-2025 ते 02-08-2026 पर्यंत नूतनीकरणासाठी बंद राहील.,No,No,No
ham,"स्मरणपत्र: लायब्ररीची पुस्तके 05-11-2026 पर्यंत परत करायची आहेत, त्यानंतर विलंब शुल्क लागेल.",No,No,No
ham,उद्यान 19-05-2025 ते 14-08-2025 पर्यंत नूतनीकरणासाठी बंद राहील.,No,No,No
ham,सोसायटीची वार्षिक सभा 19-02-2026 रोजी संध्याकाळी 6 वाजता क्लबहाऊसमध्ये आहे.,No,No,No
ham,स्मरणपत्र: सोसायटीची देखभाल फी 25-10-2026 पर्यंत भरा अन्यथा विलंब शुल्क लागेल.,No,No,No
ham,उद्यान 13-10-2026 ते 14-08-2025 पर्यंत नूतनीकरणासाठी बंद राहील.,No,No,No
ham,उद्यान 20-06-2025 ते 05-12-2025 पर्यंत नूतनीकरणासाठी बंद राहील.,No,No,No
ham,उद्यान 27-05-2026 ते 27-09-2025 पर्यंत नूतनीकरणासाठी बंद राहील.,No,No,No
ham,सोसायटीची वार्षिक सभा 16-10-2026 रोजी संध्याकाळी 6 वाजता क्लबहाऊसमध्ये आहे.,No,No,No
ham,स्मरणपत्र: सोसायटीची देखभाल फी 02-04-2025 पर्यंत भरा अन्यथा विलंब शुल्क लागेल.,No,No,No
ham,उद्यान 09-07-2026 ते 23-06-2026 पर्यंत नूतनीकरणासाठी बंद राहील.,No,No,No
ham,उद्यान 17-02-2025 ते 26-07-2026 पर्यंत नूतनीकरणासाठी बंद राहील.,No,No,No
ham,सोसायटीची वार्षिक सभा 01-02-2025 रोजी संध्याकाळी 6 वाजता क्लबहाऊसमध्ये आहे.,No,No,No
ham,उद्यान 10-08-2026 ते 15-07-2026 पर्यंत नूतनीकरणासाठी बंद राहील.,No,No,No
ham,उद्यान 14-11-2025 ते 06-01-2026 पर्यंत नूतनीकरणासाठी बंद राहील.,No,No,No
ham,सोसायटीची वार्षिक सभा 16-04-2025 रोजी संध्याकाळी 6 वाजता क्लबहाऊसमध्ये आहे.,No,No,No
ham,स्मरणपत्र: सोसायटीची देखभाल फी 27-12-2025 पर्यंत भरा अन्यथा विलंब शुल्क लागेल.,No,No,No
ham,उद्यान 25-04-2025 ते 03-03-2025 पर्यंत नूतनीकरणासाठी बंद राहील.,No,No,No
ham,उद्यान 15-06-2026 ते 18-09-2026 पर्यंत नूतनीकरणासाठी बंद राहील.,No,No,No
ham,स्मरणपत्र: सोसायटीची देखभाल फी 11-06-2026 पर्यंत भरा अन्यथा विलंब शुल्क लागेल.,No,No,No
ham,उद्यान 16-08-2026 ते 02-10-2025 पर्यंत नूतनीकरणासाठी बंद राहील.,No,No,No
ham,उद्यान 25-04-2026 ते 08-08-2026 पर्यंत नूतनीकरणासाठी बंद राहील.,No,No,No
ham,उद्यान 16-11-2026 ते 16-02-2025 पर्यंत नूतनीकरणासाठी बंद राहील.,No,No,No
ham,उद्यान 24-04-2026 ते 19-10-2025 पर्यंत नूतनीकरणासाठी बंद राहील.,No,No,No
ham,उद्यान 20-09-2026 ते 24-11-2026 पर्यंत नूतनीकरणासाठी बंद राहील.,No,No,No
ham,उद्यान 07-03-2025 ते 20-09-2026 पर्यंत नूतनीकरणासाठी बंद राहील.,No,No,No
ham,सोसायटीची वार्षिक सभा 19-01-2025 रोजी संध्याकाळी 6 वाजता क्लबहाऊसमध्ये आहे.,No,No,No
ham,उद्यान 03-11-2025 ते 27-11-2025 पर्यंत नूतनीकरणासाठी बंद राहील.,No,No,No
ham,उद्यान 13-04-2025 ते 07-01-2026 पर्यंत नूतनीकरणासाठी बंद राहील.,No,No,No
ham,उद्यान 09-08-2026 ते 22-12-2025 पर्यंत नूतनीकरणासाठी बंद राहील.,No,No,No
ham,स्मरणपत्र: सोसायटीची देखभाल फी 12-08-2025 पर्यंत भरा अन्यथा विलंब शुल्क लागेल.,No,No,No
ham,उद्यान 20-11-2025 ते 25-07-2026 पर्यंत नूतनीकरणासाठी बंद राहील.,No,No,No
ham,उद्यान 06-02-2025 ते 27-01-2025 पर्यंत नूतनीकरणासाठी बंद राहील.,No,No,No
ham,उद्यान 02-10-2025 ते 20-11-2026 पर्यंत नूतनीकरणासाठी बंद राहील.,No,No,No
ham,स्मरणपत्र: सोसायटीची देखभाल फी 07-08-2025 पर्यंत भरा अन्यथा विलंब शुल्क लागेल.,No,No,No
ham,उद्यान 24-12-2026 ते 01-05-2026 पर्यंत नूतनीकरणासाठी बंद राहील.,No,No,No
ham,सोसायटीची वार्षिक सभा 09-10-2026 रोजी संध्याकाळी 6 वाजता क्लबहाऊसमध्ये आहे.,No,No,No
ham,उद्यान 03-03-2026 ते 20-08-2026 पर्यंत नूतनीकरणासाठी बंद राहील.,No,No,No
ham,उद्यान 06-05-2026 ते 07-11-2026 पर्यंत नूतनीकरणासाठी बंद राहील.,No,No,No
ham,उद्यान 18-12-2026 ते 01-04-2026 पर्यंत नूतनीकरणासाठी बंद राहील.,No,No,No
ham,उद्यान 14-02-2025 ते 18-01-2026 पर्यंत नूतनीकरणासाठी बंद राहील.,No,No,No
ham,"स्मरणपत्र: लायब्ररीची पुस्तके 06-11-2026 पर्यंत परत करायची आहेत, त्यानंतर विलंब शुल्क लागेल.",No,No,No
ham,स्मरणपत्र: सोसायटीची देखभाल फी 28-05-2025 पर्यंत भरा अन्यथा विलंब शुल्क लागेल.,No,No,No
ham,सोसायटीची वार्षिक सभा 26-02-2025 रोजी संध्याकाळी 6 वाजता क्लबहाऊसमध्ये आहे.,No,No,No
ham,"स्मरणपत्र: लायब्ररीची पुस्तके 07-10-2025 पर्यंत परत करायची आहेत, त्यानंतर विलंब शुल्क लागेल.",No,No,No
ham,"स्मरणपत्र: लायब्ररीची पुस्तके 01-11-2025 पर्यंत परत करायची आहेत, त्यानंतर विलंब शुल्क लागेल.",No,No,No
ham,उद्यान 12-06-2026 ते 03-03-2025 पर्यंत नूतनीकरणासाठी बंद राहील.,No,No,No
ham,सोसायटीची वार्षिक सभा 24-07-2026 रोजी संध्याकाळी 6 वाजता क्लबहाऊसमध्ये आहे.,No,No,No
ham,उद्यान 07-08-2026 ते 08-12-2026 पर्यंत नूतनीकरणासाठी बंद राहील.,No,No,No
ham,स्मरणपत्र: सोसायटीची देखभाल फी 17-07-2025 पर्यंत भरा अन्यथा विलंब शुल्क लागेल.,No,No,No
ham,उद्यान 06-05-2025 ते 09-09-2025 पर्यंत नूतनीकरणासाठी बंद राहील.,No,No,No
ham,उद्यान 24-07-2025 ते 06-05-2026 पर्यंत नूतनीकरणासाठी बंद राहील.,No,No,No
ham,उद्यान 02-07-2025 ते 26-03-2026 पर्यंत नूतनीकरणासाठी बंद राहील.,No,No,No
ham,उद्यान 03-04-2026 ते 26-05-2025 पर्यंत नूतनीकरणासाठी बंद राहील.,No,No,No
ham,उद्यान 20-10-2025 ते 05-01-2025 पर्यंत नूतनीकरणासाठी बंद राहील.,No,No,No
ham,"स्मरणपत्र: लायब्ररीची पुस्तके 23-03-2026 पर्यंत परत करायची आहेत, त्यानंतर विलंब शुल्क लागेल.",No,No,No
ham,उद्यान 12-04-2025 ते 03-10-2025 पर्यंत नूतनीकरणासाठी बंद राहील.,No,No,No
ham,"स्मरणपत्र: लायब्ररीची पुस्तके 21-09-2026 पर्यंत परत करायची आहेत, त्यानंतर विलंब शुल्क लागेल.",No,No,No
ham,उद्यान 18-02-2025 ते 01-11-2026 पर्यंत नूतनीकरणासाठी बंद राहील.,No,No,No
ham,उद्यान 23-09-2025 ते 24-11-2025 पर्यंत नूतनीकरणासाठी बंद राहील.,No,No,No
ham,उद्यान 17-01-2025 ते 02-01-2026 पर्यंत नूतनीकरणासाठी बंद राहील.,No,No,No
ham,उद्यान 04-10-2026 ते 21-02-2025 पर्यंत नूतनीकरणासाठी बंद राहील.,No,No,No
ham,उद्यान 09-02-2026 ते 21-07-2026 पर्यंत नूतनीकरणासाठी बंद राहील.,No,No,No
ham,"स्मरणपत्र: लायब्ररीची पुस्तके 09-05-2026 पर्यंत परत करायची आहेत, त्यानंतर विलंब शुल्क लागेल.",No,No,No
ham,उद्यान 28-12-2025 ते 24-08-2025 पर्यंत नूतनीकरणासाठी बंद राहील.,No,No,No
ham,उद्यान 23-08-2025 ते 12-04-2026 पर्यंत नूतनीकरणासाठी बंद राहील.,No,No,No
ham,सोसायटीची वार्षिक सभा 21-03-2026 रोजी संध्याकाळी 6 वाजता क्लबहाऊसमध्ये आहे.,No,No,No
ham,उद्यान 16-01-2025 ते 15-08-2025 पर्यंत नूतनीकरणासाठी बंद राहील.,No,No,No
ham,उद्यान 22-01-2025 ते 12-11-2026 पर्यंत नूतनीकरणासाठी बंद राहील.,No,No,No
ham,उद्यान 07-03-2026 ते 04-09-2026 पर्यंत नूतनीकरणासाठी बंद राहील.,No,No,No
ham,"स्मरणपत्र: लायब्ररीची पुस्तके 04-11-2026 पर्यंत परत करायची आहेत, त्यानंतर विलंब शुल्क लागेल.",No,No,No
ham,स्मरणपत्र: सोसायटीची देखभाल फी 03-10-2026 पर्यंत भरा अन्यथा विलंब शुल्क लागेल.,No,No,No
ham,उद्यान 14-04-2026 ते 01-11-2025 पर्यंत नूतनीकरणासाठी बंद राहील.,No,No,No
ham,उद्यान 18-03-2025 ते 02-06-2026 पर्यंत नूतनीकरणासाठी बंद राहील.,No,No,No
ham,उद्यान 01-09-2025 ते 06-01-2025 पर्यंत नूतनीकरणासाठी बंद राहील.,No,No,No
ham,सोसायटीची वार्षिक सभा 19-03-2025 रोजी संध्याकाळी 6 वाजता क्लबहाऊसमध्ये आहे.,No,No,No
ham,उद्यान 13-02-2026 ते 18-01-2026 पर्यंत नूतनीकरणासाठी बंद राहील.,No,No,No
ham,उद्यान 09-05-2025 ते 12-08-2025 पर्यंत नूतनीकरणासाठी बंद राहील.,No,No,No
ham,उद्यान 20-08-2025 ते 17-01-2026 पर्यंत नूतनीकरणासाठी बंद राहील.,No,No,No
ham,उद्यान 21-06-2026 ते 21-05-2025 पर्यंत नूतनीकरणासाठी बंद राहील.,No,No,No
ham,सोसायटीची वार्षिक सभा 20-12-2025 रोजी संध्याकाळी 6 वाजता क्लबहाऊसमध्ये आहे.,No,No,No
ham,उद्यान 27-06-2026 ते 11-05-2026 पर्यंत नूतनीकरणासाठी बंद राहील.,No,No,No
ham,स्मरणपत्र: सोसायटीची देखभाल फी 18-01-2025 पर्यंत भरा अन्यथा विलंब शुल्क लागेल.,No,No,No
ham,उद्यान 13-07-2026 ते 15-09-2026 पर्यंत नूतनीकरणासाठी बंद राहील.,No,No,No
ham,सोसायटीची वार्षिक सभा 15-04-2025 रोजी संध्याकाळी 6 वाजता क्लबहाऊसमध्ये आहे.,No,No,No
ham,उद्यान 02-12-2025 ते 21-07-2025 पर्यंत नूतनीकरणासाठी बंद राहील.,No,No,No
ham,उद्यान 13-07-2025 ते 13-07-2025 पर्यंत नूतनीकरणासाठी बंद राहील.,No,No,No
ham,उद्यान 17-08-2026 ते 21-03-2025 पर्यंत नूतनीकरणासाठी बंद राहील.,No,No,No
ham,उद्यान 17-04-2026 ते 27-12-2026 पर्यंत नूतनीकरणासाठी बंद राहील.,No,No,No
ham,उद्यान 04-07-2025 ते 27-05-2025 पर्यंत नूतनीकरणासाठी बंद राहील.,No,No,No
ham,"स्मरणपत्र: लायब्ररीची पुस्तके 20-06-2025 पर्यंत परत करायची आहेत, त्यानंतर विलंब शुल्क लागेल.",No,No,No
ham,स्मरणपत्र: सोसायटीची देखभाल फी 06-03-2025 पर्यंत भरा अन्यथा विलंब शुल्क लागेल.,No,No,No
ham,उद्यान 17-03-2025 ते 02-10-2026 पर्यंत नूतनीकरणासाठी बंद राहील.,No,No,No
ham,उद्यान 04-11-2026 ते 06-03-2026 पर्यंत नूतनीकरणासाठी बंद राहील.,No,No,No
ham,उद्यान 08-05-2026 ते 03-02-2026 पर्यंत नूतनीकरणासाठी बंद राहील.,No,No,No
ham,सोसायटीची वार्षिक सभा 25-06-2025 रोजी संध्याकाळी 6 वाजता क्लबहाऊसमध्ये आहे.,No,No,No
ham,सोसायटीची वार्षिक सभा 19-04-2025 रोजी संध्याकाळी 6 वाजता क्लबहाऊसमध्ये आहे.,No,No,No
ham,उद्यान 28-09-2026 ते 09-05-2025 पर्यंत नूतनीकरणासाठी बंद राहील.,No,No,No
ham,स्मरणपत्र: सोसायटीची देखभाल फी 26-08-2025 पर्यंत भरा अन्यथा विलंब शुल्क लागेल.,No,No,No
ham,उद्यान 14-07-2025 ते 05-09-2025 पर्यंत नूतनीकरणासाठी बंद राहील.,No,No,No
ham,उद्यान 18-12-2026 ते 19-05-2026 पर्यंत नूतनीकरणासाठी बंद राहील.,No,No,No
ham,उद्यान 27-12-2025 ते 28-11-2026 पर्यंत नूतनीकरणासाठी बंद राहील.,No,No,No
ham,सोसायटीची वार्षिक सभा 28-03-2025 रोजी संध्याकाळी 6 वाजता क्लबहाऊसमध्ये आहे.,No,No,No
ham,"स्मरणपत्र: लायब्ररीची पुस्तके 05-06-2025 पर्यंत परत करायची आहेत, त्यानंतर विलंब शुल्क लागेल.",No,No,No
ham,स्मरणपत्र: सोसायटीची देखभाल फी 19-11-2026 पर्यंत भरा अन्यथा विलंब शुल्क लागेल.,No,No,No
ham,उद्यान 07-09-2026 ते 02-01-2025 पर्यंत नूतनीकरणासाठी बंद राहील.,No,No,No
ham,सोसायटीची वार्षिक सभा 15-12-2025 रोजी संध्याकाळी 6 वाजता क्लबहाऊसमध्ये आहे.,No,No,No
ham,उद्यान 12-03-2026 ते 08-05-2025 पर्यंत नूतनीकरणासाठी बंद राहील.,No,No,No
ham,उद्यान 23-09-2026 ते 09-08-2025 पर्यंत नूतनीकरणासाठी बंद राहील.,No,No,No
ham,"स्मरणपत्र: लायब्ररीची पुस्तके 25-06-2025 पर्यंत परत करायची आहेत, त्यानंतर विलंब शुल्क लागेल.",No,No,No
ham,उद्यान 07-04-2025 ते 25-09-2026 पर्यंत नूतनीकरणासाठी बंद राहील.,No,No,No
ham,स्मरणपत्र: सोसायटीची देखभाल फी 17-01-2026 पर्यंत भरा अन्यथा विलंब शुल्क लागेल.,No,No,No
ham,उद्यान 23-01-2026 ते 26-09-2026 पर्यंत नूतनीकरणासाठी बंद राहील.,No,No,No
ham,उद्यान 28-06-2026 ते 05-02-2025 पर्यंत नूतनीकरणासाठी बंद राहील.,No,No,No
ham,उद्यान 27-08-2025 ते 15-02-2025 पर्यंत नूतनीकरणासाठी बंद राहील.,No,No,No
ham,उद्यान 12-04-2025 ते 09-07-2025 पर्यंत नूतनीकरणासाठी बंद राहील.,No,No,No
ham,"स्मरणपत्र: लायब्ररीची पुस्तके 01-06-2025 पर्यंत परत करायची आहेत, त्यानंतर विलंब शुल्क लागेल.",No,No,No
ham,उद्यान 19-06-2026 ते 12-02-2026 पर्यंत नूतनीकरणासाठी बंद राहील.,No,No,No
ham,उद्यान 22-11-2025 ते 05-11-2026 पर्यंत नूतनीकरणासाठी बंद राहील.,No,No,No
ham,स्मरणपत्र: सोसायटीची देखभाल फी 01-11-2025 पर्यंत भरा अन्यथा विलंब शुल्क लागेल.,No,No,No
ham,उद्यान 19-09-2025 ते 08-04-2025 पर्यंत नूतनीकरणासाठी बंद राहील.,No,No,No
ham,उद्यान 01-11-2026 ते 02-02-2025 पर्यंत नूतनीकरणासाठी बंद राहील.,No,No,No
ham,"स्मरणपत्र: लायब्ररीची पुस्तके 26-08-2026 पर्यंत परत करायची आहेत, त्यानंतर विलंब शुल्क लागेल.",No,No,No
ham,उद्यान 01-06-2026 ते 27-09-2025 पर्यंत नूतनीकरणासाठी बंद राहील.,No,No,No
ham,सोसायटीची वार्षिक सभा 24-05-2026 रोजी संध्याकाळी 6 वाजता क्लबहाऊसमध्ये आहे.,No,No,No
ham,सोसायटीची वार्षिक सभा 28-04-2025 रोजी संध्याकाळी 6 वाजता क्लबहाऊसमध्ये आहे.,No,No,No
ham,उद्यान 04-07-2025 ते 26-02-2025 पर्यंत नूतनीकरणासाठी बंद राहील.,No,No,No
ham,स्मरणपत्र: सोसायटीची देखभाल फी 23-09-2026 पर्यंत भरा अन्यथा विलंब शुल्क लागेल.,No,No,No
ham,सोसायटीची वार्षिक सभा 22-04-2026 रोजी संध्याकाळी 6 वाजता क्लबहाऊसमध्ये आहे.,No,No,No
ham,"स्मरणपत्र: लायब्ररीची पुस्तके 16-07-2026 पर्यंत परत करायची आहेत, त्यानंतर विलंब शुल्क लागेल.",No,No,No
ham,सोसायटीची वार्षिक सभा 02-08-2025 रोजी संध्याकाळी 6 वाजता क्लबहाऊसमध्ये आहे.,No,No,No
ham,उद्यान 06-06-2025 ते 22-07-2025 पर्यंत नूतनीकरणासाठी बंद राहील.,No,No,No
ham,उद्यान 09-11-2025 ते 18-11-2026 पर्यंत नूतनीकरणासाठी बंद राहील.,No,No,No
ham,सोसायटीची वार्षिक सभा 14-03-2026 रोजी संध्याकाळी 6 वाजता क्लबहाऊसमध्ये आहे.,No,No,No
ham,उद्यान 21-04-2025 ते 23-08-2026 पर्यंत नूतनीकरणासाठी बंद राहील.,No,No,No
ham,उद्यान 10-05-2026 ते 25-01-2026 पर्यंत नूतनीकरणासाठी बंद राहील.,No,No,No
ham,उद्यान 14-07-2026 ते 22-05-2025 पर्यंत नूतनीकरणासाठी बंद राहील.,No,No,No
ham,उद्यान 24-11-2026 ते 13-08-2025 पर्यंत नूतनीकरणासाठी बंद राहील.,No,No,No
ham,स्मरणपत्र: सोसायटीची देखभाल फी 26-12-2026 पर्यंत भरा अन्यथा विलंब शुल्क लागेल.,No,No,No
ham,उद्यान 13-01-2026 ते 07-02-2026 पर्यंत नूतनीकरणासाठी बंद राहील.,No,No,No
ham,सोसायटीची वार्षिक सभा 19-12-2026 रोजी संध्याकाळी 6 वाजता क्लबहाऊसमध्ये आहे.,No,No,No
ham,उद्यान 02-08-2025 ते 14-12-2025 पर्यंत नूतनीकरणासाठी बंद राहील.,No,No,No
ham,स्मरणपत्र: सोसायटीची देखभाल फी 04-05-2026 पर्यंत भरा अन्यथा विलंब शुल्क लागेल.,No,No,No
ham,उद्यान 12-12-2025 ते 16-04-2025 पर्यंत नूतनीकरणासाठी बंद राहील.,No,No,No
ham,उद्यान 13-06-2025 ते 21-12-2025 पर्यंत नूतनीकरणासाठी बंद राहील.,No,No,No
ham,उद्यान 08-12-2025 ते 07-03-2026 पर्यंत नूतनीकरणासाठी बंद राहील.,No,No,No
ham,उद्यान 20-06-2025 ते 08-09-2025 पर्यंत नूतनीकरणासाठी बंद राहील.,No,No,No
ham,उद्यान 20-06-2026 ते 01-11-2025 पर्यंत नूतनीकरणासाठी बंद राहील.,No,No,No
ham,उद्यान 02-07-2026 ते 09-11-2025 पर्यंत नूतनीकरणासाठी बंद राहील.,No,No,No
ham,उद्यान 13-01-2025 ते 23-11-2026 पर्यंत नूतनीकरणासाठी बंद राहील.,No,No,No
ham,उद्यान 23-08-2025 ते 23-04-2026 पर्यंत नूतनीकरणासाठी बंद राहील.,No,No,No
ham,"स्मरणपत्र: लायब्ररीची पुस्तके 26-01-2026 पर्यंत परत करायची आहेत, त्यानंतर विलंब शुल्क लागेल.",No,No,No
ham,"स्मरणपत्र: लायब्ररीची पुस्तके 02-01-2025 पर्यंत परत करायची आहेत, त्यानंतर विलंब शुल्क लागेल.",No,No,No
ham,उद्यान 06-09-2025 ते 17-10-2026 पर्यंत नूतनीकरणासाठी बंद राहील.,No,No,No
ham,उद्यान 05-04-2025 ते 08-08-2026 पर्यंत नूतनीकरणासाठी बंद राहील.,No,No,No
ham,उद्यान 25-10-2026 ते 25-09-2026 पर्यंत नूतनीकरणासाठी बंद राहील.,No,No,No
ham,"स्मरणपत्र: लायब्ररीची पुस्तके 15-02-2026 पर्यंत परत करायची आहेत, त्यानंतर विलंब शुल्क लागेल.",No,No,No
ham,स्मरणपत्र: सोसायटीची देखभाल फी 02-05-2025 पर्यंत भरा अन्यथा विलंब शुल्क लागेल.,No,No,No
ham,उद्यान 06-10-2025 ते 24-08-2025 पर्यंत नूतनीकरणासाठी बंद राहील.,No,No,No
ham,सोसायटीची वार्षिक सभा 03-07-2026 रोजी संध्याकाळी 6 वाजता क्लबहाऊसमध्ये आहे.,No,No,No
ham,"स्मरणपत्र: लायब्ररीची पुस्तके 16-11-2026 पर्यंत परत करायची आहेत, त्यानंतर विलंब शुल्क लागेल.",No,No,No
ham,स्मरणपत्र: सोसायटीची देखभाल फी 13-01-2026 पर्यंत भरा अन्यथा विलंब शुल्क लागेल.,No,No,No
ham,उद्यान 07-11-2026 ते 15-09-2025 पर्यंत नूतनीकरणासाठी बंद राहील.,No,No,No
ham,"स्मरणपत्र: लायब्ररीची पुस्तके 28-01-2026 पर्यंत परत करायची आहेत, त्यानंतर विलंब शुल्क लागेल.",No,No,No
ham,सोसायटीची वार्षिक सभा 23-11-2026 रोजी संध्याकाळी 6 वाजता क्लबहाऊसमध्ये आहे.,No,No,No
ham,उद्यान 06-06-2025 ते 01-10-2026 पर्यंत नूतनीकरणासाठी बंद राहील.,No,No,No
ham,उद्यान 21-11-2025 ते 02-10-2025 पर्यंत नूतनीकरणासाठी बंद राहील.,No,No,No
ham,उद्यान 17-09-2026 ते 17-01-2026 पर्यंत नूतनीकरणासाठी बंद राहील.,No,No,No
ham,"स्मरणपत्र: लायब्ररीची पुस्तके 02-10-2025 पर्यंत परत करायची आहेत, त्यानंतर विलंब शुल्क लागेल.",No,No,No
ham,उद्यान 08-01-2026 ते 18-02-2026 पर्यंत नूतनीकरणासाठी बंद राहील.,No,No,No
ham,उद्यान 05-08-2026 ते 21-10-2025 पर्यंत नूतनीकरणासाठी बंद राहील.,No,No,No
ham,उद्यान 12-07-2026 ते 05-06-2026 पर्यंत नूतनीकरणासाठी बंद राहील.,No,No,No
ham,उद्यान 18-04-2025 ते 22-06-2025 पर्यंत नूतनीकरणासाठी बंद राहील.,No,No,No
ham,उद्यान 03-08-2025 ते 28-06-2025 पर्यंत नूतनीकरणासाठी बंद राहील.,No,No,No
ham,स्मरणपत्र: सोसायटीची देखभाल फी 07-05-2026 पर्यंत भरा अन्यथा विलंब शुल्क लागेल.,No,No,No
ham,"स्मरणपत्र: लायब्ररीची पुस्तके 11-06-2026 पर्यंत परत करायची आहेत, त्यानंतर विलंब शुल्क लागेल.",No,No,No
ham,उद्यान 27-10-2025 ते 25-05-2025 पर्यंत नूतनीकरणासाठी बंद राहील.,No,No,No
ham,उद्यान 20-08-2026 ते 25-08-2026 पर्यंत नूतनीकरणासाठी बंद राहील.,No,No,No
ham,उद्यान 18-03-2025 ते 18-07-2025 पर्यंत नूतनीकरणासाठी बंद राहील.,No,No,No
ham,उद्यान 25-09-2025 ते 12-09-2026 पर्यंत नूतनीकरणासाठी बंद राहील.,No,No,No
ham,उद्यान 28-03-2025 ते 07-04-2026 पर्यंत नूतनीकरणासाठी बंद राहील.,No,No,No
ham,सोसायटीची वार्षिक सभा 01-01-2025 रोजी संध्याकाळी 6 वाजता क्लबहाऊसमध्ये आहे.,No,No,No
ham,उद्यान 25-01-2026 ते 22-07-2026 पर्यंत नूतनीकरणासाठी बंद राहील.,No,No,No
ham,उद्यान 21-02-2026 ते 21-07-2025 पर्यंत नूतनीकरणासाठी बंद राहील.,No,No,No
ham,उद्यान 20-03-2025 ते 20-05-2026 पर्यंत नूतनीकरणासाठी बंद राहील.,No,No,No
ham,उद्यान 15-04-2025 ते 05-09-2026 पर्यंत नूतनीकरणासाठी बंद राहील.,No,No,No
ham,उद्यान 03-08-2025 ते 02-02-2025 पर्यंत नूतनीकरणासाठी बंद राहील.,No,No,No
ham,"स्मरणपत्र: लायब्ररीची पुस्तके 28-04-2026 पर्यंत परत करायची आहेत, त्यानंतर विलंब शुल्क लागेल.",No,No,No
ham,उद्यान 16-02-2025 ते 19-01-2026 पर्यंत नूतनीकरणासाठी बंद राहील.,No,No,No
ham,"स्मरणपत्र: लायब्ररीची पुस्तके 12-02-2026 पर्यंत परत करायची आहेत, त्यानंतर विलंब शुल्क लागेल.",No,No,No
ham,उद्यान 17-09-2025 ते 06-03-2026 पर्यंत नूतनीकरणासाठी बंद राहील.,No,No,No
ham,स्मरणपत्र: सोसायटीची देखभाल फी 27-02-2025 पर्यंत भरा अन्यथा विलंब शुल्क लागेल.,No,No,No
ham,"स्मरणपत्र: लायब्ररीची पुस्तके 17-04-2025 पर्यंत परत करायची आहेत, त्यानंतर विलंब शुल्क लागेल.",No,No,No
ham,उद्यान 22-02-2026 ते 17-12-2025 पर्यंत नूतनीकरणासाठी बंद राहील.,No,No,No
ham,सोसायटीची वार्षिक सभा 14-11-2026 रोजी संध्याकाळी 6 वाजता क्लबहाऊसमध्ये आहे.,No,No,No
ham,उद्यान 08-04-2026 ते 19-04-2026 पर्यंत नूतनीकरणासाठी बंद राहील.,No,No,No
ham,उद्यान 12-04-2026 ते 28-05-2025 पर्यंत नूतनीकरणासाठी बंद राहील.,No,No,No
ham,उद्यान 14-03-2025 ते 25-07-2025 पर्यंत नूतनीकरणासाठी बंद राहील.,No,No,No
ham,स्मरणपत्र: सोसायटीची देखभाल फी 21-07-2025 पर्यंत भरा अन्यथा विलंब शुल्क लागेल.,No,No,No
ham,उद्यान 06-08-2025 ते 14-03-2026 पर्यंत नूतनीकरणासाठी बंद राहील.,No,No,No
ham,उद्यान 12-07-2026 ते 28-10-2026 पर्यंत नूतनीकरणासाठी बंद राहील.,No,No,No
ham,उद्यान 28-04-2025 ते 19-07-2025 पर्यंत नूतनीकरणासाठी बंद राहील.,No,No,No
ham,उद्यान 28-11-2026 ते 20-02-2025 पर्यंत नूतनीकरणासाठी बंद राहील.,No,No,No
ham,स्मरणपत्र: सोसायटीची देखभाल फी 03-02-2025 पर्यंत भरा अन्यथा विलंब शुल्क लागेल.,No,No,No
ham,उद्यान 09-02-2025 ते 22-11-2025 पर्यंत नूतनीकरणासाठी बंद राहील.,No,No,No
ham,उद्यान 09-04-2025 ते 10-12-2026 पर्यंत नूतनीकरणासाठी बंद राहील.,No,No,No
ham,स्मरणपत्र: सोसायटीची देखभाल फी 21-05-2025 पर्यंत भरा अन्यथा विलंब शुल्क लागेल.,No,No,No
ham,उद्यान 19-07-2025 ते 15-04-2026 पर्यंत नूतनीकरणासाठी बंद राहील.,No,No,No
ham,उद्यान 01-02-2025 ते 27-09-2025 पर्यंत नूतनीकरणासाठी बंद राहील.,No,No,No
ham,"स्मरणपत्र: लायब्ररीची पुस्तके 25-11-2026 पर्यंत परत करायची आहेत, त्यानंतर विलंब शुल्क लागेल.",No,No,No
ham,उद्यान 03-09-2026 ते 20-10-2026 पर्यंत नूतनीकरणासाठी बंद राहील.,No,No,No
ham,उद्यान 02-07-2025 ते 09-08-2025 पर्यंत नूतनीकरणासाठी बंद राहील.,No,No,No
ham,सोसायटीची वार्षिक सभा 09-06-2025 रोजी संध्याकाळी 6 वाजता क्लबहाऊसमध्ये आहे.,No,No,No
ham,उद्यान 19-11-2025 ते 17-04-2026 पर्यंत नूतनीकरणासाठी बंद राहील.,No,No,No
ham,उद्यान 16-12-2026 ते 08-01-2025 पर्यंत नूतनीकरणासाठी बंद राहील.,No,No,No
ham,उद्यान 03-10-2026 ते 10-04-2025 पर्यंत नूतनीकरणासाठी बंद राहील.,No,No,No
ham,उद्यान 25-03-2025 ते 07-12-2026 पर्यंत नूतनीकरणासाठी बंद राहील.,No,No,No
ham,उद्यान 24-07-2026 ते 21-01-2026 पर्यंत नूतनीकरणासाठी बंद राहील.,No,No,No
ham,सोसायटीची वार्षिक सभा 13-11-2025 रोजी संध्याकाळी 6 वाजता क्लबहाऊसमध्ये आहे.,No,No,No
ham,उद्यान 26-12-2025 ते 13-07-2026 पर्यंत नूतनीकरणासाठी बंद राहील.,No,No,No
ham,उद्यान 20-04-2026 ते 08-06-2026 पर्यंत नूतनीकरणासाठी बंद राहील.,No,No,No
ham,उद्यान 07-01-2025 ते 06-10-2025 पर्यंत नूतनीकरणासाठी बंद राहील.,No,No,No
ham,उद्यान 15-07-2026 ते 13-10-2025 पर्यंत नूतनीकरणासाठी बंद राहील.,No,No,No
ham,सोसायटीची वार्षिक सभा 13-07-2026 रोजी संध्याकाळी 6 वाजता क्लबहाऊसमध्ये आहे.,No,No,No
ham,सोसायटीची वार्षिक सभा 24-04-2026 रोजी संध्याकाळी 6 वाजता क्लबहाऊसमध्ये आहे.,No,No,No
ham,"स्मरणपत्र: लायब्ररीची पुस्तके 16-05-2026 पर्यंत परत करायची आहेत, त्यानंतर विलंब शुल्क लागेल.",No,No,No
ham,उद्यान 14-10-2025 ते 13-12-2025 पर्यंत नूतनीकरणासाठी बंद राहील.,No,No,No
ham,उद्यान 10-05-2026 ते 12-10-2025 पर्यंत नूतनीकरणासाठी बंद राहील.,No,No,No
ham,उद्यान 06-11-2025 ते 24-01-2025 पर्यंत नूतनीकरणासाठी बंद राहील.,No,No,No
ham,सोसायटीची वार्षिक सभा 17-12-2026 रोजी संध्याकाळी 6 वाजता क्लबहाऊसमध्ये आहे.,No,No,No
ham,स्मरणपत्र: सोसायटीची देखभाल फी 26-01-2025 पर्यंत भरा अन्यथा विलंब शुल्क लागेल.,No,No,No
ham,उद्यान 16-04-2025 ते 11-01-2026 पर्यंत नूतनीकरणासाठी बंद राहील.,No,No,No
ham,उद्यान 10-08-2026 ते 11-03-2025 पर्यंत नूतनीकरणासाठी बंद राहील.,No,No,No
ham,उद्यान 22-07-2025 ते 28-06-2026 पर्यंत नूतनीकरणासाठी बंद राहील.,No,No,No
ham,स्मरणपत्र: सोसायटीची देखभाल फी 14-10-2025 पर्यंत भरा अन्यथा विलंब शुल्क लागेल.,No,No,No
ham,उद्यान 05-12-2026 ते 03-10-2025 पर्यंत नूतनीकरणासाठी बंद राहील.,No,No,No
ham,उद्यान 28-03-2025 ते 27-11-2026 पर्यंत नूतनीकरणासाठी बंद राहील.,No,No,No
ham,स्मरणपत्र: सोसायटीची देखभाल फी 16-07-2025 पर्यंत भरा अन्यथा विलंब शुल्क लागेल.,No,No,No
ham,उद्यान 09-06-2025 ते 11-02-2026 पर्यंत नूतनीकरणासाठी बंद राहील.,No,No,No
ham,उद्यान 26-04-2025 ते 10-09-2025 पर्यंत नूतनीकरणासाठी बंद राहील.,No,No,No
ham,उद्यान 06-04-2026 ते 12-01-2025 पर्यंत नूतनीकरणासाठी बंद राहील.,No,No,No
ham,"स्मरणपत्र: लायब्ररीची पुस्तके 12-01-2026 पर्यंत परत करायची आहेत, त्यानंतर विलंब शुल्क लागेल.",No,No,No
ham,स्मरणपत्र: सोसायटीची देखभाल फी 22-02-2026 पर्यंत भरा अन्यथा विलंब शुल्क लागेल.,No,No,No
ham,उद्यान 05-06-2025 ते 24-12-2025 पर्यंत नूतनीकरणासाठी बंद राहील.,No,No,No
ham,उद्यान 15-07-2025 ते 10-03-2025 पर्यंत नूतनीकरणासाठी बंद राहील.,No,No,No
ham,सोसायटीची वार्षिक सभा 20-07-2025 रोजी संध्याकाळी 6 वाजता क्लबहाऊसमध्ये आहे.,No,No,No
ham,सोसायटीची वार्षिक सभा 17-07-2026 रोजी संध्याकाळी 6 वाजता क्लबहाऊसमध्ये आहे.,No,No,No
ham,उद्यान 14-12-2025 ते 01-11-2025 पर्यंत नूतनीकरणासाठी बंद राहील.,No,No,No
ham,उद्यान 19-08-2026 ते 28-06-2025 पर्यंत नूतनीकरणासाठी बंद राहील.,No,No,No
ham,उद्यान 13-01-2026 ते 26-05-2025 पर्यंत नूतनीकरणासाठी बंद राहील.,No,No,No
ham,उद्यान 28-07-2026 ते 05-12-2026 पर्यंत नूतनीकरणासाठी बंद राहील.,No,No,No
ham,उद्यान 07-04-2026 ते 26-08-2026 पर्यंत नूतनीकरणासाठी बंद राहील.,No,No,No
ham,उद्यान 17-07-2026 ते 09-12-2025 पर्यंत नूतनीकरणासाठी बंद राहील.,No,No,No
ham,उद्यान 18-06-2025 ते 26-11-2025 पर्यंत नूतनीकरणासाठी बंद राहील.,No,No,No
ham,उद्यान 14-08-2025 ते 24-01-2026 पर्यंत नूतनीकरणासाठी बंद राहील.,No,No,No
ham,उद्यान 26-02-2026 ते 24-08-2025 पर्यंत नूतनीकरणासाठी बंद राहील.,No,No,No
ham,स्मरणपत्र: सोसायटीची देखभाल फी 16-06-2026 पर्यंत भरा अन्यथा विलंब शुल्क लागेल.,No,No,No
ham,उद्यान 16-05-2025 ते 16-02-2025 पर्यंत नूतनीकरणासाठी बंद राहील.,No,No,No
ham,उद्यान 17-07-2026 ते 20-09-2025 पर्यंत नूतनीकरणासाठी बंद राहील.,No,No,No
ham,उद्यान 13-05-2026 ते 13-09-2026 पर्यंत नूतनीकरणासाठी बंद राहील.,No,No,No
ham,उद्यान 09-06-2025 ते 15-11-2025 पर्यंत नूतनीकरणासाठी बंद राहील.,No,No,No
ham,उद्यान 16-11-2025 ते 01-03-2026 पर्यंत नूतनीकरणासाठी बंद राहील.,No,No,No
ham,उद्यान 16-10-2025 ते 19-08-2026 पर्यंत नूतनीकरणासाठी बंद राहील.,No,No,No
ham,उद्यान 17-09-2025 ते 01-10-2026 पर्यंत नूतनीकरणासाठी बंद राहील.,No,No,No
ham,उद्यान 25-03-2026 ते 08-03-2026 पर्यंत नूतनीकरणासाठी बंद राहील.,No,No,No
ham,उद्यान 28-01-2026 ते 07-04-2025 पर्यंत नूतनीकरणासाठी बंद राहील.,No,No,No
ham,उद्यान 05-11-2025 ते 20-05-2026 पर्यंत नूतनीकरणासाठी बंद राहील.,No,No,No
ham,उद्यान 26-06-2026 ते 27-04-2026 पर्यंत नूतनीकरणासाठी बंद राहील.,No,No,No
ham,उद्यान 17-12-2025 ते 05-12-2025 पर्यंत नूतनीकरणासाठी बंद राहील.,No,No,No
ham,उद्यान 04-03-2025 ते 14-09-2026 पर्यंत नूतनीकरणासाठी बंद राहील.,No,No,No
ham,उद्यान 14-10-2025 ते 10-12-2026 पर्यंत नूतनीकरणासाठी बंद राहील.,No,No,No
ham,सोसायटीची वार्षिक सभा 04-04-2026 रोजी संध्याकाळी 6 वाजता क्लबहाऊसमध्ये आहे.,No,No,No
ham,"स्मरणपत्र: लायब्ररीची पुस्तके 21-05-2026 पर्यंत परत करायची आहेत, त्यानंतर विलंब शुल्क लागेल.",No,No,No
ham,स्मरणपत्र: सोसायटीची देखभाल फी 22-05-2025 पर्यंत भरा अन्यथा विलंब शुल्क लागेल.,No,No,No
ham,उद्यान 03-04-2025 ते 28-09-2025 पर्यंत नूतनीकरणासाठी बंद राहील.,No,No,No
ham,उद्यान 21-04-2026 ते 28-11-2025 पर्यंत नूतनीकरणासाठी बंद राहील.,No,No,No
ham,सोसायटीची वार्षिक सभा 19-03-2026 रोजी संध्याकाळी 6 वाजता क्लबहाऊसमध्ये आहे.,No,No,No
ham,उद्यान 15-06-2025 ते 15-07-2025 पर्यंत नूतनीकरणासाठी बंद राहील.,No,No,No
ham,स्मरणपत्र: सोसायटीची देखभाल फी 18-09-2026 पर्यंत भरा अन्यथा विलंब शुल्क लागेल.,No,No,No
ham,उद्यान 15-08-2026 ते 25-03-2025 पर्यंत नूतनीकरणासाठी बंद राहील.,No,No,No
ham,स्मरणपत्र: सोसायटीची देखभाल फी 08-08-2026 पर्यंत भरा अन्यथा विलंब शुल्क लागेल.,No,No,No
ham,उद्यान 08-02-2025 ते 05-06-2026 पर्यंत नूतनीकरणासाठी बंद राहील.,No,No,No
ham,उद्यान 22-07-2026 ते 05-07-2025 पर्यंत नूतनीकरणासाठी बंद राहील.,No,No,No
ham,सोसायटीची वार्षिक सभा 07-01-2026 रोजी संध्याकाळी 6 वाजता क्लबहाऊसमध्ये आहे.,No,No,No
ham,उद्यान 23-04-2026 ते 19-07-2025 पर्यंत नूतनीकरणासाठी बंद राहील.,No,No,No
ham,सोसायटीची वार्षिक सभा 02-12-2025 रोजी संध्याकाळी 6 वाजता क्लबहाऊसमध्ये आहे.,No,No,No
ham,उद्यान 13-03-2025 ते 28-12-2026 पर्यंत नूतनीकरणासाठी बंद राहील.,No,No,No
ham,उद्यान 01-06-2025 ते 18-05-2026 पर्यंत नूतनीकरणासाठी बंद राहील.,No,No,No
ham,स्मरणपत्र: सोसायटीची देखभाल फी 13-12-2026 पर्यंत भरा अन्यथा विलंब शुल्क लागेल.,No,No,No
ham,उद्यान 24-08-2026 ते 08-11-2026 पर्यंत नूतनीकरणासाठी बंद राहील.,No,No,No
ham,उद्यान 14-07-2025 ते 20-06-2026 पर्यंत नूतनीकरणासाठी बंद राहील.,No,No,No
ham,उद्यान 10-03-2026 ते 08-04-2025 पर्यंत नूतनीकरणासाठी बंद राहील.,No,No,No
ham,उद्यान 13-09-2026 ते 18-11-2025 पर्यंत नूतनीकरणासाठी बंद राहील.,No,No,No
ham,उद्यान 01-09-2026 ते 28-07-2026 पर्यंत नूतनीकरणासाठी बंद राहील.,No,No,No
ham,उद्यान 28-01-2026 ते 23-12-2026 पर्यंत नूतनीकरणासाठी बंद राहील.,No,No,No
ham,सोसायटीची वार्षिक सभा 07-08-2026 रोजी संध्याकाळी 6 वाजता क्लबहाऊसमध्ये आहे.,No,No,No
ham,उद्यान 22-07-2025 ते 07-09-2025 पर्यंत नूतनीकरणासाठी बंद राहील.,No,No,No
ham,सोसायटीची वार्षिक सभा 15-02-2026 रोजी संध्याकाळी 6 वाजता क्लबहाऊसमध्ये आहे.,No,No,No
ham,उद्यान 28-02-2025 ते 05-10-2025 पर्यंत नूतनीकरणासाठी बंद राहील.,No,No,No
ham,उद्यान 05-03-2025 ते 06-05-2026 पर्यंत नूतनीकरणासाठी बंद राहील.,No,No,No
ham,सोसायटीची वार्षिक सभा 02-05-2026 रोजी संध्याकाळी 6 वाजता क्लबहाऊसमध्ये आहे.,No,No,No
ham,स्मरणपत्र: सोसायटीची देखभाल फी 21-07-2026 पर्यंत भरा अन्यथा विलंब शुल्क लागेल.,No,No,No
ham,उद्यान 19-08-2026 ते 08-11-2025 पर्यंत नूतनीकरणासाठी बंद राहील.,No,No,No
ham,सोसायटीची वार्षिक सभा 26-12-2026 रोजी संध्याकाळी 6 वाजता क्लबहाऊसमध्ये आहे.,No,No,No
ham,सोसायटीची वार्षिक सभा 11-04-2026 रोजी संध्याकाळी 6 वाजता क्लबहाऊसमध्ये आहे.,No,No,No
ham,उद्यान 16-11-2025 ते 09-06-2026 पर्यंत नूतनीकरणासाठी बंद राहील.,No,No,No
ham,उद्यान 07-01-2026 ते 27-10-2026 पर्यंत नूतनीकरणासाठी बंद राहील.,No,No,No
ham,उद्यान 11-07-2026 ते 23-04-2025 पर्यंत नूतनीकरणासाठी बंद राहील.,No,No,No
ham,उद्यान 26-03-2025 ते 25-03-2025 पर्यंत नूतनीकरणासाठी बंद राहील.,No,No,No
ham,उद्यान 17-06-2025 ते 19-10-2026 पर्यंत नूतनीकरणासाठी बंद राहील.,No,No,No
ham,स्मरणपत्र: सोसायटीची देखभाल फी 19-01-2026 पर्यंत भरा अन्यथा विलंब शुल्क लागेल.,No,No,No
ham,उद्यान 12-01-2025 ते 08-08-2026 पर्यंत नूतनीकरणासाठी बंद राहील.,No,No,No
ham,"स्मरणपत्र: लायब्ररीची पुस्तके 06-06-2026 पर्यंत परत करायची आहेत, त्यानंतर विलंब शुल्क लागेल.",No,No,No
ham,उद्यान 28-10-2026 ते 25-12-2026 पर्यंत नूतनीकरणासाठी बंद राहील.,No,No,No
ham,उद्यान 24-01-2026 ते 01-07-2025 पर्यंत नूतनीकरणासाठी बंद राहील.,No,No,No
ham,सोसायटीची वार्षिक सभा 08-05-2025 रोजी संध्याकाळी 6 वाजता क्लबहाऊसमध्ये आहे.,No,No,No
ham,उद्यान 13-08-2026 ते 06-03-2026 पर्यंत नूतनीकरणासाठी बंद राहील.,No,No,No
ham,उद्यान 21-09-2026 ते 03-03-2025 पर्यंत नूतनीकरणासाठी बंद राहील.,No,No,No
ham,स्मरणपत्र: सोसायटीची देखभाल फी 23-02-2025 पर्यंत भरा अन्यथा विलंब शुल्क लागेल.,No,No,No
ham,उद्यान 23-05-2026 ते 06-01-2026 पर्यंत नूतनीकरणासाठी बंद राहील.,No,No,No
ham,उद्यान 12-12-2025 ते 08-11-2025 पर्यंत नूतनीकरणासाठी बंद राहील.,No,No,No
ham,उद्यान 12-12-2026 ते 12-06-2026 पर्यंत नूतनीकरणासाठी बंद राहील.,No,No,No
ham,उद्यान 14-10-2026 ते 12-10-2026 पर्यंत नूतनीकरणासाठी बंद राहील.,No,No,No
ham,स्मरणपत्र: सोसायटीची देखभाल फी 16-10-2026 पर्यंत भरा अन्यथा विलंब शुल्क लागेल.,No,No,No
ham,उद्यान 02-02-2025 ते 13-08-2026 पर्यंत नूतनीकरणासाठी बंद राहील.,No,No,No
ham,उद्यान 16-07-2026 ते 22-05-2025 पर्यंत नूतनीकरणासाठी बंद राहील.,No,No,No
ham,स्मरणपत्र: सोसायटीची देखभाल फी 14-02-2026 पर्यंत भरा अन्यथा विलंब शुल्क लागेल.,No,No,No
ham,स्मरणपत्र: सोसायटीची देखभाल फी 21-09-2025 पर्यंत भरा अन्यथा विलंब शुल्क लागेल.,No,No,No
ham,"स्मरणपत्र: लायब्ररीची पुस्तके 24-12-2025 पर्यंत परत करायची आहेत, त्यानंतर विलंब शुल्क लागेल.",No,No,No
ham,उद्यान 08-09-2026 ते 01-08-2026 पर्यंत नूतनीकरणासाठी बंद राहील.,No,No,No
ham,सोसायटीची वार्षिक सभा 26-01-2025 रोजी संध्याकाळी 6 वाजता क्लबहाऊसमध्ये आहे.,No,No,No
ham,उद्यान 13-07-2025 ते 22-04-2025 पर्यंत नूतनीकरणासाठी बंद राहील.,No,No,No
ham,उद्यान 25-10-2025 ते 17-11-2025 पर्यंत नूतनीकरणासाठी बंद राहील.,No,No,No
ham,उद्यान 05-09-2026 ते 02-09-2026 पर्यंत नूतनीकरणासाठी बंद राहील.,No,No,No
ham,"स्मरणपत्र: लायब्ररीची पुस्तके 04-07-2025 पर्यंत परत करायची आहेत, त्यानंतर विलंब शुल्क लागेल.",No,No,No
ham,उद्यान 01-01-2025 ते 07-09-2025 पर्यंत नूतनीकरणासाठी बंद राहील.,No,No,No
ham,उद्यान 27-05-2025 ते 04-05-2026 पर्यंत नूतनीकरणासाठी बंद राहील.,No,No,No
ham,उद्यान 28-11-2025 ते 16-10-2025 पर्यंत नूतनीकरणासाठी बंद राहील.,No,No,No
ham,उद्यान 05-02-2026 ते 10-09-2025 पर्यंत नूतनीकरणासाठी बंद राहील.,No,No,No
ham,उद्यान 23-10-2025 ते 07-11-2025 पर्यंत नूतनीकरणासाठी बंद राहील.,No,No,No
ham,सोसायटीची वार्षिक सभा 16-05-2025 रोजी संध्याकाळी 6 वाजता क्लबहाऊसमध्ये आहे.,No,No,No
ham,उद्यान 21-11-2025 ते 16-02-2026 पर्यंत नूतनीकरणासाठी बंद राहील.,No,No,No
ham,उद्यान 12-08-2026 ते 11-10-2025 पर्यंत नूतनीकरणासाठी बंद राहील.,No,No,No
ham,उद्यान 08-12-2025 ते 03-07-2025 पर्यंत नूतनीकरणासाठी बंद राहील.,No,No,No
ham,सोसायटीची वार्षिक सभा 12-05-2026 रोजी संध्याकाळी 6 वाजता क्लबहाऊसमध्ये आहे.,No,No,No
ham,उद्यान 05-01-2025 ते 13-10-2025 पर्यंत नूतनीकरणासाठी बंद राहील.,No,No,No
ham,स्मरणपत्र: सोसायटीची देखभाल फी 09-09-2025 पर्यंत भरा अन्यथा विलंब शुल्क लागेल.,No,No,No
ham,उद्यान 10-02-2026 ते 26-08-2025 पर्यंत नूतनीकरणासाठी बंद राहील.,No,No,No
ham,सोसायटीची वार्षिक सभा 28-06-2026 रोजी संध्याकाळी 6 वाजता क्लबहाऊसमध्ये आहे.,No,No,No
ham,उद्यान 19-02-2025 ते 07-04-2025 पर्यंत नूतनीकरणासाठी बंद राहील.,No,No,No
ham,उद्यान 13-12-2025 ते 24-04-2025 पर्यंत नूतनीकरणासाठी बंद राहील.,No,No,No
ham,"स्मरणपत्र: लायब्ररीची पुस्तके 16-04-2025 पर्यंत परत करायची आहेत, त्यानंतर विलंब शुल्क लागेल.",No,No,No
ham,उद्यान 23-08-2026 ते 04-05-2025 पर्यंत नूतनीकरणासाठी बंद राहील.,No,No,No
ham,स्मरणपत्र: सोसायटीची देखभाल फी 01-12-2026 पर्यंत भरा अन्यथा विलंब शुल्क लागेल.,No,No,No
ham,उद्यान 01-05-2026 ते 08-10-2026 पर्यंत नूतनीकरणासाठी बंद राहील.,No,No,No
ham,उद्यान 28-07-2025 ते 18-11-2025 पर्यंत नूतनीकरणासाठी बंद राहील.,No,No,No
ham,उद्यान 23-07-2026 ते 06-03-2025 पर्यंत नूतनीकरणासाठी बंद राहील.,No,No,No
ham,स्मरणपत्र: सोसायटीची देखभाल फी 26-09-2025 पर्यंत भरा अन्यथा विलंब शुल्क लागेल.,No,No,No
ham,उद्यान 01-04-2025 ते 14-09-2025 पर्यंत नूतनीकरणासाठी बंद राहील.,No,No,No
ham,उद्यान 04-06-2026 ते 19-03-2025 पर्यंत नूतनीकरणासाठी बंद राहील.,No,No,No
ham,उद्यान 15-02-2025 ते 15-07-2026 पर्यंत नूतनीकरणासाठी बंद राहील.,No,No,No
ham,उद्यान 26-02-2025 ते 16-04-2026 पर्यंत नूतनीकरणासाठी बंद राहील.,No,No,No
ham,स्मरणपत्र: सोसायटीची देखभाल फी 24-02-2025 पर्यंत भरा अन्यथा विलंब शुल्क लागेल.,No,No,No
ham,सोसायटीची वार्षिक सभा 10-07-2025 रोजी संध्याकाळी 6 वाजता क्लबहाऊसमध्ये आहे.,No,No,No
ham,उद्यान 17-05-2025 ते 08-03-2026 पर्यंत नूतनीकरणासाठी बंद राहील.,No,No,No
ham,उद्यान 07-08-2025 ते 17-11-2025 पर्यंत नूतनीकरणासाठी बंद राहील.,No,No,No
ham,स्मरणपत्र: सोसायटीची देखभाल फी 22-11-2025 पर्यंत भरा अन्यथा विलंब शुल्क लागेल.,No,No,No
ham,उद्यान 01-02-2025 ते 02-11-2026 पर्यंत नूतनीकरणासाठी बंद राहील.,No,No,No
ham,उद्यान 01-11-2025 ते 11-11-2025 पर्यंत नूतनीकरणासाठी बंद राहील.,No,No,No
ham,उद्यान 16-01-2026 ते 21-11-2025 पर्यंत नूतनीकरणासाठी बंद राहील.,No,No,No
ham,स्मरणपत्र: सोसायटीची देखभाल फी 20-10-2026 पर्यंत भरा अन्यथा विलंब शुल्क लागेल.,No,No,No
ham,उद्यान 06-01-2026 ते 22-08-2026 पर्यंत नूतनीकरणासाठी बंद राहील.,No,No,No
ham,उद्यान 23-04-2025 ते 08-11-2025 पर्यंत नूतनीकरणासाठी बंद राहील.,No,No,No
ham,उद्यान 12-07-2026 ते 04-03-2026 पर्यंत नूतनीकरणासाठी बंद राहील.,No,No,No
ham,स्मरणपत्र: सोसायटीची देखभाल फी 25-01-2026 पर्यंत भरा अन्यथा विलंब शुल्क लागेल.,No,No,No
ham,"स्मरणपत्र: लायब्ररीची पुस्तके 27-11-2026 पर्यंत परत करायची आहेत, त्यानंतर विलंब शुल्क लागेल.",No,No,No
ham,उद्यान 06-10-2025 ते 14-07-2026 पर्यंत नूतनीकरणासाठी बंद राहील.,No,No,No
ham,उद्यान 11-09-2025 ते 27-12-2025 पर्यंत नूतनीकरणासाठी बंद राहील.,No,No,No
ham,"स्मरणपत्र: लायब्ररीची पुस्तके 01-05-2025 पर्यंत परत करायची आहेत, त्यानंतर विलंब शुल्क लागेल.",No,No,No
ham,उद्यान 01-03-2025 ते 08-09-2026 पर्यंत नूतनीकरणासाठी बंद राहील.,No,No,No
ham,"स्मरणपत्र: लायब्ररीची पुस्तके 07-11-2025 पर्यंत परत करायची आहेत, त्यानंतर विलंब शुल्क लागेल.",No,No,No
ham,उद्यान 18-12-2026 ते 06-05-2025 पर्यंत नूतनीकरणासाठी बंद राहील.,No,No,No
ham,उद्यान 17-07-2025 ते 18-06-2026 पर्यंत नूतनीकरणासाठी बंद राहील.,No,No,No
ham,सोसायटीची वार्षिक सभा 14-06-2026 रोजी संध्याकाळी 6 वाजता क्लबहाऊसमध्ये आहे.,No,No,No
ham,उद्यान 16-07-2025 ते 10-12-2026 पर्यंत नूतनीकरणासाठी बंद राहील.,No,No,No
ham,उद्यान 03-04-2026 ते 27-08-2026 पर्यंत नूतनीकरणासाठी बंद राहील.,No,No,No
ham,सोसायटीची वार्षिक सभा 26-03-2026 रोजी संध्याकाळी 6 वाजता क्लबहाऊसमध्ये आहे.,No,No,No
ham,उद्यान 01-09-2026 ते 10-04-2026 पर्यंत नूतनीकरणासाठी बंद राहील.,No,No,No
ham,उद्यान 26-11-2026 ते 08-11-2026 पर्यंत नूतनीकरणासाठी बंद राहील.,No,No,No
ham,"स्मरणपत्र: लायब्ररीची पुस्तके 02-11-2026 पर्यंत परत करायची आहेत, त्यानंतर विलंब शुल्क लागेल.",No,No,No
ham,उद्यान 06-02-2026 ते 27-03-2026 पर्यंत नूतनीकरणासाठी बंद राहील.,No,No,No
ham,सोसायटीची वार्षिक सभा 09-09-2025 रोजी संध्याकाळी 6 वाजता क्लबहाऊसमध्ये आहे.,No,No,No
ham,उद्यान 04-04-2026 ते 02-12-2026 पर्यंत नूतनीकरणासाठी बंद राहील.,No,No,No
ham,स्मरणपत्र: सोसायटीची देखभाल फी 07-09-2026 पर्यंत भरा अन्यथा विलंब शुल्क लागेल.,No,No,No
ham,उद्यान 19-07-2025 ते 14-09-2025 पर्यंत नूतनीकरणासाठी बंद राहील.,No,No,No
ham,सोसायटीची वार्षिक सभा 26-05-2025 रोजी संध्याकाळी 6 वाजता क्लबहाऊसमध्ये आहे.,No,No,No
ham,सोसायटीची वार्षिक सभा 18-08-2026 रोजी संध्याकाळी 6 वाजता क्लबहाऊसमध्ये आहे.,No,No,No
ham,उद्यान 17-05-2026 ते 06-01-2026 पर्यंत नूतनीकरणासाठी बंद राहील.,No,No,No
ham,उद्यान 12-10-2026 ते 16-12-2025 पर्यंत नूतनीकरणासाठी बंद राहील.,No,No,No
ham,उद्यान 27-02-2025 ते 03-08-2026 पर्यंत नूतनीकरणासाठी बंद राहील.,No,No,No
ham,उद्यान 05-08-2025 ते 02-03-2026 पर्यंत नूतनीकरणासाठी बंद राहील.,No,No,No
ham,स्मरणपत्र: सोसायटीची देखभाल फी 24-04-2026 पर्यंत भरा अन्यथा विलंब शुल्क लागेल.,No,No,No
ham,उद्यान 06-12-2025 ते 05-02-2025 पर्यंत नूतनीकरणासाठी बंद राहील.,No,No,No
ham,उद्यान 19-09-2025 ते 28-03-2026 पर्यंत नूतनीकरणासाठी बंद राहील.,No,No,No
ham,उद्यान 06-01-2026 ते 12-11-2025 पर्यंत नूतनीकरणासाठी बंद राहील.,No,No,No
ham,"स्मरणपत्र: लायब्ररीची पुस्तके 18-10-2026 पर्यंत परत करायची आहेत, त्यानंतर विलंब शुल्क लागेल.",No,No,No
ham,उद्यान 14-06-2025 ते 04-07-2025 पर्यंत नूतनीकरणासाठी बंद राहील.,No,No,No
ham,उद्यान 20-04-2026 ते 14-07-2025 पर्यंत नूतनीकरणासाठी बंद राहील.,No,No,No
ham,उद्यान 01-02-2025 ते 27-03-2025 पर्यंत नूतनीकरणासाठी बंद राहील.,No,No,No
ham,उद्यान 27-09-2026 ते 26-04-2025 पर्यंत नूतनीकरणासाठी बंद राहील.,No,No,No
ham,उद्यान 22-08-2026 ते 09-12-2025 पर्यंत नूतनीकरणासाठी बंद राहील.,No,No,No
ham,उद्यान 21-04-2025 ते 11-09-2026 पर्यंत नूतनीकरणासाठी बंद राहील.,No,No,No
ham,उद्यान 05-08-2025 ते 01-01-2026 पर्यंत नूतनीकरणासाठी बंद राहील.,No,No,No
ham,उद्यान 17-09-2026 ते 01-01-2025 पर्यंत नूतनीकरणासाठी बंद राहील.,No,No,No
ham,स्मरणपत्र: सोसायटीची देखभाल फी 02-05-2026 पर्यंत भरा अन्यथा विलंब शुल्क लागेल.,No,No,No
ham,उद्यान 08-03-2026 ते 24-08-2026 पर्यंत नूतनीकरणासाठी बंद राहील.,No,No,No
ham,उद्यान 10-09-2026 ते 18-08-2025 पर्यंत नूतनीकरणासाठी बंद राहील.,No,No,No
ham,उद्यान 21-10-2026 ते 18-08-2026 पर्यंत नूतनीकरणासाठी बंद राहील.,No,No,No
ham,सोसायटीची वार्षिक सभा 25-05-2026 रोजी संध्याकाळी 6 वाजता क्लबहाऊसमध्ये आहे.,No,No,No
ham,स्मरणपत्र: सोसायटीची देखभाल फी 16-03-2025 पर्यंत भरा अन्यथा विलंब शुल्क लागेल.,No,No,No
ham,स्मरणपत्र: सोसायटीची देखभाल फी 28-02-2026 पर्यंत भरा अन्यथा विलंब शुल्क लागेल.,No,No,No
ham,उद्यान 08-04-2025 ते 20-03-2025 पर्यंत नूतनीकरणासाठी बंद राहील.,No,No,No
ham,उद्यान 03-04-2025 ते 09-04-2026 पर्यंत नूतनीकरणासाठी बंद राहील.,No,No,No
ham,उद्यान 05-06-2026 ते 06-08-2026 पर्यंत नूतनीकरणासाठी बंद राहील.,No,No,No
ham,उद्यान 02-08-2026 ते 13-10-2025 पर्यंत नूतनीकरणासाठी बंद राहील.,No,No,No
ham,उद्यान 18-02-2025 ते 11-02-2026 पर्यंत नूतनीकरणासाठी बंद राहील.,No,No,No
ham,उद्यान 27-01-2025 ते 10-06-2025 पर्यंत नूतनीकरणासाठी बंद राहील.,No,No,No
ham,उद्यान 02-10-2026 ते 28-04-2025 पर्यंत नूतनीकरणासाठी बंद राहील.,No,No,No
ham,उद्यान 14-11-2026 ते 05-11-2026 पर्यंत नूतनीकरणासाठी बंद राहील.,No,No,No
ham,उद्यान 08-07-2026 ते 12-10-2026 पर्यंत नूतनीकरणासाठी बंद राहील.,No,No,No
ham,उद्यान 27-03-2026 ते 15-01-2026 पर्यंत नूतनीकरणासाठी बंद राहील.,No,No,No
ham,सोसायटीची वार्षिक सभा 07-12-2025 रोजी संध्याकाळी 6 वाजता क्लबहाऊसमध्ये आहे.,No,No,No
ham,उद्यान 28-07-2026 ते 25-01-2026 पर्यंत नूतनीकरणासाठी बंद राहील.,No,No,No
ham,उद्यान 04-03-2026 ते 19-10-2025 पर्यंत नूतनीकरणासाठी बंद राहील.,No,No,No
ham,"स्मरणपत्र: लायब्ररीची पुस्तके 06-01-2025 पर्यंत परत करायची आहेत, त्यानंतर विलंब शुल्क लागेल.",No,No,No
ham,उद्यान 08-08-2026 ते 15-10-2026 पर्यंत नूतनीकरणासाठी बंद राहील.,No,No,No
ham,उद्यान 14-11-2025 ते 08-02-2026 पर्यंत नूतनीकरणासाठी बंद राहील.,No,No,No
ham,उद्यान 23-09-2025 ते 08-08-2026 पर्यंत नूतनीकरणासाठी बंद राहील.,No,No,No
ham,स्मरणपत्र: सोसायटीची देखभाल फी 24-06-2025 पर्यंत भरा अन्यथा विलंब शुल्क लागेल.,No,No,No
ham,उद्यान 04-06-2026 ते 28-03-2026 पर्यंत नूतनीकरणासाठी बंद राहील.,No,No,No
ham,स्मरणपत्र: सोसायटीची देखभाल फी 10-07-2025 पर्यंत भरा अन्यथा विलंब शुल्क लागेल.,No,No,No
ham,उद्यान 12-08-2025 ते 21-02-2025 पर्यंत नूतनीकरणासाठी बंद राहील.,No,No,No
ham,सोसायटीची वार्षिक सभा 15-06-2025 रोजी संध्याकाळी 6 वाजता क्लबहाऊसमध्ये आहे.,No,No,No
ham,उद्यान 21-08-2025 ते 04-09-2025 पर्यंत नूतनीकरणासाठी बंद राहील.,No,No,No
ham,"स्मरणपत्र: लायब्ररीची पुस्तके 10-11-2025 पर्यंत परत करायची आहेत, त्यानंतर विलंब शुल्क लागेल.",No,No,No
ham,स्मरणपत्र: सोसायटीची देखभाल फी 01-01-2025 पर्यंत भरा अन्यथा विलंब शुल्क लागेल.,No,No,No
ham,उद्यान 06-10-2026 ते 04-05-2026 पर्यंत नूतनीकरणासाठी बंद राहील.,No,No,No
ham,उद्यान 27-12-2026 ते 05-01-2026 पर्यंत नूतनीकरणासाठी बंद राहील.,No,No,No
ham,उद्यान 03-05-2025 ते 04-02-2025 पर्यंत नूतनीकरणासाठी बंद राहील.,No,No,No
ham,उद्यान 12-05-2026 ते 08-01-2025 पर्यंत नूतनीकरणासाठी बंद राहील.,No,No,No
ham,उद्यान 19-01-2026 ते 20-08-2025 पर्यंत नूतनीकरणासाठी बंद राहील.,No,No,No
ham,उद्यान 14-06-2025 ते 08-12-2025 पर्यंत नूतनीकरणासाठी बंद राहील.,No,No,No
ham,उद्यान 01-07-2025 ते 25-07-2026 पर्यंत नूतनीकरणासाठी बंद राहील.,No,No,No
ham,उद्यान 13-05-2026 ते 13-05-2026 पर्यंत नूतनीकरणासाठी बंद राहील.,No,No,No
ham,सोसायटीची वार्षिक सभा 27-08-2026 रोजी संध्याकाळी 6 वाजता क्लबहाऊसमध्ये आहे.,No,No,No
ham,उद्यान 17-06-2025 ते 19-01-2026 पर्यंत नूतनीकरणासाठी बंद राहील.,No,No,No
ham,उद्यान 08-09-2026 ते 04-04-2025 पर्यंत नूतनीकरणासाठी बंद राहील.,No,No,No
ham,उद्यान 14-03-2026 ते 14-11-2025 पर्यंत नूतनीकरणासाठी बंद राहील.,No,No,No
ham,उद्यान 09-09-2025 ते 06-12-2025 पर्यंत नूतनीकरणासाठी बंद राहील.,No,No,No
ham,उद्यान 10-12-2026 ते 07-06-2025 पर्यंत नूतनीकरणासाठी बंद राहील.,No,No,No
ham,उद्यान 21-04-2026 ते 21-09-2026 पर्यंत नूतनीकरणासाठी बंद राहील.,No,No,No
ham,उद्यान 10-06-2025 ते 10-10-2026 पर्यंत नूतनीकरणासाठी बंद राहील.,No,No,No
ham,उद्यान 04-01-2026 ते 01-05-2026 पर्यंत नूतनीकरणासाठी बंद राहील.,No,No,No
ham,उद्यान 13-06-2025 ते 05-07-2026 पर्यंत नूतनीकरणासाठी बंद राहील.,No,No,No
ham,उद्यान 02-10-2026 ते 05-09-2025 पर्यंत नूतनीकरणासाठी बंद राहील.,No,No,No
ham,उद्यान 18-10-2025 ते 15-12-2026 पर्यंत नूतनीकरणासाठी बंद राहील.,No,No,No
ham,उद्यान 10-06-2026 ते 01-03-2026 पर्यंत नूतनीकरणासाठी बंद राहील.,No,No,No
ham,उद्यान 27-11-2026 ते 06-01-2026 पर्यंत नूतनीकरणासाठी बंद राहील.,No,No,No
ham,सोसायटीची वार्षिक सभा 07-08-2025 रोजी संध्याकाळी 6 वाजता क्लबहाऊसमध्ये आहे.,No,No,No
ham,उद्यान 11-05-2025 ते 16-06-2026 पर्यंत नूतनीकरणासाठी बंद राहील.,No,No,No
ham,उद्यान 03-04-2025 ते 13-12-2025 पर्यंत नूतनीकरणासाठी बंद राहील.,No,No,No
ham,स्मरणपत्र: सोसायटीची देखभाल फी 20-01-2026 पर्यंत भरा अन्यथा विलंब शुल्क लागेल.,No,No,No
ham,उद्यान 16-12-2026 ते 06-11-2026 पर्यंत नूतनीकरणासाठी बंद राहील.,No,No,No
ham,स्मरणपत्र: सोसायटीची देखभाल फी 17-02-2025 पर्यंत भरा अन्यथा विलंब शुल्क लागेल.,No,No,No
ham,स्मरणपत्र: सोसायटीची देखभाल फी 03-08-2026 पर्यंत भरा अन्यथा विलंब शुल्क लागेल.,No,No,No
ham,उद्यान 27-11-2025 ते 17-02-2026 पर्यंत नूतनीकरणासाठी बंद राहील.,No,No,No
ham,उद्यान 27-11-2025 ते 01-10-2025 पर्यंत नूतनीकरणासाठी बंद राहील.,No,No,No
ham,"स्मरणपत्र: लायब्ररीची पुस्तके 26-03-2026 पर्यंत परत करायची आहेत, त्यानंतर विलंब शुल्क लागेल.",No,No,No
ham,उद्यान 26-12-2026 ते 07-08-2025 पर्यंत नूतनीकरणासाठी बंद राहील.,No,No,No
ham,उद्यान 28-01-2026 ते 26-11-2026 पर्यंत नूतनीकरणासाठी बंद राहील.,No,No,No
ham,उद्यान 16-02-2026 ते 21-12-2025 पर्यंत नूतनीकरणासाठी बंद राहील.,No,No,No
ham,उद्यान 08-06-2026 ते 20-03-2025 पर्यंत नूतनीकरणासाठी बंद राहील.,No,No,No
ham,सोसायटीची वार्षिक सभा 28-07-2026 रोजी संध्याकाळी 6 वाजता क्लबहाऊसमध्ये आहे.,No,No,No
ham,सोसायटीची वार्षिक सभा 17-01-2026 रोजी संध्याकाळी 6 वाजता क्लबहाऊसमध्ये आहे.,No,No,No
ham,उद्यान 14-11-2026 ते 01-03-2026 पर्यंत नूतनीकरणासाठी बंद राहील.,No,No,No
ham,उद्यान 03-11-2025 ते 22-05-2025 पर्यंत नूतनीकरणासाठी बंद राहील.,No,No,No
ham,स्मरणपत्र: सोसायटीची देखभाल फी 14-04-2025 पर्यंत भरा अन्यथा विलंब शुल्क लागेल.,No,No,No
ham,"स्मरणपत्र: लायब्ररीची पुस्तके 23-06-2026 पर्यंत परत करायची आहेत, त्यानंतर विलंब शुल्क लागेल.",No,No,No
ham,सोसायटीची वार्षिक सभा 13-06-2026 रोजी संध्याकाळी 6 वाजता क्लबहाऊसमध्ये आहे.,No,No,No
ham,उद्यान 02-05-2026 ते 09-08-2025 पर्यंत नूतनीकरणासाठी बंद राहील.,No,No,No
ham,उद्यान 08-09-2025 ते 06-08-2025 पर्यंत नूतनीकरणासाठी बंद राहील.,No,No,No
ham,उद्यान 01-05-2026 ते 25-03-2026 पर्यंत नूतनीकरणासाठी बंद राहील.,No,No,No
ham,उद्यान 26-04-2026 ते 10-07-2025 पर्यंत नूतनीकरणासाठी बंद राहील.,No,No,No
ham,उद्यान 12-05-2025 ते 19-07-2026 पर्यंत नूतनीकरणासाठी बंद राहील.,No,No,No
ham,स्मरणपत्र: सोसायटीची देखभाल फी 24-10-2025 पर्यंत भरा अन्यथा विलंब शुल्क लागेल.,No,No,No
ham,उद्यान 19-08-2025 ते 14-07-2026 पर्यंत नूतनीकरणासाठी बंद राहील.,No,No,No
ham,उद्यान 06-01-2025 ते 01-07-2025 पर्यंत नूतनीकरणासाठी बंद राहील.,No,No,No
ham,"स्मरणपत्र: लायब्ररीची पुस्तके 15-02-2025 पर्यंत परत करायची आहेत, त्यानंतर विलंब शुल्क लागेल.",No,No,No
ham,उद्यान 16-08-2025 ते 15-03-2026 पर्यंत नूतनीकरणासाठी बंद राहील.,No,No,No
ham,उद्यान 13-07-2026 ते 24-05-2025 पर्यंत नूतनीकरणासाठी बंद राहील.,No,No,No
ham,उद्यान 28-01-2025 ते 18-07-2026 पर्यंत नूतनीकरणासाठी बंद राहील.,No,No,No
ham,उद्यान 06-11-2026 ते 10-04-2026 पर्यंत नूतनीकरणासाठी बंद राहील.,No,No,No
ham,उद्यान 20-06-2025 ते 25-06-2026 पर्यंत नूतनीकरणासाठी बंद राहील.,No,No,No
ham,उद्यान 20-01-2025 ते 13-01-2025 पर्यंत नूतनीकरणासाठी बंद राहील.,No,No,No
ham,उद्यान 06-04-2025 ते 13-01-2026 पर्यंत नूतनीकरणासाठी बंद राहील.,No,No,No
ham,उद्यान 07-08-2026 ते 24-09-2026 पर्यंत नूतनीकरणासाठी बंद राहील.,No,No,No
ham,उद्यान 10-08-2026 ते 12-06-2025 पर्यंत नूतनीकरणासाठी बंद राहील.,No,No,No
ham,सोसायटीची वार्षिक सभा 22-11-2026 रोजी संध्याकाळी 6 वाजता क्लबहाऊसमध्ये आहे.,No,No,No
ham,उद्यान 25-06-2026 ते 09-05-2026 पर्यंत नूतनीकरणासाठी बंद राहील.,No,No,No
ham,उद्यान 17-06-2026 ते 01-12-2026 पर्यंत नूतनीकरणासाठी बंद राहील.,No,No,No
ham,उद्यान 27-06-2026 ते 17-05-2026 पर्यंत नूतनीकरणासाठी बंद राहील.,No,No,No
ham,"स्मरणपत्र: लायब्ररीची पुस्तके 24-09-2026 पर्यंत परत करायची आहेत, त्यानंतर विलंब शुल्क लागेल.",No,No,No
ham,सोसायटीची वार्षिक सभा 16-06-2026 रोजी संध्याकाळी 6 वाजता क्लबहाऊसमध्ये आहे.,No,No,No
ham,उद्यान 11-07-2026 ते 05-05-2026 पर्यंत नूतनीकरणासाठी बंद राहील.,No,No,No
ham,उद्यान 04-10-2026 ते 15-12-2025 पर्यंत नूतनीकरणासाठी बंद राहील.,No,No,No
ham,उद्यान 15-10-2026 ते 07-10-2025 पर्यंत नूतनीकरणासाठी बंद राहील.,No,No,No
ham,"स्मरणपत्र: लायब्ररीची पुस्तके 26-11-2025 पर्यंत परत करायची आहेत, त्यानंतर विलंब शुल्क लागेल.",No,No,No
ham,स्मरणपत्र: सोसायटीची देखभाल फी 07-02-2026 पर्यंत भरा अन्यथा विलंब शुल्क लागेल.,No,No,No
ham,उद्यान 12-07-2025 ते 04-01-2026 पर्यंत नूतनीकरणासाठी बंद राहील.,No,No,No
ham,उद्यान 09-11-2025 ते 23-03-2025 पर्यंत नूतनीकरणासाठी बंद राहील.,No,No,No
ham,उद्यान 08-05-2025 ते 09-09-2025 पर्यंत नूतनीकरणासाठी बंद राहील.,No,No,No
ham,स्मरणपत्र: सोसायटीची देखभाल फी 27-04-2025 पर्यंत भरा अन्यथा विलंब शुल्क लागेल.,No,No,No
ham,उद्यान 08-04-2026 ते 20-06-2025 पर्यंत नूतनीकरणासाठी बंद राहील.,No,No,No
ham,उद्यान 28-10-2026 ते 10-11-2025 पर्यंत नूतनीकरणासाठी बंद राहील.,No,No,No
ham,उद्यान 10-03-2026 ते 12-07-2026 पर्यंत नूतनीकरणासाठी बंद राहील.,No,No,No
ham,उद्यान 10-11-2025 ते 23-07-2025 पर्यंत नूतनीकरणासाठी बंद राहील.,No,No,No
ham,उद्यान 21-07-2025 ते 06-05-2026 पर्यंत नूतनीकरणासाठी बंद राहील.,No,No,No
ham,उद्यान 13-03-2026 ते 26-07-2026 पर्यंत नूतनीकरणासाठी बंद राहील.,No,No,No
ham,स्मरणपत्र: सोसायटीची देखभाल फी 04-10-2026 पर्यंत भरा अन्यथा विलंब शुल्क लागेल.,No,No,No
ham,स्मरणपत्र: सोसायटीची देखभाल फी 22-06-2026 पर्यंत भरा अन्यथा विलंब शुल्क लागेल.,No,No,No
ham,उद्यान 01-01-2026 ते 11-06-2025 पर्यंत नूतनीकरणासाठी बंद राहील.,No,No,No
ham,उद्यान 18-06-2025 ते 17-02-2026 पर्यंत नूतनीकरणासाठी बंद राहील.,No,No,No
ham,उद्यान 25-07-2025 ते 28-02-2025 पर्यंत नूतनीकरणासाठी बंद राहील.,No,No,No
ham,सोसायटीची वार्षिक सभा 06-06-2025 रोजी संध्याकाळी 6 वाजता क्लबहाऊसमध्ये आहे.,No,No,No
ham,उद्यान 08-03-2026 ते 09-01-2026 पर्यंत नूतनीकरणासाठी बंद राहील.,No,No,No
ham,सोसायटीची वार्षिक सभा 25-07-2026 रोजी संध्याकाळी 6 वाजता क्लबहाऊसमध्ये आहे.,No,No,No
ham,उद्यान 11-10-2026 ते 22-06-2026 पर्यंत नूतनीकरणासाठी बंद राहील.,No,No,No
ham,उद्यान 08-08-2026 ते 01-02-2026 पर्यंत नूतनीकरणासाठी बंद राहील.,No,No,No
ham,उद्यान 20-04-2025 ते 22-10-2025 पर्यंत नूतनीकरणासाठी बंद राहील.,No,No,No
ham,सोसायटीची वार्षिक सभा 11-12-2025 रोजी संध्याकाळी 6 वाजता क्लबहाऊसमध्ये आहे.,No,No,No
ham,उद्यान 24-01-2025 ते 03-03-2025 पर्यंत नूतनीकरणासाठी बंद राहील.,No,No,No
ham,उद्यान 13-05-2026 ते 21-08-2026 पर्यंत नूतनीकरणासाठी बंद राहील.,No,No,No
ham,उद्यान 24-12-2026 ते 06-12-2025 पर्यंत नूतनीकरणासाठी बंद राहील.,No,No,No
ham,उद्यान 16-08-2025 ते 25-09-2025 पर्यंत नूतनीकरणासाठी बंद राहील.,No,No,No
ham,उद्यान 08-04-2025 ते 19-12-2026 पर्यंत नूतनीकरणासाठी बंद राहील.,No,No,No
ham,"स्मरणपत्र: लायब्ररीची पुस्तके 25-04-2025 पर्यंत परत करायची आहेत, त्यानंतर विलंब शुल्क लागेल.",No,No,No
ham,उद्यान 14-01-2026 ते 28-12-2025 पर्यंत नूतनीकरणासाठी बंद राहील.,No,No,No
ham,उद्यान 23-12-2026 ते 23-08-2025 पर्यंत नूतनीकरणासाठी बंद राहील.,No,No,No
ham,उद्यान 15-12-2026 ते 11-02-2025 पर्यंत नूतनीकरणासाठी बंद राहील.,No,No,No
ham,उद्यान 21-01-2026 ते 07-09-2026 पर्यंत नूतनीकरणासाठी बंद राहील.,No,No,No
ham,उद्यान 07-01-2025 ते 21-09-2026 पर्यंत नूतनीकरणासाठी बंद राहील.,No,No,No
ham,उद्यान 27-02-2026 ते 14-02-2026 पर्यंत नूतनीकरणासाठी बंद राहील.,No,No,No
ham,उद्यान 11-10-2025 ते 04-06-2025 पर्यंत नूतनीकरणासाठी बंद राहील.,No,No,No
ham,सोसायटीची वार्षिक सभा 22-01-2025 रोजी संध्याकाळी 6 वाजता क्लबहाऊसमध्ये आहे.,No,No,No
ham,"स्मरणपत्र: लायब्ररीची पुस्तके 21-10-2026 पर्यंत परत करायची आहेत, त्यानंतर विलंब शुल्क लागेल.",No,No,No
ham,उद्यान 17-12-2026 ते 02-10-2025 पर्यंत नूतनीकरणासाठी बंद राहील.,No,No,No
ham,उद्यान 01-12-2025 ते 18-11-2026 पर्यंत नूतनीकरणासाठी बंद राहील.,No,No,No
ham,उद्यान 28-02-2025 ते 23-07-2025 पर्यंत नूतनीकरणासाठी बंद राहील.,No,No,No
ham,उद्यान 04-03-2026 ते 09-09-2025 पर्यंत नूतनीकरणासाठी बंद राहील.,No,No,No
ham,सोसायटीची वार्षिक सभा 01-02-2026 रोजी संध्याकाळी 6 वाजता क्लबहाऊसमध्ये आहे.,No,No,No
ham,"स्मरणपत्र: लायब्ररीची पुस्तके 08-12-2025 पर्यंत परत करायची आहेत, त्यानंतर विलंब शुल्क लागेल.",No,No,No
ham,उद्यान 09-12-2026 ते 16-08-2026 पर्यंत नूतनीकरणासाठी बंद राहील.,No,No,No
ham,उद्यान 07-08-2025 ते 13-07-2025 पर्यंत नूतनीकरणासाठी बंद राहील.,No,No,No
ham,उद्यान 25-11-2025 ते 23-06-2026 पर्यंत नूतनीकरणासाठी बंद राहील.,No,No,No
ham,उद्यान 16-10-2025 ते 09-06-2026 पर्यंत नूतनीकरणासाठी बंद राहील.,No,No,No
ham,उद्यान 21-01-2026 ते 01-08-2025 पर्यंत नूतनीकरणासाठी बंद राहील.,No,No,No
ham,उद्यान 14-06-2025 ते 15-06-2026 पर्यंत नूतनीकरणासाठी बंद राहील.,No,No,No
ham,उद्यान 23-04-2025 ते 07-06-2026 पर्यंत नूतनीकरणासाठी बंद राहील.,No,No,No
ham,उद्यान 04-03-2026 ते 16-10-2026 पर्यंत नूतनीकरणासाठी बंद राहील.,No,No,No
ham,सोसायटीची वार्षिक सभा 27-01-2026 रोजी संध्याकाळी 6 वाजता क्लबहाऊसमध्ये आहे.,No,No,No
ham,सोसायटीची वार्षिक सभा 17-03-2025 रोजी संध्याकाळी 6 वाजता क्लबहाऊसमध्ये आहे.,No,No,No
ham,उद्यान 24-03-2026 ते 01-09-2025 पर्यंत नूतनीकरणासाठी बंद राहील.,No,No,No
ham,उद्यान 09-01-2026 ते 03-04-2026 पर्यंत नूतनीकरणासाठी बंद राहील.,No,No,No
ham,उद्यान 05-03-2025 ते 18-08-2025 पर्यंत नूतनीकरणासाठी बंद राहील.,No,No,No
ham,उद्यान 03-12-2025 ते 09-10-2026 पर्यंत नूतनीकरणासाठी बंद राहील.,No,No,No
ham,उद्यान 09-12-2025 ते 15-05-2026 पर्यंत नूतनीकरणासाठी बंद राहील.,No,No,No
ham,उद्यान 28-07-2025 ते 03-03-2025 पर्यंत नूतनीकरणासाठी बंद राहील.,No,No,No
ham,उद्यान 16-12-2025 ते 23-10-2026 पर्यंत नूतनीकरणासाठी बंद राहील.,No,No,No
ham,उद्यान 14-04-2025 ते 08-02-2025 पर्यंत नूतनीकरणासाठी बंद राहील.,No,No,No
ham,उद्यान 15-11-2025 ते 19-03-2026 पर्यंत नूतनीकरणासाठी बंद राहील.,No,No,No
ham,"स्मरणपत्र: लायब्ररीची पुस्तके 25-02-2025 पर्यंत परत करायची आहेत, त्यानंतर विलंब शुल्क लागेल.",No,No,No
ham,उद्यान 28-10-2026 ते 03-07-2026 पर्यंत नूतनीकरणासाठी बंद राहील.,No,No,No
ham,स्मरणपत्र: सोसायटीची देखभाल फी 20-07-2026 पर्यंत भरा अन्यथा विलंब शुल्क लागेल.,No,No,No
ham,सोसायटीची वार्षिक सभा 03-10-2026 रोजी संध्याकाळी 6 वाजता क्लबहाऊसमध्ये आहे.,No,No,No
ham,सोसायटीची वार्षिक सभा 26-09-2025 रोजी संध्याकाळी 6 वाजता क्लबहाऊसमध्ये आहे.,No,No,No
ham,उद्यान 28-08-2026 ते 10-04-2025 पर्यंत नूतनीकरणासाठी बंद राहील.,No,No,No
ham,सोसायटीची वार्षिक सभा 03-08-2025 रोजी संध्याकाळी 6 वाजता क्लबहाऊसमध्ये आहे.,No,No,No
ham,"स्मरणपत्र: लायब्ररीची पुस्तके 01-02-2026 पर्यंत परत करायची आहेत, त्यानंतर विलंब शुल्क लागेल.",No,No,No
ham,स्मरणपत्र: सोसायटीची देखभाल फी 20-10-2025 पर्यंत भरा अन्यथा विलंब शुल्क लागेल.,No,No,No
ham,उद्यान 10-10-2025 ते 21-01-2026 पर्यंत नूतनीकरणासाठी बंद राहील.,No,No,No
ham,उद्यान 28-05-2026 ते 13-12-2025 पर्यंत नूतनीकरणासाठी बंद राहील.,No,No,No
ham,उद्यान 24-06-2026 ते 17-05-2026 पर्यंत नूतनीकरणासाठी बंद राहील.,No,No,No
ham,उद्यान 18-03-2026 ते 05-11-2026 पर्यंत नूतनीकरणासाठी बंद राहील.,No,No,No
ham,उद्यान 09-08-2026 ते 21-06-2026 पर्यंत नूतनीकरणासाठी बंद राहील.,No,No,No
ham,उद्यान 12-03-2026 ते 09-02-2025 पर्यंत नूतनीकरणासाठी बंद राहील.,No,No,No
ham,उद्यान 06-05-2026 ते 22-08-2025 पर्यंत नूतनीकरणासाठी बंद राहील.,No,No,No
ham,उद्यान 07-05-2026 ते 02-05-2026 पर्यंत नूतनीकरणासाठी बंद राहील.,No,No,No
ham,"स्मरणपत्र: लायब्ररीची पुस्तके 13-10-2025 पर्यंत परत करायची आहेत, त्यानंतर विलंब शुल्क लागेल.",No,No,No
ham,उद्यान 02-03-2025 ते 06-06-2025 पर्यंत नूतनीकरणासाठी बंद राहील.,No,No,No
ham,स्मरणपत्र: सोसायटीची देखभाल फी 17-09-2025 पर्यंत भरा अन्यथा विलंब शुल्क लागेल.,No,No,No
ham,स्मरणपत्र: सोसायटीची देखभाल फी 08-08-2025 पर्यंत भरा अन्यथा विलंब शुल्क लागेल.,No,No,No
ham,उद्यान 21-07-2025 ते 18-06-2025 पर्यंत नूतनीकरणासाठी बंद राहील.,No,No,No
ham,उद्यान 06-12-2026 ते 25-07-2025 पर्यंत नूतनीकरणासाठी बंद राहील.,No,No,No
ham,उद्यान 08-06-2026 ते 16-10-2025 पर्यंत नूतनीकरणासाठी बंद राहील.,No,No,No
ham,उद्यान 22-10-2025 ते 10-01-2025 पर्यंत नूतनीकरणासाठी बंद राहील.,No,No,No
ham,"स्मरणपत्र: लायब्ररीची पुस्तके 19-11-2025 पर्यंत परत करायची आहेत, त्यानंतर विलंब शुल्क लागेल.",No,No,No
ham,उद्यान 05-12-2026 ते 09-02-2025 पर्यंत नूतनीकरणासाठी बंद राहील.,No,No,No
ham,उद्यान 19-06-2025 ते 18-04-2026 पर्यंत नूतनीकरणासाठी बंद राहील.,No,No,No
ham,उद्यान 02-11-2026 ते 25-06-2025 पर्यंत नूतनीकरणासाठी बंद राहील.,No,No,No
ham,उद्यान 05-02-2026 ते 22-04-2026 पर्यंत नूतनीकरणासाठी बंद राहील.,No,No,No
ham,सोसायटीची वार्षिक सभा 05-03-2026 रोजी संध्याकाळी 6 वाजता क्लबहाऊसमध्ये आहे.,No,No,No
ham,उद्यान 12-02-2025 ते 27-04-2025 पर्यंत नूतनीकरणासाठी बंद राहील.,No,No,No
ham,सोसायटीची वार्षिक सभा 23-06-2025 रोजी संध्याकाळी 6 वाजता क्लबहाऊसमध्ये आहे.,No,No,No
ham,उद्यान 15-09-2025 ते 19-07-2025 पर्यंत नूतनीकरणासाठी बंद राहील.,No,No,No
ham,उद्यान 02-08-2025 ते 03-01-2025 पर्यंत नूतनीकरणासाठी बंद राहील.,No,No,No
ham,उद्यान 26-02-2025 ते 15-01-2026 पर्यंत नूतनीकरणासाठी बंद राहील.,No,No,No
ham,"स्मरणपत्र: लायब्ररीची पुस्तके 11-07-2025 पर्यंत परत करायची आहेत, त्यानंतर विलंब शुल्क लागेल.",No,No,No
ham,उद्यान 09-04-2026 ते 22-01-2026 पर्यंत नूतनीकरणासाठी बंद राहील.,No,No,No
ham,उद्यान 16-01-2026 ते 17-07-2026 पर्यंत नूतनीकरणासाठी बंद राहील.,No,No,No
ham,उद्यान 04-06-2025 ते 16-04-2025 पर्यंत नूतनीकरणासाठी बंद राहील.,No,No,No
ham,उद्यान 26-10-2026 ते 02-03-2025 पर्यंत नूतनीकरणासाठी बंद राहील.,No,No,No
ham,स्मरणपत्र: सोसायटीची देखभाल फी 15-11-2026 पर्यंत भरा अन्यथा विलंब शुल्क लागेल.,No,No,No
ham,सोसायटीची वार्षिक सभा 12-06-2026 रोजी संध्याकाळी 6 वाजता क्लबहाऊसमध्ये आहे.,No,No,No
ham,स्मरणपत्र: सोसायटीची देखभाल फी 03-11-2026 पर्यंत भरा अन्यथा विलंब शुल्क लागेल.,No,No,No
ham,उद्यान 20-06-2025 ते 25-05-2025 पर्यंत नूतनीकरणासाठी बंद राहील.,No,No,No
ham,उद्यान 02-07-2025 ते 14-04-2025 पर्यंत नूतनीकरणासाठी बंद राहील.,No,No,No
ham,उद्यान 14-05-2026 ते 20-02-2025 पर्यंत नूतनीकरणासाठी बंद राहील.,No,No,No
ham,उद्यान 10-02-2025 ते 18-05-2025 पर्यंत नूतनीकरणासाठी बंद राहील.,No,No,No
ham,उद्यान 10-02-2025 ते 08-06-2026 पर्यंत नूतनीकरणासाठी बंद राहील.,No,No,No
ham,"स्मरणपत्र: लायब्ररीची पुस्तके 09-12-2026 पर्यंत परत करायची आहेत, त्यानंतर विलंब शुल्क लागेल.",No,No,No
ham,स्मरणपत्र: सोसायटीची देखभाल फी 20-02-2026 पर्यंत भरा अन्यथा विलंब शुल्क लागेल.,No,No,No
ham,उद्यान 24-03-2026 ते 04-06-2026 पर्यंत नूतनीकरणासाठी बंद राहील.,No,No,No
ham,उद्यान 19-04-2026 ते 28-05-2026 पर्यंत नूतनीकरणासाठी बंद राहील.,No,No,No
ham,"स्मरणपत्र: लायब्ररीची पुस्तके 12-10-2025 पर्यंत परत करायची आहेत, त्यानंतर विलंब शुल्क लागेल.",No,No,No
ham,सोसायटीची वार्षिक सभा 04-02-2026 रोजी संध्याकाळी 6 वाजता क्लबहाऊसमध्ये आहे.,No,No,No
ham,उद्यान 12-07-2025 ते 23-10-2026 पर्यंत नूतनीकरणासाठी बंद राहील.,No,No,No
ham,उद्यान 17-12-2026 ते 08-04-2026 पर्यंत नूतनीकरणासाठी बंद राहील.,No,No,No
ham,उद्यान 06-07-2026 ते 04-12-2026 पर्यंत नूतनीकरणासाठी बंद राहील.,No,No,No
ham,उद्यान 14-03-2025 ते 26-07-2025 पर्यंत नूतनीकरणासाठी बंद राहील.,No,No,No
ham,उद्यान 13-04-2026 ते 26-08-2025 पर्यंत नूतनीकरणासाठी बंद राहील.,No,No,No
ham,उद्यान 27-03-2025 ते 05-11-2026 पर्यंत नूतनीकरणासाठी बंद राहील.,No,No,No
ham,उद्यान 02-08-2026 ते 28-01-2026 पर्यंत नूतनीकरणासाठी बंद राहील.,No,No,No
ham,उद्यान 25-01-2026 ते 17-06-2026 पर्यंत नूतनीकरणासाठी बंद राहील.,No,No,No
ham,उद्यान 13-01-2025 ते 04-04-2025 पर्यंत नूतनीकरणासाठी बंद राहील.,No,No,No
ham,स्मरणपत्र: सोसायटीची देखभाल फी 25-08-2025 पर्यंत भरा अन्यथा विलंब शुल्क लागेल.,No,No,No
ham,उद्यान 09-01-2025 ते 06-06-2025 पर्यंत नूतनीकरणासाठी बंद राहील.,No,No,No
ham,उद्यान 18-09-2025 ते 03-10-2025 पर्यंत नूतनीकरणासाठी बंद राहील.,No,No,No
ham,उद्यान 22-05-2026 ते 18-08-2025 पर्यंत नूतनीकरणासाठी बंद राहील.,No,No,No
ham,उद्यान 07-11-2025 ते 26-12-2026 पर्यंत नूतनीकरणासाठी बंद राहील.,No,No,No
ham,स्मरणपत्र: सोसायटीची देखभाल फी 13-11-2025 पर्यंत भरा अन्यथा विलंब शुल्क लागेल.,No,No,No
ham,सोसायटीची वार्षिक सभा 08-07-2025 रोजी संध्याकाळी 6 वाजता क्लबहाऊसमध्ये आहे.,No,No,No
ham,उद्यान 28-03-2026 ते 10-11-2026 पर्यंत नूतनीकरणासाठी बंद राहील.,No,No,No
ham,उद्यान 04-12-2025 ते 20-10-2026 पर्यंत नूतनीकरणासाठी बंद राहील.,No,No,No
ham,उद्यान 21-05-2025 ते 05-10-2026 पर्यंत नूतनीकरणासाठी बंद राहील.,No,No,No
ham,उद्यान 10-11-2025 ते 13-05-2026 पर्यंत नूतनीकरणासाठी बंद राहील.,No,No,No
ham,"स्मरणपत्र: लायब्ररीची पुस्तके 04-01-2026 पर्यंत परत करायची आहेत, त्यानंतर विलंब शुल्क लागेल.",No,No,No
ham,"स्मरणपत्र: लायब्ररीची पुस्तके 23-08-2026 पर्यंत परत करायची आहेत, त्यानंतर विलंब शुल्क लागेल.",No,No,No
ham,स्मरणपत्र: सोसायटीची देखभाल फी 13-10-2026 पर्यंत भरा अन्यथा विलंब शुल्क लागेल.,No,No,No
ham,उद्यान 05-11-2025 ते 11-07-2026 पर्यंत नूतनीकरणासाठी बंद राहील.,No,No,No
ham,उद्यान 23-06-2026 ते 20-03-2026 पर्यंत नूतनीकरणासाठी बंद राहील.,No,No,No
ham,उद्यान 28-12-2026 ते 24-08-2026 पर्यंत नूतनीकरणासाठी बंद राहील.,No,No,No
ham,उद्यान 10-11-2025 ते 05-08-2025 पर्यंत नूतनीकरणासाठी बंद राहील.,No,No,No
ham,उद्यान 19-02-2025 ते 26-11-2026 पर्यंत नूतनीकरणासाठी बंद राहील.,No,No,No
ham,स्मरणपत्र: सोसायटीची देखभाल फी 04-05-2025 पर्यंत भरा अन्यथा विलंब शुल्क लागेल.,No,No,No
ham,सोसायटीची वार्षिक सभा 21-10-2025 रोजी संध्याकाळी 6 वाजता क्लबहाऊसमध्ये आहे.,No,No,No
ham,स्मरणपत्र: सोसायटीची देखभाल फी 28-03-2025 पर्यंत भरा अन्यथा विलंब शुल्क लागेल.,No,No,No
ham,उद्यान 22-03-2025 ते 28-01-2025 पर्यंत नूतनीकरणासाठी बंद राहील.,No,No,No
ham,उद्यान 03-03-2025 ते 11-03-2026 पर्यंत नूतनीकरणासाठी बंद राहील.,No,No,No
ham,उद्यान 19-12-2026 ते 02-09-2025 पर्यंत नूतनीकरणासाठी बंद राहील.,No,No,No
ham,उद्यान 03-10-2026 ते 20-11-2025 पर्यंत नूतनीकरणासाठी बंद राहील.,No,No,No
ham,"स्मरणपत्र: लायब्ररीची पुस्तके 15-12-2025 पर्यंत परत करायची आहेत, त्यानंतर विलंब शुल्क लागेल.",No,No,No
ham,उद्यान 07-02-2025 ते 15-03-2026 पर्यंत नूतनीकरणासाठी बंद राहील.,No,No,No
ham,उद्यान 10-06-2026 ते 20-03-2026 पर्यंत नूतनीकरणासाठी बंद राहील.,No,No,No
ham,उद्यान 02-12-2025 ते 11-06-2026 पर्यंत नूतनीकरणासाठी बंद राहील.,No,No,No
ham,उद्यान 28-04-2025 ते 27-04-2026 पर्यंत नूतनीकरणासाठी बंद राहील.,No,No,No
ham,उद्यान 01-11-2025 ते 21-01-2025 पर्यंत नूतनीकरणासाठी बंद राहील.,No,No,No
ham,उद्यान 10-02-2026 ते 27-03-2025 पर्यंत नूतनीकरणासाठी बंद राहील.,No,No,No
ham,उद्यान 19-01-2026 ते 23-02-2026 पर्यंत नूतनीकरणासाठी बंद राहील.,No,No,No
ham,उद्यान 28-07-2026 ते 07-05-2026 पर्यंत नूतनीकरणासाठी बंद राहील.,No,No,No
ham,उद्यान 27-12-2025 ते 24-05-2025 पर्यंत नूतनीकरणासाठी बंद राहील.,No,No,No
ham,उद्यान 19-02-2025 ते 16-09-2025 पर्यंत नूतनीकरणासाठी बंद राहील.,No,No,No
ham,उद्यान 19-03-2026 ते 09-10-2025 पर्यंत नूतनीकरणासाठी बंद राहील.,No,No,No
ham,उद्यान 24-11-2025 ते 04-12-2025 पर्यंत नूतनीकरणासाठी बंद राहील.,No,No,No
ham,उद्यान 13-08-2025 ते 08-12-2026 पर्यंत नूतनीकरणासाठी बंद राहील.,No,No,No
ham,स्मरणपत्र: सोसायटीची देखभाल फी 15-04-2025 पर्यंत भरा अन्यथा विलंब शुल्क लागेल.,No,No,No
ham,सोसायटीची वार्षिक सभा 19-11-2025 रोजी संध्याकाळी 6 वाजता क्लबहाऊसमध्ये आहे.,No,No,No
ham,उद्यान 16-05-2025 ते 07-11-2025 पर्यंत नूतनीकरणासाठी बंद राहील.,No,No,No
ham,उद्यान 20-01-2025 ते 25-11-2025 पर्यंत नूतनीकरणासाठी बंद राहील.,No,No,No
ham,उद्यान 20-08-2026 ते 19-01-2026 पर्यंत नूतनीकरणासाठी बंद राहील.,No,No,No
ham,उद्यान 09-04-2026 ते 26-05-2025 पर्यंत नूतनीकरणासाठी बंद राहील.,No,No,No
ham,उद्यान 24-08-2025 ते 12-01-2025 पर्यंत नूतनीकरणासाठी बंद राहील.,No,No,No
ham,सोसायटीची वार्षिक सभा 10-01-2025 रोजी संध्याकाळी 6 वाजता क्लबहाऊसमध्ये आहे.,No,No,No
ham,सोसायटीची वार्षिक सभा 11-05-2025 रोजी संध्याकाळी 6 वाजता क्लबहाऊसमध्ये आहे.,No,No,No
ham,उद्यान 24-05-2026 ते 19-09-2026 पर्यंत नूतनीकरणासाठी बंद राहील.,No,No,No
ham,उद्यान 27-06-2026 ते 06-09-2025 पर्यंत नूतनीकरणासाठी बंद राहील.,No,No,No
ham,सोसायटीची वार्षिक सभा 08-03-2025 रोजी संध्याकाळी 6 वाजता क्लबहाऊसमध्ये आहे.,No,No,No
ham,उद्यान 09-08-2026 ते 15-09-2025 पर्यंत नूतनीकरणासाठी बंद राहील.,No,No,No
ham,उद्यान 20-05-2025 ते 28-02-2026 पर्यंत नूतनीकरणासाठी बंद राहील.,No,No,No
ham,उद्यान 02-10-2026 ते 16-03-2026 पर्यंत नूतनीकरणासाठी बंद राहील.,No,No,No
ham,उद्यान 07-02-2025 ते 25-03-2026 पर्यंत नूतनीकरणासाठी बंद राहील.,No,No,No
ham,उद्यान 14-08-2026 ते 07-10-2026 पर्यंत नूतनीकरणासाठी बंद राहील.,No,No,No
ham,उद्यान 18-01-2025 ते 16-02-2025 पर्यंत नूतनीकरणासाठी बंद राहील.,No,No,No
ham,उद्यान 13-06-2025 ते 11-04-2026 पर्यंत नूतनीकरणासाठी बंद राहील.,No,No,No
ham,उद्यान 12-12-2026 ते 23-09-2025 पर्यंत नूतनीकरणासाठी बंद राहील.,No,No,No
ham,उद्यान 17-02-2025 ते 24-07-2025 पर्यंत नूतनीकरणासाठी बंद राहील.,No,No,No
ham,उद्यान 17-11-2026 ते 16-05-2026 पर्यंत नूतनीकरणासाठी बंद राहील.,No,No,No
ham,उद्यान 08-11-2025 ते 25-11-2025 पर्यंत नूतनीकरणासाठी बंद राहील.,No,No,No
ham,उद्यान 08-12-2026 ते 27-09-2026 पर्यंत नूतनीकरणासाठी बंद राहील.,No,No,No
ham,उद्यान 10-07-2025 ते 03-09-2025 पर्यंत नूतनीकरणासाठी बंद राहील.,No,No,No
ham,उद्यान 14-06-2026 ते 08-09-2026 पर्यंत नूतनीकरणासाठी बंद राहील.,No,No,No
ham,उद्यान 01-03-2025 ते 08-12-2025 पर्यंत नूतनीकरणासाठी बंद राहील.,No,No,No
ham,उद्यान 11-06-2026 ते 25-07-2026 पर्यंत नूतनीकरणासाठी बंद राहील.,No,No,No
ham,उद्यान 08-12-2025 ते 09-08-2025 पर्यंत नूतनीकरणासाठी बंद राहील.,No,No,No
ham,उद्यान 20-03-2026 ते 27-02-2026 पर्यंत नूतनीकरणासाठी बंद राहील.,No,No,No
ham,उद्यान 22-10-2025 ते 04-11-2026 पर्यंत नूतनीकरणासाठी बंद राहील.,No,No,No
ham,उद्यान 12-06-2025 ते 28-12-2026 पर्यंत नूतनीकरणासाठी बंद राहील.,No,No,No
ham,उद्यान 24-01-2026 ते 18-05-2025 पर्यंत नूतनीकरणासाठी बंद राहील.,No,No,No
ham,उद्यान 01-07-2025 ते 24-07-2026 पर्यंत नूतनीकरणासाठी बंद राहील.,No,No,No
ham,उद्यान 03-12-2025 ते 16-08-2025 पर्यंत नूतनीकरणासाठी बंद राहील.,No,No,No
ham,उद्यान 14-10-2025 ते 12-08-2025 पर्यंत नूतनीकरणासाठी बंद राहील.,No,No,No
ham,उद्यान 13-12-2026 ते 22-10-2025 पर्यंत नूतनीकरणासाठी बंद राहील.,No,No,No
ham,उद्यान 28-11-2025 ते 06-03-2026 पर्यंत नूतनीकरणासाठी बंद राहील.,No,No,No
ham,स्मरणपत्र: सोसायटीची देखभाल फी 17-11-2026 पर्यंत भरा अन्यथा विलंब शुल्क लागेल.,No,No,No
ham,सोसायटीची वार्षिक सभा 11-08-2025 रोजी संध्याकाळी 6 वाजता क्लबहाऊसमध्ये आहे.,No,No,No
ham,उद्यान 09-05-2025 ते 17-12-2025 पर्यंत नूतनीकरणासाठी बंद राहील.,No,No,No
ham,सोसायटीची वार्षिक सभा 11-05-2026 रोजी संध्याकाळी 6 वाजता क्लबहाऊसमध्ये आहे.,No,No,No
ham,उद्यान 04-03-2025 ते 12-05-2026 पर्यंत नूतनीकरणासाठी बंद राहील.,No,No,No
ham,उद्यान 14-09-2025 ते 22-09-2026 पर्यंत नूतनीकरणासाठी बंद राहील.,No,No,No
ham,उद्यान 15-01-2026 ते 11-03-2026 पर्यंत नूतनीकरणासाठी बंद राहील.,No,No,No
ham,उद्यान 14-04-2025 ते 18-03-2025 पर्यंत नूतनीकरणासाठी बंद राहील.,No,No,No
ham,उद्यान 22-04-2026 ते 24-06-2026 पर्यंत नूतनीकरणासाठी बंद राहील.,No,No,No
ham,उद्यान 22-01-2025 ते 25-03-2026 पर्यंत नूतनीकरणासाठी बंद राहील.,No,No,No
ham,उद्यान 09-11-2025 ते 08-07-2026 पर्यंत नूतनीकरणासाठी बंद राहील.,No,No,No
ham,स्मरणपत्र: सोसायटीची देखभाल फी 21-08-2025 पर्यंत भरा अन्यथा विलंब शुल्क लागेल.,No,No,No
ham,उद्यान 13-01-2025 ते 27-05-2026 पर्यंत नूतनीकरणासाठी बंद राहील.,No,No,No
ham,उद्यान 26-03-2025 ते 08-06-2026 पर्यंत नूतनीकरणासाठी बंद राहील.,No,No,No
ham,स्मरणपत्र: सोसायटीची देखभाल फी 15-05-2026 पर्यंत भरा अन्यथा विलंब शुल्क लागेल.,No,No,No
ham,उद्यान 19-08-2025 ते 12-11-2025 पर्यंत नूतनीकरणासाठी बंद राहील.,No,No,No
ham,उद्यान 18-09-2025 ते 24-03-2025 पर्यंत नूतनीकरणासाठी बंद राहील.,No,No,No
ham,उद्यान 17-06-2025 ते 07-12-2025 पर्यंत नूतनीकरणासाठी बंद राहील.,No,No,No
ham,उद्यान 13-10-2026 ते 25-07-2026 पर्यंत नूतनीकरणासाठी बंद राहील.,No,No,No
ham,उद्यान 18-09-2025 ते 26-03-2025 पर्यंत नूतनीकरणासाठी बंद राहील.,No,No,No
ham,उद्यान 21-04-2026 ते 23-04-2026 पर्यंत नूतनीकरणासाठी बंद राहील.,No,No,No
ham,उद्यान 26-10-2026 ते 02-04-2026 पर्यंत नूतनीकरणासाठी बंद राहील.,No,No,No
ham,उद्यान 17-03-2025 ते 06-04-2025 पर्यंत नूतनीकरणासाठी बंद राहील.,No,No,No
ham,उद्यान 19-12-2026 ते 12-04-2026 पर्यंत नूतनीकरणासाठी बंद राहील.,No,No,No
ham,उद्यान 23-05-2025 ते 21-01-2025 पर्यंत नूतनीकरणासाठी बंद राहील.,No,No,No
ham,सोसायटीची वार्षिक सभा 22-11-2025 रोजी संध्याकाळी 6 वाजता क्लबहाऊसमध्ये आहे.,No,No,No
ham,उद्यान 01-03-2026 ते 26-04-2025 पर्यंत नूतनीकरणासाठी बंद राहील.,No,No,No
ham,उद्यान 24-12-2025 ते 22-10-2026 पर्यंत नूतनीकरणासाठी बंद राहील.,No,No,No
ham,उद्यान 25-10-2025 ते 14-05-2025 पर्यंत नूतनीकरणासाठी बंद राहील.,No,No,No
ham,उद्यान 01-01-2026 ते 07-07-2025 पर्यंत नूतनीकरणासाठी बंद राहील.,No,No,No
ham,उद्यान 18-03-2026 ते 20-12-2025 पर्यंत नूतनीकरणासाठी बंद राहील.,No,No,No
ham,उद्यान 13-11-2026 ते 25-09-2025 पर्यंत नूतनीकरणासाठी बंद राहील.,No,No,No
ham,उद्यान 19-02-2025 ते 24-10-2026 पर्यंत नूतनीकरणासाठी बंद राहील.,No,No,No
ham,उद्यान 21-11-2026 ते 20-04-2025 पर्यंत नूतनीकरणासाठी बंद राहील.,No,No,No
ham,उद्यान 18-11-2026 ते 04-01-2025 पर्यंत नूतनीकरणासाठी बंद राहील.,No,No,No
ham,उद्यान 21-01-2026 ते 19-04-2026 पर्यंत नूतनीकरणासाठी बंद राहील.,No,No,No
ham,उद्यान 05-11-2026 ते 22-07-2026 पर्यंत नूतनीकरणासाठी बंद राहील.,No,No,No
ham,उद्यान 11-01-2026 ते 20-07-2025 पर्यंत नूतनीकरणासाठी बंद राहील.,No,No,No
ham,उद्यान 18-02-2026 ते 07-11-2026 पर्यंत नूतनीकरणासाठी बंद राहील.,No,No,No
ham,उद्यान 10-10-2026 ते 01-10-2026 पर्यंत नूतनीकरणासाठी बंद राहील.,No,No,No
ham,उद्यान 22-12-2025 ते 06-02-2025 पर्यंत नूतनीकरणासाठी बंद राहील.,No,No,No
ham,स्मरणपत्र: सोसायटीची देखभाल फी 21-01-2025 पर्यंत भरा अन्यथा विलंब शुल्क लागेल.,No,No,No
ham,उद्यान 28-03-2026 ते 14-03-2026 पर्यंत नूतनीकरणासाठी बंद राहील.,No,No,No
ham,उद्यान 28-08-2026 ते 19-04-2025 पर्यंत नूतनीकरणासाठी बंद राहील.,No,No,No
ham,"स्मरणपत्र: लायब्ररीची पुस्तके 08-01-2026 पर्यंत परत करायची आहेत, त्यानंतर विलंब शुल्क लागेल.",No,No,No
ham,"स्मरणपत्र: लायब्ररीची पुस्तके 22-12-2025 पर्यंत परत करायची आहेत, त्यानंतर विलंब शुल्क लागेल.",No,No,No
ham,उद्यान 21-05-2026 ते 17-05-2025 पर्यंत नूतनीकरणासाठी बंद राहील.,No,No,No
ham,उद्यान 01-03-2026 ते 01-11-2026 पर्यंत नूतनीकरणासाठी बंद राहील.,No,No,No
ham,स्मरणपत्र: सोसायटीची देखभाल फी 25-08-2026 पर्यंत भरा अन्यथा विलंब शुल्क लागेल.,No,No,No
ham,उद्यान 12-02-2025 ते 26-01-2025 पर्यंत नूतनीकरणासाठी बंद राहील.,No,No,No
ham,उद्यान 18-08-2025 ते 15-04-2026 पर्यंत नूतनीकरणासाठी बंद राहील.,No,No,No
ham,स्मरणपत्र: सोसायटीची देखभाल फी 11-09-2026 पर्यंत भरा अन्यथा विलंब शुल्क लागेल.,No,No,No
ham,सोसायटीची वार्षिक सभा 07-09-2025 रोजी संध्याकाळी 6 वाजता क्लबहाऊसमध्ये आहे.,No,No,No
ham,उद्यान 06-01-2025 ते 18-05-2026 पर्यंत नूतनीकरणासाठी बंद राहील.,No,No,No
ham,उद्यान 28-01-2026 ते 01-06-2026 पर्यंत नूतनीकरणासाठी बंद राहील.,No,No,No
ham,सोसायटीची वार्षिक सभा 24-03-2025 रोजी संध्याकाळी 6 वाजता क्लबहाऊसमध्ये आहे.,No,No,No
ham,उद्यान 20-03-2025 ते 03-06-2025 पर्यंत नूतनीकरणासाठी बंद राहील.,No,No,No
ham,उद्यान 18-03-2026 ते 18-12-2025 पर्यंत नूतनीकरणासाठी बंद राहील.,No,No,No
ham,उद्यान 04-05-2025 ते 18-07-2026 पर्यंत नूतनीकरणासाठी बंद राहील.,No,No,No
ham,उद्यान 20-03-2026 ते 20-03-2026 पर्यंत नूतनीकरणासाठी बंद राहील.,No,No,No
ham,उद्यान 09-10-2025 ते 01-12-2025 पर्यंत नूतनीकरणासाठी बंद राहील.,No,No,No
ham,सोसायटीची वार्षिक सभा 24-04-2025 रोजी संध्याकाळी 6 वाजता क्लबहाऊसमध्ये आहे.,No,No,No
ham,उद्यान 25-06-2025 ते 05-07-2025 पर्यंत नूतनीकरणासाठी बंद राहील.,No,No,No
ham,उद्यान 19-11-2026 ते 17-04-2026 पर्यंत नूतनीकरणासाठी बंद राहील.,No,No,No
ham,उद्यान 08-11-2026 ते 04-06-2026 पर्यंत नूतनीकरणासाठी बंद राहील.,No,No,No
ham,उद्यान 11-01-2025 ते 13-09-2026 पर्यंत नूतनीकरणासाठी बंद राहील.,No,No,No
ham,उद्यान 20-04-2026 ते 19-06-2026 पर्यंत नूतनीकरणासाठी बंद राहील.,No,No,No
ham,"स्मरणपत्र: लायब्ररीची पुस्तके 14-05-2025 पर्यंत परत करायची आहेत, त्यानंतर विलंब शुल्क लागेल.",No,No,No
ham,उद्यान 15-12-2025 ते 14-12-2026 पर्यंत नूतनीकरणासाठी बंद राहील.,No,No,No
ham,स्मरणपत्र: सोसायटीची देखभाल फी 10-03-2026 पर्यंत भरा अन्यथा विलंब शुल्क लागेल.,No,No,No
ham,उद्यान 09-10-2026 ते 05-09-2025 पर्यंत नूतनीकरणासाठी बंद राहील.,No,No,No
ham,उद्यान 27-07-2026 ते 22-02-2026 पर्यंत नूतनीकरणासाठी बंद राहील.,No,No,No
ham,स्मरणपत्र: सोसायटीची देखभाल फी 14-03-2026 पर्यंत भरा अन्यथा विलंब शुल्क लागेल.,No,No,No
ham,उद्यान 19-07-2025 ते 16-07-2026 पर्यंत नूतनीकरणासाठी बंद राहील.,No,No,No
ham,"स्मरणपत्र: लायब्ररीची पुस्तके 16-11-2025 पर्यंत परत करायची आहेत, त्यानंतर विलंब शुल्क लागेल.",No,No,No
ham,उद्यान 27-04-2026 ते 17-09-2025 पर्यंत नूतनीकरणासाठी बंद राहील.,No,No,No
ham,स्मरणपत्र: सोसायटीची देखभाल फी 15-06-2026 पर्यंत भरा अन्यथा विलंब शुल्क लागेल.,No,No,No
ham,उद्यान 18-08-2026 ते 06-08-2025 पर्यंत नूतनीकरणासाठी बंद राहील.,No,No,No
ham,उद्यान 28-02-2026 ते 20-04-2025 पर्यंत नूतनीकरणासाठी बंद राहील.,No,No,No
ham,उद्यान 12-08-2026 ते 25-08-2026 पर्यंत नूतनीकरणासाठी बंद राहील.,No,No,No
ham,उद्यान 03-12-2026 ते 18-08-2025 पर्यंत नूतनीकरणासाठी बंद राहील.,No,No,No
ham,उद्यान 07-03-2026 ते 04-08-2025 पर्यंत नूतनीकरणासाठी बंद राहील.,No,No,No
ham,उद्यान 02-08-2025 ते 10-08-2026 पर्यंत नूतनीकरणासाठी बंद राहील.,No,No,No
ham,उद्यान 28-09-2026 ते 23-09-2025 पर्यंत नूतनीकरणासाठी बंद राहील.,No,No,No
ham,उद्यान 19-08-2025 ते 04-07-2025 पर्यंत नूतनीकरणासाठी बंद राहील.,No,No,No
ham,उद्यान 26-04-2026 ते 06-10-2025 पर्यंत नूतनीकरणासाठी बंद राहील.,No,No,No
ham,उद्यान 19-03-2025 ते 03-03-2026 पर्यंत नूतनीकरणासाठी बंद राहील.,No,No,No
ham,उद्यान 20-10-2025 ते 04-10-2025 पर्यंत नूतनीकरणासाठी बंद राहील.,No,No,No
ham,उद्यान 07-09-2025 ते 17-07-2026 पर्यंत नूतनीकरणासाठी बंद राहील.,No,No,No
ham,स्मरणपत्र: सोसायटीची देखभाल फी 02-06-2025 पर्यंत भरा अन्यथा विलंब शुल्क लागेल.,No,No,No
ham,उद्यान 06-03-2026 ते 19-02-2025 पर्यंत नूतनीकरणासाठी बंद राहील.,No,No,No
ham,उद्यान 23-08-2026 ते 16-06-2026 पर्यंत नूतनीकरणासाठी बंद राहील.,No,No,No
ham,उद्यान 09-02-2026 ते 18-01-2025 पर्यंत नूतनीकरणासाठी बंद राहील.,No,No,No
ham,उद्यान 23-11-2025 ते 23-12-2025 पर्यंत नूतनीकरणासाठी बंद राहील.,No,No,No
ham,उद्यान 12-02-2025 ते 03-09-2025 पर्यंत नूतनीकरणासाठी बंद राहील.,No,No,No
ham,उद्यान 04-02-2025 ते 11-07-2026 पर्यंत नूतनीकरणासाठी बंद राहील.,No,No,No
ham,उद्यान 02-09-2026 ते 28-02-2025 पर्यंत नूतनीकरणासाठी बंद राहील.,No,No,No
ham,उद्यान 26-03-2026 ते 26-09-2025 पर्यंत नूतनीकरणासाठी बंद राहील.,No,No,No
ham,उद्यान 19-07-2025 ते 22-09-2025 पर्यंत नूतनीकरणासाठी बंद राहील.,No,No,No
ham,उद्यान 08-04-2026 ते 04-12-2025 पर्यंत नूतनीकरणासाठी बंद राहील.,No,No,No
ham,उद्यान 26-04-2026 ते 11-04-2026 पर्यंत नूतनीकरणासाठी बंद राहील.,No,No,No
ham,उद्यान 28-04-2025 ते 26-12-2025 पर्यंत नूतनीकरणासाठी बंद राहील.,No,No,No
ham,स्मरणपत्र: सोसायटीची देखभाल फी 28-06-2025 पर्यंत भरा अन्यथा विलंब शुल्क लागेल.,No,No,No
ham,उद्यान 02-09-2025 ते 14-11-2026 पर्यंत नूतनीकरणासाठी बंद राहील.,No,No,No
ham,सोसायटीची वार्षिक सभा 25-08-2026 रोजी संध्याकाळी 6 वाजता क्लबहाऊसमध्ये आहे.,No,No,No
ham,उद्यान 17-01-2025 ते 08-03-2026 पर्यंत नूतनीकरणासाठी बंद राहील.,No,No,No
ham,उद्यान 23-10-2026 ते 19-10-2026 पर्यंत नूतनीकरणासाठी बंद राहील.,No,No,No
ham,उद्यान 08-06-2026 ते 24-11-2025 पर्यंत नूतनीकरणासाठी बंद राहील.,No,No,No
ham,उद्यान 17-10-2026 ते 18-02-2025 पर्यंत नूतनीकरणासाठी बंद राहील.,No,No,No
ham,उद्यान 22-08-2026 ते 01-06-2026 पर्यंत नूतनीकरणासाठी बंद राहील.,No,No,No
ham,"स्मरणपत्र: लायब्ररीची पुस्तके 08-10-2026 पर्यंत परत करायची आहेत, त्यानंतर विलंब शुल्क लागेल.",No,No,No
ham,उद्यान 02-07-2025 ते 08-11-2025 पर्यंत नूतनीकरणासाठी बंद राहील.,No,No,No
ham,"स्मरणपत्र: लायब्ररीची पुस्तके 26-10-2025 पर्यंत परत करायची आहेत, त्यानंतर विलंब शुल्क लागेल.",No,No,No
ham,उद्यान 25-07-2026 ते 01-06-2025 पर्यंत नूतनीकरणासाठी बंद राहील.,No,No,No
ham,उद्यान 03-08-2026 ते 23-12-2026 पर्यंत नूतनीकरणासाठी बंद राहील.,No,No,No
ham,उद्यान 26-03-2025 ते 22-06-2026 पर्यंत नूतनीकरणासाठी बंद राहील.,No,No,No
ham,उद्यान 15-01-2025 ते 17-10-2025 पर्यंत नूतनीकरणासाठी बंद राहील.,No,No,No
ham,उद्यान 25-08-2026 ते 24-11-2026 पर्यंत नूतनीकरणासाठी बंद राहील.,No,No,No
ham,सोसायटीची वार्षिक सभा 02-01-2025 रोजी संध्याकाळी 6 वाजता क्लबहाऊसमध्ये आहे.,No,No,No
ham,उद्यान 08-06-2026 ते 12-02-2025 पर्यंत नूतनीकरणासाठी बंद राहील.,No,No,No
ham,उद्यान 02-09-2025 ते 17-03-2026 पर्यंत नूतनीकरणासाठी बंद राहील.,No,No,No
ham,उद्यान 10-01-2025 ते 13-04-2025 पर्यंत नूतनीकरणासाठी बंद राहील.,No,No,No
ham,उद्यान 14-09-2025 ते 06-09-2025 पर्यंत नूतनीकरणासाठी बंद राहील.,No,No,No
ham,उद्यान 15-11-2025 ते 07-09-2026 पर्यंत नूतनीकरणासाठी बंद राहील.,No,No,No
ham,उद्यान 11-11-2025 ते 24-07-2025 पर्यंत नूतनीकरणासाठी बंद राहील.,No,No,No
ham,उद्यान 20-09-2025 ते 10-02-2025 पर्यंत नूतनीकरणासाठी बंद राहील.,No,No,No
ham,उद्यान 11-11-2025 ते 28-05-2025 पर्यंत नूतनीकरणासाठी बंद राहील.,No,No,No
ham,उद्यान 13-12-2026 ते 02-11-2025 पर्यंत नूतनीकरणासाठी बंद राहील.,No,No,No
ham,उद्यान 22-09-2026 ते 21-09-2025 पर्यंत नूतनीकरणासाठी बंद राहील.,No,No,No
ham,उद्यान 12-10-2026 ते 24-10-2026 पर्यंत नूतनीकरणासाठी बंद राहील.,No,No,No
ham,उद्यान 06-06-2026 ते 06-02-2025 पर्यंत नूतनीकरणासाठी बंद राहील.,No,No,No
ham,उद्यान 02-02-2026 ते 20-10-2025 पर्यंत नूतनीकरणासाठी बंद राहील.,No,No,No
ham,उद्यान 13-06-2025 ते 08-09-2026 पर्यंत नूतनीकरणासाठी बंद राहील.,No,No,No
ham,उद्यान 22-03-2025 ते 15-05-2025 पर्यंत नूतनीकरणासाठी बंद राहील.,No,No,No
ham,उद्यान 03-06-2026 ते 18-12-2025 पर्यंत नूतनीकरणासाठी बंद राहील.,No,No,No
ham,उद्यान 06-02-2026 ते 07-03-2026 पर्यंत नूतनीकरणासाठी बंद राहील.,No,No,No
ham,उद्यान 14-11-2026 ते 22-06-2026 पर्यंत नूतनीकरणासाठी बंद राहील.,No,No,No
ham,उद्यान 27-11-2026 ते 26-04-2025 पर्यंत नूतनीकरणासाठी बंद राहील.,No,No,No
ham,उद्यान 06-09-2025 ते 03-06-2025 पर्यंत नूतनीकरणासाठी बंद राहील.,No,No,No
ham,उद्यान 05-09-2026 ते 19-06-2026 पर्यंत नूतनीकरणासाठी बंद राहील.,No,No,No
ham,उद्यान 15-02-2026 ते 22-10-2026 पर्यंत नूतनीकरणासाठी बंद राहील.,No,No,No
ham,"स्मरणपत्र: लायब्ररीची पुस्तके 25-10-2025 पर्यंत परत करायची आहेत, त्यानंतर विलंब शुल्क लागेल.",No,No,No
ham,स्मरणपत्र: सोसायटीची देखभाल फी 11-01-2025 पर्यंत भरा अन्यथा विलंब शुल्क लागेल.,No,No,No
ham,उद्यान 21-08-2026 ते 16-09-2025 पर्यंत नूतनीकरणासाठी बंद राहील.,No,No,No
ham,उद्यान 06-04-2025 ते 25-11-2026 पर्यंत नूतनीकरणासाठी बंद राहील.,No,No,No
ham,उद्यान 11-10-2026 ते 22-11-2026 पर्यंत नूतनीकरणासाठी बंद राहील.,No,No,No
ham,उद्यान 24-03-2026 ते 28-11-2025 पर्यंत नूतनीकरणासाठी बंद राहील.,No,No,No
ham,"स्मरणपत्र: लायब्ररीची पुस्तके 17-04-2026 पर्यंत परत करायची आहेत, त्यानंतर विलंब शुल्क लागेल.",No,No,No
ham,उद्यान 04-07-2025 ते 10-03-2025 पर्यंत नूतनीकरणासाठी बंद राहील.,No,No,No
ham,स्मरणपत्र: सोसायटीची देखभाल फी 18-08-2026 पर्यंत भरा अन्यथा विलंब शुल्क लागेल.,No,No,No
ham,सोसायटीची वार्षिक सभा 08-12-2025 रोजी संध्याकाळी 6 वाजता क्लबहाऊसमध्ये आहे.,No,No,No
ham,उद्यान 16-08-2025 ते 24-08-2025 पर्यंत नूतनीकरणासाठी बंद राहील.,No,No,No
ham,उद्यान 19-08-2025 ते 24-10-2026 पर्यंत नूतनीकरणासाठी बंद राहील.,No,No,No
ham,उद्यान 26-02-2025 ते 19-08-2026 पर्यंत नूतनीकरणासाठी बंद राहील.,No,No,No
ham,स्मरणपत्र: सोसायटीची देखभाल फी 22-08-2026 पर्यंत भरा अन्यथा विलंब शुल्क लागेल.,No,No,No
ham,"स्मरणपत्र: लायब्ररीची पुस्तके 01-04-2026 पर्यंत परत करायची आहेत, त्यानंतर विलंब शुल्क लागेल.",No,No,No
ham,उद्यान 02-10-2026 ते 07-02-2026 पर्यंत नूतनीकरणासाठी बंद राहील.,No,No,No
ham,उद्यान 03-01-2025 ते 18-12-2025 पर्यंत नूतनीकरणासाठी बंद राहील.,No,No,No
ham,उद्यान 27-08-2026 ते 01-03-2026 पर्यंत नूतनीकरणासाठी बंद राहील.,No,No,No
ham,उद्यान 28-06-2025 ते 26-05-2025 पर्यंत नूतनीकरणासाठी बंद राहील.,No,No,No
ham,उद्यान 09-10-2025 ते 12-09-2026 पर्यंत नूतनीकरणासाठी बंद राहील.,No,No,No
ham,उद्यान 16-07-2025 ते 21-04-2026 पर्यंत नूतनीकरणासाठी बंद राहील.,No,No,No
ham,उद्यान 11-07-2025 ते 18-09-2026 पर्यंत नूतनीकरणासाठी बंद राहील.,No,No,No
ham,स्मरणपत्र: सोसायटीची देखभाल फी 15-09-2026 पर्यंत भरा अन्यथा विलंब शुल्क लागेल.,No,No,No
ham,उद्यान 12-06-2026 ते 23-10-2025 पर्यंत नूतनीकरणासाठी बंद राहील.,No,No,No
ham,उद्यान 12-09-2026 ते 15-11-2026 पर्यंत नूतनीकरणासाठी बंद राहील.,No,No,No
ham,सोसायटीची वार्षिक सभा 10-08-2025 रोजी संध्याकाळी 6 वाजता क्लबहाऊसमध्ये आहे.,No,No,No
ham,उद्यान 21-12-2025 ते 07-07-2025 पर्यंत नूतनीकरणासाठी बंद राहील.,No,No,No
ham,उद्यान 28-10-2026 ते 03-09-2026 पर्यंत नूतनीकरणासाठी बंद राहील.,No,No,No
ham,उद्यान 13-01-2026 ते 20-09-2026 पर्यंत नूतनीकरणासाठी बंद राहील.,No,No,No
ham,उद्यान 02-10-2026 ते 08-07-2026 पर्यंत नूतनीकरणासाठी बंद राहील.,No,No,No
ham,उद्यान 04-07-2026 ते 19-06-2025 पर्यंत नूतनीकरणासाठी बंद राहील.,No,No,No
ham,उद्यान 17-12-2026 ते 21-10-2025 पर्यंत नूतनीकरणासाठी बंद राहील.,No,No,No
ham,उद्यान 09-05-2025 ते 22-09-2026 पर्यंत नूतनीकरणासाठी बंद राहील.,No,No,No
ham,उद्यान 21-03-2025 ते 12-04-2025 पर्यंत नूतनीकरणासाठी बंद राहील.,No,No,No
ham,उद्यान 27-07-2025 ते 14-10-2025 पर्यंत नूतनीकरणासाठी बंद राहील.,No,No,No
ham,उद्यान 11-09-2026 ते 15-08-2026 पर्यंत नूतनीकरणासाठी बंद राहील.,No,No,No
ham,उद्यान 16-12-2025 ते 22-09-2026 पर्यंत नूतनीकरणासाठी बंद राहील.,No,No,No
ham,उद्यान 09-06-2026 ते 23-12-2026 पर्यंत नूतनीकरणासाठी बंद राहील.,No,No,No
ham,स्मरणपत्र: सोसायटीची देखभाल फी 11-04-2026 पर्यंत भरा अन्यथा विलंब शुल्क लागेल.,No,No,No
ham,उद्यान 01-05-2026 ते 16-10-2026 पर्यंत नूतनीकरणासाठी बंद राहील.,No,No,No
ham,उद्यान 16-12-2025 ते 01-04-2025 पर्यंत नूतनीकरणासाठी बंद राहील.,No,No,No
ham,उद्यान 09-02-2025 ते 19-05-2025 पर्यंत नूतनीकरणासाठी बंद राहील.,No,No,No
ham,उद्यान 11-09-2026 ते 08-10-2026 पर्यंत नूतनीकरणासाठी बंद राहील.,No,No,No
ham,उद्यान 02-06-2025 ते 26-10-2026 पर्यंत नूतनीकरणासाठी बंद राहील.,No,No,No
ham,उद्यान 14-06-2026 ते 15-08-2026 पर्यंत नूतनीकरणासाठी बंद राहील.,No,No,No
ham,उद्यान 23-03-2025 ते 18-11-2025 पर्यंत नूतनीकरणासाठी बंद राहील.,No,No,No
ham,उद्यान 07-11-2025 ते 03-01-2026 पर्यंत नूतनीकरणासाठी बंद राहील.,No,No,No
ham,उद्यान 28-03-2026 ते 22-06-2025 पर्यंत नूतनीकरणासाठी बंद राहील.,No,No,No
ham,उद्यान 24-11-2026 ते 18-05-2025 पर्यंत नूतनीकरणासाठी बंद राहील.,No,No,No
ham,उद्यान 04-03-2025 ते 02-11-2026 पर्यंत नूतनीकरणासाठी बंद राहील.,No,No,No
ham,उद्यान 09-05-2025 ते 01-04-2026 पर्यंत नूतनीकरणासाठी बंद राहील.,No,No,No
ham,सोसायटीची वार्षिक सभा 07-03-2026 रोजी संध्याकाळी 6 वाजता क्लबहाऊसमध्ये आहे.,No,No,No
ham,उद्यान 03-12-2025 ते 15-02-2025 पर्यंत नूतनीकरणासाठी बंद राहील.,No,No,No
ham,स्मरणपत्र: सोसायटीची देखभाल फी 18-11-2025 पर्यंत भरा अन्यथा विलंब शुल्क लागेल.,No,No,No
ham,उद्यान 12-09-2026 ते 28-08-2026 पर्यंत नूतनीकरणासाठी बंद राहील.,No,No,No
ham,उद्यान 08-04-2025 ते 09-09-2025 पर्यंत नूतनीकरणासाठी बंद राहील.,No,No,No
ham,उद्यान 19-07-2026 ते 28-11-2025 पर्यंत नूतनीकरणासाठी बंद राहील.,No,No,No
ham,"स्मरणपत्र: लायब्ररीची पुस्तके 06-05-2026 पर्यंत परत करायची आहेत, त्यानंतर विलंब शुल्क लागेल.",No,No,No
ham,उद्यान 01-08-2026 ते 13-07-2026 पर्यंत नूतनीकरणासाठी बंद राहील.,No,No,No
ham,उद्यान 06-01-2026 ते 02-12-2025 पर्यंत नूतनीकरणासाठी बंद राहील.,No,No,No
ham,उद्यान 04-12-2025 ते 28-11-2026 पर्यंत नूतनीकरणासाठी बंद राहील.,No,No,No
ham,उद्यान 20-04-2026 ते 03-12-2025 पर्यंत नूतनीकरणासाठी बंद राहील.,No,No,No
ham,उद्यान 24-07-2025 ते 20-05-2026 पर्यंत नूतनीकरणासाठी बंद राहील.,No,No,No
ham,उद्यान 05-07-2025 ते 22-01-2026 पर्यंत नूतनीकरणासाठी बंद राहील.,No,No,No
ham,उद्यान 15-06-2026 ते 18-03-2025 पर्यंत नूतनीकरणासाठी बंद राहील.,No,No,No
ham,उद्यान 13-04-2026 ते 08-12-2026 पर्यंत नूतनीकरणासाठी बंद राहील.,No,No,No
ham,उद्यान 08-09-2026 ते 08-07-2025 पर्यंत नूतनीकरणासाठी बंद राहील.,No,No,No
ham,उद्यान 14-11-2026 ते 22-09-2025 पर्यंत नूतनीकरणासाठी बंद राहील.,No,No,No
ham,स्मरणपत्र: सोसायटीची देखभाल फी 18-03-2025 पर्यंत भरा अन्यथा विलंब शुल्क लागेल.,No,No,No
ham,उद्यान 27-11-2026 ते 02-05-2025 पर्यंत नूतनीकरणासाठी बंद राहील.,No,No,No
ham,सोसायटीची वार्षिक सभा 27-06-2025 रोजी संध्याकाळी 6 वाजता क्लबहाऊसमध्ये आहे.,No,No,No
ham,उद्यान 20-11-2025 ते 16-11-2026 पर्यंत नूतनीकरणासाठी बंद राहील.,No,No,No
ham,उद्यान 05-11-2025 ते 24-03-2025 पर्यंत नूतनीकरणासाठी बंद राहील.,No,No,No
ham,उद्यान 17-04-2026 ते 12-08-2026 पर्यंत नूतनीकरणासाठी बंद राहील.,No,No,No
ham,"स्मरणपत्र: लायब्ररीची पुस्तके 18-08-2026 पर्यंत परत करायची आहेत, त्यानंतर विलंब शुल्क लागेल.",No,No,No
ham,उद्यान 03-10-2025 ते 09-11-2026 पर्यंत नूतनीकरणासाठी बंद राहील.,No,No,No
ham,उद्यान 03-12-2025 ते 09-11-2026 पर्यंत नूतनीकरणासाठी बंद राहील.,No,No,No
ham,उद्यान 15-11-2025 ते 28-07-2026 पर्यंत नूतनीकरणासाठी बंद राहील.,No,No,No
ham,स्मरणपत्र: सोसायटीची देखभाल फी 16-06-2025 पर्यंत भरा अन्यथा विलंब शुल्क लागेल.,No,No,No
ham,स्मरणपत्र: सोसायटीची देखभाल फी 21-12-2025 पर्यंत भरा अन्यथा विलंब शुल्क लागेल.,No,No,No
ham,उद्यान 02-01-2025 ते 20-08-2025 पर्यंत नूतनीकरणासाठी बंद राहील.,No,No,No
ham,उद्यान 26-11-2026 ते 28-06-2026 पर्यंत नूतनीकरणासाठी बंद राहील.,No,No,No
ham,उद्यान 22-07-2025 ते 16-04-2025 पर्यंत नूतनीकरणासाठी बंद राहील.,No,No,No
ham,उद्यान 23-12-2026 ते 14-09-2026 पर्यंत नूतनीकरणासाठी बंद राहील.,No,No,No
ham,उद्यान 09-01-2025 ते 05-06-2025 पर्यंत नूतनीकरणासाठी बंद राहील.,No,No,No
ham,उद्यान 06-06-2025 ते 12-06-2025 पर्यंत नूतनीकरणासाठी बंद राहील.,No,No,No
ham,स्मरणपत्र: सोसायटीची देखभाल फी 10-10-2026 पर्यंत भरा अन्यथा विलंब शुल्क लागेल.,No,No,No
ham,उद्यान 23-01-2026 ते 23-07-2025 पर्यंत नूतनीकरणासाठी बंद राहील.,No,No,No
ham,उद्यान 22-12-2025 ते 25-07-2026 पर्यंत नूतनीकरणासाठी बंद राहील.,No,No,No
ham,उद्यान 25-04-2026 ते 05-06-2025 पर्यंत नूतनीकरणासाठी बंद राहील.,No,No,No
ham,उद्यान 26-01-2025 ते 15-01-2026 पर्यंत नूतनीकरणासाठी बंद राहील.,No,No,No
ham,सोसायटीची वार्षिक सभा 03-02-2025 रोजी संध्याकाळी 6 वाजता क्लबहाऊसमध्ये आहे.,No,No,No
ham,स्मरणपत्र: सोसायटीची देखभाल फी 12-08-2026 पर्यंत भरा अन्यथा विलंब शुल्क लागेल.,No,No,No
ham,उद्यान 10-02-2025 ते 05-03-2026 पर्यंत नूतनीकरणासाठी बंद राहील.,No,No,No
ham,सोसायटीची वार्षिक सभा 03-01-2026 रोजी संध्याकाळी 6 वाजता क्लबहाऊसमध्ये आहे.,No,No,No
ham,उद्यान 26-04-2026 ते 04-10-2026 पर्यंत नूतनीकरणासाठी बंद राहील.,No,No,No
ham,उद्यान 04-12-2026 ते 26-07-2025 पर्यंत नूतनीकरणासाठी बंद राहील.,No,No,No
ham,उद्यान 18-10-2025 ते 24-03-2025 पर्यंत नूतनीकरणासाठी बंद राहील.,No,No,No
ham,उद्यान 04-04-2025 ते 03-02-2026 पर्यंत नूतनीकरणासाठी बंद राहील.,No,No,No
ham,उद्यान 09-02-2025 ते 17-03-2026 पर्यंत नूतनीकरणासाठी बंद राहील.,No,No,No
ham,उद्यान 26-10-2026 ते 02-05-2026 पर्यंत नूतनीकरणासाठी बंद राहील.,No,No,No
ham,उद्यान 21-07-2025 ते 24-05-2025 पर्यंत नूतनीकरणासाठी बंद राहील.,No,No,No
ham,उद्यान 10-02-2026 ते 22-04-2026 पर्यंत नूतनीकरणासाठी बंद राहील.,No,No,No
ham,स्मरणपत्र: सोसायटीची देखभाल फी 23-12-2025 पर्यंत भरा अन्यथा विलंब शुल्क लागेल.,No,No,No
ham,उद्यान 02-09-2026 ते 07-01-2025 पर्यंत नूतनीकरणासाठी बंद राहील.,No,No,No
ham,सोसायटीची वार्षिक सभा 05-01-2026 रोजी संध्याकाळी 6 वाजता क्लबहाऊसमध्ये आहे.,No,No,No
ham,सोसायटीची वार्षिक सभा 18-10-2026 रोजी संध्याकाळी 6 वाजता क्लबहाऊसमध्ये आहे.,No,No,No
ham,उद्यान 07-12-2025 ते 18-10-2025 पर्यंत नूतनीकरणासाठी बंद राहील.,No,No,No
ham,उद्यान 23-05-2025 ते 21-05-2025 पर्यंत नूतनीकरणासाठी बंद राहील.,No,No,No
ham,उद्यान 12-01-2026 ते 10-07-2025 पर्यंत नूतनीकरणासाठी बंद राहील.,No,No,No
ham,उद्यान 14-08-2026 ते 12-07-2026 पर्यंत नूतनीकरणासाठी बंद राहील.,No,No,No
ham,उद्यान 05-08-2025 ते 18-03-2025 पर्यंत नूतनीकरणासाठी बंद राहील.,No,No,No
ham,उद्यान 26-02-2025 ते 11-06-2025 पर्यंत नूतनीकरणासाठी बंद राहील.,No,No,No
ham,उद्यान 09-05-2026 ते 11-11-2026 पर्यंत नूतनीकरणासाठी बंद राहील.,No,No,No
ham,उद्यान 27-08-2026 ते 27-07-2025 पर्यंत नूतनीकरणासाठी बंद राहील.,No,No,No
ham,उद्यान 23-11-2025 ते 28-11-2025 पर्यंत नूतनीकरणासाठी बंद राहील.,No,No,No
ham,उद्यान 04-03-2026 ते 16-07-2025 पर्यंत नूतनीकरणासाठी बंद राहील.,No,No,No
ham,उद्यान 28-04-2025 ते 15-02-2025 पर्यंत नूतनीकरणासाठी बंद राहील.,No,No,No
ham,उद्यान 10-02-2026 ते 27-06-2025 पर्यंत नूतनीकरणासाठी बंद राहील.,No,No,No
ham,उद्यान 17-11-2025 ते 12-07-2025 पर्यंत नूतनीकरणासाठी बंद राहील.,No,No,No
ham,उद्यान 18-10-2026 ते 10-09-2026 पर्यंत नूतनीकरणासाठी बंद राहील.,No,No,No
ham,स्मरणपत्र: सोसायटीची देखभाल फी 08-02-2025 पर्यंत भरा अन्यथा विलंब शुल्क लागेल.,No,No,No
ham,उद्यान 13-06-2026 ते 24-04-2026 पर्यंत नूतनीकरणासाठी बंद राहील.,No,No,No
ham,सोसायटीची वार्षिक सभा 01-06-2026 रोजी संध्याकाळी 6 वाजता क्लबहाऊसमध्ये आहे.,No,No,No
ham,उद्यान 09-12-2026 ते 26-10-2026 पर्यंत नूतनीकरणासाठी बंद राहील.,No,No,No
ham,उद्यान 02-01-2025 ते 24-01-2025 पर्यंत नूतनीकरणासाठी बंद राहील.,No,No,No
ham,उद्यान 02-05-2026 ते 03-10-2026 पर्यंत नूतनीकरणासाठी बंद राहील.,No,No,No
ham,उद्यान 21-02-2025 ते 24-08-2025 पर्यंत नूतनीकरणासाठी बंद राहील.,No,No,No
ham,उद्यान 09-10-2025 ते 26-08-2025 पर्यंत नूतनीकरणासाठी बंद राहील.,No,No,No
ham,स्मरणपत्र: सोसायटीची देखभाल फी 28-05-2026 पर्यंत भरा अन्यथा विलंब शुल्क लागेल.,No,No,No
ham,उद्यान 09-01-2026 ते 20-10-2025 पर्यंत नूतनीकरणासाठी बंद राहील.,No,No,No
ham,उद्यान 07-03-2026 ते 01-06-2025 पर्यंत नूतनीकरणासाठी बंद राहील.,No,No,No
ham,उद्यान 13-06-2025 ते 19-02-2026 पर्यंत नूतनीकरणासाठी बंद राहील.,No,No,No
ham,उद्यान 16-08-2025 ते 18-05-2025 पर्यंत नूतनीकरणासाठी बंद राहील.,No,No,No
ham,उद्यान 15-03-2025 ते 17-09-2026 पर्यंत नूतनीकरणासाठी बंद राहील.,No,No,No
ham,उद्यान 15-05-2026 ते 13-09-2026 पर्यंत नूतनीकरणासाठी बंद राहील.,No,No,No
ham,उद्यान 04-08-2026 ते 16-07-2025 पर्यंत नूतनीकरणासाठी बंद राहील.,No,No,No
ham,स्मरणपत्र: सोसायटीची देखभाल फी 26-09-2026 पर्यंत भरा अन्यथा विलंब शुल्क लागेल.,No,No,No
ham,उद्यान 03-05-2026 ते 02-01-2026 पर्यंत नूतनीकरणासाठी बंद राहील.,No,No,No
ham,उद्यान 12-12-2025 ते 23-01-2025 पर्यंत नूतनीकरणासाठी बंद राहील.,No,No,No
ham,उद्यान 06-12-2026 ते 10-07-2025 पर्यंत नूतनीकरणासाठी बंद राहील.,No,No,No
ham,सोसायटीची वार्षिक सभा 22-07-2025 रोजी संध्याकाळी 6 वाजता क्लबहाऊसमध्ये आहे.,No,No,No
ham,उद्यान 15-07-2025 ते 20-02-2026 पर्यंत नूतनीकरणासाठी बंद राहील.,No,No,No
ham,उद्यान 21-03-2025 ते 10-08-2026 पर्यंत नूतनीकरणासाठी बंद राहील.,No,No,No
ham,उद्यान 17-12-2025 ते 19-01-2025 पर्यंत नूतनीकरणासाठी बंद राहील.,No,No,No
ham,उद्यान 15-07-2026 ते 07-06-2026 पर्यंत नूतनीकरणासाठी बंद राहील.,No,No,No
ham,उद्यान 03-04-2025 ते 14-06-2025 पर्यंत नूतनीकरणासाठी बंद राहील.,No,No,No
ham,उद्यान 13-05-2025 ते 01-07-2026 पर्यंत नूतनीकरणासाठी बंद राहील.,No,No,No
ham,उद्यान 17-05-2025 ते 18-12-2026 पर्यंत नूतनीकरणासाठी बंद राहील.,No,No,No
ham,उद्यान 05-03-2026 ते 14-06-2025 पर्यंत नूतनीकरणासाठी बंद राहील.,No,No,No
ham,उद्यान 06-12-2026 ते 03-09-2026 पर्यंत नूतनीकरणासाठी बंद राहील.,No,No,No
ham,"स्मरणपत्र: लायब्ररीची पुस्तके 07-04-2025 पर्यंत परत करायची आहेत, त्यानंतर विलंब शुल्क लागेल.",No,No,No
ham,उद्यान 27-08-2026 ते 21-04-2026 पर्यंत नूतनीकरणासाठी बंद राहील.,No,No,No
ham,उद्यान 10-12-2025 ते 21-11-2025 पर्यंत नूतनीकरणासाठी बंद राहील.,No,No,No
ham,"स्मरणपत्र: लायब्ररीची पुस्तके 14-02-2026 पर्यंत परत करायची आहेत, त्यानंतर विलंब शुल्क लागेल.",No,No,No
ham,उद्यान 13-01-2025 ते 17-08-2025 पर्यंत नूतनीकरणासाठी बंद राहील.,No,No,No
ham,उद्यान 22-05-2025 ते 25-08-2025 पर्यंत नूतनीकरणासाठी बंद राहील.,No,No,No
ham,स्मरणपत्र: सोसायटीची देखभाल फी 11-08-2025 पर्यंत भरा अन्यथा विलंब शुल्क लागेल.,No,No,No
ham,उद्यान 01-02-2026 ते 27-01-2026 पर्यंत नूतनीकरणासाठी बंद राहील.,No,No,No
ham,उद्यान 08-08-2026 ते 03-02-2025 पर्यंत नूतनीकरणासाठी बंद राहील.,No,No,No
ham,उद्यान 22-05-2026 ते 23-09-2025 पर्यंत नूतनीकरणासाठी बंद राहील.,No,No,No
ham,उद्यान 21-05-2026 ते 18-07-2026 पर्यंत नूतनीकरणासाठी बंद राहील.,No,No,No
ham,"स्मरणपत्र: लायब्ररीची पुस्तके 05-08-2025 पर्यंत परत करायची आहेत, त्यानंतर विलंब शुल्क लागेल.",No,No,No
ham,उद्यान 17-10-2025 ते 28-02-2025 पर्यंत नूतनीकरणासाठी बंद राहील.,No,No,No
ham,"स्मरणपत्र: लायब्ररीची पुस्तके 23-01-2026 पर्यंत परत करायची आहेत, त्यानंतर विलंब शुल्क लागेल.",No,No,No
ham,उद्यान 01-08-2026 ते 23-08-2025 पर्यंत नूतनीकरणासाठी बंद राहील.,No,No,No
ham,उद्यान 15-08-2025 ते 24-11-2026 पर्यंत नूतनीकरणासाठी बंद राहील.,No,No,No
ham,उद्यान 27-12-2025 ते 24-03-2026 पर्यंत नूतनीकरणासाठी बंद राहील.,No,No,No
ham,"स्मरणपत्र: लायब्ररीची पुस्तके 17-12-2025 पर्यंत परत करायची आहेत, त्यानंतर विलंब शुल्क लागेल.",No,No,No
ham,उद्यान 14-05-2025 ते 14-06-2026 पर्यंत नूतनीकरणासाठी बंद राहील.,No,No,No
ham,उद्यान 26-06-2026 ते 14-10-2025 पर्यंत नूतनीकरणासाठी बंद राहील.,No,No,No
ham,उद्यान 19-09-2026 ते 07-02-2025 पर्यंत नूतनीकरणासाठी बंद राहील.,No,No,No
ham,उद्यान 20-06-2026 ते 18-10-2026 पर्यंत नूतनीकरणासाठी बंद राहील.,No,No,No
ham,उद्यान 25-07-2026 ते 03-07-2025 पर्यंत नूतनीकरणासाठी बंद राहील.,No,No,No
ham,उद्यान 22-05-2025 ते 04-08-2026 पर्यंत नूतनीकरणासाठी बंद राहील.,No,No,No
ham,"स्मरणपत्र: लायब्ररीची पुस्तके 09-02-2026 पर्यंत परत करायची आहेत, त्यानंतर विलंब शुल्क लागेल.",No,No,No
ham,उद्यान 10-05-2026 ते 10-05-2025 पर्यंत नूतनीकरणासाठी बंद राहील.,No,No,No
ham,सोसायटीची वार्षिक सभा 10-11-2026 रोजी संध्याकाळी 6 वाजता क्लबहाऊसमध्ये आहे.,No,No,No
ham,उद्यान 08-12-2026 ते 07-07-2025 पर्यंत नूतनीकरणासाठी बंद राहील.,No,No,No
ham,उद्यान 08-11-2026 ते 05-03-2025 पर्यंत नूतनीकरणासाठी बंद राहील.,No,No,No
ham,उद्यान 09-05-2026 ते 12-10-2025 पर्यंत नूतनीकरणासाठी बंद राहील.,No,No,No
ham,उद्यान 09-06-2025 ते 16-12-2026 पर्यंत नूतनीकरणासाठी बंद राहील.,No,No,No
ham,उद्यान 05-02-2025 ते 12-09-2026 पर्यंत नूतनीकरणासाठी बंद राहील.,No,No,No
ham,उद्यान 17-08-2025 ते 21-06-2026 पर्यंत नूतनीकरणासाठी बंद राहील.,No,No,No
ham,उद्यान 16-07-2025 ते 06-09-2026 पर्यंत नूतनीकरणासाठी बंद राहील.,No,No,No
ham,उद्यान 17-06-2025 ते 22-01-2026 पर्यंत नूतनीकरणासाठी बंद राहील.,No,No,No
ham,उद्यान 16-10-2026 ते 10-10-2026 पर्यंत नूतनीकरणासाठी बंद राहील.,No,No,No
ham,उद्यान 05-11-2026 ते 22-12-2025 पर्यंत नूतनीकरणासाठी बंद राहील.,No,No,No
ham,उद्यान 16-06-2026 ते 26-10-2026 पर्यंत नूतनीकरणासाठी बंद राहील.,No,No,No
ham,उद्यान 28-09-2025 ते 23-04-2026 पर्यंत नूतनीकरणासाठी बंद राहील.,No,No,No
ham,स्मरणपत्र: सोसायटीची देखभाल फी 18-06-2025 पर्यंत भरा अन्यथा विलंब शुल्क लागेल.,No,No,No
ham,उद्यान 12-03-2026 ते 26-01-2026 पर्यंत नूतनीकरणासाठी बंद राहील.,No,No,No
ham,उद्यान 03-11-2026 ते 22-06-2025 पर्यंत नूतनीकरणासाठी बंद राहील.,No,No,No
ham,उद्यान 22-01-2026 ते 15-02-2026 पर्यंत नूतनीकरणासाठी बंद राहील.,No,No,No
ham,उद्यान 24-01-2026 ते 08-09-2026 पर्यंत नूतनीकरणासाठी बंद राहील.,No,No,No
ham,स्मरणपत्र: सोसायटीची देखभाल फी 24-09-2026 पर्यंत भरा अन्यथा विलंब शुल्क लागेल.,No,No,No
ham,उद्यान 07-04-2026 ते 02-01-2025 पर्यंत नूतनीकरणासाठी बंद राहील.,No,No,No
ham,उद्यान 12-12-2025 ते 16-10-2026 पर्यंत नूतनीकरणासाठी बंद राहील.,No,No,No
ham,उद्यान 20-12-2025 ते 23-06-2026 पर्यंत नूतनीकरणासाठी बंद राहील.,No,No,No
ham,उद्यान 10-12-2025 ते 20-11-2026 पर्यंत नूतनीकरणासाठी बंद राहील.,No,No,No
ham,उद्यान 27-05-2026 ते 19-07-2026 पर्यंत नूतनीकरणासाठी बंद राहील.,No,No,No
ham,उद्यान 21-05-2025 ते 12-05-2026 पर्यंत नूतनीकरणासाठी बंद राहील.,No,No,No
ham,उद्यान 24-05-2025 ते 12-10-2026 पर्यंत नूतनीकरणासाठी बंद राहील.,No,No,No
ham,उद्यान 10-12-2025 ते 11-08-2025 पर्यंत नूतनीकरणासाठी बंद राहील.,No,No,No
ham,उद्यान 04-01-2026 ते 26-01-2026 पर्यंत नूतनीकरणासाठी बंद राहील.,No,No,No
ham,उद्यान 01-06-2025 ते 20-10-2025 पर्यंत नूतनीकरणासाठी बंद राहील.,No,No,No
ham,उद्यान 12-06-2026 ते 10-10-2025 पर्यंत नूतनीकरणासाठी बंद राहील.,No,No,No
ham,उद्यान 05-02-2025 ते 16-05-2025 पर्यंत नूतनीकरणासाठी बंद राहील.,No,No,No
ham,उद्यान 06-05-2025 ते 19-07-2026 पर्यंत नूतनीकरणासाठी बंद राहील.,No,No,No
ham,उद्यान 28-10-2026 ते 02-03-2025 पर्यंत नूतनीकरणासाठी बंद राहील.,No,No,No
ham,उद्यान 10-10-2025 ते 21-02-2025 पर्यंत नूतनीकरणासाठी बंद राहील.,No,No,No
ham,उद्यान 11-06-2025 ते 15-05-2026 पर्यंत नूतनीकरणासाठी बंद राहील.,No,No,No
ham,उद्यान 16-04-2025 ते 17-05-2025 पर्यंत नूतनीकरणासाठी बंद राहील.,No,No,No
ham,उद्यान 05-12-2026 ते 10-03-2026 पर्यंत नूतनीकरणासाठी बंद राहील.,No,No,No
ham,उद्यान 18-11-2026 ते 13-07-2025 पर्यंत नूतनीकरणासाठी बंद राहील.,No,No,No
ham,उद्यान 19-11-2026 ते 06-08-2026 पर्यंत नूतनीकरणासाठी बंद राहील.,No,No,No
ham,उद्यान 03-04-2026 ते 22-11-2026 पर्यंत नूतनीकरणासाठी बंद राहील.,No,No,No
ham,उद्यान 04-07-2026 ते 11-07-2025 पर्यंत नूतनीकरणासाठी बंद राहील.,No,No,No
ham,सोसायटीची वार्षिक सभा 14-03-2025 रोजी संध्याकाळी 6 वाजता क्लबहाऊसमध्ये आहे.,No,No,No
ham,उद्यान 09-03-2026 ते 09-05-2025 पर्यंत नूतनीकरणासाठी बंद राहील.,No,No,No
ham,सोसायटीची वार्षिक सभा 25-04-2025 रोजी संध्याकाळी 6 वाजता क्लबहाऊसमध्ये आहे.,No,No,No
ham,उद्यान 15-05-2025 ते 21-01-2025 पर्यंत नूतनीकरणासाठी बंद राहील.,No,No,No
ham,उद्यान 17-05-2025 ते 09-07-2026 पर्यंत नूतनीकरणासाठी बंद राहील.,No,No,No
ham,उद्यान 26-04-2026 ते 07-11-2025 पर्यंत नूतनीकरणासाठी बंद राहील.,No,No,No
ham,स्मरणपत्र: सोसायटीची देखभाल फी 18-09-2025 पर्यंत भरा अन्यथा विलंब शुल्क लागेल.,No,No,No
ham,उद्यान 27-09-2025 ते 12-07-2026 पर्यंत नूतनीकरणासाठी बंद राहील.,No,No,No
ham,उद्यान 09-08-2026 ते 11-08-2025 पर्यंत नूतनीकरणासाठी बंद राहील.,No,No,No
ham,"स्मरणपत्र: लायब्ररीची पुस्तके 08-06-2025 पर्यंत परत करायची आहेत, त्यानंतर विलंब शुल्क लागेल.",No,No,No
ham,उद्यान 07-04-2026 ते 28-10-2025 पर्यंत नूतनीकरणासाठी बंद राहील.,No,No,No
ham,उद्यान 08-11-2026 ते 26-12-2025 पर्यंत नूतनीकरणासाठी बंद राहील.,No,No,No
ham,उद्यान 28-11-2025 ते 23-05-2026 पर्यंत नूतनीकरणासाठी बंद राहील.,No,No,No
ham,उद्यान 20-08-2026 ते 07-02-2026 पर्यंत नूतनीकरणासाठी बंद राहील.,No,No,No
ham,उद्यान 22-08-2025 ते 25-08-2025 पर्यंत नूतनीकरणासाठी बंद राहील.,No,No,No
ham,उद्यान 07-07-2025 ते 16-03-2026 पर्यंत नूतनीकरणासाठी बंद राहील.,No,No,No
ham,उद्यान 18-05-2026 ते 08-07-2026 पर्यंत नूतनीकरणासाठी बंद राहील.,No,No,No
ham,उद्यान 19-10-2025 ते 24-09-2025 पर्यंत नूतनीकरणासाठी बंद राहील.,No,No,No
ham,उद्यान 14-02-2026 ते 20-10-2026 पर्यंत नूतनीकरणासाठी बंद राहील.,No,No,No
ham,उद्यान 14-03-2025 ते 23-07-2026 पर्यंत नूतनीकरणासाठी बंद राहील.,No,No,No
ham,उद्यान 27-11-2026 ते 01-07-2025 पर्यंत नूतनीकरणासाठी बंद राहील.,No,No,No
ham,उद्यान 09-07-2025 ते 21-02-2026 पर्यंत नूतनीकरणासाठी बंद राहील.,No,No,No
ham,उद्यान 25-03-2026 ते 04-01-2025 पर्यंत नूतनीकरणासाठी बंद राहील.,No,No,No
ham,उद्यान 07-08-2025 ते 14-05-2025 पर्यंत नूतनीकरणासाठी बंद राहील.,No,No,No
ham,उद्यान 08-08-2025 ते 04-12-2026 पर्यंत नूतनीकरणासाठी बंद राहील.,No,No,No
ham,उद्यान 04-01-2026 ते 10-09-2026 पर्यंत नूतनीकरणासाठी बंद राहील.,No,No,No
ham,"स्मरणपत्र: लायब्ररीची पुस्तके 02-04-2026 पर्यंत परत करायची आहेत, त्यानंतर विलंब शुल्क लागेल.",No,No,No
ham,उद्यान 28-06-2026 ते 20-12-2026 पर्यंत नूतनीकरणासाठी बंद राहील.,No,No,No
ham,उद्यान 26-03-2026 ते 12-01-2025 पर्यंत नूतनीकरणासाठी बंद राहील.,No,No,No
ham,उद्यान 02-04-2026 ते 23-04-2025 पर्यंत नूतनीकरणासाठी बंद राहील.,No,No,No
ham,उद्यान 27-02-2026 ते 25-04-2026 पर्यंत नूतनीकरणासाठी बंद राहील.,No,No,No
ham,सोसायटीची वार्षिक सभा 09-12-2025 रोजी संध्याकाळी 6 वाजता क्लबहाऊसमध्ये आहे.,No,No,No
ham,उद्यान 19-12-2025 ते 09-10-2025 पर्यंत नूतनीकरणासाठी बंद राहील.,No,No,No
ham,उद्यान 24-06-2025 ते 28-02-2026 पर्यंत नूतनीकरणासाठी बंद राहील.,No,No,No
ham,उद्यान 07-09-2026 ते 26-08-2025 पर्यंत नूतनीकरणासाठी बंद राहील.,No,No,No
ham,उद्यान 15-10-2025 ते 15-10-2025 पर्यंत नूतनीकरणासाठी बंद राहील.,No,No,No
ham,उद्यान 28-11-2025 ते 03-02-2025 पर्यंत नूतनीकरणासाठी बंद राहील.,No,No,No
ham,उद्यान 13-11-2025 ते 25-11-2026 पर्यंत नूतनीकरणासाठी बंद राहील.,No,No,No
ham,उद्यान 14-09-2025 ते 19-07-2026 पर्यंत नूतनीकरणासाठी बंद राहील.,No,No,No
ham,उद्यान 03-09-2026 ते 11-02-2025 पर्यंत नूतनीकरणासाठी बंद राहील.,No,No,No
ham,उद्यान 18-05-2026 ते 13-12-2026 पर्यंत नूतनीकरणासाठी बंद राहील.,No,No,No
ham,"स्मरणपत्र: लायब्ररीची पुस्तके 06-02-2026 पर्यंत परत करायची आहेत, त्यानंतर विलंब शुल्क लागेल.",No,No,No
ham,स्मरणपत्र: सोसायटीची देखभाल फी 27-04-2026 पर्यंत भरा अन्यथा विलंब शुल्क लागेल.,No,No,No
ham,उद्यान 25-08-2026 ते 08-07-2025 पर्यंत नूतनीकरणासाठी बंद राहील.,No,No,No
ham,उद्यान 27-02-2026 ते 16-06-2026 पर्यंत नूतनीकरणासाठी बंद राहील.,No,No,No
ham,उद्यान 26-07-2026 ते 04-05-2026 पर्यंत नूतनीकरणासाठी बंद राहील.,No,No,No
ham,उद्यान 08-04-2025 ते 02-01-2025 पर्यंत नूतनीकरणासाठी बंद राहील.,No,No,No
ham,उद्यान 23-11-2026 ते 28-10-2026 पर्यंत नूतनीकरणासाठी बंद राहील.,No,No,No
ham,उद्यान 02-05-2025 ते 17-12-2025 पर्यंत नूतनीकरणासाठी बंद राहील.,No,No,No
ham,उद्यान 23-10-2025 ते 16-05-2026 पर्यंत नूतनीकरणासाठी बंद राहील.,No,No,No
ham,उद्यान 07-03-2026 ते 20-02-2026 पर्यंत नूतनीकरणासाठी बंद राहील.,No,No,No
ham,उद्यान 24-03-2025 ते 26-07-2025 पर्यंत नूतनीकरणासाठी बंद राहील.,No,No,No
ham,उद्यान 20-09-2026 ते 06-11-2025 पर्यंत नूतनीकरणासाठी बंद राहील.,No,No,No
ham,उद्यान 26-03-2026 ते 26-10-2025 पर्यंत नूतनीकरणासाठी बंद राहील.,No,No,No
ham,उद्यान 15-08-2025 ते 16-07-2026 पर्यंत नूतनीकरणासाठी बंद राहील.,No,No,No
ham,उद्यान 08-04-2025 ते 21-03-2025 पर्यंत नूतनीकरणासाठी बंद राहील.,No,No,No
ham,उद्यान 19-01-2026 ते 17-04-2026 पर्यंत नूतनीकरणासाठी बंद राहील.,No,No,No
ham,उद्यान 17-04-2025 ते 18-05-2026 पर्यंत नूतनीकरणासाठी बंद राहील.,No,No,No
ham,उद्यान 07-02-2026 ते 11-10-2025 पर्यंत नूतनीकरणासाठी बंद राहील.,No,No,No
ham,उद्यान 26-10-2026 ते 08-03-2026 पर्यंत नूतनीकरणासाठी बंद राहील.,No,No,No
ham,उद्यान 06-11-2025 ते 15-11-2025 पर्यंत नूतनीकरणासाठी बंद राहील.,No,No,No
ham,उद्यान 16-05-2026 ते 28-05-2025 पर्यंत नूतनीकरणासाठी बंद राहील.,No,No,No
ham,उद्यान 27-05-2025 ते 21-08-2026 पर्यंत नूतनीकरणासाठी बंद राहील.,No,No,No
ham,उद्यान 14-06-2026 ते 19-05-2026 पर्यंत नूतनीकरणासाठी बंद राहील.,No,No,No
ham,उद्यान 17-03-2026 ते 11-05-2026 पर्यंत नूतनीकरणासाठी बंद राहील.,No,No,No
ham,उद्यान 15-01-2025 ते 28-08-2026 पर्यंत नूतनीकरणासाठी बंद राहील.,No,No,No
ham,उद्यान 19-11-2026 ते 11-12-2026 पर्यंत नूतनीकरणासाठी बंद राहील.,No,No,No
ham,"स्मरणपत्र: लायब्ररीची पुस्तके 27-04-2026 पर्यंत परत करायची आहेत, त्यानंतर विलंब शुल्क लागेल.",No,No,No
ham,उद्यान 12-12-2025 ते 21-07-2026 पर्यंत नूतनीकरणासाठी बंद राहील.,No,No,No
ham,उद्यान 01-12-2025 ते 15-12-2026 पर्यंत नूतनीकरणासाठी बंद राहील.,No,No,No
ham,उद्यान 17-04-2026 ते 18-04-2025 पर्यंत नूतनीकरणासाठी बंद राहील.,No,No,No
ham,उद्यान 28-03-2026 ते 08-09-2025 पर्यंत नूतनीकरणासाठी बंद राहील.,No,No,No
ham,उद्यान 14-04-2026 ते 17-08-2026 पर्यंत नूतनीकरणासाठी बंद राहील.,No,No,No
ham,उद्यान 08-03-2026 ते 01-12-2025 पर्यंत नूतनीकरणासाठी बंद राहील.,No,No,No
ham,उद्यान 18-10-2025 ते 16-01-2026 पर्यंत नूतनीकरणासाठी बंद राहील.,No,No,No
ham,उद्यान 28-01-2026 ते 25-02-2025 पर्यंत नूतनीकरणासाठी बंद राहील.,No,No,No
ham,उद्यान 10-02-2026 ते 07-03-2025 पर्यंत नूतनीकरणासाठी बंद राहील.,No,No,No
ham,उद्यान 15-03-2026 ते 16-07-2025 पर्यंत नूतनीकरणासाठी बंद राहील.,No,No,No
ham,उद्यान 11-04-2026 ते 18-09-2025 पर्यंत नूतनीकरणासाठी बंद राहील.,No,No,No
ham,उद्यान 06-01-2025 ते 20-09-2025 पर्यंत नूतनीकरणासाठी बंद राहील.,No,No,No
ham,सोसायटीची वार्षिक सभा 13-10-2026 रोजी संध्याकाळी 6 वाजता क्लबहाऊसमध्ये आहे.,No,No,No
ham,उद्यान 03-05-2025 ते 18-12-2026 पर्यंत नूतनीकरणासाठी बंद राहील.,No,No,No
ham,उद्यान 06-02-2025 ते 07-07-2025 पर्यंत नूतनीकरणासाठी बंद राहील.,No,No,No
ham,सोसायटीची वार्षिक सभा 21-12-2026 रोजी संध्याकाळी 6 वाजता क्लबहाऊसमध्ये आहे.,No,No,No
ham,उद्यान 09-09-2026 ते 22-06-2026 पर्यंत नूतनीकरणासाठी बंद राहील.,No,No,No
ham,उद्यान 04-05-2025 ते 25-07-2025 पर्यंत नूतनीकरणासाठी बंद राहील.,No,No,No
ham,उद्यान 12-03-2026 ते 08-08-2026 पर्यंत नूतनीकरणासाठी बंद राहील.,No,No,No
ham,स्मरणपत्र: सोसायटीची देखभाल फी 27-10-2026 पर्यंत भरा अन्यथा विलंब शुल्क लागेल.,No,No,No
ham,उद्यान 24-01-2026 ते 02-06-2025 पर्यंत नूतनीकरणासाठी बंद राहील.,No,No,No
ham,उद्यान 11-12-2026 ते 04-06-2026 पर्यंत नूतनीकरणासाठी बंद राहील.,No,No,No
ham,उद्यान 12-05-2025 ते 14-10-2025 पर्यंत नूतनीकरणासाठी बंद राहील.,No,No,No
ham,उद्यान 02-12-2026 ते 15-10-2026 पर्यंत नूतनीकरणासाठी बंद राहील.,No,No,No
ham,उद्यान 25-02-2026 ते 18-01-2025 पर्यंत नूतनीकरणासाठी बंद राहील.,No,No,No
ham,उद्यान 25-12-2026 ते 20-05-2025 पर्यंत नूतनीकरणासाठी बंद राहील.,No,No,No
ham,उद्यान 26-06-2026 ते 21-11-2026 पर्यंत नूतनीकरणासाठी बंद राहील.,No,No,No
ham,उद्यान 25-07-2026 ते 18-12-2026 पर्यंत नूतनीकरणासाठी बंद राहील.,No,No,No
ham,उद्यान 24-07-2026 ते 07-10-2026 पर्यंत नूतनीकरणासाठी बंद राहील.,No,No,No
ham,उद्यान 08-08-2026 ते 23-09-2026 पर्यंत नूतनीकरणासाठी बंद राहील.,No,No,No
ham,उद्यान 26-11-2025 ते 26-11-2025 पर्यंत नूतनीकरणासाठी बंद राहील.,No,No,No
ham,उद्यान 23-04-2026 ते 17-08-2026 पर्यंत नूतनीकरणासाठी बंद राहील.,No,No,No
ham,उद्यान 22-09-2025 ते 05-06-2026 पर्यंत नूतनीकरणासाठी बंद राहील.,No,No,No
ham,सोसायटीची वार्षिक सभा 13-01-2026 रोजी संध्याकाळी 6 वाजता क्लबहाऊसमध्ये आहे.,No,No,No
ham,उद्यान 10-04-2026 ते 15-08-2026 पर्यंत नूतनीकरणासाठी बंद राहील.,No,No,No
ham,स्मरणपत्र: सोसायटीची देखभाल फी 08-03-2025 पर्यंत भरा अन्यथा विलंब शुल्क लागेल.,No,No,No
ham,उद्यान 18-02-2025 ते 08-12-2025 पर्यंत नूतनीकरणासाठी बंद राहील.,No,No,No
ham,उद्यान 01-12-2026 ते 20-02-2025 पर्यंत नूतनीकरणासाठी बंद राहील.,No,No,No
ham,उद्यान 13-11-2026 ते 23-08-2026 पर्यंत नूतनीकरणासाठी बंद राहील.,No,No,No
ham,उद्यान 11-10-2026 ते 07-10-2025 पर्यंत नूतनीकरणासाठी बंद राहील.,No,No,No
ham,उद्यान 22-06-2025 ते 20-07-2025 पर्यंत नूतनीकरणासाठी बंद राहील.,No,No,No
ham,उद्यान 26-05-2025 ते 12-08-2025 पर्यंत नूतनीकरणासाठी बंद राहील.,No,No,No
ham,उद्यान 13-06-2026 ते 15-09-2025 पर्यंत नूतनीकरणासाठी बंद राहील.,No,No,No
ham,उद्यान 13-02-2026 ते 18-04-2026 पर्यंत नूतनीकरणासाठी बंद राहील.,No,No,No
ham,"स्मरणपत्र: लायब्ररीची पुस्तके 19-07-2025 पर्यंत परत करायची आहेत, त्यानंतर विलंब शुल्क लागेल.",No,No,No
ham,उद्यान 16-10-2025 ते 12-09-2026 पर्यंत नूतनीकरणासाठी बंद राहील.,No,No,No
ham,उद्यान 22-11-2026 ते 24-07-2026 पर्यंत नूतनीकरणासाठी बंद राहील.,No,No,No
ham,उद्यान 27-11-2025 ते 09-08-2026 पर्यंत नूतनीकरणासाठी बंद राहील.,No,No,No
ham,उद्यान 04-03-2026 ते 16-06-2025 पर्यंत नूतनीकरणासाठी बंद राहील.,No,No,No
ham,स्मरणपत्र: सोसायटीची देखभाल फी 25-06-2025 पर्यंत भरा अन्यथा विलंब शुल्क लागेल.,No,No,No
ham,उद्यान 22-01-2025 ते 12-07-2025 पर्यंत नूतनीकरणासाठी बंद राहील.,No,No,No
ham,उद्यान 07-03-2025 ते 22-08-2026 पर्यंत नूतनीकरणासाठी बंद राहील.,No,No,No
ham,उद्यान 18-07-2026 ते 02-08-2025 पर्यंत नूतनीकरणासाठी बंद राहील.,No,No,No
ham,उद्यान 13-06-2025 ते 13-01-2026 पर्यंत नूतनीकरणासाठी बंद राहील.,No,No,No
ham,उद्यान 09-07-2025 ते 18-03-2026 पर्यंत नूतनीकरणासाठी बंद राहील.,No,No,No
ham,सोसायटीची वार्षिक सभा 27-03-2025 रोजी संध्याकाळी 6 वाजता क्लबहाऊसमध्ये आहे.,No,No,No
ham,"स्मरणपत्र: लायब्ररीची पुस्तके 19-08-2025 पर्यंत परत करायची आहेत, त्यानंतर विलंब शुल्क लागेल.",No,No,No
ham,उद्यान 19-01-2025 ते 17-05-2025 पर्यंत नूतनीकरणासाठी बंद राहील.,No,No,No
ham,उद्यान 15-10-2025 ते 09-08-2025 पर्यंत नूतनीकरणासाठी बंद राहील.,No,No,No
ham,उद्यान 13-06-2025 ते 06-12-2025 पर्यंत नूतनीकरणासाठी बंद राहील.,No,No,No
ham,उद्यान 10-10-2026 ते 02-01-2026 पर्यंत नूतनीकरणासाठी बंद राहील.,No,No,No
ham,उद्यान 07-10-2025 ते 25-02-2026 पर्यंत नूतनीकरणासाठी बंद राहील.,No,No,No
ham,उद्यान 05-11-2026 ते 04-07-2026 पर्यंत नूतनीकरणासाठी बंद राहील.,No,No,No
ham,उद्यान 14-11-2026 ते 07-04-2025 पर्यंत नूतनीकरणासाठी बंद राहील.,No,No,No
ham,"स्मरणपत्र: लायब्ररीची पुस्तके 01-01-2026 पर्यंत परत करायची आहेत, त्यानंतर विलंब शुल्क लागेल.",No,No,No
ham,उद्यान 04-03-2026 ते 20-08-2026 पर्यंत नूतनीकरणासाठी बंद राहील.,No,No,No
ham,उद्यान 01-02-2026 ते 28-11-2026 पर्यंत नूतनीकरणासाठी बंद राहील.,No,No,No
ham,उद्यान 03-05-2025 ते 28-06-2025 पर्यंत नूतनीकरणासाठी बंद राहील.,No,No,No
ham,"स्मरणपत्र: लायब्ररीची पुस्तके 06-08-2026 पर्यंत परत करायची आहेत, त्यानंतर विलंब शुल्क लागेल.",No,No,No
ham,उद्यान 10-12-2025 ते 24-01-2026 पर्यंत नूतनीकरणासाठी बंद राहील.,No,No,No
ham,उद्यान 26-09-2026 ते 18-03-2025 पर्यंत नूतनीकरणासाठी बंद राहील.,No,No,No
ham,उद्यान 15-03-2025 ते 16-09-2026 पर्यंत नूतनीकरणासाठी बंद राहील.,No,No,No
ham,उद्यान 03-10-2025 ते 21-07-2025 पर्यंत नूतनीकरणासाठी बंद राहील.,No,No,No
ham,उद्यान 13-10-2025 ते 26-06-2025 पर्यंत नूतनीकरणासाठी बंद राहील.,No,No,No
ham,उद्यान 28-02-2026 ते 14-03-2026 पर्यंत नूतनीकरणासाठी बंद राहील.,No,No,No
ham,उद्यान 28-11-2025 ते 07-01-2026 पर्यंत नूतनीकरणासाठी बंद राहील.,No,No,No
ham,उद्यान 10-06-2025 ते 22-07-2026 पर्यंत नूतनीकरणासाठी बंद राहील.,No,No,No
ham,उद्यान 17-08-2026 ते 03-10-2026 पर्यंत नूतनीकरणासाठी बंद राहील.,No,No,No
ham,स्मरणपत्र: सोसायटीची देखभाल फी 26-08-2026 पर्यंत भरा अन्यथा विलंब शुल्क लागेल.,No,No,No
ham,उद्यान 25-12-2025 ते 17-05-2025 पर्यंत नूतनीकरणासाठी बंद राहील.,No,No,No
ham,उद्यान 05-02-2026 ते 08-04-2026 पर्यंत नूतनीकरणासाठी बंद राहील.,No,No,No
ham,उद्यान 12-03-2025 ते 16-12-2025 पर्यंत नूतनीकरणासाठी बंद राहील.,No,No,No
ham,"स्मरणपत्र: लायब्ररीची पुस्तके 02-12-2025 पर्यंत परत करायची आहेत, त्यानंतर विलंब शुल्क लागेल.",No,No,No
ham,उद्यान 10-02-2026 ते 06-01-2025 पर्यंत नूतनीकरणासाठी बंद राहील.,No,No,No
ham,उद्यान 05-08-2025 ते 22-09-2026 पर्यंत नूतनीकरणासाठी बंद राहील.,No,No,No
ham,उद्यान 12-10-2026 ते 08-02-2025 पर्यंत नूतनीकरणासाठी बंद राहील.,No,No,No
ham,उद्यान 15-03-2026 ते 20-02-2026 पर्यंत नूतनीकरणासाठी बंद राहील.,No,No,No
ham,उद्यान 08-07-2025 ते 10-11-2026 पर्यंत नूतनीकरणासाठी बंद राहील.,No,No,No
ham,उद्यान 21-08-2025 ते 19-02-2025 पर्यंत नूतनीकरणासाठी बंद राहील.,No,No,No
ham,उद्यान 10-09-2025 ते 17-07-2026 पर्यंत नूतनीकरणासाठी बंद राहील.,No,No,No
ham,उद्यान 28-03-2025 ते 12-08-2025 पर्यंत नूतनीकरणासाठी बंद राहील.,No,No,No
ham,स्मरणपत्र: सोसायटीची देखभाल फी 03-03-2026 पर्यंत भरा अन्यथा विलंब शुल्क लागेल.,No,No,No
ham,उद्यान 02-02-2025 ते 01-02-2026 पर्यंत नूतनीकरणासाठी बंद राहील.,No,No,No
ham,सोसायटीची वार्षिक सभा 24-09-2026 रोजी संध्याकाळी 6 वाजता क्लबहाऊसमध्ये आहे.,No,No,No
ham,उद्यान 12-06-2026 ते 08-01-2026 पर्यंत नूतनीकरणासाठी बंद राहील.,No,No,No
ham,उद्यान 21-09-2025 ते 11-02-2026 पर्यंत नूतनीकरणासाठी बंद राहील.,No,No,No
ham,उद्यान 12-08-2025 ते 03-11-2025 पर्यंत नूतनीकरणासाठी बंद राहील.,No,No,No
ham,उद्यान 24-07-2025 ते 28-06-2025 पर्यंत नूतनीकरणासाठी बंद राहील.,No,No,No
ham,उद्यान 13-07-2026 ते 25-08-2025 पर्यंत नूतनीकरणासाठी बंद राहील.,No,No,No
ham,उद्यान 10-07-2026 ते 12-12-2025 पर्यंत नूतनीकरणासाठी बंद राहील.,No,No,No
ham,उद्यान 21-02-2026 ते 22-02-2026 पर्यंत नूतनीकरणासाठी बंद राहील.,No,No,No
ham,उद्यान 23-07-2025 ते 17-01-2025 पर्यंत नूतनीकरणासाठी बंद राहील.,No,No,No
ham,उद्यान 02-08-2025 ते 14-08-2026 पर्यंत नूतनीकरणासाठी बंद राहील.,No,No,No
ham,उद्यान 25-05-2025 ते 23-04-2025 पर्यंत नूतनीकरणासाठी बंद राहील.,No,No,No
ham,उद्यान 03-05-2026 ते 15-01-2026 पर्यंत नूतनीकरणासाठी बंद राहील.,No,No,No
ham,उद्यान 13-08-2026 ते 21-04-2025 पर्यंत नूतनीकरणासाठी बंद राहील.,No,No,No
ham,उद्यान 01-09-2026 ते 24-05-2026 पर्यंत नूतनीकरणासाठी बंद राहील.,No,No,No
ham,उद्यान 16-07-2026 ते 03-03-2025 पर्यंत नूतनीकरणासाठी बंद राहील.,No,No,No
ham,उद्यान 03-04-2026 ते 20-02-2026 पर्यंत नूतनीकरणासाठी बंद राहील.,No,No,No
ham,उद्यान 18-12-2026 ते 27-05-2025 पर्यंत नूतनीकरणासाठी बंद राहील.,No,No,No
ham,उद्यान 25-01-2025 ते 16-03-2026 पर्यंत नूतनीकरणासाठी बंद राहील.,No,No,No
ham,उद्यान 15-12-2026 ते 05-01-2026 पर्यंत नूतनीकरणासाठी बंद राहील.,No,No,No
ham,उद्यान 10-04-2026 ते 06-01-2026 पर्यंत नूतनीकरणासाठी बंद राहील.,No,No,No
ham,उद्यान 17-05-2025 ते 05-04-2025 पर्यंत नूतनीकरणासाठी बंद राहील.,No,No,No
ham,सोसायटीची वार्षिक सभा 05-05-2025 रोजी संध्याकाळी 6 वाजता क्लबहाऊसमध्ये आहे.,No,No,No
ham,उद्यान 22-10-2025 ते 09-12-2026 पर्यंत नूतनीकरणासाठी बंद राहील.,No,No,No
ham,उद्यान 19-03-2026 ते 26-01-2025 पर्यंत नूतनीकरणासाठी बंद राहील.,No,No,No
ham,उद्यान 22-02-2026 ते 27-12-2025 पर्यंत नूतनीकरणासाठी बंद राहील.,No,No,No
ham,उद्यान 08-02-2026 ते 19-06-2025 पर्यंत नूतनीकरणासाठी बंद राहील.,No,No,No
ham,उद्यान 09-05-2025 ते 28-05-2025 पर्यंत नूतनीकरणासाठी बंद राहील.,No,No,No
ham,उद्यान 22-09-2025 ते 04-03-2026 पर्यंत नूतनीकरणासाठी बंद राहील.,No,No,No
ham,उद्यान 16-06-2026 ते 24-07-2026 पर्यंत नूतनीकरणासाठी बंद राहील.,No,No,No
ham,उद्यान 25-06-2026 ते 26-09-2026 पर्यंत नूतनीकरणासाठी बंद राहील.,No,No,No
ham,उद्यान 18-02-2026 ते 17-05-2025 पर्यंत नूतनीकरणासाठी बंद राहील.,No,No,No
ham,उद्यान 23-07-2025 ते 12-09-2025 पर्यंत नूतनीकरणासाठी बंद राहील.,No,No,No
ham,उद्यान 03-02-2026 ते 09-08-2026 पर्यंत नूतनीकरणासाठी बंद राहील.,No,No,No
ham,"स्मरणपत्र: लायब्ररीची पुस्तके 18-01-2026 पर्यंत परत करायची आहेत, त्यानंतर विलंब शुल्क लागेल.",No,No,No
ham,उद्यान 24-02-2025 ते 21-01-2025 पर्यंत नूतनीकरणासाठी बंद राहील.,No,No,No
ham,स्मरणपत्र: सोसायटीची देखभाल फी 02-12-2025 पर्यंत भरा अन्यथा विलंब शुल्क लागेल.,No,No,No
ham,उद्यान 18-07-2025 ते 13-06-2026 पर्यंत नूतनीकरणासाठी बंद राहील.,No,No,No
ham,उद्यान 19-08-2025 ते 21-09-2025 पर्यंत नूतनीकरणासाठी बंद राहील.,No,No,No
ham,उद्यान 13-06-2026 ते 22-10-2025 पर्यंत नूतनीकरणासाठी बंद राहील.,No,No,No
ham,उद्यान 19-11-2026 ते 21-03-2026 पर्यंत नूतनीकरणासाठी बंद राहील.,No,No,No
ham,उद्यान 19-10-2026 ते 24-03-2025 पर्यंत नूतनीकरणासाठी बंद राहील.,No,No,No
ham,उद्यान 08-07-2025 ते 03-06-2026 पर्यंत नूतनीकरणासाठी बंद राहील.,No,No,No
ham,उद्यान 18-06-2026 ते 01-12-2026 पर्यंत नूतनीकरणासाठी बंद राहील.,No,No,No
ham,उद्यान 11-01-2026 ते 21-01-2026 पर्यंत नूतनीकरणासाठी बंद राहील.,No,No,No
ham,उद्यान 08-12-2025 ते 24-06-2025 पर्यंत नूतनीकरणासाठी बंद राहील.,No,No,No
ham,"स्मरणपत्र: लायब्ररीची पुस्तके 14-09-2025 पर्यंत परत करायची आहेत, त्यानंतर विलंब शुल्क लागेल.",No,No,No
ham,उद्यान 18-10-2026 ते 05-03-2026 पर्यंत नूतनीकरणासाठी बंद राहील.,No,No,No
ham,उद्यान 24-10-2025 ते 25-03-2026 पर्यंत नूतनीकरणासाठी बंद राहील.,No,No,No
ham,उद्यान 07-05-2025 ते 14-08-2026 पर्यंत नूतनीकरणासाठी बंद राहील.,No,No,No
ham,उद्यान 11-06-2025 ते 17-01-2025 पर्यंत नूतनीकरणासाठी बंद राहील.,No,No,No
ham,उद्यान 09-11-2026 ते 02-09-2026 पर्यंत नूतनीकरणासाठी बंद राहील.,No,No,No
ham,उद्यान 08-03-2025 ते 10-05-2025 पर्यंत नूतनीकरणासाठी बंद राहील.,No,No,No
ham,उद्यान 12-11-2025 ते 22-11-2025 पर्यंत नूतनीकरणासाठी बंद राहील.,No,No,No
ham,उद्यान 18-07-2026 ते 06-04-2025 पर्यंत नूतनीकरणासाठी बंद राहील.,No,No,No
ham,सोसायटीची वार्षिक सभा 04-03-2025 रोजी संध्याकाळी 6 वाजता क्लबहाऊसमध्ये आहे.,No,No,No
ham,उद्यान 21-05-2026 ते 20-11-2025 पर्यंत नूतनीकरणासाठी बंद राहील.,No,No,No
ham,उद्यान 05-02-2026 ते 14-12-2026 पर्यंत नूतनीकरणासाठी बंद राहील.,No,No,No
ham,सोसायटीची वार्षिक सभा 08-04-2026 रोजी संध्याकाळी 6 वाजता क्लबहाऊसमध्ये आहे.,No,No,No
ham,उद्यान 12-10-2026 ते 09-07-2026 पर्यंत नूतनीकरणासाठी बंद राहील.,No,No,No
ham,उद्यान 15-11-2025 ते 08-12-2025 पर्यंत नूतनीकरणासाठी बंद राहील.,No,No,No
ham,उद्यान 04-01-2025 ते 01-10-2026 पर्यंत नूतनीकरणासाठी बंद राहील.,No,No,No
ham,उद्यान 17-04-2026 ते 06-08-2025 पर्यंत नूतनीकरणासाठी बंद राहील.,No,No,No
ham,उद्यान 24-07-2025 ते 26-06-2025 पर्यंत नूतनीकरणासाठी बंद राहील.,No,No,No
ham,उद्यान 01-11-2026 ते 19-02-2026 पर्यंत नूतनीकरणासाठी बंद राहील.,No,No,No
ham,उद्यान 05-02-2025 ते 13-04-2026 पर्यंत नूतनीकरणासाठी बंद राहील.,No,No,No
ham,उद्यान 15-09-2025 ते 17-01-2026 पर्यंत नूतनीकरणासाठी बंद राहील.,No,No,No
ham,उद्यान 10-08-2025 ते 09-05-2025 पर्यंत नूतनीकरणासाठी बंद राहील.,No,No,No
ham,"स्मरणपत्र: लायब्ररीची पुस्तके 19-12-2025 पर्यंत परत करायची आहेत, त्यानंतर विलंब शुल्क लागेल.",No,No,No
ham,उद्यान 11-11-2026 ते 27-11-2025 पर्यंत नूतनीकरणासाठी बंद राहील.,No,No,No
ham,उद्यान 28-03-2025 ते 14-09-2026 पर्यंत नूतनीकरणासाठी बंद राहील.,No,No,No
ham,उद्यान 16-01-2026 ते 04-06-2025 पर्यंत नूतनीकरणासाठी बंद राहील.,No,No,No
ham,उद्यान 22-12-2025 ते 06-03-2025 पर्यंत नूतनीकरणासाठी बंद राहील.,No,No,No
ham,उद्यान 25-04-2025 ते 08-04-2025 पर्यंत नूतनीकरणासाठी बंद राहील.,No,No,No
ham,उद्यान 04-08-2025 ते 25-10-2025 पर्यंत नूतनीकरणासाठी बंद राहील.,No,No,No
ham,उद्यान 14-11-2025 ते 23-08-2026 पर्यंत नूतनीकरणासाठी बंद राहील.,No,No,No
ham,उद्यान 19-10-2025 ते 06-08-2026 पर्यंत नूतनीकरणासाठी बंद राहील.,No,No,No
ham,स्मरणपत्र: सोसायटीची देखभाल फी 17-03-2025 पर्यंत भरा अन्यथा विलंब शुल्क लागेल.,No,No,No
ham,उद्यान 24-08-2025 ते 19-03-2026 पर्यंत नूतनीकरणासाठी बंद राहील.,No,No,No
ham,उद्यान 25-12-2026 ते 05-05-2025 पर्यंत नूतनीकरणासाठी बंद राहील.,No,No,No
ham,उद्यान 21-05-2025 ते 25-03-2026 पर्यंत नूतनीकरणासाठी बंद राहील.,No,No,No
ham,उद्यान 20-11-2025 ते 26-05-2026 पर्यंत नूतनीकरणासाठी बंद राहील.,No,No,No
ham,उद्यान 11-10-2026 ते 09-03-2026 पर्यंत नूतनीकरणासाठी बंद राहील.,No,No,No
ham,उद्यान 05-08-2026 ते 19-10-2025 पर्यंत नूतनीकरणासाठी बंद राहील.,No,No,No
ham,उद्यान 06-02-2025 ते 11-02-2025 पर्यंत नूतनीकरणासाठी बंद राहील.,No,No,No
ham,उद्यान 13-09-2025 ते 01-08-2026 पर्यंत नूतनीकरणासाठी बंद राहील.,No,No,No
ham,उद्यान 20-02-2025 ते 15-09-2025 पर्यंत नूतनीकरणासाठी बंद राहील.,No,No,No
ham,उद्यान 12-12-2025 ते 02-02-2025 पर्यंत नूतनीकरणासाठी बंद राहील.,No,No,No
ham,उद्यान 16-07-2026 ते 06-07-2025 पर्यंत नूतनीकरणासाठी बंद राहील.,No,No,No
