LABEL,TEXT,URL,EMAIL,PHONE
spam,Congratulations! Your boAt account is selected for a free gold coin worth Rs.150. Claim now: http://reward-claim24.xyz/gfdre,yes,No,No
spam,Netflix Lucky Draw: You've won a free gift hamper! Call 6642008409 now to claim before it expires.,No,No,yes
spam,Congratulations! Your IRCTC account is selected for a free smartphone worth Rs.50. Claim now: http://lucky-winner-alert.co/dmkq8,yes,No,No
spam,"Swiggy customer service: your refund of Rs.500 is pending, click to claim: http://lucky-winner-alert.co/zb04o",yes,No,No
spam,Amazon Prime Video is giving away free shopping voucher to 100 lucky customers today. Call 9437270457 immediately to grab yours.,No,No,yes
spam,You are the lucky winner of Titan's anniversary contest. Share your bank details to receive your Rs.500 prize.,No,No,No
spam,MakeMyTrip Lucky Draw: You've won a free shopping voucher! Call 8810348618 now to claim before it expires.,No,No,yes
spam,Congratulations! Your BigBasket account is selected for a free gold coin worth Rs.100. Claim now: http://bonus-cashout.xyz/bwxny,yes,No,No
spam,"Lenskart customer service: your refund of Rs.150 is pending, click to claim: http://gift-redeem-now.co.in/sajy4",yes,No,No
spam,Congratulations! Your BookMyShow account is selected for a free smartphone worth Rs.50. Claim now: http://gift-redeem-now.co.in/fqu2r,yes,No,No
spam,"Ola customer service: your refund of Rs.250 is pending, click to claim: http://lucky-winner-alert.co/vjccp",yes,No,No
spam,"CRED customer service: your refund of Rs.300 is pending, click to claim: http://gift-redeem-now.co.in/a8rtn",yes,No,No
spam,"Disney+ Hotstar customer service: your refund of Rs.200 is pending, click to claim: http://prize-verify.info/4cv76",yes,No,No
spam,You are the lucky winner of Jio's anniversary contest. Share your bank details to receive your Rs.300 prize.,No,No,No
spam,BYJU'S Lucky Draw: You've won a free shopping voucher! Call 8883379467 now to claim before it expires.,No,No,yes
spam,"Ola Flash Sale: 90% off everything, only a few pieces left! Reply BUY to order now, limited stock.",No,No,No
spam,cult.fit Lucky Draw: You've won a free smartwatch! Call 9597160794 now to claim before it expires.,No,No,yes
spam,Zomato Lucky Draw: You've won a free gift hamper! Call 9233144388 now to claim before it expires.,No,No,yes
spam,Congratulations! Your BYJU'S account is selected for a free shopping voucher worth Rs.100. Claim now: http://lucky-winner-alert.co/jx1j9,yes,No,No
spam,redBus Lucky Draw: You've won a free gold coin! Call 7230754238 now to claim before it expires.,No,No,yes
spam,You are the lucky winner of IRCTC's anniversary contest. Share your bank details to receive your Rs.200 prize.,No,No,No
spam,"ICICI Bank customer service: your refund of Rs.150 is pending, click to claim: http://gift-redeem-now.co.in/rquai",yes,No,No
spam,Blinkit is giving away free smartwatch to 100 lucky customers today. Call 8697624502 immediately to grab yours.,No,No,yes
spam,"Domino's customer service: your refund of Rs.300 is pending, click to claim: http://bonus-cashout.xyz/29jbm",yes,No,No
spam,Zepto is giving away free smartphone to 100 lucky customers today. Call 9424848357 immediately to grab yours.,No,No,yes
spam,PhonePe Lucky Draw: You've won a free smartphone! Call 7353746924 now to claim before it expires.,No,No,yes
spam,You are the lucky winner of Axis Bank's anniversary contest. Share your bank details to receive your Rs.50 prize.,No,No,No
spam,HDFC Bank is giving away free gift hamper to 100 lucky customers today. Call 9539838999 immediately to grab yours.,No,No,yes
spam,IndiGo is giving away free gold coin to 100 lucky customers today. Call 6078175340 immediately to grab yours.,No,No,yes
spam,Goibibo Lucky Draw: You've won a free gift hamper! Call 9817202332 now to claim before it expires.,No,No,yes
spam,IRCTC is giving away free smartphone to 100 lucky customers today. Call 9551344012 immediately to grab yours.,No,No,yes
spam,IndiGo Lucky Draw: You've won a free smartwatch! Call 9071648252 now to claim before it expires.,No,No,yes
spam,"boAt Flash Sale: 90% off everything, only a few pieces left! Reply BUY to order now, limited stock.",No,No,No
spam,Unacademy Lucky Draw: You've won a free smartwatch! Call 9940534352 now to claim before it expires.,No,No,yes
spam,Congratulations! Your BookMyShow account is selected for a free gold coin worth Rs.200. Claim now: http://reward-claim24.xyz/fbtkt,yes,No,No
spam,BYJU'S Lucky Draw: You've won a free shopping voucher! Call 6466568992 now to claim before it expires.,No,No,yes
spam,Vi Lucky Draw: You've won a free gold coin! Call 8306403093 now to claim before it expires.,No,No,yes
spam,"BYJU'S customer service: your refund of Rs.100 is pending, click to claim: http://offer4u-claim.online/hvjvj",yes,No,No
spam,"Flipkart customer service: your refund of Rs.500 is pending, click to claim: http://prize-verify.info/1g7si",yes,No,No
spam,"Amazon Prime Video Flash Sale: 90% off everything, only a few pieces left! Reply BUY to order now, limited stock.",No,No,No
spam,Domino's is giving away free gift hamper to 100 lucky customers today. Call 6963713552 immediately to grab yours.,No,No,yes
spam,"Swiggy customer service: your refund of Rs.150 is pending, click to claim: http://gift-redeem-now.co.in/ioix7",yes,No,No
spam,Zomato is giving away free smartphone to 100 lucky customers today. Call 7901988935 immediately to grab yours.,No,No,yes
spam,"Titan Flash Sale: 90% off everything, only a few pieces left! Reply BUY to order now, limited stock.",No,No,No
spam,You are the lucky winner of Policybazaar's anniversary contest. Share your bank details to receive your Rs.250 prize.,No,No,No
spam,"BigBasket customer service: your refund of Rs.200 is pending, click to claim: http://lucky-winner-alert.co/es7rb",yes,No,No
spam,Decathlon is giving away free gift hamper to 100 lucky customers today. Call 6076079302 immediately to grab yours.,No,No,yes
spam,"Tanishq customer service: your refund of Rs.150 is pending, click to claim: http://reward-claim24.xyz/qs21q",yes,No,No
spam,Policybazaar Lucky Draw: You've won a free smartphone! Call 8582012217 now to claim before it expires.,No,No,yes
spam,Zepto Lucky Draw: You've won a free gift hamper! Call 8152469953 now to claim before it expires.,No,No,yes
spam,"Paytm Flash Sale: 90% off everything, only a few pieces left! Reply BUY to order now, limited stock.",No,No,No
spam,Netflix is giving away free gold coin to 100 lucky customers today. Call 6079213893 immediately to grab yours.,No,No,yes
spam,"Pepperfry Flash Sale: 90% off everything, only a few pieces left! Reply BUY to order now, limited stock.",No,No,No
spam,"MakeMyTrip customer service: your refund of Rs.500 is pending, click to claim: http://offer4u-claim.online/z81av",yes,No,No
spam,You are the lucky winner of Airtel's anniversary contest. Share your bank details to receive your Rs.250 prize.,No,No,No
spam,ICICI Bank is giving away free gift hamper to 100 lucky customers today. Call 9363803651 immediately to grab yours.,No,No,yes
spam,"MakeMyTrip customer service: your refund of Rs.50 is pending, click to claim: http://offer4u-claim.online/2o874",yes,No,No
spam,You are the lucky winner of MakeMyTrip's anniversary contest. Share your bank details to receive your Rs.500 prize.,No,No,No
spam,You are the lucky winner of Spotify's anniversary contest. Share your bank details to receive your Rs.500 prize.,No,No,No
spam,"Domino's customer service: your refund of Rs.250 is pending, click to claim: http://offer4u-claim.online/1yxzw",yes,No,No
spam,Congratulations! Your HDFC Bank account is selected for a free gold coin worth Rs.500. Claim now: http://offer4u-claim.online/0g1aj,yes,No,No
spam,Congratulations! Your Netflix account is selected for a free gift hamper worth Rs.150. Claim now: http://reward-claim24.xyz/v122h,yes,No,No
spam,"Tanishq customer service: your refund of Rs.250 is pending, click to claim: http://reward-claim24.xyz/6azhn",yes,No,No
spam,"Amazon Prime Video customer service: your refund of Rs.50 is pending, click to claim: http://prize-verify.info/5jmqx",yes,No,No
spam,"BookMyShow Flash Sale: 90% off everything, only a few pieces left! Reply BUY to order now, limited stock.",No,No,No
spam,Congratulations! Your Meesho account is selected for a free shopping voucher worth Rs.100. Claim now: http://gift-redeem-now.co.in/2mui5,yes,No,No
spam,You are the lucky winner of Zepto's anniversary contest. Share your bank details to receive your Rs.500 prize.,No,No,No
spam,"BigBasket Flash Sale: 90% off everything, only a few pieces left! Reply BUY to order now, limited stock.",No,No,No
spam,Congratulations! Your Disney+ Hotstar account is selected for a free smartphone worth Rs.200. Claim now: http://bonus-cashout.xyz/byjxe,yes,No,No
spam,Tanishq Lucky Draw: You've won a free gold coin! Call 8564901052 now to claim before it expires.,No,No,yes
spam,1mg Lucky Draw: You've won a free gift hamper! Call 7209171312 now to claim before it expires.,No,No,yes
spam,Amazon is giving away free gold coin to 100 lucky customers today. Call 6808994710 immediately to grab yours.,No,No,yes
spam,Policybazaar Lucky Draw: You've won a free gift hamper! Call 9950956145 now to claim before it expires.,No,No,yes
spam,"IRCTC Flash Sale: 90% off everything, only a few pieces left! Reply BUY to order now, limited stock.",No,No,No
spam,Blinkit Lucky Draw: You've won a free smartwatch! Call 7149963243 now to claim before it expires.,No,No,yes
spam,"MakeMyTrip customer service: your refund of Rs.200 is pending, click to claim: http://offer4u-claim.online/wmi5d",yes,No,No
spam,Congratulations! Your Netflix account is selected for a free smartwatch worth Rs.50. Claim now: http://bonus-cashout.xyz/f5mb1,yes,No,No
spam,You are the lucky winner of redBus's anniversary contest. Share your bank details to receive your Rs.500 prize.,No,No,No
spam,"Swiggy customer service: your refund of Rs.50 is pending, click to claim: http://reward-claim24.xyz/7zycf",yes,No,No
spam,"Flipkart customer service: your refund of Rs.250 is pending, click to claim: http://lucky-winner-alert.co/2x5z7",yes,No,No
spam,"cult.fit customer service: your refund of Rs.150 is pending, click to claim: http://gift-redeem-now.co.in/5vexv",yes,No,No
spam,"BigBasket customer service: your refund of Rs.200 is pending, click to claim: http://bonus-cashout.xyz/vprsv",yes,No,No
spam,Ola Lucky Draw: You've won a free shopping voucher! Call 9751842159 now to claim before it expires.,No,No,yes
spam,You are the lucky winner of cult.fit's anniversary contest. Share your bank details to receive your Rs.300 prize.,No,No,No
spam,Unacademy Lucky Draw: You've won a free gift hamper! Call 8391890429 now to claim before it expires.,No,No,yes
spam,Swiggy Lucky Draw: You've won a free gift hamper! Call 6632533329 now to claim before it expires.,No,No,yes
spam,Nykaa is giving away free gold coin to 100 lucky customers today. Call 9293486500 immediately to grab yours.,No,No,yes
spam,"Tanishq customer service: your refund of Rs.100 is pending, click to claim: http://prize-verify.info/up3z3",yes,No,No
spam,"BYJU'S customer service: your refund of Rs.300 is pending, click to claim: http://prize-verify.info/vtye0",yes,No,No
spam,"Goibibo Flash Sale: 90% off everything, only a few pieces left! Reply BUY to order now, limited stock.",No,No,No
spam,"MakeMyTrip Flash Sale: 90% off everything, only a few pieces left! Reply BUY to order now, limited stock.",No,No,No
spam,"Zomato Flash Sale: 90% off everything, only a few pieces left! Reply BUY to order now, limited stock.",No,No,No
spam,"PhonePe Flash Sale: 90% off everything, only a few pieces left! Reply BUY to order now, limited stock.",No,No,No
spam,HDFC Bank Lucky Draw: You've won a free gold coin! Call 9824905537 now to claim before it expires.,No,No,yes
spam,"Blinkit Flash Sale: 90% off everything, only a few pieces left! Reply BUY to order now, limited stock.",No,No,No
spam,PharmEasy Lucky Draw: You've won a free gift hamper! Call 8551885298 now to claim before it expires.,No,No,yes
spam,"Flipkart customer service: your refund of Rs.200 is pending, click to claim: http://prize-verify.info/o6qa3",yes,No,No
spam,You are the lucky winner of ICICI Bank's anniversary contest. Share your bank details to receive your Rs.50 prize.,No,No,No
spam,Axis Bank is giving away free shopping voucher to 100 lucky customers today. Call 6227841621 immediately to grab yours.,No,No,yes
spam,You are the lucky winner of PhonePe's anniversary contest. Share your bank details to receive your Rs.250 prize.,No,No,No
spam,1mg Lucky Draw: You've won a free shopping voucher! Call 7525086050 now to claim before it expires.,No,No,yes
spam,You are the lucky winner of Blinkit's anniversary contest. Share your bank details to receive your Rs.250 prize.,No,No,No
spam,Congratulations! Your Lenskart account is selected for a free gift hamper worth Rs.250. Claim now: http://lucky-winner-alert.co/z49hm,yes,No,No
spam,Congratulations! Your Ola account is selected for a free gift hamper worth Rs.200. Claim now: http://lucky-winner-alert.co/bro9j,yes,No,No
spam,Zepto Lucky Draw: You've won a free smartwatch! Call 8708630021 now to claim before it expires.,No,No,yes
spam,Airtel is giving away free shopping voucher to 100 lucky customers today. Call 8645979536 immediately to grab yours.,No,No,yes
spam,"Policybazaar Flash Sale: 90% off everything, only a few pieces left! Reply BUY to order now, limited stock.",No,No,No
spam,cult.fit Lucky Draw: You've won a free smartphone! Call 9135018387 now to claim before it expires.,No,No,yes
spam,Congratulations! Your Ajio account is selected for a free gold coin worth Rs.200. Claim now: http://lucky-winner-alert.co/68rn8,yes,No,No
spam,"Axis Bank Flash Sale: 90% off everything, only a few pieces left! Reply BUY to order now, limited stock.",No,No,No
spam,Axis Bank is giving away free smartwatch to 100 lucky customers today. Call 9032104972 immediately to grab yours.,No,No,yes
spam,You are the lucky winner of Unacademy's anniversary contest. Share your bank details to receive your Rs.150 prize.,No,No,No
spam,MakeMyTrip is giving away free gold coin to 100 lucky customers today. Call 7299782013 immediately to grab yours.,No,No,yes
spam,Congratulations! Your ICICI Bank account is selected for a free shopping voucher worth Rs.500. Claim now: http://offer4u-claim.online/r96ww,yes,No,No
spam,Congratulations! Your Jio account is selected for a free shopping voucher worth Rs.50. Claim now: http://gift-redeem-now.co.in/yblr6,yes,No,No
spam,"ICICI Bank Flash Sale: 90% off everything, only a few pieces left! Reply BUY to order now, limited stock.",No,No,No
spam,Congratulations! Your Jio account is selected for a free smartwatch worth Rs.250. Claim now: http://bonus-cashout.xyz/bkgda,yes,No,No
spam,Flipkart Lucky Draw: You've won a free gold coin! Call 9086743126 now to claim before it expires.,No,No,yes
spam,Airtel is giving away free smartphone to 100 lucky customers today. Call 7186716095 immediately to grab yours.,No,No,yes
spam,Paytm is giving away free smartphone to 100 lucky customers today. Call 9424100997 immediately to grab yours.,No,No,yes
spam,"Lenskart customer service: your refund of Rs.150 is pending, click to claim: http://lucky-winner-alert.co/xgr96",yes,No,No
spam,Airtel is giving away free gift hamper to 100 lucky customers today. Call 7497903104 immediately to grab yours.,No,No,yes
spam,"PharmEasy Flash Sale: 90% off everything, only a few pieces left! Reply BUY to order now, limited stock.",No,No,No
spam,Meesho Lucky Draw: You've won a free smartwatch! Call 7895116896 now to claim before it expires.,No,No,yes
spam,You are the lucky winner of Nykaa's anniversary contest. Share your bank details to receive your Rs.250 prize.,No,No,No
spam,Policybazaar is giving away free smartwatch to 100 lucky customers today. Call 7445446411 immediately to grab yours.,No,No,yes
spam,You are the lucky winner of boAt's anniversary contest. Share your bank details to receive your Rs.50 prize.,No,No,No
spam,"Decathlon Flash Sale: 90% off everything, only a few pieces left! Reply BUY to order now, limited stock.",No,No,No
spam,You are the lucky winner of BigBasket's anniversary contest. Share your bank details to receive your Rs.50 prize.,No,No,No
spam,Decathlon is giving away free gift hamper to 100 lucky customers today. Call 8988029574 immediately to grab yours.,No,No,yes
spam,"BYJU'S customer service: your refund of Rs.150 is pending, click to claim: http://gift-redeem-now.co.in/z8dqc",yes,No,No
spam,Congratulations! Your boAt account is selected for a free smartwatch worth Rs.150. Claim now: http://prize-verify.info/nlvmg,yes,No,No
spam,Amazon Prime Video is giving away free smartwatch to 100 lucky customers today. Call 8222536435 immediately to grab yours.,No,No,yes
spam,"Tanishq Flash Sale: 90% off everything, only a few pieces left! Reply BUY to order now, limited stock.",No,No,No
spam,Policybazaar Lucky Draw: You've won a free gift hamper! Call 8365234450 now to claim before it expires.,No,No,yes
spam,Amazon Prime Video Lucky Draw: You've won a free shopping voucher! Call 6943683857 now to claim before it expires.,No,No,yes
spam,"cult.fit Flash Sale: 90% off everything, only a few pieces left! Reply BUY to order now, limited stock.",No,No,No
spam,1mg Lucky Draw: You've won a free smartphone! Call 8105526912 now to claim before it expires.,No,No,yes
spam,"Nykaa customer service: your refund of Rs.50 is pending, click to claim: http://bonus-cashout.xyz/ih2f1",yes,No,No
spam,"Ajio customer service: your refund of Rs.150 is pending, click to claim: http://lucky-winner-alert.co/qp0ek",yes,No,No
spam,Flipkart is giving away free smartphone to 100 lucky customers today. Call 9022776892 immediately to grab yours.,No,No,yes
spam,Disney+ Hotstar is giving away free gift hamper to 100 lucky customers today. Call 9209227953 immediately to grab yours.,No,No,yes
spam,SBI Card is giving away free smartwatch to 100 lucky customers today. Call 6031501680 immediately to grab yours.,No,No,yes
spam,Congratulations! Your Pepperfry account is selected for a free gold coin worth Rs.100. Claim now: http://reward-claim24.xyz/lnajl,yes,No,No
spam,"ICICI Bank customer service: your refund of Rs.200 is pending, click to claim: http://gift-redeem-now.co.in/dtjq4",yes,No,No
spam,Congratulations! Your Amazon account is selected for a free smartwatch worth Rs.100. Claim now: http://reward-claim24.xyz/s3yib,yes,No,No
spam,"BYJU'S Flash Sale: 90% off everything, only a few pieces left! Reply BUY to order now, limited stock.",No,No,No
spam,Titan Lucky Draw: You've won a free gift hamper! Call 9219182890 now to claim before it expires.,No,No,yes
spam,You are the lucky winner of PhonePe's anniversary contest. Share your bank details to receive your Rs.500 prize.,No,No,No
spam,"cult.fit customer service: your refund of Rs.250 is pending, click to claim: http://reward-claim24.xyz/57sqi",yes,No,No
spam,Ola is giving away free gift hamper to 100 lucky customers today. Call 7379335671 immediately to grab yours.,No,No,yes
spam,"CRED Flash Sale: 90% off everything, only a few pieces left! Reply BUY to order now, limited stock.",No,No,No
spam,1mg Lucky Draw: You've won a free gold coin! Call 9591074623 now to claim before it expires.,No,No,yes
spam,"Zepto customer service: your refund of Rs.500 is pending, click to claim: http://bonus-cashout.xyz/1nt9m",yes,No,No
spam,CRED is giving away free gold coin to 100 lucky customers today. Call 9142144918 immediately to grab yours.,No,No,yes
spam,HDFC Bank is giving away free smartphone to 100 lucky customers today. Call 9356307764 immediately to grab yours.,No,No,yes
spam,redBus Lucky Draw: You've won a free smartwatch! Call 6781807479 now to claim before it expires.,No,No,yes
spam,Congratulations! Your PhonePe account is selected for a free smartwatch worth Rs.200. Claim now: http://bonus-cashout.xyz/9ji8b,yes,No,No
spam,BookMyShow Lucky Draw: You've won a free smartwatch! Call 8968203331 now to claim before it expires.,No,No,yes
spam,Domino's Lucky Draw: You've won a free smartwatch! Call 9187490573 now to claim before it expires.,No,No,yes
spam,Myntra is giving away free shopping voucher to 100 lucky customers today. Call 8653877754 immediately to grab yours.,No,No,yes
spam,"Decathlon customer service: your refund of Rs.200 is pending, click to claim: http://bonus-cashout.xyz/81mr1",yes,No,No
spam,Congratulations! Your Unacademy account is selected for a free smartwatch worth Rs.250. Claim now: http://lucky-winner-alert.co/ufi00,yes,No,No
spam,Congratulations! Your Domino's account is selected for a free shopping voucher worth Rs.50. Claim now: http://lucky-winner-alert.co/vfwg4,yes,No,No
spam,You are the lucky winner of Policybazaar's anniversary contest. Share your bank details to receive your Rs.200 prize.,No,No,No
spam,"Vi Flash Sale: 90% off everything, only a few pieces left! Reply BUY to order now, limited stock.",No,No,No
spam,Congratulations! Your Decathlon account is selected for a free shopping voucher worth Rs.200. Claim now: http://gift-redeem-now.co.in/prjsn,yes,No,No
spam,"Swiggy customer service: your refund of Rs.100 is pending, click to claim: http://prize-verify.info/mjl0p",yes,No,No
spam,Congratulations! Your Uber account is selected for a free gold coin worth Rs.100. Claim now: http://lucky-winner-alert.co/5a54s,yes,No,No
spam,"Myntra Flash Sale: 90% off everything, only a few pieces left! Reply BUY to order now, limited stock.",No,No,No
spam,You are the lucky winner of Policybazaar's anniversary contest. Share your bank details to receive your Rs.500 prize.,No,No,No
spam,Zomato is giving away free smartwatch to 100 lucky customers today. Call 7264141333 immediately to grab yours.,No,No,yes
spam,Paytm Lucky Draw: You've won a free gold coin! Call 8735413130 now to claim before it expires.,No,No,yes
spam,Congratulations! Your Axis Bank account is selected for a free shopping voucher worth Rs.150. Claim now: http://lucky-winner-alert.co/0ctyp,yes,No,No
spam,You are the lucky winner of BigBasket's anniversary contest. Share your bank details to receive your Rs.250 prize.,No,No,No
spam,You are the lucky winner of Paytm's anniversary contest. Share your bank details to receive your Rs.200 prize.,No,No,No
spam,Domino's Lucky Draw: You've won a free smartphone! Call 7064782784 now to claim before it expires.,No,No,yes
spam,"Spotify customer service: your refund of Rs.300 is pending, click to claim: http://gift-redeem-now.co.in/zn32p",yes,No,No
spam,Tanishq is giving away free gold coin to 100 lucky customers today. Call 7474593480 immediately to grab yours.,No,No,yes
spam,Disney+ Hotstar Lucky Draw: You've won a free gold coin! Call 9434922118 now to claim before it expires.,No,No,yes
spam,IndiGo is giving away free smartwatch to 100 lucky customers today. Call 8928919397 immediately to grab yours.,No,No,yes
spam,You are the lucky winner of BookMyShow's anniversary contest. Share your bank details to receive your Rs.50 prize.,No,No,No
spam,Congratulations! Your Jio account is selected for a free gift hamper worth Rs.150. Claim now: http://offer4u-claim.online/4ua5f,yes,No,No
spam,Congratulations! Your BookMyShow account is selected for a free gold coin worth Rs.300. Claim now: http://gift-redeem-now.co.in/m0cog,yes,No,No
spam,Congratulations! Your Zomato account is selected for a free gift hamper worth Rs.200. Claim now: http://lucky-winner-alert.co/2lqr4,yes,No,No
spam,Ajio Lucky Draw: You've won a free smartwatch! Call 7877649744 now to claim before it expires.,No,No,yes
spam,"PhonePe customer service: your refund of Rs.300 is pending, click to claim: http://lucky-winner-alert.co/tnnjl",yes,No,No
spam,"Zepto customer service: your refund of Rs.250 is pending, click to claim: http://reward-claim24.xyz/pdr5n",yes,No,No
spam,"SBI Card customer service: your refund of Rs.500 is pending, click to claim: http://offer4u-claim.online/xyrtu",yes,No,No
spam,You are the lucky winner of Swiggy's anniversary contest. Share your bank details to receive your Rs.300 prize.,No,No,No
spam,"Amazon Flash Sale: 90% off everything, only a few pieces left! Reply BUY to order now, limited stock.",No,No,No
spam,You are the lucky winner of Unacademy's anniversary contest. Share your bank details to receive your Rs.50 prize.,No,No,No
spam,Congratulations! Your Ajio account is selected for a free shopping voucher worth Rs.50. Claim now: http://prize-verify.info/97ea7,yes,No,No
spam,"1mg Flash Sale: 90% off everything, only a few pieces left! Reply BUY to order now, limited stock.",No,No,No
spam,You are the lucky winner of HDFC Bank's anniversary contest. Share your bank details to receive your Rs.100 prize.,No,No,No
spam,Zepto Lucky Draw: You've won a free smartphone! Call 6582348471 now to claim before it expires.,No,No,yes
spam,Tanishq is giving away free gift hamper to 100 lucky customers today. Call 8135168365 immediately to grab yours.,No,No,yes
spam,"HDFC Bank Flash Sale: 90% off everything, only a few pieces left! Reply BUY to order now, limited stock.",No,No,No
spam,Uber Lucky Draw: You've won a free gold coin! Call 7346208558 now to claim before it expires.,No,No,yes
spam,Airtel Lucky Draw: You've won a free shopping voucher! Call 7549370559 now to claim before it expires.,No,No,yes
spam,You are the lucky winner of Jio's anniversary contest. Share your bank details to receive your Rs.500 prize.,No,No,No
spam,IndiGo Lucky Draw: You've won a free gift hamper! Call 6809701418 now to claim before it expires.,No,No,yes
spam,You are the lucky winner of Zomato's anniversary contest. Share your bank details to receive your Rs.100 prize.,No,No,No
spam,Congratulations! Your Titan account is selected for a free smartphone worth Rs.250. Claim now: http://gift-redeem-now.co.in/y1hms,yes,No,No
spam,Flipkart is giving away free smartphone to 100 lucky customers today. Call 6286059008 immediately to grab yours.,No,No,yes
spam,CRED Lucky Draw: You've won a free shopping voucher! Call 7833670990 now to claim before it expires.,No,No,yes
spam,You are the lucky winner of Swiggy's anniversary contest. Share your bank details to receive your Rs.100 prize.,No,No,No
spam,"Uber Flash Sale: 90% off everything, only a few pieces left! Reply BUY to order now, limited stock.",No,No,No
spam,"Spotify Flash Sale: 90% off everything, only a few pieces left! Reply BUY to order now, limited stock.",No,No,No
spam,Nykaa is giving away free smartwatch to 100 lucky customers today. Call 9361330324 immediately to grab yours.,No,No,yes
spam,"Disney+ Hotstar Flash Sale: 90% off everything, only a few pieces left! Reply BUY to order now, limited stock.",No,No,No
spam,"BookMyShow customer service: your refund of Rs.500 is pending, click to claim: http://reward-claim24.xyz/2actz",yes,No,No
spam,Congratulations! Your Vi account is selected for a free shopping voucher worth Rs.100. Claim now: http://offer4u-claim.online/v0at3,yes,No,No
spam,"Flipkart customer service: your refund of Rs.100 is pending, click to claim: http://prize-verify.info/f7v9q",yes,No,No
spam,Vi is giving away free gift hamper to 100 lucky customers today. Call 6600622990 immediately to grab yours.,No,No,yes
spam,Myntra is giving away free shopping voucher to 100 lucky customers today. Call 7586601615 immediately to grab yours.,No,No,yes
spam,"boAt customer service: your refund of Rs.250 is pending, click to claim: http://lucky-winner-alert.co/hh1ru",yes,No,No
spam,Nykaa Lucky Draw: You've won a free gift hamper! Call 6342785684 now to claim before it expires.,No,No,yes
spam,"redBus Flash Sale: 90% off everything, only a few pieces left! Reply BUY to order now, limited stock.",No,No,No
spam,"Decathlon customer service: your refund of Rs.150 is pending, click to claim: http://prize-verify.info/utmoa",yes,No,No
spam,Flipkart Lucky Draw: You've won a free smartphone! Call 8055922165 now to claim before it expires.,No,No,yes
spam,Congratulations! Your Swiggy account is selected for a free gold coin worth Rs.500. Claim now: http://bonus-cashout.xyz/fg48l,yes,No,No
spam,You are the lucky winner of SBI Card's anniversary contest. Share your bank details to receive your Rs.500 prize.,No,No,No
spam,Axis Bank is giving away free smartwatch to 100 lucky customers today. Call 6468627665 immediately to grab yours.,No,No,yes
spam,Congratulations! Your SBI Card account is selected for a free shopping voucher worth Rs.300. Claim now: http://prize-verify.info/rkypa,yes,No,No
spam,Congratulations! Your Meesho account is selected for a free shopping voucher worth Rs.500. Claim now: http://bonus-cashout.xyz/avub2,yes,No,No
spam,You are the lucky winner of Amazon's anniversary contest. Share your bank details to receive your Rs.250 prize.,No,No,No
spam,"Blinkit customer service: your refund of Rs.300 is pending, click to claim: http://bonus-cashout.xyz/6gyrb",yes,No,No
spam,Goibibo Lucky Draw: You've won a free gold coin! Call 9596361029 now to claim before it expires.,No,No,yes
spam,Netflix Lucky Draw: You've won a free gold coin! Call 8104426872 now to claim before it expires.,No,No,yes
spam,Amazon Prime Video Lucky Draw: You've won a free gold coin! Call 7652832541 now to claim before it expires.,No,No,yes
spam,You are the lucky winner of Meesho's anniversary contest. Share your bank details to receive your Rs.500 prize.,No,No,No
spam,You are the lucky winner of Airtel's anniversary contest. Share your bank details to receive your Rs.100 prize.,No,No,No
spam,HDFC Bank Lucky Draw: You've won a free shopping voucher! Call 6311986010 now to claim before it expires.,No,No,yes
spam,SBI Card is giving away free gold coin to 100 lucky customers today. Call 6536796136 immediately to grab yours.,No,No,yes
spam,"Jio customer service: your refund of Rs.500 is pending, click to claim: http://reward-claim24.xyz/elskj",yes,No,No
spam,Congratulations! Your boAt account is selected for a free gift hamper worth Rs.300. Claim now: http://lucky-winner-alert.co/r0c7a,yes,No,No
spam,"Axis Bank customer service: your refund of Rs.150 is pending, click to claim: http://gift-redeem-now.co.in/5y3tn",yes,No,No
spam,SBI Card Lucky Draw: You've won a free shopping voucher! Call 6763164668 now to claim before it expires.,No,No,yes
spam,Disney+ Hotstar is giving away free shopping voucher to 100 lucky customers today. Call 8373562409 immediately to grab yours.,No,No,yes
spam,PharmEasy Lucky Draw: You've won a free smartwatch! Call 7721692073 now to claim before it expires.,No,No,yes
spam,IndiGo is giving away free gift hamper to 100 lucky customers today. Call 7176296077 immediately to grab yours.,No,No,yes
spam,"Axis Bank customer service: your refund of Rs.100 is pending, click to claim: http://prize-verify.info/aljib",yes,No,No
spam,"MakeMyTrip customer service: your refund of Rs.50 is pending, click to claim: http://lucky-winner-alert.co/wjo24",yes,No,No
spam,Disney+ Hotstar is giving away free gold coin to 100 lucky customers today. Call 8395493975 immediately to grab yours.,No,No,yes
spam,You are the lucky winner of Unacademy's anniversary contest. Share your bank details to receive your Rs.500 prize.,No,No,No
spam,Vi Lucky Draw: You've won a free gold coin! Call 8465631566 now to claim before it expires.,No,No,yes
spam,HDFC Bank is giving away free gift hamper to 100 lucky customers today. Call 8838859407 immediately to grab yours.,No,No,yes
spam,Zomato is giving away free gold coin to 100 lucky customers today. Call 6513269600 immediately to grab yours.,No,No,yes
spam,You are the lucky winner of cult.fit's anniversary contest. Share your bank details to receive your Rs.200 prize.,No,No,No
spam,ICICI Bank is giving away free smartphone to 100 lucky customers today. Call 8274568485 immediately to grab yours.,No,No,yes
spam,Airtel is giving away free smartwatch to 100 lucky customers today. Call 7243311901 immediately to grab yours.,No,No,yes
spam,IndiGo Lucky Draw: You've won a free shopping voucher! Call 8687670204 now to claim before it expires.,No,No,yes
spam,Meesho is giving away free smartwatch to 100 lucky customers today. Call 8602261713 immediately to grab yours.,No,No,yes
spam,"Paytm customer service: your refund of Rs.200 is pending, click to claim: http://reward-claim24.xyz/t1m76",yes,No,No
spam,Netflix is giving away free smartphone to 100 lucky customers today. Call 8571123146 immediately to grab yours.,No,No,yes
spam,Congratulations! Your Ola account is selected for a free gift hamper worth Rs.300. Claim now: http://gift-redeem-now.co.in/l61w5,yes,No,No
spam,Congratulations! Your MakeMyTrip account is selected for a free smartwatch worth Rs.50. Claim now: http://prize-verify.info/20v76,yes,No,No
spam,Axis Bank is giving away free smartwatch to 100 lucky customers today. Call 9310034729 immediately to grab yours.,No,No,yes
spam,Pepperfry is giving away free gift hamper to 100 lucky customers today. Call 7468184592 immediately to grab yours.,No,No,yes
spam,You are the lucky winner of Zomato's anniversary contest. Share your bank details to receive your Rs.200 prize.,No,No,No
spam,You are the lucky winner of Myntra's anniversary contest. Share your bank details to receive your Rs.300 prize.,No,No,No
spam,Congratulations! Your Ajio account is selected for a free gold coin worth Rs.500. Claim now: http://reward-claim24.xyz/n9u56,yes,No,No
spam,"Swiggy customer service: your refund of Rs.150 is pending, click to claim: http://offer4u-claim.online/ntkfg",yes,No,No
spam,Congratulations! Your 1mg account is selected for a free shopping voucher worth Rs.300. Claim now: http://offer4u-claim.online/6i3lt,yes,No,No
spam,"SBI Card customer service: your refund of Rs.100 is pending, click to claim: http://reward-claim24.xyz/wazmy",yes,No,No
spam,ICICI Bank Lucky Draw: You've won a free smartphone! Call 6977679070 now to claim before it expires.,No,No,yes
spam,Congratulations! Your Nykaa account is selected for a free gold coin worth Rs.500. Claim now: http://gift-redeem-now.co.in/0kq3u,yes,No,No
spam,You are the lucky winner of Myntra's anniversary contest. Share your bank details to receive your Rs.100 prize.,No,No,No
spam,"Nykaa Flash Sale: 90% off everything, only a few pieces left! Reply BUY to order now, limited stock.",No,No,No
spam,Congratulations! Your 1mg account is selected for a free gift hamper worth Rs.500. Claim now: http://reward-claim24.xyz/pazrm,yes,No,No
spam,"Amazon Prime Video customer service: your refund of Rs.200 is pending, click to claim: http://prize-verify.info/pmhdq",yes,No,No
spam,Ajio is giving away free smartwatch to 100 lucky customers today. Call 9407960741 immediately to grab yours.,No,No,yes
spam,MakeMyTrip is giving away free gold coin to 100 lucky customers today. Call 9774458782 immediately to grab yours.,No,No,yes
spam,You are the lucky winner of IndiGo's anniversary contest. Share your bank details to receive your Rs.300 prize.,No,No,No
spam,"Spotify customer service: your refund of Rs.250 is pending, click to claim: http://bonus-cashout.xyz/x2wfr",yes,No,No
spam,You are the lucky winner of Disney+ Hotstar's anniversary contest. Share your bank details to receive your Rs.100 prize.,No,No,No
spam,Zepto Lucky Draw: You've won a free gold coin! Call 8492633371 now to claim before it expires.,No,No,yes
spam,Goibibo Lucky Draw: You've won a free gift hamper! Call 6677237029 now to claim before it expires.,No,No,yes
spam,You are the lucky winner of Flipkart's anniversary contest. Share your bank details to receive your Rs.100 prize.,No,No,No
spam,You are the lucky winner of Pepperfry's anniversary contest. Share your bank details to receive your Rs.100 prize.,No,No,No
spam,You are the lucky winner of HDFC Bank's anniversary contest. Share your bank details to receive your Rs.50 prize.,No,No,No
spam,Congratulations! Your redBus account is selected for a free gift hamper worth Rs.150. Claim now: http://offer4u-claim.online/q8lbn,yes,No,No
spam,Flipkart is giving away free smartphone to 100 lucky customers today. Call 6732791489 immediately to grab yours.,No,No,yes
spam,You are the lucky winner of Nykaa's anniversary contest. Share your bank details to receive your Rs.150 prize.,No,No,No
spam,"Meesho customer service: your refund of Rs.150 is pending, click to claim: http://offer4u-claim.online/bjvx2",yes,No,No
spam,Congratulations! Your Uber account is selected for a free smartwatch worth Rs.100. Claim now: http://bonus-cashout.xyz/m88ho,yes,No,No
spam,Unacademy Lucky Draw: You've won a free gift hamper! Call 7069722739 now to claim before it expires.,No,No,yes
spam,"Meesho Flash Sale: 90% off everything, only a few pieces left! Reply BUY to order now, limited stock.",No,No,No
spam,"Amazon Prime Video customer service: your refund of Rs.250 is pending, click to claim: http://prize-verify.info/50j55",yes,No,No
spam,You are the lucky winner of Lenskart's anniversary contest. Share your bank details to receive your Rs.500 prize.,No,No,No
spam,"HDFC Bank customer service: your refund of Rs.500 is pending, click to claim: http://reward-claim24.xyz/ae6gv",yes,No,No
spam,Congratulations! Your Unacademy account is selected for a free gift hamper worth Rs.200. Claim now: http://lucky-winner-alert.co/zo4fh,yes,No,No
spam,"Airtel customer service: your refund of Rs.500 is pending, click to claim: http://prize-verify.info/qnoak",yes,No,No
spam,PharmEasy Lucky Draw: You've won a free smartphone! Call 6811117391 now to claim before it expires.,No,No,yes
spam,You are the lucky winner of CRED's anniversary contest. Share your bank details to receive your Rs.50 prize.,No,No,No
spam,"cult.fit customer service: your refund of Rs.150 is pending, click to claim: http://lucky-winner-alert.co/ldywy",yes,No,No
spam,CRED Lucky Draw: You've won a free gift hamper! Call 8944307156 now to claim before it expires.,No,No,yes
spam,Ola Lucky Draw: You've won a free smartphone! Call 9255010657 now to claim before it expires.,No,No,yes
spam,redBus is giving away free shopping voucher to 100 lucky customers today. Call 8143149796 immediately to grab yours.,No,No,yes
spam,Pepperfry Lucky Draw: You've won a free gold coin! Call 9745471429 now to claim before it expires.,No,No,yes
spam,Unacademy is giving away free smartphone to 100 lucky customers today. Call 6416022824 immediately to grab yours.,No,No,yes
spam,"Titan customer service: your refund of Rs.200 is pending, click to claim: http://lucky-winner-alert.co/82pni",yes,No,No
spam,Congratulations! Your CRED account is selected for a free gift hamper worth Rs.100. Claim now: http://offer4u-claim.online/qd9ex,yes,No,No
spam,Pepperfry Lucky Draw: You've won a free gold coin! Call 9517289775 now to claim before it expires.,No,No,yes
spam,"ICICI Bank customer service: your refund of Rs.250 is pending, click to claim: http://gift-redeem-now.co.in/70h02",yes,No,No
spam,PharmEasy is giving away free gold coin to 100 lucky customers today. Call 7378411020 immediately to grab yours.,No,No,yes
spam,Spotify is giving away free smartphone to 100 lucky customers today. Call 7326035955 immediately to grab yours.,No,No,yes
spam,You are the lucky winner of Decathlon's anniversary contest. Share your bank details to receive your Rs.300 prize.,No,No,No
spam,You are the lucky winner of HDFC Bank's anniversary contest. Share your bank details to receive your Rs.500 prize.,No,No,No
spam,You are the lucky winner of Ola's anniversary contest. Share your bank details to receive your Rs.300 prize.,No,No,No
spam,You are the lucky winner of Policybazaar's anniversary contest. Share your bank details to receive your Rs.150 prize.,No,No,No
spam,CRED is giving away free gold coin to 100 lucky customers today. Call 8698763870 immediately to grab yours.,No,No,yes
spam,1mg is giving away free smartphone to 100 lucky customers today. Call 7009304409 immediately to grab yours.,No,No,yes
spam,Spotify is giving away free smartphone to 100 lucky customers today. Call 6936004238 immediately to grab yours.,No,No,yes
spam,You are the lucky winner of Netflix's anniversary contest. Share your bank details to receive your Rs.200 prize.,No,No,No
spam,Congratulations! Your boAt account is selected for a free gift hamper worth Rs.150. Claim now: http://lucky-winner-alert.co/z1748,yes,No,No
spam,Ajio Lucky Draw: You've won a free smartwatch! Call 8710883653 now to claim before it expires.,No,No,yes
spam,HDFC Bank Lucky Draw: You've won a free gold coin! Call 6074226563 now to claim before it expires.,No,No,yes
spam,Congratulations! Your redBus account is selected for a free gold coin worth Rs.500. Claim now: http://offer4u-claim.online/idbcc,yes,No,No
spam,You are the lucky winner of Lenskart's anniversary contest. Share your bank details to receive your Rs.100 prize.,No,No,No
spam,Zepto Lucky Draw: You've won a free gift hamper! Call 8294931736 now to claim before it expires.,No,No,yes
spam,"Uber customer service: your refund of Rs.150 is pending, click to claim: http://prize-verify.info/m1obk",yes,No,No
spam,Congratulations! Your Lenskart account is selected for a free smartphone worth Rs.300. Claim now: http://offer4u-claim.online/q1z1g,yes,No,No
spam,You are the lucky winner of Domino's's anniversary contest. Share your bank details to receive your Rs.300 prize.,No,No,No
spam,"Blinkit customer service: your refund of Rs.250 is pending, click to claim: http://bonus-cashout.xyz/brk7k",yes,No,No
spam,"Lenskart Flash Sale: 90% off everything, only a few pieces left! Reply BUY to order now, limited stock.",No,No,No
spam,Congratulations! Your Lenskart account is selected for a free smartphone worth Rs.100. Claim now: http://prize-verify.info/r9xyh,yes,No,No
spam,"IRCTC customer service: your refund of Rs.150 is pending, click to claim: http://offer4u-claim.online/yqgv2",yes,No,No
spam,Pepperfry is giving away free gold coin to 100 lucky customers today. Call 7552355749 immediately to grab yours.,No,No,yes
spam,Airtel is giving away free gold coin to 100 lucky customers today. Call 7311184781 immediately to grab yours.,No,No,yes
spam,Amazon Prime Video is giving away free gift hamper to 100 lucky customers today. Call 9485547206 immediately to grab yours.,No,No,yes
spam,You are the lucky winner of Domino's's anniversary contest. Share your bank details to receive your Rs.500 prize.,No,No,No
spam,You are the lucky winner of IndiGo's anniversary contest. Share your bank details to receive your Rs.200 prize.,No,No,No
spam,You are the lucky winner of Zepto's anniversary contest. Share your bank details to receive your Rs.250 prize.,No,No,No
spam,You are the lucky winner of Amazon Prime Video's anniversary contest. Share your bank details to receive your Rs.50 prize.,No,No,No
spam,Flipkart is giving away free smartphone to 100 lucky customers today. Call 7724347287 immediately to grab yours.,No,No,yes
spam,Paytm is giving away free smartwatch to 100 lucky customers today. Call 7958812403 immediately to grab yours.,No,No,yes
spam,"Axis Bank customer service: your refund of Rs.200 is pending, click to claim: http://bonus-cashout.xyz/jcv9e",yes,No,No
spam,"Ajio Flash Sale: 90% off everything, only a few pieces left! Reply BUY to order now, limited stock.",No,No,No
spam,Congratulations! Your Goibibo account is selected for a free shopping voucher worth Rs.150. Claim now: http://offer4u-claim.online/v67pt,yes,No,No
spam,1mg is giving away free shopping voucher to 100 lucky customers today. Call 7631661488 immediately to grab yours.,No,No,yes
spam,"Vi customer service: your refund of Rs.250 is pending, click to claim: http://gift-redeem-now.co.in/uvbnm",yes,No,No
spam,"Airtel customer service: your refund of Rs.200 is pending, click to claim: http://prize-verify.info/suirs",yes,No,No
spam,Uber Lucky Draw: You've won a free smartwatch! Call 9841968474 now to claim before it expires.,No,No,yes
spam,Congratulations! Your Swiggy account is selected for a free smartwatch worth Rs.150. Claim now: http://bonus-cashout.xyz/kugjk,yes,No,No
spam,Flipkart Lucky Draw: You've won a free smartwatch! Call 8747617935 now to claim before it expires.,No,No,yes
spam,Congratulations! Your Swiggy account is selected for a free gift hamper worth Rs.200. Claim now: http://reward-claim24.xyz/hbt75,yes,No,No
spam,"Airtel Flash Sale: 90% off everything, only a few pieces left! Reply BUY to order now, limited stock.",No,No,No
spam,Congratulations! Your Ola account is selected for a free gift hamper worth Rs.500. Claim now: http://reward-claim24.xyz/id3lz,yes,No,No
spam,"Amazon Prime Video customer service: your refund of Rs.250 is pending, click to claim: http://gift-redeem-now.co.in/1gsos",yes,No,No
spam,"cult.fit customer service: your refund of Rs.150 is pending, click to claim: http://reward-claim24.xyz/jjiau",yes,No,No
spam,"PharmEasy customer service: your refund of Rs.300 is pending, click to claim: http://gift-redeem-now.co.in/m5jhv",yes,No,No
spam,Congratulations! Your Ola account is selected for a free smartwatch worth Rs.200. Claim now: http://prize-verify.info/2c0z7,yes,No,No
spam,You are the lucky winner of Tanishq's anniversary contest. Share your bank details to receive your Rs.50 prize.,No,No,No
spam,Titan is giving away free smartwatch to 100 lucky customers today. Call 7442150851 immediately to grab yours.,No,No,yes
spam,Uber is giving away free smartphone to 100 lucky customers today. Call 9806815361 immediately to grab yours.,No,No,yes
spam,"Disney+ Hotstar customer service: your refund of Rs.200 is pending, click to claim: http://reward-claim24.xyz/6gzte",yes,No,No
spam,Flipkart Lucky Draw: You've won a free gold coin! Call 9570980484 now to claim before it expires.,No,No,yes
spam,Ola is giving away free gift hamper to 100 lucky customers today. Call 6441213368 immediately to grab yours.,No,No,yes
spam,You are the lucky winner of Zomato's anniversary contest. Share your bank details to receive your Rs.150 prize.,No,No,No
spam,Amazon Prime Video is giving away free smartphone to 100 lucky customers today. Call 6771418145 immediately to grab yours.,No,No,yes
spam,You are the lucky winner of PhonePe's anniversary contest. Share your bank details to receive your Rs.100 prize.,No,No,No
spam,Congratulations! Your PhonePe account is selected for a free gift hamper worth Rs.150. Claim now: http://lucky-winner-alert.co/o7zgu,yes,No,No
spam,Congratulations! Your Tanishq account is selected for a free smartwatch worth Rs.200. Claim now: http://bonus-cashout.xyz/wit7i,yes,No,No
spam,Congratulations! Your BYJU'S account is selected for a free smartwatch worth Rs.100. Claim now: http://prize-verify.info/t0k2b,yes,No,No
spam,Congratulations! Your Paytm account is selected for a free shopping voucher worth Rs.100. Claim now: http://lucky-winner-alert.co/6xel8,yes,No,No
spam,"Flipkart customer service: your refund of Rs.300 is pending, click to claim: http://reward-claim24.xyz/rmn9i",yes,No,No
spam,Netflix Lucky Draw: You've won a free gift hamper! Call 9549997410 now to claim before it expires.,No,No,yes
spam,"Myntra customer service: your refund of Rs.100 is pending, click to claim: http://prize-verify.info/rkrzu",yes,No,No
spam,Unacademy is giving away free smartphone to 100 lucky customers today. Call 9591008215 immediately to grab yours.,No,No,yes
spam,Lenskart Lucky Draw: You've won a free smartphone! Call 8522716328 now to claim before it expires.,No,No,yes
spam,"Zepto Flash Sale: 90% off everything, only a few pieces left! Reply BUY to order now, limited stock.",No,No,No
spam,You are the lucky winner of BookMyShow's anniversary contest. Share your bank details to receive your Rs.150 prize.,No,No,No
spam,PhonePe Lucky Draw: You've won a free gift hamper! Call 8604942045 now to claim before it expires.,No,No,yes
spam,Congratulations! Your Unacademy account is selected for a free gold coin worth Rs.200. Claim now: http://offer4u-claim.online/chgt9,yes,No,No
spam,"Domino's customer service: your refund of Rs.500 is pending, click to claim: http://reward-claim24.xyz/d17ce",yes,No,No
spam,PhonePe is giving away free smartphone to 100 lucky customers today. Call 9430941723 immediately to grab yours.,No,No,yes
spam,You are the lucky winner of Meesho's anniversary contest. Share your bank details to receive your Rs.100 prize.,No,No,No
spam,Flipkart is giving away free gold coin to 100 lucky customers today. Call 9551825400 immediately to grab yours.,No,No,yes
spam,You are the lucky winner of Ola's anniversary contest. Share your bank details to receive your Rs.50 prize.,No,No,No
spam,You are the lucky winner of 1mg's anniversary contest. Share your bank details to receive your Rs.50 prize.,No,No,No
spam,Congratulations! Your cult.fit account is selected for a free gold coin worth Rs.250. Claim now: http://prize-verify.info/o1tu3,yes,No,No
spam,Congratulations! Your BYJU'S account is selected for a free gold coin worth Rs.250. Claim now: http://bonus-cashout.xyz/564id,yes,No,No
spam,boAt is giving away free gold coin to 100 lucky customers today. Call 6118593287 immediately to grab yours.,No,No,yes
spam,Congratulations! Your Amazon Prime Video account is selected for a free gold coin worth Rs.50. Claim now: http://lucky-winner-alert.co/g5pf8,yes,No,No
spam,"SBI Card Flash Sale: 90% off everything, only a few pieces left! Reply BUY to order now, limited stock.",No,No,No
spam,"PhonePe customer service: your refund of Rs.150 is pending, click to claim: http://lucky-winner-alert.co/055qj",yes,No,No
spam,Zomato is giving away free shopping voucher to 100 lucky customers today. Call 9775971540 immediately to grab yours.,No,No,yes
spam,You are the lucky winner of ICICI Bank's anniversary contest. Share your bank details to receive your Rs.100 prize.,No,No,No
spam,Congratulations! Your Ola account is selected for a free shopping voucher worth Rs.50. Claim now: http://lucky-winner-alert.co/m33dv,yes,No,No
spam,Vi Lucky Draw: You've won a free smartwatch! Call 9290213267 now to claim before it expires.,No,No,yes
spam,boAt is giving away free smartwatch to 100 lucky customers today. Call 9842921206 immediately to grab yours.,No,No,yes
spam,Myntra Lucky Draw: You've won a free smartphone! Call 7260328629 now to claim before it expires.,No,No,yes
spam,Congratulations! Your Axis Bank account is selected for a free gift hamper worth Rs.250. Claim now: http://prize-verify.info/494b5,yes,No,No
spam,Zepto Lucky Draw: You've won a free smartphone! Call 7929727274 now to claim before it expires.,No,No,yes
spam,Congratulations! Your 1mg account is selected for a free gift hamper worth Rs.150. Claim now: http://reward-claim24.xyz/4cp8d,yes,No,No
spam,Myntra Lucky Draw: You've won a free smartphone! Call 9992788035 now to claim before it expires.,No,No,yes
spam,You are the lucky winner of Axis Bank's anniversary contest. Share your bank details to receive your Rs.300 prize.,No,No,No
spam,Airtel is giving away free shopping voucher to 100 lucky customers today. Call 8168239258 immediately to grab yours.,No,No,yes
spam,Policybazaar Lucky Draw: You've won a free gift hamper! Call 6920180683 now to claim before it expires.,No,No,yes
spam,Congratulations! Your Pepperfry account is selected for a free gift hamper worth Rs.100. Claim now: http://reward-claim24.xyz/dxhph,yes,No,No
spam,Ajio is giving away free smartwatch to 100 lucky customers today. Call 8360490784 immediately to grab yours.,No,No,yes
spam,boAt Lucky Draw: You've won a free gold coin! Call 7505038879 now to claim before it expires.,No,No,yes
spam,Congratulations! Your BYJU'S account is selected for a free smartphone worth Rs.250. Claim now: http://prize-verify.info/cdtte,yes,No,No
spam,Congratulations! Your Flipkart account is selected for a free smartphone worth Rs.200. Claim now: http://lucky-winner-alert.co/2x6c0,yes,No,No
spam,Congratulations! Your Pepperfry account is selected for a free smartwatch worth Rs.500. Claim now: http://gift-redeem-now.co.in/ofwgc,yes,No,No
spam,PhonePe Lucky Draw: You've won a free smartwatch! Call 9892735572 now to claim before it expires.,No,No,yes
spam,"PhonePe customer service: your refund of Rs.250 is pending, click to claim: http://offer4u-claim.online/8nkq9",yes,No,No
spam,"Vi customer service: your refund of Rs.250 is pending, click to claim: http://gift-redeem-now.co.in/8h1kf",yes,No,No
spam,Congratulations! Your redBus account is selected for a free gold coin worth Rs.50. Claim now: http://lucky-winner-alert.co/wwgfj,yes,No,No
spam,Amazon Prime Video is giving away free smartphone to 100 lucky customers today. Call 9072646213 immediately to grab yours.,No,No,yes
spam,You are the lucky winner of Ajio's anniversary contest. Share your bank details to receive your Rs.500 prize.,No,No,No
spam,You are the lucky winner of HDFC Bank's anniversary contest. Share your bank details to receive your Rs.250 prize.,No,No,No
spam,"Nykaa customer service: your refund of Rs.200 is pending, click to claim: http://offer4u-claim.online/4uacm",yes,No,No
spam,Congratulations! Your Unacademy account is selected for a free gold coin worth Rs.300. Claim now: http://lucky-winner-alert.co/47o8i,yes,No,No
spam,Congratulations! Your PharmEasy account is selected for a free gold coin worth Rs.250. Claim now: http://gift-redeem-now.co.in/8hact,yes,No,No
spam,Congratulations! Your Goibibo account is selected for a free gold coin worth Rs.100. Claim now: http://gift-redeem-now.co.in/pcsqt,yes,No,No
spam,You are the lucky winner of boAt's anniversary contest. Share your bank details to receive your Rs.100 prize.,No,No,No
spam,"BigBasket customer service: your refund of Rs.250 is pending, click to claim: http://reward-claim24.xyz/jv8i1",yes,No,No
spam,You are the lucky winner of cult.fit's anniversary contest. Share your bank details to receive your Rs.50 prize.,No,No,No
spam,"Unacademy Flash Sale: 90% off everything, only a few pieces left! Reply BUY to order now, limited stock.",No,No,No
spam,Congratulations! Your Nykaa account is selected for a free gold coin worth Rs.100. Claim now: http://reward-claim24.xyz/7fvig,yes,No,No
spam,Ola Lucky Draw: You've won a free smartwatch! Call 7146485283 now to claim before it expires.,No,No,yes
spam,"SBI Card customer service: your refund of Rs.150 is pending, click to claim: http://offer4u-claim.online/zt3sp",yes,No,No
spam,Congratulations! Your Ola account is selected for a free gold coin worth Rs.300. Claim now: http://bonus-cashout.xyz/asxuw,yes,No,No
spam,Congratulations! Your BigBasket account is selected for a free gift hamper worth Rs.50. Claim now: http://gift-redeem-now.co.in/bwn0g,yes,No,No
spam,BigBasket Lucky Draw: You've won a free gift hamper! Call 6331214695 now to claim before it expires.,No,No,yes
spam,Congratulations! Your redBus account is selected for a free gold coin worth Rs.50. Claim now: http://reward-claim24.xyz/njaa1,yes,No,No
spam,"BookMyShow customer service: your refund of Rs.250 is pending, click to claim: http://gift-redeem-now.co.in/jq96b",yes,No,No
spam,"Swiggy customer service: your refund of Rs.500 is pending, click to claim: http://lucky-winner-alert.co/5lu21",yes,No,No
spam,You are the lucky winner of Uber's anniversary contest. Share your bank details to receive your Rs.50 prize.,No,No,No
spam,Vi is giving away free gift hamper to 100 lucky customers today. Call 7842824225 immediately to grab yours.,No,No,yes
spam,"ICICI Bank customer service: your refund of Rs.300 is pending, click to claim: http://reward-claim24.xyz/49ovy",yes,No,No
spam,Ajio is giving away free gold coin to 100 lucky customers today. Call 7964907838 immediately to grab yours.,No,No,yes
spam,Axis Bank Lucky Draw: You've won a free smartwatch! Call 8626573104 now to claim before it expires.,No,No,yes
spam,Ajio is giving away free gift hamper to 100 lucky customers today. Call 6774057039 immediately to grab yours.,No,No,yes
spam,Paytm is giving away free gift hamper to 100 lucky customers today. Call 8528646621 immediately to grab yours.,No,No,yes
spam,Congratulations! Your IndiGo account is selected for a free gift hamper worth Rs.500. Claim now: http://lucky-winner-alert.co/ct52x,yes,No,No
spam,"redBus customer service: your refund of Rs.150 is pending, click to claim: http://lucky-winner-alert.co/l65a7",yes,No,No
spam,"BookMyShow customer service: your refund of Rs.200 is pending, click to claim: http://offer4u-claim.online/fclox",yes,No,No
spam,BookMyShow is giving away free shopping voucher to 100 lucky customers today. Call 8840052074 immediately to grab yours.,No,No,yes
spam,Lenskart Lucky Draw: You've won a free gift hamper! Call 9436619103 now to claim before it expires.,No,No,yes
spam,IndiGo is giving away free gift hamper to 100 lucky customers today. Call 7807647515 immediately to grab yours.,No,No,yes
spam,cult.fit Lucky Draw: You've won a free gift hamper! Call 8900114587 now to claim before it expires.,No,No,yes
spam,Congratulations! Your Domino's account is selected for a free shopping voucher worth Rs.50. Claim now: http://prize-verify.info/a0bc4,yes,No,No
spam,"Policybazaar customer service: your refund of Rs.300 is pending, click to claim: http://offer4u-claim.online/jx0yr",yes,No,No
spam,You are the lucky winner of IRCTC's anniversary contest. Share your bank details to receive your Rs.250 prize.,No,No,No
spam,MakeMyTrip is giving away free smartwatch to 100 lucky customers today. Call 8172532438 immediately to grab yours.,No,No,yes
spam,Nykaa is giving away free shopping voucher to 100 lucky customers today. Call 6766897967 immediately to grab yours.,No,No,yes
spam,Meesho Lucky Draw: You've won a free gift hamper! Call 6945462178 now to claim before it expires.,No,No,yes
spam,You are the lucky winner of Ajio's anniversary contest. Share your bank details to receive your Rs.250 prize.,No,No,No
spam,Congratulations! Your Vi account is selected for a free gift hamper worth Rs.500. Claim now: http://bonus-cashout.xyz/37hnw,yes,No,No
spam,Vi is giving away free gift hamper to 100 lucky customers today. Call 8644716899 immediately to grab yours.,No,No,yes
spam,You are the lucky winner of Goibibo's anniversary contest. Share your bank details to receive your Rs.200 prize.,No,No,No
spam,"cult.fit customer service: your refund of Rs.300 is pending, click to claim: http://reward-claim24.xyz/s3b29",yes,No,No
spam,You are the lucky winner of BYJU'S's anniversary contest. Share your bank details to receive your Rs.200 prize.,No,No,No
spam,"Domino's customer service: your refund of Rs.200 is pending, click to claim: http://lucky-winner-alert.co/ir71d",yes,No,No
spam,"1mg customer service: your refund of Rs.250 is pending, click to claim: http://prize-verify.info/xgvpl",yes,No,No
spam,"Domino's Flash Sale: 90% off everything, only a few pieces left! Reply BUY to order now, limited stock.",No,No,No
spam,SBI Card Lucky Draw: You've won a free smartphone! Call 9877271461 now to claim before it expires.,No,No,yes
spam,Congratulations! Your cult.fit account is selected for a free smartwatch worth Rs.100. Claim now: http://bonus-cashout.xyz/o1a8z,yes,No,No
spam,"Zomato customer service: your refund of Rs.500 is pending, click to claim: http://reward-claim24.xyz/x7wpm",yes,No,No
spam,"Meesho customer service: your refund of Rs.100 is pending, click to claim: http://lucky-winner-alert.co/bt50e",yes,No,No
spam,cult.fit is giving away free smartphone to 100 lucky customers today. Call 8242511327 immediately to grab yours.,No,No,yes
spam,"Jio customer service: your refund of Rs.300 is pending, click to claim: http://bonus-cashout.xyz/gcvwx",yes,No,No
spam,SBI Card is giving away free smartphone to 100 lucky customers today. Call 8699103310 immediately to grab yours.,No,No,yes
spam,"ICICI Bank customer service: your refund of Rs.200 is pending, click to claim: http://reward-claim24.xyz/pgnp6",yes,No,No
spam,Congratulations! Your Lenskart account is selected for a free smartphone worth Rs.100. Claim now: http://reward-claim24.xyz/9jzkx,yes,No,No
spam,Congratulations! Your boAt account is selected for a free smartwatch worth Rs.250. Claim now: http://offer4u-claim.online/9ns8n,yes,No,No
spam,Decathlon Lucky Draw: You've won a free smartphone! Call 8274276757 now to claim before it expires.,No,No,yes
spam,Congratulations! Your cult.fit account is selected for a free smartwatch worth Rs.50. Claim now: http://gift-redeem-now.co.in/c18pp,yes,No,No
spam,Unacademy Lucky Draw: You've won a free shopping voucher! Call 7870526558 now to claim before it expires.,No,No,yes
spam,Congratulations! Your Decathlon account is selected for a free shopping voucher worth Rs.200. Claim now: http://lucky-winner-alert.co/k5dyf,yes,No,No
spam,Jio Lucky Draw: You've won a free smartphone! Call 9484938639 now to claim before it expires.,No,No,yes
spam,"Jio Flash Sale: 90% off everything, only a few pieces left! Reply BUY to order now, limited stock.",No,No,No
spam,Airtel is giving away free smartphone to 100 lucky customers today. Call 9654674048 immediately to grab yours.,No,No,yes
spam,You are the lucky winner of Axis Bank's anniversary contest. Share your bank details to receive your Rs.500 prize.,No,No,No
spam,BookMyShow is giving away free gift hamper to 100 lucky customers today. Call 8530703802 immediately to grab yours.,No,No,yes
spam,You are the lucky winner of redBus's anniversary contest. Share your bank details to receive your Rs.50 prize.,No,No,No
spam,"ICICI Bank customer service: your refund of Rs.150 is pending, click to claim: http://lucky-winner-alert.co/zpjx2",yes,No,No
spam,MakeMyTrip Lucky Draw: You've won a free smartphone! Call 8948083516 now to claim before it expires.,No,No,yes
spam,"ICICI Bank customer service: your refund of Rs.500 is pending, click to claim: http://lucky-winner-alert.co/33vr1",yes,No,No
spam,Congratulations! Your Myntra account is selected for a free smartphone worth Rs.50. Claim now: http://prize-verify.info/h8531,yes,No,No
spam,Ola Lucky Draw: You've won a free gift hamper! Call 8165196419 now to claim before it expires.,No,No,yes
spam,PhonePe is giving away free gold coin to 100 lucky customers today. Call 6543659423 immediately to grab yours.,No,No,yes
spam,Congratulations! Your Amazon Prime Video account is selected for a free gold coin worth Rs.50. Claim now: http://bonus-cashout.xyz/ozhs3,yes,No,No
spam,Congratulations! Your Tanishq account is selected for a free shopping voucher worth Rs.500. Claim now: http://reward-claim24.xyz/i4fzd,yes,No,No
spam,Policybazaar is giving away free smartphone to 100 lucky customers today. Call 8479923204 immediately to grab yours.,No,No,yes
spam,Paytm is giving away free gold coin to 100 lucky customers today. Call 7160801661 immediately to grab yours.,No,No,yes
spam,Tanishq is giving away free smartwatch to 100 lucky customers today. Call 8246388488 immediately to grab yours.,No,No,yes
spam,Meesho Lucky Draw: You've won a free gift hamper! Call 8264934079 now to claim before it expires.,No,No,yes
spam,Ajio is giving away free smartphone to 100 lucky customers today. Call 7897891438 immediately to grab yours.,No,No,yes
spam,Congratulations! Your ICICI Bank account is selected for a free gift hamper worth Rs.250. Claim now: http://bonus-cashout.xyz/ifd6w,yes,No,No
spam,"Amazon customer service: your refund of Rs.500 is pending, click to claim: http://reward-claim24.xyz/bgmnh",yes,No,No
spam,CRED is giving away free gift hamper to 100 lucky customers today. Call 6385385756 immediately to grab yours.,No,No,yes
spam,Congratulations! Your Amazon Prime Video account is selected for a free gold coin worth Rs.250. Claim now: http://gift-redeem-now.co.in/d9nud,yes,No,No
spam,"ICICI Bank customer service: your refund of Rs.150 is pending, click to claim: http://bonus-cashout.xyz/g448k",yes,No,No
spam,"Jio customer service: your refund of Rs.50 is pending, click to claim: http://reward-claim24.xyz/uy3ac",yes,No,No
spam,PhonePe is giving away free shopping voucher to 100 lucky customers today. Call 8886485129 immediately to grab yours.,No,No,yes
spam,"Disney+ Hotstar customer service: your refund of Rs.100 is pending, click to claim: http://bonus-cashout.xyz/9oey0",yes,No,No
spam,Amazon Prime Video Lucky Draw: You've won a free gift hamper! Call 8202654408 now to claim before it expires.,No,No,yes
spam,Congratulations! Your Domino's account is selected for a free smartwatch worth Rs.150. Claim now: http://reward-claim24.xyz/2fokb,yes,No,No
spam,BYJU'S Lucky Draw: You've won a free smartphone! Call 7728655768 now to claim before it expires.,No,No,yes
spam,"boAt customer service: your refund of Rs.200 is pending, click to claim: http://reward-claim24.xyz/m5tco",yes,No,No
spam,"Amazon Prime Video customer service: your refund of Rs.200 is pending, click to claim: http://lucky-winner-alert.co/lmlfb",yes,No,No
spam,Netflix is giving away free shopping voucher to 100 lucky customers today. Call 9681531788 immediately to grab yours.,No,No,yes
spam,Titan is giving away free shopping voucher to 100 lucky customers today. Call 6193108652 immediately to grab yours.,No,No,yes
spam,Congratulations! Your boAt account is selected for a free shopping voucher worth Rs.200. Claim now: http://lucky-winner-alert.co/jnp62,yes,No,No
spam,PhonePe Lucky Draw: You've won a free smartwatch! Call 8437129577 now to claim before it expires.,No,No,yes
spam,CRED is giving away free smartphone to 100 lucky customers today. Call 9650751447 immediately to grab yours.,No,No,yes
spam,"Goibibo customer service: your refund of Rs.200 is pending, click to claim: http://prize-verify.info/192dp",yes,No,No
spam,You are the lucky winner of cult.fit's anniversary contest. Share your bank details to receive your Rs.500 prize.,No,No,No
spam,Vi is giving away free shopping voucher to 100 lucky customers today. Call 9024812192 immediately to grab yours.,No,No,yes
spam,Congratulations! Your Swiggy account is selected for a free smartwatch worth Rs.100. Claim now: http://lucky-winner-alert.co/y5tk6,yes,No,No
spam,"Domino's customer service: your refund of Rs.200 is pending, click to claim: http://reward-claim24.xyz/mgknn",yes,No,No
spam,"Netflix Flash Sale: 90% off everything, only a few pieces left! Reply BUY to order now, limited stock.",No,No,No
spam,You are the lucky winner of BookMyShow's anniversary contest. Share your bank details to receive your Rs.250 prize.,No,No,No
spam,Congratulations! Your BookMyShow account is selected for a free smartphone worth Rs.50. Claim now: http://reward-claim24.xyz/brsbt,yes,No,No
spam,You are the lucky winner of Meesho's anniversary contest. Share your bank details to receive your Rs.150 prize.,No,No,No
spam,You are the lucky winner of 1mg's anniversary contest. Share your bank details to receive your Rs.250 prize.,No,No,No
spam,Congratulations! Your Ola account is selected for a free smartphone worth Rs.300. Claim now: http://offer4u-claim.online/aryrr,yes,No,No
spam,"Netflix customer service: your refund of Rs.50 is pending, click to claim: http://reward-claim24.xyz/vggip",yes,No,No
spam,"Airtel customer service: your refund of Rs.50 is pending, click to claim: http://lucky-winner-alert.co/pacx3",yes,No,No
spam,Flipkart Lucky Draw: You've won a free smartwatch! Call 9232986948 now to claim before it expires.,No,No,yes
spam,Congratulations! Your Disney+ Hotstar account is selected for a free gold coin worth Rs.250. Claim now: http://gift-redeem-now.co.in/sy4wt,yes,No,No
spam,You are the lucky winner of SBI Card's anniversary contest. Share your bank details to receive your Rs.300 prize.,No,No,No
spam,CRED is giving away free smartwatch to 100 lucky customers today. Call 8047809773 immediately to grab yours.,No,No,yes
spam,Congratulations! Your PhonePe account is selected for a free smartwatch worth Rs.500. Claim now: http://lucky-winner-alert.co/mrzmq,yes,No,No
spam,Uber Lucky Draw: You've won a free gold coin! Call 7398615952 now to claim before it expires.,No,No,yes
spam,"Flipkart customer service: your refund of Rs.200 is pending, click to claim: http://bonus-cashout.xyz/n4pxl",yes,No,No
spam,Spotify Lucky Draw: You've won a free shopping voucher! Call 9604679011 now to claim before it expires.,No,No,yes
spam,Congratulations! Your Swiggy account is selected for a free gift hamper worth Rs.300. Claim now: http://lucky-winner-alert.co/cmctf,yes,No,No
spam,Congratulations! Your Zomato account is selected for a free smartwatch worth Rs.250. Claim now: http://gift-redeem-now.co.in/t776g,yes,No,No
spam,Congratulations! Your Policybazaar account is selected for a free gift hamper worth Rs.250. Claim now: http://bonus-cashout.xyz/h030v,yes,No,No
spam,"1mg customer service: your refund of Rs.150 is pending, click to claim: http://gift-redeem-now.co.in/4pszc",yes,No,No
spam,"BookMyShow customer service: your refund of Rs.500 is pending, click to claim: http://bonus-cashout.xyz/9yef2",yes,No,No
spam,You are the lucky winner of Decathlon's anniversary contest. Share your bank details to receive your Rs.150 prize.,No,No,No
spam,Congratulations! Your Meesho account is selected for a free smartwatch worth Rs.100. Claim now: http://bonus-cashout.xyz/w1cbn,yes,No,No
spam,Swiggy Lucky Draw: You've won a free gift hamper! Call 8529710137 now to claim before it expires.,No,No,yes
spam,"Decathlon customer service: your refund of Rs.500 is pending, click to claim: http://offer4u-claim.online/59smu",yes,No,No
spam,Congratulations! Your Flipkart account is selected for a free gold coin worth Rs.150. Claim now: http://lucky-winner-alert.co/zaalt,yes,No,No
spam,Pepperfry is giving away free shopping voucher to 100 lucky customers today. Call 7574002801 immediately to grab yours.,No,No,yes
spam,You are the lucky winner of Amazon Prime Video's anniversary contest. Share your bank details to receive your Rs.500 prize.,No,No,No
spam,BYJU'S Lucky Draw: You've won a free gift hamper! Call 7781172007 now to claim before it expires.,No,No,yes
spam,Paytm is giving away free gold coin to 100 lucky customers today. Call 6640077729 immediately to grab yours.,No,No,yes
spam,Congratulations! Your Vi account is selected for a free gold coin worth Rs.500. Claim now: http://gift-redeem-now.co.in/455v1,yes,No,No
spam,You are the lucky winner of Goibibo's anniversary contest. Share your bank details to receive your Rs.300 prize.,No,No,No
spam,You are the lucky winner of SBI Card's anniversary contest. Share your bank details to receive your Rs.250 prize.,No,No,No
spam,Paytm Lucky Draw: You've won a free gift hamper! Call 9482269989 now to claim before it expires.,No,No,yes
spam,Congratulations! Your Decathlon account is selected for a free gift hamper worth Rs.300. Claim now: http://lucky-winner-alert.co/7aoft,yes,No,No
spam,Congratulations! Your Vi account is selected for a free smartwatch worth Rs.500. Claim now: http://prize-verify.info/mvybp,yes,No,No
spam,Meesho Lucky Draw: You've won a free gold coin! Call 7133786742 now to claim before it expires.,No,No,yes
spam,SBI Card is giving away free smartphone to 100 lucky customers today. Call 9289358597 immediately to grab yours.,No,No,yes
spam,Titan is giving away free gold coin to 100 lucky customers today. Call 9561130985 immediately to grab yours.,No,No,yes
spam,"Meesho customer service: your refund of Rs.100 is pending, click to claim: http://prize-verify.info/wzfaa",yes,No,No
spam,IRCTC is giving away free gift hamper to 100 lucky customers today. Call 8504834533 immediately to grab yours.,No,No,yes
spam,Blinkit Lucky Draw: You've won a free gift hamper! Call 6458600536 now to claim before it expires.,No,No,yes
spam,Spotify is giving away free shopping voucher to 100 lucky customers today. Call 6367717610 immediately to grab yours.,No,No,yes
spam,You are the lucky winner of Flipkart's anniversary contest. Share your bank details to receive your Rs.250 prize.,No,No,No
spam,"boAt customer service: your refund of Rs.250 is pending, click to claim: http://lucky-winner-alert.co/665o7",yes,No,No
spam,Decathlon is giving away free smartphone to 100 lucky customers today. Call 8404496584 immediately to grab yours.,No,No,yes
spam,Unacademy is giving away free smartphone to 100 lucky customers today. Call 7663547037 immediately to grab yours.,No,No,yes
spam,Congratulations! Your Domino's account is selected for a free smartwatch worth Rs.200. Claim now: http://prize-verify.info/ro46g,yes,No,No
spam,Congratulations! Your Vi account is selected for a free smartwatch worth Rs.300. Claim now: http://prize-verify.info/irnjf,yes,No,No
spam,Zepto is giving away free smartphone to 100 lucky customers today. Call 7764283098 immediately to grab yours.,No,No,yes
spam,"PhonePe customer service: your refund of Rs.200 is pending, click to claim: http://reward-claim24.xyz/gvizh",yes,No,No
spam,You are the lucky winner of Netflix's anniversary contest. Share your bank details to receive your Rs.500 prize.,No,No,No
spam,You are the lucky winner of Blinkit's anniversary contest. Share your bank details to receive your Rs.200 prize.,No,No,No
spam,Paytm is giving away free gold coin to 100 lucky customers today. Call 7653768363 immediately to grab yours.,No,No,yes
spam,Congratulations! Your MakeMyTrip account is selected for a free gift hamper worth Rs.150. Claim now: http://offer4u-claim.online/9wgd6,yes,No,No
spam,You are the lucky winner of Goibibo's anniversary contest. Share your bank details to receive your Rs.500 prize.,No,No,No
spam,Paytm is giving away free gift hamper to 100 lucky customers today. Call 8155497459 immediately to grab yours.,No,No,yes
spam,SBI Card is giving away free shopping voucher to 100 lucky customers today. Call 9082827983 immediately to grab yours.,No,No,yes
spam,Congratulations! Your Paytm account is selected for a free shopping voucher worth Rs.100. Claim now: http://reward-claim24.xyz/7fked,yes,No,No
spam,"PharmEasy customer service: your refund of Rs.250 is pending, click to claim: http://offer4u-claim.online/l9trq",yes,No,No
spam,SBI Card Lucky Draw: You've won a free smartphone! Call 7263725771 now to claim before it expires.,No,No,yes
spam,Congratulations! Your Amazon Prime Video account is selected for a free shopping voucher worth Rs.200. Claim now: http://reward-claim24.xyz/l86q7,yes,No,No
spam,PharmEasy is giving away free smartwatch to 100 lucky customers today. Call 8066305951 immediately to grab yours.,No,No,yes
spam,Congratulations! Your Paytm account is selected for a free gift hamper worth Rs.500. Claim now: http://lucky-winner-alert.co/bt778,yes,No,No
spam,Congratulations! Your Nykaa account is selected for a free gift hamper worth Rs.100. Claim now: http://reward-claim24.xyz/lkwe0,yes,No,No
spam,"Domino's customer service: your refund of Rs.500 is pending, click to claim: http://offer4u-claim.online/hflkg",yes,No,No
spam,"redBus customer service: your refund of Rs.500 is pending, click to claim: http://bonus-cashout.xyz/uxxdj",yes,No,No
spam,You are the lucky winner of Unacademy's anniversary contest. Share your bank details to receive your Rs.250 prize.,No,No,No
spam,Congratulations! Your BYJU'S account is selected for a free gold coin worth Rs.200. Claim now: http://bonus-cashout.xyz/ud5vv,yes,No,No
spam,"CRED customer service: your refund of Rs.200 is pending, click to claim: http://prize-verify.info/uu7d4",yes,No,No
spam,You are the lucky winner of PhonePe's anniversary contest. Share your bank details to receive your Rs.300 prize.,No,No,No
spam,Decathlon Lucky Draw: You've won a free shopping voucher! Call 7738795421 now to claim before it expires.,No,No,yes
spam,Zepto Lucky Draw: You've won a free gold coin! Call 6230711393 now to claim before it expires.,No,No,yes
spam,Domino's is giving away free shopping voucher to 100 lucky customers today. Call 9303745050 immediately to grab yours.,No,No,yes
spam,Jio Lucky Draw: You've won a free smartwatch! Call 6860664659 now to claim before it expires.,No,No,yes
spam,PhonePe Lucky Draw: You've won a free smartphone! Call 9862321399 now to claim before it expires.,No,No,yes
spam,"Zepto customer service: your refund of Rs.100 is pending, click to claim: http://offer4u-claim.online/xo2ya",yes,No,No
spam,Jio is giving away free shopping voucher to 100 lucky customers today. Call 8247816863 immediately to grab yours.,No,No,yes
spam,Titan is giving away free smartphone to 100 lucky customers today. Call 9729467542 immediately to grab yours.,No,No,yes
spam,MakeMyTrip is giving away free gift hamper to 100 lucky customers today. Call 8582412304 immediately to grab yours.,No,No,yes
spam,Zomato Lucky Draw: You've won a free smartphone! Call 8898897914 now to claim before it expires.,No,No,yes
spam,"Uber customer service: your refund of Rs.50 is pending, click to claim: http://offer4u-claim.online/g0fc2",yes,No,No
spam,Congratulations! Your Spotify account is selected for a free shopping voucher worth Rs.200. Claim now: http://lucky-winner-alert.co/hn5d0,yes,No,No
spam,You are the lucky winner of ICICI Bank's anniversary contest. Share your bank details to receive your Rs.300 prize.,No,No,No
spam,Congratulations! Your Domino's account is selected for a free gift hamper worth Rs.500. Claim now: http://reward-claim24.xyz/a3wf4,yes,No,No
spam,Pepperfry Lucky Draw: You've won a free shopping voucher! Call 6464727808 now to claim before it expires.,No,No,yes
spam,"Titan customer service: your refund of Rs.300 is pending, click to claim: http://reward-claim24.xyz/f9yxe",yes,No,No
spam,"Disney+ Hotstar customer service: your refund of Rs.200 is pending, click to claim: http://gift-redeem-now.co.in/ndn2e",yes,No,No
spam,BigBasket is giving away free smartwatch to 100 lucky customers today. Call 7578655835 immediately to grab yours.,No,No,yes
spam,Congratulations! Your Myntra account is selected for a free gift hamper worth Rs.50. Claim now: http://prize-verify.info/n3n2q,yes,No,No
spam,"1mg customer service: your refund of Rs.150 is pending, click to claim: http://lucky-winner-alert.co/hro0h",yes,No,No
spam,Congratulations! Your redBus account is selected for a free shopping voucher worth Rs.250. Claim now: http://lucky-winner-alert.co/dkgph,yes,No,No
spam,Congratulations! Your Domino's account is selected for a free smartwatch worth Rs.250. Claim now: http://reward-claim24.xyz/2hw39,yes,No,No
spam,"Titan customer service: your refund of Rs.250 is pending, click to claim: http://prize-verify.info/aru9a",yes,No,No
spam,Congratulations! Your CRED account is selected for a free gold coin worth Rs.200. Claim now: http://bonus-cashout.xyz/5chz8,yes,No,No
spam,Titan is giving away free gift hamper to 100 lucky customers today. Call 9711040691 immediately to grab yours.,No,No,yes
spam,Congratulations! Your Zepto account is selected for a free smartphone worth Rs.200. Claim now: http://bonus-cashout.xyz/u0qyc,yes,No,No
spam,Pepperfry is giving away free shopping voucher to 100 lucky customers today. Call 8456805212 immediately to grab yours.,No,No,yes
spam,BookMyShow is giving away free smartphone to 100 lucky customers today. Call 6957861486 immediately to grab yours.,No,No,yes
spam,HDFC Bank is giving away free gold coin to 100 lucky customers today. Call 6412428097 immediately to grab yours.,No,No,yes
spam,Domino's is giving away free smartwatch to 100 lucky customers today. Call 6816766388 immediately to grab yours.,No,No,yes
spam,"Ajio customer service: your refund of Rs.200 is pending, click to claim: http://gift-redeem-now.co.in/uwvn2",yes,No,No
spam,You are the lucky winner of Jio's anniversary contest. Share your bank details to receive your Rs.50 prize.,No,No,No
spam,Goibibo is giving away free smartwatch to 100 lucky customers today. Call 8986833751 immediately to grab yours.,No,No,yes
spam,Airtel Lucky Draw: You've won a free gold coin! Call 7738610604 now to claim before it expires.,No,No,yes
spam,You are the lucky winner of 1mg's anniversary contest. Share your bank details to receive your Rs.100 prize.,No,No,No
spam,"Titan customer service: your refund of Rs.100 is pending, click to claim: http://offer4u-claim.online/mmwyq",yes,No,No
spam,"MakeMyTrip customer service: your refund of Rs.200 is pending, click to claim: http://prize-verify.info/z5mnf",yes,No,No
spam,You are the lucky winner of redBus's anniversary contest. Share your bank details to receive your Rs.250 prize.,No,No,No
spam,Spotify Lucky Draw: You've won a free smartphone! Call 9111380477 now to claim before it expires.,No,No,yes
spam,IndiGo is giving away free smartwatch to 100 lucky customers today. Call 9243853450 immediately to grab yours.,No,No,yes
spam,"Lenskart customer service: your refund of Rs.50 is pending, click to claim: http://gift-redeem-now.co.in/t0zge",yes,No,No
spam,"Goibibo customer service: your refund of Rs.500 is pending, click to claim: http://bonus-cashout.xyz/g641e",yes,No,No
spam,Ajio is giving away free smartwatch to 100 lucky customers today. Call 8704971599 immediately to grab yours.,No,No,yes
spam,Disney+ Hotstar Lucky Draw: You've won a free gold coin! Call 7564050497 now to claim before it expires.,No,No,yes
spam,"IndiGo customer service: your refund of Rs.100 is pending, click to claim: http://gift-redeem-now.co.in/87coz",yes,No,No
spam,Vi Lucky Draw: You've won a free smartwatch! Call 9270559461 now to claim before it expires.,No,No,yes
spam,Congratulations! Your Ajio account is selected for a free gift hamper worth Rs.200. Claim now: http://reward-claim24.xyz/9zhq4,yes,No,No
spam,Myntra Lucky Draw: You've won a free gift hamper! Call 9223511250 now to claim before it expires.,No,No,yes
spam,"Swiggy Flash Sale: 90% off everything, only a few pieces left! Reply BUY to order now, limited stock.",No,No,No
spam,Swiggy is giving away free gift hamper to 100 lucky customers today. Call 9826891113 immediately to grab yours.,No,No,yes
spam,You are the lucky winner of Axis Bank's anniversary contest. Share your bank details to receive your Rs.200 prize.,No,No,No
spam,Congratulations! Your Pepperfry account is selected for a free shopping voucher worth Rs.250. Claim now: http://lucky-winner-alert.co/qijn0,yes,No,No
spam,Vi is giving away free gift hamper to 100 lucky customers today. Call 9275519236 immediately to grab yours.,No,No,yes
spam,Jio Lucky Draw: You've won a free smartphone! Call 9849825263 now to claim before it expires.,No,No,yes
spam,IndiGo is giving away free smartphone to 100 lucky customers today. Call 6951305362 immediately to grab yours.,No,No,yes
spam,"BookMyShow customer service: your refund of Rs.300 is pending, click to claim: http://bonus-cashout.xyz/apjn5",yes,No,No
spam,Meesho Lucky Draw: You've won a free shopping voucher! Call 8670583910 now to claim before it expires.,No,No,yes
spam,BYJU'S is giving away free shopping voucher to 100 lucky customers today. Call 6060741906 immediately to grab yours.,No,No,yes
spam,CRED is giving away free gift hamper to 100 lucky customers today. Call 9846040767 immediately to grab yours.,No,No,yes
spam,Nykaa is giving away free smartwatch to 100 lucky customers today. Call 9679448205 immediately to grab yours.,No,No,yes
spam,Decathlon is giving away free gift hamper to 100 lucky customers today. Call 6053102863 immediately to grab yours.,No,No,yes
spam,Tanishq is giving away free smartwatch to 100 lucky customers today. Call 9381642119 immediately to grab yours.,No,No,yes
spam,Axis Bank Lucky Draw: You've won a free smartphone! Call 6318428640 now to claim before it expires.,No,No,yes
spam,Congratulations! Your BYJU'S account is selected for a free smartwatch worth Rs.200. Claim now: http://lucky-winner-alert.co/uescy,yes,No,No
spam,Congratulations! Your BYJU'S account is selected for a free shopping voucher worth Rs.200. Claim now: http://prize-verify.info/bog2b,yes,No,No
spam,You are the lucky winner of IRCTC's anniversary contest. Share your bank details to receive your Rs.150 prize.,No,No,No
spam,Jio is giving away free smartwatch to 100 lucky customers today. Call 8667254853 immediately to grab yours.,No,No,yes
spam,"Paytm customer service: your refund of Rs.500 is pending, click to claim: http://bonus-cashout.xyz/s0y4s",yes,No,No
spam,"Myntra customer service: your refund of Rs.200 is pending, click to claim: http://bonus-cashout.xyz/7q1ai",yes,No,No
spam,You are the lucky winner of Amazon Prime Video's anniversary contest. Share your bank details to receive your Rs.250 prize.,No,No,No
spam,You are the lucky winner of MakeMyTrip's anniversary contest. Share your bank details to receive your Rs.50 prize.,No,No,No
spam,Domino's Lucky Draw: You've won a free smartphone! Call 9326657171 now to claim before it expires.,No,No,yes
spam,Uber is giving away free gold coin to 100 lucky customers today. Call 9194304519 immediately to grab yours.,No,No,yes
spam,cult.fit Lucky Draw: You've won a free shopping voucher! Call 7157438306 now to claim before it expires.,No,No,yes
spam,"Blinkit customer service: your refund of Rs.100 is pending, click to claim: http://gift-redeem-now.co.in/el1vl",yes,No,No
spam,Policybazaar Lucky Draw: You've won a free shopping voucher! Call 7592079756 now to claim before it expires.,No,No,yes
spam,"Swiggy customer service: your refund of Rs.50 is pending, click to claim: http://lucky-winner-alert.co/pa59q",yes,No,No
spam,Congratulations! Your SBI Card account is selected for a free shopping voucher worth Rs.200. Claim now: http://lucky-winner-alert.co/3toen,yes,No,No
spam,Congratulations! Your 1mg account is selected for a free gold coin worth Rs.300. Claim now: http://bonus-cashout.xyz/b5vnz,yes,No,No
spam,ICICI Bank is giving away free shopping voucher to 100 lucky customers today. Call 9103772249 immediately to grab yours.,No,No,yes
spam,Airtel is giving away free gold coin to 100 lucky customers today. Call 8926583017 immediately to grab yours.,No,No,yes
spam,Congratulations! Your Axis Bank account is selected for a free gold coin worth Rs.150. Claim now: http://lucky-winner-alert.co/0vozh,yes,No,No
spam,Axis Bank is giving away free shopping voucher to 100 lucky customers today. Call 6811558140 immediately to grab yours.,No,No,yes
spam,Zepto is giving away free shopping voucher to 100 lucky customers today. Call 9885474978 immediately to grab yours.,No,No,yes
spam,Congratulations! Your Myntra account is selected for a free smartphone worth Rs.300. Claim now: http://gift-redeem-now.co.in/0oi45,yes,No,No
spam,"IndiGo customer service: your refund of Rs.500 is pending, click to claim: http://offer4u-claim.online/r2nti",yes,No,No
spam,"Flipkart Flash Sale: 90% off everything, only a few pieces left! Reply BUY to order now, limited stock.",No,No,No
spam,"Decathlon customer service: your refund of Rs.500 is pending, click to claim: http://prize-verify.info/2j5ti",yes,No,No
spam,Disney+ Hotstar is giving away free gift hamper to 100 lucky customers today. Call 9773737699 immediately to grab yours.,No,No,yes
spam,Titan Lucky Draw: You've won a free gold coin! Call 6083665697 now to claim before it expires.,No,No,yes
spam,"Blinkit customer service: your refund of Rs.50 is pending, click to claim: http://prize-verify.info/2alfb",yes,No,No
spam,You are the lucky winner of Myntra's anniversary contest. Share your bank details to receive your Rs.200 prize.,No,No,No
spam,Congratulations! Your Policybazaar account is selected for a free shopping voucher worth Rs.150. Claim now: http://prize-verify.info/uhofz,yes,No,No
spam,"Airtel customer service: your refund of Rs.500 is pending, click to claim: http://offer4u-claim.online/fjb1l",yes,No,No
spam,"IRCTC customer service: your refund of Rs.150 is pending, click to claim: http://bonus-cashout.xyz/758of",yes,No,No
spam,You are the lucky winner of Jio's anniversary contest. Share your bank details to receive your Rs.150 prize.,No,No,No
spam,Congratulations! Your Axis Bank account is selected for a free smartphone worth Rs.50. Claim now: http://gift-redeem-now.co.in/3e6sy,yes,No,No
spam,IRCTC Lucky Draw: You've won a free smartphone! Call 6258745550 now to claim before it expires.,No,No,yes
spam,PharmEasy is giving away free gift hamper to 100 lucky customers today. Call 9836667809 immediately to grab yours.,No,No,yes
spam,Congratulations! Your Titan account is selected for a free smartwatch worth Rs.300. Claim now: http://prize-verify.info/inpqg,yes,No,No
spam,Congratulations! Your BigBasket account is selected for a free smartwatch worth Rs.250. Claim now: http://prize-verify.info/sblhw,yes,No,No
spam,Vi is giving away free gift hamper to 100 lucky customers today. Call 7108989256 immediately to grab yours.,No,No,yes
spam,Meesho is giving away free shopping voucher to 100 lucky customers today. Call 7841468815 immediately to grab yours.,No,No,yes
spam,Myntra is giving away free smartwatch to 100 lucky customers today. Call 6983250893 immediately to grab yours.,No,No,yes
spam,"Swiggy customer service: your refund of Rs.200 is pending, click to claim: http://gift-redeem-now.co.in/6uk0a",yes,No,No
spam,Decathlon is giving away free smartwatch to 100 lucky customers today. Call 6225669558 immediately to grab yours.,No,No,yes
spam,You are the lucky winner of BYJU'S's anniversary contest. Share your bank details to receive your Rs.500 prize.,No,No,No
spam,"Axis Bank customer service: your refund of Rs.150 is pending, click to claim: http://reward-claim24.xyz/ajdfz",yes,No,No
spam,You are the lucky winner of BYJU'S's anniversary contest. Share your bank details to receive your Rs.50 prize.,No,No,No
spam,"Vi customer service: your refund of Rs.50 is pending, click to claim: http://offer4u-claim.online/bhk97",yes,No,No
spam,Disney+ Hotstar is giving away free shopping voucher to 100 lucky customers today. Call 7060843524 immediately to grab yours.,No,No,yes
spam,Congratulations! Your IndiGo account is selected for a free gift hamper worth Rs.200. Claim now: http://prize-verify.info/ogx9r,yes,No,No
spam,"SBI Card customer service: your refund of Rs.300 is pending, click to claim: http://bonus-cashout.xyz/4mjse",yes,No,No
spam,SBI Card is giving away free smartwatch to 100 lucky customers today. Call 8673777438 immediately to grab yours.,No,No,yes
spam,"Disney+ Hotstar customer service: your refund of Rs.50 is pending, click to claim: http://lucky-winner-alert.co/kxsg6",yes,No,No
spam,"Ola customer service: your refund of Rs.300 is pending, click to claim: http://lucky-winner-alert.co/be1vt",yes,No,No
spam,boAt is giving away free gold coin to 100 lucky customers today. Call 6808459828 immediately to grab yours.,No,No,yes
spam,"Titan customer service: your refund of Rs.100 is pending, click to claim: http://bonus-cashout.xyz/49hxt",yes,No,No
spam,"Uber customer service: your refund of Rs.300 is pending, click to claim: http://offer4u-claim.online/hn40b",yes,No,No
spam,"Paytm customer service: your refund of Rs.250 is pending, click to claim: http://lucky-winner-alert.co/q3s8c",yes,No,No
spam,Ola Lucky Draw: You've won a free shopping voucher! Call 7901909499 now to claim before it expires.,No,No,yes
spam,Unacademy Lucky Draw: You've won a free smartwatch! Call 7919984838 now to claim before it expires.,No,No,yes
spam,PhonePe is giving away free smartwatch to 100 lucky customers today. Call 8304054889 immediately to grab yours.,No,No,yes
spam,"IndiGo Flash Sale: 90% off everything, only a few pieces left! Reply BUY to order now, limited stock.",No,No,No
spam,Congratulations! Your boAt account is selected for a free shopping voucher worth Rs.50. Claim now: http://gift-redeem-now.co.in/aqs7z,yes,No,No
spam,Congratulations! Your Unacademy account is selected for a free gold coin worth Rs.500. Claim now: http://lucky-winner-alert.co/xjtvc,yes,No,No
spam,"Netflix customer service: your refund of Rs.500 is pending, click to claim: http://reward-claim24.xyz/7oub9",yes,No,No
spam,You are the lucky winner of Titan's anniversary contest. Share your bank details to receive your Rs.200 prize.,No,No,No
spam,BYJU'S is giving away free smartphone to 100 lucky customers today. Call 7363804759 immediately to grab yours.,No,No,yes
spam,Axis Bank is giving away free gold coin to 100 lucky customers today. Call 6601600147 immediately to grab yours.,No,No,yes
spam,"Myntra customer service: your refund of Rs.200 is pending, click to claim: http://offer4u-claim.online/lrlq9",yes,No,No
spam,"Myntra customer service: your refund of Rs.300 is pending, click to claim: http://reward-claim24.xyz/49w7y",yes,No,No
spam,Ajio is giving away free shopping voucher to 100 lucky customers today. Call 7050791192 immediately to grab yours.,No,No,yes
spam,You are the lucky winner of Ola's anniversary contest. Share your bank details to receive your Rs.200 prize.,No,No,No
spam,"Tanishq customer service: your refund of Rs.150 is pending, click to claim: http://reward-claim24.xyz/darcn",yes,No,No
spam,"PharmEasy customer service: your refund of Rs.150 is pending, click to claim: http://prize-verify.info/ikbac",yes,No,No
spam,"BigBasket customer service: your refund of Rs.50 is pending, click to claim: http://offer4u-claim.online/n6s0v",yes,No,No
spam,ICICI Bank is giving away free shopping voucher to 100 lucky customers today. Call 6513715366 immediately to grab yours.,No,No,yes
spam,Titan is giving away free gold coin to 100 lucky customers today. Call 8605135425 immediately to grab yours.,No,No,yes
spam,Zepto is giving away free gift hamper to 100 lucky customers today. Call 9733884508 immediately to grab yours.,No,No,yes
spam,Decathlon Lucky Draw: You've won a free gold coin! Call 6203816485 now to claim before it expires.,No,No,yes
spam,You are the lucky winner of BYJU'S's anniversary contest. Share your bank details to receive your Rs.250 prize.,No,No,No
spam,You are the lucky winner of Swiggy's anniversary contest. Share your bank details to receive your Rs.200 prize.,No,No,No
spam,You are the lucky winner of Myntra's anniversary contest. Share your bank details to receive your Rs.250 prize.,No,No,No
spam,"HDFC Bank customer service: your refund of Rs.300 is pending, click to claim: http://prize-verify.info/20ihm",yes,No,No
spam,SBI Card is giving away free smartphone to 100 lucky customers today. Call 6997406896 immediately to grab yours.,No,No,yes
spam,Spotify Lucky Draw: You've won a free shopping voucher! Call 6970747958 now to claim before it expires.,No,No,yes
spam,"IRCTC customer service: your refund of Rs.200 is pending, click to claim: http://reward-claim24.xyz/ocjj9",yes,No,No
spam,Congratulations! Your Blinkit account is selected for a free smartphone worth Rs.250. Claim now: http://gift-redeem-now.co.in/lrvjw,yes,No,No
spam,Zomato Lucky Draw: You've won a free gold coin! Call 7939321141 now to claim before it expires.,No,No,yes
spam,Congratulations! Your PharmEasy account is selected for a free smartwatch worth Rs.200. Claim now: http://gift-redeem-now.co.in/3vyh3,yes,No,No
spam,Decathlon Lucky Draw: You've won a free smartphone! Call 6718739537 now to claim before it expires.,No,No,yes
spam,Paytm is giving away free smartwatch to 100 lucky customers today. Call 6757094287 immediately to grab yours.,No,No,yes
spam,"Lenskart customer service: your refund of Rs.250 is pending, click to claim: http://prize-verify.info/jjkwa",yes,No,No
spam,"Ajio customer service: your refund of Rs.300 is pending, click to claim: http://lucky-winner-alert.co/hbelp",yes,No,No
spam,Congratulations! Your Unacademy account is selected for a free smartwatch worth Rs.150. Claim now: http://prize-verify.info/ldt2c,yes,No,No
spam,"Zepto customer service: your refund of Rs.500 is pending, click to claim: http://gift-redeem-now.co.in/9y8vm",yes,No,No
spam,Congratulations! Your PhonePe account is selected for a free shopping voucher worth Rs.200. Claim now: http://reward-claim24.xyz/go3du,yes,No,No
spam,You are the lucky winner of boAt's anniversary contest. Share your bank details to receive your Rs.300 prize.,No,No,No
spam,You are the lucky winner of Meesho's anniversary contest. Share your bank details to receive your Rs.250 prize.,No,No,No
spam,"Disney+ Hotstar customer service: your refund of Rs.300 is pending, click to claim: http://bonus-cashout.xyz/f34n3",yes,No,No
spam,Zomato is giving away free shopping voucher to 100 lucky customers today. Call 9630658790 immediately to grab yours.,No,No,yes
spam,Pepperfry Lucky Draw: You've won a free smartphone! Call 8520685073 now to claim before it expires.,No,No,yes
spam,Titan is giving away free shopping voucher to 100 lucky customers today. Call 9376106101 immediately to grab yours.,No,No,yes
spam,Congratulations! Your Goibibo account is selected for a free smartwatch worth Rs.100. Claim now: http://gift-redeem-now.co.in/cca7u,yes,No,No
spam,"Policybazaar customer service: your refund of Rs.150 is pending, click to claim: http://lucky-winner-alert.co/dbgsa",yes,No,No
spam,You are the lucky winner of SBI Card's anniversary contest. Share your bank details to receive your Rs.50 prize.,No,No,No
spam,Meesho Lucky Draw: You've won a free smartwatch! Call 6184009119 now to claim before it expires.,No,No,yes
spam,"Domino's customer service: your refund of Rs.150 is pending, click to claim: http://prize-verify.info/f4ki7",yes,No,No
spam,Congratulations! Your CRED account is selected for a free gift hamper worth Rs.200. Claim now: http://offer4u-claim.online/na4k5,yes,No,No
spam,You are the lucky winner of Zepto's anniversary contest. Share your bank details to receive your Rs.200 prize.,No,No,No
spam,"Swiggy customer service: your refund of Rs.50 is pending, click to claim: http://lucky-winner-alert.co/qqf42",yes,No,No
spam,"Disney+ Hotstar customer service: your refund of Rs.500 is pending, click to claim: http://reward-claim24.xyz/37rxb",yes,No,No
spam,"cult.fit customer service: your refund of Rs.50 is pending, click to claim: http://lucky-winner-alert.co/it87z",yes,No,No
spam,"1mg customer service: your refund of Rs.100 is pending, click to claim: http://bonus-cashout.xyz/rxqtl",yes,No,No
spam,You are the lucky winner of Blinkit's anniversary contest. Share your bank details to receive your Rs.150 prize.,No,No,No
spam,IRCTC is giving away free shopping voucher to 100 lucky customers today. Call 6735745213 immediately to grab yours.,No,No,yes
spam,Goibibo is giving away free gift hamper to 100 lucky customers today. Call 6021155019 immediately to grab yours.,No,No,yes
spam,Decathlon Lucky Draw: You've won a free smartwatch! Call 6077495489 now to claim before it expires.,No,No,yes
spam,Congratulations! Your PhonePe account is selected for a free shopping voucher worth Rs.250. Claim now: http://bonus-cashout.xyz/qxijf,yes,No,No
spam,Swiggy Lucky Draw: You've won a free shopping voucher! Call 9439250106 now to claim before it expires.,No,No,yes
spam,Domino's Lucky Draw: You've won a free gift hamper! Call 7937350516 now to claim before it expires.,No,No,yes
spam,"BYJU'S customer service: your refund of Rs.200 is pending, click to claim: http://offer4u-claim.online/apkvb",yes,No,No
spam,Congratulations! Your Vi account is selected for a free shopping voucher worth Rs.300. Claim now: http://prize-verify.info/vrw78,yes,No,No
spam,"PhonePe customer service: your refund of Rs.250 is pending, click to claim: http://lucky-winner-alert.co/hr25c",yes,No,No
spam,"PharmEasy customer service: your refund of Rs.200 is pending, click to claim: http://prize-verify.info/l357b",yes,No,No
spam,You are the lucky winner of CRED's anniversary contest. Share your bank details to receive your Rs.200 prize.,No,No,No
spam,You are the lucky winner of Domino's's anniversary contest. Share your bank details to receive your Rs.100 prize.,No,No,No
spam,SBI Card is giving away free smartwatch to 100 lucky customers today. Call 6698800643 immediately to grab yours.,No,No,yes
spam,1mg is giving away free gold coin to 100 lucky customers today. Call 8716456502 immediately to grab yours.,No,No,yes
spam,You are the lucky winner of Amazon's anniversary contest. Share your bank details to receive your Rs.150 prize.,No,No,No
spam,IRCTC is giving away free gold coin to 100 lucky customers today. Call 9951933135 immediately to grab yours.,No,No,yes
spam,Vi is giving away free smartwatch to 100 lucky customers today. Call 9828884401 immediately to grab yours.,No,No,yes
spam,"Ajio customer service: your refund of Rs.200 is pending, click to claim: http://lucky-winner-alert.co/ww7yr",yes,No,No
spam,You are the lucky winner of SBI Card's anniversary contest. Share your bank details to receive your Rs.150 prize.,No,No,No
spam,Congratulations! Your Airtel account is selected for a free shopping voucher worth Rs.200. Claim now: http://bonus-cashout.xyz/mcgl5,yes,No,No
spam,Congratulations! Your BookMyShow account is selected for a free gift hamper worth Rs.250. Claim now: http://bonus-cashout.xyz/3vbob,yes,No,No
spam,Goibibo Lucky Draw: You've won a free smartphone! Call 7343739767 now to claim before it expires.,No,No,yes
spam,boAt Lucky Draw: You've won a free gift hamper! Call 7757532552 now to claim before it expires.,No,No,yes
spam,Congratulations! Your Titan account is selected for a free gift hamper worth Rs.250. Claim now: http://bonus-cashout.xyz/k0oza,yes,No,No
spam,"Airtel customer service: your refund of Rs.500 is pending, click to claim: http://offer4u-claim.online/0pe8n",yes,No,No
spam,Congratulations! Your Decathlon account is selected for a free gift hamper worth Rs.100. Claim now: http://lucky-winner-alert.co/2nkab,yes,No,No
spam,You are the lucky winner of Paytm's anniversary contest. Share your bank details to receive your Rs.250 prize.,No,No,No
spam,"Amazon Prime Video customer service: your refund of Rs.500 is pending, click to claim: http://bonus-cashout.xyz/h8rl7",yes,No,No
spam,Tanishq is giving away free smartwatch to 100 lucky customers today. Call 6129191586 immediately to grab yours.,No,No,yes
spam,"Titan customer service: your refund of Rs.150 is pending, click to claim: http://lucky-winner-alert.co/4k6fu",yes,No,No
spam,Flipkart Lucky Draw: You've won a free gold coin! Call 9951220599 now to claim before it expires.,No,No,yes
spam,Blinkit Lucky Draw: You've won a free smartwatch! Call 8494522971 now to claim before it expires.,No,No,yes
spam,You are the lucky winner of cult.fit's anniversary contest. Share your bank details to receive your Rs.100 prize.,No,No,No
spam,"Paytm customer service: your refund of Rs.250 is pending, click to claim: http://bonus-cashout.xyz/wncip",yes,No,No
spam,Meesho Lucky Draw: You've won a free gold coin! Call 8016568548 now to claim before it expires.,No,No,yes
spam,You are the lucky winner of Uber's anniversary contest. Share your bank details to receive your Rs.100 prize.,No,No,No
spam,"Flipkart customer service: your refund of Rs.250 is pending, click to claim: http://prize-verify.info/wt61g",yes,No,No
spam,You are the lucky winner of BigBasket's anniversary contest. Share your bank details to receive your Rs.100 prize.,No,No,No
spam,Amazon Prime Video is giving away free shopping voucher to 100 lucky customers today. Call 8602867395 immediately to grab yours.,No,No,yes
spam,Disney+ Hotstar is giving away free smartphone to 100 lucky customers today. Call 8702337655 immediately to grab yours.,No,No,yes
spam,CRED is giving away free gold coin to 100 lucky customers today. Call 9972143872 immediately to grab yours.,No,No,yes
spam,Congratulations! Your IndiGo account is selected for a free shopping voucher worth Rs.250. Claim now: http://bonus-cashout.xyz/vddxf,yes,No,No
spam,You are the lucky winner of Amazon's anniversary contest. Share your bank details to receive your Rs.200 prize.,No,No,No
spam,"boAt customer service: your refund of Rs.300 is pending, click to claim: http://prize-verify.info/o66ge",yes,No,No
spam,Congratulations! Your CRED account is selected for a free shopping voucher worth Rs.250. Claim now: http://prize-verify.info/w9hpi,yes,No,No
spam,Congratulations! Your Myntra account is selected for a free gold coin worth Rs.300. Claim now: http://prize-verify.info/uau3u,yes,No,No
spam,Congratulations! Your 1mg account is selected for a free shopping voucher worth Rs.150. Claim now: http://bonus-cashout.xyz/gmpv6,yes,No,No
spam,You are the lucky winner of Paytm's anniversary contest. Share your bank details to receive your Rs.500 prize.,No,No,No
spam,Congratulations! Your Myntra account is selected for a free smartphone worth Rs.50. Claim now: http://bonus-cashout.xyz/tl08r,yes,No,No
spam,Nykaa Lucky Draw: You've won a free smartwatch! Call 7137456169 now to claim before it expires.,No,No,yes
spam,redBus Lucky Draw: You've won a free gift hamper! Call 6234420005 now to claim before it expires.,No,No,yes
spam,Congratulations! Your IndiGo account is selected for a free smartwatch worth Rs.300. Claim now: http://bonus-cashout.xyz/peodj,yes,No,No
spam,SBI Card is giving away free smartwatch to 100 lucky customers today. Call 8426560262 immediately to grab yours.,No,No,yes
spam,Congratulations! Your redBus account is selected for a free smartphone worth Rs.100. Claim now: http://gift-redeem-now.co.in/wzub9,yes,No,No
spam,1mg Lucky Draw: You've won a free smartphone! Call 6386212068 now to claim before it expires.,No,No,yes
spam,You are the lucky winner of Flipkart's anniversary contest. Share your bank details to receive your Rs.50 prize.,No,No,No
spam,Nykaa Lucky Draw: You've won a free smartwatch! Call 8448209949 now to claim before it expires.,No,No,yes
spam,Policybazaar Lucky Draw: You've won a free gold coin! Call 7431559334 now to claim before it expires.,No,No,yes
spam,ICICI Bank Lucky Draw: You've won a free shopping voucher! Call 8096922261 now to claim before it expires.,No,No,yes
spam,You are the lucky winner of Disney+ Hotstar's anniversary contest. Share your bank details to receive your Rs.50 prize.,No,No,No
spam,Congratulations! Your cult.fit account is selected for a free smartphone worth Rs.200. Claim now: http://prize-verify.info/vfhsy,yes,No,No
spam,Flipkart is giving away free smartphone to 100 lucky customers today. Call 7900179630 immediately to grab yours.,No,No,yes
spam,Congratulations! Your boAt account is selected for a free smartphone worth Rs.100. Claim now: http://gift-redeem-now.co.in/yrxs3,yes,No,No
spam,Pepperfry Lucky Draw: You've won a free gold coin! Call 7904511522 now to claim before it expires.,No,No,yes
spam,Congratulations! Your PhonePe account is selected for a free smartphone worth Rs.250. Claim now: http://lucky-winner-alert.co/ouenf,yes,No,No
spam,"Ola customer service: your refund of Rs.250 is pending, click to claim: http://reward-claim24.xyz/o8yd4",yes,No,No
spam,"Ajio customer service: your refund of Rs.500 is pending, click to claim: http://gift-redeem-now.co.in/yb6jl",yes,No,No
spam,"BigBasket customer service: your refund of Rs.50 is pending, click to claim: http://offer4u-claim.online/pq7zf",yes,No,No
spam,BookMyShow Lucky Draw: You've won a free smartwatch! Call 8295833836 now to claim before it expires.,No,No,yes
spam,Congratulations! Your Swiggy account is selected for a free gold coin worth Rs.500. Claim now: http://offer4u-claim.online/2uuzl,yes,No,No
spam,Paytm is giving away free smartwatch to 100 lucky customers today. Call 9054503896 immediately to grab yours.,No,No,yes
spam,Congratulations! Your IndiGo account is selected for a free gold coin worth Rs.500. Claim now: http://offer4u-claim.online/mxwgg,yes,No,No
spam,Congratulations! Your Spotify account is selected for a free smartphone worth Rs.300. Claim now: http://bonus-cashout.xyz/b6qxq,yes,No,No
spam,Ola is giving away free smartphone to 100 lucky customers today. Call 7322787567 immediately to grab yours.,No,No,yes
spam,PhonePe Lucky Draw: You've won a free smartwatch! Call 8088457839 now to claim before it expires.,No,No,yes
spam,Congratulations! Your Titan account is selected for a free gift hamper worth Rs.200. Claim now: http://reward-claim24.xyz/662b7,yes,No,No
spam,Blinkit Lucky Draw: You've won a free smartphone! Call 6990968546 now to claim before it expires.,No,No,yes
spam,Titan is giving away free shopping voucher to 100 lucky customers today. Call 9842788643 immediately to grab yours.,No,No,yes
spam,You are the lucky winner of Flipkart's anniversary contest. Share your bank details to receive your Rs.200 prize.,No,No,No
spam,Goibibo Lucky Draw: You've won a free shopping voucher! Call 9561212531 now to claim before it expires.,No,No,yes
spam,Pepperfry is giving away free smartwatch to 100 lucky customers today. Call 6666610773 immediately to grab yours.,No,No,yes
spam,"Domino's customer service: your refund of Rs.50 is pending, click to claim: http://bonus-cashout.xyz/vlq0n",yes,No,No
spam,Congratulations! Your boAt account is selected for a free smartphone worth Rs.500. Claim now: http://reward-claim24.xyz/xki78,yes,No,No
spam,HDFC Bank is giving away free gift hamper to 100 lucky customers today. Call 6312751521 immediately to grab yours.,No,No,yes
spam,redBus is giving away free gift hamper to 100 lucky customers today. Call 6970953384 immediately to grab yours.,No,No,yes
spam,Congratulations! Your BigBasket account is selected for a free gift hamper worth Rs.100. Claim now: http://reward-claim24.xyz/199py,yes,No,No
spam,Nykaa Lucky Draw: You've won a free smartwatch! Call 6288287462 now to claim before it expires.,No,No,yes
spam,You are the lucky winner of Netflix's anniversary contest. Share your bank details to receive your Rs.300 prize.,No,No,No
spam,PharmEasy Lucky Draw: You've won a free shopping voucher! Call 9731361534 now to claim before it expires.,No,No,yes
spam,Zepto is giving away free shopping voucher to 100 lucky customers today. Call 8513736849 immediately to grab yours.,No,No,yes
spam,You are the lucky winner of cult.fit's anniversary contest. Share your bank details to receive your Rs.250 prize.,No,No,No
spam,Congratulations! Your Pepperfry account is selected for a free gold coin worth Rs.50. Claim now: http://prize-verify.info/x3qpc,yes,No,No
spam,Congratulations! Your Ajio account is selected for a free gold coin worth Rs.50. Claim now: http://reward-claim24.xyz/6ouuo,yes,No,No
spam,Congratulations! Your redBus account is selected for a free smartphone worth Rs.50. Claim now: http://lucky-winner-alert.co/mexru,yes,No,No
spam,Ola Lucky Draw: You've won a free smartwatch! Call 6812290206 now to claim before it expires.,No,No,yes
spam,redBus Lucky Draw: You've won a free gold coin! Call 6415396453 now to claim before it expires.,No,No,yes
spam,Vi is giving away free smartphone to 100 lucky customers today. Call 9822853740 immediately to grab yours.,No,No,yes
spam,Policybazaar is giving away free shopping voucher to 100 lucky customers today. Call 8635259309 immediately to grab yours.,No,No,yes
spam,Airtel is giving away free smartwatch to 100 lucky customers today. Call 7252684206 immediately to grab yours.,No,No,yes
spam,You are the lucky winner of Swiggy's anniversary contest. Share your bank details to receive your Rs.150 prize.,No,No,No
spam,"Unacademy customer service: your refund of Rs.500 is pending, click to claim: http://reward-claim24.xyz/f27wq",yes,No,No
spam,"Paytm customer service: your refund of Rs.100 is pending, click to claim: http://reward-claim24.xyz/wrrvi",yes,No,No
spam,ICICI Bank Lucky Draw: You've won a free shopping voucher! Call 8121773859 now to claim before it expires.,No,No,yes
spam,Congratulations! Your BookMyShow account is selected for a free gift hamper worth Rs.500. Claim now: http://gift-redeem-now.co.in/s8neu,yes,No,No
spam,Blinkit is giving away free gift hamper to 100 lucky customers today. Call 6312801423 immediately to grab yours.,No,No,yes
spam,"Amazon Prime Video customer service: your refund of Rs.250 is pending, click to claim: http://gift-redeem-now.co.in/lmcdv",yes,No,No
spam,Congratulations! Your ICICI Bank account is selected for a free gold coin worth Rs.100. Claim now: http://bonus-cashout.xyz/povu7,yes,No,No
spam,You are the lucky winner of Uber's anniversary contest. Share your bank details to receive your Rs.500 prize.,No,No,No
spam,cult.fit Lucky Draw: You've won a free smartwatch! Call 6164341419 now to claim before it expires.,No,No,yes
spam,You are the lucky winner of Amazon Prime Video's anniversary contest. Share your bank details to receive your Rs.150 prize.,No,No,No
spam,Congratulations! Your Decathlon account is selected for a free gold coin worth Rs.250. Claim now: http://bonus-cashout.xyz/l3oe7,yes,No,No
spam,"BookMyShow customer service: your refund of Rs.500 is pending, click to claim: http://gift-redeem-now.co.in/3lrq7",yes,No,No
spam,"PhonePe customer service: your refund of Rs.250 is pending, click to claim: http://offer4u-claim.online/csfux",yes,No,No
spam,Lenskart is giving away free smartwatch to 100 lucky customers today. Call 8109707048 immediately to grab yours.,No,No,yes
spam,Tanishq Lucky Draw: You've won a free smartphone! Call 9986796746 now to claim before it expires.,No,No,yes
spam,Goibibo is giving away free shopping voucher to 100 lucky customers today. Call 8499399934 immediately to grab yours.,No,No,yes
spam,ICICI Bank is giving away free smartwatch to 100 lucky customers today. Call 9591996397 immediately to grab yours.,No,No,yes
spam,IRCTC is giving away free smartphone to 100 lucky customers today. Call 8005250371 immediately to grab yours.,No,No,yes
spam,Flipkart is giving away free smartwatch to 100 lucky customers today. Call 7794192116 immediately to grab yours.,No,No,yes
spam,HDFC Bank Lucky Draw: You've won a free gift hamper! Call 9419505149 now to claim before it expires.,No,No,yes
spam,"Jio customer service: your refund of Rs.100 is pending, click to claim: http://bonus-cashout.xyz/64979",yes,No,No
spam,"BookMyShow customer service: your refund of Rs.500 is pending, click to claim: http://offer4u-claim.online/8ka89",yes,No,No
spam,Uber Lucky Draw: You've won a free shopping voucher! Call 7117416713 now to claim before it expires.,No,No,yes
spam,"Ajio customer service: your refund of Rs.250 is pending, click to claim: http://lucky-winner-alert.co/gpviq",yes,No,No
spam,Amazon is giving away free smartwatch to 100 lucky customers today. Call 9130912681 immediately to grab yours.,No,No,yes
spam,Axis Bank is giving away free smartwatch to 100 lucky customers today. Call 8210949737 immediately to grab yours.,No,No,yes
spam,Lenskart is giving away free smartwatch to 100 lucky customers today. Call 8722028720 immediately to grab yours.,No,No,yes
spam,You are the lucky winner of Policybazaar's anniversary contest. Share your bank details to receive your Rs.50 prize.,No,No,No
spam,Congratulations! Your Jio account is selected for a free gold coin worth Rs.250. Claim now: http://lucky-winner-alert.co/16939,yes,No,No
spam,You are the lucky winner of IndiGo's anniversary contest. Share your bank details to receive your Rs.50 prize.,No,No,No
spam,Zepto is giving away free gift hamper to 100 lucky customers today. Call 9157826834 immediately to grab yours.,No,No,yes
spam,Congratulations! Your Axis Bank account is selected for a free gold coin worth Rs.300. Claim now: http://offer4u-claim.online/hjy91,yes,No,No
spam,You are the lucky winner of redBus's anniversary contest. Share your bank details to receive your Rs.200 prize.,No,No,No
spam,"ICICI Bank customer service: your refund of Rs.100 is pending, click to claim: http://prize-verify.info/5dq0a",yes,No,No
spam,Vi Lucky Draw: You've won a free gold coin! Call 6946193277 now to claim before it expires.,No,No,yes
spam,Congratulations! Your CRED account is selected for a free gold coin worth Rs.200. Claim now: http://lucky-winner-alert.co/a6s27,yes,No,No
spam,Axis Bank Lucky Draw: You've won a free gift hamper! Call 8404560458 now to claim before it expires.,No,No,yes
spam,"Blinkit customer service: your refund of Rs.50 is pending, click to claim: http://reward-claim24.xyz/1evgc",yes,No,No
spam,Axis Bank Lucky Draw: You've won a free smartwatch! Call 9141793740 now to claim before it expires.,No,No,yes
spam,Congratulations! Your Lenskart account is selected for a free shopping voucher worth Rs.50. Claim now: http://lucky-winner-alert.co/je26r,yes,No,No
spam,You are the lucky winner of IndiGo's anniversary contest. Share your bank details to receive your Rs.100 prize.,No,No,No
spam,BYJU'S is giving away free gold coin to 100 lucky customers today. Call 7834195448 immediately to grab yours.,No,No,yes
spam,IRCTC Lucky Draw: You've won a free gift hamper! Call 7481431283 now to claim before it expires.,No,No,yes
spam,1mg Lucky Draw: You've won a free gift hamper! Call 9440647675 now to claim before it expires.,No,No,yes
spam,"1mg customer service: your refund of Rs.200 is pending, click to claim: http://offer4u-claim.online/y3tqf",yes,No,No
spam,SBI Card Lucky Draw: You've won a free smartwatch! Call 9103098328 now to claim before it expires.,No,No,yes
spam,Congratulations! Your Airtel account is selected for a free gift hamper worth Rs.150. Claim now: http://prize-verify.info/i3uyh,yes,No,No
spam,Paytm is giving away free smartphone to 100 lucky customers today. Call 9854019663 immediately to grab yours.,No,No,yes
spam,BookMyShow is giving away free shopping voucher to 100 lucky customers today. Call 6688161411 immediately to grab yours.,No,No,yes
spam,"Spotify customer service: your refund of Rs.500 is pending, click to claim: http://gift-redeem-now.co.in/8yfx1",yes,No,No
spam,boAt is giving away free gift hamper to 100 lucky customers today. Call 6693325020 immediately to grab yours.,No,No,yes
spam,You are the lucky winner of Vi's anniversary contest. Share your bank details to receive your Rs.250 prize.,No,No,No
spam,Uber is giving away free gift hamper to 100 lucky customers today. Call 9168744233 immediately to grab yours.,No,No,yes
spam,Disney+ Hotstar is giving away free smartphone to 100 lucky customers today. Call 7189187104 immediately to grab yours.,No,No,yes
spam,Congratulations! Your cult.fit account is selected for a free gold coin worth Rs.300. Claim now: http://bonus-cashout.xyz/fgcts,yes,No,No
spam,PharmEasy is giving away free gift hamper to 100 lucky customers today. Call 6753689188 immediately to grab yours.,No,No,yes
spam,Axis Bank is giving away free gift hamper to 100 lucky customers today. Call 6375345921 immediately to grab yours.,No,No,yes
spam,"ICICI Bank customer service: your refund of Rs.250 is pending, click to claim: http://lucky-winner-alert.co/kuxad",yes,No,No
spam,HDFC Bank is giving away free gift hamper to 100 lucky customers today. Call 8724255637 immediately to grab yours.,No,No,yes
spam,Axis Bank is giving away free gift hamper to 100 lucky customers today. Call 9026253663 immediately to grab yours.,No,No,yes
spam,"Ola customer service: your refund of Rs.500 is pending, click to claim: http://prize-verify.info/3ydhs",yes,No,No
spam,Congratulations! Your boAt account is selected for a free gift hamper worth Rs.50. Claim now: http://prize-verify.info/nk5ke,yes,No,No
spam,Congratulations! Your Nykaa account is selected for a free smartwatch worth Rs.500. Claim now: http://bonus-cashout.xyz/xct1i,yes,No,No
spam,"Meesho customer service: your refund of Rs.100 is pending, click to claim: http://gift-redeem-now.co.in/g22cz",yes,No,No
spam,"Ola customer service: your refund of Rs.50 is pending, click to claim: http://prize-verify.info/8ogmy",yes,No,No
spam,"Blinkit customer service: your refund of Rs.300 is pending, click to claim: http://lucky-winner-alert.co/wbysj",yes,No,No
spam,Congratulations! Your Unacademy account is selected for a free gift hamper worth Rs.150. Claim now: http://gift-redeem-now.co.in/nmpb1,yes,No,No
spam,Congratulations! Your Swiggy account is selected for a free smartwatch worth Rs.100. Claim now: http://bonus-cashout.xyz/dmwed,yes,No,No
spam,"Axis Bank customer service: your refund of Rs.250 is pending, click to claim: http://prize-verify.info/mpauh",yes,No,No
spam,boAt Lucky Draw: You've won a free shopping voucher! Call 8089231519 now to claim before it expires.,No,No,yes
spam,BYJU'S is giving away free gold coin to 100 lucky customers today. Call 8126804295 immediately to grab yours.,No,No,yes
spam,Amazon is giving away free smartwatch to 100 lucky customers today. Call 8991637202 immediately to grab yours.,No,No,yes
spam,Congratulations! Your Unacademy account is selected for a free gold coin worth Rs.250. Claim now: http://gift-redeem-now.co.in/dml7j,yes,No,No
spam,Congratulations! Your Titan account is selected for a free gold coin worth Rs.100. Claim now: http://prize-verify.info/tfvy5,yes,No,No
spam,PharmEasy Lucky Draw: You've won a free gift hamper! Call 8724695612 now to claim before it expires.,No,No,yes
spam,"Uber customer service: your refund of Rs.200 is pending, click to claim: http://prize-verify.info/z1o29",yes,No,No
spam,Congratulations! Your Uber account is selected for a free smartphone worth Rs.300. Claim now: http://reward-claim24.xyz/boj58,yes,No,No
spam,Congratulations! Your Jio account is selected for a free smartphone worth Rs.500. Claim now: http://offer4u-claim.online/ap4a3,yes,No,No
spam,You are the lucky winner of Disney+ Hotstar's anniversary contest. Share your bank details to receive your Rs.150 prize.,No,No,No
spam,Congratulations! Your SBI Card account is selected for a free smartwatch worth Rs.300. Claim now: http://offer4u-claim.online/9u0us,yes,No,No
spam,You are the lucky winner of Amazon's anniversary contest. Share your bank details to receive your Rs.300 prize.,No,No,No
spam,Policybazaar Lucky Draw: You've won a free smartphone! Call 7186971490 now to claim before it expires.,No,No,yes
spam,Amazon Prime Video is giving away free gold coin to 100 lucky customers today. Call 6907038189 immediately to grab yours.,No,No,yes
spam,Lenskart is giving away free smartphone to 100 lucky customers today. Call 8956835730 immediately to grab yours.,No,No,yes
spam,Vi is giving away free shopping voucher to 100 lucky customers today. Call 8032825071 immediately to grab yours.,No,No,yes
spam,"Tanishq customer service: your refund of Rs.50 is pending, click to claim: http://bonus-cashout.xyz/qngdm",yes,No,No
spam,CRED is giving away free gold coin to 100 lucky customers today. Call 9442100985 immediately to grab yours.,No,No,yes
spam,"Amazon customer service: your refund of Rs.50 is pending, click to claim: http://reward-claim24.xyz/8a752",yes,No,No
spam,"Paytm customer service: your refund of Rs.100 is pending, click to claim: http://bonus-cashout.xyz/faezz",yes,No,No
spam,Netflix is giving away free gold coin to 100 lucky customers today. Call 7265347468 immediately to grab yours.,No,No,yes
spam,Axis Bank Lucky Draw: You've won a free gold coin! Call 6363475297 now to claim before it expires.,No,No,yes
spam,Congratulations! Your Meesho account is selected for a free gift hamper worth Rs.500. Claim now: http://gift-redeem-now.co.in/kgwt5,yes,No,No
spam,PhonePe is giving away free shopping voucher to 100 lucky customers today. Call 6294414429 immediately to grab yours.,No,No,yes
spam,Flipkart Lucky Draw: You've won a free shopping voucher! Call 6992284335 now to claim before it expires.,No,No,yes
spam,Congratulations! Your Myntra account is selected for a free smartphone worth Rs.500. Claim now: http://reward-claim24.xyz/iibqr,yes,No,No
spam,BookMyShow Lucky Draw: You've won a free gift hamper! Call 6789585745 now to claim before it expires.,No,No,yes
spam,Tanishq Lucky Draw: You've won a free shopping voucher! Call 9885482647 now to claim before it expires.,No,No,yes
spam,Flipkart is giving away free gold coin to 100 lucky customers today. Call 7137818800 immediately to grab yours.,No,No,yes
spam,Swiggy is giving away free smartwatch to 100 lucky customers today. Call 7536096071 immediately to grab yours.,No,No,yes
spam,"Amazon Prime Video customer service: your refund of Rs.150 is pending, click to claim: http://offer4u-claim.online/pcc3w",yes,No,No
spam,ICICI Bank Lucky Draw: You've won a free smartwatch! Call 9301870604 now to claim before it expires.,No,No,yes
spam,You are the lucky winner of Meesho's anniversary contest. Share your bank details to receive your Rs.50 prize.,No,No,No
spam,"PhonePe customer service: your refund of Rs.100 is pending, click to claim: http://gift-redeem-now.co.in/tz65g",yes,No,No
spam,BYJU'S Lucky Draw: You've won a free gift hamper! Call 9063176618 now to claim before it expires.,No,No,yes
spam,Unacademy Lucky Draw: You've won a free smartphone! Call 6236466598 now to claim before it expires.,No,No,yes
spam,Policybazaar Lucky Draw: You've won a free shopping voucher! Call 6712013203 now to claim before it expires.,No,No,yes
spam,Jio is giving away free smartwatch to 100 lucky customers today. Call 6360481974 immediately to grab yours.,No,No,yes
spam,Airtel Lucky Draw: You've won a free gift hamper! Call 6395434638 now to claim before it expires.,No,No,yes
spam,Congratulations! Your Axis Bank account is selected for a free shopping voucher worth Rs.300. Claim now: http://prize-verify.info/adq3a,yes,No,No
spam,CRED Lucky Draw: You've won a free smartphone! Call 7777763775 now to claim before it expires.,No,No,yes
spam,ICICI Bank is giving away free shopping voucher to 100 lucky customers today. Call 9519487336 immediately to grab yours.,No,No,yes
spam,"Disney+ Hotstar customer service: your refund of Rs.150 is pending, click to claim: http://lucky-winner-alert.co/yfcgo",yes,No,No
spam,Congratulations! Your Ajio account is selected for a free shopping voucher worth Rs.100. Claim now: http://lucky-winner-alert.co/3xik2,yes,No,No
spam,redBus Lucky Draw: You've won a free shopping voucher! Call 9797196282 now to claim before it expires.,No,No,yes
spam,"Airtel customer service: your refund of Rs.50 is pending, click to claim: http://bonus-cashout.xyz/9umbn",yes,No,No
spam,"IndiGo customer service: your refund of Rs.500 is pending, click to claim: http://prize-verify.info/ilx2d",yes,No,No
spam,PharmEasy is giving away free gift hamper to 100 lucky customers today. Call 6594657210 immediately to grab yours.,No,No,yes
spam,cult.fit is giving away free shopping voucher to 100 lucky customers today. Call 9812463755 immediately to grab yours.,No,No,yes
spam,Titan Lucky Draw: You've won a free shopping voucher! Call 9990457240 now to claim before it expires.,No,No,yes
spam,boAt is giving away free gift hamper to 100 lucky customers today. Call 9831162797 immediately to grab yours.,No,No,yes
spam,"Tanishq customer service: your refund of Rs.150 is pending, click to claim: http://gift-redeem-now.co.in/pefgc",yes,No,No
spam,BookMyShow Lucky Draw: You've won a free smartphone! Call 7137433780 now to claim before it expires.,No,No,yes
spam,You are the lucky winner of Meesho's anniversary contest. Share your bank details to receive your Rs.200 prize.,No,No,No
spam,Netflix is giving away free smartphone to 100 lucky customers today. Call 6420292280 immediately to grab yours.,No,No,yes
spam,Domino's is giving away free gold coin to 100 lucky customers today. Call 6995309949 immediately to grab yours.,No,No,yes
spam,Congratulations! Your PhonePe account is selected for a free shopping voucher worth Rs.300. Claim now: http://lucky-winner-alert.co/4ondv,yes,No,No
spam,You are the lucky winner of PharmEasy's anniversary contest. Share your bank details to receive your Rs.500 prize.,No,No,No
spam,Spotify Lucky Draw: You've won a free shopping voucher! Call 7505735805 now to claim before it expires.,No,No,yes
spam,You are the lucky winner of Zomato's anniversary contest. Share your bank details to receive your Rs.50 prize.,No,No,No
spam,"Uber customer service: your refund of Rs.250 is pending, click to claim: http://gift-redeem-now.co.in/u4ajc",yes,No,No
spam,Congratulations! Your Zomato account is selected for a free gold coin worth Rs.150. Claim now: http://gift-redeem-now.co.in/ehyte,yes,No,No
spam,"Amazon customer service: your refund of Rs.50 is pending, click to claim: http://prize-verify.info/vub89",yes,No,No
spam,Ajio Lucky Draw: You've won a free gift hamper! Call 6445652769 now to claim before it expires.,No,No,yes
spam,Congratulations! Your ICICI Bank account is selected for a free gold coin worth Rs.500. Claim now: http://bonus-cashout.xyz/f2h4v,yes,No,No
spam,You are the lucky winner of Goibibo's anniversary contest. Share your bank details to receive your Rs.50 prize.,No,No,No
spam,"Jio customer service: your refund of Rs.500 is pending, click to claim: http://bonus-cashout.xyz/ln7uq",yes,No,No
spam,BookMyShow is giving away free smartwatch to 100 lucky customers today. Call 6541852858 immediately to grab yours.,No,No,yes
spam,Netflix is giving away free shopping voucher to 100 lucky customers today. Call 9166439374 immediately to grab yours.,No,No,yes
spam,"Meesho customer service: your refund of Rs.150 is pending, click to claim: http://gift-redeem-now.co.in/l3emg",yes,No,No
spam,Amazon Prime Video Lucky Draw: You've won a free shopping voucher! Call 7151641583 now to claim before it expires.,No,No,yes
spam,Jio Lucky Draw: You've won a free gold coin! Call 9072778131 now to claim before it expires.,No,No,yes
spam,"BookMyShow customer service: your refund of Rs.150 is pending, click to claim: http://bonus-cashout.xyz/eqgko",yes,No,No
spam,"SBI Card customer service: your refund of Rs.250 is pending, click to claim: http://reward-claim24.xyz/10hwp",yes,No,No
spam,BigBasket Lucky Draw: You've won a free gold coin! Call 9561518560 now to claim before it expires.,No,No,yes
spam,Congratulations! Your Ola account is selected for a free smartphone worth Rs.250. Claim now: http://reward-claim24.xyz/9syv3,yes,No,No
spam,"Jio customer service: your refund of Rs.250 is pending, click to claim: http://prize-verify.info/2bbmo",yes,No,No
spam,Goibibo is giving away free smartwatch to 100 lucky customers today. Call 9782856525 immediately to grab yours.,No,No,yes
spam,Amazon Prime Video is giving away free smartwatch to 100 lucky customers today. Call 7085080056 immediately to grab yours.,No,No,yes
spam,Uber Lucky Draw: You've won a free shopping voucher! Call 7563120125 now to claim before it expires.,No,No,yes
spam,You are the lucky winner of Decathlon's anniversary contest. Share your bank details to receive your Rs.100 prize.,No,No,No
spam,SBI Card Lucky Draw: You've won a free shopping voucher! Call 9560395973 now to claim before it expires.,No,No,yes
spam,Amazon is giving away free smartwatch to 100 lucky customers today. Call 7402991336 immediately to grab yours.,No,No,yes
spam,Congratulations! Your MakeMyTrip account is selected for a free gift hamper worth Rs.200. Claim now: http://gift-redeem-now.co.in/tqtrf,yes,No,No
spam,Zomato is giving away free gift hamper to 100 lucky customers today. Call 9707243414 immediately to grab yours.,No,No,yes
spam,Meesho Lucky Draw: You've won a free gold coin! Call 6796984270 now to claim before it expires.,No,No,yes
spam,redBus is giving away free shopping voucher to 100 lucky customers today. Call 8174243843 immediately to grab yours.,No,No,yes
spam,Congratulations! Your ICICI Bank account is selected for a free shopping voucher worth Rs.100. Claim now: http://lucky-winner-alert.co/o5d7i,yes,No,No
spam,Congratulations! Your redBus account is selected for a free shopping voucher worth Rs.150. Claim now: http://reward-claim24.xyz/dsjbq,yes,No,No
spam,Goibibo is giving away free shopping voucher to 100 lucky customers today. Call 7960181509 immediately to grab yours.,No,No,yes
spam,You are the lucky winner of Flipkart's anniversary contest. Share your bank details to receive your Rs.150 prize.,No,No,No
spam,HDFC Bank is giving away free smartphone to 100 lucky customers today. Call 8729116505 immediately to grab yours.,No,No,yes
spam,Zomato is giving away free gold coin to 100 lucky customers today. Call 8932582035 immediately to grab yours.,No,No,yes
spam,Swiggy Lucky Draw: You've won a free gold coin! Call 9003329395 now to claim before it expires.,No,No,yes
spam,Domino's Lucky Draw: You've won a free smartphone! Call 9457506939 now to claim before it expires.,No,No,yes
spam,Uber Lucky Draw: You've won a free gold coin! Call 6945011991 now to claim before it expires.,No,No,yes
spam,boAt Lucky Draw: You've won a free gold coin! Call 6726492299 now to claim before it expires.,No,No,yes
spam,"Decathlon customer service: your refund of Rs.250 is pending, click to claim: http://prize-verify.info/tu20e",yes,No,No
spam,Congratulations! Your PharmEasy account is selected for a free gold coin worth Rs.50. Claim now: http://lucky-winner-alert.co/hdxic,yes,No,No
spam,Disney+ Hotstar Lucky Draw: You've won a free gift hamper! Call 6022046776 now to claim before it expires.,No,No,yes
spam,ICICI Bank is giving away free smartphone to 100 lucky customers today. Call 9921930900 immediately to grab yours.,No,No,yes
spam,Congratulations! Your IRCTC account is selected for a free gift hamper worth Rs.50. Claim now: http://gift-redeem-now.co.in/s9udn,yes,No,No
spam,"Unacademy customer service: your refund of Rs.200 is pending, click to claim: http://gift-redeem-now.co.in/m01xh",yes,No,No
spam,cult.fit Lucky Draw: You've won a free smartphone! Call 6152021246 now to claim before it expires.,No,No,yes
spam,Congratulations! Your Swiggy account is selected for a free smartphone worth Rs.100. Claim now: http://gift-redeem-now.co.in/qez78,yes,No,No
spam,You are the lucky winner of BigBasket's anniversary contest. Share your bank details to receive your Rs.300 prize.,No,No,No
spam,Congratulations! Your Disney+ Hotstar account is selected for a free gold coin worth Rs.300. Claim now: http://gift-redeem-now.co.in/3tmba,yes,No,No
spam,Congratulations! Your BookMyShow account is selected for a free gift hamper worth Rs.250. Claim now: http://reward-claim24.xyz/zf0li,yes,No,No
spam,"Vi customer service: your refund of Rs.100 is pending, click to claim: http://offer4u-claim.online/gxtk3",yes,No,No
spam,"Tanishq customer service: your refund of Rs.200 is pending, click to claim: http://bonus-cashout.xyz/usliz",yes,No,No
spam,You are the lucky winner of Disney+ Hotstar's anniversary contest. Share your bank details to receive your Rs.500 prize.,No,No,No
spam,Congratulations! Your Netflix account is selected for a free smartphone worth Rs.150. Claim now: http://reward-claim24.xyz/k35jb,yes,No,No
spam,Ola is giving away free gold coin to 100 lucky customers today. Call 8250948653 immediately to grab yours.,No,No,yes
spam,IRCTC Lucky Draw: You've won a free shopping voucher! Call 6531655513 now to claim before it expires.,No,No,yes
spam,redBus Lucky Draw: You've won a free smartwatch! Call 7126581051 now to claim before it expires.,No,No,yes
spam,Unacademy Lucky Draw: You've won a free smartwatch! Call 6396113976 now to claim before it expires.,No,No,yes
spam,You are the lucky winner of BookMyShow's anniversary contest. Share your bank details to receive your Rs.100 prize.,No,No,No
spam,Congratulations! Your Vi account is selected for a free shopping voucher worth Rs.150. Claim now: http://lucky-winner-alert.co/md8xd,yes,No,No
spam,Congratulations! Your Vi account is selected for a free gift hamper worth Rs.100. Claim now: http://gift-redeem-now.co.in/vg7z2,yes,No,No
spam,Congratulations! Your cult.fit account is selected for a free gift hamper worth Rs.150. Claim now: http://lucky-winner-alert.co/vadnk,yes,No,No
spam,Unacademy Lucky Draw: You've won a free gift hamper! Call 7379198468 now to claim before it expires.,No,No,yes
spam,Ajio Lucky Draw: You've won a free gift hamper! Call 7217908911 now to claim before it expires.,No,No,yes
spam,Spotify Lucky Draw: You've won a free shopping voucher! Call 8331415466 now to claim before it expires.,No,No,yes
spam,"Ola customer service: your refund of Rs.500 is pending, click to claim: http://bonus-cashout.xyz/4kzcs",yes,No,No
spam,"Unacademy customer service: your refund of Rs.50 is pending, click to claim: http://lucky-winner-alert.co/lj5ar",yes,No,No
spam,"CRED customer service: your refund of Rs.150 is pending, click to claim: http://prize-verify.info/0buj6",yes,No,No
spam,Congratulations! Your SBI Card account is selected for a free smartwatch worth Rs.150. Claim now: http://bonus-cashout.xyz/bbj0u,yes,No,No
spam,"Amazon customer service: your refund of Rs.100 is pending, click to claim: http://prize-verify.info/tef01",yes,No,No
spam,"Domino's customer service: your refund of Rs.250 is pending, click to claim: http://offer4u-claim.online/bn3qk",yes,No,No
spam,"Myntra customer service: your refund of Rs.500 is pending, click to claim: http://bonus-cashout.xyz/7zwsg",yes,No,No
spam,Axis Bank is giving away free shopping voucher to 100 lucky customers today. Call 9635547415 immediately to grab yours.,No,No,yes
spam,Congratulations! Your Amazon account is selected for a free shopping voucher worth Rs.500. Claim now: http://gift-redeem-now.co.in/2bggu,yes,No,No
spam,"Myntra customer service: your refund of Rs.50 is pending, click to claim: http://offer4u-claim.online/doh7q",yes,No,No
spam,You are the lucky winner of Lenskart's anniversary contest. Share your bank details to receive your Rs.250 prize.,No,No,No
spam,You are the lucky winner of Decathlon's anniversary contest. Share your bank details to receive your Rs.200 prize.,No,No,No
spam,Congratulations! Your Policybazaar account is selected for a free gold coin worth Rs.50. Claim now: http://lucky-winner-alert.co/7za1g,yes,No,No
spam,Goibibo Lucky Draw: You've won a free gift hamper! Call 6971207697 now to claim before it expires.,No,No,yes
spam,Myntra is giving away free smartwatch to 100 lucky customers today. Call 9636635013 immediately to grab yours.,No,No,yes
spam,You are the lucky winner of Ola's anniversary contest. Share your bank details to receive your Rs.500 prize.,No,No,No
spam,"cult.fit customer service: your refund of Rs.50 is pending, click to claim: http://bonus-cashout.xyz/llstc",yes,No,No
spam,Congratulations! Your BYJU'S account is selected for a free smartwatch worth Rs.300. Claim now: http://lucky-winner-alert.co/3g5x8,yes,No,No
spam,Disney+ Hotstar Lucky Draw: You've won a free smartphone! Call 9779239220 now to claim before it expires.,No,No,yes
spam,Vi Lucky Draw: You've won a free smartwatch! Call 9001860037 now to claim before it expires.,No,No,yes
spam,PharmEasy is giving away free shopping voucher to 100 lucky customers today. Call 7920365907 immediately to grab yours.,No,No,yes
spam,You are the lucky winner of BigBasket's anniversary contest. Share your bank details to receive your Rs.200 prize.,No,No,No
spam,You are the lucky winner of ICICI Bank's anniversary contest. Share your bank details to receive your Rs.250 prize.,No,No,No
spam,Airtel is giving away free shopping voucher to 100 lucky customers today. Call 9152731612 immediately to grab yours.,No,No,yes
spam,Congratulations! Your Pepperfry account is selected for a free gold coin worth Rs.100. Claim now: http://offer4u-claim.online/yvpcq,yes,No,No
spam,HDFC Bank is giving away free gift hamper to 100 lucky customers today. Call 6156391594 immediately to grab yours.,No,No,yes
spam,Flipkart is giving away free smartwatch to 100 lucky customers today. Call 9090072322 immediately to grab yours.,No,No,yes
spam,ICICI Bank is giving away free gift hamper to 100 lucky customers today. Call 6376893657 immediately to grab yours.,No,No,yes
spam,SBI Card is giving away free gold coin to 100 lucky customers today. Call 9332820525 immediately to grab yours.,No,No,yes
spam,"MakeMyTrip customer service: your refund of Rs.50 is pending, click to claim: http://reward-claim24.xyz/kapo5",yes,No,No
spam,"redBus customer service: your refund of Rs.500 is pending, click to claim: http://offer4u-claim.online/kzi20",yes,No,No
spam,"cult.fit customer service: your refund of Rs.200 is pending, click to claim: http://prize-verify.info/svbam",yes,No,No
spam,PharmEasy Lucky Draw: You've won a free shopping voucher! Call 9627789131 now to claim before it expires.,No,No,yes
spam,You are the lucky winner of Domino's's anniversary contest. Share your bank details to receive your Rs.250 prize.,No,No,No
spam,Blinkit Lucky Draw: You've won a free smartphone! Call 6118144299 now to claim before it expires.,No,No,yes
spam,Congratulations! Your Amazon account is selected for a free shopping voucher worth Rs.150. Claim now: http://prize-verify.info/sorug,yes,No,No
spam,"HDFC Bank customer service: your refund of Rs.50 is pending, click to claim: http://reward-claim24.xyz/zedm0",yes,No,No
spam,"Tanishq customer service: your refund of Rs.50 is pending, click to claim: http://gift-redeem-now.co.in/opuxw",yes,No,No
spam,HDFC Bank Lucky Draw: You've won a free gold coin! Call 7154961927 now to claim before it expires.,No,No,yes
spam,PharmEasy Lucky Draw: You've won a free shopping voucher! Call 9777153840 now to claim before it expires.,No,No,yes
spam,Policybazaar is giving away free gift hamper to 100 lucky customers today. Call 8279887711 immediately to grab yours.,No,No,yes
spam,"BookMyShow customer service: your refund of Rs.500 is pending, click to claim: http://reward-claim24.xyz/1ydig",yes,No,No
spam,Congratulations! Your Flipkart account is selected for a free gold coin worth Rs.300. Claim now: http://offer4u-claim.online/21ll4,yes,No,No
spam,Nykaa is giving away free gold coin to 100 lucky customers today. Call 9585559960 immediately to grab yours.,No,No,yes
spam,1mg Lucky Draw: You've won a free gift hamper! Call 6982737352 now to claim before it expires.,No,No,yes
spam,Ola Lucky Draw: You've won a free shopping voucher! Call 8329257894 now to claim before it expires.,No,No,yes
spam,Netflix Lucky Draw: You've won a free smartphone! Call 8593054360 now to claim before it expires.,No,No,yes
spam,PharmEasy is giving away free gold coin to 100 lucky customers today. Call 6507373647 immediately to grab yours.,No,No,yes
spam,Congratulations! Your Netflix account is selected for a free shopping voucher worth Rs.100. Claim now: http://prize-verify.info/d8d0a,yes,No,No
spam,Congratulations! Your Titan account is selected for a free gift hamper worth Rs.200. Claim now: http://reward-claim24.xyz/3g1hy,yes,No,No
spam,You are the lucky winner of Nykaa's anniversary contest. Share your bank details to receive your Rs.100 prize.,No,No,No
spam,Congratulations! Your Airtel account is selected for a free gold coin worth Rs.500. Claim now: http://bonus-cashout.xyz/99rwx,yes,No,No
spam,Congratulations! Your MakeMyTrip account is selected for a free gift hamper worth Rs.200. Claim now: http://lucky-winner-alert.co/pzoho,yes,No,No
spam,Congratulations! Your boAt account is selected for a free gold coin worth Rs.300. Claim now: http://gift-redeem-now.co.in/0twxq,yes,No,No
spam,Congratulations! Your Zepto account is selected for a free smartphone worth Rs.200. Claim now: http://offer4u-claim.online/e0ppn,yes,No,No
spam,"Ola customer service: your refund of Rs.500 is pending, click to claim: http://lucky-winner-alert.co/oxocf",yes,No,No
spam,Jio is giving away free smartwatch to 100 lucky customers today. Call 8821107836 immediately to grab yours.,No,No,yes
spam,"Tanishq customer service: your refund of Rs.50 is pending, click to claim: http://offer4u-claim.online/e9irg",yes,No,No
spam,Blinkit is giving away free smartwatch to 100 lucky customers today. Call 9779168336 immediately to grab yours.,No,No,yes
spam,"Nykaa customer service: your refund of Rs.250 is pending, click to claim: http://offer4u-claim.online/0at6d",yes,No,No
spam,Congratulations! Your 1mg account is selected for a free gift hamper worth Rs.50. Claim now: http://reward-claim24.xyz/2y6zo,yes,No,No
spam,You are the lucky winner of Vi's anniversary contest. Share your bank details to receive your Rs.300 prize.,No,No,No
spam,Airtel is giving away free smartphone to 100 lucky customers today. Call 7984777535 immediately to grab yours.,No,No,yes
spam,Blinkit is giving away free shopping voucher to 100 lucky customers today. Call 9820825287 immediately to grab yours.,No,No,yes
spam,"Titan customer service: your refund of Rs.150 is pending, click to claim: http://reward-claim24.xyz/w6g9t",yes,No,No
spam,Ajio Lucky Draw: You've won a free smartphone! Call 9167129018 now to claim before it expires.,No,No,yes
spam,Zepto is giving away free smartphone to 100 lucky customers today. Call 7876615757 immediately to grab yours.,No,No,yes
spam,Policybazaar Lucky Draw: You've won a free shopping voucher! Call 8271085182 now to claim before it expires.,No,No,yes
spam,Congratulations! Your cult.fit account is selected for a free smartphone worth Rs.150. Claim now: http://lucky-winner-alert.co/rvdl3,yes,No,No
spam,"Jio customer service: your refund of Rs.500 is pending, click to claim: http://offer4u-claim.online/36p9y",yes,No,No
spam,Disney+ Hotstar is giving away free gift hamper to 100 lucky customers today. Call 9012946962 immediately to grab yours.,No,No,yes
spam,You are the lucky winner of Airtel's anniversary contest. Share your bank details to receive your Rs.500 prize.,No,No,No
spam,Goibibo is giving away free gift hamper to 100 lucky customers today. Call 8107478804 immediately to grab yours.,No,No,yes
spam,Congratulations! Your Uber account is selected for a free gift hamper worth Rs.200. Claim now: http://prize-verify.info/kb1yd,yes,No,No
spam,Congratulations! Your Axis Bank account is selected for a free shopping voucher worth Rs.150. Claim now: http://offer4u-claim.online/sy126,yes,No,No
spam,"1mg customer service: your refund of Rs.500 is pending, click to claim: http://offer4u-claim.online/yskqq",yes,No,No
spam,You are the lucky winner of Airtel's anniversary contest. Share your bank details to receive your Rs.300 prize.,No,No,No
spam,"Netflix customer service: your refund of Rs.250 is pending, click to claim: http://offer4u-claim.online/4xtss",yes,No,No
spam,PhonePe is giving away free shopping voucher to 100 lucky customers today. Call 9381668231 immediately to grab yours.,No,No,yes
spam,Flipkart is giving away free shopping voucher to 100 lucky customers today. Call 9728376815 immediately to grab yours.,No,No,yes
spam,Congratulations! Your Ola account is selected for a free gift hamper worth Rs.300. Claim now: http://reward-claim24.xyz/z9478,yes,No,No
spam,Jio is giving away free smartphone to 100 lucky customers today. Call 9163478505 immediately to grab yours.,No,No,yes
spam,Amazon Lucky Draw: You've won a free shopping voucher! Call 7643419546 now to claim before it expires.,No,No,yes
spam,"Airtel customer service: your refund of Rs.200 is pending, click to claim: http://prize-verify.info/681cw",yes,No,No
spam,Disney+ Hotstar Lucky Draw: You've won a free smartphone! Call 6102351365 now to claim before it expires.,No,No,yes
spam,Congratulations! Your Blinkit account is selected for a free shopping voucher worth Rs.200. Claim now: http://reward-claim24.xyz/sqazf,yes,No,No
spam,ICICI Bank is giving away free gift hamper to 100 lucky customers today. Call 7341649300 immediately to grab yours.,No,No,yes
spam,Congratulations! Your Decathlon account is selected for a free shopping voucher worth Rs.100. Claim now: http://lucky-winner-alert.co/s72pb,yes,No,No
spam,Congratulations! Your MakeMyTrip account is selected for a free gold coin worth Rs.250. Claim now: http://bonus-cashout.xyz/m7nje,yes,No,No
spam,Tanishq is giving away free gold coin to 100 lucky customers today. Call 7644565729 immediately to grab yours.,No,No,yes
spam,Congratulations! Your cult.fit account is selected for a free shopping voucher worth Rs.250. Claim now: http://offer4u-claim.online/9j9c5,yes,No,No
spam,Unacademy Lucky Draw: You've won a free gold coin! Call 8561787086 now to claim before it expires.,No,No,yes
spam,"Spotify customer service: your refund of Rs.100 is pending, click to claim: http://reward-claim24.xyz/yk200",yes,No,No
spam,BigBasket Lucky Draw: You've won a free smartphone! Call 6239784523 now to claim before it expires.,No,No,yes
spam,IndiGo is giving away free gold coin to 100 lucky customers today. Call 6578920231 immediately to grab yours.,No,No,yes
spam,Nykaa is giving away free smartphone to 100 lucky customers today. Call 6517205248 immediately to grab yours.,No,No,yes
spam,Goibibo Lucky Draw: You've won a free gift hamper! Call 9304415450 now to claim before it expires.,No,No,yes
spam,Tanishq Lucky Draw: You've won a free smartwatch! Call 6465359445 now to claim before it expires.,No,No,yes
spam,"HDFC Bank customer service: your refund of Rs.300 is pending, click to claim: http://lucky-winner-alert.co/1kb9g",yes,No,No
spam,Congratulations! Your Amazon Prime Video account is selected for a free smartphone worth Rs.300. Claim now: http://prize-verify.info/j921e,yes,No,No
spam,"BigBasket customer service: your refund of Rs.200 is pending, click to claim: http://offer4u-claim.online/6ibp7",yes,No,No
spam,You are the lucky winner of IndiGo's anniversary contest. Share your bank details to receive your Rs.150 prize.,No,No,No
spam,"Nykaa customer service: your refund of Rs.50 is pending, click to claim: http://prize-verify.info/c1n02",yes,No,No
spam,ICICI Bank Lucky Draw: You've won a free smartwatch! Call 8465715512 now to claim before it expires.,No,No,yes
spam,ICICI Bank is giving away free smartphone to 100 lucky customers today. Call 8588556378 immediately to grab yours.,No,No,yes
spam,Swiggy is giving away free shopping voucher to 100 lucky customers today. Call 7923436508 immediately to grab yours.,No,No,yes
spam,Congratulations! Your HDFC Bank account is selected for a free smartphone worth Rs.150. Claim now: http://bonus-cashout.xyz/hm3zm,yes,No,No
spam,You are the lucky winner of Zomato's anniversary contest. Share your bank details to receive your Rs.250 prize.,No,No,No
spam,Congratulations! Your Zomato account is selected for a free gift hamper worth Rs.100. Claim now: http://bonus-cashout.xyz/om8w1,yes,No,No
spam,Congratulations! Your redBus account is selected for a free shopping voucher worth Rs.50. Claim now: http://prize-verify.info/nx2ga,yes,No,No
spam,cult.fit Lucky Draw: You've won a free shopping voucher! Call 7918093445 now to claim before it expires.,No,No,yes
spam,"Meesho customer service: your refund of Rs.150 is pending, click to claim: http://reward-claim24.xyz/bra1b",yes,No,No
spam,MakeMyTrip is giving away free gift hamper to 100 lucky customers today. Call 9145315490 immediately to grab yours.,No,No,yes
spam,"Amazon Prime Video customer service: your refund of Rs.150 is pending, click to claim: http://prize-verify.info/xwhoj",yes,No,No
spam,You are the lucky winner of Amazon's anniversary contest. Share your bank details to receive your Rs.500 prize.,No,No,No
spam,Uber is giving away free smartwatch to 100 lucky customers today. Call 6521818412 immediately to grab yours.,No,No,yes
spam,"PhonePe customer service: your refund of Rs.200 is pending, click to claim: http://gift-redeem-now.co.in/d30uz",yes,No,No
spam,Titan Lucky Draw: You've won a free shopping voucher! Call 9430422128 now to claim before it expires.,No,No,yes
spam,"BigBasket customer service: your refund of Rs.250 is pending, click to claim: http://reward-claim24.xyz/dp02h",yes,No,No
spam,IRCTC is giving away free gold coin to 100 lucky customers today. Call 7710801053 immediately to grab yours.,No,No,yes
spam,Ajio is giving away free shopping voucher to 100 lucky customers today. Call 6117416871 immediately to grab yours.,No,No,yes
spam,Decathlon is giving away free shopping voucher to 100 lucky customers today. Call 6921907905 immediately to grab yours.,No,No,yes
spam,Congratulations! Your BigBasket account is selected for a free gold coin worth Rs.150. Claim now: http://reward-claim24.xyz/gfipg,yes,No,No
spam,Axis Bank Lucky Draw: You've won a free shopping voucher! Call 6395625947 now to claim before it expires.,No,No,yes
spam,"Netflix customer service: your refund of Rs.100 is pending, click to claim: http://lucky-winner-alert.co/8w1fa",yes,No,No
spam,"IRCTC customer service: your refund of Rs.300 is pending, click to claim: http://reward-claim24.xyz/jggsi",yes,No,No
spam,Policybazaar is giving away free smartphone to 100 lucky customers today. Call 8690478256 immediately to grab yours.,No,No,yes
spam,Goibibo Lucky Draw: You've won a free gold coin! Call 7657791329 now to claim before it expires.,No,No,yes
spam,"BigBasket customer service: your refund of Rs.50 is pending, click to claim: http://reward-claim24.xyz/th15y",yes,No,No
spam,Congratulations! Your Amazon Prime Video account is selected for a free smartwatch worth Rs.200. Claim now: http://bonus-cashout.xyz/k9tfv,yes,No,No
spam,"Jio customer service: your refund of Rs.300 is pending, click to claim: http://offer4u-claim.online/msz1i",yes,No,No
spam,CRED Lucky Draw: You've won a free gold coin! Call 8196477792 now to claim before it expires.,No,No,yes
spam,You are the lucky winner of Zomato's anniversary contest. Share your bank details to receive your Rs.300 prize.,No,No,No
spam,Congratulations! Your Goibibo account is selected for a free smartwatch worth Rs.100. Claim now: http://offer4u-claim.online/17j1c,yes,No,No
spam,Unacademy is giving away free smartphone to 100 lucky customers today. Call 6924081585 immediately to grab yours.,No,No,yes
spam,"Blinkit customer service: your refund of Rs.100 is pending, click to claim: http://gift-redeem-now.co.in/p4hbj",yes,No,No
spam,Congratulations! Your Flipkart account is selected for a free gold coin worth Rs.150. Claim now: http://bonus-cashout.xyz/ocw59,yes,No,No
spam,Congratulations! Your 1mg account is selected for a free smartphone worth Rs.150. Claim now: http://bonus-cashout.xyz/eqmyp,yes,No,No
spam,Myntra Lucky Draw: You've won a free shopping voucher! Call 6534280714 now to claim before it expires.,No,No,yes
spam,You are the lucky winner of BookMyShow's anniversary contest. Share your bank details to receive your Rs.500 prize.,No,No,No
spam,CRED is giving away free smartphone to 100 lucky customers today. Call 7262104619 immediately to grab yours.,No,No,yes
spam,Congratulations! Your Spotify account is selected for a free gift hamper worth Rs.250. Claim now: http://lucky-winner-alert.co/i6e1s,yes,No,No
spam,"BYJU'S customer service: your refund of Rs.250 is pending, click to claim: http://reward-claim24.xyz/jsps3",yes,No,No
spam,Axis Bank Lucky Draw: You've won a free smartwatch! Call 7025690413 now to claim before it expires.,No,No,yes
spam,Congratulations! Your boAt account is selected for a free smartwatch worth Rs.250. Claim now: http://gift-redeem-now.co.in/pm6yj,yes,No,No
spam,"PharmEasy customer service: your refund of Rs.150 is pending, click to claim: http://reward-claim24.xyz/11hpw",yes,No,No
spam,Congratulations! Your PharmEasy account is selected for a free smartphone worth Rs.300. Claim now: http://reward-claim24.xyz/i4fub,yes,No,No
spam,Zomato Lucky Draw: You've won a free gift hamper! Call 7882780998 now to claim before it expires.,No,No,yes
spam,Congratulations! Your Tanishq account is selected for a free gold coin worth Rs.150. Claim now: http://offer4u-claim.online/l6oy3,yes,No,No
spam,You are the lucky winner of Ajio's anniversary contest. Share your bank details to receive your Rs.100 prize.,No,No,No
spam,You are the lucky winner of IndiGo's anniversary contest. Share your bank details to receive your Rs.250 prize.,No,No,No
spam,"Airtel customer service: your refund of Rs.300 is pending, click to claim: http://offer4u-claim.online/ahsis",yes,No,No
spam,BYJU'S Lucky Draw: You've won a free smartphone! Call 7517464635 now to claim before it expires.,No,No,yes
spam,Uber Lucky Draw: You've won a free gold coin! Call 8365667862 now to claim before it expires.,No,No,yes
spam,HDFC Bank is giving away free smartphone to 100 lucky customers today. Call 9332908888 immediately to grab yours.,No,No,yes
spam,Congratulations! Your Amazon Prime Video account is selected for a free smartwatch worth Rs.500. Claim now: http://bonus-cashout.xyz/cgo3z,yes,No,No
spam,Congratulations! Your IRCTC account is selected for a free shopping voucher worth Rs.100. Claim now: http://offer4u-claim.online/jjf5r,yes,No,No
spam,Congratulations! Your ICICI Bank account is selected for a free smartphone worth Rs.50. Claim now: http://bonus-cashout.xyz/7eywf,yes,No,No
spam,You are the lucky winner of redBus's anniversary contest. Share your bank details to receive your Rs.300 prize.,No,No,No
spam,Tanishq is giving away free gold coin to 100 lucky customers today. Call 9747040134 immediately to grab yours.,No,No,yes
spam,Paytm Lucky Draw: You've won a free shopping voucher! Call 7978854365 now to claim before it expires.,No,No,yes
spam,"cult.fit customer service: your refund of Rs.250 is pending, click to claim: http://offer4u-claim.online/rvkga",yes,No,No
spam,Congratulations! Your Disney+ Hotstar account is selected for a free smartphone worth Rs.150. Claim now: http://offer4u-claim.online/79q5h,yes,No,No
spam,You are the lucky winner of Domino's's anniversary contest. Share your bank details to receive your Rs.50 prize.,No,No,No
spam,Zepto is giving away free smartphone to 100 lucky customers today. Call 6461556320 immediately to grab yours.,No,No,yes
spam,Congratulations! Your PhonePe account is selected for a free gold coin worth Rs.200. Claim now: http://prize-verify.info/biyf2,yes,No,No
spam,Flipkart is giving away free gift hamper to 100 lucky customers today. Call 8884316637 immediately to grab yours.,No,No,yes
spam,"Goibibo customer service: your refund of Rs.50 is pending, click to claim: http://prize-verify.info/up4qc",yes,No,No
spam,Congratulations! Your Axis Bank account is selected for a free shopping voucher worth Rs.100. Claim now: http://reward-claim24.xyz/scym4,yes,No,No
spam,BigBasket Lucky Draw: You've won a free gift hamper! Call 9775562957 now to claim before it expires.,No,No,yes
spam,CRED is giving away free shopping voucher to 100 lucky customers today. Call 9886449724 immediately to grab yours.,No,No,yes
spam,Uber is giving away free gift hamper to 100 lucky customers today. Call 7996824934 immediately to grab yours.,No,No,yes
spam,PharmEasy is giving away free smartwatch to 100 lucky customers today. Call 6474888274 immediately to grab yours.,No,No,yes
spam,Congratulations! Your Netflix account is selected for a free smartwatch worth Rs.250. Claim now: http://lucky-winner-alert.co/c0s0v,yes,No,No
spam,PhonePe Lucky Draw: You've won a free smartphone! Call 7500980473 now to claim before it expires.,No,No,yes
spam,Lenskart is giving away free smartphone to 100 lucky customers today. Call 6667605466 immediately to grab yours.,No,No,yes
spam,Netflix is giving away free gold coin to 100 lucky customers today. Call 9231618150 immediately to grab yours.,No,No,yes
spam,Tanishq Lucky Draw: You've won a free gift hamper! Call 7552185021 now to claim before it expires.,No,No,yes
spam,"Blinkit customer service: your refund of Rs.200 is pending, click to claim: http://gift-redeem-now.co.in/hfbbw",yes,No,No
spam,You are the lucky winner of Pepperfry's anniversary contest. Share your bank details to receive your Rs.250 prize.,No,No,No
spam,SBI Card Lucky Draw: You've won a free smartwatch! Call 8648945176 now to claim before it expires.,No,No,yes
spam,Decathlon is giving away free gold coin to 100 lucky customers today. Call 8839590381 immediately to grab yours.,No,No,yes
spam,SBI Card Lucky Draw: You've won a free gold coin! Call 8574315424 now to claim before it expires.,No,No,yes
spam,You are the lucky winner of Zomato's anniversary contest. Share your bank details to receive your Rs.500 prize.,No,No,No
spam,MakeMyTrip Lucky Draw: You've won a free smartwatch! Call 9822699078 now to claim before it expires.,No,No,yes
spam,Congratulations! Your Vi account is selected for a free shopping voucher worth Rs.250. Claim now: http://reward-claim24.xyz/9iz4p,yes,No,No
spam,Meesho Lucky Draw: You've won a free gold coin! Call 7159695021 now to claim before it expires.,No,No,yes
spam,Swiggy Lucky Draw: You've won a free smartphone! Call 8711103720 now to claim before it expires.,No,No,yes
spam,Congratulations! Your CRED account is selected for a free gold coin worth Rs.150. Claim now: http://lucky-winner-alert.co/tgkw4,yes,No,No
spam,Congratulations! Your Nykaa account is selected for a free shopping voucher worth Rs.300. Claim now: http://bonus-cashout.xyz/4imvt,yes,No,No
spam,Congratulations! Your SBI Card account is selected for a free shopping voucher worth Rs.100. Claim now: http://prize-verify.info/05gjq,yes,No,No
spam,Congratulations! Your PhonePe account is selected for a free smartphone worth Rs.200. Claim now: http://gift-redeem-now.co.in/1930j,yes,No,No
spam,You are the lucky winner of Ola's anniversary contest. Share your bank details to receive your Rs.250 prize.,No,No,No
spam,Congratulations! Your Ajio account is selected for a free smartphone worth Rs.300. Claim now: http://bonus-cashout.xyz/por0u,yes,No,No
spam,Tanishq Lucky Draw: You've won a free smartphone! Call 6690025089 now to claim before it expires.,No,No,yes
spam,You are the lucky winner of Blinkit's anniversary contest. Share your bank details to receive your Rs.50 prize.,No,No,No
spam,Congratulations! Your ICICI Bank account is selected for a free smartphone worth Rs.150. Claim now: http://prize-verify.info/969bm,yes,No,No
spam,You are the lucky winner of Domino's's anniversary contest. Share your bank details to receive your Rs.200 prize.,No,No,No
spam,cult.fit Lucky Draw: You've won a free smartphone! Call 8295138975 now to claim before it expires.,No,No,yes
spam,Decathlon is giving away free gift hamper to 100 lucky customers today. Call 7731803036 immediately to grab yours.,No,No,yes
spam,"Zepto customer service: your refund of Rs.500 is pending, click to claim: http://offer4u-claim.online/plbj0",yes,No,No
spam,"Pepperfry customer service: your refund of Rs.100 is pending, click to claim: http://gift-redeem-now.co.in/1ujh5",yes,No,No
spam,"Policybazaar customer service: your refund of Rs.150 is pending, click to claim: http://prize-verify.info/a33ca",yes,No,No
spam,Congratulations! Your Blinkit account is selected for a free gold coin worth Rs.150. Claim now: http://offer4u-claim.online/0ih1m,yes,No,No
spam,Congratulations! Your Disney+ Hotstar account is selected for a free shopping voucher worth Rs.100. Claim now: http://gift-redeem-now.co.in/50e3y,yes,No,No
spam,cult.fit Lucky Draw: You've won a free shopping voucher! Call 6353729670 now to claim before it expires.,No,No,yes
spam,ICICI Bank is giving away free gold coin to 100 lucky customers today. Call 8641089971 immediately to grab yours.,No,No,yes
spam,Congratulations! Your Policybazaar account is selected for a free gift hamper worth Rs.150. Claim now: http://reward-claim24.xyz/9whj7,yes,No,No
spam,"PharmEasy customer service: your refund of Rs.150 is pending, click to claim: http://lucky-winner-alert.co/9ktca",yes,No,No
spam,"Decathlon customer service: your refund of Rs.500 is pending, click to claim: http://bonus-cashout.xyz/mqaut",yes,No,No
spam,Congratulations! Your BookMyShow account is selected for a free smartwatch worth Rs.50. Claim now: http://bonus-cashout.xyz/awgcg,yes,No,No
spam,Congratulations! Your Unacademy account is selected for a free gift hamper worth Rs.150. Claim now: http://lucky-winner-alert.co/38qz8,yes,No,No
spam,PharmEasy is giving away free smartwatch to 100 lucky customers today. Call 9290566157 immediately to grab yours.,No,No,yes
spam,Congratulations! Your Lenskart account is selected for a free smartwatch worth Rs.300. Claim now: http://offer4u-claim.online/q9sz3,yes,No,No
spam,"Paytm customer service: your refund of Rs.200 is pending, click to claim: http://offer4u-claim.online/qa246",yes,No,No
spam,BigBasket Lucky Draw: You've won a free shopping voucher! Call 6535400498 now to claim before it expires.,No,No,yes
spam,cult.fit is giving away free gold coin to 100 lucky customers today. Call 7736824622 immediately to grab yours.,No,No,yes
spam,You are the lucky winner of Vi's anniversary contest. Share your bank details to receive your Rs.200 prize.,No,No,No
spam,"Netflix customer service: your refund of Rs.200 is pending, click to claim: http://gift-redeem-now.co.in/qs4t4",yes,No,No
spam,Decathlon Lucky Draw: You've won a free smartwatch! Call 6554267202 now to claim before it expires.,No,No,yes
spam,"PharmEasy customer service: your refund of Rs.50 is pending, click to claim: http://gift-redeem-now.co.in/utxn2",yes,No,No
spam,"SBI Card customer service: your refund of Rs.100 is pending, click to claim: http://prize-verify.info/eo9q6",yes,No,No
spam,"IRCTC customer service: your refund of Rs.500 is pending, click to claim: http://prize-verify.info/1v0h2",yes,No,No
spam,You are the lucky winner of Nykaa's anniversary contest. Share your bank details to receive your Rs.50 prize.,No,No,No
spam,You are the lucky winner of Myntra's anniversary contest. Share your bank details to receive your Rs.150 prize.,No,No,No
spam,Uber is giving away free smartwatch to 100 lucky customers today. Call 8833798269 immediately to grab yours.,No,No,yes
spam,"Goibibo customer service: your refund of Rs.250 is pending, click to claim: http://lucky-winner-alert.co/428im",yes,No,No
spam,"Blinkit customer service: your refund of Rs.100 is pending, click to claim: http://bonus-cashout.xyz/udxy6",yes,No,No
spam,"ICICI Bank customer service: your refund of Rs.50 is pending, click to claim: http://offer4u-claim.online/dj66c",yes,No,No
spam,Congratulations! Your Axis Bank account is selected for a free smartphone worth Rs.150. Claim now: http://offer4u-claim.online/1uau5,yes,No,No
spam,Congratulations! Your Spotify account is selected for a free smartwatch worth Rs.200. Claim now: http://prize-verify.info/7brhq,yes,No,No
spam,Congratulations! Your Swiggy account is selected for a free gold coin worth Rs.500. Claim now: http://gift-redeem-now.co.in/b4ypt,yes,No,No
spam,Jio Lucky Draw: You've won a free smartphone! Call 6801866854 now to claim before it expires.,No,No,yes
spam,Congratulations! Your BigBasket account is selected for a free gold coin worth Rs.250. Claim now: http://gift-redeem-now.co.in/chn80,yes,No,No
spam,Blinkit is giving away free smartwatch to 100 lucky customers today. Call 7438653100 immediately to grab yours.,No,No,yes
spam,"Meesho customer service: your refund of Rs.100 is pending, click to claim: http://gift-redeem-now.co.in/s3l9v",yes,No,No
spam,You are the lucky winner of ICICI Bank's anniversary contest. Share your bank details to receive your Rs.150 prize.,No,No,No
spam,"Amazon Prime Video customer service: your refund of Rs.300 is pending, click to claim: http://lucky-winner-alert.co/t0xaa",yes,No,No
spam,You are the lucky winner of PhonePe's anniversary contest. Share your bank details to receive your Rs.200 prize.,No,No,No
spam,You are the lucky winner of Ola's anniversary contest. Share your bank details to receive your Rs.150 prize.,No,No,No
spam,"cult.fit customer service: your refund of Rs.500 is pending, click to claim: http://bonus-cashout.xyz/sy8jf",yes,No,No
spam,Goibibo is giving away free smartwatch to 100 lucky customers today. Call 8063038759 immediately to grab yours.,No,No,yes
spam,"cult.fit customer service: your refund of Rs.100 is pending, click to claim: http://offer4u-claim.online/eyuir",yes,No,No
spam,Blinkit Lucky Draw: You've won a free gift hamper! Call 7705002938 now to claim before it expires.,No,No,yes
spam,"PharmEasy customer service: your refund of Rs.500 is pending, click to claim: http://reward-claim24.xyz/okd2p",yes,No,No
spam,Uber Lucky Draw: You've won a free gift hamper! Call 9787091520 now to claim before it expires.,No,No,yes
spam,MakeMyTrip Lucky Draw: You've won a free smartphone! Call 8712066377 now to claim before it expires.,No,No,yes
spam,Myntra is giving away free smartphone to 100 lucky customers today. Call 7275363542 immediately to grab yours.,No,No,yes
spam,Congratulations! Your Uber account is selected for a free smartphone worth Rs.50. Claim now: http://bonus-cashout.xyz/iiyx3,yes,No,No
spam,"Amazon Prime Video customer service: your refund of Rs.50 is pending, click to claim: http://offer4u-claim.online/jpzqm",yes,No,No
spam,Unacademy Lucky Draw: You've won a free gift hamper! Call 6264906702 now to claim before it expires.,No,No,yes
spam,boAt is giving away free smartphone to 100 lucky customers today. Call 9681444758 immediately to grab yours.,No,No,yes
spam,BookMyShow is giving away free smartphone to 100 lucky customers today. Call 9426214332 immediately to grab yours.,No,No,yes
spam,IRCTC Lucky Draw: You've won a free smartwatch! Call 8991448406 now to claim before it expires.,No,No,yes
spam,Congratulations! Your Axis Bank account is selected for a free smartphone worth Rs.200. Claim now: http://offer4u-claim.online/64a3u,yes,No,No
spam,Congratulations! Your IRCTC account is selected for a free shopping voucher worth Rs.100. Claim now: http://prize-verify.info/1kbk2,yes,No,No
spam,Congratulations! Your Amazon account is selected for a free smartwatch worth Rs.200. Claim now: http://offer4u-claim.online/cjl6m,yes,No,No
spam,Congratulations! Your Ola account is selected for a free smartwatch worth Rs.300. Claim now: http://offer4u-claim.online/t8jvp,yes,No,No
spam,Congratulations! Your PharmEasy account is selected for a free gold coin worth Rs.150. Claim now: http://gift-redeem-now.co.in/mb7hl,yes,No,No
spam,"Decathlon customer service: your refund of Rs.200 is pending, click to claim: http://prize-verify.info/2xgor",yes,No,No
spam,HDFC Bank is giving away free smartwatch to 100 lucky customers today. Call 8435461399 immediately to grab yours.,No,No,yes
spam,Congratulations! Your PharmEasy account is selected for a free smartwatch worth Rs.300. Claim now: http://gift-redeem-now.co.in/263bs,yes,No,No
spam,Zepto is giving away free gold coin to 100 lucky customers today. Call 9704362669 immediately to grab yours.,No,No,yes
spam,"Zomato customer service: your refund of Rs.150 is pending, click to claim: http://gift-redeem-now.co.in/q9iof",yes,No,No
spam,Congratulations! Your Domino's account is selected for a free shopping voucher worth Rs.100. Claim now: http://offer4u-claim.online/zmslh,yes,No,No
spam,"Ajio customer service: your refund of Rs.100 is pending, click to claim: http://reward-claim24.xyz/a4vmx",yes,No,No
spam,Congratulations! Your Airtel account is selected for a free smartphone worth Rs.50. Claim now: http://reward-claim24.xyz/rd52m,yes,No,No
spam,You are the lucky winner of PharmEasy's anniversary contest. Share your bank details to receive your Rs.250 prize.,No,No,No
spam,Titan is giving away free gold coin to 100 lucky customers today. Call 9374687135 immediately to grab yours.,No,No,yes
spam,"Swiggy customer service: your refund of Rs.150 is pending, click to claim: http://reward-claim24.xyz/f9zoh",yes,No,No
spam,"redBus customer service: your refund of Rs.150 is pending, click to claim: http://reward-claim24.xyz/p8phc",yes,No,No
spam,Disney+ Hotstar is giving away free gold coin to 100 lucky customers today. Call 9208308726 immediately to grab yours.,No,No,yes
spam,You are the lucky winner of CRED's anniversary contest. Share your bank details to receive your Rs.150 prize.,No,No,No
spam,Congratulations! Your Ajio account is selected for a free gold coin worth Rs.150. Claim now: http://gift-redeem-now.co.in/wh26j,yes,No,No
spam,Vi is giving away free smartphone to 100 lucky customers today. Call 6420456956 immediately to grab yours.,No,No,yes
spam,"Ajio customer service: your refund of Rs.300 is pending, click to claim: http://reward-claim24.xyz/y2vwo",yes,No,No
spam,"Uber customer service: your refund of Rs.150 is pending, click to claim: http://reward-claim24.xyz/3qyn5",yes,No,No
spam,Decathlon Lucky Draw: You've won a free gift hamper! Call 8920455858 now to claim before it expires.,No,No,yes
spam,You are the lucky winner of Decathlon's anniversary contest. Share your bank details to receive your Rs.50 prize.,No,No,No
spam,Ajio Lucky Draw: You've won a free shopping voucher! Call 6999465873 now to claim before it expires.,No,No,yes
spam,You are the lucky winner of Pepperfry's anniversary contest. Share your bank details to receive your Rs.300 prize.,No,No,No
spam,Uber Lucky Draw: You've won a free gold coin! Call 7899211764 now to claim before it expires.,No,No,yes
spam,redBus is giving away free shopping voucher to 100 lucky customers today. Call 8129659607 immediately to grab yours.,No,No,yes
spam,SBI Card Lucky Draw: You've won a free gold coin! Call 7392178491 now to claim before it expires.,No,No,yes
spam,"IndiGo customer service: your refund of Rs.150 is pending, click to claim: http://prize-verify.info/a2xet",yes,No,No
spam,"Disney+ Hotstar customer service: your refund of Rs.150 is pending, click to claim: http://lucky-winner-alert.co/w5xbs",yes,No,No
spam,You are the lucky winner of Nykaa's anniversary contest. Share your bank details to receive your Rs.300 prize.,No,No,No
spam,"Ajio customer service: your refund of Rs.100 is pending, click to claim: http://lucky-winner-alert.co/k3eil",yes,No,No
spam,"ICICI Bank customer service: your refund of Rs.100 is pending, click to claim: http://prize-verify.info/t3w5l",yes,No,No
spam,BigBasket Lucky Draw: You've won a free shopping voucher! Call 6511085206 now to claim before it expires.,No,No,yes
spam,"Tanishq customer service: your refund of Rs.250 is pending, click to claim: http://bonus-cashout.xyz/va0l2",yes,No,No
spam,You are the lucky winner of Paytm's anniversary contest. Share your bank details to receive your Rs.150 prize.,No,No,No
spam,You are the lucky winner of SBI Card's anniversary contest. Share your bank details to receive your Rs.200 prize.,No,No,No
spam,Uber Lucky Draw: You've won a free gold coin! Call 8573175798 now to claim before it expires.,No,No,yes
spam,Ajio is giving away free gold coin to 100 lucky customers today. Call 6621133199 immediately to grab yours.,No,No,yes
spam,Amazon is giving away free gold coin to 100 lucky customers today. Call 6002070401 immediately to grab yours.,No,No,yes
spam,Disney+ Hotstar Lucky Draw: You've won a free gift hamper! Call 9725579613 now to claim before it expires.,No,No,yes
spam,"cult.fit customer service: your refund of Rs.100 is pending, click to claim: http://reward-claim24.xyz/2om0l",yes,No,No
spam,Domino's is giving away free smartwatch to 100 lucky customers today. Call 6383251124 immediately to grab yours.,No,No,yes
spam,Titan is giving away free smartwatch to 100 lucky customers today. Call 7141175276 immediately to grab yours.,No,No,yes
spam,Congratulations! Your PharmEasy account is selected for a free gold coin worth Rs.200. Claim now: http://prize-verify.info/n1pw6,yes,No,No
spam,Congratulations! Your Axis Bank account is selected for a free smartphone worth Rs.250. Claim now: http://offer4u-claim.online/rpbvx,yes,No,No
spam,Congratulations! Your PhonePe account is selected for a free smartwatch worth Rs.50. Claim now: http://bonus-cashout.xyz/na47z,yes,No,No
spam,"Ajio customer service: your refund of Rs.250 is pending, click to claim: http://reward-claim24.xyz/cpaf8",yes,No,No
spam,"Vi customer service: your refund of Rs.500 is pending, click to claim: http://bonus-cashout.xyz/etp4z",yes,No,No
spam,You are the lucky winner of 1mg's anniversary contest. Share your bank details to receive your Rs.200 prize.,No,No,No
spam,Congratulations! Your Policybazaar account is selected for a free smartwatch worth Rs.300. Claim now: http://bonus-cashout.xyz/smj67,yes,No,No
spam,Paytm is giving away free shopping voucher to 100 lucky customers today. Call 7800275483 immediately to grab yours.,No,No,yes
spam,Congratulations! Your Vi account is selected for a free smartphone worth Rs.250. Claim now: http://bonus-cashout.xyz/lmkde,yes,No,No
spam,Domino's Lucky Draw: You've won a free shopping voucher! Call 9226127750 now to claim before it expires.,No,No,yes
spam,SBI Card Lucky Draw: You've won a free smartwatch! Call 9899359814 now to claim before it expires.,No,No,yes
spam,Policybazaar is giving away free gift hamper to 100 lucky customers today. Call 6022987259 immediately to grab yours.,No,No,yes
spam,redBus Lucky Draw: You've won a free smartphone! Call 8233633883 now to claim before it expires.,No,No,yes
spam,Congratulations! Your Axis Bank account is selected for a free shopping voucher worth Rs.50. Claim now: http://gift-redeem-now.co.in/ajhp2,yes,No,No
spam,"Nykaa customer service: your refund of Rs.150 is pending, click to claim: http://lucky-winner-alert.co/ggk7x",yes,No,No
spam,MakeMyTrip Lucky Draw: You've won a free shopping voucher! Call 9160491271 now to claim before it expires.,No,No,yes
spam,"HDFC Bank customer service: your refund of Rs.150 is pending, click to claim: http://offer4u-claim.online/mnilk",yes,No,No
spam,Congratulations! Your Uber account is selected for a free gold coin worth Rs.300. Claim now: http://bonus-cashout.xyz/41vo5,yes,No,No
spam,cult.fit Lucky Draw: You've won a free shopping voucher! Call 7207635098 now to claim before it expires.,No,No,yes
spam,1mg Lucky Draw: You've won a free smartwatch! Call 6772186162 now to claim before it expires.,No,No,yes
spam,Congratulations! Your Lenskart account is selected for a free shopping voucher worth Rs.100. Claim now: http://prize-verify.info/ypzu8,yes,No,No
spam,Goibibo is giving away free smartphone to 100 lucky customers today. Call 9981858364 immediately to grab yours.,No,No,yes
spam,"Pepperfry customer service: your refund of Rs.200 is pending, click to claim: http://bonus-cashout.xyz/gu9ym",yes,No,No
spam,Congratulations! Your Blinkit account is selected for a free smartwatch worth Rs.50. Claim now: http://reward-claim24.xyz/g508d,yes,No,No
spam,Myntra is giving away free gold coin to 100 lucky customers today. Call 8217456127 immediately to grab yours.,No,No,yes
spam,1mg Lucky Draw: You've won a free shopping voucher! Call 8576167662 now to claim before it expires.,No,No,yes
spam,Amazon Prime Video is giving away free smartwatch to 100 lucky customers today. Call 6937525661 immediately to grab yours.,No,No,yes
spam,Paytm Lucky Draw: You've won a free smartwatch! Call 9961536321 now to claim before it expires.,No,No,yes
spam,Congratulations! Your redBus account is selected for a free smartwatch worth Rs.50. Claim now: http://offer4u-claim.online/ki1i7,yes,No,No
spam,BookMyShow is giving away free gold coin to 100 lucky customers today. Call 7722383499 immediately to grab yours.,No,No,yes
spam,"IRCTC customer service: your refund of Rs.500 is pending, click to claim: http://offer4u-claim.online/95thr",yes,No,No
spam,"PhonePe customer service: your refund of Rs.200 is pending, click to claim: http://gift-redeem-now.co.in/3f6pb",yes,No,No
spam,"Jio customer service: your refund of Rs.150 is pending, click to claim: http://lucky-winner-alert.co/m50cw",yes,No,No
spam,"BYJU'S customer service: your refund of Rs.300 is pending, click to claim: http://lucky-winner-alert.co/iqbk5",yes,No,No
spam,"Unacademy customer service: your refund of Rs.50 is pending, click to claim: http://offer4u-claim.online/m4yct",yes,No,No
spam,Myntra is giving away free gift hamper to 100 lucky customers today. Call 9528362373 immediately to grab yours.,No,No,yes
spam,Paytm is giving away free shopping voucher to 100 lucky customers today. Call 7448055960 immediately to grab yours.,No,No,yes
spam,PhonePe Lucky Draw: You've won a free smartphone! Call 8533815399 now to claim before it expires.,No,No,yes
spam,Congratulations! Your Flipkart account is selected for a free smartwatch worth Rs.500. Claim now: http://lucky-winner-alert.co/3hwkg,yes,No,No
spam,Lenskart Lucky Draw: You've won a free gift hamper! Call 7125238609 now to claim before it expires.,No,No,yes
spam,"Domino's customer service: your refund of Rs.50 is pending, click to claim: http://offer4u-claim.online/ma0ym",yes,No,No
spam,Congratulations! Your Meesho account is selected for a free gold coin worth Rs.300. Claim now: http://prize-verify.info/i1np0,yes,No,No
spam,Axis Bank is giving away free smartwatch to 100 lucky customers today. Call 7386420319 immediately to grab yours.,No,No,yes
spam,Congratulations! Your BookMyShow account is selected for a free smartphone worth Rs.100. Claim now: http://bonus-cashout.xyz/tbffd,yes,No,No
spam,You are the lucky winner of PharmEasy's anniversary contest. Share your bank details to receive your Rs.100 prize.,No,No,No
spam,"Nykaa customer service: your refund of Rs.150 is pending, click to claim: http://lucky-winner-alert.co/kxm5m",yes,No,No
spam,PharmEasy is giving away free shopping voucher to 100 lucky customers today. Call 6465004066 immediately to grab yours.,No,No,yes
spam,Flipkart is giving away free gold coin to 100 lucky customers today. Call 8226776690 immediately to grab yours.,No,No,yes
spam,You are the lucky winner of Vi's anniversary contest. Share your bank details to receive your Rs.150 prize.,No,No,No
spam,"Tanishq customer service: your refund of Rs.150 is pending, click to claim: http://reward-claim24.xyz/b6r53",yes,No,No
spam,BigBasket Lucky Draw: You've won a free gift hamper! Call 6710192003 now to claim before it expires.,No,No,yes
spam,Titan is giving away free smartwatch to 100 lucky customers today. Call 8262061654 immediately to grab yours.,No,No,yes
spam,Congratulations! Your BigBasket account is selected for a free gift hamper worth Rs.200. Claim now: http://gift-redeem-now.co.in/45w4d,yes,No,No
spam,ICICI Bank is giving away free shopping voucher to 100 lucky customers today. Call 7747353033 immediately to grab yours.,No,No,yes
spam,Goibibo is giving away free smartwatch to 100 lucky customers today. Call 8366404856 immediately to grab yours.,No,No,yes
spam,Amazon Prime Video Lucky Draw: You've won a free shopping voucher! Call 9818898936 now to claim before it expires.,No,No,yes
spam,You are the lucky winner of Pepperfry's anniversary contest. Share your bank details to receive your Rs.150 prize.,No,No,No
spam,Lenskart Lucky Draw: You've won a free smartphone! Call 8579682398 now to claim before it expires.,No,No,yes
spam,Congratulations! Your Unacademy account is selected for a free smartwatch worth Rs.100. Claim now: http://prize-verify.info/76zbo,yes,No,No
spam,BookMyShow is giving away free gold coin to 100 lucky customers today. Call 6558740406 immediately to grab yours.,No,No,yes
spam,Vi is giving away free shopping voucher to 100 lucky customers today. Call 8743565690 immediately to grab yours.,No,No,yes
spam,Nykaa is giving away free smartwatch to 100 lucky customers today. Call 6144272249 immediately to grab yours.,No,No,yes
spam,Disney+ Hotstar Lucky Draw: You've won a free gold coin! Call 6634736861 now to claim before it expires.,No,No,yes
spam,Meesho is giving away free smartphone to 100 lucky customers today. Call 6478791706 immediately to grab yours.,No,No,yes
spam,Blinkit Lucky Draw: You've won a free gold coin! Call 9893423630 now to claim before it expires.,No,No,yes
spam,Domino's is giving away free smartwatch to 100 lucky customers today. Call 8630880047 immediately to grab yours.,No,No,yes
spam,Jio Lucky Draw: You've won a free gold coin! Call 8613510477 now to claim before it expires.,No,No,yes
spam,MakeMyTrip Lucky Draw: You've won a free shopping voucher! Call 7051687788 now to claim before it expires.,No,No,yes
spam,"Netflix customer service: your refund of Rs.250 is pending, click to claim: http://reward-claim24.xyz/ub5t2",yes,No,No
spam,Congratulations! Your Tanishq account is selected for a free smartphone worth Rs.300. Claim now: http://offer4u-claim.online/18j1r,yes,No,No
spam,"BigBasket customer service: your refund of Rs.500 is pending, click to claim: http://lucky-winner-alert.co/lgxsw",yes,No,No
spam,You are the lucky winner of Jio's anniversary contest. Share your bank details to receive your Rs.250 prize.,No,No,No
spam,Congratulations! Your Titan account is selected for a free gift hamper worth Rs.500. Claim now: http://lucky-winner-alert.co/0vtjr,yes,No,No
spam,PhonePe is giving away free smartwatch to 100 lucky customers today. Call 9475778218 immediately to grab yours.,No,No,yes
spam,Congratulations! Your BigBasket account is selected for a free gold coin worth Rs.250. Claim now: http://gift-redeem-now.co.in/hr63e,yes,No,No
spam,You are the lucky winner of Netflix's anniversary contest. Share your bank details to receive your Rs.250 prize.,No,No,No
spam,"1mg customer service: your refund of Rs.100 is pending, click to claim: http://lucky-winner-alert.co/lkg5f",yes,No,No
spam,CRED Lucky Draw: You've won a free smartwatch! Call 7655893848 now to claim before it expires.,No,No,yes
spam,CRED Lucky Draw: You've won a free gift hamper! Call 9619582023 now to claim before it expires.,No,No,yes
spam,Decathlon is giving away free smartwatch to 100 lucky customers today. Call 7576108177 immediately to grab yours.,No,No,yes
spam,Congratulations! Your Myntra account is selected for a free smartwatch worth Rs.300. Claim now: http://lucky-winner-alert.co/kz3i2,yes,No,No
spam,Congratulations! Your Ola account is selected for a free gift hamper worth Rs.50. Claim now: http://prize-verify.info/qkbbj,yes,No,No
spam,Vi Lucky Draw: You've won a free gold coin! Call 6354620143 now to claim before it expires.,No,No,yes
spam,Axis Bank Lucky Draw: You've won a free gold coin! Call 7462397319 now to claim before it expires.,No,No,yes
spam,Uber is giving away free shopping voucher to 100 lucky customers today. Call 6410606174 immediately to grab yours.,No,No,yes
spam,Congratulations! Your Goibibo account is selected for a free gold coin worth Rs.100. Claim now: http://lucky-winner-alert.co/p1rb2,yes,No,No
spam,MakeMyTrip Lucky Draw: You've won a free shopping voucher! Call 9853454112 now to claim before it expires.,No,No,yes
spam,Unacademy is giving away free smartphone to 100 lucky customers today. Call 9766201146 immediately to grab yours.,No,No,yes
spam,MakeMyTrip is giving away free shopping voucher to 100 lucky customers today. Call 8140377613 immediately to grab yours.,No,No,yes
spam,"Tanishq customer service: your refund of Rs.250 is pending, click to claim: http://bonus-cashout.xyz/rgb8w",yes,No,No
spam,Congratulations! Your Lenskart account is selected for a free smartphone worth Rs.200. Claim now: http://bonus-cashout.xyz/6ue7a,yes,No,No
spam,Disney+ Hotstar Lucky Draw: You've won a free smartwatch! Call 9956678050 now to claim before it expires.,No,No,yes
spam,Congratulations! Your Flipkart account is selected for a free smartwatch worth Rs.200. Claim now: http://reward-claim24.xyz/k4dq8,yes,No,No
spam,"cult.fit customer service: your refund of Rs.250 is pending, click to claim: http://gift-redeem-now.co.in/6qfcp",yes,No,No
spam,Congratulations! Your Zepto account is selected for a free smartphone worth Rs.50. Claim now: http://lucky-winner-alert.co/1flry,yes,No,No
spam,Disney+ Hotstar Lucky Draw: You've won a free gift hamper! Call 9248121467 now to claim before it expires.,No,No,yes
spam,You are the lucky winner of BookMyShow's anniversary contest. Share your bank details to receive your Rs.300 prize.,No,No,No
spam,MakeMyTrip is giving away free shopping voucher to 100 lucky customers today. Call 7272812831 immediately to grab yours.,No,No,yes
spam,MakeMyTrip is giving away free gift hamper to 100 lucky customers today. Call 8092258705 immediately to grab yours.,No,No,yes
spam,"Flipkart customer service: your refund of Rs.50 is pending, click to claim: http://bonus-cashout.xyz/pazb0",yes,No,No
spam,"PharmEasy customer service: your refund of Rs.250 is pending, click to claim: http://bonus-cashout.xyz/p4fm0",yes,No,No
spam,"Zomato customer service: your refund of Rs.250 is pending, click to claim: http://offer4u-claim.online/snl5z",yes,No,No
spam,Decathlon Lucky Draw: You've won a free smartwatch! Call 9634000548 now to claim before it expires.,No,No,yes
spam,"CRED customer service: your refund of Rs.150 is pending, click to claim: http://bonus-cashout.xyz/7kmjr",yes,No,No
spam,cult.fit is giving away free smartphone to 100 lucky customers today. Call 6761160362 immediately to grab yours.,No,No,yes
spam,"Zomato customer service: your refund of Rs.500 is pending, click to claim: http://offer4u-claim.online/s3hbb",yes,No,No
spam,Congratulations! Your BigBasket account is selected for a free smartphone worth Rs.250. Claim now: http://offer4u-claim.online/qwqs3,yes,No,No
spam,Uber is giving away free gold coin to 100 lucky customers today. Call 9008944980 immediately to grab yours.,No,No,yes
spam,BYJU'S Lucky Draw: You've won a free smartphone! Call 6700590725 now to claim before it expires.,No,No,yes
spam,Netflix Lucky Draw: You've won a free smartwatch! Call 9801203784 now to claim before it expires.,No,No,yes
spam,Congratulations! Your Uber account is selected for a free gift hamper worth Rs.50. Claim now: http://bonus-cashout.xyz/ytm1p,yes,No,No
spam,"HDFC Bank customer service: your refund of Rs.500 is pending, click to claim: http://prize-verify.info/dzq1a",yes,No,No
spam,Zomato Lucky Draw: You've won a free shopping voucher! Call 8329076966 now to claim before it expires.,No,No,yes
spam,Domino's Lucky Draw: You've won a free gift hamper! Call 6055698655 now to claim before it expires.,No,No,yes
spam,Uber is giving away free shopping voucher to 100 lucky customers today. Call 9655818822 immediately to grab yours.,No,No,yes
spam,Lenskart Lucky Draw: You've won a free shopping voucher! Call 9497883547 now to claim before it expires.,No,No,yes
spam,"redBus customer service: your refund of Rs.50 is pending, click to claim: http://reward-claim24.xyz/58f1c",yes,No,No
spam,Congratulations! Your Policybazaar account is selected for a free shopping voucher worth Rs.150. Claim now: http://bonus-cashout.xyz/rbhms,yes,No,No
spam,"BigBasket customer service: your refund of Rs.100 is pending, click to claim: http://bonus-cashout.xyz/le4cy",yes,No,No
spam,Blinkit Lucky Draw: You've won a free smartphone! Call 9854249022 now to claim before it expires.,No,No,yes
spam,Congratulations! Your Ola account is selected for a free smartphone worth Rs.200. Claim now: http://reward-claim24.xyz/jbp7f,yes,No,No
spam,"ICICI Bank customer service: your refund of Rs.200 is pending, click to claim: http://gift-redeem-now.co.in/plhsi",yes,No,No
spam,IRCTC Lucky Draw: You've won a free smartwatch! Call 7295160110 now to claim before it expires.,No,No,yes
spam,PharmEasy Lucky Draw: You've won a free gift hamper! Call 8078606345 now to claim before it expires.,No,No,yes
spam,BookMyShow is giving away free smartwatch to 100 lucky customers today. Call 7950911572 immediately to grab yours.,No,No,yes
spam,Meesho Lucky Draw: You've won a free smartphone! Call 9066121146 now to claim before it expires.,No,No,yes
spam,Zomato Lucky Draw: You've won a free shopping voucher! Call 8343550320 now to claim before it expires.,No,No,yes
spam,"BookMyShow customer service: your refund of Rs.150 is pending, click to claim: http://reward-claim24.xyz/orhcm",yes,No,No
spam,Congratulations! Your IndiGo account is selected for a free smartwatch worth Rs.150. Claim now: http://gift-redeem-now.co.in/1xb40,yes,No,No
spam,"Jio customer service: your refund of Rs.100 is pending, click to claim: http://bonus-cashout.xyz/lh6pp",yes,No,No
spam,Tanishq is giving away free smartwatch to 100 lucky customers today. Call 7407996481 immediately to grab yours.,No,No,yes
spam,You are the lucky winner of Titan's anniversary contest. Share your bank details to receive your Rs.100 prize.,No,No,No
spam,Congratulations! Your Zomato account is selected for a free smartwatch worth Rs.300. Claim now: http://lucky-winner-alert.co/yeh3y,yes,No,No
spam,Nykaa is giving away free smartwatch to 100 lucky customers today. Call 8812747364 immediately to grab yours.,No,No,yes
spam,Congratulations! Your Nykaa account is selected for a free smartwatch worth Rs.250. Claim now: http://gift-redeem-now.co.in/nvaob,yes,No,No
spam,"BYJU'S customer service: your refund of Rs.200 is pending, click to claim: http://gift-redeem-now.co.in/sio83",yes,No,No
spam,You are the lucky winner of CRED's anniversary contest. Share your bank details to receive your Rs.250 prize.,No,No,No
spam,Lenskart Lucky Draw: You've won a free smartphone! Call 7783036218 now to claim before it expires.,No,No,yes
spam,You are the lucky winner of 1mg's anniversary contest. Share your bank details to receive your Rs.300 prize.,No,No,No
spam,"Goibibo customer service: your refund of Rs.100 is pending, click to claim: http://offer4u-claim.online/knwun",yes,No,No
spam,You are the lucky winner of BYJU'S's anniversary contest. Share your bank details to receive your Rs.100 prize.,No,No,No
spam,CRED Lucky Draw: You've won a free smartwatch! Call 9901132074 now to claim before it expires.,No,No,yes
spam,"Pepperfry customer service: your refund of Rs.250 is pending, click to claim: http://lucky-winner-alert.co/hwkth",yes,No,No
spam,BookMyShow Lucky Draw: You've won a free gift hamper! Call 9329746937 now to claim before it expires.,No,No,yes
spam,Swiggy is giving away free smartwatch to 100 lucky customers today. Call 8057478561 immediately to grab yours.,No,No,yes
spam,Amazon Prime Video is giving away free gold coin to 100 lucky customers today. Call 7403142387 immediately to grab yours.,No,No,yes
spam,IRCTC Lucky Draw: You've won a free smartphone! Call 7244999393 now to claim before it expires.,No,No,yes
spam,1mg is giving away free gift hamper to 100 lucky customers today. Call 9988131387 immediately to grab yours.,No,No,yes
spam,Ola Lucky Draw: You've won a free shopping voucher! Call 6823181843 now to claim before it expires.,No,No,yes
spam,You are the lucky winner of Nykaa's anniversary contest. Share your bank details to receive your Rs.200 prize.,No,No,No
spam,"PhonePe customer service: your refund of Rs.150 is pending, click to claim: http://lucky-winner-alert.co/uju5k",yes,No,No
spam,"Netflix customer service: your refund of Rs.50 is pending, click to claim: http://offer4u-claim.online/99mxu",yes,No,No
spam,You are the lucky winner of PharmEasy's anniversary contest. Share your bank details to receive your Rs.200 prize.,No,No,No
spam,Policybazaar is giving away free smartphone to 100 lucky customers today. Call 9245655735 immediately to grab yours.,No,No,yes
spam,"Netflix customer service: your refund of Rs.150 is pending, click to claim: http://bonus-cashout.xyz/9garm",yes,No,No
spam,Congratulations! Your HDFC Bank account is selected for a free shopping voucher worth Rs.150. Claim now: http://lucky-winner-alert.co/ma6et,yes,No,No
spam,"Policybazaar customer service: your refund of Rs.150 is pending, click to claim: http://offer4u-claim.online/2s3l7",yes,No,No
spam,1mg is giving away free smartphone to 100 lucky customers today. Call 8634525803 immediately to grab yours.,No,No,yes
spam,Myntra Lucky Draw: You've won a free gift hamper! Call 8288750943 now to claim before it expires.,No,No,yes
spam,"Policybazaar customer service: your refund of Rs.250 is pending, click to claim: http://prize-verify.info/9oauu",yes,No,No
spam,Myntra Lucky Draw: You've won a free gold coin! Call 8365758504 now to claim before it expires.,No,No,yes
spam,Spotify Lucky Draw: You've won a free smartwatch! Call 7400040964 now to claim before it expires.,No,No,yes
spam,boAt is giving away free smartwatch to 100 lucky customers today. Call 8122638785 immediately to grab yours.,No,No,yes
spam,You are the lucky winner of BYJU'S's anniversary contest. Share your bank details to receive your Rs.300 prize.,No,No,No
spam,Decathlon Lucky Draw: You've won a free smartphone! Call 8381266521 now to claim before it expires.,No,No,yes
spam,Netflix Lucky Draw: You've won a free smartphone! Call 9494161960 now to claim before it expires.,No,No,yes
spam,Congratulations! Your Spotify account is selected for a free shopping voucher worth Rs.50. Claim now: http://gift-redeem-now.co.in/vt4rw,yes,No,No
spam,"Policybazaar customer service: your refund of Rs.300 is pending, click to claim: http://gift-redeem-now.co.in/zlg0l",yes,No,No
spam,Paytm is giving away free smartphone to 100 lucky customers today. Call 6060044977 immediately to grab yours.,No,No,yes
spam,"1mg customer service: your refund of Rs.50 is pending, click to claim: http://reward-claim24.xyz/1t3lt",yes,No,No
spam,Congratulations! Your Netflix account is selected for a free shopping voucher worth Rs.150. Claim now: http://offer4u-claim.online/ss3lq,yes,No,No
spam,PharmEasy Lucky Draw: You've won a free gold coin! Call 7077491038 now to claim before it expires.,No,No,yes
spam,Paytm is giving away free gold coin to 100 lucky customers today. Call 6189823704 immediately to grab yours.,No,No,yes
spam,Flipkart is giving away free gift hamper to 100 lucky customers today. Call 8842993482 immediately to grab yours.,No,No,yes
spam,Congratulations! Your Airtel account is selected for a free gold coin worth Rs.250. Claim now: http://lucky-winner-alert.co/grhuk,yes,No,No
spam,You are the lucky winner of HDFC Bank's anniversary contest. Share your bank details to receive your Rs.300 prize.,No,No,No
spam,Blinkit Lucky Draw: You've won a free smartwatch! Call 7448924601 now to claim before it expires.,No,No,yes
spam,MakeMyTrip Lucky Draw: You've won a free gift hamper! Call 9586487488 now to claim before it expires.,No,No,yes
spam,Airtel Lucky Draw: You've won a free smartwatch! Call 6838645360 now to claim before it expires.,No,No,yes
spam,Meesho Lucky Draw: You've won a free gold coin! Call 6960511716 now to claim before it expires.,No,No,yes
spam,Axis Bank is giving away free gift hamper to 100 lucky customers today. Call 8394748341 immediately to grab yours.,No,No,yes
spam,"Tanishq customer service: your refund of Rs.500 is pending, click to claim: http://gift-redeem-now.co.in/l5uvg",yes,No,No
spam,"IRCTC customer service: your refund of Rs.300 is pending, click to claim: http://lucky-winner-alert.co/zgf4d",yes,No,No
spam,You are the lucky winner of Swiggy's anniversary contest. Share your bank details to receive your Rs.250 prize.,No,No,No
spam,"Spotify customer service: your refund of Rs.500 is pending, click to claim: http://reward-claim24.xyz/zpa6c",yes,No,No
spam,"Swiggy customer service: your refund of Rs.150 is pending, click to claim: http://prize-verify.info/zd5s0",yes,No,No
spam,"Titan customer service: your refund of Rs.300 is pending, click to claim: http://offer4u-claim.online/e4x28",yes,No,No
spam,You are the lucky winner of Vi's anniversary contest. Share your bank details to receive your Rs.100 prize.,No,No,No
spam,Congratulations! Your Titan account is selected for a free gift hamper worth Rs.50. Claim now: http://gift-redeem-now.co.in/hxyfm,yes,No,No
spam,You are the lucky winner of Tanishq's anniversary contest. Share your bank details to receive your Rs.500 prize.,No,No,No
spam,"Uber customer service: your refund of Rs.150 is pending, click to claim: http://bonus-cashout.xyz/gl89r",yes,No,No
spam,Congratulations! Your Paytm account is selected for a free gold coin worth Rs.150. Claim now: http://lucky-winner-alert.co/pw6u0,yes,No,No
spam,PharmEasy Lucky Draw: You've won a free gift hamper! Call 9843149460 now to claim before it expires.,No,No,yes
spam,You are the lucky winner of boAt's anniversary contest. Share your bank details to receive your Rs.200 prize.,No,No,No
spam,"redBus customer service: your refund of Rs.250 is pending, click to claim: http://gift-redeem-now.co.in/6hdm9",yes,No,No
spam,Congratulations! Your Airtel account is selected for a free gift hamper worth Rs.150. Claim now: http://prize-verify.info/jxsty,yes,No,No
spam,Swiggy Lucky Draw: You've won a free gift hamper! Call 8899879834 now to claim before it expires.,No,No,yes
spam,Amazon Lucky Draw: You've won a free smartphone! Call 9184645438 now to claim before it expires.,No,No,yes
spam,Congratulations! Your Disney+ Hotstar account is selected for a free shopping voucher worth Rs.500. Claim now: http://lucky-winner-alert.co/jjf3j,yes,No,No
spam,Congratulations! Your Swiggy account is selected for a free smartwatch worth Rs.50. Claim now: http://gift-redeem-now.co.in/4o38m,yes,No,No
spam,Blinkit is giving away free gold coin to 100 lucky customers today. Call 9767891992 immediately to grab yours.,No,No,yes
spam,CRED Lucky Draw: You've won a free gold coin! Call 9644937640 now to claim before it expires.,No,No,yes
spam,Congratulations! Your Amazon Prime Video account is selected for a free gift hamper worth Rs.250. Claim now: http://offer4u-claim.online/0bx1y,yes,No,No
spam,You are the lucky winner of Amazon's anniversary contest. Share your bank details to receive your Rs.100 prize.,No,No,No
spam,Uber is giving away free gold coin to 100 lucky customers today. Call 8846695574 immediately to grab yours.,No,No,yes
spam,Congratulations! Your cult.fit account is selected for a free gift hamper worth Rs.100. Claim now: http://reward-claim24.xyz/0ohxy,yes,No,No
spam,Congratulations! Your Airtel account is selected for a free gold coin worth Rs.200. Claim now: http://lucky-winner-alert.co/1lyk4,yes,No,No
spam,Domino's Lucky Draw: You've won a free gold coin! Call 6207137120 now to claim before it expires.,No,No,yes
spam,Congratulations! Your Spotify account is selected for a free shopping voucher worth Rs.300. Claim now: http://gift-redeem-now.co.in/04qlb,yes,No,No
spam,Titan is giving away free gift hamper to 100 lucky customers today. Call 6349362614 immediately to grab yours.,No,No,yes
spam,"Paytm customer service: your refund of Rs.50 is pending, click to claim: http://lucky-winner-alert.co/lur5c",yes,No,No
spam,Congratulations! Your boAt account is selected for a free gold coin worth Rs.300. Claim now: http://reward-claim24.xyz/3x4ok,yes,No,No
spam,Jio Lucky Draw: You've won a free smartphone! Call 7422904807 now to claim before it expires.,No,No,yes
spam,Congratulations! Your PharmEasy account is selected for a free smartphone worth Rs.50. Claim now: http://bonus-cashout.xyz/w12f4,yes,No,No
spam,Congratulations! Your Titan account is selected for a free shopping voucher worth Rs.250. Claim now: http://offer4u-claim.online/xkkx1,yes,No,No
spam,Congratulations! Your PharmEasy account is selected for a free gift hamper worth Rs.300. Claim now: http://reward-claim24.xyz/scxf2,yes,No,No
spam,Congratulations! Your BookMyShow account is selected for a free shopping voucher worth Rs.50. Claim now: http://lucky-winner-alert.co/u5ujg,yes,No,No
spam,"IRCTC customer service: your refund of Rs.50 is pending, click to claim: http://gift-redeem-now.co.in/19c3v",yes,No,No
spam,You are the lucky winner of Disney+ Hotstar's anniversary contest. Share your bank details to receive your Rs.250 prize.,No,No,No
spam,Congratulations! Your PharmEasy account is selected for a free gold coin worth Rs.250. Claim now: http://gift-redeem-now.co.in/grve7,yes,No,No
spam,Ajio Lucky Draw: You've won a free gold coin! Call 9229937260 now to claim before it expires.,No,No,yes
spam,"redBus customer service: your refund of Rs.250 is pending, click to claim: http://offer4u-claim.online/h1jj4",yes,No,No
spam,Zomato is giving away free shopping voucher to 100 lucky customers today. Call 9362547209 immediately to grab yours.,No,No,yes
spam,You are the lucky winner of cult.fit's anniversary contest. Share your bank details to receive your Rs.150 prize.,No,No,No
spam,Congratulations! Your Spotify account is selected for a free gold coin worth Rs.500. Claim now: http://reward-claim24.xyz/9yyph,yes,No,No
spam,Congratulations! Your Goibibo account is selected for a free smartwatch worth Rs.150. Claim now: http://lucky-winner-alert.co/6oulm,yes,No,No
spam,"Zepto customer service: your refund of Rs.500 is pending, click to claim: http://offer4u-claim.online/0rr14",yes,No,No
spam,Goibibo Lucky Draw: You've won a free smartwatch! Call 8098005844 now to claim before it expires.,No,No,yes
spam,"Lenskart customer service: your refund of Rs.50 is pending, click to claim: http://prize-verify.info/9qu49",yes,No,No
spam,"IRCTC customer service: your refund of Rs.300 is pending, click to claim: http://lucky-winner-alert.co/v84lj",yes,No,No
spam,Swiggy Lucky Draw: You've won a free shopping voucher! Call 6143337271 now to claim before it expires.,No,No,yes
spam,You are the lucky winner of Vi's anniversary contest. Share your bank details to receive your Rs.500 prize.,No,No,No
spam,Ajio Lucky Draw: You've won a free gift hamper! Call 9657103810 now to claim before it expires.,No,No,yes
spam,You are the lucky winner of Spotify's anniversary contest. Share your bank details to receive your Rs.100 prize.,No,No,No
spam,Airtel Lucky Draw: You've won a free smartphone! Call 8779516871 now to claim before it expires.,No,No,yes
spam,Ajio Lucky Draw: You've won a free shopping voucher! Call 9304734571 now to claim before it expires.,No,No,yes
spam,Congratulations! Your Decathlon account is selected for a free shopping voucher worth Rs.50. Claim now: http://prize-verify.info/vivxz,yes,No,No
spam,"Tanishq customer service: your refund of Rs.50 is pending, click to claim: http://prize-verify.info/9d1aq",yes,No,No
spam,You are the lucky winner of Titan's anniversary contest. Share your bank details to receive your Rs.250 prize.,No,No,No
spam,Ajio is giving away free smartwatch to 100 lucky customers today. Call 6371626141 immediately to grab yours.,No,No,yes
spam,boAt is giving away free shopping voucher to 100 lucky customers today. Call 6451044405 immediately to grab yours.,No,No,yes
spam,"BookMyShow customer service: your refund of Rs.250 is pending, click to claim: http://gift-redeem-now.co.in/yjgml",yes,No,No
spam,"cult.fit customer service: your refund of Rs.250 is pending, click to claim: http://prize-verify.info/tgk7z",yes,No,No
spam,CRED Lucky Draw: You've won a free gift hamper! Call 7853860154 now to claim before it expires.,No,No,yes
spam,Vi is giving away free shopping voucher to 100 lucky customers today. Call 9915623668 immediately to grab yours.,No,No,yes
spam,Congratulations! Your PharmEasy account is selected for a free gift hamper worth Rs.200. Claim now: http://reward-claim24.xyz/xx0qi,yes,No,No
spam,Vi is giving away free smartwatch to 100 lucky customers today. Call 9659786752 immediately to grab yours.,No,No,yes
spam,Congratulations! Your Pepperfry account is selected for a free shopping voucher worth Rs.300. Claim now: http://offer4u-claim.online/ce75e,yes,No,No
spam,"Nykaa customer service: your refund of Rs.50 is pending, click to claim: http://prize-verify.info/bro5r",yes,No,No
spam,Flipkart is giving away free shopping voucher to 100 lucky customers today. Call 6714302444 immediately to grab yours.,No,No,yes
spam,Congratulations! Your PharmEasy account is selected for a free gold coin worth Rs.250. Claim now: http://bonus-cashout.xyz/6r3ge,yes,No,No
spam,BYJU'S Lucky Draw: You've won a free gift hamper! Call 7692485638 now to claim before it expires.,No,No,yes
spam,You are the lucky winner of Decathlon's anniversary contest. Share your bank details to receive your Rs.500 prize.,No,No,No
spam,Meesho Lucky Draw: You've won a free smartwatch! Call 7131844100 now to claim before it expires.,No,No,yes
spam,Congratulations! Your Pepperfry account is selected for a free gift hamper worth Rs.100. Claim now: http://prize-verify.info/z9peq,yes,No,No
spam,SBI Card is giving away free smartphone to 100 lucky customers today. Call 6161607723 immediately to grab yours.,No,No,yes
spam,"Uber customer service: your refund of Rs.100 is pending, click to claim: http://prize-verify.info/2ksum",yes,No,No
spam,"Ola customer service: your refund of Rs.100 is pending, click to claim: http://gift-redeem-now.co.in/0jx2w",yes,No,No
spam,You are the lucky winner of Amazon's anniversary contest. Share your bank details to receive your Rs.50 prize.,No,No,No
spam,Congratulations! Your PharmEasy account is selected for a free gift hamper worth Rs.250. Claim now: http://bonus-cashout.xyz/enwqf,yes,No,No
spam,Blinkit Lucky Draw: You've won a free shopping voucher! Call 7083732766 now to claim before it expires.,No,No,yes
spam,"Uber customer service: your refund of Rs.500 is pending, click to claim: http://reward-claim24.xyz/ql3h5",yes,No,No
spam,Congratulations! Your Goibibo account is selected for a free gift hamper worth Rs.200. Claim now: http://prize-verify.info/4e3ga,yes,No,No
spam,Uber Lucky Draw: You've won a free shopping voucher! Call 7011997520 now to claim before it expires.,No,No,yes
spam,Congratulations! Your Uber account is selected for a free shopping voucher worth Rs.50. Claim now: http://lucky-winner-alert.co/5hdyi,yes,No,No
spam,Congratulations! Your redBus account is selected for a free smartwatch worth Rs.100. Claim now: http://lucky-winner-alert.co/bmbos,yes,No,No
spam,Decathlon is giving away free smartwatch to 100 lucky customers today. Call 7066843960 immediately to grab yours.,No,No,yes
spam,"Netflix customer service: your refund of Rs.500 is pending, click to claim: http://reward-claim24.xyz/etlx4",yes,No,No
spam,"BookMyShow customer service: your refund of Rs.200 is pending, click to claim: http://prize-verify.info/khyvr",yes,No,No
spam,Congratulations! Your ICICI Bank account is selected for a free gift hamper worth Rs.150. Claim now: http://offer4u-claim.online/lxkdw,yes,No,No
spam,"Zepto customer service: your refund of Rs.200 is pending, click to claim: http://lucky-winner-alert.co/mko28",yes,No,No
spam,"cult.fit customer service: your refund of Rs.250 is pending, click to claim: http://offer4u-claim.online/98obo",yes,No,No
spam,1mg Lucky Draw: You've won a free shopping voucher! Call 7581178913 now to claim before it expires.,No,No,yes
spam,Ajio is giving away free shopping voucher to 100 lucky customers today. Call 9213299596 immediately to grab yours.,No,No,yes
spam,"Disney+ Hotstar customer service: your refund of Rs.200 is pending, click to claim: http://gift-redeem-now.co.in/fzh19",yes,No,No
spam,You are the lucky winner of Airtel's anniversary contest. Share your bank details to receive your Rs.50 prize.,No,No,No
spam,Domino's is giving away free shopping voucher to 100 lucky customers today. Call 6232692244 immediately to grab yours.,No,No,yes
spam,Myntra Lucky Draw: You've won a free smartwatch! Call 8566956238 now to claim before it expires.,No,No,yes
spam,Congratulations! Your Spotify account is selected for a free gift hamper worth Rs.200. Claim now: http://gift-redeem-now.co.in/hxtit,yes,No,No
spam,Tanishq is giving away free smartwatch to 100 lucky customers today. Call 9138944875 immediately to grab yours.,No,No,yes
spam,Congratulations! Your ICICI Bank account is selected for a free smartwatch worth Rs.250. Claim now: http://reward-claim24.xyz/s4go1,yes,No,No
spam,Ajio is giving away free gold coin to 100 lucky customers today. Call 7723212112 immediately to grab yours.,No,No,yes
spam,"Disney+ Hotstar customer service: your refund of Rs.200 is pending, click to claim: http://prize-verify.info/aga7k",yes,No,No
spam,Congratulations! Your Tanishq account is selected for a free gold coin worth Rs.300. Claim now: http://prize-verify.info/52kvz,yes,No,No
spam,PhonePe is giving away free gold coin to 100 lucky customers today. Call 6384652062 immediately to grab yours.,No,No,yes
spam,"Zomato customer service: your refund of Rs.250 is pending, click to claim: http://bonus-cashout.xyz/4fk24",yes,No,No
spam,Tanishq Lucky Draw: You've won a free gift hamper! Call 7443255343 now to claim before it expires.,No,No,yes
spam,You are the lucky winner of MakeMyTrip's anniversary contest. Share your bank details to receive your Rs.250 prize.,No,No,No
spam,"Decathlon customer service: your refund of Rs.150 is pending, click to claim: http://reward-claim24.xyz/0ufvp",yes,No,No
spam,Swiggy Lucky Draw: You've won a free gift hamper! Call 8024055456 now to claim before it expires.,No,No,yes
spam,"Tanishq customer service: your refund of Rs.150 is pending, click to claim: http://gift-redeem-now.co.in/q6048",yes,No,No
spam,"Tanishq customer service: your refund of Rs.50 is pending, click to claim: http://prize-verify.info/yzhii",yes,No,No
spam,Zepto is giving away free gold coin to 100 lucky customers today. Call 8639723910 immediately to grab yours.,No,No,yes
spam,Congratulations! Your Swiggy account is selected for a free shopping voucher worth Rs.500. Claim now: http://prize-verify.info/tzoww,yes,No,No
spam,Axis Bank Lucky Draw: You've won a free gold coin! Call 9566719486 now to claim before it expires.,No,No,yes
spam,Ola is giving away free smartwatch to 100 lucky customers today. Call 7416365264 immediately to grab yours.,No,No,yes
spam,"PharmEasy customer service: your refund of Rs.100 is pending, click to claim: http://prize-verify.info/ofmsf",yes,No,No
spam,"Airtel customer service: your refund of Rs.300 is pending, click to claim: http://lucky-winner-alert.co/qqeqi",yes,No,No
spam,"SBI Card customer service: your refund of Rs.50 is pending, click to claim: http://offer4u-claim.online/w9l67",yes,No,No
spam,Ajio Lucky Draw: You've won a free smartwatch! Call 7473139328 now to claim before it expires.,No,No,yes
spam,"Ola customer service: your refund of Rs.150 is pending, click to claim: http://reward-claim24.xyz/qu2jk",yes,No,No
spam,Congratulations! Your Airtel account is selected for a free smartwatch worth Rs.300. Claim now: http://bonus-cashout.xyz/y501y,yes,No,No
spam,Ajio is giving away free smartphone to 100 lucky customers today. Call 6054505564 immediately to grab yours.,No,No,yes
spam,"Axis Bank customer service: your refund of Rs.150 is pending, click to claim: http://lucky-winner-alert.co/yqqha",yes,No,No
spam,Congratulations! Your PharmEasy account is selected for a free shopping voucher worth Rs.100. Claim now: http://lucky-winner-alert.co/uiemq,yes,No,No
spam,Amazon Prime Video Lucky Draw: You've won a free gift hamper! Call 6194855943 now to claim before it expires.,No,No,yes
spam,PharmEasy is giving away free smartwatch to 100 lucky customers today. Call 6327067640 immediately to grab yours.,No,No,yes
spam,"Meesho customer service: your refund of Rs.50 is pending, click to claim: http://prize-verify.info/bgvit",yes,No,No
spam,PharmEasy Lucky Draw: You've won a free smartphone! Call 9548513150 now to claim before it expires.,No,No,yes
spam,Congratulations! Your BookMyShow account is selected for a free gold coin worth Rs.250. Claim now: http://offer4u-claim.online/wq94n,yes,No,No
spam,Vi Lucky Draw: You've won a free shopping voucher! Call 6891927538 now to claim before it expires.,No,No,yes
spam,Zomato Lucky Draw: You've won a free smartphone! Call 8115952840 now to claim before it expires.,No,No,yes
spam,Congratulations! Your BYJU'S account is selected for a free gold coin worth Rs.50. Claim now: http://reward-claim24.xyz/2r56u,yes,No,No
spam,Congratulations! Your Titan account is selected for a free gold coin worth Rs.200. Claim now: http://prize-verify.info/cw15s,yes,No,No
spam,Pepperfry Lucky Draw: You've won a free gold coin! Call 7156097392 now to claim before it expires.,No,No,yes
spam,Ajio Lucky Draw: You've won a free gift hamper! Call 8635606565 now to claim before it expires.,No,No,yes
spam,1mg is giving away free gold coin to 100 lucky customers today. Call 9867542776 immediately to grab yours.,No,No,yes
spam,You are the lucky winner of Policybazaar's anniversary contest. Share your bank details to receive your Rs.300 prize.,No,No,No
spam,Congratulations! Your Swiggy account is selected for a free smartwatch worth Rs.200. Claim now: http://gift-redeem-now.co.in/o0v4t,yes,No,No
spam,Tanishq is giving away free gold coin to 100 lucky customers today. Call 9135204573 immediately to grab yours.,No,No,yes
spam,"PhonePe customer service: your refund of Rs.50 is pending, click to claim: http://prize-verify.info/fgg2i",yes,No,No
spam,"PharmEasy customer service: your refund of Rs.500 is pending, click to claim: http://reward-claim24.xyz/mgds0",yes,No,No
spam,PhonePe Lucky Draw: You've won a free shopping voucher! Call 9319738338 now to claim before it expires.,No,No,yes
spam,Congratulations! Your Meesho account is selected for a free gift hamper worth Rs.200. Claim now: http://bonus-cashout.xyz/c2s96,yes,No,No
spam,IRCTC Lucky Draw: You've won a free smartphone! Call 9665262670 now to claim before it expires.,No,No,yes
spam,Congratulations! Your Zepto account is selected for a free smartphone worth Rs.250. Claim now: http://offer4u-claim.online/fasm5,yes,No,No
spam,Zepto Lucky Draw: You've won a free gold coin! Call 9667773532 now to claim before it expires.,No,No,yes
spam,You are the lucky winner of Zepto's anniversary contest. Share your bank details to receive your Rs.100 prize.,No,No,No
spam,"1mg customer service: your refund of Rs.500 is pending, click to claim: http://prize-verify.info/3u51q",yes,No,No
spam,Congratulations! Your Domino's account is selected for a free shopping voucher worth Rs.200. Claim now: http://gift-redeem-now.co.in/bafxb,yes,No,No
spam,You are the lucky winner of Unacademy's anniversary contest. Share your bank details to receive your Rs.300 prize.,No,No,No
spam,Axis Bank is giving away free smartphone to 100 lucky customers today. Call 8322603745 immediately to grab yours.,No,No,yes
spam,Congratulations! Your Ajio account is selected for a free gold coin worth Rs.500. Claim now: http://prize-verify.info/wdto9,yes,No,No
spam,Congratulations! Your Amazon Prime Video account is selected for a free gold coin worth Rs.250. Claim now: http://lucky-winner-alert.co/u2h1l,yes,No,No
spam,CRED Lucky Draw: You've won a free smartwatch! Call 8243462000 now to claim before it expires.,No,No,yes
spam,Congratulations! Your Zomato account is selected for a free gold coin worth Rs.300. Claim now: http://prize-verify.info/kkulc,yes,No,No
spam,You are the lucky winner of Zepto's anniversary contest. Share your bank details to receive your Rs.300 prize.,No,No,No
spam,Lenskart is giving away free shopping voucher to 100 lucky customers today. Call 9694759896 immediately to grab yours.,No,No,yes
spam,Netflix Lucky Draw: You've won a free shopping voucher! Call 7779582633 now to claim before it expires.,No,No,yes
spam,Congratulations! Your Pepperfry account is selected for a free gold coin worth Rs.100. Claim now: http://reward-claim24.xyz/658wo,yes,No,No
spam,Congratulations! Your Flipkart account is selected for a free smartphone worth Rs.300. Claim now: http://gift-redeem-now.co.in/v3k5x,yes,No,No
spam,Goibibo is giving away free smartwatch to 100 lucky customers today. Call 8526056625 immediately to grab yours.,No,No,yes
spam,"Amazon customer service: your refund of Rs.300 is pending, click to claim: http://gift-redeem-now.co.in/j1qns",yes,No,No
spam,"Nykaa customer service: your refund of Rs.500 is pending, click to claim: http://lucky-winner-alert.co/qyc31",yes,No,No
spam,"Paytm customer service: your refund of Rs.500 is pending, click to claim: http://reward-claim24.xyz/hq5xo",yes,No,No
spam,"1mg customer service: your refund of Rs.50 is pending, click to claim: http://offer4u-claim.online/cocta",yes,No,No
spam,"Zomato customer service: your refund of Rs.500 is pending, click to claim: http://bonus-cashout.xyz/yuvqj",yes,No,No
spam,IRCTC is giving away free smartwatch to 100 lucky customers today. Call 9680828948 immediately to grab yours.,No,No,yes
spam,Congratulations! Your PhonePe account is selected for a free gift hamper worth Rs.200. Claim now: http://gift-redeem-now.co.in/qn8rs,yes,No,No
spam,Congratulations! Your Myntra account is selected for a free smartphone worth Rs.150. Claim now: http://reward-claim24.xyz/tf3ih,yes,No,No
spam,Vi is giving away free smartwatch to 100 lucky customers today. Call 7275585956 immediately to grab yours.,No,No,yes
spam,You are the lucky winner of Blinkit's anniversary contest. Share your bank details to receive your Rs.300 prize.,No,No,No
spam,Congratulations! Your Titan account is selected for a free smartwatch worth Rs.200. Claim now: http://reward-claim24.xyz/ox0d3,yes,No,No
spam,Congratulations! Your Jio account is selected for a free gold coin worth Rs.300. Claim now: http://bonus-cashout.xyz/lu6hx,yes,No,No
spam,You are the lucky winner of ICICI Bank's anniversary contest. Share your bank details to receive your Rs.500 prize.,No,No,No
spam,Congratulations! Your Domino's account is selected for a free smartphone worth Rs.150. Claim now: http://gift-redeem-now.co.in/jjs69,yes,No,No
spam,Congratulations! Your Axis Bank account is selected for a free gold coin worth Rs.250. Claim now: http://prize-verify.info/70wb3,yes,No,No
spam,PharmEasy Lucky Draw: You've won a free gift hamper! Call 6282348838 now to claim before it expires.,No,No,yes
spam,Congratulations! Your BookMyShow account is selected for a free gift hamper worth Rs.500. Claim now: http://bonus-cashout.xyz/ef1bu,yes,No,No
spam,"Blinkit customer service: your refund of Rs.200 is pending, click to claim: http://prize-verify.info/h1tj7",yes,No,No
spam,You are the lucky winner of BookMyShow's anniversary contest. Share your bank details to receive your Rs.200 prize.,No,No,No
spam,Congratulations! Your Tanishq account is selected for a free shopping voucher worth Rs.500. Claim now: http://offer4u-claim.online/anheo,yes,No,No
spam,"Ajio customer service: your refund of Rs.300 is pending, click to claim: http://bonus-cashout.xyz/l4uwx",yes,No,No
spam,Zepto Lucky Draw: You've won a free shopping voucher! Call 8174702204 now to claim before it expires.,No,No,yes
spam,Congratulations! Your Ajio account is selected for a free gift hamper worth Rs.150. Claim now: http://prize-verify.info/mxj3i,yes,No,No
spam,Tanishq is giving away free smartwatch to 100 lucky customers today. Call 9786891861 immediately to grab yours.,No,No,yes
spam,"CRED customer service: your refund of Rs.50 is pending, click to claim: http://prize-verify.info/g7v15",yes,No,No
spam,Congratulations! Your Netflix account is selected for a free shopping voucher worth Rs.50. Claim now: http://bonus-cashout.xyz/n0feo,yes,No,No
spam,"Policybazaar customer service: your refund of Rs.200 is pending, click to claim: http://reward-claim24.xyz/49nfr",yes,No,No
spam,"ICICI Bank customer service: your refund of Rs.200 is pending, click to claim: http://prize-verify.info/9ec7d",yes,No,No
spam,PharmEasy Lucky Draw: You've won a free smartwatch! Call 8177549949 now to claim before it expires.,No,No,yes
spam,Tanishq is giving away free gold coin to 100 lucky customers today. Call 6259816080 immediately to grab yours.,No,No,yes
spam,MakeMyTrip Lucky Draw: You've won a free smartwatch! Call 8479114908 now to claim before it expires.,No,No,yes
spam,Tanishq is giving away free gold coin to 100 lucky customers today. Call 7593463987 immediately to grab yours.,No,No,yes
spam,Congratulations! Your Flipkart account is selected for a free shopping voucher worth Rs.100. Claim now: http://prize-verify.info/nz5aj,yes,No,No
spam,You are the lucky winner of Flipkart's anniversary contest. Share your bank details to receive your Rs.500 prize.,No,No,No
spam,Disney+ Hotstar Lucky Draw: You've won a free smartwatch! Call 7273891667 now to claim before it expires.,No,No,yes
spam,Zomato is giving away free gift hamper to 100 lucky customers today. Call 8667892024 immediately to grab yours.,No,No,yes
spam,Titan Lucky Draw: You've won a free gift hamper! Call 8823792709 now to claim before it expires.,No,No,yes
spam,You are the lucky winner of BigBasket's anniversary contest. Share your bank details to receive your Rs.150 prize.,No,No,No
spam,Goibibo Lucky Draw: You've won a free smartphone! Call 6245114978 now to claim before it expires.,No,No,yes
spam,"redBus customer service: your refund of Rs.300 is pending, click to claim: http://prize-verify.info/utd78",yes,No,No
spam,You are the lucky winner of Paytm's anniversary contest. Share your bank details to receive your Rs.100 prize.,No,No,No
spam,"Meesho customer service: your refund of Rs.50 is pending, click to claim: http://gift-redeem-now.co.in/qpud1",yes,No,No
spam,Congratulations! Your Uber account is selected for a free smartphone worth Rs.500. Claim now: http://prize-verify.info/6e44t,yes,No,No
spam,Flipkart is giving away free shopping voucher to 100 lucky customers today. Call 6086046743 immediately to grab yours.,No,No,yes
spam,Congratulations! Your Airtel account is selected for a free smartwatch worth Rs.300. Claim now: http://offer4u-claim.online/ouvgv,yes,No,No
spam,Uber Lucky Draw: You've won a free gold coin! Call 7745703267 now to claim before it expires.,No,No,yes
spam,"Airtel customer service: your refund of Rs.50 is pending, click to claim: http://gift-redeem-now.co.in/8enqs",yes,No,No
spam,Congratulations! Your cult.fit account is selected for a free smartwatch worth Rs.500. Claim now: http://reward-claim24.xyz/xfu4n,yes,No,No
spam,HDFC Bank Lucky Draw: You've won a free gold coin! Call 8090374044 now to claim before it expires.,No,No,yes
spam,"PhonePe customer service: your refund of Rs.500 is pending, click to claim: http://lucky-winner-alert.co/p1q55",yes,No,No
spam,1mg is giving away free gold coin to 100 lucky customers today. Call 7447355458 immediately to grab yours.,No,No,yes
spam,Congratulations! Your Decathlon account is selected for a free smartphone worth Rs.300. Claim now: http://reward-claim24.xyz/yietm,yes,No,No
spam,Airtel Lucky Draw: You've won a free smartwatch! Call 6276982685 now to claim before it expires.,No,No,yes
spam,"1mg customer service: your refund of Rs.150 is pending, click to claim: http://reward-claim24.xyz/bqtmf",yes,No,No
spam,Congratulations! Your Pepperfry account is selected for a free gift hamper worth Rs.200. Claim now: http://offer4u-claim.online/94iqs,yes,No,No
spam,BookMyShow is giving away free shopping voucher to 100 lucky customers today. Call 9332742966 immediately to grab yours.,No,No,yes
spam,Congratulations! Your Zomato account is selected for a free smartwatch worth Rs.300. Claim now: http://gift-redeem-now.co.in/rqn9w,yes,No,No
spam,"Airtel customer service: your refund of Rs.250 is pending, click to claim: http://offer4u-claim.online/tn6eo",yes,No,No
spam,"Decathlon customer service: your refund of Rs.500 is pending, click to claim: http://gift-redeem-now.co.in/a1fbd",yes,No,No
spam,"IRCTC customer service: your refund of Rs.250 is pending, click to claim: http://bonus-cashout.xyz/x1lum",yes,No,No
spam,"IRCTC customer service: your refund of Rs.250 is pending, click to claim: http://reward-claim24.xyz/obnnz",yes,No,No
spam,"SBI Card customer service: your refund of Rs.50 is pending, click to claim: http://lucky-winner-alert.co/g3cal",yes,No,No
spam,Zepto Lucky Draw: You've won a free smartwatch! Call 7222806132 now to claim before it expires.,No,No,yes
spam,IndiGo is giving away free gold coin to 100 lucky customers today. Call 9106954313 immediately to grab yours.,No,No,yes
spam,Nykaa Lucky Draw: You've won a free gold coin! Call 7545460453 now to claim before it expires.,No,No,yes
spam,Flipkart Lucky Draw: You've won a free shopping voucher! Call 8749190431 now to claim before it expires.,No,No,yes
spam,Congratulations! Your Myntra account is selected for a free smartwatch worth Rs.100. Claim now: http://bonus-cashout.xyz/jacg3,yes,No,No
spam,Lenskart is giving away free gold coin to 100 lucky customers today. Call 6254120142 immediately to grab yours.,No,No,yes
spam,Ajio is giving away free smartwatch to 100 lucky customers today. Call 6954275044 immediately to grab yours.,No,No,yes
spam,"Flipkart customer service: your refund of Rs.50 is pending, click to claim: http://gift-redeem-now.co.in/ijo7e",yes,No,No
spam,Airtel is giving away free smartwatch to 100 lucky customers today. Call 8862541968 immediately to grab yours.,No,No,yes
spam,Decathlon Lucky Draw: You've won a free smartphone! Call 6203889825 now to claim before it expires.,No,No,yes
spam,"SBI Card customer service: your refund of Rs.150 is pending, click to claim: http://offer4u-claim.online/60jb4",yes,No,No
spam,Congratulations! Your ICICI Bank account is selected for a free shopping voucher worth Rs.250. Claim now: http://gift-redeem-now.co.in/g98pp,yes,No,No
spam,Congratulations! Your BookMyShow account is selected for a free smartwatch worth Rs.300. Claim now: http://bonus-cashout.xyz/q34o7,yes,No,No
spam,Goibibo is giving away free smartwatch to 100 lucky customers today. Call 7897862869 immediately to grab yours.,No,No,yes
spam,Congratulations! Your SBI Card account is selected for a free gift hamper worth Rs.100. Claim now: http://offer4u-claim.online/s2gsg,yes,No,No
spam,You are the lucky winner of Titan's anniversary contest. Share your bank details to receive your Rs.50 prize.,No,No,No
spam,Uber is giving away free smartwatch to 100 lucky customers today. Call 8248486248 immediately to grab yours.,No,No,yes
spam,Congratulations! Your Policybazaar account is selected for a free gold coin worth Rs.250. Claim now: http://lucky-winner-alert.co/abzsc,yes,No,No
spam,Jio is giving away free gold coin to 100 lucky customers today. Call 6780591624 immediately to grab yours.,No,No,yes
spam,Congratulations! Your Paytm account is selected for a free shopping voucher worth Rs.250. Claim now: http://gift-redeem-now.co.in/e4li4,yes,No,No
spam,Domino's is giving away free shopping voucher to 100 lucky customers today. Call 9891470727 immediately to grab yours.,No,No,yes
spam,Swiggy Lucky Draw: You've won a free smartwatch! Call 6103240624 now to claim before it expires.,No,No,yes
spam,Congratulations! Your Blinkit account is selected for a free gold coin worth Rs.200. Claim now: http://gift-redeem-now.co.in/ff8ev,yes,No,No
spam,Blinkit Lucky Draw: You've won a free gold coin! Call 9022371719 now to claim before it expires.,No,No,yes
spam,Congratulations! Your HDFC Bank account is selected for a free gift hamper worth Rs.500. Claim now: http://bonus-cashout.xyz/deoyq,yes,No,No
spam,Airtel Lucky Draw: You've won a free smartwatch! Call 8124655399 now to claim before it expires.,No,No,yes
spam,Congratulations! Your Amazon Prime Video account is selected for a free smartwatch worth Rs.150. Claim now: http://reward-claim24.xyz/inldv,yes,No,No
spam,Congratulations! Your PhonePe account is selected for a free gift hamper worth Rs.500. Claim now: http://bonus-cashout.xyz/5yk4w,yes,No,No
spam,Nykaa Lucky Draw: You've won a free shopping voucher! Call 7586252013 now to claim before it expires.,No,No,yes
spam,Congratulations! Your BigBasket account is selected for a free gift hamper worth Rs.500. Claim now: http://reward-claim24.xyz/v40r3,yes,No,No
spam,"HDFC Bank customer service: your refund of Rs.250 is pending, click to claim: http://reward-claim24.xyz/o2nlj",yes,No,No
spam,Congratulations! Your Lenskart account is selected for a free smartwatch worth Rs.200. Claim now: http://lucky-winner-alert.co/cpbew,yes,No,No
spam,Myntra Lucky Draw: You've won a free smartphone! Call 7641058561 now to claim before it expires.,No,No,yes
spam,"Ola customer service: your refund of Rs.150 is pending, click to claim: http://prize-verify.info/erkds",yes,No,No
spam,Myntra Lucky Draw: You've won a free shopping voucher! Call 8104154143 now to claim before it expires.,No,No,yes
spam,Congratulations! Your Amazon account is selected for a free smartwatch worth Rs.500. Claim now: http://gift-redeem-now.co.in/1annc,yes,No,No
spam,HDFC Bank is giving away free smartphone to 100 lucky customers today. Call 7526645084 immediately to grab yours.,No,No,yes
spam,"Goibibo customer service: your refund of Rs.500 is pending, click to claim: http://lucky-winner-alert.co/g15ke",yes,No,No
spam,Meesho is giving away free smartwatch to 100 lucky customers today. Call 9967393856 immediately to grab yours.,No,No,yes
spam,"cult.fit customer service: your refund of Rs.200 is pending, click to claim: http://lucky-winner-alert.co/ch0hh",yes,No,No
spam,Congratulations! Your PhonePe account is selected for a free shopping voucher worth Rs.200. Claim now: http://reward-claim24.xyz/v83gg,yes,No,No
spam,"Zomato customer service: your refund of Rs.50 is pending, click to claim: http://gift-redeem-now.co.in/qwaz0",yes,No,No
spam,"Paytm customer service: your refund of Rs.250 is pending, click to claim: http://bonus-cashout.xyz/ysf7k",yes,No,No
spam,"1mg customer service: your refund of Rs.500 is pending, click to claim: http://prize-verify.info/qv9af",yes,No,No
spam,BigBasket Lucky Draw: You've won a free gift hamper! Call 9942863315 now to claim before it expires.,No,No,yes
spam,Lenskart Lucky Draw: You've won a free smartwatch! Call 7985756636 now to claim before it expires.,No,No,yes
spam,PhonePe Lucky Draw: You've won a free gold coin! Call 7416089191 now to claim before it expires.,No,No,yes
spam,Zomato is giving away free shopping voucher to 100 lucky customers today. Call 8561763937 immediately to grab yours.,No,No,yes
spam,IRCTC is giving away free smartphone to 100 lucky customers today. Call 7575990605 immediately to grab yours.,No,No,yes
spam,BigBasket Lucky Draw: You've won a free smartphone! Call 9372787962 now to claim before it expires.,No,No,yes
spam,BigBasket Lucky Draw: You've won a free smartwatch! Call 8007968488 now to claim before it expires.,No,No,yes
spam,Amazon Lucky Draw: You've won a free gift hamper! Call 6725793648 now to claim before it expires.,No,No,yes
spam,Spotify Lucky Draw: You've won a free gift hamper! Call 8064513126 now to claim before it expires.,No,No,yes
spam,Congratulations! Your BookMyShow account is selected for a free shopping voucher worth Rs.150. Claim now: http://offer4u-claim.online/lw323,yes,No,No
spam,Titan Lucky Draw: You've won a free smartphone! Call 6528515629 now to claim before it expires.,No,No,yes
spam,"Spotify customer service: your refund of Rs.150 is pending, click to claim: http://offer4u-claim.online/lvunz",yes,No,No
spam,Congratulations! Your Titan account is selected for a free shopping voucher worth Rs.50. Claim now: http://gift-redeem-now.co.in/syva5,yes,No,No
spam,Spotify is giving away free smartphone to 100 lucky customers today. Call 7214749660 immediately to grab yours.,No,No,yes
spam,Uber Lucky Draw: You've won a free gift hamper! Call 8986526187 now to claim before it expires.,No,No,yes
spam,Axis Bank Lucky Draw: You've won a free gold coin! Call 8375204936 now to claim before it expires.,No,No,yes
spam,"Myntra customer service: your refund of Rs.100 is pending, click to claim: http://offer4u-claim.online/7fdla",yes,No,No
spam,Vi is giving away free smartphone to 100 lucky customers today. Call 9390072170 immediately to grab yours.,No,No,yes
spam,cult.fit is giving away free smartwatch to 100 lucky customers today. Call 6668974102 immediately to grab yours.,No,No,yes
spam,Congratulations! Your PhonePe account is selected for a free shopping voucher worth Rs.150. Claim now: http://offer4u-claim.online/b83se,yes,No,No
spam,"cult.fit customer service: your refund of Rs.500 is pending, click to claim: http://offer4u-claim.online/cefbx",yes,No,No
spam,"HDFC Bank customer service: your refund of Rs.50 is pending, click to claim: http://gift-redeem-now.co.in/rz6t1",yes,No,No
spam,BYJU'S Lucky Draw: You've won a free shopping voucher! Call 7034229197 now to claim before it expires.,No,No,yes
spam,Congratulations! Your HDFC Bank account is selected for a free shopping voucher worth Rs.500. Claim now: http://reward-claim24.xyz/6tj8g,yes,No,No
spam,Congratulations! Your Axis Bank account is selected for a free smartwatch worth Rs.150. Claim now: http://lucky-winner-alert.co/ze2rp,yes,No,No
spam,Goibibo Lucky Draw: You've won a free smartphone! Call 8074482110 now to claim before it expires.,No,No,yes
spam,Congratulations! Your Unacademy account is selected for a free smartphone worth Rs.150. Claim now: http://gift-redeem-now.co.in/n07fo,yes,No,No
spam,You are the lucky winner of Uber's anniversary contest. Share your bank details to receive your Rs.250 prize.,No,No,No
spam,Vi is giving away free gold coin to 100 lucky customers today. Call 8971376705 immediately to grab yours.,No,No,yes
spam,"redBus customer service: your refund of Rs.250 is pending, click to claim: http://gift-redeem-now.co.in/05b6n",yes,No,No
spam,Congratulations! Your PharmEasy account is selected for a free shopping voucher worth Rs.500. Claim now: http://offer4u-claim.online/9ja5c,yes,No,No
spam,Amazon Prime Video Lucky Draw: You've won a free smartphone! Call 9121286794 now to claim before it expires.,No,No,yes
spam,"HDFC Bank customer service: your refund of Rs.200 is pending, click to claim: http://offer4u-claim.online/4vqnz",yes,No,No
spam,IndiGo is giving away free smartwatch to 100 lucky customers today. Call 8403676373 immediately to grab yours.,No,No,yes
spam,Congratulations! Your Unacademy account is selected for a free gift hamper worth Rs.300. Claim now: http://lucky-winner-alert.co/buyp0,yes,No,No
spam,Amazon Lucky Draw: You've won a free smartphone! Call 7422330709 now to claim before it expires.,No,No,yes
spam,Congratulations! Your Zepto account is selected for a free shopping voucher worth Rs.100. Claim now: http://reward-claim24.xyz/rb3mm,yes,No,No
spam,Congratulations! Your Axis Bank account is selected for a free smartwatch worth Rs.150. Claim now: http://bonus-cashout.xyz/udrd3,yes,No,No
spam,Congratulations! Your Decathlon account is selected for a free smartphone worth Rs.150. Claim now: http://reward-claim24.xyz/sdb3q,yes,No,No
spam,Jio Lucky Draw: You've won a free smartwatch! Call 9593582635 now to claim before it expires.,No,No,yes
spam,Amazon is giving away free smartwatch to 100 lucky customers today. Call 9885036445 immediately to grab yours.,No,No,yes
spam,Titan is giving away free smartphone to 100 lucky customers today. Call 9087134504 immediately to grab yours.,No,No,yes
spam,You are the lucky winner of Zepto's anniversary contest. Share your bank details to receive your Rs.150 prize.,No,No,No
spam,You are the lucky winner of Paytm's anniversary contest. Share your bank details to receive your Rs.50 prize.,No,No,No
spam,Ola Lucky Draw: You've won a free gift hamper! Call 7008271818 now to claim before it expires.,No,No,yes
spam,Tanishq Lucky Draw: You've won a free gold coin! Call 8594732827 now to claim before it expires.,No,No,yes
spam,Congratulations! Your Disney+ Hotstar account is selected for a free gold coin worth Rs.50. Claim now: http://prize-verify.info/99b72,yes,No,No
spam,Congratulations! Your Ajio account is selected for a free gift hamper worth Rs.300. Claim now: http://gift-redeem-now.co.in/azcjz,yes,No,No
spam,Congratulations! Your Swiggy account is selected for a free gift hamper worth Rs.250. Claim now: http://reward-claim24.xyz/jbfqz,yes,No,No
spam,ICICI Bank Lucky Draw: You've won a free shopping voucher! Call 8041297517 now to claim before it expires.,No,No,yes
spam,"Ajio customer service: your refund of Rs.300 is pending, click to claim: http://offer4u-claim.online/k6i9z",yes,No,No
spam,"Policybazaar customer service: your refund of Rs.300 is pending, click to claim: http://offer4u-claim.online/2i3tg",yes,No,No
spam,Congratulations! Your Titan account is selected for a free gold coin worth Rs.500. Claim now: http://bonus-cashout.xyz/b3h4q,yes,No,No
spam,Myntra Lucky Draw: You've won a free smartwatch! Call 6178578523 now to claim before it expires.,No,No,yes
spam,Congratulations! Your Decathlon account is selected for a free smartwatch worth Rs.300. Claim now: http://gift-redeem-now.co.in/frf4y,yes,No,No
spam,Ola Lucky Draw: You've won a free gold coin! Call 7997245144 now to claim before it expires.,No,No,yes
spam,Swiggy Lucky Draw: You've won a free gift hamper! Call 9216044659 now to claim before it expires.,No,No,yes
spam,cult.fit Lucky Draw: You've won a free smartwatch! Call 6027133865 now to claim before it expires.,No,No,yes
spam,Decathlon Lucky Draw: You've won a free shopping voucher! Call 7129862161 now to claim before it expires.,No,No,yes
spam,Congratulations! Your IRCTC account is selected for a free gift hamper worth Rs.500. Claim now: http://prize-verify.info/ypjnr,yes,No,No
spam,Ajio is giving away free gold coin to 100 lucky customers today. Call 8691649488 immediately to grab yours.,No,No,yes
spam,Congratulations! Your Nykaa account is selected for a free gift hamper worth Rs.150. Claim now: http://reward-claim24.xyz/ppm0l,yes,No,No
spam,Congratulations! Your Disney+ Hotstar account is selected for a free smartwatch worth Rs.500. Claim now: http://reward-claim24.xyz/xoowd,yes,No,No
spam,BookMyShow Lucky Draw: You've won a free shopping voucher! Call 7415362150 now to claim before it expires.,No,No,yes
spam,Lenskart is giving away free smartwatch to 100 lucky customers today. Call 7427689591 immediately to grab yours.,No,No,yes
spam,ICICI Bank Lucky Draw: You've won a free smartwatch! Call 6903242394 now to claim before it expires.,No,No,yes
spam,Domino's Lucky Draw: You've won a free smartwatch! Call 6636298757 now to claim before it expires.,No,No,yes
spam,Spotify Lucky Draw: You've won a free gift hamper! Call 6286993243 now to claim before it expires.,No,No,yes
spam,BookMyShow Lucky Draw: You've won a free smartphone! Call 9005239359 now to claim before it expires.,No,No,yes
spam,"Ajio customer service: your refund of Rs.100 is pending, click to claim: http://lucky-winner-alert.co/cqqoa",yes,No,No
spam,Congratulations! Your Spotify account is selected for a free smartwatch worth Rs.150. Claim now: http://prize-verify.info/3qsi0,yes,No,No
spam,"HDFC Bank customer service: your refund of Rs.100 is pending, click to claim: http://offer4u-claim.online/u3jfo",yes,No,No
spam,Congratulations! Your Pepperfry account is selected for a free gift hamper worth Rs.500. Claim now: http://gift-redeem-now.co.in/yhqql,yes,No,No
spam,Uber Lucky Draw: You've won a free gold coin! Call 6019271093 now to claim before it expires.,No,No,yes
spam,Paytm is giving away free smartwatch to 100 lucky customers today. Call 7426913761 immediately to grab yours.,No,No,yes
spam,Congratulations! Your redBus account is selected for a free gift hamper worth Rs.500. Claim now: http://reward-claim24.xyz/lf474,yes,No,No
spam,"Swiggy customer service: your refund of Rs.250 is pending, click to claim: http://gift-redeem-now.co.in/pfzgy",yes,No,No
spam,Spotify is giving away free gold coin to 100 lucky customers today. Call 7623381159 immediately to grab yours.,No,No,yes
spam,Ajio is giving away free gold coin to 100 lucky customers today. Call 8127660202 immediately to grab yours.,No,No,yes
spam,"Titan customer service: your refund of Rs.250 is pending, click to claim: http://gift-redeem-now.co.in/fxp46",yes,No,No
spam,Congratulations! Your redBus account is selected for a free smartphone worth Rs.150. Claim now: http://offer4u-claim.online/tryew,yes,No,No
spam,"Titan customer service: your refund of Rs.100 is pending, click to claim: http://prize-verify.info/e5tjm",yes,No,No
spam,Netflix is giving away free smartwatch to 100 lucky customers today. Call 9701615929 immediately to grab yours.,No,No,yes
spam,Congratulations! Your Domino's account is selected for a free smartphone worth Rs.50. Claim now: http://lucky-winner-alert.co/wvhco,yes,No,No
spam,You are the lucky winner of Ajio's anniversary contest. Share your bank details to receive your Rs.50 prize.,No,No,No
spam,ICICI Bank Lucky Draw: You've won a free smartphone! Call 8439264443 now to claim before it expires.,No,No,yes
spam,Congratulations! Your 1mg account is selected for a free smartphone worth Rs.100. Claim now: http://bonus-cashout.xyz/kdx4j,yes,No,No
spam,Goibibo Lucky Draw: You've won a free gift hamper! Call 9764425956 now to claim before it expires.,No,No,yes
spam,Zomato Lucky Draw: You've won a free shopping voucher! Call 8708814849 now to claim before it expires.,No,No,yes
spam,You are the lucky winner of Tanishq's anniversary contest. Share your bank details to receive your Rs.200 prize.,No,No,No
spam,"Policybazaar customer service: your refund of Rs.500 is pending, click to claim: http://lucky-winner-alert.co/9nta4",yes,No,No
spam,Meesho Lucky Draw: You've won a free gift hamper! Call 8039617650 now to claim before it expires.,No,No,yes
spam,"HDFC Bank customer service: your refund of Rs.250 is pending, click to claim: http://bonus-cashout.xyz/ojra2",yes,No,No
spam,Pepperfry Lucky Draw: You've won a free smartwatch! Call 7544508653 now to claim before it expires.,No,No,yes
spam,"Blinkit customer service: your refund of Rs.500 is pending, click to claim: http://lucky-winner-alert.co/3xq0n",yes,No,No
spam,"Pepperfry customer service: your refund of Rs.50 is pending, click to claim: http://gift-redeem-now.co.in/1cnjg",yes,No,No
spam,"Pepperfry customer service: your refund of Rs.500 is pending, click to claim: http://offer4u-claim.online/3nfsq",yes,No,No
spam,"Myntra customer service: your refund of Rs.200 is pending, click to claim: http://reward-claim24.xyz/fcxo9",yes,No,No
spam,Congratulations! Your Flipkart account is selected for a free gift hamper worth Rs.500. Claim now: http://reward-claim24.xyz/822wm,yes,No,No
spam,Congratulations! Your Amazon Prime Video account is selected for a free smartwatch worth Rs.250. Claim now: http://gift-redeem-now.co.in/85ftd,yes,No,No
spam,HDFC Bank Lucky Draw: You've won a free smartphone! Call 8513105480 now to claim before it expires.,No,No,yes
spam,Congratulations! Your Domino's account is selected for a free gold coin worth Rs.250. Claim now: http://lucky-winner-alert.co/1aezu,yes,No,No
spam,Lenskart Lucky Draw: You've won a free smartphone! Call 9142225739 now to claim before it expires.,No,No,yes
spam,"Flipkart customer service: your refund of Rs.50 is pending, click to claim: http://lucky-winner-alert.co/unts8",yes,No,No
spam,Congratulations! Your MakeMyTrip account is selected for a free shopping voucher worth Rs.300. Claim now: http://bonus-cashout.xyz/yl9pi,yes,No,No
spam,"HDFC Bank customer service: your refund of Rs.500 is pending, click to claim: http://prize-verify.info/vclo9",yes,No,No
spam,Congratulations! Your Pepperfry account is selected for a free shopping voucher worth Rs.250. Claim now: http://reward-claim24.xyz/njhrv,yes,No,No
spam,"Domino's customer service: your refund of Rs.300 is pending, click to claim: http://reward-claim24.xyz/wc796",yes,No,No
spam,"Ola customer service: your refund of Rs.250 is pending, click to claim: http://gift-redeem-now.co.in/7ja3s",yes,No,No
spam,Disney+ Hotstar is giving away free smartwatch to 100 lucky customers today. Call 9234730165 immediately to grab yours.,No,No,yes
spam,"BYJU'S customer service: your refund of Rs.150 is pending, click to claim: http://bonus-cashout.xyz/9c51d",yes,No,No
spam,Congratulations! Your PharmEasy account is selected for a free smartwatch worth Rs.500. Claim now: http://reward-claim24.xyz/ct446,yes,No,No
spam,Tanishq is giving away free gold coin to 100 lucky customers today. Call 7311213836 immediately to grab yours.,No,No,yes
spam,"Disney+ Hotstar customer service: your refund of Rs.300 is pending, click to claim: http://offer4u-claim.online/9z8f5",yes,No,No
spam,Congratulations! Your Netflix account is selected for a free gold coin worth Rs.150. Claim now: http://bonus-cashout.xyz/bej8v,yes,No,No
spam,Congratulations! Your boAt account is selected for a free smartphone worth Rs.150. Claim now: http://offer4u-claim.online/ume2i,yes,No,No
spam,Congratulations! Your IndiGo account is selected for a free shopping voucher worth Rs.500. Claim now: http://reward-claim24.xyz/ovcqe,yes,No,No
spam,Amazon Prime Video is giving away free smartwatch to 100 lucky customers today. Call 6662152816 immediately to grab yours.,No,No,yes
spam,Congratulations! Your Ajio account is selected for a free shopping voucher worth Rs.300. Claim now: http://bonus-cashout.xyz/gwpkr,yes,No,No
spam,Congratulations! Your Tanishq account is selected for a free smartphone worth Rs.150. Claim now: http://gift-redeem-now.co.in/xwtsb,yes,No,No
spam,Decathlon is giving away free smartphone to 100 lucky customers today. Call 8504482811 immediately to grab yours.,No,No,yes
spam,Flipkart is giving away free gift hamper to 100 lucky customers today. Call 7232389593 immediately to grab yours.,No,No,yes
spam,"Amazon Prime Video customer service: your refund of Rs.200 is pending, click to claim: http://offer4u-claim.online/uqe2s",yes,No,No
spam,"Flipkart customer service: your refund of Rs.250 is pending, click to claim: http://offer4u-claim.online/qtvbg",yes,No,No
spam,"Zomato customer service: your refund of Rs.100 is pending, click to claim: http://gift-redeem-now.co.in/biuaa",yes,No,No
spam,"Goibibo customer service: your refund of Rs.100 is pending, click to claim: http://bonus-cashout.xyz/ui1yq",yes,No,No
spam,BigBasket Lucky Draw: You've won a free gift hamper! Call 7151794471 now to claim before it expires.,No,No,yes
spam,"Ajio customer service: your refund of Rs.50 is pending, click to claim: http://bonus-cashout.xyz/gfv7h",yes,No,No
spam,PhonePe Lucky Draw: You've won a free smartwatch! Call 7588018816 now to claim before it expires.,No,No,yes
spam,"Jio customer service: your refund of Rs.250 is pending, click to claim: http://bonus-cashout.xyz/1wtcj",yes,No,No
spam,Meesho is giving away free shopping voucher to 100 lucky customers today. Call 7318212777 immediately to grab yours.,No,No,yes
spam,Congratulations! Your redBus account is selected for a free smartphone worth Rs.50. Claim now: http://lucky-winner-alert.co/1xtzf,yes,No,No
spam,Meesho Lucky Draw: You've won a free shopping voucher! Call 8582868412 now to claim before it expires.,No,No,yes
spam,Congratulations! Your Zomato account is selected for a free smartphone worth Rs.50. Claim now: http://bonus-cashout.xyz/7ylty,yes,No,No
spam,MakeMyTrip Lucky Draw: You've won a free smartphone! Call 7782839033 now to claim before it expires.,No,No,yes
spam,Congratulations! Your Airtel account is selected for a free smartphone worth Rs.50. Claim now: http://bonus-cashout.xyz/isszi,yes,No,No
spam,Congratulations! Your Ola account is selected for a free smartphone worth Rs.100. Claim now: http://bonus-cashout.xyz/2ppr6,yes,No,No
spam,1mg is giving away free smartphone to 100 lucky customers today. Call 8611999977 immediately to grab yours.,No,No,yes
spam,Goibibo is giving away free gold coin to 100 lucky customers today. Call 6725526741 immediately to grab yours.,No,No,yes
spam,Congratulations! Your Nykaa account is selected for a free shopping voucher worth Rs.200. Claim now: http://bonus-cashout.xyz/m4ocb,yes,No,No
spam,"Spotify customer service: your refund of Rs.50 is pending, click to claim: http://gift-redeem-now.co.in/bzy5b",yes,No,No
spam,Congratulations! Your Policybazaar account is selected for a free gift hamper worth Rs.200. Claim now: http://lucky-winner-alert.co/7krf6,yes,No,No
spam,Vi is giving away free smartwatch to 100 lucky customers today. Call 9740887195 immediately to grab yours.,No,No,yes
spam,Flipkart Lucky Draw: You've won a free smartphone! Call 6882413129 now to claim before it expires.,No,No,yes
spam,cult.fit is giving away free shopping voucher to 100 lucky customers today. Call 7056221708 immediately to grab yours.,No,No,yes
spam,Flipkart is giving away free gift hamper to 100 lucky customers today. Call 7562527059 immediately to grab yours.,No,No,yes
spam,"Uber customer service: your refund of Rs.150 is pending, click to claim: http://bonus-cashout.xyz/db0yl",yes,No,No
spam,You are the lucky winner of PhonePe's anniversary contest. Share your bank details to receive your Rs.50 prize.,No,No,No
spam,Congratulations! Your Zepto account is selected for a free gold coin worth Rs.150. Claim now: http://lucky-winner-alert.co/eoeao,yes,No,No
spam,Flipkart is giving away free gift hamper to 100 lucky customers today. Call 9430296034 immediately to grab yours.,No,No,yes
spam,You are the lucky winner of Titan's anniversary contest. Share your bank details to receive your Rs.300 prize.,No,No,No
spam,"Policybazaar customer service: your refund of Rs.150 is pending, click to claim: http://offer4u-claim.online/ds9vr",yes,No,No
spam,Disney+ Hotstar Lucky Draw: You've won a free gold coin! Call 6873084785 now to claim before it expires.,No,No,yes
spam,IRCTC Lucky Draw: You've won a free gold coin! Call 7223982166 now to claim before it expires.,No,No,yes
spam,Policybazaar is giving away free gold coin to 100 lucky customers today. Call 7012721942 immediately to grab yours.,No,No,yes
spam,Disney+ Hotstar Lucky Draw: You've won a free smartphone! Call 7544659667 now to claim before it expires.,No,No,yes
spam,Congratulations! Your Lenskart account is selected for a free smartwatch worth Rs.500. Claim now: http://prize-verify.info/ezomg,yes,No,No
spam,Unacademy Lucky Draw: You've won a free gift hamper! Call 7649135906 now to claim before it expires.,No,No,yes
spam,Congratulations! Your Ola account is selected for a free smartwatch worth Rs.150. Claim now: http://lucky-winner-alert.co/gerj7,yes,No,No
spam,BookMyShow Lucky Draw: You've won a free shopping voucher! Call 9490140417 now to claim before it expires.,No,No,yes
spam,Congratulations! Your HDFC Bank account is selected for a free smartphone worth Rs.50. Claim now: http://lucky-winner-alert.co/xi0ub,yes,No,No
spam,Amazon Prime Video is giving away free gift hamper to 100 lucky customers today. Call 8826758765 immediately to grab yours.,No,No,yes
spam,"Titan customer service: your refund of Rs.150 is pending, click to claim: http://reward-claim24.xyz/rl795",yes,No,No
spam,"Domino's customer service: your refund of Rs.250 is pending, click to claim: http://bonus-cashout.xyz/cm03l",yes,No,No
spam,BYJU'S is giving away free smartwatch to 100 lucky customers today. Call 6889562596 immediately to grab yours.,No,No,yes
spam,Tanishq is giving away free smartphone to 100 lucky customers today. Call 7609467784 immediately to grab yours.,No,No,yes
spam,"Domino's customer service: your refund of Rs.150 is pending, click to claim: http://lucky-winner-alert.co/9k1yj",yes,No,No
spam,"Nykaa customer service: your refund of Rs.150 is pending, click to claim: http://reward-claim24.xyz/l8bvl",yes,No,No
spam,Congratulations! Your Unacademy account is selected for a free shopping voucher worth Rs.250. Claim now: http://gift-redeem-now.co.in/6zxl9,yes,No,No
spam,"Unacademy customer service: your refund of Rs.300 is pending, click to claim: http://reward-claim24.xyz/sy9yd",yes,No,No
spam,Paytm is giving away free gift hamper to 100 lucky customers today. Call 6820426936 immediately to grab yours.,No,No,yes
spam,Jio Lucky Draw: You've won a free gold coin! Call 9581726750 now to claim before it expires.,No,No,yes
spam,Unacademy Lucky Draw: You've won a free smartwatch! Call 7034764635 now to claim before it expires.,No,No,yes
spam,Amazon is giving away free shopping voucher to 100 lucky customers today. Call 7206898424 immediately to grab yours.,No,No,yes
spam,Axis Bank Lucky Draw: You've won a free smartphone! Call 6338446061 now to claim before it expires.,No,No,yes
spam,Congratulations! Your Amazon account is selected for a free gift hamper worth Rs.200. Claim now: http://offer4u-claim.online/mma89,yes,No,No
spam,Axis Bank Lucky Draw: You've won a free gift hamper! Call 7269624300 now to claim before it expires.,No,No,yes
spam,Amazon Lucky Draw: You've won a free smartwatch! Call 7266966800 now to claim before it expires.,No,No,yes
spam,Goibibo Lucky Draw: You've won a free shopping voucher! Call 8296603394 now to claim before it expires.,No,No,yes
spam,Policybazaar Lucky Draw: You've won a free smartwatch! Call 6499633204 now to claim before it expires.,No,No,yes
spam,Congratulations! Your Airtel account is selected for a free gift hamper worth Rs.50. Claim now: http://prize-verify.info/d5575,yes,No,No
spam,"Decathlon customer service: your refund of Rs.50 is pending, click to claim: http://bonus-cashout.xyz/czke2",yes,No,No
spam,Congratulations! Your PhonePe account is selected for a free shopping voucher worth Rs.50. Claim now: http://gift-redeem-now.co.in/vzsot,yes,No,No
spam,You are the lucky winner of Domino's's anniversary contest. Share your bank details to receive your Rs.150 prize.,No,No,No
spam,You are the lucky winner of HDFC Bank's anniversary contest. Share your bank details to receive your Rs.200 prize.,No,No,No
spam,Congratulations! Your CRED account is selected for a free smartphone worth Rs.200. Claim now: http://bonus-cashout.xyz/42m3g,yes,No,No
spam,Congratulations! Your Spotify account is selected for a free smartwatch worth Rs.500. Claim now: http://reward-claim24.xyz/73807,yes,No,No
spam,Congratulations! Your Tanishq account is selected for a free smartphone worth Rs.500. Claim now: http://offer4u-claim.online/vdpum,yes,No,No
spam,"Lenskart customer service: your refund of Rs.100 is pending, click to claim: http://lucky-winner-alert.co/dl6sh",yes,No,No
spam,MakeMyTrip Lucky Draw: You've won a free smartwatch! Call 7084430646 now to claim before it expires.,No,No,yes
spam,Congratulations! Your Flipkart account is selected for a free shopping voucher worth Rs.500. Claim now: http://bonus-cashout.xyz/y9vbz,yes,No,No
spam,Amazon Prime Video Lucky Draw: You've won a free gift hamper! Call 8109954256 now to claim before it expires.,No,No,yes
spam,"HDFC Bank customer service: your refund of Rs.200 is pending, click to claim: http://offer4u-claim.online/45wn8",yes,No,No
spam,"cult.fit customer service: your refund of Rs.50 is pending, click to claim: http://offer4u-claim.online/ei06p",yes,No,No
spam,HDFC Bank is giving away free gold coin to 100 lucky customers today. Call 6338748587 immediately to grab yours.,No,No,yes
spam,You are the lucky winner of boAt's anniversary contest. Share your bank details to receive your Rs.500 prize.,No,No,No
spam,"Goibibo customer service: your refund of Rs.50 is pending, click to claim: http://lucky-winner-alert.co/wyt37",yes,No,No
