LABEL,TEXT,URL,EMAIL,PHONE
ham,"Blinkit ki Great Indian Festival miss mat karein - storewide 60% tak off, sirf limited time ke liye: https://blinkit.com/offers/ZxzLq8",yes,No,No
ham,Domino's par naye arrivals aa gaye hain! Latest home decor collection dekhein: https://dominos.co.in/offers/7i31SF,yes,No,No
ham,"IRCTC members ko hamare festive sale ka early access milta hai, select routes par 50% off: https://irctc.co.in/offers/wYZ8qu",yes,No,No
ham,"Ajio ki Year End Sale miss mat karein - storewide 50% tak off, sirf limited time ke liye: https://ajio.com/sale/6lWbw9",yes,No,No
ham,Aapne 100 PhonePe reward points kamaye hain. Agli transaction par redeem karein: https://phonepe.com/rewards/iV3VZr,yes,No,No
ham,Aapne 100 PhonePe reward points kamaye hain. Agli transaction par redeem karein: https://phonepe.com/rewards/5KMCkk,yes,No,No
ham,"redBus members ko hamare festive sale ka early access milta hai, select routes par 10% off: https://redbus.in/offers/GEK6Wz",yes,No,No
ham,"MakeMyTrip: Abhi book karein aur agli trip par 50% off paayein, 18-04-2026 tak valid. Details: https://makemytrip.com/deals/BVWx0S",yes,No,No
ham,Aapka Spotify subscription 18-02-2025 ko renew hoga. Annual plan par upgrade karein aur 30% bachayein: https://spotify.com/premium/qXP55d,yes,No,No
ham,"IRCTC: Abhi book karein aur agli trip par 30% off paayein, 23-02-2025 tak valid. Details: https://irctc.co.in/offers/T8E4Vi",yes,No,No
ham,Limited period: aaj hi apni BYJU'S membership upgrade karein aur annual fee par Rs.500 bachayein: https://byjus.com/offers/s3dIiD,yes,No,No
ham,"BYJU'S member hone ke naate, aaj se hamare 70% off renewal offer ka early access paayein: https://byjus.com/offers/ZFZahr",yes,No,No
ham,"Uber par flash sale! Fares Rs.200 se shuru, limited period ke liye. Yahan book karein: https://uber.com/promotions/0gBIbT",yes,No,No
ham,"1mg ki Great Indian Festival miss mat karein - storewide 60% tak off, sirf limited time ke liye: https://1mg.com/offers/r76OEw",yes,No,No
ham,"Big Billion Days sirf Flipkart par: home decor par flat 70% tak chhoot, abhi app download karein: https://flipkart.com/sale/yEzoBy",yes,No,No
ham,"Ola members ko hamare festive sale ka early access milta hai, select routes par 50% off: https://olacabs.com/offers/BibK9j",yes,No,No
ham,"MakeMyTrip par flash sale! Fares Rs.100 se shuru, limited period ke liye. Yahan book karein: https://makemytrip.com/deals/HDszgB",yes,No,No
ham,"Aapka pichla Zepto order pasand aaya tha? Agli order par 25% off, 20-09-2026 tak valid: https://zepto.com/offers/58KjiW",yes,No,No
ham,ICICI Bank: Is hafte app se bill payment karne par 70% cashback paayein. Details: https://icicibank.com/offers/hO9vSd,yes,No,No
ham,Aapka Disney+ Hotstar plan benefit aaj khatam ho raha hai. Extra data na khone ke liye midnight se pehle renew karein: https://hotstar.com/subscribe/7pbvXK,yes,No,No
ham,Limited period: aaj hi apni Spotify membership upgrade karein aur annual fee par Rs.200 bachayein: https://spotify.com/premium/nQ7Mej,yes,No,No
ham,"Uber: Abhi book karein aur agli trip par 50% off paayein, 28-03-2025 tak valid. Details: https://uber.com/promotions/UCAMFV",yes,No,No
ham,"Swiggy app abhi kholein aur pao exclusive app-only deal 15% off, sirf aaj: https://swiggy.com/offers/ISYv8s",yes,No,No
ham,"IRCTC: Abhi book karein aur agli trip par 50% off paayein, 02-06-2025 tak valid. Details: https://irctc.co.in/offers/DCkXIX",yes,No,No
ham,Aapne 300 Axis Bank reward points kamaye hain. Agli transaction par redeem karein: https://axisbank.com/offers/PTfPon,yes,No,No
ham,Aapka Unacademy subscription 13-01-2026 ko renew hoga. Annual plan par upgrade karein aur 15% bachayein: https://unacademy.com/offers/fk3wbO,yes,No,No
ham,"Great Indian Festival sirf Ajio par: groceries par flat 80% tak chhoot, abhi app download karein: https://ajio.com/sale/XAm5q8",yes,No,No
ham,"End of Season Sale sirf Zepto par: fashion par flat 50% tak chhoot, abhi app download karein: https://zepto.com/offers/oyE7ba",yes,No,No
ham,Axis Bank: Is hafte app se bill payment karne par 60% cashback paayein. Details: https://axisbank.com/offers/wiDvsV,yes,No,No
ham,"IRCTC: Abhi book karein aur agli trip par 40% off paayein, 03-06-2026 tak valid. Details: https://irctc.co.in/offers/7Cr5Zo",yes,No,No
ham,"IndiGo members ko hamare festive sale ka early access milta hai, select routes par 50% off: https://goindigo.in/offers/sVngKl",yes,No,No
ham,"MakeMyTrip: Abhi book karein aur agli trip par 70% off paayein, 07-10-2026 tak valid. Details: https://makemytrip.com/deals/cdVIVL",yes,No,No
ham,"IndiGo par flash sale! Fares Rs.300 se shuru, limited period ke liye. Yahan book karein: https://goindigo.in/offers/nrJqkm",yes,No,No
ham,CRED: Dost ko refer karein aur dono ko 750 reward points milenge. Code OGZI71 share karein: https://cred.club/rewards/A44lUb,yes,No,No
ham,"Unacademy member hone ke naate, aaj se hamare 60% off renewal offer ka early access paayein: https://unacademy.com/offers/ErosmZ",yes,No,No
ham,"IndiGo: Abhi book karein aur agli trip par 10% off paayein, 20-10-2026 tak valid. Details: https://goindigo.in/offers/NyXIao",yes,No,No
ham,"Zepto ki Year End Sale ke aakhri kuch ghante! 80% tak off, aaj raat khatam hone se pehle shop karein: https://zepto.com/offers/5k5xEz",yes,No,No
ham,"redBus par flash sale! Fares Rs.50 se shuru, limited period ke liye. Yahan book karein: https://redbus.in/offers/p0aSDY",yes,No,No
ham,"Hi Vikram, aapke Pepperfry cart ke items ab sale mein hain. Order complete karein: https://pepperfry.com/sale/D28ZXd",yes,No,No
ham,"MakeMyTrip par flash sale! Fares Rs.300 se shuru, limited period ke liye. Yahan book karein: https://makemytrip.com/deals/EiQ1dR",yes,No,No
ham,Aapne 300 HDFC Bank reward points kamaye hain. Agli transaction par redeem karein: https://hdfcbank.com/offers/9Q8Ftr,yes,No,No
ham,"BYJU'S member hone ke naate, aaj se hamare 10% off renewal offer ka early access paayein: https://byjus.com/offers/Qg6e4X",yes,No,No
ham,"Ola members ko hamare festive sale ka early access milta hai, select routes par 25% off: https://olacabs.com/offers/cBTUp0",yes,No,No
ham,Zepto par dost ko invite karein aur dono ko Rs.150 off milega. Code VUQH55 share karein: https://zepto.com/offers/gf5cKD,yes,No,No
ham,"Great Indian Festival sirf Pepperfry par: footwear par flat 80% tak chhoot, abhi app download karein: https://pepperfry.com/sale/kKf5q3",yes,No,No
ham,"IRCTC: Abhi book karein aur agli trip par 20% off paayein, 14-04-2026 tak valid. Details: https://irctc.co.in/offers/EGO5qH",yes,No,No
ham,Aapka Disney+ Hotstar plan jald expire ho raha hai. Abhi renew karein aur pehle 3 mahino par 50% off paayein: https://hotstar.com/subscribe/kcRBJg,yes,No,No
ham,"Titan Monsoon Sale LIVE hai! groceries par 70% tak ki chhoot, stock khatam hone se pehle jaldi karein: https://titan.co.in/sale/UsTbm0",yes,No,No
ham,"Uber members ko hamare festive sale ka early access milta hai, select routes par 70% off: https://uber.com/promotions/4dDPzj",yes,No,No
ham,Aapka Jio subscription 15-02-2026 ko renew hoga. Annual plan par upgrade karein aur 40% bachayein: https://jio.com/offers/we56OR,yes,No,No
ham,"Hi Anita, aapke boAt cart ke items ab sale mein hain. Order complete karein: https://boat-lifestyle.com/sale/a0bkqL",yes,No,No
ham,"Ola par flash sale! Fares Rs.250 se shuru, limited period ke liye. Yahan book karein: https://olacabs.com/offers/y81S86",yes,No,No
ham,"Goibibo: Abhi book karein aur agli trip par 50% off paayein, 22-07-2025 tak valid. Details: https://goibibo.com/deals/wFobNh",yes,No,No
ham,Aapka Policybazaar plan jald expire ho raha hai. Abhi renew karein aur pehle 3 mahino par 20% off paayein: https://policybazaar.com/renew/9cQBS1,yes,No,No
ham,PhonePe: Dost ko refer karein aur dono ko 300 reward points milenge. Code NUNF84 share karein: https://phonepe.com/rewards/MqECEW,yes,No,No
ham,Aapne 1000 CRED reward points kamaye hain. Agli transaction par redeem karein: https://cred.club/rewards/DtkpZZ,yes,No,No
ham,"IndiGo: Abhi book karein aur agli trip par 60% off paayein, 07-06-2025 tak valid. Details: https://goindigo.in/offers/OFBvhu",yes,No,No
ham,"Goibibo par flash sale! Fares Rs.150 se shuru, limited period ke liye. Yahan book karein: https://goibibo.com/deals/1h49E9",yes,No,No
ham,Limited period: aaj hi apni Unacademy membership upgrade karein aur annual fee par Rs.300 bachayein: https://unacademy.com/offers/bD9M0o,yes,No,No
ham,Aakhri mauka: aapke Airtel bonus data offer aaj raat expire ho raha hai. Extra benefit ke liye abhi recharge karein: https://airtel.in/offers/4lJi2D,yes,No,No
ham,Aapka cult.fit subscription 23-09-2025 ko renew hoga. Annual plan par upgrade karein aur 15% bachayein: https://cult.fit/offers/XCKPgb,yes,No,No
ham,"IRCTC: Abhi book karein aur agli trip par 60% off paayein, 15-03-2026 tak valid. Details: https://irctc.co.in/offers/KM9jjO",yes,No,No
ham,Aakhri mauka: aapke Vi bonus data offer aaj raat expire ho raha hai. Extra benefit ke liye abhi recharge karein: https://myvi.in/offers/dERStp,yes,No,No
ham,CRED: Is hafte app se bill payment karne par 30% cashback paayein. Details: https://cred.club/rewards/CBE6op,yes,No,No
ham,"1mg ki End of Season Sale miss mat karein - storewide 50% tak off, sirf limited time ke liye: https://1mg.com/offers/EnLvzE",yes,No,No
ham,Aapka BYJU'S subscription 24-05-2026 ko renew hoga. Annual plan par upgrade karein aur 25% bachayein: https://byjus.com/offers/9JQqLE,yes,No,No
ham,"Ajio app abhi kholein aur pao exclusive app-only deal 10% off, sirf aaj: https://ajio.com/sale/yCTiYU",yes,No,No
ham,Limited period: aaj hi apni Disney+ Hotstar membership upgrade karein aur annual fee par Rs.250 bachayein: https://hotstar.com/subscribe/94mydr,yes,No,No
ham,ICICI Bank: Dost ko refer karein aur dono ko 500 reward points milenge. Code VZMV59 share karein: https://icicibank.com/offers/Cof2YW,yes,No,No
ham,Aapne 100 HDFC Bank reward points kamaye hain. Agli transaction par redeem karein: https://hdfcbank.com/offers/FNcrYC,yes,No,No
ham,"Sirf aaj ke liye: Swiggy par footwear par flat 10% off mil raha hai, aadhi raat se pehle order karein: https://swiggy.com/offers/IS7Ka8",yes,No,No
ham,"MakeMyTrip: Abhi book karein aur agli trip par 25% off paayein, 04-02-2025 tak valid. Details: https://makemytrip.com/deals/FR1uhA",yes,No,No
ham,Pepperfry ki Big Sale live hai! kitchen appliances par 20% tak ki chhoot. Abhi shop karein: https://pepperfry.com/sale/x7bqIJ,yes,No,No
ham,"Year End Sale sirf Zomato par: kitchen appliances par flat 75% tak chhoot, abhi app download karein: https://zomato.com/gold/3dNcDa",yes,No,No
ham,"IRCTC members ko hamare festive sale ka early access milta hai, select routes par 50% off: https://irctc.co.in/offers/Ys6YRi",yes,No,No
ham,"redBus members ko hamare festive sale ka early access milta hai, select routes par 30% off: https://redbus.in/offers/S7p73N",yes,No,No
ham,Aapne 100 CRED reward points kamaye hain. Agli transaction par redeem karein: https://cred.club/rewards/odu3Ra,yes,No,No
ham,"Diwali ki hardik shubhkamnayein! Titan par 10% off ke saath celebrate karein, sirf hamare valued customers ke liye: https://titan.co.in/sale/iPlv0Z",yes,No,No
ham,"Hi Raj, aapke Pepperfry cart ke items ab sale mein hain. Order complete karein: https://pepperfry.com/sale/ruhzED",yes,No,No
ham,"IndiGo members ko hamare festive sale ka early access milta hai, select routes par 20% off: https://goindigo.in/offers/vR5Ynu",yes,No,No
ham,CRED: Is hafte app se bill payment karne par 20% cashback paayein. Details: https://cred.club/rewards/vCa07h,yes,No,No
ham,Aapka Unacademy plan benefit aaj khatam ho raha hai. Extra data na khone ke liye midnight se pehle renew karein: https://unacademy.com/offers/CdWk7M,yes,No,No
ham,"Jio member hone ke naate, aaj se hamare 40% off renewal offer ka early access paayein: https://jio.com/offers/DEkf9P",yes,No,No
ham,"IndiGo: Abhi book karein aur agli trip par 25% off paayein, 16-09-2025 tak valid. Details: https://goindigo.in/offers/S6AFod",yes,No,No
ham,ICICI Bank: Is hafte app se bill payment karne par 60% cashback paayein. Details: https://icicibank.com/offers/eqO0bN,yes,No,No
ham,"BYJU'S member hone ke naate, aaj se hamare 40% off renewal offer ka early access paayein: https://byjus.com/offers/WREAvR",yes,No,No
ham,Ajio par naye arrivals aa gaye hain! Latest footwear collection dekhein: https://ajio.com/sale/NUkDbe,yes,No,No
ham,"Happy Birthday Sneha! Aapke liye Rs.500 ka Flipkart voucher, is mahine valid: https://flipkart.com/sale/cqsZnn",yes,No,No
ham,Limited period: aaj hi apni Policybazaar membership upgrade karein aur annual fee par Rs.300 bachayein: https://policybazaar.com/renew/gIBzzz,yes,No,No
ham,Aapka BYJU'S plan benefit aaj khatam ho raha hai. Extra data na khone ke liye midnight se pehle renew karein: https://byjus.com/offers/czaEA3,yes,No,No
ham,"IndiGo members ko hamare festive sale ka early access milta hai, select routes par 30% off: https://goindigo.in/offers/0FMCFV",yes,No,No
ham,"MakeMyTrip members ko hamare festive sale ka early access milta hai, select routes par 15% off: https://makemytrip.com/deals/BqnMiV",yes,No,No
ham,Aapka Vi plan jald expire ho raha hai. Abhi renew karein aur pehle 3 mahino par 50% off paayein: https://myvi.in/offers/p9XDim,yes,No,No
ham,"IndiGo: Abhi book karein aur agli trip par 10% off paayein, 26-09-2026 tak valid. Details: https://goindigo.in/offers/MUu8KE",yes,No,No
ham,Aapne 100 CRED reward points kamaye hain. Agli transaction par redeem karein: https://cred.club/rewards/pjyQwX,yes,No,No
ham,"redBus: Abhi book karein aur agli trip par 10% off paayein, 28-09-2026 tak valid. Details: https://redbus.in/offers/eVZOkP",yes,No,No
ham,Pepperfry par naye arrivals aa gaye hain! Latest electronics collection dekhein: https://pepperfry.com/sale/bROh29,yes,No,No
ham,Aapka Spotify plan jald expire ho raha hai. Abhi renew karein aur pehle 3 mahino par 15% off paayein: https://spotify.com/premium/rg4O2X,yes,No,No
ham,ICICI Bank: Dost ko refer karein aur dono ko 100 reward points milenge. Code PSGQ41 share karein: https://icicibank.com/offers/tJanvQ,yes,No,No
ham,"Zepto ki Independence Day Sale ke aakhri kuch ghante! 70% tak off, aaj raat khatam hone se pehle shop karein: https://zepto.com/offers/ox7CZY",yes,No,No
ham,"1mg app abhi kholein aur pao exclusive app-only deal 30% off, sirf aaj: https://1mg.com/offers/ZwVSpg",yes,No,No
ham,Aapne 200 Axis Bank reward points kamaye hain. Agli transaction par redeem karein: https://axisbank.com/offers/sOVGPy,yes,No,No
ham,"Ola par flash sale! Fares Rs.300 se shuru, limited period ke liye. Yahan book karein: https://olacabs.com/offers/qvjpLd",yes,No,No
ham,"MakeMyTrip members ko hamare festive sale ka early access milta hai, select routes par 20% off: https://makemytrip.com/deals/y4pw88",yes,No,No
ham,"redBus members ko hamare festive sale ka early access milta hai, select routes par 70% off: https://redbus.in/offers/5bqMXm",yes,No,No
ham,"IndiGo members ko hamare festive sale ka early access milta hai, select routes par 70% off: https://goindigo.in/offers/llW87c",yes,No,No
ham,Aapne 250 SBI Card reward points kamaye hain. Agli transaction par redeem karein: https://sbicard.com/offers/JAozqf,yes,No,No
ham,Limited period: aaj hi apni Unacademy membership upgrade karein aur annual fee par Rs.100 bachayein: https://unacademy.com/offers/SCet5A,yes,No,No
ham,Limited period: aaj hi apni Policybazaar membership upgrade karein aur annual fee par Rs.100 bachayein: https://policybazaar.com/renew/88HA1X,yes,No,No
ham,Ajio par naye arrivals aa gaye hain! Latest footwear collection dekhein: https://ajio.com/sale/OcLGbf,yes,No,No
ham,Aapka Policybazaar plan jald expire ho raha hai. Abhi renew karein aur pehle 3 mahino par 70% off paayein: https://policybazaar.com/renew/SijaEX,yes,No,No
ham,"Uber members ko hamare festive sale ka early access milta hai, select routes par 50% off: https://uber.com/promotions/SyQdcE",yes,No,No
ham,"boAt ki Big Billion Days miss mat karein - storewide 70% tak off, sirf limited time ke liye: https://boat-lifestyle.com/sale/MvaXsp",yes,No,No
ham,"Hi Anita, aapke 1mg cart ke items ab sale mein hain. Order complete karein: https://1mg.com/offers/ao9U2C",yes,No,No
ham,"IndiGo par flash sale! Fares Rs.300 se shuru, limited period ke liye. Yahan book karein: https://goindigo.in/offers/9ygHBq",yes,No,No
ham,"boAt app abhi kholein aur pao exclusive app-only deal 60% off, sirf aaj: https://boat-lifestyle.com/sale/ZLcfbr",yes,No,No
ham,Aakhri mauka: aapke BYJU'S bonus data offer aaj raat expire ho raha hai. Extra benefit ke liye abhi recharge karein: https://byjus.com/offers/fq9U8c,yes,No,No
ham,"Amazon ki Independence Day Sale miss mat karein - storewide 70% tak off, sirf limited time ke liye: https://amazon.in/deals/PKNe9X",yes,No,No
ham,Axis Bank: Is hafte app se bill payment karne par 40% cashback paayein. Details: https://axisbank.com/offers/KyZL9D,yes,No,No
ham,"Myntra app abhi kholein aur pao exclusive app-only deal 15% off, sirf aaj: https://myntra.com/offers/g5oNgK",yes,No,No
ham,Aapka Unacademy subscription 23-08-2026 ko renew hoga. Annual plan par upgrade karein aur 70% bachayein: https://unacademy.com/offers/bTmX3R,yes,No,No
ham,Limited period: aaj hi apni Policybazaar membership upgrade karein aur annual fee par Rs.200 bachayein: https://policybazaar.com/renew/0uYtOa,yes,No,No
ham,"IndiGo: Abhi book karein aur agli trip par 70% off paayein, 25-03-2025 tak valid. Details: https://goindigo.in/offers/WT13jt",yes,No,No
ham,"Goibibo: Abhi book karein aur agli trip par 10% off paayein, 07-08-2026 tak valid. Details: https://goibibo.com/deals/p1zOr7",yes,No,No
ham,"Uber: Abhi book karein aur agli trip par 70% off paayein, 01-08-2026 tak valid. Details: https://uber.com/promotions/pdzvjJ",yes,No,No
ham,Aapka Netflix subscription 19-07-2025 ko renew hoga. Annual plan par upgrade karein aur 70% bachayein: https://netflix.com/account/ocAutM,yes,No,No
ham,"Monsoon Sale sirf Titan par: footwear par flat 70% tak chhoot, abhi app download karein: https://titan.co.in/sale/7JtLRf",yes,No,No
ham,PhonePe: Dost ko refer karein aur dono ko 150 reward points milenge. Code YHUX24 share karein: https://phonepe.com/rewards/fu9ERZ,yes,No,No
ham,"Unacademy member hone ke naate, aaj se hamare 40% off renewal offer ka early access paayein: https://unacademy.com/offers/7P9wlk",yes,No,No
ham,Aakhri mauka: aapke Policybazaar bonus data offer aaj raat expire ho raha hai. Extra benefit ke liye abhi recharge karein: https://policybazaar.com/renew/luhC3R,yes,No,No
ham,"cult.fit member hone ke naate, aaj se hamare 40% off renewal offer ka early access paayein: https://cult.fit/offers/pX4oYF",yes,No,No
ham,"Decathlon End of Season Sale LIVE hai! groceries par 50% tak ki chhoot, stock khatam hone se pehle jaldi karein: https://decathlon.in/sale/VHeQu5",yes,No,No
ham,"redBus members ko hamare festive sale ka early access milta hai, select routes par 40% off: https://redbus.in/offers/U2U4W4",yes,No,No
ham,"cult.fit member hone ke naate, aaj se hamare 40% off renewal offer ka early access paayein: https://cult.fit/offers/fVXwWk",yes,No,No
ham,Aapne 250 Axis Bank reward points kamaye hain. Agli transaction par redeem karein: https://axisbank.com/offers/j4AXWF,yes,No,No
ham,Aakhri mauka: aapke Disney+ Hotstar bonus data offer aaj raat expire ho raha hai. Extra benefit ke liye abhi recharge karein: https://hotstar.com/subscribe/I3nJ8G,yes,No,No
ham,BigBasket par dost ko invite karein aur dono ko Rs.500 off milega. Code GIUL12 share karein: https://bigbasket.com/offers/GkuMWr,yes,No,No
ham,Axis Bank: Dost ko refer karein aur dono ko 500 reward points milenge. Code BEVM67 share karein: https://axisbank.com/offers/ieAhzc,yes,No,No
ham,HDFC Bank: Dost ko refer karein aur dono ko 250 reward points milenge. Code GWFH11 share karein: https://hdfcbank.com/offers/74oiRQ,yes,No,No
ham,PhonePe: Is hafte app se bill payment karne par 70% cashback paayein. Details: https://phonepe.com/rewards/EQIePH,yes,No,No
ham,"Hi Rahul, aapke BigBasket cart ke items ab sale mein hain. Order complete karein: https://bigbasket.com/offers/Eu4cfa",yes,No,No
ham,Aakhri mauka: aapke Unacademy bonus data offer aaj raat expire ho raha hai. Extra benefit ke liye abhi recharge karein: https://unacademy.com/offers/Ogedim,yes,No,No
ham,"Titan Diwali Dhamaka Sale LIVE hai! fashion par 75% tak ki chhoot, stock khatam hone se pehle jaldi karein: https://titan.co.in/sale/77trq0",yes,No,No
ham,"redBus members ko hamare festive sale ka early access milta hai, select routes par 60% off: https://redbus.in/offers/R3YcuV",yes,No,No
ham,Aapne 1000 Axis Bank reward points kamaye hain. Agli transaction par redeem karein: https://axisbank.com/offers/Nii8LE,yes,No,No
ham,PhonePe: Dost ko refer karein aur dono ko 750 reward points milenge. Code HSJO32 share karein: https://phonepe.com/rewards/y1zdCD,yes,No,No
ham,Aapka BYJU'S subscription 20-03-2026 ko renew hoga. Annual plan par upgrade karein aur 20% bachayein: https://byjus.com/offers/ewM5TV,yes,No,No
ham,"Jio member hone ke naate, aaj se hamare 30% off renewal offer ka early access paayein: https://jio.com/offers/Qjw5ro",yes,No,No
ham,"redBus: Abhi book karein aur agli trip par 15% off paayein, 21-04-2026 tak valid. Details: https://redbus.in/offers/llRxwW",yes,No,No
ham,"Uber par flash sale! Fares Rs.150 se shuru, limited period ke liye. Yahan book karein: https://uber.com/promotions/tL9p26",yes,No,No
ham,"IRCTC: Abhi book karein aur agli trip par 25% off paayein, 05-02-2026 tak valid. Details: https://irctc.co.in/offers/dxv2T7",yes,No,No
ham,"redBus par flash sale! Fares Rs.100 se shuru, limited period ke liye. Yahan book karein: https://redbus.in/offers/yVr3yB",yes,No,No
ham,Aakhri mauka: aapke Jio bonus data offer aaj raat expire ho raha hai. Extra benefit ke liye abhi recharge karein: https://jio.com/offers/h0jMK4,yes,No,No
ham,Aapka Jio subscription 25-01-2026 ko renew hoga. Annual plan par upgrade karein aur 20% bachayein: https://jio.com/offers/jqggvb,yes,No,No
ham,"End of Season Sale sirf BigBasket par: accessories par flat 70% tak chhoot, abhi app download karein: https://bigbasket.com/offers/Vw8EeC",yes,No,No
ham,ICICI Bank: Is hafte app se bill payment karne par 60% cashback paayein. Details: https://icicibank.com/offers/wy8H0b,yes,No,No
ham,Titan: Is weekend storewide flat 30% off. T&C apply. Offers band karne ke liye STOP reply karein. https://titan.co.in/sale/6SXptq,yes,No,No
ham,SBI Card: Dost ko refer karein aur dono ko 500 reward points milenge. Code BPDW43 share karein: https://sbicard.com/offers/x1PKs9,yes,No,No
ham,"Uber: Abhi book karein aur agli trip par 70% off paayein, 18-02-2026 tak valid. Details: https://uber.com/promotions/UoreTY",yes,No,No
ham,Aapne 150 ICICI Bank reward points kamaye hain. Agli transaction par redeem karein: https://icicibank.com/offers/uDz667,yes,No,No
ham,Aakhri mauka: aapke BYJU'S bonus data offer aaj raat expire ho raha hai. Extra benefit ke liye abhi recharge karein: https://byjus.com/offers/1uRdUa,yes,No,No
ham,Axis Bank: Is hafte app se bill payment karne par 25% cashback paayein. Details: https://axisbank.com/offers/7QMn51,yes,No,No
ham,SBI Card: Is hafte app se bill payment karne par 50% cashback paayein. Details: https://sbicard.com/offers/sDgcIb,yes,No,No
ham,Aapka Disney+ Hotstar subscription 15-07-2026 ko renew hoga. Annual plan par upgrade karein aur 25% bachayein: https://hotstar.com/subscribe/BThE71,yes,No,No
ham,Aapka Vi plan jald expire ho raha hai. Abhi renew karein aur pehle 3 mahino par 25% off paayein: https://myvi.in/offers/l0sNhr,yes,No,No
ham,Aapne 200 Axis Bank reward points kamaye hain. Agli transaction par redeem karein: https://axisbank.com/offers/YyTCXA,yes,No,No
ham,Aapne 300 SBI Card reward points kamaye hain. Agli transaction par redeem karein: https://sbicard.com/offers/eBwENj,yes,No,No
ham,"IRCTC: Abhi book karein aur agli trip par 70% off paayein, 14-12-2026 tak valid. Details: https://irctc.co.in/offers/HYQj5b",yes,No,No
ham,"Happy Birthday Priya! Aapke liye Rs.500 ka Meesho voucher, is mahine valid: https://meesho.com/offers/q9CgGS",yes,No,No
ham,Aapka Netflix subscription 16-05-2026 ko renew hoga. Annual plan par upgrade karein aur 15% bachayein: https://netflix.com/account/u77g5z,yes,No,No
ham,Aapka BYJU'S plan benefit aaj khatam ho raha hai. Extra data na khone ke liye midnight se pehle renew karein: https://byjus.com/offers/CMwBaN,yes,No,No
ham,Zepto par naye arrivals aa gaye hain! Latest electronics collection dekhein: https://zepto.com/offers/iAniw1,yes,No,No
ham,HDFC Bank: Dost ko refer karein aur dono ko 150 reward points milenge. Code OSXW48 share karein: https://hdfcbank.com/offers/Z7uoEh,yes,No,No
ham,"IndiGo par flash sale! Fares Rs.300 se shuru, limited period ke liye. Yahan book karein: https://goindigo.in/offers/wNWtcr",yes,No,No
ham,"Domino's Year End Sale LIVE hai! groceries par 80% tak ki chhoot, stock khatam hone se pehle jaldi karein: https://dominos.co.in/offers/m2wlEh",yes,No,No
ham,Aapka Vi plan benefit aaj khatam ho raha hai. Extra data na khone ke liye midnight se pehle renew karein: https://myvi.in/offers/f7hn80,yes,No,No
ham,Aapne 1000 Paytm reward points kamaye hain. Agli transaction par redeem karein: https://paytm.com/rewards/434B7C,yes,No,No
ham,Aapne 250 PhonePe reward points kamaye hain. Agli transaction par redeem karein: https://phonepe.com/rewards/1Zp96R,yes,No,No
ham,Aapka Netflix subscription 20-09-2025 ko renew hoga. Annual plan par upgrade karein aur 15% bachayein: https://netflix.com/account/ELShTU,yes,No,No
ham,"Goibibo members ko hamare festive sale ka early access milta hai, select routes par 60% off: https://goibibo.com/deals/3BRtmo",yes,No,No
ham,"Tanishq ki Big Billion Days miss mat karein - storewide 80% tak off, sirf limited time ke liye: https://tanishq.co.in/offers/tbytcH",yes,No,No
ham,HDFC Bank: Dost ko refer karein aur dono ko 300 reward points milenge. Code FCPY52 share karein: https://hdfcbank.com/offers/4bYl6a,yes,No,No
ham,1mg ki Big Sale live hai! accessories par 30% tak ki chhoot. Abhi shop karein: https://1mg.com/offers/yEdiHD,yes,No,No
ham,"Goibibo: Abhi book karein aur agli trip par 20% off paayein, 19-12-2026 tak valid. Details: https://goibibo.com/deals/1Q4W3P",yes,No,No
ham,"Uber members ko hamare festive sale ka early access milta hai, select routes par 60% off: https://uber.com/promotions/0rprnf",yes,No,No
ham,"Blinkit app abhi kholein aur pao exclusive app-only deal 15% off, sirf aaj: https://blinkit.com/offers/dURW2s",yes,No,No
ham,"Hi Pooja, aapke boAt cart ke items ab sale mein hain. Order complete karein: https://boat-lifestyle.com/sale/8hlMUY",yes,No,No
ham,"Hi Amit, aapke Lenskart cart ke items ab sale mein hain. Order complete karein: https://lenskart.com/offers/6UdxD3",yes,No,No
ham,Paytm: Is hafte app se bill payment karne par 20% cashback paayein. Details: https://paytm.com/rewards/PadMdO,yes,No,No
ham,Aapka cult.fit plan benefit aaj khatam ho raha hai. Extra data na khone ke liye midnight se pehle renew karein: https://cult.fit/offers/f8Liax,yes,No,No
ham,"IRCTC par flash sale! Fares Rs.500 se shuru, limited period ke liye. Yahan book karein: https://irctc.co.in/offers/OuLrmM",yes,No,No
ham,"Domino's ki Independence Day Sale miss mat karein - storewide 60% tak off, sirf limited time ke liye: https://dominos.co.in/offers/IjHmHH",yes,No,No
ham,Aapka Disney+ Hotstar plan jald expire ho raha hai. Abhi renew karein aur pehle 3 mahino par 50% off paayein: https://hotstar.com/subscribe/s3pY1s,yes,No,No
ham,"MakeMyTrip par flash sale! Fares Rs.200 se shuru, limited period ke liye. Yahan book karein: https://makemytrip.com/deals/Rk72h7",yes,No,No
ham,"Uber members ko hamare festive sale ka early access milta hai, select routes par 60% off: https://uber.com/promotions/5cJHOj",yes,No,No
ham,PhonePe: Dost ko refer karein aur dono ko 1000 reward points milenge. Code JNHU49 share karein: https://phonepe.com/rewards/cg5xpT,yes,No,No
ham,"Uber par flash sale! Fares Rs.300 se shuru, limited period ke liye. Yahan book karein: https://uber.com/promotions/but7HL",yes,No,No
ham,CRED: Is hafte app se bill payment karne par 20% cashback paayein. Details: https://cred.club/rewards/ZL4Sn2,yes,No,No
ham,"Uber members ko hamare festive sale ka early access milta hai, select routes par 50% off: https://uber.com/promotions/5VSPfF",yes,No,No
ham,Aapne 150 Paytm reward points kamaye hain. Agli transaction par redeem karein: https://paytm.com/rewards/yzzlM1,yes,No,No
ham,"PharmEasy ki Diwali Dhamaka Sale ke aakhri kuch ghante! 50% tak off, aaj raat khatam hone se pehle shop karein: https://pharmeasy.in/offers/71sXpG",yes,No,No
ham,"boAt Year End Sale LIVE hai! beauty products par 80% tak ki chhoot, stock khatam hone se pehle jaldi karein: https://boat-lifestyle.com/sale/p2pEsu",yes,No,No
ham,Aapka Jio plan jald expire ho raha hai. Abhi renew karein aur pehle 3 mahino par 15% off paayein: https://jio.com/offers/waPODQ,yes,No,No
ham,"Ola members ko hamare festive sale ka early access milta hai, select routes par 10% off: https://olacabs.com/offers/tHfwyM",yes,No,No
ham,CRED: Is hafte app se bill payment karne par 30% cashback paayein. Details: https://cred.club/rewards/4TGbke,yes,No,No
ham,"Sirf aaj ke liye: Pepperfry par groceries par flat 40% off mil raha hai, aadhi raat se pehle order karein: https://pepperfry.com/sale/PAT4eh",yes,No,No
ham,Aapka Unacademy plan jald expire ho raha hai. Abhi renew karein aur pehle 3 mahino par 30% off paayein: https://unacademy.com/offers/1XkvIJ,yes,No,No
ham,"IndiGo par flash sale! Fares Rs.250 se shuru, limited period ke liye. Yahan book karein: https://goindigo.in/offers/HvkeTp",yes,No,No
ham,"Uber par flash sale! Fares Rs.250 se shuru, limited period ke liye. Yahan book karein: https://uber.com/promotions/ZPtEdY",yes,No,No
ham,Limited period: aaj hi apni BYJU'S membership upgrade karein aur annual fee par Rs.150 bachayein: https://byjus.com/offers/u5phqw,yes,No,No
ham,Aapka Jio plan benefit aaj khatam ho raha hai. Extra data na khone ke liye midnight se pehle renew karein: https://jio.com/offers/Q8aBuS,yes,No,No
ham,"Uber: Abhi book karein aur agli trip par 70% off paayein, 26-08-2025 tak valid. Details: https://uber.com/promotions/WVuyC8",yes,No,No
ham,"Goibibo members ko hamare festive sale ka early access milta hai, select routes par 10% off: https://goibibo.com/deals/kirRSE",yes,No,No
ham,Nykaa: Is weekend storewide flat 70% off. T&C apply. Offers band karne ke liye STOP reply karein. https://nykaa.com/sale/lJYSGJ,yes,No,No
ham,"Ola par flash sale! Fares Rs.100 se shuru, limited period ke liye. Yahan book karein: https://olacabs.com/offers/NALv5w",yes,No,No
ham,Limited period: aaj hi apni Airtel membership upgrade karein aur annual fee par Rs.50 bachayein: https://airtel.in/offers/LN6wTa,yes,No,No
ham,"Aapka pichla PharmEasy order pasand aaya tha? Agli order par 30% off, 18-01-2025 tak valid: https://pharmeasy.in/offers/hosfAo",yes,No,No
ham,ICICI Bank: Is hafte app se bill payment karne par 70% cashback paayein. Details: https://icicibank.com/offers/xuwJUL,yes,No,No
ham,Aapka Unacademy plan benefit aaj khatam ho raha hai. Extra data na khone ke liye midnight se pehle renew karein: https://unacademy.com/offers/OtkEbI,yes,No,No
ham,Limited period: aaj hi apni cult.fit membership upgrade karein aur annual fee par Rs.200 bachayein: https://cult.fit/offers/NRCE3V,yes,No,No
ham,"Jio member hone ke naate, aaj se hamare 40% off renewal offer ka early access paayein: https://jio.com/offers/NAMyuz",yes,No,No
ham,"BYJU'S member hone ke naate, aaj se hamare 30% off renewal offer ka early access paayein: https://byjus.com/offers/YXlkoL",yes,No,No
ham,CRED: Is hafte app se bill payment karne par 60% cashback paayein. Details: https://cred.club/rewards/RLWR0C,yes,No,No
ham,"Happy Birthday Pooja! Aapke liye Rs.300 ka Zepto voucher, is mahine valid: https://zepto.com/offers/sWQjXt",yes,No,No
ham,"Goibibo par flash sale! Fares Rs.300 se shuru, limited period ke liye. Yahan book karein: https://goibibo.com/deals/B3BpSX",yes,No,No
ham,Amazon: Is weekend storewide flat 15% off. T&C apply. Offers band karne ke liye STOP reply karein. https://amazon.in/deals/VHBjYq,yes,No,No
ham,"Hi Amit, aapke Swiggy cart ke items ab sale mein hain. Order complete karein: https://swiggy.com/offers/PKgYt0",yes,No,No
ham,"Goibibo par flash sale! Fares Rs.250 se shuru, limited period ke liye. Yahan book karein: https://goibibo.com/deals/4npXCX",yes,No,No
ham,"BYJU'S member hone ke naate, aaj se hamare 60% off renewal offer ka early access paayein: https://byjus.com/offers/fmf5XA",yes,No,No
ham,"PharmEasy app abhi kholein aur pao exclusive app-only deal 60% off, sirf aaj: https://pharmeasy.in/offers/a0Go0A",yes,No,No
ham,Aakhri mauka: aapke Unacademy bonus data offer aaj raat expire ho raha hai. Extra benefit ke liye abhi recharge karein: https://unacademy.com/offers/UC18xJ,yes,No,No
ham,Limited period: aaj hi apni Jio membership upgrade karein aur annual fee par Rs.100 bachayein: https://jio.com/offers/y4Sxfm,yes,No,No
ham,Limited period: aaj hi apni Spotify membership upgrade karein aur annual fee par Rs.200 bachayein: https://spotify.com/premium/bsSKFD,yes,No,No
ham,"Uber: Abhi book karein aur agli trip par 50% off paayein, 18-11-2026 tak valid. Details: https://uber.com/promotions/fVcFCU",yes,No,No
ham,"Hi Raj, aapke Titan cart ke items ab sale mein hain. Order complete karein: https://titan.co.in/sale/FxiAHp",yes,No,No
ham,"Uber members ko hamare festive sale ka early access milta hai, select routes par 60% off: https://uber.com/promotions/WFYXlj",yes,No,No
ham,"Uber: Abhi book karein aur agli trip par 15% off paayein, 18-09-2025 tak valid. Details: https://uber.com/promotions/zcL3aJ",yes,No,No
ham,SBI Card: Dost ko refer karein aur dono ko 150 reward points milenge. Code GVZQ47 share karein: https://sbicard.com/offers/8FZNTB,yes,No,No
ham,"BookMyShow ki End of Season Sale ke aakhri kuch ghante! 60% tak off, aaj raat khatam hone se pehle shop karein: https://bookmyshow.com/offers/TuvzyP",yes,No,No
ham,Aapne 500 HDFC Bank reward points kamaye hain. Agli transaction par redeem karein: https://hdfcbank.com/offers/4CcDQG,yes,No,No
ham,Aapka Jio plan jald expire ho raha hai. Abhi renew karein aur pehle 3 mahino par 60% off paayein: https://jio.com/offers/GZYheG,yes,No,No
ham,"Amazon Monsoon Sale LIVE hai! fashion par 50% tak ki chhoot, stock khatam hone se pehle jaldi karein: https://amazon.in/deals/eaEhGS",yes,No,No
ham,"IndiGo: Abhi book karein aur agli trip par 60% off paayein, 05-10-2026 tak valid. Details: https://goindigo.in/offers/ks5feh",yes,No,No
ham,"Ola members ko hamare festive sale ka early access milta hai, select routes par 30% off: https://olacabs.com/offers/jktIHh",yes,No,No
ham,Paytm: Is hafte app se bill payment karne par 20% cashback paayein. Details: https://paytm.com/rewards/s7gAEJ,yes,No,No
ham,Paytm: Is hafte app se bill payment karne par 40% cashback paayein. Details: https://paytm.com/rewards/C4RX28,yes,No,No
ham,"Year End Sale sirf Domino's par: electronics par flat 50% tak chhoot, abhi app download karein: https://dominos.co.in/offers/pqmgUu",yes,No,No
ham,HDFC Bank: Dost ko refer karein aur dono ko 250 reward points milenge. Code XTJI22 share karein: https://hdfcbank.com/offers/lZ7YuN,yes,No,No
ham,"IndiGo: Abhi book karein aur agli trip par 30% off paayein, 17-09-2025 tak valid. Details: https://goindigo.in/offers/vMj25b",yes,No,No
ham,"IndiGo: Abhi book karein aur agli trip par 50% off paayein, 27-05-2025 tak valid. Details: https://goindigo.in/offers/jroW0M",yes,No,No
ham,Aapne 250 ICICI Bank reward points kamaye hain. Agli transaction par redeem karein: https://icicibank.com/offers/wL7tCC,yes,No,No
ham,"IRCTC par flash sale! Fares Rs.300 se shuru, limited period ke liye. Yahan book karein: https://irctc.co.in/offers/4DVIHE",yes,No,No
ham,"MakeMyTrip: Abhi book karein aur agli trip par 30% off paayein, 16-09-2026 tak valid. Details: https://makemytrip.com/deals/PsIR1Y",yes,No,No
ham,"Uber par flash sale! Fares Rs.150 se shuru, limited period ke liye. Yahan book karein: https://uber.com/promotions/IpTZG6",yes,No,No
ham,"redBus members ko hamare festive sale ka early access milta hai, select routes par 25% off: https://redbus.in/offers/vgrt88",yes,No,No
ham,"IndiGo: Abhi book karein aur agli trip par 15% off paayein, 26-12-2025 tak valid. Details: https://goindigo.in/offers/ErRo0u",yes,No,No
ham,boAt par naye arrivals aa gaye hain! Latest beauty products collection dekhein: https://boat-lifestyle.com/sale/TcpcJG,yes,No,No
ham,Limited period: aaj hi apni Airtel membership upgrade karein aur annual fee par Rs.500 bachayein: https://airtel.in/offers/ov0vlx,yes,No,No
ham,Myntra par dost ko invite karein aur dono ko Rs.250 off milega. Code FHUM66 share karein: https://myntra.com/offers/QUHDWR,yes,No,No
ham,Aapne 750 CRED reward points kamaye hain. Agli transaction par redeem karein: https://cred.club/rewards/CdJKnP,yes,No,No
ham,Limited period: aaj hi apni Unacademy membership upgrade karein aur annual fee par Rs.150 bachayein: https://unacademy.com/offers/UJzdSX,yes,No,No
ham,"IndiGo: Abhi book karein aur agli trip par 30% off paayein, 09-06-2026 tak valid. Details: https://goindigo.in/offers/g6In3k",yes,No,No
ham,Limited period: aaj hi apni Vi membership upgrade karein aur annual fee par Rs.300 bachayein: https://myvi.in/offers/jBTCHm,yes,No,No
ham,"IndiGo: Abhi book karein aur agli trip par 70% off paayein, 04-01-2026 tak valid. Details: https://goindigo.in/offers/ITjanl",yes,No,No
ham,"Amazon Prime Video member hone ke naate, aaj se hamare 10% off renewal offer ka early access paayein: https://primevideo.com/offers/91jGAa",yes,No,No
ham,Aapne 1000 ICICI Bank reward points kamaye hain. Agli transaction par redeem karein: https://icicibank.com/offers/tRIhSa,yes,No,No
ham,Paytm: Dost ko refer karein aur dono ko 500 reward points milenge. Code KOVW74 share karein: https://paytm.com/rewards/nTefPb,yes,No,No
ham,Aapne 500 Axis Bank reward points kamaye hain. Agli transaction par redeem karein: https://axisbank.com/offers/adtbH1,yes,No,No
ham,"Decathlon ki End of Season Sale miss mat karein - storewide 75% tak off, sirf limited time ke liye: https://decathlon.in/sale/YS4wQc",yes,No,No
ham,CRED: Is hafte app se bill payment karne par 60% cashback paayein. Details: https://cred.club/rewards/CccIZj,yes,No,No
ham,CRED: Dost ko refer karein aur dono ko 200 reward points milenge. Code HAKU70 share karein: https://cred.club/rewards/7TJDZy,yes,No,No
ham,Aapka cult.fit plan jald expire ho raha hai. Abhi renew karein aur pehle 3 mahino par 25% off paayein: https://cult.fit/offers/Yo37kq,yes,No,No
ham,Aapne 150 HDFC Bank reward points kamaye hain. Agli transaction par redeem karein: https://hdfcbank.com/offers/QZERdH,yes,No,No
ham,"Ola par flash sale! Fares Rs.100 se shuru, limited period ke liye. Yahan book karein: https://olacabs.com/offers/zHsZik",yes,No,No
ham,Aakhri mauka: aapke Unacademy bonus data offer aaj raat expire ho raha hai. Extra benefit ke liye abhi recharge karein: https://unacademy.com/offers/qsPate,yes,No,No
ham,"redBus par flash sale! Fares Rs.250 se shuru, limited period ke liye. Yahan book karein: https://redbus.in/offers/NQPQly",yes,No,No
ham,Titan ki Big Sale live hai! accessories par 15% tak ki chhoot. Abhi shop karein: https://titan.co.in/sale/FnGttF,yes,No,No
ham,Aakhri mauka: aapke Disney+ Hotstar bonus data offer aaj raat expire ho raha hai. Extra benefit ke liye abhi recharge karein: https://hotstar.com/subscribe/mBpdzm,yes,No,No
ham,"Goibibo members ko hamare festive sale ka early access milta hai, select routes par 20% off: https://goibibo.com/deals/Y4fav6",yes,No,No
ham,"Sirf aaj ke liye: boAt par kitchen appliances par flat 60% off mil raha hai, aadhi raat se pehle order karein: https://boat-lifestyle.com/sale/M5OiBr",yes,No,No
ham,"Sirf aaj ke liye: BookMyShow par footwear par flat 40% off mil raha hai, aadhi raat se pehle order karein: https://bookmyshow.com/offers/9i6Seq",yes,No,No
ham,Aapka cult.fit plan benefit aaj khatam ho raha hai. Extra data na khone ke liye midnight se pehle renew karein: https://cult.fit/offers/PQb7pQ,yes,No,No
ham,"IRCTC members ko hamare festive sale ka early access milta hai, select routes par 10% off: https://irctc.co.in/offers/jJUgNa",yes,No,No
ham,"Goibibo: Abhi book karein aur agli trip par 30% off paayein, 09-04-2025 tak valid. Details: https://goibibo.com/deals/kr05KM",yes,No,No
ham,Limited period: aaj hi apni cult.fit membership upgrade karein aur annual fee par Rs.300 bachayein: https://cult.fit/offers/wxIuX3,yes,No,No
ham,"IndiGo members ko hamare festive sale ka early access milta hai, select routes par 10% off: https://goindigo.in/offers/W2Ef3Q",yes,No,No
ham,SBI Card: Dost ko refer karein aur dono ko 200 reward points milenge. Code NHQK90 share karein: https://sbicard.com/offers/KhIctG,yes,No,No
ham,"MakeMyTrip members ko hamare festive sale ka early access milta hai, select routes par 50% off: https://makemytrip.com/deals/fl9pOL",yes,No,No
ham,"Sirf aaj ke liye: Flipkart par home decor par flat 50% off mil raha hai, aadhi raat se pehle order karein: https://flipkart.com/sale/2bRqYm",yes,No,No
ham,"MakeMyTrip: Abhi book karein aur agli trip par 50% off paayein, 02-03-2025 tak valid. Details: https://makemytrip.com/deals/khQwjI",yes,No,No
ham,"IndiGo par flash sale! Fares Rs.500 se shuru, limited period ke liye. Yahan book karein: https://goindigo.in/offers/VSr28Z",yes,No,No
ham,"Uber members ko hamare festive sale ka early access milta hai, select routes par 60% off: https://uber.com/promotions/NBc02W",yes,No,No
ham,Zomato par naye arrivals aa gaye hain! Latest electronics collection dekhein: https://zomato.com/gold/gB8Agy,yes,No,No
ham,"redBus: Abhi book karein aur agli trip par 20% off paayein, 28-03-2025 tak valid. Details: https://redbus.in/offers/tDYnxV",yes,No,No
ham,Aapka cult.fit plan benefit aaj khatam ho raha hai. Extra data na khone ke liye midnight se pehle renew karein: https://cult.fit/offers/76CE31,yes,No,No
ham,Aapka Spotify subscription 10-12-2025 ko renew hoga. Annual plan par upgrade karein aur 10% bachayein: https://spotify.com/premium/mJYb8N,yes,No,No
ham,"Domino's Year End Sale LIVE hai! footwear par 60% tak ki chhoot, stock khatam hone se pehle jaldi karein: https://dominos.co.in/offers/DVeuf6",yes,No,No
ham,Aapne 500 CRED reward points kamaye hain. Agli transaction par redeem karein: https://cred.club/rewards/QqevoA,yes,No,No
ham,Aapne 750 CRED reward points kamaye hain. Agli transaction par redeem karein: https://cred.club/rewards/hT3hMz,yes,No,No
ham,Aapka Policybazaar subscription 05-12-2026 ko renew hoga. Annual plan par upgrade karein aur 30% bachayein: https://policybazaar.com/renew/b6gk3d,yes,No,No
ham,"IRCTC par flash sale! Fares Rs.500 se shuru, limited period ke liye. Yahan book karein: https://irctc.co.in/offers/98Smos",yes,No,No
ham,HDFC Bank: Dost ko refer karein aur dono ko 200 reward points milenge. Code CFYG62 share karein: https://hdfcbank.com/offers/lsOmr0,yes,No,No
ham,"IndiGo members ko hamare festive sale ka early access milta hai, select routes par 30% off: https://goindigo.in/offers/N8JPkZ",yes,No,No
ham,"Monsoon Sale sirf Pepperfry par: beauty products par flat 50% tak chhoot, abhi app download karein: https://pepperfry.com/sale/VyN7PE",yes,No,No
ham,"IndiGo members ko hamare festive sale ka early access milta hai, select routes par 30% off: https://goindigo.in/offers/ehFlUI",yes,No,No
ham,"Goibibo members ko hamare festive sale ka early access milta hai, select routes par 20% off: https://goibibo.com/deals/dwVuaB",yes,No,No
ham,Axis Bank: Is hafte app se bill payment karne par 10% cashback paayein. Details: https://axisbank.com/offers/vgtTqv,yes,No,No
ham,"Goibibo par flash sale! Fares Rs.100 se shuru, limited period ke liye. Yahan book karein: https://goibibo.com/deals/sPcEpi",yes,No,No
ham,SBI Card: Dost ko refer karein aur dono ko 200 reward points milenge. Code PKXZ14 share karein: https://sbicard.com/offers/TZWz5S,yes,No,No
ham,Aapka Spotify plan jald expire ho raha hai. Abhi renew karein aur pehle 3 mahino par 70% off paayein: https://spotify.com/premium/oECoov,yes,No,No
ham,"cult.fit member hone ke naate, aaj se hamare 30% off renewal offer ka early access paayein: https://cult.fit/offers/JHHlk8",yes,No,No
ham,HDFC Bank: Dost ko refer karein aur dono ko 1000 reward points milenge. Code PINO34 share karein: https://hdfcbank.com/offers/ITQcII,yes,No,No
ham,Aakhri mauka: aapke Vi bonus data offer aaj raat expire ho raha hai. Extra benefit ke liye abhi recharge karein: https://myvi.in/offers/cKgC70,yes,No,No
ham,"redBus members ko hamare festive sale ka early access milta hai, select routes par 70% off: https://redbus.in/offers/jcLbma",yes,No,No
ham,Zomato par naye arrivals aa gaye hain! Latest fashion collection dekhein: https://zomato.com/gold/ekDeuk,yes,No,No
ham,"redBus: Abhi book karein aur agli trip par 20% off paayein, 06-11-2026 tak valid. Details: https://redbus.in/offers/oCkLJS",yes,No,No
ham,"Big Billion Days sirf Flipkart par: electronics par flat 50% tak chhoot, abhi app download karein: https://flipkart.com/sale/0GKhC4",yes,No,No
ham,"Happy Birthday Amit! Aapke liye Rs.250 ka BookMyShow voucher, is mahine valid: https://bookmyshow.com/offers/PFnOI5",yes,No,No
ham,"Big Billion Days sirf Zepto par: electronics par flat 60% tak chhoot, abhi app download karein: https://zepto.com/offers/CqB9f8",yes,No,No
ham,Aakhri mauka: aapke Airtel bonus data offer aaj raat expire ho raha hai. Extra benefit ke liye abhi recharge karein: https://airtel.in/offers/pf0PXW,yes,No,No
ham,Axis Bank: Dost ko refer karein aur dono ko 1000 reward points milenge. Code EZVN77 share karein: https://axisbank.com/offers/7DCxHy,yes,No,No
ham,"Happy Birthday Priya! Aapke liye Rs.100 ka Zomato voucher, is mahine valid: https://zomato.com/gold/XLJ7vn",yes,No,No
ham,CRED: Is hafte app se bill payment karne par 25% cashback paayein. Details: https://cred.club/rewards/DgKNzu,yes,No,No
ham,"Uber members ko hamare festive sale ka early access milta hai, select routes par 25% off: https://uber.com/promotions/coP9Qv",yes,No,No
ham,"Goibibo: Abhi book karein aur agli trip par 20% off paayein, 22-05-2026 tak valid. Details: https://goibibo.com/deals/kradp7",yes,No,No
ham,"IRCTC par flash sale! Fares Rs.200 se shuru, limited period ke liye. Yahan book karein: https://irctc.co.in/offers/KL56TU",yes,No,No
ham,"Jio member hone ke naate, aaj se hamare 30% off renewal offer ka early access paayein: https://jio.com/offers/pU3fJE",yes,No,No
ham,"Ola par flash sale! Fares Rs.300 se shuru, limited period ke liye. Yahan book karein: https://olacabs.com/offers/zvfLPd",yes,No,No
ham,Aapka BYJU'S plan benefit aaj khatam ho raha hai. Extra data na khone ke liye midnight se pehle renew karein: https://byjus.com/offers/SY9g2i,yes,No,No
ham,"Tanishq app abhi kholein aur pao exclusive app-only deal 40% off, sirf aaj: https://tanishq.co.in/offers/IRvQKR",yes,No,No
ham,Aapka Netflix subscription 14-02-2026 ko renew hoga. Annual plan par upgrade karein aur 70% bachayein: https://netflix.com/account/z7tIyy,yes,No,No
ham,"Uber par flash sale! Fares Rs.200 se shuru, limited period ke liye. Yahan book karein: https://uber.com/promotions/cfEDjS",yes,No,No
ham,"redBus: Abhi book karein aur agli trip par 20% off paayein, 25-02-2025 tak valid. Details: https://redbus.in/offers/pOKt4F",yes,No,No
ham,"Uber par flash sale! Fares Rs.250 se shuru, limited period ke liye. Yahan book karein: https://uber.com/promotions/QutSRq",yes,No,No
ham,"Great Indian Festival sirf Tanishq par: kitchen appliances par flat 60% tak chhoot, abhi app download karein: https://tanishq.co.in/offers/ClLfrt",yes,No,No
ham,SBI Card: Dost ko refer karein aur dono ko 150 reward points milenge. Code PVPC90 share karein: https://sbicard.com/offers/i97M3I,yes,No,No
ham,Axis Bank: Is hafte app se bill payment karne par 30% cashback paayein. Details: https://axisbank.com/offers/yfVaa5,yes,No,No
ham,"Goibibo par flash sale! Fares Rs.150 se shuru, limited period ke liye. Yahan book karein: https://goibibo.com/deals/Z7QxqD",yes,No,No
ham,Aakhri mauka: aapke Airtel bonus data offer aaj raat expire ho raha hai. Extra benefit ke liye abhi recharge karein: https://airtel.in/offers/lPsoD1,yes,No,No
ham,"Aapka pichla BookMyShow order pasand aaya tha? Agli order par 70% off, 04-09-2026 tak valid: https://bookmyshow.com/offers/YAmv26",yes,No,No
ham,SBI Card: Is hafte app se bill payment karne par 10% cashback paayein. Details: https://sbicard.com/offers/paOduV,yes,No,No
ham,Aapka Jio plan jald expire ho raha hai. Abhi renew karein aur pehle 3 mahino par 50% off paayein: https://jio.com/offers/MINo0d,yes,No,No
ham,Aakhri mauka: aapke Spotify bonus data offer aaj raat expire ho raha hai. Extra benefit ke liye abhi recharge karein: https://spotify.com/premium/qEbZi8,yes,No,No
ham,"Year End Sale sirf Flipkart par: kitchen appliances par flat 50% tak chhoot, abhi app download karein: https://flipkart.com/sale/QzfA2H",yes,No,No
ham,Limited period: aaj hi apni cult.fit membership upgrade karein aur annual fee par Rs.200 bachayein: https://cult.fit/offers/mMFvMc,yes,No,No
ham,Aapne 750 HDFC Bank reward points kamaye hain. Agli transaction par redeem karein: https://hdfcbank.com/offers/bQ6AnL,yes,No,No
ham,Aapne 250 HDFC Bank reward points kamaye hain. Agli transaction par redeem karein: https://hdfcbank.com/offers/sz0PcY,yes,No,No
ham,"IndiGo par flash sale! Fares Rs.150 se shuru, limited period ke liye. Yahan book karein: https://goindigo.in/offers/tXCNgY",yes,No,No
ham,"Hi Anita, aapke BigBasket cart ke items ab sale mein hain. Order complete karein: https://bigbasket.com/offers/OhrLtj",yes,No,No
ham,"MakeMyTrip members ko hamare festive sale ka early access milta hai, select routes par 60% off: https://makemytrip.com/deals/H2NpaT",yes,No,No
ham,"PharmEasy ki Great Indian Festival miss mat karein - storewide 50% tak off, sirf limited time ke liye: https://pharmeasy.in/offers/PHYE8q",yes,No,No
ham,"MakeMyTrip: Abhi book karein aur agli trip par 25% off paayein, 23-11-2026 tak valid. Details: https://makemytrip.com/deals/umykrg",yes,No,No
ham,Domino's par naye arrivals aa gaye hain! Latest fashion collection dekhein: https://dominos.co.in/offers/i60Gvs,yes,No,No
ham,"MakeMyTrip par flash sale! Fares Rs.250 se shuru, limited period ke liye. Yahan book karein: https://makemytrip.com/deals/OvAHN3",yes,No,No
ham,"BYJU'S member hone ke naate, aaj se hamare 70% off renewal offer ka early access paayein: https://byjus.com/offers/1739Ua",yes,No,No
ham,PhonePe: Dost ko refer karein aur dono ko 100 reward points milenge. Code UEIO30 share karein: https://phonepe.com/rewards/estKCW,yes,No,No
ham,"Uber members ko hamare festive sale ka early access milta hai, select routes par 25% off: https://uber.com/promotions/TMtg7c",yes,No,No
ham,"Flipkart ki Year End Sale ke aakhri kuch ghante! 50% tak off, aaj raat khatam hone se pehle shop karein: https://flipkart.com/sale/gXxxv1",yes,No,No
ham,"Unacademy member hone ke naate, aaj se hamare 60% off renewal offer ka early access paayein: https://unacademy.com/offers/XvZeFC",yes,No,No
ham,Paytm: Dost ko refer karein aur dono ko 100 reward points milenge. Code WRGP50 share karein: https://paytm.com/rewards/2vrszt,yes,No,No
ham,"MakeMyTrip members ko hamare festive sale ka early access milta hai, select routes par 20% off: https://makemytrip.com/deals/G3WPhP",yes,No,No
ham,Limited period: aaj hi apni Policybazaar membership upgrade karein aur annual fee par Rs.300 bachayein: https://policybazaar.com/renew/1XmXNf,yes,No,No
ham,HDFC Bank: Is hafte app se bill payment karne par 60% cashback paayein. Details: https://hdfcbank.com/offers/Vfdviv,yes,No,No
ham,Aapne 200 Axis Bank reward points kamaye hain. Agli transaction par redeem karein: https://axisbank.com/offers/94Jc3y,yes,No,No
ham,"Aapka pichla Lenskart order pasand aaya tha? Agli order par 70% off, 14-07-2026 tak valid: https://lenskart.com/offers/3Wfdwt",yes,No,No
ham,Aapka Vi subscription 03-12-2026 ko renew hoga. Annual plan par upgrade karein aur 25% bachayein: https://myvi.in/offers/yl5EnI,yes,No,No
ham,PhonePe: Is hafte app se bill payment karne par 30% cashback paayein. Details: https://phonepe.com/rewards/FYYpJn,yes,No,No
ham,"redBus: Abhi book karein aur agli trip par 30% off paayein, 27-04-2025 tak valid. Details: https://redbus.in/offers/2Fix2N",yes,No,No
ham,CRED: Dost ko refer karein aur dono ko 300 reward points milenge. Code SNCP94 share karein: https://cred.club/rewards/3QUnYq,yes,No,No
ham,"IRCTC members ko hamare festive sale ka early access milta hai, select routes par 10% off: https://irctc.co.in/offers/8jjZRq",yes,No,No
ham,CRED: Dost ko refer karein aur dono ko 200 reward points milenge. Code XBTD91 share karein: https://cred.club/rewards/AUU18R,yes,No,No
ham,"1mg Republic Day Sale LIVE hai! beauty products par 75% tak ki chhoot, stock khatam hone se pehle jaldi karein: https://1mg.com/offers/lFgN6z",yes,No,No
ham,"Meesho Monsoon Sale LIVE hai! electronics par 70% tak ki chhoot, stock khatam hone se pehle jaldi karein: https://meesho.com/offers/YERId1",yes,No,No
ham,"PharmEasy app abhi kholein aur pao exclusive app-only deal 10% off, sirf aaj: https://pharmeasy.in/offers/HBrZYP",yes,No,No
ham,Axis Bank: Is hafte app se bill payment karne par 25% cashback paayein. Details: https://axisbank.com/offers/Ynm6lt,yes,No,No
ham,Axis Bank: Is hafte app se bill payment karne par 20% cashback paayein. Details: https://axisbank.com/offers/Wcxsq3,yes,No,No
ham,Limited period: aaj hi apni Vi membership upgrade karein aur annual fee par Rs.250 bachayein: https://myvi.in/offers/dNZYmU,yes,No,No
ham,"Airtel member hone ke naate, aaj se hamare 50% off renewal offer ka early access paayein: https://airtel.in/offers/dDl1dF",yes,No,No
ham,Aakhri mauka: aapke Jio bonus data offer aaj raat expire ho raha hai. Extra benefit ke liye abhi recharge karein: https://jio.com/offers/Grdrex,yes,No,No
ham,"IRCTC members ko hamare festive sale ka early access milta hai, select routes par 30% off: https://irctc.co.in/offers/maeK3k",yes,No,No
ham,Aapka Netflix plan jald expire ho raha hai. Abhi renew karein aur pehle 3 mahino par 25% off paayein: https://netflix.com/account/ydqyrU,yes,No,No
ham,Aapka Policybazaar subscription 12-09-2025 ko renew hoga. Annual plan par upgrade karein aur 25% bachayein: https://policybazaar.com/renew/eLEubV,yes,No,No
ham,Aapka BYJU'S plan jald expire ho raha hai. Abhi renew karein aur pehle 3 mahino par 20% off paayein: https://byjus.com/offers/AbSppp,yes,No,No
ham,Limited period: aaj hi apni Disney+ Hotstar membership upgrade karein aur annual fee par Rs.300 bachayein: https://hotstar.com/subscribe/2woNmz,yes,No,No
ham,ICICI Bank: Dost ko refer karein aur dono ko 1000 reward points milenge. Code CKLW28 share karein: https://icicibank.com/offers/w5CPdJ,yes,No,No
ham,"Tanishq ki Independence Day Sale ke aakhri kuch ghante! 60% tak off, aaj raat khatam hone se pehle shop karein: https://tanishq.co.in/offers/RYtMhL",yes,No,No
ham,Axis Bank: Dost ko refer karein aur dono ko 200 reward points milenge. Code BPSW31 share karein: https://axisbank.com/offers/MGQiXF,yes,No,No
ham,"Sirf aaj ke liye: Blinkit par accessories par flat 15% off mil raha hai, aadhi raat se pehle order karein: https://blinkit.com/offers/Zm1Jvj",yes,No,No
ham,"MakeMyTrip: Abhi book karein aur agli trip par 20% off paayein, 07-12-2026 tak valid. Details: https://makemytrip.com/deals/ZgMFnC",yes,No,No
ham,HDFC Bank: Is hafte app se bill payment karne par 60% cashback paayein. Details: https://hdfcbank.com/offers/PMspcp,yes,No,No
ham,HDFC Bank: Is hafte app se bill payment karne par 40% cashback paayein. Details: https://hdfcbank.com/offers/uYnl2K,yes,No,No
ham,Paytm: Is hafte app se bill payment karne par 25% cashback paayein. Details: https://paytm.com/rewards/Gf05h4,yes,No,No
ham,SBI Card: Dost ko refer karein aur dono ko 1000 reward points milenge. Code FUPC55 share karein: https://sbicard.com/offers/F5Gf08,yes,No,No
ham,"Domino's app abhi kholein aur pao exclusive app-only deal 40% off, sirf aaj: https://dominos.co.in/offers/ICXEG2",yes,No,No
ham,Aapne 1000 Paytm reward points kamaye hain. Agli transaction par redeem karein: https://paytm.com/rewards/eGi9sk,yes,No,No
ham,"Hi Vikram, aapke Swiggy cart ke items ab sale mein hain. Order complete karein: https://swiggy.com/offers/EK4AXe",yes,No,No
ham,"Uber par flash sale! Fares Rs.250 se shuru, limited period ke liye. Yahan book karein: https://uber.com/promotions/1oTVle",yes,No,No
ham,"Zomato Diwali Dhamaka Sale LIVE hai! accessories par 60% tak ki chhoot, stock khatam hone se pehle jaldi karein: https://zomato.com/gold/ViHEkI",yes,No,No
ham,"Aapka pichla Zomato order pasand aaya tha? Agli order par 40% off, 04-01-2026 tak valid: https://zomato.com/gold/ktRca8",yes,No,No
ham,"Hi Vikram, aapke Zepto cart ke items ab sale mein hain. Order complete karein: https://zepto.com/offers/4BrRyW",yes,No,No
ham,Aapne 300 PhonePe reward points kamaye hain. Agli transaction par redeem karein: https://phonepe.com/rewards/0raCaz,yes,No,No
ham,Paytm: Dost ko refer karein aur dono ko 750 reward points milenge. Code EKKR45 share karein: https://paytm.com/rewards/3und3i,yes,No,No
ham,"Ola: Abhi book karein aur agli trip par 60% off paayein, 04-01-2025 tak valid. Details: https://olacabs.com/offers/yRgueS",yes,No,No
ham,"Ola par flash sale! Fares Rs.100 se shuru, limited period ke liye. Yahan book karein: https://olacabs.com/offers/Qb2p8q",yes,No,No
ham,Axis Bank: Is hafte app se bill payment karne par 25% cashback paayein. Details: https://axisbank.com/offers/ujhD2y,yes,No,No
ham,Paytm: Is hafte app se bill payment karne par 50% cashback paayein. Details: https://paytm.com/rewards/w9cY2B,yes,No,No
ham,PhonePe: Is hafte app se bill payment karne par 10% cashback paayein. Details: https://phonepe.com/rewards/Bzo0bm,yes,No,No
ham,"Sirf aaj ke liye: Decathlon par fashion par flat 10% off mil raha hai, aadhi raat se pehle order karein: https://decathlon.in/sale/sFk9Od",yes,No,No
ham,"Policybazaar member hone ke naate, aaj se hamare 30% off renewal offer ka early access paayein: https://policybazaar.com/renew/mOTlAQ",yes,No,No
ham,ICICI Bank: Dost ko refer karein aur dono ko 300 reward points milenge. Code AWHN24 share karein: https://icicibank.com/offers/kQNmY3,yes,No,No
ham,Aakhri mauka: aapke Policybazaar bonus data offer aaj raat expire ho raha hai. Extra benefit ke liye abhi recharge karein: https://policybazaar.com/renew/DdVoDC,yes,No,No
ham,"MakeMyTrip par flash sale! Fares Rs.500 se shuru, limited period ke liye. Yahan book karein: https://makemytrip.com/deals/wEXFGD",yes,No,No
ham,Aapka Amazon Prime Video plan jald expire ho raha hai. Abhi renew karein aur pehle 3 mahino par 10% off paayein: https://primevideo.com/offers/93GvQr,yes,No,No
ham,"Uber: Abhi book karein aur agli trip par 50% off paayein, 22-11-2026 tak valid. Details: https://uber.com/promotions/f71xTf",yes,No,No
ham,"Ola members ko hamare festive sale ka early access milta hai, select routes par 20% off: https://olacabs.com/offers/OGQ7W1",yes,No,No
ham,Aapne 100 SBI Card reward points kamaye hain. Agli transaction par redeem karein: https://sbicard.com/offers/bbNYFp,yes,No,No
ham,Aapne 500 PhonePe reward points kamaye hain. Agli transaction par redeem karein: https://phonepe.com/rewards/jKtesS,yes,No,No
ham,"Tanishq ki End of Season Sale ke aakhri kuch ghante! 50% tak off, aaj raat khatam hone se pehle shop karein: https://tanishq.co.in/offers/aL95fV",yes,No,No
ham,"Sirf aaj ke liye: PharmEasy par electronics par flat 60% off mil raha hai, aadhi raat se pehle order karein: https://pharmeasy.in/offers/5z5Cdd",yes,No,No
ham,HDFC Bank: Is hafte app se bill payment karne par 20% cashback paayein. Details: https://hdfcbank.com/offers/Q1FhpV,yes,No,No
ham,CRED: Dost ko refer karein aur dono ko 300 reward points milenge. Code LJFJ23 share karein: https://cred.club/rewards/JuNHIF,yes,No,No
ham,"Ola members ko hamare festive sale ka early access milta hai, select routes par 40% off: https://olacabs.com/offers/RJ53Fw",yes,No,No
ham,Aakhri mauka: aapke Disney+ Hotstar bonus data offer aaj raat expire ho raha hai. Extra benefit ke liye abhi recharge karein: https://hotstar.com/subscribe/cBLsU1,yes,No,No
ham,Paytm: Dost ko refer karein aur dono ko 300 reward points milenge. Code BFPN78 share karein: https://paytm.com/rewards/9PuQoI,yes,No,No
ham,"Ajio ki End of Season Sale ke aakhri kuch ghante! 80% tak off, aaj raat khatam hone se pehle shop karein: https://ajio.com/sale/tNyN5A",yes,No,No
ham,Paytm: Is hafte app se bill payment karne par 60% cashback paayein. Details: https://paytm.com/rewards/0RUHP1,yes,No,No
ham,"Uber par flash sale! Fares Rs.150 se shuru, limited period ke liye. Yahan book karein: https://uber.com/promotions/w3HliF",yes,No,No
ham,Ajio par naye arrivals aa gaye hain! Latest fashion collection dekhein: https://ajio.com/sale/43lXT6,yes,No,No
ham,CRED: Is hafte app se bill payment karne par 15% cashback paayein. Details: https://cred.club/rewards/UEOmyI,yes,No,No
ham,"Uber members ko hamare festive sale ka early access milta hai, select routes par 10% off: https://uber.com/promotions/qH81aq",yes,No,No
ham,"Sirf aaj ke liye: Myntra par home decor par flat 50% off mil raha hai, aadhi raat se pehle order karein: https://myntra.com/offers/c4ghxr",yes,No,No
ham,Flipkart par dost ko invite karein aur dono ko Rs.250 off milega. Code QPEI76 share karein: https://flipkart.com/sale/DKCO6q,yes,No,No
ham,"Amazon ki End of Season Sale miss mat karein - storewide 75% tak off, sirf limited time ke liye: https://amazon.in/deals/lfRFQj",yes,No,No
ham,Aapne 1000 SBI Card reward points kamaye hain. Agli transaction par redeem karein: https://sbicard.com/offers/gfUNqF,yes,No,No
ham,"redBus members ko hamare festive sale ka early access milta hai, select routes par 10% off: https://redbus.in/offers/lZdXtm",yes,No,No
ham,Axis Bank: Is hafte app se bill payment karne par 40% cashback paayein. Details: https://axisbank.com/offers/2wujBn,yes,No,No
ham,"boAt app abhi kholein aur pao exclusive app-only deal 20% off, sirf aaj: https://boat-lifestyle.com/sale/ASEXsz",yes,No,No
ham,Aapka Airtel plan jald expire ho raha hai. Abhi renew karein aur pehle 3 mahino par 20% off paayein: https://airtel.in/offers/ot1oeA,yes,No,No
ham,Meesho: Is weekend storewide flat 25% off. T&C apply. Offers band karne ke liye STOP reply karein. https://meesho.com/offers/FtbzuY,yes,No,No
ham,"Ola members ko hamare festive sale ka early access milta hai, select routes par 10% off: https://olacabs.com/offers/09IXOb",yes,No,No
ham,"Nykaa ki Independence Day Sale miss mat karein - storewide 60% tak off, sirf limited time ke liye: https://nykaa.com/sale/0SN3fq",yes,No,No
ham,"Zepto ki Diwali Dhamaka Sale ke aakhri kuch ghante! 80% tak off, aaj raat khatam hone se pehle shop karein: https://zepto.com/offers/fA3P9A",yes,No,No
ham,"MakeMyTrip: Abhi book karein aur agli trip par 60% off paayein, 27-08-2026 tak valid. Details: https://makemytrip.com/deals/jm1Hvc",yes,No,No
ham,"Vi member hone ke naate, aaj se hamare 60% off renewal offer ka early access paayein: https://myvi.in/offers/KpCYGP",yes,No,No
ham,Aapne 100 Axis Bank reward points kamaye hain. Agli transaction par redeem karein: https://axisbank.com/offers/VCelRK,yes,No,No
ham,Aapne 500 HDFC Bank reward points kamaye hain. Agli transaction par redeem karein: https://hdfcbank.com/offers/OMSBAF,yes,No,No
ham,"Goibibo: Abhi book karein aur agli trip par 70% off paayein, 15-06-2026 tak valid. Details: https://goibibo.com/deals/NGkmzH",yes,No,No
ham,Aapka Spotify subscription 23-03-2025 ko renew hoga. Annual plan par upgrade karein aur 15% bachayein: https://spotify.com/premium/SucQE9,yes,No,No
ham,"IndiGo: Abhi book karein aur agli trip par 25% off paayein, 12-06-2025 tak valid. Details: https://goindigo.in/offers/ZIyRuF",yes,No,No
ham,Aakhri mauka: aapke cult.fit bonus data offer aaj raat expire ho raha hai. Extra benefit ke liye abhi recharge karein: https://cult.fit/offers/1407qp,yes,No,No
ham,"Titan ki Republic Day Sale ke aakhri kuch ghante! 70% tak off, aaj raat khatam hone se pehle shop karein: https://titan.co.in/sale/6Cckaw",yes,No,No
ham,"Sirf aaj ke liye: Titan par fashion par flat 50% off mil raha hai, aadhi raat se pehle order karein: https://titan.co.in/sale/hWnnVk",yes,No,No
ham,"Ola par flash sale! Fares Rs.300 se shuru, limited period ke liye. Yahan book karein: https://olacabs.com/offers/eSflxN",yes,No,No
ham,"MakeMyTrip members ko hamare festive sale ka early access milta hai, select routes par 60% off: https://makemytrip.com/deals/MEEEqh",yes,No,No
ham,"Aapka pichla Titan order pasand aaya tha? Agli order par 20% off, 09-04-2026 tak valid: https://titan.co.in/sale/AceWRF",yes,No,No
ham,"Uber par flash sale! Fares Rs.50 se shuru, limited period ke liye. Yahan book karein: https://uber.com/promotions/QBrJKg",yes,No,No
ham,"Hi Priya, aapke PharmEasy cart ke items ab sale mein hain. Order complete karein: https://pharmeasy.in/offers/IBJH1p",yes,No,No
ham,PhonePe: Is hafte app se bill payment karne par 40% cashback paayein. Details: https://phonepe.com/rewards/SUYy7O,yes,No,No
ham,"IRCTC members ko hamare festive sale ka early access milta hai, select routes par 20% off: https://irctc.co.in/offers/3wnDR3",yes,No,No
ham,"MakeMyTrip par flash sale! Fares Rs.150 se shuru, limited period ke liye. Yahan book karein: https://makemytrip.com/deals/Uzx7m2",yes,No,No
ham,Aapka Vi plan benefit aaj khatam ho raha hai. Extra data na khone ke liye midnight se pehle renew karein: https://myvi.in/offers/en7u1P,yes,No,No
ham,"Happy Birthday Amit! Aapke liye Rs.300 ka Domino's voucher, is mahine valid: https://dominos.co.in/offers/0fR3uW",yes,No,No
ham,"Blinkit Big Billion Days LIVE hai! footwear par 60% tak ki chhoot, stock khatam hone se pehle jaldi karein: https://blinkit.com/offers/0oVKhI",yes,No,No
ham,"IRCTC members ko hamare festive sale ka early access milta hai, select routes par 70% off: https://irctc.co.in/offers/WDJx9P",yes,No,No
ham,"Goibibo members ko hamare festive sale ka early access milta hai, select routes par 30% off: https://goibibo.com/deals/9gdDiU",yes,No,No
ham,Aapka Disney+ Hotstar subscription 20-10-2025 ko renew hoga. Annual plan par upgrade karein aur 60% bachayein: https://hotstar.com/subscribe/3pRgO6,yes,No,No
ham,Blinkit: Is weekend storewide flat 25% off. T&C apply. Offers band karne ke liye STOP reply karein. https://blinkit.com/offers/rioL4L,yes,No,No
ham,Zomato par naye arrivals aa gaye hain! Latest footwear collection dekhein: https://zomato.com/gold/NJxUcZ,yes,No,No
ham,Amazon ki Big Sale live hai! kitchen appliances par 20% tak ki chhoot. Abhi shop karein: https://amazon.in/deals/JatTyV,yes,No,No
ham,"Ola par flash sale! Fares Rs.300 se shuru, limited period ke liye. Yahan book karein: https://olacabs.com/offers/KULwFX",yes,No,No
ham,Zomato par dost ko invite karein aur dono ko Rs.300 off milega. Code XQXH12 share karein: https://zomato.com/gold/WqzO9o,yes,No,No
ham,Aakhri mauka: aapke Jio bonus data offer aaj raat expire ho raha hai. Extra benefit ke liye abhi recharge karein: https://jio.com/offers/VUKkj7,yes,No,No
ham,"Happy Birthday Raj! Aapke liye Rs.200 ka Ajio voucher, is mahine valid: https://ajio.com/sale/l9Vz47",yes,No,No
ham,"Disney+ Hotstar member hone ke naate, aaj se hamare 20% off renewal offer ka early access paayein: https://hotstar.com/subscribe/Qi46nH",yes,No,No
ham,Limited period: aaj hi apni Vi membership upgrade karein aur annual fee par Rs.150 bachayein: https://myvi.in/offers/LpFcJY,yes,No,No
ham,"Goibibo: Abhi book karein aur agli trip par 20% off paayein, 14-09-2026 tak valid. Details: https://goibibo.com/deals/fRjjva",yes,No,No
ham,Aapka Spotify plan jald expire ho raha hai. Abhi renew karein aur pehle 3 mahino par 70% off paayein: https://spotify.com/premium/uQ8cQD,yes,No,No
ham,"redBus members ko hamare festive sale ka early access milta hai, select routes par 15% off: https://redbus.in/offers/XvG7Mb",yes,No,No
ham,"Sirf aaj ke liye: BookMyShow par home decor par flat 25% off mil raha hai, aadhi raat se pehle order karein: https://bookmyshow.com/offers/pcf4dN",yes,No,No
ham,Limited period: aaj hi apni Spotify membership upgrade karein aur annual fee par Rs.50 bachayein: https://spotify.com/premium/pnJccf,yes,No,No
ham,Paytm: Dost ko refer karein aur dono ko 1000 reward points milenge. Code YRKU92 share karein: https://paytm.com/rewards/PDOUqH,yes,No,No
ham,Aapka Disney+ Hotstar plan benefit aaj khatam ho raha hai. Extra data na khone ke liye midnight se pehle renew karein: https://hotstar.com/subscribe/kRcVfP,yes,No,No
ham,"IndiGo par flash sale! Fares Rs.500 se shuru, limited period ke liye. Yahan book karein: https://goindigo.in/offers/TseAeo",yes,No,No
ham,SBI Card: Is hafte app se bill payment karne par 50% cashback paayein. Details: https://sbicard.com/offers/38FN8s,yes,No,No
ham,"Zomato app abhi kholein aur pao exclusive app-only deal 60% off, sirf aaj: https://zomato.com/gold/F3OjGr",yes,No,No
ham,"Uber par flash sale! Fares Rs.100 se shuru, limited period ke liye. Yahan book karein: https://uber.com/promotions/udST4Z",yes,No,No
ham,CRED: Dost ko refer karein aur dono ko 500 reward points milenge. Code BBPH60 share karein: https://cred.club/rewards/5YT1on,yes,No,No
ham,"Ola par flash sale! Fares Rs.150 se shuru, limited period ke liye. Yahan book karein: https://olacabs.com/offers/2i1RQp",yes,No,No
ham,Aapne 1000 PhonePe reward points kamaye hain. Agli transaction par redeem karein: https://phonepe.com/rewards/CCVMok,yes,No,No
ham,"IndiGo par flash sale! Fares Rs.50 se shuru, limited period ke liye. Yahan book karein: https://goindigo.in/offers/AmLBdH",yes,No,No
ham,Aapne 200 SBI Card reward points kamaye hain. Agli transaction par redeem karein: https://sbicard.com/offers/ZolWug,yes,No,No
ham,Limited period: aaj hi apni Netflix membership upgrade karein aur annual fee par Rs.200 bachayein: https://netflix.com/account/ZMO98t,yes,No,No
ham,Aapne 200 HDFC Bank reward points kamaye hain. Agli transaction par redeem karein: https://hdfcbank.com/offers/WfKrHw,yes,No,No
ham,Aapne 1000 ICICI Bank reward points kamaye hain. Agli transaction par redeem karein: https://icicibank.com/offers/ZAErGS,yes,No,No
ham,"Ola par flash sale! Fares Rs.50 se shuru, limited period ke liye. Yahan book karein: https://olacabs.com/offers/alHN2R",yes,No,No
ham,"Sirf aaj ke liye: Tanishq par home decor par flat 30% off mil raha hai, aadhi raat se pehle order karein: https://tanishq.co.in/offers/LI9f5e",yes,No,No
ham,"Sirf aaj ke liye: 1mg par home decor par flat 10% off mil raha hai, aadhi raat se pehle order karein: https://1mg.com/offers/xfCoF8",yes,No,No
ham,Aakhri mauka: aapke Disney+ Hotstar bonus data offer aaj raat expire ho raha hai. Extra benefit ke liye abhi recharge karein: https://hotstar.com/subscribe/uN5PM3,yes,No,No
ham,Aapne 150 SBI Card reward points kamaye hain. Agli transaction par redeem karein: https://sbicard.com/offers/CAJ8nt,yes,No,No
ham,"MakeMyTrip par flash sale! Fares Rs.200 se shuru, limited period ke liye. Yahan book karein: https://makemytrip.com/deals/uvxLF6",yes,No,No
ham,CRED: Dost ko refer karein aur dono ko 1000 reward points milenge. Code VUCA44 share karein: https://cred.club/rewards/9cPJza,yes,No,No
ham,"Policybazaar member hone ke naate, aaj se hamare 40% off renewal offer ka early access paayein: https://policybazaar.com/renew/NBFWWN",yes,No,No
ham,Aapne 300 Paytm reward points kamaye hain. Agli transaction par redeem karein: https://paytm.com/rewards/uBku20,yes,No,No
ham,"Ola members ko hamare festive sale ka early access milta hai, select routes par 30% off: https://olacabs.com/offers/I8tdWj",yes,No,No
ham,Limited period: aaj hi apni BYJU'S membership upgrade karein aur annual fee par Rs.150 bachayein: https://byjus.com/offers/yZCJ3C,yes,No,No
ham,Aapka Vi plan jald expire ho raha hai. Abhi renew karein aur pehle 3 mahino par 20% off paayein: https://myvi.in/offers/t1zQve,yes,No,No
ham,Limited period: aaj hi apni Netflix membership upgrade karein aur annual fee par Rs.50 bachayein: https://netflix.com/account/SLDlbc,yes,No,No
ham,Tanishq par naye arrivals aa gaye hain! Latest groceries collection dekhein: https://tanishq.co.in/offers/FoosV4,yes,No,No
ham,Aakhri mauka: aapke Jio bonus data offer aaj raat expire ho raha hai. Extra benefit ke liye abhi recharge karein: https://jio.com/offers/L3x6nX,yes,No,No
ham,Aapka Airtel plan jald expire ho raha hai. Abhi renew karein aur pehle 3 mahino par 40% off paayein: https://airtel.in/offers/31wDoG,yes,No,No
ham,ICICI Bank: Dost ko refer karein aur dono ko 300 reward points milenge. Code JRRD53 share karein: https://icicibank.com/offers/gVOPNg,yes,No,No
ham,"Zepto ki Independence Day Sale ke aakhri kuch ghante! 50% tak off, aaj raat khatam hone se pehle shop karein: https://zepto.com/offers/iFHzAU",yes,No,No
ham,PhonePe: Is hafte app se bill payment karne par 25% cashback paayein. Details: https://phonepe.com/rewards/gISpsz,yes,No,No
ham,Aapka BYJU'S plan benefit aaj khatam ho raha hai. Extra data na khone ke liye midnight se pehle renew karein: https://byjus.com/offers/6KTmJP,yes,No,No
ham,Limited period: aaj hi apni Spotify membership upgrade karein aur annual fee par Rs.50 bachayein: https://spotify.com/premium/ogv2SZ,yes,No,No
ham,"MakeMyTrip members ko hamare festive sale ka early access milta hai, select routes par 25% off: https://makemytrip.com/deals/z4bYEf",yes,No,No
ham,SBI Card: Is hafte app se bill payment karne par 20% cashback paayein. Details: https://sbicard.com/offers/lebzTO,yes,No,No
ham,"Zomato ki End of Season Sale ke aakhri kuch ghante! 50% tak off, aaj raat khatam hone se pehle shop karein: https://zomato.com/gold/CdmS7i",yes,No,No
ham,SBI Card: Dost ko refer karein aur dono ko 300 reward points milenge. Code QCEC53 share karein: https://sbicard.com/offers/NXdDwh,yes,No,No
ham,boAt: Is weekend storewide flat 15% off. T&C apply. Offers band karne ke liye STOP reply karein. https://boat-lifestyle.com/sale/Mrqi9U,yes,No,No
ham,Aapne 1000 PhonePe reward points kamaye hain. Agli transaction par redeem karein: https://phonepe.com/rewards/8Qp8g2,yes,No,No
ham,"IndiGo: Abhi book karein aur agli trip par 10% off paayein, 20-02-2025 tak valid. Details: https://goindigo.in/offers/B4Slg5",yes,No,No
ham,Swiggy par dost ko invite karein aur dono ko Rs.200 off milega. Code FNWP33 share karein: https://swiggy.com/offers/ACmZwG,yes,No,No
ham,Paytm: Is hafte app se bill payment karne par 60% cashback paayein. Details: https://paytm.com/rewards/gaDTKZ,yes,No,No
ham,Aapne 200 PhonePe reward points kamaye hain. Agli transaction par redeem karein: https://phonepe.com/rewards/IJDgce,yes,No,No
ham,Aakhri mauka: aapke Unacademy bonus data offer aaj raat expire ho raha hai. Extra benefit ke liye abhi recharge karein: https://unacademy.com/offers/BWg60g,yes,No,No
ham,SBI Card: Is hafte app se bill payment karne par 10% cashback paayein. Details: https://sbicard.com/offers/SK54gT,yes,No,No
ham,Aapka Netflix plan benefit aaj khatam ho raha hai. Extra data na khone ke liye midnight se pehle renew karein: https://netflix.com/account/b3p3A7,yes,No,No
ham,Aapka Spotify plan jald expire ho raha hai. Abhi renew karein aur pehle 3 mahino par 30% off paayein: https://spotify.com/premium/65Abf5,yes,No,No
ham,Axis Bank: Dost ko refer karein aur dono ko 1000 reward points milenge. Code PDYW58 share karein: https://axisbank.com/offers/FrbjLj,yes,No,No
ham,"IRCTC members ko hamare festive sale ka early access milta hai, select routes par 40% off: https://irctc.co.in/offers/BXzdGK",yes,No,No
ham,"MakeMyTrip par flash sale! Fares Rs.300 se shuru, limited period ke liye. Yahan book karein: https://makemytrip.com/deals/2vefKx",yes,No,No
ham,"Ola members ko hamare festive sale ka early access milta hai, select routes par 50% off: https://olacabs.com/offers/L88JSs",yes,No,No
ham,Aapne 300 ICICI Bank reward points kamaye hain. Agli transaction par redeem karein: https://icicibank.com/offers/z1BXoJ,yes,No,No
ham,"Ola: Abhi book karein aur agli trip par 50% off paayein, 01-01-2026 tak valid. Details: https://olacabs.com/offers/VHsSQo",yes,No,No
ham,"Jio member hone ke naate, aaj se hamare 15% off renewal offer ka early access paayein: https://jio.com/offers/gvhsFr",yes,No,No
ham,"Uber: Abhi book karein aur agli trip par 25% off paayein, 12-04-2025 tak valid. Details: https://uber.com/promotions/N3IlqT",yes,No,No
ham,SBI Card: Dost ko refer karein aur dono ko 100 reward points milenge. Code QKOU32 share karein: https://sbicard.com/offers/0Chlbl,yes,No,No
ham,"BYJU'S member hone ke naate, aaj se hamare 70% off renewal offer ka early access paayein: https://byjus.com/offers/970iuS",yes,No,No
ham,Aapka BYJU'S plan benefit aaj khatam ho raha hai. Extra data na khone ke liye midnight se pehle renew karein: https://byjus.com/offers/iLGxJL,yes,No,No
ham,"IRCTC: Abhi book karein aur agli trip par 15% off paayein, 04-10-2026 tak valid. Details: https://irctc.co.in/offers/NhCk2Z",yes,No,No
ham,"MakeMyTrip par flash sale! Fares Rs.100 se shuru, limited period ke liye. Yahan book karein: https://makemytrip.com/deals/1yvuQy",yes,No,No
ham,"Hi Pooja, aapke Blinkit cart ke items ab sale mein hain. Order complete karein: https://blinkit.com/offers/azeK5p",yes,No,No
ham,"redBus members ko hamare festive sale ka early access milta hai, select routes par 30% off: https://redbus.in/offers/Qf0cyH",yes,No,No
ham,HDFC Bank: Is hafte app se bill payment karne par 15% cashback paayein. Details: https://hdfcbank.com/offers/1Q4F0n,yes,No,No
ham,Aapne 250 PhonePe reward points kamaye hain. Agli transaction par redeem karein: https://phonepe.com/rewards/0m8wgb,yes,No,No
ham,Blinkit par dost ko invite karein aur dono ko Rs.300 off milega. Code HURP53 share karein: https://blinkit.com/offers/iY2nbL,yes,No,No
ham,Limited period: aaj hi apni Unacademy membership upgrade karein aur annual fee par Rs.300 bachayein: https://unacademy.com/offers/hiQlPw,yes,No,No
ham,Aapne 200 PhonePe reward points kamaye hain. Agli transaction par redeem karein: https://phonepe.com/rewards/UN0IQt,yes,No,No
ham,CRED: Dost ko refer karein aur dono ko 250 reward points milenge. Code LHAI26 share karein: https://cred.club/rewards/8Nx6GS,yes,No,No
ham,"Ola par flash sale! Fares Rs.200 se shuru, limited period ke liye. Yahan book karein: https://olacabs.com/offers/yPBTXw",yes,No,No
ham,"Nykaa Republic Day Sale LIVE hai! accessories par 60% tak ki chhoot, stock khatam hone se pehle jaldi karein: https://nykaa.com/sale/emWKET",yes,No,No
ham,Aapne 100 HDFC Bank reward points kamaye hain. Agli transaction par redeem karein: https://hdfcbank.com/offers/gnC62R,yes,No,No
ham,"Ola members ko hamare festive sale ka early access milta hai, select routes par 20% off: https://olacabs.com/offers/exUyr5",yes,No,No
ham,"Aapka pichla PharmEasy order pasand aaya tha? Agli order par 15% off, 25-03-2026 tak valid: https://pharmeasy.in/offers/YHpsl0",yes,No,No
ham,SBI Card: Dost ko refer karein aur dono ko 150 reward points milenge. Code AMME73 share karein: https://sbicard.com/offers/nPnRTa,yes,No,No
ham,HDFC Bank: Is hafte app se bill payment karne par 50% cashback paayein. Details: https://hdfcbank.com/offers/lLLiR9,yes,No,No
ham,"Uber members ko hamare festive sale ka early access milta hai, select routes par 40% off: https://uber.com/promotions/Y6uCHG",yes,No,No
ham,"New Year ki hardik shubhkamnayein! Titan par 50% off ke saath celebrate karein, sirf hamare valued customers ke liye: https://titan.co.in/sale/iu6VVo",yes,No,No
ham,Aapka Netflix subscription 18-10-2025 ko renew hoga. Annual plan par upgrade karein aur 30% bachayein: https://netflix.com/account/sXTMqA,yes,No,No
ham,1mg par naye arrivals aa gaye hain! Latest electronics collection dekhein: https://1mg.com/offers/KqBsOU,yes,No,No
ham,"MakeMyTrip members ko hamare festive sale ka early access milta hai, select routes par 50% off: https://makemytrip.com/deals/UQffze",yes,No,No
ham,Aapka Netflix plan benefit aaj khatam ho raha hai. Extra data na khone ke liye midnight se pehle renew karein: https://netflix.com/account/09QGKZ,yes,No,No
ham,"Goibibo members ko hamare festive sale ka early access milta hai, select routes par 20% off: https://goibibo.com/deals/9VZnWG",yes,No,No
ham,"Meesho ki End of Season Sale ke aakhri kuch ghante! 75% tak off, aaj raat khatam hone se pehle shop karein: https://meesho.com/offers/pSt4hX",yes,No,No
ham,SBI Card: Is hafte app se bill payment karne par 50% cashback paayein. Details: https://sbicard.com/offers/pwkS6R,yes,No,No
ham,"Goibibo par flash sale! Fares Rs.200 se shuru, limited period ke liye. Yahan book karein: https://goibibo.com/deals/BLNxGE",yes,No,No
ham,"Year End Sale sirf Ajio par: home decor par flat 70% tak chhoot, abhi app download karein: https://ajio.com/sale/oVMg7m",yes,No,No
ham,CRED: Dost ko refer karein aur dono ko 250 reward points milenge. Code EQMJ94 share karein: https://cred.club/rewards/6yLLYV,yes,No,No
ham,"redBus members ko hamare festive sale ka early access milta hai, select routes par 50% off: https://redbus.in/offers/1VgjBI",yes,No,No
ham,Aapne 100 ICICI Bank reward points kamaye hain. Agli transaction par redeem karein: https://icicibank.com/offers/t7cNcj,yes,No,No
ham,PhonePe: Is hafte app se bill payment karne par 15% cashback paayein. Details: https://phonepe.com/rewards/VdK5TJ,yes,No,No
ham,CRED: Dost ko refer karein aur dono ko 300 reward points milenge. Code PZBJ75 share karein: https://cred.club/rewards/ruXroa,yes,No,No
ham,Aapka Disney+ Hotstar subscription 06-11-2025 ko renew hoga. Annual plan par upgrade karein aur 60% bachayein: https://hotstar.com/subscribe/m7yiWV,yes,No,No
ham,Aapne 750 ICICI Bank reward points kamaye hain. Agli transaction par redeem karein: https://icicibank.com/offers/QJcJgD,yes,No,No
ham,"Hi Rahul, aapke Tanishq cart ke items ab sale mein hain. Order complete karein: https://tanishq.co.in/offers/GaIwy5",yes,No,No
ham,Aakhri mauka: aapke Amazon Prime Video bonus data offer aaj raat expire ho raha hai. Extra benefit ke liye abhi recharge karein: https://primevideo.com/offers/mSd10c,yes,No,No
ham,PhonePe: Dost ko refer karein aur dono ko 100 reward points milenge. Code YHOC44 share karein: https://phonepe.com/rewards/Nchlmh,yes,No,No
ham,PhonePe: Is hafte app se bill payment karne par 60% cashback paayein. Details: https://phonepe.com/rewards/66zCJ1,yes,No,No
ham,Paytm: Is hafte app se bill payment karne par 25% cashback paayein. Details: https://paytm.com/rewards/glBXOR,yes,No,No
ham,"Ola par flash sale! Fares Rs.100 se shuru, limited period ke liye. Yahan book karein: https://olacabs.com/offers/729WvB",yes,No,No
ham,Aapka Amazon Prime Video subscription 03-04-2025 ko renew hoga. Annual plan par upgrade karein aur 50% bachayein: https://primevideo.com/offers/5UlZsJ,yes,No,No
ham,Nykaa par naye arrivals aa gaye hain! Latest home decor collection dekhein: https://nykaa.com/sale/SJjoLz,yes,No,No
ham,Zepto par dost ko invite karein aur dono ko Rs.150 off milega. Code AUTD73 share karein: https://zepto.com/offers/ZU52h5,yes,No,No
ham,Aapka Vi subscription 13-08-2025 ko renew hoga. Annual plan par upgrade karein aur 60% bachayein: https://myvi.in/offers/kcj5fK,yes,No,No
ham,CRED: Dost ko refer karein aur dono ko 250 reward points milenge. Code JPYU59 share karein: https://cred.club/rewards/TwFQ2S,yes,No,No
ham,"Happy Birthday Vikram! Aapke liye Rs.200 ka Zomato voucher, is mahine valid: https://zomato.com/gold/6cOCip",yes,No,No
ham,"MakeMyTrip members ko hamare festive sale ka early access milta hai, select routes par 70% off: https://makemytrip.com/deals/IRVH1z",yes,No,No
ham,Aapne 250 ICICI Bank reward points kamaye hain. Agli transaction par redeem karein: https://icicibank.com/offers/NWoeX8,yes,No,No
ham,Aapka BYJU'S plan benefit aaj khatam ho raha hai. Extra data na khone ke liye midnight se pehle renew karein: https://byjus.com/offers/KTWNNI,yes,No,No
ham,"Ola: Abhi book karein aur agli trip par 50% off paayein, 10-06-2026 tak valid. Details: https://olacabs.com/offers/xv6H5P",yes,No,No
ham,Aakhri mauka: aapke Unacademy bonus data offer aaj raat expire ho raha hai. Extra benefit ke liye abhi recharge karein: https://unacademy.com/offers/SWyJX8,yes,No,No
ham,Aapka BYJU'S plan jald expire ho raha hai. Abhi renew karein aur pehle 3 mahino par 15% off paayein: https://byjus.com/offers/M7Cgii,yes,No,No
ham,"Uber par flash sale! Fares Rs.100 se shuru, limited period ke liye. Yahan book karein: https://uber.com/promotions/kTeJRg",yes,No,No
ham,Aapka BYJU'S subscription 18-08-2026 ko renew hoga. Annual plan par upgrade karein aur 40% bachayein: https://byjus.com/offers/xkBv5a,yes,No,No
ham,"Ola members ko hamare festive sale ka early access milta hai, select routes par 60% off: https://olacabs.com/offers/Xanq8B",yes,No,No
ham,Aapka Vi subscription 14-04-2026 ko renew hoga. Annual plan par upgrade karein aur 60% bachayein: https://myvi.in/offers/rMSTAB,yes,No,No
ham,Paytm: Dost ko refer karein aur dono ko 100 reward points milenge. Code GEEY62 share karein: https://paytm.com/rewards/N3AIax,yes,No,No
ham,BookMyShow par dost ko invite karein aur dono ko Rs.150 off milega. Code VPDX12 share karein: https://bookmyshow.com/offers/keYCgk,yes,No,No
ham,Myntra par dost ko invite karein aur dono ko Rs.200 off milega. Code GRRV34 share karein: https://myntra.com/offers/lMfa3R,yes,No,No
ham,Aakhri mauka: aapke BYJU'S bonus data offer aaj raat expire ho raha hai. Extra benefit ke liye abhi recharge karein: https://byjus.com/offers/48G4MA,yes,No,No
ham,Aapne 100 PhonePe reward points kamaye hain. Agli transaction par redeem karein: https://phonepe.com/rewards/bJYR8J,yes,No,No
ham,"MakeMyTrip: Abhi book karein aur agli trip par 50% off paayein, 03-02-2025 tak valid. Details: https://makemytrip.com/deals/2WXiv2",yes,No,No
ham,Aapne 100 Paytm reward points kamaye hain. Agli transaction par redeem karein: https://paytm.com/rewards/S6cHnq,yes,No,No
ham,"Aapka pichla Zepto order pasand aaya tha? Agli order par 15% off, 25-07-2026 tak valid: https://zepto.com/offers/pJXcYr",yes,No,No
ham,Axis Bank: Dost ko refer karein aur dono ko 750 reward points milenge. Code GEAY46 share karein: https://axisbank.com/offers/TH0lY9,yes,No,No
ham,Aapka Amazon Prime Video subscription 05-11-2026 ko renew hoga. Annual plan par upgrade karein aur 15% bachayein: https://primevideo.com/offers/VC8siO,yes,No,No
ham,"Goibibo members ko hamare festive sale ka early access milta hai, select routes par 10% off: https://goibibo.com/deals/omVaRB",yes,No,No
ham,SBI Card: Is hafte app se bill payment karne par 10% cashback paayein. Details: https://sbicard.com/offers/FAYmFZ,yes,No,No
ham,"Uber par flash sale! Fares Rs.300 se shuru, limited period ke liye. Yahan book karein: https://uber.com/promotions/WfgTea",yes,No,No
ham,"IRCTC par flash sale! Fares Rs.50 se shuru, limited period ke liye. Yahan book karein: https://irctc.co.in/offers/RHutwO",yes,No,No
ham,PhonePe: Is hafte app se bill payment karne par 25% cashback paayein. Details: https://phonepe.com/rewards/vXzZAB,yes,No,No
ham,boAt par naye arrivals aa gaye hain! Latest home decor collection dekhein: https://boat-lifestyle.com/sale/mdMXyQ,yes,No,No
ham,"Zomato ki End of Season Sale miss mat karein - storewide 50% tak off, sirf limited time ke liye: https://zomato.com/gold/LCZXpg",yes,No,No
ham,Aapka Vi plan benefit aaj khatam ho raha hai. Extra data na khone ke liye midnight se pehle renew karein: https://myvi.in/offers/s86ZPv,yes,No,No
ham,"redBus par flash sale! Fares Rs.200 se shuru, limited period ke liye. Yahan book karein: https://redbus.in/offers/HHBCO0",yes,No,No
ham,Aapka BYJU'S plan jald expire ho raha hai. Abhi renew karein aur pehle 3 mahino par 25% off paayein: https://byjus.com/offers/1UPXFc,yes,No,No
ham,"Holi ki hardik shubhkamnayein! Blinkit par 15% off ke saath celebrate karein, sirf hamare valued customers ke liye: https://blinkit.com/offers/h3ZsED",yes,No,No
ham,Aapka Disney+ Hotstar subscription 28-04-2026 ko renew hoga. Annual plan par upgrade karein aur 60% bachayein: https://hotstar.com/subscribe/gzjZpF,yes,No,No
ham,Limited period: aaj hi apni Disney+ Hotstar membership upgrade karein aur annual fee par Rs.200 bachayein: https://hotstar.com/subscribe/zUUKOf,yes,No,No
ham,"Uber par flash sale! Fares Rs.150 se shuru, limited period ke liye. Yahan book karein: https://uber.com/promotions/050wHg",yes,No,No
ham,"Ola members ko hamare festive sale ka early access milta hai, select routes par 15% off: https://olacabs.com/offers/3vr9ql",yes,No,No
ham,"Uber par flash sale! Fares Rs.100 se shuru, limited period ke liye. Yahan book karein: https://uber.com/promotions/CP5rh2",yes,No,No
ham,ICICI Bank: Dost ko refer karein aur dono ko 300 reward points milenge. Code AUAE27 share karein: https://icicibank.com/offers/xLvTkc,yes,No,No
ham,Aakhri mauka: aapke Unacademy bonus data offer aaj raat expire ho raha hai. Extra benefit ke liye abhi recharge karein: https://unacademy.com/offers/HVa8VE,yes,No,No
ham,HDFC Bank: Is hafte app se bill payment karne par 50% cashback paayein. Details: https://hdfcbank.com/offers/fdz8qA,yes,No,No
ham,"MakeMyTrip par flash sale! Fares Rs.150 se shuru, limited period ke liye. Yahan book karein: https://makemytrip.com/deals/oCEsvy",yes,No,No
ham,"Policybazaar member hone ke naate, aaj se hamare 60% off renewal offer ka early access paayein: https://policybazaar.com/renew/6IVEN9",yes,No,No
ham,Aakhri mauka: aapke Amazon Prime Video bonus data offer aaj raat expire ho raha hai. Extra benefit ke liye abhi recharge karein: https://primevideo.com/offers/Ow28LL,yes,No,No
ham,"Nykaa ki Independence Day Sale ke aakhri kuch ghante! 70% tak off, aaj raat khatam hone se pehle shop karein: https://nykaa.com/sale/YsRax6",yes,No,No
ham,Aapka Spotify plan benefit aaj khatam ho raha hai. Extra data na khone ke liye midnight se pehle renew karein: https://spotify.com/premium/1eZkg6,yes,No,No
ham,Aapne 100 PhonePe reward points kamaye hain. Agli transaction par redeem karein: https://phonepe.com/rewards/ooPZdk,yes,No,No
ham,Paytm: Dost ko refer karein aur dono ko 300 reward points milenge. Code TRNL88 share karein: https://paytm.com/rewards/0TVP8y,yes,No,No
ham,Aakhri mauka: aapke Amazon Prime Video bonus data offer aaj raat expire ho raha hai. Extra benefit ke liye abhi recharge karein: https://primevideo.com/offers/WY9ykw,yes,No,No
ham,ICICI Bank: Dost ko refer karein aur dono ko 250 reward points milenge. Code GIGO29 share karein: https://icicibank.com/offers/Azx4qN,yes,No,No
ham,Aakhri mauka: aapke Amazon Prime Video bonus data offer aaj raat expire ho raha hai. Extra benefit ke liye abhi recharge karein: https://primevideo.com/offers/Dm7AuV,yes,No,No
ham,"Aapka pichla Flipkart order pasand aaya tha? Agli order par 10% off, 27-11-2025 tak valid: https://flipkart.com/sale/IO2CsU",yes,No,No
ham,"IndiGo: Abhi book karein aur agli trip par 15% off paayein, 09-03-2025 tak valid. Details: https://goindigo.in/offers/3zkfXz",yes,No,No
ham,"redBus par flash sale! Fares Rs.50 se shuru, limited period ke liye. Yahan book karein: https://redbus.in/offers/DpUiUF",yes,No,No
ham,Aakhri mauka: aapke Amazon Prime Video bonus data offer aaj raat expire ho raha hai. Extra benefit ke liye abhi recharge karein: https://primevideo.com/offers/oDfmjV,yes,No,No
ham,ICICI Bank: Is hafte app se bill payment karne par 20% cashback paayein. Details: https://icicibank.com/offers/6dYwMT,yes,No,No
ham,Aapka Amazon Prime Video plan benefit aaj khatam ho raha hai. Extra data na khone ke liye midnight se pehle renew karein: https://primevideo.com/offers/QQuqKr,yes,No,No
ham,HDFC Bank: Dost ko refer karein aur dono ko 200 reward points milenge. Code RIAA17 share karein: https://hdfcbank.com/offers/rsXrTh,yes,No,No
ham,"Aapka pichla Zomato order pasand aaya tha? Agli order par 50% off, 24-01-2025 tak valid: https://zomato.com/gold/lbpmdB",yes,No,No
ham,"Ola members ko hamare festive sale ka early access milta hai, select routes par 20% off: https://olacabs.com/offers/RalqVm",yes,No,No
ham,Limited period: aaj hi apni Spotify membership upgrade karein aur annual fee par Rs.100 bachayein: https://spotify.com/premium/3CqBuY,yes,No,No
ham,"Aapka pichla Tanishq order pasand aaya tha? Agli order par 60% off, 14-06-2025 tak valid: https://tanishq.co.in/offers/wTtIVH",yes,No,No
ham,"Sirf aaj ke liye: Blinkit par home decor par flat 10% off mil raha hai, aadhi raat se pehle order karein: https://blinkit.com/offers/RjN0jV",yes,No,No
ham,"redBus par flash sale! Fares Rs.100 se shuru, limited period ke liye. Yahan book karein: https://redbus.in/offers/nPtjVh",yes,No,No
ham,"redBus members ko hamare festive sale ka early access milta hai, select routes par 50% off: https://redbus.in/offers/eO1Gio",yes,No,No
ham,"MakeMyTrip: Abhi book karein aur agli trip par 60% off paayein, 09-11-2025 tak valid. Details: https://makemytrip.com/deals/4PVPuY",yes,No,No
ham,"Lenskart ki Diwali Dhamaka Sale ke aakhri kuch ghante! 70% tak off, aaj raat khatam hone se pehle shop karein: https://lenskart.com/offers/fLKbjC",yes,No,No
ham,"IRCTC members ko hamare festive sale ka early access milta hai, select routes par 30% off: https://irctc.co.in/offers/TyD5Ka",yes,No,No
ham,Limited period: aaj hi apni Airtel membership upgrade karein aur annual fee par Rs.500 bachayein: https://airtel.in/offers/dnyGRR,yes,No,No
ham,Aapka Disney+ Hotstar subscription 10-08-2025 ko renew hoga. Annual plan par upgrade karein aur 60% bachayein: https://hotstar.com/subscribe/JtYXIW,yes,No,No
ham,Aapne 100 ICICI Bank reward points kamaye hain. Agli transaction par redeem karein: https://icicibank.com/offers/eEpCqn,yes,No,No
ham,"Happy Birthday Priya! Aapke liye Rs.50 ka Zepto voucher, is mahine valid: https://zepto.com/offers/UhxCMZ",yes,No,No
ham,"MakeMyTrip par flash sale! Fares Rs.50 se shuru, limited period ke liye. Yahan book karein: https://makemytrip.com/deals/px7h78",yes,No,No
ham,Aapka Spotify plan benefit aaj khatam ho raha hai. Extra data na khone ke liye midnight se pehle renew karein: https://spotify.com/premium/MuH4ux,yes,No,No
ham,Aakhri mauka: aapke Jio bonus data offer aaj raat expire ho raha hai. Extra benefit ke liye abhi recharge karein: https://jio.com/offers/iLErWV,yes,No,No
ham,Aapne 750 ICICI Bank reward points kamaye hain. Agli transaction par redeem karein: https://icicibank.com/offers/lCO67v,yes,No,No
ham,Tanishq par dost ko invite karein aur dono ko Rs.150 off milega. Code KBPH50 share karein: https://tanishq.co.in/offers/KptkCR,yes,No,No
ham,"Uber: Abhi book karein aur agli trip par 40% off paayein, 07-04-2026 tak valid. Details: https://uber.com/promotions/iVJvAJ",yes,No,No
ham,"BookMyShow ki Great Indian Festival miss mat karein - storewide 50% tak off, sirf limited time ke liye: https://bookmyshow.com/offers/cZAJ3n",yes,No,No
ham,PhonePe: Is hafte app se bill payment karne par 15% cashback paayein. Details: https://phonepe.com/rewards/5wEGTY,yes,No,No
ham,Aapne 100 SBI Card reward points kamaye hain. Agli transaction par redeem karein: https://sbicard.com/offers/rfCmWk,yes,No,No
ham,Aapne 100 Axis Bank reward points kamaye hain. Agli transaction par redeem karein: https://axisbank.com/offers/geDByl,yes,No,No
ham,"Pepperfry app abhi kholein aur pao exclusive app-only deal 40% off, sirf aaj: https://pepperfry.com/sale/3jlEKN",yes,No,No
ham,"Amazon ki Monsoon Sale ke aakhri kuch ghante! 60% tak off, aaj raat khatam hone se pehle shop karein: https://amazon.in/deals/sUgzIE",yes,No,No
ham,"Uber par flash sale! Fares Rs.100 se shuru, limited period ke liye. Yahan book karein: https://uber.com/promotions/HApWCZ",yes,No,No
ham,"Unacademy member hone ke naate, aaj se hamare 40% off renewal offer ka early access paayein: https://unacademy.com/offers/c4xN53",yes,No,No
ham,CRED: Is hafte app se bill payment karne par 30% cashback paayein. Details: https://cred.club/rewards/4Vp2nY,yes,No,No
ham,Aapne 1000 Axis Bank reward points kamaye hain. Agli transaction par redeem karein: https://axisbank.com/offers/eXVDpP,yes,No,No
ham,Axis Bank: Dost ko refer karein aur dono ko 100 reward points milenge. Code MZUZ58 share karein: https://axisbank.com/offers/oDqQ1n,yes,No,No
ham,"Uber: Abhi book karein aur agli trip par 15% off paayein, 06-04-2026 tak valid. Details: https://uber.com/promotions/Rz451R",yes,No,No
ham,Aakhri mauka: aapke Jio bonus data offer aaj raat expire ho raha hai. Extra benefit ke liye abhi recharge karein: https://jio.com/offers/sA6Ptt,yes,No,No
ham,"cult.fit member hone ke naate, aaj se hamare 60% off renewal offer ka early access paayein: https://cult.fit/offers/xlgmcz",yes,No,No
ham,Aapka Jio plan benefit aaj khatam ho raha hai. Extra data na khone ke liye midnight se pehle renew karein: https://jio.com/offers/BcrOow,yes,No,No
ham,"New Year ki hardik shubhkamnayein! boAt par 60% off ke saath celebrate karein, sirf hamare valued customers ke liye: https://boat-lifestyle.com/sale/X3ZsfN",yes,No,No
ham,ICICI Bank: Is hafte app se bill payment karne par 70% cashback paayein. Details: https://icicibank.com/offers/T2tLqM,yes,No,No
ham,PhonePe: Is hafte app se bill payment karne par 15% cashback paayein. Details: https://phonepe.com/rewards/ZWhy1u,yes,No,No
ham,"IndiGo: Abhi book karein aur agli trip par 40% off paayein, 15-03-2026 tak valid. Details: https://goindigo.in/offers/TqpuX3",yes,No,No
ham,SBI Card: Is hafte app se bill payment karne par 70% cashback paayein. Details: https://sbicard.com/offers/teyJRk,yes,No,No
ham,Aapne 750 CRED reward points kamaye hain. Agli transaction par redeem karein: https://cred.club/rewards/1LzowV,yes,No,No
ham,"Pepperfry End of Season Sale LIVE hai! electronics par 60% tak ki chhoot, stock khatam hone se pehle jaldi karein: https://pepperfry.com/sale/wpwFMc",yes,No,No
ham,Aapka BYJU'S plan jald expire ho raha hai. Abhi renew karein aur pehle 3 mahino par 30% off paayein: https://byjus.com/offers/nUjOEk,yes,No,No
ham,"Sirf aaj ke liye: Swiggy par footwear par flat 50% off mil raha hai, aadhi raat se pehle order karein: https://swiggy.com/offers/mZYFQJ",yes,No,No
ham,"redBus: Abhi book karein aur agli trip par 10% off paayein, 22-08-2026 tak valid. Details: https://redbus.in/offers/IFRYe4",yes,No,No
ham,Aakhri mauka: aapke Policybazaar bonus data offer aaj raat expire ho raha hai. Extra benefit ke liye abhi recharge karein: https://policybazaar.com/renew/OmWcB3,yes,No,No
ham,"Lenskart app abhi kholein aur pao exclusive app-only deal 30% off, sirf aaj: https://lenskart.com/offers/jS5nmP",yes,No,No
ham,Aapne 200 PhonePe reward points kamaye hain. Agli transaction par redeem karein: https://phonepe.com/rewards/lKbDnr,yes,No,No
ham,Aapne 250 Axis Bank reward points kamaye hain. Agli transaction par redeem karein: https://axisbank.com/offers/lkwhDr,yes,No,No
ham,"IRCTC par flash sale! Fares Rs.100 se shuru, limited period ke liye. Yahan book karein: https://irctc.co.in/offers/zdpqJu",yes,No,No
ham,Axis Bank: Is hafte app se bill payment karne par 20% cashback paayein. Details: https://axisbank.com/offers/HVbflv,yes,No,No
ham,SBI Card: Is hafte app se bill payment karne par 20% cashback paayein. Details: https://sbicard.com/offers/sk3A1J,yes,No,No
ham,"Ola: Abhi book karein aur agli trip par 40% off paayein, 11-07-2026 tak valid. Details: https://olacabs.com/offers/xp2De0",yes,No,No
ham,"New Year ki hardik shubhkamnayein! Ajio par 60% off ke saath celebrate karein, sirf hamare valued customers ke liye: https://ajio.com/sale/eU9OaI",yes,No,No
ham,ICICI Bank: Is hafte app se bill payment karne par 40% cashback paayein. Details: https://icicibank.com/offers/o8gME1,yes,No,No
ham,"Goibibo: Abhi book karein aur agli trip par 25% off paayein, 23-08-2026 tak valid. Details: https://goibibo.com/deals/IHUpfu",yes,No,No
ham,"IRCTC: Abhi book karein aur agli trip par 15% off paayein, 15-11-2026 tak valid. Details: https://irctc.co.in/offers/Ne1APQ",yes,No,No
ham,"cult.fit member hone ke naate, aaj se hamare 70% off renewal offer ka early access paayein: https://cult.fit/offers/GLzfeu",yes,No,No
ham,Aakhri mauka: aapke Netflix bonus data offer aaj raat expire ho raha hai. Extra benefit ke liye abhi recharge karein: https://netflix.com/account/mKvcnf,yes,No,No
ham,Aapne 300 CRED reward points kamaye hain. Agli transaction par redeem karein: https://cred.club/rewards/SO4YwM,yes,No,No
ham,"BigBasket ki Independence Day Sale ke aakhri kuch ghante! 80% tak off, aaj raat khatam hone se pehle shop karein: https://bigbasket.com/offers/Y8v1Fm",yes,No,No
ham,"BYJU'S member hone ke naate, aaj se hamare 50% off renewal offer ka early access paayein: https://byjus.com/offers/d46zXF",yes,No,No
ham,Aapka Unacademy plan benefit aaj khatam ho raha hai. Extra data na khone ke liye midnight se pehle renew karein: https://unacademy.com/offers/Co9480,yes,No,No
ham,Aapne 1000 CRED reward points kamaye hain. Agli transaction par redeem karein: https://cred.club/rewards/YjcG2x,yes,No,No
ham,"Ajio app abhi kholein aur pao exclusive app-only deal 40% off, sirf aaj: https://ajio.com/sale/o6TYTc",yes,No,No
ham,"Holi ki hardik shubhkamnayein! boAt par 40% off ke saath celebrate karein, sirf hamare valued customers ke liye: https://boat-lifestyle.com/sale/6Fxs5H",yes,No,No
ham,Aapne 750 ICICI Bank reward points kamaye hain. Agli transaction par redeem karein: https://icicibank.com/offers/s9LdJK,yes,No,No
ham,"redBus members ko hamare festive sale ka early access milta hai, select routes par 40% off: https://redbus.in/offers/0xOefr",yes,No,No
ham,"IndiGo par flash sale! Fares Rs.50 se shuru, limited period ke liye. Yahan book karein: https://goindigo.in/offers/iHIWl1",yes,No,No
ham,Limited period: aaj hi apni Netflix membership upgrade karein aur annual fee par Rs.300 bachayein: https://netflix.com/account/70PIVO,yes,No,No
ham,Aapne 300 CRED reward points kamaye hain. Agli transaction par redeem karein: https://cred.club/rewards/eEcWoQ,yes,No,No
ham,"Goibibo par flash sale! Fares Rs.50 se shuru, limited period ke liye. Yahan book karein: https://goibibo.com/deals/zVHax6",yes,No,No
ham,"MakeMyTrip par flash sale! Fares Rs.500 se shuru, limited period ke liye. Yahan book karein: https://makemytrip.com/deals/gVyHHp",yes,No,No
ham,Limited period: aaj hi apni Spotify membership upgrade karein aur annual fee par Rs.250 bachayein: https://spotify.com/premium/2TdJyH,yes,No,No
ham,"Jio member hone ke naate, aaj se hamare 25% off renewal offer ka early access paayein: https://jio.com/offers/1A1RDb",yes,No,No
ham,Aapka cult.fit plan jald expire ho raha hai. Abhi renew karein aur pehle 3 mahino par 60% off paayein: https://cult.fit/offers/2JdJLW,yes,No,No
ham,Aapka Airtel subscription 21-07-2026 ko renew hoga. Annual plan par upgrade karein aur 15% bachayein: https://airtel.in/offers/HAKxmT,yes,No,No
ham,"IRCTC: Abhi book karein aur agli trip par 60% off paayein, 28-07-2025 tak valid. Details: https://irctc.co.in/offers/WoZvKj",yes,No,No
ham,PharmEasy ki Big Sale live hai! footwear par 10% tak ki chhoot. Abhi shop karein: https://pharmeasy.in/offers/W5DmyQ,yes,No,No
ham,ICICI Bank: Dost ko refer karein aur dono ko 500 reward points milenge. Code WQTH51 share karein: https://icicibank.com/offers/O6IaqU,yes,No,No
ham,Axis Bank: Is hafte app se bill payment karne par 30% cashback paayein. Details: https://axisbank.com/offers/RiIdfP,yes,No,No
ham,"Ola members ko hamare festive sale ka early access milta hai, select routes par 70% off: https://olacabs.com/offers/ieFkeA",yes,No,No
ham,Aapne 150 HDFC Bank reward points kamaye hain. Agli transaction par redeem karein: https://hdfcbank.com/offers/ZCV3gA,yes,No,No
ham,"Pepperfry app abhi kholein aur pao exclusive app-only deal 30% off, sirf aaj: https://pepperfry.com/sale/SlWalw",yes,No,No
ham,"New Year ki hardik shubhkamnayein! Swiggy par 15% off ke saath celebrate karein, sirf hamare valued customers ke liye: https://swiggy.com/offers/WD4N64",yes,No,No
ham,SBI Card: Is hafte app se bill payment karne par 15% cashback paayein. Details: https://sbicard.com/offers/kyyguh,yes,No,No
ham,Aapka Airtel plan benefit aaj khatam ho raha hai. Extra data na khone ke liye midnight se pehle renew karein: https://airtel.in/offers/4IKh6o,yes,No,No
ham,Nykaa: Is weekend storewide flat 15% off. T&C apply. Offers band karne ke liye STOP reply karein. https://nykaa.com/sale/XF92eh,yes,No,No
ham,Axis Bank: Dost ko refer karein aur dono ko 250 reward points milenge. Code VQFW81 share karein: https://axisbank.com/offers/xgmwEk,yes,No,No
ham,Axis Bank: Is hafte app se bill payment karne par 50% cashback paayein. Details: https://axisbank.com/offers/tJPgSF,yes,No,No
ham,"IRCTC: Abhi book karein aur agli trip par 10% off paayein, 10-10-2026 tak valid. Details: https://irctc.co.in/offers/jfY60g",yes,No,No
ham,Paytm: Dost ko refer karein aur dono ko 500 reward points milenge. Code VQSZ26 share karein: https://paytm.com/rewards/JjWU9n,yes,No,No
ham,Aakhri mauka: aapke Airtel bonus data offer aaj raat expire ho raha hai. Extra benefit ke liye abhi recharge karein: https://airtel.in/offers/3rQf4i,yes,No,No
ham,"Ola: Abhi book karein aur agli trip par 50% off paayein, 17-11-2025 tak valid. Details: https://olacabs.com/offers/GqHQtK",yes,No,No
ham,"MakeMyTrip members ko hamare festive sale ka early access milta hai, select routes par 30% off: https://makemytrip.com/deals/gu7Ixp",yes,No,No
ham,SBI Card: Is hafte app se bill payment karne par 15% cashback paayein. Details: https://sbicard.com/offers/Zo20sf,yes,No,No
ham,"MakeMyTrip: Abhi book karein aur agli trip par 50% off paayein, 20-12-2026 tak valid. Details: https://makemytrip.com/deals/lzLkqj",yes,No,No
ham,Aapne 100 ICICI Bank reward points kamaye hain. Agli transaction par redeem karein: https://icicibank.com/offers/qDKcku,yes,No,No
ham,"IndiGo members ko hamare festive sale ka early access milta hai, select routes par 10% off: https://goindigo.in/offers/o7lJZ9",yes,No,No
ham,"Goibibo: Abhi book karein aur agli trip par 70% off paayein, 01-04-2025 tak valid. Details: https://goibibo.com/deals/pwiWNJ",yes,No,No
ham,Aapne 100 PhonePe reward points kamaye hain. Agli transaction par redeem karein: https://phonepe.com/rewards/Cn7jaG,yes,No,No
ham,"cult.fit member hone ke naate, aaj se hamare 15% off renewal offer ka early access paayein: https://cult.fit/offers/3dfCc9",yes,No,No
ham,"MakeMyTrip members ko hamare festive sale ka early access milta hai, select routes par 20% off: https://makemytrip.com/deals/FNDHwn",yes,No,No
ham,"Year End Sale sirf Myntra par: home decor par flat 50% tak chhoot, abhi app download karein: https://myntra.com/offers/7IKTxX",yes,No,No
ham,"redBus par flash sale! Fares Rs.200 se shuru, limited period ke liye. Yahan book karein: https://redbus.in/offers/tzNzxF",yes,No,No
ham,"Aapka pichla Blinkit order pasand aaya tha? Agli order par 50% off, 23-08-2025 tak valid: https://blinkit.com/offers/ZlbIlI",yes,No,No
ham,"Aapka pichla Swiggy order pasand aaya tha? Agli order par 70% off, 13-05-2026 tak valid: https://swiggy.com/offers/SH0Mn8",yes,No,No
ham,Tanishq: Is weekend storewide flat 15% off. T&C apply. Offers band karne ke liye STOP reply karein. https://tanishq.co.in/offers/TP2rol,yes,No,No
ham,"Jio member hone ke naate, aaj se hamare 20% off renewal offer ka early access paayein: https://jio.com/offers/Yz9gzU",yes,No,No
ham,Aapka cult.fit plan jald expire ho raha hai. Abhi renew karein aur pehle 3 mahino par 10% off paayein: https://cult.fit/offers/pjoKUu,yes,No,No
ham,Aapka Policybazaar plan jald expire ho raha hai. Abhi renew karein aur pehle 3 mahino par 60% off paayein: https://policybazaar.com/renew/oLTs6W,yes,No,No
ham,Aapka Disney+ Hotstar plan benefit aaj khatam ho raha hai. Extra data na khone ke liye midnight se pehle renew karein: https://hotstar.com/subscribe/XrL9o1,yes,No,No
ham,Aapne 750 SBI Card reward points kamaye hain. Agli transaction par redeem karein: https://sbicard.com/offers/n5OqiQ,yes,No,No
ham,CRED: Is hafte app se bill payment karne par 50% cashback paayein. Details: https://cred.club/rewards/2YUoF5,yes,No,No
ham,"redBus members ko hamare festive sale ka early access milta hai, select routes par 15% off: https://redbus.in/offers/qloiaY",yes,No,No
ham,"Happy Birthday Rahul! Aapke liye Rs.200 ka Ajio voucher, is mahine valid: https://ajio.com/sale/BE3eGc",yes,No,No
ham,"redBus: Abhi book karein aur agli trip par 15% off paayein, 16-10-2026 tak valid. Details: https://redbus.in/offers/ucaGm4",yes,No,No
ham,"Uber members ko hamare festive sale ka early access milta hai, select routes par 60% off: https://uber.com/promotions/hTD4UA",yes,No,No
ham,"Independence Day Sale sirf Blinkit par: beauty products par flat 50% tak chhoot, abhi app download karein: https://blinkit.com/offers/v1m6Qr",yes,No,No
ham,HDFC Bank: Dost ko refer karein aur dono ko 1000 reward points milenge. Code KQTX17 share karein: https://hdfcbank.com/offers/KOaga4,yes,No,No
ham,Aapne 200 HDFC Bank reward points kamaye hain. Agli transaction par redeem karein: https://hdfcbank.com/offers/4ybwCV,yes,No,No
ham,CRED: Dost ko refer karein aur dono ko 300 reward points milenge. Code RKTQ81 share karein: https://cred.club/rewards/4bpWbt,yes,No,No
ham,Limited period: aaj hi apni BYJU'S membership upgrade karein aur annual fee par Rs.150 bachayein: https://byjus.com/offers/sJCbrL,yes,No,No
ham,PhonePe: Dost ko refer karein aur dono ko 300 reward points milenge. Code CDPZ13 share karein: https://phonepe.com/rewards/2tvwys,yes,No,No
ham,PharmEasy: Is weekend storewide flat 15% off. T&C apply. Offers band karne ke liye STOP reply karein. https://pharmeasy.in/offers/WVZhW9,yes,No,No
ham,HDFC Bank: Dost ko refer karein aur dono ko 150 reward points milenge. Code AODS53 share karein: https://hdfcbank.com/offers/64hE5m,yes,No,No
ham,Aapne 200 ICICI Bank reward points kamaye hain. Agli transaction par redeem karein: https://icicibank.com/offers/pY1ab9,yes,No,No
ham,"IRCTC: Abhi book karein aur agli trip par 40% off paayein, 28-09-2025 tak valid. Details: https://irctc.co.in/offers/dlTVDF",yes,No,No
ham,Aapne 150 ICICI Bank reward points kamaye hain. Agli transaction par redeem karein: https://icicibank.com/offers/61W3ZC,yes,No,No
ham,Aapka Netflix subscription 06-02-2025 ko renew hoga. Annual plan par upgrade karein aur 20% bachayein: https://netflix.com/account/t0JDbE,yes,No,No
ham,"Diwali ki hardik shubhkamnayein! Blinkit par 50% off ke saath celebrate karein, sirf hamare valued customers ke liye: https://blinkit.com/offers/uXRxGe",yes,No,No
ham,HDFC Bank: Is hafte app se bill payment karne par 40% cashback paayein. Details: https://hdfcbank.com/offers/VnVwX4,yes,No,No
ham,"Hi Raj, aapke Zepto cart ke items ab sale mein hain. Order complete karein: https://zepto.com/offers/ylsquv",yes,No,No
ham,"IndiGo: Abhi book karein aur agli trip par 60% off paayein, 07-12-2025 tak valid. Details: https://goindigo.in/offers/fXrAsC",yes,No,No
ham,Aapka Airtel plan benefit aaj khatam ho raha hai. Extra data na khone ke liye midnight se pehle renew karein: https://airtel.in/offers/LWKvMy,yes,No,No
ham,"MakeMyTrip members ko hamare festive sale ka early access milta hai, select routes par 15% off: https://makemytrip.com/deals/xOYlyZ",yes,No,No
ham,"Sirf aaj ke liye: Titan par kitchen appliances par flat 25% off mil raha hai, aadhi raat se pehle order karein: https://titan.co.in/sale/1o4JcY",yes,No,No
ham,ICICI Bank: Dost ko refer karein aur dono ko 500 reward points milenge. Code JQCY96 share karein: https://icicibank.com/offers/vzfsyE,yes,No,No
ham,Titan ki Big Sale live hai! kitchen appliances par 40% tak ki chhoot. Abhi shop karein: https://titan.co.in/sale/e7ICWH,yes,No,No
ham,BigBasket: Is weekend storewide flat 10% off. T&C apply. Offers band karne ke liye STOP reply karein. https://bigbasket.com/offers/1Hsdm2,yes,No,No
ham,SBI Card: Is hafte app se bill payment karne par 10% cashback paayein. Details: https://sbicard.com/offers/I5veDL,yes,No,No
ham,"PharmEasy app abhi kholein aur pao exclusive app-only deal 50% off, sirf aaj: https://pharmeasy.in/offers/8sQMsq",yes,No,No
ham,Aapne 300 Paytm reward points kamaye hain. Agli transaction par redeem karein: https://paytm.com/rewards/KWRd0K,yes,No,No
ham,Aapka Policybazaar plan benefit aaj khatam ho raha hai. Extra data na khone ke liye midnight se pehle renew karein: https://policybazaar.com/renew/VRc9gz,yes,No,No
ham,BookMyShow ki Big Sale live hai! electronics par 50% tak ki chhoot. Abhi shop karein: https://bookmyshow.com/offers/VYIjib,yes,No,No
ham,"Uber par flash sale! Fares Rs.50 se shuru, limited period ke liye. Yahan book karein: https://uber.com/promotions/XTIpwJ",yes,No,No
ham,"Uber par flash sale! Fares Rs.100 se shuru, limited period ke liye. Yahan book karein: https://uber.com/promotions/UuKFYn",yes,No,No
ham,Aapka Netflix subscription 17-07-2025 ko renew hoga. Annual plan par upgrade karein aur 20% bachayein: https://netflix.com/account/r1Js2j,yes,No,No
ham,"Happy Birthday Sneha! Aapke liye Rs.250 ka Pepperfry voucher, is mahine valid: https://pepperfry.com/sale/tHVGgM",yes,No,No
ham,SBI Card: Is hafte app se bill payment karne par 50% cashback paayein. Details: https://sbicard.com/offers/dvmvSf,yes,No,No
ham,"Ola par flash sale! Fares Rs.500 se shuru, limited period ke liye. Yahan book karein: https://olacabs.com/offers/775bh8",yes,No,No
ham,Aapka Airtel plan jald expire ho raha hai. Abhi renew karein aur pehle 3 mahino par 30% off paayein: https://airtel.in/offers/YnB4N4,yes,No,No
ham,Aapka Unacademy plan jald expire ho raha hai. Abhi renew karein aur pehle 3 mahino par 30% off paayein: https://unacademy.com/offers/5Zh059,yes,No,No
ham,CRED: Dost ko refer karein aur dono ko 500 reward points milenge. Code QITD95 share karein: https://cred.club/rewards/8jvziR,yes,No,No
ham,"redBus members ko hamare festive sale ka early access milta hai, select routes par 10% off: https://redbus.in/offers/LH9RrQ",yes,No,No
ham,PhonePe: Is hafte app se bill payment karne par 30% cashback paayein. Details: https://phonepe.com/rewards/jzAEnr,yes,No,No
ham,Paytm: Is hafte app se bill payment karne par 30% cashback paayein. Details: https://paytm.com/rewards/sZvh1t,yes,No,No
ham,"Amazon Prime Video member hone ke naate, aaj se hamare 50% off renewal offer ka early access paayein: https://primevideo.com/offers/S1fiKN",yes,No,No
ham,Titan ki Big Sale live hai! home decor par 25% tak ki chhoot. Abhi shop karein: https://titan.co.in/sale/WxKTPA,yes,No,No
ham,Aapka Spotify subscription 09-10-2026 ko renew hoga. Annual plan par upgrade karein aur 10% bachayein: https://spotify.com/premium/ksgbFl,yes,No,No
ham,Aapne 500 ICICI Bank reward points kamaye hain. Agli transaction par redeem karein: https://icicibank.com/offers/ktwSeW,yes,No,No
ham,"Goibibo: Abhi book karein aur agli trip par 15% off paayein, 09-08-2025 tak valid. Details: https://goibibo.com/deals/5SBG9t",yes,No,No
ham,"Great Indian Festival sirf Zepto par: beauty products par flat 50% tak chhoot, abhi app download karein: https://zepto.com/offers/RXuN2t",yes,No,No
ham,Aakhri mauka: aapke Policybazaar bonus data offer aaj raat expire ho raha hai. Extra benefit ke liye abhi recharge karein: https://policybazaar.com/renew/XHqoq5,yes,No,No
ham,"IndiGo: Abhi book karein aur agli trip par 10% off paayein, 03-04-2026 tak valid. Details: https://goindigo.in/offers/jxgJz8",yes,No,No
ham,"Ola par flash sale! Fares Rs.50 se shuru, limited period ke liye. Yahan book karein: https://olacabs.com/offers/Fz7kSA",yes,No,No
ham,Aapka cult.fit plan benefit aaj khatam ho raha hai. Extra data na khone ke liye midnight se pehle renew karein: https://cult.fit/offers/2XscXH,yes,No,No
ham,"redBus members ko hamare festive sale ka early access milta hai, select routes par 70% off: https://redbus.in/offers/kLnspw",yes,No,No
ham,Limited period: aaj hi apni BYJU'S membership upgrade karein aur annual fee par Rs.500 bachayein: https://byjus.com/offers/0uak02,yes,No,No
ham,Limited period: aaj hi apni Disney+ Hotstar membership upgrade karein aur annual fee par Rs.250 bachayein: https://hotstar.com/subscribe/dlU2p2,yes,No,No
ham,Aapka cult.fit subscription 16-02-2025 ko renew hoga. Annual plan par upgrade karein aur 10% bachayein: https://cult.fit/offers/AKHJCp,yes,No,No
ham,"IRCTC: Abhi book karein aur agli trip par 40% off paayein, 27-03-2025 tak valid. Details: https://irctc.co.in/offers/VHXRnc",yes,No,No
ham,ICICI Bank: Dost ko refer karein aur dono ko 100 reward points milenge. Code LBZB40 share karein: https://icicibank.com/offers/fk2fqC,yes,No,No
ham,Aapka Amazon Prime Video plan jald expire ho raha hai. Abhi renew karein aur pehle 3 mahino par 60% off paayein: https://primevideo.com/offers/sooXva,yes,No,No
ham,"Hi Sneha, aapke Domino's cart ke items ab sale mein hain. Order complete karein: https://dominos.co.in/offers/i5fCp1",yes,No,No
ham,Aapne 150 SBI Card reward points kamaye hain. Agli transaction par redeem karein: https://sbicard.com/offers/7EBFDz,yes,No,No
ham,"PharmEasy app abhi kholein aur pao exclusive app-only deal 40% off, sirf aaj: https://pharmeasy.in/offers/fTA3Eh",yes,No,No
ham,"Zomato app abhi kholein aur pao exclusive app-only deal 15% off, sirf aaj: https://zomato.com/gold/fZ34Ct",yes,No,No
ham,Limited period: aaj hi apni cult.fit membership upgrade karein aur annual fee par Rs.50 bachayein: https://cult.fit/offers/5pkZu4,yes,No,No
ham,"IndiGo: Abhi book karein aur agli trip par 20% off paayein, 02-03-2025 tak valid. Details: https://goindigo.in/offers/UIIcof",yes,No,No
ham,Aapne 750 CRED reward points kamaye hain. Agli transaction par redeem karein: https://cred.club/rewards/u6F9p6,yes,No,No
ham,Aapne 500 CRED reward points kamaye hain. Agli transaction par redeem karein: https://cred.club/rewards/F4YeDk,yes,No,No
ham,"Zomato app abhi kholein aur pao exclusive app-only deal 30% off, sirf aaj: https://zomato.com/gold/4iKfii",yes,No,No
ham,"Happy Birthday Pooja! Aapke liye Rs.250 ka Decathlon voucher, is mahine valid: https://decathlon.in/sale/DwlVDZ",yes,No,No
ham,Ajio: Is weekend storewide flat 15% off. T&C apply. Offers band karne ke liye STOP reply karein. https://ajio.com/sale/zNU82Q,yes,No,No
ham,"Diwali ki hardik shubhkamnayein! boAt par 25% off ke saath celebrate karein, sirf hamare valued customers ke liye: https://boat-lifestyle.com/sale/M9U3EW",yes,No,No
ham,"Myntra ki End of Season Sale miss mat karein - storewide 75% tak off, sirf limited time ke liye: https://myntra.com/offers/k7I8lt",yes,No,No
ham,"Diwali Dhamaka Sale sirf boAt par: kitchen appliances par flat 60% tak chhoot, abhi app download karein: https://boat-lifestyle.com/sale/OLdnzJ",yes,No,No
ham,"redBus: Abhi book karein aur agli trip par 50% off paayein, 09-12-2026 tak valid. Details: https://redbus.in/offers/CJgcMn",yes,No,No
ham,Aakhri mauka: aapke Jio bonus data offer aaj raat expire ho raha hai. Extra benefit ke liye abhi recharge karein: https://jio.com/offers/HgeAIV,yes,No,No
ham,"IRCTC: Abhi book karein aur agli trip par 60% off paayein, 27-09-2025 tak valid. Details: https://irctc.co.in/offers/Fx9AKY",yes,No,No
ham,"Aapka pichla Decathlon order pasand aaya tha? Agli order par 20% off, 09-11-2026 tak valid: https://decathlon.in/sale/W8tQo4",yes,No,No
ham,Aapka cult.fit plan jald expire ho raha hai. Abhi renew karein aur pehle 3 mahino par 50% off paayein: https://cult.fit/offers/7rqry7,yes,No,No
ham,Pepperfry par naye arrivals aa gaye hain! Latest groceries collection dekhein: https://pepperfry.com/sale/wqJCuq,yes,No,No
ham,Aapka Airtel subscription 26-09-2025 ko renew hoga. Annual plan par upgrade karein aur 40% bachayein: https://airtel.in/offers/dODRuL,yes,No,No
ham,PharmEasy par naye arrivals aa gaye hain! Latest footwear collection dekhein: https://pharmeasy.in/offers/60uWQA,yes,No,No
ham,"redBus par flash sale! Fares Rs.500 se shuru, limited period ke liye. Yahan book karein: https://redbus.in/offers/sF5Czl",yes,No,No
ham,HDFC Bank: Is hafte app se bill payment karne par 70% cashback paayein. Details: https://hdfcbank.com/offers/aOk6rY,yes,No,No
ham,Flipkart: Is weekend storewide flat 15% off. T&C apply. Offers band karne ke liye STOP reply karein. https://flipkart.com/sale/prLzj4,yes,No,No
ham,"MakeMyTrip members ko hamare festive sale ka early access milta hai, select routes par 50% off: https://makemytrip.com/deals/5qtq97",yes,No,No
ham,Lenskart: Is weekend storewide flat 50% off. T&C apply. Offers band karne ke liye STOP reply karein. https://lenskart.com/offers/sEvYtM,yes,No,No
ham,"Ajio ki Big Billion Days ke aakhri kuch ghante! 60% tak off, aaj raat khatam hone se pehle shop karein: https://ajio.com/sale/kOsy64",yes,No,No
ham,CRED: Dost ko refer karein aur dono ko 150 reward points milenge. Code UHYJ22 share karein: https://cred.club/rewards/7zPrh9,yes,No,No
ham,Limited period: aaj hi apni Jio membership upgrade karein aur annual fee par Rs.500 bachayein: https://jio.com/offers/oo22DV,yes,No,No
ham,ICICI Bank: Is hafte app se bill payment karne par 70% cashback paayein. Details: https://icicibank.com/offers/zoD76L,yes,No,No
ham,Aapka cult.fit plan benefit aaj khatam ho raha hai. Extra data na khone ke liye midnight se pehle renew karein: https://cult.fit/offers/Bp9XQR,yes,No,No
ham,Aapka Spotify subscription 20-09-2026 ko renew hoga. Annual plan par upgrade karein aur 20% bachayein: https://spotify.com/premium/PcaoIO,yes,No,No
ham,CRED: Is hafte app se bill payment karne par 25% cashback paayein. Details: https://cred.club/rewards/jS5Mk3,yes,No,No
ham,"IRCTC members ko hamare festive sale ka early access milta hai, select routes par 20% off: https://irctc.co.in/offers/voWinH",yes,No,No
ham,Aapka Disney+ Hotstar plan jald expire ho raha hai. Abhi renew karein aur pehle 3 mahino par 40% off paayein: https://hotstar.com/subscribe/D1Hnv2,yes,No,No
ham,CRED: Dost ko refer karein aur dono ko 500 reward points milenge. Code MWLW70 share karein: https://cred.club/rewards/rpPNtC,yes,No,No
ham,Meesho par dost ko invite karein aur dono ko Rs.100 off milega. Code GOCK64 share karein: https://meesho.com/offers/PNZqU5,yes,No,No
ham,Aapka cult.fit plan jald expire ho raha hai. Abhi renew karein aur pehle 3 mahino par 15% off paayein: https://cult.fit/offers/Bb2gvq,yes,No,No
ham,Aapne 300 HDFC Bank reward points kamaye hain. Agli transaction par redeem karein: https://hdfcbank.com/offers/YfIlK0,yes,No,No
ham,Paytm: Dost ko refer karein aur dono ko 200 reward points milenge. Code MDRC64 share karein: https://paytm.com/rewards/SAOJuo,yes,No,No
ham,Limited period: aaj hi apni Spotify membership upgrade karein aur annual fee par Rs.200 bachayein: https://spotify.com/premium/zmgm9E,yes,No,No
ham,Axis Bank: Dost ko refer karein aur dono ko 300 reward points milenge. Code AVHG87 share karein: https://axisbank.com/offers/9RUoF6,yes,No,No
ham,CRED: Dost ko refer karein aur dono ko 500 reward points milenge. Code RGZL99 share karein: https://cred.club/rewards/wCVzKJ,yes,No,No
ham,"IndiGo members ko hamare festive sale ka early access milta hai, select routes par 20% off: https://goindigo.in/offers/6VdNq5",yes,No,No
ham,ICICI Bank: Is hafte app se bill payment karne par 20% cashback paayein. Details: https://icicibank.com/offers/NqAIWg,yes,No,No
ham,"Ola par flash sale! Fares Rs.500 se shuru, limited period ke liye. Yahan book karein: https://olacabs.com/offers/kdfbYB",yes,No,No
ham,"MakeMyTrip par flash sale! Fares Rs.500 se shuru, limited period ke liye. Yahan book karein: https://makemytrip.com/deals/HL0F4l",yes,No,No
ham,"Happy Birthday Amit! Aapke liye Rs.50 ka Flipkart voucher, is mahine valid: https://flipkart.com/sale/XKbdAK",yes,No,No
ham,Aapka Unacademy plan jald expire ho raha hai. Abhi renew karein aur pehle 3 mahino par 25% off paayein: https://unacademy.com/offers/XtwxeF,yes,No,No
ham,"BigBasket ki Diwali Dhamaka Sale ke aakhri kuch ghante! 60% tak off, aaj raat khatam hone se pehle shop karein: https://bigbasket.com/offers/U5JTc8",yes,No,No
ham,PhonePe: Dost ko refer karein aur dono ko 150 reward points milenge. Code VOBS62 share karein: https://phonepe.com/rewards/eLK0Ss,yes,No,No
ham,"Ola: Abhi book karein aur agli trip par 30% off paayein, 05-02-2025 tak valid. Details: https://olacabs.com/offers/hFR7oe",yes,No,No
ham,Aapne 500 CRED reward points kamaye hain. Agli transaction par redeem karein: https://cred.club/rewards/OHmyTA,yes,No,No
ham,Aapne 100 ICICI Bank reward points kamaye hain. Agli transaction par redeem karein: https://icicibank.com/offers/BI0kxx,yes,No,No
ham,"Ola par flash sale! Fares Rs.150 se shuru, limited period ke liye. Yahan book karein: https://olacabs.com/offers/SjKOIB",yes,No,No
ham,"Diwali ki hardik shubhkamnayein! Flipkart par 15% off ke saath celebrate karein, sirf hamare valued customers ke liye: https://flipkart.com/sale/3HGPm8",yes,No,No
ham,"Ola: Abhi book karein aur agli trip par 40% off paayein, 13-09-2025 tak valid. Details: https://olacabs.com/offers/Qv2xA9",yes,No,No
ham,HDFC Bank: Is hafte app se bill payment karne par 15% cashback paayein. Details: https://hdfcbank.com/offers/hDPqCL,yes,No,No
ham,"Goibibo: Abhi book karein aur agli trip par 10% off paayein, 01-12-2026 tak valid. Details: https://goibibo.com/deals/qdUZ7D",yes,No,No
ham,"redBus: Abhi book karein aur agli trip par 60% off paayein, 13-06-2025 tak valid. Details: https://redbus.in/offers/0c4OUd",yes,No,No
ham,ICICI Bank: Dost ko refer karein aur dono ko 1000 reward points milenge. Code VTKY29 share karein: https://icicibank.com/offers/UM3jQP,yes,No,No
ham,Aakhri mauka: aapke Policybazaar bonus data offer aaj raat expire ho raha hai. Extra benefit ke liye abhi recharge karein: https://policybazaar.com/renew/zfHaaN,yes,No,No
ham,"Ola: Abhi book karein aur agli trip par 20% off paayein, 10-07-2026 tak valid. Details: https://olacabs.com/offers/WVkO9o",yes,No,No
ham,ICICI Bank: Is hafte app se bill payment karne par 60% cashback paayein. Details: https://icicibank.com/offers/9F2SEv,yes,No,No
ham,"Hi Anita, aapke Flipkart cart ke items ab sale mein hain. Order complete karein: https://flipkart.com/sale/dDVDnd",yes,No,No
ham,"Uber par flash sale! Fares Rs.50 se shuru, limited period ke liye. Yahan book karein: https://uber.com/promotions/rEv4ag",yes,No,No
ham,"redBus: Abhi book karein aur agli trip par 50% off paayein, 24-09-2026 tak valid. Details: https://redbus.in/offers/VfyYPW",yes,No,No
ham,Aakhri mauka: aapke cult.fit bonus data offer aaj raat expire ho raha hai. Extra benefit ke liye abhi recharge karein: https://cult.fit/offers/kDCLSB,yes,No,No
ham,Aapne 100 ICICI Bank reward points kamaye hain. Agli transaction par redeem karein: https://icicibank.com/offers/KtlCvK,yes,No,No
ham,Aakhri mauka: aapke Vi bonus data offer aaj raat expire ho raha hai. Extra benefit ke liye abhi recharge karein: https://myvi.in/offers/rItRvS,yes,No,No
ham,"Uber: Abhi book karein aur agli trip par 60% off paayein, 26-08-2025 tak valid. Details: https://uber.com/promotions/LNlAyP",yes,No,No
ham,Aapne 100 Axis Bank reward points kamaye hain. Agli transaction par redeem karein: https://axisbank.com/offers/LMOCfK,yes,No,No
ham,SBI Card: Is hafte app se bill payment karne par 60% cashback paayein. Details: https://sbicard.com/offers/QJ4nSb,yes,No,No
ham,"Pepperfry ki Independence Day Sale miss mat karein - storewide 70% tak off, sirf limited time ke liye: https://pepperfry.com/sale/N76KPL",yes,No,No
ham,"Aapka pichla PharmEasy order pasand aaya tha? Agli order par 40% off, 24-01-2025 tak valid: https://pharmeasy.in/offers/wm8mtM",yes,No,No
ham,Aapka BYJU'S plan jald expire ho raha hai. Abhi renew karein aur pehle 3 mahino par 15% off paayein: https://byjus.com/offers/sHn48S,yes,No,No
ham,Flipkart: Is weekend storewide flat 60% off. T&C apply. Offers band karne ke liye STOP reply karein. https://flipkart.com/sale/cEPstf,yes,No,No
ham,Limited period: aaj hi apni Vi membership upgrade karein aur annual fee par Rs.200 bachayein: https://myvi.in/offers/YHaORE,yes,No,No
ham,"IndiGo members ko hamare festive sale ka early access milta hai, select routes par 10% off: https://goindigo.in/offers/o78f4i",yes,No,No
ham,"IndiGo: Abhi book karein aur agli trip par 15% off paayein, 06-12-2026 tak valid. Details: https://goindigo.in/offers/ipeTiq",yes,No,No
ham,boAt par dost ko invite karein aur dono ko Rs.50 off milega. Code YRMI39 share karein: https://boat-lifestyle.com/sale/DD76lV,yes,No,No
ham,"Sirf aaj ke liye: Amazon par footwear par flat 30% off mil raha hai, aadhi raat se pehle order karein: https://amazon.in/deals/WRQ0YK",yes,No,No
ham,Aapne 500 SBI Card reward points kamaye hain. Agli transaction par redeem karein: https://sbicard.com/offers/swic0x,yes,No,No
ham,Aakhri mauka: aapke Spotify bonus data offer aaj raat expire ho raha hai. Extra benefit ke liye abhi recharge karein: https://spotify.com/premium/PTs510,yes,No,No
ham,Amazon par dost ko invite karein aur dono ko Rs.150 off milega. Code UPPX37 share karein: https://amazon.in/deals/Un5VVm,yes,No,No
ham,"Lenskart Big Billion Days LIVE hai! groceries par 70% tak ki chhoot, stock khatam hone se pehle jaldi karein: https://lenskart.com/offers/Gt10LH",yes,No,No
ham,Limited period: aaj hi apni Amazon Prime Video membership upgrade karein aur annual fee par Rs.100 bachayein: https://primevideo.com/offers/TpWFDL,yes,No,No
ham,PhonePe: Dost ko refer karein aur dono ko 100 reward points milenge. Code SQRT80 share karein: https://phonepe.com/rewards/rC89Ez,yes,No,No
ham,Aapka Vi plan benefit aaj khatam ho raha hai. Extra data na khone ke liye midnight se pehle renew karein: https://myvi.in/offers/I4Snml,yes,No,No
ham,Limited period: aaj hi apni Jio membership upgrade karein aur annual fee par Rs.100 bachayein: https://jio.com/offers/Xt1N0B,yes,No,No
ham,"Uber members ko hamare festive sale ka early access milta hai, select routes par 25% off: https://uber.com/promotions/4cP2Bm",yes,No,No
ham,Aapka cult.fit plan benefit aaj khatam ho raha hai. Extra data na khone ke liye midnight se pehle renew karein: https://cult.fit/offers/OYbBKK,yes,No,No
ham,"Pepperfry app abhi kholein aur pao exclusive app-only deal 60% off, sirf aaj: https://pepperfry.com/sale/jyzbm7",yes,No,No
ham,Aapne 750 ICICI Bank reward points kamaye hain. Agli transaction par redeem karein: https://icicibank.com/offers/eUGv3n,yes,No,No
ham,"Uber members ko hamare festive sale ka early access milta hai, select routes par 10% off: https://uber.com/promotions/29qTEW",yes,No,No
ham,SBI Card: Dost ko refer karein aur dono ko 300 reward points milenge. Code KTQE30 share karein: https://sbicard.com/offers/CtFWKG,yes,No,No
ham,"Aapka pichla Swiggy order pasand aaya tha? Agli order par 10% off, 13-10-2025 tak valid: https://swiggy.com/offers/bhbald",yes,No,No
ham,"MakeMyTrip par flash sale! Fares Rs.150 se shuru, limited period ke liye. Yahan book karein: https://makemytrip.com/deals/chCZo8",yes,No,No
ham,PhonePe: Dost ko refer karein aur dono ko 250 reward points milenge. Code SUOJ86 share karein: https://phonepe.com/rewards/AepN6H,yes,No,No
ham,"Pepperfry app abhi kholein aur pao exclusive app-only deal 40% off, sirf aaj: https://pepperfry.com/sale/w1Sy2r",yes,No,No
ham,"IRCTC members ko hamare festive sale ka early access milta hai, select routes par 50% off: https://irctc.co.in/offers/6cyGBK",yes,No,No
ham,"MakeMyTrip: Abhi book karein aur agli trip par 10% off paayein, 02-05-2025 tak valid. Details: https://makemytrip.com/deals/ondNzp",yes,No,No
ham,Aapka Airtel plan jald expire ho raha hai. Abhi renew karein aur pehle 3 mahino par 15% off paayein: https://airtel.in/offers/kvKtZu,yes,No,No
ham,Titan ki Big Sale live hai! fashion par 25% tak ki chhoot. Abhi shop karein: https://titan.co.in/sale/QZRVE3,yes,No,No
ham,"redBus members ko hamare festive sale ka early access milta hai, select routes par 40% off: https://redbus.in/offers/GjMZIw",yes,No,No
ham,Aapne 1000 HDFC Bank reward points kamaye hain. Agli transaction par redeem karein: https://hdfcbank.com/offers/fshNKq,yes,No,No
ham,Aapka Unacademy subscription 23-10-2025 ko renew hoga. Annual plan par upgrade karein aur 10% bachayein: https://unacademy.com/offers/eJO28F,yes,No,No
ham,"Happy Birthday Priya! Aapke liye Rs.300 ka PharmEasy voucher, is mahine valid: https://pharmeasy.in/offers/OYfUp2",yes,No,No
ham,"MakeMyTrip members ko hamare festive sale ka early access milta hai, select routes par 10% off: https://makemytrip.com/deals/Hamqya",yes,No,No
ham,"IndiGo members ko hamare festive sale ka early access milta hai, select routes par 40% off: https://goindigo.in/offers/RdRHSm",yes,No,No
ham,"Domino's app abhi kholein aur pao exclusive app-only deal 50% off, sirf aaj: https://dominos.co.in/offers/QQ0XLR",yes,No,No
ham,SBI Card: Is hafte app se bill payment karne par 60% cashback paayein. Details: https://sbicard.com/offers/zXIy0w,yes,No,No
ham,"1mg ki End of Season Sale ke aakhri kuch ghante! 75% tak off, aaj raat khatam hone se pehle shop karein: https://1mg.com/offers/0vJAym",yes,No,No
ham,Aapka Netflix plan jald expire ho raha hai. Abhi renew karein aur pehle 3 mahino par 25% off paayein: https://netflix.com/account/TOlXTe,yes,No,No
ham,"IndiGo members ko hamare festive sale ka early access milta hai, select routes par 70% off: https://goindigo.in/offers/NkIHZc",yes,No,No
ham,Aapne 300 Paytm reward points kamaye hain. Agli transaction par redeem karein: https://paytm.com/rewards/VWinzS,yes,No,No
ham,Amazon: Is weekend storewide flat 25% off. T&C apply. Offers band karne ke liye STOP reply karein. https://amazon.in/deals/JkSGPS,yes,No,No
ham,Aapka Jio plan benefit aaj khatam ho raha hai. Extra data na khone ke liye midnight se pehle renew karein: https://jio.com/offers/98SjLi,yes,No,No
ham,"IndiGo par flash sale! Fares Rs.500 se shuru, limited period ke liye. Yahan book karein: https://goindigo.in/offers/cqGq3f",yes,No,No
ham,SBI Card: Dost ko refer karein aur dono ko 250 reward points milenge. Code BMFY61 share karein: https://sbicard.com/offers/l2ygI4,yes,No,No
ham,"End of Season Sale sirf BigBasket par: groceries par flat 50% tak chhoot, abhi app download karein: https://bigbasket.com/offers/ookeUQ",yes,No,No
ham,Aakhri mauka: aapke Unacademy bonus data offer aaj raat expire ho raha hai. Extra benefit ke liye abhi recharge karein: https://unacademy.com/offers/aykHWb,yes,No,No
ham,"Zepto Big Billion Days LIVE hai! home decor par 70% tak ki chhoot, stock khatam hone se pehle jaldi karein: https://zepto.com/offers/YziDO1",yes,No,No
ham,Aapka Vi subscription 21-10-2026 ko renew hoga. Annual plan par upgrade karein aur 25% bachayein: https://myvi.in/offers/1IHRRU,yes,No,No
ham,Aapne 250 HDFC Bank reward points kamaye hain. Agli transaction par redeem karein: https://hdfcbank.com/offers/GG64kQ,yes,No,No
ham,Aapne 750 HDFC Bank reward points kamaye hain. Agli transaction par redeem karein: https://hdfcbank.com/offers/zUlCHl,yes,No,No
ham,Limited period: aaj hi apni Amazon Prime Video membership upgrade karein aur annual fee par Rs.100 bachayein: https://primevideo.com/offers/l95dee,yes,No,No
ham,Aapka Unacademy plan jald expire ho raha hai. Abhi renew karein aur pehle 3 mahino par 70% off paayein: https://unacademy.com/offers/gNt2Pt,yes,No,No
ham,Aapka Airtel subscription 01-02-2026 ko renew hoga. Annual plan par upgrade karein aur 10% bachayein: https://airtel.in/offers/tjQ45T,yes,No,No
ham,"Hi Sneha, aapke Blinkit cart ke items ab sale mein hain. Order complete karein: https://blinkit.com/offers/S1VZ2K",yes,No,No
ham,Aapka Netflix plan benefit aaj khatam ho raha hai. Extra data na khone ke liye midnight se pehle renew karein: https://netflix.com/account/aQmza9,yes,No,No
ham,PhonePe: Is hafte app se bill payment karne par 40% cashback paayein. Details: https://phonepe.com/rewards/bK8wGq,yes,No,No
ham,"Flipkart ki End of Season Sale miss mat karein - storewide 60% tak off, sirf limited time ke liye: https://flipkart.com/sale/bTTLWx",yes,No,No
ham,Aapka Amazon Prime Video subscription 01-01-2026 ko renew hoga. Annual plan par upgrade karein aur 20% bachayein: https://primevideo.com/offers/CIwuVF,yes,No,No
ham,"Uber: Abhi book karein aur agli trip par 60% off paayein, 18-04-2025 tak valid. Details: https://uber.com/promotions/QR2Qx5",yes,No,No
ham,"Zomato ki Great Indian Festival miss mat karein - storewide 80% tak off, sirf limited time ke liye: https://zomato.com/gold/bOcpOA",yes,No,No
ham,"Amazon Prime Video member hone ke naate, aaj se hamare 20% off renewal offer ka early access paayein: https://primevideo.com/offers/4zlaZn",yes,No,No
ham,"Nykaa End of Season Sale LIVE hai! groceries par 80% tak ki chhoot, stock khatam hone se pehle jaldi karein: https://nykaa.com/sale/H3aCya",yes,No,No
ham,"IndiGo par flash sale! Fares Rs.500 se shuru, limited period ke liye. Yahan book karein: https://goindigo.in/offers/306Zao",yes,No,No
ham,Aapne 750 SBI Card reward points kamaye hain. Agli transaction par redeem karein: https://sbicard.com/offers/1WiaNA,yes,No,No
ham,"cult.fit member hone ke naate, aaj se hamare 70% off renewal offer ka early access paayein: https://cult.fit/offers/1KII4G",yes,No,No
ham,"Ola par flash sale! Fares Rs.100 se shuru, limited period ke liye. Yahan book karein: https://olacabs.com/offers/fdXFQh",yes,No,No
ham,"Ola members ko hamare festive sale ka early access milta hai, select routes par 70% off: https://olacabs.com/offers/3YmWwB",yes,No,No
ham,"IndiGo par flash sale! Fares Rs.100 se shuru, limited period ke liye. Yahan book karein: https://goindigo.in/offers/dfb3Au",yes,No,No
ham,SBI Card: Dost ko refer karein aur dono ko 250 reward points milenge. Code YZCU30 share karein: https://sbicard.com/offers/Cx5LOa,yes,No,No
ham,Aakhri mauka: aapke BYJU'S bonus data offer aaj raat expire ho raha hai. Extra benefit ke liye abhi recharge karein: https://byjus.com/offers/x8BrNv,yes,No,No
ham,"Year End Sale sirf 1mg par: kitchen appliances par flat 80% tak chhoot, abhi app download karein: https://1mg.com/offers/fgxPcj",yes,No,No
ham,Aapne 200 HDFC Bank reward points kamaye hain. Agli transaction par redeem karein: https://hdfcbank.com/offers/jTy30F,yes,No,No
ham,"Ola par flash sale! Fares Rs.100 se shuru, limited period ke liye. Yahan book karein: https://olacabs.com/offers/Dilwck",yes,No,No
ham,1mg ki Big Sale live hai! kitchen appliances par 50% tak ki chhoot. Abhi shop karein: https://1mg.com/offers/8YmGgL,yes,No,No
ham,"Titan app abhi kholein aur pao exclusive app-only deal 60% off, sirf aaj: https://titan.co.in/sale/3x6Ydi",yes,No,No
ham,"IndiGo members ko hamare festive sale ka early access milta hai, select routes par 50% off: https://goindigo.in/offers/jxYPA2",yes,No,No
ham,"PharmEasy ki End of Season Sale ke aakhri kuch ghante! 70% tak off, aaj raat khatam hone se pehle shop karein: https://pharmeasy.in/offers/uE9MTD",yes,No,No
ham,ICICI Bank: Dost ko refer karein aur dono ko 500 reward points milenge. Code LUCW95 share karein: https://icicibank.com/offers/FpfZTf,yes,No,No
ham,"Big Billion Days sirf Blinkit par: electronics par flat 75% tak chhoot, abhi app download karein: https://blinkit.com/offers/ZpMgsQ",yes,No,No
ham,ICICI Bank: Dost ko refer karein aur dono ko 750 reward points milenge. Code TNMK30 share karein: https://icicibank.com/offers/SCBPZe,yes,No,No
ham,"IndiGo members ko hamare festive sale ka early access milta hai, select routes par 15% off: https://goindigo.in/offers/NkO4I1",yes,No,No
ham,"Holi ki hardik shubhkamnayein! Ajio par 40% off ke saath celebrate karein, sirf hamare valued customers ke liye: https://ajio.com/sale/ck846P",yes,No,No
ham,Aapka Netflix subscription 09-06-2025 ko renew hoga. Annual plan par upgrade karein aur 10% bachayein: https://netflix.com/account/cOSsGE,yes,No,No
ham,CRED: Dost ko refer karein aur dono ko 500 reward points milenge. Code IBQS72 share karein: https://cred.club/rewards/SzyjBi,yes,No,No
ham,"Ola par flash sale! Fares Rs.500 se shuru, limited period ke liye. Yahan book karein: https://olacabs.com/offers/aDZTxF",yes,No,No
ham,Axis Bank: Dost ko refer karein aur dono ko 750 reward points milenge. Code CICZ80 share karein: https://axisbank.com/offers/ZL81I9,yes,No,No
ham,"Republic Day Sale sirf 1mg par: accessories par flat 75% tak chhoot, abhi app download karein: https://1mg.com/offers/CclRkv",yes,No,No
ham,"redBus: Abhi book karein aur agli trip par 50% off paayein, 09-09-2025 tak valid. Details: https://redbus.in/offers/hcO9dP",yes,No,No
ham,Aakhri mauka: aapke Amazon Prime Video bonus data offer aaj raat expire ho raha hai. Extra benefit ke liye abhi recharge karein: https://primevideo.com/offers/4wZYHG,yes,No,No
ham,ICICI Bank: Is hafte app se bill payment karne par 60% cashback paayein. Details: https://icicibank.com/offers/XgJg78,yes,No,No
ham,ICICI Bank: Dost ko refer karein aur dono ko 200 reward points milenge. Code FCES64 share karein: https://icicibank.com/offers/tXZJS1,yes,No,No
ham,ICICI Bank: Is hafte app se bill payment karne par 40% cashback paayein. Details: https://icicibank.com/offers/L4uMfe,yes,No,No
ham,"IRCTC: Abhi book karein aur agli trip par 50% off paayein, 24-11-2025 tak valid. Details: https://irctc.co.in/offers/7qJX58",yes,No,No
ham,ICICI Bank: Is hafte app se bill payment karne par 10% cashback paayein. Details: https://icicibank.com/offers/qC0RpO,yes,No,No
ham,Aapka cult.fit plan benefit aaj khatam ho raha hai. Extra data na khone ke liye midnight se pehle renew karein: https://cult.fit/offers/2lm9ib,yes,No,No
ham,"IndiGo par flash sale! Fares Rs.50 se shuru, limited period ke liye. Yahan book karein: https://goindigo.in/offers/PM4Vfk",yes,No,No
ham,"Happy Birthday Pooja! Aapke liye Rs.250 ka Titan voucher, is mahine valid: https://titan.co.in/sale/yptV7Z",yes,No,No
ham,Aapka Jio plan jald expire ho raha hai. Abhi renew karein aur pehle 3 mahino par 10% off paayein: https://jio.com/offers/rfbzjz,yes,No,No
ham,Aapka Unacademy subscription 23-12-2025 ko renew hoga. Annual plan par upgrade karein aur 20% bachayein: https://unacademy.com/offers/gkWZfV,yes,No,No
ham,"Tanishq ki Diwali Dhamaka Sale miss mat karein - storewide 75% tak off, sirf limited time ke liye: https://tanishq.co.in/offers/MKk9MT",yes,No,No
ham,"IndiGo: Abhi book karein aur agli trip par 10% off paayein, 26-07-2025 tak valid. Details: https://goindigo.in/offers/BkO36x",yes,No,No
ham,"Swiggy app abhi kholein aur pao exclusive app-only deal 50% off, sirf aaj: https://swiggy.com/offers/mpK87d",yes,No,No
ham,Aapne 300 Paytm reward points kamaye hain. Agli transaction par redeem karein: https://paytm.com/rewards/ljePKe,yes,No,No
ham,"Diwali Dhamaka Sale sirf Amazon par: groceries par flat 80% tak chhoot, abhi app download karein: https://amazon.in/deals/INVOSh",yes,No,No
ham,Aapne 1000 PhonePe reward points kamaye hain. Agli transaction par redeem karein: https://phonepe.com/rewards/5L7VQi,yes,No,No
ham,"redBus par flash sale! Fares Rs.100 se shuru, limited period ke liye. Yahan book karein: https://redbus.in/offers/Npbaa3",yes,No,No
ham,Aapne 100 HDFC Bank reward points kamaye hain. Agli transaction par redeem karein: https://hdfcbank.com/offers/mKYxcD,yes,No,No
ham,Aapne 1000 Axis Bank reward points kamaye hain. Agli transaction par redeem karein: https://axisbank.com/offers/3mFSIE,yes,No,No
ham,Blinkit ki Big Sale live hai! beauty products par 25% tak ki chhoot. Abhi shop karein: https://blinkit.com/offers/zjbFme,yes,No,No
ham,"Goibibo par flash sale! Fares Rs.300 se shuru, limited period ke liye. Yahan book karein: https://goibibo.com/deals/1uioK1",yes,No,No
ham,"Goibibo members ko hamare festive sale ka early access milta hai, select routes par 10% off: https://goibibo.com/deals/gJS6Jc",yes,No,No
ham,"IRCTC members ko hamare festive sale ka early access milta hai, select routes par 40% off: https://irctc.co.in/offers/g2ZQ4X",yes,No,No
ham,Limited period: aaj hi apni Unacademy membership upgrade karein aur annual fee par Rs.250 bachayein: https://unacademy.com/offers/dKE8dS,yes,No,No
ham,HDFC Bank: Dost ko refer karein aur dono ko 100 reward points milenge. Code XWPH44 share karein: https://hdfcbank.com/offers/scYNNZ,yes,No,No
ham,"1mg ki Monsoon Sale miss mat karein - storewide 75% tak off, sirf limited time ke liye: https://1mg.com/offers/9h6kfs",yes,No,No
ham,Paytm: Is hafte app se bill payment karne par 25% cashback paayein. Details: https://paytm.com/rewards/CzyrTb,yes,No,No
ham,"Aapka pichla BigBasket order pasand aaya tha? Agli order par 70% off, 20-05-2025 tak valid: https://bigbasket.com/offers/JJrrc5",yes,No,No
ham,Meesho: Is weekend storewide flat 15% off. T&C apply. Offers band karne ke liye STOP reply karein. https://meesho.com/offers/E65hSf,yes,No,No
ham,Blinkit par naye arrivals aa gaye hain! Latest electronics collection dekhein: https://blinkit.com/offers/WhbG5G,yes,No,No
ham,Aapka Vi plan benefit aaj khatam ho raha hai. Extra data na khone ke liye midnight se pehle renew karein: https://myvi.in/offers/ABgNQc,yes,No,No
ham,1mg: Is weekend storewide flat 60% off. T&C apply. Offers band karne ke liye STOP reply karein. https://1mg.com/offers/0xLjee,yes,No,No
ham,"MakeMyTrip: Abhi book karein aur agli trip par 40% off paayein, 23-07-2026 tak valid. Details: https://makemytrip.com/deals/7LzK9r",yes,No,No
ham,"redBus: Abhi book karein aur agli trip par 50% off paayein, 06-04-2026 tak valid. Details: https://redbus.in/offers/YQJrsB",yes,No,No
ham,HDFC Bank: Is hafte app se bill payment karne par 30% cashback paayein. Details: https://hdfcbank.com/offers/4EVmq5,yes,No,No
ham,Myntra par dost ko invite karein aur dono ko Rs.50 off milega. Code GMCC14 share karein: https://myntra.com/offers/nrPA7A,yes,No,No
ham,Aakhri mauka: aapke Policybazaar bonus data offer aaj raat expire ho raha hai. Extra benefit ke liye abhi recharge karein: https://policybazaar.com/renew/NQpF0E,yes,No,No
ham,ICICI Bank: Is hafte app se bill payment karne par 25% cashback paayein. Details: https://icicibank.com/offers/2nwWwE,yes,No,No
ham,Aakhri mauka: aapke Netflix bonus data offer aaj raat expire ho raha hai. Extra benefit ke liye abhi recharge karein: https://netflix.com/account/81gKpn,yes,No,No
ham,"IndiGo par flash sale! Fares Rs.50 se shuru, limited period ke liye. Yahan book karein: https://goindigo.in/offers/OLY638",yes,No,No
ham,Limited period: aaj hi apni Vi membership upgrade karein aur annual fee par Rs.300 bachayein: https://myvi.in/offers/aMjnUX,yes,No,No
ham,"IndiGo: Abhi book karein aur agli trip par 50% off paayein, 08-03-2026 tak valid. Details: https://goindigo.in/offers/PsJJva",yes,No,No
ham,"IndiGo: Abhi book karein aur agli trip par 30% off paayein, 26-05-2025 tak valid. Details: https://goindigo.in/offers/9HiZIS",yes,No,No
ham,Aakhri mauka: aapke Netflix bonus data offer aaj raat expire ho raha hai. Extra benefit ke liye abhi recharge karein: https://netflix.com/account/oFdBFj,yes,No,No
ham,"Sirf aaj ke liye: boAt par groceries par flat 40% off mil raha hai, aadhi raat se pehle order karein: https://boat-lifestyle.com/sale/88A3hO",yes,No,No
ham,"Hi Anita, aapke Swiggy cart ke items ab sale mein hain. Order complete karein: https://swiggy.com/offers/FtCssO",yes,No,No
ham,"Goibibo: Abhi book karein aur agli trip par 20% off paayein, 03-02-2025 tak valid. Details: https://goibibo.com/deals/WJkXiq",yes,No,No
ham,"Goibibo members ko hamare festive sale ka early access milta hai, select routes par 40% off: https://goibibo.com/deals/J056l3",yes,No,No
ham,"Hi Rahul, aapke Domino's cart ke items ab sale mein hain. Order complete karein: https://dominos.co.in/offers/aoKNTC",yes,No,No
ham,Limited period: aaj hi apni Amazon Prime Video membership upgrade karein aur annual fee par Rs.100 bachayein: https://primevideo.com/offers/e87Drz,yes,No,No
ham,Aapka Vi subscription 18-12-2026 ko renew hoga. Annual plan par upgrade karein aur 60% bachayein: https://myvi.in/offers/nDqqXu,yes,No,No
ham,"Sirf aaj ke liye: BookMyShow par electronics par flat 30% off mil raha hai, aadhi raat se pehle order karein: https://bookmyshow.com/offers/Is13pt",yes,No,No
ham,"Goibibo: Abhi book karein aur agli trip par 50% off paayein, 21-05-2025 tak valid. Details: https://goibibo.com/deals/RcFMu3",yes,No,No
ham,Aakhri mauka: aapke Airtel bonus data offer aaj raat expire ho raha hai. Extra benefit ke liye abhi recharge karein: https://airtel.in/offers/p4b084,yes,No,No
ham,HDFC Bank: Is hafte app se bill payment karne par 25% cashback paayein. Details: https://hdfcbank.com/offers/xKC2uG,yes,No,No
ham,"Domino's ki Republic Day Sale ke aakhri kuch ghante! 70% tak off, aaj raat khatam hone se pehle shop karein: https://dominos.co.in/offers/stOVPN",yes,No,No
ham,"MakeMyTrip members ko hamare festive sale ka early access milta hai, select routes par 50% off: https://makemytrip.com/deals/ywRuQk",yes,No,No
ham,"Sirf aaj ke liye: Blinkit par home decor par flat 50% off mil raha hai, aadhi raat se pehle order karein: https://blinkit.com/offers/lfPeRI",yes,No,No
ham,"IndiGo par flash sale! Fares Rs.300 se shuru, limited period ke liye. Yahan book karein: https://goindigo.in/offers/gqNpeI",yes,No,No
ham,"Zomato Diwali Dhamaka Sale LIVE hai! kitchen appliances par 60% tak ki chhoot, stock khatam hone se pehle jaldi karein: https://zomato.com/gold/ZGAHHi",yes,No,No
ham,"New Year ki hardik shubhkamnayein! Nykaa par 50% off ke saath celebrate karein, sirf hamare valued customers ke liye: https://nykaa.com/sale/POoZ5C",yes,No,No
ham,Aapka Vi plan jald expire ho raha hai. Abhi renew karein aur pehle 3 mahino par 50% off paayein: https://myvi.in/offers/WUgyfP,yes,No,No
ham,"Ola: Abhi book karein aur agli trip par 20% off paayein, 12-05-2026 tak valid. Details: https://olacabs.com/offers/UvGxHS",yes,No,No
ham,Aapka Vi subscription 21-08-2026 ko renew hoga. Annual plan par upgrade karein aur 50% bachayein: https://myvi.in/offers/xBo6aI,yes,No,No
ham,CRED: Is hafte app se bill payment karne par 30% cashback paayein. Details: https://cred.club/rewards/z3ckZd,yes,No,No
ham,"Uber members ko hamare festive sale ka early access milta hai, select routes par 50% off: https://uber.com/promotions/8gzZKi",yes,No,No
ham,"Jio member hone ke naate, aaj se hamare 15% off renewal offer ka early access paayein: https://jio.com/offers/xLlYot",yes,No,No
ham,Aapka Netflix plan jald expire ho raha hai. Abhi renew karein aur pehle 3 mahino par 15% off paayein: https://netflix.com/account/DlaJtX,yes,No,No
ham,Amazon: Is weekend storewide flat 15% off. T&C apply. Offers band karne ke liye STOP reply karein. https://amazon.in/deals/ohF7L1,yes,No,No
ham,"MakeMyTrip members ko hamare festive sale ka early access milta hai, select routes par 70% off: https://makemytrip.com/deals/wmBW2W",yes,No,No
ham,Aapka Disney+ Hotstar plan jald expire ho raha hai. Abhi renew karein aur pehle 3 mahino par 50% off paayein: https://hotstar.com/subscribe/VhUo4T,yes,No,No
ham,"IRCTC: Abhi book karein aur agli trip par 60% off paayein, 04-01-2026 tak valid. Details: https://irctc.co.in/offers/B5QFMo",yes,No,No
ham,"Republic Day Sale sirf boAt par: fashion par flat 75% tak chhoot, abhi app download karein: https://boat-lifestyle.com/sale/xpcHOr",yes,No,No
ham,"Swiggy app abhi kholein aur pao exclusive app-only deal 50% off, sirf aaj: https://swiggy.com/offers/hcOVfo",yes,No,No
ham,SBI Card: Is hafte app se bill payment karne par 15% cashback paayein. Details: https://sbicard.com/offers/t4WYDW,yes,No,No
ham,Paytm: Dost ko refer karein aur dono ko 250 reward points milenge. Code VBTN96 share karein: https://paytm.com/rewards/RNOj5b,yes,No,No
ham,"IRCTC par flash sale! Fares Rs.250 se shuru, limited period ke liye. Yahan book karein: https://irctc.co.in/offers/Ho9CK9",yes,No,No
ham,"IndiGo members ko hamare festive sale ka early access milta hai, select routes par 20% off: https://goindigo.in/offers/HPmn1o",yes,No,No
ham,Aapne 300 CRED reward points kamaye hain. Agli transaction par redeem karein: https://cred.club/rewards/g7dFSO,yes,No,No
ham,ICICI Bank: Is hafte app se bill payment karne par 30% cashback paayein. Details: https://icicibank.com/offers/Sd2K9t,yes,No,No
ham,"Ola par flash sale! Fares Rs.500 se shuru, limited period ke liye. Yahan book karein: https://olacabs.com/offers/ocMZ6w",yes,No,No
ham,"BYJU'S member hone ke naate, aaj se hamare 10% off renewal offer ka early access paayein: https://byjus.com/offers/GfefEL",yes,No,No
ham,"IndiGo par flash sale! Fares Rs.100 se shuru, limited period ke liye. Yahan book karein: https://goindigo.in/offers/IoiKY9",yes,No,No
ham,"Ola: Abhi book karein aur agli trip par 50% off paayein, 24-08-2026 tak valid. Details: https://olacabs.com/offers/zdBrC9",yes,No,No
ham,CRED: Is hafte app se bill payment karne par 70% cashback paayein. Details: https://cred.club/rewards/5tduWM,yes,No,No
ham,Axis Bank: Dost ko refer karein aur dono ko 100 reward points milenge. Code BYNO68 share karein: https://axisbank.com/offers/t6knHj,yes,No,No
ham,Aapka Netflix plan jald expire ho raha hai. Abhi renew karein aur pehle 3 mahino par 25% off paayein: https://netflix.com/account/4X8HCx,yes,No,No
ham,CRED: Is hafte app se bill payment karne par 50% cashback paayein. Details: https://cred.club/rewards/KEWTjw,yes,No,No
ham,Aapka Policybazaar plan benefit aaj khatam ho raha hai. Extra data na khone ke liye midnight se pehle renew karein: https://policybazaar.com/renew/DYR5HF,yes,No,No
ham,"Aapka pichla Swiggy order pasand aaya tha? Agli order par 20% off, 21-07-2026 tak valid: https://swiggy.com/offers/canlK8",yes,No,No
ham,SBI Card: Dost ko refer karein aur dono ko 300 reward points milenge. Code JGYG68 share karein: https://sbicard.com/offers/ymgwMO,yes,No,No
ham,Paytm: Dost ko refer karein aur dono ko 200 reward points milenge. Code YXWY17 share karein: https://paytm.com/rewards/V2QBgx,yes,No,No
ham,Limited period: aaj hi apni cult.fit membership upgrade karein aur annual fee par Rs.200 bachayein: https://cult.fit/offers/sIWoAy,yes,No,No
ham,"IndiGo members ko hamare festive sale ka early access milta hai, select routes par 20% off: https://goindigo.in/offers/338YoL",yes,No,No
ham,HDFC Bank: Is hafte app se bill payment karne par 60% cashback paayein. Details: https://hdfcbank.com/offers/bJurlJ,yes,No,No
ham,"Tanishq Great Indian Festival LIVE hai! electronics par 70% tak ki chhoot, stock khatam hone se pehle jaldi karein: https://tanishq.co.in/offers/8JgmXC",yes,No,No
ham,"Holi ki hardik shubhkamnayein! Zomato par 50% off ke saath celebrate karein, sirf hamare valued customers ke liye: https://zomato.com/gold/IYTmsN",yes,No,No
ham,PhonePe: Is hafte app se bill payment karne par 30% cashback paayein. Details: https://phonepe.com/rewards/9ceIqW,yes,No,No
ham,Limited period: aaj hi apni Policybazaar membership upgrade karein aur annual fee par Rs.300 bachayein: https://policybazaar.com/renew/PC5Jeb,yes,No,No
ham,Flipkart par dost ko invite karein aur dono ko Rs.200 off milega. Code QLYJ12 share karein: https://flipkart.com/sale/qq958i,yes,No,No
ham,"IndiGo: Abhi book karein aur agli trip par 10% off paayein, 18-08-2025 tak valid. Details: https://goindigo.in/offers/D4PMP0",yes,No,No
ham,"Pepperfry ki Great Indian Festival ke aakhri kuch ghante! 80% tak off, aaj raat khatam hone se pehle shop karein: https://pepperfry.com/sale/fBhciM",yes,No,No
ham,"Aapka pichla Decathlon order pasand aaya tha? Agli order par 10% off, 12-02-2025 tak valid: https://decathlon.in/sale/T5TdZV",yes,No,No
ham,"Disney+ Hotstar member hone ke naate, aaj se hamare 25% off renewal offer ka early access paayein: https://hotstar.com/subscribe/gtPX8o",yes,No,No
ham,Aapka Policybazaar plan benefit aaj khatam ho raha hai. Extra data na khone ke liye midnight se pehle renew karein: https://policybazaar.com/renew/t4waRu,yes,No,No
ham,"Amazon ki Big Billion Days miss mat karein - storewide 50% tak off, sirf limited time ke liye: https://amazon.in/deals/ASHZHE",yes,No,No
ham,CRED: Is hafte app se bill payment karne par 25% cashback paayein. Details: https://cred.club/rewards/6Allxw,yes,No,No
ham,Limited period: aaj hi apni cult.fit membership upgrade karein aur annual fee par Rs.200 bachayein: https://cult.fit/offers/Ubmjrk,yes,No,No
ham,CRED: Is hafte app se bill payment karne par 50% cashback paayein. Details: https://cred.club/rewards/i94cHX,yes,No,No
ham,Axis Bank: Dost ko refer karein aur dono ko 100 reward points milenge. Code GTBX21 share karein: https://axisbank.com/offers/iBC0cZ,yes,No,No
ham,"Uber par flash sale! Fares Rs.150 se shuru, limited period ke liye. Yahan book karein: https://uber.com/promotions/biwfmb",yes,No,No
ham,Axis Bank: Dost ko refer karein aur dono ko 200 reward points milenge. Code GPSG70 share karein: https://axisbank.com/offers/VdxwRS,yes,No,No
ham,Aapka Amazon Prime Video subscription 13-06-2026 ko renew hoga. Annual plan par upgrade karein aur 40% bachayein: https://primevideo.com/offers/U2YZmG,yes,No,No
ham,ICICI Bank: Dost ko refer karein aur dono ko 250 reward points milenge. Code JRXU88 share karein: https://icicibank.com/offers/x7OMd8,yes,No,No
ham,PhonePe: Dost ko refer karein aur dono ko 150 reward points milenge. Code KTES75 share karein: https://phonepe.com/rewards/L4yH0B,yes,No,No
ham,"IRCTC members ko hamare festive sale ka early access milta hai, select routes par 50% off: https://irctc.co.in/offers/EFdAdb",yes,No,No
ham,"IndiGo members ko hamare festive sale ka early access milta hai, select routes par 50% off: https://goindigo.in/offers/h7MeCI",yes,No,No
ham,Aapka cult.fit plan jald expire ho raha hai. Abhi renew karein aur pehle 3 mahino par 60% off paayein: https://cult.fit/offers/0MgPlR,yes,No,No
ham,"Meesho app abhi kholein aur pao exclusive app-only deal 10% off, sirf aaj: https://meesho.com/offers/LoElqz",yes,No,No
ham,Aapka Amazon Prime Video plan jald expire ho raha hai. Abhi renew karein aur pehle 3 mahino par 40% off paayein: https://primevideo.com/offers/z1KnpD,yes,No,No
ham,Aakhri mauka: aapke cult.fit bonus data offer aaj raat expire ho raha hai. Extra benefit ke liye abhi recharge karein: https://cult.fit/offers/sbSZ4i,yes,No,No
ham,"Uber: Abhi book karein aur agli trip par 60% off paayein, 14-06-2025 tak valid. Details: https://uber.com/promotions/isFFd1",yes,No,No
ham,"Happy Birthday Sneha! Aapke liye Rs.200 ka Amazon voucher, is mahine valid: https://amazon.in/deals/KPPdjZ",yes,No,No
ham,Axis Bank: Is hafte app se bill payment karne par 40% cashback paayein. Details: https://axisbank.com/offers/vqUFPd,yes,No,No
ham,Limited period: aaj hi apni Unacademy membership upgrade karein aur annual fee par Rs.50 bachayein: https://unacademy.com/offers/1N0qLZ,yes,No,No
ham,"Sirf aaj ke liye: Domino's par electronics par flat 60% off mil raha hai, aadhi raat se pehle order karein: https://dominos.co.in/offers/XVpJ96",yes,No,No
ham,Aapka Amazon Prime Video plan benefit aaj khatam ho raha hai. Extra data na khone ke liye midnight se pehle renew karein: https://primevideo.com/offers/5h8kP6,yes,No,No
ham,"IRCTC members ko hamare festive sale ka early access milta hai, select routes par 50% off: https://irctc.co.in/offers/dooZDM",yes,No,No
ham,Limited period: aaj hi apni cult.fit membership upgrade karein aur annual fee par Rs.200 bachayein: https://cult.fit/offers/CYhN87,yes,No,No
ham,"Sirf aaj ke liye: Myntra par home decor par flat 20% off mil raha hai, aadhi raat se pehle order karein: https://myntra.com/offers/KM1pFH",yes,No,No
ham,"MakeMyTrip members ko hamare festive sale ka early access milta hai, select routes par 30% off: https://makemytrip.com/deals/0shy1F",yes,No,No
ham,PhonePe: Is hafte app se bill payment karne par 15% cashback paayein. Details: https://phonepe.com/rewards/IjHRdz,yes,No,No
ham,Aakhri mauka: aapke Policybazaar bonus data offer aaj raat expire ho raha hai. Extra benefit ke liye abhi recharge karein: https://policybazaar.com/renew/qsLv40,yes,No,No
ham,Myntra ki Big Sale live hai! fashion par 10% tak ki chhoot. Abhi shop karein: https://myntra.com/offers/rPlkJc,yes,No,No
ham,"MakeMyTrip members ko hamare festive sale ka early access milta hai, select routes par 10% off: https://makemytrip.com/deals/qojpEd",yes,No,No
ham,"MakeMyTrip: Abhi book karein aur agli trip par 10% off paayein, 06-04-2025 tak valid. Details: https://makemytrip.com/deals/MY9XAb",yes,No,No
ham,"boAt End of Season Sale LIVE hai! footwear par 80% tak ki chhoot, stock khatam hone se pehle jaldi karein: https://boat-lifestyle.com/sale/Kfw11I",yes,No,No
ham,"redBus: Abhi book karein aur agli trip par 15% off paayein, 14-09-2025 tak valid. Details: https://redbus.in/offers/wOufVS",yes,No,No
ham,"Uber members ko hamare festive sale ka early access milta hai, select routes par 30% off: https://uber.com/promotions/r0scKc",yes,No,No
ham,SBI Card: Is hafte app se bill payment karne par 30% cashback paayein. Details: https://sbicard.com/offers/vRYz6l,yes,No,No
ham,Limited period: aaj hi apni Policybazaar membership upgrade karein aur annual fee par Rs.150 bachayein: https://policybazaar.com/renew/DAmMiS,yes,No,No
ham,"Happy Birthday Anita! Aapke liye Rs.500 ka Blinkit voucher, is mahine valid: https://blinkit.com/offers/lTIa4Q",yes,No,No
ham,"Lenskart ki Year End Sale ke aakhri kuch ghante! 70% tak off, aaj raat khatam hone se pehle shop karein: https://lenskart.com/offers/rqLPoy",yes,No,No
ham,Aapka Spotify plan jald expire ho raha hai. Abhi renew karein aur pehle 3 mahino par 60% off paayein: https://spotify.com/premium/GlcG0P,yes,No,No
ham,"Vi member hone ke naate, aaj se hamare 70% off renewal offer ka early access paayein: https://myvi.in/offers/dpy0h7",yes,No,No
ham,"BigBasket app abhi kholein aur pao exclusive app-only deal 25% off, sirf aaj: https://bigbasket.com/offers/YnkHY5",yes,No,No
ham,"IndiGo: Abhi book karein aur agli trip par 50% off paayein, 08-04-2026 tak valid. Details: https://goindigo.in/offers/YL4oRq",yes,No,No
ham,Aakhri mauka: aapke Disney+ Hotstar bonus data offer aaj raat expire ho raha hai. Extra benefit ke liye abhi recharge karein: https://hotstar.com/subscribe/MuSIox,yes,No,No
ham,Paytm: Dost ko refer karein aur dono ko 100 reward points milenge. Code ORYQ14 share karein: https://paytm.com/rewards/8CkegL,yes,No,No
ham,"MakeMyTrip: Abhi book karein aur agli trip par 20% off paayein, 01-02-2026 tak valid. Details: https://makemytrip.com/deals/NvYnVF",yes,No,No
ham,Decathlon par naye arrivals aa gaye hain! Latest groceries collection dekhein: https://decathlon.in/sale/Vs9go1,yes,No,No
ham,"Domino's app abhi kholein aur pao exclusive app-only deal 70% off, sirf aaj: https://dominos.co.in/offers/ScWp4a",yes,No,No
ham,"Ola members ko hamare festive sale ka early access milta hai, select routes par 30% off: https://olacabs.com/offers/IbvI36",yes,No,No
ham,Aapka Amazon Prime Video subscription 03-01-2025 ko renew hoga. Annual plan par upgrade karein aur 40% bachayein: https://primevideo.com/offers/28yiKq,yes,No,No
ham,"Ola: Abhi book karein aur agli trip par 25% off paayein, 15-12-2025 tak valid. Details: https://olacabs.com/offers/jmJyrf",yes,No,No
ham,Limited period: aaj hi apni Amazon Prime Video membership upgrade karein aur annual fee par Rs.50 bachayein: https://primevideo.com/offers/vFKZ61,yes,No,No
ham,"Aapka pichla BookMyShow order pasand aaya tha? Agli order par 10% off, 05-05-2026 tak valid: https://bookmyshow.com/offers/HMOOsp",yes,No,No
ham,"Uber par flash sale! Fares Rs.500 se shuru, limited period ke liye. Yahan book karein: https://uber.com/promotions/UOzZiu",yes,No,No
ham,"MakeMyTrip: Abhi book karein aur agli trip par 40% off paayein, 20-04-2026 tak valid. Details: https://makemytrip.com/deals/AG7Knp",yes,No,No
ham,"Goibibo members ko hamare festive sale ka early access milta hai, select routes par 15% off: https://goibibo.com/deals/sOcWBv",yes,No,No
ham,"Uber par flash sale! Fares Rs.100 se shuru, limited period ke liye. Yahan book karein: https://uber.com/promotions/ZnmQAt",yes,No,No
ham,"Uber: Abhi book karein aur agli trip par 60% off paayein, 25-11-2026 tak valid. Details: https://uber.com/promotions/bB1606",yes,No,No
ham,Aapka Spotify plan jald expire ho raha hai. Abhi renew karein aur pehle 3 mahino par 25% off paayein: https://spotify.com/premium/JKPRfR,yes,No,No
ham,"IndiGo: Abhi book karein aur agli trip par 40% off paayein, 21-02-2026 tak valid. Details: https://goindigo.in/offers/d0JDHd",yes,No,No
ham,"IndiGo par flash sale! Fares Rs.500 se shuru, limited period ke liye. Yahan book karein: https://goindigo.in/offers/gHyTWD",yes,No,No
ham,"redBus members ko hamare festive sale ka early access milta hai, select routes par 30% off: https://redbus.in/offers/qQKvSY",yes,No,No
ham,Aapka Airtel subscription 07-03-2026 ko renew hoga. Annual plan par upgrade karein aur 40% bachayein: https://airtel.in/offers/UWC3K1,yes,No,No
ham,"BYJU'S member hone ke naate, aaj se hamare 30% off renewal offer ka early access paayein: https://byjus.com/offers/MmjgSp",yes,No,No
ham,"Happy Birthday Raj! Aapke liye Rs.200 ka Lenskart voucher, is mahine valid: https://lenskart.com/offers/QDWzWY",yes,No,No
ham,"IRCTC: Abhi book karein aur agli trip par 40% off paayein, 23-10-2026 tak valid. Details: https://irctc.co.in/offers/eoAb1X",yes,No,No
ham,Aakhri mauka: aapke Airtel bonus data offer aaj raat expire ho raha hai. Extra benefit ke liye abhi recharge karein: https://airtel.in/offers/pfXsOm,yes,No,No
ham,Axis Bank: Dost ko refer karein aur dono ko 500 reward points milenge. Code MTQZ39 share karein: https://axisbank.com/offers/iG12Sm,yes,No,No
ham,"IRCTC: Abhi book karein aur agli trip par 25% off paayein, 21-01-2025 tak valid. Details: https://irctc.co.in/offers/9fTfpa",yes,No,No
ham,Aapne 200 CRED reward points kamaye hain. Agli transaction par redeem karein: https://cred.club/rewards/gv14lZ,yes,No,No
ham,"Uber par flash sale! Fares Rs.50 se shuru, limited period ke liye. Yahan book karein: https://uber.com/promotions/5LQyyp",yes,No,No
ham,ICICI Bank: Is hafte app se bill payment karne par 70% cashback paayein. Details: https://icicibank.com/offers/rOiZdU,yes,No,No
ham,Aapka Jio subscription 02-10-2025 ko renew hoga. Annual plan par upgrade karein aur 15% bachayein: https://jio.com/offers/r8zblF,yes,No,No
ham,"Ola: Abhi book karein aur agli trip par 50% off paayein, 11-11-2025 tak valid. Details: https://olacabs.com/offers/hHvWAM",yes,No,No
ham,"Eid ki hardik shubhkamnayein! Swiggy par 20% off ke saath celebrate karein, sirf hamare valued customers ke liye: https://swiggy.com/offers/ZeIEbs",yes,No,No
ham,"redBus par flash sale! Fares Rs.250 se shuru, limited period ke liye. Yahan book karein: https://redbus.in/offers/hvbAGS",yes,No,No
ham,"Netflix member hone ke naate, aaj se hamare 25% off renewal offer ka early access paayein: https://netflix.com/account/pB1H11",yes,No,No
ham,Aapka Spotify plan jald expire ho raha hai. Abhi renew karein aur pehle 3 mahino par 20% off paayein: https://spotify.com/premium/UZ9vXd,yes,No,No
ham,"Ola members ko hamare festive sale ka early access milta hai, select routes par 20% off: https://olacabs.com/offers/hF7vO5",yes,No,No
ham,"Ola: Abhi book karein aur agli trip par 25% off paayein, 27-02-2026 tak valid. Details: https://olacabs.com/offers/Z79Jyy",yes,No,No
ham,SBI Card: Dost ko refer karein aur dono ko 750 reward points milenge. Code SVPF96 share karein: https://sbicard.com/offers/3OdKvn,yes,No,No
ham,Aapka Airtel plan benefit aaj khatam ho raha hai. Extra data na khone ke liye midnight se pehle renew karein: https://airtel.in/offers/UH1vAS,yes,No,No
ham,Aapka Disney+ Hotstar subscription 19-08-2025 ko renew hoga. Annual plan par upgrade karein aur 60% bachayein: https://hotstar.com/subscribe/56dzvu,yes,No,No
ham,Aapka cult.fit plan jald expire ho raha hai. Abhi renew karein aur pehle 3 mahino par 20% off paayein: https://cult.fit/offers/QFzfLH,yes,No,No
ham,"Jio member hone ke naate, aaj se hamare 70% off renewal offer ka early access paayein: https://jio.com/offers/4J8hRE",yes,No,No
ham,"MakeMyTrip members ko hamare festive sale ka early access milta hai, select routes par 30% off: https://makemytrip.com/deals/9Lcnx9",yes,No,No
ham,Aakhri mauka: aapke Spotify bonus data offer aaj raat expire ho raha hai. Extra benefit ke liye abhi recharge karein: https://spotify.com/premium/2Eslo9,yes,No,No
ham,"IRCTC: Abhi book karein aur agli trip par 40% off paayein, 02-03-2025 tak valid. Details: https://irctc.co.in/offers/Hq7CG4",yes,No,No
ham,Aapka Amazon Prime Video plan benefit aaj khatam ho raha hai. Extra data na khone ke liye midnight se pehle renew karein: https://primevideo.com/offers/8X9TUr,yes,No,No
ham,"redBus members ko hamare festive sale ka early access milta hai, select routes par 60% off: https://redbus.in/offers/JqeXJt",yes,No,No
ham,"Uber members ko hamare festive sale ka early access milta hai, select routes par 70% off: https://uber.com/promotions/ho6dHj",yes,No,No
ham,"Big Billion Days sirf BigBasket par: home decor par flat 80% tak chhoot, abhi app download karein: https://bigbasket.com/offers/U9Iou3",yes,No,No
ham,Limited period: aaj hi apni Airtel membership upgrade karein aur annual fee par Rs.50 bachayein: https://airtel.in/offers/Af9nM2,yes,No,No
ham,"Goibibo par flash sale! Fares Rs.200 se shuru, limited period ke liye. Yahan book karein: https://goibibo.com/deals/UXNOpJ",yes,No,No
ham,"Ola par flash sale! Fares Rs.100 se shuru, limited period ke liye. Yahan book karein: https://olacabs.com/offers/UR6s7U",yes,No,No
ham,Aapka Disney+ Hotstar plan benefit aaj khatam ho raha hai. Extra data na khone ke liye midnight se pehle renew karein: https://hotstar.com/subscribe/ZOY4DM,yes,No,No
ham,"Policybazaar member hone ke naate, aaj se hamare 60% off renewal offer ka early access paayein: https://policybazaar.com/renew/LdHUzF",yes,No,No
ham,"redBus par flash sale! Fares Rs.200 se shuru, limited period ke liye. Yahan book karein: https://redbus.in/offers/wrtoxV",yes,No,No
ham,boAt par naye arrivals aa gaye hain! Latest beauty products collection dekhein: https://boat-lifestyle.com/sale/NYIFZo,yes,No,No
ham,"IndiGo par flash sale! Fares Rs.200 se shuru, limited period ke liye. Yahan book karein: https://goindigo.in/offers/3cWCOt",yes,No,No
ham,Aakhri mauka: aapke Jio bonus data offer aaj raat expire ho raha hai. Extra benefit ke liye abhi recharge karein: https://jio.com/offers/XHxrC9,yes,No,No
ham,"BYJU'S member hone ke naate, aaj se hamare 40% off renewal offer ka early access paayein: https://byjus.com/offers/3SvLr8",yes,No,No
ham,"Amazon Prime Video member hone ke naate, aaj se hamare 15% off renewal offer ka early access paayein: https://primevideo.com/offers/O2CUiT",yes,No,No
ham,"Spotify member hone ke naate, aaj se hamare 25% off renewal offer ka early access paayein: https://spotify.com/premium/PBkawS",yes,No,No
ham,CRED: Dost ko refer karein aur dono ko 100 reward points milenge. Code QAZP95 share karein: https://cred.club/rewards/yb1bD7,yes,No,No
ham,"Aapka pichla Decathlon order pasand aaya tha? Agli order par 15% off, 08-02-2026 tak valid: https://decathlon.in/sale/qeab1d",yes,No,No
ham,Aapne 150 Paytm reward points kamaye hain. Agli transaction par redeem karein: https://paytm.com/rewards/nzWBV3,yes,No,No
ham,Aapne 200 PhonePe reward points kamaye hain. Agli transaction par redeem karein: https://phonepe.com/rewards/1Cq2xd,yes,No,No
ham,"Ola members ko hamare festive sale ka early access milta hai, select routes par 40% off: https://olacabs.com/offers/fTKVNg",yes,No,No
ham,SBI Card: Is hafte app se bill payment karne par 25% cashback paayein. Details: https://sbicard.com/offers/4zsnGA,yes,No,No
ham,"Goibibo: Abhi book karein aur agli trip par 20% off paayein, 18-01-2025 tak valid. Details: https://goibibo.com/deals/KxOuEL",yes,No,No
ham,"redBus par flash sale! Fares Rs.250 se shuru, limited period ke liye. Yahan book karein: https://redbus.in/offers/uajl89",yes,No,No
ham,Titan par dost ko invite karein aur dono ko Rs.150 off milega. Code FCGH75 share karein: https://titan.co.in/sale/JIDhYW,yes,No,No
ham,Aapka Jio plan jald expire ho raha hai. Abhi renew karein aur pehle 3 mahino par 70% off paayein: https://jio.com/offers/MwdWNp,yes,No,No
ham,"IndiGo members ko hamare festive sale ka early access milta hai, select routes par 70% off: https://goindigo.in/offers/qcjMXf",yes,No,No
ham,ICICI Bank: Is hafte app se bill payment karne par 15% cashback paayein. Details: https://icicibank.com/offers/7qSjGr,yes,No,No
ham,"Spotify member hone ke naate, aaj se hamare 70% off renewal offer ka early access paayein: https://spotify.com/premium/lol1wi",yes,No,No
ham,Aapka Jio plan benefit aaj khatam ho raha hai. Extra data na khone ke liye midnight se pehle renew karein: https://jio.com/offers/uhFpYg,yes,No,No
ham,"Uber par flash sale! Fares Rs.150 se shuru, limited period ke liye. Yahan book karein: https://uber.com/promotions/Tl7IRI",yes,No,No
ham,Aapka Jio subscription 12-02-2026 ko renew hoga. Annual plan par upgrade karein aur 60% bachayein: https://jio.com/offers/3usunC,yes,No,No
ham,"Myntra ki End of Season Sale ke aakhri kuch ghante! 60% tak off, aaj raat khatam hone se pehle shop karein: https://myntra.com/offers/VMZRtk",yes,No,No
ham,"Goibibo members ko hamare festive sale ka early access milta hai, select routes par 10% off: https://goibibo.com/deals/lXfSBC",yes,No,No
ham,"Hi Pooja, aapke Decathlon cart ke items ab sale mein hain. Order complete karein: https://decathlon.in/sale/ourl9e",yes,No,No
ham,Aakhri mauka: aapke BYJU'S bonus data offer aaj raat expire ho raha hai. Extra benefit ke liye abhi recharge karein: https://byjus.com/offers/vHEIBx,yes,No,No
ham,Aapne 750 PhonePe reward points kamaye hain. Agli transaction par redeem karein: https://phonepe.com/rewards/WwBndf,yes,No,No
ham,Decathlon ki Big Sale live hai! kitchen appliances par 50% tak ki chhoot. Abhi shop karein: https://decathlon.in/sale/RpKTnv,yes,No,No
ham,"Airtel member hone ke naate, aaj se hamare 20% off renewal offer ka early access paayein: https://airtel.in/offers/x0Cfcd",yes,No,No
ham,Limited period: aaj hi apni Jio membership upgrade karein aur annual fee par Rs.150 bachayein: https://jio.com/offers/G190WT,yes,No,No
ham,"Domino's app abhi kholein aur pao exclusive app-only deal 40% off, sirf aaj: https://dominos.co.in/offers/xSyAQC",yes,No,No
ham,"Ola members ko hamare festive sale ka early access milta hai, select routes par 10% off: https://olacabs.com/offers/NT6oJS",yes,No,No
ham,"Goibibo par flash sale! Fares Rs.200 se shuru, limited period ke liye. Yahan book karein: https://goibibo.com/deals/ywzrVz",yes,No,No
ham,Myntra par dost ko invite karein aur dono ko Rs.300 off milega. Code IKXS33 share karein: https://myntra.com/offers/4U46ds,yes,No,No
ham,"IndiGo par flash sale! Fares Rs.250 se shuru, limited period ke liye. Yahan book karein: https://goindigo.in/offers/JxfcBF",yes,No,No
ham,Axis Bank: Is hafte app se bill payment karne par 20% cashback paayein. Details: https://axisbank.com/offers/Klz1vS,yes,No,No
ham,"MakeMyTrip par flash sale! Fares Rs.500 se shuru, limited period ke liye. Yahan book karein: https://makemytrip.com/deals/eA2mn6",yes,No,No
ham,"Goibibo members ko hamare festive sale ka early access milta hai, select routes par 10% off: https://goibibo.com/deals/AuBbBM",yes,No,No
ham,"IndiGo par flash sale! Fares Rs.50 se shuru, limited period ke liye. Yahan book karein: https://goindigo.in/offers/CBl6Mx",yes,No,No
ham,"MakeMyTrip: Abhi book karein aur agli trip par 25% off paayein, 15-04-2025 tak valid. Details: https://makemytrip.com/deals/jjLCO6",yes,No,No
ham,PhonePe: Is hafte app se bill payment karne par 50% cashback paayein. Details: https://phonepe.com/rewards/GjIdAV,yes,No,No
ham,Aapka cult.fit plan jald expire ho raha hai. Abhi renew karein aur pehle 3 mahino par 10% off paayein: https://cult.fit/offers/9gWt3f,yes,No,No
ham,"MakeMyTrip: Abhi book karein aur agli trip par 50% off paayein, 18-07-2026 tak valid. Details: https://makemytrip.com/deals/EUQA2N",yes,No,No
ham,Aapka Spotify plan jald expire ho raha hai. Abhi renew karein aur pehle 3 mahino par 10% off paayein: https://spotify.com/premium/gkVRgU,yes,No,No
ham,"redBus: Abhi book karein aur agli trip par 60% off paayein, 03-08-2026 tak valid. Details: https://redbus.in/offers/pueTje",yes,No,No
ham,PhonePe: Is hafte app se bill payment karne par 30% cashback paayein. Details: https://phonepe.com/rewards/8tC5iM,yes,No,No
ham,"MakeMyTrip members ko hamare festive sale ka early access milta hai, select routes par 30% off: https://makemytrip.com/deals/oFXCwQ",yes,No,No
ham,SBI Card: Dost ko refer karein aur dono ko 300 reward points milenge. Code LGYQ56 share karein: https://sbicard.com/offers/JdN0Fw,yes,No,No
ham,Lenskart par naye arrivals aa gaye hain! Latest beauty products collection dekhein: https://lenskart.com/offers/YQd8mY,yes,No,No
ham,CRED: Is hafte app se bill payment karne par 60% cashback paayein. Details: https://cred.club/rewards/tybhRB,yes,No,No
ham,"Sirf aaj ke liye: BigBasket par electronics par flat 30% off mil raha hai, aadhi raat se pehle order karein: https://bigbasket.com/offers/RmvSSE",yes,No,No
ham,Aapne 200 CRED reward points kamaye hain. Agli transaction par redeem karein: https://cred.club/rewards/phgt3K,yes,No,No
ham,Aapka Policybazaar plan jald expire ho raha hai. Abhi renew karein aur pehle 3 mahino par 60% off paayein: https://policybazaar.com/renew/jTRcLz,yes,No,No
ham,Aapka Spotify subscription 04-07-2025 ko renew hoga. Annual plan par upgrade karein aur 25% bachayein: https://spotify.com/premium/o5yavk,yes,No,No
ham,Aapne 200 Axis Bank reward points kamaye hain. Agli transaction par redeem karein: https://axisbank.com/offers/QMeeij,yes,No,No
ham,ICICI Bank: Is hafte app se bill payment karne par 30% cashback paayein. Details: https://icicibank.com/offers/cjRYiK,yes,No,No
ham,"MakeMyTrip members ko hamare festive sale ka early access milta hai, select routes par 10% off: https://makemytrip.com/deals/CJcAyw",yes,No,No
ham,1mg par dost ko invite karein aur dono ko Rs.200 off milega. Code DUSU33 share karein: https://1mg.com/offers/NNvHc3,yes,No,No
ham,"1mg ki Diwali Dhamaka Sale miss mat karein - storewide 75% tak off, sirf limited time ke liye: https://1mg.com/offers/XCcDeG",yes,No,No
ham,"End of Season Sale sirf Zomato par: electronics par flat 50% tak chhoot, abhi app download karein: https://zomato.com/gold/Ibb2XR",yes,No,No
ham,Axis Bank: Is hafte app se bill payment karne par 60% cashback paayein. Details: https://axisbank.com/offers/Cg2hol,yes,No,No
ham,Aapne 1000 PhonePe reward points kamaye hain. Agli transaction par redeem karein: https://phonepe.com/rewards/DdDeIm,yes,No,No
ham,"IndiGo members ko hamare festive sale ka early access milta hai, select routes par 15% off: https://goindigo.in/offers/ZtmYdu",yes,No,No
ham,Ajio par dost ko invite karein aur dono ko Rs.200 off milega. Code VHAC17 share karein: https://ajio.com/sale/ZR6j21,yes,No,No
ham,"Sirf aaj ke liye: Pepperfry par beauty products par flat 60% off mil raha hai, aadhi raat se pehle order karein: https://pepperfry.com/sale/dBYa1k",yes,No,No
ham,Aapne 200 CRED reward points kamaye hain. Agli transaction par redeem karein: https://cred.club/rewards/fo8v3d,yes,No,No
ham,"Goibibo par flash sale! Fares Rs.150 se shuru, limited period ke liye. Yahan book karein: https://goibibo.com/deals/Xa57Gs",yes,No,No
ham,CRED: Is hafte app se bill payment karne par 20% cashback paayein. Details: https://cred.club/rewards/fQXEsE,yes,No,No
ham,"MakeMyTrip members ko hamare festive sale ka early access milta hai, select routes par 15% off: https://makemytrip.com/deals/WOzs5M",yes,No,No
ham,Aapka Vi subscription 27-06-2025 ko renew hoga. Annual plan par upgrade karein aur 10% bachayein: https://myvi.in/offers/hpJXD2,yes,No,No
ham,Aapka Spotify plan benefit aaj khatam ho raha hai. Extra data na khone ke liye midnight se pehle renew karein: https://spotify.com/premium/EXvVA2,yes,No,No
ham,"Uber: Abhi book karein aur agli trip par 15% off paayein, 12-07-2025 tak valid. Details: https://uber.com/promotions/UTzEba",yes,No,No
ham,Decathlon ki Big Sale live hai! footwear par 40% tak ki chhoot. Abhi shop karein: https://decathlon.in/sale/er6CXA,yes,No,No
ham,"redBus members ko hamare festive sale ka early access milta hai, select routes par 70% off: https://redbus.in/offers/q605gr",yes,No,No
ham,Limited period: aaj hi apni cult.fit membership upgrade karein aur annual fee par Rs.250 bachayein: https://cult.fit/offers/afFiol,yes,No,No
ham,Meesho: Is weekend storewide flat 70% off. T&C apply. Offers band karne ke liye STOP reply karein. https://meesho.com/offers/8syjQ8,yes,No,No
ham,"Tanishq app abhi kholein aur pao exclusive app-only deal 40% off, sirf aaj: https://tanishq.co.in/offers/R8zcwk",yes,No,No
ham,"Happy Birthday Amit! Aapke liye Rs.100 ka Titan voucher, is mahine valid: https://titan.co.in/sale/R5BGFT",yes,No,No
ham,"IRCTC par flash sale! Fares Rs.200 se shuru, limited period ke liye. Yahan book karein: https://irctc.co.in/offers/FFB4r8",yes,No,No
ham,"New Year ki hardik shubhkamnayein! boAt par 20% off ke saath celebrate karein, sirf hamare valued customers ke liye: https://boat-lifestyle.com/sale/N7k1du",yes,No,No
ham,Limited period: aaj hi apni cult.fit membership upgrade karein aur annual fee par Rs.150 bachayein: https://cult.fit/offers/JHzVET,yes,No,No
ham,"Uber par flash sale! Fares Rs.50 se shuru, limited period ke liye. Yahan book karein: https://uber.com/promotions/zDMvsD",yes,No,No
ham,"Flipkart ki Year End Sale ke aakhri kuch ghante! 75% tak off, aaj raat khatam hone se pehle shop karein: https://flipkart.com/sale/MefYNz",yes,No,No
ham,Aakhri mauka: aapke Disney+ Hotstar bonus data offer aaj raat expire ho raha hai. Extra benefit ke liye abhi recharge karein: https://hotstar.com/subscribe/pFywL3,yes,No,No
ham,"Ola par flash sale! Fares Rs.250 se shuru, limited period ke liye. Yahan book karein: https://olacabs.com/offers/YvRi20",yes,No,No
ham,Blinkit ki Big Sale live hai! home decor par 70% tak ki chhoot. Abhi shop karein: https://blinkit.com/offers/KHGEqA,yes,No,No
ham,Aapne 250 Paytm reward points kamaye hain. Agli transaction par redeem karein: https://paytm.com/rewards/Ag3NtP,yes,No,No
ham,Aapka cult.fit plan benefit aaj khatam ho raha hai. Extra data na khone ke liye midnight se pehle renew karein: https://cult.fit/offers/lsgt0M,yes,No,No
ham,"Christmas ki hardik shubhkamnayein! BigBasket par 10% off ke saath celebrate karein, sirf hamare valued customers ke liye: https://bigbasket.com/offers/8ZacsQ",yes,No,No
ham,SBI Card: Dost ko refer karein aur dono ko 750 reward points milenge. Code YERB99 share karein: https://sbicard.com/offers/VuwQpb,yes,No,No
ham,"Disney+ Hotstar member hone ke naate, aaj se hamare 20% off renewal offer ka early access paayein: https://hotstar.com/subscribe/tgdHvK",yes,No,No
ham,"Goibibo members ko hamare festive sale ka early access milta hai, select routes par 30% off: https://goibibo.com/deals/wBqA5o",yes,No,No
ham,"Sirf aaj ke liye: Titan par home decor par flat 40% off mil raha hai, aadhi raat se pehle order karein: https://titan.co.in/sale/uvJW6j",yes,No,No
ham,Aakhri mauka: aapke Unacademy bonus data offer aaj raat expire ho raha hai. Extra benefit ke liye abhi recharge karein: https://unacademy.com/offers/uc0gD1,yes,No,No
ham,"Year End Sale sirf Blinkit par: home decor par flat 50% tak chhoot, abhi app download karein: https://blinkit.com/offers/YWJHBp",yes,No,No
ham,"IndiGo members ko hamare festive sale ka early access milta hai, select routes par 50% off: https://goindigo.in/offers/rXLNxD",yes,No,No
ham,"Great Indian Festival sirf boAt par: groceries par flat 80% tak chhoot, abhi app download karein: https://boat-lifestyle.com/sale/di8yZP",yes,No,No
ham,CRED: Dost ko refer karein aur dono ko 200 reward points milenge. Code UMDL68 share karein: https://cred.club/rewards/xAT9wX,yes,No,No
ham,HDFC Bank: Dost ko refer karein aur dono ko 150 reward points milenge. Code CPNK77 share karein: https://hdfcbank.com/offers/ooVqes,yes,No,No
ham,Axis Bank: Is hafte app se bill payment karne par 25% cashback paayein. Details: https://axisbank.com/offers/4ojl4Z,yes,No,No
ham,"Amazon Prime Video member hone ke naate, aaj se hamare 20% off renewal offer ka early access paayein: https://primevideo.com/offers/k0nv8G",yes,No,No
ham,"Pepperfry ki Republic Day Sale miss mat karein - storewide 80% tak off, sirf limited time ke liye: https://pepperfry.com/sale/cF1EMJ",yes,No,No
ham,"Goibibo par flash sale! Fares Rs.200 se shuru, limited period ke liye. Yahan book karein: https://goibibo.com/deals/3EE7b5",yes,No,No
ham,"Ola par flash sale! Fares Rs.200 se shuru, limited period ke liye. Yahan book karein: https://olacabs.com/offers/KoVYZ9",yes,No,No
ham,"MakeMyTrip members ko hamare festive sale ka early access milta hai, select routes par 40% off: https://makemytrip.com/deals/6EUM0H",yes,No,No
ham,"Pepperfry Independence Day Sale LIVE hai! home decor par 60% tak ki chhoot, stock khatam hone se pehle jaldi karein: https://pepperfry.com/sale/e5KKQm",yes,No,No
ham,"Decathlon ki Year End Sale ke aakhri kuch ghante! 50% tak off, aaj raat khatam hone se pehle shop karein: https://decathlon.in/sale/17mNvG",yes,No,No
ham,"MakeMyTrip: Abhi book karein aur agli trip par 25% off paayein, 24-07-2025 tak valid. Details: https://makemytrip.com/deals/vhpQqJ",yes,No,No
ham,boAt ki Big Sale live hai! electronics par 15% tak ki chhoot. Abhi shop karein: https://boat-lifestyle.com/sale/eMeItc,yes,No,No
ham,Aapne 300 HDFC Bank reward points kamaye hain. Agli transaction par redeem karein: https://hdfcbank.com/offers/3iTBIU,yes,No,No
ham,Aapka Unacademy plan benefit aaj khatam ho raha hai. Extra data na khone ke liye midnight se pehle renew karein: https://unacademy.com/offers/Kz7AYk,yes,No,No
ham,Paytm: Is hafte app se bill payment karne par 70% cashback paayein. Details: https://paytm.com/rewards/4Hj4jN,yes,No,No
ham,Aapka Netflix subscription 03-09-2026 ko renew hoga. Annual plan par upgrade karein aur 25% bachayein: https://netflix.com/account/rYCqCJ,yes,No,No
ham,PhonePe: Is hafte app se bill payment karne par 10% cashback paayein. Details: https://phonepe.com/rewards/RZclTw,yes,No,No
ham,"Flipkart app abhi kholein aur pao exclusive app-only deal 70% off, sirf aaj: https://flipkart.com/sale/q5WsP7",yes,No,No
ham,"Big Billion Days sirf BookMyShow par: kitchen appliances par flat 70% tak chhoot, abhi app download karein: https://bookmyshow.com/offers/XEHmOE",yes,No,No
ham,"IndiGo: Abhi book karein aur agli trip par 40% off paayein, 12-02-2026 tak valid. Details: https://goindigo.in/offers/ZLgnLF",yes,No,No
ham,Domino's par dost ko invite karein aur dono ko Rs.250 off milega. Code EJSQ28 share karein: https://dominos.co.in/offers/umTJ23,yes,No,No
ham,Aapka Vi plan benefit aaj khatam ho raha hai. Extra data na khone ke liye midnight se pehle renew karein: https://myvi.in/offers/psXVw4,yes,No,No
ham,"Goibibo: Abhi book karein aur agli trip par 60% off paayein, 20-07-2026 tak valid. Details: https://goibibo.com/deals/BA8bVO",yes,No,No
ham,SBI Card: Dost ko refer karein aur dono ko 200 reward points milenge. Code CFSM67 share karein: https://sbicard.com/offers/MXqpIz,yes,No,No
ham,Limited period: aaj hi apni Policybazaar membership upgrade karein aur annual fee par Rs.100 bachayein: https://policybazaar.com/renew/lmqAmc,yes,No,No
ham,"Sirf aaj ke liye: Swiggy par electronics par flat 30% off mil raha hai, aadhi raat se pehle order karein: https://swiggy.com/offers/25cQmy",yes,No,No
ham,HDFC Bank: Is hafte app se bill payment karne par 10% cashback paayein. Details: https://hdfcbank.com/offers/y4lOfC,yes,No,No
ham,HDFC Bank: Is hafte app se bill payment karne par 10% cashback paayein. Details: https://hdfcbank.com/offers/Yuzpx3,yes,No,No
ham,"BYJU'S member hone ke naate, aaj se hamare 50% off renewal offer ka early access paayein: https://byjus.com/offers/ISdN3I",yes,No,No
ham,"Ola par flash sale! Fares Rs.500 se shuru, limited period ke liye. Yahan book karein: https://olacabs.com/offers/F8gqZq",yes,No,No
ham,Limited period: aaj hi apni Spotify membership upgrade karein aur annual fee par Rs.150 bachayein: https://spotify.com/premium/qoLRsi,yes,No,No
ham,Aapka Unacademy plan benefit aaj khatam ho raha hai. Extra data na khone ke liye midnight se pehle renew karein: https://unacademy.com/offers/d90HLY,yes,No,No
ham,"Goibibo: Abhi book karein aur agli trip par 50% off paayein, 12-09-2025 tak valid. Details: https://goibibo.com/deals/C7EFqI",yes,No,No
ham,ICICI Bank: Dost ko refer karein aur dono ko 100 reward points milenge. Code YPEP94 share karein: https://icicibank.com/offers/RnBwIA,yes,No,No
ham,Aapka Netflix plan jald expire ho raha hai. Abhi renew karein aur pehle 3 mahino par 40% off paayein: https://netflix.com/account/B8DPEn,yes,No,No
ham,"Uber members ko hamare festive sale ka early access milta hai, select routes par 50% off: https://uber.com/promotions/ley1UL",yes,No,No
ham,Aapka Netflix subscription 18-08-2026 ko renew hoga. Annual plan par upgrade karein aur 15% bachayein: https://netflix.com/account/EXIXCw,yes,No,No
ham,PhonePe: Dost ko refer karein aur dono ko 500 reward points milenge. Code EIBQ12 share karein: https://phonepe.com/rewards/9hx2K8,yes,No,No
ham,Aakhri mauka: aapke Amazon Prime Video bonus data offer aaj raat expire ho raha hai. Extra benefit ke liye abhi recharge karein: https://primevideo.com/offers/ElQNvS,yes,No,No
ham,"Spotify member hone ke naate, aaj se hamare 10% off renewal offer ka early access paayein: https://spotify.com/premium/CAWqc5",yes,No,No
ham,Aapka BYJU'S subscription 26-03-2026 ko renew hoga. Annual plan par upgrade karein aur 10% bachayein: https://byjus.com/offers/ess8r6,yes,No,No
ham,"IndiGo members ko hamare festive sale ka early access milta hai, select routes par 50% off: https://goindigo.in/offers/FFDtiX",yes,No,No
ham,"Ola: Abhi book karein aur agli trip par 10% off paayein, 24-12-2025 tak valid. Details: https://olacabs.com/offers/Sv77DX",yes,No,No
ham,Aakhri mauka: aapke Spotify bonus data offer aaj raat expire ho raha hai. Extra benefit ke liye abhi recharge karein: https://spotify.com/premium/msjpkN,yes,No,No
ham,Aapne 1000 Paytm reward points kamaye hain. Agli transaction par redeem karein: https://paytm.com/rewards/dRpOkU,yes,No,No
ham,"Happy Birthday Vikram! Aapke liye Rs.50 ka Blinkit voucher, is mahine valid: https://blinkit.com/offers/m1brEO",yes,No,No
ham,Aapne 300 ICICI Bank reward points kamaye hain. Agli transaction par redeem karein: https://icicibank.com/offers/ejZmVx,yes,No,No
ham,"Christmas ki hardik shubhkamnayein! Domino's par 30% off ke saath celebrate karein, sirf hamare valued customers ke liye: https://dominos.co.in/offers/8dJsA5",yes,No,No
ham,"Ola members ko hamare festive sale ka early access milta hai, select routes par 10% off: https://olacabs.com/offers/ArSowT",yes,No,No
ham,ICICI Bank: Dost ko refer karein aur dono ko 750 reward points milenge. Code MBQM59 share karein: https://icicibank.com/offers/gPAbJN,yes,No,No
ham,"Jio member hone ke naate, aaj se hamare 15% off renewal offer ka early access paayein: https://jio.com/offers/cGAdkg",yes,No,No
ham,Paytm: Is hafte app se bill payment karne par 40% cashback paayein. Details: https://paytm.com/rewards/UntluM,yes,No,No
ham,BookMyShow ki Big Sale live hai! fashion par 70% tak ki chhoot. Abhi shop karein: https://bookmyshow.com/offers/ROSkJC,yes,No,No
ham,"Titan ki Year End Sale ke aakhri kuch ghante! 75% tak off, aaj raat khatam hone se pehle shop karein: https://titan.co.in/sale/LEVFh6",yes,No,No
ham,"Uber members ko hamare festive sale ka early access milta hai, select routes par 10% off: https://uber.com/promotions/G0KBvd",yes,No,No
ham,"Hi Priya, aapke Tanishq cart ke items ab sale mein hain. Order complete karein: https://tanishq.co.in/offers/evbmxx",yes,No,No
ham,Limited period: aaj hi apni Policybazaar membership upgrade karein aur annual fee par Rs.50 bachayein: https://policybazaar.com/renew/im1ynA,yes,No,No
ham,Aakhri mauka: aapke Airtel bonus data offer aaj raat expire ho raha hai. Extra benefit ke liye abhi recharge karein: https://airtel.in/offers/Qvw5SN,yes,No,No
ham,"Goibibo members ko hamare festive sale ka early access milta hai, select routes par 50% off: https://goibibo.com/deals/ZzF3c9",yes,No,No
ham,HDFC Bank: Dost ko refer karein aur dono ko 300 reward points milenge. Code XLFZ46 share karein: https://hdfcbank.com/offers/w5ju2o,yes,No,No
ham,"Domino's ki Monsoon Sale ke aakhri kuch ghante! 70% tak off, aaj raat khatam hone se pehle shop karein: https://dominos.co.in/offers/3Ogz8D",yes,No,No
ham,SBI Card: Is hafte app se bill payment karne par 30% cashback paayein. Details: https://sbicard.com/offers/l9Iy31,yes,No,No
ham,"Goibibo par flash sale! Fares Rs.50 se shuru, limited period ke liye. Yahan book karein: https://goibibo.com/deals/lk8vuU",yes,No,No
ham,BigBasket par naye arrivals aa gaye hain! Latest groceries collection dekhein: https://bigbasket.com/offers/wZR0U5,yes,No,No
ham,Limited period: aaj hi apni Vi membership upgrade karein aur annual fee par Rs.150 bachayein: https://myvi.in/offers/3w0vCe,yes,No,No
ham,Aapka Unacademy plan jald expire ho raha hai. Abhi renew karein aur pehle 3 mahino par 20% off paayein: https://unacademy.com/offers/CjJA5E,yes,No,No
ham,Aapka BYJU'S plan benefit aaj khatam ho raha hai. Extra data na khone ke liye midnight se pehle renew karein: https://byjus.com/offers/fW1SfX,yes,No,No
ham,1mg par dost ko invite karein aur dono ko Rs.50 off milega. Code KNWW30 share karein: https://1mg.com/offers/TMPnc5,yes,No,No
ham,Aapka Airtel subscription 21-11-2026 ko renew hoga. Annual plan par upgrade karein aur 60% bachayein: https://airtel.in/offers/DLTPC4,yes,No,No
ham,ICICI Bank: Is hafte app se bill payment karne par 60% cashback paayein. Details: https://icicibank.com/offers/4lNDKo,yes,No,No
ham,"Sirf aaj ke liye: BookMyShow par electronics par flat 15% off mil raha hai, aadhi raat se pehle order karein: https://bookmyshow.com/offers/4THMnG",yes,No,No
ham,"redBus par flash sale! Fares Rs.500 se shuru, limited period ke liye. Yahan book karein: https://redbus.in/offers/4i7Cxc",yes,No,No
ham,"Zepto ki Independence Day Sale miss mat karein - storewide 60% tak off, sirf limited time ke liye: https://zepto.com/offers/mX99Kz",yes,No,No
ham,Aapne 100 SBI Card reward points kamaye hain. Agli transaction par redeem karein: https://sbicard.com/offers/6Ricwp,yes,No,No
ham,"Ola members ko hamare festive sale ka early access milta hai, select routes par 15% off: https://olacabs.com/offers/zzJbWV",yes,No,No
ham,Aapka cult.fit plan benefit aaj khatam ho raha hai. Extra data na khone ke liye midnight se pehle renew karein: https://cult.fit/offers/zLApFt,yes,No,No
ham,"IRCTC: Abhi book karein aur agli trip par 50% off paayein, 12-06-2025 tak valid. Details: https://irctc.co.in/offers/XeNIlw",yes,No,No
ham,PhonePe: Is hafte app se bill payment karne par 70% cashback paayein. Details: https://phonepe.com/rewards/MIVbYW,yes,No,No
ham,Aapne 500 PhonePe reward points kamaye hain. Agli transaction par redeem karein: https://phonepe.com/rewards/yIVGzd,yes,No,No
ham,Limited period: aaj hi apni cult.fit membership upgrade karein aur annual fee par Rs.250 bachayein: https://cult.fit/offers/WwIHVa,yes,No,No
ham,"IndiGo members ko hamare festive sale ka early access milta hai, select routes par 15% off: https://goindigo.in/offers/ZUxOFx",yes,No,No
ham,Aapka BYJU'S subscription 25-06-2026 ko renew hoga. Annual plan par upgrade karein aur 15% bachayein: https://byjus.com/offers/6hfn4O,yes,No,No
ham,Limited period: aaj hi apni Jio membership upgrade karein aur annual fee par Rs.300 bachayein: https://jio.com/offers/GJLwgm,yes,No,No
ham,HDFC Bank: Is hafte app se bill payment karne par 20% cashback paayein. Details: https://hdfcbank.com/offers/cmHRKL,yes,No,No
ham,Aapka Amazon Prime Video subscription 27-08-2025 ko renew hoga. Annual plan par upgrade karein aur 60% bachayein: https://primevideo.com/offers/4YMJtJ,yes,No,No
ham,Aakhri mauka: aapke BYJU'S bonus data offer aaj raat expire ho raha hai. Extra benefit ke liye abhi recharge karein: https://byjus.com/offers/ymiEW6,yes,No,No
ham,"Ola par flash sale! Fares Rs.250 se shuru, limited period ke liye. Yahan book karein: https://olacabs.com/offers/yxyNH0",yes,No,No
ham,Aapne 100 ICICI Bank reward points kamaye hain. Agli transaction par redeem karein: https://icicibank.com/offers/xv1z3g,yes,No,No
ham,Axis Bank: Dost ko refer karein aur dono ko 200 reward points milenge. Code UNRS76 share karein: https://axisbank.com/offers/xcVv9n,yes,No,No
ham,HDFC Bank: Dost ko refer karein aur dono ko 200 reward points milenge. Code XYGG90 share karein: https://hdfcbank.com/offers/WMj4BH,yes,No,No
ham,Limited period: aaj hi apni Amazon Prime Video membership upgrade karein aur annual fee par Rs.150 bachayein: https://primevideo.com/offers/ysFGCo,yes,No,No
ham,Lenskart par dost ko invite karein aur dono ko Rs.300 off milega. Code XDMW12 share karein: https://lenskart.com/offers/6bsDZ4,yes,No,No
ham,Aakhri mauka: aapke Disney+ Hotstar bonus data offer aaj raat expire ho raha hai. Extra benefit ke liye abhi recharge karein: https://hotstar.com/subscribe/tJCD56,yes,No,No
ham,Aapka Policybazaar subscription 18-09-2026 ko renew hoga. Annual plan par upgrade karein aur 20% bachayein: https://policybazaar.com/renew/ygOTKK,yes,No,No
ham,ICICI Bank: Is hafte app se bill payment karne par 60% cashback paayein. Details: https://icicibank.com/offers/fJHokr,yes,No,No
ham,"Policybazaar member hone ke naate, aaj se hamare 20% off renewal offer ka early access paayein: https://policybazaar.com/renew/upBlUY",yes,No,No
ham,Aapka Policybazaar subscription 27-04-2026 ko renew hoga. Annual plan par upgrade karein aur 10% bachayein: https://policybazaar.com/renew/jcobRp,yes,No,No
ham,Axis Bank: Dost ko refer karein aur dono ko 300 reward points milenge. Code HYCD21 share karein: https://axisbank.com/offers/szoTbK,yes,No,No
ham,"Ola par flash sale! Fares Rs.50 se shuru, limited period ke liye. Yahan book karein: https://olacabs.com/offers/JpGTjl",yes,No,No
ham,"Happy Birthday Priya! Aapke liye Rs.150 ka 1mg voucher, is mahine valid: https://1mg.com/offers/RbpaIe",yes,No,No
ham,Aapne 150 HDFC Bank reward points kamaye hain. Agli transaction par redeem karein: https://hdfcbank.com/offers/PG94Bf,yes,No,No
ham,"IndiGo members ko hamare festive sale ka early access milta hai, select routes par 10% off: https://goindigo.in/offers/CBlMyW",yes,No,No
ham,"Uber: Abhi book karein aur agli trip par 15% off paayein, 01-05-2025 tak valid. Details: https://uber.com/promotions/MFk48X",yes,No,No
ham,CRED: Dost ko refer karein aur dono ko 250 reward points milenge. Code YUTL98 share karein: https://cred.club/rewards/lg1aGM,yes,No,No
ham,Aapka Spotify subscription 04-06-2026 ko renew hoga. Annual plan par upgrade karein aur 30% bachayein: https://spotify.com/premium/rh9KRh,yes,No,No
ham,"Uber members ko hamare festive sale ka early access milta hai, select routes par 70% off: https://uber.com/promotions/hZe531",yes,No,No
ham,Axis Bank: Dost ko refer karein aur dono ko 750 reward points milenge. Code DNDR47 share karein: https://axisbank.com/offers/spBTtP,yes,No,No
ham,"IRCTC members ko hamare festive sale ka early access milta hai, select routes par 60% off: https://irctc.co.in/offers/X12FG6",yes,No,No
ham,Aapka BYJU'S plan benefit aaj khatam ho raha hai. Extra data na khone ke liye midnight se pehle renew karein: https://byjus.com/offers/iXi0Ip,yes,No,No
ham,Aapka Spotify plan benefit aaj khatam ho raha hai. Extra data na khone ke liye midnight se pehle renew karein: https://spotify.com/premium/Pd06QG,yes,No,No
ham,"Zepto End of Season Sale LIVE hai! groceries par 75% tak ki chhoot, stock khatam hone se pehle jaldi karein: https://zepto.com/offers/xotRY8",yes,No,No
ham,"IRCTC members ko hamare festive sale ka early access milta hai, select routes par 60% off: https://irctc.co.in/offers/pdrEtS",yes,No,No
ham,"Uber par flash sale! Fares Rs.500 se shuru, limited period ke liye. Yahan book karein: https://uber.com/promotions/YUI6hu",yes,No,No
ham,Aakhri mauka: aapke Policybazaar bonus data offer aaj raat expire ho raha hai. Extra benefit ke liye abhi recharge karein: https://policybazaar.com/renew/zjX7ny,yes,No,No
ham,"Hi Raj, aapke Meesho cart ke items ab sale mein hain. Order complete karein: https://meesho.com/offers/uQ4ZzY",yes,No,No
ham,"redBus members ko hamare festive sale ka early access milta hai, select routes par 70% off: https://redbus.in/offers/T0uOKy",yes,No,No
ham,"Uber: Abhi book karein aur agli trip par 50% off paayein, 10-03-2026 tak valid. Details: https://uber.com/promotions/dx0Vzs",yes,No,No
ham,Domino's par naye arrivals aa gaye hain! Latest footwear collection dekhein: https://dominos.co.in/offers/rebPyl,yes,No,No
ham,PharmEasy: Is weekend storewide flat 70% off. T&C apply. Offers band karne ke liye STOP reply karein. https://pharmeasy.in/offers/Vulu3L,yes,No,No
ham,"IRCTC members ko hamare festive sale ka early access milta hai, select routes par 50% off: https://irctc.co.in/offers/uyi80J",yes,No,No
ham,Aapka cult.fit plan benefit aaj khatam ho raha hai. Extra data na khone ke liye midnight se pehle renew karein: https://cult.fit/offers/r0PHQh,yes,No,No
ham,CRED: Dost ko refer karein aur dono ko 200 reward points milenge. Code PDDT93 share karein: https://cred.club/rewards/tUN82S,yes,No,No
ham,Aapka Airtel plan benefit aaj khatam ho raha hai. Extra data na khone ke liye midnight se pehle renew karein: https://airtel.in/offers/BFlF2f,yes,No,No
ham,Aapka Netflix plan jald expire ho raha hai. Abhi renew karein aur pehle 3 mahino par 15% off paayein: https://netflix.com/account/CNkIWd,yes,No,No
ham,Aapka Vi plan benefit aaj khatam ho raha hai. Extra data na khone ke liye midnight se pehle renew karein: https://myvi.in/offers/uvHQoA,yes,No,No
ham,Aapka Amazon Prime Video plan benefit aaj khatam ho raha hai. Extra data na khone ke liye midnight se pehle renew karein: https://primevideo.com/offers/CtXnFI,yes,No,No
ham,"Goibibo: Abhi book karein aur agli trip par 25% off paayein, 28-06-2025 tak valid. Details: https://goibibo.com/deals/tDEQKl",yes,No,No
ham,SBI Card: Is hafte app se bill payment karne par 40% cashback paayein. Details: https://sbicard.com/offers/lcTlcg,yes,No,No
ham,Aapka Vi plan jald expire ho raha hai. Abhi renew karein aur pehle 3 mahino par 15% off paayein: https://myvi.in/offers/mHdxaf,yes,No,No
ham,"redBus: Abhi book karein aur agli trip par 40% off paayein, 13-11-2025 tak valid. Details: https://redbus.in/offers/5nyEEr",yes,No,No
ham,"Sirf aaj ke liye: Decathlon par footwear par flat 15% off mil raha hai, aadhi raat se pehle order karein: https://decathlon.in/sale/ordwQO",yes,No,No
ham,ICICI Bank: Dost ko refer karein aur dono ko 150 reward points milenge. Code XTKH78 share karein: https://icicibank.com/offers/trkLu2,yes,No,No
ham,"IRCTC par flash sale! Fares Rs.150 se shuru, limited period ke liye. Yahan book karein: https://irctc.co.in/offers/uEBKJB",yes,No,No
ham,"Goibibo: Abhi book karein aur agli trip par 15% off paayein, 17-02-2026 tak valid. Details: https://goibibo.com/deals/DWEIto",yes,No,No
ham,"MakeMyTrip par flash sale! Fares Rs.150 se shuru, limited period ke liye. Yahan book karein: https://makemytrip.com/deals/aAx96R",yes,No,No
ham,ICICI Bank: Dost ko refer karein aur dono ko 100 reward points milenge. Code QLIN26 share karein: https://icicibank.com/offers/d5S997,yes,No,No
ham,"MakeMyTrip: Abhi book karein aur agli trip par 40% off paayein, 12-09-2025 tak valid. Details: https://makemytrip.com/deals/fj2adh",yes,No,No
ham,HDFC Bank: Is hafte app se bill payment karne par 25% cashback paayein. Details: https://hdfcbank.com/offers/bAzC2P,yes,No,No
ham,Aapka cult.fit subscription 24-05-2026 ko renew hoga. Annual plan par upgrade karein aur 25% bachayein: https://cult.fit/offers/8XjD61,yes,No,No
ham,HDFC Bank: Is hafte app se bill payment karne par 20% cashback paayein. Details: https://hdfcbank.com/offers/k9NVxt,yes,No,No
ham,"Flipkart ki Great Indian Festival miss mat karein - storewide 60% tak off, sirf limited time ke liye: https://flipkart.com/sale/f9kQJT",yes,No,No
ham,Aakhri mauka: aapke Airtel bonus data offer aaj raat expire ho raha hai. Extra benefit ke liye abhi recharge karein: https://airtel.in/offers/KS5Qeh,yes,No,No
ham,Aapne 1000 CRED reward points kamaye hain. Agli transaction par redeem karein: https://cred.club/rewards/jXQMJd,yes,No,No
ham,Limited period: aaj hi apni Vi membership upgrade karein aur annual fee par Rs.300 bachayein: https://myvi.in/offers/sittSa,yes,No,No
ham,Aakhri mauka: aapke Vi bonus data offer aaj raat expire ho raha hai. Extra benefit ke liye abhi recharge karein: https://myvi.in/offers/r182vE,yes,No,No
ham,CRED: Dost ko refer karein aur dono ko 250 reward points milenge. Code ZSOV45 share karein: https://cred.club/rewards/a2oXAV,yes,No,No
ham,boAt par naye arrivals aa gaye hain! Latest fashion collection dekhein: https://boat-lifestyle.com/sale/uQS0OJ,yes,No,No
ham,Limited period: aaj hi apni Vi membership upgrade karein aur annual fee par Rs.250 bachayein: https://myvi.in/offers/ii8ctA,yes,No,No
ham,"Ola par flash sale! Fares Rs.500 se shuru, limited period ke liye. Yahan book karein: https://olacabs.com/offers/HvFvG0",yes,No,No
ham,PhonePe: Dost ko refer karein aur dono ko 300 reward points milenge. Code ICMK77 share karein: https://phonepe.com/rewards/5b1TLX,yes,No,No
ham,Paytm: Is hafte app se bill payment karne par 15% cashback paayein. Details: https://paytm.com/rewards/it21W0,yes,No,No
ham,SBI Card: Is hafte app se bill payment karne par 60% cashback paayein. Details: https://sbicard.com/offers/q45fum,yes,No,No
ham,boAt par naye arrivals aa gaye hain! Latest kitchen appliances collection dekhein: https://boat-lifestyle.com/sale/UDFBeM,yes,No,No
ham,"redBus members ko hamare festive sale ka early access milta hai, select routes par 30% off: https://redbus.in/offers/zFiDjQ",yes,No,No
ham,Aakhri mauka: aapke cult.fit bonus data offer aaj raat expire ho raha hai. Extra benefit ke liye abhi recharge karein: https://cult.fit/offers/xLLQCH,yes,No,No
ham,"Hi Priya, aapke Zomato cart ke items ab sale mein hain. Order complete karein: https://zomato.com/gold/91lsTQ",yes,No,No
ham,Aapka BYJU'S plan benefit aaj khatam ho raha hai. Extra data na khone ke liye midnight se pehle renew karein: https://byjus.com/offers/Tyrd1U,yes,No,No
ham,"Tanishq ki Monsoon Sale ke aakhri kuch ghante! 50% tak off, aaj raat khatam hone se pehle shop karein: https://tanishq.co.in/offers/VUpmiV",yes,No,No
ham,"MakeMyTrip par flash sale! Fares Rs.50 se shuru, limited period ke liye. Yahan book karein: https://makemytrip.com/deals/mRjQDt",yes,No,No
ham,"Decathlon Big Billion Days LIVE hai! beauty products par 80% tak ki chhoot, stock khatam hone se pehle jaldi karein: https://decathlon.in/sale/xeDMHe",yes,No,No
ham,Aapka cult.fit plan benefit aaj khatam ho raha hai. Extra data na khone ke liye midnight se pehle renew karein: https://cult.fit/offers/8KlRiZ,yes,No,No
ham,Domino's par naye arrivals aa gaye hain! Latest groceries collection dekhein: https://dominos.co.in/offers/pEea0K,yes,No,No
ham,"MakeMyTrip: Abhi book karein aur agli trip par 10% off paayein, 21-08-2026 tak valid. Details: https://makemytrip.com/deals/DfSADg",yes,No,No
ham,Aapne 1000 SBI Card reward points kamaye hain. Agli transaction par redeem karein: https://sbicard.com/offers/Jo674X,yes,No,No
ham,"IndiGo: Abhi book karein aur agli trip par 60% off paayein, 27-12-2026 tak valid. Details: https://goindigo.in/offers/XAanOa",yes,No,No
ham,"Ola: Abhi book karein aur agli trip par 40% off paayein, 10-02-2026 tak valid. Details: https://olacabs.com/offers/hOPXGy",yes,No,No
ham,"redBus par flash sale! Fares Rs.300 se shuru, limited period ke liye. Yahan book karein: https://redbus.in/offers/IR2POc",yes,No,No
ham,"Sirf aaj ke liye: BigBasket par electronics par flat 30% off mil raha hai, aadhi raat se pehle order karein: https://bigbasket.com/offers/6PjhSD",yes,No,No
ham,ICICI Bank: Is hafte app se bill payment karne par 10% cashback paayein. Details: https://icicibank.com/offers/m94MQr,yes,No,No
ham,HDFC Bank: Is hafte app se bill payment karne par 30% cashback paayein. Details: https://hdfcbank.com/offers/x5aJtp,yes,No,No
ham,"IndiGo: Abhi book karein aur agli trip par 50% off paayein, 24-04-2025 tak valid. Details: https://goindigo.in/offers/eFmY7n",yes,No,No
ham,Swiggy par naye arrivals aa gaye hain! Latest fashion collection dekhein: https://swiggy.com/offers/RLC0HN,yes,No,No
ham,"Swiggy ki Great Indian Festival ke aakhri kuch ghante! 60% tak off, aaj raat khatam hone se pehle shop karein: https://swiggy.com/offers/iVOr1i",yes,No,No
ham,Aapka Netflix plan benefit aaj khatam ho raha hai. Extra data na khone ke liye midnight se pehle renew karein: https://netflix.com/account/vX68tm,yes,No,No
ham,"MakeMyTrip par flash sale! Fares Rs.100 se shuru, limited period ke liye. Yahan book karein: https://makemytrip.com/deals/nbtWWO",yes,No,No
ham,Axis Bank: Dost ko refer karein aur dono ko 150 reward points milenge. Code FZRU62 share karein: https://axisbank.com/offers/Sdlitw,yes,No,No
ham,Aapne 100 SBI Card reward points kamaye hain. Agli transaction par redeem karein: https://sbicard.com/offers/I3N1CG,yes,No,No
ham,Aapka cult.fit plan benefit aaj khatam ho raha hai. Extra data na khone ke liye midnight se pehle renew karein: https://cult.fit/offers/h3u5cS,yes,No,No
ham,"IndiGo members ko hamare festive sale ka early access milta hai, select routes par 30% off: https://goindigo.in/offers/a3KD5M",yes,No,No
ham,Aapka Jio plan jald expire ho raha hai. Abhi renew karein aur pehle 3 mahino par 70% off paayein: https://jio.com/offers/b5IjRT,yes,No,No
ham,"IndiGo members ko hamare festive sale ka early access milta hai, select routes par 10% off: https://goindigo.in/offers/ny4zwV",yes,No,No
ham,"Goibibo par flash sale! Fares Rs.300 se shuru, limited period ke liye. Yahan book karein: https://goibibo.com/deals/OSVXCd",yes,No,No
ham,Aapka Jio plan benefit aaj khatam ho raha hai. Extra data na khone ke liye midnight se pehle renew karein: https://jio.com/offers/tK7roB,yes,No,No
ham,"redBus par flash sale! Fares Rs.50 se shuru, limited period ke liye. Yahan book karein: https://redbus.in/offers/cMUZjf",yes,No,No
ham,Axis Bank: Is hafte app se bill payment karne par 20% cashback paayein. Details: https://axisbank.com/offers/fEhO6H,yes,No,No
ham,"redBus: Abhi book karein aur agli trip par 20% off paayein, 03-09-2026 tak valid. Details: https://redbus.in/offers/eblNTj",yes,No,No
ham,Limited period: aaj hi apni BYJU'S membership upgrade karein aur annual fee par Rs.150 bachayein: https://byjus.com/offers/h8oW5u,yes,No,No
ham,Aapne 150 Paytm reward points kamaye hain. Agli transaction par redeem karein: https://paytm.com/rewards/8L2ubD,yes,No,No
ham,"Goibibo: Abhi book karein aur agli trip par 15% off paayein, 13-12-2026 tak valid. Details: https://goibibo.com/deals/rqYKbP",yes,No,No
ham,"IndiGo members ko hamare festive sale ka early access milta hai, select routes par 30% off: https://goindigo.in/offers/z4oNdz",yes,No,No
ham,Limited period: aaj hi apni Spotify membership upgrade karein aur annual fee par Rs.100 bachayein: https://spotify.com/premium/69SdyY,yes,No,No
ham,"Meesho ki End of Season Sale miss mat karein - storewide 60% tak off, sirf limited time ke liye: https://meesho.com/offers/7CaznQ",yes,No,No
ham,Aapne 150 PhonePe reward points kamaye hain. Agli transaction par redeem karein: https://phonepe.com/rewards/XKfJKu,yes,No,No
ham,Aapne 150 SBI Card reward points kamaye hain. Agli transaction par redeem karein: https://sbicard.com/offers/H1Dfrz,yes,No,No
ham,"Happy Birthday Raj! Aapke liye Rs.500 ka 1mg voucher, is mahine valid: https://1mg.com/offers/kyVmR8",yes,No,No
ham,"Netflix member hone ke naate, aaj se hamare 10% off renewal offer ka early access paayein: https://netflix.com/account/f2Shxo",yes,No,No
ham,Aakhri mauka: aapke BYJU'S bonus data offer aaj raat expire ho raha hai. Extra benefit ke liye abhi recharge karein: https://byjus.com/offers/va9izJ,yes,No,No
ham,Axis Bank: Is hafte app se bill payment karne par 15% cashback paayein. Details: https://axisbank.com/offers/4CzxCi,yes,No,No
ham,Zepto par naye arrivals aa gaye hain! Latest kitchen appliances collection dekhein: https://zepto.com/offers/CR53jV,yes,No,No
ham,"Zepto app abhi kholein aur pao exclusive app-only deal 70% off, sirf aaj: https://zepto.com/offers/YcGjGJ",yes,No,No
ham,Aapka Policybazaar subscription 01-04-2026 ko renew hoga. Annual plan par upgrade karein aur 40% bachayein: https://policybazaar.com/renew/GvpELo,yes,No,No
ham,Aapka Amazon Prime Video plan benefit aaj khatam ho raha hai. Extra data na khone ke liye midnight se pehle renew karein: https://primevideo.com/offers/9zyrZl,yes,No,No
ham,"Happy Birthday Amit! Aapke liye Rs.50 ka Pepperfry voucher, is mahine valid: https://pepperfry.com/sale/wMZotX",yes,No,No
ham,"PharmEasy app abhi kholein aur pao exclusive app-only deal 20% off, sirf aaj: https://pharmeasy.in/offers/KoMdOh",yes,No,No
ham,Paytm: Is hafte app se bill payment karne par 70% cashback paayein. Details: https://paytm.com/rewards/AEFscL,yes,No,No
ham,Limited period: aaj hi apni Vi membership upgrade karein aur annual fee par Rs.300 bachayein: https://myvi.in/offers/CmrCE7,yes,No,No
ham,PhonePe: Is hafte app se bill payment karne par 40% cashback paayein. Details: https://phonepe.com/rewards/RGKSq5,yes,No,No
ham,Aakhri mauka: aapke Netflix bonus data offer aaj raat expire ho raha hai. Extra benefit ke liye abhi recharge karein: https://netflix.com/account/lvY303,yes,No,No
ham,Paytm: Is hafte app se bill payment karne par 30% cashback paayein. Details: https://paytm.com/rewards/oMd4tQ,yes,No,No
ham,"Uber members ko hamare festive sale ka early access milta hai, select routes par 60% off: https://uber.com/promotions/djTe5v",yes,No,No
ham,"IndiGo: Abhi book karein aur agli trip par 70% off paayein, 17-11-2025 tak valid. Details: https://goindigo.in/offers/G2FKuG",yes,No,No
ham,"Flipkart ki Independence Day Sale miss mat karein - storewide 75% tak off, sirf limited time ke liye: https://flipkart.com/sale/Xhw78G",yes,No,No
ham,"Aapka pichla Domino's order pasand aaya tha? Agli order par 30% off, 01-01-2025 tak valid: https://dominos.co.in/offers/IxdXgE",yes,No,No
ham,ICICI Bank: Is hafte app se bill payment karne par 50% cashback paayein. Details: https://icicibank.com/offers/W2mi8s,yes,No,No
ham,Aapne 750 Axis Bank reward points kamaye hain. Agli transaction par redeem karein: https://axisbank.com/offers/5vaApi,yes,No,No
ham,"MakeMyTrip: Abhi book karein aur agli trip par 40% off paayein, 18-03-2025 tak valid. Details: https://makemytrip.com/deals/HPr6BI",yes,No,No
ham,Aapne 750 Axis Bank reward points kamaye hain. Agli transaction par redeem karein: https://axisbank.com/offers/EMcloL,yes,No,No
ham,"Ola members ko hamare festive sale ka early access milta hai, select routes par 50% off: https://olacabs.com/offers/3iVTH7",yes,No,No
ham,Aapne 750 PhonePe reward points kamaye hain. Agli transaction par redeem karein: https://phonepe.com/rewards/Hv1c7x,yes,No,No
ham,Blinkit ki Big Sale live hai! footwear par 70% tak ki chhoot. Abhi shop karein: https://blinkit.com/offers/JkK7PI,yes,No,No
ham,Aapne 1000 SBI Card reward points kamaye hain. Agli transaction par redeem karein: https://sbicard.com/offers/7Wbw9y,yes,No,No
ham,"redBus: Abhi book karein aur agli trip par 40% off paayein, 10-07-2026 tak valid. Details: https://redbus.in/offers/9VTXKD",yes,No,No
ham,"MakeMyTrip members ko hamare festive sale ka early access milta hai, select routes par 70% off: https://makemytrip.com/deals/tpOpOb",yes,No,No
ham,"boAt ki Great Indian Festival ke aakhri kuch ghante! 60% tak off, aaj raat khatam hone se pehle shop karein: https://boat-lifestyle.com/sale/fJ5lms",yes,No,No
ham,Domino's: Is weekend storewide flat 10% off. T&C apply. Offers band karne ke liye STOP reply karein. https://dominos.co.in/offers/YVXRjm,yes,No,No
ham,Aapka Policybazaar plan benefit aaj khatam ho raha hai. Extra data na khone ke liye midnight se pehle renew karein: https://policybazaar.com/renew/MnPlUc,yes,No,No
ham,Aapka Spotify plan jald expire ho raha hai. Abhi renew karein aur pehle 3 mahino par 50% off paayein: https://spotify.com/premium/uyL9mS,yes,No,No
ham,"Jio member hone ke naate, aaj se hamare 30% off renewal offer ka early access paayein: https://jio.com/offers/KPpXEi",yes,No,No
ham,"Happy Birthday Amit! Aapke liye Rs.150 ka BookMyShow voucher, is mahine valid: https://bookmyshow.com/offers/c4waLi",yes,No,No
ham,"Meesho ki End of Season Sale miss mat karein - storewide 80% tak off, sirf limited time ke liye: https://meesho.com/offers/vahA9A",yes,No,No
ham,"IRCTC par flash sale! Fares Rs.100 se shuru, limited period ke liye. Yahan book karein: https://irctc.co.in/offers/S1gRdg",yes,No,No
ham,"Jio member hone ke naate, aaj se hamare 20% off renewal offer ka early access paayein: https://jio.com/offers/NyK1ec",yes,No,No
ham,"Hi Priya, aapke Amazon cart ke items ab sale mein hain. Order complete karein: https://amazon.in/deals/BWE5eu",yes,No,No
ham,"IndiGo par flash sale! Fares Rs.100 se shuru, limited period ke liye. Yahan book karein: https://goindigo.in/offers/n9uDqu",yes,No,No
ham,Limited period: aaj hi apni Airtel membership upgrade karein aur annual fee par Rs.150 bachayein: https://airtel.in/offers/eMqaU7,yes,No,No
ham,"Ola members ko hamare festive sale ka early access milta hai, select routes par 25% off: https://olacabs.com/offers/xSgtAG",yes,No,No
ham,Aakhri mauka: aapke BYJU'S bonus data offer aaj raat expire ho raha hai. Extra benefit ke liye abhi recharge karein: https://byjus.com/offers/57R7yd,yes,No,No
ham,"Aapka pichla Zepto order pasand aaya tha? Agli order par 15% off, 27-08-2026 tak valid: https://zepto.com/offers/63M8LQ",yes,No,No
ham,Aakhri mauka: aapke BYJU'S bonus data offer aaj raat expire ho raha hai. Extra benefit ke liye abhi recharge karein: https://byjus.com/offers/D3gQQv,yes,No,No
ham,Aapne 1000 PhonePe reward points kamaye hain. Agli transaction par redeem karein: https://phonepe.com/rewards/FnybP4,yes,No,No
ham,"redBus members ko hamare festive sale ka early access milta hai, select routes par 60% off: https://redbus.in/offers/y14Ltw",yes,No,No
ham,"Happy Birthday Priya! Aapke liye Rs.150 ka Myntra voucher, is mahine valid: https://myntra.com/offers/N4jfNL",yes,No,No
ham,Paytm: Dost ko refer karein aur dono ko 750 reward points milenge. Code TQKA94 share karein: https://paytm.com/rewards/aXQFrT,yes,No,No
ham,"BookMyShow app abhi kholein aur pao exclusive app-only deal 60% off, sirf aaj: https://bookmyshow.com/offers/AINJPD",yes,No,No
ham,Axis Bank: Is hafte app se bill payment karne par 15% cashback paayein. Details: https://axisbank.com/offers/s6bshX,yes,No,No
ham,"Meesho ki Monsoon Sale miss mat karein - storewide 80% tak off, sirf limited time ke liye: https://meesho.com/offers/QTL2e6",yes,No,No
ham,"Disney+ Hotstar member hone ke naate, aaj se hamare 25% off renewal offer ka early access paayein: https://hotstar.com/subscribe/5HmKuI",yes,No,No
ham,"Unacademy member hone ke naate, aaj se hamare 70% off renewal offer ka early access paayein: https://unacademy.com/offers/cZf4dq",yes,No,No
ham,"IRCTC par flash sale! Fares Rs.500 se shuru, limited period ke liye. Yahan book karein: https://irctc.co.in/offers/xQaxBH",yes,No,No
ham,Aapka Netflix plan benefit aaj khatam ho raha hai. Extra data na khone ke liye midnight se pehle renew karein: https://netflix.com/account/eLGo4J,yes,No,No
ham,"IRCTC: Abhi book karein aur agli trip par 60% off paayein, 05-05-2025 tak valid. Details: https://irctc.co.in/offers/MAQ0Qv",yes,No,No
ham,Nykaa: Is weekend storewide flat 60% off. T&C apply. Offers band karne ke liye STOP reply karein. https://nykaa.com/sale/dlXuTf,yes,No,No
ham,"Ola members ko hamare festive sale ka early access milta hai, select routes par 15% off: https://olacabs.com/offers/oKLSmr",yes,No,No
ham,Aapka cult.fit plan jald expire ho raha hai. Abhi renew karein aur pehle 3 mahino par 30% off paayein: https://cult.fit/offers/LYTuYi,yes,No,No
ham,"Ola members ko hamare festive sale ka early access milta hai, select routes par 40% off: https://olacabs.com/offers/byTNlR",yes,No,No
ham,Aapka Spotify subscription 12-03-2025 ko renew hoga. Annual plan par upgrade karein aur 50% bachayein: https://spotify.com/premium/r7098E,yes,No,No
ham,"boAt ki Independence Day Sale miss mat karein - storewide 50% tak off, sirf limited time ke liye: https://boat-lifestyle.com/sale/U3KKvj",yes,No,No
ham,Aapka BYJU'S plan benefit aaj khatam ho raha hai. Extra data na khone ke liye midnight se pehle renew karein: https://byjus.com/offers/6hWEjr,yes,No,No
ham,"Goibibo: Abhi book karein aur agli trip par 20% off paayein, 04-03-2026 tak valid. Details: https://goibibo.com/deals/jKqMS4",yes,No,No
ham,"IndiGo: Abhi book karein aur agli trip par 20% off paayein, 24-07-2025 tak valid. Details: https://goindigo.in/offers/W1rwmi",yes,No,No
ham,PhonePe: Is hafte app se bill payment karne par 20% cashback paayein. Details: https://phonepe.com/rewards/RkhP9u,yes,No,No
ham,"Ola: Abhi book karein aur agli trip par 20% off paayein, 09-06-2026 tak valid. Details: https://olacabs.com/offers/FXRoK4",yes,No,No
ham,Paytm: Dost ko refer karein aur dono ko 200 reward points milenge. Code SLNI36 share karein: https://paytm.com/rewards/UUsBrc,yes,No,No
ham,HDFC Bank: Is hafte app se bill payment karne par 40% cashback paayein. Details: https://hdfcbank.com/offers/BPstmt,yes,No,No
ham,"Sirf aaj ke liye: Flipkart par home decor par flat 20% off mil raha hai, aadhi raat se pehle order karein: https://flipkart.com/sale/esGp2A",yes,No,No
ham,"BookMyShow app abhi kholein aur pao exclusive app-only deal 15% off, sirf aaj: https://bookmyshow.com/offers/XcNqdC",yes,No,No
ham,"Ola members ko hamare festive sale ka early access milta hai, select routes par 30% off: https://olacabs.com/offers/3soqkN",yes,No,No
ham,"Aapka pichla Nykaa order pasand aaya tha? Agli order par 50% off, 03-02-2026 tak valid: https://nykaa.com/sale/YpPXsq",yes,No,No
ham,BookMyShow par dost ko invite karein aur dono ko Rs.150 off milega. Code IAQZ12 share karein: https://bookmyshow.com/offers/faiR9m,yes,No,No
ham,"Lenskart ki Republic Day Sale ke aakhri kuch ghante! 60% tak off, aaj raat khatam hone se pehle shop karein: https://lenskart.com/offers/PuQuPm",yes,No,No
ham,"MakeMyTrip par flash sale! Fares Rs.500 se shuru, limited period ke liye. Yahan book karein: https://makemytrip.com/deals/aEihRU",yes,No,No
ham,"Goibibo members ko hamare festive sale ka early access milta hai, select routes par 30% off: https://goibibo.com/deals/R0NdbL",yes,No,No
ham,"New Year ki hardik shubhkamnayein! Lenskart par 25% off ke saath celebrate karein, sirf hamare valued customers ke liye: https://lenskart.com/offers/hz4lKJ",yes,No,No
ham,Aapka Unacademy subscription 07-06-2025 ko renew hoga. Annual plan par upgrade karein aur 60% bachayein: https://unacademy.com/offers/EROfL3,yes,No,No
ham,"MakeMyTrip par flash sale! Fares Rs.250 se shuru, limited period ke liye. Yahan book karein: https://makemytrip.com/deals/ZXD2wL",yes,No,No
ham,"IndiGo par flash sale! Fares Rs.300 se shuru, limited period ke liye. Yahan book karein: https://goindigo.in/offers/9f03xf",yes,No,No
ham,"Hi Pooja, aapke Swiggy cart ke items ab sale mein hain. Order complete karein: https://swiggy.com/offers/AHojsg",yes,No,No
ham,"IndiGo: Abhi book karein aur agli trip par 60% off paayein, 26-11-2025 tak valid. Details: https://goindigo.in/offers/TJnhCr",yes,No,No
ham,Aapka Unacademy plan benefit aaj khatam ho raha hai. Extra data na khone ke liye midnight se pehle renew karein: https://unacademy.com/offers/Vagouf,yes,No,No
ham,"IRCTC par flash sale! Fares Rs.300 se shuru, limited period ke liye. Yahan book karein: https://irctc.co.in/offers/miiNCC",yes,No,No
ham,"Hi Raj, aapke Myntra cart ke items ab sale mein hain. Order complete karein: https://myntra.com/offers/iDajMX",yes,No,No
ham,Limited period: aaj hi apni Unacademy membership upgrade karein aur annual fee par Rs.150 bachayein: https://unacademy.com/offers/2QMdzl,yes,No,No
ham,ICICI Bank: Is hafte app se bill payment karne par 60% cashback paayein. Details: https://icicibank.com/offers/GdAJcH,yes,No,No
ham,"Happy Birthday Anita! Aapke liye Rs.250 ka boAt voucher, is mahine valid: https://boat-lifestyle.com/sale/J8nUrZ",yes,No,No
ham,Aapka Policybazaar subscription 21-03-2026 ko renew hoga. Annual plan par upgrade karein aur 30% bachayein: https://policybazaar.com/renew/rnssVe,yes,No,No
ham,SBI Card: Is hafte app se bill payment karne par 70% cashback paayein. Details: https://sbicard.com/offers/uog7cL,yes,No,No
ham,"redBus: Abhi book karein aur agli trip par 40% off paayein, 01-10-2026 tak valid. Details: https://redbus.in/offers/wTuP9Y",yes,No,No
ham,"Uber: Abhi book karein aur agli trip par 50% off paayein, 23-05-2025 tak valid. Details: https://uber.com/promotions/laxYDk",yes,No,No
ham,"IRCTC par flash sale! Fares Rs.250 se shuru, limited period ke liye. Yahan book karein: https://irctc.co.in/offers/B7dIcz",yes,No,No
ham,"Goibibo: Abhi book karein aur agli trip par 50% off paayein, 15-07-2026 tak valid. Details: https://goibibo.com/deals/rXB3lQ",yes,No,No
ham,"Sirf aaj ke liye: BookMyShow par kitchen appliances par flat 25% off mil raha hai, aadhi raat se pehle order karein: https://bookmyshow.com/offers/Dac6ij",yes,No,No
ham,Aapne 500 Axis Bank reward points kamaye hain. Agli transaction par redeem karein: https://axisbank.com/offers/i3WtYm,yes,No,No
ham,Aapka cult.fit plan benefit aaj khatam ho raha hai. Extra data na khone ke liye midnight se pehle renew karein: https://cult.fit/offers/k18rcb,yes,No,No
ham,"Flipkart End of Season Sale LIVE hai! groceries par 80% tak ki chhoot, stock khatam hone se pehle jaldi karein: https://flipkart.com/sale/q0lgKw",yes,No,No
ham,"Domino's Republic Day Sale LIVE hai! groceries par 75% tak ki chhoot, stock khatam hone se pehle jaldi karein: https://dominos.co.in/offers/AG0raV",yes,No,No
ham,"Zomato app abhi kholein aur pao exclusive app-only deal 30% off, sirf aaj: https://zomato.com/gold/FJ8HSM",yes,No,No
ham,ICICI Bank: Is hafte app se bill payment karne par 50% cashback paayein. Details: https://icicibank.com/offers/wuW18T,yes,No,No
ham,Aapka Jio plan jald expire ho raha hai. Abhi renew karein aur pehle 3 mahino par 20% off paayein: https://jio.com/offers/mlL5ef,yes,No,No
ham,"Domino's Great Indian Festival LIVE hai! groceries par 70% tak ki chhoot, stock khatam hone se pehle jaldi karein: https://dominos.co.in/offers/BZgeoy",yes,No,No
ham,"IndiGo par flash sale! Fares Rs.200 se shuru, limited period ke liye. Yahan book karein: https://goindigo.in/offers/HGYepP",yes,No,No
ham,Paytm: Dost ko refer karein aur dono ko 1000 reward points milenge. Code KNLT10 share karein: https://paytm.com/rewards/n0PSxT,yes,No,No
ham,"Nykaa End of Season Sale LIVE hai! beauty products par 70% tak ki chhoot, stock khatam hone se pehle jaldi karein: https://nykaa.com/sale/21gF6i",yes,No,No
ham,"Aapka pichla Titan order pasand aaya tha? Agli order par 40% off, 23-04-2026 tak valid: https://titan.co.in/sale/evD3zw",yes,No,No
ham,"MakeMyTrip par flash sale! Fares Rs.300 se shuru, limited period ke liye. Yahan book karein: https://makemytrip.com/deals/3DpxP4",yes,No,No
ham,Aapne 750 HDFC Bank reward points kamaye hain. Agli transaction par redeem karein: https://hdfcbank.com/offers/MB1SHF,yes,No,No
ham,"IndiGo members ko hamare festive sale ka early access milta hai, select routes par 25% off: https://goindigo.in/offers/lkNLfI",yes,No,No
ham,Aapka Airtel plan benefit aaj khatam ho raha hai. Extra data na khone ke liye midnight se pehle renew karein: https://airtel.in/offers/Cesran,yes,No,No
ham,CRED: Is hafte app se bill payment karne par 60% cashback paayein. Details: https://cred.club/rewards/QLPzyC,yes,No,No
ham,"IndiGo: Abhi book karein aur agli trip par 25% off paayein, 07-05-2026 tak valid. Details: https://goindigo.in/offers/JpCwaA",yes,No,No
ham,HDFC Bank: Dost ko refer karein aur dono ko 150 reward points milenge. Code WCQV41 share karein: https://hdfcbank.com/offers/ODEYWo,yes,No,No
ham,Aapka Vi subscription 15-08-2026 ko renew hoga. Annual plan par upgrade karein aur 30% bachayein: https://myvi.in/offers/kfgnNC,yes,No,No
ham,"redBus par flash sale! Fares Rs.50 se shuru, limited period ke liye. Yahan book karein: https://redbus.in/offers/9rrvBa",yes,No,No
ham,Limited period: aaj hi apni Spotify membership upgrade karein aur annual fee par Rs.150 bachayein: https://spotify.com/premium/9fJznR,yes,No,No
ham,Limited period: aaj hi apni cult.fit membership upgrade karein aur annual fee par Rs.150 bachayein: https://cult.fit/offers/MUit4u,yes,No,No
ham,"Goibibo par flash sale! Fares Rs.100 se shuru, limited period ke liye. Yahan book karein: https://goibibo.com/deals/y9tIBf",yes,No,No
ham,"MakeMyTrip members ko hamare festive sale ka early access milta hai, select routes par 60% off: https://makemytrip.com/deals/USl0vf",yes,No,No
ham,"Ola members ko hamare festive sale ka early access milta hai, select routes par 10% off: https://olacabs.com/offers/3QVMVW",yes,No,No
ham,"IndiGo par flash sale! Fares Rs.500 se shuru, limited period ke liye. Yahan book karein: https://goindigo.in/offers/uWLEO8",yes,No,No
ham,Aapne 250 CRED reward points kamaye hain. Agli transaction par redeem karein: https://cred.club/rewards/WaQdrT,yes,No,No
ham,Aapka cult.fit subscription 12-06-2025 ko renew hoga. Annual plan par upgrade karein aur 70% bachayein: https://cult.fit/offers/fef7bm,yes,No,No
ham,Aapka Unacademy plan benefit aaj khatam ho raha hai. Extra data na khone ke liye midnight se pehle renew karein: https://unacademy.com/offers/3O0G0h,yes,No,No
ham,Aakhri mauka: aapke Spotify bonus data offer aaj raat expire ho raha hai. Extra benefit ke liye abhi recharge karein: https://spotify.com/premium/vigH43,yes,No,No
ham,Aapne 150 PhonePe reward points kamaye hain. Agli transaction par redeem karein: https://phonepe.com/rewards/DSvDOk,yes,No,No
ham,"MakeMyTrip members ko hamare festive sale ka early access milta hai, select routes par 20% off: https://makemytrip.com/deals/ns0JKE",yes,No,No
ham,CRED: Dost ko refer karein aur dono ko 150 reward points milenge. Code DQDY38 share karein: https://cred.club/rewards/W03yyQ,yes,No,No
ham,CRED: Dost ko refer karein aur dono ko 750 reward points milenge. Code SNTY67 share karein: https://cred.club/rewards/g6jZpU,yes,No,No
ham,Limited period: aaj hi apni Spotify membership upgrade karein aur annual fee par Rs.500 bachayein: https://spotify.com/premium/HhLRS1,yes,No,No
ham,"IRCTC members ko hamare festive sale ka early access milta hai, select routes par 40% off: https://irctc.co.in/offers/BVGVxI",yes,No,No
ham,Blinkit ki Big Sale live hai! electronics par 40% tak ki chhoot. Abhi shop karein: https://blinkit.com/offers/hP6DLM,yes,No,No
ham,"IndiGo par flash sale! Fares Rs.200 se shuru, limited period ke liye. Yahan book karein: https://goindigo.in/offers/Y2sTLv",yes,No,No
ham,"Hi Amit, aapke boAt cart ke items ab sale mein hain. Order complete karein: https://boat-lifestyle.com/sale/PFa1cx",yes,No,No
ham,Aapne 1000 ICICI Bank reward points kamaye hain. Agli transaction par redeem karein: https://icicibank.com/offers/RlfoBh,yes,No,No
ham,"MakeMyTrip par flash sale! Fares Rs.50 se shuru, limited period ke liye. Yahan book karein: https://makemytrip.com/deals/hKiDlm",yes,No,No
ham,Limited period: aaj hi apni Jio membership upgrade karein aur annual fee par Rs.150 bachayein: https://jio.com/offers/3lBQpk,yes,No,No
ham,ICICI Bank: Dost ko refer karein aur dono ko 200 reward points milenge. Code GDLI76 share karein: https://icicibank.com/offers/1YdVra,yes,No,No
ham,"Sirf aaj ke liye: Myntra par footwear par flat 40% off mil raha hai, aadhi raat se pehle order karein: https://myntra.com/offers/RaQlkM",yes,No,No
ham,Limited period: aaj hi apni cult.fit membership upgrade karein aur annual fee par Rs.300 bachayein: https://cult.fit/offers/T2gx7P,yes,No,No
ham,Aapka Spotify plan benefit aaj khatam ho raha hai. Extra data na khone ke liye midnight se pehle renew karein: https://spotify.com/premium/lQWKEm,yes,No,No
ham,"IndiGo: Abhi book karein aur agli trip par 25% off paayein, 25-08-2026 tak valid. Details: https://goindigo.in/offers/sSDOpB",yes,No,No
ham,Aapne 250 Paytm reward points kamaye hain. Agli transaction par redeem karein: https://paytm.com/rewards/4d53n3,yes,No,No
ham,Paytm: Dost ko refer karein aur dono ko 250 reward points milenge. Code ALKI43 share karein: https://paytm.com/rewards/WMjGh3,yes,No,No
ham,"Aapka pichla Domino's order pasand aaya tha? Agli order par 10% off, 24-11-2026 tak valid: https://dominos.co.in/offers/kCgAI9",yes,No,No
ham,Aapka BYJU'S subscription 17-11-2025 ko renew hoga. Annual plan par upgrade karein aur 20% bachayein: https://byjus.com/offers/lFwbGw,yes,No,No
ham,"IndiGo: Abhi book karein aur agli trip par 10% off paayein, 04-02-2026 tak valid. Details: https://goindigo.in/offers/zJMmoO",yes,No,No
ham,"MakeMyTrip members ko hamare festive sale ka early access milta hai, select routes par 25% off: https://makemytrip.com/deals/8US7aZ",yes,No,No
ham,"Zepto ki End of Season Sale ke aakhri kuch ghante! 80% tak off, aaj raat khatam hone se pehle shop karein: https://zepto.com/offers/d7GYaO",yes,No,No
ham,"End of Season Sale sirf Myntra par: fashion par flat 50% tak chhoot, abhi app download karein: https://myntra.com/offers/zcHuT6",yes,No,No
ham,"Domino's ki Republic Day Sale ke aakhri kuch ghante! 75% tak off, aaj raat khatam hone se pehle shop karein: https://dominos.co.in/offers/wXq7pO",yes,No,No
ham,Limited period: aaj hi apni Disney+ Hotstar membership upgrade karein aur annual fee par Rs.200 bachayein: https://hotstar.com/subscribe/YCn1em,yes,No,No
ham,ICICI Bank: Is hafte app se bill payment karne par 50% cashback paayein. Details: https://icicibank.com/offers/9k239w,yes,No,No
ham,"IndiGo: Abhi book karein aur agli trip par 20% off paayein, 06-07-2025 tak valid. Details: https://goindigo.in/offers/GfEqqF",yes,No,No
ham,"Eid ki hardik shubhkamnayein! Titan par 15% off ke saath celebrate karein, sirf hamare valued customers ke liye: https://titan.co.in/sale/7hpW8n",yes,No,No
ham,CRED: Is hafte app se bill payment karne par 70% cashback paayein. Details: https://cred.club/rewards/XsjtTL,yes,No,No
ham,Aapne 250 Paytm reward points kamaye hain. Agli transaction par redeem karein: https://paytm.com/rewards/C9lkDk,yes,No,No
ham,Aapka Policybazaar subscription 09-05-2026 ko renew hoga. Annual plan par upgrade karein aur 60% bachayein: https://policybazaar.com/renew/DNKzoT,yes,No,No
ham,"Ola par flash sale! Fares Rs.100 se shuru, limited period ke liye. Yahan book karein: https://olacabs.com/offers/Y3mOOU",yes,No,No
ham,"IndiGo: Abhi book karein aur agli trip par 70% off paayein, 06-03-2025 tak valid. Details: https://goindigo.in/offers/eaHtCr",yes,No,No
ham,Meesho par dost ko invite karein aur dono ko Rs.50 off milega. Code ZYSF30 share karein: https://meesho.com/offers/GMxWwW,yes,No,No
ham,Aapne 250 CRED reward points kamaye hain. Agli transaction par redeem karein: https://cred.club/rewards/65csFa,yes,No,No
ham,Limited period: aaj hi apni cult.fit membership upgrade karein aur annual fee par Rs.150 bachayein: https://cult.fit/offers/VhXhOk,yes,No,No
ham,"IndiGo members ko hamare festive sale ka early access milta hai, select routes par 20% off: https://goindigo.in/offers/UguVtZ",yes,No,No
ham,Aapka Disney+ Hotstar plan jald expire ho raha hai. Abhi renew karein aur pehle 3 mahino par 50% off paayein: https://hotstar.com/subscribe/oMAJZt,yes,No,No
ham,"Diwali ki hardik shubhkamnayein! Swiggy par 40% off ke saath celebrate karein, sirf hamare valued customers ke liye: https://swiggy.com/offers/G2sTg3",yes,No,No
ham,"IRCTC par flash sale! Fares Rs.50 se shuru, limited period ke liye. Yahan book karein: https://irctc.co.in/offers/dAjdcr",yes,No,No
ham,Aapka Unacademy plan benefit aaj khatam ho raha hai. Extra data na khone ke liye midnight se pehle renew karein: https://unacademy.com/offers/4t1Uyw,yes,No,No
ham,"Hi Rahul, aapke BookMyShow cart ke items ab sale mein hain. Order complete karein: https://bookmyshow.com/offers/MbCCSt",yes,No,No
ham,HDFC Bank: Dost ko refer karein aur dono ko 500 reward points milenge. Code AXXC56 share karein: https://hdfcbank.com/offers/my5xs7,yes,No,No
ham,"Swiggy Year End Sale LIVE hai! kitchen appliances par 50% tak ki chhoot, stock khatam hone se pehle jaldi karein: https://swiggy.com/offers/mNjx2s",yes,No,No
ham,CRED: Is hafte app se bill payment karne par 40% cashback paayein. Details: https://cred.club/rewards/YbwK0o,yes,No,No
ham,Aapka Amazon Prime Video subscription 08-03-2025 ko renew hoga. Annual plan par upgrade karein aur 10% bachayein: https://primevideo.com/offers/l4kZJN,yes,No,No
ham,"Nykaa End of Season Sale LIVE hai! electronics par 80% tak ki chhoot, stock khatam hone se pehle jaldi karein: https://nykaa.com/sale/WdA7lp",yes,No,No
ham,Limited period: aaj hi apni Vi membership upgrade karein aur annual fee par Rs.200 bachayein: https://myvi.in/offers/8iappu,yes,No,No
ham,"Uber members ko hamare festive sale ka early access milta hai, select routes par 20% off: https://uber.com/promotions/NTJSK1",yes,No,No
ham,Aapne 500 SBI Card reward points kamaye hain. Agli transaction par redeem karein: https://sbicard.com/offers/vaRRb2,yes,No,No
ham,Aapka Amazon Prime Video subscription 28-10-2025 ko renew hoga. Annual plan par upgrade karein aur 20% bachayein: https://primevideo.com/offers/ja3UVE,yes,No,No
ham,HDFC Bank: Dost ko refer karein aur dono ko 750 reward points milenge. Code RLWQ95 share karein: https://hdfcbank.com/offers/Skwfio,yes,No,No
ham,"Uber: Abhi book karein aur agli trip par 20% off paayein, 15-09-2026 tak valid. Details: https://uber.com/promotions/P0nUkg",yes,No,No
ham,"IRCTC members ko hamare festive sale ka early access milta hai, select routes par 60% off: https://irctc.co.in/offers/kf3S0w",yes,No,No
ham,"Goibibo par flash sale! Fares Rs.250 se shuru, limited period ke liye. Yahan book karein: https://goibibo.com/deals/VKVmvK",yes,No,No
ham,"End of Season Sale sirf 1mg par: beauty products par flat 50% tak chhoot, abhi app download karein: https://1mg.com/offers/lk6aeX",yes,No,No
ham,Aakhri mauka: aapke Jio bonus data offer aaj raat expire ho raha hai. Extra benefit ke liye abhi recharge karein: https://jio.com/offers/Xe60fN,yes,No,No
ham,ICICI Bank: Dost ko refer karein aur dono ko 1000 reward points milenge. Code CTDW48 share karein: https://icicibank.com/offers/0Bl4AC,yes,No,No
ham,Aakhri mauka: aapke Disney+ Hotstar bonus data offer aaj raat expire ho raha hai. Extra benefit ke liye abhi recharge karein: https://hotstar.com/subscribe/spa0Ky,yes,No,No
ham,"IndiGo par flash sale! Fares Rs.500 se shuru, limited period ke liye. Yahan book karein: https://goindigo.in/offers/VphcEy",yes,No,No
ham,Aakhri mauka: aapke BYJU'S bonus data offer aaj raat expire ho raha hai. Extra benefit ke liye abhi recharge karein: https://byjus.com/offers/ZACDcv,yes,No,No
ham,"Unacademy member hone ke naate, aaj se hamare 15% off renewal offer ka early access paayein: https://unacademy.com/offers/bL4uHq",yes,No,No
ham,"Ola par flash sale! Fares Rs.300 se shuru, limited period ke liye. Yahan book karein: https://olacabs.com/offers/Ekof5h",yes,No,No
ham,"IndiGo par flash sale! Fares Rs.50 se shuru, limited period ke liye. Yahan book karein: https://goindigo.in/offers/gCpo7U",yes,No,No
ham,Aapka Disney+ Hotstar plan jald expire ho raha hai. Abhi renew karein aur pehle 3 mahino par 25% off paayein: https://hotstar.com/subscribe/47mEUk,yes,No,No
ham,"Ola par flash sale! Fares Rs.500 se shuru, limited period ke liye. Yahan book karein: https://olacabs.com/offers/GmYBS8",yes,No,No
ham,"Sirf aaj ke liye: Swiggy par footwear par flat 15% off mil raha hai, aadhi raat se pehle order karein: https://swiggy.com/offers/dmufma",yes,No,No
ham,"IndiGo: Abhi book karein aur agli trip par 10% off paayein, 20-12-2026 tak valid. Details: https://goindigo.in/offers/gD7dN7",yes,No,No
ham,PhonePe: Is hafte app se bill payment karne par 70% cashback paayein. Details: https://phonepe.com/rewards/UxDm1A,yes,No,No
ham,PhonePe: Is hafte app se bill payment karne par 30% cashback paayein. Details: https://phonepe.com/rewards/3nN1Qs,yes,No,No
ham,Limited period: aaj hi apni Amazon Prime Video membership upgrade karein aur annual fee par Rs.150 bachayein: https://primevideo.com/offers/ZKWWmO,yes,No,No
ham,"Tanishq ki Diwali Dhamaka Sale miss mat karein - storewide 75% tak off, sirf limited time ke liye: https://tanishq.co.in/offers/KhLl9d",yes,No,No
ham,"Goibibo par flash sale! Fares Rs.100 se shuru, limited period ke liye. Yahan book karein: https://goibibo.com/deals/DyDwEq",yes,No,No
ham,ICICI Bank: Is hafte app se bill payment karne par 60% cashback paayein. Details: https://icicibank.com/offers/ReKnzc,yes,No,No
ham,"redBus members ko hamare festive sale ka early access milta hai, select routes par 15% off: https://redbus.in/offers/Ksipt3",yes,No,No
ham,"Diwali ki hardik shubhkamnayein! BigBasket par 60% off ke saath celebrate karein, sirf hamare valued customers ke liye: https://bigbasket.com/offers/0HtHSn",yes,No,No
ham,Aapne 100 Axis Bank reward points kamaye hain. Agli transaction par redeem karein: https://axisbank.com/offers/kf1zuJ,yes,No,No
ham,HDFC Bank: Dost ko refer karein aur dono ko 200 reward points milenge. Code WBUE75 share karein: https://hdfcbank.com/offers/1RwzEL,yes,No,No
ham,"IRCTC members ko hamare festive sale ka early access milta hai, select routes par 30% off: https://irctc.co.in/offers/d6o7v7",yes,No,No
ham,Aapne 500 ICICI Bank reward points kamaye hain. Agli transaction par redeem karein: https://icicibank.com/offers/DzDthY,yes,No,No
ham,PhonePe: Is hafte app se bill payment karne par 50% cashback paayein. Details: https://phonepe.com/rewards/LmzlQt,yes,No,No
ham,Aapne 200 Paytm reward points kamaye hain. Agli transaction par redeem karein: https://paytm.com/rewards/MOQvsc,yes,No,No
ham,Aapka BYJU'S plan benefit aaj khatam ho raha hai. Extra data na khone ke liye midnight se pehle renew karein: https://byjus.com/offers/Pivaph,yes,No,No
ham,"Happy Birthday Amit! Aapke liye Rs.200 ka Amazon voucher, is mahine valid: https://amazon.in/deals/oB14TP",yes,No,No
ham,Limited period: aaj hi apni Policybazaar membership upgrade karein aur annual fee par Rs.500 bachayein: https://policybazaar.com/renew/ncvenu,yes,No,No
ham,Limited period: aaj hi apni cult.fit membership upgrade karein aur annual fee par Rs.500 bachayein: https://cult.fit/offers/uyqkD2,yes,No,No
ham,"Uber: Abhi book karein aur agli trip par 25% off paayein, 18-12-2025 tak valid. Details: https://uber.com/promotions/20g386",yes,No,No
ham,"Happy Birthday Raj! Aapke liye Rs.300 ka Decathlon voucher, is mahine valid: https://decathlon.in/sale/61Yi6j",yes,No,No
ham,Limited period: aaj hi apni Spotify membership upgrade karein aur annual fee par Rs.100 bachayein: https://spotify.com/premium/tcNFGc,yes,No,No
ham,"redBus: Abhi book karein aur agli trip par 40% off paayein, 18-02-2025 tak valid. Details: https://redbus.in/offers/kxLtmB",yes,No,No
ham,Paytm: Dost ko refer karein aur dono ko 1000 reward points milenge. Code MVGP15 share karein: https://paytm.com/rewards/DPsxuW,yes,No,No
ham,"Sirf aaj ke liye: Zepto par fashion par flat 25% off mil raha hai, aadhi raat se pehle order karein: https://zepto.com/offers/PawJZX",yes,No,No
ham,"MakeMyTrip members ko hamare festive sale ka early access milta hai, select routes par 40% off: https://makemytrip.com/deals/iAf2bL",yes,No,No
ham,Tanishq ki Big Sale live hai! fashion par 20% tak ki chhoot. Abhi shop karein: https://tanishq.co.in/offers/04XOAe,yes,No,No
ham,Limited period: aaj hi apni Policybazaar membership upgrade karein aur annual fee par Rs.200 bachayein: https://policybazaar.com/renew/fIlgfJ,yes,No,No
ham,Aapka cult.fit plan benefit aaj khatam ho raha hai. Extra data na khone ke liye midnight se pehle renew karein: https://cult.fit/offers/pSvwSF,yes,No,No
ham,Aapne 250 ICICI Bank reward points kamaye hain. Agli transaction par redeem karein: https://icicibank.com/offers/hXUrqU,yes,No,No
ham,Aapne 300 SBI Card reward points kamaye hain. Agli transaction par redeem karein: https://sbicard.com/offers/ctmeIR,yes,No,No
ham,Aapka Netflix subscription 10-11-2025 ko renew hoga. Annual plan par upgrade karein aur 20% bachayein: https://netflix.com/account/zOONCH,yes,No,No
ham,Aapne 200 CRED reward points kamaye hain. Agli transaction par redeem karein: https://cred.club/rewards/8mOjws,yes,No,No
ham,"redBus: Abhi book karein aur agli trip par 25% off paayein, 08-06-2025 tak valid. Details: https://redbus.in/offers/lJqvDJ",yes,No,No
ham,SBI Card: Dost ko refer karein aur dono ko 1000 reward points milenge. Code ZAZB25 share karein: https://sbicard.com/offers/tmeiVA,yes,No,No
ham,Limited period: aaj hi apni Jio membership upgrade karein aur annual fee par Rs.50 bachayein: https://jio.com/offers/eWEn4s,yes,No,No
ham,Limited period: aaj hi apni Disney+ Hotstar membership upgrade karein aur annual fee par Rs.250 bachayein: https://hotstar.com/subscribe/SSXIj5,yes,No,No
ham,"Hi Pooja, aapke Blinkit cart ke items ab sale mein hain. Order complete karein: https://blinkit.com/offers/J5ZAT0",yes,No,No
ham,Titan ki Big Sale live hai! accessories par 20% tak ki chhoot. Abhi shop karein: https://titan.co.in/sale/4uj6uI,yes,No,No
ham,HDFC Bank: Is hafte app se bill payment karne par 20% cashback paayein. Details: https://hdfcbank.com/offers/piG3ml,yes,No,No
ham,Aapka Policybazaar plan benefit aaj khatam ho raha hai. Extra data na khone ke liye midnight se pehle renew karein: https://policybazaar.com/renew/OAiqYs,yes,No,No
ham,"Amazon Prime Video member hone ke naate, aaj se hamare 60% off renewal offer ka early access paayein: https://primevideo.com/offers/Boy62h",yes,No,No
ham,"Meesho Independence Day Sale LIVE hai! electronics par 50% tak ki chhoot, stock khatam hone se pehle jaldi karein: https://meesho.com/offers/ETlySw",yes,No,No
ham,Aapne 250 SBI Card reward points kamaye hain. Agli transaction par redeem karein: https://sbicard.com/offers/vILvDb,yes,No,No
ham,HDFC Bank: Is hafte app se bill payment karne par 10% cashback paayein. Details: https://hdfcbank.com/offers/Sw2hoI,yes,No,No
ham,Aapka cult.fit plan benefit aaj khatam ho raha hai. Extra data na khone ke liye midnight se pehle renew karein: https://cult.fit/offers/phx7un,yes,No,No
ham,Aapka Vi plan jald expire ho raha hai. Abhi renew karein aur pehle 3 mahino par 30% off paayein: https://myvi.in/offers/4Bxsid,yes,No,No
ham,Aapne 150 PhonePe reward points kamaye hain. Agli transaction par redeem karein: https://phonepe.com/rewards/iDPtkB,yes,No,No
ham,Aakhri mauka: aapke cult.fit bonus data offer aaj raat expire ho raha hai. Extra benefit ke liye abhi recharge karein: https://cult.fit/offers/41NJym,yes,No,No
ham,Limited period: aaj hi apni Jio membership upgrade karein aur annual fee par Rs.300 bachayein: https://jio.com/offers/cTlS5j,yes,No,No
ham,"IndiGo par flash sale! Fares Rs.200 se shuru, limited period ke liye. Yahan book karein: https://goindigo.in/offers/Wr4I1L",yes,No,No
ham,Aapka Airtel subscription 12-08-2026 ko renew hoga. Annual plan par upgrade karein aur 40% bachayein: https://airtel.in/offers/NNyFUF,yes,No,No
ham,"Uber par flash sale! Fares Rs.150 se shuru, limited period ke liye. Yahan book karein: https://uber.com/promotions/GgR91G",yes,No,No
ham,Aapka Amazon Prime Video plan jald expire ho raha hai. Abhi renew karein aur pehle 3 mahino par 30% off paayein: https://primevideo.com/offers/YJsdzY,yes,No,No
ham,PharmEasy: Is weekend storewide flat 20% off. T&C apply. Offers band karne ke liye STOP reply karein. https://pharmeasy.in/offers/b311jr,yes,No,No
ham,"Uber par flash sale! Fares Rs.200 se shuru, limited period ke liye. Yahan book karein: https://uber.com/promotions/iU14Yu",yes,No,No
ham,"IRCTC: Abhi book karein aur agli trip par 60% off paayein, 19-05-2025 tak valid. Details: https://irctc.co.in/offers/1kRlJM",yes,No,No
ham,Paytm: Is hafte app se bill payment karne par 20% cashback paayein. Details: https://paytm.com/rewards/pvSzNF,yes,No,No
ham,Aapne 200 HDFC Bank reward points kamaye hain. Agli transaction par redeem karein: https://hdfcbank.com/offers/07Gand,yes,No,No
ham,"MakeMyTrip: Abhi book karein aur agli trip par 25% off paayein, 24-07-2025 tak valid. Details: https://makemytrip.com/deals/fYHiG1",yes,No,No
ham,"Ola: Abhi book karein aur agli trip par 40% off paayein, 10-08-2025 tak valid. Details: https://olacabs.com/offers/0ZIUWD",yes,No,No
ham,Aapka BYJU'S subscription 16-05-2026 ko renew hoga. Annual plan par upgrade karein aur 70% bachayein: https://byjus.com/offers/ljv8GG,yes,No,No
ham,Aapka Vi plan benefit aaj khatam ho raha hai. Extra data na khone ke liye midnight se pehle renew karein: https://myvi.in/offers/c3GRUl,yes,No,No
ham,Aapka Vi plan jald expire ho raha hai. Abhi renew karein aur pehle 3 mahino par 50% off paayein: https://myvi.in/offers/bwmi3r,yes,No,No
ham,Aapka Airtel plan jald expire ho raha hai. Abhi renew karein aur pehle 3 mahino par 20% off paayein: https://airtel.in/offers/5C29dn,yes,No,No
ham,"IRCTC members ko hamare festive sale ka early access milta hai, select routes par 50% off: https://irctc.co.in/offers/qqLb0T",yes,No,No
ham,Aapne 100 Axis Bank reward points kamaye hain. Agli transaction par redeem karein: https://axisbank.com/offers/WQfCpA,yes,No,No
ham,Aapne 300 HDFC Bank reward points kamaye hain. Agli transaction par redeem karein: https://hdfcbank.com/offers/5uGHrZ,yes,No,No
ham,CRED: Dost ko refer karein aur dono ko 300 reward points milenge. Code PPKZ19 share karein: https://cred.club/rewards/vOuIQ8,yes,No,No
ham,Aapka Unacademy plan benefit aaj khatam ho raha hai. Extra data na khone ke liye midnight se pehle renew karein: https://unacademy.com/offers/tHJx7R,yes,No,No
ham,Paytm: Is hafte app se bill payment karne par 30% cashback paayein. Details: https://paytm.com/rewards/rt2T7m,yes,No,No
ham,"Happy Birthday Raj! Aapke liye Rs.100 ka Swiggy voucher, is mahine valid: https://swiggy.com/offers/uB4Rca",yes,No,No
ham,Aapka Amazon Prime Video plan benefit aaj khatam ho raha hai. Extra data na khone ke liye midnight se pehle renew karein: https://primevideo.com/offers/j4taag,yes,No,No
ham,"Ola par flash sale! Fares Rs.300 se shuru, limited period ke liye. Yahan book karein: https://olacabs.com/offers/Ngj9Tl",yes,No,No
ham,CRED: Dost ko refer karein aur dono ko 500 reward points milenge. Code HLLG69 share karein: https://cred.club/rewards/k6Xq8T,yes,No,No
ham,CRED: Is hafte app se bill payment karne par 25% cashback paayein. Details: https://cred.club/rewards/OEP5zt,yes,No,No
ham,"Hi Priya, aapke Titan cart ke items ab sale mein hain. Order complete karein: https://titan.co.in/sale/XLxtBm",yes,No,No
ham,Aapne 1000 Axis Bank reward points kamaye hain. Agli transaction par redeem karein: https://axisbank.com/offers/BB7J5D,yes,No,No
ham,BookMyShow ki Big Sale live hai! electronics par 50% tak ki chhoot. Abhi shop karein: https://bookmyshow.com/offers/EiqFZi,yes,No,No
ham,Aakhri mauka: aapke Jio bonus data offer aaj raat expire ho raha hai. Extra benefit ke liye abhi recharge karein: https://jio.com/offers/vrscAA,yes,No,No
ham,Flipkart par dost ko invite karein aur dono ko Rs.100 off milega. Code JQXK85 share karein: https://flipkart.com/sale/U4b4vI,yes,No,No
ham,"End of Season Sale sirf Blinkit par: footwear par flat 60% tak chhoot, abhi app download karein: https://blinkit.com/offers/vCIiyU",yes,No,No
ham,Aapne 1000 HDFC Bank reward points kamaye hain. Agli transaction par redeem karein: https://hdfcbank.com/offers/nCfvyL,yes,No,No
ham,PhonePe: Is hafte app se bill payment karne par 50% cashback paayein. Details: https://phonepe.com/rewards/rn3Prz,yes,No,No
ham,Aapne 1000 Axis Bank reward points kamaye hain. Agli transaction par redeem karein: https://axisbank.com/offers/18JZ1q,yes,No,No
ham,PharmEasy par naye arrivals aa gaye hain! Latest beauty products collection dekhein: https://pharmeasy.in/offers/Zc9EO0,yes,No,No
ham,"Swiggy Great Indian Festival LIVE hai! kitchen appliances par 70% tak ki chhoot, stock khatam hone se pehle jaldi karein: https://swiggy.com/offers/ORIMmX",yes,No,No
ham,SBI Card: Is hafte app se bill payment karne par 40% cashback paayein. Details: https://sbicard.com/offers/NCys5h,yes,No,No
ham,Aapka Netflix plan benefit aaj khatam ho raha hai. Extra data na khone ke liye midnight se pehle renew karein: https://netflix.com/account/pljiiw,yes,No,No
ham,ICICI Bank: Dost ko refer karein aur dono ko 1000 reward points milenge. Code PGCP90 share karein: https://icicibank.com/offers/BVrV5T,yes,No,No
ham,HDFC Bank: Dost ko refer karein aur dono ko 300 reward points milenge. Code TTHL85 share karein: https://hdfcbank.com/offers/PKdxBl,yes,No,No
ham,Aapne 750 SBI Card reward points kamaye hain. Agli transaction par redeem karein: https://sbicard.com/offers/CN0a3f,yes,No,No
ham,Aakhri mauka: aapke Amazon Prime Video bonus data offer aaj raat expire ho raha hai. Extra benefit ke liye abhi recharge karein: https://primevideo.com/offers/rFQMGD,yes,No,No
ham,Aapne 750 Axis Bank reward points kamaye hain. Agli transaction par redeem karein: https://axisbank.com/offers/OvwQ0s,yes,No,No
ham,Aakhri mauka: aapke Airtel bonus data offer aaj raat expire ho raha hai. Extra benefit ke liye abhi recharge karein: https://airtel.in/offers/Ghz8Jt,yes,No,No
ham,"IRCTC par flash sale! Fares Rs.50 se shuru, limited period ke liye. Yahan book karein: https://irctc.co.in/offers/thWGtw",yes,No,No
ham,"Goibibo par flash sale! Fares Rs.500 se shuru, limited period ke liye. Yahan book karein: https://goibibo.com/deals/9cZvMd",yes,No,No
ham,"Uber par flash sale! Fares Rs.50 se shuru, limited period ke liye. Yahan book karein: https://uber.com/promotions/ocUBkC",yes,No,No
ham,"Ola: Abhi book karein aur agli trip par 40% off paayein, 20-08-2026 tak valid. Details: https://olacabs.com/offers/P2krSq",yes,No,No
ham,"Uber: Abhi book karein aur agli trip par 30% off paayein, 10-07-2026 tak valid. Details: https://uber.com/promotions/ULFqUG",yes,No,No
ham,PhonePe: Dost ko refer karein aur dono ko 250 reward points milenge. Code QMEN44 share karein: https://phonepe.com/rewards/kzzxZQ,yes,No,No
ham,"cult.fit member hone ke naate, aaj se hamare 30% off renewal offer ka early access paayein: https://cult.fit/offers/CLYqXE",yes,No,No
ham,"redBus members ko hamare festive sale ka early access milta hai, select routes par 30% off: https://redbus.in/offers/xq1x8H",yes,No,No
ham,CRED: Dost ko refer karein aur dono ko 250 reward points milenge. Code SZWY30 share karein: https://cred.club/rewards/cYKgCS,yes,No,No
ham,"Uber par flash sale! Fares Rs.150 se shuru, limited period ke liye. Yahan book karein: https://uber.com/promotions/NDqzLl",yes,No,No
ham,"Uber: Abhi book karein aur agli trip par 10% off paayein, 27-05-2025 tak valid. Details: https://uber.com/promotions/kHR1Xn",yes,No,No
ham,"Sirf aaj ke liye: Myntra par beauty products par flat 50% off mil raha hai, aadhi raat se pehle order karein: https://myntra.com/offers/WKgSrH",yes,No,No
ham,"Uber members ko hamare festive sale ka early access milta hai, select routes par 10% off: https://uber.com/promotions/lSXTJ7",yes,No,No
ham,Aapka Policybazaar plan benefit aaj khatam ho raha hai. Extra data na khone ke liye midnight se pehle renew karein: https://policybazaar.com/renew/TpAnkC,yes,No,No
ham,CRED: Dost ko refer karein aur dono ko 500 reward points milenge. Code KVKQ86 share karein: https://cred.club/rewards/cfacPr,yes,No,No
ham,"Aapka pichla Blinkit order pasand aaya tha? Agli order par 60% off, 21-02-2026 tak valid: https://blinkit.com/offers/cKpbEe",yes,No,No
ham,CRED: Is hafte app se bill payment karne par 15% cashback paayein. Details: https://cred.club/rewards/k2f10K,yes,No,No
ham,"Lenskart ki Great Indian Festival ke aakhri kuch ghante! 75% tak off, aaj raat khatam hone se pehle shop karein: https://lenskart.com/offers/Acezrc",yes,No,No
ham,"Domino's Republic Day Sale LIVE hai! beauty products par 70% tak ki chhoot, stock khatam hone se pehle jaldi karein: https://dominos.co.in/offers/jybtYk",yes,No,No
ham,Aapne 150 PhonePe reward points kamaye hain. Agli transaction par redeem karein: https://phonepe.com/rewards/9FIGOP,yes,No,No
ham,Aapka Amazon Prime Video plan jald expire ho raha hai. Abhi renew karein aur pehle 3 mahino par 30% off paayein: https://primevideo.com/offers/0PFHiP,yes,No,No
ham,"Ola: Abhi book karein aur agli trip par 15% off paayein, 08-05-2025 tak valid. Details: https://olacabs.com/offers/rJxS34",yes,No,No
ham,Aapne 100 PhonePe reward points kamaye hain. Agli transaction par redeem karein: https://phonepe.com/rewards/qsxFfz,yes,No,No
ham,"Policybazaar member hone ke naate, aaj se hamare 25% off renewal offer ka early access paayein: https://policybazaar.com/renew/pDJ4MP",yes,No,No
ham,"Aapka pichla Zomato order pasand aaya tha? Agli order par 70% off, 10-06-2026 tak valid: https://zomato.com/gold/jVHSPG",yes,No,No
ham,Aapka Amazon Prime Video plan jald expire ho raha hai. Abhi renew karein aur pehle 3 mahino par 40% off paayein: https://primevideo.com/offers/vZp05j,yes,No,No
ham,"Lenskart Year End Sale LIVE hai! electronics par 80% tak ki chhoot, stock khatam hone se pehle jaldi karein: https://lenskart.com/offers/iU2Iq5",yes,No,No
ham,Aapka Netflix plan benefit aaj khatam ho raha hai. Extra data na khone ke liye midnight se pehle renew karein: https://netflix.com/account/3hi3bq,yes,No,No
ham,Aapne 500 PhonePe reward points kamaye hain. Agli transaction par redeem karein: https://phonepe.com/rewards/Cq8MPB,yes,No,No
ham,Aapne 200 Paytm reward points kamaye hain. Agli transaction par redeem karein: https://paytm.com/rewards/miZVRg,yes,No,No
ham,"Happy Birthday Raj! Aapke liye Rs.250 ka Decathlon voucher, is mahine valid: https://decathlon.in/sale/PnSGkZ",yes,No,No
ham,"Ola par flash sale! Fares Rs.50 se shuru, limited period ke liye. Yahan book karein: https://olacabs.com/offers/oYyXK4",yes,No,No
ham,Aapka Netflix plan jald expire ho raha hai. Abhi renew karein aur pehle 3 mahino par 60% off paayein: https://netflix.com/account/MOwdcK,yes,No,No
ham,Aapka Disney+ Hotstar subscription 28-12-2026 ko renew hoga. Annual plan par upgrade karein aur 70% bachayein: https://hotstar.com/subscribe/f9JU9m,yes,No,No
ham,"redBus: Abhi book karein aur agli trip par 70% off paayein, 27-08-2026 tak valid. Details: https://redbus.in/offers/8ne1Tw",yes,No,No
ham,"Hi Pooja, aapke Ajio cart ke items ab sale mein hain. Order complete karein: https://ajio.com/sale/H2aEM6",yes,No,No
ham,"Zepto ki Diwali Dhamaka Sale ke aakhri kuch ghante! 50% tak off, aaj raat khatam hone se pehle shop karein: https://zepto.com/offers/QJ2lx4",yes,No,No
ham,"IndiGo members ko hamare festive sale ka early access milta hai, select routes par 40% off: https://goindigo.in/offers/v9yB54",yes,No,No
ham,"redBus par flash sale! Fares Rs.50 se shuru, limited period ke liye. Yahan book karein: https://redbus.in/offers/uKn0gx",yes,No,No
ham,"Ola par flash sale! Fares Rs.300 se shuru, limited period ke liye. Yahan book karein: https://olacabs.com/offers/vWZ39k",yes,No,No
ham,"Ola par flash sale! Fares Rs.250 se shuru, limited period ke liye. Yahan book karein: https://olacabs.com/offers/Hnqgxr",yes,No,No
ham,"IRCTC: Abhi book karein aur agli trip par 20% off paayein, 15-02-2025 tak valid. Details: https://irctc.co.in/offers/ElatbV",yes,No,No
ham,"Swiggy Monsoon Sale LIVE hai! beauty products par 75% tak ki chhoot, stock khatam hone se pehle jaldi karein: https://swiggy.com/offers/IcFSU0",yes,No,No
ham,"PharmEasy app abhi kholein aur pao exclusive app-only deal 20% off, sirf aaj: https://pharmeasy.in/offers/2HexW6",yes,No,No
ham,Aapka BYJU'S plan jald expire ho raha hai. Abhi renew karein aur pehle 3 mahino par 10% off paayein: https://byjus.com/offers/E4lrb9,yes,No,No
ham,Axis Bank: Dost ko refer karein aur dono ko 200 reward points milenge. Code RQFU73 share karein: https://axisbank.com/offers/CnDzkH,yes,No,No
ham,"Hi Amit, aapke Pepperfry cart ke items ab sale mein hain. Order complete karein: https://pepperfry.com/sale/iOVdjE",yes,No,No
ham,"Ola par flash sale! Fares Rs.150 se shuru, limited period ke liye. Yahan book karein: https://olacabs.com/offers/A4vy6r",yes,No,No
ham,"Goibibo par flash sale! Fares Rs.300 se shuru, limited period ke liye. Yahan book karein: https://goibibo.com/deals/2vsm6t",yes,No,No
ham,Aapne 150 Paytm reward points kamaye hain. Agli transaction par redeem karein: https://paytm.com/rewards/LW2Scq,yes,No,No
ham,PhonePe: Dost ko refer karein aur dono ko 100 reward points milenge. Code ICRH79 share karein: https://phonepe.com/rewards/1YzX4k,yes,No,No
ham,Aakhri mauka: aapke Amazon Prime Video bonus data offer aaj raat expire ho raha hai. Extra benefit ke liye abhi recharge karein: https://primevideo.com/offers/zVUZDz,yes,No,No
ham,PhonePe: Dost ko refer karein aur dono ko 1000 reward points milenge. Code VTBB38 share karein: https://phonepe.com/rewards/XTsJlP,yes,No,No
ham,Limited period: aaj hi apni Airtel membership upgrade karein aur annual fee par Rs.300 bachayein: https://airtel.in/offers/lelVB8,yes,No,No
ham,PharmEasy par dost ko invite karein aur dono ko Rs.50 off milega. Code AXUW37 share karein: https://pharmeasy.in/offers/rifCjs,yes,No,No
ham,PhonePe: Is hafte app se bill payment karne par 50% cashback paayein. Details: https://phonepe.com/rewards/fM3tAs,yes,No,No
ham,"Nykaa ki Year End Sale miss mat karein - storewide 70% tak off, sirf limited time ke liye: https://nykaa.com/sale/D1rFes",yes,No,No
ham,"IRCTC: Abhi book karein aur agli trip par 20% off paayein, 27-01-2026 tak valid. Details: https://irctc.co.in/offers/lOABLB",yes,No,No
ham,"redBus: Abhi book karein aur agli trip par 50% off paayein, 02-04-2025 tak valid. Details: https://redbus.in/offers/Wx5yQR",yes,No,No
ham,"PharmEasy ki Republic Day Sale miss mat karein - storewide 80% tak off, sirf limited time ke liye: https://pharmeasy.in/offers/iGhQgS",yes,No,No
ham,PhonePe: Is hafte app se bill payment karne par 50% cashback paayein. Details: https://phonepe.com/rewards/O5jmob,yes,No,No
ham,"Independence Day Sale sirf Decathlon par: footwear par flat 70% tak chhoot, abhi app download karein: https://decathlon.in/sale/Hl3WPP",yes,No,No
ham,"redBus members ko hamare festive sale ka early access milta hai, select routes par 70% off: https://redbus.in/offers/pKrh3J",yes,No,No
ham,Aapne 200 ICICI Bank reward points kamaye hain. Agli transaction par redeem karein: https://icicibank.com/offers/JJWJ03,yes,No,No
ham,Limited period: aaj hi apni Unacademy membership upgrade karein aur annual fee par Rs.300 bachayein: https://unacademy.com/offers/rohTkM,yes,No,No
ham,Aapka Spotify subscription 23-01-2025 ko renew hoga. Annual plan par upgrade karein aur 50% bachayein: https://spotify.com/premium/cG5OoF,yes,No,No
ham,Flipkart par dost ko invite karein aur dono ko Rs.100 off milega. Code RGZY28 share karein: https://flipkart.com/sale/drpf8r,yes,No,No
ham,Aapka Netflix plan benefit aaj khatam ho raha hai. Extra data na khone ke liye midnight se pehle renew karein: https://netflix.com/account/F6gmBz,yes,No,No
ham,SBI Card: Dost ko refer karein aur dono ko 1000 reward points milenge. Code XLFR54 share karein: https://sbicard.com/offers/CpOrtD,yes,No,No
ham,"Jio member hone ke naate, aaj se hamare 15% off renewal offer ka early access paayein: https://jio.com/offers/Xfsdii",yes,No,No
ham,"Goibibo par flash sale! Fares Rs.100 se shuru, limited period ke liye. Yahan book karein: https://goibibo.com/deals/wAms8i",yes,No,No
ham,"New Year ki hardik shubhkamnayein! Titan par 40% off ke saath celebrate karein, sirf hamare valued customers ke liye: https://titan.co.in/sale/WeZ3sb",yes,No,No
ham,"IRCTC: Abhi book karein aur agli trip par 15% off paayein, 07-02-2026 tak valid. Details: https://irctc.co.in/offers/xBHTu3",yes,No,No
ham,"Lenskart Republic Day Sale LIVE hai! beauty products par 75% tak ki chhoot, stock khatam hone se pehle jaldi karein: https://lenskart.com/offers/WaDdU9",yes,No,No
ham,"Uber: Abhi book karein aur agli trip par 60% off paayein, 01-08-2025 tak valid. Details: https://uber.com/promotions/UKAUAz",yes,No,No
ham,"Happy Birthday Priya! Aapke liye Rs.250 ka Zomato voucher, is mahine valid: https://zomato.com/gold/p0HCjg",yes,No,No
ham,HDFC Bank: Dost ko refer karein aur dono ko 300 reward points milenge. Code HJMD38 share karein: https://hdfcbank.com/offers/6YsARX,yes,No,No
ham,Aapne 200 CRED reward points kamaye hain. Agli transaction par redeem karein: https://cred.club/rewards/XAeZyQ,yes,No,No
ham,SBI Card: Dost ko refer karein aur dono ko 1000 reward points milenge. Code HJAK88 share karein: https://sbicard.com/offers/3BI1A9,yes,No,No
ham,Aapka Policybazaar plan jald expire ho raha hai. Abhi renew karein aur pehle 3 mahino par 10% off paayein: https://policybazaar.com/renew/uTvLpu,yes,No,No
ham,boAt: Is weekend storewide flat 15% off. T&C apply. Offers band karne ke liye STOP reply karein. https://boat-lifestyle.com/sale/9QkWHj,yes,No,No
ham,Aapne 1000 Paytm reward points kamaye hain. Agli transaction par redeem karein: https://paytm.com/rewards/72YPr6,yes,No,No
ham,Zomato par naye arrivals aa gaye hain! Latest footwear collection dekhein: https://zomato.com/gold/hvM4CO,yes,No,No
ham,ICICI Bank: Dost ko refer karein aur dono ko 150 reward points milenge. Code IIZQ54 share karein: https://icicibank.com/offers/pCnnOc,yes,No,No
ham,"Unacademy member hone ke naate, aaj se hamare 30% off renewal offer ka early access paayein: https://unacademy.com/offers/TPlvvs",yes,No,No
ham,"Uber members ko hamare festive sale ka early access milta hai, select routes par 30% off: https://uber.com/promotions/TqOzBG",yes,No,No
ham,Limited period: aaj hi apni Vi membership upgrade karein aur annual fee par Rs.250 bachayein: https://myvi.in/offers/yB1erl,yes,No,No
ham,Aapne 250 HDFC Bank reward points kamaye hain. Agli transaction par redeem karein: https://hdfcbank.com/offers/MOnMw9,yes,No,No
ham,Aapne 200 HDFC Bank reward points kamaye hain. Agli transaction par redeem karein: https://hdfcbank.com/offers/jqnWzL,yes,No,No
ham,Aapka Disney+ Hotstar plan jald expire ho raha hai. Abhi renew karein aur pehle 3 mahino par 50% off paayein: https://hotstar.com/subscribe/gBWj7a,yes,No,No
ham,Aapne 1000 SBI Card reward points kamaye hain. Agli transaction par redeem karein: https://sbicard.com/offers/fhzS7r,yes,No,No
ham,Domino's ki Big Sale live hai! beauty products par 30% tak ki chhoot. Abhi shop karein: https://dominos.co.in/offers/6PArXn,yes,No,No
ham,"Lenskart ki Year End Sale ke aakhri kuch ghante! 60% tak off, aaj raat khatam hone se pehle shop karein: https://lenskart.com/offers/aE0sMd",yes,No,No
ham,"Amazon Prime Video member hone ke naate, aaj se hamare 40% off renewal offer ka early access paayein: https://primevideo.com/offers/zAnnEw",yes,No,No
ham,"Vi member hone ke naate, aaj se hamare 60% off renewal offer ka early access paayein: https://myvi.in/offers/G2421W",yes,No,No
ham,Axis Bank: Dost ko refer karein aur dono ko 100 reward points milenge. Code OHTX68 share karein: https://axisbank.com/offers/K0P3qh,yes,No,No
ham,Aapne 100 HDFC Bank reward points kamaye hain. Agli transaction par redeem karein: https://hdfcbank.com/offers/ZPxcga,yes,No,No
ham,"IRCTC members ko hamare festive sale ka early access milta hai, select routes par 30% off: https://irctc.co.in/offers/KO4OZw",yes,No,No
ham,"IRCTC: Abhi book karein aur agli trip par 15% off paayein, 25-04-2025 tak valid. Details: https://irctc.co.in/offers/fgNr7R",yes,No,No
ham,"Vi member hone ke naate, aaj se hamare 10% off renewal offer ka early access paayein: https://myvi.in/offers/7Wmhrh",yes,No,No
ham,CRED: Is hafte app se bill payment karne par 25% cashback paayein. Details: https://cred.club/rewards/LX8eIw,yes,No,No
ham,Paytm: Dost ko refer karein aur dono ko 500 reward points milenge. Code MILX47 share karein: https://paytm.com/rewards/sFV8Tc,yes,No,No
ham,"Domino's Big Billion Days LIVE hai! home decor par 75% tak ki chhoot, stock khatam hone se pehle jaldi karein: https://dominos.co.in/offers/9F8h9j",yes,No,No
ham,Aapka Airtel plan jald expire ho raha hai. Abhi renew karein aur pehle 3 mahino par 70% off paayein: https://airtel.in/offers/Ahc3tk,yes,No,No
ham,"Titan ki Diwali Dhamaka Sale ke aakhri kuch ghante! 60% tak off, aaj raat khatam hone se pehle shop karein: https://titan.co.in/sale/RKqL5R",yes,No,No
ham,Titan ki Big Sale live hai! kitchen appliances par 15% tak ki chhoot. Abhi shop karein: https://titan.co.in/sale/7bGz6T,yes,No,No
ham,Limited period: aaj hi apni Disney+ Hotstar membership upgrade karein aur annual fee par Rs.300 bachayein: https://hotstar.com/subscribe/ipItjC,yes,No,No
ham,"Hi Sneha, aapke Nykaa cart ke items ab sale mein hain. Order complete karein: https://nykaa.com/sale/uSxKG5",yes,No,No
ham,"Eid ki hardik shubhkamnayein! BookMyShow par 30% off ke saath celebrate karein, sirf hamare valued customers ke liye: https://bookmyshow.com/offers/fXCBRO",yes,No,No
ham,Aapne 500 CRED reward points kamaye hain. Agli transaction par redeem karein: https://cred.club/rewards/7iR1tB,yes,No,No
ham,"MakeMyTrip members ko hamare festive sale ka early access milta hai, select routes par 70% off: https://makemytrip.com/deals/t7slWR",yes,No,No
ham,"MakeMyTrip: Abhi book karein aur agli trip par 70% off paayein, 28-04-2025 tak valid. Details: https://makemytrip.com/deals/rIApMD",yes,No,No
ham,ICICI Bank: Is hafte app se bill payment karne par 25% cashback paayein. Details: https://icicibank.com/offers/5CeO1n,yes,No,No
ham,Aapne 300 SBI Card reward points kamaye hain. Agli transaction par redeem karein: https://sbicard.com/offers/TXysrG,yes,No,No
ham,"MakeMyTrip: Abhi book karein aur agli trip par 40% off paayein, 03-12-2025 tak valid. Details: https://makemytrip.com/deals/sddCFF",yes,No,No
ham,Aapka Unacademy plan jald expire ho raha hai. Abhi renew karein aur pehle 3 mahino par 30% off paayein: https://unacademy.com/offers/HTDWjw,yes,No,No
ham,"Uber par flash sale! Fares Rs.150 se shuru, limited period ke liye. Yahan book karein: https://uber.com/promotions/pxxsrQ",yes,No,No
ham,Titan ki Big Sale live hai! beauty products par 20% tak ki chhoot. Abhi shop karein: https://titan.co.in/sale/zvHb7v,yes,No,No
ham,"IndiGo: Abhi book karein aur agli trip par 70% off paayein, 14-06-2025 tak valid. Details: https://goindigo.in/offers/Xd4Nhy",yes,No,No
ham,"cult.fit member hone ke naate, aaj se hamare 20% off renewal offer ka early access paayein: https://cult.fit/offers/5mUpMD",yes,No,No
ham,Paytm: Is hafte app se bill payment karne par 10% cashback paayein. Details: https://paytm.com/rewards/2n7ntc,yes,No,No
ham,Aapne 1000 SBI Card reward points kamaye hain. Agli transaction par redeem karein: https://sbicard.com/offers/u9Jm6h,yes,No,No
ham,Limited period: aaj hi apni Spotify membership upgrade karein aur annual fee par Rs.150 bachayein: https://spotify.com/premium/6fAX7s,yes,No,No
ham,"Vi member hone ke naate, aaj se hamare 15% off renewal offer ka early access paayein: https://myvi.in/offers/XYk4jC",yes,No,No
ham,"IRCTC par flash sale! Fares Rs.150 se shuru, limited period ke liye. Yahan book karein: https://irctc.co.in/offers/sY358k",yes,No,No
ham,Limited period: aaj hi apni Disney+ Hotstar membership upgrade karein aur annual fee par Rs.100 bachayein: https://hotstar.com/subscribe/w743Vy,yes,No,No
ham,Aapne 150 CRED reward points kamaye hain. Agli transaction par redeem karein: https://cred.club/rewards/MBUwve,yes,No,No
ham,Aapka Disney+ Hotstar subscription 26-10-2025 ko renew hoga. Annual plan par upgrade karein aur 70% bachayein: https://hotstar.com/subscribe/WU0vAG,yes,No,No
ham,Aapka Policybazaar subscription 25-06-2025 ko renew hoga. Annual plan par upgrade karein aur 15% bachayein: https://policybazaar.com/renew/ZpJzoN,yes,No,No
ham,"Happy Birthday Rahul! Aapke liye Rs.100 ka PharmEasy voucher, is mahine valid: https://pharmeasy.in/offers/b6TCvG",yes,No,No
ham,ICICI Bank: Is hafte app se bill payment karne par 25% cashback paayein. Details: https://icicibank.com/offers/ZCHNFk,yes,No,No
ham,BigBasket ki Big Sale live hai! beauty products par 40% tak ki chhoot. Abhi shop karein: https://bigbasket.com/offers/bypWxJ,yes,No,No
ham,ICICI Bank: Is hafte app se bill payment karne par 20% cashback paayein. Details: https://icicibank.com/offers/GwCn3Z,yes,No,No
ham,"Ola par flash sale! Fares Rs.250 se shuru, limited period ke liye. Yahan book karein: https://olacabs.com/offers/QWCYbg",yes,No,No
ham,Aapka Netflix plan jald expire ho raha hai. Abhi renew karein aur pehle 3 mahino par 70% off paayein: https://netflix.com/account/VJUHwm,yes,No,No
ham,"Uber members ko hamare festive sale ka early access milta hai, select routes par 10% off: https://uber.com/promotions/WDD8dv",yes,No,No
ham,Aapne 750 CRED reward points kamaye hain. Agli transaction par redeem karein: https://cred.club/rewards/Whn5bX,yes,No,No
ham,Limited period: aaj hi apni cult.fit membership upgrade karein aur annual fee par Rs.250 bachayein: https://cult.fit/offers/Rpzc6V,yes,No,No
ham,"Sirf aaj ke liye: Zepto par kitchen appliances par flat 50% off mil raha hai, aadhi raat se pehle order karein: https://zepto.com/offers/zQ559d",yes,No,No
ham,Axis Bank: Is hafte app se bill payment karne par 70% cashback paayein. Details: https://axisbank.com/offers/OR8uaz,yes,No,No
ham,"MakeMyTrip members ko hamare festive sale ka early access milta hai, select routes par 20% off: https://makemytrip.com/deals/MQQLiR",yes,No,No
ham,CRED: Is hafte app se bill payment karne par 20% cashback paayein. Details: https://cred.club/rewards/m2KJPH,yes,No,No
ham,Paytm: Dost ko refer karein aur dono ko 300 reward points milenge. Code ORMB66 share karein: https://paytm.com/rewards/Ja19RV,yes,No,No
ham,Pepperfry par dost ko invite karein aur dono ko Rs.300 off milega. Code NXDK67 share karein: https://pepperfry.com/sale/6YfqC2,yes,No,No
ham,HDFC Bank: Is hafte app se bill payment karne par 30% cashback paayein. Details: https://hdfcbank.com/offers/rn3JD1,yes,No,No
ham,Aapne 150 Paytm reward points kamaye hain. Agli transaction par redeem karein: https://paytm.com/rewards/sLM680,yes,No,No
ham,"Sirf aaj ke liye: PharmEasy par home decor par flat 60% off mil raha hai, aadhi raat se pehle order karein: https://pharmeasy.in/offers/EonHtO",yes,No,No
ham,Paytm: Dost ko refer karein aur dono ko 300 reward points milenge. Code AEXR93 share karein: https://paytm.com/rewards/H2UAXQ,yes,No,No
ham,PharmEasy: Is weekend storewide flat 25% off. T&C apply. Offers band karne ke liye STOP reply karein. https://pharmeasy.in/offers/Ub68hg,yes,No,No
ham,Axis Bank: Dost ko refer karein aur dono ko 500 reward points milenge. Code YMVK79 share karein: https://axisbank.com/offers/lDx6C5,yes,No,No
ham,"Aapka pichla Tanishq order pasand aaya tha? Agli order par 10% off, 11-12-2025 tak valid: https://tanishq.co.in/offers/gZGr3l",yes,No,No
ham,Limited period: aaj hi apni Policybazaar membership upgrade karein aur annual fee par Rs.200 bachayein: https://policybazaar.com/renew/8mW7Js,yes,No,No
ham,Aapka Unacademy plan benefit aaj khatam ho raha hai. Extra data na khone ke liye midnight se pehle renew karein: https://unacademy.com/offers/KjxnXq,yes,No,No
ham,"MakeMyTrip: Abhi book karein aur agli trip par 40% off paayein, 14-05-2026 tak valid. Details: https://makemytrip.com/deals/mf24Ca",yes,No,No
ham,Axis Bank: Is hafte app se bill payment karne par 40% cashback paayein. Details: https://axisbank.com/offers/KaubVy,yes,No,No
ham,Limited period: aaj hi apni Netflix membership upgrade karein aur annual fee par Rs.150 bachayein: https://netflix.com/account/yLoNkP,yes,No,No
ham,"redBus: Abhi book karein aur agli trip par 15% off paayein, 05-01-2026 tak valid. Details: https://redbus.in/offers/ISEDxr",yes,No,No
ham,"IndiGo par flash sale! Fares Rs.150 se shuru, limited period ke liye. Yahan book karein: https://goindigo.in/offers/b0K1lN",yes,No,No
ham,"IRCTC: Abhi book karein aur agli trip par 60% off paayein, 21-10-2026 tak valid. Details: https://irctc.co.in/offers/mMBNlr",yes,No,No
ham,Aapne 300 HDFC Bank reward points kamaye hain. Agli transaction par redeem karein: https://hdfcbank.com/offers/7M3eU1,yes,No,No
ham,CRED: Dost ko refer karein aur dono ko 150 reward points milenge. Code XTED21 share karein: https://cred.club/rewards/m7eS64,yes,No,No
ham,Aapka Amazon Prime Video subscription 24-11-2025 ko renew hoga. Annual plan par upgrade karein aur 15% bachayein: https://primevideo.com/offers/fiZxiC,yes,No,No
ham,"redBus: Abhi book karein aur agli trip par 15% off paayein, 23-09-2026 tak valid. Details: https://redbus.in/offers/JpFE1z",yes,No,No
ham,"IndiGo par flash sale! Fares Rs.500 se shuru, limited period ke liye. Yahan book karein: https://goindigo.in/offers/YZ8jcf",yes,No,No
ham,"IndiGo members ko hamare festive sale ka early access milta hai, select routes par 15% off: https://goindigo.in/offers/JgumxO",yes,No,No
ham,"Domino's ki Year End Sale ke aakhri kuch ghante! 50% tak off, aaj raat khatam hone se pehle shop karein: https://dominos.co.in/offers/mTrpMc",yes,No,No
ham,"Amazon app abhi kholein aur pao exclusive app-only deal 30% off, sirf aaj: https://amazon.in/deals/hrx7NN",yes,No,No
ham,ICICI Bank: Dost ko refer karein aur dono ko 500 reward points milenge. Code QBET17 share karein: https://icicibank.com/offers/Vb5c1W,yes,No,No
ham,ICICI Bank: Is hafte app se bill payment karne par 10% cashback paayein. Details: https://icicibank.com/offers/py3ndo,yes,No,No
ham,PhonePe: Dost ko refer karein aur dono ko 750 reward points milenge. Code RKOG59 share karein: https://phonepe.com/rewards/At1VHL,yes,No,No
ham,"IndiGo: Abhi book karein aur agli trip par 60% off paayein, 06-04-2025 tak valid. Details: https://goindigo.in/offers/xU9VQs",yes,No,No
ham,Limited period: aaj hi apni Policybazaar membership upgrade karein aur annual fee par Rs.500 bachayein: https://policybazaar.com/renew/iZWq7X,yes,No,No
ham,"BYJU'S member hone ke naate, aaj se hamare 50% off renewal offer ka early access paayein: https://byjus.com/offers/ePckPX",yes,No,No
ham,"Hi Amit, aapke Nykaa cart ke items ab sale mein hain. Order complete karein: https://nykaa.com/sale/3Sb5rY",yes,No,No
ham,Aapka BYJU'S plan benefit aaj khatam ho raha hai. Extra data na khone ke liye midnight se pehle renew karein: https://byjus.com/offers/0Mvs78,yes,No,No
ham,"Sirf aaj ke liye: boAt par home decor par flat 30% off mil raha hai, aadhi raat se pehle order karein: https://boat-lifestyle.com/sale/IC7SOn",yes,No,No
ham,Aapne 300 ICICI Bank reward points kamaye hain. Agli transaction par redeem karein: https://icicibank.com/offers/YvOSMC,yes,No,No
ham,Aapne 200 HDFC Bank reward points kamaye hain. Agli transaction par redeem karein: https://hdfcbank.com/offers/cfWg8w,yes,No,No
ham,Axis Bank: Dost ko refer karein aur dono ko 300 reward points milenge. Code SMCP60 share karein: https://axisbank.com/offers/JzXMNW,yes,No,No
ham,Aapka Airtel subscription 26-05-2026 ko renew hoga. Annual plan par upgrade karein aur 15% bachayein: https://airtel.in/offers/TDHGVG,yes,No,No
ham,Aakhri mauka: aapke Airtel bonus data offer aaj raat expire ho raha hai. Extra benefit ke liye abhi recharge karein: https://airtel.in/offers/Ci8cfT,yes,No,No
ham,"MakeMyTrip: Abhi book karein aur agli trip par 25% off paayein, 14-05-2026 tak valid. Details: https://makemytrip.com/deals/noEW3u",yes,No,No
ham,"Airtel member hone ke naate, aaj se hamare 60% off renewal offer ka early access paayein: https://airtel.in/offers/zZynwn",yes,No,No
ham,Aapka Unacademy plan jald expire ho raha hai. Abhi renew karein aur pehle 3 mahino par 30% off paayein: https://unacademy.com/offers/HG4eM4,yes,No,No
ham,Paytm: Dost ko refer karein aur dono ko 200 reward points milenge. Code XXRK85 share karein: https://paytm.com/rewards/ooqCb0,yes,No,No
ham,"Titan ki Big Billion Days miss mat karein - storewide 75% tak off, sirf limited time ke liye: https://titan.co.in/sale/Rsarm0",yes,No,No
ham,Paytm: Is hafte app se bill payment karne par 15% cashback paayein. Details: https://paytm.com/rewards/K0RE6E,yes,No,No
ham,"redBus: Abhi book karein aur agli trip par 10% off paayein, 13-03-2025 tak valid. Details: https://redbus.in/offers/Cmx38R",yes,No,No
ham,Limited period: aaj hi apni Unacademy membership upgrade karein aur annual fee par Rs.150 bachayein: https://unacademy.com/offers/EDo792,yes,No,No
ham,"IndiGo par flash sale! Fares Rs.50 se shuru, limited period ke liye. Yahan book karein: https://goindigo.in/offers/oEJMsY",yes,No,No
ham,Aapka Netflix plan jald expire ho raha hai. Abhi renew karein aur pehle 3 mahino par 15% off paayein: https://netflix.com/account/sdzOLD,yes,No,No
ham,Aapka Disney+ Hotstar subscription 16-10-2025 ko renew hoga. Annual plan par upgrade karein aur 30% bachayein: https://hotstar.com/subscribe/zWhAKW,yes,No,No
ham,"Spotify member hone ke naate, aaj se hamare 40% off renewal offer ka early access paayein: https://spotify.com/premium/KPZBO5",yes,No,No
ham,"Year End Sale sirf Blinkit par: kitchen appliances par flat 75% tak chhoot, abhi app download karein: https://blinkit.com/offers/nWbxMg",yes,No,No
ham,Aapka Unacademy subscription 01-05-2025 ko renew hoga. Annual plan par upgrade karein aur 10% bachayein: https://unacademy.com/offers/GlL9Am,yes,No,No
ham,PhonePe: Is hafte app se bill payment karne par 30% cashback paayein. Details: https://phonepe.com/rewards/QYrCMf,yes,No,No
ham,"IRCTC: Abhi book karein aur agli trip par 25% off paayein, 24-11-2025 tak valid. Details: https://irctc.co.in/offers/vziF6i",yes,No,No
ham,"redBus: Abhi book karein aur agli trip par 25% off paayein, 19-09-2026 tak valid. Details: https://redbus.in/offers/ungQBL",yes,No,No
ham,"Holi ki hardik shubhkamnayein! boAt par 20% off ke saath celebrate karein, sirf hamare valued customers ke liye: https://boat-lifestyle.com/sale/cVxNIj",yes,No,No
ham,"Titan ki Big Billion Days miss mat karein - storewide 75% tak off, sirf limited time ke liye: https://titan.co.in/sale/a9cVxq",yes,No,No
ham,PhonePe: Is hafte app se bill payment karne par 20% cashback paayein. Details: https://phonepe.com/rewards/mbkORu,yes,No,No
ham,Aapka BYJU'S plan jald expire ho raha hai. Abhi renew karein aur pehle 3 mahino par 50% off paayein: https://byjus.com/offers/kskdVc,yes,No,No
ham,"Titan End of Season Sale LIVE hai! beauty products par 50% tak ki chhoot, stock khatam hone se pehle jaldi karein: https://titan.co.in/sale/MSekxR",yes,No,No
ham,Aapka Spotify subscription 27-08-2025 ko renew hoga. Annual plan par upgrade karein aur 60% bachayein: https://spotify.com/premium/SYqEkb,yes,No,No
ham,ICICI Bank: Is hafte app se bill payment karne par 40% cashback paayein. Details: https://icicibank.com/offers/6G1YZ2,yes,No,No
ham,"boAt app abhi kholein aur pao exclusive app-only deal 50% off, sirf aaj: https://boat-lifestyle.com/sale/tdCQNl",yes,No,No
ham,Aapka BYJU'S subscription 27-12-2025 ko renew hoga. Annual plan par upgrade karein aur 60% bachayein: https://byjus.com/offers/jmkan6,yes,No,No
ham,"End of Season Sale sirf Meesho par: footwear par flat 75% tak chhoot, abhi app download karein: https://meesho.com/offers/Enau4c",yes,No,No
ham,Aakhri mauka: aapke Unacademy bonus data offer aaj raat expire ho raha hai. Extra benefit ke liye abhi recharge karein: https://unacademy.com/offers/TQz0qa,yes,No,No
ham,"redBus: Abhi book karein aur agli trip par 15% off paayein, 16-07-2026 tak valid. Details: https://redbus.in/offers/ivChW6",yes,No,No
ham,Tanishq par dost ko invite karein aur dono ko Rs.500 off milega. Code FXLN42 share karein: https://tanishq.co.in/offers/Vu3L44,yes,No,No
ham,Aapka Netflix plan jald expire ho raha hai. Abhi renew karein aur pehle 3 mahino par 70% off paayein: https://netflix.com/account/BZdaTJ,yes,No,No
ham,Ajio ki Big Sale live hai! footwear par 40% tak ki chhoot. Abhi shop karein: https://ajio.com/sale/AGtD4B,yes,No,No
ham,Limited period: aaj hi apni BYJU'S membership upgrade karein aur annual fee par Rs.100 bachayein: https://byjus.com/offers/LHUsYR,yes,No,No
ham,ICICI Bank: Dost ko refer karein aur dono ko 150 reward points milenge. Code UBAM99 share karein: https://icicibank.com/offers/20K25g,yes,No,No
ham,"Year End Sale sirf Myntra par: groceries par flat 75% tak chhoot, abhi app download karein: https://myntra.com/offers/BY95A9",yes,No,No
ham,HDFC Bank: Is hafte app se bill payment karne par 15% cashback paayein. Details: https://hdfcbank.com/offers/IysLad,yes,No,No
ham,Domino's: Is weekend storewide flat 60% off. T&C apply. Offers band karne ke liye STOP reply karein. https://dominos.co.in/offers/GOTsPU,yes,No,No
ham,"Ola members ko hamare festive sale ka early access milta hai, select routes par 15% off: https://olacabs.com/offers/zmrRMe",yes,No,No
ham,Aapne 500 Paytm reward points kamaye hain. Agli transaction par redeem karein: https://paytm.com/rewards/a21qbQ,yes,No,No
ham,"Diwali Dhamaka Sale sirf Flipkart par: footwear par flat 75% tak chhoot, abhi app download karein: https://flipkart.com/sale/fxztIq",yes,No,No
ham,"IRCTC par flash sale! Fares Rs.250 se shuru, limited period ke liye. Yahan book karein: https://irctc.co.in/offers/5KzTL6",yes,No,No
ham,"Nykaa app abhi kholein aur pao exclusive app-only deal 10% off, sirf aaj: https://nykaa.com/sale/UxepKC",yes,No,No
ham,Aapka Vi plan jald expire ho raha hai. Abhi renew karein aur pehle 3 mahino par 60% off paayein: https://myvi.in/offers/NId9UB,yes,No,No
ham,Aapka Spotify plan jald expire ho raha hai. Abhi renew karein aur pehle 3 mahino par 70% off paayein: https://spotify.com/premium/kY2bkp,yes,No,No
ham,CRED: Dost ko refer karein aur dono ko 300 reward points milenge. Code EFLZ51 share karein: https://cred.club/rewards/5VlTou,yes,No,No
ham,"1mg ki Independence Day Sale ke aakhri kuch ghante! 75% tak off, aaj raat khatam hone se pehle shop karein: https://1mg.com/offers/JPjN0S",yes,No,No
ham,ICICI Bank: Is hafte app se bill payment karne par 30% cashback paayein. Details: https://icicibank.com/offers/gNw99z,yes,No,No
ham,Aapne 100 ICICI Bank reward points kamaye hain. Agli transaction par redeem karein: https://icicibank.com/offers/F1gmcq,yes,No,No
ham,Axis Bank: Dost ko refer karein aur dono ko 500 reward points milenge. Code ELIX33 share karein: https://axisbank.com/offers/WXWITi,yes,No,No
ham,Aapka BYJU'S plan jald expire ho raha hai. Abhi renew karein aur pehle 3 mahino par 40% off paayein: https://byjus.com/offers/jc6fck,yes,No,No
ham,"IRCTC members ko hamare festive sale ka early access milta hai, select routes par 50% off: https://irctc.co.in/offers/Dlo4P4",yes,No,No
ham,Limited period: aaj hi apni Spotify membership upgrade karein aur annual fee par Rs.200 bachayein: https://spotify.com/premium/4ZVFHq,yes,No,No
ham,Aapne 750 CRED reward points kamaye hain. Agli transaction par redeem karein: https://cred.club/rewards/GOkFNu,yes,No,No
ham,"Uber par flash sale! Fares Rs.300 se shuru, limited period ke liye. Yahan book karein: https://uber.com/promotions/ptb519",yes,No,No
ham,"IRCTC: Abhi book karein aur agli trip par 30% off paayein, 12-05-2026 tak valid. Details: https://irctc.co.in/offers/mJIQ8y",yes,No,No
ham,Aapka Vi plan jald expire ho raha hai. Abhi renew karein aur pehle 3 mahino par 50% off paayein: https://myvi.in/offers/rnusTD,yes,No,No
ham,"IRCTC members ko hamare festive sale ka early access milta hai, select routes par 30% off: https://irctc.co.in/offers/Wn6awF",yes,No,No
ham,"IndiGo: Abhi book karein aur agli trip par 30% off paayein, 11-04-2026 tak valid. Details: https://goindigo.in/offers/ihlGYY",yes,No,No
ham,"Hi Raj, aapke boAt cart ke items ab sale mein hain. Order complete karein: https://boat-lifestyle.com/sale/7HJjwh",yes,No,No
ham,Aapka Jio plan jald expire ho raha hai. Abhi renew karein aur pehle 3 mahino par 30% off paayein: https://jio.com/offers/Ybj2Ao,yes,No,No
ham,Myntra par dost ko invite karein aur dono ko Rs.150 off milega. Code MTVO58 share karein: https://myntra.com/offers/uJTzq6,yes,No,No
ham,"Christmas ki hardik shubhkamnayein! Blinkit par 60% off ke saath celebrate karein, sirf hamare valued customers ke liye: https://blinkit.com/offers/T6Umzz",yes,No,No
ham,Aapne 300 Axis Bank reward points kamaye hain. Agli transaction par redeem karein: https://axisbank.com/offers/tixBNr,yes,No,No
ham,Aapka Jio plan jald expire ho raha hai. Abhi renew karein aur pehle 3 mahino par 60% off paayein: https://jio.com/offers/JOwCcr,yes,No,No
ham,"Uber par flash sale! Fares Rs.300 se shuru, limited period ke liye. Yahan book karein: https://uber.com/promotions/NHY9GR",yes,No,No
ham,"redBus par flash sale! Fares Rs.200 se shuru, limited period ke liye. Yahan book karein: https://redbus.in/offers/c3k6hq",yes,No,No
ham,Aapne 150 SBI Card reward points kamaye hain. Agli transaction par redeem karein: https://sbicard.com/offers/KDLiYi,yes,No,No
ham,"IndiGo par flash sale! Fares Rs.50 se shuru, limited period ke liye. Yahan book karein: https://goindigo.in/offers/mSUplL",yes,No,No
ham,ICICI Bank: Dost ko refer karein aur dono ko 1000 reward points milenge. Code TDPC52 share karein: https://icicibank.com/offers/BmS022,yes,No,No
ham,"Happy Birthday Sneha! Aapke liye Rs.500 ka Zepto voucher, is mahine valid: https://zepto.com/offers/BUugLN",yes,No,No
ham,Aapka Netflix subscription 13-08-2026 ko renew hoga. Annual plan par upgrade karein aur 50% bachayein: https://netflix.com/account/qfa34c,yes,No,No
ham,"Uber members ko hamare festive sale ka early access milta hai, select routes par 30% off: https://uber.com/promotions/tF8MUa",yes,No,No
ham,Axis Bank: Is hafte app se bill payment karne par 25% cashback paayein. Details: https://axisbank.com/offers/nB4Q9n,yes,No,No
ham,"Spotify member hone ke naate, aaj se hamare 50% off renewal offer ka early access paayein: https://spotify.com/premium/0g6vwt",yes,No,No
ham,Axis Bank: Is hafte app se bill payment karne par 15% cashback paayein. Details: https://axisbank.com/offers/4fEwTb,yes,No,No
ham,Zomato par naye arrivals aa gaye hain! Latest electronics collection dekhein: https://zomato.com/gold/nqxiFl,yes,No,No
ham,Aapne 750 HDFC Bank reward points kamaye hain. Agli transaction par redeem karein: https://hdfcbank.com/offers/b5JW7m,yes,No,No
ham,"redBus par flash sale! Fares Rs.500 se shuru, limited period ke liye. Yahan book karein: https://redbus.in/offers/UX1lzM",yes,No,No
ham,"Uber members ko hamare festive sale ka early access milta hai, select routes par 70% off: https://uber.com/promotions/AWzKYf",yes,No,No
ham,"IRCTC members ko hamare festive sale ka early access milta hai, select routes par 40% off: https://irctc.co.in/offers/WeYcHw",yes,No,No
ham,"redBus: Abhi book karein aur agli trip par 50% off paayein, 27-08-2026 tak valid. Details: https://redbus.in/offers/96qeWo",yes,No,No
ham,Aapka Disney+ Hotstar subscription 11-08-2026 ko renew hoga. Annual plan par upgrade karein aur 40% bachayein: https://hotstar.com/subscribe/1yRxFv,yes,No,No
ham,"Aapka pichla Pepperfry order pasand aaya tha? Agli order par 20% off, 17-11-2025 tak valid: https://pepperfry.com/sale/hHsPGe",yes,No,No
ham,Aapka BYJU'S plan benefit aaj khatam ho raha hai. Extra data na khone ke liye midnight se pehle renew karein: https://byjus.com/offers/S1Sgc1,yes,No,No
ham,"IndiGo par flash sale! Fares Rs.150 se shuru, limited period ke liye. Yahan book karein: https://goindigo.in/offers/VWGdjB",yes,No,No
ham,PhonePe: Dost ko refer karein aur dono ko 750 reward points milenge. Code XVOG55 share karein: https://phonepe.com/rewards/fJZFPC,yes,No,No
ham,ICICI Bank: Is hafte app se bill payment karne par 10% cashback paayein. Details: https://icicibank.com/offers/aYceeL,yes,No,No
ham,Myntra: Is weekend storewide flat 10% off. T&C apply. Offers band karne ke liye STOP reply karein. https://myntra.com/offers/X47PY2,yes,No,No
ham,Aapka Disney+ Hotstar subscription 17-10-2025 ko renew hoga. Annual plan par upgrade karein aur 70% bachayein: https://hotstar.com/subscribe/yupgjr,yes,No,No
ham,Aapne 500 SBI Card reward points kamaye hain. Agli transaction par redeem karein: https://sbicard.com/offers/I4eR8u,yes,No,No
ham,Decathlon par dost ko invite karein aur dono ko Rs.300 off milega. Code WKWM76 share karein: https://decathlon.in/sale/vY38Xj,yes,No,No
ham,"Ola members ko hamare festive sale ka early access milta hai, select routes par 25% off: https://olacabs.com/offers/1jd8Q0",yes,No,No
ham,Aapka BYJU'S plan jald expire ho raha hai. Abhi renew karein aur pehle 3 mahino par 10% off paayein: https://byjus.com/offers/6TYv9A,yes,No,No
ham,"Uber: Abhi book karein aur agli trip par 15% off paayein, 11-04-2025 tak valid. Details: https://uber.com/promotions/tu5JXB",yes,No,No
ham,"redBus par flash sale! Fares Rs.200 se shuru, limited period ke liye. Yahan book karein: https://redbus.in/offers/432oFS",yes,No,No
ham,HDFC Bank: Is hafte app se bill payment karne par 60% cashback paayein. Details: https://hdfcbank.com/offers/ve9yDK,yes,No,No
ham,Limited period: aaj hi apni Jio membership upgrade karein aur annual fee par Rs.300 bachayein: https://jio.com/offers/xjlxQc,yes,No,No
ham,"Lenskart app abhi kholein aur pao exclusive app-only deal 50% off, sirf aaj: https://lenskart.com/offers/NIX6wK",yes,No,No
ham,Aapka Netflix plan jald expire ho raha hai. Abhi renew karein aur pehle 3 mahino par 40% off paayein: https://netflix.com/account/9etkcr,yes,No,No
ham,Aapka Jio plan jald expire ho raha hai. Abhi renew karein aur pehle 3 mahino par 50% off paayein: https://jio.com/offers/ej5IrD,yes,No,No
ham,Aapne 150 Paytm reward points kamaye hain. Agli transaction par redeem karein: https://paytm.com/rewards/l67Iym,yes,No,No
ham,CRED: Is hafte app se bill payment karne par 10% cashback paayein. Details: https://cred.club/rewards/8BwtRh,yes,No,No
ham,"Amazon app abhi kholein aur pao exclusive app-only deal 10% off, sirf aaj: https://amazon.in/deals/ko1rTa",yes,No,No
ham,"MakeMyTrip members ko hamare festive sale ka early access milta hai, select routes par 50% off: https://makemytrip.com/deals/tVKgDU",yes,No,No
ham,"New Year ki hardik shubhkamnayein! Blinkit par 70% off ke saath celebrate karein, sirf hamare valued customers ke liye: https://blinkit.com/offers/64XS9V",yes,No,No
ham,ICICI Bank: Dost ko refer karein aur dono ko 200 reward points milenge. Code BKSU21 share karein: https://icicibank.com/offers/gm093d,yes,No,No
ham,Aapne 100 CRED reward points kamaye hain. Agli transaction par redeem karein: https://cred.club/rewards/YO7WtY,yes,No,No
ham,"Uber par flash sale! Fares Rs.250 se shuru, limited period ke liye. Yahan book karein: https://uber.com/promotions/qwDly5",yes,No,No
ham,"IndiGo members ko hamare festive sale ka early access milta hai, select routes par 40% off: https://goindigo.in/offers/93hsN1",yes,No,No
ham,Aapka Policybazaar plan jald expire ho raha hai. Abhi renew karein aur pehle 3 mahino par 20% off paayein: https://policybazaar.com/renew/FjpqUR,yes,No,No
ham,Aapne 100 HDFC Bank reward points kamaye hain. Agli transaction par redeem karein: https://hdfcbank.com/offers/CCNQls,yes,No,No
ham,"IRCTC members ko hamare festive sale ka early access milta hai, select routes par 40% off: https://irctc.co.in/offers/LZeVnF",yes,No,No
ham,"MakeMyTrip members ko hamare festive sale ka early access milta hai, select routes par 40% off: https://makemytrip.com/deals/CaEcK0",yes,No,No
ham,HDFC Bank: Dost ko refer karein aur dono ko 500 reward points milenge. Code SSYA82 share karein: https://hdfcbank.com/offers/Zx9CSq,yes,No,No
ham,Aapne 500 Paytm reward points kamaye hain. Agli transaction par redeem karein: https://paytm.com/rewards/nEyd2K,yes,No,No
ham,HDFC Bank: Dost ko refer karein aur dono ko 1000 reward points milenge. Code RPMG27 share karein: https://hdfcbank.com/offers/b5QMsq,yes,No,No
ham,Aapne 500 HDFC Bank reward points kamaye hain. Agli transaction par redeem karein: https://hdfcbank.com/offers/M7uKtc,yes,No,No
ham,"Airtel member hone ke naate, aaj se hamare 15% off renewal offer ka early access paayein: https://airtel.in/offers/nzbO6K",yes,No,No
ham,Aapka cult.fit plan benefit aaj khatam ho raha hai. Extra data na khone ke liye midnight se pehle renew karein: https://cult.fit/offers/kknioU,yes,No,No
ham,"Ola: Abhi book karein aur agli trip par 25% off paayein, 16-09-2025 tak valid. Details: https://olacabs.com/offers/K4MTpi",yes,No,No
ham,Ajio ki Big Sale live hai! footwear par 60% tak ki chhoot. Abhi shop karein: https://ajio.com/sale/1HDAwN,yes,No,No
ham,"BookMyShow ki Big Billion Days miss mat karein - storewide 50% tak off, sirf limited time ke liye: https://bookmyshow.com/offers/voiNF8",yes,No,No
ham,"MakeMyTrip members ko hamare festive sale ka early access milta hai, select routes par 70% off: https://makemytrip.com/deals/Et6Iha",yes,No,No
ham,"Aapka pichla Ajio order pasand aaya tha? Agli order par 60% off, 25-03-2025 tak valid: https://ajio.com/sale/TftSuM",yes,No,No
ham,"Tanishq ki Independence Day Sale miss mat karein - storewide 80% tak off, sirf limited time ke liye: https://tanishq.co.in/offers/kYkBGw",yes,No,No
ham,PhonePe: Dost ko refer karein aur dono ko 750 reward points milenge. Code UEBK99 share karein: https://phonepe.com/rewards/6qEJEL,yes,No,No
ham,"Uber par flash sale! Fares Rs.150 se shuru, limited period ke liye. Yahan book karein: https://uber.com/promotions/SJLFPc",yes,No,No
ham,Nykaa par dost ko invite karein aur dono ko Rs.300 off milega. Code JFEH99 share karein: https://nykaa.com/sale/HjXXVo,yes,No,No
ham,"Ajio Diwali Dhamaka Sale LIVE hai! beauty products par 50% tak ki chhoot, stock khatam hone se pehle jaldi karein: https://ajio.com/sale/YcCtxj",yes,No,No
ham,Paytm: Dost ko refer karein aur dono ko 100 reward points milenge. Code HVUC60 share karein: https://paytm.com/rewards/XrX8nV,yes,No,No
ham,Aakhri mauka: aapke Vi bonus data offer aaj raat expire ho raha hai. Extra benefit ke liye abhi recharge karein: https://myvi.in/offers/BIdowt,yes,No,No
ham,"IndiGo par flash sale! Fares Rs.250 se shuru, limited period ke liye. Yahan book karein: https://goindigo.in/offers/pRqF2f",yes,No,No
ham,"Aapka pichla Blinkit order pasand aaya tha? Agli order par 20% off, 22-03-2026 tak valid: https://blinkit.com/offers/hRtUef",yes,No,No
ham,"BYJU'S member hone ke naate, aaj se hamare 50% off renewal offer ka early access paayein: https://byjus.com/offers/ulvHyR",yes,No,No
ham,"MakeMyTrip members ko hamare festive sale ka early access milta hai, select routes par 40% off: https://makemytrip.com/deals/kPz5bY",yes,No,No
ham,PhonePe: Dost ko refer karein aur dono ko 200 reward points milenge. Code PKDH35 share karein: https://phonepe.com/rewards/bOwabs,yes,No,No
ham,ICICI Bank: Is hafte app se bill payment karne par 60% cashback paayein. Details: https://icicibank.com/offers/pVmFSr,yes,No,No
ham,Aapka BYJU'S plan benefit aaj khatam ho raha hai. Extra data na khone ke liye midnight se pehle renew karein: https://byjus.com/offers/nOXE1m,yes,No,No
ham,"Happy Birthday Anita! Aapke liye Rs.200 ka Myntra voucher, is mahine valid: https://myntra.com/offers/bdFdQC",yes,No,No
ham,Aakhri mauka: aapke Unacademy bonus data offer aaj raat expire ho raha hai. Extra benefit ke liye abhi recharge karein: https://unacademy.com/offers/O3QicS,yes,No,No
ham,Aakhri mauka: aapke Disney+ Hotstar bonus data offer aaj raat expire ho raha hai. Extra benefit ke liye abhi recharge karein: https://hotstar.com/subscribe/ezfHoU,yes,No,No
ham,SBI Card: Is hafte app se bill payment karne par 10% cashback paayein. Details: https://sbicard.com/offers/jLccYN,yes,No,No
ham,HDFC Bank: Dost ko refer karein aur dono ko 100 reward points milenge. Code TQCH89 share karein: https://hdfcbank.com/offers/5vgyR9,yes,No,No
ham,"Disney+ Hotstar member hone ke naate, aaj se hamare 20% off renewal offer ka early access paayein: https://hotstar.com/subscribe/cFui2E",yes,No,No
ham,Aakhri mauka: aapke Disney+ Hotstar bonus data offer aaj raat expire ho raha hai. Extra benefit ke liye abhi recharge karein: https://hotstar.com/subscribe/AOAZIp,yes,No,No
ham,Aapne 1000 CRED reward points kamaye hain. Agli transaction par redeem karein: https://cred.club/rewards/l54pHw,yes,No,No
ham,Aapka Spotify plan benefit aaj khatam ho raha hai. Extra data na khone ke liye midnight se pehle renew karein: https://spotify.com/premium/cD6a6k,yes,No,No
ham,Aapne 100 SBI Card reward points kamaye hain. Agli transaction par redeem karein: https://sbicard.com/offers/zvMIX5,yes,No,No
ham,Aapka BYJU'S plan jald expire ho raha hai. Abhi renew karein aur pehle 3 mahino par 20% off paayein: https://byjus.com/offers/ieD5rc,yes,No,No
ham,"Swiggy ki Monsoon Sale ke aakhri kuch ghante! 60% tak off, aaj raat khatam hone se pehle shop karein: https://swiggy.com/offers/LFDS9c",yes,No,No
ham,Aakhri mauka: aapke cult.fit bonus data offer aaj raat expire ho raha hai. Extra benefit ke liye abhi recharge karein: https://cult.fit/offers/w65i9J,yes,No,No
ham,PhonePe: Dost ko refer karein aur dono ko 150 reward points milenge. Code GOJP66 share karein: https://phonepe.com/rewards/C0NBfa,yes,No,No
ham,"IndiGo members ko hamare festive sale ka early access milta hai, select routes par 40% off: https://goindigo.in/offers/fqPfE7",yes,No,No
ham,Aakhri mauka: aapke Disney+ Hotstar bonus data offer aaj raat expire ho raha hai. Extra benefit ke liye abhi recharge karein: https://hotstar.com/subscribe/CWG2iE,yes,No,No
ham,CRED: Is hafte app se bill payment karne par 60% cashback paayein. Details: https://cred.club/rewards/O14htS,yes,No,No
ham,"Monsoon Sale sirf Swiggy par: electronics par flat 60% tak chhoot, abhi app download karein: https://swiggy.com/offers/oZZnKe",yes,No,No
ham,"Goibibo par flash sale! Fares Rs.150 se shuru, limited period ke liye. Yahan book karein: https://goibibo.com/deals/3EWjEM",yes,No,No
ham,"IRCTC: Abhi book karein aur agli trip par 10% off paayein, 07-08-2026 tak valid. Details: https://irctc.co.in/offers/zUYQub",yes,No,No
ham,"IRCTC par flash sale! Fares Rs.250 se shuru, limited period ke liye. Yahan book karein: https://irctc.co.in/offers/Jofsje",yes,No,No
ham,Aapka cult.fit plan jald expire ho raha hai. Abhi renew karein aur pehle 3 mahino par 40% off paayein: https://cult.fit/offers/XsXhkF,yes,No,No
ham,"IRCTC: Abhi book karein aur agli trip par 30% off paayein, 12-12-2026 tak valid. Details: https://irctc.co.in/offers/5ispJc",yes,No,No
ham,Myntra par dost ko invite karein aur dono ko Rs.200 off milega. Code OUHH45 share karein: https://myntra.com/offers/J9TS3i,yes,No,No
ham,Aapka Policybazaar plan jald expire ho raha hai. Abhi renew karein aur pehle 3 mahino par 25% off paayein: https://policybazaar.com/renew/Gg5ScL,yes,No,No
ham,"Uber: Abhi book karein aur agli trip par 15% off paayein, 27-04-2025 tak valid. Details: https://uber.com/promotions/mZYgkB",yes,No,No
ham,HDFC Bank: Is hafte app se bill payment karne par 10% cashback paayein. Details: https://hdfcbank.com/offers/gT72dn,yes,No,No
ham,Aapka Spotify plan jald expire ho raha hai. Abhi renew karein aur pehle 3 mahino par 25% off paayein: https://spotify.com/premium/eTbwQm,yes,No,No
ham,PhonePe: Dost ko refer karein aur dono ko 1000 reward points milenge. Code VBJA15 share karein: https://phonepe.com/rewards/3yCTrY,yes,No,No
ham,"MakeMyTrip par flash sale! Fares Rs.100 se shuru, limited period ke liye. Yahan book karein: https://makemytrip.com/deals/bL5Gxw",yes,No,No
ham,Aapka Amazon Prime Video plan benefit aaj khatam ho raha hai. Extra data na khone ke liye midnight se pehle renew karein: https://primevideo.com/offers/S1HHTz,yes,No,No
ham,"Ola par flash sale! Fares Rs.300 se shuru, limited period ke liye. Yahan book karein: https://olacabs.com/offers/ZXbt8A",yes,No,No
ham,Limited period: aaj hi apni Policybazaar membership upgrade karein aur annual fee par Rs.150 bachayein: https://policybazaar.com/renew/pwXYWT,yes,No,No
ham,Ajio par dost ko invite karein aur dono ko Rs.150 off milega. Code DOZP35 share karein: https://ajio.com/sale/QoA0L1,yes,No,No
ham,"redBus: Abhi book karein aur agli trip par 50% off paayein, 11-01-2026 tak valid. Details: https://redbus.in/offers/uL14Tu",yes,No,No
ham,"Holi ki hardik shubhkamnayein! Decathlon par 15% off ke saath celebrate karein, sirf hamare valued customers ke liye: https://decathlon.in/sale/jAgM6c",yes,No,No
ham,"redBus par flash sale! Fares Rs.500 se shuru, limited period ke liye. Yahan book karein: https://redbus.in/offers/o78yol",yes,No,No
ham,"Aapka pichla Zomato order pasand aaya tha? Agli order par 20% off, 24-01-2025 tak valid: https://zomato.com/gold/M4u4IU",yes,No,No
ham,"Christmas ki hardik shubhkamnayein! Flipkart par 30% off ke saath celebrate karein, sirf hamare valued customers ke liye: https://flipkart.com/sale/DyECDz",yes,No,No
ham,Limited period: aaj hi apni Netflix membership upgrade karein aur annual fee par Rs.200 bachayein: https://netflix.com/account/uym6us,yes,No,No
ham,"Swiggy ki Independence Day Sale miss mat karein - storewide 60% tak off, sirf limited time ke liye: https://swiggy.com/offers/WYxKyE",yes,No,No
ham,"Aapka pichla Amazon order pasand aaya tha? Agli order par 50% off, 27-06-2026 tak valid: https://amazon.in/deals/HooT11",yes,No,No
ham,"Airtel member hone ke naate, aaj se hamare 30% off renewal offer ka early access paayein: https://airtel.in/offers/WVw2an",yes,No,No
ham,Axis Bank: Dost ko refer karein aur dono ko 100 reward points milenge. Code GQIU30 share karein: https://axisbank.com/offers/AXxjPE,yes,No,No
ham,"IRCTC members ko hamare festive sale ka early access milta hai, select routes par 60% off: https://irctc.co.in/offers/X6ITsY",yes,No,No
ham,Aapne 150 CRED reward points kamaye hain. Agli transaction par redeem karein: https://cred.club/rewards/LwI6Iy,yes,No,No
ham,"IndiGo members ko hamare festive sale ka early access milta hai, select routes par 40% off: https://goindigo.in/offers/fFnJjJ",yes,No,No
ham,"1mg ki Independence Day Sale ke aakhri kuch ghante! 75% tak off, aaj raat khatam hone se pehle shop karein: https://1mg.com/offers/4bmwMt",yes,No,No
ham,"Sirf aaj ke liye: BigBasket par home decor par flat 25% off mil raha hai, aadhi raat se pehle order karein: https://bigbasket.com/offers/Ndh4qU",yes,No,No
ham,Aapka Vi plan benefit aaj khatam ho raha hai. Extra data na khone ke liye midnight se pehle renew karein: https://myvi.in/offers/CsJ0YJ,yes,No,No
ham,"Goibibo par flash sale! Fares Rs.500 se shuru, limited period ke liye. Yahan book karein: https://goibibo.com/deals/OnHN5A",yes,No,No
ham,"Tanishq Independence Day Sale LIVE hai! home decor par 80% tak ki chhoot, stock khatam hone se pehle jaldi karein: https://tanishq.co.in/offers/j4X7Bd",yes,No,No
ham,Aapka Vi subscription 22-05-2025 ko renew hoga. Annual plan par upgrade karein aur 10% bachayein: https://myvi.in/offers/4CwI69,yes,No,No
ham,"Independence Day Sale sirf Blinkit par: kitchen appliances par flat 60% tak chhoot, abhi app download karein: https://blinkit.com/offers/AK1FTe",yes,No,No
ham,Aapka Unacademy plan jald expire ho raha hai. Abhi renew karein aur pehle 3 mahino par 20% off paayein: https://unacademy.com/offers/GqVgak,yes,No,No
ham,Aapne 300 CRED reward points kamaye hain. Agli transaction par redeem karein: https://cred.club/rewards/rGWAR6,yes,No,No
ham,ICICI Bank: Is hafte app se bill payment karne par 40% cashback paayein. Details: https://icicibank.com/offers/zQiW9z,yes,No,No
ham,Aakhri mauka: aapke Unacademy bonus data offer aaj raat expire ho raha hai. Extra benefit ke liye abhi recharge karein: https://unacademy.com/offers/EOBQsW,yes,No,No
ham,Paytm: Is hafte app se bill payment karne par 25% cashback paayein. Details: https://paytm.com/rewards/8KEBh5,yes,No,No
ham,"IndiGo: Abhi book karein aur agli trip par 50% off paayein, 02-12-2026 tak valid. Details: https://goindigo.in/offers/Sa7a4D",yes,No,No
ham,"Happy Birthday Vikram! Aapke liye Rs.100 ka Ajio voucher, is mahine valid: https://ajio.com/sale/NUTjdA",yes,No,No
ham,"Amazon app abhi kholein aur pao exclusive app-only deal 15% off, sirf aaj: https://amazon.in/deals/u6vDZD",yes,No,No
ham,Aapka Netflix plan jald expire ho raha hai. Abhi renew karein aur pehle 3 mahino par 10% off paayein: https://netflix.com/account/x3aEJB,yes,No,No
ham,Aapka Spotify subscription 16-05-2026 ko renew hoga. Annual plan par upgrade karein aur 70% bachayein: https://spotify.com/premium/6rDsJ8,yes,No,No
ham,"IndiGo members ko hamare festive sale ka early access milta hai, select routes par 40% off: https://goindigo.in/offers/MOYHoN",yes,No,No
ham,ICICI Bank: Is hafte app se bill payment karne par 25% cashback paayein. Details: https://icicibank.com/offers/mqIvVH,yes,No,No
ham,Aakhri mauka: aapke Vi bonus data offer aaj raat expire ho raha hai. Extra benefit ke liye abhi recharge karein: https://myvi.in/offers/u2m4mt,yes,No,No
ham,"MakeMyTrip: Abhi book karein aur agli trip par 10% off paayein, 12-04-2026 tak valid. Details: https://makemytrip.com/deals/2Ra7B2",yes,No,No
ham,Aapka cult.fit plan benefit aaj khatam ho raha hai. Extra data na khone ke liye midnight se pehle renew karein: https://cult.fit/offers/OfQO36,yes,No,No
ham,ICICI Bank: Is hafte app se bill payment karne par 30% cashback paayein. Details: https://icicibank.com/offers/Bv1mmE,yes,No,No
ham,Aapne 300 Paytm reward points kamaye hain. Agli transaction par redeem karein: https://paytm.com/rewards/E6qywt,yes,No,No
ham,PharmEasy par dost ko invite karein aur dono ko Rs.200 off milega. Code FYNS66 share karein: https://pharmeasy.in/offers/GDoFn1,yes,No,No
ham,Limited period: aaj hi apni Jio membership upgrade karein aur annual fee par Rs.300 bachayein: https://jio.com/offers/9KDqTq,yes,No,No
ham,"MakeMyTrip members ko hamare festive sale ka early access milta hai, select routes par 40% off: https://makemytrip.com/deals/sK0gju",yes,No,No
ham,Aapka Amazon Prime Video plan benefit aaj khatam ho raha hai. Extra data na khone ke liye midnight se pehle renew karein: https://primevideo.com/offers/RSJA4D,yes,No,No
ham,"Ola: Abhi book karein aur agli trip par 15% off paayein, 16-12-2025 tak valid. Details: https://olacabs.com/offers/Rl4CIT",yes,No,No
ham,"Uber: Abhi book karein aur agli trip par 10% off paayein, 10-11-2025 tak valid. Details: https://uber.com/promotions/VTz0Vv",yes,No,No
ham,Aapka Jio plan benefit aaj khatam ho raha hai. Extra data na khone ke liye midnight se pehle renew karein: https://jio.com/offers/ehvVLZ,yes,No,No
ham,Aapne 100 CRED reward points kamaye hain. Agli transaction par redeem karein: https://cred.club/rewards/GvICZe,yes,No,No
ham,"Domino's ki Great Indian Festival ke aakhri kuch ghante! 60% tak off, aaj raat khatam hone se pehle shop karein: https://dominos.co.in/offers/kynSoA",yes,No,No
ham,Aapne 750 Paytm reward points kamaye hain. Agli transaction par redeem karein: https://paytm.com/rewards/osfBiz,yes,No,No
ham,Aapka Disney+ Hotstar plan benefit aaj khatam ho raha hai. Extra data na khone ke liye midnight se pehle renew karein: https://hotstar.com/subscribe/o7ctiV,yes,No,No
ham,"redBus par flash sale! Fares Rs.150 se shuru, limited period ke liye. Yahan book karein: https://redbus.in/offers/GN6FDp",yes,No,No
ham,Aapka cult.fit plan jald expire ho raha hai. Abhi renew karein aur pehle 3 mahino par 70% off paayein: https://cult.fit/offers/CBnfQa,yes,No,No
ham,"Diwali Dhamaka Sale sirf Decathlon par: home decor par flat 60% tak chhoot, abhi app download karein: https://decathlon.in/sale/DHGFQs",yes,No,No
ham,Aapka Policybazaar subscription 27-10-2026 ko renew hoga. Annual plan par upgrade karein aur 60% bachayein: https://policybazaar.com/renew/cjb6qV,yes,No,No
ham,"Ola: Abhi book karein aur agli trip par 10% off paayein, 24-02-2026 tak valid. Details: https://olacabs.com/offers/0anAwy",yes,No,No
ham,"IndiGo: Abhi book karein aur agli trip par 10% off paayein, 24-02-2025 tak valid. Details: https://goindigo.in/offers/nfdDt7",yes,No,No
ham,"Ola: Abhi book karein aur agli trip par 10% off paayein, 27-08-2025 tak valid. Details: https://olacabs.com/offers/kyLQay",yes,No,No
ham,"Disney+ Hotstar member hone ke naate, aaj se hamare 70% off renewal offer ka early access paayein: https://hotstar.com/subscribe/wK0EtZ",yes,No,No
ham,Aapka Disney+ Hotstar subscription 15-10-2026 ko renew hoga. Annual plan par upgrade karein aur 15% bachayein: https://hotstar.com/subscribe/E1SmVV,yes,No,No
ham,SBI Card: Dost ko refer karein aur dono ko 100 reward points milenge. Code KUYE30 share karein: https://sbicard.com/offers/iED7YG,yes,No,No
ham,Aapka Vi plan benefit aaj khatam ho raha hai. Extra data na khone ke liye midnight se pehle renew karein: https://myvi.in/offers/ZsLykp,yes,No,No
ham,Zepto par dost ko invite karein aur dono ko Rs.200 off milega. Code NBHD42 share karein: https://zepto.com/offers/U6Z5yb,yes,No,No
ham,"Amazon app abhi kholein aur pao exclusive app-only deal 40% off, sirf aaj: https://amazon.in/deals/cZjVEL",yes,No,No
ham,"MakeMyTrip: Abhi book karein aur agli trip par 20% off paayein, 02-08-2026 tak valid. Details: https://makemytrip.com/deals/W8G1Js",yes,No,No
ham,Paytm: Dost ko refer karein aur dono ko 100 reward points milenge. Code XFZU54 share karein: https://paytm.com/rewards/c0z2uX,yes,No,No
ham,"Unacademy member hone ke naate, aaj se hamare 30% off renewal offer ka early access paayein: https://unacademy.com/offers/eoKwrU",yes,No,No
ham,Aapka Netflix subscription 28-12-2025 ko renew hoga. Annual plan par upgrade karein aur 70% bachayein: https://netflix.com/account/yzmi4q,yes,No,No
ham,"Nykaa Independence Day Sale LIVE hai! accessories par 50% tak ki chhoot, stock khatam hone se pehle jaldi karein: https://nykaa.com/sale/2m32HY",yes,No,No
ham,Tanishq ki Big Sale live hai! fashion par 70% tak ki chhoot. Abhi shop karein: https://tanishq.co.in/offers/UZ9RyV,yes,No,No
ham,PhonePe: Is hafte app se bill payment karne par 30% cashback paayein. Details: https://phonepe.com/rewards/JLvWGN,yes,No,No
ham,"Myntra app abhi kholein aur pao exclusive app-only deal 30% off, sirf aaj: https://myntra.com/offers/x3W9TM",yes,No,No
ham,PhonePe: Is hafte app se bill payment karne par 50% cashback paayein. Details: https://phonepe.com/rewards/z93AJl,yes,No,No
ham,"Ola: Abhi book karein aur agli trip par 50% off paayein, 22-02-2026 tak valid. Details: https://olacabs.com/offers/kcEwwi",yes,No,No
ham,"Amazon Prime Video member hone ke naate, aaj se hamare 40% off renewal offer ka early access paayein: https://primevideo.com/offers/Fq7Kev",yes,No,No
ham,Aapka Unacademy plan jald expire ho raha hai. Abhi renew karein aur pehle 3 mahino par 10% off paayein: https://unacademy.com/offers/KPtFUn,yes,No,No
ham,Aapka Disney+ Hotstar subscription 09-12-2026 ko renew hoga. Annual plan par upgrade karein aur 40% bachayein: https://hotstar.com/subscribe/FOg0Am,yes,No,No
ham,"IndiGo: Abhi book karein aur agli trip par 20% off paayein, 01-06-2026 tak valid. Details: https://goindigo.in/offers/K4eSjT",yes,No,No
ham,"Happy Birthday Anita! Aapke liye Rs.50 ka BookMyShow voucher, is mahine valid: https://bookmyshow.com/offers/RtiSk7",yes,No,No
ham,Aakhri mauka: aapke Disney+ Hotstar bonus data offer aaj raat expire ho raha hai. Extra benefit ke liye abhi recharge karein: https://hotstar.com/subscribe/IBc3iV,yes,No,No
ham,Aapka Vi plan benefit aaj khatam ho raha hai. Extra data na khone ke liye midnight se pehle renew karein: https://myvi.in/offers/P8fo7Q,yes,No,No
ham,"Ola par flash sale! Fares Rs.250 se shuru, limited period ke liye. Yahan book karein: https://olacabs.com/offers/BgjYB6",yes,No,No
ham,Titan: Is weekend storewide flat 60% off. T&C apply. Offers band karne ke liye STOP reply karein. https://titan.co.in/sale/ddcmXa,yes,No,No
ham,Aapne 250 CRED reward points kamaye hain. Agli transaction par redeem karein: https://cred.club/rewards/OeFQ0w,yes,No,No
ham,"Happy Birthday Sneha! Aapke liye Rs.300 ka boAt voucher, is mahine valid: https://boat-lifestyle.com/sale/oC4YDY",yes,No,No
ham,ICICI Bank: Dost ko refer karein aur dono ko 1000 reward points milenge. Code WRXB94 share karein: https://icicibank.com/offers/zKR0Ke,yes,No,No
ham,"Amazon Prime Video member hone ke naate, aaj se hamare 20% off renewal offer ka early access paayein: https://primevideo.com/offers/09eBpe",yes,No,No
ham,Aapka Policybazaar subscription 22-11-2026 ko renew hoga. Annual plan par upgrade karein aur 40% bachayein: https://policybazaar.com/renew/8yI2Cd,yes,No,No
ham,"Uber members ko hamare festive sale ka early access milta hai, select routes par 30% off: https://uber.com/promotions/ggfwf4",yes,No,No
ham,"Hi Vikram, aapke 1mg cart ke items ab sale mein hain. Order complete karein: https://1mg.com/offers/I81gPt",yes,No,No
ham,Aapne 500 ICICI Bank reward points kamaye hain. Agli transaction par redeem karein: https://icicibank.com/offers/LBa1WY,yes,No,No
ham,Aapka Spotify plan benefit aaj khatam ho raha hai. Extra data na khone ke liye midnight se pehle renew karein: https://spotify.com/premium/XxEKxJ,yes,No,No
ham,"Uber par flash sale! Fares Rs.500 se shuru, limited period ke liye. Yahan book karein: https://uber.com/promotions/VI62vL",yes,No,No
ham,Paytm: Dost ko refer karein aur dono ko 250 reward points milenge. Code XYPW80 share karein: https://paytm.com/rewards/vFwpqG,yes,No,No
ham,"redBus: Abhi book karein aur agli trip par 20% off paayein, 07-06-2025 tak valid. Details: https://redbus.in/offers/XYoVGa",yes,No,No
ham,PhonePe: Dost ko refer karein aur dono ko 150 reward points milenge. Code FXDU20 share karein: https://phonepe.com/rewards/AEfX6U,yes,No,No
ham,ICICI Bank: Is hafte app se bill payment karne par 15% cashback paayein. Details: https://icicibank.com/offers/0jG9ip,yes,No,No
ham,"IndiGo members ko hamare festive sale ka early access milta hai, select routes par 70% off: https://goindigo.in/offers/U3sGSW",yes,No,No
ham,Aapne 750 CRED reward points kamaye hain. Agli transaction par redeem karein: https://cred.club/rewards/OuNNWf,yes,No,No
ham,Aapne 250 Axis Bank reward points kamaye hain. Agli transaction par redeem karein: https://axisbank.com/offers/ByiqBF,yes,No,No
ham,Aapka Airtel plan jald expire ho raha hai. Abhi renew karein aur pehle 3 mahino par 20% off paayein: https://airtel.in/offers/EF245Z,yes,No,No
ham,Aapne 100 CRED reward points kamaye hain. Agli transaction par redeem karein: https://cred.club/rewards/O42rbS,yes,No,No
ham,PharmEasy par dost ko invite karein aur dono ko Rs.50 off milega. Code YMCE63 share karein: https://pharmeasy.in/offers/eRnHcz,yes,No,No
ham,Aapka Policybazaar plan benefit aaj khatam ho raha hai. Extra data na khone ke liye midnight se pehle renew karein: https://policybazaar.com/renew/9ewm7s,yes,No,No
ham,"Ola par flash sale! Fares Rs.250 se shuru, limited period ke liye. Yahan book karein: https://olacabs.com/offers/bIblEc",yes,No,No
ham,"Vi member hone ke naate, aaj se hamare 25% off renewal offer ka early access paayein: https://myvi.in/offers/5jprMC",yes,No,No
ham,Aapka Jio subscription 20-03-2026 ko renew hoga. Annual plan par upgrade karein aur 50% bachayein: https://jio.com/offers/qNLDeM,yes,No,No
ham,Axis Bank: Is hafte app se bill payment karne par 60% cashback paayein. Details: https://axisbank.com/offers/krl5tK,yes,No,No
ham,Aakhri mauka: aapke Airtel bonus data offer aaj raat expire ho raha hai. Extra benefit ke liye abhi recharge karein: https://airtel.in/offers/R137kS,yes,No,No
ham,Tanishq: Is weekend storewide flat 25% off. T&C apply. Offers band karne ke liye STOP reply karein. https://tanishq.co.in/offers/kBQJfg,yes,No,No
ham,ICICI Bank: Is hafte app se bill payment karne par 40% cashback paayein. Details: https://icicibank.com/offers/3p93ve,yes,No,No
ham,Aakhri mauka: aapke Netflix bonus data offer aaj raat expire ho raha hai. Extra benefit ke liye abhi recharge karein: https://netflix.com/account/NgeaiW,yes,No,No
ham,Aakhri mauka: aapke Vi bonus data offer aaj raat expire ho raha hai. Extra benefit ke liye abhi recharge karein: https://myvi.in/offers/lTJdcM,yes,No,No
ham,Aapne 750 ICICI Bank reward points kamaye hain. Agli transaction par redeem karein: https://icicibank.com/offers/5LxrmL,yes,No,No
ham,"IRCTC members ko hamare festive sale ka early access milta hai, select routes par 10% off: https://irctc.co.in/offers/d8xYus",yes,No,No
ham,Aapka Unacademy subscription 15-09-2026 ko renew hoga. Annual plan par upgrade karein aur 15% bachayein: https://unacademy.com/offers/sGAQvQ,yes,No,No
ham,"Ajio Big Billion Days LIVE hai! electronics par 80% tak ki chhoot, stock khatam hone se pehle jaldi karein: https://ajio.com/sale/S7s6Lj",yes,No,No
ham,"PharmEasy ki Independence Day Sale miss mat karein - storewide 50% tak off, sirf limited time ke liye: https://pharmeasy.in/offers/pHLpAL",yes,No,No
ham,"redBus members ko hamare festive sale ka early access milta hai, select routes par 10% off: https://redbus.in/offers/gmgG3w",yes,No,No
ham,"Zepto ki Year End Sale miss mat karein - storewide 75% tak off, sirf limited time ke liye: https://zepto.com/offers/2JLoxU",yes,No,No
ham,Aapne 150 SBI Card reward points kamaye hain. Agli transaction par redeem karein: https://sbicard.com/offers/tLUW7l,yes,No,No
ham,"Christmas ki hardik shubhkamnayein! 1mg par 25% off ke saath celebrate karein, sirf hamare valued customers ke liye: https://1mg.com/offers/a2L6uG",yes,No,No
ham,Aapne 200 HDFC Bank reward points kamaye hain. Agli transaction par redeem karein: https://hdfcbank.com/offers/Guq6N4,yes,No,No
ham,Swiggy: Is weekend storewide flat 20% off. T&C apply. Offers band karne ke liye STOP reply karein. https://swiggy.com/offers/yRV03v,yes,No,No
ham,Aapne 1000 HDFC Bank reward points kamaye hain. Agli transaction par redeem karein: https://hdfcbank.com/offers/nPc8eH,yes,No,No
ham,Aapka Disney+ Hotstar subscription 28-01-2026 ko renew hoga. Annual plan par upgrade karein aur 30% bachayein: https://hotstar.com/subscribe/lipl0k,yes,No,No
ham,"Christmas ki hardik shubhkamnayein! BookMyShow par 30% off ke saath celebrate karein, sirf hamare valued customers ke liye: https://bookmyshow.com/offers/Pr2Nwq",yes,No,No
ham,"redBus: Abhi book karein aur agli trip par 15% off paayein, 23-07-2026 tak valid. Details: https://redbus.in/offers/rpGzmC",yes,No,No
ham,"Netflix member hone ke naate, aaj se hamare 40% off renewal offer ka early access paayein: https://netflix.com/account/1lqxD4",yes,No,No
ham,Aapka Netflix plan benefit aaj khatam ho raha hai. Extra data na khone ke liye midnight se pehle renew karein: https://netflix.com/account/kEqy4d,yes,No,No
ham,"Policybazaar member hone ke naate, aaj se hamare 20% off renewal offer ka early access paayein: https://policybazaar.com/renew/n3b6gF",yes,No,No
ham,SBI Card: Is hafte app se bill payment karne par 15% cashback paayein. Details: https://sbicard.com/offers/EBFXW2,yes,No,No
ham,Aapne 200 HDFC Bank reward points kamaye hain. Agli transaction par redeem karein: https://hdfcbank.com/offers/jDKt4z,yes,No,No
ham,PhonePe: Is hafte app se bill payment karne par 25% cashback paayein. Details: https://phonepe.com/rewards/M5DPA1,yes,No,No
ham,"Vi member hone ke naate, aaj se hamare 25% off renewal offer ka early access paayein: https://myvi.in/offers/oO3jye",yes,No,No
ham,"MakeMyTrip par flash sale! Fares Rs.300 se shuru, limited period ke liye. Yahan book karein: https://makemytrip.com/deals/fNjvR7",yes,No,No
ham,Aapne 500 HDFC Bank reward points kamaye hain. Agli transaction par redeem karein: https://hdfcbank.com/offers/sj3LA1,yes,No,No
ham,"Sirf aaj ke liye: Blinkit par beauty products par flat 70% off mil raha hai, aadhi raat se pehle order karein: https://blinkit.com/offers/yGM6fd",yes,No,No
ham,Aapne 100 CRED reward points kamaye hain. Agli transaction par redeem karein: https://cred.club/rewards/Nx7jo7,yes,No,No
ham,Aakhri mauka: aapke BYJU'S bonus data offer aaj raat expire ho raha hai. Extra benefit ke liye abhi recharge karein: https://byjus.com/offers/1gl4tj,yes,No,No
ham,HDFC Bank: Is hafte app se bill payment karne par 25% cashback paayein. Details: https://hdfcbank.com/offers/pkCj92,yes,No,No
ham,"Ola: Abhi book karein aur agli trip par 25% off paayein, 16-03-2025 tak valid. Details: https://olacabs.com/offers/kWU7jq",yes,No,No
ham,Myntra par naye arrivals aa gaye hain! Latest electronics collection dekhein: https://myntra.com/offers/dB3WDL,yes,No,No
ham,"Ola par flash sale! Fares Rs.200 se shuru, limited period ke liye. Yahan book karein: https://olacabs.com/offers/FZ4qEx",yes,No,No
ham,"Uber: Abhi book karein aur agli trip par 25% off paayein, 15-05-2026 tak valid. Details: https://uber.com/promotions/BzgBtu",yes,No,No
ham,"Happy Birthday Raj! Aapke liye Rs.50 ka Decathlon voucher, is mahine valid: https://decathlon.in/sale/7aawvT",yes,No,No
ham,Aapka BYJU'S plan benefit aaj khatam ho raha hai. Extra data na khone ke liye midnight se pehle renew karein: https://byjus.com/offers/NyVGnH,yes,No,No
ham,SBI Card: Dost ko refer karein aur dono ko 100 reward points milenge. Code MUAF58 share karein: https://sbicard.com/offers/WZI6jA,yes,No,No
ham,"Aapka pichla Pepperfry order pasand aaya tha? Agli order par 50% off, 11-06-2025 tak valid: https://pepperfry.com/sale/8LPZHB",yes,No,No
ham,Aapne 200 ICICI Bank reward points kamaye hain. Agli transaction par redeem karein: https://icicibank.com/offers/Bxh5CH,yes,No,No
ham,Meesho ki Big Sale live hai! kitchen appliances par 20% tak ki chhoot. Abhi shop karein: https://meesho.com/offers/x4w0Q1,yes,No,No
ham,"Aapka pichla Flipkart order pasand aaya tha? Agli order par 10% off, 09-10-2025 tak valid: https://flipkart.com/sale/yNOA3g",yes,No,No
ham,"IndiGo: Abhi book karein aur agli trip par 70% off paayein, 09-09-2025 tak valid. Details: https://goindigo.in/offers/8WKKeD",yes,No,No
ham,"Diwali Dhamaka Sale sirf BookMyShow par: groceries par flat 75% tak chhoot, abhi app download karein: https://bookmyshow.com/offers/TlMoJy",yes,No,No
ham,"IndiGo members ko hamare festive sale ka early access milta hai, select routes par 10% off: https://goindigo.in/offers/m2V9TK",yes,No,No
ham,Aapne 200 SBI Card reward points kamaye hain. Agli transaction par redeem karein: https://sbicard.com/offers/12B9Jy,yes,No,No
ham,CRED: Is hafte app se bill payment karne par 25% cashback paayein. Details: https://cred.club/rewards/D4cGAA,yes,No,No
ham,"MakeMyTrip par flash sale! Fares Rs.500 se shuru, limited period ke liye. Yahan book karein: https://makemytrip.com/deals/4n6ML9",yes,No,No
ham,"Happy Birthday Raj! Aapke liye Rs.200 ka PharmEasy voucher, is mahine valid: https://pharmeasy.in/offers/U21wxY",yes,No,No
ham,Aapka Disney+ Hotstar plan jald expire ho raha hai. Abhi renew karein aur pehle 3 mahino par 70% off paayein: https://hotstar.com/subscribe/5k7nfc,yes,No,No
ham,"Ola members ko hamare festive sale ka early access milta hai, select routes par 20% off: https://olacabs.com/offers/tz5g98",yes,No,No
ham,"cult.fit member hone ke naate, aaj se hamare 30% off renewal offer ka early access paayein: https://cult.fit/offers/QrcWNx",yes,No,No
ham,Lenskart: Is weekend storewide flat 10% off. T&C apply. Offers band karne ke liye STOP reply karein. https://lenskart.com/offers/dCUngS,yes,No,No
ham,Limited period: aaj hi apni Disney+ Hotstar membership upgrade karein aur annual fee par Rs.200 bachayein: https://hotstar.com/subscribe/0t8HDS,yes,No,No
ham,"Big Billion Days sirf Titan par: electronics par flat 75% tak chhoot, abhi app download karein: https://titan.co.in/sale/007FS9",yes,No,No
ham,Nykaa ki Big Sale live hai! electronics par 30% tak ki chhoot. Abhi shop karein: https://nykaa.com/sale/1OXs3l,yes,No,No
ham,Zomato par dost ko invite karein aur dono ko Rs.200 off milega. Code MLOJ84 share karein: https://zomato.com/gold/NlZfsD,yes,No,No
ham,"Goibibo: Abhi book karein aur agli trip par 60% off paayein, 21-03-2025 tak valid. Details: https://goibibo.com/deals/9gPY6D",yes,No,No
ham,Flipkart par naye arrivals aa gaye hain! Latest fashion collection dekhein: https://flipkart.com/sale/3xLUdO,yes,No,No
ham,Nykaa par dost ko invite karein aur dono ko Rs.200 off milega. Code PTNT17 share karein: https://nykaa.com/sale/9U0cBc,yes,No,No
ham,Aapka Policybazaar subscription 07-06-2025 ko renew hoga. Annual plan par upgrade karein aur 20% bachayein: https://policybazaar.com/renew/1EFI7G,yes,No,No
ham,HDFC Bank: Is hafte app se bill payment karne par 60% cashback paayein. Details: https://hdfcbank.com/offers/ogoryu,yes,No,No
ham,"Uber members ko hamare festive sale ka early access milta hai, select routes par 70% off: https://uber.com/promotions/TYm3PH",yes,No,No
ham,Meesho ki Big Sale live hai! beauty products par 70% tak ki chhoot. Abhi shop karein: https://meesho.com/offers/09jUnx,yes,No,No
ham,Aapka Vi subscription 11-12-2026 ko renew hoga. Annual plan par upgrade karein aur 50% bachayein: https://myvi.in/offers/NNuvEg,yes,No,No
ham,Zepto: Is weekend storewide flat 10% off. T&C apply. Offers band karne ke liye STOP reply karein. https://zepto.com/offers/FBsLWS,yes,No,No
ham,"Myntra app abhi kholein aur pao exclusive app-only deal 50% off, sirf aaj: https://myntra.com/offers/GpML5m",yes,No,No
ham,HDFC Bank: Dost ko refer karein aur dono ko 1000 reward points milenge. Code XKGT19 share karein: https://hdfcbank.com/offers/Q8nL49,yes,No,No
ham,"MakeMyTrip par flash sale! Fares Rs.250 se shuru, limited period ke liye. Yahan book karein: https://makemytrip.com/deals/wzSic1",yes,No,No
ham,Axis Bank: Is hafte app se bill payment karne par 10% cashback paayein. Details: https://axisbank.com/offers/BPp9NJ,yes,No,No
ham,"Aapka pichla Blinkit order pasand aaya tha? Agli order par 40% off, 08-08-2025 tak valid: https://blinkit.com/offers/bpnmDc",yes,No,No
ham,"Aapka pichla Blinkit order pasand aaya tha? Agli order par 15% off, 24-02-2026 tak valid: https://blinkit.com/offers/0tASC9",yes,No,No
ham,"Policybazaar member hone ke naate, aaj se hamare 60% off renewal offer ka early access paayein: https://policybazaar.com/renew/qyzu2c",yes,No,No
ham,Swiggy par naye arrivals aa gaye hain! Latest footwear collection dekhein: https://swiggy.com/offers/ZrauN7,yes,No,No
ham,1mg par naye arrivals aa gaye hain! Latest footwear collection dekhein: https://1mg.com/offers/8IzQDd,yes,No,No
ham,Paytm: Dost ko refer karein aur dono ko 250 reward points milenge. Code YLKG37 share karein: https://paytm.com/rewards/MyQoYi,yes,No,No
ham,"IndiGo par flash sale! Fares Rs.200 se shuru, limited period ke liye. Yahan book karein: https://goindigo.in/offers/3h3Jmt",yes,No,No
ham,Aakhri mauka: aapke Airtel bonus data offer aaj raat expire ho raha hai. Extra benefit ke liye abhi recharge karein: https://airtel.in/offers/csNwn6,yes,No,No
ham,"IndiGo par flash sale! Fares Rs.150 se shuru, limited period ke liye. Yahan book karein: https://goindigo.in/offers/EOPo29",yes,No,No
ham,"IRCTC members ko hamare festive sale ka early access milta hai, select routes par 25% off: https://irctc.co.in/offers/FtudKf",yes,No,No
ham,Aapka Jio plan jald expire ho raha hai. Abhi renew karein aur pehle 3 mahino par 20% off paayein: https://jio.com/offers/bwsC22,yes,No,No
ham,Aapka cult.fit plan jald expire ho raha hai. Abhi renew karein aur pehle 3 mahino par 40% off paayein: https://cult.fit/offers/25x9bq,yes,No,No
ham,Aapka Jio subscription 26-11-2026 ko renew hoga. Annual plan par upgrade karein aur 10% bachayein: https://jio.com/offers/WOA2UJ,yes,No,No
ham,Limited period: aaj hi apni Unacademy membership upgrade karein aur annual fee par Rs.250 bachayein: https://unacademy.com/offers/YLplIy,yes,No,No
ham,"redBus par flash sale! Fares Rs.500 se shuru, limited period ke liye. Yahan book karein: https://redbus.in/offers/9aAWbq",yes,No,No
ham,"Goibibo members ko hamare festive sale ka early access milta hai, select routes par 15% off: https://goibibo.com/deals/kytGyY",yes,No,No
ham,Limited period: aaj hi apni cult.fit membership upgrade karein aur annual fee par Rs.200 bachayein: https://cult.fit/offers/vSzmt7,yes,No,No
ham,"IRCTC par flash sale! Fares Rs.300 se shuru, limited period ke liye. Yahan book karein: https://irctc.co.in/offers/ohr4co",yes,No,No
ham,"MakeMyTrip par flash sale! Fares Rs.250 se shuru, limited period ke liye. Yahan book karein: https://makemytrip.com/deals/jXwohE",yes,No,No
ham,"Sirf aaj ke liye: Zomato par fashion par flat 30% off mil raha hai, aadhi raat se pehle order karein: https://zomato.com/gold/nfGfYB",yes,No,No
ham,Aakhri mauka: aapke Airtel bonus data offer aaj raat expire ho raha hai. Extra benefit ke liye abhi recharge karein: https://airtel.in/offers/DFLdiF,yes,No,No
ham,Aakhri mauka: aapke BYJU'S bonus data offer aaj raat expire ho raha hai. Extra benefit ke liye abhi recharge karein: https://byjus.com/offers/DxANYb,yes,No,No
ham,Swiggy: Is weekend storewide flat 25% off. T&C apply. Offers band karne ke liye STOP reply karein. https://swiggy.com/offers/zylm8E,yes,No,No
ham,Aapka Vi plan jald expire ho raha hai. Abhi renew karein aur pehle 3 mahino par 15% off paayein: https://myvi.in/offers/h0BZMY,yes,No,No
ham,"redBus members ko hamare festive sale ka early access milta hai, select routes par 15% off: https://redbus.in/offers/FgroKk",yes,No,No
ham,"Uber members ko hamare festive sale ka early access milta hai, select routes par 30% off: https://uber.com/promotions/U2KGJ7",yes,No,No
ham,Tanishq ki Big Sale live hai! home decor par 10% tak ki chhoot. Abhi shop karein: https://tanishq.co.in/offers/C1Brv1,yes,No,No
ham,Paytm: Dost ko refer karein aur dono ko 150 reward points milenge. Code NMBW62 share karein: https://paytm.com/rewards/JwP8T8,yes,No,No
ham,Zomato par naye arrivals aa gaye hain! Latest electronics collection dekhein: https://zomato.com/gold/D9fZOx,yes,No,No
ham,PhonePe: Is hafte app se bill payment karne par 40% cashback paayein. Details: https://phonepe.com/rewards/k5w5QY,yes,No,No
ham,"Lenskart app abhi kholein aur pao exclusive app-only deal 10% off, sirf aaj: https://lenskart.com/offers/9L3UuM",yes,No,No
ham,"Goibibo: Abhi book karein aur agli trip par 50% off paayein, 08-11-2026 tak valid. Details: https://goibibo.com/deals/ug4095",yes,No,No
ham,Limited period: aaj hi apni Jio membership upgrade karein aur annual fee par Rs.150 bachayein: https://jio.com/offers/YyI0wG,yes,No,No
ham,"Goibibo par flash sale! Fares Rs.100 se shuru, limited period ke liye. Yahan book karein: https://goibibo.com/deals/OScicc",yes,No,No
ham,"Goibibo: Abhi book karein aur agli trip par 15% off paayein, 14-07-2025 tak valid. Details: https://goibibo.com/deals/luvAh9",yes,No,No
ham,Aakhri mauka: aapke Policybazaar bonus data offer aaj raat expire ho raha hai. Extra benefit ke liye abhi recharge karein: https://policybazaar.com/renew/tsYpZW,yes,No,No
ham,Aapne 250 HDFC Bank reward points kamaye hain. Agli transaction par redeem karein: https://hdfcbank.com/offers/Qubl9q,yes,No,No
ham,Aapka BYJU'S subscription 04-02-2025 ko renew hoga. Annual plan par upgrade karein aur 10% bachayein: https://byjus.com/offers/Lfdge0,yes,No,No
ham,"redBus: Abhi book karein aur agli trip par 60% off paayein, 01-09-2026 tak valid. Details: https://redbus.in/offers/Vrplpl",yes,No,No
ham,"Aapka pichla 1mg order pasand aaya tha? Agli order par 60% off, 07-04-2026 tak valid: https://1mg.com/offers/YnWDlC",yes,No,No
ham,"IndiGo members ko hamare festive sale ka early access milta hai, select routes par 40% off: https://goindigo.in/offers/hnu5j5",yes,No,No
ham,Aakhri mauka: aapke Jio bonus data offer aaj raat expire ho raha hai. Extra benefit ke liye abhi recharge karein: https://jio.com/offers/sfFUTM,yes,No,No
ham,"Blinkit ki Independence Day Sale ke aakhri kuch ghante! 80% tak off, aaj raat khatam hone se pehle shop karein: https://blinkit.com/offers/QSGmIR",yes,No,No
ham,Aakhri mauka: aapke Jio bonus data offer aaj raat expire ho raha hai. Extra benefit ke liye abhi recharge karein: https://jio.com/offers/MxETi8,yes,No,No
ham,Aapka Jio plan jald expire ho raha hai. Abhi renew karein aur pehle 3 mahino par 20% off paayein: https://jio.com/offers/WQKQJe,yes,No,No
ham,"PharmEasy ki Big Billion Days miss mat karein - storewide 60% tak off, sirf limited time ke liye: https://pharmeasy.in/offers/g23Kgu",yes,No,No
ham,Limited period: aaj hi apni BYJU'S membership upgrade karein aur annual fee par Rs.500 bachayein: https://byjus.com/offers/fhrLWg,yes,No,No
ham,"Myntra ki End of Season Sale miss mat karein - storewide 70% tak off, sirf limited time ke liye: https://myntra.com/offers/x1T2R5",yes,No,No
ham,"Christmas ki hardik shubhkamnayein! Decathlon par 30% off ke saath celebrate karein, sirf hamare valued customers ke liye: https://decathlon.in/sale/9tCxu1",yes,No,No
ham,PhonePe: Dost ko refer karein aur dono ko 250 reward points milenge. Code TKSC78 share karein: https://phonepe.com/rewards/n86jlR,yes,No,No
ham,Aapne 250 HDFC Bank reward points kamaye hain. Agli transaction par redeem karein: https://hdfcbank.com/offers/1ODzQu,yes,No,No
ham,"Titan Big Billion Days LIVE hai! groceries par 75% tak ki chhoot, stock khatam hone se pehle jaldi karein: https://titan.co.in/sale/0I064t",yes,No,No
ham,Aapka Policybazaar plan jald expire ho raha hai. Abhi renew karein aur pehle 3 mahino par 50% off paayein: https://policybazaar.com/renew/NVDXei,yes,No,No
ham,ICICI Bank: Dost ko refer karein aur dono ko 200 reward points milenge. Code EPLI96 share karein: https://icicibank.com/offers/okrj2e,yes,No,No
ham,PhonePe: Dost ko refer karein aur dono ko 100 reward points milenge. Code KQQO45 share karein: https://phonepe.com/rewards/Ex35lQ,yes,No,No
ham,Limited period: aaj hi apni Amazon Prime Video membership upgrade karein aur annual fee par Rs.200 bachayein: https://primevideo.com/offers/HSXI0p,yes,No,No
ham,Amazon par dost ko invite karein aur dono ko Rs.50 off milega. Code GHJD80 share karein: https://amazon.in/deals/vRNndU,yes,No,No
ham,"Republic Day Sale sirf Decathlon par: fashion par flat 80% tak chhoot, abhi app download karein: https://decathlon.in/sale/6HzJMI",yes,No,No
ham,"Sirf aaj ke liye: Amazon par groceries par flat 70% off mil raha hai, aadhi raat se pehle order karein: https://amazon.in/deals/WoltIp",yes,No,No
ham,"MakeMyTrip members ko hamare festive sale ka early access milta hai, select routes par 50% off: https://makemytrip.com/deals/w3B4Iv",yes,No,No
ham,"Goibibo: Abhi book karein aur agli trip par 10% off paayein, 10-12-2025 tak valid. Details: https://goibibo.com/deals/cv7BLd",yes,No,No
ham,"Uber: Abhi book karein aur agli trip par 25% off paayein, 06-05-2026 tak valid. Details: https://uber.com/promotions/LjTXkP",yes,No,No
ham,Axis Bank: Is hafte app se bill payment karne par 25% cashback paayein. Details: https://axisbank.com/offers/o9d3nd,yes,No,No
ham,CRED: Dost ko refer karein aur dono ko 150 reward points milenge. Code OLVN79 share karein: https://cred.club/rewards/ijoEU9,yes,No,No
ham,"Ola members ko hamare festive sale ka early access milta hai, select routes par 15% off: https://olacabs.com/offers/BjVjqZ",yes,No,No
ham,"redBus par flash sale! Fares Rs.300 se shuru, limited period ke liye. Yahan book karein: https://redbus.in/offers/PTjE00",yes,No,No
ham,CRED: Dost ko refer karein aur dono ko 200 reward points milenge. Code BQIK44 share karein: https://cred.club/rewards/JfhnME,yes,No,No
ham,"MakeMyTrip members ko hamare festive sale ka early access milta hai, select routes par 40% off: https://makemytrip.com/deals/Ts43Fy",yes,No,No
ham,Aakhri mauka: aapke Netflix bonus data offer aaj raat expire ho raha hai. Extra benefit ke liye abhi recharge karein: https://netflix.com/account/Lj2DZ8,yes,No,No
ham,Aapka Amazon Prime Video subscription 22-07-2025 ko renew hoga. Annual plan par upgrade karein aur 30% bachayein: https://primevideo.com/offers/FJqTdi,yes,No,No
ham,Domino's ki Big Sale live hai! accessories par 15% tak ki chhoot. Abhi shop karein: https://dominos.co.in/offers/X1xaPq,yes,No,No
ham,"IndiGo par flash sale! Fares Rs.150 se shuru, limited period ke liye. Yahan book karein: https://goindigo.in/offers/qV5GSP",yes,No,No
ham,Aapne 100 HDFC Bank reward points kamaye hain. Agli transaction par redeem karein: https://hdfcbank.com/offers/rRh36r,yes,No,No
ham,Meesho: Is weekend storewide flat 20% off. T&C apply. Offers band karne ke liye STOP reply karein. https://meesho.com/offers/VuqcGx,yes,No,No
ham,"Swiggy End of Season Sale LIVE hai! electronics par 80% tak ki chhoot, stock khatam hone se pehle jaldi karein: https://swiggy.com/offers/pr00jU",yes,No,No
ham,Swiggy par dost ko invite karein aur dono ko Rs.100 off milega. Code GKSK97 share karein: https://swiggy.com/offers/HQti40,yes,No,No
ham,"Big Billion Days sirf 1mg par: footwear par flat 75% tak chhoot, abhi app download karein: https://1mg.com/offers/W7d2Xa",yes,No,No
ham,"IRCTC members ko hamare festive sale ka early access milta hai, select routes par 10% off: https://irctc.co.in/offers/NMTzOI",yes,No,No
ham,Aapne 750 SBI Card reward points kamaye hain. Agli transaction par redeem karein: https://sbicard.com/offers/gfpXmY,yes,No,No
ham,SBI Card: Is hafte app se bill payment karne par 20% cashback paayein. Details: https://sbicard.com/offers/1iH4fu,yes,No,No
ham,CRED: Is hafte app se bill payment karne par 50% cashback paayein. Details: https://cred.club/rewards/pXT6D8,yes,No,No
ham,Aapka Unacademy plan benefit aaj khatam ho raha hai. Extra data na khone ke liye midnight se pehle renew karein: https://unacademy.com/offers/SIobTK,yes,No,No
ham,CRED: Is hafte app se bill payment karne par 10% cashback paayein. Details: https://cred.club/rewards/T4j4Qd,yes,No,No
ham,"IRCTC par flash sale! Fares Rs.100 se shuru, limited period ke liye. Yahan book karein: https://irctc.co.in/offers/qujolr",yes,No,No
ham,"Goibibo par flash sale! Fares Rs.500 se shuru, limited period ke liye. Yahan book karein: https://goibibo.com/deals/cblqH9",yes,No,No
ham,"IndiGo par flash sale! Fares Rs.100 se shuru, limited period ke liye. Yahan book karein: https://goindigo.in/offers/lh7hkQ",yes,No,No
ham,"Ola par flash sale! Fares Rs.200 se shuru, limited period ke liye. Yahan book karein: https://olacabs.com/offers/YVSs99",yes,No,No
ham,"Aapka pichla BigBasket order pasand aaya tha? Agli order par 30% off, 03-04-2026 tak valid: https://bigbasket.com/offers/sG3aTN",yes,No,No
ham,"IndiGo members ko hamare festive sale ka early access milta hai, select routes par 40% off: https://goindigo.in/offers/bRzeYt",yes,No,No
ham,PhonePe: Dost ko refer karein aur dono ko 750 reward points milenge. Code DWFS87 share karein: https://phonepe.com/rewards/kWfFdj,yes,No,No
ham,Aakhri mauka: aapke Unacademy bonus data offer aaj raat expire ho raha hai. Extra benefit ke liye abhi recharge karein: https://unacademy.com/offers/rmKWdj,yes,No,No
ham,"Eid ki hardik shubhkamnayein! Titan par 30% off ke saath celebrate karein, sirf hamare valued customers ke liye: https://titan.co.in/sale/HnZeld",yes,No,No
ham,"Goibibo members ko hamare festive sale ka early access milta hai, select routes par 60% off: https://goibibo.com/deals/Ur7nur",yes,No,No
ham,Limited period: aaj hi apni Unacademy membership upgrade karein aur annual fee par Rs.500 bachayein: https://unacademy.com/offers/IHWJKp,yes,No,No
ham,Aapne 1000 Axis Bank reward points kamaye hain. Agli transaction par redeem karein: https://axisbank.com/offers/gjZnms,yes,No,No
ham,"MakeMyTrip par flash sale! Fares Rs.200 se shuru, limited period ke liye. Yahan book karein: https://makemytrip.com/deals/fXtZEs",yes,No,No
ham,Aapne 1000 ICICI Bank reward points kamaye hain. Agli transaction par redeem karein: https://icicibank.com/offers/HwB15H,yes,No,No
ham,Aapne 1000 Axis Bank reward points kamaye hain. Agli transaction par redeem karein: https://axisbank.com/offers/G7lFSK,yes,No,No
ham,"Blinkit Big Billion Days LIVE hai! electronics par 50% tak ki chhoot, stock khatam hone se pehle jaldi karein: https://blinkit.com/offers/9bhHuz",yes,No,No
ham,Aapka Amazon Prime Video plan benefit aaj khatam ho raha hai. Extra data na khone ke liye midnight se pehle renew karein: https://primevideo.com/offers/P0n0iG,yes,No,No
ham,Zepto par naye arrivals aa gaye hain! Latest footwear collection dekhein: https://zepto.com/offers/FERlxy,yes,No,No
ham,"Amazon Prime Video member hone ke naate, aaj se hamare 40% off renewal offer ka early access paayein: https://primevideo.com/offers/yAXLBJ",yes,No,No
ham,"Diwali ki hardik shubhkamnayein! PharmEasy par 20% off ke saath celebrate karein, sirf hamare valued customers ke liye: https://pharmeasy.in/offers/0hGjr5",yes,No,No
ham,"redBus par flash sale! Fares Rs.100 se shuru, limited period ke liye. Yahan book karein: https://redbus.in/offers/28TWEt",yes,No,No
ham,HDFC Bank: Is hafte app se bill payment karne par 30% cashback paayein. Details: https://hdfcbank.com/offers/8bTO7u,yes,No,No
ham,Aapne 1000 ICICI Bank reward points kamaye hain. Agli transaction par redeem karein: https://icicibank.com/offers/vMc24W,yes,No,No
ham,"Ola: Abhi book karein aur agli trip par 50% off paayein, 22-01-2025 tak valid. Details: https://olacabs.com/offers/cJdK1Q",yes,No,No
ham,Titan par naye arrivals aa gaye hain! Latest footwear collection dekhein: https://titan.co.in/sale/4f0Y0q,yes,No,No
ham,Aapne 200 CRED reward points kamaye hain. Agli transaction par redeem karein: https://cred.club/rewards/AYFkzM,yes,No,No
ham,"Happy Birthday Priya! Aapke liye Rs.200 ka Zepto voucher, is mahine valid: https://zepto.com/offers/Ak1PPu",yes,No,No
ham,"IndiGo: Abhi book karein aur agli trip par 25% off paayein, 06-01-2026 tak valid. Details: https://goindigo.in/offers/zBm6VL",yes,No,No
ham,Aakhri mauka: aapke Airtel bonus data offer aaj raat expire ho raha hai. Extra benefit ke liye abhi recharge karein: https://airtel.in/offers/adHiMO,yes,No,No
ham,"Uber members ko hamare festive sale ka early access milta hai, select routes par 30% off: https://uber.com/promotions/bWe1lt",yes,No,No
ham,"redBus members ko hamare festive sale ka early access milta hai, select routes par 50% off: https://redbus.in/offers/jV1wz0",yes,No,No
ham,"MakeMyTrip: Abhi book karein aur agli trip par 20% off paayein, 14-01-2025 tak valid. Details: https://makemytrip.com/deals/68DX1p",yes,No,No
ham,Aapne 750 ICICI Bank reward points kamaye hain. Agli transaction par redeem karein: https://icicibank.com/offers/Sy4qe0,yes,No,No
ham,Aapka Policybazaar plan jald expire ho raha hai. Abhi renew karein aur pehle 3 mahino par 60% off paayein: https://policybazaar.com/renew/jGv9ey,yes,No,No
ham,"Meesho Great Indian Festival LIVE hai! kitchen appliances par 70% tak ki chhoot, stock khatam hone se pehle jaldi karein: https://meesho.com/offers/mjqOGx",yes,No,No
ham,"Blinkit app abhi kholein aur pao exclusive app-only deal 60% off, sirf aaj: https://blinkit.com/offers/94LpDV",yes,No,No
ham,"IRCTC members ko hamare festive sale ka early access milta hai, select routes par 30% off: https://irctc.co.in/offers/VyEuQ1",yes,No,No
ham,"IRCTC members ko hamare festive sale ka early access milta hai, select routes par 20% off: https://irctc.co.in/offers/xBpz4i",yes,No,No
ham,"Myntra ki Great Indian Festival ke aakhri kuch ghante! 60% tak off, aaj raat khatam hone se pehle shop karein: https://myntra.com/offers/v8cuwd",yes,No,No
ham,Limited period: aaj hi apni Jio membership upgrade karein aur annual fee par Rs.50 bachayein: https://jio.com/offers/sJiuNj,yes,No,No
ham,Aapne 250 ICICI Bank reward points kamaye hain. Agli transaction par redeem karein: https://icicibank.com/offers/3SpqBD,yes,No,No
ham,Aapka Jio plan benefit aaj khatam ho raha hai. Extra data na khone ke liye midnight se pehle renew karein: https://jio.com/offers/GyuHuj,yes,No,No
ham,"Ola: Abhi book karein aur agli trip par 30% off paayein, 16-08-2026 tak valid. Details: https://olacabs.com/offers/dsxYVB",yes,No,No
ham,Aapne 300 Paytm reward points kamaye hain. Agli transaction par redeem karein: https://paytm.com/rewards/hGoOX4,yes,No,No
ham,Aapka BYJU'S subscription 26-11-2026 ko renew hoga. Annual plan par upgrade karein aur 25% bachayein: https://byjus.com/offers/TF58XL,yes,No,No
ham,"Goibibo members ko hamare festive sale ka early access milta hai, select routes par 10% off: https://goibibo.com/deals/4oALHG",yes,No,No
ham,"Happy Birthday Amit! Aapke liye Rs.150 ka Amazon voucher, is mahine valid: https://amazon.in/deals/Egtpsi",yes,No,No
ham,Aapka BYJU'S plan benefit aaj khatam ho raha hai. Extra data na khone ke liye midnight se pehle renew karein: https://byjus.com/offers/e6Iq9m,yes,No,No
ham,BigBasket ki Big Sale live hai! beauty products par 30% tak ki chhoot. Abhi shop karein: https://bigbasket.com/offers/C5cYyv,yes,No,No
ham,"redBus members ko hamare festive sale ka early access milta hai, select routes par 15% off: https://redbus.in/offers/wmJJov",yes,No,No
ham,"Pepperfry ki Diwali Dhamaka Sale miss mat karein - storewide 75% tak off, sirf limited time ke liye: https://pepperfry.com/sale/etkEDA",yes,No,No
ham,Axis Bank: Dost ko refer karein aur dono ko 200 reward points milenge. Code RAVQ94 share karein: https://axisbank.com/offers/sPkbPw,yes,No,No
ham,SBI Card: Dost ko refer karein aur dono ko 150 reward points milenge. Code RJHO96 share karein: https://sbicard.com/offers/i4wVih,yes,No,No
ham,"Uber: Abhi book karein aur agli trip par 25% off paayein, 23-10-2025 tak valid. Details: https://uber.com/promotions/JFlClp",yes,No,No
ham,PhonePe: Is hafte app se bill payment karne par 50% cashback paayein. Details: https://phonepe.com/rewards/aPOJUI,yes,No,No
ham,Aapne 750 Paytm reward points kamaye hain. Agli transaction par redeem karein: https://paytm.com/rewards/jhIC22,yes,No,No
ham,Axis Bank: Dost ko refer karein aur dono ko 200 reward points milenge. Code ELKL41 share karein: https://axisbank.com/offers/TwxRpC,yes,No,No
ham,"Happy Birthday Pooja! Aapke liye Rs.50 ka Zepto voucher, is mahine valid: https://zepto.com/offers/VO5Vtl",yes,No,No
ham,"BookMyShow Year End Sale LIVE hai! fashion par 60% tak ki chhoot, stock khatam hone se pehle jaldi karein: https://bookmyshow.com/offers/VcVS1L",yes,No,No
ham,"Jio member hone ke naate, aaj se hamare 30% off renewal offer ka early access paayein: https://jio.com/offers/XvUI7z",yes,No,No
ham,"IndiGo par flash sale! Fares Rs.50 se shuru, limited period ke liye. Yahan book karein: https://goindigo.in/offers/7pzlrK",yes,No,No
ham,Axis Bank: Dost ko refer karein aur dono ko 1000 reward points milenge. Code OWSW64 share karein: https://axisbank.com/offers/pva3eT,yes,No,No
ham,"Blinkit End of Season Sale LIVE hai! groceries par 60% tak ki chhoot, stock khatam hone se pehle jaldi karein: https://blinkit.com/offers/mOESwV",yes,No,No
ham,"IRCTC members ko hamare festive sale ka early access milta hai, select routes par 40% off: https://irctc.co.in/offers/109AtU",yes,No,No
ham,SBI Card: Dost ko refer karein aur dono ko 1000 reward points milenge. Code TEZD75 share karein: https://sbicard.com/offers/6HXIt8,yes,No,No
ham,Aapne 300 Axis Bank reward points kamaye hain. Agli transaction par redeem karein: https://axisbank.com/offers/UB62E5,yes,No,No
ham,Titan ki Big Sale live hai! footwear par 70% tak ki chhoot. Abhi shop karein: https://titan.co.in/sale/PhYJry,yes,No,No
ham,Aapka Spotify subscription 06-12-2026 ko renew hoga. Annual plan par upgrade karein aur 50% bachayein: https://spotify.com/premium/6lBHoH,yes,No,No
ham,Aapne 1000 PhonePe reward points kamaye hain. Agli transaction par redeem karein: https://phonepe.com/rewards/WwajEw,yes,No,No
ham,"Sirf aaj ke liye: 1mg par beauty products par flat 25% off mil raha hai, aadhi raat se pehle order karein: https://1mg.com/offers/fQ8hLK",yes,No,No
ham,"MakeMyTrip: Abhi book karein aur agli trip par 20% off paayein, 14-02-2025 tak valid. Details: https://makemytrip.com/deals/hpyBCK",yes,No,No
ham,"Sirf aaj ke liye: BigBasket par groceries par flat 20% off mil raha hai, aadhi raat se pehle order karein: https://bigbasket.com/offers/Y4Pc2e",yes,No,No
ham,"Amazon Prime Video member hone ke naate, aaj se hamare 70% off renewal offer ka early access paayein: https://primevideo.com/offers/Pbt5nZ",yes,No,No
ham,Aapka Airtel plan jald expire ho raha hai. Abhi renew karein aur pehle 3 mahino par 50% off paayein: https://airtel.in/offers/NupgLq,yes,No,No
ham,Meesho: Is weekend storewide flat 20% off. T&C apply. Offers band karne ke liye STOP reply karein. https://meesho.com/offers/KntJxq,yes,No,No
ham,BookMyShow ki Big Sale live hai! electronics par 25% tak ki chhoot. Abhi shop karein: https://bookmyshow.com/offers/2m99pt,yes,No,No
ham,Aapne 250 ICICI Bank reward points kamaye hain. Agli transaction par redeem karein: https://icicibank.com/offers/UZIxB1,yes,No,No
ham,Aapne 500 SBI Card reward points kamaye hain. Agli transaction par redeem karein: https://sbicard.com/offers/XTPUYk,yes,No,No
ham,Aapka Spotify plan benefit aaj khatam ho raha hai. Extra data na khone ke liye midnight se pehle renew karein: https://spotify.com/premium/KhXet3,yes,No,No
ham,Aapka Disney+ Hotstar plan benefit aaj khatam ho raha hai. Extra data na khone ke liye midnight se pehle renew karein: https://hotstar.com/subscribe/i1PLxS,yes,No,No
ham,Aapka BYJU'S subscription 09-12-2025 ko renew hoga. Annual plan par upgrade karein aur 10% bachayein: https://byjus.com/offers/2xBa79,yes,No,No
ham,Flipkart: Is weekend storewide flat 20% off. T&C apply. Offers band karne ke liye STOP reply karein. https://flipkart.com/sale/MSAcMW,yes,No,No
ham,"Jio member hone ke naate, aaj se hamare 60% off renewal offer ka early access paayein: https://jio.com/offers/uIAwqN",yes,No,No
ham,"Zomato Independence Day Sale LIVE hai! kitchen appliances par 60% tak ki chhoot, stock khatam hone se pehle jaldi karein: https://zomato.com/gold/vMgzCx",yes,No,No
ham,Aakhri mauka: aapke Jio bonus data offer aaj raat expire ho raha hai. Extra benefit ke liye abhi recharge karein: https://jio.com/offers/zoyAuc,yes,No,No
ham,"Aapka pichla Meesho order pasand aaya tha? Agli order par 25% off, 22-08-2026 tak valid: https://meesho.com/offers/9UwPAc",yes,No,No
ham,"IRCTC: Abhi book karein aur agli trip par 15% off paayein, 06-11-2025 tak valid. Details: https://irctc.co.in/offers/5ZEP1c",yes,No,No
ham,"redBus members ko hamare festive sale ka early access milta hai, select routes par 40% off: https://redbus.in/offers/GGttFM",yes,No,No
ham,PhonePe: Is hafte app se bill payment karne par 10% cashback paayein. Details: https://phonepe.com/rewards/oqdrdS,yes,No,No
ham,Pepperfry par dost ko invite karein aur dono ko Rs.50 off milega. Code EGSA77 share karein: https://pepperfry.com/sale/xTCY4j,yes,No,No
ham,Limited period: aaj hi apni Netflix membership upgrade karein aur annual fee par Rs.150 bachayein: https://netflix.com/account/xKHOYT,yes,No,No
ham,Aapka Disney+ Hotstar plan benefit aaj khatam ho raha hai. Extra data na khone ke liye midnight se pehle renew karein: https://hotstar.com/subscribe/wBoQBS,yes,No,No
ham,Domino's: Is weekend storewide flat 10% off. T&C apply. Offers band karne ke liye STOP reply karein. https://dominos.co.in/offers/2wuz6l,yes,No,No
ham,HDFC Bank: Is hafte app se bill payment karne par 50% cashback paayein. Details: https://hdfcbank.com/offers/QiWvzZ,yes,No,No
ham,"IndiGo members ko hamare festive sale ka early access milta hai, select routes par 25% off: https://goindigo.in/offers/ctDTVg",yes,No,No
ham,SBI Card: Dost ko refer karein aur dono ko 300 reward points milenge. Code UGHM52 share karein: https://sbicard.com/offers/71NRej,yes,No,No
ham,HDFC Bank: Is hafte app se bill payment karne par 30% cashback paayein. Details: https://hdfcbank.com/offers/b0PpHY,yes,No,No
ham,"Ola par flash sale! Fares Rs.150 se shuru, limited period ke liye. Yahan book karein: https://olacabs.com/offers/h95H3e",yes,No,No
ham,"IndiGo members ko hamare festive sale ka early access milta hai, select routes par 70% off: https://goindigo.in/offers/Ka1Hv3",yes,No,No
ham,"Goibibo par flash sale! Fares Rs.100 se shuru, limited period ke liye. Yahan book karein: https://goibibo.com/deals/8clOsw",yes,No,No
ham,Aapne 100 Axis Bank reward points kamaye hain. Agli transaction par redeem karein: https://axisbank.com/offers/0o3PPh,yes,No,No
ham,"redBus: Abhi book karein aur agli trip par 10% off paayein, 13-06-2026 tak valid. Details: https://redbus.in/offers/0QKhQN",yes,No,No
ham,"Sirf aaj ke liye: Pepperfry par home decor par flat 30% off mil raha hai, aadhi raat se pehle order karein: https://pepperfry.com/sale/TBCp24",yes,No,No
ham,Aapka Vi subscription 13-02-2026 ko renew hoga. Annual plan par upgrade karein aur 70% bachayein: https://myvi.in/offers/fQpMqj,yes,No,No
ham,Limited period: aaj hi apni cult.fit membership upgrade karein aur annual fee par Rs.150 bachayein: https://cult.fit/offers/Xu4BHz,yes,No,No
ham,"cult.fit member hone ke naate, aaj se hamare 25% off renewal offer ka early access paayein: https://cult.fit/offers/KdmBCM",yes,No,No
ham,"Ola members ko hamare festive sale ka early access milta hai, select routes par 30% off: https://olacabs.com/offers/Iqh1v6",yes,No,No
ham,Ajio par dost ko invite karein aur dono ko Rs.150 off milega. Code USVL54 share karein: https://ajio.com/sale/ksbduZ,yes,No,No
ham,"IndiGo: Abhi book karein aur agli trip par 50% off paayein, 20-01-2025 tak valid. Details: https://goindigo.in/offers/Iw3EF9",yes,No,No
ham,"MakeMyTrip members ko hamare festive sale ka early access milta hai, select routes par 15% off: https://makemytrip.com/deals/LFXUxW",yes,No,No
ham,Aapne 1000 ICICI Bank reward points kamaye hain. Agli transaction par redeem karein: https://icicibank.com/offers/kSoFFo,yes,No,No
ham,Aapne 100 SBI Card reward points kamaye hain. Agli transaction par redeem karein: https://sbicard.com/offers/SQTrOa,yes,No,No
ham,"Ola: Abhi book karein aur agli trip par 50% off paayein, 21-07-2025 tak valid. Details: https://olacabs.com/offers/qE562h",yes,No,No
ham,"Amazon Great Indian Festival LIVE hai! electronics par 70% tak ki chhoot, stock khatam hone se pehle jaldi karein: https://amazon.in/deals/hODf95",yes,No,No
ham,Limited period: aaj hi apni Amazon Prime Video membership upgrade karein aur annual fee par Rs.50 bachayein: https://primevideo.com/offers/hEEZwr,yes,No,No
ham,"Amazon ki Great Indian Festival ke aakhri kuch ghante! 50% tak off, aaj raat khatam hone se pehle shop karein: https://amazon.in/deals/upzCot",yes,No,No
ham,"Spotify member hone ke naate, aaj se hamare 50% off renewal offer ka early access paayein: https://spotify.com/premium/HhouGH",yes,No,No
ham,Aapka Netflix plan jald expire ho raha hai. Abhi renew karein aur pehle 3 mahino par 10% off paayein: https://netflix.com/account/4hZQtn,yes,No,No
ham,Axis Bank: Is hafte app se bill payment karne par 10% cashback paayein. Details: https://axisbank.com/offers/uTzKav,yes,No,No
ham,"Ola par flash sale! Fares Rs.250 se shuru, limited period ke liye. Yahan book karein: https://olacabs.com/offers/0neGSY",yes,No,No
ham,CRED: Dost ko refer karein aur dono ko 1000 reward points milenge. Code ABKA47 share karein: https://cred.club/rewards/VY2dxy,yes,No,No
ham,"Ola: Abhi book karein aur agli trip par 10% off paayein, 24-03-2025 tak valid. Details: https://olacabs.com/offers/CklnLp",yes,No,No
ham,Aakhri mauka: aapke cult.fit bonus data offer aaj raat expire ho raha hai. Extra benefit ke liye abhi recharge karein: https://cult.fit/offers/lGropm,yes,No,No
ham,Aapka Unacademy plan benefit aaj khatam ho raha hai. Extra data na khone ke liye midnight se pehle renew karein: https://unacademy.com/offers/5TPwIA,yes,No,No
ham,"boAt ki Year End Sale miss mat karein - storewide 60% tak off, sirf limited time ke liye: https://boat-lifestyle.com/sale/cjGzkp",yes,No,No
ham,Aapka BYJU'S plan benefit aaj khatam ho raha hai. Extra data na khone ke liye midnight se pehle renew karein: https://byjus.com/offers/AxkRLp,yes,No,No
ham,Limited period: aaj hi apni Unacademy membership upgrade karein aur annual fee par Rs.300 bachayein: https://unacademy.com/offers/KXufxI,yes,No,No
ham,PhonePe: Dost ko refer karein aur dono ko 1000 reward points milenge. Code DWFY12 share karein: https://phonepe.com/rewards/8Eskc6,yes,No,No
ham,Aapka Disney+ Hotstar plan benefit aaj khatam ho raha hai. Extra data na khone ke liye midnight se pehle renew karein: https://hotstar.com/subscribe/L2bxvP,yes,No,No
ham,"Sirf aaj ke liye: PharmEasy par beauty products par flat 20% off mil raha hai, aadhi raat se pehle order karein: https://pharmeasy.in/offers/7JUCHC",yes,No,No
ham,"Happy Birthday Pooja! Aapke liye Rs.100 ka Swiggy voucher, is mahine valid: https://swiggy.com/offers/eNJCT4",yes,No,No
ham,Aapka Amazon Prime Video plan jald expire ho raha hai. Abhi renew karein aur pehle 3 mahino par 50% off paayein: https://primevideo.com/offers/XezcxX,yes,No,No
ham,"Aapka pichla Swiggy order pasand aaya tha? Agli order par 50% off, 01-11-2025 tak valid: https://swiggy.com/offers/KWTggm",yes,No,No
ham,"Sirf aaj ke liye: Flipkart par kitchen appliances par flat 40% off mil raha hai, aadhi raat se pehle order karein: https://flipkart.com/sale/ALYjge",yes,No,No
ham,Aapka Netflix plan benefit aaj khatam ho raha hai. Extra data na khone ke liye midnight se pehle renew karein: https://netflix.com/account/dMLnpk,yes,No,No
ham,"Uber par flash sale! Fares Rs.500 se shuru, limited period ke liye. Yahan book karein: https://uber.com/promotions/4h3bxm",yes,No,No
ham,"Unacademy member hone ke naate, aaj se hamare 25% off renewal offer ka early access paayein: https://unacademy.com/offers/13nzFP",yes,No,No
ham,"Pepperfry app abhi kholein aur pao exclusive app-only deal 60% off, sirf aaj: https://pepperfry.com/sale/k7g8hU",yes,No,No
ham,SBI Card: Dost ko refer karein aur dono ko 750 reward points milenge. Code TCKK18 share karein: https://sbicard.com/offers/spebVf,yes,No,No
ham,"Ola: Abhi book karein aur agli trip par 25% off paayein, 01-10-2025 tak valid. Details: https://olacabs.com/offers/jKARlz",yes,No,No
ham,"IndiGo par flash sale! Fares Rs.250 se shuru, limited period ke liye. Yahan book karein: https://goindigo.in/offers/uJ6Xmy",yes,No,No
ham,"Happy Birthday Pooja! Aapke liye Rs.500 ka Decathlon voucher, is mahine valid: https://decathlon.in/sale/mlyuKP",yes,No,No
ham,"IRCTC par flash sale! Fares Rs.50 se shuru, limited period ke liye. Yahan book karein: https://irctc.co.in/offers/RsEy0v",yes,No,No
ham,"redBus par flash sale! Fares Rs.300 se shuru, limited period ke liye. Yahan book karein: https://redbus.in/offers/LLlpW7",yes,No,No
ham,"IRCTC: Abhi book karein aur agli trip par 50% off paayein, 15-11-2026 tak valid. Details: https://irctc.co.in/offers/LojaV9",yes,No,No
ham,Zomato ki Big Sale live hai! home decor par 20% tak ki chhoot. Abhi shop karein: https://zomato.com/gold/OmacJi,yes,No,No
ham,Aapne 1000 PhonePe reward points kamaye hain. Agli transaction par redeem karein: https://phonepe.com/rewards/ia5RMd,yes,No,No
ham,"IndiGo members ko hamare festive sale ka early access milta hai, select routes par 50% off: https://goindigo.in/offers/c2Bysx",yes,No,No
ham,Aapne 1000 CRED reward points kamaye hain. Agli transaction par redeem karein: https://cred.club/rewards/2Cwtrl,yes,No,No
ham,"Myntra ki Monsoon Sale ke aakhri kuch ghante! 70% tak off, aaj raat khatam hone se pehle shop karein: https://myntra.com/offers/c6M7td",yes,No,No
ham,"Uber members ko hamare festive sale ka early access milta hai, select routes par 30% off: https://uber.com/promotions/MANLbT",yes,No,No
ham,Aapka Airtel plan benefit aaj khatam ho raha hai. Extra data na khone ke liye midnight se pehle renew karein: https://airtel.in/offers/zB7j2e,yes,No,No
ham,"Hi Raj, aapke Titan cart ke items ab sale mein hain. Order complete karein: https://titan.co.in/sale/igdpUh",yes,No,No
ham,"Republic Day Sale sirf 1mg par: home decor par flat 75% tak chhoot, abhi app download karein: https://1mg.com/offers/TnaaMq",yes,No,No
ham,Limited period: aaj hi apni Disney+ Hotstar membership upgrade karein aur annual fee par Rs.300 bachayein: https://hotstar.com/subscribe/kcVA7z,yes,No,No
ham,CRED: Dost ko refer karein aur dono ko 750 reward points milenge. Code UCDX76 share karein: https://cred.club/rewards/uWDixw,yes,No,No
ham,SBI Card: Is hafte app se bill payment karne par 40% cashback paayein. Details: https://sbicard.com/offers/oqL0UZ,yes,No,No
ham,CRED: Dost ko refer karein aur dono ko 250 reward points milenge. Code JCSY25 share karein: https://cred.club/rewards/fxBINq,yes,No,No
ham,"Ola members ko hamare festive sale ka early access milta hai, select routes par 70% off: https://olacabs.com/offers/WWBfN2",yes,No,No
ham,Aapne 150 CRED reward points kamaye hain. Agli transaction par redeem karein: https://cred.club/rewards/hpYwoo,yes,No,No
ham,ICICI Bank: Dost ko refer karein aur dono ko 100 reward points milenge. Code BLML40 share karein: https://icicibank.com/offers/5nQ9O9,yes,No,No
ham,CRED: Dost ko refer karein aur dono ko 750 reward points milenge. Code WDIY15 share karein: https://cred.club/rewards/kcRwfa,yes,No,No
ham,Aapka Jio subscription 08-09-2025 ko renew hoga. Annual plan par upgrade karein aur 60% bachayein: https://jio.com/offers/7TapJS,yes,No,No
ham,Aapka Amazon Prime Video subscription 23-10-2026 ko renew hoga. Annual plan par upgrade karein aur 60% bachayein: https://primevideo.com/offers/XfWOPp,yes,No,No
ham,"Domino's app abhi kholein aur pao exclusive app-only deal 40% off, sirf aaj: https://dominos.co.in/offers/J3G46V",yes,No,No
ham,"Goibibo: Abhi book karein aur agli trip par 40% off paayein, 15-01-2025 tak valid. Details: https://goibibo.com/deals/xfhEEg",yes,No,No
ham,"Titan Republic Day Sale LIVE hai! footwear par 60% tak ki chhoot, stock khatam hone se pehle jaldi karein: https://titan.co.in/sale/1NKaHk",yes,No,No
ham,"redBus: Abhi book karein aur agli trip par 40% off paayein, 23-08-2026 tak valid. Details: https://redbus.in/offers/cyxUk9",yes,No,No
ham,Aapka Vi plan jald expire ho raha hai. Abhi renew karein aur pehle 3 mahino par 25% off paayein: https://myvi.in/offers/1PTeNV,yes,No,No
ham,1mg par naye arrivals aa gaye hain! Latest footwear collection dekhein: https://1mg.com/offers/NaZnQh,yes,No,No
ham,"Uber: Abhi book karein aur agli trip par 10% off paayein, 18-10-2025 tak valid. Details: https://uber.com/promotions/BTEeEk",yes,No,No
ham,"Sirf aaj ke liye: Nykaa par home decor par flat 25% off mil raha hai, aadhi raat se pehle order karein: https://nykaa.com/sale/qv2efg",yes,No,No
ham,BookMyShow: Is weekend storewide flat 10% off. T&C apply. Offers band karne ke liye STOP reply karein. https://bookmyshow.com/offers/lgXNXm,yes,No,No
ham,"boAt ki Great Indian Festival miss mat karein - storewide 60% tak off, sirf limited time ke liye: https://boat-lifestyle.com/sale/5Ve4Ly",yes,No,No
ham,"New Year ki hardik shubhkamnayein! Blinkit par 70% off ke saath celebrate karein, sirf hamare valued customers ke liye: https://blinkit.com/offers/nu0iP6",yes,No,No
ham,Aapne 1000 CRED reward points kamaye hain. Agli transaction par redeem karein: https://cred.club/rewards/8F4OgQ,yes,No,No
ham,"Uber members ko hamare festive sale ka early access milta hai, select routes par 50% off: https://uber.com/promotions/BtBtpg",yes,No,No
ham,"Netflix member hone ke naate, aaj se hamare 20% off renewal offer ka early access paayein: https://netflix.com/account/nUYcrQ",yes,No,No
ham,Paytm: Is hafte app se bill payment karne par 70% cashback paayein. Details: https://paytm.com/rewards/egKWuH,yes,No,No
ham,Aapka Disney+ Hotstar subscription 23-02-2026 ko renew hoga. Annual plan par upgrade karein aur 50% bachayein: https://hotstar.com/subscribe/S6tX98,yes,No,No
ham,"redBus par flash sale! Fares Rs.150 se shuru, limited period ke liye. Yahan book karein: https://redbus.in/offers/YvmrXr",yes,No,No
ham,Pepperfry par dost ko invite karein aur dono ko Rs.250 off milega. Code CABN14 share karein: https://pepperfry.com/sale/tvgha1,yes,No,No
ham,Aapne 200 PhonePe reward points kamaye hain. Agli transaction par redeem karein: https://phonepe.com/rewards/CIYcSv,yes,No,No
ham,Aakhri mauka: aapke Jio bonus data offer aaj raat expire ho raha hai. Extra benefit ke liye abhi recharge karein: https://jio.com/offers/AvUPeX,yes,No,No
ham,"Vi member hone ke naate, aaj se hamare 60% off renewal offer ka early access paayein: https://myvi.in/offers/HdaAHn",yes,No,No
ham,"PharmEasy ki Independence Day Sale ke aakhri kuch ghante! 50% tak off, aaj raat khatam hone se pehle shop karein: https://pharmeasy.in/offers/TYTBKc",yes,No,No
ham,"1mg Big Billion Days LIVE hai! home decor par 60% tak ki chhoot, stock khatam hone se pehle jaldi karein: https://1mg.com/offers/8sUkjO",yes,No,No
ham,"redBus par flash sale! Fares Rs.300 se shuru, limited period ke liye. Yahan book karein: https://redbus.in/offers/TaA6x9",yes,No,No
ham,"Ola: Abhi book karein aur agli trip par 50% off paayein, 16-11-2026 tak valid. Details: https://olacabs.com/offers/q2Sj5s",yes,No,No
ham,Aapka Unacademy plan benefit aaj khatam ho raha hai. Extra data na khone ke liye midnight se pehle renew karein: https://unacademy.com/offers/LrDym9,yes,No,No
ham,"Vi member hone ke naate, aaj se hamare 50% off renewal offer ka early access paayein: https://myvi.in/offers/TauN1O",yes,No,No
ham,Aapne 500 PhonePe reward points kamaye hain. Agli transaction par redeem karein: https://phonepe.com/rewards/o27FWK,yes,No,No
ham,CRED: Is hafte app se bill payment karne par 30% cashback paayein. Details: https://cred.club/rewards/uXMDJ0,yes,No,No
ham,"Independence Day Sale sirf BookMyShow par: fashion par flat 75% tak chhoot, abhi app download karein: https://bookmyshow.com/offers/LFKOsD",yes,No,No
ham,"IRCTC par flash sale! Fares Rs.50 se shuru, limited period ke liye. Yahan book karein: https://irctc.co.in/offers/oZLgLG",yes,No,No
ham,CRED: Is hafte app se bill payment karne par 40% cashback paayein. Details: https://cred.club/rewards/99mYcV,yes,No,No
ham,"Disney+ Hotstar member hone ke naate, aaj se hamare 15% off renewal offer ka early access paayein: https://hotstar.com/subscribe/8rMpq4",yes,No,No
ham,Limited period: aaj hi apni Airtel membership upgrade karein aur annual fee par Rs.150 bachayein: https://airtel.in/offers/PgIP7r,yes,No,No
ham,"Goibibo members ko hamare festive sale ka early access milta hai, select routes par 60% off: https://goibibo.com/deals/orBr5A",yes,No,No
ham,"Ola members ko hamare festive sale ka early access milta hai, select routes par 10% off: https://olacabs.com/offers/3fq6Yj",yes,No,No
ham,"Eid ki hardik shubhkamnayein! Meesho par 10% off ke saath celebrate karein, sirf hamare valued customers ke liye: https://meesho.com/offers/E0cQpG",yes,No,No
ham,"IRCTC members ko hamare festive sale ka early access milta hai, select routes par 50% off: https://irctc.co.in/offers/PqmlZ1",yes,No,No
ham,Aakhri mauka: aapke Airtel bonus data offer aaj raat expire ho raha hai. Extra benefit ke liye abhi recharge karein: https://airtel.in/offers/LERhdo,yes,No,No
ham,"Year End Sale sirf PharmEasy par: footwear par flat 60% tak chhoot, abhi app download karein: https://pharmeasy.in/offers/0MIZej",yes,No,No
ham,Aapka Vi plan benefit aaj khatam ho raha hai. Extra data na khone ke liye midnight se pehle renew karein: https://myvi.in/offers/57CgWq,yes,No,No
ham,"MakeMyTrip par flash sale! Fares Rs.200 se shuru, limited period ke liye. Yahan book karein: https://makemytrip.com/deals/02th5d",yes,No,No
ham,Aapka Airtel subscription 19-09-2026 ko renew hoga. Annual plan par upgrade karein aur 70% bachayein: https://airtel.in/offers/96rVll,yes,No,No
ham,"Myntra End of Season Sale LIVE hai! footwear par 70% tak ki chhoot, stock khatam hone se pehle jaldi karein: https://myntra.com/offers/Vbxpvv",yes,No,No
ham,"Uber par flash sale! Fares Rs.200 se shuru, limited period ke liye. Yahan book karein: https://uber.com/promotions/XlT0CI",yes,No,No
ham,"Ajio ki Diwali Dhamaka Sale ke aakhri kuch ghante! 70% tak off, aaj raat khatam hone se pehle shop karein: https://ajio.com/sale/SGq7VY",yes,No,No
ham,Decathlon ki Big Sale live hai! electronics par 10% tak ki chhoot. Abhi shop karein: https://decathlon.in/sale/TgCQiY,yes,No,No
ham,Myntra par dost ko invite karein aur dono ko Rs.100 off milega. Code LAEV79 share karein: https://myntra.com/offers/TrCJ4D,yes,No,No
ham,Axis Bank: Is hafte app se bill payment karne par 30% cashback paayein. Details: https://axisbank.com/offers/VgmHI1,yes,No,No
ham,Limited period: aaj hi apni Jio membership upgrade karein aur annual fee par Rs.100 bachayein: https://jio.com/offers/JAVfR5,yes,No,No
ham,Aapka Vi plan jald expire ho raha hai. Abhi renew karein aur pehle 3 mahino par 40% off paayein: https://myvi.in/offers/tPrE2h,yes,No,No
ham,"Ola: Abhi book karein aur agli trip par 15% off paayein, 23-05-2026 tak valid. Details: https://olacabs.com/offers/DJ2FiV",yes,No,No
ham,"Eid ki hardik shubhkamnayein! Pepperfry par 15% off ke saath celebrate karein, sirf hamare valued customers ke liye: https://pepperfry.com/sale/WCm9u4",yes,No,No
ham,Aapka Policybazaar plan jald expire ho raha hai. Abhi renew karein aur pehle 3 mahino par 40% off paayein: https://policybazaar.com/renew/bb1Gr7,yes,No,No
ham,"MakeMyTrip: Abhi book karein aur agli trip par 70% off paayein, 01-09-2026 tak valid. Details: https://makemytrip.com/deals/S4my89",yes,No,No
ham,"Goibibo members ko hamare festive sale ka early access milta hai, select routes par 10% off: https://goibibo.com/deals/ibKFYK",yes,No,No
ham,"Zepto app abhi kholein aur pao exclusive app-only deal 50% off, sirf aaj: https://zepto.com/offers/edhfed",yes,No,No
ham,"Big Billion Days sirf Amazon par: beauty products par flat 80% tak chhoot, abhi app download karein: https://amazon.in/deals/ZoV0vt",yes,No,No
ham,SBI Card: Dost ko refer karein aur dono ko 300 reward points milenge. Code EHRG18 share karein: https://sbicard.com/offers/RiotiD,yes,No,No
ham,Aapka Disney+ Hotstar plan jald expire ho raha hai. Abhi renew karein aur pehle 3 mahino par 15% off paayein: https://hotstar.com/subscribe/dSwTPy,yes,No,No
ham,Aapka Disney+ Hotstar plan jald expire ho raha hai. Abhi renew karein aur pehle 3 mahino par 10% off paayein: https://hotstar.com/subscribe/MTAV9H,yes,No,No
ham,Paytm: Is hafte app se bill payment karne par 30% cashback paayein. Details: https://paytm.com/rewards/223hlb,yes,No,No
ham,"MakeMyTrip par flash sale! Fares Rs.150 se shuru, limited period ke liye. Yahan book karein: https://makemytrip.com/deals/e4WsKk",yes,No,No
ham,Aapka Disney+ Hotstar subscription 06-06-2025 ko renew hoga. Annual plan par upgrade karein aur 40% bachayein: https://hotstar.com/subscribe/oWAr5U,yes,No,No
ham,Aapka cult.fit plan jald expire ho raha hai. Abhi renew karein aur pehle 3 mahino par 10% off paayein: https://cult.fit/offers/11JMF0,yes,No,No
ham,Aapne 500 Paytm reward points kamaye hain. Agli transaction par redeem karein: https://paytm.com/rewards/6t9d3o,yes,No,No
ham,CRED: Dost ko refer karein aur dono ko 150 reward points milenge. Code HFAC24 share karein: https://cred.club/rewards/WBdTwi,yes,No,No
ham,Paytm: Is hafte app se bill payment karne par 70% cashback paayein. Details: https://paytm.com/rewards/VcozNA,yes,No,No
ham,Myntra ki Big Sale live hai! footwear par 30% tak ki chhoot. Abhi shop karein: https://myntra.com/offers/0yMDU5,yes,No,No
ham,"Myntra ki Independence Day Sale miss mat karein - storewide 75% tak off, sirf limited time ke liye: https://myntra.com/offers/xzmVbl",yes,No,No
ham,Aapka Amazon Prime Video plan jald expire ho raha hai. Abhi renew karein aur pehle 3 mahino par 50% off paayein: https://primevideo.com/offers/pAEW08,yes,No,No
ham,Aapka cult.fit subscription 06-09-2026 ko renew hoga. Annual plan par upgrade karein aur 40% bachayein: https://cult.fit/offers/cqbkd7,yes,No,No
ham,"Decathlon ki Monsoon Sale ke aakhri kuch ghante! 50% tak off, aaj raat khatam hone se pehle shop karein: https://decathlon.in/sale/8PXcTk",yes,No,No
ham,"Ola: Abhi book karein aur agli trip par 70% off paayein, 16-10-2026 tak valid. Details: https://olacabs.com/offers/GG426Q",yes,No,No
ham,"Vi member hone ke naate, aaj se hamare 15% off renewal offer ka early access paayein: https://myvi.in/offers/llpHxE",yes,No,No
ham,"cult.fit member hone ke naate, aaj se hamare 30% off renewal offer ka early access paayein: https://cult.fit/offers/T84y4H",yes,No,No
ham,Aapne 200 Axis Bank reward points kamaye hain. Agli transaction par redeem karein: https://axisbank.com/offers/q2Fi69,yes,No,No
ham,"Zomato Monsoon Sale LIVE hai! electronics par 70% tak ki chhoot, stock khatam hone se pehle jaldi karein: https://zomato.com/gold/LwsHdG",yes,No,No
ham,Aapne 500 Axis Bank reward points kamaye hain. Agli transaction par redeem karein: https://axisbank.com/offers/ELn10Q,yes,No,No
ham,BookMyShow par naye arrivals aa gaye hain! Latest footwear collection dekhein: https://bookmyshow.com/offers/g8ALgz,yes,No,No
ham,Aapne 300 ICICI Bank reward points kamaye hain. Agli transaction par redeem karein: https://icicibank.com/offers/F3xpy8,yes,No,No
ham,Aapka Policybazaar plan benefit aaj khatam ho raha hai. Extra data na khone ke liye midnight se pehle renew karein: https://policybazaar.com/renew/QOuw6u,yes,No,No
ham,Aakhri mauka: aapke Disney+ Hotstar bonus data offer aaj raat expire ho raha hai. Extra benefit ke liye abhi recharge karein: https://hotstar.com/subscribe/aRaJjV,yes,No,No
ham,Limited period: aaj hi apni cult.fit membership upgrade karein aur annual fee par Rs.500 bachayein: https://cult.fit/offers/7hLvt4,yes,No,No
ham,Aapka Jio subscription 23-08-2026 ko renew hoga. Annual plan par upgrade karein aur 40% bachayein: https://jio.com/offers/k7VTxt,yes,No,No
ham,"Uber: Abhi book karein aur agli trip par 40% off paayein, 26-10-2026 tak valid. Details: https://uber.com/promotions/PSfrKD",yes,No,No
ham,"BigBasket app abhi kholein aur pao exclusive app-only deal 15% off, sirf aaj: https://bigbasket.com/offers/dUks26",yes,No,No
ham,"Sirf aaj ke liye: Titan par beauty products par flat 70% off mil raha hai, aadhi raat se pehle order karein: https://titan.co.in/sale/XjnGQO",yes,No,No
ham,Zomato: Is weekend storewide flat 70% off. T&C apply. Offers band karne ke liye STOP reply karein. https://zomato.com/gold/hf1EdV,yes,No,No
ham,Aapne 250 Axis Bank reward points kamaye hain. Agli transaction par redeem karein: https://axisbank.com/offers/7PTTIc,yes,No,No
ham,Paytm: Is hafte app se bill payment karne par 70% cashback paayein. Details: https://paytm.com/rewards/tkzjdH,yes,No,No
ham,"Uber members ko hamare festive sale ka early access milta hai, select routes par 60% off: https://uber.com/promotions/vb02Rs",yes,No,No
ham,SBI Card: Is hafte app se bill payment karne par 30% cashback paayein. Details: https://sbicard.com/offers/NFdPIs,yes,No,No
ham,BigBasket: Is weekend storewide flat 30% off. T&C apply. Offers band karne ke liye STOP reply karein. https://bigbasket.com/offers/udEshI,yes,No,No
ham,Aapne 250 CRED reward points kamaye hain. Agli transaction par redeem karein: https://cred.club/rewards/HFjxKq,yes,No,No
ham,"Uber members ko hamare festive sale ka early access milta hai, select routes par 15% off: https://uber.com/promotions/Ykd0QI",yes,No,No
ham,"redBus members ko hamare festive sale ka early access milta hai, select routes par 10% off: https://redbus.in/offers/NiSzhp",yes,No,No
ham,Aapka Airtel subscription 18-10-2026 ko renew hoga. Annual plan par upgrade karein aur 30% bachayein: https://airtel.in/offers/YnmUfZ,yes,No,No
ham,"Vi member hone ke naate, aaj se hamare 50% off renewal offer ka early access paayein: https://myvi.in/offers/aDcV1K",yes,No,No
ham,"Titan ki Diwali Dhamaka Sale ke aakhri kuch ghante! 50% tak off, aaj raat khatam hone se pehle shop karein: https://titan.co.in/sale/HXWNVu",yes,No,No
ham,SBI Card: Is hafte app se bill payment karne par 15% cashback paayein. Details: https://sbicard.com/offers/4vatAj,yes,No,No
ham,Aapka Vi plan benefit aaj khatam ho raha hai. Extra data na khone ke liye midnight se pehle renew karein: https://myvi.in/offers/KtPk15,yes,No,No
ham,Limited period: aaj hi apni Policybazaar membership upgrade karein aur annual fee par Rs.300 bachayein: https://policybazaar.com/renew/arb8hK,yes,No,No
ham,"BYJU'S member hone ke naate, aaj se hamare 30% off renewal offer ka early access paayein: https://byjus.com/offers/hbSDny",yes,No,No
ham,Aapka Jio plan benefit aaj khatam ho raha hai. Extra data na khone ke liye midnight se pehle renew karein: https://jio.com/offers/hK3dhy,yes,No,No
ham,Aapka Unacademy plan jald expire ho raha hai. Abhi renew karein aur pehle 3 mahino par 25% off paayein: https://unacademy.com/offers/3z7upe,yes,No,No
ham,"Swiggy ki Monsoon Sale ke aakhri kuch ghante! 60% tak off, aaj raat khatam hone se pehle shop karein: https://swiggy.com/offers/PDL5UA",yes,No,No
ham,Aapka Jio plan jald expire ho raha hai. Abhi renew karein aur pehle 3 mahino par 60% off paayein: https://jio.com/offers/HEv0vR,yes,No,No
ham,"Ola: Abhi book karein aur agli trip par 10% off paayein, 23-08-2025 tak valid. Details: https://olacabs.com/offers/qRbQOO",yes,No,No
ham,HDFC Bank: Is hafte app se bill payment karne par 10% cashback paayein. Details: https://hdfcbank.com/offers/l7FwFT,yes,No,No
ham,boAt par naye arrivals aa gaye hain! Latest kitchen appliances collection dekhein: https://boat-lifestyle.com/sale/ijrW5Y,yes,No,No
ham,Aakhri mauka: aapke cult.fit bonus data offer aaj raat expire ho raha hai. Extra benefit ke liye abhi recharge karein: https://cult.fit/offers/cqccxa,yes,No,No
ham,"IndiGo par flash sale! Fares Rs.500 se shuru, limited period ke liye. Yahan book karein: https://goindigo.in/offers/CUDWma",yes,No,No
ham,"Sirf aaj ke liye: Tanishq par kitchen appliances par flat 70% off mil raha hai, aadhi raat se pehle order karein: https://tanishq.co.in/offers/AKMx2R",yes,No,No
ham,"boAt app abhi kholein aur pao exclusive app-only deal 20% off, sirf aaj: https://boat-lifestyle.com/sale/ACN5rL",yes,No,No
ham,"Happy Birthday Pooja! Aapke liye Rs.100 ka Decathlon voucher, is mahine valid: https://decathlon.in/sale/Xz9pcV",yes,No,No
ham,"Uber members ko hamare festive sale ka early access milta hai, select routes par 30% off: https://uber.com/promotions/3eiHmb",yes,No,No
ham,Aapne 300 Axis Bank reward points kamaye hain. Agli transaction par redeem karein: https://axisbank.com/offers/qykqfc,yes,No,No
ham,Decathlon: Is weekend storewide flat 15% off. T&C apply. Offers band karne ke liye STOP reply karein. https://decathlon.in/sale/YJw3j6,yes,No,No
ham,"MakeMyTrip: Abhi book karein aur agli trip par 15% off paayein, 25-09-2026 tak valid. Details: https://makemytrip.com/deals/n7Mjlv",yes,No,No
ham,SBI Card: Is hafte app se bill payment karne par 30% cashback paayein. Details: https://sbicard.com/offers/ECVjVn,yes,No,No
ham,"Sirf aaj ke liye: Zepto par fashion par flat 30% off mil raha hai, aadhi raat se pehle order karein: https://zepto.com/offers/uFXIja",yes,No,No
ham,"redBus members ko hamare festive sale ka early access milta hai, select routes par 60% off: https://redbus.in/offers/68ubGp",yes,No,No
ham,"redBus par flash sale! Fares Rs.150 se shuru, limited period ke liye. Yahan book karein: https://redbus.in/offers/sFPiWk",yes,No,No
ham,"Ola par flash sale! Fares Rs.500 se shuru, limited period ke liye. Yahan book karein: https://olacabs.com/offers/FKNUy9",yes,No,No
ham,"Policybazaar member hone ke naate, aaj se hamare 50% off renewal offer ka early access paayein: https://policybazaar.com/renew/GzxyGg",yes,No,No
ham,Axis Bank: Is hafte app se bill payment karne par 25% cashback paayein. Details: https://axisbank.com/offers/7wd0he,yes,No,No
ham,HDFC Bank: Is hafte app se bill payment karne par 60% cashback paayein. Details: https://hdfcbank.com/offers/deIsO3,yes,No,No
ham,Aakhri mauka: aapke Airtel bonus data offer aaj raat expire ho raha hai. Extra benefit ke liye abhi recharge karein: https://airtel.in/offers/ENHjG4,yes,No,No
ham,"New Year ki hardik shubhkamnayein! Tanishq par 40% off ke saath celebrate karein, sirf hamare valued customers ke liye: https://tanishq.co.in/offers/keCH9Y",yes,No,No
ham,"redBus members ko hamare festive sale ka early access milta hai, select routes par 30% off: https://redbus.in/offers/Mi0z38",yes,No,No
ham,Zomato par dost ko invite karein aur dono ko Rs.500 off milega. Code LUOF34 share karein: https://zomato.com/gold/T5ttID,yes,No,No
ham,Myntra par dost ko invite karein aur dono ko Rs.500 off milega. Code JSGU87 share karein: https://myntra.com/offers/hSiNrv,yes,No,No
ham,PhonePe: Dost ko refer karein aur dono ko 500 reward points milenge. Code KEFZ15 share karein: https://phonepe.com/rewards/M5WWFP,yes,No,No
ham,Aakhri mauka: aapke Unacademy bonus data offer aaj raat expire ho raha hai. Extra benefit ke liye abhi recharge karein: https://unacademy.com/offers/BeypRl,yes,No,No
ham,Aapne 200 SBI Card reward points kamaye hain. Agli transaction par redeem karein: https://sbicard.com/offers/Dm5Sjg,yes,No,No
ham,"Hi Raj, aapke Titan cart ke items ab sale mein hain. Order complete karein: https://titan.co.in/sale/N5FtwX",yes,No,No
ham,Aapne 250 SBI Card reward points kamaye hain. Agli transaction par redeem karein: https://sbicard.com/offers/tw9HvN,yes,No,No
ham,"Republic Day Sale sirf Ajio par: home decor par flat 50% tak chhoot, abhi app download karein: https://ajio.com/sale/2zTG6v",yes,No,No
ham,"Jio member hone ke naate, aaj se hamare 60% off renewal offer ka early access paayein: https://jio.com/offers/uryZk7",yes,No,No
ham,"redBus par flash sale! Fares Rs.500 se shuru, limited period ke liye. Yahan book karein: https://redbus.in/offers/S1m4Nc",yes,No,No
ham,"Ola: Abhi book karein aur agli trip par 50% off paayein, 12-01-2026 tak valid. Details: https://olacabs.com/offers/4yT96k",yes,No,No
ham,CRED: Dost ko refer karein aur dono ko 500 reward points milenge. Code FRGX46 share karein: https://cred.club/rewards/od7ODB,yes,No,No
ham,"Ajio app abhi kholein aur pao exclusive app-only deal 30% off, sirf aaj: https://ajio.com/sale/YRvK15",yes,No,No
ham,Aapka Netflix plan jald expire ho raha hai. Abhi renew karein aur pehle 3 mahino par 15% off paayein: https://netflix.com/account/8ttSbT,yes,No,No
ham,"Big Billion Days sirf BookMyShow par: groceries par flat 80% tak chhoot, abhi app download karein: https://bookmyshow.com/offers/2tZidI",yes,No,No
ham,CRED: Is hafte app se bill payment karne par 30% cashback paayein. Details: https://cred.club/rewards/1RoEPU,yes,No,No
ham,"Year End Sale sirf boAt par: accessories par flat 70% tak chhoot, abhi app download karein: https://boat-lifestyle.com/sale/DUIJA1",yes,No,No
ham,"IndiGo: Abhi book karein aur agli trip par 40% off paayein, 27-05-2025 tak valid. Details: https://goindigo.in/offers/sdVKdF",yes,No,No
ham,Paytm: Dost ko refer karein aur dono ko 1000 reward points milenge. Code VDRC32 share karein: https://paytm.com/rewards/vAWT0v,yes,No,No
ham,Tanishq ki Big Sale live hai! home decor par 70% tak ki chhoot. Abhi shop karein: https://tanishq.co.in/offers/6tJC26,yes,No,No
ham,"MakeMyTrip par flash sale! Fares Rs.150 se shuru, limited period ke liye. Yahan book karein: https://makemytrip.com/deals/95bdHV",yes,No,No
ham,Myntra par dost ko invite karein aur dono ko Rs.50 off milega. Code HUIC32 share karein: https://myntra.com/offers/xLcm6i,yes,No,No
ham,"MakeMyTrip par flash sale! Fares Rs.100 se shuru, limited period ke liye. Yahan book karein: https://makemytrip.com/deals/4Cb9CI",yes,No,No
ham,CRED: Dost ko refer karein aur dono ko 1000 reward points milenge. Code ZALF86 share karein: https://cred.club/rewards/hJoS9T,yes,No,No
ham,Aapka Amazon Prime Video subscription 07-03-2026 ko renew hoga. Annual plan par upgrade karein aur 70% bachayein: https://primevideo.com/offers/LhyIbr,yes,No,No
ham,Aapne 1000 ICICI Bank reward points kamaye hain. Agli transaction par redeem karein: https://icicibank.com/offers/CtsRXJ,yes,No,No
ham,Aapka Airtel plan benefit aaj khatam ho raha hai. Extra data na khone ke liye midnight se pehle renew karein: https://airtel.in/offers/ritzGT,yes,No,No
ham,Aapka Netflix plan jald expire ho raha hai. Abhi renew karein aur pehle 3 mahino par 15% off paayein: https://netflix.com/account/IpDUXf,yes,No,No
ham,"IRCTC members ko hamare festive sale ka early access milta hai, select routes par 70% off: https://irctc.co.in/offers/vkI4zb",yes,No,No
ham,Aapne 100 Paytm reward points kamaye hain. Agli transaction par redeem karein: https://paytm.com/rewards/6tXZeE,yes,No,No
ham,"Ola par flash sale! Fares Rs.250 se shuru, limited period ke liye. Yahan book karein: https://olacabs.com/offers/96bhBx",yes,No,No
ham,Swiggy par dost ko invite karein aur dono ko Rs.100 off milega. Code XOOC18 share karein: https://swiggy.com/offers/PFLfxu,yes,No,No
ham,"Goibibo members ko hamare festive sale ka early access milta hai, select routes par 10% off: https://goibibo.com/deals/5jJJah",yes,No,No
ham,Limited period: aaj hi apni Disney+ Hotstar membership upgrade karein aur annual fee par Rs.250 bachayein: https://hotstar.com/subscribe/4Deud6,yes,No,No
ham,"IndiGo: Abhi book karein aur agli trip par 70% off paayein, 23-11-2025 tak valid. Details: https://goindigo.in/offers/6LXVW7",yes,No,No
ham,"Amazon ki Big Billion Days ke aakhri kuch ghante! 70% tak off, aaj raat khatam hone se pehle shop karein: https://amazon.in/deals/DUnwEP",yes,No,No
ham,Aakhri mauka: aapke cult.fit bonus data offer aaj raat expire ho raha hai. Extra benefit ke liye abhi recharge karein: https://cult.fit/offers/JxmDzG,yes,No,No
ham,"Year End Sale sirf 1mg par: accessories par flat 50% tak chhoot, abhi app download karein: https://1mg.com/offers/vinLAS",yes,No,No
ham,"Tanishq ki Republic Day Sale miss mat karein - storewide 80% tak off, sirf limited time ke liye: https://tanishq.co.in/offers/N17BRj",yes,No,No
ham,Aapne 300 Paytm reward points kamaye hain. Agli transaction par redeem karein: https://paytm.com/rewards/Y764u4,yes,No,No
ham,"Titan app abhi kholein aur pao exclusive app-only deal 70% off, sirf aaj: https://titan.co.in/sale/ZFRJeO",yes,No,No
ham,HDFC Bank: Is hafte app se bill payment karne par 50% cashback paayein. Details: https://hdfcbank.com/offers/9smgjt,yes,No,No
ham,Aapka Policybazaar plan jald expire ho raha hai. Abhi renew karein aur pehle 3 mahino par 60% off paayein: https://policybazaar.com/renew/nVoYgK,yes,No,No
ham,Paytm: Dost ko refer karein aur dono ko 100 reward points milenge. Code ZFBE87 share karein: https://paytm.com/rewards/EFg60X,yes,No,No
ham,Aapka Disney+ Hotstar plan jald expire ho raha hai. Abhi renew karein aur pehle 3 mahino par 10% off paayein: https://hotstar.com/subscribe/XTK57b,yes,No,No
ham,"MakeMyTrip par flash sale! Fares Rs.250 se shuru, limited period ke liye. Yahan book karein: https://makemytrip.com/deals/MXwU2I",yes,No,No
ham,"MakeMyTrip par flash sale! Fares Rs.200 se shuru, limited period ke liye. Yahan book karein: https://makemytrip.com/deals/TMulap",yes,No,No
ham,Meesho ki Big Sale live hai! groceries par 70% tak ki chhoot. Abhi shop karein: https://meesho.com/offers/Rsyh1k,yes,No,No
ham,"Diwali ki hardik shubhkamnayein! Flipkart par 40% off ke saath celebrate karein, sirf hamare valued customers ke liye: https://flipkart.com/sale/dEqxRf",yes,No,No
ham,"Eid ki hardik shubhkamnayein! Zepto par 50% off ke saath celebrate karein, sirf hamare valued customers ke liye: https://zepto.com/offers/neWGYN",yes,No,No
ham,"Blinkit app abhi kholein aur pao exclusive app-only deal 10% off, sirf aaj: https://blinkit.com/offers/zQABNQ",yes,No,No
ham,"Uber par flash sale! Fares Rs.100 se shuru, limited period ke liye. Yahan book karein: https://uber.com/promotions/DMDxRn",yes,No,No
ham,"Spotify member hone ke naate, aaj se hamare 10% off renewal offer ka early access paayein: https://spotify.com/premium/P1qYji",yes,No,No
ham,"Ola: Abhi book karein aur agli trip par 60% off paayein, 21-04-2026 tak valid. Details: https://olacabs.com/offers/FGwEuP",yes,No,No
ham,"Aapka pichla BigBasket order pasand aaya tha? Agli order par 40% off, 25-12-2025 tak valid: https://bigbasket.com/offers/YG4U0g",yes,No,No
ham,"Sirf aaj ke liye: BookMyShow par home decor par flat 70% off mil raha hai, aadhi raat se pehle order karein: https://bookmyshow.com/offers/vhftY7",yes,No,No
ham,"Goibibo members ko hamare festive sale ka early access milta hai, select routes par 40% off: https://goibibo.com/deals/qHhSh7",yes,No,No
ham,"Zepto Independence Day Sale LIVE hai! beauty products par 50% tak ki chhoot, stock khatam hone se pehle jaldi karein: https://zepto.com/offers/RgmZFP",yes,No,No
ham,"Uber members ko hamare festive sale ka early access milta hai, select routes par 70% off: https://uber.com/promotions/QRwJI0",yes,No,No
ham,"redBus par flash sale! Fares Rs.50 se shuru, limited period ke liye. Yahan book karein: https://redbus.in/offers/2x8OtF",yes,No,No
ham,"IRCTC par flash sale! Fares Rs.500 se shuru, limited period ke liye. Yahan book karein: https://irctc.co.in/offers/XPXrjZ",yes,No,No
ham,"redBus: Abhi book karein aur agli trip par 30% off paayein, 19-01-2025 tak valid. Details: https://redbus.in/offers/uRqzRY",yes,No,No
ham,Axis Bank: Is hafte app se bill payment karne par 60% cashback paayein. Details: https://axisbank.com/offers/lDxmBF,yes,No,No
ham,"Domino's ki Monsoon Sale ke aakhri kuch ghante! 70% tak off, aaj raat khatam hone se pehle shop karein: https://dominos.co.in/offers/SJg514",yes,No,No
ham,Limited period: aaj hi apni Jio membership upgrade karein aur annual fee par Rs.500 bachayein: https://jio.com/offers/RuNc9Q,yes,No,No
ham,Aapka Policybazaar plan benefit aaj khatam ho raha hai. Extra data na khone ke liye midnight se pehle renew karein: https://policybazaar.com/renew/BRxpX6,yes,No,No
ham,Aapne 150 Paytm reward points kamaye hain. Agli transaction par redeem karein: https://paytm.com/rewards/W61OvI,yes,No,No
ham,Aapka Jio subscription 10-08-2026 ko renew hoga. Annual plan par upgrade karein aur 15% bachayein: https://jio.com/offers/PPRUSt,yes,No,No
ham,Aakhri mauka: aapke Spotify bonus data offer aaj raat expire ho raha hai. Extra benefit ke liye abhi recharge karein: https://spotify.com/premium/hLuLfL,yes,No,No
ham,Aapne 500 PhonePe reward points kamaye hain. Agli transaction par redeem karein: https://phonepe.com/rewards/xnUWox,yes,No,No
ham,Limited period: aaj hi apni Airtel membership upgrade karein aur annual fee par Rs.150 bachayein: https://airtel.in/offers/Ui5xAN,yes,No,No
ham,"IndiGo members ko hamare festive sale ka early access milta hai, select routes par 10% off: https://goindigo.in/offers/IhTP4v",yes,No,No
ham,"Happy Birthday Rahul! Aapke liye Rs.100 ka Lenskart voucher, is mahine valid: https://lenskart.com/offers/RFvLKm",yes,No,No
ham,"IRCTC: Abhi book karein aur agli trip par 30% off paayein, 09-10-2025 tak valid. Details: https://irctc.co.in/offers/HWE8Rm",yes,No,No
ham,"Policybazaar member hone ke naate, aaj se hamare 40% off renewal offer ka early access paayein: https://policybazaar.com/renew/TjfKDa",yes,No,No
ham,Limited period: aaj hi apni Disney+ Hotstar membership upgrade karein aur annual fee par Rs.250 bachayein: https://hotstar.com/subscribe/r9LSuY,yes,No,No
ham,HDFC Bank: Dost ko refer karein aur dono ko 500 reward points milenge. Code KMLN77 share karein: https://hdfcbank.com/offers/IlKTL0,yes,No,No
ham,"Great Indian Festival sirf Blinkit par: beauty products par flat 70% tak chhoot, abhi app download karein: https://blinkit.com/offers/3wv1Hi",yes,No,No
ham,Aakhri mauka: aapke Airtel bonus data offer aaj raat expire ho raha hai. Extra benefit ke liye abhi recharge karein: https://airtel.in/offers/0bB03n,yes,No,No
ham,Paytm: Is hafte app se bill payment karne par 40% cashback paayein. Details: https://paytm.com/rewards/SM9HaK,yes,No,No
ham,Aakhri mauka: aapke Policybazaar bonus data offer aaj raat expire ho raha hai. Extra benefit ke liye abhi recharge karein: https://policybazaar.com/renew/FQjKTP,yes,No,No
ham,"Sirf aaj ke liye: Flipkart par footwear par flat 25% off mil raha hai, aadhi raat se pehle order karein: https://flipkart.com/sale/csTeNN",yes,No,No
ham,"IRCTC: Abhi book karein aur agli trip par 40% off paayein, 17-08-2025 tak valid. Details: https://irctc.co.in/offers/C4vwTP",yes,No,No
ham,1mg par dost ko invite karein aur dono ko Rs.500 off milega. Code ECTF50 share karein: https://1mg.com/offers/w763gx,yes,No,No
ham,Aakhri mauka: aapke Spotify bonus data offer aaj raat expire ho raha hai. Extra benefit ke liye abhi recharge karein: https://spotify.com/premium/PfVFD5,yes,No,No
ham,Lenskart: Is weekend storewide flat 60% off. T&C apply. Offers band karne ke liye STOP reply karein. https://lenskart.com/offers/LadDWF,yes,No,No
ham,Aapne 1000 PhonePe reward points kamaye hain. Agli transaction par redeem karein: https://phonepe.com/rewards/IcSp2l,yes,No,No
ham,Aapka BYJU'S plan jald expire ho raha hai. Abhi renew karein aur pehle 3 mahino par 50% off paayein: https://byjus.com/offers/bpF2bS,yes,No,No
ham,"Swiggy ki Independence Day Sale miss mat karein - storewide 75% tak off, sirf limited time ke liye: https://swiggy.com/offers/99NPci",yes,No,No
ham,"redBus members ko hamare festive sale ka early access milta hai, select routes par 10% off: https://redbus.in/offers/i3PKTS",yes,No,No
ham,"Vi member hone ke naate, aaj se hamare 40% off renewal offer ka early access paayein: https://myvi.in/offers/TfocpI",yes,No,No
ham,"Ajio ki Big Billion Days ke aakhri kuch ghante! 60% tak off, aaj raat khatam hone se pehle shop karein: https://ajio.com/sale/yuaPem",yes,No,No
ham,Limited period: aaj hi apni Amazon Prime Video membership upgrade karein aur annual fee par Rs.250 bachayein: https://primevideo.com/offers/eToxUr,yes,No,No
ham,"Uber par flash sale! Fares Rs.500 se shuru, limited period ke liye. Yahan book karein: https://uber.com/promotions/O7XXQr",yes,No,No
ham,"redBus: Abhi book karein aur agli trip par 40% off paayein, 07-06-2025 tak valid. Details: https://redbus.in/offers/XqA8ze",yes,No,No
ham,"IndiGo members ko hamare festive sale ka early access milta hai, select routes par 20% off: https://goindigo.in/offers/5Ap9aw",yes,No,No
ham,"IndiGo members ko hamare festive sale ka early access milta hai, select routes par 70% off: https://goindigo.in/offers/t17NWE",yes,No,No
ham,"Uber: Abhi book karein aur agli trip par 15% off paayein, 09-05-2025 tak valid. Details: https://uber.com/promotions/8P4Mas",yes,No,No
ham,"Uber members ko hamare festive sale ka early access milta hai, select routes par 70% off: https://uber.com/promotions/L75MEq",yes,No,No
ham,Aapka Vi plan jald expire ho raha hai. Abhi renew karein aur pehle 3 mahino par 60% off paayein: https://myvi.in/offers/cJKRVk,yes,No,No
ham,"Ajio ki Year End Sale ke aakhri kuch ghante! 75% tak off, aaj raat khatam hone se pehle shop karein: https://ajio.com/sale/DphTXj",yes,No,No
ham,"Big Billion Days sirf Swiggy par: home decor par flat 75% tak chhoot, abhi app download karein: https://swiggy.com/offers/nTrBJl",yes,No,No
ham,SBI Card: Dost ko refer karein aur dono ko 200 reward points milenge. Code SUAO43 share karein: https://sbicard.com/offers/WqmZAy,yes,No,No
ham,"MakeMyTrip par flash sale! Fares Rs.500 se shuru, limited period ke liye. Yahan book karein: https://makemytrip.com/deals/am34zY",yes,No,No
ham,Paytm: Is hafte app se bill payment karne par 50% cashback paayein. Details: https://paytm.com/rewards/LbvQ9V,yes,No,No
ham,"IRCTC: Abhi book karein aur agli trip par 10% off paayein, 27-03-2026 tak valid. Details: https://irctc.co.in/offers/i7JfyA",yes,No,No
ham,"Amazon Prime Video member hone ke naate, aaj se hamare 70% off renewal offer ka early access paayein: https://primevideo.com/offers/WDE4L1",yes,No,No
ham,Axis Bank: Is hafte app se bill payment karne par 20% cashback paayein. Details: https://axisbank.com/offers/IfnbT6,yes,No,No
ham,"Ola par flash sale! Fares Rs.250 se shuru, limited period ke liye. Yahan book karein: https://olacabs.com/offers/ckvOKS",yes,No,No
ham,ICICI Bank: Dost ko refer karein aur dono ko 500 reward points milenge. Code EJOZ37 share karein: https://icicibank.com/offers/h0qepB,yes,No,No
ham,Aakhri mauka: aapke Vi bonus data offer aaj raat expire ho raha hai. Extra benefit ke liye abhi recharge karein: https://myvi.in/offers/wvePLL,yes,No,No
ham,"Amazon Prime Video member hone ke naate, aaj se hamare 25% off renewal offer ka early access paayein: https://primevideo.com/offers/xDhxvI",yes,No,No
ham,"Happy Birthday Pooja! Aapke liye Rs.150 ka Pepperfry voucher, is mahine valid: https://pepperfry.com/sale/c2BJuE",yes,No,No
ham,Aapka Vi plan jald expire ho raha hai. Abhi renew karein aur pehle 3 mahino par 40% off paayein: https://myvi.in/offers/QQVwdF,yes,No,No
ham,"Ola: Abhi book karein aur agli trip par 15% off paayein, 14-01-2025 tak valid. Details: https://olacabs.com/offers/hH5NoN",yes,No,No
ham,Aapne 300 PhonePe reward points kamaye hain. Agli transaction par redeem karein: https://phonepe.com/rewards/DwjHqy,yes,No,No
ham,"Uber: Abhi book karein aur agli trip par 40% off paayein, 13-03-2026 tak valid. Details: https://uber.com/promotions/AGTPWX",yes,No,No
ham,Aapka Jio plan benefit aaj khatam ho raha hai. Extra data na khone ke liye midnight se pehle renew karein: https://jio.com/offers/QvesX9,yes,No,No
ham,SBI Card: Dost ko refer karein aur dono ko 300 reward points milenge. Code ETUJ11 share karein: https://sbicard.com/offers/IEY6Ks,yes,No,No
ham,Aapka Airtel subscription 10-04-2026 ko renew hoga. Annual plan par upgrade karein aur 70% bachayein: https://airtel.in/offers/ay1QnB,yes,No,No
ham,Aakhri mauka: aapke Amazon Prime Video bonus data offer aaj raat expire ho raha hai. Extra benefit ke liye abhi recharge karein: https://primevideo.com/offers/vryypo,yes,No,No
ham,"IndiGo: Abhi book karein aur agli trip par 60% off paayein, 10-10-2026 tak valid. Details: https://goindigo.in/offers/saMu5p",yes,No,No
ham,"Vi member hone ke naate, aaj se hamare 25% off renewal offer ka early access paayein: https://myvi.in/offers/EcTe7K",yes,No,No
ham,Aapne 150 CRED reward points kamaye hain. Agli transaction par redeem karein: https://cred.club/rewards/wtOw7s,yes,No,No
ham,Limited period: aaj hi apni BYJU'S membership upgrade karein aur annual fee par Rs.500 bachayein: https://byjus.com/offers/Ptiu33,yes,No,No
ham,Aapka Disney+ Hotstar plan jald expire ho raha hai. Abhi renew karein aur pehle 3 mahino par 10% off paayein: https://hotstar.com/subscribe/wqDys7,yes,No,No
ham,"Goibibo: Abhi book karein aur agli trip par 10% off paayein, 04-08-2025 tak valid. Details: https://goibibo.com/deals/pFFHV6",yes,No,No
ham,Aapne 250 Paytm reward points kamaye hain. Agli transaction par redeem karein: https://paytm.com/rewards/SCQixu,yes,No,No
ham,Axis Bank: Dost ko refer karein aur dono ko 300 reward points milenge. Code RNAP67 share karein: https://axisbank.com/offers/2xdO97,yes,No,No
ham,"Spotify member hone ke naate, aaj se hamare 10% off renewal offer ka early access paayein: https://spotify.com/premium/qh1XuV",yes,No,No
ham,"Hi Raj, aapke boAt cart ke items ab sale mein hain. Order complete karein: https://boat-lifestyle.com/sale/Kz5L9N",yes,No,No
ham,Aapka Vi plan jald expire ho raha hai. Abhi renew karein aur pehle 3 mahino par 25% off paayein: https://myvi.in/offers/hqh0MF,yes,No,No
ham,CRED: Dost ko refer karein aur dono ko 500 reward points milenge. Code PVXT95 share karein: https://cred.club/rewards/XgRfRo,yes,No,No
ham,Paytm: Dost ko refer karein aur dono ko 300 reward points milenge. Code WLFW35 share karein: https://paytm.com/rewards/5ObX4p,yes,No,No
ham,"IndiGo: Abhi book karein aur agli trip par 15% off paayein, 08-06-2025 tak valid. Details: https://goindigo.in/offers/Fhm8AA",yes,No,No
ham,Aapka Vi plan benefit aaj khatam ho raha hai. Extra data na khone ke liye midnight se pehle renew karein: https://myvi.in/offers/yl1qzd,yes,No,No
ham,Limited period: aaj hi apni Amazon Prime Video membership upgrade karein aur annual fee par Rs.200 bachayein: https://primevideo.com/offers/C1FpdA,yes,No,No
ham,"Goibibo members ko hamare festive sale ka early access milta hai, select routes par 20% off: https://goibibo.com/deals/NRmdIi",yes,No,No
ham,"Goibibo: Abhi book karein aur agli trip par 10% off paayein, 25-08-2025 tak valid. Details: https://goibibo.com/deals/OaUABj",yes,No,No
ham,"New Year ki hardik shubhkamnayein! Meesho par 70% off ke saath celebrate karein, sirf hamare valued customers ke liye: https://meesho.com/offers/ngCvb2",yes,No,No
ham,Limited period: aaj hi apni Vi membership upgrade karein aur annual fee par Rs.150 bachayein: https://myvi.in/offers/h0pK7u,yes,No,No
ham,Aapne 1000 PhonePe reward points kamaye hain. Agli transaction par redeem karein: https://phonepe.com/rewards/Js4tdR,yes,No,No
ham,"Goibibo: Abhi book karein aur agli trip par 50% off paayein, 21-02-2026 tak valid. Details: https://goibibo.com/deals/SKHMxh",yes,No,No
ham,HDFC Bank: Dost ko refer karein aur dono ko 100 reward points milenge. Code LDAY29 share karein: https://hdfcbank.com/offers/4s7CLc,yes,No,No
ham,"Goibibo par flash sale! Fares Rs.300 se shuru, limited period ke liye. Yahan book karein: https://goibibo.com/deals/qw2lKM",yes,No,No
ham,"Uber: Abhi book karein aur agli trip par 70% off paayein, 03-09-2025 tak valid. Details: https://uber.com/promotions/ZqBcQA",yes,No,No
ham,"MakeMyTrip par flash sale! Fares Rs.50 se shuru, limited period ke liye. Yahan book karein: https://makemytrip.com/deals/Mbr7iQ",yes,No,No
ham,Aapka Spotify subscription 08-10-2026 ko renew hoga. Annual plan par upgrade karein aur 20% bachayein: https://spotify.com/premium/GRXWgP,yes,No,No
ham,Ajio: Is weekend storewide flat 30% off. T&C apply. Offers band karne ke liye STOP reply karein. https://ajio.com/sale/3uF9xa,yes,No,No
ham,Aapka Policybazaar plan jald expire ho raha hai. Abhi renew karein aur pehle 3 mahino par 15% off paayein: https://policybazaar.com/renew/JYmG9w,yes,No,No
ham,Paytm: Dost ko refer karein aur dono ko 200 reward points milenge. Code OTIP93 share karein: https://paytm.com/rewards/7QOjAj,yes,No,No
ham,HDFC Bank: Is hafte app se bill payment karne par 60% cashback paayein. Details: https://hdfcbank.com/offers/priUk5,yes,No,No
ham,Aapka Netflix plan jald expire ho raha hai. Abhi renew karein aur pehle 3 mahino par 15% off paayein: https://netflix.com/account/A0Sjox,yes,No,No
ham,"Goibibo members ko hamare festive sale ka early access milta hai, select routes par 25% off: https://goibibo.com/deals/Zm7KJe",yes,No,No
ham,"redBus: Abhi book karein aur agli trip par 40% off paayein, 03-04-2026 tak valid. Details: https://redbus.in/offers/9v4AZN",yes,No,No
ham,BigBasket par dost ko invite karein aur dono ko Rs.500 off milega. Code FTUT52 share karein: https://bigbasket.com/offers/I16HR6,yes,No,No
ham,"1mg app abhi kholein aur pao exclusive app-only deal 15% off, sirf aaj: https://1mg.com/offers/WO4WAp",yes,No,No
ham,"BookMyShow app abhi kholein aur pao exclusive app-only deal 25% off, sirf aaj: https://bookmyshow.com/offers/KZvs5T",yes,No,No
ham,CRED: Dost ko refer karein aur dono ko 200 reward points milenge. Code GCEJ84 share karein: https://cred.club/rewards/VfofI7,yes,No,No
ham,Aapka Spotify subscription 19-01-2026 ko renew hoga. Annual plan par upgrade karein aur 40% bachayein: https://spotify.com/premium/sU2ER2,yes,No,No
ham,Aapka Spotify plan benefit aaj khatam ho raha hai. Extra data na khone ke liye midnight se pehle renew karein: https://spotify.com/premium/93ttdn,yes,No,No
ham,"IndiGo: Abhi book karein aur agli trip par 25% off paayein, 23-03-2026 tak valid. Details: https://goindigo.in/offers/d3eu1Q",yes,No,No
ham,Aapne 100 HDFC Bank reward points kamaye hain. Agli transaction par redeem karein: https://hdfcbank.com/offers/ida7fU,yes,No,No
ham,"Happy Birthday Pooja! Aapke liye Rs.250 ka BookMyShow voucher, is mahine valid: https://bookmyshow.com/offers/QcYe3r",yes,No,No
ham,"BigBasket ki Republic Day Sale ke aakhri kuch ghante! 75% tak off, aaj raat khatam hone se pehle shop karein: https://bigbasket.com/offers/qtkliV",yes,No,No
ham,ICICI Bank: Is hafte app se bill payment karne par 50% cashback paayein. Details: https://icicibank.com/offers/AF8TXm,yes,No,No
ham,"Sirf aaj ke liye: BookMyShow par accessories par flat 60% off mil raha hai, aadhi raat se pehle order karein: https://bookmyshow.com/offers/BMdEpZ",yes,No,No
ham,"Amazon Prime Video member hone ke naate, aaj se hamare 10% off renewal offer ka early access paayein: https://primevideo.com/offers/xzBSDj",yes,No,No
ham,PhonePe: Dost ko refer karein aur dono ko 100 reward points milenge. Code QBIR82 share karein: https://phonepe.com/rewards/qB2mwB,yes,No,No
ham,Aapka Amazon Prime Video subscription 17-09-2025 ko renew hoga. Annual plan par upgrade karein aur 10% bachayein: https://primevideo.com/offers/eE8UKT,yes,No,No
ham,Aapka Jio plan jald expire ho raha hai. Abhi renew karein aur pehle 3 mahino par 50% off paayein: https://jio.com/offers/4wllAZ,yes,No,No
ham,"Swiggy End of Season Sale LIVE hai! beauty products par 60% tak ki chhoot, stock khatam hone se pehle jaldi karein: https://swiggy.com/offers/9uXB0S",yes,No,No
ham,Aapne 200 CRED reward points kamaye hain. Agli transaction par redeem karein: https://cred.club/rewards/dAcCoK,yes,No,No
ham,CRED: Is hafte app se bill payment karne par 60% cashback paayein. Details: https://cred.club/rewards/y55YJZ,yes,No,No
ham,"Ola par flash sale! Fares Rs.200 se shuru, limited period ke liye. Yahan book karein: https://olacabs.com/offers/1qV0l4",yes,No,No
ham,"Ola par flash sale! Fares Rs.100 se shuru, limited period ke liye. Yahan book karein: https://olacabs.com/offers/JJ0CRU",yes,No,No
ham,Flipkart par dost ko invite karein aur dono ko Rs.300 off milega. Code OVQY42 share karein: https://flipkart.com/sale/zstCw8,yes,No,No
ham,"Happy Birthday Raj! Aapke liye Rs.500 ka Amazon voucher, is mahine valid: https://amazon.in/deals/vH7PWe",yes,No,No
ham,"BigBasket ki Diwali Dhamaka Sale miss mat karein - storewide 75% tak off, sirf limited time ke liye: https://bigbasket.com/offers/FoPhQ8",yes,No,No
ham,HDFC Bank: Dost ko refer karein aur dono ko 250 reward points milenge. Code FASX71 share karein: https://hdfcbank.com/offers/ZjOLvj,yes,No,No
ham,Aapka Amazon Prime Video plan benefit aaj khatam ho raha hai. Extra data na khone ke liye midnight se pehle renew karein: https://primevideo.com/offers/eYLhJK,yes,No,No
ham,BigBasket par naye arrivals aa gaye hain! Latest groceries collection dekhein: https://bigbasket.com/offers/0XQWEU,yes,No,No
ham,"Aapka pichla Blinkit order pasand aaya tha? Agli order par 20% off, 06-10-2026 tak valid: https://blinkit.com/offers/TmxPrL",yes,No,No
ham,"Happy Birthday Raj! Aapke liye Rs.250 ka Zomato voucher, is mahine valid: https://zomato.com/gold/PQx8xo",yes,No,No
ham,Aapka Amazon Prime Video plan benefit aaj khatam ho raha hai. Extra data na khone ke liye midnight se pehle renew karein: https://primevideo.com/offers/WCVHM1,yes,No,No
ham,SBI Card: Dost ko refer karein aur dono ko 500 reward points milenge. Code CFQD66 share karein: https://sbicard.com/offers/0WYKLJ,yes,No,No
ham,"Zomato Monsoon Sale LIVE hai! beauty products par 75% tak ki chhoot, stock khatam hone se pehle jaldi karein: https://zomato.com/gold/EJ57S8",yes,No,No
ham,Aapka Spotify plan benefit aaj khatam ho raha hai. Extra data na khone ke liye midnight se pehle renew karein: https://spotify.com/premium/bLx5Vq,yes,No,No
ham,SBI Card: Is hafte app se bill payment karne par 25% cashback paayein. Details: https://sbicard.com/offers/YAgHwq,yes,No,No
ham,"redBus par flash sale! Fares Rs.50 se shuru, limited period ke liye. Yahan book karein: https://redbus.in/offers/Gb7mJw",yes,No,No
ham,Aapka Amazon Prime Video subscription 02-02-2025 ko renew hoga. Annual plan par upgrade karein aur 15% bachayein: https://primevideo.com/offers/AL7uUn,yes,No,No
ham,"Eid ki hardik shubhkamnayein! Zepto par 20% off ke saath celebrate karein, sirf hamare valued customers ke liye: https://zepto.com/offers/Cd6UVX",yes,No,No
ham,SBI Card: Is hafte app se bill payment karne par 25% cashback paayein. Details: https://sbicard.com/offers/QCEpAw,yes,No,No
ham,"IndiGo: Abhi book karein aur agli trip par 50% off paayein, 01-05-2026 tak valid. Details: https://goindigo.in/offers/0TEx3K",yes,No,No
ham,"Eid ki hardik shubhkamnayein! Domino's par 20% off ke saath celebrate karein, sirf hamare valued customers ke liye: https://dominos.co.in/offers/OeVovn",yes,No,No
ham,"BYJU'S member hone ke naate, aaj se hamare 50% off renewal offer ka early access paayein: https://byjus.com/offers/NYntuN",yes,No,No
ham,HDFC Bank: Dost ko refer karein aur dono ko 1000 reward points milenge. Code SFUL49 share karein: https://hdfcbank.com/offers/pziZNL,yes,No,No
ham,Aakhri mauka: aapke cult.fit bonus data offer aaj raat expire ho raha hai. Extra benefit ke liye abhi recharge karein: https://cult.fit/offers/AbsMlA,yes,No,No
ham,Decathlon: Is weekend storewide flat 50% off. T&C apply. Offers band karne ke liye STOP reply karein. https://decathlon.in/sale/HljkYI,yes,No,No
ham,"MakeMyTrip: Abhi book karein aur agli trip par 60% off paayein, 20-08-2026 tak valid. Details: https://makemytrip.com/deals/LmroHK",yes,No,No
ham,Blinkit: Is weekend storewide flat 50% off. T&C apply. Offers band karne ke liye STOP reply karein. https://blinkit.com/offers/yi9I1d,yes,No,No
ham,Aakhri mauka: aapke Amazon Prime Video bonus data offer aaj raat expire ho raha hai. Extra benefit ke liye abhi recharge karein: https://primevideo.com/offers/3NMhI1,yes,No,No
ham,Aapne 150 ICICI Bank reward points kamaye hain. Agli transaction par redeem karein: https://icicibank.com/offers/d7N2Ky,yes,No,No
ham,"Ola: Abhi book karein aur agli trip par 25% off paayein, 11-09-2026 tak valid. Details: https://olacabs.com/offers/UOqOSb",yes,No,No
ham,SBI Card: Dost ko refer karein aur dono ko 500 reward points milenge. Code LSTC75 share karein: https://sbicard.com/offers/pz04Ls,yes,No,No
ham,CRED: Is hafte app se bill payment karne par 25% cashback paayein. Details: https://cred.club/rewards/AIEs1T,yes,No,No
ham,Aapka Unacademy plan benefit aaj khatam ho raha hai. Extra data na khone ke liye midnight se pehle renew karein: https://unacademy.com/offers/trdFQ4,yes,No,No
ham,"Policybazaar member hone ke naate, aaj se hamare 15% off renewal offer ka early access paayein: https://policybazaar.com/renew/hKaAO4",yes,No,No
ham,"New Year ki hardik shubhkamnayein! Myntra par 50% off ke saath celebrate karein, sirf hamare valued customers ke liye: https://myntra.com/offers/zLhMrt",yes,No,No
ham,Aapne 250 Paytm reward points kamaye hain. Agli transaction par redeem karein: https://paytm.com/rewards/vJh5cg,yes,No,No
ham,Aapka cult.fit plan benefit aaj khatam ho raha hai. Extra data na khone ke liye midnight se pehle renew karein: https://cult.fit/offers/lQ9BkJ,yes,No,No
ham,Axis Bank: Dost ko refer karein aur dono ko 300 reward points milenge. Code VEQR40 share karein: https://axisbank.com/offers/NfualP,yes,No,No
ham,"Ola: Abhi book karein aur agli trip par 70% off paayein, 18-06-2026 tak valid. Details: https://olacabs.com/offers/7ugcvn",yes,No,No
ham,"Nykaa app abhi kholein aur pao exclusive app-only deal 70% off, sirf aaj: https://nykaa.com/sale/xoNMGE",yes,No,No
ham,"Spotify member hone ke naate, aaj se hamare 50% off renewal offer ka early access paayein: https://spotify.com/premium/lkyM3d",yes,No,No
ham,"IRCTC: Abhi book karein aur agli trip par 70% off paayein, 09-09-2025 tak valid. Details: https://irctc.co.in/offers/SJ3Y9E",yes,No,No
ham,Limited period: aaj hi apni Amazon Prime Video membership upgrade karein aur annual fee par Rs.100 bachayein: https://primevideo.com/offers/Emqpai,yes,No,No
ham,"Monsoon Sale sirf 1mg par: beauty products par flat 75% tak chhoot, abhi app download karein: https://1mg.com/offers/gChUlg",yes,No,No
ham,"Happy Birthday Pooja! Aapke liye Rs.150 ka BookMyShow voucher, is mahine valid: https://bookmyshow.com/offers/ARrc4n",yes,No,No
ham,Aapka Airtel plan jald expire ho raha hai. Abhi renew karein aur pehle 3 mahino par 15% off paayein: https://airtel.in/offers/YD9iEr,yes,No,No
ham,Aapka Amazon Prime Video subscription 20-11-2026 ko renew hoga. Annual plan par upgrade karein aur 15% bachayein: https://primevideo.com/offers/gs0pVU,yes,No,No
ham,"Ola members ko hamare festive sale ka early access milta hai, select routes par 25% off: https://olacabs.com/offers/J93uy2",yes,No,No
ham,Titan: Is weekend storewide flat 70% off. T&C apply. Offers band karne ke liye STOP reply karein. https://titan.co.in/sale/yHsIEh,yes,No,No
ham,Aapka Jio plan jald expire ho raha hai. Abhi renew karein aur pehle 3 mahino par 10% off paayein: https://jio.com/offers/CZhXmw,yes,No,No
ham,"redBus par flash sale! Fares Rs.150 se shuru, limited period ke liye. Yahan book karein: https://redbus.in/offers/hoHUZN",yes,No,No
ham,Limited period: aaj hi apni Policybazaar membership upgrade karein aur annual fee par Rs.500 bachayein: https://policybazaar.com/renew/xGUtGg,yes,No,No
ham,Aapka Unacademy subscription 15-12-2026 ko renew hoga. Annual plan par upgrade karein aur 50% bachayein: https://unacademy.com/offers/NuYkzm,yes,No,No
ham,Meesho: Is weekend storewide flat 10% off. T&C apply. Offers band karne ke liye STOP reply karein. https://meesho.com/offers/U7e1BR,yes,No,No
ham,"Amazon Prime Video member hone ke naate, aaj se hamare 40% off renewal offer ka early access paayein: https://primevideo.com/offers/5DC6jO",yes,No,No
ham,Axis Bank: Dost ko refer karein aur dono ko 500 reward points milenge. Code FVLT38 share karein: https://axisbank.com/offers/ua1p9F,yes,No,No
ham,"Uber par flash sale! Fares Rs.300 se shuru, limited period ke liye. Yahan book karein: https://uber.com/promotions/kCe4yH",yes,No,No
ham,Aapka cult.fit subscription 08-02-2026 ko renew hoga. Annual plan par upgrade karein aur 30% bachayein: https://cult.fit/offers/Avflaj,yes,No,No
ham,"Uber members ko hamare festive sale ka early access milta hai, select routes par 20% off: https://uber.com/promotions/EBdF7k",yes,No,No
ham,"Uber: Abhi book karein aur agli trip par 10% off paayein, 02-08-2025 tak valid. Details: https://uber.com/promotions/RtgFh7",yes,No,No
ham,"Goibibo par flash sale! Fares Rs.100 se shuru, limited period ke liye. Yahan book karein: https://goibibo.com/deals/pP9lQw",yes,No,No
ham,"Ola: Abhi book karein aur agli trip par 70% off paayein, 28-09-2025 tak valid. Details: https://olacabs.com/offers/bZFotQ",yes,No,No
ham,Aapne 1000 Axis Bank reward points kamaye hain. Agli transaction par redeem karein: https://axisbank.com/offers/veQWjn,yes,No,No
ham,ICICI Bank: Is hafte app se bill payment karne par 30% cashback paayein. Details: https://icicibank.com/offers/yPsDjL,yes,No,No
ham,PhonePe: Is hafte app se bill payment karne par 30% cashback paayein. Details: https://phonepe.com/rewards/9qTAna,yes,No,No
ham,"Ola par flash sale! Fares Rs.250 se shuru, limited period ke liye. Yahan book karein: https://olacabs.com/offers/X7lEIo",yes,No,No
ham,Aapka Disney+ Hotstar plan jald expire ho raha hai. Abhi renew karein aur pehle 3 mahino par 50% off paayein: https://hotstar.com/subscribe/PB7mnP,yes,No,No
ham,"Uber: Abhi book karein aur agli trip par 50% off paayein, 14-08-2026 tak valid. Details: https://uber.com/promotions/t7E4kH",yes,No,No
ham,Paytm: Dost ko refer karein aur dono ko 100 reward points milenge. Code PTFX61 share karein: https://paytm.com/rewards/hpMhJH,yes,No,No
ham,"Aapka pichla BookMyShow order pasand aaya tha? Agli order par 10% off, 15-10-2026 tak valid: https://bookmyshow.com/offers/FCO4Wa",yes,No,No
ham,Aapne 150 HDFC Bank reward points kamaye hain. Agli transaction par redeem karein: https://hdfcbank.com/offers/dkq4t5,yes,No,No
ham,PhonePe: Is hafte app se bill payment karne par 10% cashback paayein. Details: https://phonepe.com/rewards/X5lmAi,yes,No,No
ham,HDFC Bank: Is hafte app se bill payment karne par 50% cashback paayein. Details: https://hdfcbank.com/offers/T4w9MZ,yes,No,No
ham,Paytm: Dost ko refer karein aur dono ko 250 reward points milenge. Code VYVT54 share karein: https://paytm.com/rewards/meVrwc,yes,No,No
ham,"Uber: Abhi book karein aur agli trip par 70% off paayein, 04-12-2025 tak valid. Details: https://uber.com/promotions/6DcZlT",yes,No,No
ham,"Uber: Abhi book karein aur agli trip par 40% off paayein, 28-12-2026 tak valid. Details: https://uber.com/promotions/gU7VaA",yes,No,No
ham,"Flipkart app abhi kholein aur pao exclusive app-only deal 50% off, sirf aaj: https://flipkart.com/sale/CsD0PP",yes,No,No
ham,"IndiGo par flash sale! Fares Rs.250 se shuru, limited period ke liye. Yahan book karein: https://goindigo.in/offers/IlYyGB",yes,No,No
ham,Limited period: aaj hi apni Policybazaar membership upgrade karein aur annual fee par Rs.100 bachayein: https://policybazaar.com/renew/vagboU,yes,No,No
ham,Paytm: Dost ko refer karein aur dono ko 100 reward points milenge. Code VQUZ21 share karein: https://paytm.com/rewards/4WFJeA,yes,No,No
ham,Limited period: aaj hi apni BYJU'S membership upgrade karein aur annual fee par Rs.300 bachayein: https://byjus.com/offers/74x1IQ,yes,No,No
ham,HDFC Bank: Dost ko refer karein aur dono ko 500 reward points milenge. Code BDMG98 share karein: https://hdfcbank.com/offers/ym4YHO,yes,No,No
ham,"IndiGo: Abhi book karein aur agli trip par 30% off paayein, 23-11-2025 tak valid. Details: https://goindigo.in/offers/AW8uml",yes,No,No
ham,Aapne 750 Paytm reward points kamaye hain. Agli transaction par redeem karein: https://paytm.com/rewards/RX97ZC,yes,No,No
ham,Aapka Policybazaar plan benefit aaj khatam ho raha hai. Extra data na khone ke liye midnight se pehle renew karein: https://policybazaar.com/renew/G6SfDQ,yes,No,No
ham,Limited period: aaj hi apni Unacademy membership upgrade karein aur annual fee par Rs.200 bachayein: https://unacademy.com/offers/7RsXB1,yes,No,No
ham,"Tanishq app abhi kholein aur pao exclusive app-only deal 15% off, sirf aaj: https://tanishq.co.in/offers/On1xsW",yes,No,No
ham,Limited period: aaj hi apni BYJU'S membership upgrade karein aur annual fee par Rs.100 bachayein: https://byjus.com/offers/WCXYpT,yes,No,No
ham,Aapka Netflix plan benefit aaj khatam ho raha hai. Extra data na khone ke liye midnight se pehle renew karein: https://netflix.com/account/cgJAd9,yes,No,No
ham,"Unacademy member hone ke naate, aaj se hamare 40% off renewal offer ka early access paayein: https://unacademy.com/offers/ojcHDM",yes,No,No
ham,Zepto par dost ko invite karein aur dono ko Rs.50 off milega. Code JBEP86 share karein: https://zepto.com/offers/LHXgHd,yes,No,No
ham,Paytm: Is hafte app se bill payment karne par 40% cashback paayein. Details: https://paytm.com/rewards/1VJTpZ,yes,No,No
ham,HDFC Bank: Dost ko refer karein aur dono ko 1000 reward points milenge. Code VKRU42 share karein: https://hdfcbank.com/offers/rRdzk0,yes,No,No
ham,Aapka Jio plan jald expire ho raha hai. Abhi renew karein aur pehle 3 mahino par 10% off paayein: https://jio.com/offers/nVFDqJ,yes,No,No
ham,"Pepperfry ki Diwali Dhamaka Sale miss mat karein - storewide 70% tak off, sirf limited time ke liye: https://pepperfry.com/sale/peVMro",yes,No,No
ham,BigBasket par naye arrivals aa gaye hain! Latest fashion collection dekhein: https://bigbasket.com/offers/tynN5j,yes,No,No
ham,"Blinkit ki Year End Sale ke aakhri kuch ghante! 70% tak off, aaj raat khatam hone se pehle shop karein: https://blinkit.com/offers/sVRwLz",yes,No,No
ham,"Amazon End of Season Sale LIVE hai! fashion par 80% tak ki chhoot, stock khatam hone se pehle jaldi karein: https://amazon.in/deals/OyKObq",yes,No,No
ham,Aakhri mauka: aapke Disney+ Hotstar bonus data offer aaj raat expire ho raha hai. Extra benefit ke liye abhi recharge karein: https://hotstar.com/subscribe/FFZAtY,yes,No,No
ham,Aapka Unacademy subscription 08-11-2025 ko renew hoga. Annual plan par upgrade karein aur 10% bachayein: https://unacademy.com/offers/XwPtJt,yes,No,No
ham,"Ola: Abhi book karein aur agli trip par 10% off paayein, 03-07-2026 tak valid. Details: https://olacabs.com/offers/PXMzMy",yes,No,No
ham,Aapka Airtel plan jald expire ho raha hai. Abhi renew karein aur pehle 3 mahino par 15% off paayein: https://airtel.in/offers/UdZbGm,yes,No,No
ham,"Uber par flash sale! Fares Rs.100 se shuru, limited period ke liye. Yahan book karein: https://uber.com/promotions/tjqpjX",yes,No,No
ham,SBI Card: Dost ko refer karein aur dono ko 750 reward points milenge. Code CVQD22 share karein: https://sbicard.com/offers/RohYgy,yes,No,No
ham,"redBus: Abhi book karein aur agli trip par 40% off paayein, 12-11-2025 tak valid. Details: https://redbus.in/offers/2GNQUV",yes,No,No
ham,"redBus par flash sale! Fares Rs.50 se shuru, limited period ke liye. Yahan book karein: https://redbus.in/offers/PKfni6",yes,No,No
ham,SBI Card: Dost ko refer karein aur dono ko 100 reward points milenge. Code XRNB49 share karein: https://sbicard.com/offers/RaeUmW,yes,No,No
ham,Aapne 250 ICICI Bank reward points kamaye hain. Agli transaction par redeem karein: https://icicibank.com/offers/Q0aHJ3,yes,No,No
ham,Aapka Amazon Prime Video plan benefit aaj khatam ho raha hai. Extra data na khone ke liye midnight se pehle renew karein: https://primevideo.com/offers/itWECj,yes,No,No
ham,"Amazon ki Monsoon Sale miss mat karein - storewide 50% tak off, sirf limited time ke liye: https://amazon.in/deals/h6ermc",yes,No,No
ham,"Sirf aaj ke liye: Ajio par kitchen appliances par flat 40% off mil raha hai, aadhi raat se pehle order karein: https://ajio.com/sale/7FXD1F",yes,No,No
ham,Blinkit: Is weekend storewide flat 30% off. T&C apply. Offers band karne ke liye STOP reply karein. https://blinkit.com/offers/KVQPqM,yes,No,No
ham,"IRCTC par flash sale! Fares Rs.200 se shuru, limited period ke liye. Yahan book karein: https://irctc.co.in/offers/t6yiKK",yes,No,No
ham,HDFC Bank: Is hafte app se bill payment karne par 20% cashback paayein. Details: https://hdfcbank.com/offers/UdOOp0,yes,No,No
ham,"Aapka pichla Decathlon order pasand aaya tha? Agli order par 20% off, 12-11-2025 tak valid: https://decathlon.in/sale/UGxbpI",yes,No,No
ham,"Happy Birthday Raj! Aapke liye Rs.250 ka Myntra voucher, is mahine valid: https://myntra.com/offers/eJGooX",yes,No,No
ham,"Nykaa ki End of Season Sale miss mat karein - storewide 75% tak off, sirf limited time ke liye: https://nykaa.com/sale/DS9MUP",yes,No,No
ham,PhonePe: Dost ko refer karein aur dono ko 250 reward points milenge. Code FWCR37 share karein: https://phonepe.com/rewards/yahn6m,yes,No,No
ham,"Aapka pichla Titan order pasand aaya tha? Agli order par 70% off, 04-03-2025 tak valid: https://titan.co.in/sale/bbkxV8",yes,No,No
ham,Aapka Spotify plan jald expire ho raha hai. Abhi renew karein aur pehle 3 mahino par 30% off paayein: https://spotify.com/premium/Ewre6E,yes,No,No
ham,Amazon ki Big Sale live hai! electronics par 30% tak ki chhoot. Abhi shop karein: https://amazon.in/deals/s2hFU9,yes,No,No
ham,"Blinkit app abhi kholein aur pao exclusive app-only deal 40% off, sirf aaj: https://blinkit.com/offers/fc5m2s",yes,No,No
ham,"Uber members ko hamare festive sale ka early access milta hai, select routes par 30% off: https://uber.com/promotions/kxH3Pf",yes,No,No
ham,"Aapka pichla Lenskart order pasand aaya tha? Agli order par 40% off, 12-02-2025 tak valid: https://lenskart.com/offers/nJSnTo",yes,No,No
ham,BigBasket par naye arrivals aa gaye hain! Latest footwear collection dekhein: https://bigbasket.com/offers/mN6tLe,yes,No,No
ham,Aapka Disney+ Hotstar plan benefit aaj khatam ho raha hai. Extra data na khone ke liye midnight se pehle renew karein: https://hotstar.com/subscribe/MfwiRX,yes,No,No
ham,"MakeMyTrip members ko hamare festive sale ka early access milta hai, select routes par 20% off: https://makemytrip.com/deals/tjySTe",yes,No,No
ham,Limited period: aaj hi apni Vi membership upgrade karein aur annual fee par Rs.300 bachayein: https://myvi.in/offers/kEgY59,yes,No,No
ham,"IndiGo par flash sale! Fares Rs.200 se shuru, limited period ke liye. Yahan book karein: https://goindigo.in/offers/8rFcxS",yes,No,No
ham,"Sirf aaj ke liye: Flipkart par accessories par flat 30% off mil raha hai, aadhi raat se pehle order karein: https://flipkart.com/sale/B5knKO",yes,No,No
ham,"redBus par flash sale! Fares Rs.50 se shuru, limited period ke liye. Yahan book karein: https://redbus.in/offers/6LaaSe",yes,No,No
ham,"Ola par flash sale! Fares Rs.500 se shuru, limited period ke liye. Yahan book karein: https://olacabs.com/offers/QddWxu",yes,No,No
ham,Aakhri mauka: aapke cult.fit bonus data offer aaj raat expire ho raha hai. Extra benefit ke liye abhi recharge karein: https://cult.fit/offers/wl7vIE,yes,No,No
ham,"Vi member hone ke naate, aaj se hamare 30% off renewal offer ka early access paayein: https://myvi.in/offers/ZelMdm",yes,No,No
ham,Lenskart par dost ko invite karein aur dono ko Rs.250 off milega. Code AMKF26 share karein: https://lenskart.com/offers/EDb21f,yes,No,No
ham,Aapka Disney+ Hotstar plan benefit aaj khatam ho raha hai. Extra data na khone ke liye midnight se pehle renew karein: https://hotstar.com/subscribe/7PONWw,yes,No,No
ham,Limited period: aaj hi apni Netflix membership upgrade karein aur annual fee par Rs.250 bachayein: https://netflix.com/account/iQ9bwa,yes,No,No
ham,"MakeMyTrip par flash sale! Fares Rs.250 se shuru, limited period ke liye. Yahan book karein: https://makemytrip.com/deals/H7mlqc",yes,No,No
ham,PhonePe: Dost ko refer karein aur dono ko 500 reward points milenge. Code XGKX60 share karein: https://phonepe.com/rewards/M2RcHl,yes,No,No
ham,Axis Bank: Is hafte app se bill payment karne par 25% cashback paayein. Details: https://axisbank.com/offers/nCjBiR,yes,No,No
ham,HDFC Bank: Is hafte app se bill payment karne par 15% cashback paayein. Details: https://hdfcbank.com/offers/SL3ZSm,yes,No,No
ham,"Aapka pichla Domino's order pasand aaya tha? Agli order par 40% off, 03-08-2025 tak valid: https://dominos.co.in/offers/is7YWC",yes,No,No
ham,"Swiggy app abhi kholein aur pao exclusive app-only deal 10% off, sirf aaj: https://swiggy.com/offers/4blh1T",yes,No,No
ham,"Aapka pichla Blinkit order pasand aaya tha? Agli order par 25% off, 18-10-2025 tak valid: https://blinkit.com/offers/67qP5n",yes,No,No
ham,Aapka Amazon Prime Video plan benefit aaj khatam ho raha hai. Extra data na khone ke liye midnight se pehle renew karein: https://primevideo.com/offers/Cb1KWW,yes,No,No
ham,"IRCTC par flash sale! Fares Rs.200 se shuru, limited period ke liye. Yahan book karein: https://irctc.co.in/offers/strM83",yes,No,No
ham,CRED: Is hafte app se bill payment karne par 70% cashback paayein. Details: https://cred.club/rewards/wDj6E6,yes,No,No
ham,Paytm: Dost ko refer karein aur dono ko 250 reward points milenge. Code TFCN95 share karein: https://paytm.com/rewards/RkdQhj,yes,No,No
ham,"Goibibo: Abhi book karein aur agli trip par 60% off paayein, 27-02-2025 tak valid. Details: https://goibibo.com/deals/z2q5tV",yes,No,No
ham,PhonePe: Dost ko refer karein aur dono ko 300 reward points milenge. Code WWSL76 share karein: https://phonepe.com/rewards/RGZalg,yes,No,No
ham,Axis Bank: Is hafte app se bill payment karne par 15% cashback paayein. Details: https://axisbank.com/offers/RPeuZq,yes,No,No
ham,"Republic Day Sale sirf Flipkart par: home decor par flat 70% tak chhoot, abhi app download karein: https://flipkart.com/sale/9OIFjl",yes,No,No
ham,Axis Bank: Dost ko refer karein aur dono ko 150 reward points milenge. Code MIZY65 share karein: https://axisbank.com/offers/x5YJBS,yes,No,No
ham,Aapne 250 PhonePe reward points kamaye hain. Agli transaction par redeem karein: https://phonepe.com/rewards/yNMhpg,yes,No,No
ham,ICICI Bank: Is hafte app se bill payment karne par 25% cashback paayein. Details: https://icicibank.com/offers/lQETjE,yes,No,No
ham,"IRCTC members ko hamare festive sale ka early access milta hai, select routes par 70% off: https://irctc.co.in/offers/4ZDK9J",yes,No,No
ham,"Uber par flash sale! Fares Rs.200 se shuru, limited period ke liye. Yahan book karein: https://uber.com/promotions/NKaDeJ",yes,No,No
ham,PhonePe: Dost ko refer karein aur dono ko 150 reward points milenge. Code NATQ38 share karein: https://phonepe.com/rewards/JnqXWP,yes,No,No
ham,"Jio member hone ke naate, aaj se hamare 60% off renewal offer ka early access paayein: https://jio.com/offers/12MibQ",yes,No,No
ham,Aapne 200 CRED reward points kamaye hain. Agli transaction par redeem karein: https://cred.club/rewards/UBkM3Y,yes,No,No
ham,"1mg ki Republic Day Sale miss mat karein - storewide 60% tak off, sirf limited time ke liye: https://1mg.com/offers/HY1a4x",yes,No,No
ham,"Flipkart ki Big Billion Days ke aakhri kuch ghante! 75% tak off, aaj raat khatam hone se pehle shop karein: https://flipkart.com/sale/x4RvQ5",yes,No,No
ham,"Ajio Big Billion Days LIVE hai! electronics par 75% tak ki chhoot, stock khatam hone se pehle jaldi karein: https://ajio.com/sale/lZPGRr",yes,No,No
ham,Limited period: aaj hi apni Vi membership upgrade karein aur annual fee par Rs.200 bachayein: https://myvi.in/offers/ykodho,yes,No,No
ham,"Uber members ko hamare festive sale ka early access milta hai, select routes par 20% off: https://uber.com/promotions/1aGboX",yes,No,No
ham,"redBus par flash sale! Fares Rs.300 se shuru, limited period ke liye. Yahan book karein: https://redbus.in/offers/VXvhWj",yes,No,No
ham,"Hi Anita, aapke Amazon cart ke items ab sale mein hain. Order complete karein: https://amazon.in/deals/uOUQFz",yes,No,No
ham,Aakhri mauka: aapke Spotify bonus data offer aaj raat expire ho raha hai. Extra benefit ke liye abhi recharge karein: https://spotify.com/premium/g9MNYj,yes,No,No
ham,Aapka Unacademy subscription 26-02-2026 ko renew hoga. Annual plan par upgrade karein aur 15% bachayein: https://unacademy.com/offers/CCSPRt,yes,No,No
ham,Aakhri mauka: aapke Disney+ Hotstar bonus data offer aaj raat expire ho raha hai. Extra benefit ke liye abhi recharge karein: https://hotstar.com/subscribe/vppjAr,yes,No,No
ham,Aapne 500 HDFC Bank reward points kamaye hain. Agli transaction par redeem karein: https://hdfcbank.com/offers/qUf79B,yes,No,No
ham,Aapka BYJU'S subscription 27-05-2025 ko renew hoga. Annual plan par upgrade karein aur 20% bachayein: https://byjus.com/offers/36bvER,yes,No,No
ham,Paytm: Dost ko refer karein aur dono ko 100 reward points milenge. Code FYVS58 share karein: https://paytm.com/rewards/0otSKD,yes,No,No
ham,Zomato: Is weekend storewide flat 25% off. T&C apply. Offers band karne ke liye STOP reply karein. https://zomato.com/gold/Gihr4b,yes,No,No
ham,Aapka Disney+ Hotstar subscription 09-02-2025 ko renew hoga. Annual plan par upgrade karein aur 15% bachayein: https://hotstar.com/subscribe/zNfd9T,yes,No,No
ham,SBI Card: Dost ko refer karein aur dono ko 1000 reward points milenge. Code PZUS42 share karein: https://sbicard.com/offers/8ancYh,yes,No,No
ham,"IndiGo members ko hamare festive sale ka early access milta hai, select routes par 25% off: https://goindigo.in/offers/hTj3Im",yes,No,No
ham,"Uber: Abhi book karein aur agli trip par 15% off paayein, 21-06-2025 tak valid. Details: https://uber.com/promotions/GCN84l",yes,No,No
ham,"cult.fit member hone ke naate, aaj se hamare 60% off renewal offer ka early access paayein: https://cult.fit/offers/CCcj0a",yes,No,No
ham,Aapne 100 CRED reward points kamaye hain. Agli transaction par redeem karein: https://cred.club/rewards/uSN8xy,yes,No,No
ham,Aapka Spotify plan jald expire ho raha hai. Abhi renew karein aur pehle 3 mahino par 50% off paayein: https://spotify.com/premium/0gvNse,yes,No,No
ham,"IRCTC par flash sale! Fares Rs.50 se shuru, limited period ke liye. Yahan book karein: https://irctc.co.in/offers/0RrBIa",yes,No,No
ham,"IndiGo par flash sale! Fares Rs.250 se shuru, limited period ke liye. Yahan book karein: https://goindigo.in/offers/q4tyir",yes,No,No
ham,"End of Season Sale sirf Ajio par: electronics par flat 60% tak chhoot, abhi app download karein: https://ajio.com/sale/IiK1Dy",yes,No,No
ham,"Goibibo members ko hamare festive sale ka early access milta hai, select routes par 60% off: https://goibibo.com/deals/2iv2m6",yes,No,No
ham,"redBus: Abhi book karein aur agli trip par 50% off paayein, 09-11-2026 tak valid. Details: https://redbus.in/offers/E6U5eh",yes,No,No
ham,"Ola members ko hamare festive sale ka early access milta hai, select routes par 60% off: https://olacabs.com/offers/Bfbrrd",yes,No,No
ham,Swiggy par dost ko invite karein aur dono ko Rs.250 off milega. Code EKKM76 share karein: https://swiggy.com/offers/6NYTBw,yes,No,No
ham,"Aapka pichla Nykaa order pasand aaya tha? Agli order par 25% off, 07-11-2025 tak valid: https://nykaa.com/sale/rh9Paj",yes,No,No
ham,HDFC Bank: Is hafte app se bill payment karne par 70% cashback paayein. Details: https://hdfcbank.com/offers/h7kt8g,yes,No,No
ham,Aakhri mauka: aapke Policybazaar bonus data offer aaj raat expire ho raha hai. Extra benefit ke liye abhi recharge karein: https://policybazaar.com/renew/uaDwxx,yes,No,No
ham,Ajio par naye arrivals aa gaye hain! Latest kitchen appliances collection dekhein: https://ajio.com/sale/tqGFH9,yes,No,No
ham,"IRCTC par flash sale! Fares Rs.250 se shuru, limited period ke liye. Yahan book karein: https://irctc.co.in/offers/vffh51",yes,No,No
ham,Aakhri mauka: aapke cult.fit bonus data offer aaj raat expire ho raha hai. Extra benefit ke liye abhi recharge karein: https://cult.fit/offers/PHytW2,yes,No,No
ham,Zomato ki Big Sale live hai! fashion par 70% tak ki chhoot. Abhi shop karein: https://zomato.com/gold/HU77Rm,yes,No,No
ham,"Aapka pichla Ajio order pasand aaya tha? Agli order par 70% off, 13-09-2026 tak valid: https://ajio.com/sale/kYSLeb",yes,No,No
ham,Aapne 500 SBI Card reward points kamaye hain. Agli transaction par redeem karein: https://sbicard.com/offers/t7u8oD,yes,No,No
ham,Aapne 1000 SBI Card reward points kamaye hain. Agli transaction par redeem karein: https://sbicard.com/offers/u20JM2,yes,No,No
ham,"Ola: Abhi book karein aur agli trip par 60% off paayein, 22-10-2026 tak valid. Details: https://olacabs.com/offers/2aMnLD",yes,No,No
ham,SBI Card: Dost ko refer karein aur dono ko 150 reward points milenge. Code FFMO95 share karein: https://sbicard.com/offers/ycoUaf,yes,No,No
ham,ICICI Bank: Is hafte app se bill payment karne par 40% cashback paayein. Details: https://icicibank.com/offers/WGkcfw,yes,No,No
ham,"Goibibo members ko hamare festive sale ka early access milta hai, select routes par 70% off: https://goibibo.com/deals/pkxqd1",yes,No,No
ham,"MakeMyTrip: Abhi book karein aur agli trip par 15% off paayein, 11-04-2026 tak valid. Details: https://makemytrip.com/deals/KFdBt2",yes,No,No
ham,"IRCTC members ko hamare festive sale ka early access milta hai, select routes par 50% off: https://irctc.co.in/offers/u591wV",yes,No,No
ham,Aakhri mauka: aapke cult.fit bonus data offer aaj raat expire ho raha hai. Extra benefit ke liye abhi recharge karein: https://cult.fit/offers/VTzxpF,yes,No,No
ham,"cult.fit member hone ke naate, aaj se hamare 50% off renewal offer ka early access paayein: https://cult.fit/offers/NzYdlo",yes,No,No
ham,Limited period: aaj hi apni Spotify membership upgrade karein aur annual fee par Rs.50 bachayein: https://spotify.com/premium/olDQGg,yes,No,No
ham,"IndiGo: Abhi book karein aur agli trip par 60% off paayein, 14-02-2025 tak valid. Details: https://goindigo.in/offers/81BVds",yes,No,No
ham,"Diwali ki hardik shubhkamnayein! Ajio par 20% off ke saath celebrate karein, sirf hamare valued customers ke liye: https://ajio.com/sale/n9dI9Z",yes,No,No
ham,boAt par dost ko invite karein aur dono ko Rs.150 off milega. Code USPG76 share karein: https://boat-lifestyle.com/sale/sNiHSw,yes,No,No
ham,Aapne 750 SBI Card reward points kamaye hain. Agli transaction par redeem karein: https://sbicard.com/offers/iAtwPo,yes,No,No
ham,Meesho par naye arrivals aa gaye hain! Latest home decor collection dekhein: https://meesho.com/offers/7IG2eq,yes,No,No
ham,Aapka Jio plan jald expire ho raha hai. Abhi renew karein aur pehle 3 mahino par 10% off paayein: https://jio.com/offers/eVcI78,yes,No,No
ham,"redBus members ko hamare festive sale ka early access milta hai, select routes par 30% off: https://redbus.in/offers/T9S8c8",yes,No,No
ham,Aakhri mauka: aapke Policybazaar bonus data offer aaj raat expire ho raha hai. Extra benefit ke liye abhi recharge karein: https://policybazaar.com/renew/G2aVZV,yes,No,No
ham,"Holi ki hardik shubhkamnayein! Blinkit par 30% off ke saath celebrate karein, sirf hamare valued customers ke liye: https://blinkit.com/offers/1XB8P8",yes,No,No
ham,"Happy Birthday Pooja! Aapke liye Rs.250 ka 1mg voucher, is mahine valid: https://1mg.com/offers/p14iTr",yes,No,No
ham,Aapka Vi subscription 23-02-2025 ko renew hoga. Annual plan par upgrade karein aur 10% bachayein: https://myvi.in/offers/2XwLpL,yes,No,No
ham,"MakeMyTrip members ko hamare festive sale ka early access milta hai, select routes par 20% off: https://makemytrip.com/deals/Ye8pNo",yes,No,No
ham,Aapne 150 HDFC Bank reward points kamaye hain. Agli transaction par redeem karein: https://hdfcbank.com/offers/8cxlmo,yes,No,No
ham,"Uber par flash sale! Fares Rs.200 se shuru, limited period ke liye. Yahan book karein: https://uber.com/promotions/pGIMLL",yes,No,No
ham,Aapne 150 PhonePe reward points kamaye hain. Agli transaction par redeem karein: https://phonepe.com/rewards/bBen3E,yes,No,No
ham,Limited period: aaj hi apni Jio membership upgrade karein aur annual fee par Rs.200 bachayein: https://jio.com/offers/QT8ytK,yes,No,No
ham,"Airtel member hone ke naate, aaj se hamare 15% off renewal offer ka early access paayein: https://airtel.in/offers/qVbJ50",yes,No,No
ham,Limited period: aaj hi apni Spotify membership upgrade karein aur annual fee par Rs.200 bachayein: https://spotify.com/premium/3j90Hq,yes,No,No
ham,"IndiGo par flash sale! Fares Rs.250 se shuru, limited period ke liye. Yahan book karein: https://goindigo.in/offers/ulz12k",yes,No,No
ham,Aapka Policybazaar plan jald expire ho raha hai. Abhi renew karein aur pehle 3 mahino par 15% off paayein: https://policybazaar.com/renew/04DQ3i,yes,No,No
ham,PhonePe: Is hafte app se bill payment karne par 40% cashback paayein. Details: https://phonepe.com/rewards/GKCPZn,yes,No,No
ham,Aapka Vi subscription 15-08-2025 ko renew hoga. Annual plan par upgrade karein aur 60% bachayein: https://myvi.in/offers/mO21rg,yes,No,No
ham,SBI Card: Dost ko refer karein aur dono ko 250 reward points milenge. Code FHUX72 share karein: https://sbicard.com/offers/3hoyeI,yes,No,No
ham,"Titan ki Independence Day Sale miss mat karein - storewide 70% tak off, sirf limited time ke liye: https://titan.co.in/sale/gNkx9c",yes,No,No
ham,Aapka Spotify subscription 12-07-2026 ko renew hoga. Annual plan par upgrade karein aur 20% bachayein: https://spotify.com/premium/XOemcp,yes,No,No
ham,Limited period: aaj hi apni Airtel membership upgrade karein aur annual fee par Rs.500 bachayein: https://airtel.in/offers/lj5EFP,yes,No,No
ham,"Republic Day Sale sirf 1mg par: footwear par flat 75% tak chhoot, abhi app download karein: https://1mg.com/offers/ewkOyF",yes,No,No
ham,"Goibibo members ko hamare festive sale ka early access milta hai, select routes par 70% off: https://goibibo.com/deals/Su9Vbt",yes,No,No
ham,PhonePe: Is hafte app se bill payment karne par 15% cashback paayein. Details: https://phonepe.com/rewards/qyma7I,yes,No,No
ham,SBI Card: Dost ko refer karein aur dono ko 100 reward points milenge. Code SVAE93 share karein: https://sbicard.com/offers/sjToBz,yes,No,No
ham,"Goibibo: Abhi book karein aur agli trip par 60% off paayein, 03-05-2025 tak valid. Details: https://goibibo.com/deals/XzKmGu",yes,No,No
ham,CRED: Is hafte app se bill payment karne par 50% cashback paayein. Details: https://cred.club/rewards/ZsoDxT,yes,No,No
ham,"Disney+ Hotstar member hone ke naate, aaj se hamare 30% off renewal offer ka early access paayein: https://hotstar.com/subscribe/ffVMEs",yes,No,No
ham,Ajio par naye arrivals aa gaye hain! Latest electronics collection dekhein: https://ajio.com/sale/ALrLfq,yes,No,No
ham,"BookMyShow Independence Day Sale LIVE hai! electronics par 50% tak ki chhoot, stock khatam hone se pehle jaldi karein: https://bookmyshow.com/offers/HKd7QR",yes,No,No
ham,Aakhri mauka: aapke BYJU'S bonus data offer aaj raat expire ho raha hai. Extra benefit ke liye abhi recharge karein: https://byjus.com/offers/FVRV49,yes,No,No
ham,PhonePe: Dost ko refer karein aur dono ko 500 reward points milenge. Code BUXP64 share karein: https://phonepe.com/rewards/7Al8Wt,yes,No,No
ham,Aapka Unacademy plan benefit aaj khatam ho raha hai. Extra data na khone ke liye midnight se pehle renew karein: https://unacademy.com/offers/Exmr3l,yes,No,No
ham,"IRCTC par flash sale! Fares Rs.200 se shuru, limited period ke liye. Yahan book karein: https://irctc.co.in/offers/NxC7Sh",yes,No,No
ham,"redBus: Abhi book karein aur agli trip par 15% off paayein, 12-11-2025 tak valid. Details: https://redbus.in/offers/6CNLIV",yes,No,No
ham,"redBus par flash sale! Fares Rs.250 se shuru, limited period ke liye. Yahan book karein: https://redbus.in/offers/AGRZ1g",yes,No,No
ham,Aakhri mauka: aapke Airtel bonus data offer aaj raat expire ho raha hai. Extra benefit ke liye abhi recharge karein: https://airtel.in/offers/nVZ6RM,yes,No,No
ham,"Goibibo members ko hamare festive sale ka early access milta hai, select routes par 15% off: https://goibibo.com/deals/Z5GGb9",yes,No,No
ham,"Goibibo members ko hamare festive sale ka early access milta hai, select routes par 10% off: https://goibibo.com/deals/2orxa9",yes,No,No
ham,"Happy Birthday Raj! Aapke liye Rs.250 ka Zepto voucher, is mahine valid: https://zepto.com/offers/qW4kye",yes,No,No
ham,"Netflix member hone ke naate, aaj se hamare 15% off renewal offer ka early access paayein: https://netflix.com/account/n8h9XS",yes,No,No
ham,"PharmEasy Big Billion Days LIVE hai! fashion par 60% tak ki chhoot, stock khatam hone se pehle jaldi karein: https://pharmeasy.in/offers/SoMgEe",yes,No,No
ham,"Christmas ki hardik shubhkamnayein! 1mg par 70% off ke saath celebrate karein, sirf hamare valued customers ke liye: https://1mg.com/offers/AEjH8R",yes,No,No
ham,PhonePe: Dost ko refer karein aur dono ko 100 reward points milenge. Code MNFE55 share karein: https://phonepe.com/rewards/BxhCSe,yes,No,No
ham,Aakhri mauka: aapke Policybazaar bonus data offer aaj raat expire ho raha hai. Extra benefit ke liye abhi recharge karein: https://policybazaar.com/renew/QJk3Fh,yes,No,No
ham,"Hi Pooja, aapke Ajio cart ke items ab sale mein hain. Order complete karein: https://ajio.com/sale/Kl8M4y",yes,No,No
ham,Aapka Unacademy plan benefit aaj khatam ho raha hai. Extra data na khone ke liye midnight se pehle renew karein: https://unacademy.com/offers/BepZiJ,yes,No,No
ham,PhonePe: Is hafte app se bill payment karne par 60% cashback paayein. Details: https://phonepe.com/rewards/MNWXLq,yes,No,No
ham,"redBus par flash sale! Fares Rs.500 se shuru, limited period ke liye. Yahan book karein: https://redbus.in/offers/IzhZiF",yes,No,No
ham,"Uber par flash sale! Fares Rs.200 se shuru, limited period ke liye. Yahan book karein: https://uber.com/promotions/rgrNSn",yes,No,No
ham,SBI Card: Is hafte app se bill payment karne par 20% cashback paayein. Details: https://sbicard.com/offers/GHWZpl,yes,No,No
ham,"Goibibo members ko hamare festive sale ka early access milta hai, select routes par 25% off: https://goibibo.com/deals/mFMUrR",yes,No,No
ham,SBI Card: Dost ko refer karein aur dono ko 100 reward points milenge. Code QGAE83 share karein: https://sbicard.com/offers/yLoO5a,yes,No,No
ham,"IndiGo members ko hamare festive sale ka early access milta hai, select routes par 10% off: https://goindigo.in/offers/shmXYR",yes,No,No
ham,HDFC Bank: Dost ko refer karein aur dono ko 150 reward points milenge. Code AETU62 share karein: https://hdfcbank.com/offers/QxRmCA,yes,No,No
ham,BigBasket par dost ko invite karein aur dono ko Rs.150 off milega. Code EGEW86 share karein: https://bigbasket.com/offers/IlVdJ9,yes,No,No
ham,"1mg ki Diwali Dhamaka Sale ke aakhri kuch ghante! 75% tak off, aaj raat khatam hone se pehle shop karein: https://1mg.com/offers/QI6NdS",yes,No,No
ham,"IRCTC members ko hamare festive sale ka early access milta hai, select routes par 25% off: https://irctc.co.in/offers/XPuLdU",yes,No,No
ham,ICICI Bank: Dost ko refer karein aur dono ko 100 reward points milenge. Code QFRF18 share karein: https://icicibank.com/offers/a35K4J,yes,No,No
ham,"Sirf aaj ke liye: 1mg par fashion par flat 70% off mil raha hai, aadhi raat se pehle order karein: https://1mg.com/offers/WAXb4R",yes,No,No
ham,Amazon par dost ko invite karein aur dono ko Rs.300 off milega. Code NMYD32 share karein: https://amazon.in/deals/R1MIT1,yes,No,No
ham,Limited period: aaj hi apni Vi membership upgrade karein aur annual fee par Rs.500 bachayein: https://myvi.in/offers/LmbfF6,yes,No,No
ham,"IndiGo par flash sale! Fares Rs.100 se shuru, limited period ke liye. Yahan book karein: https://goindigo.in/offers/ZlkNls",yes,No,No
ham,CRED: Dost ko refer karein aur dono ko 300 reward points milenge. Code GENS84 share karein: https://cred.club/rewards/TeJWA6,yes,No,No
ham,SBI Card: Is hafte app se bill payment karne par 60% cashback paayein. Details: https://sbicard.com/offers/SL1aJa,yes,No,No
ham,Aapne 150 CRED reward points kamaye hain. Agli transaction par redeem karein: https://cred.club/rewards/T0OocI,yes,No,No
ham,"Sirf aaj ke liye: boAt par accessories par flat 10% off mil raha hai, aadhi raat se pehle order karein: https://boat-lifestyle.com/sale/lX56TE",yes,No,No
ham,Limited period: aaj hi apni Amazon Prime Video membership upgrade karein aur annual fee par Rs.500 bachayein: https://primevideo.com/offers/tzxgYI,yes,No,No
ham,"Aapka pichla Myntra order pasand aaya tha? Agli order par 20% off, 07-02-2026 tak valid: https://myntra.com/offers/GTyhat",yes,No,No
ham,Aapne 250 HDFC Bank reward points kamaye hain. Agli transaction par redeem karein: https://hdfcbank.com/offers/uuokl5,yes,No,No
ham,Axis Bank: Dost ko refer karein aur dono ko 300 reward points milenge. Code FZKQ87 share karein: https://axisbank.com/offers/i93l9x,yes,No,No
ham,"Netflix member hone ke naate, aaj se hamare 40% off renewal offer ka early access paayein: https://netflix.com/account/kG9GlZ",yes,No,No
ham,Axis Bank: Dost ko refer karein aur dono ko 300 reward points milenge. Code VWRG37 share karein: https://axisbank.com/offers/tMXCJi,yes,No,No
ham,Aapka Spotify subscription 09-12-2026 ko renew hoga. Annual plan par upgrade karein aur 15% bachayein: https://spotify.com/premium/S0KKxz,yes,No,No
ham,"BigBasket app abhi kholein aur pao exclusive app-only deal 70% off, sirf aaj: https://bigbasket.com/offers/GEEc0T",yes,No,No
ham,"Goibibo members ko hamare festive sale ka early access milta hai, select routes par 10% off: https://goibibo.com/deals/ImLfwI",yes,No,No
ham,Aapka Netflix plan jald expire ho raha hai. Abhi renew karein aur pehle 3 mahino par 30% off paayein: https://netflix.com/account/KplB4n,yes,No,No
ham,"IRCTC par flash sale! Fares Rs.50 se shuru, limited period ke liye. Yahan book karein: https://irctc.co.in/offers/1ymGZq",yes,No,No
ham,HDFC Bank: Dost ko refer karein aur dono ko 250 reward points milenge. Code GJML22 share karein: https://hdfcbank.com/offers/gbtNFX,yes,No,No
ham,1mg: Is weekend storewide flat 15% off. T&C apply. Offers band karne ke liye STOP reply karein. https://1mg.com/offers/HGBsq5,yes,No,No
ham,"Sirf aaj ke liye: Titan par beauty products par flat 30% off mil raha hai, aadhi raat se pehle order karein: https://titan.co.in/sale/M2kzzA",yes,No,No
ham,Axis Bank: Dost ko refer karein aur dono ko 150 reward points milenge. Code RSAZ17 share karein: https://axisbank.com/offers/mzYc8d,yes,No,No
ham,Aapne 150 HDFC Bank reward points kamaye hain. Agli transaction par redeem karein: https://hdfcbank.com/offers/eFNsRP,yes,No,No
ham,"cult.fit member hone ke naate, aaj se hamare 10% off renewal offer ka early access paayein: https://cult.fit/offers/sBFOkv",yes,No,No
ham,Blinkit par naye arrivals aa gaye hain! Latest groceries collection dekhein: https://blinkit.com/offers/Ea2Avg,yes,No,No
ham,"Myntra ki Year End Sale ke aakhri kuch ghante! 50% tak off, aaj raat khatam hone se pehle shop karein: https://myntra.com/offers/XEYhZ9",yes,No,No
ham,"IndiGo members ko hamare festive sale ka early access milta hai, select routes par 25% off: https://goindigo.in/offers/AVLhrb",yes,No,No
ham,"redBus members ko hamare festive sale ka early access milta hai, select routes par 70% off: https://redbus.in/offers/tFCOMJ",yes,No,No
ham,BookMyShow par dost ko invite karein aur dono ko Rs.100 off milega. Code UZPW41 share karein: https://bookmyshow.com/offers/ya3DTJ,yes,No,No
ham,Paytm: Dost ko refer karein aur dono ko 1000 reward points milenge. Code YAWO71 share karein: https://paytm.com/rewards/gqHtgC,yes,No,No
ham,HDFC Bank: Dost ko refer karein aur dono ko 250 reward points milenge. Code CETD22 share karein: https://hdfcbank.com/offers/6qiimj,yes,No,No
ham,PhonePe: Is hafte app se bill payment karne par 25% cashback paayein. Details: https://phonepe.com/rewards/n9TNbe,yes,No,No
ham,Aapka cult.fit subscription 02-07-2025 ko renew hoga. Annual plan par upgrade karein aur 10% bachayein: https://cult.fit/offers/m1ed8Y,yes,No,No
ham,"redBus: Abhi book karein aur agli trip par 60% off paayein, 18-08-2025 tak valid. Details: https://redbus.in/offers/wuN0db",yes,No,No
ham,"redBus members ko hamare festive sale ka early access milta hai, select routes par 20% off: https://redbus.in/offers/9M0sjp",yes,No,No
ham,"Ola: Abhi book karein aur agli trip par 60% off paayein, 04-08-2026 tak valid. Details: https://olacabs.com/offers/5Wp8P4",yes,No,No
ham,"Domino's Diwali Dhamaka Sale LIVE hai! groceries par 80% tak ki chhoot, stock khatam hone se pehle jaldi karein: https://dominos.co.in/offers/ElzUHG",yes,No,No
ham,Limited period: aaj hi apni Policybazaar membership upgrade karein aur annual fee par Rs.50 bachayein: https://policybazaar.com/renew/WWi5cX,yes,No,No
ham,Limited period: aaj hi apni Jio membership upgrade karein aur annual fee par Rs.100 bachayein: https://jio.com/offers/tySsIZ,yes,No,No
ham,"IRCTC: Abhi book karein aur agli trip par 40% off paayein, 03-01-2026 tak valid. Details: https://irctc.co.in/offers/c41aWU",yes,No,No
ham,PhonePe: Is hafte app se bill payment karne par 25% cashback paayein. Details: https://phonepe.com/rewards/GVO1mZ,yes,No,No
ham,"Ola members ko hamare festive sale ka early access milta hai, select routes par 50% off: https://olacabs.com/offers/OgtdTB",yes,No,No
ham,"Sirf aaj ke liye: Lenskart par electronics par flat 40% off mil raha hai, aadhi raat se pehle order karein: https://lenskart.com/offers/D2VYLY",yes,No,No
ham,"IndiGo par flash sale! Fares Rs.200 se shuru, limited period ke liye. Yahan book karein: https://goindigo.in/offers/3Mpotf",yes,No,No
ham,Aapne 150 HDFC Bank reward points kamaye hain. Agli transaction par redeem karein: https://hdfcbank.com/offers/xXww29,yes,No,No
ham,"Uber: Abhi book karein aur agli trip par 15% off paayein, 15-03-2026 tak valid. Details: https://uber.com/promotions/9nsSsn",yes,No,No
ham,Aapka Airtel subscription 18-01-2026 ko renew hoga. Annual plan par upgrade karein aur 15% bachayein: https://airtel.in/offers/Yr82iO,yes,No,No
ham,"Ajio ki Monsoon Sale miss mat karein - storewide 50% tak off, sirf limited time ke liye: https://ajio.com/sale/NOYJJH",yes,No,No
ham,Lenskart: Is weekend storewide flat 15% off. T&C apply. Offers band karne ke liye STOP reply karein. https://lenskart.com/offers/r3gry4,yes,No,No
ham,SBI Card: Is hafte app se bill payment karne par 25% cashback paayein. Details: https://sbicard.com/offers/CVNlwZ,yes,No,No
ham,"Sirf aaj ke liye: Amazon par beauty products par flat 50% off mil raha hai, aadhi raat se pehle order karein: https://amazon.in/deals/XWXCOC",yes,No,No
ham,Aapka BYJU'S subscription 27-12-2026 ko renew hoga. Annual plan par upgrade karein aur 10% bachayein: https://byjus.com/offers/fg58yH,yes,No,No
ham,Aapne 750 PhonePe reward points kamaye hain. Agli transaction par redeem karein: https://phonepe.com/rewards/IDmH8V,yes,No,No
ham,"MakeMyTrip members ko hamare festive sale ka early access milta hai, select routes par 20% off: https://makemytrip.com/deals/Go4xBo",yes,No,No
ham,"MakeMyTrip par flash sale! Fares Rs.500 se shuru, limited period ke liye. Yahan book karein: https://makemytrip.com/deals/9lQMDf",yes,No,No
ham,"IndiGo par flash sale! Fares Rs.500 se shuru, limited period ke liye. Yahan book karein: https://goindigo.in/offers/7TFI5N",yes,No,No
ham,Aapka BYJU'S subscription 21-05-2025 ko renew hoga. Annual plan par upgrade karein aur 20% bachayein: https://byjus.com/offers/YvgCO7,yes,No,No
ham,"IndiGo: Abhi book karein aur agli trip par 10% off paayein, 09-03-2025 tak valid. Details: https://goindigo.in/offers/iSYXAe",yes,No,No
ham,Aapka Amazon Prime Video plan benefit aaj khatam ho raha hai. Extra data na khone ke liye midnight se pehle renew karein: https://primevideo.com/offers/ryeTQU,yes,No,No
ham,HDFC Bank: Is hafte app se bill payment karne par 60% cashback paayein. Details: https://hdfcbank.com/offers/tbGJDU,yes,No,No
ham,"Uber members ko hamare festive sale ka early access milta hai, select routes par 70% off: https://uber.com/promotions/HNnCI0",yes,No,No
ham,"Hi Vikram, aapke Ajio cart ke items ab sale mein hain. Order complete karein: https://ajio.com/sale/mcAVud",yes,No,No
ham,"IndiGo members ko hamare festive sale ka early access milta hai, select routes par 60% off: https://goindigo.in/offers/YJ0QGE",yes,No,No
ham,Domino's: Is weekend storewide flat 40% off. T&C apply. Offers band karne ke liye STOP reply karein. https://dominos.co.in/offers/NBO9AO,yes,No,No
ham,"Aapka pichla Blinkit order pasand aaya tha? Agli order par 70% off, 01-06-2026 tak valid: https://blinkit.com/offers/6nml3I",yes,No,No
ham,Aapne 750 HDFC Bank reward points kamaye hain. Agli transaction par redeem karein: https://hdfcbank.com/offers/CF4cB9,yes,No,No
ham,Ajio ki Big Sale live hai! kitchen appliances par 20% tak ki chhoot. Abhi shop karein: https://ajio.com/sale/Oh1aNS,yes,No,No
ham,Aapne 300 PhonePe reward points kamaye hain. Agli transaction par redeem karein: https://phonepe.com/rewards/fp98F0,yes,No,No
ham,Aapne 250 HDFC Bank reward points kamaye hain. Agli transaction par redeem karein: https://hdfcbank.com/offers/2NxqZU,yes,No,No
ham,Aapne 200 Axis Bank reward points kamaye hain. Agli transaction par redeem karein: https://axisbank.com/offers/QESdVb,yes,No,No
ham,"Goibibo par flash sale! Fares Rs.250 se shuru, limited period ke liye. Yahan book karein: https://goibibo.com/deals/bS4ezW",yes,No,No
ham,Aakhri mauka: aapke cult.fit bonus data offer aaj raat expire ho raha hai. Extra benefit ke liye abhi recharge karein: https://cult.fit/offers/jTXZAI,yes,No,No
ham,CRED: Dost ko refer karein aur dono ko 250 reward points milenge. Code HAAQ38 share karein: https://cred.club/rewards/p1IaV5,yes,No,No
ham,"MakeMyTrip members ko hamare festive sale ka early access milta hai, select routes par 20% off: https://makemytrip.com/deals/WfI11P",yes,No,No
ham,"Goibibo par flash sale! Fares Rs.500 se shuru, limited period ke liye. Yahan book karein: https://goibibo.com/deals/TEqE8m",yes,No,No
ham,Axis Bank: Is hafte app se bill payment karne par 30% cashback paayein. Details: https://axisbank.com/offers/8TUVYX,yes,No,No
ham,Aakhri mauka: aapke Policybazaar bonus data offer aaj raat expire ho raha hai. Extra benefit ke liye abhi recharge karein: https://policybazaar.com/renew/Nc6hlJ,yes,No,No
ham,Aapka Disney+ Hotstar plan jald expire ho raha hai. Abhi renew karein aur pehle 3 mahino par 60% off paayein: https://hotstar.com/subscribe/mQFF6q,yes,No,No
ham,Aapka Netflix plan benefit aaj khatam ho raha hai. Extra data na khone ke liye midnight se pehle renew karein: https://netflix.com/account/QDMmuN,yes,No,No
ham,CRED: Is hafte app se bill payment karne par 10% cashback paayein. Details: https://cred.club/rewards/27xqLS,yes,No,No
ham,"Sirf aaj ke liye: Pepperfry par groceries par flat 60% off mil raha hai, aadhi raat se pehle order karein: https://pepperfry.com/sale/Xw5wbJ",yes,No,No
ham,"Hi Amit, aapke Domino's cart ke items ab sale mein hain. Order complete karein: https://dominos.co.in/offers/n9jASj",yes,No,No
ham,Limited period: aaj hi apni cult.fit membership upgrade karein aur annual fee par Rs.500 bachayein: https://cult.fit/offers/QDLbzs,yes,No,No
ham,"redBus: Abhi book karein aur agli trip par 25% off paayein, 03-01-2026 tak valid. Details: https://redbus.in/offers/VdU6tw",yes,No,No
ham,Pepperfry: Is weekend storewide flat 50% off. T&C apply. Offers band karne ke liye STOP reply karein. https://pepperfry.com/sale/GsWmtv,yes,No,No
ham,Limited period: aaj hi apni Airtel membership upgrade karein aur annual fee par Rs.50 bachayein: https://airtel.in/offers/v222bX,yes,No,No
ham,"Uber members ko hamare festive sale ka early access milta hai, select routes par 50% off: https://uber.com/promotions/1yvYz4",yes,No,No
ham,"Spotify member hone ke naate, aaj se hamare 60% off renewal offer ka early access paayein: https://spotify.com/premium/HMxP0E",yes,No,No
ham,CRED: Dost ko refer karein aur dono ko 200 reward points milenge. Code PIYJ60 share karein: https://cred.club/rewards/dEJqXT,yes,No,No
ham,Aakhri mauka: aapke Spotify bonus data offer aaj raat expire ho raha hai. Extra benefit ke liye abhi recharge karein: https://spotify.com/premium/A9LLCb,yes,No,No
ham,Limited period: aaj hi apni Spotify membership upgrade karein aur annual fee par Rs.100 bachayein: https://spotify.com/premium/ymsTgx,yes,No,No
ham,HDFC Bank: Dost ko refer karein aur dono ko 750 reward points milenge. Code VAJZ42 share karein: https://hdfcbank.com/offers/YiZlsZ,yes,No,No
ham,Aapne 250 ICICI Bank reward points kamaye hain. Agli transaction par redeem karein: https://icicibank.com/offers/q8p1uo,yes,No,No
ham,Limited period: aaj hi apni Spotify membership upgrade karein aur annual fee par Rs.300 bachayein: https://spotify.com/premium/vufwWg,yes,No,No
ham,Axis Bank: Is hafte app se bill payment karne par 15% cashback paayein. Details: https://axisbank.com/offers/iPrQyU,yes,No,No
ham,HDFC Bank: Is hafte app se bill payment karne par 25% cashback paayein. Details: https://hdfcbank.com/offers/W43469,yes,No,No
ham,"Zomato ki Monsoon Sale ke aakhri kuch ghante! 80% tak off, aaj raat khatam hone se pehle shop karein: https://zomato.com/gold/dSG6QJ",yes,No,No
ham,Limited period: aaj hi apni Policybazaar membership upgrade karein aur annual fee par Rs.50 bachayein: https://policybazaar.com/renew/qe36CR,yes,No,No
ham,"Ola: Abhi book karein aur agli trip par 20% off paayein, 19-01-2025 tak valid. Details: https://olacabs.com/offers/AEOf5f",yes,No,No
ham,CRED: Is hafte app se bill payment karne par 25% cashback paayein. Details: https://cred.club/rewards/jy0fSV,yes,No,No
ham,Aakhri mauka: aapke Unacademy bonus data offer aaj raat expire ho raha hai. Extra benefit ke liye abhi recharge karein: https://unacademy.com/offers/LzMQCx,yes,No,No
ham,"Happy Birthday Rahul! Aapke liye Rs.50 ka 1mg voucher, is mahine valid: https://1mg.com/offers/p8L1Zz",yes,No,No
ham,Aakhri mauka: aapke Disney+ Hotstar bonus data offer aaj raat expire ho raha hai. Extra benefit ke liye abhi recharge karein: https://hotstar.com/subscribe/2Cn50o,yes,No,No
ham,Aapka Amazon Prime Video plan jald expire ho raha hai. Abhi renew karein aur pehle 3 mahino par 30% off paayein: https://primevideo.com/offers/YiE94V,yes,No,No
ham,"Happy Birthday Vikram! Aapke liye Rs.200 ka PharmEasy voucher, is mahine valid: https://pharmeasy.in/offers/HigJe5",yes,No,No
ham,Aapka Airtel plan jald expire ho raha hai. Abhi renew karein aur pehle 3 mahino par 15% off paayein: https://airtel.in/offers/RMnQwT,yes,No,No
ham,Limited period: aaj hi apni Vi membership upgrade karein aur annual fee par Rs.100 bachayein: https://myvi.in/offers/fJzwGe,yes,No,No
ham,Aapne 1000 SBI Card reward points kamaye hain. Agli transaction par redeem karein: https://sbicard.com/offers/odUg28,yes,No,No
ham,"MakeMyTrip par flash sale! Fares Rs.250 se shuru, limited period ke liye. Yahan book karein: https://makemytrip.com/deals/dEqg9E",yes,No,No
ham,"BYJU'S member hone ke naate, aaj se hamare 70% off renewal offer ka early access paayein: https://byjus.com/offers/0273br",yes,No,No
ham,"Hi Pooja, aapke 1mg cart ke items ab sale mein hain. Order complete karein: https://1mg.com/offers/g9j2oX",yes,No,No
ham,1mg par naye arrivals aa gaye hain! Latest kitchen appliances collection dekhein: https://1mg.com/offers/OAD0Ba,yes,No,No
ham,"boAt app abhi kholein aur pao exclusive app-only deal 40% off, sirf aaj: https://boat-lifestyle.com/sale/pY4Cf7",yes,No,No
ham,"PharmEasy ki Big Billion Days ke aakhri kuch ghante! 75% tak off, aaj raat khatam hone se pehle shop karein: https://pharmeasy.in/offers/7sGMow",yes,No,No
ham,"IndiGo members ko hamare festive sale ka early access milta hai, select routes par 15% off: https://goindigo.in/offers/cpvA1h",yes,No,No
ham,ICICI Bank: Dost ko refer karein aur dono ko 300 reward points milenge. Code CCJW85 share karein: https://icicibank.com/offers/HcSR3y,yes,No,No
ham,Aapne 1000 SBI Card reward points kamaye hain. Agli transaction par redeem karein: https://sbicard.com/offers/ASlLNE,yes,No,No
ham,"Goibibo par flash sale! Fares Rs.150 se shuru, limited period ke liye. Yahan book karein: https://goibibo.com/deals/HL6ooE",yes,No,No
ham,Aapka Policybazaar plan jald expire ho raha hai. Abhi renew karein aur pehle 3 mahino par 10% off paayein: https://policybazaar.com/renew/wh4Asq,yes,No,No
ham,SBI Card: Is hafte app se bill payment karne par 30% cashback paayein. Details: https://sbicard.com/offers/xVrcfv,yes,No,No
ham,"Aapka pichla Nykaa order pasand aaya tha? Agli order par 40% off, 07-07-2025 tak valid: https://nykaa.com/sale/YKpBAs",yes,No,No
ham,Aapne 500 Paytm reward points kamaye hain. Agli transaction par redeem karein: https://paytm.com/rewards/U6VKNe,yes,No,No
ham,BookMyShow par dost ko invite karein aur dono ko Rs.150 off milega. Code DABF30 share karein: https://bookmyshow.com/offers/tGqa5m,yes,No,No
ham,Aapne 300 HDFC Bank reward points kamaye hain. Agli transaction par redeem karein: https://hdfcbank.com/offers/q1pOy5,yes,No,No
ham,"Uber: Abhi book karein aur agli trip par 60% off paayein, 08-11-2025 tak valid. Details: https://uber.com/promotions/ap7C1U",yes,No,No
ham,Paytm: Dost ko refer karein aur dono ko 150 reward points milenge. Code KZZG28 share karein: https://paytm.com/rewards/DoF4yJ,yes,No,No
ham,"Netflix member hone ke naate, aaj se hamare 40% off renewal offer ka early access paayein: https://netflix.com/account/CPDaZ4",yes,No,No
ham,"IRCTC: Abhi book karein aur agli trip par 70% off paayein, 01-11-2026 tak valid. Details: https://irctc.co.in/offers/WbuHzU",yes,No,No
ham,HDFC Bank: Dost ko refer karein aur dono ko 100 reward points milenge. Code MLOT83 share karein: https://hdfcbank.com/offers/dvl0NW,yes,No,No
ham,Aapka Airtel plan benefit aaj khatam ho raha hai. Extra data na khone ke liye midnight se pehle renew karein: https://airtel.in/offers/YRFCRr,yes,No,No
ham,"redBus: Abhi book karein aur agli trip par 30% off paayein, 19-12-2026 tak valid. Details: https://redbus.in/offers/WsqYRB",yes,No,No
ham,Aapka Jio plan benefit aaj khatam ho raha hai. Extra data na khone ke liye midnight se pehle renew karein: https://jio.com/offers/Qyq84h,yes,No,No
ham,Limited period: aaj hi apni Vi membership upgrade karein aur annual fee par Rs.250 bachayein: https://myvi.in/offers/uXNfPv,yes,No,No
ham,"Flipkart ki Year End Sale ke aakhri kuch ghante! 50% tak off, aaj raat khatam hone se pehle shop karein: https://flipkart.com/sale/DEtg2W",yes,No,No
ham,"redBus par flash sale! Fares Rs.300 se shuru, limited period ke liye. Yahan book karein: https://redbus.in/offers/5cuv1d",yes,No,No
ham,"Ajio app abhi kholein aur pao exclusive app-only deal 60% off, sirf aaj: https://ajio.com/sale/81KRlH",yes,No,No
ham,"MakeMyTrip: Abhi book karein aur agli trip par 50% off paayein, 18-11-2026 tak valid. Details: https://makemytrip.com/deals/M9tBex",yes,No,No
ham,BookMyShow par dost ko invite karein aur dono ko Rs.250 off milega. Code JTNT42 share karein: https://bookmyshow.com/offers/QlJu1a,yes,No,No
ham,Aakhri mauka: aapke Unacademy bonus data offer aaj raat expire ho raha hai. Extra benefit ke liye abhi recharge karein: https://unacademy.com/offers/8Y6cQj,yes,No,No
ham,SBI Card: Is hafte app se bill payment karne par 60% cashback paayein. Details: https://sbicard.com/offers/me7Pga,yes,No,No
ham,"IRCTC: Abhi book karein aur agli trip par 30% off paayein, 08-03-2025 tak valid. Details: https://irctc.co.in/offers/lPNvyi",yes,No,No
ham,"Aapka pichla Tanishq order pasand aaya tha? Agli order par 30% off, 03-02-2025 tak valid: https://tanishq.co.in/offers/cG8uiu",yes,No,No
ham,"End of Season Sale sirf Pepperfry par: home decor par flat 75% tak chhoot, abhi app download karein: https://pepperfry.com/sale/Pxs6ox",yes,No,No
ham,"Zomato ki Independence Day Sale ke aakhri kuch ghante! 70% tak off, aaj raat khatam hone se pehle shop karein: https://zomato.com/gold/bvcYar",yes,No,No
ham,Axis Bank: Dost ko refer karein aur dono ko 500 reward points milenge. Code DYAB64 share karein: https://axisbank.com/offers/VRi2on,yes,No,No
ham,"IndiGo par flash sale! Fares Rs.200 se shuru, limited period ke liye. Yahan book karein: https://goindigo.in/offers/L7xKr7",yes,No,No
ham,Aapka BYJU'S plan jald expire ho raha hai. Abhi renew karein aur pehle 3 mahino par 40% off paayein: https://byjus.com/offers/dkKzcf,yes,No,No
ham,Aakhri mauka: aapke Airtel bonus data offer aaj raat expire ho raha hai. Extra benefit ke liye abhi recharge karein: https://airtel.in/offers/145FcX,yes,No,No
ham,Aakhri mauka: aapke Disney+ Hotstar bonus data offer aaj raat expire ho raha hai. Extra benefit ke liye abhi recharge karein: https://hotstar.com/subscribe/i8BNgx,yes,No,No
ham,Aapne 750 ICICI Bank reward points kamaye hain. Agli transaction par redeem karein: https://icicibank.com/offers/gNR1ux,yes,No,No
ham,"Uber: Abhi book karein aur agli trip par 30% off paayein, 15-05-2026 tak valid. Details: https://uber.com/promotions/2JuR1r",yes,No,No
ham,CRED: Dost ko refer karein aur dono ko 500 reward points milenge. Code EOQY16 share karein: https://cred.club/rewards/W1e2ti,yes,No,No
ham,Aapka Spotify plan benefit aaj khatam ho raha hai. Extra data na khone ke liye midnight se pehle renew karein: https://spotify.com/premium/sObxNQ,yes,No,No
ham,"Independence Day Sale sirf Swiggy par: home decor par flat 70% tak chhoot, abhi app download karein: https://swiggy.com/offers/mKUmka",yes,No,No
ham,Aapka Netflix plan jald expire ho raha hai. Abhi renew karein aur pehle 3 mahino par 50% off paayein: https://netflix.com/account/u0Ah8H,yes,No,No
ham,"Policybazaar member hone ke naate, aaj se hamare 15% off renewal offer ka early access paayein: https://policybazaar.com/renew/1UsB6d",yes,No,No
ham,"MakeMyTrip: Abhi book karein aur agli trip par 60% off paayein, 04-12-2026 tak valid. Details: https://makemytrip.com/deals/uxcTWj",yes,No,No
ham,"MakeMyTrip members ko hamare festive sale ka early access milta hai, select routes par 30% off: https://makemytrip.com/deals/lu6my7",yes,No,No
ham,HDFC Bank: Is hafte app se bill payment karne par 60% cashback paayein. Details: https://hdfcbank.com/offers/m9l1IW,yes,No,No
ham,Aakhri mauka: aapke Netflix bonus data offer aaj raat expire ho raha hai. Extra benefit ke liye abhi recharge karein: https://netflix.com/account/vor5c7,yes,No,No
ham,"IndiGo: Abhi book karein aur agli trip par 30% off paayein, 14-07-2025 tak valid. Details: https://goindigo.in/offers/eNRxWb",yes,No,No
ham,Aapne 750 CRED reward points kamaye hain. Agli transaction par redeem karein: https://cred.club/rewards/Owkl6D,yes,No,No
ham,Titan par dost ko invite karein aur dono ko Rs.250 off milega. Code NNEU31 share karein: https://titan.co.in/sale/KNZ1KQ,yes,No,No
ham,HDFC Bank: Dost ko refer karein aur dono ko 300 reward points milenge. Code ANQM36 share karein: https://hdfcbank.com/offers/xEU9Q2,yes,No,No
ham,Aapka Vi plan jald expire ho raha hai. Abhi renew karein aur pehle 3 mahino par 50% off paayein: https://myvi.in/offers/shQYmq,yes,No,No
ham,"Policybazaar member hone ke naate, aaj se hamare 40% off renewal offer ka early access paayein: https://policybazaar.com/renew/Uh8EE7",yes,No,No
ham,"PharmEasy ki Republic Day Sale ke aakhri kuch ghante! 75% tak off, aaj raat khatam hone se pehle shop karein: https://pharmeasy.in/offers/6V6xMD",yes,No,No
ham,Aapne 250 Paytm reward points kamaye hain. Agli transaction par redeem karein: https://paytm.com/rewards/jq4rGA,yes,No,No
ham,Aapka Netflix plan jald expire ho raha hai. Abhi renew karein aur pehle 3 mahino par 50% off paayein: https://netflix.com/account/b4syhh,yes,No,No
ham,ICICI Bank: Dost ko refer karein aur dono ko 100 reward points milenge. Code WOZN45 share karein: https://icicibank.com/offers/LxYls8,yes,No,No
ham,Limited period: aaj hi apni Jio membership upgrade karein aur annual fee par Rs.100 bachayein: https://jio.com/offers/lpUOmh,yes,No,No
ham,Aapka Spotify subscription 26-10-2025 ko renew hoga. Annual plan par upgrade karein aur 40% bachayein: https://spotify.com/premium/eXOPdP,yes,No,No
ham,Aapka Unacademy plan jald expire ho raha hai. Abhi renew karein aur pehle 3 mahino par 20% off paayein: https://unacademy.com/offers/ENRyJ6,yes,No,No
ham,Axis Bank: Dost ko refer karein aur dono ko 100 reward points milenge. Code BJZJ24 share karein: https://axisbank.com/offers/9IKkks,yes,No,No
ham,"Spotify member hone ke naate, aaj se hamare 50% off renewal offer ka early access paayein: https://spotify.com/premium/TkJEzS",yes,No,No
ham,Aapka cult.fit plan jald expire ho raha hai. Abhi renew karein aur pehle 3 mahino par 10% off paayein: https://cult.fit/offers/xfYdj6,yes,No,No
ham,Aapka BYJU'S plan benefit aaj khatam ho raha hai. Extra data na khone ke liye midnight se pehle renew karein: https://byjus.com/offers/mJDRXp,yes,No,No
ham,"Republic Day Sale sirf Tanishq par: fashion par flat 75% tak chhoot, abhi app download karein: https://tanishq.co.in/offers/QAWhdD",yes,No,No
ham,"BigBasket app abhi kholein aur pao exclusive app-only deal 30% off, sirf aaj: https://bigbasket.com/offers/07Ey8C",yes,No,No
ham,Axis Bank: Is hafte app se bill payment karne par 10% cashback paayein. Details: https://axisbank.com/offers/0dWhUL,yes,No,No
ham,Aapka Airtel plan benefit aaj khatam ho raha hai. Extra data na khone ke liye midnight se pehle renew karein: https://airtel.in/offers/URsimc,yes,No,No
ham,"Hi Raj, aapke 1mg cart ke items ab sale mein hain. Order complete karein: https://1mg.com/offers/b7FMFm",yes,No,No
ham,"Ola: Abhi book karein aur agli trip par 15% off paayein, 21-10-2025 tak valid. Details: https://olacabs.com/offers/SG8wo6",yes,No,No
ham,Aapne 250 PhonePe reward points kamaye hain. Agli transaction par redeem karein: https://phonepe.com/rewards/Z18FTC,yes,No,No
ham,"redBus members ko hamare festive sale ka early access milta hai, select routes par 60% off: https://redbus.in/offers/cxDj1L",yes,No,No
ham,"Vi member hone ke naate, aaj se hamare 70% off renewal offer ka early access paayein: https://myvi.in/offers/7N84Vv",yes,No,No
ham,Aapne 250 Axis Bank reward points kamaye hain. Agli transaction par redeem karein: https://axisbank.com/offers/LvQ0jU,yes,No,No
ham,Myntra par naye arrivals aa gaye hain! Latest groceries collection dekhein: https://myntra.com/offers/Yy74dG,yes,No,No
ham,"Ola par flash sale! Fares Rs.150 se shuru, limited period ke liye. Yahan book karein: https://olacabs.com/offers/w2jhPJ",yes,No,No
ham,CRED: Is hafte app se bill payment karne par 70% cashback paayein. Details: https://cred.club/rewards/pSjscy,yes,No,No
ham,"MakeMyTrip: Abhi book karein aur agli trip par 40% off paayein, 03-06-2025 tak valid. Details: https://makemytrip.com/deals/t5ecfE",yes,No,No
ham,Paytm: Dost ko refer karein aur dono ko 250 reward points milenge. Code MSNC79 share karein: https://paytm.com/rewards/UeTb3n,yes,No,No
ham,"Aapka pichla 1mg order pasand aaya tha? Agli order par 50% off, 14-02-2025 tak valid: https://1mg.com/offers/o7H2V3",yes,No,No
ham,Aapka Amazon Prime Video plan jald expire ho raha hai. Abhi renew karein aur pehle 3 mahino par 30% off paayein: https://primevideo.com/offers/gcgAr4,yes,No,No
ham,"Goibibo members ko hamare festive sale ka early access milta hai, select routes par 60% off: https://goibibo.com/deals/mSlzct",yes,No,No
ham,"Big Billion Days sirf Lenskart par: groceries par flat 60% tak chhoot, abhi app download karein: https://lenskart.com/offers/0ECttc",yes,No,No
ham,"1mg app abhi kholein aur pao exclusive app-only deal 30% off, sirf aaj: https://1mg.com/offers/83EDai",yes,No,No
ham,"BYJU'S member hone ke naate, aaj se hamare 10% off renewal offer ka early access paayein: https://byjus.com/offers/sh7H9k",yes,No,No
ham,"Flipkart app abhi kholein aur pao exclusive app-only deal 25% off, sirf aaj: https://flipkart.com/sale/ROyYTX",yes,No,No
ham,Limited period: aaj hi apni BYJU'S membership upgrade karein aur annual fee par Rs.200 bachayein: https://byjus.com/offers/A9qhNU,yes,No,No
ham,Aapne 1000 SBI Card reward points kamaye hain. Agli transaction par redeem karein: https://sbicard.com/offers/88Jgex,yes,No,No
ham,PhonePe: Dost ko refer karein aur dono ko 300 reward points milenge. Code IGZS48 share karein: https://phonepe.com/rewards/sP0MMS,yes,No,No
ham,"IRCTC members ko hamare festive sale ka early access milta hai, select routes par 15% off: https://irctc.co.in/offers/38D7PX",yes,No,No
ham,"redBus: Abhi book karein aur agli trip par 30% off paayein, 16-10-2025 tak valid. Details: https://redbus.in/offers/iapnc4",yes,No,No
ham,"BookMyShow ki Year End Sale ke aakhri kuch ghante! 75% tak off, aaj raat khatam hone se pehle shop karein: https://bookmyshow.com/offers/jkjGWY",yes,No,No
ham,Aapka Jio plan benefit aaj khatam ho raha hai. Extra data na khone ke liye midnight se pehle renew karein: https://jio.com/offers/N6MIH8,yes,No,No
ham,Axis Bank: Is hafte app se bill payment karne par 70% cashback paayein. Details: https://axisbank.com/offers/svlZam,yes,No,No
ham,"Independence Day Sale sirf Titan par: fashion par flat 70% tak chhoot, abhi app download karein: https://titan.co.in/sale/hY1nCa",yes,No,No
ham,BookMyShow par dost ko invite karein aur dono ko Rs.100 off milega. Code BYEL33 share karein: https://bookmyshow.com/offers/3TusaZ,yes,No,No
ham,"Lenskart End of Season Sale LIVE hai! footwear par 80% tak ki chhoot, stock khatam hone se pehle jaldi karein: https://lenskart.com/offers/WmaxVT",yes,No,No
ham,"BookMyShow Independence Day Sale LIVE hai! fashion par 80% tak ki chhoot, stock khatam hone se pehle jaldi karein: https://bookmyshow.com/offers/V55EDu",yes,No,No
ham,"1mg End of Season Sale LIVE hai! groceries par 75% tak ki chhoot, stock khatam hone se pehle jaldi karein: https://1mg.com/offers/wmGlCu",yes,No,No
ham,Paytm: Is hafte app se bill payment karne par 50% cashback paayein. Details: https://paytm.com/rewards/YZtQyb,yes,No,No
ham,"Goibibo: Abhi book karein aur agli trip par 40% off paayein, 14-03-2026 tak valid. Details: https://goibibo.com/deals/2JPtjc",yes,No,No
ham,CRED: Dost ko refer karein aur dono ko 250 reward points milenge. Code EYJY30 share karein: https://cred.club/rewards/yKeRis,yes,No,No
ham,Aapka Disney+ Hotstar subscription 21-03-2025 ko renew hoga. Annual plan par upgrade karein aur 25% bachayein: https://hotstar.com/subscribe/6laFCX,yes,No,No
ham,HDFC Bank: Is hafte app se bill payment karne par 10% cashback paayein. Details: https://hdfcbank.com/offers/MBsoms,yes,No,No
ham,Flipkart par naye arrivals aa gaye hain! Latest kitchen appliances collection dekhein: https://flipkart.com/sale/RU0c3X,yes,No,No
ham,SBI Card: Dost ko refer karein aur dono ko 150 reward points milenge. Code AGMG72 share karein: https://sbicard.com/offers/gVCjxL,yes,No,No
ham,"Hi Pooja, aapke Myntra cart ke items ab sale mein hain. Order complete karein: https://myntra.com/offers/uRYBbV",yes,No,No
ham,Aapka Disney+ Hotstar subscription 18-09-2025 ko renew hoga. Annual plan par upgrade karein aur 10% bachayein: https://hotstar.com/subscribe/iELMqp,yes,No,No
ham,"Ola: Abhi book karein aur agli trip par 30% off paayein, 18-03-2025 tak valid. Details: https://olacabs.com/offers/VN0lSH",yes,No,No
ham,Aapka Amazon Prime Video plan jald expire ho raha hai. Abhi renew karein aur pehle 3 mahino par 15% off paayein: https://primevideo.com/offers/kVuzIC,yes,No,No
ham,HDFC Bank: Dost ko refer karein aur dono ko 100 reward points milenge. Code HHST96 share karein: https://hdfcbank.com/offers/G3WMhe,yes,No,No
ham,Aapka Spotify plan jald expire ho raha hai. Abhi renew karein aur pehle 3 mahino par 15% off paayein: https://spotify.com/premium/gf5j0R,yes,No,No
ham,"Christmas ki hardik shubhkamnayein! Flipkart par 15% off ke saath celebrate karein, sirf hamare valued customers ke liye: https://flipkart.com/sale/NnMf7X",yes,No,No
ham,"PharmEasy ki Republic Day Sale ke aakhri kuch ghante! 80% tak off, aaj raat khatam hone se pehle shop karein: https://pharmeasy.in/offers/Z2arsw",yes,No,No
ham,"Republic Day Sale sirf boAt par: home decor par flat 75% tak chhoot, abhi app download karein: https://boat-lifestyle.com/sale/UmZjxS",yes,No,No
ham,Ajio ki Big Sale live hai! electronics par 10% tak ki chhoot. Abhi shop karein: https://ajio.com/sale/DDjKUD,yes,No,No
ham,Tanishq par dost ko invite karein aur dono ko Rs.200 off milega. Code KJZS84 share karein: https://tanishq.co.in/offers/sTayiZ,yes,No,No
ham,"Holi ki hardik shubhkamnayein! Swiggy par 20% off ke saath celebrate karein, sirf hamare valued customers ke liye: https://swiggy.com/offers/l8F652",yes,No,No
ham,Aapka cult.fit plan jald expire ho raha hai. Abhi renew karein aur pehle 3 mahino par 70% off paayein: https://cult.fit/offers/B5NxnE,yes,No,No
ham,HDFC Bank: Is hafte app se bill payment karne par 50% cashback paayein. Details: https://hdfcbank.com/offers/W9lGO4,yes,No,No
ham,"Aapka pichla Decathlon order pasand aaya tha? Agli order par 70% off, 23-10-2026 tak valid: https://decathlon.in/sale/EAjoqQ",yes,No,No
ham,Aapka Amazon Prime Video plan jald expire ho raha hai. Abhi renew karein aur pehle 3 mahino par 60% off paayein: https://primevideo.com/offers/afSfcN,yes,No,No
ham,Limited period: aaj hi apni Spotify membership upgrade karein aur annual fee par Rs.150 bachayein: https://spotify.com/premium/NibTxO,yes,No,No
ham,"Diwali ki hardik shubhkamnayein! Lenskart par 20% off ke saath celebrate karein, sirf hamare valued customers ke liye: https://lenskart.com/offers/UPRA3E",yes,No,No
ham,Aapka Policybazaar plan benefit aaj khatam ho raha hai. Extra data na khone ke liye midnight se pehle renew karein: https://policybazaar.com/renew/nt1cVB,yes,No,No
ham,"Holi ki hardik shubhkamnayein! 1mg par 30% off ke saath celebrate karein, sirf hamare valued customers ke liye: https://1mg.com/offers/L8qUBp",yes,No,No
ham,"IndiGo members ko hamare festive sale ka early access milta hai, select routes par 15% off: https://goindigo.in/offers/PFnvx9",yes,No,No
ham,HDFC Bank: Dost ko refer karein aur dono ko 100 reward points milenge. Code HAGZ97 share karein: https://hdfcbank.com/offers/VoKQmy,yes,No,No
ham,Aapka Netflix subscription 15-02-2025 ko renew hoga. Annual plan par upgrade karein aur 60% bachayein: https://netflix.com/account/vtQdtq,yes,No,No
ham,"Uber members ko hamare festive sale ka early access milta hai, select routes par 20% off: https://uber.com/promotions/r27xUo",yes,No,No
ham,HDFC Bank: Is hafte app se bill payment karne par 70% cashback paayein. Details: https://hdfcbank.com/offers/8lkf7o,yes,No,No
ham,"MakeMyTrip: Abhi book karein aur agli trip par 30% off paayein, 02-11-2026 tak valid. Details: https://makemytrip.com/deals/IT9yX9",yes,No,No
ham,"1mg Republic Day Sale LIVE hai! groceries par 60% tak ki chhoot, stock khatam hone se pehle jaldi karein: https://1mg.com/offers/UnOXQa",yes,No,No
ham,Titan: Is weekend storewide flat 40% off. T&C apply. Offers band karne ke liye STOP reply karein. https://titan.co.in/sale/uroTqP,yes,No,No
ham,Aakhri mauka: aapke Disney+ Hotstar bonus data offer aaj raat expire ho raha hai. Extra benefit ke liye abhi recharge karein: https://hotstar.com/subscribe/OZwq4d,yes,No,No
ham,"Airtel member hone ke naate, aaj se hamare 70% off renewal offer ka early access paayein: https://airtel.in/offers/eVkKYS",yes,No,No
ham,Aapka Airtel subscription 25-03-2026 ko renew hoga. Annual plan par upgrade karein aur 70% bachayein: https://airtel.in/offers/1pJxAc,yes,No,No
ham,PhonePe: Dost ko refer karein aur dono ko 200 reward points milenge. Code LDPQ92 share karein: https://phonepe.com/rewards/Fu35he,yes,No,No
ham,BigBasket ki Big Sale live hai! footwear par 20% tak ki chhoot. Abhi shop karein: https://bigbasket.com/offers/VYiKUW,yes,No,No
ham,"Ola: Abhi book karein aur agli trip par 10% off paayein, 23-12-2026 tak valid. Details: https://olacabs.com/offers/rFzdbK",yes,No,No
ham,"IndiGo: Abhi book karein aur agli trip par 50% off paayein, 01-02-2025 tak valid. Details: https://goindigo.in/offers/UlnQpa",yes,No,No
ham,"Netflix member hone ke naate, aaj se hamare 60% off renewal offer ka early access paayein: https://netflix.com/account/P6oP8H",yes,No,No
ham,"Meesho ki Independence Day Sale ke aakhri kuch ghante! 75% tak off, aaj raat khatam hone se pehle shop karein: https://meesho.com/offers/XCFeyD",yes,No,No
ham,Aapka Netflix subscription 03-08-2026 ko renew hoga. Annual plan par upgrade karein aur 20% bachayein: https://netflix.com/account/LqlxOz,yes,No,No
ham,ICICI Bank: Dost ko refer karein aur dono ko 300 reward points milenge. Code ZWNZ70 share karein: https://icicibank.com/offers/m2nCTX,yes,No,No
ham,"Domino's ki Monsoon Sale ke aakhri kuch ghante! 50% tak off, aaj raat khatam hone se pehle shop karein: https://dominos.co.in/offers/lYCgjf",yes,No,No
ham,"Republic Day Sale sirf Domino's par: accessories par flat 75% tak chhoot, abhi app download karein: https://dominos.co.in/offers/1lrSd3",yes,No,No
ham,"MakeMyTrip members ko hamare festive sale ka early access milta hai, select routes par 15% off: https://makemytrip.com/deals/vtmtuo",yes,No,No
ham,Nykaa par naye arrivals aa gaye hain! Latest kitchen appliances collection dekhein: https://nykaa.com/sale/woJAYQ,yes,No,No
ham,HDFC Bank: Dost ko refer karein aur dono ko 150 reward points milenge. Code DRAG52 share karein: https://hdfcbank.com/offers/Ps6RTF,yes,No,No
ham,Tanishq par dost ko invite karein aur dono ko Rs.200 off milega. Code ORHM46 share karein: https://tanishq.co.in/offers/dvI1vj,yes,No,No
ham,Aapne 250 SBI Card reward points kamaye hain. Agli transaction par redeem karein: https://sbicard.com/offers/FA8xPF,yes,No,No
ham,Aapka Netflix subscription 23-06-2025 ko renew hoga. Annual plan par upgrade karein aur 50% bachayein: https://netflix.com/account/O7VBaX,yes,No,No
ham,Aapne 1000 SBI Card reward points kamaye hain. Agli transaction par redeem karein: https://sbicard.com/offers/LiPNVQ,yes,No,No
ham,ICICI Bank: Is hafte app se bill payment karne par 50% cashback paayein. Details: https://icicibank.com/offers/LSJXPq,yes,No,No
ham,PhonePe: Is hafte app se bill payment karne par 50% cashback paayein. Details: https://phonepe.com/rewards/bPDGDP,yes,No,No
ham,"Hi Rahul, aapke Flipkart cart ke items ab sale mein hain. Order complete karein: https://flipkart.com/sale/jKMZjp",yes,No,No
ham,Domino's ki Big Sale live hai! home decor par 10% tak ki chhoot. Abhi shop karein: https://dominos.co.in/offers/NLBVtm,yes,No,No
ham,Aapka Vi plan benefit aaj khatam ho raha hai. Extra data na khone ke liye midnight se pehle renew karein: https://myvi.in/offers/BVeP7u,yes,No,No
ham,Aapne 250 Axis Bank reward points kamaye hain. Agli transaction par redeem karein: https://axisbank.com/offers/q0jC7Y,yes,No,No
ham,"Swiggy ki Republic Day Sale ke aakhri kuch ghante! 80% tak off, aaj raat khatam hone se pehle shop karein: https://swiggy.com/offers/H2ixZw",yes,No,No
ham,Limited period: aaj hi apni Airtel membership upgrade karein aur annual fee par Rs.100 bachayein: https://airtel.in/offers/sq8DcT,yes,No,No
ham,"BookMyShow ki Independence Day Sale ke aakhri kuch ghante! 80% tak off, aaj raat khatam hone se pehle shop karein: https://bookmyshow.com/offers/LAbV53",yes,No,No
ham,"IndiGo members ko hamare festive sale ka early access milta hai, select routes par 60% off: https://goindigo.in/offers/JpOTZS",yes,No,No
ham,"Spotify member hone ke naate, aaj se hamare 70% off renewal offer ka early access paayein: https://spotify.com/premium/Hqfvdu",yes,No,No
ham,Swiggy par naye arrivals aa gaye hain! Latest kitchen appliances collection dekhein: https://swiggy.com/offers/wS4I0Z,yes,No,No
ham,HDFC Bank: Dost ko refer karein aur dono ko 200 reward points milenge. Code ZJHF42 share karein: https://hdfcbank.com/offers/c6WRom,yes,No,No
ham,ICICI Bank: Is hafte app se bill payment karne par 70% cashback paayein. Details: https://icicibank.com/offers/vOHA4o,yes,No,No
ham,"IRCTC: Abhi book karein aur agli trip par 10% off paayein, 04-08-2026 tak valid. Details: https://irctc.co.in/offers/ZJ4kcc",yes,No,No
ham,Aapne 250 ICICI Bank reward points kamaye hain. Agli transaction par redeem karein: https://icicibank.com/offers/TmLSYN,yes,No,No
ham,"Flipkart ki Diwali Dhamaka Sale ke aakhri kuch ghante! 80% tak off, aaj raat khatam hone se pehle shop karein: https://flipkart.com/sale/aUi3t7",yes,No,No
ham,"redBus: Abhi book karein aur agli trip par 25% off paayein, 28-10-2025 tak valid. Details: https://redbus.in/offers/EHaK5G",yes,No,No
ham,"IRCTC par flash sale! Fares Rs.500 se shuru, limited period ke liye. Yahan book karein: https://irctc.co.in/offers/22uyCY",yes,No,No
ham,Limited period: aaj hi apni cult.fit membership upgrade karein aur annual fee par Rs.150 bachayein: https://cult.fit/offers/MWXCsC,yes,No,No
ham,"IRCTC members ko hamare festive sale ka early access milta hai, select routes par 15% off: https://irctc.co.in/offers/qryEN4",yes,No,No
ham,Aapka Spotify plan jald expire ho raha hai. Abhi renew karein aur pehle 3 mahino par 50% off paayein: https://spotify.com/premium/VUa1E9,yes,No,No
ham,"redBus: Abhi book karein aur agli trip par 40% off paayein, 05-08-2025 tak valid. Details: https://redbus.in/offers/Xm83wM",yes,No,No
ham,Aapka Vi subscription 23-01-2026 ko renew hoga. Annual plan par upgrade karein aur 60% bachayein: https://myvi.in/offers/3K5bhf,yes,No,No
ham,Aapka Netflix plan benefit aaj khatam ho raha hai. Extra data na khone ke liye midnight se pehle renew karein: https://netflix.com/account/EvGjwJ,yes,No,No
ham,Aapne 750 HDFC Bank reward points kamaye hain. Agli transaction par redeem karein: https://hdfcbank.com/offers/CES29P,yes,No,No
ham,Aakhri mauka: aapke Jio bonus data offer aaj raat expire ho raha hai. Extra benefit ke liye abhi recharge karein: https://jio.com/offers/PQswqY,yes,No,No
ham,Lenskart par naye arrivals aa gaye hain! Latest footwear collection dekhein: https://lenskart.com/offers/qOvgUk,yes,No,No
ham,"Ola par flash sale! Fares Rs.250 se shuru, limited period ke liye. Yahan book karein: https://olacabs.com/offers/6PKeZF",yes,No,No
ham,"IndiGo: Abhi book karein aur agli trip par 25% off paayein, 18-12-2025 tak valid. Details: https://goindigo.in/offers/2HBvbr",yes,No,No
ham,"Meesho Independence Day Sale LIVE hai! accessories par 75% tak ki chhoot, stock khatam hone se pehle jaldi karein: https://meesho.com/offers/WFAi3U",yes,No,No
ham,CRED: Dost ko refer karein aur dono ko 250 reward points milenge. Code RPTE41 share karein: https://cred.club/rewards/quFKus,yes,No,No
ham,"redBus: Abhi book karein aur agli trip par 70% off paayein, 07-05-2026 tak valid. Details: https://redbus.in/offers/XeQsdq",yes,No,No
ham,Swiggy par dost ko invite karein aur dono ko Rs.200 off milega. Code ZPKF44 share karein: https://swiggy.com/offers/e3dlly,yes,No,No
ham,Aapka Airtel plan benefit aaj khatam ho raha hai. Extra data na khone ke liye midnight se pehle renew karein: https://airtel.in/offers/YoAV5m,yes,No,No
ham,PhonePe: Is hafte app se bill payment karne par 30% cashback paayein. Details: https://phonepe.com/rewards/qAlV6Y,yes,No,No
ham,Aapka Amazon Prime Video plan benefit aaj khatam ho raha hai. Extra data na khone ke liye midnight se pehle renew karein: https://primevideo.com/offers/9gswII,yes,No,No
ham,HDFC Bank: Is hafte app se bill payment karne par 50% cashback paayein. Details: https://hdfcbank.com/offers/SPUJGz,yes,No,No
ham,Paytm: Dost ko refer karein aur dono ko 250 reward points milenge. Code SUZP15 share karein: https://paytm.com/rewards/vNiGUd,yes,No,No
ham,PharmEasy ki Big Sale live hai! beauty products par 60% tak ki chhoot. Abhi shop karein: https://pharmeasy.in/offers/F2CmpF,yes,No,No
ham,SBI Card: Is hafte app se bill payment karne par 60% cashback paayein. Details: https://sbicard.com/offers/6Ah0qe,yes,No,No
ham,"Goibibo par flash sale! Fares Rs.150 se shuru, limited period ke liye. Yahan book karein: https://goibibo.com/deals/UOLz8B",yes,No,No
ham,"MakeMyTrip par flash sale! Fares Rs.250 se shuru, limited period ke liye. Yahan book karein: https://makemytrip.com/deals/dDvSFd",yes,No,No
ham,Titan par naye arrivals aa gaye hain! Latest kitchen appliances collection dekhein: https://titan.co.in/sale/d1Yfwr,yes,No,No
ham,"redBus: Abhi book karein aur agli trip par 60% off paayein, 11-09-2026 tak valid. Details: https://redbus.in/offers/xMlIZA",yes,No,No
ham,"Decathlon ki Monsoon Sale miss mat karein - storewide 60% tak off, sirf limited time ke liye: https://decathlon.in/sale/j5qQuD",yes,No,No
ham,Aapka Policybazaar plan jald expire ho raha hai. Abhi renew karein aur pehle 3 mahino par 25% off paayein: https://policybazaar.com/renew/e43pUP,yes,No,No
ham,Aapne 100 Paytm reward points kamaye hain. Agli transaction par redeem karein: https://paytm.com/rewards/UpaFid,yes,No,No
ham,"Sirf aaj ke liye: Ajio par beauty products par flat 40% off mil raha hai, aadhi raat se pehle order karein: https://ajio.com/sale/ixvAvY",yes,No,No
ham,Aapne 750 SBI Card reward points kamaye hain. Agli transaction par redeem karein: https://sbicard.com/offers/ST618s,yes,No,No
ham,"MakeMyTrip par flash sale! Fares Rs.50 se shuru, limited period ke liye. Yahan book karein: https://makemytrip.com/deals/AMjdhv",yes,No,No
ham,"Aapka pichla Blinkit order pasand aaya tha? Agli order par 25% off, 22-02-2026 tak valid: https://blinkit.com/offers/h5yqUd",yes,No,No
ham,"Uber: Abhi book karein aur agli trip par 25% off paayein, 11-09-2025 tak valid. Details: https://uber.com/promotions/tLI1PA",yes,No,No
ham,"Goibibo members ko hamare festive sale ka early access milta hai, select routes par 25% off: https://goibibo.com/deals/J15nap",yes,No,No
ham,ICICI Bank: Dost ko refer karein aur dono ko 100 reward points milenge. Code HAWZ56 share karein: https://icicibank.com/offers/QbWOGU,yes,No,No
ham,Aapne 250 CRED reward points kamaye hain. Agli transaction par redeem karein: https://cred.club/rewards/LmUOQp,yes,No,No
ham,"Holi ki hardik shubhkamnayein! Ajio par 25% off ke saath celebrate karein, sirf hamare valued customers ke liye: https://ajio.com/sale/V502TY",yes,No,No
ham,Axis Bank: Is hafte app se bill payment karne par 50% cashback paayein. Details: https://axisbank.com/offers/hxm8BM,yes,No,No
ham,"Decathlon app abhi kholein aur pao exclusive app-only deal 10% off, sirf aaj: https://decathlon.in/sale/9cyOOp",yes,No,No
ham,"boAt ki Republic Day Sale ke aakhri kuch ghante! 50% tak off, aaj raat khatam hone se pehle shop karein: https://boat-lifestyle.com/sale/a618Gk",yes,No,No
ham,Axis Bank: Dost ko refer karein aur dono ko 300 reward points milenge. Code PSBN17 share karein: https://axisbank.com/offers/yJxXrc,yes,No,No
ham,Aapne 200 Axis Bank reward points kamaye hain. Agli transaction par redeem karein: https://axisbank.com/offers/m3j930,yes,No,No
ham,HDFC Bank: Is hafte app se bill payment karne par 60% cashback paayein. Details: https://hdfcbank.com/offers/0NUJrN,yes,No,No
ham,Aapne 200 HDFC Bank reward points kamaye hain. Agli transaction par redeem karein: https://hdfcbank.com/offers/enoweT,yes,No,No
ham,Axis Bank: Is hafte app se bill payment karne par 20% cashback paayein. Details: https://axisbank.com/offers/2wSbC8,yes,No,No
ham,"Ola par flash sale! Fares Rs.50 se shuru, limited period ke liye. Yahan book karein: https://olacabs.com/offers/vvxwkq",yes,No,No
ham,"MakeMyTrip members ko hamare festive sale ka early access milta hai, select routes par 15% off: https://makemytrip.com/deals/m5E6VT",yes,No,No
ham,"Happy Birthday Sneha! Aapke liye Rs.150 ka Ajio voucher, is mahine valid: https://ajio.com/sale/6YSUPE",yes,No,No
ham,"Goibibo: Abhi book karein aur agli trip par 40% off paayein, 14-09-2025 tak valid. Details: https://goibibo.com/deals/lD7Nb2",yes,No,No
ham,Aakhri mauka: aapke Amazon Prime Video bonus data offer aaj raat expire ho raha hai. Extra benefit ke liye abhi recharge karein: https://primevideo.com/offers/3CKwb7,yes,No,No
ham,Aakhri mauka: aapke Spotify bonus data offer aaj raat expire ho raha hai. Extra benefit ke liye abhi recharge karein: https://spotify.com/premium/KmdibT,yes,No,No
ham,Aapka cult.fit plan jald expire ho raha hai. Abhi renew karein aur pehle 3 mahino par 25% off paayein: https://cult.fit/offers/Y3SM8P,yes,No,No
ham,Aapne 150 SBI Card reward points kamaye hain. Agli transaction par redeem karein: https://sbicard.com/offers/kmhCET,yes,No,No
ham,Limited period: aaj hi apni BYJU'S membership upgrade karein aur annual fee par Rs.150 bachayein: https://byjus.com/offers/3chbdm,yes,No,No
ham,Aapne 100 CRED reward points kamaye hain. Agli transaction par redeem karein: https://cred.club/rewards/BDZDa5,yes,No,No
ham,Blinkit: Is weekend storewide flat 50% off. T&C apply. Offers band karne ke liye STOP reply karein. https://blinkit.com/offers/lSI2M7,yes,No,No
ham,Aapka Unacademy plan benefit aaj khatam ho raha hai. Extra data na khone ke liye midnight se pehle renew karein: https://unacademy.com/offers/Vbz2qy,yes,No,No
ham,CRED: Dost ko refer karein aur dono ko 750 reward points milenge. Code YTNI33 share karein: https://cred.club/rewards/sOoiMF,yes,No,No
ham,"IndiGo: Abhi book karein aur agli trip par 30% off paayein, 09-09-2025 tak valid. Details: https://goindigo.in/offers/7kEgrA",yes,No,No
ham,"Year End Sale sirf Lenskart par: beauty products par flat 70% tak chhoot, abhi app download karein: https://lenskart.com/offers/UNNQsg",yes,No,No
ham,PhonePe: Is hafte app se bill payment karne par 70% cashback paayein. Details: https://phonepe.com/rewards/rbVX07,yes,No,No
ham,"Ola par flash sale! Fares Rs.500 se shuru, limited period ke liye. Yahan book karein: https://olacabs.com/offers/svTOji",yes,No,No
ham,Aapka Airtel subscription 09-09-2025 ko renew hoga. Annual plan par upgrade karein aur 15% bachayein: https://airtel.in/offers/MQ7pBc,yes,No,No
ham,ICICI Bank: Is hafte app se bill payment karne par 30% cashback paayein. Details: https://icicibank.com/offers/LOwdRm,yes,No,No
ham,"IndiGo: Abhi book karein aur agli trip par 60% off paayein, 06-02-2025 tak valid. Details: https://goindigo.in/offers/80lIru",yes,No,No
ham,Lenskart par dost ko invite karein aur dono ko Rs.150 off milega. Code ZQJA23 share karein: https://lenskart.com/offers/y9V0gV,yes,No,No
ham,Paytm: Dost ko refer karein aur dono ko 100 reward points milenge. Code RGRG70 share karein: https://paytm.com/rewards/rAjjvP,yes,No,No
ham,boAt par naye arrivals aa gaye hain! Latest kitchen appliances collection dekhein: https://boat-lifestyle.com/sale/Py10i2,yes,No,No
ham,Aapne 300 ICICI Bank reward points kamaye hain. Agli transaction par redeem karein: https://icicibank.com/offers/ti7frt,yes,No,No
ham,"Blinkit app abhi kholein aur pao exclusive app-only deal 15% off, sirf aaj: https://blinkit.com/offers/048myQ",yes,No,No
ham,Axis Bank: Is hafte app se bill payment karne par 40% cashback paayein. Details: https://axisbank.com/offers/jZRC5F,yes,No,No
ham,"redBus: Abhi book karein aur agli trip par 25% off paayein, 19-12-2026 tak valid. Details: https://redbus.in/offers/B0dhhI",yes,No,No
ham,"Goibibo par flash sale! Fares Rs.50 se shuru, limited period ke liye. Yahan book karein: https://goibibo.com/deals/QreYW3",yes,No,No
ham,Paytm: Is hafte app se bill payment karne par 60% cashback paayein. Details: https://paytm.com/rewards/G7N1q3,yes,No,No
ham,Paytm: Is hafte app se bill payment karne par 15% cashback paayein. Details: https://paytm.com/rewards/M7lasL,yes,No,No
ham,"Goibibo: Abhi book karein aur agli trip par 20% off paayein, 28-12-2025 tak valid. Details: https://goibibo.com/deals/bjT2ao",yes,No,No
ham,"Unacademy member hone ke naate, aaj se hamare 40% off renewal offer ka early access paayein: https://unacademy.com/offers/w3J9rK",yes,No,No
ham,"Sirf aaj ke liye: 1mg par footwear par flat 60% off mil raha hai, aadhi raat se pehle order karein: https://1mg.com/offers/NyrtQu",yes,No,No
ham,PhonePe: Dost ko refer karein aur dono ko 300 reward points milenge. Code NKBP97 share karein: https://phonepe.com/rewards/4yU4Jf,yes,No,No
ham,Tanishq ki Big Sale live hai! kitchen appliances par 15% tak ki chhoot. Abhi shop karein: https://tanishq.co.in/offers/GbYAuF,yes,No,No
ham,Limited period: aaj hi apni Netflix membership upgrade karein aur annual fee par Rs.500 bachayein: https://netflix.com/account/DZq1iU,yes,No,No
ham,Aapne 150 HDFC Bank reward points kamaye hain. Agli transaction par redeem karein: https://hdfcbank.com/offers/xXsoDH,yes,No,No
ham,Aapka Unacademy plan jald expire ho raha hai. Abhi renew karein aur pehle 3 mahino par 30% off paayein: https://unacademy.com/offers/qYvK54,yes,No,No
ham,"MakeMyTrip members ko hamare festive sale ka early access milta hai, select routes par 25% off: https://makemytrip.com/deals/JtKKS3",yes,No,No
ham,PhonePe: Dost ko refer karein aur dono ko 150 reward points milenge. Code SYCU86 share karein: https://phonepe.com/rewards/zO3BFT,yes,No,No
ham,"Airtel member hone ke naate, aaj se hamare 50% off renewal offer ka early access paayein: https://airtel.in/offers/BXUcbo",yes,No,No
ham,"Goibibo par flash sale! Fares Rs.50 se shuru, limited period ke liye. Yahan book karein: https://goibibo.com/deals/NrkuRs",yes,No,No
ham,SBI Card: Is hafte app se bill payment karne par 60% cashback paayein. Details: https://sbicard.com/offers/8JwOEa,yes,No,No
ham,Aapka Amazon Prime Video plan benefit aaj khatam ho raha hai. Extra data na khone ke liye midnight se pehle renew karein: https://primevideo.com/offers/vuzKES,yes,No,No
ham,"Uber: Abhi book karein aur agli trip par 25% off paayein, 13-08-2026 tak valid. Details: https://uber.com/promotions/JToI9b",yes,No,No
ham,Aapka Netflix plan benefit aaj khatam ho raha hai. Extra data na khone ke liye midnight se pehle renew karein: https://netflix.com/account/hiDBoC,yes,No,No
ham,"Ola members ko hamare festive sale ka early access milta hai, select routes par 40% off: https://olacabs.com/offers/Yp6Zmf",yes,No,No
ham,HDFC Bank: Is hafte app se bill payment karne par 50% cashback paayein. Details: https://hdfcbank.com/offers/A9RIHP,yes,No,No
ham,Aapka Disney+ Hotstar subscription 18-04-2026 ko renew hoga. Annual plan par upgrade karein aur 30% bachayein: https://hotstar.com/subscribe/4fHBoJ,yes,No,No
ham,Aapne 750 HDFC Bank reward points kamaye hain. Agli transaction par redeem karein: https://hdfcbank.com/offers/O1Vqbg,yes,No,No
ham,Pepperfry ki Big Sale live hai! accessories par 15% tak ki chhoot. Abhi shop karein: https://pepperfry.com/sale/dyRZsi,yes,No,No
ham,ICICI Bank: Dost ko refer karein aur dono ko 200 reward points milenge. Code LPST70 share karein: https://icicibank.com/offers/pWyHzg,yes,No,No
ham,"Netflix member hone ke naate, aaj se hamare 70% off renewal offer ka early access paayein: https://netflix.com/account/QJoaIz",yes,No,No
ham,Aapka Vi plan benefit aaj khatam ho raha hai. Extra data na khone ke liye midnight se pehle renew karein: https://myvi.in/offers/Vdv6lk,yes,No,No
ham,Limited period: aaj hi apni Unacademy membership upgrade karein aur annual fee par Rs.100 bachayein: https://unacademy.com/offers/xLxg9R,yes,No,No
ham,"Uber: Abhi book karein aur agli trip par 70% off paayein, 20-04-2026 tak valid. Details: https://uber.com/promotions/1xjHXP",yes,No,No
ham,Aakhri mauka: aapke Amazon Prime Video bonus data offer aaj raat expire ho raha hai. Extra benefit ke liye abhi recharge karein: https://primevideo.com/offers/qNkQod,yes,No,No
ham,"IndiGo members ko hamare festive sale ka early access milta hai, select routes par 20% off: https://goindigo.in/offers/J4tRSW",yes,No,No
ham,Aakhri mauka: aapke BYJU'S bonus data offer aaj raat expire ho raha hai. Extra benefit ke liye abhi recharge karein: https://byjus.com/offers/dvIG0b,yes,No,No
ham,"IRCTC: Abhi book karein aur agli trip par 20% off paayein, 21-11-2025 tak valid. Details: https://irctc.co.in/offers/3nxuk2",yes,No,No
ham,"Goibibo par flash sale! Fares Rs.250 se shuru, limited period ke liye. Yahan book karein: https://goibibo.com/deals/6L9ATl",yes,No,No
ham,PhonePe: Is hafte app se bill payment karne par 30% cashback paayein. Details: https://phonepe.com/rewards/s0O2l3,yes,No,No
ham,Aapka Disney+ Hotstar plan benefit aaj khatam ho raha hai. Extra data na khone ke liye midnight se pehle renew karein: https://hotstar.com/subscribe/osmxyO,yes,No,No
ham,PhonePe: Dost ko refer karein aur dono ko 200 reward points milenge. Code XWCN18 share karein: https://phonepe.com/rewards/suBZXb,yes,No,No
ham,"Ola members ko hamare festive sale ka early access milta hai, select routes par 50% off: https://olacabs.com/offers/ceRzEr",yes,No,No
ham,"Uber members ko hamare festive sale ka early access milta hai, select routes par 70% off: https://uber.com/promotions/fOJexO",yes,No,No
ham,"Uber: Abhi book karein aur agli trip par 10% off paayein, 05-10-2026 tak valid. Details: https://uber.com/promotions/dfnogd",yes,No,No
ham,"Aapka pichla Pepperfry order pasand aaya tha? Agli order par 10% off, 28-04-2026 tak valid: https://pepperfry.com/sale/jthWwJ",yes,No,No
ham,"Uber: Abhi book karein aur agli trip par 15% off paayein, 15-10-2025 tak valid. Details: https://uber.com/promotions/0YkCe0",yes,No,No
ham,Axis Bank: Dost ko refer karein aur dono ko 750 reward points milenge. Code LDWF84 share karein: https://axisbank.com/offers/FIj45e,yes,No,No
ham,"Uber: Abhi book karein aur agli trip par 50% off paayein, 28-04-2025 tak valid. Details: https://uber.com/promotions/aBdxtA",yes,No,No
ham,"Hi Pooja, aapke Flipkart cart ke items ab sale mein hain. Order complete karein: https://flipkart.com/sale/AGfds4",yes,No,No
ham,"Uber: Abhi book karein aur agli trip par 50% off paayein, 18-12-2026 tak valid. Details: https://uber.com/promotions/wcMdH7",yes,No,No
ham,Aapka Vi plan benefit aaj khatam ho raha hai. Extra data na khone ke liye midnight se pehle renew karein: https://myvi.in/offers/rqRd37,yes,No,No
ham,Axis Bank: Is hafte app se bill payment karne par 60% cashback paayein. Details: https://axisbank.com/offers/tmeLla,yes,No,No
ham,Paytm: Dost ko refer karein aur dono ko 250 reward points milenge. Code VEDJ22 share karein: https://paytm.com/rewards/TN1wvO,yes,No,No
ham,"Tanishq ki End of Season Sale miss mat karein - storewide 75% tak off, sirf limited time ke liye: https://tanishq.co.in/offers/7sXa7J",yes,No,No
ham,"redBus par flash sale! Fares Rs.50 se shuru, limited period ke liye. Yahan book karein: https://redbus.in/offers/qeJUiA",yes,No,No
ham,"BookMyShow app abhi kholein aur pao exclusive app-only deal 25% off, sirf aaj: https://bookmyshow.com/offers/8PUPnC",yes,No,No
ham,Aapka Disney+ Hotstar plan benefit aaj khatam ho raha hai. Extra data na khone ke liye midnight se pehle renew karein: https://hotstar.com/subscribe/w8DCBp,yes,No,No
ham,Aapka Airtel plan jald expire ho raha hai. Abhi renew karein aur pehle 3 mahino par 15% off paayein: https://airtel.in/offers/FBqSoN,yes,No,No
ham,"Ola par flash sale! Fares Rs.200 se shuru, limited period ke liye. Yahan book karein: https://olacabs.com/offers/WKF668",yes,No,No
ham,"MakeMyTrip members ko hamare festive sale ka early access milta hai, select routes par 25% off: https://makemytrip.com/deals/T3YQLi",yes,No,No
ham,Axis Bank: Is hafte app se bill payment karne par 60% cashback paayein. Details: https://axisbank.com/offers/TGc7q7,yes,No,No
ham,Aapka Airtel plan benefit aaj khatam ho raha hai. Extra data na khone ke liye midnight se pehle renew karein: https://airtel.in/offers/fxNFxZ,yes,No,No
ham,Limited period: aaj hi apni Spotify membership upgrade karein aur annual fee par Rs.150 bachayein: https://spotify.com/premium/PCdVBj,yes,No,No
ham,ICICI Bank: Dost ko refer karein aur dono ko 1000 reward points milenge. Code NQZL96 share karein: https://icicibank.com/offers/Ow2SoM,yes,No,No
ham,"Diwali ki hardik shubhkamnayein! Swiggy par 20% off ke saath celebrate karein, sirf hamare valued customers ke liye: https://swiggy.com/offers/bGoAOy",yes,No,No
ham,"Goibibo par flash sale! Fares Rs.150 se shuru, limited period ke liye. Yahan book karein: https://goibibo.com/deals/crPuzW",yes,No,No
ham,"Ola members ko hamare festive sale ka early access milta hai, select routes par 15% off: https://olacabs.com/offers/9MauGL",yes,No,No
ham,Aapne 200 HDFC Bank reward points kamaye hain. Agli transaction par redeem karein: https://hdfcbank.com/offers/czLD7I,yes,No,No
ham,"Meesho app abhi kholein aur pao exclusive app-only deal 40% off, sirf aaj: https://meesho.com/offers/4vGa2P",yes,No,No
ham,Titan ki Big Sale live hai! home decor par 40% tak ki chhoot. Abhi shop karein: https://titan.co.in/sale/wrBsZv,yes,No,No
ham,"Hi Pooja, aapke Pepperfry cart ke items ab sale mein hain. Order complete karein: https://pepperfry.com/sale/BQjyZu",yes,No,No
ham,"BookMyShow app abhi kholein aur pao exclusive app-only deal 20% off, sirf aaj: https://bookmyshow.com/offers/4y8UsR",yes,No,No
ham,"BYJU'S member hone ke naate, aaj se hamare 50% off renewal offer ka early access paayein: https://byjus.com/offers/Lq4SfJ",yes,No,No
ham,"cult.fit member hone ke naate, aaj se hamare 10% off renewal offer ka early access paayein: https://cult.fit/offers/PPrwge",yes,No,No
ham,"Ola members ko hamare festive sale ka early access milta hai, select routes par 20% off: https://olacabs.com/offers/iCDXd0",yes,No,No
ham,"Uber par flash sale! Fares Rs.500 se shuru, limited period ke liye. Yahan book karein: https://uber.com/promotions/BpEDJ1",yes,No,No
ham,"Goibibo par flash sale! Fares Rs.250 se shuru, limited period ke liye. Yahan book karein: https://goibibo.com/deals/gpCcA3",yes,No,No
ham,"Happy Birthday Amit! Aapke liye Rs.300 ka Zepto voucher, is mahine valid: https://zepto.com/offers/JyLCeK",yes,No,No
ham,PhonePe: Is hafte app se bill payment karne par 50% cashback paayein. Details: https://phonepe.com/rewards/IAlelt,yes,No,No
ham,Limited period: aaj hi apni Vi membership upgrade karein aur annual fee par Rs.100 bachayein: https://myvi.in/offers/O5akb9,yes,No,No
ham,"Goibibo par flash sale! Fares Rs.100 se shuru, limited period ke liye. Yahan book karein: https://goibibo.com/deals/flR6qj",yes,No,No
ham,Aapka BYJU'S plan benefit aaj khatam ho raha hai. Extra data na khone ke liye midnight se pehle renew karein: https://byjus.com/offers/IYTEsA,yes,No,No
ham,"IRCTC: Abhi book karein aur agli trip par 40% off paayein, 19-01-2026 tak valid. Details: https://irctc.co.in/offers/fOAr3l",yes,No,No
ham,Limited period: aaj hi apni Amazon Prime Video membership upgrade karein aur annual fee par Rs.500 bachayein: https://primevideo.com/offers/cIF8cD,yes,No,No
ham,ICICI Bank: Is hafte app se bill payment karne par 20% cashback paayein. Details: https://icicibank.com/offers/8nyYBN,yes,No,No
ham,HDFC Bank: Dost ko refer karein aur dono ko 100 reward points milenge. Code WATB66 share karein: https://hdfcbank.com/offers/MgDXP0,yes,No,No
ham,"Happy Birthday Raj! Aapke liye Rs.300 ka Zepto voucher, is mahine valid: https://zepto.com/offers/m9aKmC",yes,No,No
ham,"Uber: Abhi book karein aur agli trip par 15% off paayein, 03-03-2025 tak valid. Details: https://uber.com/promotions/MdaXdQ",yes,No,No
ham,Aapne 300 PhonePe reward points kamaye hain. Agli transaction par redeem karein: https://phonepe.com/rewards/t4Rxup,yes,No,No
ham,"IRCTC: Abhi book karein aur agli trip par 40% off paayein, 09-07-2025 tak valid. Details: https://irctc.co.in/offers/ErP2wj",yes,No,No
ham,Aapne 200 PhonePe reward points kamaye hain. Agli transaction par redeem karein: https://phonepe.com/rewards/XrdZbi,yes,No,No
ham,"Goibibo: Abhi book karein aur agli trip par 10% off paayein, 13-12-2025 tak valid. Details: https://goibibo.com/deals/qwKiA4",yes,No,No
ham,Paytm: Dost ko refer karein aur dono ko 500 reward points milenge. Code VAEC86 share karein: https://paytm.com/rewards/Be6Grj,yes,No,No
ham,Aapka Amazon Prime Video plan benefit aaj khatam ho raha hai. Extra data na khone ke liye midnight se pehle renew karein: https://primevideo.com/offers/Z4nAhD,yes,No,No
ham,Aapne 200 Paytm reward points kamaye hain. Agli transaction par redeem karein: https://paytm.com/rewards/rGrd4D,yes,No,No
ham,Aapka Vi subscription 05-03-2026 ko renew hoga. Annual plan par upgrade karein aur 25% bachayein: https://myvi.in/offers/8BbZEz,yes,No,No
ham,"Sirf aaj ke liye: Lenskart par kitchen appliances par flat 30% off mil raha hai, aadhi raat se pehle order karein: https://lenskart.com/offers/DZ7uYA",yes,No,No
ham,Aapka cult.fit plan benefit aaj khatam ho raha hai. Extra data na khone ke liye midnight se pehle renew karein: https://cult.fit/offers/TNmsNb,yes,No,No
ham,Aapne 500 SBI Card reward points kamaye hain. Agli transaction par redeem karein: https://sbicard.com/offers/wZPLM5,yes,No,No
ham,"IRCTC: Abhi book karein aur agli trip par 15% off paayein, 16-02-2025 tak valid. Details: https://irctc.co.in/offers/yvx6ed",yes,No,No
ham,"Uber par flash sale! Fares Rs.200 se shuru, limited period ke liye. Yahan book karein: https://uber.com/promotions/RzRdtk",yes,No,No
ham,Lenskart par naye arrivals aa gaye hain! Latest home decor collection dekhein: https://lenskart.com/offers/qQOq3U,yes,No,No
ham,"IndiGo par flash sale! Fares Rs.200 se shuru, limited period ke liye. Yahan book karein: https://goindigo.in/offers/a8ijHl",yes,No,No
ham,Aapka Jio plan benefit aaj khatam ho raha hai. Extra data na khone ke liye midnight se pehle renew karein: https://jio.com/offers/prQdEL,yes,No,No
ham,Aapne 500 HDFC Bank reward points kamaye hain. Agli transaction par redeem karein: https://hdfcbank.com/offers/weXej1,yes,No,No
ham,CRED: Dost ko refer karein aur dono ko 300 reward points milenge. Code WBKP96 share karein: https://cred.club/rewards/ANdvOP,yes,No,No
ham,"Lenskart ki Independence Day Sale ke aakhri kuch ghante! 60% tak off, aaj raat khatam hone se pehle shop karein: https://lenskart.com/offers/ruRYtG",yes,No,No
ham,Aapne 200 HDFC Bank reward points kamaye hain. Agli transaction par redeem karein: https://hdfcbank.com/offers/0hRc9n,yes,No,No
ham,"Flipkart ki End of Season Sale miss mat karein - storewide 50% tak off, sirf limited time ke liye: https://flipkart.com/sale/cSnMXk",yes,No,No
ham,"redBus par flash sale! Fares Rs.500 se shuru, limited period ke liye. Yahan book karein: https://redbus.in/offers/sstLcR",yes,No,No
ham,PhonePe: Dost ko refer karein aur dono ko 1000 reward points milenge. Code OVZK45 share karein: https://phonepe.com/rewards/SLfJoD,yes,No,No
ham,"Ola: Abhi book karein aur agli trip par 30% off paayein, 27-06-2025 tak valid. Details: https://olacabs.com/offers/2ibEX5",yes,No,No
ham,ICICI Bank: Dost ko refer karein aur dono ko 250 reward points milenge. Code AYWB56 share karein: https://icicibank.com/offers/JiXPXP,yes,No,No
ham,"Ola: Abhi book karein aur agli trip par 30% off paayein, 08-06-2026 tak valid. Details: https://olacabs.com/offers/yniFOs",yes,No,No
ham,"1mg app abhi kholein aur pao exclusive app-only deal 40% off, sirf aaj: https://1mg.com/offers/pGleID",yes,No,No
ham,"boAt ki Republic Day Sale miss mat karein - storewide 60% tak off, sirf limited time ke liye: https://boat-lifestyle.com/sale/yj3lHH",yes,No,No
ham,"MakeMyTrip: Abhi book karein aur agli trip par 10% off paayein, 16-05-2025 tak valid. Details: https://makemytrip.com/deals/RMcbiO",yes,No,No
ham,PhonePe: Dost ko refer karein aur dono ko 100 reward points milenge. Code YPOT73 share karein: https://phonepe.com/rewards/hMFeqy,yes,No,No
ham,"IRCTC: Abhi book karein aur agli trip par 25% off paayein, 17-11-2026 tak valid. Details: https://irctc.co.in/offers/3htta4",yes,No,No
ham,Aapka Disney+ Hotstar subscription 07-04-2025 ko renew hoga. Annual plan par upgrade karein aur 15% bachayein: https://hotstar.com/subscribe/rCXO24,yes,No,No
ham,Aapka Vi plan benefit aaj khatam ho raha hai. Extra data na khone ke liye midnight se pehle renew karein: https://myvi.in/offers/YbAToF,yes,No,No
ham,"Ola par flash sale! Fares Rs.250 se shuru, limited period ke liye. Yahan book karein: https://olacabs.com/offers/tdzuvm",yes,No,No
ham,PhonePe: Is hafte app se bill payment karne par 10% cashback paayein. Details: https://phonepe.com/rewards/2Lrn5w,yes,No,No
ham,"Uber par flash sale! Fares Rs.100 se shuru, limited period ke liye. Yahan book karein: https://uber.com/promotions/rbFoOY",yes,No,No
ham,Paytm: Dost ko refer karein aur dono ko 100 reward points milenge. Code SVUA14 share karein: https://paytm.com/rewards/DWsXKe,yes,No,No
ham,"Uber par flash sale! Fares Rs.500 se shuru, limited period ke liye. Yahan book karein: https://uber.com/promotions/bOZVCH",yes,No,No
ham,Paytm: Dost ko refer karein aur dono ko 250 reward points milenge. Code GZTL28 share karein: https://paytm.com/rewards/X6rBNF,yes,No,No
ham,Aapka Airtel plan benefit aaj khatam ho raha hai. Extra data na khone ke liye midnight se pehle renew karein: https://airtel.in/offers/n8mkfa,yes,No,No
ham,"Sirf aaj ke liye: Ajio par electronics par flat 50% off mil raha hai, aadhi raat se pehle order karein: https://ajio.com/sale/2zq4VF",yes,No,No
ham,Aapka Amazon Prime Video plan jald expire ho raha hai. Abhi renew karein aur pehle 3 mahino par 30% off paayein: https://primevideo.com/offers/Yphuhr,yes,No,No
ham,"Happy Birthday Anita! Aapke liye Rs.100 ka Meesho voucher, is mahine valid: https://meesho.com/offers/IlAcNK",yes,No,No
ham,"IndiGo members ko hamare festive sale ka early access milta hai, select routes par 20% off: https://goindigo.in/offers/u5Hfgg",yes,No,No
ham,HDFC Bank: Dost ko refer karein aur dono ko 750 reward points milenge. Code EKOW95 share karein: https://hdfcbank.com/offers/DhxUNM,yes,No,No
ham,"MakeMyTrip par flash sale! Fares Rs.200 se shuru, limited period ke liye. Yahan book karein: https://makemytrip.com/deals/3mDXw7",yes,No,No
ham,PhonePe: Dost ko refer karein aur dono ko 150 reward points milenge. Code QUMF97 share karein: https://phonepe.com/rewards/GVcCrc,yes,No,No
ham,"IndiGo par flash sale! Fares Rs.200 se shuru, limited period ke liye. Yahan book karein: https://goindigo.in/offers/r58TrW",yes,No,No
ham,"Jio member hone ke naate, aaj se hamare 30% off renewal offer ka early access paayein: https://jio.com/offers/HXD8u7",yes,No,No
ham,"IndiGo members ko hamare festive sale ka early access milta hai, select routes par 50% off: https://goindigo.in/offers/lXg67n",yes,No,No
ham,Zomato ki Big Sale live hai! kitchen appliances par 20% tak ki chhoot. Abhi shop karein: https://zomato.com/gold/2BsL6O,yes,No,No
ham,"Disney+ Hotstar member hone ke naate, aaj se hamare 25% off renewal offer ka early access paayein: https://hotstar.com/subscribe/0eZEGZ",yes,No,No
ham,"MakeMyTrip: Abhi book karein aur agli trip par 50% off paayein, 26-02-2025 tak valid. Details: https://makemytrip.com/deals/9wFCxG",yes,No,No
ham,"Uber par flash sale! Fares Rs.500 se shuru, limited period ke liye. Yahan book karein: https://uber.com/promotions/WlOrZ8",yes,No,No
ham,HDFC Bank: Dost ko refer karein aur dono ko 250 reward points milenge. Code KSDZ47 share karein: https://hdfcbank.com/offers/pm2MWm,yes,No,No
ham,Aapka Disney+ Hotstar subscription 10-02-2026 ko renew hoga. Annual plan par upgrade karein aur 50% bachayein: https://hotstar.com/subscribe/S8bOJ4,yes,No,No
ham,"Uber: Abhi book karein aur agli trip par 40% off paayein, 09-12-2026 tak valid. Details: https://uber.com/promotions/2PSagd",yes,No,No
ham,"Ola members ko hamare festive sale ka early access milta hai, select routes par 60% off: https://olacabs.com/offers/AyqsXh",yes,No,No
ham,Aapne 750 SBI Card reward points kamaye hain. Agli transaction par redeem karein: https://sbicard.com/offers/eEcAX9,yes,No,No
ham,"MakeMyTrip: Abhi book karein aur agli trip par 40% off paayein, 20-05-2025 tak valid. Details: https://makemytrip.com/deals/QZKKCD",yes,No,No
ham,"Big Billion Days sirf Zomato par: electronics par flat 60% tak chhoot, abhi app download karein: https://zomato.com/gold/ZKkYZK",yes,No,No
ham,ICICI Bank: Dost ko refer karein aur dono ko 1000 reward points milenge. Code NVBG74 share karein: https://icicibank.com/offers/EmUiZ3,yes,No,No
ham,"Uber: Abhi book karein aur agli trip par 10% off paayein, 26-06-2025 tak valid. Details: https://uber.com/promotions/vgxIZW",yes,No,No
ham,HDFC Bank: Dost ko refer karein aur dono ko 200 reward points milenge. Code NWHF65 share karein: https://hdfcbank.com/offers/9aNZwB,yes,No,No
ham,"cult.fit member hone ke naate, aaj se hamare 10% off renewal offer ka early access paayein: https://cult.fit/offers/ZVx2wy",yes,No,No
ham,"Ola: Abhi book karein aur agli trip par 10% off paayein, 04-05-2025 tak valid. Details: https://olacabs.com/offers/jwC8R2",yes,No,No
ham,Paytm: Is hafte app se bill payment karne par 25% cashback paayein. Details: https://paytm.com/rewards/0BKjVT,yes,No,No
ham,Aapne 500 ICICI Bank reward points kamaye hain. Agli transaction par redeem karein: https://icicibank.com/offers/Q5y1Yo,yes,No,No
ham,Axis Bank: Dost ko refer karein aur dono ko 300 reward points milenge. Code SVBQ98 share karein: https://axisbank.com/offers/gQt45c,yes,No,No
ham,"Airtel member hone ke naate, aaj se hamare 60% off renewal offer ka early access paayein: https://airtel.in/offers/Zy53kM",yes,No,No
ham,"cult.fit member hone ke naate, aaj se hamare 25% off renewal offer ka early access paayein: https://cult.fit/offers/AJOhzf",yes,No,No
ham,"Christmas ki hardik shubhkamnayein! Ajio par 30% off ke saath celebrate karein, sirf hamare valued customers ke liye: https://ajio.com/sale/0sl8MM",yes,No,No
ham,Limited period: aaj hi apni cult.fit membership upgrade karein aur annual fee par Rs.100 bachayein: https://cult.fit/offers/BGFhXX,yes,No,No
ham,"Lenskart ki Independence Day Sale ke aakhri kuch ghante! 60% tak off, aaj raat khatam hone se pehle shop karein: https://lenskart.com/offers/QWjk17",yes,No,No
ham,Aapka Jio subscription 15-04-2026 ko renew hoga. Annual plan par upgrade karein aur 60% bachayein: https://jio.com/offers/EgSySV,yes,No,No
ham,HDFC Bank: Is hafte app se bill payment karne par 40% cashback paayein. Details: https://hdfcbank.com/offers/iwAtJ2,yes,No,No
ham,"Monsoon Sale sirf PharmEasy par: home decor par flat 80% tak chhoot, abhi app download karein: https://pharmeasy.in/offers/h3jToC",yes,No,No
ham,Axis Bank: Is hafte app se bill payment karne par 50% cashback paayein. Details: https://axisbank.com/offers/57I9xn,yes,No,No
ham,HDFC Bank: Dost ko refer karein aur dono ko 250 reward points milenge. Code PWXK52 share karein: https://hdfcbank.com/offers/ifOk0a,yes,No,No
ham,"redBus: Abhi book karein aur agli trip par 20% off paayein, 09-07-2025 tak valid. Details: https://redbus.in/offers/r8ViGy",yes,No,No
ham,Aapne 1000 SBI Card reward points kamaye hain. Agli transaction par redeem karein: https://sbicard.com/offers/2vZW1t,yes,No,No
ham,Aakhri mauka: aapke Netflix bonus data offer aaj raat expire ho raha hai. Extra benefit ke liye abhi recharge karein: https://netflix.com/account/HoJR8s,yes,No,No
ham,Aakhri mauka: aapke Unacademy bonus data offer aaj raat expire ho raha hai. Extra benefit ke liye abhi recharge karein: https://unacademy.com/offers/ZOl7Nj,yes,No,No
ham,"IRCTC par flash sale! Fares Rs.200 se shuru, limited period ke liye. Yahan book karein: https://irctc.co.in/offers/PD4smI",yes,No,No
ham,"Sirf aaj ke liye: Flipkart par footwear par flat 70% off mil raha hai, aadhi raat se pehle order karein: https://flipkart.com/sale/EqlP1U",yes,No,No
ham,BookMyShow: Is weekend storewide flat 40% off. T&C apply. Offers band karne ke liye STOP reply karein. https://bookmyshow.com/offers/Tj9tHL,yes,No,No
ham,"IRCTC: Abhi book karein aur agli trip par 50% off paayein, 17-05-2025 tak valid. Details: https://irctc.co.in/offers/0wpwqY",yes,No,No
ham,"Swiggy ki Big Billion Days miss mat karein - storewide 50% tak off, sirf limited time ke liye: https://swiggy.com/offers/67lIyS",yes,No,No
ham,"Ola: Abhi book karein aur agli trip par 20% off paayein, 16-02-2026 tak valid. Details: https://olacabs.com/offers/NsumWW",yes,No,No
ham,Limited period: aaj hi apni Airtel membership upgrade karein aur annual fee par Rs.50 bachayein: https://airtel.in/offers/fzM5W9,yes,No,No
ham,"Decathlon ki Independence Day Sale ke aakhri kuch ghante! 50% tak off, aaj raat khatam hone se pehle shop karein: https://decathlon.in/sale/bTtEKN",yes,No,No
ham,Aakhri mauka: aapke Airtel bonus data offer aaj raat expire ho raha hai. Extra benefit ke liye abhi recharge karein: https://airtel.in/offers/RrHusv,yes,No,No
ham,"Uber: Abhi book karein aur agli trip par 50% off paayein, 18-07-2025 tak valid. Details: https://uber.com/promotions/AWNkEZ",yes,No,No
ham,"redBus members ko hamare festive sale ka early access milta hai, select routes par 70% off: https://redbus.in/offers/zJ1UZK",yes,No,No
ham,Meesho ki Big Sale live hai! kitchen appliances par 50% tak ki chhoot. Abhi shop karein: https://meesho.com/offers/re8Thn,yes,No,No
ham,HDFC Bank: Dost ko refer karein aur dono ko 500 reward points milenge. Code LHOI58 share karein: https://hdfcbank.com/offers/rPSuPi,yes,No,No
ham,Aakhri mauka: aapke Spotify bonus data offer aaj raat expire ho raha hai. Extra benefit ke liye abhi recharge karein: https://spotify.com/premium/uNBvfX,yes,No,No
ham,HDFC Bank: Is hafte app se bill payment karne par 50% cashback paayein. Details: https://hdfcbank.com/offers/AYZWjs,yes,No,No
ham,"Uber members ko hamare festive sale ka early access milta hai, select routes par 25% off: https://uber.com/promotions/KsjOcy",yes,No,No
ham,Limited period: aaj hi apni cult.fit membership upgrade karein aur annual fee par Rs.50 bachayein: https://cult.fit/offers/sWxDYs,yes,No,No
ham,"Goibibo: Abhi book karein aur agli trip par 25% off paayein, 14-11-2026 tak valid. Details: https://goibibo.com/deals/wXDFM6",yes,No,No
ham,"Lenskart ki Great Indian Festival ke aakhri kuch ghante! 75% tak off, aaj raat khatam hone se pehle shop karein: https://lenskart.com/offers/co18IE",yes,No,No
ham,SBI Card: Is hafte app se bill payment karne par 15% cashback paayein. Details: https://sbicard.com/offers/vB5qVU,yes,No,No
ham,Aapne 300 HDFC Bank reward points kamaye hain. Agli transaction par redeem karein: https://hdfcbank.com/offers/vTXQos,yes,No,No
ham,1mg ki Big Sale live hai! groceries par 25% tak ki chhoot. Abhi shop karein: https://1mg.com/offers/gYueRJ,yes,No,No
ham,1mg ki Big Sale live hai! groceries par 15% tak ki chhoot. Abhi shop karein: https://1mg.com/offers/ifoXvR,yes,No,No
ham,"IndiGo members ko hamare festive sale ka early access milta hai, select routes par 25% off: https://goindigo.in/offers/dzG9h8",yes,No,No
ham,Aakhri mauka: aapke Disney+ Hotstar bonus data offer aaj raat expire ho raha hai. Extra benefit ke liye abhi recharge karein: https://hotstar.com/subscribe/GoUaym,yes,No,No
ham,Aapka Amazon Prime Video plan jald expire ho raha hai. Abhi renew karein aur pehle 3 mahino par 25% off paayein: https://primevideo.com/offers/GXRrQ2,yes,No,No
ham,Decathlon par dost ko invite karein aur dono ko Rs.150 off milega. Code SJFD47 share karein: https://decathlon.in/sale/nuqvrW,yes,No,No
ham,"Ola members ko hamare festive sale ka early access milta hai, select routes par 15% off: https://olacabs.com/offers/zfoSnM",yes,No,No
ham,Aapka cult.fit plan benefit aaj khatam ho raha hai. Extra data na khone ke liye midnight se pehle renew karein: https://cult.fit/offers/98K58o,yes,No,No
ham,"IndiGo members ko hamare festive sale ka early access milta hai, select routes par 40% off: https://goindigo.in/offers/RpO5n5",yes,No,No
ham,Aapne 150 Paytm reward points kamaye hain. Agli transaction par redeem karein: https://paytm.com/rewards/0s88vz,yes,No,No
ham,Aakhri mauka: aapke Unacademy bonus data offer aaj raat expire ho raha hai. Extra benefit ke liye abhi recharge karein: https://unacademy.com/offers/xKcmYS,yes,No,No
ham,"BYJU'S member hone ke naate, aaj se hamare 25% off renewal offer ka early access paayein: https://byjus.com/offers/N0uzHQ",yes,No,No
ham,Aapka Amazon Prime Video plan jald expire ho raha hai. Abhi renew karein aur pehle 3 mahino par 30% off paayein: https://primevideo.com/offers/IqKHwd,yes,No,No
ham,Paytm: Is hafte app se bill payment karne par 15% cashback paayein. Details: https://paytm.com/rewards/es1uT6,yes,No,No
ham,"PharmEasy Independence Day Sale LIVE hai! home decor par 70% tak ki chhoot, stock khatam hone se pehle jaldi karein: https://pharmeasy.in/offers/AsS5h3",yes,No,No
ham,Aakhri mauka: aapke Disney+ Hotstar bonus data offer aaj raat expire ho raha hai. Extra benefit ke liye abhi recharge karein: https://hotstar.com/subscribe/UDXQqJ,yes,No,No
ham,Aapne 300 HDFC Bank reward points kamaye hain. Agli transaction par redeem karein: https://hdfcbank.com/offers/lqGtQV,yes,No,No
ham,Aapka Disney+ Hotstar plan benefit aaj khatam ho raha hai. Extra data na khone ke liye midnight se pehle renew karein: https://hotstar.com/subscribe/lan1EW,yes,No,No
ham,"Year End Sale sirf Ajio par: footwear par flat 80% tak chhoot, abhi app download karein: https://ajio.com/sale/zEp3mL",yes,No,No
ham,"Holi ki hardik shubhkamnayein! Titan par 15% off ke saath celebrate karein, sirf hamare valued customers ke liye: https://titan.co.in/sale/sWBhKn",yes,No,No
ham,SBI Card: Dost ko refer karein aur dono ko 1000 reward points milenge. Code FHFI87 share karein: https://sbicard.com/offers/jPBQJO,yes,No,No
ham,"Happy Birthday Anita! Aapke liye Rs.50 ka Domino's voucher, is mahine valid: https://dominos.co.in/offers/sx9smQ",yes,No,No
ham,Aapka Netflix subscription 09-12-2025 ko renew hoga. Annual plan par upgrade karein aur 20% bachayein: https://netflix.com/account/3DXOFM,yes,No,No
ham,PharmEasy ki Big Sale live hai! beauty products par 60% tak ki chhoot. Abhi shop karein: https://pharmeasy.in/offers/nwIbvr,yes,No,No
ham,Aakhri mauka: aapke Amazon Prime Video bonus data offer aaj raat expire ho raha hai. Extra benefit ke liye abhi recharge karein: https://primevideo.com/offers/CRdnzF,yes,No,No
ham,Axis Bank: Dost ko refer karein aur dono ko 500 reward points milenge. Code YBRK44 share karein: https://axisbank.com/offers/BoC0MO,yes,No,No
ham,"redBus: Abhi book karein aur agli trip par 60% off paayein, 26-01-2025 tak valid. Details: https://redbus.in/offers/5JgogM",yes,No,No
ham,"Ola: Abhi book karein aur agli trip par 70% off paayein, 19-09-2026 tak valid. Details: https://olacabs.com/offers/Gswrbo",yes,No,No
ham,"IRCTC members ko hamare festive sale ka early access milta hai, select routes par 40% off: https://irctc.co.in/offers/bJz5hf",yes,No,No
ham,"Hi Amit, aapke Titan cart ke items ab sale mein hain. Order complete karein: https://titan.co.in/sale/RZtsLU",yes,No,No
ham,Aapka Amazon Prime Video plan benefit aaj khatam ho raha hai. Extra data na khone ke liye midnight se pehle renew karein: https://primevideo.com/offers/fxBjEH,yes,No,No
ham,"IndiGo par flash sale! Fares Rs.100 se shuru, limited period ke liye. Yahan book karein: https://goindigo.in/offers/6bBLIP",yes,No,No
ham,Limited period: aaj hi apni Airtel membership upgrade karein aur annual fee par Rs.150 bachayein: https://airtel.in/offers/RaYwFS,yes,No,No
ham,SBI Card: Dost ko refer karein aur dono ko 300 reward points milenge. Code ICFN88 share karein: https://sbicard.com/offers/K38DYe,yes,No,No
ham,Decathlon: Is weekend storewide flat 15% off. T&C apply. Offers band karne ke liye STOP reply karein. https://decathlon.in/sale/0qwxcl,yes,No,No
ham,Aapka Jio plan jald expire ho raha hai. Abhi renew karein aur pehle 3 mahino par 15% off paayein: https://jio.com/offers/IBDz96,yes,No,No
ham,"redBus: Abhi book karein aur agli trip par 60% off paayein, 12-10-2025 tak valid. Details: https://redbus.in/offers/boVwXd",yes,No,No
ham,"Decathlon Monsoon Sale LIVE hai! kitchen appliances par 70% tak ki chhoot, stock khatam hone se pehle jaldi karein: https://decathlon.in/sale/4TaNPg",yes,No,No
ham,PharmEasy par naye arrivals aa gaye hain! Latest kitchen appliances collection dekhein: https://pharmeasy.in/offers/qJPG4t,yes,No,No
ham,Limited period: aaj hi apni Unacademy membership upgrade karein aur annual fee par Rs.100 bachayein: https://unacademy.com/offers/jS2IUP,yes,No,No
ham,HDFC Bank: Dost ko refer karein aur dono ko 200 reward points milenge. Code TCIV14 share karein: https://hdfcbank.com/offers/JNxdlp,yes,No,No
ham,"BYJU'S member hone ke naate, aaj se hamare 40% off renewal offer ka early access paayein: https://byjus.com/offers/apbGLx",yes,No,No
ham,Aapka BYJU'S plan benefit aaj khatam ho raha hai. Extra data na khone ke liye midnight se pehle renew karein: https://byjus.com/offers/LPJkj5,yes,No,No
ham,Aakhri mauka: aapke Disney+ Hotstar bonus data offer aaj raat expire ho raha hai. Extra benefit ke liye abhi recharge karein: https://hotstar.com/subscribe/TMtkKS,yes,No,No
ham,Axis Bank: Is hafte app se bill payment karne par 20% cashback paayein. Details: https://axisbank.com/offers/RnBx8p,yes,No,No
ham,"Goibibo: Abhi book karein aur agli trip par 70% off paayein, 21-06-2025 tak valid. Details: https://goibibo.com/deals/uo9IvU",yes,No,No
ham,Meesho par naye arrivals aa gaye hain! Latest home decor collection dekhein: https://meesho.com/offers/KNxv9P,yes,No,No
ham,"Goibibo members ko hamare festive sale ka early access milta hai, select routes par 25% off: https://goibibo.com/deals/KLomnd",yes,No,No
ham,"Domino's Year End Sale LIVE hai! kitchen appliances par 70% tak ki chhoot, stock khatam hone se pehle jaldi karein: https://dominos.co.in/offers/PmZ8bW",yes,No,No
ham,"Aapka pichla Nykaa order pasand aaya tha? Agli order par 25% off, 04-03-2025 tak valid: https://nykaa.com/sale/Qhr433",yes,No,No
ham,"Eid ki hardik shubhkamnayein! Nykaa par 40% off ke saath celebrate karein, sirf hamare valued customers ke liye: https://nykaa.com/sale/XHSTKA",yes,No,No
ham,Aapka Jio plan jald expire ho raha hai. Abhi renew karein aur pehle 3 mahino par 60% off paayein: https://jio.com/offers/dLEAWR,yes,No,No
ham,Aakhri mauka: aapke Vi bonus data offer aaj raat expire ho raha hai. Extra benefit ke liye abhi recharge karein: https://myvi.in/offers/JXGKB0,yes,No,No
ham,"PharmEasy Diwali Dhamaka Sale LIVE hai! home decor par 80% tak ki chhoot, stock khatam hone se pehle jaldi karein: https://pharmeasy.in/offers/R0dMfc",yes,No,No
ham,Aapne 1000 ICICI Bank reward points kamaye hain. Agli transaction par redeem karein: https://icicibank.com/offers/LzZQkS,yes,No,No
ham,"Christmas ki hardik shubhkamnayein! Decathlon par 60% off ke saath celebrate karein, sirf hamare valued customers ke liye: https://decathlon.in/sale/uhfpTJ",yes,No,No
ham,ICICI Bank: Dost ko refer karein aur dono ko 250 reward points milenge. Code ATLG26 share karein: https://icicibank.com/offers/q7BpAj,yes,No,No
ham,"Happy Birthday Vikram! Aapke liye Rs.150 ka Swiggy voucher, is mahine valid: https://swiggy.com/offers/va4Krx",yes,No,No
ham,Aapne 250 Axis Bank reward points kamaye hain. Agli transaction par redeem karein: https://axisbank.com/offers/GOGUZa,yes,No,No
ham,Aapka Vi subscription 23-10-2025 ko renew hoga. Annual plan par upgrade karein aur 25% bachayein: https://myvi.in/offers/WbIwTu,yes,No,No
ham,Flipkart: Is weekend storewide flat 70% off. T&C apply. Offers band karne ke liye STOP reply karein. https://flipkart.com/sale/H6eisn,yes,No,No
ham,"Diwali Dhamaka Sale sirf Amazon par: beauty products par flat 75% tak chhoot, abhi app download karein: https://amazon.in/deals/yl1CPA",yes,No,No
ham,Aapne 100 HDFC Bank reward points kamaye hain. Agli transaction par redeem karein: https://hdfcbank.com/offers/Isgog8,yes,No,No
ham,"Pepperfry ki Diwali Dhamaka Sale miss mat karein - storewide 60% tak off, sirf limited time ke liye: https://pepperfry.com/sale/t3WjAG",yes,No,No
ham,PhonePe: Dost ko refer karein aur dono ko 150 reward points milenge. Code BXHR36 share karein: https://phonepe.com/rewards/BAmCqx,yes,No,No
ham,Aapka Spotify subscription 11-02-2026 ko renew hoga. Annual plan par upgrade karein aur 70% bachayein: https://spotify.com/premium/szuJXu,yes,No,No
ham,"MakeMyTrip members ko hamare festive sale ka early access milta hai, select routes par 10% off: https://makemytrip.com/deals/k6DwRR",yes,No,No
ham,"Uber members ko hamare festive sale ka early access milta hai, select routes par 25% off: https://uber.com/promotions/ng9RZ7",yes,No,No
ham,"Goibibo: Abhi book karein aur agli trip par 20% off paayein, 04-03-2025 tak valid. Details: https://goibibo.com/deals/VqTd36",yes,No,No
ham,Aapka cult.fit subscription 06-03-2026 ko renew hoga. Annual plan par upgrade karein aur 10% bachayein: https://cult.fit/offers/PFjT3s,yes,No,No
ham,"IndiGo par flash sale! Fares Rs.250 se shuru, limited period ke liye. Yahan book karein: https://goindigo.in/offers/D62p37",yes,No,No
ham,Aapka Spotify plan jald expire ho raha hai. Abhi renew karein aur pehle 3 mahino par 15% off paayein: https://spotify.com/premium/QqShtK,yes,No,No
ham,Aapne 750 PhonePe reward points kamaye hain. Agli transaction par redeem karein: https://phonepe.com/rewards/xtss6H,yes,No,No
ham,"IndiGo members ko hamare festive sale ka early access milta hai, select routes par 60% off: https://goindigo.in/offers/5GmM9w",yes,No,No
ham,CRED: Dost ko refer karein aur dono ko 100 reward points milenge. Code VWPI89 share karein: https://cred.club/rewards/1cN6rp,yes,No,No
ham,"Vi member hone ke naate, aaj se hamare 40% off renewal offer ka early access paayein: https://myvi.in/offers/FqKHhW",yes,No,No
ham,"IRCTC members ko hamare festive sale ka early access milta hai, select routes par 40% off: https://irctc.co.in/offers/gnTO2v",yes,No,No
ham,Aapka BYJU'S plan jald expire ho raha hai. Abhi renew karein aur pehle 3 mahino par 40% off paayein: https://byjus.com/offers/XuBvjT,yes,No,No
ham,PhonePe: Dost ko refer karein aur dono ko 300 reward points milenge. Code MUEK98 share karein: https://phonepe.com/rewards/F6bGOQ,yes,No,No
ham,"Amazon ki Big Billion Days ke aakhri kuch ghante! 70% tak off, aaj raat khatam hone se pehle shop karein: https://amazon.in/deals/LGjHNj",yes,No,No
ham,Aapka Spotify plan benefit aaj khatam ho raha hai. Extra data na khone ke liye midnight se pehle renew karein: https://spotify.com/premium/LuTJvE,yes,No,No
ham,PhonePe: Is hafte app se bill payment karne par 70% cashback paayein. Details: https://phonepe.com/rewards/aoTfHo,yes,No,No
ham,"Hi Vikram, aapke 1mg cart ke items ab sale mein hain. Order complete karein: https://1mg.com/offers/hrfsRY",yes,No,No
ham,Aapka cult.fit plan jald expire ho raha hai. Abhi renew karein aur pehle 3 mahino par 10% off paayein: https://cult.fit/offers/hr4KWS,yes,No,No
ham,Lenskart ki Big Sale live hai! beauty products par 20% tak ki chhoot. Abhi shop karein: https://lenskart.com/offers/3NkmHc,yes,No,No
ham,Aapka Policybazaar subscription 18-06-2025 ko renew hoga. Annual plan par upgrade karein aur 15% bachayein: https://policybazaar.com/renew/794AiN,yes,No,No
ham,Aapka Airtel subscription 15-03-2026 ko renew hoga. Annual plan par upgrade karein aur 15% bachayein: https://airtel.in/offers/aahZTf,yes,No,No
ham,"BYJU'S member hone ke naate, aaj se hamare 25% off renewal offer ka early access paayein: https://byjus.com/offers/0nuJhn",yes,No,No
ham,Aapka Netflix plan benefit aaj khatam ho raha hai. Extra data na khone ke liye midnight se pehle renew karein: https://netflix.com/account/X3415S,yes,No,No
ham,"Happy Birthday Amit! Aapke liye Rs.300 ka BigBasket voucher, is mahine valid: https://bigbasket.com/offers/7ArV35",yes,No,No
ham,"Uber: Abhi book karein aur agli trip par 40% off paayein, 27-05-2026 tak valid. Details: https://uber.com/promotions/UPie50",yes,No,No
ham,"1mg ki End of Season Sale ke aakhri kuch ghante! 70% tak off, aaj raat khatam hone se pehle shop karein: https://1mg.com/offers/ITTkVM",yes,No,No
ham,"Domino's Diwali Dhamaka Sale LIVE hai! electronics par 60% tak ki chhoot, stock khatam hone se pehle jaldi karein: https://dominos.co.in/offers/9hiv1t",yes,No,No
ham,Aapne 300 PhonePe reward points kamaye hain. Agli transaction par redeem karein: https://phonepe.com/rewards/zaboRt,yes,No,No
ham,"Amazon Prime Video member hone ke naate, aaj se hamare 30% off renewal offer ka early access paayein: https://primevideo.com/offers/DEe2EB",yes,No,No
ham,ICICI Bank: Dost ko refer karein aur dono ko 750 reward points milenge. Code XPOU80 share karein: https://icicibank.com/offers/XJ6H0Z,yes,No,No
ham,"Tanishq ki Great Indian Festival miss mat karein - storewide 50% tak off, sirf limited time ke liye: https://tanishq.co.in/offers/r2y9qC",yes,No,No
ham,PhonePe: Is hafte app se bill payment karne par 70% cashback paayein. Details: https://phonepe.com/rewards/75S0VU,yes,No,No
ham,"Domino's app abhi kholein aur pao exclusive app-only deal 10% off, sirf aaj: https://dominos.co.in/offers/xNWWbE",yes,No,No
ham,Aapne 500 HDFC Bank reward points kamaye hain. Agli transaction par redeem karein: https://hdfcbank.com/offers/5gL7Iu,yes,No,No
ham,"MakeMyTrip: Abhi book karein aur agli trip par 70% off paayein, 12-07-2025 tak valid. Details: https://makemytrip.com/deals/hUHW3l",yes,No,No
ham,Aapne 100 HDFC Bank reward points kamaye hain. Agli transaction par redeem karein: https://hdfcbank.com/offers/jAt0hF,yes,No,No
ham,ICICI Bank: Is hafte app se bill payment karne par 25% cashback paayein. Details: https://icicibank.com/offers/AWmY12,yes,No,No
ham,Aakhri mauka: aapke Disney+ Hotstar bonus data offer aaj raat expire ho raha hai. Extra benefit ke liye abhi recharge karein: https://hotstar.com/subscribe/nAXNNt,yes,No,No
ham,Limited period: aaj hi apni cult.fit membership upgrade karein aur annual fee par Rs.150 bachayein: https://cult.fit/offers/7GT38J,yes,No,No
ham,"IRCTC par flash sale! Fares Rs.150 se shuru, limited period ke liye. Yahan book karein: https://irctc.co.in/offers/f4RdG1",yes,No,No
ham,Axis Bank: Is hafte app se bill payment karne par 60% cashback paayein. Details: https://axisbank.com/offers/HdHiva,yes,No,No
ham,"redBus: Abhi book karein aur agli trip par 20% off paayein, 12-11-2025 tak valid. Details: https://redbus.in/offers/VrjH4M",yes,No,No
ham,Aapka Vi plan benefit aaj khatam ho raha hai. Extra data na khone ke liye midnight se pehle renew karein: https://myvi.in/offers/oy718f,yes,No,No
ham,Limited period: aaj hi apni cult.fit membership upgrade karein aur annual fee par Rs.200 bachayein: https://cult.fit/offers/1IvOFC,yes,No,No
ham,"Aapka pichla Amazon order pasand aaya tha? Agli order par 30% off, 07-08-2026 tak valid: https://amazon.in/deals/JbP4UY",yes,No,No
ham,"Goibibo: Abhi book karein aur agli trip par 30% off paayein, 03-10-2026 tak valid. Details: https://goibibo.com/deals/mF9Duf",yes,No,No
ham,Aapka Spotify plan jald expire ho raha hai. Abhi renew karein aur pehle 3 mahino par 40% off paayein: https://spotify.com/premium/LF3xoS,yes,No,No
ham,PhonePe: Is hafte app se bill payment karne par 60% cashback paayein. Details: https://phonepe.com/rewards/phaDtr,yes,No,No
ham,"Happy Birthday Rahul! Aapke liye Rs.250 ka Zepto voucher, is mahine valid: https://zepto.com/offers/xBQRZW",yes,No,No
ham,"Goibibo par flash sale! Fares Rs.200 se shuru, limited period ke liye. Yahan book karein: https://goibibo.com/deals/3LPBMq",yes,No,No
ham,Limited period: aaj hi apni Jio membership upgrade karein aur annual fee par Rs.200 bachayein: https://jio.com/offers/siGOa1,yes,No,No
ham,HDFC Bank: Dost ko refer karein aur dono ko 100 reward points milenge. Code UDNV63 share karein: https://hdfcbank.com/offers/D5k0U3,yes,No,No
ham,Paytm: Dost ko refer karein aur dono ko 100 reward points milenge. Code HFCB20 share karein: https://paytm.com/rewards/1aDNAP,yes,No,No
ham,Limited period: aaj hi apni Amazon Prime Video membership upgrade karein aur annual fee par Rs.250 bachayein: https://primevideo.com/offers/Vvh5Rn,yes,No,No
ham,"IndiGo par flash sale! Fares Rs.500 se shuru, limited period ke liye. Yahan book karein: https://goindigo.in/offers/lTHg5T",yes,No,No
ham,PhonePe: Dost ko refer karein aur dono ko 300 reward points milenge. Code NWWX35 share karein: https://phonepe.com/rewards/Lq7grr,yes,No,No
ham,Limited period: aaj hi apni Airtel membership upgrade karein aur annual fee par Rs.300 bachayein: https://airtel.in/offers/BHoAbv,yes,No,No
ham,"BYJU'S member hone ke naate, aaj se hamare 40% off renewal offer ka early access paayein: https://byjus.com/offers/eP5G6i",yes,No,No
ham,Zomato par naye arrivals aa gaye hain! Latest fashion collection dekhein: https://zomato.com/gold/Vj8tk8,yes,No,No
ham,Aapka Jio plan jald expire ho raha hai. Abhi renew karein aur pehle 3 mahino par 50% off paayein: https://jio.com/offers/pIM8xx,yes,No,No
ham,Aakhri mauka: aapke Jio bonus data offer aaj raat expire ho raha hai. Extra benefit ke liye abhi recharge karein: https://jio.com/offers/vnvdXD,yes,No,No
ham,"Unacademy member hone ke naate, aaj se hamare 20% off renewal offer ka early access paayein: https://unacademy.com/offers/Jr5VaL",yes,No,No
ham,"Ola members ko hamare festive sale ka early access milta hai, select routes par 25% off: https://olacabs.com/offers/8ixvsg",yes,No,No
ham,Aapne 500 Paytm reward points kamaye hain. Agli transaction par redeem karein: https://paytm.com/rewards/48D0s4,yes,No,No
ham,Aapka Jio plan jald expire ho raha hai. Abhi renew karein aur pehle 3 mahino par 15% off paayein: https://jio.com/offers/lW8VuA,yes,No,No
ham,"IRCTC par flash sale! Fares Rs.300 se shuru, limited period ke liye. Yahan book karein: https://irctc.co.in/offers/hb6pni",yes,No,No
ham,Nykaa par naye arrivals aa gaye hain! Latest kitchen appliances collection dekhein: https://nykaa.com/sale/gh8oMh,yes,No,No
ham,"Diwali Dhamaka Sale sirf PharmEasy par: fashion par flat 50% tak chhoot, abhi app download karein: https://pharmeasy.in/offers/M1V5Z8",yes,No,No
ham,Paytm: Is hafte app se bill payment karne par 10% cashback paayein. Details: https://paytm.com/rewards/cqXhrE,yes,No,No
ham,ICICI Bank: Dost ko refer karein aur dono ko 250 reward points milenge. Code LDOF42 share karein: https://icicibank.com/offers/Ie5DwP,yes,No,No
ham,ICICI Bank: Dost ko refer karein aur dono ko 150 reward points milenge. Code PVAD77 share karein: https://icicibank.com/offers/CIQ6jp,yes,No,No
ham,"redBus: Abhi book karein aur agli trip par 15% off paayein, 13-10-2025 tak valid. Details: https://redbus.in/offers/8bRCfM",yes,No,No
ham,Titan ki Big Sale live hai! beauty products par 60% tak ki chhoot. Abhi shop karein: https://titan.co.in/sale/1DWNS2,yes,No,No
ham,Aapka Spotify plan jald expire ho raha hai. Abhi renew karein aur pehle 3 mahino par 20% off paayein: https://spotify.com/premium/TK881t,yes,No,No
ham,Aapka Unacademy plan jald expire ho raha hai. Abhi renew karein aur pehle 3 mahino par 10% off paayein: https://unacademy.com/offers/LtVk3q,yes,No,No
ham,"IndiGo members ko hamare festive sale ka early access milta hai, select routes par 40% off: https://goindigo.in/offers/rMbzfb",yes,No,No
ham,"Ajio ki Great Indian Festival miss mat karein - storewide 75% tak off, sirf limited time ke liye: https://ajio.com/sale/hC03km",yes,No,No
ham,BigBasket ki Big Sale live hai! beauty products par 10% tak ki chhoot. Abhi shop karein: https://bigbasket.com/offers/42gWm5,yes,No,No
ham,Aapne 300 HDFC Bank reward points kamaye hain. Agli transaction par redeem karein: https://hdfcbank.com/offers/S5OmAf,yes,No,No
ham,Aapka Amazon Prime Video plan benefit aaj khatam ho raha hai. Extra data na khone ke liye midnight se pehle renew karein: https://primevideo.com/offers/RQWAnx,yes,No,No
ham,"IRCTC: Abhi book karein aur agli trip par 10% off paayein, 16-06-2025 tak valid. Details: https://irctc.co.in/offers/PpSstw",yes,No,No
ham,"redBus par flash sale! Fares Rs.250 se shuru, limited period ke liye. Yahan book karein: https://redbus.in/offers/E5cj2c",yes,No,No
ham,Aapka Jio plan benefit aaj khatam ho raha hai. Extra data na khone ke liye midnight se pehle renew karein: https://jio.com/offers/4cNFzJ,yes,No,No
ham,ICICI Bank: Dost ko refer karein aur dono ko 500 reward points milenge. Code VQKG77 share karein: https://icicibank.com/offers/nrImqp,yes,No,No
ham,"Jio member hone ke naate, aaj se hamare 40% off renewal offer ka early access paayein: https://jio.com/offers/576mgd",yes,No,No
ham,"BookMyShow Year End Sale LIVE hai! home decor par 50% tak ki chhoot, stock khatam hone se pehle jaldi karein: https://bookmyshow.com/offers/cfQaU9",yes,No,No
ham,"Goibibo: Abhi book karein aur agli trip par 30% off paayein, 26-11-2025 tak valid. Details: https://goibibo.com/deals/HYg6pU",yes,No,No
ham,"Uber: Abhi book karein aur agli trip par 15% off paayein, 08-07-2026 tak valid. Details: https://uber.com/promotions/n32OT5",yes,No,No
ham,"Holi ki hardik shubhkamnayein! Zomato par 70% off ke saath celebrate karein, sirf hamare valued customers ke liye: https://zomato.com/gold/hYncs4",yes,No,No
ham,Aapka Policybazaar plan benefit aaj khatam ho raha hai. Extra data na khone ke liye midnight se pehle renew karein: https://policybazaar.com/renew/TANutp,yes,No,No
ham,PhonePe: Dost ko refer karein aur dono ko 500 reward points milenge. Code NAPI35 share karein: https://phonepe.com/rewards/eTqPvq,yes,No,No
ham,Aapne 200 ICICI Bank reward points kamaye hain. Agli transaction par redeem karein: https://icicibank.com/offers/92xa00,yes,No,No
ham,"IndiGo members ko hamare festive sale ka early access milta hai, select routes par 40% off: https://goindigo.in/offers/zYE3mx",yes,No,No
ham,"MakeMyTrip: Abhi book karein aur agli trip par 50% off paayein, 18-10-2025 tak valid. Details: https://makemytrip.com/deals/D5r1AR",yes,No,No
ham,Aapne 1000 HDFC Bank reward points kamaye hain. Agli transaction par redeem karein: https://hdfcbank.com/offers/LCHGbR,yes,No,No
ham,"Happy Birthday Priya! Aapke liye Rs.50 ka Swiggy voucher, is mahine valid: https://swiggy.com/offers/U9VEdQ",yes,No,No
ham,"IRCTC members ko hamare festive sale ka early access milta hai, select routes par 60% off: https://irctc.co.in/offers/EDKGs4",yes,No,No
ham,"Disney+ Hotstar member hone ke naate, aaj se hamare 20% off renewal offer ka early access paayein: https://hotstar.com/subscribe/R8X36i",yes,No,No
ham,"Aapka pichla Flipkart order pasand aaya tha? Agli order par 10% off, 27-10-2025 tak valid: https://flipkart.com/sale/Gw0Uh4",yes,No,No
ham,"End of Season Sale sirf Blinkit par: fashion par flat 75% tak chhoot, abhi app download karein: https://blinkit.com/offers/s7vgbT",yes,No,No
ham,"Hi Pooja, aapke Blinkit cart ke items ab sale mein hain. Order complete karein: https://blinkit.com/offers/sexSy3",yes,No,No
ham,"Aapka pichla Lenskart order pasand aaya tha? Agli order par 30% off, 20-12-2026 tak valid: https://lenskart.com/offers/ePI2pK",yes,No,No
ham,"Uber par flash sale! Fares Rs.250 se shuru, limited period ke liye. Yahan book karein: https://uber.com/promotions/OrmwYY",yes,No,No
ham,Axis Bank: Dost ko refer karein aur dono ko 100 reward points milenge. Code HDZW25 share karein: https://axisbank.com/offers/B2miat,yes,No,No
ham,Aapka Unacademy subscription 22-11-2025 ko renew hoga. Annual plan par upgrade karein aur 20% bachayein: https://unacademy.com/offers/rcoJ4h,yes,No,No
ham,Aapka BYJU'S plan jald expire ho raha hai. Abhi renew karein aur pehle 3 mahino par 50% off paayein: https://byjus.com/offers/a88wb1,yes,No,No
ham,"Ola: Abhi book karein aur agli trip par 40% off paayein, 19-06-2026 tak valid. Details: https://olacabs.com/offers/shcfUV",yes,No,No
ham,"Uber members ko hamare festive sale ka early access milta hai, select routes par 25% off: https://uber.com/promotions/gmkbHX",yes,No,No
ham,Aapne 200 PhonePe reward points kamaye hain. Agli transaction par redeem karein: https://phonepe.com/rewards/r64Gza,yes,No,No
ham,Aapka Airtel subscription 17-10-2025 ko renew hoga. Annual plan par upgrade karein aur 50% bachayein: https://airtel.in/offers/f5PKDX,yes,No,No
ham,Aakhri mauka: aapke Unacademy bonus data offer aaj raat expire ho raha hai. Extra benefit ke liye abhi recharge karein: https://unacademy.com/offers/sm7K1i,yes,No,No
ham,Aapne 1000 SBI Card reward points kamaye hain. Agli transaction par redeem karein: https://sbicard.com/offers/RRZful,yes,No,No
ham,Paytm: Dost ko refer karein aur dono ko 150 reward points milenge. Code YEIN94 share karein: https://paytm.com/rewards/qMurvz,yes,No,No
ham,"Happy Birthday Rahul! Aapke liye Rs.200 ka Lenskart voucher, is mahine valid: https://lenskart.com/offers/qRGpKl",yes,No,No
ham,Pepperfry: Is weekend storewide flat 60% off. T&C apply. Offers band karne ke liye STOP reply karein. https://pepperfry.com/sale/UqN8du,yes,No,No
ham,"MakeMyTrip: Abhi book karein aur agli trip par 70% off paayein, 06-05-2026 tak valid. Details: https://makemytrip.com/deals/KLgh8z",yes,No,No
ham,Pepperfry: Is weekend storewide flat 50% off. T&C apply. Offers band karne ke liye STOP reply karein. https://pepperfry.com/sale/m0ihQa,yes,No,No
ham,"1mg Republic Day Sale LIVE hai! accessories par 50% tak ki chhoot, stock khatam hone se pehle jaldi karein: https://1mg.com/offers/zCqYQJ",yes,No,No
ham,boAt par dost ko invite karein aur dono ko Rs.100 off milega. Code TIQB93 share karein: https://boat-lifestyle.com/sale/Dml8Nh,yes,No,No
ham,"Ola members ko hamare festive sale ka early access milta hai, select routes par 20% off: https://olacabs.com/offers/URAH4S",yes,No,No
ham,"redBus members ko hamare festive sale ka early access milta hai, select routes par 50% off: https://redbus.in/offers/ghxbT4",yes,No,No
ham,"Ola members ko hamare festive sale ka early access milta hai, select routes par 70% off: https://olacabs.com/offers/X4jNtQ",yes,No,No
ham,HDFC Bank: Is hafte app se bill payment karne par 30% cashback paayein. Details: https://hdfcbank.com/offers/AEY4OB,yes,No,No
ham,Axis Bank: Is hafte app se bill payment karne par 15% cashback paayein. Details: https://axisbank.com/offers/iWuAph,yes,No,No
ham,"redBus: Abhi book karein aur agli trip par 40% off paayein, 10-02-2026 tak valid. Details: https://redbus.in/offers/lzDnFW",yes,No,No
ham,"Sirf aaj ke liye: BookMyShow par home decor par flat 50% off mil raha hai, aadhi raat se pehle order karein: https://bookmyshow.com/offers/FxxEWW",yes,No,No
ham,Paytm: Dost ko refer karein aur dono ko 300 reward points milenge. Code EWSG69 share karein: https://paytm.com/rewards/ChN6aH,yes,No,No
ham,"Jio member hone ke naate, aaj se hamare 15% off renewal offer ka early access paayein: https://jio.com/offers/Wb1Txm",yes,No,No
ham,Aakhri mauka: aapke Spotify bonus data offer aaj raat expire ho raha hai. Extra benefit ke liye abhi recharge karein: https://spotify.com/premium/hYqPic,yes,No,No
ham,Aapne 150 ICICI Bank reward points kamaye hain. Agli transaction par redeem karein: https://icicibank.com/offers/Z4EwP8,yes,No,No
ham,CRED: Is hafte app se bill payment karne par 60% cashback paayein. Details: https://cred.club/rewards/P3NFKs,yes,No,No
ham,Limited period: aaj hi apni Spotify membership upgrade karein aur annual fee par Rs.200 bachayein: https://spotify.com/premium/mZY7qZ,yes,No,No
ham,"Uber par flash sale! Fares Rs.200 se shuru, limited period ke liye. Yahan book karein: https://uber.com/promotions/0BY2pe",yes,No,No
ham,ICICI Bank: Is hafte app se bill payment karne par 40% cashback paayein. Details: https://icicibank.com/offers/PTvkHr,yes,No,No
ham,Limited period: aaj hi apni Jio membership upgrade karein aur annual fee par Rs.100 bachayein: https://jio.com/offers/9PWGF2,yes,No,No
ham,"redBus: Abhi book karein aur agli trip par 20% off paayein, 03-10-2025 tak valid. Details: https://redbus.in/offers/DhNZVL",yes,No,No
ham,Aakhri mauka: aapke cult.fit bonus data offer aaj raat expire ho raha hai. Extra benefit ke liye abhi recharge karein: https://cult.fit/offers/m2oLuY,yes,No,No
ham,"Tanishq ki Republic Day Sale miss mat karein - storewide 80% tak off, sirf limited time ke liye: https://tanishq.co.in/offers/oXk5Vq",yes,No,No
ham,"Hi Amit, aapke boAt cart ke items ab sale mein hain. Order complete karein: https://boat-lifestyle.com/sale/iAdlWZ",yes,No,No
ham,Aapne 250 CRED reward points kamaye hain. Agli transaction par redeem karein: https://cred.club/rewards/OXZuDQ,yes,No,No
ham,Lenskart par naye arrivals aa gaye hain! Latest kitchen appliances collection dekhein: https://lenskart.com/offers/JUzVoa,yes,No,No
ham,"Swiggy ki Monsoon Sale miss mat karein - storewide 50% tak off, sirf limited time ke liye: https://swiggy.com/offers/9vhpb6",yes,No,No
ham,Aapne 300 Paytm reward points kamaye hain. Agli transaction par redeem karein: https://paytm.com/rewards/29xRv6,yes,No,No
ham,Aakhri mauka: aapke Jio bonus data offer aaj raat expire ho raha hai. Extra benefit ke liye abhi recharge karein: https://jio.com/offers/nfeu8B,yes,No,No
ham,"Goibibo: Abhi book karein aur agli trip par 50% off paayein, 11-02-2025 tak valid. Details: https://goibibo.com/deals/qPCf4v",yes,No,No
ham,Axis Bank: Is hafte app se bill payment karne par 25% cashback paayein. Details: https://axisbank.com/offers/FWH4Eq,yes,No,No
ham,"Uber par flash sale! Fares Rs.100 se shuru, limited period ke liye. Yahan book karein: https://uber.com/promotions/KlfAOB",yes,No,No
ham,Aapne 150 PhonePe reward points kamaye hain. Agli transaction par redeem karein: https://phonepe.com/rewards/ArsKkv,yes,No,No
ham,"Airtel member hone ke naate, aaj se hamare 70% off renewal offer ka early access paayein: https://airtel.in/offers/mnNfrt",yes,No,No
ham,HDFC Bank: Is hafte app se bill payment karne par 30% cashback paayein. Details: https://hdfcbank.com/offers/ef5Ki9,yes,No,No
ham,"Goibibo: Abhi book karein aur agli trip par 70% off paayein, 13-10-2025 tak valid. Details: https://goibibo.com/deals/zMgWcE",yes,No,No
ham,"Aapka pichla Zepto order pasand aaya tha? Agli order par 15% off, 07-06-2026 tak valid: https://zepto.com/offers/PYFSjv",yes,No,No
ham,"BookMyShow ki Monsoon Sale miss mat karein - storewide 60% tak off, sirf limited time ke liye: https://bookmyshow.com/offers/uXfw6H",yes,No,No
ham,Aapka Policybazaar subscription 13-02-2026 ko renew hoga. Annual plan par upgrade karein aur 10% bachayein: https://policybazaar.com/renew/L40lhU,yes,No,No
ham,"IndiGo: Abhi book karein aur agli trip par 50% off paayein, 12-12-2026 tak valid. Details: https://goindigo.in/offers/vi0N2M",yes,No,No
ham,Aapka Unacademy subscription 03-11-2025 ko renew hoga. Annual plan par upgrade karein aur 30% bachayein: https://unacademy.com/offers/gxGbbz,yes,No,No
ham,Aapka Netflix plan benefit aaj khatam ho raha hai. Extra data na khone ke liye midnight se pehle renew karein: https://netflix.com/account/SV1Dir,yes,No,No
ham,Aapka Jio subscription 07-09-2026 ko renew hoga. Annual plan par upgrade karein aur 10% bachayein: https://jio.com/offers/Us9Sx2,yes,No,No
ham,"Flipkart ki Year End Sale ke aakhri kuch ghante! 70% tak off, aaj raat khatam hone se pehle shop karein: https://flipkart.com/sale/MB5bmi",yes,No,No
ham,Limited period: aaj hi apni Airtel membership upgrade karein aur annual fee par Rs.200 bachayein: https://airtel.in/offers/SnFay0,yes,No,No
ham,"redBus members ko hamare festive sale ka early access milta hai, select routes par 30% off: https://redbus.in/offers/2tIqms",yes,No,No
ham,"IRCTC: Abhi book karein aur agli trip par 60% off paayein, 18-10-2026 tak valid. Details: https://irctc.co.in/offers/w2k3lv",yes,No,No
ham,Aapka Policybazaar plan jald expire ho raha hai. Abhi renew karein aur pehle 3 mahino par 15% off paayein: https://policybazaar.com/renew/qKYO2s,yes,No,No
ham,HDFC Bank: Is hafte app se bill payment karne par 10% cashback paayein. Details: https://hdfcbank.com/offers/YUUVsF,yes,No,No
ham,"IndiGo: Abhi book karein aur agli trip par 50% off paayein, 24-01-2026 tak valid. Details: https://goindigo.in/offers/EYv8II",yes,No,No
ham,"Ola par flash sale! Fares Rs.50 se shuru, limited period ke liye. Yahan book karein: https://olacabs.com/offers/prUuF3",yes,No,No
ham,"Hi Amit, aapke Zepto cart ke items ab sale mein hain. Order complete karein: https://zepto.com/offers/r0Di9i",yes,No,No
ham,Aapka Netflix plan benefit aaj khatam ho raha hai. Extra data na khone ke liye midnight se pehle renew karein: https://netflix.com/account/u0jpOr,yes,No,No
ham,"Nykaa ki End of Season Sale ke aakhri kuch ghante! 75% tak off, aaj raat khatam hone se pehle shop karein: https://nykaa.com/sale/92DMNs",yes,No,No
ham,HDFC Bank: Dost ko refer karein aur dono ko 100 reward points milenge. Code ILSL74 share karein: https://hdfcbank.com/offers/wb12bR,yes,No,No
ham,CRED: Dost ko refer karein aur dono ko 100 reward points milenge. Code OFWO57 share karein: https://cred.club/rewards/6zZDom,yes,No,No
ham,Aapka Unacademy plan benefit aaj khatam ho raha hai. Extra data na khone ke liye midnight se pehle renew karein: https://unacademy.com/offers/4jmgP6,yes,No,No
ham,ICICI Bank: Is hafte app se bill payment karne par 10% cashback paayein. Details: https://icicibank.com/offers/nYU8N7,yes,No,No
ham,Aapne 100 Paytm reward points kamaye hain. Agli transaction par redeem karein: https://paytm.com/rewards/EXVszE,yes,No,No
ham,Aapka Jio subscription 11-10-2025 ko renew hoga. Annual plan par upgrade karein aur 40% bachayein: https://jio.com/offers/Oxc0JA,yes,No,No
ham,Aapne 100 Paytm reward points kamaye hain. Agli transaction par redeem karein: https://paytm.com/rewards/mj1x5a,yes,No,No
ham,"MakeMyTrip members ko hamare festive sale ka early access milta hai, select routes par 70% off: https://makemytrip.com/deals/7MVumn",yes,No,No
ham,Aapka Unacademy plan benefit aaj khatam ho raha hai. Extra data na khone ke liye midnight se pehle renew karein: https://unacademy.com/offers/KySQgS,yes,No,No
ham,Limited period: aaj hi apni Disney+ Hotstar membership upgrade karein aur annual fee par Rs.500 bachayein: https://hotstar.com/subscribe/oUQMfu,yes,No,No
ham,"Sirf aaj ke liye: Blinkit par electronics par flat 20% off mil raha hai, aadhi raat se pehle order karein: https://blinkit.com/offers/6iN47t",yes,No,No
ham,PharmEasy par dost ko invite karein aur dono ko Rs.500 off milega. Code CKWU66 share karein: https://pharmeasy.in/offers/hvLA9e,yes,No,No
ham,Aakhri mauka: aapke Unacademy bonus data offer aaj raat expire ho raha hai. Extra benefit ke liye abhi recharge karein: https://unacademy.com/offers/l84d9q,yes,No,No
ham,Axis Bank: Dost ko refer karein aur dono ko 150 reward points milenge. Code VWDL38 share karein: https://axisbank.com/offers/uYorfh,yes,No,No
ham,Aakhri mauka: aapke Amazon Prime Video bonus data offer aaj raat expire ho raha hai. Extra benefit ke liye abhi recharge karein: https://primevideo.com/offers/uyGtwD,yes,No,No
ham,HDFC Bank: Is hafte app se bill payment karne par 10% cashback paayein. Details: https://hdfcbank.com/offers/j9i3vj,yes,No,No
ham,HDFC Bank: Dost ko refer karein aur dono ko 750 reward points milenge. Code RXMX14 share karein: https://hdfcbank.com/offers/Ohuixh,yes,No,No
ham,Aakhri mauka: aapke Disney+ Hotstar bonus data offer aaj raat expire ho raha hai. Extra benefit ke liye abhi recharge karein: https://hotstar.com/subscribe/a5nsYo,yes,No,No
ham,Aapka Netflix plan benefit aaj khatam ho raha hai. Extra data na khone ke liye midnight se pehle renew karein: https://netflix.com/account/o6rnFi,yes,No,No
ham,"Ola members ko hamare festive sale ka early access milta hai, select routes par 15% off: https://olacabs.com/offers/wtVNgk",yes,No,No
ham,Aapka Jio plan benefit aaj khatam ho raha hai. Extra data na khone ke liye midnight se pehle renew karein: https://jio.com/offers/Gu6DI5,yes,No,No
ham,"MakeMyTrip members ko hamare festive sale ka early access milta hai, select routes par 70% off: https://makemytrip.com/deals/3WKSGM",yes,No,No
ham,Aapka Spotify plan jald expire ho raha hai. Abhi renew karein aur pehle 3 mahino par 25% off paayein: https://spotify.com/premium/xP7etk,yes,No,No
ham,PhonePe: Is hafte app se bill payment karne par 40% cashback paayein. Details: https://phonepe.com/rewards/lCWq9Y,yes,No,No
ham,"1mg ki Year End Sale ke aakhri kuch ghante! 60% tak off, aaj raat khatam hone se pehle shop karein: https://1mg.com/offers/377BN8",yes,No,No
ham,"Uber members ko hamare festive sale ka early access milta hai, select routes par 50% off: https://uber.com/promotions/ue6Zt3",yes,No,No
ham,"IndiGo: Abhi book karein aur agli trip par 30% off paayein, 13-03-2026 tak valid. Details: https://goindigo.in/offers/Xt6gbY",yes,No,No
ham,Pepperfry par dost ko invite karein aur dono ko Rs.200 off milega. Code DGYX66 share karein: https://pepperfry.com/sale/T5mRlL,yes,No,No
ham,Aapka Jio subscription 22-04-2026 ko renew hoga. Annual plan par upgrade karein aur 40% bachayein: https://jio.com/offers/OmRU3q,yes,No,No
ham,"Netflix member hone ke naate, aaj se hamare 10% off renewal offer ka early access paayein: https://netflix.com/account/lrfZz2",yes,No,No
ham,"Uber: Abhi book karein aur agli trip par 15% off paayein, 17-03-2026 tak valid. Details: https://uber.com/promotions/wNP6kl",yes,No,No
ham,Axis Bank: Dost ko refer karein aur dono ko 100 reward points milenge. Code GSOJ84 share karein: https://axisbank.com/offers/auFS4P,yes,No,No
ham,Aakhri mauka: aapke Airtel bonus data offer aaj raat expire ho raha hai. Extra benefit ke liye abhi recharge karein: https://airtel.in/offers/Vz4Ux5,yes,No,No
ham,Aapka Netflix subscription 19-04-2026 ko renew hoga. Annual plan par upgrade karein aur 40% bachayein: https://netflix.com/account/tZulgL,yes,No,No
ham,"Sirf aaj ke liye: PharmEasy par beauty products par flat 70% off mil raha hai, aadhi raat se pehle order karein: https://pharmeasy.in/offers/PnMG6n",yes,No,No
ham,Aapne 100 CRED reward points kamaye hain. Agli transaction par redeem karein: https://cred.club/rewards/6LmnKm,yes,No,No
ham,Aakhri mauka: aapke Unacademy bonus data offer aaj raat expire ho raha hai. Extra benefit ke liye abhi recharge karein: https://unacademy.com/offers/z9oekx,yes,No,No
ham,Axis Bank: Dost ko refer karein aur dono ko 200 reward points milenge. Code NLYG12 share karein: https://axisbank.com/offers/gPfAe1,yes,No,No
ham,Axis Bank: Is hafte app se bill payment karne par 10% cashback paayein. Details: https://axisbank.com/offers/3qd5ol,yes,No,No
ham,Aakhri mauka: aapke cult.fit bonus data offer aaj raat expire ho raha hai. Extra benefit ke liye abhi recharge karein: https://cult.fit/offers/8PT0jy,yes,No,No
ham,"Uber par flash sale! Fares Rs.500 se shuru, limited period ke liye. Yahan book karein: https://uber.com/promotions/JBAihi",yes,No,No
ham,PhonePe: Is hafte app se bill payment karne par 40% cashback paayein. Details: https://phonepe.com/rewards/xUGqAl,yes,No,No
ham,"Airtel member hone ke naate, aaj se hamare 50% off renewal offer ka early access paayein: https://airtel.in/offers/IFmt2h",yes,No,No
ham,"Happy Birthday Priya! Aapke liye Rs.300 ka BigBasket voucher, is mahine valid: https://bigbasket.com/offers/bQRz40",yes,No,No
ham,"IndiGo: Abhi book karein aur agli trip par 15% off paayein, 27-04-2026 tak valid. Details: https://goindigo.in/offers/V5QnnQ",yes,No,No
ham,"MakeMyTrip members ko hamare festive sale ka early access milta hai, select routes par 30% off: https://makemytrip.com/deals/s8bPA1",yes,No,No
ham,"Uber par flash sale! Fares Rs.250 se shuru, limited period ke liye. Yahan book karein: https://uber.com/promotions/Y1tvku",yes,No,No
ham,Aapne 750 ICICI Bank reward points kamaye hain. Agli transaction par redeem karein: https://icicibank.com/offers/KYVSOu,yes,No,No
ham,SBI Card: Is hafte app se bill payment karne par 40% cashback paayein. Details: https://sbicard.com/offers/jhO8Ty,yes,No,No
ham,Zomato par dost ko invite karein aur dono ko Rs.50 off milega. Code KPUJ52 share karein: https://zomato.com/gold/CTReEK,yes,No,No
ham,"Swiggy ki Great Indian Festival ke aakhri kuch ghante! 80% tak off, aaj raat khatam hone se pehle shop karein: https://swiggy.com/offers/64GA6r",yes,No,No
ham,"Unacademy member hone ke naate, aaj se hamare 20% off renewal offer ka early access paayein: https://unacademy.com/offers/D39g6E",yes,No,No
ham,Aapne 250 SBI Card reward points kamaye hain. Agli transaction par redeem karein: https://sbicard.com/offers/CcI471,yes,No,No
ham,SBI Card: Dost ko refer karein aur dono ko 500 reward points milenge. Code RLTJ44 share karein: https://sbicard.com/offers/A7J8j0,yes,No,No
ham,Aapne 300 SBI Card reward points kamaye hain. Agli transaction par redeem karein: https://sbicard.com/offers/EhOYjV,yes,No,No
ham,CRED: Is hafte app se bill payment karne par 50% cashback paayein. Details: https://cred.club/rewards/ke9w0I,yes,No,No
ham,"Goibibo: Abhi book karein aur agli trip par 20% off paayein, 19-09-2026 tak valid. Details: https://goibibo.com/deals/sNb5eo",yes,No,No
ham,"Uber par flash sale! Fares Rs.200 se shuru, limited period ke liye. Yahan book karein: https://uber.com/promotions/Htb1CL",yes,No,No
ham,"Goibibo par flash sale! Fares Rs.200 se shuru, limited period ke liye. Yahan book karein: https://goibibo.com/deals/ztIkNC",yes,No,No
ham,Aapne 1000 CRED reward points kamaye hain. Agli transaction par redeem karein: https://cred.club/rewards/y5gDkm,yes,No,No
ham,Paytm: Dost ko refer karein aur dono ko 200 reward points milenge. Code HNRD25 share karein: https://paytm.com/rewards/EdbufY,yes,No,No
ham,"Flipkart ki Independence Day Sale ke aakhri kuch ghante! 70% tak off, aaj raat khatam hone se pehle shop karein: https://flipkart.com/sale/3KTjEM",yes,No,No
ham,SBI Card: Dost ko refer karein aur dono ko 100 reward points milenge. Code UXKF14 share karein: https://sbicard.com/offers/63njOY,yes,No,No
ham,CRED: Is hafte app se bill payment karne par 70% cashback paayein. Details: https://cred.club/rewards/rm9yvo,yes,No,No
ham,1mg par naye arrivals aa gaye hain! Latest beauty products collection dekhein: https://1mg.com/offers/vi6a9K,yes,No,No
ham,"Ola par flash sale! Fares Rs.150 se shuru, limited period ke liye. Yahan book karein: https://olacabs.com/offers/QqeTjl",yes,No,No
ham,Aapne 250 CRED reward points kamaye hain. Agli transaction par redeem karein: https://cred.club/rewards/kZ6vRw,yes,No,No
ham,"Sirf aaj ke liye: Amazon par home decor par flat 30% off mil raha hai, aadhi raat se pehle order karein: https://amazon.in/deals/0cfAE7",yes,No,No
ham,Pepperfry: Is weekend storewide flat 10% off. T&C apply. Offers band karne ke liye STOP reply karein. https://pepperfry.com/sale/luEi81,yes,No,No
ham,"Uber: Abhi book karein aur agli trip par 15% off paayein, 10-09-2026 tak valid. Details: https://uber.com/promotions/ZlMe9m",yes,No,No
ham,"Amazon Prime Video member hone ke naate, aaj se hamare 30% off renewal offer ka early access paayein: https://primevideo.com/offers/h6XMQH",yes,No,No
ham,"IRCTC par flash sale! Fares Rs.300 se shuru, limited period ke liye. Yahan book karein: https://irctc.co.in/offers/BQnQ8w",yes,No,No
ham,"IRCTC par flash sale! Fares Rs.150 se shuru, limited period ke liye. Yahan book karein: https://irctc.co.in/offers/qtNkTz",yes,No,No
ham,SBI Card: Dost ko refer karein aur dono ko 500 reward points milenge. Code BPTA11 share karein: https://sbicard.com/offers/s758Hv,yes,No,No
ham,"Happy Birthday Rahul! Aapke liye Rs.250 ka BookMyShow voucher, is mahine valid: https://bookmyshow.com/offers/8IaxTi",yes,No,No
ham,"Hi Sneha, aapke boAt cart ke items ab sale mein hain. Order complete karein: https://boat-lifestyle.com/sale/ZdtuZv",yes,No,No
ham,Aapne 100 ICICI Bank reward points kamaye hain. Agli transaction par redeem karein: https://icicibank.com/offers/Xdli85,yes,No,No
ham,Paytm: Is hafte app se bill payment karne par 10% cashback paayein. Details: https://paytm.com/rewards/QJICnv,yes,No,No
ham,"Uber par flash sale! Fares Rs.500 se shuru, limited period ke liye. Yahan book karein: https://uber.com/promotions/yd9DlX",yes,No,No
ham,Limited period: aaj hi apni Spotify membership upgrade karein aur annual fee par Rs.500 bachayein: https://spotify.com/premium/9gmw33,yes,No,No
ham,"Policybazaar member hone ke naate, aaj se hamare 10% off renewal offer ka early access paayein: https://policybazaar.com/renew/nswdi2",yes,No,No
ham,Aapne 500 HDFC Bank reward points kamaye hain. Agli transaction par redeem karein: https://hdfcbank.com/offers/LWWZgj,yes,No,No
ham,Aapka BYJU'S plan benefit aaj khatam ho raha hai. Extra data na khone ke liye midnight se pehle renew karein: https://byjus.com/offers/iNXZor,yes,No,No
ham,Aapne 250 Axis Bank reward points kamaye hain. Agli transaction par redeem karein: https://axisbank.com/offers/4VZ3SG,yes,No,No
ham,Aapka cult.fit plan benefit aaj khatam ho raha hai. Extra data na khone ke liye midnight se pehle renew karein: https://cult.fit/offers/OQAMO7,yes,No,No
ham,Aakhri mauka: aapke Amazon Prime Video bonus data offer aaj raat expire ho raha hai. Extra benefit ke liye abhi recharge karein: https://primevideo.com/offers/0PyChn,yes,No,No
ham,Aapne 200 ICICI Bank reward points kamaye hain. Agli transaction par redeem karein: https://icicibank.com/offers/Ty5Ff0,yes,No,No
ham,"Ola par flash sale! Fares Rs.500 se shuru, limited period ke liye. Yahan book karein: https://olacabs.com/offers/smpYWI",yes,No,No
ham,boAt: Is weekend storewide flat 20% off. T&C apply. Offers band karne ke liye STOP reply karein. https://boat-lifestyle.com/sale/E8a3BF,yes,No,No
ham,Aapne 500 Paytm reward points kamaye hain. Agli transaction par redeem karein: https://paytm.com/rewards/YCJxD6,yes,No,No
ham,SBI Card: Is hafte app se bill payment karne par 60% cashback paayein. Details: https://sbicard.com/offers/qyqHs9,yes,No,No
ham,"BigBasket ki Monsoon Sale miss mat karein - storewide 60% tak off, sirf limited time ke liye: https://bigbasket.com/offers/yVsKrW",yes,No,No
ham,"Goibibo: Abhi book karein aur agli trip par 60% off paayein, 10-12-2025 tak valid. Details: https://goibibo.com/deals/xfxf2V",yes,No,No
ham,"Ola members ko hamare festive sale ka early access milta hai, select routes par 70% off: https://olacabs.com/offers/aPYt9V",yes,No,No
ham,"Nykaa ki Year End Sale miss mat karein - storewide 50% tak off, sirf limited time ke liye: https://nykaa.com/sale/NEWaU0",yes,No,No
ham,"Flipkart ki Diwali Dhamaka Sale miss mat karein - storewide 70% tak off, sirf limited time ke liye: https://flipkart.com/sale/DTB7oQ",yes,No,No
ham,Titan: Is weekend storewide flat 30% off. T&C apply. Offers band karne ke liye STOP reply karein. https://titan.co.in/sale/ocInnT,yes,No,No
ham,"redBus: Abhi book karein aur agli trip par 50% off paayein, 22-05-2025 tak valid. Details: https://redbus.in/offers/1Sm7k3",yes,No,No
ham,"IRCTC: Abhi book karein aur agli trip par 30% off paayein, 07-07-2025 tak valid. Details: https://irctc.co.in/offers/vJL78M",yes,No,No
ham,"BookMyShow app abhi kholein aur pao exclusive app-only deal 10% off, sirf aaj: https://bookmyshow.com/offers/t2lyvN",yes,No,No
ham,Limited period: aaj hi apni Spotify membership upgrade karein aur annual fee par Rs.250 bachayein: https://spotify.com/premium/uExP4r,yes,No,No
ham,Ajio par dost ko invite karein aur dono ko Rs.200 off milega. Code EOVO88 share karein: https://ajio.com/sale/lfrm4O,yes,No,No
ham,Limited period: aaj hi apni Vi membership upgrade karein aur annual fee par Rs.500 bachayein: https://myvi.in/offers/2cSzb4,yes,No,No
ham,PhonePe: Is hafte app se bill payment karne par 30% cashback paayein. Details: https://phonepe.com/rewards/CSpZTP,yes,No,No
ham,Aakhri mauka: aapke Jio bonus data offer aaj raat expire ho raha hai. Extra benefit ke liye abhi recharge karein: https://jio.com/offers/ufwvyq,yes,No,No
ham,Aakhri mauka: aapke Airtel bonus data offer aaj raat expire ho raha hai. Extra benefit ke liye abhi recharge karein: https://airtel.in/offers/pabjSl,yes,No,No
ham,Aapka Disney+ Hotstar plan benefit aaj khatam ho raha hai. Extra data na khone ke liye midnight se pehle renew karein: https://hotstar.com/subscribe/W3zRvq,yes,No,No
ham,Aakhri mauka: aapke Jio bonus data offer aaj raat expire ho raha hai. Extra benefit ke liye abhi recharge karein: https://jio.com/offers/IMZnhj,yes,No,No
ham,Aapne 200 Paytm reward points kamaye hain. Agli transaction par redeem karein: https://paytm.com/rewards/1WF1OC,yes,No,No
ham,"Uber par flash sale! Fares Rs.300 se shuru, limited period ke liye. Yahan book karein: https://uber.com/promotions/gwj27a",yes,No,No
ham,"Goibibo par flash sale! Fares Rs.300 se shuru, limited period ke liye. Yahan book karein: https://goibibo.com/deals/X2ptRn",yes,No,No
ham,Axis Bank: Is hafte app se bill payment karne par 70% cashback paayein. Details: https://axisbank.com/offers/RK03aQ,yes,No,No
ham,"Vi member hone ke naate, aaj se hamare 70% off renewal offer ka early access paayein: https://myvi.in/offers/SGOzZY",yes,No,No
ham,Axis Bank: Is hafte app se bill payment karne par 15% cashback paayein. Details: https://axisbank.com/offers/N9THKW,yes,No,No
ham,Aapne 150 CRED reward points kamaye hain. Agli transaction par redeem karein: https://cred.club/rewards/e1wA3k,yes,No,No
ham,"Ola par flash sale! Fares Rs.200 se shuru, limited period ke liye. Yahan book karein: https://olacabs.com/offers/s2gFYA",yes,No,No
ham,"Goibibo members ko hamare festive sale ka early access milta hai, select routes par 30% off: https://goibibo.com/deals/ex0zpz",yes,No,No
ham,HDFC Bank: Dost ko refer karein aur dono ko 1000 reward points milenge. Code OGNR89 share karein: https://hdfcbank.com/offers/mmFoiB,yes,No,No
ham,Limited period: aaj hi apni Disney+ Hotstar membership upgrade karein aur annual fee par Rs.200 bachayein: https://hotstar.com/subscribe/Aow8F3,yes,No,No
ham,SBI Card: Is hafte app se bill payment karne par 15% cashback paayein. Details: https://sbicard.com/offers/W69zFp,yes,No,No
ham,Aapne 500 CRED reward points kamaye hain. Agli transaction par redeem karein: https://cred.club/rewards/ARwWud,yes,No,No
ham,Aapne 200 CRED reward points kamaye hain. Agli transaction par redeem karein: https://cred.club/rewards/9sutmw,yes,No,No
ham,"End of Season Sale sirf 1mg par: footwear par flat 75% tak chhoot, abhi app download karein: https://1mg.com/offers/qn1yVN",yes,No,No
ham,"Domino's ki End of Season Sale miss mat karein - storewide 80% tak off, sirf limited time ke liye: https://dominos.co.in/offers/a9nbNQ",yes,No,No
ham,Limited period: aaj hi apni Spotify membership upgrade karein aur annual fee par Rs.300 bachayein: https://spotify.com/premium/3VzCux,yes,No,No
ham,"Nykaa app abhi kholein aur pao exclusive app-only deal 40% off, sirf aaj: https://nykaa.com/sale/JKSw3E",yes,No,No
ham,"Holi ki hardik shubhkamnayein! Nykaa par 30% off ke saath celebrate karein, sirf hamare valued customers ke liye: https://nykaa.com/sale/v1dQbK",yes,No,No
ham,"Titan ki Independence Day Sale ke aakhri kuch ghante! 80% tak off, aaj raat khatam hone se pehle shop karein: https://titan.co.in/sale/wGjJs1",yes,No,No
ham,Limited period: aaj hi apni BYJU'S membership upgrade karein aur annual fee par Rs.150 bachayein: https://byjus.com/offers/c94jN7,yes,No,No
ham,"IndiGo par flash sale! Fares Rs.500 se shuru, limited period ke liye. Yahan book karein: https://goindigo.in/offers/FeOqLS",yes,No,No
ham,"Zepto ki Big Billion Days miss mat karein - storewide 80% tak off, sirf limited time ke liye: https://zepto.com/offers/UBGiiH",yes,No,No
ham,"redBus: Abhi book karein aur agli trip par 10% off paayein, 16-06-2026 tak valid. Details: https://redbus.in/offers/bMi7QH",yes,No,No
ham,Aapka cult.fit subscription 14-07-2026 ko renew hoga. Annual plan par upgrade karein aur 70% bachayein: https://cult.fit/offers/nyXyd3,yes,No,No
ham,"Uber par flash sale! Fares Rs.300 se shuru, limited period ke liye. Yahan book karein: https://uber.com/promotions/4VCc5c",yes,No,No
ham,SBI Card: Is hafte app se bill payment karne par 50% cashback paayein. Details: https://sbicard.com/offers/OJxuSa,yes,No,No
ham,"MakeMyTrip members ko hamare festive sale ka early access milta hai, select routes par 40% off: https://makemytrip.com/deals/xrszl8",yes,No,No
ham,ICICI Bank: Is hafte app se bill payment karne par 60% cashback paayein. Details: https://icicibank.com/offers/r0t3D8,yes,No,No
ham,Paytm: Dost ko refer karein aur dono ko 1000 reward points milenge. Code JXKY33 share karein: https://paytm.com/rewards/FH9dnY,yes,No,No
ham,Limited period: aaj hi apni Airtel membership upgrade karein aur annual fee par Rs.50 bachayein: https://airtel.in/offers/5x10Br,yes,No,No
ham,Aapne 500 SBI Card reward points kamaye hain. Agli transaction par redeem karein: https://sbicard.com/offers/VZA47O,yes,No,No
ham,"Disney+ Hotstar member hone ke naate, aaj se hamare 15% off renewal offer ka early access paayein: https://hotstar.com/subscribe/NtHITj",yes,No,No
ham,"Happy Birthday Pooja! Aapke liye Rs.50 ka Blinkit voucher, is mahine valid: https://blinkit.com/offers/NLbg6T",yes,No,No
ham,Limited period: aaj hi apni Jio membership upgrade karein aur annual fee par Rs.50 bachayein: https://jio.com/offers/Url9Se,yes,No,No
ham,Aakhri mauka: aapke Netflix bonus data offer aaj raat expire ho raha hai. Extra benefit ke liye abhi recharge karein: https://netflix.com/account/oHiEvU,yes,No,No
ham,Aapka Policybazaar plan jald expire ho raha hai. Abhi renew karein aur pehle 3 mahino par 70% off paayein: https://policybazaar.com/renew/ibopjR,yes,No,No
ham,"Titan ki Big Billion Days ke aakhri kuch ghante! 70% tak off, aaj raat khatam hone se pehle shop karein: https://titan.co.in/sale/nBw0x4",yes,No,No
ham,Aapne 1000 Paytm reward points kamaye hain. Agli transaction par redeem karein: https://paytm.com/rewards/1bhARC,yes,No,No
ham,"Goibibo members ko hamare festive sale ka early access milta hai, select routes par 15% off: https://goibibo.com/deals/gz2zuV",yes,No,No
ham,"Meesho ki Independence Day Sale miss mat karein - storewide 70% tak off, sirf limited time ke liye: https://meesho.com/offers/PVkJ5a",yes,No,No
ham,"redBus: Abhi book karein aur agli trip par 20% off paayein, 16-05-2025 tak valid. Details: https://redbus.in/offers/bo9dgU",yes,No,No
ham,ICICI Bank: Dost ko refer karein aur dono ko 750 reward points milenge. Code DDXT55 share karein: https://icicibank.com/offers/0EO832,yes,No,No
ham,Aakhri mauka: aapke Disney+ Hotstar bonus data offer aaj raat expire ho raha hai. Extra benefit ke liye abhi recharge karein: https://hotstar.com/subscribe/2KefCw,yes,No,No
ham,Aapne 200 CRED reward points kamaye hain. Agli transaction par redeem karein: https://cred.club/rewards/QDzB9d,yes,No,No
ham,Aapka Vi plan jald expire ho raha hai. Abhi renew karein aur pehle 3 mahino par 30% off paayein: https://myvi.in/offers/3CeUUe,yes,No,No
ham,Aakhri mauka: aapke Disney+ Hotstar bonus data offer aaj raat expire ho raha hai. Extra benefit ke liye abhi recharge karein: https://hotstar.com/subscribe/rChJ9e,yes,No,No
ham,Aapka Disney+ Hotstar plan jald expire ho raha hai. Abhi renew karein aur pehle 3 mahino par 60% off paayein: https://hotstar.com/subscribe/eWa0nN,yes,No,No
ham,Aapne 250 SBI Card reward points kamaye hain. Agli transaction par redeem karein: https://sbicard.com/offers/uXSf8m,yes,No,No
ham,"MakeMyTrip members ko hamare festive sale ka early access milta hai, select routes par 40% off: https://makemytrip.com/deals/Ft7Qd6",yes,No,No
ham,Aapne 250 SBI Card reward points kamaye hain. Agli transaction par redeem karein: https://sbicard.com/offers/yRG5qv,yes,No,No
ham,"MakeMyTrip par flash sale! Fares Rs.200 se shuru, limited period ke liye. Yahan book karein: https://makemytrip.com/deals/I9LHEL",yes,No,No
ham,HDFC Bank: Dost ko refer karein aur dono ko 250 reward points milenge. Code CZHD52 share karein: https://hdfcbank.com/offers/uMMUQm,yes,No,No
ham,"IRCTC: Abhi book karein aur agli trip par 25% off paayein, 03-03-2025 tak valid. Details: https://irctc.co.in/offers/6Gqlk9",yes,No,No
ham,Limited period: aaj hi apni Jio membership upgrade karein aur annual fee par Rs.50 bachayein: https://jio.com/offers/0QkkpB,yes,No,No
ham,"IRCTC members ko hamare festive sale ka early access milta hai, select routes par 70% off: https://irctc.co.in/offers/gnhmhP",yes,No,No
ham,"BookMyShow ki Year End Sale ke aakhri kuch ghante! 75% tak off, aaj raat khatam hone se pehle shop karein: https://bookmyshow.com/offers/CAVqc2",yes,No,No
ham,Axis Bank: Is hafte app se bill payment karne par 70% cashback paayein. Details: https://axisbank.com/offers/Mb6Jbn,yes,No,No
ham,"Happy Birthday Sneha! Aapke liye Rs.300 ka Zepto voucher, is mahine valid: https://zepto.com/offers/3QbM7H",yes,No,No
ham,"Decathlon ki Big Billion Days miss mat karein - storewide 70% tak off, sirf limited time ke liye: https://decathlon.in/sale/GJLJpV",yes,No,No
ham,"redBus par flash sale! Fares Rs.100 se shuru, limited period ke liye. Yahan book karein: https://redbus.in/offers/bHayRE",yes,No,No
ham,Limited period: aaj hi apni Airtel membership upgrade karein aur annual fee par Rs.150 bachayein: https://airtel.in/offers/ysFXVR,yes,No,No
ham,"MakeMyTrip: Abhi book karein aur agli trip par 20% off paayein, 03-04-2025 tak valid. Details: https://makemytrip.com/deals/zXCP8c",yes,No,No
ham,"IndiGo par flash sale! Fares Rs.200 se shuru, limited period ke liye. Yahan book karein: https://goindigo.in/offers/VGuc6o",yes,No,No
ham,Limited period: aaj hi apni Spotify membership upgrade karein aur annual fee par Rs.150 bachayein: https://spotify.com/premium/ago3iD,yes,No,No
ham,ICICI Bank: Is hafte app se bill payment karne par 10% cashback paayein. Details: https://icicibank.com/offers/TTi24b,yes,No,No
ham,Aapka Amazon Prime Video subscription 19-11-2026 ko renew hoga. Annual plan par upgrade karein aur 10% bachayein: https://primevideo.com/offers/hHtLxC,yes,No,No
ham,"Goibibo members ko hamare festive sale ka early access milta hai, select routes par 10% off: https://goibibo.com/deals/xVrOgS",yes,No,No
ham,Limited period: aaj hi apni Amazon Prime Video membership upgrade karein aur annual fee par Rs.300 bachayein: https://primevideo.com/offers/zO3Ahj,yes,No,No
ham,ICICI Bank: Dost ko refer karein aur dono ko 250 reward points milenge. Code GQOX19 share karein: https://icicibank.com/offers/U2srCz,yes,No,No
ham,Limited period: aaj hi apni Unacademy membership upgrade karein aur annual fee par Rs.500 bachayein: https://unacademy.com/offers/0Woghq,yes,No,No
ham,"PharmEasy app abhi kholein aur pao exclusive app-only deal 25% off, sirf aaj: https://pharmeasy.in/offers/0pMmAe",yes,No,No
ham,"Goibibo: Abhi book karein aur agli trip par 25% off paayein, 07-11-2026 tak valid. Details: https://goibibo.com/deals/kFGSWu",yes,No,No
ham,HDFC Bank: Dost ko refer karein aur dono ko 250 reward points milenge. Code IRWM90 share karein: https://hdfcbank.com/offers/ekmh6Y,yes,No,No
ham,Aapka Jio subscription 12-09-2025 ko renew hoga. Annual plan par upgrade karein aur 15% bachayein: https://jio.com/offers/bf7oX3,yes,No,No
ham,Axis Bank: Dost ko refer karein aur dono ko 300 reward points milenge. Code UFNX91 share karein: https://axisbank.com/offers/x5LWU9,yes,No,No
ham,"IRCTC: Abhi book karein aur agli trip par 10% off paayein, 02-09-2025 tak valid. Details: https://irctc.co.in/offers/ljPoqa",yes,No,No
ham,Aapka Vi plan benefit aaj khatam ho raha hai. Extra data na khone ke liye midnight se pehle renew karein: https://myvi.in/offers/uD7stj,yes,No,No
ham,Aakhri mauka: aapke BYJU'S bonus data offer aaj raat expire ho raha hai. Extra benefit ke liye abhi recharge karein: https://byjus.com/offers/RGZ7pp,yes,No,No
ham,Aapne 300 SBI Card reward points kamaye hain. Agli transaction par redeem karein: https://sbicard.com/offers/Zw9MzB,yes,No,No
ham,"Uber members ko hamare festive sale ka early access milta hai, select routes par 15% off: https://uber.com/promotions/Ir7L8j",yes,No,No
ham,"Ola members ko hamare festive sale ka early access milta hai, select routes par 30% off: https://olacabs.com/offers/rp4Pb0",yes,No,No
ham,Limited period: aaj hi apni Airtel membership upgrade karein aur annual fee par Rs.100 bachayein: https://airtel.in/offers/ESpji0,yes,No,No
ham,Aapne 300 ICICI Bank reward points kamaye hain. Agli transaction par redeem karein: https://icicibank.com/offers/sgf6nU,yes,No,No
ham,"Goibibo par flash sale! Fares Rs.300 se shuru, limited period ke liye. Yahan book karein: https://goibibo.com/deals/1IJmMW",yes,No,No
ham,Aapne 1000 ICICI Bank reward points kamaye hain. Agli transaction par redeem karein: https://icicibank.com/offers/SgZOs4,yes,No,No
ham,Paytm: Dost ko refer karein aur dono ko 250 reward points milenge. Code WVDV80 share karein: https://paytm.com/rewards/LVAFgy,yes,No,No
ham,"Goibibo par flash sale! Fares Rs.500 se shuru, limited period ke liye. Yahan book karein: https://goibibo.com/deals/qvqkev",yes,No,No
ham,Limited period: aaj hi apni Vi membership upgrade karein aur annual fee par Rs.200 bachayein: https://myvi.in/offers/CwpshL,yes,No,No
ham,Aakhri mauka: aapke Amazon Prime Video bonus data offer aaj raat expire ho raha hai. Extra benefit ke liye abhi recharge karein: https://primevideo.com/offers/vVBksR,yes,No,No
ham,Swiggy par dost ko invite karein aur dono ko Rs.150 off milega. Code IAEL57 share karein: https://swiggy.com/offers/TF4ipD,yes,No,No
ham,Limited period: aaj hi apni Vi membership upgrade karein aur annual fee par Rs.500 bachayein: https://myvi.in/offers/ubyItN,yes,No,No
ham,"Holi ki hardik shubhkamnayein! Zomato par 30% off ke saath celebrate karein, sirf hamare valued customers ke liye: https://zomato.com/gold/l1H0Tv",yes,No,No
ham,Aapka Amazon Prime Video subscription 08-08-2025 ko renew hoga. Annual plan par upgrade karein aur 50% bachayein: https://primevideo.com/offers/QKStuV,yes,No,No
ham,Aapne 750 Axis Bank reward points kamaye hain. Agli transaction par redeem karein: https://axisbank.com/offers/ip9mSu,yes,No,No
ham,"Sirf aaj ke liye: Ajio par kitchen appliances par flat 20% off mil raha hai, aadhi raat se pehle order karein: https://ajio.com/sale/Zx0qEt",yes,No,No
ham,"Flipkart ki Monsoon Sale ke aakhri kuch ghante! 50% tak off, aaj raat khatam hone se pehle shop karein: https://flipkart.com/sale/U3smXf",yes,No,No
ham,Aakhri mauka: aapke BYJU'S bonus data offer aaj raat expire ho raha hai. Extra benefit ke liye abhi recharge karein: https://byjus.com/offers/OEa6cW,yes,No,No
ham,"Lenskart Independence Day Sale LIVE hai! fashion par 70% tak ki chhoot, stock khatam hone se pehle jaldi karein: https://lenskart.com/offers/y0VpMJ",yes,No,No
ham,Aakhri mauka: aapke Jio bonus data offer aaj raat expire ho raha hai. Extra benefit ke liye abhi recharge karein: https://jio.com/offers/oh7ogp,yes,No,No
ham,"Diwali ki hardik shubhkamnayein! Decathlon par 15% off ke saath celebrate karein, sirf hamare valued customers ke liye: https://decathlon.in/sale/TrKcSo",yes,No,No
ham,"Goibibo par flash sale! Fares Rs.150 se shuru, limited period ke liye. Yahan book karein: https://goibibo.com/deals/FIy4gA",yes,No,No
ham,Limited period: aaj hi apni BYJU'S membership upgrade karein aur annual fee par Rs.200 bachayein: https://byjus.com/offers/jCfZ05,yes,No,No
ham,"redBus par flash sale! Fares Rs.100 se shuru, limited period ke liye. Yahan book karein: https://redbus.in/offers/wdpk2L",yes,No,No
ham,"Uber par flash sale! Fares Rs.100 se shuru, limited period ke liye. Yahan book karein: https://uber.com/promotions/XHlvM7",yes,No,No
ham,"Ola members ko hamare festive sale ka early access milta hai, select routes par 25% off: https://olacabs.com/offers/px2CDE",yes,No,No
ham,"Uber: Abhi book karein aur agli trip par 30% off paayein, 25-06-2025 tak valid. Details: https://uber.com/promotions/smhzgb",yes,No,No
ham,"1mg app abhi kholein aur pao exclusive app-only deal 60% off, sirf aaj: https://1mg.com/offers/DzzEY5",yes,No,No
ham,Aapka BYJU'S plan benefit aaj khatam ho raha hai. Extra data na khone ke liye midnight se pehle renew karein: https://byjus.com/offers/UQQ3RA,yes,No,No
ham,"MakeMyTrip members ko hamare festive sale ka early access milta hai, select routes par 70% off: https://makemytrip.com/deals/VN6lJA",yes,No,No
ham,Flipkart par dost ko invite karein aur dono ko Rs.100 off milega. Code JLPJ10 share karein: https://flipkart.com/sale/DeB6k9,yes,No,No
ham,"IndiGo par flash sale! Fares Rs.250 se shuru, limited period ke liye. Yahan book karein: https://goindigo.in/offers/K2Ddly",yes,No,No
ham,"Uber: Abhi book karein aur agli trip par 70% off paayein, 19-01-2026 tak valid. Details: https://uber.com/promotions/lScjTQ",yes,No,No
ham,Zomato par naye arrivals aa gaye hain! Latest beauty products collection dekhein: https://zomato.com/gold/uR4hn4,yes,No,No
ham,Lenskart par dost ko invite karein aur dono ko Rs.500 off milega. Code LCNV83 share karein: https://lenskart.com/offers/5I1hXF,yes,No,No
ham,"MakeMyTrip members ko hamare festive sale ka early access milta hai, select routes par 60% off: https://makemytrip.com/deals/8F6qrz",yes,No,No
ham,ICICI Bank: Is hafte app se bill payment karne par 10% cashback paayein. Details: https://icicibank.com/offers/klaukp,yes,No,No
ham,"IndiGo members ko hamare festive sale ka early access milta hai, select routes par 25% off: https://goindigo.in/offers/zYzRZW",yes,No,No
ham,"End of Season Sale sirf Flipkart par: groceries par flat 80% tak chhoot, abhi app download karein: https://flipkart.com/sale/YgY9Hy",yes,No,No
ham,Aapne 750 SBI Card reward points kamaye hain. Agli transaction par redeem karein: https://sbicard.com/offers/8UKURn,yes,No,No
ham,Tanishq: Is weekend storewide flat 20% off. T&C apply. Offers band karne ke liye STOP reply karein. https://tanishq.co.in/offers/w0oaMV,yes,No,No
ham,CRED: Dost ko refer karein aur dono ko 100 reward points milenge. Code UWHL89 share karein: https://cred.club/rewards/8oEioE,yes,No,No
ham,"IRCTC par flash sale! Fares Rs.250 se shuru, limited period ke liye. Yahan book karein: https://irctc.co.in/offers/KQaCwL",yes,No,No
ham,Paytm: Dost ko refer karein aur dono ko 750 reward points milenge. Code ASOZ61 share karein: https://paytm.com/rewards/OCwVn2,yes,No,No
ham,Aapka Policybazaar subscription 15-07-2025 ko renew hoga. Annual plan par upgrade karein aur 30% bachayein: https://policybazaar.com/renew/WGdPYa,yes,No,No
ham,Aapka Airtel plan benefit aaj khatam ho raha hai. Extra data na khone ke liye midnight se pehle renew karein: https://airtel.in/offers/X55Qn1,yes,No,No
ham,Aapka Spotify plan benefit aaj khatam ho raha hai. Extra data na khone ke liye midnight se pehle renew karein: https://spotify.com/premium/bQLX56,yes,No,No
ham,Aakhri mauka: aapke Unacademy bonus data offer aaj raat expire ho raha hai. Extra benefit ke liye abhi recharge karein: https://unacademy.com/offers/3q2loY,yes,No,No
ham,"IRCTC: Abhi book karein aur agli trip par 30% off paayein, 22-11-2026 tak valid. Details: https://irctc.co.in/offers/AAsXOs",yes,No,No
ham,Axis Bank: Dost ko refer karein aur dono ko 100 reward points milenge. Code JITM44 share karein: https://axisbank.com/offers/cdrZ5p,yes,No,No
ham,"Aapka pichla Amazon order pasand aaya tha? Agli order par 15% off, 01-10-2026 tak valid: https://amazon.in/deals/wRWdiU",yes,No,No
ham,Aapne 750 Paytm reward points kamaye hain. Agli transaction par redeem karein: https://paytm.com/rewards/9BUqZi,yes,No,No
ham,"Zomato Monsoon Sale LIVE hai! footwear par 50% tak ki chhoot, stock khatam hone se pehle jaldi karein: https://zomato.com/gold/oEhT2W",yes,No,No
ham,boAt: Is weekend storewide flat 20% off. T&C apply. Offers band karne ke liye STOP reply karein. https://boat-lifestyle.com/sale/geBruM,yes,No,No
ham,Limited period: aaj hi apni Amazon Prime Video membership upgrade karein aur annual fee par Rs.100 bachayein: https://primevideo.com/offers/NeVEPG,yes,No,No
ham,Aapne 250 HDFC Bank reward points kamaye hain. Agli transaction par redeem karein: https://hdfcbank.com/offers/KOmJ86,yes,No,No
ham,"Uber par flash sale! Fares Rs.500 se shuru, limited period ke liye. Yahan book karein: https://uber.com/promotions/p6mAVQ",yes,No,No
ham,"Sirf aaj ke liye: Decathlon par accessories par flat 40% off mil raha hai, aadhi raat se pehle order karein: https://decathlon.in/sale/WSDgLa",yes,No,No
ham,ICICI Bank: Dost ko refer karein aur dono ko 100 reward points milenge. Code RZVV79 share karein: https://icicibank.com/offers/QsOrdG,yes,No,No
ham,Limited period: aaj hi apni Netflix membership upgrade karein aur annual fee par Rs.300 bachayein: https://netflix.com/account/0zmngW,yes,No,No
ham,"PharmEasy Republic Day Sale LIVE hai! footwear par 80% tak ki chhoot, stock khatam hone se pehle jaldi karein: https://pharmeasy.in/offers/ioXYHH",yes,No,No
ham,"Blinkit ki Big Billion Days ke aakhri kuch ghante! 70% tak off, aaj raat khatam hone se pehle shop karein: https://blinkit.com/offers/k0OmA6",yes,No,No
ham,Aapka Spotify plan benefit aaj khatam ho raha hai. Extra data na khone ke liye midnight se pehle renew karein: https://spotify.com/premium/HKncRp,yes,No,No
ham,"Airtel member hone ke naate, aaj se hamare 15% off renewal offer ka early access paayein: https://airtel.in/offers/8bNAQ2",yes,No,No
ham,Ajio ki Big Sale live hai! kitchen appliances par 25% tak ki chhoot. Abhi shop karein: https://ajio.com/sale/D8OECo,yes,No,No
ham,PhonePe: Is hafte app se bill payment karne par 40% cashback paayein. Details: https://phonepe.com/rewards/ya2Na2,yes,No,No
ham,"Disney+ Hotstar member hone ke naate, aaj se hamare 50% off renewal offer ka early access paayein: https://hotstar.com/subscribe/3j648t",yes,No,No
ham,"Uber par flash sale! Fares Rs.100 se shuru, limited period ke liye. Yahan book karein: https://uber.com/promotions/2Itjlb",yes,No,No
ham,"redBus: Abhi book karein aur agli trip par 60% off paayein, 18-05-2025 tak valid. Details: https://redbus.in/offers/ak0aWp",yes,No,No
ham,Myntra par dost ko invite karein aur dono ko Rs.200 off milega. Code TLXH49 share karein: https://myntra.com/offers/qHLeD0,yes,No,No
ham,Aapne 250 PhonePe reward points kamaye hain. Agli transaction par redeem karein: https://phonepe.com/rewards/I9PN2s,yes,No,No
ham,"IRCTC: Abhi book karein aur agli trip par 40% off paayein, 21-04-2025 tak valid. Details: https://irctc.co.in/offers/6TPvhi",yes,No,No
ham,"Titan Independence Day Sale LIVE hai! footwear par 75% tak ki chhoot, stock khatam hone se pehle jaldi karein: https://titan.co.in/sale/GJZHuM",yes,No,No
ham,"Year End Sale sirf Nykaa par: electronics par flat 75% tak chhoot, abhi app download karein: https://nykaa.com/sale/N6FLif",yes,No,No
ham,Aapne 150 SBI Card reward points kamaye hain. Agli transaction par redeem karein: https://sbicard.com/offers/CfY5ls,yes,No,No
ham,Aapka BYJU'S subscription 22-03-2025 ko renew hoga. Annual plan par upgrade karein aur 30% bachayein: https://byjus.com/offers/11KX4Y,yes,No,No
ham,SBI Card: Dost ko refer karein aur dono ko 750 reward points milenge. Code VDUG79 share karein: https://sbicard.com/offers/UEYRS8,yes,No,No
ham,Aapne 200 PhonePe reward points kamaye hain. Agli transaction par redeem karein: https://phonepe.com/rewards/TG1cVt,yes,No,No
ham,CRED: Dost ko refer karein aur dono ko 750 reward points milenge. Code NVRE35 share karein: https://cred.club/rewards/56d8MJ,yes,No,No
ham,CRED: Is hafte app se bill payment karne par 10% cashback paayein. Details: https://cred.club/rewards/f9aa5w,yes,No,No
ham,Paytm: Dost ko refer karein aur dono ko 200 reward points milenge. Code HTUE24 share karein: https://paytm.com/rewards/R9c5EG,yes,No,No
ham,Swiggy par dost ko invite karein aur dono ko Rs.100 off milega. Code TUGS35 share karein: https://swiggy.com/offers/DAegUo,yes,No,No
ham,Aakhri mauka: aapke Vi bonus data offer aaj raat expire ho raha hai. Extra benefit ke liye abhi recharge karein: https://myvi.in/offers/ycSaLt,yes,No,No
ham,"Ola par flash sale! Fares Rs.100 se shuru, limited period ke liye. Yahan book karein: https://olacabs.com/offers/gBlO7x",yes,No,No
ham,Axis Bank: Is hafte app se bill payment karne par 30% cashback paayein. Details: https://axisbank.com/offers/Gzi6SH,yes,No,No
ham,CRED: Dost ko refer karein aur dono ko 200 reward points milenge. Code PASH39 share karein: https://cred.club/rewards/ZIk5Vi,yes,No,No
ham,Aapka Netflix plan jald expire ho raha hai. Abhi renew karein aur pehle 3 mahino par 50% off paayein: https://netflix.com/account/vfD0hL,yes,No,No
ham,"Uber members ko hamare festive sale ka early access milta hai, select routes par 20% off: https://uber.com/promotions/uWGPGb",yes,No,No
ham,"Big Billion Days sirf Amazon par: footwear par flat 70% tak chhoot, abhi app download karein: https://amazon.in/deals/FwLl7j",yes,No,No
ham,Aakhri mauka: aapke Policybazaar bonus data offer aaj raat expire ho raha hai. Extra benefit ke liye abhi recharge karein: https://policybazaar.com/renew/Aw4Hi7,yes,No,No
ham,"redBus par flash sale! Fares Rs.250 se shuru, limited period ke liye. Yahan book karein: https://redbus.in/offers/xw9eCZ",yes,No,No
ham,"Big Billion Days sirf Nykaa par: accessories par flat 75% tak chhoot, abhi app download karein: https://nykaa.com/sale/AvGaGo",yes,No,No
ham,"Zomato ki Great Indian Festival miss mat karein - storewide 60% tak off, sirf limited time ke liye: https://zomato.com/gold/JmT0ge",yes,No,No
ham,"Goibibo: Abhi book karein aur agli trip par 15% off paayein, 25-01-2025 tak valid. Details: https://goibibo.com/deals/T107n5",yes,No,No
ham,ICICI Bank: Dost ko refer karein aur dono ko 1000 reward points milenge. Code VVNM17 share karein: https://icicibank.com/offers/Nq4np7,yes,No,No
ham,Aapne 250 SBI Card reward points kamaye hain. Agli transaction par redeem karein: https://sbicard.com/offers/mPB2iE,yes,No,No
ham,"Uber members ko hamare festive sale ka early access milta hai, select routes par 50% off: https://uber.com/promotions/B55rYV",yes,No,No
ham,Aapne 1000 ICICI Bank reward points kamaye hain. Agli transaction par redeem karein: https://icicibank.com/offers/Dir9G2,yes,No,No
ham,"IndiGo par flash sale! Fares Rs.100 se shuru, limited period ke liye. Yahan book karein: https://goindigo.in/offers/8XfiwC",yes,No,No
ham,Lenskart par naye arrivals aa gaye hain! Latest home decor collection dekhein: https://lenskart.com/offers/mZ7pwy,yes,No,No
ham,Aapka BYJU'S plan benefit aaj khatam ho raha hai. Extra data na khone ke liye midnight se pehle renew karein: https://byjus.com/offers/dHWgZZ,yes,No,No
ham,Aapka Vi plan benefit aaj khatam ho raha hai. Extra data na khone ke liye midnight se pehle renew karein: https://myvi.in/offers/alnZJ4,yes,No,No
ham,CRED: Dost ko refer karein aur dono ko 300 reward points milenge. Code XDHE43 share karein: https://cred.club/rewards/Tj4uv1,yes,No,No
ham,Paytm: Dost ko refer karein aur dono ko 750 reward points milenge. Code AQWR35 share karein: https://paytm.com/rewards/gP0BbY,yes,No,No
ham,Aapka Disney+ Hotstar plan benefit aaj khatam ho raha hai. Extra data na khone ke liye midnight se pehle renew karein: https://hotstar.com/subscribe/9vYBD9,yes,No,No
ham,"Holi ki hardik shubhkamnayein! Pepperfry par 70% off ke saath celebrate karein, sirf hamare valued customers ke liye: https://pepperfry.com/sale/zn931D",yes,No,No
ham,Axis Bank: Is hafte app se bill payment karne par 30% cashback paayein. Details: https://axisbank.com/offers/CX6Krq,yes,No,No
ham,Aapka Netflix subscription 22-06-2026 ko renew hoga. Annual plan par upgrade karein aur 30% bachayein: https://netflix.com/account/T2Nkfl,yes,No,No
ham,Aapka Vi plan benefit aaj khatam ho raha hai. Extra data na khone ke liye midnight se pehle renew karein: https://myvi.in/offers/vwEko4,yes,No,No
ham,"Uber par flash sale! Fares Rs.50 se shuru, limited period ke liye. Yahan book karein: https://uber.com/promotions/OMRHCd",yes,No,No
ham,ICICI Bank: Dost ko refer karein aur dono ko 250 reward points milenge. Code HOGQ73 share karein: https://icicibank.com/offers/iVropj,yes,No,No
ham,Meesho: Is weekend storewide flat 60% off. T&C apply. Offers band karne ke liye STOP reply karein. https://meesho.com/offers/rFSZHH,yes,No,No
ham,"IRCTC members ko hamare festive sale ka early access milta hai, select routes par 30% off: https://irctc.co.in/offers/UHnCbH",yes,No,No
ham,"Ola members ko hamare festive sale ka early access milta hai, select routes par 60% off: https://olacabs.com/offers/EqVwtF",yes,No,No
ham,"Hi Vikram, aapke Titan cart ke items ab sale mein hain. Order complete karein: https://titan.co.in/sale/2zpnGu",yes,No,No
ham,Aapka Vi subscription 10-01-2026 ko renew hoga. Annual plan par upgrade karein aur 40% bachayein: https://myvi.in/offers/klGJky,yes,No,No
ham,"Republic Day Sale sirf Myntra par: kitchen appliances par flat 50% tak chhoot, abhi app download karein: https://myntra.com/offers/xzApiR",yes,No,No
ham,"MakeMyTrip par flash sale! Fares Rs.150 se shuru, limited period ke liye. Yahan book karein: https://makemytrip.com/deals/DYUUub",yes,No,No
ham,Paytm: Is hafte app se bill payment karne par 60% cashback paayein. Details: https://paytm.com/rewards/Ow3Oew,yes,No,No
ham,"IndiGo par flash sale! Fares Rs.300 se shuru, limited period ke liye. Yahan book karein: https://goindigo.in/offers/ENj82a",yes,No,No
ham,"IRCTC: Abhi book karein aur agli trip par 10% off paayein, 09-10-2026 tak valid. Details: https://irctc.co.in/offers/cnMBc1",yes,No,No
ham,ICICI Bank: Is hafte app se bill payment karne par 10% cashback paayein. Details: https://icicibank.com/offers/VxsYjj,yes,No,No
ham,"Hi Anita, aapke Pepperfry cart ke items ab sale mein hain. Order complete karein: https://pepperfry.com/sale/upSfNW",yes,No,No
ham,SBI Card: Dost ko refer karein aur dono ko 500 reward points milenge. Code XRZF68 share karein: https://sbicard.com/offers/3Wg2m5,yes,No,No
ham,Aapka Amazon Prime Video plan jald expire ho raha hai. Abhi renew karein aur pehle 3 mahino par 10% off paayein: https://primevideo.com/offers/x4nmuz,yes,No,No
ham,"Hi Amit, aapke Amazon cart ke items ab sale mein hain. Order complete karein: https://amazon.in/deals/0Eh63T",yes,No,No
ham,"Netflix member hone ke naate, aaj se hamare 20% off renewal offer ka early access paayein: https://netflix.com/account/fYr56P",yes,No,No
ham,Aapne 200 CRED reward points kamaye hain. Agli transaction par redeem karein: https://cred.club/rewards/NZMRVG,yes,No,No
ham,"MakeMyTrip: Abhi book karein aur agli trip par 15% off paayein, 10-05-2026 tak valid. Details: https://makemytrip.com/deals/OGCqzy",yes,No,No
ham,Aapne 150 ICICI Bank reward points kamaye hain. Agli transaction par redeem karein: https://icicibank.com/offers/QUzhM7,yes,No,No
ham,Aapne 300 SBI Card reward points kamaye hain. Agli transaction par redeem karein: https://sbicard.com/offers/rWuPeP,yes,No,No
ham,Aapne 500 Paytm reward points kamaye hain. Agli transaction par redeem karein: https://paytm.com/rewards/xkCp5D,yes,No,No
ham,ICICI Bank: Is hafte app se bill payment karne par 30% cashback paayein. Details: https://icicibank.com/offers/8WYOII,yes,No,No
ham,"Netflix member hone ke naate, aaj se hamare 10% off renewal offer ka early access paayein: https://netflix.com/account/NhMghG",yes,No,No
ham,Aakhri mauka: aapke Netflix bonus data offer aaj raat expire ho raha hai. Extra benefit ke liye abhi recharge karein: https://netflix.com/account/Xi3xr1,yes,No,No
ham,Aapka Vi plan benefit aaj khatam ho raha hai. Extra data na khone ke liye midnight se pehle renew karein: https://myvi.in/offers/4Aw1AM,yes,No,No
ham,Myntra par dost ko invite karein aur dono ko Rs.500 off milega. Code TICT42 share karein: https://myntra.com/offers/T1UNub,yes,No,No
ham,Decathlon par naye arrivals aa gaye hain! Latest electronics collection dekhein: https://decathlon.in/sale/9qfpuA,yes,No,No
ham,Aapne 1000 Paytm reward points kamaye hain. Agli transaction par redeem karein: https://paytm.com/rewards/rrgn1k,yes,No,No
ham,Aakhri mauka: aapke Airtel bonus data offer aaj raat expire ho raha hai. Extra benefit ke liye abhi recharge karein: https://airtel.in/offers/fLdpU5,yes,No,No
ham,Paytm: Is hafte app se bill payment karne par 30% cashback paayein. Details: https://paytm.com/rewards/H2tfY0,yes,No,No
ham,Limited period: aaj hi apni Unacademy membership upgrade karein aur annual fee par Rs.200 bachayein: https://unacademy.com/offers/EjkmKO,yes,No,No
ham,HDFC Bank: Is hafte app se bill payment karne par 25% cashback paayein. Details: https://hdfcbank.com/offers/gKLpky,yes,No,No
ham,Aapka Policybazaar plan jald expire ho raha hai. Abhi renew karein aur pehle 3 mahino par 15% off paayein: https://policybazaar.com/renew/SjqjUU,yes,No,No
ham,Aapka Amazon Prime Video subscription 13-02-2026 ko renew hoga. Annual plan par upgrade karein aur 60% bachayein: https://primevideo.com/offers/hm3uF8,yes,No,No
ham,Axis Bank: Dost ko refer karein aur dono ko 750 reward points milenge. Code IDYD37 share karein: https://axisbank.com/offers/Kuc5lJ,yes,No,No
ham,SBI Card: Dost ko refer karein aur dono ko 500 reward points milenge. Code ENIC39 share karein: https://sbicard.com/offers/aWPyJq,yes,No,No
ham,Swiggy par naye arrivals aa gaye hain! Latest beauty products collection dekhein: https://swiggy.com/offers/XmbNie,yes,No,No
ham,CRED: Dost ko refer karein aur dono ko 750 reward points milenge. Code XYCX30 share karein: https://cred.club/rewards/bPZ4GT,yes,No,No
ham,"Flipkart ki Independence Day Sale ke aakhri kuch ghante! 70% tak off, aaj raat khatam hone se pehle shop karein: https://flipkart.com/sale/mdOwlP",yes,No,No
ham,Aapka Jio plan benefit aaj khatam ho raha hai. Extra data na khone ke liye midnight se pehle renew karein: https://jio.com/offers/E66BBJ,yes,No,No
ham,"IndiGo members ko hamare festive sale ka early access milta hai, select routes par 50% off: https://goindigo.in/offers/nO7ayz",yes,No,No
ham,"Ola par flash sale! Fares Rs.200 se shuru, limited period ke liye. Yahan book karein: https://olacabs.com/offers/LZusZF",yes,No,No
ham,"redBus par flash sale! Fares Rs.100 se shuru, limited period ke liye. Yahan book karein: https://redbus.in/offers/QkxHiJ",yes,No,No
ham,"Tanishq ki Republic Day Sale ke aakhri kuch ghante! 50% tak off, aaj raat khatam hone se pehle shop karein: https://tanishq.co.in/offers/AvLF6K",yes,No,No
ham,CRED: Is hafte app se bill payment karne par 30% cashback paayein. Details: https://cred.club/rewards/FgRXLL,yes,No,No
ham,Limited period: aaj hi apni Netflix membership upgrade karein aur annual fee par Rs.100 bachayein: https://netflix.com/account/JIP7m0,yes,No,No
ham,Aakhri mauka: aapke BYJU'S bonus data offer aaj raat expire ho raha hai. Extra benefit ke liye abhi recharge karein: https://byjus.com/offers/qh7AQy,yes,No,No
ham,"Hi Sneha, aapke Flipkart cart ke items ab sale mein hain. Order complete karein: https://flipkart.com/sale/xairNy",yes,No,No
ham,Paytm: Is hafte app se bill payment karne par 60% cashback paayein. Details: https://paytm.com/rewards/pyrCdC,yes,No,No
ham,SBI Card: Is hafte app se bill payment karne par 60% cashback paayein. Details: https://sbicard.com/offers/gemfaF,yes,No,No
ham,Aapne 100 Paytm reward points kamaye hain. Agli transaction par redeem karein: https://paytm.com/rewards/dX6vtI,yes,No,No
ham,"Happy Birthday Rahul! Aapke liye Rs.50 ka Tanishq voucher, is mahine valid: https://tanishq.co.in/offers/3edlxn",yes,No,No
ham,Meesho: Is weekend storewide flat 50% off. T&C apply. Offers band karne ke liye STOP reply karein. https://meesho.com/offers/6yyvZC,yes,No,No
ham,Aakhri mauka: aapke BYJU'S bonus data offer aaj raat expire ho raha hai. Extra benefit ke liye abhi recharge karein: https://byjus.com/offers/9qZaUB,yes,No,No
ham,Aapne 200 PhonePe reward points kamaye hain. Agli transaction par redeem karein: https://phonepe.com/rewards/xq3cPN,yes,No,No
ham,"Policybazaar member hone ke naate, aaj se hamare 20% off renewal offer ka early access paayein: https://policybazaar.com/renew/Tv5XPe",yes,No,No
ham,"Aapka pichla Meesho order pasand aaya tha? Agli order par 20% off, 28-01-2025 tak valid: https://meesho.com/offers/QOGfJl",yes,No,No
ham,"BYJU'S member hone ke naate, aaj se hamare 40% off renewal offer ka early access paayein: https://byjus.com/offers/97HWWO",yes,No,No
ham,Aapka Airtel subscription 28-07-2026 ko renew hoga. Annual plan par upgrade karein aur 25% bachayein: https://airtel.in/offers/7xIDRK,yes,No,No
ham,Aapka Vi subscription 11-07-2025 ko renew hoga. Annual plan par upgrade karein aur 15% bachayein: https://myvi.in/offers/8qnSCC,yes,No,No
ham,"MakeMyTrip: Abhi book karein aur agli trip par 10% off paayein, 01-01-2025 tak valid. Details: https://makemytrip.com/deals/VHCDmg",yes,No,No
ham,Aapne 150 ICICI Bank reward points kamaye hain. Agli transaction par redeem karein: https://icicibank.com/offers/kSWlEm,yes,No,No
ham,"Sirf aaj ke liye: Meesho par groceries par flat 70% off mil raha hai, aadhi raat se pehle order karein: https://meesho.com/offers/ckbHut",yes,No,No
ham,CRED: Is hafte app se bill payment karne par 50% cashback paayein. Details: https://cred.club/rewards/RpUfcT,yes,No,No
ham,Aakhri mauka: aapke cult.fit bonus data offer aaj raat expire ho raha hai. Extra benefit ke liye abhi recharge karein: https://cult.fit/offers/Qk6Sf2,yes,No,No
ham,"MakeMyTrip members ko hamare festive sale ka early access milta hai, select routes par 25% off: https://makemytrip.com/deals/orfHQa",yes,No,No
ham,Limited period: aaj hi apni Vi membership upgrade karein aur annual fee par Rs.500 bachayein: https://myvi.in/offers/WeHvE4,yes,No,No
ham,Limited period: aaj hi apni Disney+ Hotstar membership upgrade karein aur annual fee par Rs.200 bachayein: https://hotstar.com/subscribe/TbdpW6,yes,No,No
ham,"Goibibo: Abhi book karein aur agli trip par 50% off paayein, 28-07-2026 tak valid. Details: https://goibibo.com/deals/BEXdjG",yes,No,No
ham,"MakeMyTrip members ko hamare festive sale ka early access milta hai, select routes par 50% off: https://makemytrip.com/deals/BzqVIb",yes,No,No
ham,Paytm: Is hafte app se bill payment karne par 25% cashback paayein. Details: https://paytm.com/rewards/ZLqNXJ,yes,No,No
ham,"IRCTC members ko hamare festive sale ka early access milta hai, select routes par 40% off: https://irctc.co.in/offers/d2Yflx",yes,No,No
ham,"Hi Raj, aapke 1mg cart ke items ab sale mein hain. Order complete karein: https://1mg.com/offers/E3qO7s",yes,No,No
ham,Limited period: aaj hi apni Spotify membership upgrade karein aur annual fee par Rs.250 bachayein: https://spotify.com/premium/FhvWwk,yes,No,No
ham,"Happy Birthday Priya! Aapke liye Rs.250 ka Nykaa voucher, is mahine valid: https://nykaa.com/sale/5F1OnW",yes,No,No
ham,"IndiGo: Abhi book karein aur agli trip par 25% off paayein, 08-04-2025 tak valid. Details: https://goindigo.in/offers/b8dyLW",yes,No,No
ham,"Domino's Diwali Dhamaka Sale LIVE hai! groceries par 50% tak ki chhoot, stock khatam hone se pehle jaldi karein: https://dominos.co.in/offers/gshzG2",yes,No,No
ham,Limited period: aaj hi apni Jio membership upgrade karein aur annual fee par Rs.250 bachayein: https://jio.com/offers/tjIqTI,yes,No,No
ham,"MakeMyTrip members ko hamare festive sale ka early access milta hai, select routes par 70% off: https://makemytrip.com/deals/Z5yCVA",yes,No,No
ham,Aapka Unacademy plan benefit aaj khatam ho raha hai. Extra data na khone ke liye midnight se pehle renew karein: https://unacademy.com/offers/RpK6Dn,yes,No,No
ham,"Great Indian Festival sirf BigBasket par: beauty products par flat 50% tak chhoot, abhi app download karein: https://bigbasket.com/offers/Mku29h",yes,No,No
ham,"MakeMyTrip par flash sale! Fares Rs.500 se shuru, limited period ke liye. Yahan book karein: https://makemytrip.com/deals/Dm5P8E",yes,No,No
ham,Axis Bank: Dost ko refer karein aur dono ko 200 reward points milenge. Code NLSE95 share karein: https://axisbank.com/offers/IImXZq,yes,No,No
ham,Limited period: aaj hi apni cult.fit membership upgrade karein aur annual fee par Rs.300 bachayein: https://cult.fit/offers/32QP58,yes,No,No
ham,ICICI Bank: Is hafte app se bill payment karne par 60% cashback paayein. Details: https://icicibank.com/offers/IZP8sl,yes,No,No
ham,Axis Bank: Is hafte app se bill payment karne par 25% cashback paayein. Details: https://axisbank.com/offers/NVbu74,yes,No,No
ham,"Ola par flash sale! Fares Rs.200 se shuru, limited period ke liye. Yahan book karein: https://olacabs.com/offers/QdHD1o",yes,No,No
ham,"Ola members ko hamare festive sale ka early access milta hai, select routes par 60% off: https://olacabs.com/offers/0m2JF8",yes,No,No
ham,"Flipkart ki Independence Day Sale miss mat karein - storewide 50% tak off, sirf limited time ke liye: https://flipkart.com/sale/0uqEgJ",yes,No,No
ham,Tanishq ki Big Sale live hai! electronics par 15% tak ki chhoot. Abhi shop karein: https://tanishq.co.in/offers/ZTUZJI,yes,No,No
ham,Limited period: aaj hi apni Netflix membership upgrade karein aur annual fee par Rs.500 bachayein: https://netflix.com/account/ZHXok1,yes,No,No
ham,Aapka Amazon Prime Video plan jald expire ho raha hai. Abhi renew karein aur pehle 3 mahino par 50% off paayein: https://primevideo.com/offers/t7PGtG,yes,No,No
ham,"Ola par flash sale! Fares Rs.150 se shuru, limited period ke liye. Yahan book karein: https://olacabs.com/offers/o0wicv",yes,No,No
ham,Nykaa par dost ko invite karein aur dono ko Rs.250 off milega. Code CXBA19 share karein: https://nykaa.com/sale/RZkfpA,yes,No,No
ham,"Great Indian Festival sirf PharmEasy par: electronics par flat 50% tak chhoot, abhi app download karein: https://pharmeasy.in/offers/DHvTqC",yes,No,No
ham,"Goibibo par flash sale! Fares Rs.300 se shuru, limited period ke liye. Yahan book karein: https://goibibo.com/deals/cn2FVF",yes,No,No
ham,"BigBasket ki Republic Day Sale ke aakhri kuch ghante! 50% tak off, aaj raat khatam hone se pehle shop karein: https://bigbasket.com/offers/XaPJo1",yes,No,No
ham,Aapne 200 PhonePe reward points kamaye hain. Agli transaction par redeem karein: https://phonepe.com/rewards/oR00X9,yes,No,No
ham,Aapka cult.fit plan benefit aaj khatam ho raha hai. Extra data na khone ke liye midnight se pehle renew karein: https://cult.fit/offers/p46jM1,yes,No,No
ham,"Zomato ki Monsoon Sale ke aakhri kuch ghante! 70% tak off, aaj raat khatam hone se pehle shop karein: https://zomato.com/gold/8137dn",yes,No,No
ham,PhonePe: Is hafte app se bill payment karne par 30% cashback paayein. Details: https://phonepe.com/rewards/7k2wBB,yes,No,No
ham,Aapka Airtel plan jald expire ho raha hai. Abhi renew karein aur pehle 3 mahino par 20% off paayein: https://airtel.in/offers/fEpi23,yes,No,No
ham,"IndiGo: Abhi book karein aur agli trip par 20% off paayein, 19-12-2025 tak valid. Details: https://goindigo.in/offers/DhQ5O4",yes,No,No
ham,Aapka BYJU'S plan jald expire ho raha hai. Abhi renew karein aur pehle 3 mahino par 15% off paayein: https://byjus.com/offers/2s4Jx3,yes,No,No
ham,"MakeMyTrip members ko hamare festive sale ka early access milta hai, select routes par 25% off: https://makemytrip.com/deals/bbS75N",yes,No,No
ham,"redBus: Abhi book karein aur agli trip par 10% off paayein, 03-03-2025 tak valid. Details: https://redbus.in/offers/hM8rk1",yes,No,No
ham,SBI Card: Is hafte app se bill payment karne par 40% cashback paayein. Details: https://sbicard.com/offers/tlbYJp,yes,No,No
ham,Limited period: aaj hi apni Vi membership upgrade karein aur annual fee par Rs.50 bachayein: https://myvi.in/offers/ilTJ4o,yes,No,No
ham,ICICI Bank: Is hafte app se bill payment karne par 30% cashback paayein. Details: https://icicibank.com/offers/VOcWzq,yes,No,No
ham,"Lenskart app abhi kholein aur pao exclusive app-only deal 50% off, sirf aaj: https://lenskart.com/offers/eIIQbu",yes,No,No
ham,"Sirf aaj ke liye: Decathlon par fashion par flat 15% off mil raha hai, aadhi raat se pehle order karein: https://decathlon.in/sale/zbKQLF",yes,No,No
ham,"Uber members ko hamare festive sale ka early access milta hai, select routes par 15% off: https://uber.com/promotions/dzB5ee",yes,No,No
ham,"Uber par flash sale! Fares Rs.300 se shuru, limited period ke liye. Yahan book karein: https://uber.com/promotions/sPGUke",yes,No,No
ham,CRED: Dost ko refer karein aur dono ko 1000 reward points milenge. Code QCPC44 share karein: https://cred.club/rewards/J4Hndc,yes,No,No
ham,"Disney+ Hotstar member hone ke naate, aaj se hamare 15% off renewal offer ka early access paayein: https://hotstar.com/subscribe/uva7uT",yes,No,No
ham,"IRCTC members ko hamare festive sale ka early access milta hai, select routes par 50% off: https://irctc.co.in/offers/GQZhDh",yes,No,No
ham,"IRCTC members ko hamare festive sale ka early access milta hai, select routes par 30% off: https://irctc.co.in/offers/YtQ9r6",yes,No,No
ham,"Netflix member hone ke naate, aaj se hamare 30% off renewal offer ka early access paayein: https://netflix.com/account/qHq2MT",yes,No,No
ham,"Goibibo: Abhi book karein aur agli trip par 60% off paayein, 20-10-2025 tak valid. Details: https://goibibo.com/deals/YkcqbO",yes,No,No
ham,"Nykaa app abhi kholein aur pao exclusive app-only deal 70% off, sirf aaj: https://nykaa.com/sale/RwWRVe",yes,No,No
ham,SBI Card: Is hafte app se bill payment karne par 40% cashback paayein. Details: https://sbicard.com/offers/ZRpqBE,yes,No,No
ham,"Sirf aaj ke liye: Tanishq par kitchen appliances par flat 25% off mil raha hai, aadhi raat se pehle order karein: https://tanishq.co.in/offers/Aqo4SU",yes,No,No
ham,"MakeMyTrip par flash sale! Fares Rs.250 se shuru, limited period ke liye. Yahan book karein: https://makemytrip.com/deals/imuUJR",yes,No,No
ham,Tanishq par naye arrivals aa gaye hain! Latest electronics collection dekhein: https://tanishq.co.in/offers/4wHUjO,yes,No,No
ham,"Goibibo: Abhi book karein aur agli trip par 15% off paayein, 05-12-2026 tak valid. Details: https://goibibo.com/deals/WTYOLN",yes,No,No
ham,"IndiGo members ko hamare festive sale ka early access milta hai, select routes par 40% off: https://goindigo.in/offers/rBqkwb",yes,No,No
ham,Limited period: aaj hi apni Amazon Prime Video membership upgrade karein aur annual fee par Rs.100 bachayein: https://primevideo.com/offers/RvvPOo,yes,No,No
ham,"Domino's app abhi kholein aur pao exclusive app-only deal 10% off, sirf aaj: https://dominos.co.in/offers/kD9Qam",yes,No,No
ham,"Sirf aaj ke liye: BigBasket par groceries par flat 15% off mil raha hai, aadhi raat se pehle order karein: https://bigbasket.com/offers/hAdnKu",yes,No,No
ham,Aapne 200 CRED reward points kamaye hain. Agli transaction par redeem karein: https://cred.club/rewards/arr0RQ,yes,No,No
ham,"Aapka pichla BookMyShow order pasand aaya tha? Agli order par 20% off, 21-03-2025 tak valid: https://bookmyshow.com/offers/IiHrJF",yes,No,No
ham,Aapka Policybazaar plan jald expire ho raha hai. Abhi renew karein aur pehle 3 mahino par 25% off paayein: https://policybazaar.com/renew/mSd8Q5,yes,No,No
ham,Aapne 200 PhonePe reward points kamaye hain. Agli transaction par redeem karein: https://phonepe.com/rewards/ExDFNd,yes,No,No
ham,Aapne 1000 ICICI Bank reward points kamaye hain. Agli transaction par redeem karein: https://icicibank.com/offers/avboGG,yes,No,No
ham,Axis Bank: Is hafte app se bill payment karne par 25% cashback paayein. Details: https://axisbank.com/offers/Lxfbtr,yes,No,No
ham,"Hi Pooja, aapke BigBasket cart ke items ab sale mein hain. Order complete karein: https://bigbasket.com/offers/ZH9BFd",yes,No,No
ham,Aapka Disney+ Hotstar plan jald expire ho raha hai. Abhi renew karein aur pehle 3 mahino par 10% off paayein: https://hotstar.com/subscribe/ygoZ7V,yes,No,No
ham,Amazon ki Big Sale live hai! footwear par 25% tak ki chhoot. Abhi shop karein: https://amazon.in/deals/r5RVl5,yes,No,No
ham,Aapne 1000 Paytm reward points kamaye hain. Agli transaction par redeem karein: https://paytm.com/rewards/HZQvfu,yes,No,No
ham,"Netflix member hone ke naate, aaj se hamare 60% off renewal offer ka early access paayein: https://netflix.com/account/MSi8T7",yes,No,No
ham,BigBasket: Is weekend storewide flat 25% off. T&C apply. Offers band karne ke liye STOP reply karein. https://bigbasket.com/offers/Ez2vLU,yes,No,No
ham,SBI Card: Is hafte app se bill payment karne par 50% cashback paayein. Details: https://sbicard.com/offers/8dKOBl,yes,No,No
ham,HDFC Bank: Dost ko refer karein aur dono ko 200 reward points milenge. Code FLAG80 share karein: https://hdfcbank.com/offers/JF2pQD,yes,No,No
ham,"Hi Raj, aapke BookMyShow cart ke items ab sale mein hain. Order complete karein: https://bookmyshow.com/offers/eoGM2L",yes,No,No
ham,Aapka Policybazaar subscription 16-04-2026 ko renew hoga. Annual plan par upgrade karein aur 70% bachayein: https://policybazaar.com/renew/kVnSZJ,yes,No,No
ham,Ajio ki Big Sale live hai! beauty products par 70% tak ki chhoot. Abhi shop karein: https://ajio.com/sale/46Aw7d,yes,No,No
ham,ICICI Bank: Is hafte app se bill payment karne par 25% cashback paayein. Details: https://icicibank.com/offers/RPAqvQ,yes,No,No
ham,Amazon: Is weekend storewide flat 25% off. T&C apply. Offers band karne ke liye STOP reply karein. https://amazon.in/deals/pfs2zQ,yes,No,No
ham,"Aapka pichla Titan order pasand aaya tha? Agli order par 10% off, 28-11-2025 tak valid: https://titan.co.in/sale/QH4ezK",yes,No,No
ham,"Uber: Abhi book karein aur agli trip par 30% off paayein, 05-03-2025 tak valid. Details: https://uber.com/promotions/lEUO6g",yes,No,No
ham,Axis Bank: Dost ko refer karein aur dono ko 100 reward points milenge. Code ZIVY26 share karein: https://axisbank.com/offers/yR5YcD,yes,No,No
ham,"Uber members ko hamare festive sale ka early access milta hai, select routes par 25% off: https://uber.com/promotions/LKb7g7",yes,No,No
ham,"Disney+ Hotstar member hone ke naate, aaj se hamare 30% off renewal offer ka early access paayein: https://hotstar.com/subscribe/EdUZqh",yes,No,No
ham,Limited period: aaj hi apni Spotify membership upgrade karein aur annual fee par Rs.50 bachayein: https://spotify.com/premium/bvl5k5,yes,No,No
ham,Aakhri mauka: aapke BYJU'S bonus data offer aaj raat expire ho raha hai. Extra benefit ke liye abhi recharge karein: https://byjus.com/offers/TQIGuW,yes,No,No
ham,"IndiGo par flash sale! Fares Rs.150 se shuru, limited period ke liye. Yahan book karein: https://goindigo.in/offers/mnaxJB",yes,No,No
ham,"Happy Birthday Rahul! Aapke liye Rs.300 ka Blinkit voucher, is mahine valid: https://blinkit.com/offers/JXBhMa",yes,No,No
ham,Nykaa: Is weekend storewide flat 40% off. T&C apply. Offers band karne ke liye STOP reply karein. https://nykaa.com/sale/YByotP,yes,No,No
ham,"redBus par flash sale! Fares Rs.50 se shuru, limited period ke liye. Yahan book karein: https://redbus.in/offers/Lq2xCG",yes,No,No
ham,"MakeMyTrip: Abhi book karein aur agli trip par 60% off paayein, 08-08-2026 tak valid. Details: https://makemytrip.com/deals/L9dLmr",yes,No,No
ham,"Happy Birthday Anita! Aapke liye Rs.500 ka boAt voucher, is mahine valid: https://boat-lifestyle.com/sale/JrE4tQ",yes,No,No
ham,HDFC Bank: Is hafte app se bill payment karne par 10% cashback paayein. Details: https://hdfcbank.com/offers/L8owjJ,yes,No,No
ham,Paytm: Dost ko refer karein aur dono ko 100 reward points milenge. Code UFBE54 share karein: https://paytm.com/rewards/1Gm4ay,yes,No,No
ham,Paytm: Is hafte app se bill payment karne par 30% cashback paayein. Details: https://paytm.com/rewards/fPz7MA,yes,No,No
ham,"Goibibo: Abhi book karein aur agli trip par 60% off paayein, 25-10-2026 tak valid. Details: https://goibibo.com/deals/Wa4JK0",yes,No,No
ham,Aakhri mauka: aapke Unacademy bonus data offer aaj raat expire ho raha hai. Extra benefit ke liye abhi recharge karein: https://unacademy.com/offers/3D4HPn,yes,No,No
ham,CRED: Dost ko refer karein aur dono ko 1000 reward points milenge. Code QSQF27 share karein: https://cred.club/rewards/BeDXwH,yes,No,No
ham,"Meesho ki Year End Sale miss mat karein - storewide 75% tak off, sirf limited time ke liye: https://meesho.com/offers/kgHGuV",yes,No,No
ham,"IndiGo members ko hamare festive sale ka early access milta hai, select routes par 70% off: https://goindigo.in/offers/XXdiNw",yes,No,No
ham,Flipkart par naye arrivals aa gaye hain! Latest electronics collection dekhein: https://flipkart.com/sale/7kbJky,yes,No,No
ham,Aapka Vi plan benefit aaj khatam ho raha hai. Extra data na khone ke liye midnight se pehle renew karein: https://myvi.in/offers/FJFiZa,yes,No,No
ham,"IndiGo par flash sale! Fares Rs.50 se shuru, limited period ke liye. Yahan book karein: https://goindigo.in/offers/2tMdOZ",yes,No,No
ham,"MakeMyTrip: Abhi book karein aur agli trip par 30% off paayein, 22-03-2026 tak valid. Details: https://makemytrip.com/deals/e0KapU",yes,No,No
ham,Aapka cult.fit plan benefit aaj khatam ho raha hai. Extra data na khone ke liye midnight se pehle renew karein: https://cult.fit/offers/MaTIJC,yes,No,No
ham,"IndiGo members ko hamare festive sale ka early access milta hai, select routes par 15% off: https://goindigo.in/offers/f9uxRj",yes,No,No
ham,"IRCTC: Abhi book karein aur agli trip par 25% off paayein, 10-10-2026 tak valid. Details: https://irctc.co.in/offers/jtIgKJ",yes,No,No
ham,Aapne 500 CRED reward points kamaye hain. Agli transaction par redeem karein: https://cred.club/rewards/YZc0Pj,yes,No,No
ham,Flipkart par dost ko invite karein aur dono ko Rs.50 off milega. Code EPWD57 share karein: https://flipkart.com/sale/mfrJsk,yes,No,No
ham,Paytm: Is hafte app se bill payment karne par 15% cashback paayein. Details: https://paytm.com/rewards/1IQ7ib,yes,No,No
ham,HDFC Bank: Dost ko refer karein aur dono ko 750 reward points milenge. Code AAPY60 share karein: https://hdfcbank.com/offers/owJ4jW,yes,No,No
ham,"Uber: Abhi book karein aur agli trip par 50% off paayein, 09-04-2026 tak valid. Details: https://uber.com/promotions/H385Iq",yes,No,No
ham,"Blinkit End of Season Sale LIVE hai! home decor par 50% tak ki chhoot, stock khatam hone se pehle jaldi karein: https://blinkit.com/offers/ZTsDBu",yes,No,No
ham,Aapne 100 HDFC Bank reward points kamaye hain. Agli transaction par redeem karein: https://hdfcbank.com/offers/W9Q1HP,yes,No,No
ham,SBI Card: Is hafte app se bill payment karne par 60% cashback paayein. Details: https://sbicard.com/offers/rYN0HR,yes,No,No
ham,Aapka Spotify plan jald expire ho raha hai. Abhi renew karein aur pehle 3 mahino par 25% off paayein: https://spotify.com/premium/Nf4itK,yes,No,No
ham,Aapne 100 HDFC Bank reward points kamaye hain. Agli transaction par redeem karein: https://hdfcbank.com/offers/etyXXk,yes,No,No
ham,CRED: Dost ko refer karein aur dono ko 100 reward points milenge. Code KELZ13 share karein: https://cred.club/rewards/SavlXI,yes,No,No
ham,1mg: Is weekend storewide flat 20% off. T&C apply. Offers band karne ke liye STOP reply karein. https://1mg.com/offers/JhNz6l,yes,No,No
ham,Aapne 200 CRED reward points kamaye hain. Agli transaction par redeem karein: https://cred.club/rewards/8EgHDa,yes,No,No
ham,Aapne 500 ICICI Bank reward points kamaye hain. Agli transaction par redeem karein: https://icicibank.com/offers/5ecbQc,yes,No,No
ham,Aakhri mauka: aapke Disney+ Hotstar bonus data offer aaj raat expire ho raha hai. Extra benefit ke liye abhi recharge karein: https://hotstar.com/subscribe/nNTyJe,yes,No,No
ham,Aapka Airtel plan benefit aaj khatam ho raha hai. Extra data na khone ke liye midnight se pehle renew karein: https://airtel.in/offers/as9NLf,yes,No,No
ham,"IRCTC: Abhi book karein aur agli trip par 60% off paayein, 20-08-2026 tak valid. Details: https://irctc.co.in/offers/xwgB7S",yes,No,No
ham,Aakhri mauka: aapke Airtel bonus data offer aaj raat expire ho raha hai. Extra benefit ke liye abhi recharge karein: https://airtel.in/offers/soUI5U,yes,No,No
ham,"Goibibo members ko hamare festive sale ka early access milta hai, select routes par 40% off: https://goibibo.com/deals/loRWOQ",yes,No,No
ham,Aakhri mauka: aapke Policybazaar bonus data offer aaj raat expire ho raha hai. Extra benefit ke liye abhi recharge karein: https://policybazaar.com/renew/fP1NlU,yes,No,No
ham,Titan par dost ko invite karein aur dono ko Rs.500 off milega. Code PZXD96 share karein: https://titan.co.in/sale/djO0SE,yes,No,No
ham,"Ola: Abhi book karein aur agli trip par 15% off paayein, 03-11-2025 tak valid. Details: https://olacabs.com/offers/8X2xFE",yes,No,No
ham,Aapka Spotify subscription 12-10-2025 ko renew hoga. Annual plan par upgrade karein aur 50% bachayein: https://spotify.com/premium/kFlgSo,yes,No,No
ham,"Decathlon app abhi kholein aur pao exclusive app-only deal 10% off, sirf aaj: https://decathlon.in/sale/5vQUlJ",yes,No,No
ham,"Uber: Abhi book karein aur agli trip par 25% off paayein, 16-03-2026 tak valid. Details: https://uber.com/promotions/nelJqh",yes,No,No
ham,"MakeMyTrip par flash sale! Fares Rs.300 se shuru, limited period ke liye. Yahan book karein: https://makemytrip.com/deals/9QvluK",yes,No,No
ham,Nykaa par dost ko invite karein aur dono ko Rs.250 off milega. Code AADG38 share karein: https://nykaa.com/sale/lB8PFT,yes,No,No
ham,Aapka Spotify plan benefit aaj khatam ho raha hai. Extra data na khone ke liye midnight se pehle renew karein: https://spotify.com/premium/PqpOkm,yes,No,No
ham,Aapka Netflix plan jald expire ho raha hai. Abhi renew karein aur pehle 3 mahino par 10% off paayein: https://netflix.com/account/Lz9WuR,yes,No,No
ham,Aapka Netflix subscription 15-09-2026 ko renew hoga. Annual plan par upgrade karein aur 10% bachayein: https://netflix.com/account/7Dne7G,yes,No,No
ham,Paytm: Is hafte app se bill payment karne par 30% cashback paayein. Details: https://paytm.com/rewards/2yt5Mf,yes,No,No
ham,"Ola par flash sale! Fares Rs.300 se shuru, limited period ke liye. Yahan book karein: https://olacabs.com/offers/srcNz8",yes,No,No
ham,"Ola members ko hamare festive sale ka early access milta hai, select routes par 70% off: https://olacabs.com/offers/AKslpQ",yes,No,No
ham,"IRCTC members ko hamare festive sale ka early access milta hai, select routes par 30% off: https://irctc.co.in/offers/vwLfCD",yes,No,No
ham,Aapka Jio plan jald expire ho raha hai. Abhi renew karein aur pehle 3 mahino par 10% off paayein: https://jio.com/offers/rDJdQv,yes,No,No
ham,Limited period: aaj hi apni Unacademy membership upgrade karein aur annual fee par Rs.300 bachayein: https://unacademy.com/offers/cuHSSL,yes,No,No
ham,"cult.fit member hone ke naate, aaj se hamare 30% off renewal offer ka early access paayein: https://cult.fit/offers/5CzMn9",yes,No,No
ham,Aapka Policybazaar plan benefit aaj khatam ho raha hai. Extra data na khone ke liye midnight se pehle renew karein: https://policybazaar.com/renew/zlHPv0,yes,No,No
ham,Aapne 150 Axis Bank reward points kamaye hain. Agli transaction par redeem karein: https://axisbank.com/offers/yEpdjp,yes,No,No
ham,Limited period: aaj hi apni BYJU'S membership upgrade karein aur annual fee par Rs.50 bachayein: https://byjus.com/offers/yNLGnV,yes,No,No
ham,"Hi Priya, aapke Amazon cart ke items ab sale mein hain. Order complete karein: https://amazon.in/deals/08yDjR",yes,No,No
ham,Aapne 500 CRED reward points kamaye hain. Agli transaction par redeem karein: https://cred.club/rewards/13x4MA,yes,No,No
ham,"1mg Great Indian Festival LIVE hai! accessories par 50% tak ki chhoot, stock khatam hone se pehle jaldi karein: https://1mg.com/offers/Q4nm7q",yes,No,No
ham,Aapka Spotify plan benefit aaj khatam ho raha hai. Extra data na khone ke liye midnight se pehle renew karein: https://spotify.com/premium/KKGAKA,yes,No,No
ham,Aapka Amazon Prime Video subscription 08-10-2025 ko renew hoga. Annual plan par upgrade karein aur 50% bachayein: https://primevideo.com/offers/o7ubFh,yes,No,No
ham,"Nykaa ki Diwali Dhamaka Sale ke aakhri kuch ghante! 60% tak off, aaj raat khatam hone se pehle shop karein: https://nykaa.com/sale/W1Fpyv",yes,No,No
ham,Aapne 150 Paytm reward points kamaye hain. Agli transaction par redeem karein: https://paytm.com/rewards/WWedTB,yes,No,No
ham,Aapka Vi plan jald expire ho raha hai. Abhi renew karein aur pehle 3 mahino par 30% off paayein: https://myvi.in/offers/KTpzfF,yes,No,No
ham,Aapka Amazon Prime Video plan benefit aaj khatam ho raha hai. Extra data na khone ke liye midnight se pehle renew karein: https://primevideo.com/offers/O5it5N,yes,No,No
ham,Aapka Policybazaar subscription 03-05-2026 ko renew hoga. Annual plan par upgrade karein aur 60% bachayein: https://policybazaar.com/renew/tikhvg,yes,No,No
ham,"Goibibo: Abhi book karein aur agli trip par 25% off paayein, 25-12-2026 tak valid. Details: https://goibibo.com/deals/xOX00u",yes,No,No
ham,Aapka cult.fit plan benefit aaj khatam ho raha hai. Extra data na khone ke liye midnight se pehle renew karein: https://cult.fit/offers/MQf93p,yes,No,No
ham,"redBus par flash sale! Fares Rs.300 se shuru, limited period ke liye. Yahan book karein: https://redbus.in/offers/xmEWIY",yes,No,No
ham,ICICI Bank: Is hafte app se bill payment karne par 40% cashback paayein. Details: https://icicibank.com/offers/GRE027,yes,No,No
ham,Aakhri mauka: aapke Policybazaar bonus data offer aaj raat expire ho raha hai. Extra benefit ke liye abhi recharge karein: https://policybazaar.com/renew/VrMioN,yes,No,No
ham,"Decathlon ki Year End Sale ke aakhri kuch ghante! 75% tak off, aaj raat khatam hone se pehle shop karein: https://decathlon.in/sale/0smW0F",yes,No,No
ham,"IndiGo: Abhi book karein aur agli trip par 60% off paayein, 16-11-2026 tak valid. Details: https://goindigo.in/offers/aLUcWS",yes,No,No
ham,Blinkit: Is weekend storewide flat 15% off. T&C apply. Offers band karne ke liye STOP reply karein. https://blinkit.com/offers/cqIy5L,yes,No,No
ham,Aakhri mauka: aapke Vi bonus data offer aaj raat expire ho raha hai. Extra benefit ke liye abhi recharge karein: https://myvi.in/offers/ghDzwV,yes,No,No
ham,"IndiGo members ko hamare festive sale ka early access milta hai, select routes par 50% off: https://goindigo.in/offers/INuiXO",yes,No,No
ham,"redBus: Abhi book karein aur agli trip par 15% off paayein, 05-10-2026 tak valid. Details: https://redbus.in/offers/idei0p",yes,No,No
ham,Aapka Disney+ Hotstar subscription 24-05-2025 ko renew hoga. Annual plan par upgrade karein aur 25% bachayein: https://hotstar.com/subscribe/uweqI5,yes,No,No
ham,Aakhri mauka: aapke Amazon Prime Video bonus data offer aaj raat expire ho raha hai. Extra benefit ke liye abhi recharge karein: https://primevideo.com/offers/BK4qoN,yes,No,No
ham,Aapne 500 ICICI Bank reward points kamaye hain. Agli transaction par redeem karein: https://icicibank.com/offers/mpp7PA,yes,No,No
ham,"Diwali ki hardik shubhkamnayein! 1mg par 40% off ke saath celebrate karein, sirf hamare valued customers ke liye: https://1mg.com/offers/Eg2Ja7",yes,No,No
ham,Aakhri mauka: aapke cult.fit bonus data offer aaj raat expire ho raha hai. Extra benefit ke liye abhi recharge karein: https://cult.fit/offers/6AgZa3,yes,No,No
ham,Aakhri mauka: aapke Vi bonus data offer aaj raat expire ho raha hai. Extra benefit ke liye abhi recharge karein: https://myvi.in/offers/qtqnGt,yes,No,No
ham,"Netflix member hone ke naate, aaj se hamare 70% off renewal offer ka early access paayein: https://netflix.com/account/rhRAMx",yes,No,No
ham,"IRCTC members ko hamare festive sale ka early access milta hai, select routes par 50% off: https://irctc.co.in/offers/Ojz9ri",yes,No,No
ham,Lenskart par dost ko invite karein aur dono ko Rs.500 off milega. Code ASST28 share karein: https://lenskart.com/offers/4nTAAo,yes,No,No
ham,"Nykaa ki Great Indian Festival ke aakhri kuch ghante! 50% tak off, aaj raat khatam hone se pehle shop karein: https://nykaa.com/sale/8cFQhB",yes,No,No
ham,"Blinkit ki Independence Day Sale miss mat karein - storewide 70% tak off, sirf limited time ke liye: https://blinkit.com/offers/02cn3S",yes,No,No
ham,Aapne 200 Axis Bank reward points kamaye hain. Agli transaction par redeem karein: https://axisbank.com/offers/4KVvyb,yes,No,No
ham,"Year End Sale sirf Nykaa par: home decor par flat 80% tak chhoot, abhi app download karein: https://nykaa.com/sale/e8HWjm",yes,No,No
ham,Aapne 100 Axis Bank reward points kamaye hain. Agli transaction par redeem karein: https://axisbank.com/offers/bWjAsT,yes,No,No
ham,"Sirf aaj ke liye: Swiggy par beauty products par flat 60% off mil raha hai, aadhi raat se pehle order karein: https://swiggy.com/offers/MIJJVo",yes,No,No
ham,SBI Card: Dost ko refer karein aur dono ko 1000 reward points milenge. Code HRVA43 share karein: https://sbicard.com/offers/GjlnM4,yes,No,No
ham,Nykaa par naye arrivals aa gaye hain! Latest beauty products collection dekhein: https://nykaa.com/sale/bgJwJS,yes,No,No
ham,Aapka Amazon Prime Video plan jald expire ho raha hai. Abhi renew karein aur pehle 3 mahino par 15% off paayein: https://primevideo.com/offers/Kb0xea,yes,No,No
ham,Axis Bank: Dost ko refer karein aur dono ko 750 reward points milenge. Code RTSW44 share karein: https://axisbank.com/offers/gNGRjr,yes,No,No
ham,"Zepto Republic Day Sale LIVE hai! fashion par 80% tak ki chhoot, stock khatam hone se pehle jaldi karein: https://zepto.com/offers/JJB1g9",yes,No,No
ham,"Lenskart Great Indian Festival LIVE hai! groceries par 75% tak ki chhoot, stock khatam hone se pehle jaldi karein: https://lenskart.com/offers/MfVIYa",yes,No,No
ham,"IndiGo par flash sale! Fares Rs.250 se shuru, limited period ke liye. Yahan book karein: https://goindigo.in/offers/IxREkA",yes,No,No
ham,"Goibibo: Abhi book karein aur agli trip par 50% off paayein, 07-08-2025 tak valid. Details: https://goibibo.com/deals/FPmBNs",yes,No,No
ham,"Jio member hone ke naate, aaj se hamare 60% off renewal offer ka early access paayein: https://jio.com/offers/EYQLvi",yes,No,No
ham,"Year End Sale sirf BigBasket par: home decor par flat 60% tak chhoot, abhi app download karein: https://bigbasket.com/offers/3sSAQ2",yes,No,No
ham,SBI Card: Dost ko refer karein aur dono ko 250 reward points milenge. Code UKVI81 share karein: https://sbicard.com/offers/sc6NO7,yes,No,No
ham,"Unacademy member hone ke naate, aaj se hamare 30% off renewal offer ka early access paayein: https://unacademy.com/offers/rwuJcY",yes,No,No
ham,ICICI Bank: Is hafte app se bill payment karne par 20% cashback paayein. Details: https://icicibank.com/offers/6tZ1au,yes,No,No
ham,"Airtel member hone ke naate, aaj se hamare 25% off renewal offer ka early access paayein: https://airtel.in/offers/XSzuOJ",yes,No,No
ham,"IndiGo members ko hamare festive sale ka early access milta hai, select routes par 40% off: https://goindigo.in/offers/A6QmQn",yes,No,No
ham,"Airtel member hone ke naate, aaj se hamare 30% off renewal offer ka early access paayein: https://airtel.in/offers/HOaoxE",yes,No,No
ham,Aakhri mauka: aapke BYJU'S bonus data offer aaj raat expire ho raha hai. Extra benefit ke liye abhi recharge karein: https://byjus.com/offers/AQBtat,yes,No,No
ham,Limited period: aaj hi apni Airtel membership upgrade karein aur annual fee par Rs.500 bachayein: https://airtel.in/offers/oKElsA,yes,No,No
ham,Aapne 150 PhonePe reward points kamaye hain. Agli transaction par redeem karein: https://phonepe.com/rewards/U8PrDR,yes,No,No
ham,Aakhri mauka: aapke Netflix bonus data offer aaj raat expire ho raha hai. Extra benefit ke liye abhi recharge karein: https://netflix.com/account/CMVTUj,yes,No,No
ham,Paytm: Dost ko refer karein aur dono ko 1000 reward points milenge. Code VQJQ76 share karein: https://paytm.com/rewards/5FOTKq,yes,No,No
ham,"Uber: Abhi book karein aur agli trip par 60% off paayein, 15-08-2026 tak valid. Details: https://uber.com/promotions/7GzuAk",yes,No,No
ham,Aapne 300 ICICI Bank reward points kamaye hain. Agli transaction par redeem karein: https://icicibank.com/offers/01SEgY,yes,No,No
ham,"MakeMyTrip: Abhi book karein aur agli trip par 20% off paayein, 15-03-2026 tak valid. Details: https://makemytrip.com/deals/GThLeq",yes,No,No
ham,Aakhri mauka: aapke Jio bonus data offer aaj raat expire ho raha hai. Extra benefit ke liye abhi recharge karein: https://jio.com/offers/deQI4d,yes,No,No
ham,Aapka Jio plan benefit aaj khatam ho raha hai. Extra data na khone ke liye midnight se pehle renew karein: https://jio.com/offers/S2e9DN,yes,No,No
ham,Aakhri mauka: aapke Spotify bonus data offer aaj raat expire ho raha hai. Extra benefit ke liye abhi recharge karein: https://spotify.com/premium/Kuz705,yes,No,No
ham,"Ajio ki Diwali Dhamaka Sale ke aakhri kuch ghante! 75% tak off, aaj raat khatam hone se pehle shop karein: https://ajio.com/sale/z8G8ll",yes,No,No
ham,"IndiGo: Abhi book karein aur agli trip par 60% off paayein, 04-07-2026 tak valid. Details: https://goindigo.in/offers/zjxBRN",yes,No,No
ham,"Unacademy member hone ke naate, aaj se hamare 70% off renewal offer ka early access paayein: https://unacademy.com/offers/TfzOa0",yes,No,No
ham,Aapne 250 PhonePe reward points kamaye hain. Agli transaction par redeem karein: https://phonepe.com/rewards/fTU0hW,yes,No,No
ham,"Aapka pichla BookMyShow order pasand aaya tha? Agli order par 25% off, 25-11-2025 tak valid: https://bookmyshow.com/offers/3niYCv",yes,No,No
ham,PharmEasy par naye arrivals aa gaye hain! Latest electronics collection dekhein: https://pharmeasy.in/offers/G8k23s,yes,No,No
ham,Aapne 750 ICICI Bank reward points kamaye hain. Agli transaction par redeem karein: https://icicibank.com/offers/x69gIu,yes,No,No
ham,"Holi ki hardik shubhkamnayein! Nykaa par 40% off ke saath celebrate karein, sirf hamare valued customers ke liye: https://nykaa.com/sale/1hxrVf",yes,No,No
ham,"Hi Raj, aapke Zomato cart ke items ab sale mein hain. Order complete karein: https://zomato.com/gold/W3kfRv",yes,No,No
ham,ICICI Bank: Dost ko refer karein aur dono ko 750 reward points milenge. Code QMHB15 share karein: https://icicibank.com/offers/6HcXGn,yes,No,No
ham,"Holi ki hardik shubhkamnayein! Decathlon par 25% off ke saath celebrate karein, sirf hamare valued customers ke liye: https://decathlon.in/sale/ubnnRC",yes,No,No
ham,"Goibibo members ko hamare festive sale ka early access milta hai, select routes par 25% off: https://goibibo.com/deals/H37iGL",yes,No,No
ham,"Ola members ko hamare festive sale ka early access milta hai, select routes par 25% off: https://olacabs.com/offers/gGuknT",yes,No,No
ham,Aapne 1000 Paytm reward points kamaye hain. Agli transaction par redeem karein: https://paytm.com/rewards/LVN44p,yes,No,No
ham,"IndiGo par flash sale! Fares Rs.50 se shuru, limited period ke liye. Yahan book karein: https://goindigo.in/offers/aSWvsh",yes,No,No
ham,"PharmEasy Great Indian Festival LIVE hai! electronics par 80% tak ki chhoot, stock khatam hone se pehle jaldi karein: https://pharmeasy.in/offers/vnuO35",yes,No,No
ham,Zomato ki Big Sale live hai! beauty products par 25% tak ki chhoot. Abhi shop karein: https://zomato.com/gold/bVZaBJ,yes,No,No
ham,"Uber: Abhi book karein aur agli trip par 30% off paayein, 25-08-2025 tak valid. Details: https://uber.com/promotions/lCbBCz",yes,No,No
ham,Aapne 1000 ICICI Bank reward points kamaye hain. Agli transaction par redeem karein: https://icicibank.com/offers/qW0uXG,yes,No,No
ham,"Sirf aaj ke liye: Flipkart par kitchen appliances par flat 40% off mil raha hai, aadhi raat se pehle order karein: https://flipkart.com/sale/Sxej92",yes,No,No
ham,Titan par naye arrivals aa gaye hain! Latest footwear collection dekhein: https://titan.co.in/sale/AA7Bl9,yes,No,No
ham,Aapka Disney+ Hotstar plan jald expire ho raha hai. Abhi renew karein aur pehle 3 mahino par 60% off paayein: https://hotstar.com/subscribe/NZn6CX,yes,No,No
ham,Aapne 1000 SBI Card reward points kamaye hain. Agli transaction par redeem karein: https://sbicard.com/offers/DHXgFN,yes,No,No
ham,Limited period: aaj hi apni Unacademy membership upgrade karein aur annual fee par Rs.200 bachayein: https://unacademy.com/offers/L3P4Kk,yes,No,No
ham,"Pepperfry ki Great Indian Festival ke aakhri kuch ghante! 80% tak off, aaj raat khatam hone se pehle shop karein: https://pepperfry.com/sale/12Phpv",yes,No,No
ham,"redBus par flash sale! Fares Rs.500 se shuru, limited period ke liye. Yahan book karein: https://redbus.in/offers/4jFAM7",yes,No,No
ham,Aapka Unacademy subscription 22-10-2026 ko renew hoga. Annual plan par upgrade karein aur 30% bachayein: https://unacademy.com/offers/towMGF,yes,No,No
ham,"redBus members ko hamare festive sale ka early access milta hai, select routes par 40% off: https://redbus.in/offers/BrxmcA",yes,No,No
ham,Flipkart par naye arrivals aa gaye hain! Latest kitchen appliances collection dekhein: https://flipkart.com/sale/s5YOZf,yes,No,No
ham,ICICI Bank: Is hafte app se bill payment karne par 30% cashback paayein. Details: https://icicibank.com/offers/xCXnLJ,yes,No,No
ham,Aakhri mauka: aapke BYJU'S bonus data offer aaj raat expire ho raha hai. Extra benefit ke liye abhi recharge karein: https://byjus.com/offers/7bBqBU,yes,No,No
ham,"Aapka pichla Decathlon order pasand aaya tha? Agli order par 10% off, 05-05-2026 tak valid: https://decathlon.in/sale/tAjbOe",yes,No,No
ham,"Ola: Abhi book karein aur agli trip par 15% off paayein, 05-11-2026 tak valid. Details: https://olacabs.com/offers/PEztEj",yes,No,No
ham,"Hi Pooja, aapke Domino's cart ke items ab sale mein hain. Order complete karein: https://dominos.co.in/offers/hYoVks",yes,No,No
ham,"IndiGo par flash sale! Fares Rs.100 se shuru, limited period ke liye. Yahan book karein: https://goindigo.in/offers/0OTQG3",yes,No,No
ham,"Ola members ko hamare festive sale ka early access milta hai, select routes par 30% off: https://olacabs.com/offers/LLLcWj",yes,No,No
ham,"Uber: Abhi book karein aur agli trip par 70% off paayein, 02-07-2025 tak valid. Details: https://uber.com/promotions/Zz5WQA",yes,No,No
ham,Aapka Jio plan benefit aaj khatam ho raha hai. Extra data na khone ke liye midnight se pehle renew karein: https://jio.com/offers/Hc5oJI,yes,No,No
ham,Axis Bank: Is hafte app se bill payment karne par 15% cashback paayein. Details: https://axisbank.com/offers/CFQte9,yes,No,No
ham,"Happy Birthday Raj! Aapke liye Rs.100 ka Swiggy voucher, is mahine valid: https://swiggy.com/offers/zqMYmX",yes,No,No
ham,Aapne 750 CRED reward points kamaye hain. Agli transaction par redeem karein: https://cred.club/rewards/1MoluS,yes,No,No
ham,"Ola members ko hamare festive sale ka early access milta hai, select routes par 15% off: https://olacabs.com/offers/PSq5qt",yes,No,No
ham,"IRCTC: Abhi book karein aur agli trip par 50% off paayein, 24-02-2026 tak valid. Details: https://irctc.co.in/offers/T4Wnlh",yes,No,No
ham,Aapka Netflix plan benefit aaj khatam ho raha hai. Extra data na khone ke liye midnight se pehle renew karein: https://netflix.com/account/z5NzyQ,yes,No,No
ham,Aapka Disney+ Hotstar plan jald expire ho raha hai. Abhi renew karein aur pehle 3 mahino par 60% off paayein: https://hotstar.com/subscribe/Y3RWAp,yes,No,No
ham,ICICI Bank: Is hafte app se bill payment karne par 70% cashback paayein. Details: https://icicibank.com/offers/nkNP49,yes,No,No
ham,"IRCTC par flash sale! Fares Rs.50 se shuru, limited period ke liye. Yahan book karein: https://irctc.co.in/offers/miYb9A",yes,No,No
ham,"Ajio ki Year End Sale ke aakhri kuch ghante! 75% tak off, aaj raat khatam hone se pehle shop karein: https://ajio.com/sale/zoB32i",yes,No,No
ham,"Goibibo par flash sale! Fares Rs.300 se shuru, limited period ke liye. Yahan book karein: https://goibibo.com/deals/7wZiFY",yes,No,No
ham,"Flipkart ki Monsoon Sale ke aakhri kuch ghante! 70% tak off, aaj raat khatam hone se pehle shop karein: https://flipkart.com/sale/Eiqyrf",yes,No,No
ham,Aapka Vi subscription 01-03-2025 ko renew hoga. Annual plan par upgrade karein aur 20% bachayein: https://myvi.in/offers/J4X7LW,yes,No,No
ham,Axis Bank: Dost ko refer karein aur dono ko 250 reward points milenge. Code FJHX49 share karein: https://axisbank.com/offers/KkWHko,yes,No,No
ham,"Flipkart app abhi kholein aur pao exclusive app-only deal 50% off, sirf aaj: https://flipkart.com/sale/gF1pY1",yes,No,No
ham,"Happy Birthday Pooja! Aapke liye Rs.150 ka Nykaa voucher, is mahine valid: https://nykaa.com/sale/FnmGHt",yes,No,No
ham,Aapka Jio subscription 14-07-2025 ko renew hoga. Annual plan par upgrade karein aur 70% bachayein: https://jio.com/offers/hSiaWr,yes,No,No
ham,Aakhri mauka: aapke Airtel bonus data offer aaj raat expire ho raha hai. Extra benefit ke liye abhi recharge karein: https://airtel.in/offers/7c6pKv,yes,No,No
ham,Aapka Policybazaar plan benefit aaj khatam ho raha hai. Extra data na khone ke liye midnight se pehle renew karein: https://policybazaar.com/renew/DnW1zy,yes,No,No
ham,Aapka Policybazaar plan benefit aaj khatam ho raha hai. Extra data na khone ke liye midnight se pehle renew karein: https://policybazaar.com/renew/kz74Dq,yes,No,No
ham,"Ajio app abhi kholein aur pao exclusive app-only deal 60% off, sirf aaj: https://ajio.com/sale/VvW6hK",yes,No,No
ham,Aapka Unacademy plan benefit aaj khatam ho raha hai. Extra data na khone ke liye midnight se pehle renew karein: https://unacademy.com/offers/AVJfbL,yes,No,No
ham,Aapka Unacademy plan jald expire ho raha hai. Abhi renew karein aur pehle 3 mahino par 60% off paayein: https://unacademy.com/offers/C0z7ng,yes,No,No
ham,HDFC Bank: Is hafte app se bill payment karne par 10% cashback paayein. Details: https://hdfcbank.com/offers/WA0vxs,yes,No,No
ham,Aapka Policybazaar subscription 10-12-2026 ko renew hoga. Annual plan par upgrade karein aur 10% bachayein: https://policybazaar.com/renew/SGYY7k,yes,No,No
ham,Aapka Amazon Prime Video plan jald expire ho raha hai. Abhi renew karein aur pehle 3 mahino par 30% off paayein: https://primevideo.com/offers/GeN3ZG,yes,No,No
ham,"redBus members ko hamare festive sale ka early access milta hai, select routes par 10% off: https://redbus.in/offers/ZLKyCU",yes,No,No
ham,Aakhri mauka: aapke Unacademy bonus data offer aaj raat expire ho raha hai. Extra benefit ke liye abhi recharge karein: https://unacademy.com/offers/eeILVw,yes,No,No
ham,HDFC Bank: Dost ko refer karein aur dono ko 200 reward points milenge. Code NTIE29 share karein: https://hdfcbank.com/offers/DUKZC2,yes,No,No
ham,"Sirf aaj ke liye: PharmEasy par fashion par flat 50% off mil raha hai, aadhi raat se pehle order karein: https://pharmeasy.in/offers/IsQKOa",yes,No,No
ham,"IndiGo par flash sale! Fares Rs.250 se shuru, limited period ke liye. Yahan book karein: https://goindigo.in/offers/rAqike",yes,No,No
ham,"Titan ki Big Billion Days ke aakhri kuch ghante! 60% tak off, aaj raat khatam hone se pehle shop karein: https://titan.co.in/sale/V0QP7A",yes,No,No
ham,"Hi Rahul, aapke Blinkit cart ke items ab sale mein hain. Order complete karein: https://blinkit.com/offers/b09wqN",yes,No,No
ham,Aapka Policybazaar plan jald expire ho raha hai. Abhi renew karein aur pehle 3 mahino par 60% off paayein: https://policybazaar.com/renew/X5aH4j,yes,No,No
ham,"Goibibo members ko hamare festive sale ka early access milta hai, select routes par 70% off: https://goibibo.com/deals/T5Z256",yes,No,No
ham,"End of Season Sale sirf Ajio par: footwear par flat 70% tak chhoot, abhi app download karein: https://ajio.com/sale/bVnHTZ",yes,No,No
ham,"Sirf aaj ke liye: Swiggy par accessories par flat 40% off mil raha hai, aadhi raat se pehle order karein: https://swiggy.com/offers/IAx9Iv",yes,No,No
ham,"BigBasket ki Big Billion Days miss mat karein - storewide 60% tak off, sirf limited time ke liye: https://bigbasket.com/offers/h7hJcB",yes,No,No
ham,Aapka Vi plan jald expire ho raha hai. Abhi renew karein aur pehle 3 mahino par 15% off paayein: https://myvi.in/offers/L10vNq,yes,No,No
ham,Limited period: aaj hi apni cult.fit membership upgrade karein aur annual fee par Rs.250 bachayein: https://cult.fit/offers/O1XcBq,yes,No,No
ham,Aapne 100 CRED reward points kamaye hain. Agli transaction par redeem karein: https://cred.club/rewards/9f9wim,yes,No,No
ham,Limited period: aaj hi apni Vi membership upgrade karein aur annual fee par Rs.150 bachayein: https://myvi.in/offers/Z7goTK,yes,No,No
ham,"Hi Anita, aapke Zomato cart ke items ab sale mein hain. Order complete karein: https://zomato.com/gold/aPqcCS",yes,No,No
ham,Lenskart par naye arrivals aa gaye hain! Latest electronics collection dekhein: https://lenskart.com/offers/xjkHkE,yes,No,No
ham,"MakeMyTrip members ko hamare festive sale ka early access milta hai, select routes par 25% off: https://makemytrip.com/deals/wVsY5c",yes,No,No
ham,"IRCTC members ko hamare festive sale ka early access milta hai, select routes par 50% off: https://irctc.co.in/offers/S8CndS",yes,No,No
ham,Aapne 100 PhonePe reward points kamaye hain. Agli transaction par redeem karein: https://phonepe.com/rewards/bmTBRG,yes,No,No
ham,Aakhri mauka: aapke BYJU'S bonus data offer aaj raat expire ho raha hai. Extra benefit ke liye abhi recharge karein: https://byjus.com/offers/BCr3f6,yes,No,No
ham,Axis Bank: Dost ko refer karein aur dono ko 1000 reward points milenge. Code BPPM94 share karein: https://axisbank.com/offers/dS24Ek,yes,No,No
ham,Paytm: Is hafte app se bill payment karne par 25% cashback paayein. Details: https://paytm.com/rewards/6j2BR3,yes,No,No
ham,Aapne 500 HDFC Bank reward points kamaye hain. Agli transaction par redeem karein: https://hdfcbank.com/offers/TRuSeF,yes,No,No
ham,"Diwali ki hardik shubhkamnayein! Titan par 30% off ke saath celebrate karein, sirf hamare valued customers ke liye: https://titan.co.in/sale/j5x0HQ",yes,No,No
ham,Aapka Netflix plan jald expire ho raha hai. Abhi renew karein aur pehle 3 mahino par 15% off paayein: https://netflix.com/account/KWhimd,yes,No,No
ham,"Ola par flash sale! Fares Rs.50 se shuru, limited period ke liye. Yahan book karein: https://olacabs.com/offers/blHH9m",yes,No,No
ham,Aapne 250 HDFC Bank reward points kamaye hain. Agli transaction par redeem karein: https://hdfcbank.com/offers/tZpnib,yes,No,No
ham,"Ola members ko hamare festive sale ka early access milta hai, select routes par 15% off: https://olacabs.com/offers/OzkpkJ",yes,No,No
ham,"Sirf aaj ke liye: Flipkart par accessories par flat 50% off mil raha hai, aadhi raat se pehle order karein: https://flipkart.com/sale/qcq4HH",yes,No,No
ham,"MakeMyTrip par flash sale! Fares Rs.150 se shuru, limited period ke liye. Yahan book karein: https://makemytrip.com/deals/6EXIGd",yes,No,No
ham,Swiggy par naye arrivals aa gaye hain! Latest fashion collection dekhein: https://swiggy.com/offers/Hy9Fgb,yes,No,No
ham,"redBus par flash sale! Fares Rs.250 se shuru, limited period ke liye. Yahan book karein: https://redbus.in/offers/QiBAKg",yes,No,No
ham,"Goibibo: Abhi book karein aur agli trip par 60% off paayein, 11-02-2025 tak valid. Details: https://goibibo.com/deals/aDsagD",yes,No,No
ham,"Uber par flash sale! Fares Rs.100 se shuru, limited period ke liye. Yahan book karein: https://uber.com/promotions/IVkrcQ",yes,No,No
ham,"Happy Birthday Rahul! Aapke liye Rs.50 ka Amazon voucher, is mahine valid: https://amazon.in/deals/XAPMfk",yes,No,No
ham,"Ajio Monsoon Sale LIVE hai! groceries par 70% tak ki chhoot, stock khatam hone se pehle jaldi karein: https://ajio.com/sale/RWNca1",yes,No,No
ham,"redBus members ko hamare festive sale ka early access milta hai, select routes par 30% off: https://redbus.in/offers/ogdPRZ",yes,No,No
ham,Aapka Unacademy subscription 04-03-2026 ko renew hoga. Annual plan par upgrade karein aur 70% bachayein: https://unacademy.com/offers/YXHwR8,yes,No,No
ham,"Happy Birthday Vikram! Aapke liye Rs.200 ka Nykaa voucher, is mahine valid: https://nykaa.com/sale/Xcfcrz",yes,No,No
ham,"Netflix member hone ke naate, aaj se hamare 20% off renewal offer ka early access paayein: https://netflix.com/account/RDJ7z8",yes,No,No
ham,"Sirf aaj ke liye: Pepperfry par groceries par flat 15% off mil raha hai, aadhi raat se pehle order karein: https://pepperfry.com/sale/B1vONY",yes,No,No
ham,"Pepperfry ki End of Season Sale ke aakhri kuch ghante! 70% tak off, aaj raat khatam hone se pehle shop karein: https://pepperfry.com/sale/aSKt42",yes,No,No
ham,"BigBasket app abhi kholein aur pao exclusive app-only deal 20% off, sirf aaj: https://bigbasket.com/offers/c58LKl",yes,No,No
ham,"Hi Rahul, aapke Flipkart cart ke items ab sale mein hain. Order complete karein: https://flipkart.com/sale/3eEi2C",yes,No,No
ham,Nykaa par naye arrivals aa gaye hain! Latest groceries collection dekhein: https://nykaa.com/sale/g8KkIF,yes,No,No
ham,"Year End Sale sirf Ajio par: electronics par flat 60% tak chhoot, abhi app download karein: https://ajio.com/sale/mkxYAC",yes,No,No
ham,"Uber: Abhi book karein aur agli trip par 60% off paayein, 27-01-2025 tak valid. Details: https://uber.com/promotions/XDjmLp",yes,No,No
ham,"MakeMyTrip: Abhi book karein aur agli trip par 40% off paayein, 23-03-2025 tak valid. Details: https://makemytrip.com/deals/3Bhzny",yes,No,No
ham,Aapka Netflix plan benefit aaj khatam ho raha hai. Extra data na khone ke liye midnight se pehle renew karein: https://netflix.com/account/URvpeE,yes,No,No
ham,Aapne 100 ICICI Bank reward points kamaye hain. Agli transaction par redeem karein: https://icicibank.com/offers/hOLrxB,yes,No,No
ham,"Uber par flash sale! Fares Rs.200 se shuru, limited period ke liye. Yahan book karein: https://uber.com/promotions/SPjXwk",yes,No,No
ham,"Tanishq Independence Day Sale LIVE hai! electronics par 75% tak ki chhoot, stock khatam hone se pehle jaldi karein: https://tanishq.co.in/offers/WXc7Ap",yes,No,No
ham,Paytm: Is hafte app se bill payment karne par 40% cashback paayein. Details: https://paytm.com/rewards/xxdlgm,yes,No,No
ham,Tanishq par naye arrivals aa gaye hain! Latest fashion collection dekhein: https://tanishq.co.in/offers/sGk8r5,yes,No,No
ham,Aapka BYJU'S plan benefit aaj khatam ho raha hai. Extra data na khone ke liye midnight se pehle renew karein: https://byjus.com/offers/4fS95I,yes,No,No
ham,"Blinkit ki Year End Sale miss mat karein - storewide 75% tak off, sirf limited time ke liye: https://blinkit.com/offers/xtkZ1A",yes,No,No
ham,PhonePe: Dost ko refer karein aur dono ko 500 reward points milenge. Code LMEK58 share karein: https://phonepe.com/rewards/EiZbYg,yes,No,No
ham,Aapne 150 SBI Card reward points kamaye hain. Agli transaction par redeem karein: https://sbicard.com/offers/XN6QMz,yes,No,No
ham,HDFC Bank: Dost ko refer karein aur dono ko 200 reward points milenge. Code JUJZ62 share karein: https://hdfcbank.com/offers/Um7a5b,yes,No,No
ham,"IRCTC members ko hamare festive sale ka early access milta hai, select routes par 40% off: https://irctc.co.in/offers/WhM58l",yes,No,No
ham,"Disney+ Hotstar member hone ke naate, aaj se hamare 20% off renewal offer ka early access paayein: https://hotstar.com/subscribe/5ct8xz",yes,No,No
ham,"IRCTC par flash sale! Fares Rs.150 se shuru, limited period ke liye. Yahan book karein: https://irctc.co.in/offers/eIHvBM",yes,No,No
ham,Myntra par naye arrivals aa gaye hain! Latest electronics collection dekhein: https://myntra.com/offers/Bxc8oe,yes,No,No
ham,"Uber: Abhi book karein aur agli trip par 30% off paayein, 23-09-2026 tak valid. Details: https://uber.com/promotions/GEQM1Z",yes,No,No
ham,Aapka cult.fit plan jald expire ho raha hai. Abhi renew karein aur pehle 3 mahino par 25% off paayein: https://cult.fit/offers/uzD905,yes,No,No
ham,Limited period: aaj hi apni Vi membership upgrade karein aur annual fee par Rs.250 bachayein: https://myvi.in/offers/EeAcJL,yes,No,No
ham,"MakeMyTrip par flash sale! Fares Rs.500 se shuru, limited period ke liye. Yahan book karein: https://makemytrip.com/deals/GQb4t0",yes,No,No
ham,"Uber: Abhi book karein aur agli trip par 30% off paayein, 28-03-2026 tak valid. Details: https://uber.com/promotions/tQY7EQ",yes,No,No
ham,Aapka Airtel plan benefit aaj khatam ho raha hai. Extra data na khone ke liye midnight se pehle renew karein: https://airtel.in/offers/7WXzFK,yes,No,No
ham,"IRCTC members ko hamare festive sale ka early access milta hai, select routes par 20% off: https://irctc.co.in/offers/NvvpPe",yes,No,No
ham,"Happy Birthday Vikram! Aapke liye Rs.100 ka Titan voucher, is mahine valid: https://titan.co.in/sale/BQjfNE",yes,No,No
ham,Paytm: Dost ko refer karein aur dono ko 200 reward points milenge. Code YZOL67 share karein: https://paytm.com/rewards/uhizQs,yes,No,No
ham,"Disney+ Hotstar member hone ke naate, aaj se hamare 10% off renewal offer ka early access paayein: https://hotstar.com/subscribe/TI4YrZ",yes,No,No
ham,Aapka cult.fit subscription 12-02-2025 ko renew hoga. Annual plan par upgrade karein aur 10% bachayein: https://cult.fit/offers/09RbBf,yes,No,No
ham,Aapka Unacademy subscription 11-11-2026 ko renew hoga. Annual plan par upgrade karein aur 15% bachayein: https://unacademy.com/offers/9RKqRe,yes,No,No
ham,"IRCTC: Abhi book karein aur agli trip par 70% off paayein, 11-03-2026 tak valid. Details: https://irctc.co.in/offers/vx7QPr",yes,No,No
ham,"IRCTC par flash sale! Fares Rs.500 se shuru, limited period ke liye. Yahan book karein: https://irctc.co.in/offers/KqfM78",yes,No,No
ham,"Goibibo: Abhi book karein aur agli trip par 60% off paayein, 01-12-2026 tak valid. Details: https://goibibo.com/deals/plV4cE",yes,No,No
ham,CRED: Dost ko refer karein aur dono ko 300 reward points milenge. Code TUYD16 share karein: https://cred.club/rewards/aU1bSd,yes,No,No
ham,"Nykaa Big Billion Days LIVE hai! kitchen appliances par 50% tak ki chhoot, stock khatam hone se pehle jaldi karein: https://nykaa.com/sale/lgN8hJ",yes,No,No
ham,"Happy Birthday Priya! Aapke liye Rs.200 ka Ajio voucher, is mahine valid: https://ajio.com/sale/FIoSZn",yes,No,No
ham,"MakeMyTrip: Abhi book karein aur agli trip par 15% off paayein, 08-10-2026 tak valid. Details: https://makemytrip.com/deals/ifsNVk",yes,No,No
ham,Aapka cult.fit plan jald expire ho raha hai. Abhi renew karein aur pehle 3 mahino par 50% off paayein: https://cult.fit/offers/gDK4tC,yes,No,No
ham,Nykaa par naye arrivals aa gaye hain! Latest electronics collection dekhein: https://nykaa.com/sale/kbRM4w,yes,No,No
ham,"MakeMyTrip par flash sale! Fares Rs.150 se shuru, limited period ke liye. Yahan book karein: https://makemytrip.com/deals/WSHyGD",yes,No,No
ham,PhonePe: Is hafte app se bill payment karne par 15% cashback paayein. Details: https://phonepe.com/rewards/ib27gF,yes,No,No
ham,"Happy Birthday Vikram! Aapke liye Rs.500 ka PharmEasy voucher, is mahine valid: https://pharmeasy.in/offers/pTHZQT",yes,No,No
ham,"IRCTC par flash sale! Fares Rs.500 se shuru, limited period ke liye. Yahan book karein: https://irctc.co.in/offers/f7bW7Q",yes,No,No
ham,"Sirf aaj ke liye: Pepperfry par footwear par flat 20% off mil raha hai, aadhi raat se pehle order karein: https://pepperfry.com/sale/zLAUlu",yes,No,No
ham,"IRCTC: Abhi book karein aur agli trip par 30% off paayein, 20-09-2026 tak valid. Details: https://irctc.co.in/offers/jX9gKB",yes,No,No
ham,"Ola: Abhi book karein aur agli trip par 30% off paayein, 22-02-2025 tak valid. Details: https://olacabs.com/offers/tbXTlN",yes,No,No
ham,Aapne 500 PhonePe reward points kamaye hain. Agli transaction par redeem karein: https://phonepe.com/rewards/sTkqs5,yes,No,No
ham,Paytm: Is hafte app se bill payment karne par 60% cashback paayein. Details: https://paytm.com/rewards/U0tWtP,yes,No,No
ham,"IndiGo members ko hamare festive sale ka early access milta hai, select routes par 25% off: https://goindigo.in/offers/lnrkFC",yes,No,No
ham,Aapka Disney+ Hotstar plan jald expire ho raha hai. Abhi renew karein aur pehle 3 mahino par 60% off paayein: https://hotstar.com/subscribe/NK3xu3,yes,No,No
ham,Aapne 1000 PhonePe reward points kamaye hain. Agli transaction par redeem karein: https://phonepe.com/rewards/B7W4ih,yes,No,No
ham,"redBus par flash sale! Fares Rs.100 se shuru, limited period ke liye. Yahan book karein: https://redbus.in/offers/rSKYll",yes,No,No
ham,"Vi member hone ke naate, aaj se hamare 60% off renewal offer ka early access paayein: https://myvi.in/offers/r1ZkI9",yes,No,No
ham,Aapka Airtel plan jald expire ho raha hai. Abhi renew karein aur pehle 3 mahino par 15% off paayein: https://airtel.in/offers/KqzKED,yes,No,No
ham,Aapka Vi subscription 11-03-2026 ko renew hoga. Annual plan par upgrade karein aur 70% bachayein: https://myvi.in/offers/07SYbq,yes,No,No
ham,Aapne 150 Axis Bank reward points kamaye hain. Agli transaction par redeem karein: https://axisbank.com/offers/QlXM49,yes,No,No
ham,Limited period: aaj hi apni Jio membership upgrade karein aur annual fee par Rs.100 bachayein: https://jio.com/offers/dQe5M2,yes,No,No
ham,Aapne 150 Axis Bank reward points kamaye hain. Agli transaction par redeem karein: https://axisbank.com/offers/LdFUbz,yes,No,No
ham,"Happy Birthday Priya! Aapke liye Rs.100 ka Domino's voucher, is mahine valid: https://dominos.co.in/offers/UYXOD1",yes,No,No
ham,Paytm: Is hafte app se bill payment karne par 50% cashback paayein. Details: https://paytm.com/rewards/0U7jJR,yes,No,No
ham,Aapka Policybazaar plan jald expire ho raha hai. Abhi renew karein aur pehle 3 mahino par 30% off paayein: https://policybazaar.com/renew/4lrvPc,yes,No,No
ham,Aapne 500 SBI Card reward points kamaye hain. Agli transaction par redeem karein: https://sbicard.com/offers/VrxcZL,yes,No,No
ham,"Flipkart app abhi kholein aur pao exclusive app-only deal 40% off, sirf aaj: https://flipkart.com/sale/8praCN",yes,No,No
ham,"Ola par flash sale! Fares Rs.250 se shuru, limited period ke liye. Yahan book karein: https://olacabs.com/offers/tAyq13",yes,No,No
ham,Limited period: aaj hi apni BYJU'S membership upgrade karein aur annual fee par Rs.500 bachayein: https://byjus.com/offers/C4WsK9,yes,No,No
ham,"MakeMyTrip par flash sale! Fares Rs.50 se shuru, limited period ke liye. Yahan book karein: https://makemytrip.com/deals/VKSwQA",yes,No,No
ham,"Policybazaar member hone ke naate, aaj se hamare 25% off renewal offer ka early access paayein: https://policybazaar.com/renew/wNwYt1",yes,No,No
ham,Axis Bank: Dost ko refer karein aur dono ko 200 reward points milenge. Code TNAU68 share karein: https://axisbank.com/offers/2eJrFk,yes,No,No
ham,HDFC Bank: Dost ko refer karein aur dono ko 150 reward points milenge. Code PSVA70 share karein: https://hdfcbank.com/offers/D7AwjI,yes,No,No
ham,"Pepperfry app abhi kholein aur pao exclusive app-only deal 60% off, sirf aaj: https://pepperfry.com/sale/u922YA",yes,No,No
ham,PharmEasy par naye arrivals aa gaye hain! Latest groceries collection dekhein: https://pharmeasy.in/offers/gAbfs0,yes,No,No
ham,"IndiGo par flash sale! Fares Rs.150 se shuru, limited period ke liye. Yahan book karein: https://goindigo.in/offers/qErIeO",yes,No,No
ham,"New Year ki hardik shubhkamnayein! BookMyShow par 25% off ke saath celebrate karein, sirf hamare valued customers ke liye: https://bookmyshow.com/offers/8DLjNz",yes,No,No
ham,"Goibibo: Abhi book karein aur agli trip par 20% off paayein, 22-11-2026 tak valid. Details: https://goibibo.com/deals/En5yWQ",yes,No,No
ham,Limited period: aaj hi apni Unacademy membership upgrade karein aur annual fee par Rs.500 bachayein: https://unacademy.com/offers/NcLSxU,yes,No,No
ham,"redBus: Abhi book karein aur agli trip par 30% off paayein, 07-09-2025 tak valid. Details: https://redbus.in/offers/RrMecN",yes,No,No
ham,"Diwali Dhamaka Sale sirf Flipkart par: accessories par flat 80% tak chhoot, abhi app download karein: https://flipkart.com/sale/N5IVjU",yes,No,No
ham,"redBus members ko hamare festive sale ka early access milta hai, select routes par 70% off: https://redbus.in/offers/rtmafv",yes,No,No
ham,"Happy Birthday Amit! Aapke liye Rs.250 ka Myntra voucher, is mahine valid: https://myntra.com/offers/01N9vJ",yes,No,No
ham,Axis Bank: Dost ko refer karein aur dono ko 1000 reward points milenge. Code MFBZ44 share karein: https://axisbank.com/offers/KFjRyR,yes,No,No
ham,"Ola: Abhi book karein aur agli trip par 50% off paayein, 12-06-2026 tak valid. Details: https://olacabs.com/offers/ffc4dd",yes,No,No
ham,"IndiGo members ko hamare festive sale ka early access milta hai, select routes par 30% off: https://goindigo.in/offers/5TJWOC",yes,No,No
ham,Limited period: aaj hi apni Jio membership upgrade karein aur annual fee par Rs.50 bachayein: https://jio.com/offers/q7tcjn,yes,No,No
ham,"Pepperfry ki Big Billion Days miss mat karein - storewide 60% tak off, sirf limited time ke liye: https://pepperfry.com/sale/N0TImP",yes,No,No
ham,"redBus: Abhi book karein aur agli trip par 30% off paayein, 02-08-2025 tak valid. Details: https://redbus.in/offers/JnUt3n",yes,No,No
ham,"Aapka pichla Lenskart order pasand aaya tha? Agli order par 60% off, 12-01-2025 tak valid: https://lenskart.com/offers/1Wd0Cl",yes,No,No
ham,"boAt app abhi kholein aur pao exclusive app-only deal 10% off, sirf aaj: https://boat-lifestyle.com/sale/qkUC5y",yes,No,No
ham,Aapne 300 HDFC Bank reward points kamaye hain. Agli transaction par redeem karein: https://hdfcbank.com/offers/MQ6UNa,yes,No,No
ham,"Goibibo: Abhi book karein aur agli trip par 10% off paayein, 02-12-2026 tak valid. Details: https://goibibo.com/deals/nkHli9",yes,No,No
ham,SBI Card: Dost ko refer karein aur dono ko 200 reward points milenge. Code SYEM76 share karein: https://sbicard.com/offers/8ZNwp1,yes,No,No
ham,"redBus par flash sale! Fares Rs.100 se shuru, limited period ke liye. Yahan book karein: https://redbus.in/offers/usHdmo",yes,No,No
ham,"Ola members ko hamare festive sale ka early access milta hai, select routes par 15% off: https://olacabs.com/offers/B6zmeF",yes,No,No
ham,Aapka Disney+ Hotstar plan jald expire ho raha hai. Abhi renew karein aur pehle 3 mahino par 60% off paayein: https://hotstar.com/subscribe/jaW1Ja,yes,No,No
ham,"Diwali ki hardik shubhkamnayein! Amazon par 30% off ke saath celebrate karein, sirf hamare valued customers ke liye: https://amazon.in/deals/yXWXue",yes,No,No
ham,"Uber par flash sale! Fares Rs.300 se shuru, limited period ke liye. Yahan book karein: https://uber.com/promotions/i5MswM",yes,No,No
ham,"Aapka pichla Tanishq order pasand aaya tha? Agli order par 15% off, 28-12-2026 tak valid: https://tanishq.co.in/offers/kGkCRb",yes,No,No
ham,Aapne 250 PhonePe reward points kamaye hain. Agli transaction par redeem karein: https://phonepe.com/rewards/Od5KUv,yes,No,No
ham,"Uber par flash sale! Fares Rs.250 se shuru, limited period ke liye. Yahan book karein: https://uber.com/promotions/aUPGIS",yes,No,No
ham,"MakeMyTrip members ko hamare festive sale ka early access milta hai, select routes par 60% off: https://makemytrip.com/deals/lwoFDA",yes,No,No
ham,"Hi Anita, aapke Ajio cart ke items ab sale mein hain. Order complete karein: https://ajio.com/sale/ZH45iM",yes,No,No
ham,"IRCTC: Abhi book karein aur agli trip par 20% off paayein, 28-06-2025 tak valid. Details: https://irctc.co.in/offers/NPqRXQ",yes,No,No
ham,Aapne 100 Paytm reward points kamaye hain. Agli transaction par redeem karein: https://paytm.com/rewards/H8PDEO,yes,No,No
ham,"redBus par flash sale! Fares Rs.250 se shuru, limited period ke liye. Yahan book karein: https://redbus.in/offers/K3EpEk",yes,No,No
ham,Aapka Vi plan benefit aaj khatam ho raha hai. Extra data na khone ke liye midnight se pehle renew karein: https://myvi.in/offers/LEGYg1,yes,No,No
ham,"Domino's ki Year End Sale miss mat karein - storewide 75% tak off, sirf limited time ke liye: https://dominos.co.in/offers/2Byd47",yes,No,No
ham,"IndiGo members ko hamare festive sale ka early access milta hai, select routes par 70% off: https://goindigo.in/offers/XFg5aY",yes,No,No
ham,"Happy Birthday Amit! Aapke liye Rs.250 ka Amazon voucher, is mahine valid: https://amazon.in/deals/EcOObq",yes,No,No
ham,"Sirf aaj ke liye: Amazon par groceries par flat 30% off mil raha hai, aadhi raat se pehle order karein: https://amazon.in/deals/zk9kqu",yes,No,No
ham,"Big Billion Days sirf Ajio par: footwear par flat 70% tak chhoot, abhi app download karein: https://ajio.com/sale/9rIaKK",yes,No,No
ham,PhonePe: Dost ko refer karein aur dono ko 300 reward points milenge. Code ILTT16 share karein: https://phonepe.com/rewards/uFhkhi,yes,No,No
ham,"Aapka pichla Titan order pasand aaya tha? Agli order par 15% off, 26-01-2025 tak valid: https://titan.co.in/sale/K4dVUl",yes,No,No
ham,Aapne 500 PhonePe reward points kamaye hain. Agli transaction par redeem karein: https://phonepe.com/rewards/Ktrepj,yes,No,No
ham,Limited period: aaj hi apni BYJU'S membership upgrade karein aur annual fee par Rs.100 bachayein: https://byjus.com/offers/68Ran1,yes,No,No
ham,"MakeMyTrip: Abhi book karein aur agli trip par 25% off paayein, 19-06-2026 tak valid. Details: https://makemytrip.com/deals/M8m3fn",yes,No,No
ham,"Uber: Abhi book karein aur agli trip par 25% off paayein, 23-07-2025 tak valid. Details: https://uber.com/promotions/g4KNL6",yes,No,No
ham,"Uber: Abhi book karein aur agli trip par 40% off paayein, 01-01-2025 tak valid. Details: https://uber.com/promotions/5YalOg",yes,No,No
ham,"Goibibo: Abhi book karein aur agli trip par 60% off paayein, 26-02-2026 tak valid. Details: https://goibibo.com/deals/zNY3YG",yes,No,No
ham,"Goibibo: Abhi book karein aur agli trip par 20% off paayein, 23-06-2025 tak valid. Details: https://goibibo.com/deals/mfbIgE",yes,No,No
ham,"Hi Priya, aapke Zepto cart ke items ab sale mein hain. Order complete karein: https://zepto.com/offers/jQX4B7",yes,No,No
ham,Aapne 750 Paytm reward points kamaye hain. Agli transaction par redeem karein: https://paytm.com/rewards/pMPI6X,yes,No,No
ham,PhonePe: Dost ko refer karein aur dono ko 1000 reward points milenge. Code EZPB35 share karein: https://phonepe.com/rewards/UZOB0p,yes,No,No
ham,Aapka Jio plan benefit aaj khatam ho raha hai. Extra data na khone ke liye midnight se pehle renew karein: https://jio.com/offers/wmZ8VV,yes,No,No
ham,PhonePe: Is hafte app se bill payment karne par 40% cashback paayein. Details: https://phonepe.com/rewards/fvsNwl,yes,No,No
ham,"End of Season Sale sirf Ajio par: home decor par flat 50% tak chhoot, abhi app download karein: https://ajio.com/sale/Lq3tj6",yes,No,No
ham,Aapne 200 HDFC Bank reward points kamaye hain. Agli transaction par redeem karein: https://hdfcbank.com/offers/PzhWDT,yes,No,No
ham,"IndiGo par flash sale! Fares Rs.100 se shuru, limited period ke liye. Yahan book karein: https://goindigo.in/offers/jIp1y6",yes,No,No
ham,"Happy Birthday Rahul! Aapke liye Rs.250 ka PharmEasy voucher, is mahine valid: https://pharmeasy.in/offers/0pf5sj",yes,No,No
ham,Aapka BYJU'S plan jald expire ho raha hai. Abhi renew karein aur pehle 3 mahino par 60% off paayein: https://byjus.com/offers/YgVoTT,yes,No,No
ham,"Aapka pichla BigBasket order pasand aaya tha? Agli order par 70% off, 02-07-2025 tak valid: https://bigbasket.com/offers/V81MaA",yes,No,No
ham,"Flipkart app abhi kholein aur pao exclusive app-only deal 25% off, sirf aaj: https://flipkart.com/sale/8GR5WO",yes,No,No
ham,"New Year ki hardik shubhkamnayein! BookMyShow par 40% off ke saath celebrate karein, sirf hamare valued customers ke liye: https://bookmyshow.com/offers/AZmwfW",yes,No,No
ham,ICICI Bank: Dost ko refer karein aur dono ko 300 reward points milenge. Code RSXW41 share karein: https://icicibank.com/offers/4fitYk,yes,No,No
ham,Aapka BYJU'S plan benefit aaj khatam ho raha hai. Extra data na khone ke liye midnight se pehle renew karein: https://byjus.com/offers/WH1TGL,yes,No,No
ham,"Sirf aaj ke liye: boAt par accessories par flat 25% off mil raha hai, aadhi raat se pehle order karein: https://boat-lifestyle.com/sale/04uF6s",yes,No,No
ham,"MakeMyTrip members ko hamare festive sale ka early access milta hai, select routes par 30% off: https://makemytrip.com/deals/l2Z62L",yes,No,No
ham,"IndiGo par flash sale! Fares Rs.150 se shuru, limited period ke liye. Yahan book karein: https://goindigo.in/offers/AF9ZEL",yes,No,No
ham,"redBus par flash sale! Fares Rs.500 se shuru, limited period ke liye. Yahan book karein: https://redbus.in/offers/wM4boY",yes,No,No
ham,"Uber: Abhi book karein aur agli trip par 70% off paayein, 16-11-2025 tak valid. Details: https://uber.com/promotions/yUhI6I",yes,No,No
ham,Aapne 250 CRED reward points kamaye hain. Agli transaction par redeem karein: https://cred.club/rewards/umL6Wy,yes,No,No
ham,Aapka Vi plan benefit aaj khatam ho raha hai. Extra data na khone ke liye midnight se pehle renew karein: https://myvi.in/offers/nR5vxG,yes,No,No
ham,Aapka Netflix plan jald expire ho raha hai. Abhi renew karein aur pehle 3 mahino par 25% off paayein: https://netflix.com/account/uDzdqJ,yes,No,No
ham,"IRCTC members ko hamare festive sale ka early access milta hai, select routes par 40% off: https://irctc.co.in/offers/gR0B6O",yes,No,No
ham,"cult.fit member hone ke naate, aaj se hamare 10% off renewal offer ka early access paayein: https://cult.fit/offers/w6wXRF",yes,No,No
ham,Paytm: Is hafte app se bill payment karne par 60% cashback paayein. Details: https://paytm.com/rewards/d1PBWe,yes,No,No
ham,Aapka cult.fit plan benefit aaj khatam ho raha hai. Extra data na khone ke liye midnight se pehle renew karein: https://cult.fit/offers/wpU7VQ,yes,No,No
ham,Aapka Policybazaar plan benefit aaj khatam ho raha hai. Extra data na khone ke liye midnight se pehle renew karein: https://policybazaar.com/renew/eBU65K,yes,No,No
ham,Paytm: Dost ko refer karein aur dono ko 500 reward points milenge. Code VVOB34 share karein: https://paytm.com/rewards/bJfnWf,yes,No,No
ham,HDFC Bank: Dost ko refer karein aur dono ko 250 reward points milenge. Code KNBX28 share karein: https://hdfcbank.com/offers/aUumiY,yes,No,No
ham,Aapka Amazon Prime Video plan jald expire ho raha hai. Abhi renew karein aur pehle 3 mahino par 60% off paayein: https://primevideo.com/offers/KPeLSF,yes,No,No
ham,PhonePe: Dost ko refer karein aur dono ko 100 reward points milenge. Code NPDG58 share karein: https://phonepe.com/rewards/VGqpv4,yes,No,No
ham,Aapne 150 Axis Bank reward points kamaye hain. Agli transaction par redeem karein: https://axisbank.com/offers/aTj0mo,yes,No,No
ham,CRED: Dost ko refer karein aur dono ko 150 reward points milenge. Code PUEG26 share karein: https://cred.club/rewards/eXxeNu,yes,No,No
ham,"Ola par flash sale! Fares Rs.150 se shuru, limited period ke liye. Yahan book karein: https://olacabs.com/offers/e4w82X",yes,No,No
ham,CRED: Dost ko refer karein aur dono ko 500 reward points milenge. Code BSBL58 share karein: https://cred.club/rewards/YzFLcL,yes,No,No
ham,Aapne 150 HDFC Bank reward points kamaye hain. Agli transaction par redeem karein: https://hdfcbank.com/offers/SzOL1g,yes,No,No
ham,Aapne 300 ICICI Bank reward points kamaye hain. Agli transaction par redeem karein: https://icicibank.com/offers/T56Ngz,yes,No,No
ham,boAt par naye arrivals aa gaye hain! Latest fashion collection dekhein: https://boat-lifestyle.com/sale/E4v2j3,yes,No,No
ham,Aapne 150 HDFC Bank reward points kamaye hain. Agli transaction par redeem karein: https://hdfcbank.com/offers/5ZwwaE,yes,No,No
ham,"BookMyShow Great Indian Festival LIVE hai! fashion par 60% tak ki chhoot, stock khatam hone se pehle jaldi karein: https://bookmyshow.com/offers/dkcM1K",yes,No,No
ham,"MakeMyTrip members ko hamare festive sale ka early access milta hai, select routes par 40% off: https://makemytrip.com/deals/p8HXVg",yes,No,No
ham,Aakhri mauka: aapke Vi bonus data offer aaj raat expire ho raha hai. Extra benefit ke liye abhi recharge karein: https://myvi.in/offers/QPmKhZ,yes,No,No
ham,"Happy Birthday Sneha! Aapke liye Rs.500 ka Titan voucher, is mahine valid: https://titan.co.in/sale/up5No0",yes,No,No
ham,ICICI Bank: Dost ko refer karein aur dono ko 250 reward points milenge. Code QFDC45 share karein: https://icicibank.com/offers/c8wkxl,yes,No,No
ham,"Goibibo par flash sale! Fares Rs.50 se shuru, limited period ke liye. Yahan book karein: https://goibibo.com/deals/ORBccR",yes,No,No
ham,CRED: Dost ko refer karein aur dono ko 1000 reward points milenge. Code TTHM21 share karein: https://cred.club/rewards/hSDVak,yes,No,No
ham,"IndiGo: Abhi book karein aur agli trip par 40% off paayein, 11-02-2025 tak valid. Details: https://goindigo.in/offers/5enJCL",yes,No,No
ham,"redBus members ko hamare festive sale ka early access milta hai, select routes par 40% off: https://redbus.in/offers/LMSGYU",yes,No,No
ham,HDFC Bank: Is hafte app se bill payment karne par 15% cashback paayein. Details: https://hdfcbank.com/offers/DytbpG,yes,No,No
ham,Aapka Amazon Prime Video plan jald expire ho raha hai. Abhi renew karein aur pehle 3 mahino par 50% off paayein: https://primevideo.com/offers/mnsG7l,yes,No,No
ham,"Monsoon Sale sirf PharmEasy par: kitchen appliances par flat 75% tak chhoot, abhi app download karein: https://pharmeasy.in/offers/SxVloQ",yes,No,No
ham,BookMyShow par naye arrivals aa gaye hain! Latest footwear collection dekhein: https://bookmyshow.com/offers/wSAuuO,yes,No,No
ham,"Goibibo: Abhi book karein aur agli trip par 70% off paayein, 02-03-2026 tak valid. Details: https://goibibo.com/deals/7vYo8q",yes,No,No
ham,ICICI Bank: Is hafte app se bill payment karne par 40% cashback paayein. Details: https://icicibank.com/offers/MlaZm0,yes,No,No
ham,"redBus: Abhi book karein aur agli trip par 60% off paayein, 08-11-2026 tak valid. Details: https://redbus.in/offers/DSDJmH",yes,No,No
ham,Aapne 1000 PhonePe reward points kamaye hain. Agli transaction par redeem karein: https://phonepe.com/rewards/RbxSi0,yes,No,No
ham,"IRCTC par flash sale! Fares Rs.500 se shuru, limited period ke liye. Yahan book karein: https://irctc.co.in/offers/i6potQ",yes,No,No
ham,"Ola par flash sale! Fares Rs.50 se shuru, limited period ke liye. Yahan book karein: https://olacabs.com/offers/YL0NoW",yes,No,No
ham,Limited period: aaj hi apni Airtel membership upgrade karein aur annual fee par Rs.250 bachayein: https://airtel.in/offers/EOJ46S,yes,No,No
ham,"Policybazaar member hone ke naate, aaj se hamare 10% off renewal offer ka early access paayein: https://policybazaar.com/renew/6CIeFF",yes,No,No
ham,boAt par naye arrivals aa gaye hain! Latest fashion collection dekhein: https://boat-lifestyle.com/sale/sTMSco,yes,No,No
ham,Aapka Policybazaar plan jald expire ho raha hai. Abhi renew karein aur pehle 3 mahino par 70% off paayein: https://policybazaar.com/renew/8wLYMv,yes,No,No
ham,Aapne 300 Axis Bank reward points kamaye hain. Agli transaction par redeem karein: https://axisbank.com/offers/9OaqOM,yes,No,No
ham,"Sirf aaj ke liye: Decathlon par footwear par flat 50% off mil raha hai, aadhi raat se pehle order karein: https://decathlon.in/sale/gEsDrq",yes,No,No
ham,"Happy Birthday Raj! Aapke liye Rs.200 ka Decathlon voucher, is mahine valid: https://decathlon.in/sale/WEMML5",yes,No,No
ham,"Uber members ko hamare festive sale ka early access milta hai, select routes par 60% off: https://uber.com/promotions/e9Qfxc",yes,No,No
ham,"Ajio ki Monsoon Sale ke aakhri kuch ghante! 70% tak off, aaj raat khatam hone se pehle shop karein: https://ajio.com/sale/44XBc4",yes,No,No
ham,"IndiGo: Abhi book karein aur agli trip par 30% off paayein, 17-02-2025 tak valid. Details: https://goindigo.in/offers/yo7Hul",yes,No,No
ham,"Policybazaar member hone ke naate, aaj se hamare 50% off renewal offer ka early access paayein: https://policybazaar.com/renew/vXFpoa",yes,No,No
ham,"IndiGo par flash sale! Fares Rs.250 se shuru, limited period ke liye. Yahan book karein: https://goindigo.in/offers/8nQckz",yes,No,No
ham,"Diwali ki hardik shubhkamnayein! Swiggy par 15% off ke saath celebrate karein, sirf hamare valued customers ke liye: https://swiggy.com/offers/EYxavP",yes,No,No
ham,Aapka cult.fit plan jald expire ho raha hai. Abhi renew karein aur pehle 3 mahino par 30% off paayein: https://cult.fit/offers/2SF6rj,yes,No,No
ham,"Sirf aaj ke liye: Nykaa par footwear par flat 25% off mil raha hai, aadhi raat se pehle order karein: https://nykaa.com/sale/ylN5rA",yes,No,No
ham,Tanishq: Is weekend storewide flat 25% off. T&C apply. Offers band karne ke liye STOP reply karein. https://tanishq.co.in/offers/79efRw,yes,No,No
ham,"Goibibo members ko hamare festive sale ka early access milta hai, select routes par 40% off: https://goibibo.com/deals/aUI5KW",yes,No,No
ham,"redBus: Abhi book karein aur agli trip par 15% off paayein, 04-03-2026 tak valid. Details: https://redbus.in/offers/kZDI58",yes,No,No
ham,Pepperfry: Is weekend storewide flat 70% off. T&C apply. Offers band karne ke liye STOP reply karein. https://pepperfry.com/sale/2f0GPd,yes,No,No
ham,Aakhri mauka: aapke Amazon Prime Video bonus data offer aaj raat expire ho raha hai. Extra benefit ke liye abhi recharge karein: https://primevideo.com/offers/nnT175,yes,No,No
ham,Aapka Airtel plan benefit aaj khatam ho raha hai. Extra data na khone ke liye midnight se pehle renew karein: https://airtel.in/offers/dBQrPX,yes,No,No
ham,Aapne 500 HDFC Bank reward points kamaye hain. Agli transaction par redeem karein: https://hdfcbank.com/offers/YEeseU,yes,No,No
ham,Aapka Spotify subscription 27-10-2025 ko renew hoga. Annual plan par upgrade karein aur 70% bachayein: https://spotify.com/premium/sx4tvf,yes,No,No
ham,"IndiGo par flash sale! Fares Rs.100 se shuru, limited period ke liye. Yahan book karein: https://goindigo.in/offers/6CnZzr",yes,No,No
ham,"Happy Birthday Anita! Aapke liye Rs.200 ka Nykaa voucher, is mahine valid: https://nykaa.com/sale/phFDfd",yes,No,No
ham,"Eid ki hardik shubhkamnayein! Ajio par 50% off ke saath celebrate karein, sirf hamare valued customers ke liye: https://ajio.com/sale/FZqkzr",yes,No,No
ham,"Spotify member hone ke naate, aaj se hamare 10% off renewal offer ka early access paayein: https://spotify.com/premium/mcFLn8",yes,No,No
ham,Paytm: Dost ko refer karein aur dono ko 150 reward points milenge. Code QKSP25 share karein: https://paytm.com/rewards/a9Fofc,yes,No,No
ham,"MakeMyTrip par flash sale! Fares Rs.250 se shuru, limited period ke liye. Yahan book karein: https://makemytrip.com/deals/bkkuE2",yes,No,No
ham,Aapka Disney+ Hotstar plan benefit aaj khatam ho raha hai. Extra data na khone ke liye midnight se pehle renew karein: https://hotstar.com/subscribe/gzLpve,yes,No,No
ham,"Happy Birthday Pooja! Aapke liye Rs.500 ka Flipkart voucher, is mahine valid: https://flipkart.com/sale/RRl9st",yes,No,No
ham,"IRCTC: Abhi book karein aur agli trip par 60% off paayein, 19-02-2025 tak valid. Details: https://irctc.co.in/offers/PCutjd",yes,No,No
ham,BigBasket ki Big Sale live hai! kitchen appliances par 60% tak ki chhoot. Abhi shop karein: https://bigbasket.com/offers/AEpQji,yes,No,No
ham,"Sirf aaj ke liye: Ajio par electronics par flat 60% off mil raha hai, aadhi raat se pehle order karein: https://ajio.com/sale/WZ9A1g",yes,No,No
ham,PhonePe: Dost ko refer karein aur dono ko 750 reward points milenge. Code PEYX67 share karein: https://phonepe.com/rewards/9ffY9T,yes,No,No
ham,Aapka Jio subscription 19-09-2026 ko renew hoga. Annual plan par upgrade karein aur 15% bachayein: https://jio.com/offers/4zKY5l,yes,No,No
ham,Zepto par dost ko invite karein aur dono ko Rs.150 off milega. Code ZABX26 share karein: https://zepto.com/offers/GJR6V5,yes,No,No
ham,Paytm: Dost ko refer karein aur dono ko 500 reward points milenge. Code CHDV79 share karein: https://paytm.com/rewards/yWTmvH,yes,No,No
ham,"IRCTC par flash sale! Fares Rs.300 se shuru, limited period ke liye. Yahan book karein: https://irctc.co.in/offers/KGOiLV",yes,No,No
ham,ICICI Bank: Is hafte app se bill payment karne par 25% cashback paayein. Details: https://icicibank.com/offers/RPlheq,yes,No,No
ham,"Aapka pichla boAt order pasand aaya tha? Agli order par 25% off, 19-02-2026 tak valid: https://boat-lifestyle.com/sale/eshlAb",yes,No,No
ham,ICICI Bank: Is hafte app se bill payment karne par 60% cashback paayein. Details: https://icicibank.com/offers/fPgYo3,yes,No,No
ham,"IRCTC par flash sale! Fares Rs.500 se shuru, limited period ke liye. Yahan book karein: https://irctc.co.in/offers/LRmrv5",yes,No,No
ham,"IRCTC par flash sale! Fares Rs.100 se shuru, limited period ke liye. Yahan book karein: https://irctc.co.in/offers/scOrx3",yes,No,No
ham,Aapka Amazon Prime Video plan jald expire ho raha hai. Abhi renew karein aur pehle 3 mahino par 15% off paayein: https://primevideo.com/offers/Jwt3HV,yes,No,No
ham,"MakeMyTrip: Abhi book karein aur agli trip par 25% off paayein, 17-08-2025 tak valid. Details: https://makemytrip.com/deals/RSIgC6",yes,No,No
ham,HDFC Bank: Dost ko refer karein aur dono ko 750 reward points milenge. Code RWNO36 share karein: https://hdfcbank.com/offers/cwsUm0,yes,No,No
ham,Aapka Vi plan benefit aaj khatam ho raha hai. Extra data na khone ke liye midnight se pehle renew karein: https://myvi.in/offers/bPksH0,yes,No,No
ham,"IRCTC par flash sale! Fares Rs.500 se shuru, limited period ke liye. Yahan book karein: https://irctc.co.in/offers/BuOokb",yes,No,No
ham,"IRCTC members ko hamare festive sale ka early access milta hai, select routes par 10% off: https://irctc.co.in/offers/5AK0gm",yes,No,No
ham,"Goibibo par flash sale! Fares Rs.250 se shuru, limited period ke liye. Yahan book karein: https://goibibo.com/deals/F8vU55",yes,No,No
ham,"IndiGo par flash sale! Fares Rs.300 se shuru, limited period ke liye. Yahan book karein: https://goindigo.in/offers/978GwS",yes,No,No
ham,"Happy Birthday Raj! Aapke liye Rs.200 ka Nykaa voucher, is mahine valid: https://nykaa.com/sale/mXw6v3",yes,No,No
ham,Aapka Spotify plan jald expire ho raha hai. Abhi renew karein aur pehle 3 mahino par 60% off paayein: https://spotify.com/premium/SnBrgW,yes,No,No
ham,Pepperfry: Is weekend storewide flat 70% off. T&C apply. Offers band karne ke liye STOP reply karein. https://pepperfry.com/sale/7hIfy1,yes,No,No
ham,HDFC Bank: Dost ko refer karein aur dono ko 1000 reward points milenge. Code HKDM40 share karein: https://hdfcbank.com/offers/3Tkj41,yes,No,No
ham,"Lenskart ki End of Season Sale ke aakhri kuch ghante! 50% tak off, aaj raat khatam hone se pehle shop karein: https://lenskart.com/offers/OSWjaj",yes,No,No
ham,"redBus: Abhi book karein aur agli trip par 60% off paayein, 01-12-2025 tak valid. Details: https://redbus.in/offers/pir7an",yes,No,No
ham,"MakeMyTrip par flash sale! Fares Rs.250 se shuru, limited period ke liye. Yahan book karein: https://makemytrip.com/deals/ku9LjN",yes,No,No
ham,"IRCTC par flash sale! Fares Rs.500 se shuru, limited period ke liye. Yahan book karein: https://irctc.co.in/offers/rFvAqo",yes,No,No
ham,"IndiGo par flash sale! Fares Rs.250 se shuru, limited period ke liye. Yahan book karein: https://goindigo.in/offers/JyU4J2",yes,No,No
ham,"Ola: Abhi book karein aur agli trip par 10% off paayein, 10-10-2025 tak valid. Details: https://olacabs.com/offers/BKY42N",yes,No,No
ham,"Netflix member hone ke naate, aaj se hamare 10% off renewal offer ka early access paayein: https://netflix.com/account/E5Uc3Q",yes,No,No
ham,"Zomato Diwali Dhamaka Sale LIVE hai! electronics par 50% tak ki chhoot, stock khatam hone se pehle jaldi karein: https://zomato.com/gold/U4gN8K",yes,No,No
ham,PhonePe: Is hafte app se bill payment karne par 40% cashback paayein. Details: https://phonepe.com/rewards/HxEvIy,yes,No,No
ham,Aapne 150 ICICI Bank reward points kamaye hain. Agli transaction par redeem karein: https://icicibank.com/offers/KQ6zp7,yes,No,No
ham,"IRCTC: Abhi book karein aur agli trip par 60% off paayein, 15-07-2026 tak valid. Details: https://irctc.co.in/offers/cRN8cy",yes,No,No
ham,ICICI Bank: Dost ko refer karein aur dono ko 750 reward points milenge. Code CJMT34 share karein: https://icicibank.com/offers/hOFjB3,yes,No,No
ham,Aapka Netflix plan benefit aaj khatam ho raha hai. Extra data na khone ke liye midnight se pehle renew karein: https://netflix.com/account/qGTTBy,yes,No,No
ham,"Spotify member hone ke naate, aaj se hamare 70% off renewal offer ka early access paayein: https://spotify.com/premium/UbyAKB",yes,No,No
ham,"IndiGo par flash sale! Fares Rs.150 se shuru, limited period ke liye. Yahan book karein: https://goindigo.in/offers/dsGq3G",yes,No,No
ham,Aapne 200 SBI Card reward points kamaye hain. Agli transaction par redeem karein: https://sbicard.com/offers/W7H78F,yes,No,No
ham,"MakeMyTrip members ko hamare festive sale ka early access milta hai, select routes par 70% off: https://makemytrip.com/deals/pRLs4s",yes,No,No
ham,"redBus par flash sale! Fares Rs.150 se shuru, limited period ke liye. Yahan book karein: https://redbus.in/offers/9Vc9xm",yes,No,No
ham,"Uber members ko hamare festive sale ka early access milta hai, select routes par 20% off: https://uber.com/promotions/aR2KtD",yes,No,No
ham,ICICI Bank: Is hafte app se bill payment karne par 20% cashback paayein. Details: https://icicibank.com/offers/F1NDGp,yes,No,No
ham,Aakhri mauka: aapke Spotify bonus data offer aaj raat expire ho raha hai. Extra benefit ke liye abhi recharge karein: https://spotify.com/premium/yamUcM,yes,No,No
ham,"Sirf aaj ke liye: Myntra par groceries par flat 15% off mil raha hai, aadhi raat se pehle order karein: https://myntra.com/offers/GaIfvN",yes,No,No
ham,"Spotify member hone ke naate, aaj se hamare 60% off renewal offer ka early access paayein: https://spotify.com/premium/HTDowv",yes,No,No
ham,PhonePe: Dost ko refer karein aur dono ko 500 reward points milenge. Code FYEY31 share karein: https://phonepe.com/rewards/xC8z6w,yes,No,No
ham,Aapne 750 HDFC Bank reward points kamaye hain. Agli transaction par redeem karein: https://hdfcbank.com/offers/dolseh,yes,No,No
ham,"Uber: Abhi book karein aur agli trip par 20% off paayein, 20-08-2025 tak valid. Details: https://uber.com/promotions/Sx9114",yes,No,No
ham,"Meesho Great Indian Festival LIVE hai! accessories par 50% tak ki chhoot, stock khatam hone se pehle jaldi karein: https://meesho.com/offers/oi6WDv",yes,No,No
ham,"IRCTC members ko hamare festive sale ka early access milta hai, select routes par 70% off: https://irctc.co.in/offers/2UkhSl",yes,No,No
ham,"Ola members ko hamare festive sale ka early access milta hai, select routes par 25% off: https://olacabs.com/offers/Jc2aoU",yes,No,No
ham,"redBus par flash sale! Fares Rs.300 se shuru, limited period ke liye. Yahan book karein: https://redbus.in/offers/G52HiD",yes,No,No
ham,"Aapka pichla Titan order pasand aaya tha? Agli order par 10% off, 08-03-2026 tak valid: https://titan.co.in/sale/Aezj41",yes,No,No
ham,"Aapka pichla BigBasket order pasand aaya tha? Agli order par 15% off, 07-12-2026 tak valid: https://bigbasket.com/offers/83jfZG",yes,No,No
ham,Ajio: Is weekend storewide flat 40% off. T&C apply. Offers band karne ke liye STOP reply karein. https://ajio.com/sale/S7r1fM,yes,No,No
ham,"Goibibo members ko hamare festive sale ka early access milta hai, select routes par 10% off: https://goibibo.com/deals/KworKT",yes,No,No
ham,"Big Billion Days sirf Zomato par: groceries par flat 60% tak chhoot, abhi app download karein: https://zomato.com/gold/WHAKFY",yes,No,No
ham,"Goibibo par flash sale! Fares Rs.150 se shuru, limited period ke liye. Yahan book karein: https://goibibo.com/deals/9uqSh2",yes,No,No
ham,Aapne 150 SBI Card reward points kamaye hain. Agli transaction par redeem karein: https://sbicard.com/offers/fZEMHj,yes,No,No
ham,"cult.fit member hone ke naate, aaj se hamare 50% off renewal offer ka early access paayein: https://cult.fit/offers/dPw7Pv",yes,No,No
ham,"Uber: Abhi book karein aur agli trip par 15% off paayein, 12-04-2026 tak valid. Details: https://uber.com/promotions/nA26XR",yes,No,No
ham,Aapka Disney+ Hotstar subscription 08-05-2026 ko renew hoga. Annual plan par upgrade karein aur 30% bachayein: https://hotstar.com/subscribe/QkqfTH,yes,No,No
ham,"redBus par flash sale! Fares Rs.200 se shuru, limited period ke liye. Yahan book karein: https://redbus.in/offers/QDOh3v",yes,No,No
ham,"IndiGo par flash sale! Fares Rs.100 se shuru, limited period ke liye. Yahan book karein: https://goindigo.in/offers/MOD5D4",yes,No,No
ham,"Uber members ko hamare festive sale ka early access milta hai, select routes par 40% off: https://uber.com/promotions/g7X3Yg",yes,No,No
ham,BigBasket ki Big Sale live hai! home decor par 40% tak ki chhoot. Abhi shop karein: https://bigbasket.com/offers/cYVfCk,yes,No,No
ham,"Aapka pichla Flipkart order pasand aaya tha? Agli order par 40% off, 22-06-2025 tak valid: https://flipkart.com/sale/I3UV9Q",yes,No,No
ham,"IRCTC par flash sale! Fares Rs.150 se shuru, limited period ke liye. Yahan book karein: https://irctc.co.in/offers/ibDLbo",yes,No,No
ham,"IndiGo members ko hamare festive sale ka early access milta hai, select routes par 50% off: https://goindigo.in/offers/1N0rEb",yes,No,No
ham,"Christmas ki hardik shubhkamnayein! Nykaa par 10% off ke saath celebrate karein, sirf hamare valued customers ke liye: https://nykaa.com/sale/J3Xa2y",yes,No,No
ham,"redBus: Abhi book karein aur agli trip par 50% off paayein, 07-03-2026 tak valid. Details: https://redbus.in/offers/8CxPJ8",yes,No,No
ham,"redBus par flash sale! Fares Rs.100 se shuru, limited period ke liye. Yahan book karein: https://redbus.in/offers/LXYbGQ",yes,No,No
ham,Aakhri mauka: aapke cult.fit bonus data offer aaj raat expire ho raha hai. Extra benefit ke liye abhi recharge karein: https://cult.fit/offers/PEVk7P,yes,No,No
ham,"Goibibo par flash sale! Fares Rs.200 se shuru, limited period ke liye. Yahan book karein: https://goibibo.com/deals/NrzBZf",yes,No,No
ham,"Goibibo members ko hamare festive sale ka early access milta hai, select routes par 10% off: https://goibibo.com/deals/jp29PB",yes,No,No
ham,Limited period: aaj hi apni Disney+ Hotstar membership upgrade karein aur annual fee par Rs.100 bachayein: https://hotstar.com/subscribe/wpTNXd,yes,No,No
ham,"Sirf aaj ke liye: PharmEasy par kitchen appliances par flat 10% off mil raha hai, aadhi raat se pehle order karein: https://pharmeasy.in/offers/oiDIvU",yes,No,No
ham,Aapne 200 HDFC Bank reward points kamaye hain. Agli transaction par redeem karein: https://hdfcbank.com/offers/TgIPDx,yes,No,No
ham,Amazon par dost ko invite karein aur dono ko Rs.150 off milega. Code VWUJ79 share karein: https://amazon.in/deals/sMSeI6,yes,No,No
ham,"Goibibo par flash sale! Fares Rs.50 se shuru, limited period ke liye. Yahan book karein: https://goibibo.com/deals/eLObzv",yes,No,No
ham,Lenskart par naye arrivals aa gaye hain! Latest fashion collection dekhein: https://lenskart.com/offers/kUTVPQ,yes,No,No
ham,Aapka Jio subscription 06-07-2026 ko renew hoga. Annual plan par upgrade karein aur 15% bachayein: https://jio.com/offers/TqYGhw,yes,No,No
ham,"IRCTC par flash sale! Fares Rs.150 se shuru, limited period ke liye. Yahan book karein: https://irctc.co.in/offers/meUK4V",yes,No,No
ham,Aakhri mauka: aapke Unacademy bonus data offer aaj raat expire ho raha hai. Extra benefit ke liye abhi recharge karein: https://unacademy.com/offers/Z8e9yS,yes,No,No
ham,"IRCTC: Abhi book karein aur agli trip par 15% off paayein, 19-01-2026 tak valid. Details: https://irctc.co.in/offers/GMn8yp",yes,No,No
ham,"Christmas ki hardik shubhkamnayein! Blinkit par 50% off ke saath celebrate karein, sirf hamare valued customers ke liye: https://blinkit.com/offers/InhPEL",yes,No,No
ham,HDFC Bank: Dost ko refer karein aur dono ko 200 reward points milenge. Code KJWA57 share karein: https://hdfcbank.com/offers/qDJovB,yes,No,No
ham,Aapne 1000 Paytm reward points kamaye hain. Agli transaction par redeem karein: https://paytm.com/rewards/pnuRh6,yes,No,No
ham,HDFC Bank: Dost ko refer karein aur dono ko 1000 reward points milenge. Code OSVO74 share karein: https://hdfcbank.com/offers/yzO8lN,yes,No,No
ham,CRED: Dost ko refer karein aur dono ko 1000 reward points milenge. Code HPPY76 share karein: https://cred.club/rewards/tSFv9w,yes,No,No
ham,"Goibibo: Abhi book karein aur agli trip par 20% off paayein, 10-01-2026 tak valid. Details: https://goibibo.com/deals/NvtAR3",yes,No,No
ham,SBI Card: Dost ko refer karein aur dono ko 100 reward points milenge. Code XURO91 share karein: https://sbicard.com/offers/fQg8MQ,yes,No,No
ham,PhonePe: Is hafte app se bill payment karne par 60% cashback paayein. Details: https://phonepe.com/rewards/wfiJZl,yes,No,No
ham,Decathlon par dost ko invite karein aur dono ko Rs.200 off milega. Code GIGR77 share karein: https://decathlon.in/sale/JllbsI,yes,No,No
ham,"MakeMyTrip par flash sale! Fares Rs.50 se shuru, limited period ke liye. Yahan book karein: https://makemytrip.com/deals/NbCyc5",yes,No,No
ham,"Uber: Abhi book karein aur agli trip par 40% off paayein, 17-09-2026 tak valid. Details: https://uber.com/promotions/YzRQju",yes,No,No
ham,"BYJU'S member hone ke naate, aaj se hamare 70% off renewal offer ka early access paayein: https://byjus.com/offers/FJMr9q",yes,No,No
ham,"MakeMyTrip par flash sale! Fares Rs.100 se shuru, limited period ke liye. Yahan book karein: https://makemytrip.com/deals/eJNvUR",yes,No,No
ham,"Aapka pichla Flipkart order pasand aaya tha? Agli order par 60% off, 01-11-2025 tak valid: https://flipkart.com/sale/uQG4ZU",yes,No,No
ham,"Goibibo: Abhi book karein aur agli trip par 40% off paayein, 12-12-2025 tak valid. Details: https://goibibo.com/deals/4d3Mr9",yes,No,No
ham,"Unacademy member hone ke naate, aaj se hamare 50% off renewal offer ka early access paayein: https://unacademy.com/offers/NZAkOD",yes,No,No
ham,Limited period: aaj hi apni cult.fit membership upgrade karein aur annual fee par Rs.250 bachayein: https://cult.fit/offers/4zgrFU,yes,No,No
ham,PhonePe: Dost ko refer karein aur dono ko 500 reward points milenge. Code RRTB86 share karein: https://phonepe.com/rewards/Adk2yI,yes,No,No
ham,Ajio par naye arrivals aa gaye hain! Latest kitchen appliances collection dekhein: https://ajio.com/sale/HMmNSU,yes,No,No
ham,CRED: Dost ko refer karein aur dono ko 1000 reward points milenge. Code AAVP69 share karein: https://cred.club/rewards/CEGOcc,yes,No,No
ham,Meesho par naye arrivals aa gaye hain! Latest home decor collection dekhein: https://meesho.com/offers/YAL1Zt,yes,No,No
ham,Axis Bank: Is hafte app se bill payment karne par 20% cashback paayein. Details: https://axisbank.com/offers/673yTW,yes,No,No
ham,"Tanishq ki Republic Day Sale ke aakhri kuch ghante! 80% tak off, aaj raat khatam hone se pehle shop karein: https://tanishq.co.in/offers/jIIiLE",yes,No,No
ham,PhonePe: Is hafte app se bill payment karne par 70% cashback paayein. Details: https://phonepe.com/rewards/wl6osn,yes,No,No
ham,"Happy Birthday Raj! Aapke liye Rs.200 ka 1mg voucher, is mahine valid: https://1mg.com/offers/fZ3SxL",yes,No,No
ham,"Goibibo members ko hamare festive sale ka early access milta hai, select routes par 20% off: https://goibibo.com/deals/DRJZTW",yes,No,No
ham,SBI Card: Dost ko refer karein aur dono ko 100 reward points milenge. Code EOOT98 share karein: https://sbicard.com/offers/x3engU,yes,No,No
ham,"IRCTC: Abhi book karein aur agli trip par 30% off paayein, 14-05-2025 tak valid. Details: https://irctc.co.in/offers/15Njc8",yes,No,No
ham,"Uber: Abhi book karein aur agli trip par 60% off paayein, 13-12-2025 tak valid. Details: https://uber.com/promotions/UDvB9l",yes,No,No
ham,"redBus: Abhi book karein aur agli trip par 60% off paayein, 04-05-2026 tak valid. Details: https://redbus.in/offers/GIRV3d",yes,No,No
ham,"IndiGo members ko hamare festive sale ka early access milta hai, select routes par 20% off: https://goindigo.in/offers/CN3g5v",yes,No,No
ham,"PharmEasy app abhi kholein aur pao exclusive app-only deal 10% off, sirf aaj: https://pharmeasy.in/offers/6d0zAz",yes,No,No
ham,Aapne 100 PhonePe reward points kamaye hain. Agli transaction par redeem karein: https://phonepe.com/rewards/J5YcLC,yes,No,No
ham,"Happy Birthday Amit! Aapke liye Rs.50 ka BookMyShow voucher, is mahine valid: https://bookmyshow.com/offers/YzYyGM",yes,No,No
ham,"Hi Raj, aapke Myntra cart ke items ab sale mein hain. Order complete karein: https://myntra.com/offers/EqaRUo",yes,No,No
ham,Aapka Amazon Prime Video plan benefit aaj khatam ho raha hai. Extra data na khone ke liye midnight se pehle renew karein: https://primevideo.com/offers/WOnOVK,yes,No,No
ham,"Zomato ki Monsoon Sale miss mat karein - storewide 60% tak off, sirf limited time ke liye: https://zomato.com/gold/7NC7NE",yes,No,No
ham,"Aapka pichla BigBasket order pasand aaya tha? Agli order par 10% off, 08-12-2025 tak valid: https://bigbasket.com/offers/zmSUTX",yes,No,No
ham,"redBus members ko hamare festive sale ka early access milta hai, select routes par 40% off: https://redbus.in/offers/UHIOb9",yes,No,No
ham,CRED: Is hafte app se bill payment karne par 40% cashback paayein. Details: https://cred.club/rewards/yemArg,yes,No,No
ham,"Spotify member hone ke naate, aaj se hamare 70% off renewal offer ka early access paayein: https://spotify.com/premium/ks3AsK",yes,No,No
ham,"Netflix member hone ke naate, aaj se hamare 50% off renewal offer ka early access paayein: https://netflix.com/account/bN2sPx",yes,No,No
ham,Aapka Disney+ Hotstar plan benefit aaj khatam ho raha hai. Extra data na khone ke liye midnight se pehle renew karein: https://hotstar.com/subscribe/dhlScg,yes,No,No
ham,"BookMyShow ki Diwali Dhamaka Sale miss mat karein - storewide 50% tak off, sirf limited time ke liye: https://bookmyshow.com/offers/zeh91e",yes,No,No
ham,"Ola: Abhi book karein aur agli trip par 30% off paayein, 08-11-2026 tak valid. Details: https://olacabs.com/offers/m8SqnD",yes,No,No
ham,"Uber: Abhi book karein aur agli trip par 30% off paayein, 27-07-2026 tak valid. Details: https://uber.com/promotions/lunICx",yes,No,No
ham,Aapka Vi plan jald expire ho raha hai. Abhi renew karein aur pehle 3 mahino par 25% off paayein: https://myvi.in/offers/MH1MX4,yes,No,No
ham,"BookMyShow Big Billion Days LIVE hai! kitchen appliances par 80% tak ki chhoot, stock khatam hone se pehle jaldi karein: https://bookmyshow.com/offers/KP1bZO",yes,No,No
ham,Aapne 500 HDFC Bank reward points kamaye hain. Agli transaction par redeem karein: https://hdfcbank.com/offers/TjMehH,yes,No,No
ham,"MakeMyTrip par flash sale! Fares Rs.300 se shuru, limited period ke liye. Yahan book karein: https://makemytrip.com/deals/JQLj2R",yes,No,No
ham,Aapka Vi plan jald expire ho raha hai. Abhi renew karein aur pehle 3 mahino par 30% off paayein: https://myvi.in/offers/jSzDbR,yes,No,No
ham,PhonePe: Dost ko refer karein aur dono ko 750 reward points milenge. Code WRWI34 share karein: https://phonepe.com/rewards/blujWF,yes,No,No
ham,ICICI Bank: Dost ko refer karein aur dono ko 500 reward points milenge. Code YLYR77 share karein: https://icicibank.com/offers/5eqhdl,yes,No,No
ham,"BookMyShow ki Year End Sale ke aakhri kuch ghante! 70% tak off, aaj raat khatam hone se pehle shop karein: https://bookmyshow.com/offers/ZMbuNR",yes,No,No
ham,"Pepperfry ki Diwali Dhamaka Sale miss mat karein - storewide 70% tak off, sirf limited time ke liye: https://pepperfry.com/sale/i54f1A",yes,No,No
ham,"End of Season Sale sirf PharmEasy par: fashion par flat 60% tak chhoot, abhi app download karein: https://pharmeasy.in/offers/C2OThF",yes,No,No
ham,"MakeMyTrip: Abhi book karein aur agli trip par 10% off paayein, 13-10-2026 tak valid. Details: https://makemytrip.com/deals/pSYikC",yes,No,No
ham,Zepto par dost ko invite karein aur dono ko Rs.500 off milega. Code CRJP34 share karein: https://zepto.com/offers/TQ9090,yes,No,No
ham,"Uber: Abhi book karein aur agli trip par 60% off paayein, 25-09-2025 tak valid. Details: https://uber.com/promotions/sBN9Gk",yes,No,No
ham,"Ola: Abhi book karein aur agli trip par 30% off paayein, 21-09-2025 tak valid. Details: https://olacabs.com/offers/dM7Xyl",yes,No,No
ham,"BYJU'S member hone ke naate, aaj se hamare 50% off renewal offer ka early access paayein: https://byjus.com/offers/WIcyNs",yes,No,No
ham,Aapka BYJU'S plan jald expire ho raha hai. Abhi renew karein aur pehle 3 mahino par 15% off paayein: https://byjus.com/offers/tJoCnt,yes,No,No
ham,Aakhri mauka: aapke Policybazaar bonus data offer aaj raat expire ho raha hai. Extra benefit ke liye abhi recharge karein: https://policybazaar.com/renew/SXAvkX,yes,No,No
ham,"Happy Birthday Sneha! Aapke liye Rs.150 ka PharmEasy voucher, is mahine valid: https://pharmeasy.in/offers/ZETSDd",yes,No,No
ham,"redBus: Abhi book karein aur agli trip par 50% off paayein, 02-09-2026 tak valid. Details: https://redbus.in/offers/Qh1tUF",yes,No,No
ham,"redBus members ko hamare festive sale ka early access milta hai, select routes par 25% off: https://redbus.in/offers/fRdMft",yes,No,No
ham,Aapka Vi subscription 19-08-2025 ko renew hoga. Annual plan par upgrade karein aur 40% bachayein: https://myvi.in/offers/y9oZr4,yes,No,No
ham,Swiggy par dost ko invite karein aur dono ko Rs.50 off milega. Code UYEU44 share karein: https://swiggy.com/offers/npFWET,yes,No,No
ham,"IRCTC members ko hamare festive sale ka early access milta hai, select routes par 20% off: https://irctc.co.in/offers/0Cj3P9",yes,No,No
ham,ICICI Bank: Is hafte app se bill payment karne par 70% cashback paayein. Details: https://icicibank.com/offers/yiPXP3,yes,No,No
ham,"Amazon app abhi kholein aur pao exclusive app-only deal 40% off, sirf aaj: https://amazon.in/deals/u8yPg9",yes,No,No
ham,Aapne 200 HDFC Bank reward points kamaye hain. Agli transaction par redeem karein: https://hdfcbank.com/offers/zhUSJ7,yes,No,No
ham,Aapne 750 Axis Bank reward points kamaye hain. Agli transaction par redeem karein: https://axisbank.com/offers/8DBi1u,yes,No,No
ham,Aapka Policybazaar subscription 16-10-2026 ko renew hoga. Annual plan par upgrade karein aur 30% bachayein: https://policybazaar.com/renew/MsUsh8,yes,No,No
ham,CRED: Dost ko refer karein aur dono ko 500 reward points milenge. Code BDSG98 share karein: https://cred.club/rewards/S6BxTR,yes,No,No
ham,Blinkit: Is weekend storewide flat 25% off. T&C apply. Offers band karne ke liye STOP reply karein. https://blinkit.com/offers/SO0q8y,yes,No,No
ham,"Hi Priya, aapke Swiggy cart ke items ab sale mein hain. Order complete karein: https://swiggy.com/offers/WFPmRZ",yes,No,No
ham,"Sirf aaj ke liye: BookMyShow par groceries par flat 50% off mil raha hai, aadhi raat se pehle order karein: https://bookmyshow.com/offers/XVxk7t",yes,No,No
ham,"Uber par flash sale! Fares Rs.150 se shuru, limited period ke liye. Yahan book karein: https://uber.com/promotions/MtJDaX",yes,No,No
ham,"New Year ki hardik shubhkamnayein! Titan par 60% off ke saath celebrate karein, sirf hamare valued customers ke liye: https://titan.co.in/sale/7rQST4",yes,No,No
ham,SBI Card: Dost ko refer karein aur dono ko 750 reward points milenge. Code YYKI37 share karein: https://sbicard.com/offers/KhiZRm,yes,No,No
ham,Limited period: aaj hi apni Vi membership upgrade karein aur annual fee par Rs.100 bachayein: https://myvi.in/offers/vyHPNA,yes,No,No
ham,"MakeMyTrip members ko hamare festive sale ka early access milta hai, select routes par 30% off: https://makemytrip.com/deals/NT7sh7",yes,No,No
ham,Limited period: aaj hi apni Vi membership upgrade karein aur annual fee par Rs.250 bachayein: https://myvi.in/offers/XfoGEe,yes,No,No
ham,Aapka Netflix plan jald expire ho raha hai. Abhi renew karein aur pehle 3 mahino par 20% off paayein: https://netflix.com/account/PNtVgN,yes,No,No
ham,ICICI Bank: Is hafte app se bill payment karne par 40% cashback paayein. Details: https://icicibank.com/offers/Tn3ewR,yes,No,No
ham,Aapka BYJU'S plan benefit aaj khatam ho raha hai. Extra data na khone ke liye midnight se pehle renew karein: https://byjus.com/offers/krjtTS,yes,No,No
ham,SBI Card: Is hafte app se bill payment karne par 15% cashback paayein. Details: https://sbicard.com/offers/2HEzmk,yes,No,No
ham,Aapne 500 ICICI Bank reward points kamaye hain. Agli transaction par redeem karein: https://icicibank.com/offers/UKiZv5,yes,No,No
ham,"IndiGo: Abhi book karein aur agli trip par 40% off paayein, 01-02-2026 tak valid. Details: https://goindigo.in/offers/8v1mNt",yes,No,No
ham,"Aapka pichla Zomato order pasand aaya tha? Agli order par 50% off, 02-10-2026 tak valid: https://zomato.com/gold/M5cfvj",yes,No,No
ham,"Ola: Abhi book karein aur agli trip par 70% off paayein, 20-05-2025 tak valid. Details: https://olacabs.com/offers/KOfdpG",yes,No,No
ham,Pepperfry par naye arrivals aa gaye hain! Latest accessories collection dekhein: https://pepperfry.com/sale/pwp8Hh,yes,No,No
ham,"BigBasket ki Republic Day Sale miss mat karein - storewide 80% tak off, sirf limited time ke liye: https://bigbasket.com/offers/ZRaTu4",yes,No,No
ham,CRED: Dost ko refer karein aur dono ko 750 reward points milenge. Code MEVC10 share karein: https://cred.club/rewards/9BLerX,yes,No,No
ham,Aapka Airtel subscription 28-03-2026 ko renew hoga. Annual plan par upgrade karein aur 20% bachayein: https://airtel.in/offers/p1BlbX,yes,No,No
ham,Aapka Vi plan benefit aaj khatam ho raha hai. Extra data na khone ke liye midnight se pehle renew karein: https://myvi.in/offers/FpmTh7,yes,No,No
ham,"Aapka pichla Meesho order pasand aaya tha? Agli order par 60% off, 07-09-2026 tak valid: https://meesho.com/offers/ynPIQP",yes,No,No
ham,"Sirf aaj ke liye: Zomato par groceries par flat 20% off mil raha hai, aadhi raat se pehle order karein: https://zomato.com/gold/cFyPN1",yes,No,No
ham,CRED: Is hafte app se bill payment karne par 15% cashback paayein. Details: https://cred.club/rewards/InqJ4J,yes,No,No
ham,"Spotify member hone ke naate, aaj se hamare 60% off renewal offer ka early access paayein: https://spotify.com/premium/7dgXoG",yes,No,No
ham,Aapne 1000 Axis Bank reward points kamaye hain. Agli transaction par redeem karein: https://axisbank.com/offers/16If5e,yes,No,No
ham,Aapne 150 ICICI Bank reward points kamaye hain. Agli transaction par redeem karein: https://icicibank.com/offers/1uuQLQ,yes,No,No
ham,Paytm: Is hafte app se bill payment karne par 10% cashback paayein. Details: https://paytm.com/rewards/AQXS5m,yes,No,No
ham,"Blinkit Diwali Dhamaka Sale LIVE hai! beauty products par 50% tak ki chhoot, stock khatam hone se pehle jaldi karein: https://blinkit.com/offers/uPC5UQ",yes,No,No
ham,"Uber: Abhi book karein aur agli trip par 15% off paayein, 25-05-2025 tak valid. Details: https://uber.com/promotions/PUxOC7",yes,No,No
ham,SBI Card: Is hafte app se bill payment karne par 40% cashback paayein. Details: https://sbicard.com/offers/Q6LTWj,yes,No,No
ham,Aapka Jio plan jald expire ho raha hai. Abhi renew karein aur pehle 3 mahino par 60% off paayein: https://jio.com/offers/KSB38N,yes,No,No
ham,Aapka Policybazaar plan jald expire ho raha hai. Abhi renew karein aur pehle 3 mahino par 10% off paayein: https://policybazaar.com/renew/0SGDWs,yes,No,No
ham,"Unacademy member hone ke naate, aaj se hamare 50% off renewal offer ka early access paayein: https://unacademy.com/offers/hmXWHu",yes,No,No
ham,Aakhri mauka: aapke Spotify bonus data offer aaj raat expire ho raha hai. Extra benefit ke liye abhi recharge karein: https://spotify.com/premium/7uVZkv,yes,No,No
