LABEL,TEXT,URL,EMAIL,PHONE
spam,"तुमच्या विमा पॉलिसीची मुदतपूर्ती रक्कम Rs.16,821 तयार आहे. पेमेंट मिळवण्यासाठी तुमची बँक पासबुक माहिती पाठवा.",No,No,No
spam,"तुम्हाला Infosys सोबत वर्क-फ्रॉम-होम जॉबसाठी निवडले आहे. Rs.1,191 चा जॉइनिंग बोनस मिळवण्यासाठी तुमची बँक माहिती शेअर करा.",No,No,No
spam,"तुमचे SBI पर्सनल लोन Rs.4,870 चे पूर्व-मंजूर आहे. प्रक्रियेसाठी तुमचे बँक खाते आणि आधार तपशील शेअर करा.",No,No,No
spam,"तुमची Broadband सेवा उद्या सकाळी बंद केली जाईल, आमच्याकडून पडताळणी प्रलंबित आहे.",No,No,No
spam,"हाय, मला वाटते मी दुसऱ्याला पेमेंट करताना चुकून तुम्हाला Rs.618 पाठवले. कृपया ykyddft41@axl वर परत पाठवा, धन्यवाद.",No,No,No
spam,"चुकून माझ्या खात्यातून तुमच्या खात्यात Rs.44,729 ट्रान्सफर झाले आहेत, लवकरात लवकर xldicba44@okhdfcbank वर रिफंड करा.",No,No,No
spam,"तुमचे Electricity मीटर निरीक्षण बाकी आहे, 24 तासांत सेवा बंद केली जाईल.",No,No,No
spam,"तुमचे LPG मीटर निरीक्षण बाकी आहे, 24 तासांत सेवा बंद केली जाईल.",No,No,No
spam,"मी चुकून तुमच्या PhonePe वर Rs.54,158 पाठवले, कृपया हे या UPI ID वर परत करा: gawas@oksbi",No,No,No
spam,"माफ करा, मी चुकून चुकीच्या नंबरवर Rs.2,814 ट्रान्सफर केले, हे तुमचे खाते वाटते. कृपया oqvhdjec@okicici वर परत पाठवा.",No,No,No
spam,"तुमचे Broadband मीटर निरीक्षण बाकी आहे, 24 तासांत सेवा बंद केली जाईल.",No,No,No
spam,"तुमच्या विमा पॉलिसीची मुदतपूर्ती रक्कम Rs.1,600 तयार आहे. पेमेंट मिळवण्यासाठी तुमची बँक पासबुक माहिती पाठवा.",No,No,No
spam,अंतिम सूचना: असत्यापित मीटर तपशीलामुळे तुमच्या पत्त्यावरील Water कनेक्शन डिस्कनेक्ट केले जाईल.,No,No,No
spam,PM Kisan Samman Nidhi: तुमचा शिष्यवृत्ती लाभ Rs.837 ट्रान्सफरसाठी तयार आहे. मिळवण्यासाठी तुमची बँक पासबुक माहिती सबमिट करा.,No,No,No
spam,"Post Matric Scholarship: तुमचा शिष्यवृत्ती लाभ Rs.81,825 ट्रान्सफरसाठी तयार आहे. मिळवण्यासाठी तुमची बँक पासबुक माहिती सबमिट करा.",No,No,No
spam,"Ayushman Bharat अलर्ट: तुम्ही योजनेअंतर्गत Rs.17,607 साठी पात्र आहात. दावा करण्यासाठी तुमचा आधार आणि बँक खाते क्रमांक शेअर करा.",No,No,No
spam,"माफ करा, मी चुकून चुकीच्या नंबरवर Rs.8,489 ट्रान्सफर केले, हे तुमचे खाते वाटते. कृपया omvrpnhb29@okhdfcbank वर परत पाठवा.",No,No,No
spam,PM Ujjwala Yojana अलर्ट: तुम्ही योजनेअंतर्गत Rs.674 साठी पात्र आहात. दावा करण्यासाठी तुमचा आधार आणि बँक खाते क्रमांक शेअर करा.,No,No,No
spam,"तुमची Water सेवा उद्या सकाळी बंद केली जाईल, आमच्याकडून पडताळणी प्रलंबित आहे.",No,No,No
spam,National Scholarship Portal: तुमचा शिष्यवृत्ती लाभ Rs.604 ट्रान्सफरसाठी तयार आहे. मिळवण्यासाठी तुमची बँक पासबुक माहिती सबमिट करा.,No,No,No
spam,Electricity कनेक्शन प्रलंबित मीटर पडताळणीमुळे आज रात्री बंद केले जाईल.,No,No,No
spam,"मी चुकून तुमच्या Amazon Pay वर Rs.4,668 पाठवले, कृपया हे या UPI ID वर परत करा: hcdpz@ibl",No,No,No
spam,सूचना: मीटर रीडिंग अपडेट अपूर्ण असल्यामुळे तुमचा Electricity पुरवठा तोडला जाईल.,No,No,No
spam,"तुमच्या LPG मीटर रीडिंगमध्ये तांत्रिक त्रुटीमुळे, कनेक्शन आज रात्री बंद करण्यासाठी नियोजित आहे.",No,No,No
spam,"अभिनंदन, PMAY अंतर्गत तुमचा अर्ज Rs.903 साठी मंजूर झाला आहे. वितरणासाठी तुमची बँक माहिती पाठवा.",No,No,No
spam,"तुमची Piped Gas सेवा उद्या सकाळी बंद केली जाईल, आमच्याकडून पडताळणी प्रलंबित आहे.",No,No,No
spam,"National Scholarship Portal अलर्ट: तुम्ही योजनेअंतर्गत Rs.7,683 साठी पात्र आहात. दावा करण्यासाठी तुमचा आधार आणि बँक खाते क्रमांक शेअर करा.",No,No,No
spam,"तुम्हाला Amazon सोबत वर्क-फ्रॉम-होम जॉबसाठी निवडले आहे. Rs.66,556 चा जॉइनिंग बोनस मिळवण्यासाठी तुमची बँक माहिती शेअर करा.",No,No,No
spam,"तुमच्या Water मीटर रीडिंगमध्ये तांत्रिक त्रुटीमुळे, कनेक्शन आज रात्री बंद करण्यासाठी नियोजित आहे.",No,No,No
spam,"चुकून माझ्या खात्यातून तुमच्या खात्यात Rs.7,519 ट्रान्सफर झाले आहेत, लवकरात लवकर hexml37@axl वर रिफंड करा.",No,No,No
spam,"अभिनंदन, PMAY अंतर्गत तुमचा अर्ज Rs.5,118 साठी मंजूर झाला आहे. वितरणासाठी तुमची बँक माहिती पाठवा.",No,No,No
spam,"अभिनंदन, PM Kisan Samman Nidhi अंतर्गत तुमचा अर्ज Rs.60,135 साठी मंजूर झाला आहे. वितरणासाठी तुमची बँक माहिती पाठवा.",No,No,No
spam,"PM Ujjwala Yojana अलर्ट: तुम्ही योजनेअंतर्गत Rs.6,511 साठी पात्र आहात. दावा करण्यासाठी तुमचा आधार आणि बँक खाते क्रमांक शेअर करा.",No,No,No
spam,"अभिनंदन, National Scholarship Portal अंतर्गत तुमचा अर्ज Rs.16,555 साठी मंजूर झाला आहे. वितरणासाठी तुमची बँक माहिती पाठवा.",No,No,No
spam,"अभिनंदन, LPG Subsidy Scheme अंतर्गत तुमचा अर्ज Rs.945 साठी मंजूर झाला आहे. वितरणासाठी तुमची बँक माहिती पाठवा.",No,No,No
spam,"तुमच्या Piped Gas मीटर रीडिंगमध्ये तांत्रिक त्रुटीमुळे, कनेक्शन आज रात्री बंद करण्यासाठी नियोजित आहे.",No,No,No
spam,"हाय, मला वाटते मी दुसऱ्याला पेमेंट करताना चुकून तुम्हाला Rs.16,778 पाठवले. कृपया ojrwlrl13@oksbi वर परत पाठवा, धन्यवाद.",No,No,No
spam,तुमच्या विमा पॉलिसीची मुदतपूर्ती रक्कम Rs.801 तयार आहे. पेमेंट मिळवण्यासाठी तुमची बँक पासबुक माहिती पाठवा.,No,No,No
spam,"तुम्हाला Wipro सोबत वर्क-फ्रॉम-होम जॉबसाठी निवडले आहे. Rs.7,826 चा जॉइनिंग बोनस मिळवण्यासाठी तुमची बँक माहिती शेअर करा.",No,No,No
spam,सूचना: मीटर रीडिंग अपडेट अपूर्ण असल्यामुळे तुमचा Broadband पुरवठा तोडला जाईल.,No,No,No
spam,"तुमची Electricity सेवा उद्या सकाळी बंद केली जाईल, आमच्याकडून पडताळणी प्रलंबित आहे.",No,No,No
spam,"चुकून माझ्या खात्यातून तुमच्या खात्यात Rs.2,854 ट्रान्सफर झाले आहेत, लवकरात लवकर grgxkmb28@axl वर रिफंड करा.",No,No,No
spam,"तुम्हाला Reliance सोबत वर्क-फ्रॉम-होम जॉबसाठी निवडले आहे. Rs.45,788 चा जॉइनिंग बोनस मिळवण्यासाठी तुमची बँक माहिती शेअर करा.",No,No,No
spam,"तुमच्या विमा पॉलिसीची मुदतपूर्ती रक्कम Rs.15,202 तयार आहे. पेमेंट मिळवण्यासाठी तुमची बँक पासबुक माहिती पाठवा.",No,No,No
spam,State Scholarship Scheme अलर्ट: तुम्ही योजनेअंतर्गत Rs.754 साठी पात्र आहात. दावा करण्यासाठी तुमचा आधार आणि बँक खाते क्रमांक शेअर करा.,No,No,No
spam,"तुमच्या विमा पॉलिसीची मुदतपूर्ती रक्कम Rs.88,640 तयार आहे. पेमेंट मिळवण्यासाठी तुमची बँक पासबुक माहिती पाठवा.",No,No,No
spam,सूचना: मीटर रीडिंग अपडेट अपूर्ण असल्यामुळे तुमचा LPG पुरवठा तोडला जाईल.,No,No,No
spam,"National Scholarship Portal: तुमचा शिष्यवृत्ती लाभ Rs.62,199 ट्रान्सफरसाठी तयार आहे. मिळवण्यासाठी तुमची बँक पासबुक माहिती सबमिट करा.",No,No,No
spam,सूचना: मीटर रीडिंग अपडेट अपूर्ण असल्यामुळे तुमचा Piped Gas पुरवठा तोडला जाईल.,No,No,No
spam,"तुमच्या Broadband मीटर रीडिंगमध्ये तांत्रिक त्रुटीमुळे, कनेक्शन आज रात्री बंद करण्यासाठी नियोजित आहे.",No,No,No
spam,"तुमच्या विमा पॉलिसीची मुदतपूर्ती रक्कम Rs.9,180 तयार आहे. पेमेंट मिळवण्यासाठी तुमची बँक पासबुक माहिती पाठवा.",No,No,No
spam,Piped Gas कनेक्शन प्रलंबित मीटर पडताळणीमुळे आज रात्री बंद केले जाईल.,No,No,No
spam,Broadband कनेक्शन प्रलंबित मीटर पडताळणीमुळे आज रात्री बंद केले जाईल.,No,No,No
spam,"तुमच्या विमा पॉलिसीची मुदतपूर्ती रक्कम Rs.23,815 तयार आहे. पेमेंट मिळवण्यासाठी तुमची बँक पासबुक माहिती पाठवा.",No,No,No
spam,"PMAY: तुमचा शिष्यवृत्ती लाभ Rs.88,055 ट्रान्सफरसाठी तयार आहे. मिळवण्यासाठी तुमची बँक पासबुक माहिती सबमिट करा.",No,No,No
spam,"तुम्हाला Amazon सोबत वर्क-फ्रॉम-होम जॉबसाठी निवडले आहे. Rs.47,032 चा जॉइनिंग बोनस मिळवण्यासाठी तुमची बँक माहिती शेअर करा.",No,No,No
spam,"मी चुकून तुमच्या PhonePe वर Rs.5,393 पाठवले, कृपया हे या UPI ID वर परत करा: dgskcbyd45@okhdfcbank",No,No,No
spam,अंतिम सूचना: असत्यापित मीटर तपशीलामुळे तुमच्या पत्त्यावरील Broadband कनेक्शन डिस्कनेक्ट केले जाईल.,No,No,No
spam,"हाय, मला वाटते मी दुसऱ्याला पेमेंट करताना चुकून तुम्हाला Rs.5,818 पाठवले. कृपया ehbgzfmq@okhdfcbank वर परत पाठवा, धन्यवाद.",No,No,No
spam,तुमच्या विमा पॉलिसीची मुदतपूर्ती रक्कम Rs.669 तयार आहे. पेमेंट मिळवण्यासाठी तुमची बँक पासबुक माहिती पाठवा.,No,No,No
spam,तुम्हाला HCL सोबत वर्क-फ्रॉम-होम जॉबसाठी निवडले आहे. Rs.779 चा जॉइनिंग बोनस मिळवण्यासाठी तुमची बँक माहिती शेअर करा.,No,No,No
spam,LPG Subsidy Scheme अलर्ट: तुम्ही योजनेअंतर्गत Rs.774 साठी पात्र आहात. दावा करण्यासाठी तुमचा आधार आणि बँक खाते क्रमांक शेअर करा.,No,No,No
spam,"तुमच्या विमा पॉलिसीची मुदतपूर्ती रक्कम Rs.86,644 तयार आहे. पेमेंट मिळवण्यासाठी तुमची बँक पासबुक माहिती पाठवा.",No,No,No
spam,"तुम्हाला Flipkart सोबत वर्क-फ्रॉम-होम जॉबसाठी निवडले आहे. Rs.7,241 चा जॉइनिंग बोनस मिळवण्यासाठी तुमची बँक माहिती शेअर करा.",No,No,No
spam,"तुमच्या विमा पॉलिसीची मुदतपूर्ती रक्कम Rs.10,897 तयार आहे. पेमेंट मिळवण्यासाठी तुमची बँक पासबुक माहिती पाठवा.",No,No,No
spam,"हाय, मला वाटते मी दुसऱ्याला पेमेंट करताना चुकून तुम्हाला Rs.36,401 पाठवले. कृपया vbjakt20@paytm वर परत पाठवा, धन्यवाद.",No,No,No
spam,"तुमच्या विमा पॉलिसीची मुदतपूर्ती रक्कम Rs.42,036 तयार आहे. पेमेंट मिळवण्यासाठी तुमची बँक पासबुक माहिती पाठवा.",No,No,No
spam,"हाय, मला वाटते मी दुसऱ्याला पेमेंट करताना चुकून तुम्हाला Rs.95,117 पाठवले. कृपया nqxkgfcl35@oksbi वर परत पाठवा, धन्यवाद.",No,No,No
spam,"मी चुकून तुमच्या Amazon Pay वर Rs.15,314 पाठवले, कृपया हे या UPI ID वर परत करा: nrfvuimr34@axl",No,No,No
spam,"अभिनंदन, National Scholarship Portal अंतर्गत तुमचा अर्ज Rs.785 साठी मंजूर झाला आहे. वितरणासाठी तुमची बँक माहिती पाठवा.",No,No,No
spam,"हाय, मला वाटते मी दुसऱ्याला पेमेंट करताना चुकून तुम्हाला Rs.55,848 पाठवले. कृपया tyfvrb@axl वर परत पाठवा, धन्यवाद.",No,No,No
spam,"तुमचे Water मीटर निरीक्षण बाकी आहे, 24 तासांत सेवा बंद केली जाईल.",No,No,No
spam,Ayushman Bharat अलर्ट: तुम्ही योजनेअंतर्गत Rs.675 साठी पात्र आहात. दावा करण्यासाठी तुमचा आधार आणि बँक खाते क्रमांक शेअर करा.,No,No,No
spam,"माफ करा, मी चुकून चुकीच्या नंबरवर Rs.572 ट्रान्सफर केले, हे तुमचे खाते वाटते. कृपया ezhxt45@paytm वर परत पाठवा.",No,No,No
spam,"हाय, मला वाटते मी दुसऱ्याला पेमेंट करताना चुकून तुम्हाला Rs.3,959 पाठवले. कृपया phzihkv44@ibl वर परत पाठवा, धन्यवाद.",No,No,No
spam,"तुमच्या विमा पॉलिसीची मुदतपूर्ती रक्कम Rs.6,262 तयार आहे. पेमेंट मिळवण्यासाठी तुमची बँक पासबुक माहिती पाठवा.",No,No,No
spam,"चुकून माझ्या खात्यातून तुमच्या खात्यात Rs.65,228 ट्रान्सफर झाले आहेत, लवकरात लवकर dpnlukj@axl वर रिफंड करा.",No,No,No
spam,"चुकून माझ्या खात्यातून तुमच्या खात्यात Rs.9,442 ट्रान्सफर झाले आहेत, लवकरात लवकर vaengyr@oksbi वर रिफंड करा.",No,No,No
spam,"तुमच्या Electricity मीटर रीडिंगमध्ये तांत्रिक त्रुटीमुळे, कनेक्शन आज रात्री बंद करण्यासाठी नियोजित आहे.",No,No,No
spam,"अभिनंदन, PM Ujjwala Yojana अंतर्गत तुमचा अर्ज Rs.591 साठी मंजूर झाला आहे. वितरणासाठी तुमची बँक माहिती पाठवा.",No,No,No
spam,"तुमच्या विमा पॉलिसीची मुदतपूर्ती रक्कम Rs.4,582 तयार आहे. पेमेंट मिळवण्यासाठी तुमची बँक पासबुक माहिती पाठवा.",No,No,No
spam,"तुमच्या विमा पॉलिसीची मुदतपूर्ती रक्कम Rs.86,624 तयार आहे. पेमेंट मिळवण्यासाठी तुमची बँक पासबुक माहिती पाठवा.",No,No,No
spam,"मी चुकून तुमच्या PhonePe वर Rs.8,926 पाठवले, कृपया हे या UPI ID वर परत करा: ktvvdpjx@ibl",No,No,No
spam,सूचना: मीटर रीडिंग अपडेट अपूर्ण असल्यामुळे तुमचा Water पुरवठा तोडला जाईल.,No,No,No
spam,"हाय, मला वाटते मी दुसऱ्याला पेमेंट करताना चुकून तुम्हाला Rs.7,394 पाठवले. कृपया vahtrmzw@axl वर परत पाठवा, धन्यवाद.",No,No,No
spam,"तुमचे SBI पर्सनल लोन Rs.27,636 चे पूर्व-मंजूर आहे. प्रक्रियेसाठी तुमचे बँक खाते आणि आधार तपशील शेअर करा.",No,No,No
spam,"तुमच्या विमा पॉलिसीची मुदतपूर्ती रक्कम Rs.9,819 तयार आहे. पेमेंट मिळवण्यासाठी तुमची बँक पासबुक माहिती पाठवा.",No,No,No
spam,"माफ करा, मी चुकून चुकीच्या नंबरवर Rs.1,309 ट्रान्सफर केले, हे तुमचे खाते वाटते. कृपया dreticj21@ibl वर परत पाठवा.",No,No,No
spam,LPG कनेक्शन प्रलंबित मीटर पडताळणीमुळे आज रात्री बंद केले जाईल.,No,No,No
spam,अंतिम सूचना: असत्यापित मीटर तपशीलामुळे तुमच्या पत्त्यावरील Piped Gas कनेक्शन डिस्कनेक्ट केले जाईल.,No,No,No
spam,"PM Ujjwala Yojana: तुमचा शिष्यवृत्ती लाभ Rs.97,941 ट्रान्सफरसाठी तयार आहे. मिळवण्यासाठी तुमची बँक पासबुक माहिती सबमिट करा.",No,No,No
spam,"तुमच्या विमा पॉलिसीची मुदतपूर्ती रक्कम Rs.83,461 तयार आहे. पेमेंट मिळवण्यासाठी तुमची बँक पासबुक माहिती पाठवा.",No,No,No
spam,"अभिनंदन, Ayushman Bharat अंतर्गत तुमचा अर्ज Rs.13,102 साठी मंजूर झाला आहे. वितरणासाठी तुमची बँक माहिती पाठवा.",No,No,No
spam,"तुमचे Bank of Baroda पर्सनल लोन Rs.46,664 चे पूर्व-मंजूर आहे. प्रक्रियेसाठी तुमचे बँक खाते आणि आधार तपशील शेअर करा.",No,No,No
spam,"चुकून माझ्या खात्यातून तुमच्या खात्यात Rs.897 ट्रान्सफर झाले आहेत, लवकरात लवकर msnmld@ibl वर रिफंड करा.",No,No,No
spam,"हाय, मला वाटते मी दुसऱ्याला पेमेंट करताना चुकून तुम्हाला Rs.59,365 पाठवले. कृपया iqpehjuf34@paytm वर परत पाठवा, धन्यवाद.",No,No,No
spam,तुमचे Punjab National Bank पर्सनल लोन Rs.770 चे पूर्व-मंजूर आहे. प्रक्रियेसाठी तुमचे बँक खाते आणि आधार तपशील शेअर करा.,No,No,No
spam,"माफ करा, मी चुकून चुकीच्या नंबरवर Rs.2,169 ट्रान्सफर केले, हे तुमचे खाते वाटते. कृपया fqgxxf@okicici वर परत पाठवा.",No,No,No
spam,"मी चुकून तुमच्या PhonePe वर Rs.98,388 पाठवले, कृपया हे या UPI ID वर परत करा: yeoycm35@axl",No,No,No
spam,"State Scholarship Scheme: तुमचा शिष्यवृत्ती लाभ Rs.43,624 ट्रान्सफरसाठी तयार आहे. मिळवण्यासाठी तुमची बँक पासबुक माहिती सबमिट करा.",No,No,No
spam,"PMAY अलर्ट: तुम्ही योजनेअंतर्गत Rs.4,031 साठी पात्र आहात. दावा करण्यासाठी तुमचा आधार आणि बँक खाते क्रमांक शेअर करा.",No,No,No
spam,"तुम्हाला Wipro सोबत वर्क-फ्रॉम-होम जॉबसाठी निवडले आहे. Rs.13,720 चा जॉइनिंग बोनस मिळवण्यासाठी तुमची बँक माहिती शेअर करा.",No,No,No
spam,LPG Subsidy Scheme: तुमचा शिष्यवृत्ती लाभ Rs.621 ट्रान्सफरसाठी तयार आहे. मिळवण्यासाठी तुमची बँक पासबुक माहिती सबमिट करा.,No,No,No
spam,"LPG Subsidy Scheme अलर्ट: तुम्ही योजनेअंतर्गत Rs.6,624 साठी पात्र आहात. दावा करण्यासाठी तुमचा आधार आणि बँक खाते क्रमांक शेअर करा.",No,No,No
spam,"अभिनंदन, State Scholarship Scheme अंतर्गत तुमचा अर्ज Rs.8,479 साठी मंजूर झाला आहे. वितरणासाठी तुमची बँक माहिती पाठवा.",No,No,No
spam,"तुम्हाला Wipro सोबत वर्क-फ्रॉम-होम जॉबसाठी निवडले आहे. Rs.45,465 चा जॉइनिंग बोनस मिळवण्यासाठी तुमची बँक माहिती शेअर करा.",No,No,No
spam,"अभिनंदन, PM Ujjwala Yojana अंतर्गत तुमचा अर्ज Rs.84,985 साठी मंजूर झाला आहे. वितरणासाठी तुमची बँक माहिती पाठवा.",No,No,No
spam,"LPG Subsidy Scheme अलर्ट: तुम्ही योजनेअंतर्गत Rs.53,964 साठी पात्र आहात. दावा करण्यासाठी तुमचा आधार आणि बँक खाते क्रमांक शेअर करा.",No,No,No
spam,तुमच्या विमा पॉलिसीची मुदतपूर्ती रक्कम Rs.787 तयार आहे. पेमेंट मिळवण्यासाठी तुमची बँक पासबुक माहिती पाठवा.,No,No,No
spam,Water कनेक्शन प्रलंबित मीटर पडताळणीमुळे आज रात्री बंद केले जाईल.,No,No,No
spam,"तुमच्या विमा पॉलिसीची मुदतपूर्ती रक्कम Rs.1,780 तयार आहे. पेमेंट मिळवण्यासाठी तुमची बँक पासबुक माहिती पाठवा.",No,No,No
spam,"तुमच्या विमा पॉलिसीची मुदतपूर्ती रक्कम Rs.35,775 तयार आहे. पेमेंट मिळवण्यासाठी तुमची बँक पासबुक माहिती पाठवा.",No,No,No
spam,"तुमचे HDFC Bank पर्सनल लोन Rs.59,042 चे पूर्व-मंजूर आहे. प्रक्रियेसाठी तुमचे बँक खाते आणि आधार तपशील शेअर करा.",No,No,No
spam,"मी चुकून तुमच्या Amazon Pay वर Rs.13,651 पाठवले, कृपया हे या UPI ID वर परत करा: vlcyurmg@axl",No,No,No
spam,"LPG Subsidy Scheme अलर्ट: तुम्ही योजनेअंतर्गत Rs.83,148 साठी पात्र आहात. दावा करण्यासाठी तुमचा आधार आणि बँक खाते क्रमांक शेअर करा.",No,No,No
spam,"मी चुकून तुमच्या Paytm वर Rs.44,688 पाठवले, कृपया हे या UPI ID वर परत करा: hiizzog@okicici",No,No,No
spam,"माफ करा, मी चुकून चुकीच्या नंबरवर Rs.63,727 ट्रान्सफर केले, हे तुमचे खाते वाटते. कृपया vkjouh@okhdfcbank वर परत पाठवा.",No,No,No
spam,"अभिनंदन, LPG Subsidy Scheme अंतर्गत तुमचा अर्ज Rs.798 साठी मंजूर झाला आहे. वितरणासाठी तुमची बँक माहिती पाठवा.",No,No,No
spam,"तुम्हाला TCS सोबत वर्क-फ्रॉम-होम जॉबसाठी निवडले आहे. Rs.4,891 चा जॉइनिंग बोनस मिळवण्यासाठी तुमची बँक माहिती शेअर करा.",No,No,No
spam,अंतिम सूचना: असत्यापित मीटर तपशीलामुळे तुमच्या पत्त्यावरील Electricity कनेक्शन डिस्कनेक्ट केले जाईल.,No,No,No
spam,"तुमची LPG सेवा उद्या सकाळी बंद केली जाईल, आमच्याकडून पडताळणी प्रलंबित आहे.",No,No,No
spam,"माफ करा, मी चुकून चुकीच्या नंबरवर Rs.988 ट्रान्सफर केले, हे तुमचे खाते वाटते. कृपया tjuwrew@ibl वर परत पाठवा.",No,No,No
spam,"हाय, मला वाटते मी दुसऱ्याला पेमेंट करताना चुकून तुम्हाला Rs.869 पाठवले. कृपया wkqsrbz@okicici वर परत पाठवा, धन्यवाद.",No,No,No
spam,"माफ करा, मी चुकून चुकीच्या नंबरवर Rs.4,939 ट्रान्सफर केले, हे तुमचे खाते वाटते. कृपया mousrlr@axl वर परत पाठवा.",No,No,No
spam,"अभिनंदन, Ayushman Bharat अंतर्गत तुमचा अर्ज Rs.7,500 साठी मंजूर झाला आहे. वितरणासाठी तुमची बँक माहिती पाठवा.",No,No,No
spam,अंतिम सूचना: असत्यापित मीटर तपशीलामुळे तुमच्या पत्त्यावरील LPG कनेक्शन डिस्कनेक्ट केले जाईल.,No,No,No
spam,"PM Kisan Samman Nidhi अलर्ट: तुम्ही योजनेअंतर्गत Rs.2,575 साठी पात्र आहात. दावा करण्यासाठी तुमचा आधार आणि बँक खाते क्रमांक शेअर करा.",No,No,No
spam,"चुकून माझ्या खात्यातून तुमच्या खात्यात Rs.7,126 ट्रान्सफर झाले आहेत, लवकरात लवकर ghhiptzz@paytm वर रिफंड करा.",No,No,No
spam,"तुमच्या विमा पॉलिसीची मुदतपूर्ती रक्कम Rs.7,284 तयार आहे. पेमेंट मिळवण्यासाठी तुमची बँक पासबुक माहिती पाठवा.",No,No,No
spam,तुम्हाला Infosys सोबत वर्क-फ्रॉम-होम जॉबसाठी निवडले आहे. Rs.748 चा जॉइनिंग बोनस मिळवण्यासाठी तुमची बँक माहिती शेअर करा.,No,No,No
spam,"माफ करा, मी चुकून चुकीच्या नंबरवर Rs.799 ट्रान्सफर केले, हे तुमचे खाते वाटते. कृपया adpus34@axl वर परत पाठवा.",No,No,No
spam,"मी चुकून तुमच्या Amazon Pay वर Rs.984 पाठवले, कृपया हे या UPI ID वर परत करा: hrfrksjv88@paytm",No,No,No
spam,"माफ करा, मी चुकून चुकीच्या नंबरवर Rs.7,681 ट्रान्सफर केले, हे तुमचे खाते वाटते. कृपया gtvdldoi@ibl वर परत पाठवा.",No,No,No
spam,"PMAY: तुमचा शिष्यवृत्ती लाभ Rs.7,127 ट्रान्सफरसाठी तयार आहे. मिळवण्यासाठी तुमची बँक पासबुक माहिती सबमिट करा.",No,No,No
spam,"मी चुकून तुमच्या Amazon Pay वर Rs.8,954 पाठवले, कृपया हे या UPI ID वर परत करा: teakgfpk@paytm",No,No,No
spam,"चुकून माझ्या खात्यातून तुमच्या खात्यात Rs.913 ट्रान्सफर झाले आहेत, लवकरात लवकर prhvtu56@ibl वर रिफंड करा.",No,No,No
spam,"अभिनंदन, LPG Subsidy Scheme अंतर्गत तुमचा अर्ज Rs.675 साठी मंजूर झाला आहे. वितरणासाठी तुमची बँक माहिती पाठवा.",No,No,No
spam,तुमचे Canara Bank पर्सनल लोन Rs.591 चे पूर्व-मंजूर आहे. प्रक्रियेसाठी तुमचे बँक खाते आणि आधार तपशील शेअर करा.,No,No,No
spam,"तुमचे Piped Gas मीटर निरीक्षण बाकी आहे, 24 तासांत सेवा बंद केली जाईल.",No,No,No
spam,"हाय, मला वाटते मी दुसऱ्याला पेमेंट करताना चुकून तुम्हाला Rs.52,044 पाठवले. कृपया ixmbo@axl वर परत पाठवा, धन्यवाद.",No,No,No
spam,तुमचे Punjab National Bank पर्सनल लोन Rs.602 चे पूर्व-मंजूर आहे. प्रक्रियेसाठी तुमचे बँक खाते आणि आधार तपशील शेअर करा.,No,No,No
spam,"चुकून माझ्या खात्यातून तुमच्या खात्यात Rs.4,192 ट्रान्सफर झाले आहेत, लवकरात लवकर ccxkhw59@ybl वर रिफंड करा.",No,No,No
spam,तुमच्या विमा पॉलिसीची मुदतपूर्ती रक्कम Rs.829 तयार आहे. पेमेंट मिळवण्यासाठी तुमची बँक पासबुक माहिती पाठवा.,No,No,No
spam,"अभिनंदन, National Scholarship Portal अंतर्गत तुमचा अर्ज Rs.97,301 साठी मंजूर झाला आहे. वितरणासाठी तुमची बँक माहिती पाठवा.",No,No,No
spam,"तुमचे Bank of Baroda पर्सनल लोन Rs.5,894 चे पूर्व-मंजूर आहे. प्रक्रियेसाठी तुमचे बँक खाते आणि आधार तपशील शेअर करा.",No,No,No
spam,"चुकून माझ्या खात्यातून तुमच्या खात्यात Rs.730 ट्रान्सफर झाले आहेत, लवकरात लवकर rffxevx93@okhdfcbank वर रिफंड करा.",No,No,No
spam,"National Scholarship Portal अलर्ट: तुम्ही योजनेअंतर्गत Rs.9,340 साठी पात्र आहात. दावा करण्यासाठी तुमचा आधार आणि बँक खाते क्रमांक शेअर करा.",No,No,No
spam,"तुमच्या विमा पॉलिसीची मुदतपूर्ती रक्कम Rs.56,554 तयार आहे. पेमेंट मिळवण्यासाठी तुमची बँक पासबुक माहिती पाठवा.",No,No,No
spam,"अभिनंदन, PM Ujjwala Yojana अंतर्गत तुमचा अर्ज Rs.54,261 साठी मंजूर झाला आहे. वितरणासाठी तुमची बँक माहिती पाठवा.",No,No,No
spam,"Post Matric Scholarship: तुमचा शिष्यवृत्ती लाभ Rs.2,185 ट्रान्सफरसाठी तयार आहे. मिळवण्यासाठी तुमची बँक पासबुक माहिती सबमिट करा.",No,No,No
spam,"अभिनंदन, State Scholarship Scheme अंतर्गत तुमचा अर्ज Rs.5,803 साठी मंजूर झाला आहे. वितरणासाठी तुमची बँक माहिती पाठवा.",No,No,No
spam,"चुकून माझ्या खात्यातून तुमच्या खात्यात Rs.94,878 ट्रान्सफर झाले आहेत, लवकरात लवकर uymofen89@okhdfcbank वर रिफंड करा.",No,No,No
spam,तुम्हाला Amazon सोबत वर्क-फ्रॉम-होम जॉबसाठी निवडले आहे. Rs.761 चा जॉइनिंग बोनस मिळवण्यासाठी तुमची बँक माहिती शेअर करा.,No,No,No
spam,"तुमचे Axis Bank पर्सनल लोन Rs.69,401 चे पूर्व-मंजूर आहे. प्रक्रियेसाठी तुमचे बँक खाते आणि आधार तपशील शेअर करा.",No,No,No
spam,"हाय, मला वाटते मी दुसऱ्याला पेमेंट करताना चुकून तुम्हाला Rs.7,287 पाठवले. कृपया elzsdq87@okicici वर परत पाठवा, धन्यवाद.",No,No,No
spam,"LPG Subsidy Scheme: तुमचा शिष्यवृत्ती लाभ Rs.25,211 ट्रान्सफरसाठी तयार आहे. मिळवण्यासाठी तुमची बँक पासबुक माहिती सबमिट करा.",No,No,No
spam,"हाय, मला वाटते मी दुसऱ्याला पेमेंट करताना चुकून तुम्हाला Rs.8,311 पाठवले. कृपया fzrhc25@axl वर परत पाठवा, धन्यवाद.",No,No,No
spam,"मी चुकून तुमच्या Amazon Pay वर Rs.36,651 पाठवले, कृपया हे या UPI ID वर परत करा: gegbwxa31@axl",No,No,No
spam,"चुकून माझ्या खात्यातून तुमच्या खात्यात Rs.965 ट्रान्सफर झाले आहेत, लवकरात लवकर lsplo@axl वर रिफंड करा.",No,No,No
spam,Ayushman Bharat: तुमचा शिष्यवृत्ती लाभ Rs.758 ट्रान्सफरसाठी तयार आहे. मिळवण्यासाठी तुमची बँक पासबुक माहिती सबमिट करा.,No,No,No
spam,National Scholarship Portal अलर्ट: तुम्ही योजनेअंतर्गत Rs.685 साठी पात्र आहात. दावा करण्यासाठी तुमचा आधार आणि बँक खाते क्रमांक शेअर करा.,No,No,No
spam,Post Matric Scholarship अलर्ट: तुम्ही योजनेअंतर्गत Rs.649 साठी पात्र आहात. दावा करण्यासाठी तुमचा आधार आणि बँक खाते क्रमांक शेअर करा.,No,No,No
spam,"हाय, मला वाटते मी दुसऱ्याला पेमेंट करताना चुकून तुम्हाला Rs.886 पाठवले. कृपया npbmzgsu69@okicici वर परत पाठवा, धन्यवाद.",No,No,No
spam,तुमच्या विमा पॉलिसीची मुदतपूर्ती रक्कम Rs.776 तयार आहे. पेमेंट मिळवण्यासाठी तुमची बँक पासबुक माहिती पाठवा.,No,No,No
spam,"हाय, मला वाटते मी दुसऱ्याला पेमेंट करताना चुकून तुम्हाला Rs.706 पाठवले. कृपया nkfwg97@okhdfcbank वर परत पाठवा, धन्यवाद.",No,No,No
spam,"माफ करा, मी चुकून चुकीच्या नंबरवर Rs.1,188 ट्रान्सफर केले, हे तुमचे खाते वाटते. कृपया durvg@oksbi वर परत पाठवा.",No,No,No
spam,"माफ करा, मी चुकून चुकीच्या नंबरवर Rs.573 ट्रान्सफर केले, हे तुमचे खाते वाटते. कृपया savfuo@okicici वर परत पाठवा.",No,No,No
spam,तुमचे ICICI Bank पर्सनल लोन Rs.636 चे पूर्व-मंजूर आहे. प्रक्रियेसाठी तुमचे बँक खाते आणि आधार तपशील शेअर करा.,No,No,No
spam,"माफ करा, मी चुकून चुकीच्या नंबरवर Rs.41,657 ट्रान्सफर केले, हे तुमचे खाते वाटते. कृपया crled84@paytm वर परत पाठवा.",No,No,No
spam,तुमचे Axis Bank पर्सनल लोन Rs.900 चे पूर्व-मंजूर आहे. प्रक्रियेसाठी तुमचे बँक खाते आणि आधार तपशील शेअर करा.,No,No,No
spam,"मी चुकून तुमच्या Paytm वर Rs.668 पाठवले, कृपया हे या UPI ID वर परत करा: vljjsflj29@paytm",No,No,No
spam,तुम्हाला HCL सोबत वर्क-फ्रॉम-होम जॉबसाठी निवडले आहे. Rs.758 चा जॉइनिंग बोनस मिळवण्यासाठी तुमची बँक माहिती शेअर करा.,No,No,No
spam,"अभिनंदन, Ayushman Bharat अंतर्गत तुमचा अर्ज Rs.6,754 साठी मंजूर झाला आहे. वितरणासाठी तुमची बँक माहिती पाठवा.",No,No,No
spam,"अभिनंदन, PMAY अंतर्गत तुमचा अर्ज Rs.3,841 साठी मंजूर झाला आहे. वितरणासाठी तुमची बँक माहिती पाठवा.",No,No,No
spam,"हाय, मला वाटते मी दुसऱ्याला पेमेंट करताना चुकून तुम्हाला Rs.9,435 पाठवले. कृपया tbveaoet@okicici वर परत पाठवा, धन्यवाद.",No,No,No
spam,"मी चुकून तुमच्या Amazon Pay वर Rs.2,759 पाठवले, कृपया हे या UPI ID वर परत करा: vzhjgwsl24@okhdfcbank",No,No,No
spam,तुम्हाला Reliance सोबत वर्क-फ्रॉम-होम जॉबसाठी निवडले आहे. Rs.768 चा जॉइनिंग बोनस मिळवण्यासाठी तुमची बँक माहिती शेअर करा.,No,No,No
spam,"हाय, मला वाटते मी दुसऱ्याला पेमेंट करताना चुकून तुम्हाला Rs.47,370 पाठवले. कृपया rbyxyj@paytm वर परत पाठवा, धन्यवाद.",No,No,No
spam,"माफ करा, मी चुकून चुकीच्या नंबरवर Rs.710 ट्रान्सफर केले, हे तुमचे खाते वाटते. कृपया szaqkrpo@paytm वर परत पाठवा.",No,No,No
spam,"तुमचे Bank of Baroda पर्सनल लोन Rs.74,663 चे पूर्व-मंजूर आहे. प्रक्रियेसाठी तुमचे बँक खाते आणि आधार तपशील शेअर करा.",No,No,No
spam,"माफ करा, मी चुकून चुकीच्या नंबरवर Rs.2,961 ट्रान्सफर केले, हे तुमचे खाते वाटते. कृपया umqbsl10@ibl वर परत पाठवा.",No,No,No
spam,"मी चुकून तुमच्या Amazon Pay वर Rs.32,998 पाठवले, कृपया हे या UPI ID वर परत करा: phyglmbs78@paytm",No,No,No
spam,"तुम्हाला TCS सोबत वर्क-फ्रॉम-होम जॉबसाठी निवडले आहे. Rs.81,421 चा जॉइनिंग बोनस मिळवण्यासाठी तुमची बँक माहिती शेअर करा.",No,No,No
spam,"चुकून माझ्या खात्यातून तुमच्या खात्यात Rs.67,659 ट्रान्सफर झाले आहेत, लवकरात लवकर wlmha@okicici वर रिफंड करा.",No,No,No
spam,तुमचे Canara Bank पर्सनल लोन Rs.560 चे पूर्व-मंजूर आहे. प्रक्रियेसाठी तुमचे बँक खाते आणि आधार तपशील शेअर करा.,No,No,No
spam,"मी चुकून तुमच्या Amazon Pay वर Rs.2,772 पाठवले, कृपया हे या UPI ID वर परत करा: imcxfbo@paytm",No,No,No
spam,"अभिनंदन, PM Kisan Samman Nidhi अंतर्गत तुमचा अर्ज Rs.51,962 साठी मंजूर झाला आहे. वितरणासाठी तुमची बँक माहिती पाठवा.",No,No,No
spam,तुमच्या विमा पॉलिसीची मुदतपूर्ती रक्कम Rs.974 तयार आहे. पेमेंट मिळवण्यासाठी तुमची बँक पासबुक माहिती पाठवा.,No,No,No
spam,"तुमचे Axis Bank पर्सनल लोन Rs.38,450 चे पूर्व-मंजूर आहे. प्रक्रियेसाठी तुमचे बँक खाते आणि आधार तपशील शेअर करा.",No,No,No
spam,"माफ करा, मी चुकून चुकीच्या नंबरवर Rs.963 ट्रान्सफर केले, हे तुमचे खाते वाटते. कृपया chlqa@okicici वर परत पाठवा.",No,No,No
spam,"मी चुकून तुमच्या PhonePe वर Rs.4,405 पाठवले, कृपया हे या UPI ID वर परत करा: mjejuxwg@paytm",No,No,No
spam,"अभिनंदन, PM Ujjwala Yojana अंतर्गत तुमचा अर्ज Rs.94,729 साठी मंजूर झाला आहे. वितरणासाठी तुमची बँक माहिती पाठवा.",No,No,No
spam,"मी चुकून तुमच्या Paytm वर Rs.4,421 पाठवले, कृपया हे या UPI ID वर परत करा: niytk95@paytm",No,No,No
spam,"तुमच्या विमा पॉलिसीची मुदतपूर्ती रक्कम Rs.37,736 तयार आहे. पेमेंट मिळवण्यासाठी तुमची बँक पासबुक माहिती पाठवा.",No,No,No
spam,"मी चुकून तुमच्या PhonePe वर Rs.7,530 पाठवले, कृपया हे या UPI ID वर परत करा: bofpuyg33@okhdfcbank",No,No,No
spam,तुमच्या विमा पॉलिसीची मुदतपूर्ती रक्कम Rs.610 तयार आहे. पेमेंट मिळवण्यासाठी तुमची बँक पासबुक माहिती पाठवा.,No,No,No
spam,"हाय, मला वाटते मी दुसऱ्याला पेमेंट करताना चुकून तुम्हाला Rs.925 पाठवले. कृपया wepjhu66@okhdfcbank वर परत पाठवा, धन्यवाद.",No,No,No
spam,"तुमच्या विमा पॉलिसीची मुदतपूर्ती रक्कम Rs.48,870 तयार आहे. पेमेंट मिळवण्यासाठी तुमची बँक पासबुक माहिती पाठवा.",No,No,No
spam,"माफ करा, मी चुकून चुकीच्या नंबरवर Rs.782 ट्रान्सफर केले, हे तुमचे खाते वाटते. कृपया lhuwfcy@axl वर परत पाठवा.",No,No,No
spam,तुम्हाला Wipro सोबत वर्क-फ्रॉम-होम जॉबसाठी निवडले आहे. Rs.869 चा जॉइनिंग बोनस मिळवण्यासाठी तुमची बँक माहिती शेअर करा.,No,No,No
spam,"माफ करा, मी चुकून चुकीच्या नंबरवर Rs.7,950 ट्रान्सफर केले, हे तुमचे खाते वाटते. कृपया utpelsoc@axl वर परत पाठवा.",No,No,No
spam,"Ayushman Bharat अलर्ट: तुम्ही योजनेअंतर्गत Rs.62,696 साठी पात्र आहात. दावा करण्यासाठी तुमचा आधार आणि बँक खाते क्रमांक शेअर करा.",No,No,No
spam,तुमच्या विमा पॉलिसीची मुदतपूर्ती रक्कम Rs.874 तयार आहे. पेमेंट मिळवण्यासाठी तुमची बँक पासबुक माहिती पाठवा.,No,No,No
spam,"हाय, मला वाटते मी दुसऱ्याला पेमेंट करताना चुकून तुम्हाला Rs.916 पाठवले. कृपया mxszy74@ibl वर परत पाठवा, धन्यवाद.",No,No,No
spam,"माफ करा, मी चुकून चुकीच्या नंबरवर Rs.500 ट्रान्सफर केले, हे तुमचे खाते वाटते. कृपया yoskdyt81@paytm वर परत पाठवा.",No,No,No
spam,"तुमचे SBI पर्सनल लोन Rs.6,023 चे पूर्व-मंजूर आहे. प्रक्रियेसाठी तुमचे बँक खाते आणि आधार तपशील शेअर करा.",No,No,No
spam,PM Kisan Samman Nidhi अलर्ट: तुम्ही योजनेअंतर्गत Rs.994 साठी पात्र आहात. दावा करण्यासाठी तुमचा आधार आणि बँक खाते क्रमांक शेअर करा.,No,No,No
spam,"हाय, मला वाटते मी दुसऱ्याला पेमेंट करताना चुकून तुम्हाला Rs.26,777 पाठवले. कृपया kgvakvb92@ybl वर परत पाठवा, धन्यवाद.",No,No,No
spam,"माफ करा, मी चुकून चुकीच्या नंबरवर Rs.969 ट्रान्सफर केले, हे तुमचे खाते वाटते. कृपया pmqtb47@axl वर परत पाठवा.",No,No,No
spam,"तुमचे SBI पर्सनल लोन Rs.56,810 चे पूर्व-मंजूर आहे. प्रक्रियेसाठी तुमचे बँक खाते आणि आधार तपशील शेअर करा.",No,No,No
spam,"PM Kisan Samman Nidhi: तुमचा शिष्यवृत्ती लाभ Rs.12,898 ट्रान्सफरसाठी तयार आहे. मिळवण्यासाठी तुमची बँक पासबुक माहिती सबमिट करा.",No,No,No
spam,"अभिनंदन, PMAY अंतर्गत तुमचा अर्ज Rs.51,480 साठी मंजूर झाला आहे. वितरणासाठी तुमची बँक माहिती पाठवा.",No,No,No
spam,"PMAY अलर्ट: तुम्ही योजनेअंतर्गत Rs.67,728 साठी पात्र आहात. दावा करण्यासाठी तुमचा आधार आणि बँक खाते क्रमांक शेअर करा.",No,No,No
spam,"तुम्हाला Infosys सोबत वर्क-फ्रॉम-होम जॉबसाठी निवडले आहे. Rs.2,924 चा जॉइनिंग बोनस मिळवण्यासाठी तुमची बँक माहिती शेअर करा.",No,No,No
spam,"मी चुकून तुमच्या Paytm वर Rs.962 पाठवले, कृपया हे या UPI ID वर परत करा: kuyjvah82@paytm",No,No,No
spam,"चुकून माझ्या खात्यातून तुमच्या खात्यात Rs.93,818 ट्रान्सफर झाले आहेत, लवकरात लवकर udzyu64@okhdfcbank वर रिफंड करा.",No,No,No
spam,"PM Kisan Samman Nidhi अलर्ट: तुम्ही योजनेअंतर्गत Rs.28,004 साठी पात्र आहात. दावा करण्यासाठी तुमचा आधार आणि बँक खाते क्रमांक शेअर करा.",No,No,No
spam,"तुमच्या विमा पॉलिसीची मुदतपूर्ती रक्कम Rs.6,093 तयार आहे. पेमेंट मिळवण्यासाठी तुमची बँक पासबुक माहिती पाठवा.",No,No,No
spam,तुम्हाला TCS सोबत वर्क-फ्रॉम-होम जॉबसाठी निवडले आहे. Rs.788 चा जॉइनिंग बोनस मिळवण्यासाठी तुमची बँक माहिती शेअर करा.,No,No,No
spam,"चुकून माझ्या खात्यातून तुमच्या खात्यात Rs.81,257 ट्रान्सफर झाले आहेत, लवकरात लवकर fgdtdec@ibl वर रिफंड करा.",No,No,No
spam,National Scholarship Portal: तुमचा शिष्यवृत्ती लाभ Rs.508 ट्रान्सफरसाठी तयार आहे. मिळवण्यासाठी तुमची बँक पासबुक माहिती सबमिट करा.,No,No,No
spam,"तुमच्या विमा पॉलिसीची मुदतपूर्ती रक्कम Rs.5,856 तयार आहे. पेमेंट मिळवण्यासाठी तुमची बँक पासबुक माहिती पाठवा.",No,No,No
spam,तुमच्या विमा पॉलिसीची मुदतपूर्ती रक्कम Rs.594 तयार आहे. पेमेंट मिळवण्यासाठी तुमची बँक पासबुक माहिती पाठवा.,No,No,No
spam,"चुकून माझ्या खात्यातून तुमच्या खात्यात Rs.31,971 ट्रान्सफर झाले आहेत, लवकरात लवकर aqyircg21@paytm वर रिफंड करा.",No,No,No
spam,तुमचे ICICI Bank पर्सनल लोन Rs.610 चे पूर्व-मंजूर आहे. प्रक्रियेसाठी तुमचे बँक खाते आणि आधार तपशील शेअर करा.,No,No,No
spam,"मी चुकून तुमच्या Amazon Pay वर Rs.1,263 पाठवले, कृपया हे या UPI ID वर परत करा: kuezm89@axl",No,No,No
spam,"मी चुकून तुमच्या Paytm वर Rs.722 पाठवले, कृपया हे या UPI ID वर परत करा: gjzjhx@okicici",No,No,No
spam,"चुकून माझ्या खात्यातून तुमच्या खात्यात Rs.52,682 ट्रान्सफर झाले आहेत, लवकरात लवकर uzcqb28@okhdfcbank वर रिफंड करा.",No,No,No
spam,तुमचे Bank of Baroda पर्सनल लोन Rs.860 चे पूर्व-मंजूर आहे. प्रक्रियेसाठी तुमचे बँक खाते आणि आधार तपशील शेअर करा.,No,No,No
spam,"अभिनंदन, National Scholarship Portal अंतर्गत तुमचा अर्ज Rs.700 साठी मंजूर झाला आहे. वितरणासाठी तुमची बँक माहिती पाठवा.",No,No,No
spam,"तुमचे SBI पर्सनल लोन Rs.88,180 चे पूर्व-मंजूर आहे. प्रक्रियेसाठी तुमचे बँक खाते आणि आधार तपशील शेअर करा.",No,No,No
spam,"हाय, मला वाटते मी दुसऱ्याला पेमेंट करताना चुकून तुम्हाला Rs.583 पाठवले. कृपया dmaskjb@ibl वर परत पाठवा, धन्यवाद.",No,No,No
spam,"PM Kisan Samman Nidhi: तुमचा शिष्यवृत्ती लाभ Rs.5,555 ट्रान्सफरसाठी तयार आहे. मिळवण्यासाठी तुमची बँक पासबुक माहिती सबमिट करा.",No,No,No
spam,"State Scholarship Scheme अलर्ट: तुम्ही योजनेअंतर्गत Rs.5,515 साठी पात्र आहात. दावा करण्यासाठी तुमचा आधार आणि बँक खाते क्रमांक शेअर करा.",No,No,No
spam,"अभिनंदन, Post Matric Scholarship अंतर्गत तुमचा अर्ज Rs.1,569 साठी मंजूर झाला आहे. वितरणासाठी तुमची बँक माहिती पाठवा.",No,No,No
spam,"माफ करा, मी चुकून चुकीच्या नंबरवर Rs.7,976 ट्रान्सफर केले, हे तुमचे खाते वाटते. कृपया jykcfw@oksbi वर परत पाठवा.",No,No,No
spam,"तुमच्या विमा पॉलिसीची मुदतपूर्ती रक्कम Rs.5,067 तयार आहे. पेमेंट मिळवण्यासाठी तुमची बँक पासबुक माहिती पाठवा.",No,No,No
spam,"हाय, मला वाटते मी दुसऱ्याला पेमेंट करताना चुकून तुम्हाला Rs.6,173 पाठवले. कृपया fxlcfndh@okicici वर परत पाठवा, धन्यवाद.",No,No,No
spam,"हाय, मला वाटते मी दुसऱ्याला पेमेंट करताना चुकून तुम्हाला Rs.96,270 पाठवले. कृपया zvmekf91@ybl वर परत पाठवा, धन्यवाद.",No,No,No
spam,"माफ करा, मी चुकून चुकीच्या नंबरवर Rs.927 ट्रान्सफर केले, हे तुमचे खाते वाटते. कृपया ogebf@okicici वर परत पाठवा.",No,No,No
spam,"माफ करा, मी चुकून चुकीच्या नंबरवर Rs.9,509 ट्रान्सफर केले, हे तुमचे खाते वाटते. कृपया steytkx@ybl वर परत पाठवा.",No,No,No
spam,"State Scholarship Scheme: तुमचा शिष्यवृत्ती लाभ Rs.62,097 ट्रान्सफरसाठी तयार आहे. मिळवण्यासाठी तुमची बँक पासबुक माहिती सबमिट करा.",No,No,No
spam,तुम्हाला Reliance सोबत वर्क-फ्रॉम-होम जॉबसाठी निवडले आहे. Rs.712 चा जॉइनिंग बोनस मिळवण्यासाठी तुमची बँक माहिती शेअर करा.,No,No,No
spam,"हाय, मला वाटते मी दुसऱ्याला पेमेंट करताना चुकून तुम्हाला Rs.652 पाठवले. कृपया yqkvf79@oksbi वर परत पाठवा, धन्यवाद.",No,No,No
spam,"तुमच्या विमा पॉलिसीची मुदतपूर्ती रक्कम Rs.8,688 तयार आहे. पेमेंट मिळवण्यासाठी तुमची बँक पासबुक माहिती पाठवा.",No,No,No
spam,तुमचे HDFC Bank पर्सनल लोन Rs.545 चे पूर्व-मंजूर आहे. प्रक्रियेसाठी तुमचे बँक खाते आणि आधार तपशील शेअर करा.,No,No,No
spam,"चुकून माझ्या खात्यातून तुमच्या खात्यात Rs.954 ट्रान्सफर झाले आहेत, लवकरात लवकर hxxnr@okhdfcbank वर रिफंड करा.",No,No,No
spam,"अभिनंदन, PMAY अंतर्गत तुमचा अर्ज Rs.84,242 साठी मंजूर झाला आहे. वितरणासाठी तुमची बँक माहिती पाठवा.",No,No,No
spam,"तुम्हाला Flipkart सोबत वर्क-फ्रॉम-होम जॉबसाठी निवडले आहे. Rs.40,284 चा जॉइनिंग बोनस मिळवण्यासाठी तुमची बँक माहिती शेअर करा.",No,No,No
spam,PM Kisan Samman Nidhi: तुमचा शिष्यवृत्ती लाभ Rs.889 ट्रान्सफरसाठी तयार आहे. मिळवण्यासाठी तुमची बँक पासबुक माहिती सबमिट करा.,No,No,No
spam,"हाय, मला वाटते मी दुसऱ्याला पेमेंट करताना चुकून तुम्हाला Rs.969 पाठवले. कृपया cixcuox@okhdfcbank वर परत पाठवा, धन्यवाद.",No,No,No
spam,"तुमच्या विमा पॉलिसीची मुदतपूर्ती रक्कम Rs.4,181 तयार आहे. पेमेंट मिळवण्यासाठी तुमची बँक पासबुक माहिती पाठवा.",No,No,No
spam,"चुकून माझ्या खात्यातून तुमच्या खात्यात Rs.14,799 ट्रान्सफर झाले आहेत, लवकरात लवकर orrdbtoz39@okicici वर रिफंड करा.",No,No,No
spam,"तुमचे SBI पर्सनल लोन Rs.8,304 चे पूर्व-मंजूर आहे. प्रक्रियेसाठी तुमचे बँक खाते आणि आधार तपशील शेअर करा.",No,No,No
spam,"अभिनंदन, PM Ujjwala Yojana अंतर्गत तुमचा अर्ज Rs.38,492 साठी मंजूर झाला आहे. वितरणासाठी तुमची बँक माहिती पाठवा.",No,No,No
spam,PM Ujjwala Yojana अलर्ट: तुम्ही योजनेअंतर्गत Rs.825 साठी पात्र आहात. दावा करण्यासाठी तुमचा आधार आणि बँक खाते क्रमांक शेअर करा.,No,No,No
spam,तुमच्या विमा पॉलिसीची मुदतपूर्ती रक्कम Rs.877 तयार आहे. पेमेंट मिळवण्यासाठी तुमची बँक पासबुक माहिती पाठवा.,No,No,No
spam,LPG Subsidy Scheme अलर्ट: तुम्ही योजनेअंतर्गत Rs.993 साठी पात्र आहात. दावा करण्यासाठी तुमचा आधार आणि बँक खाते क्रमांक शेअर करा.,No,No,No
spam,LPG Subsidy Scheme अलर्ट: तुम्ही योजनेअंतर्गत Rs.551 साठी पात्र आहात. दावा करण्यासाठी तुमचा आधार आणि बँक खाते क्रमांक शेअर करा.,No,No,No
spam,"माफ करा, मी चुकून चुकीच्या नंबरवर Rs.8,148 ट्रान्सफर केले, हे तुमचे खाते वाटते. कृपया jvqiqpxs38@paytm वर परत पाठवा.",No,No,No
spam,"चुकून माझ्या खात्यातून तुमच्या खात्यात Rs.901 ट्रान्सफर झाले आहेत, लवकरात लवकर xnelbd28@okicici वर रिफंड करा.",No,No,No
spam,"मी चुकून तुमच्या Amazon Pay वर Rs.2,232 पाठवले, कृपया हे या UPI ID वर परत करा: spxhl16@ybl",No,No,No
spam,"चुकून माझ्या खात्यातून तुमच्या खात्यात Rs.9,198 ट्रान्सफर झाले आहेत, लवकरात लवकर epjmjfns48@okhdfcbank वर रिफंड करा.",No,No,No
spam,"Ayushman Bharat अलर्ट: तुम्ही योजनेअंतर्गत Rs.1,819 साठी पात्र आहात. दावा करण्यासाठी तुमचा आधार आणि बँक खाते क्रमांक शेअर करा.",No,No,No
spam,"अभिनंदन, National Scholarship Portal अंतर्गत तुमचा अर्ज Rs.47,470 साठी मंजूर झाला आहे. वितरणासाठी तुमची बँक माहिती पाठवा.",No,No,No
spam,तुमचे Punjab National Bank पर्सनल लोन Rs.637 चे पूर्व-मंजूर आहे. प्रक्रियेसाठी तुमचे बँक खाते आणि आधार तपशील शेअर करा.,No,No,No
spam,"तुम्हाला TCS सोबत वर्क-फ्रॉम-होम जॉबसाठी निवडले आहे. Rs.85,973 चा जॉइनिंग बोनस मिळवण्यासाठी तुमची बँक माहिती शेअर करा.",No,No,No
spam,"चुकून माझ्या खात्यातून तुमच्या खात्यात Rs.7,660 ट्रान्सफर झाले आहेत, लवकरात लवकर asrlw85@oksbi वर रिफंड करा.",No,No,No
spam,"तुमचे Canara Bank पर्सनल लोन Rs.16,645 चे पूर्व-मंजूर आहे. प्रक्रियेसाठी तुमचे बँक खाते आणि आधार तपशील शेअर करा.",No,No,No
spam,"अभिनंदन, National Scholarship Portal अंतर्गत तुमचा अर्ज Rs.32,188 साठी मंजूर झाला आहे. वितरणासाठी तुमची बँक माहिती पाठवा.",No,No,No
spam,तुम्हाला Reliance सोबत वर्क-फ्रॉम-होम जॉबसाठी निवडले आहे. Rs.723 चा जॉइनिंग बोनस मिळवण्यासाठी तुमची बँक माहिती शेअर करा.,No,No,No
spam,तुमच्या विमा पॉलिसीची मुदतपूर्ती रक्कम Rs.875 तयार आहे. पेमेंट मिळवण्यासाठी तुमची बँक पासबुक माहिती पाठवा.,No,No,No
spam,"माफ करा, मी चुकून चुकीच्या नंबरवर Rs.4,157 ट्रान्सफर केले, हे तुमचे खाते वाटते. कृपया lljzc@axl वर परत पाठवा.",No,No,No
spam,"अभिनंदन, PM Kisan Samman Nidhi अंतर्गत तुमचा अर्ज Rs.40,783 साठी मंजूर झाला आहे. वितरणासाठी तुमची बँक माहिती पाठवा.",No,No,No
spam,"अभिनंदन, LPG Subsidy Scheme अंतर्गत तुमचा अर्ज Rs.7,784 साठी मंजूर झाला आहे. वितरणासाठी तुमची बँक माहिती पाठवा.",No,No,No
spam,"हाय, मला वाटते मी दुसऱ्याला पेमेंट करताना चुकून तुम्हाला Rs.808 पाठवले. कृपया uhztqnt23@ybl वर परत पाठवा, धन्यवाद.",No,No,No
spam,PM Kisan Samman Nidhi: तुमचा शिष्यवृत्ती लाभ Rs.880 ट्रान्सफरसाठी तयार आहे. मिळवण्यासाठी तुमची बँक पासबुक माहिती सबमिट करा.,No,No,No
spam,"हाय, मला वाटते मी दुसऱ्याला पेमेंट करताना चुकून तुम्हाला Rs.988 पाठवले. कृपया mrxiut@oksbi वर परत पाठवा, धन्यवाद.",No,No,No
spam,"हाय, मला वाटते मी दुसऱ्याला पेमेंट करताना चुकून तुम्हाला Rs.7,647 पाठवले. कृपया hqcwo28@okicici वर परत पाठवा, धन्यवाद.",No,No,No
spam,"मी चुकून तुमच्या Amazon Pay वर Rs.5,631 पाठवले, कृपया हे या UPI ID वर परत करा: kbxszaej@ybl",No,No,No
spam,"चुकून माझ्या खात्यातून तुमच्या खात्यात Rs.47,209 ट्रान्सफर झाले आहेत, लवकरात लवकर qjyms98@ybl वर रिफंड करा.",No,No,No
spam,"माफ करा, मी चुकून चुकीच्या नंबरवर Rs.16,341 ट्रान्सफर केले, हे तुमचे खाते वाटते. कृपया jpdysf42@okicici वर परत पाठवा.",No,No,No
spam,"PM Kisan Samman Nidhi अलर्ट: तुम्ही योजनेअंतर्गत Rs.87,974 साठी पात्र आहात. दावा करण्यासाठी तुमचा आधार आणि बँक खाते क्रमांक शेअर करा.",No,No,No
spam,"हाय, मला वाटते मी दुसऱ्याला पेमेंट करताना चुकून तुम्हाला Rs.9,335 पाठवले. कृपया ciwqqbqa@okhdfcbank वर परत पाठवा, धन्यवाद.",No,No,No
spam,तुमचे Bank of Baroda पर्सनल लोन Rs.644 चे पूर्व-मंजूर आहे. प्रक्रियेसाठी तुमचे बँक खाते आणि आधार तपशील शेअर करा.,No,No,No
spam,"तुम्हाला HCL सोबत वर्क-फ्रॉम-होम जॉबसाठी निवडले आहे. Rs.57,807 चा जॉइनिंग बोनस मिळवण्यासाठी तुमची बँक माहिती शेअर करा.",No,No,No
spam,"अभिनंदन, Ayushman Bharat अंतर्गत तुमचा अर्ज Rs.899 साठी मंजूर झाला आहे. वितरणासाठी तुमची बँक माहिती पाठवा.",No,No,No
spam,"माफ करा, मी चुकून चुकीच्या नंबरवर Rs.8,591 ट्रान्सफर केले, हे तुमचे खाते वाटते. कृपया pswayqk79@paytm वर परत पाठवा.",No,No,No
spam,"चुकून माझ्या खात्यातून तुमच्या खात्यात Rs.2,186 ट्रान्सफर झाले आहेत, लवकरात लवकर monezbhq57@paytm वर रिफंड करा.",No,No,No
spam,"मी चुकून तुमच्या PhonePe वर Rs.7,414 पाठवले, कृपया हे या UPI ID वर परत करा: alzbivx@axl",No,No,No
spam,तुमचे Canara Bank पर्सनल लोन Rs.852 चे पूर्व-मंजूर आहे. प्रक्रियेसाठी तुमचे बँक खाते आणि आधार तपशील शेअर करा.,No,No,No
spam,"मी चुकून तुमच्या PhonePe वर Rs.1,831 पाठवले, कृपया हे या UPI ID वर परत करा: jxvzegot@oksbi",No,No,No
spam,"हाय, मला वाटते मी दुसऱ्याला पेमेंट करताना चुकून तुम्हाला Rs.511 पाठवले. कृपया ciaon@okhdfcbank वर परत पाठवा, धन्यवाद.",No,No,No
spam,"तुमचे HDFC Bank पर्सनल लोन Rs.5,216 चे पूर्व-मंजूर आहे. प्रक्रियेसाठी तुमचे बँक खाते आणि आधार तपशील शेअर करा.",No,No,No
spam,"मी चुकून तुमच्या Amazon Pay वर Rs.99,040 पाठवले, कृपया हे या UPI ID वर परत करा: ttjfppr47@ibl",No,No,No
spam,"अभिनंदन, Ayushman Bharat अंतर्गत तुमचा अर्ज Rs.63,588 साठी मंजूर झाला आहे. वितरणासाठी तुमची बँक माहिती पाठवा.",No,No,No
spam,"अभिनंदन, PM Ujjwala Yojana अंतर्गत तुमचा अर्ज Rs.45,541 साठी मंजूर झाला आहे. वितरणासाठी तुमची बँक माहिती पाठवा.",No,No,No
spam,Ayushman Bharat अलर्ट: तुम्ही योजनेअंतर्गत Rs.628 साठी पात्र आहात. दावा करण्यासाठी तुमचा आधार आणि बँक खाते क्रमांक शेअर करा.,No,No,No
spam,"National Scholarship Portal अलर्ट: तुम्ही योजनेअंतर्गत Rs.9,866 साठी पात्र आहात. दावा करण्यासाठी तुमचा आधार आणि बँक खाते क्रमांक शेअर करा.",No,No,No
spam,"माफ करा, मी चुकून चुकीच्या नंबरवर Rs.41,811 ट्रान्सफर केले, हे तुमचे खाते वाटते. कृपया gbpdhed@paytm वर परत पाठवा.",No,No,No
spam,"मी चुकून तुमच्या PhonePe वर Rs.571 पाठवले, कृपया हे या UPI ID वर परत करा: tvmccdf@axl",No,No,No
spam,"चुकून माझ्या खात्यातून तुमच्या खात्यात Rs.5,772 ट्रान्सफर झाले आहेत, लवकरात लवकर bqnbn46@okicici वर रिफंड करा.",No,No,No
spam,"तुमच्या विमा पॉलिसीची मुदतपूर्ती रक्कम Rs.3,219 तयार आहे. पेमेंट मिळवण्यासाठी तुमची बँक पासबुक माहिती पाठवा.",No,No,No
spam,तुमच्या विमा पॉलिसीची मुदतपूर्ती रक्कम Rs.503 तयार आहे. पेमेंट मिळवण्यासाठी तुमची बँक पासबुक माहिती पाठवा.,No,No,No
spam,"हाय, मला वाटते मी दुसऱ्याला पेमेंट करताना चुकून तुम्हाला Rs.1,065 पाठवले. कृपया aeubg@ibl वर परत पाठवा, धन्यवाद.",No,No,No
spam,"हाय, मला वाटते मी दुसऱ्याला पेमेंट करताना चुकून तुम्हाला Rs.94,137 पाठवले. कृपया ptiqyq65@paytm वर परत पाठवा, धन्यवाद.",No,No,No
spam,"हाय, मला वाटते मी दुसऱ्याला पेमेंट करताना चुकून तुम्हाला Rs.959 पाठवले. कृपया ogznijat86@ibl वर परत पाठवा, धन्यवाद.",No,No,No
spam,"National Scholarship Portal: तुमचा शिष्यवृत्ती लाभ Rs.4,299 ट्रान्सफरसाठी तयार आहे. मिळवण्यासाठी तुमची बँक पासबुक माहिती सबमिट करा.",No,No,No
spam,"चुकून माझ्या खात्यातून तुमच्या खात्यात Rs.86,619 ट्रान्सफर झाले आहेत, लवकरात लवकर bodiew@paytm वर रिफंड करा.",No,No,No
spam,"तुमचे Kotak Mahindra Bank पर्सनल लोन Rs.4,474 चे पूर्व-मंजूर आहे. प्रक्रियेसाठी तुमचे बँक खाते आणि आधार तपशील शेअर करा.",No,No,No
spam,"तुमचे Punjab National Bank पर्सनल लोन Rs.15,418 चे पूर्व-मंजूर आहे. प्रक्रियेसाठी तुमचे बँक खाते आणि आधार तपशील शेअर करा.",No,No,No
spam,तुमचे Bank of Baroda पर्सनल लोन Rs.931 चे पूर्व-मंजूर आहे. प्रक्रियेसाठी तुमचे बँक खाते आणि आधार तपशील शेअर करा.,No,No,No
spam,"अभिनंदन, LPG Subsidy Scheme अंतर्गत तुमचा अर्ज Rs.7,103 साठी मंजूर झाला आहे. वितरणासाठी तुमची बँक माहिती पाठवा.",No,No,No
spam,"PM Ujjwala Yojana: तुमचा शिष्यवृत्ती लाभ Rs.60,545 ट्रान्सफरसाठी तयार आहे. मिळवण्यासाठी तुमची बँक पासबुक माहिती सबमिट करा.",No,No,No
spam,LPG Subsidy Scheme: तुमचा शिष्यवृत्ती लाभ Rs.703 ट्रान्सफरसाठी तयार आहे. मिळवण्यासाठी तुमची बँक पासबुक माहिती सबमिट करा.,No,No,No
spam,"Post Matric Scholarship अलर्ट: तुम्ही योजनेअंतर्गत Rs.84,177 साठी पात्र आहात. दावा करण्यासाठी तुमचा आधार आणि बँक खाते क्रमांक शेअर करा.",No,No,No
spam,"अभिनंदन, PM Kisan Samman Nidhi अंतर्गत तुमचा अर्ज Rs.13,426 साठी मंजूर झाला आहे. वितरणासाठी तुमची बँक माहिती पाठवा.",No,No,No
spam,"तुम्हाला HCL सोबत वर्क-फ्रॉम-होम जॉबसाठी निवडले आहे. Rs.16,470 चा जॉइनिंग बोनस मिळवण्यासाठी तुमची बँक माहिती शेअर करा.",No,No,No
spam,Ayushman Bharat: तुमचा शिष्यवृत्ती लाभ Rs.784 ट्रान्सफरसाठी तयार आहे. मिळवण्यासाठी तुमची बँक पासबुक माहिती सबमिट करा.,No,No,No
spam,"मी चुकून तुमच्या PhonePe वर Rs.7,897 पाठवले, कृपया हे या UPI ID वर परत करा: myfpmcz@paytm",No,No,No
spam,तुमचे HDFC Bank पर्सनल लोन Rs.809 चे पूर्व-मंजूर आहे. प्रक्रियेसाठी तुमचे बँक खाते आणि आधार तपशील शेअर करा.,No,No,No
spam,"तुमचे SBI पर्सनल लोन Rs.1,106 चे पूर्व-मंजूर आहे. प्रक्रियेसाठी तुमचे बँक खाते आणि आधार तपशील शेअर करा.",No,No,No
spam,"मी चुकून तुमच्या Amazon Pay वर Rs.99,845 पाठवले, कृपया हे या UPI ID वर परत करा: okxroa44@ibl",No,No,No
spam,"मी चुकून तुमच्या Paytm वर Rs.6,867 पाठवले, कृपया हे या UPI ID वर परत करा: axsui@ybl",No,No,No
spam,"माफ करा, मी चुकून चुकीच्या नंबरवर Rs.687 ट्रान्सफर केले, हे तुमचे खाते वाटते. कृपया zowojdy@okicici वर परत पाठवा.",No,No,No
spam,"चुकून माझ्या खात्यातून तुमच्या खात्यात Rs.841 ट्रान्सफर झाले आहेत, लवकरात लवकर uixeysb@okhdfcbank वर रिफंड करा.",No,No,No
spam,तुम्हाला TCS सोबत वर्क-फ्रॉम-होम जॉबसाठी निवडले आहे. Rs.932 चा जॉइनिंग बोनस मिळवण्यासाठी तुमची बँक माहिती शेअर करा.,No,No,No
spam,"तुम्हाला Flipkart सोबत वर्क-फ्रॉम-होम जॉबसाठी निवडले आहे. Rs.76,234 चा जॉइनिंग बोनस मिळवण्यासाठी तुमची बँक माहिती शेअर करा.",No,No,No
spam,"माफ करा, मी चुकून चुकीच्या नंबरवर Rs.36,244 ट्रान्सफर केले, हे तुमचे खाते वाटते. कृपया oxjfgddi29@ibl वर परत पाठवा.",No,No,No
spam,"तुमचे ICICI Bank पर्सनल लोन Rs.61,128 चे पूर्व-मंजूर आहे. प्रक्रियेसाठी तुमचे बँक खाते आणि आधार तपशील शेअर करा.",No,No,No
spam,"माफ करा, मी चुकून चुकीच्या नंबरवर Rs.735 ट्रान्सफर केले, हे तुमचे खाते वाटते. कृपया xfyfjz66@okhdfcbank वर परत पाठवा.",No,No,No
spam,"PMAY: तुमचा शिष्यवृत्ती लाभ Rs.30,559 ट्रान्सफरसाठी तयार आहे. मिळवण्यासाठी तुमची बँक पासबुक माहिती सबमिट करा.",No,No,No
spam,"अभिनंदन, LPG Subsidy Scheme अंतर्गत तुमचा अर्ज Rs.47,214 साठी मंजूर झाला आहे. वितरणासाठी तुमची बँक माहिती पाठवा.",No,No,No
spam,State Scholarship Scheme: तुमचा शिष्यवृत्ती लाभ Rs.809 ट्रान्सफरसाठी तयार आहे. मिळवण्यासाठी तुमची बँक पासबुक माहिती सबमिट करा.,No,No,No
spam,"अभिनंदन, Ayushman Bharat अंतर्गत तुमचा अर्ज Rs.7,444 साठी मंजूर झाला आहे. वितरणासाठी तुमची बँक माहिती पाठवा.",No,No,No
spam,"अभिनंदन, Ayushman Bharat अंतर्गत तुमचा अर्ज Rs.706 साठी मंजूर झाला आहे. वितरणासाठी तुमची बँक माहिती पाठवा.",No,No,No
spam,"National Scholarship Portal: तुमचा शिष्यवृत्ती लाभ Rs.75,789 ट्रान्सफरसाठी तयार आहे. मिळवण्यासाठी तुमची बँक पासबुक माहिती सबमिट करा.",No,No,No
spam,"माफ करा, मी चुकून चुकीच्या नंबरवर Rs.10,113 ट्रान्सफर केले, हे तुमचे खाते वाटते. कृपया aiclnswy@paytm वर परत पाठवा.",No,No,No
spam,"मी चुकून तुमच्या Paytm वर Rs.80,031 पाठवले, कृपया हे या UPI ID वर परत करा: jjrxx@oksbi",No,No,No
spam,"माफ करा, मी चुकून चुकीच्या नंबरवर Rs.51,099 ट्रान्सफर केले, हे तुमचे खाते वाटते. कृपया ywwdjdpp80@ibl वर परत पाठवा.",No,No,No
spam,"तुमचे ICICI Bank पर्सनल लोन Rs.1,543 चे पूर्व-मंजूर आहे. प्रक्रियेसाठी तुमचे बँक खाते आणि आधार तपशील शेअर करा.",No,No,No
spam,"चुकून माझ्या खात्यातून तुमच्या खात्यात Rs.32,381 ट्रान्सफर झाले आहेत, लवकरात लवकर hdedi54@okhdfcbank वर रिफंड करा.",No,No,No
spam,"PMAY: तुमचा शिष्यवृत्ती लाभ Rs.26,192 ट्रान्सफरसाठी तयार आहे. मिळवण्यासाठी तुमची बँक पासबुक माहिती सबमिट करा.",No,No,No
spam,"तुमच्या विमा पॉलिसीची मुदतपूर्ती रक्कम Rs.76,602 तयार आहे. पेमेंट मिळवण्यासाठी तुमची बँक पासबुक माहिती पाठवा.",No,No,No
spam,"तुमचे Canara Bank पर्सनल लोन Rs.53,218 चे पूर्व-मंजूर आहे. प्रक्रियेसाठी तुमचे बँक खाते आणि आधार तपशील शेअर करा.",No,No,No
spam,"माफ करा, मी चुकून चुकीच्या नंबरवर Rs.5,717 ट्रान्सफर केले, हे तुमचे खाते वाटते. कृपया copfayvb@ybl वर परत पाठवा.",No,No,No
spam,"अभिनंदन, Ayushman Bharat अंतर्गत तुमचा अर्ज Rs.1,042 साठी मंजूर झाला आहे. वितरणासाठी तुमची बँक माहिती पाठवा.",No,No,No
spam,"तुमच्या विमा पॉलिसीची मुदतपूर्ती रक्कम Rs.1,470 तयार आहे. पेमेंट मिळवण्यासाठी तुमची बँक पासबुक माहिती पाठवा.",No,No,No
spam,"अभिनंदन, LPG Subsidy Scheme अंतर्गत तुमचा अर्ज Rs.37,794 साठी मंजूर झाला आहे. वितरणासाठी तुमची बँक माहिती पाठवा.",No,No,No
spam,"अभिनंदन, PM Ujjwala Yojana अंतर्गत तुमचा अर्ज Rs.1,701 साठी मंजूर झाला आहे. वितरणासाठी तुमची बँक माहिती पाठवा.",No,No,No
spam,"PMAY अलर्ट: तुम्ही योजनेअंतर्गत Rs.8,753 साठी पात्र आहात. दावा करण्यासाठी तुमचा आधार आणि बँक खाते क्रमांक शेअर करा.",No,No,No
spam,तुमच्या विमा पॉलिसीची मुदतपूर्ती रक्कम Rs.817 तयार आहे. पेमेंट मिळवण्यासाठी तुमची बँक पासबुक माहिती पाठवा.,No,No,No
spam,"हाय, मला वाटते मी दुसऱ्याला पेमेंट करताना चुकून तुम्हाला Rs.9,495 पाठवले. कृपया gmvceese69@axl वर परत पाठवा, धन्यवाद.",No,No,No
spam,"मी चुकून तुमच्या Google Pay वर Rs.46,725 पाठवले, कृपया हे या UPI ID वर परत करा: zckwu@ybl",No,No,No
spam,LPG Subsidy Scheme: तुमचा शिष्यवृत्ती लाभ Rs.868 ट्रान्सफरसाठी तयार आहे. मिळवण्यासाठी तुमची बँक पासबुक माहिती सबमिट करा.,No,No,No
spam,"Ayushman Bharat: तुमचा शिष्यवृत्ती लाभ Rs.3,362 ट्रान्सफरसाठी तयार आहे. मिळवण्यासाठी तुमची बँक पासबुक माहिती सबमिट करा.",No,No,No
spam,"माफ करा, मी चुकून चुकीच्या नंबरवर Rs.9,614 ट्रान्सफर केले, हे तुमचे खाते वाटते. कृपया sqzvqqq82@okhdfcbank वर परत पाठवा.",No,No,No
spam,Post Matric Scholarship: तुमचा शिष्यवृत्ती लाभ Rs.727 ट्रान्सफरसाठी तयार आहे. मिळवण्यासाठी तुमची बँक पासबुक माहिती सबमिट करा.,No,No,No
spam,"हाय, मला वाटते मी दुसऱ्याला पेमेंट करताना चुकून तुम्हाला Rs.783 पाठवले. कृपया hgpahder31@ybl वर परत पाठवा, धन्यवाद.",No,No,No
spam,"मी चुकून तुमच्या Paytm वर Rs.8,601 पाठवले, कृपया हे या UPI ID वर परत करा: ihwjn@ybl",No,No,No
spam,"मी चुकून तुमच्या Google Pay वर Rs.965 पाठवले, कृपया हे या UPI ID वर परत करा: vythpln69@ybl",No,No,No
spam,"अभिनंदन, National Scholarship Portal अंतर्गत तुमचा अर्ज Rs.69,399 साठी मंजूर झाला आहे. वितरणासाठी तुमची बँक माहिती पाठवा.",No,No,No
spam,"तुम्हाला Reliance सोबत वर्क-फ्रॉम-होम जॉबसाठी निवडले आहे. Rs.4,056 चा जॉइनिंग बोनस मिळवण्यासाठी तुमची बँक माहिती शेअर करा.",No,No,No
spam,"LPG Subsidy Scheme: तुमचा शिष्यवृत्ती लाभ Rs.4,156 ट्रान्सफरसाठी तयार आहे. मिळवण्यासाठी तुमची बँक पासबुक माहिती सबमिट करा.",No,No,No
spam,"तुमच्या विमा पॉलिसीची मुदतपूर्ती रक्कम Rs.7,440 तयार आहे. पेमेंट मिळवण्यासाठी तुमची बँक पासबुक माहिती पाठवा.",No,No,No
spam,"हाय, मला वाटते मी दुसऱ्याला पेमेंट करताना चुकून तुम्हाला Rs.2,282 पाठवले. कृपया tnyjtzxp63@okhdfcbank वर परत पाठवा, धन्यवाद.",No,No,No
spam,तुमचे Punjab National Bank पर्सनल लोन Rs.512 चे पूर्व-मंजूर आहे. प्रक्रियेसाठी तुमचे बँक खाते आणि आधार तपशील शेअर करा.,No,No,No
spam,"माफ करा, मी चुकून चुकीच्या नंबरवर Rs.987 ट्रान्सफर केले, हे तुमचे खाते वाटते. कृपया ulqlbzq72@axl वर परत पाठवा.",No,No,No
spam,"State Scholarship Scheme: तुमचा शिष्यवृत्ती लाभ Rs.7,459 ट्रान्सफरसाठी तयार आहे. मिळवण्यासाठी तुमची बँक पासबुक माहिती सबमिट करा.",No,No,No
spam,"माफ करा, मी चुकून चुकीच्या नंबरवर Rs.995 ट्रान्सफर केले, हे तुमचे खाते वाटते. कृपया ngifee30@ybl वर परत पाठवा.",No,No,No
spam,"तुम्हाला Wipro सोबत वर्क-फ्रॉम-होम जॉबसाठी निवडले आहे. Rs.29,833 चा जॉइनिंग बोनस मिळवण्यासाठी तुमची बँक माहिती शेअर करा.",No,No,No
spam,"चुकून माझ्या खात्यातून तुमच्या खात्यात Rs.601 ट्रान्सफर झाले आहेत, लवकरात लवकर xmiwre55@axl वर रिफंड करा.",No,No,No
spam,"तुमच्या विमा पॉलिसीची मुदतपूर्ती रक्कम Rs.4,163 तयार आहे. पेमेंट मिळवण्यासाठी तुमची बँक पासबुक माहिती पाठवा.",No,No,No
spam,"तुम्हाला Wipro सोबत वर्क-फ्रॉम-होम जॉबसाठी निवडले आहे. Rs.9,485 चा जॉइनिंग बोनस मिळवण्यासाठी तुमची बँक माहिती शेअर करा.",No,No,No
spam,"तुमचे Punjab National Bank पर्सनल लोन Rs.37,646 चे पूर्व-मंजूर आहे. प्रक्रियेसाठी तुमचे बँक खाते आणि आधार तपशील शेअर करा.",No,No,No
spam,"माफ करा, मी चुकून चुकीच्या नंबरवर Rs.67,645 ट्रान्सफर केले, हे तुमचे खाते वाटते. कृपया akvndi@axl वर परत पाठवा.",No,No,No
spam,"मी चुकून तुमच्या Amazon Pay वर Rs.699 पाठवले, कृपया हे या UPI ID वर परत करा: umlns@ybl",No,No,No
spam,"तुम्हाला Flipkart सोबत वर्क-फ्रॉम-होम जॉबसाठी निवडले आहे. Rs.90,874 चा जॉइनिंग बोनस मिळवण्यासाठी तुमची बँक माहिती शेअर करा.",No,No,No
spam,"मी चुकून तुमच्या Paytm वर Rs.8,310 पाठवले, कृपया हे या UPI ID वर परत करा: wepotbsp@axl",No,No,No
spam,"Post Matric Scholarship: तुमचा शिष्यवृत्ती लाभ Rs.57,055 ट्रान्सफरसाठी तयार आहे. मिळवण्यासाठी तुमची बँक पासबुक माहिती सबमिट करा.",No,No,No
spam,"LPG Subsidy Scheme अलर्ट: तुम्ही योजनेअंतर्गत Rs.66,666 साठी पात्र आहात. दावा करण्यासाठी तुमचा आधार आणि बँक खाते क्रमांक शेअर करा.",No,No,No
spam,"मी चुकून तुमच्या Google Pay वर Rs.540 पाठवले, कृपया हे या UPI ID वर परत करा: pmnjpbpu62@ybl",No,No,No
spam,तुम्हाला Reliance सोबत वर्क-फ्रॉम-होम जॉबसाठी निवडले आहे. Rs.509 चा जॉइनिंग बोनस मिळवण्यासाठी तुमची बँक माहिती शेअर करा.,No,No,No
spam,"तुमच्या विमा पॉलिसीची मुदतपूर्ती रक्कम Rs.17,332 तयार आहे. पेमेंट मिळवण्यासाठी तुमची बँक पासबुक माहिती पाठवा.",No,No,No
spam,"हाय, मला वाटते मी दुसऱ्याला पेमेंट करताना चुकून तुम्हाला Rs.45,042 पाठवले. कृपया uojcjmv@oksbi वर परत पाठवा, धन्यवाद.",No,No,No
spam,"तुमचे Punjab National Bank पर्सनल लोन Rs.6,622 चे पूर्व-मंजूर आहे. प्रक्रियेसाठी तुमचे बँक खाते आणि आधार तपशील शेअर करा.",No,No,No
spam,"हाय, मला वाटते मी दुसऱ्याला पेमेंट करताना चुकून तुम्हाला Rs.90,493 पाठवले. कृपया qdgxvuh@axl वर परत पाठवा, धन्यवाद.",No,No,No
spam,"मी चुकून तुमच्या Amazon Pay वर Rs.878 पाठवले, कृपया हे या UPI ID वर परत करा: cwppnnbz95@okhdfcbank",No,No,No
spam,"तुमचे Canara Bank पर्सनल लोन Rs.24,853 चे पूर्व-मंजूर आहे. प्रक्रियेसाठी तुमचे बँक खाते आणि आधार तपशील शेअर करा.",No,No,No
spam,"तुमच्या विमा पॉलिसीची मुदतपूर्ती रक्कम Rs.9,186 तयार आहे. पेमेंट मिळवण्यासाठी तुमची बँक पासबुक माहिती पाठवा.",No,No,No
spam,तुम्हाला TCS सोबत वर्क-फ्रॉम-होम जॉबसाठी निवडले आहे. Rs.855 चा जॉइनिंग बोनस मिळवण्यासाठी तुमची बँक माहिती शेअर करा.,No,No,No
spam,"माफ करा, मी चुकून चुकीच्या नंबरवर Rs.995 ट्रान्सफर केले, हे तुमचे खाते वाटते. कृपया sdngd81@ibl वर परत पाठवा.",No,No,No
spam,"माफ करा, मी चुकून चुकीच्या नंबरवर Rs.88,374 ट्रान्सफर केले, हे तुमचे खाते वाटते. कृपया bjfwdija@paytm वर परत पाठवा.",No,No,No
spam,तुमच्या विमा पॉलिसीची मुदतपूर्ती रक्कम Rs.881 तयार आहे. पेमेंट मिळवण्यासाठी तुमची बँक पासबुक माहिती पाठवा.,No,No,No
spam,"अभिनंदन, State Scholarship Scheme अंतर्गत तुमचा अर्ज Rs.62,860 साठी मंजूर झाला आहे. वितरणासाठी तुमची बँक माहिती पाठवा.",No,No,No
spam,"चुकून माझ्या खात्यातून तुमच्या खात्यात Rs.9,670 ट्रान्सफर झाले आहेत, लवकरात लवकर yhwuwxrm88@oksbi वर रिफंड करा.",No,No,No
spam,"PMAY अलर्ट: तुम्ही योजनेअंतर्गत Rs.60,435 साठी पात्र आहात. दावा करण्यासाठी तुमचा आधार आणि बँक खाते क्रमांक शेअर करा.",No,No,No
spam,"माफ करा, मी चुकून चुकीच्या नंबरवर Rs.80,270 ट्रान्सफर केले, हे तुमचे खाते वाटते. कृपया ahwwdoul67@ibl वर परत पाठवा.",No,No,No
spam,"PM Kisan Samman Nidhi अलर्ट: तुम्ही योजनेअंतर्गत Rs.14,443 साठी पात्र आहात. दावा करण्यासाठी तुमचा आधार आणि बँक खाते क्रमांक शेअर करा.",No,No,No
spam,"LPG Subsidy Scheme: तुमचा शिष्यवृत्ती लाभ Rs.57,256 ट्रान्सफरसाठी तयार आहे. मिळवण्यासाठी तुमची बँक पासबुक माहिती सबमिट करा.",No,No,No
spam,"माफ करा, मी चुकून चुकीच्या नंबरवर Rs.920 ट्रान्सफर केले, हे तुमचे खाते वाटते. कृपया bkwrqesj@oksbi वर परत पाठवा.",No,No,No
spam,"अभिनंदन, PMAY अंतर्गत तुमचा अर्ज Rs.4,417 साठी मंजूर झाला आहे. वितरणासाठी तुमची बँक माहिती पाठवा.",No,No,No
spam,"तुम्हाला HCL सोबत वर्क-फ्रॉम-होम जॉबसाठी निवडले आहे. Rs.36,298 चा जॉइनिंग बोनस मिळवण्यासाठी तुमची बँक माहिती शेअर करा.",No,No,No
spam,"Ayushman Bharat अलर्ट: तुम्ही योजनेअंतर्गत Rs.41,630 साठी पात्र आहात. दावा करण्यासाठी तुमचा आधार आणि बँक खाते क्रमांक शेअर करा.",No,No,No
spam,LPG Subsidy Scheme: तुमचा शिष्यवृत्ती लाभ Rs.825 ट्रान्सफरसाठी तयार आहे. मिळवण्यासाठी तुमची बँक पासबुक माहिती सबमिट करा.,No,No,No
spam,तुमचे Bank of Baroda पर्सनल लोन Rs.575 चे पूर्व-मंजूर आहे. प्रक्रियेसाठी तुमचे बँक खाते आणि आधार तपशील शेअर करा.,No,No,No
spam,तुमचे ICICI Bank पर्सनल लोन Rs.530 चे पूर्व-मंजूर आहे. प्रक्रियेसाठी तुमचे बँक खाते आणि आधार तपशील शेअर करा.,No,No,No
spam,"तुम्हाला HCL सोबत वर्क-फ्रॉम-होम जॉबसाठी निवडले आहे. Rs.92,760 चा जॉइनिंग बोनस मिळवण्यासाठी तुमची बँक माहिती शेअर करा.",No,No,No
spam,"तुम्हाला Amazon सोबत वर्क-फ्रॉम-होम जॉबसाठी निवडले आहे. Rs.3,260 चा जॉइनिंग बोनस मिळवण्यासाठी तुमची बँक माहिती शेअर करा.",No,No,No
spam,"चुकून माझ्या खात्यातून तुमच्या खात्यात Rs.6,231 ट्रान्सफर झाले आहेत, लवकरात लवकर zagksh50@axl वर रिफंड करा.",No,No,No
spam,"मी चुकून तुमच्या Google Pay वर Rs.6,474 पाठवले, कृपया हे या UPI ID वर परत करा: oldfmsl@ybl",No,No,No
spam,"चुकून माझ्या खात्यातून तुमच्या खात्यात Rs.575 ट्रान्सफर झाले आहेत, लवकरात लवकर jsayp57@oksbi वर रिफंड करा.",No,No,No
spam,"Post Matric Scholarship: तुमचा शिष्यवृत्ती लाभ Rs.6,963 ट्रान्सफरसाठी तयार आहे. मिळवण्यासाठी तुमची बँक पासबुक माहिती सबमिट करा.",No,No,No
spam,"तुमचे Bank of Baroda पर्सनल लोन Rs.54,872 चे पूर्व-मंजूर आहे. प्रक्रियेसाठी तुमचे बँक खाते आणि आधार तपशील शेअर करा.",No,No,No
spam,"तुमच्या विमा पॉलिसीची मुदतपूर्ती रक्कम Rs.4,113 तयार आहे. पेमेंट मिळवण्यासाठी तुमची बँक पासबुक माहिती पाठवा.",No,No,No
spam,"State Scholarship Scheme अलर्ट: तुम्ही योजनेअंतर्गत Rs.73,915 साठी पात्र आहात. दावा करण्यासाठी तुमचा आधार आणि बँक खाते क्रमांक शेअर करा.",No,No,No
spam,"तुमचे SBI पर्सनल लोन Rs.78,129 चे पूर्व-मंजूर आहे. प्रक्रियेसाठी तुमचे बँक खाते आणि आधार तपशील शेअर करा.",No,No,No
spam,"मी चुकून तुमच्या PhonePe वर Rs.625 पाठवले, कृपया हे या UPI ID वर परत करा: ngrspse37@okicici",No,No,No
spam,"PMAY: तुमचा शिष्यवृत्ती लाभ Rs.6,224 ट्रान्सफरसाठी तयार आहे. मिळवण्यासाठी तुमची बँक पासबुक माहिती सबमिट करा.",No,No,No
spam,"मी चुकून तुमच्या Amazon Pay वर Rs.805 पाठवले, कृपया हे या UPI ID वर परत करा: lqnxzqd74@ybl",No,No,No
spam,"तुम्हाला Flipkart सोबत वर्क-फ्रॉम-होम जॉबसाठी निवडले आहे. Rs.3,817 चा जॉइनिंग बोनस मिळवण्यासाठी तुमची बँक माहिती शेअर करा.",No,No,No
spam,"हाय, मला वाटते मी दुसऱ्याला पेमेंट करताना चुकून तुम्हाला Rs.28,625 पाठवले. कृपया qfmawvu53@okicici वर परत पाठवा, धन्यवाद.",No,No,No
spam,"माफ करा, मी चुकून चुकीच्या नंबरवर Rs.8,089 ट्रान्सफर केले, हे तुमचे खाते वाटते. कृपया ikzeblr@okhdfcbank वर परत पाठवा.",No,No,No
spam,"मी चुकून तुमच्या Paytm वर Rs.5,120 पाठवले, कृपया हे या UPI ID वर परत करा: aoyiccgl@paytm",No,No,No
spam,"माफ करा, मी चुकून चुकीच्या नंबरवर Rs.80,795 ट्रान्सफर केले, हे तुमचे खाते वाटते. कृपया mznjft81@okicici वर परत पाठवा.",No,No,No
spam,"तुमचे Canara Bank पर्सनल लोन Rs.3,849 चे पूर्व-मंजूर आहे. प्रक्रियेसाठी तुमचे बँक खाते आणि आधार तपशील शेअर करा.",No,No,No
spam,"हाय, मला वाटते मी दुसऱ्याला पेमेंट करताना चुकून तुम्हाला Rs.5,436 पाठवले. कृपया apcnqsr64@paytm वर परत पाठवा, धन्यवाद.",No,No,No
spam,"तुमचे Axis Bank पर्सनल लोन Rs.48,997 चे पूर्व-मंजूर आहे. प्रक्रियेसाठी तुमचे बँक खाते आणि आधार तपशील शेअर करा.",No,No,No
spam,"चुकून माझ्या खात्यातून तुमच्या खात्यात Rs.84,761 ट्रान्सफर झाले आहेत, लवकरात लवकर wvxnzu@okicici वर रिफंड करा.",No,No,No
spam,"माफ करा, मी चुकून चुकीच्या नंबरवर Rs.4,381 ट्रान्सफर केले, हे तुमचे खाते वाटते. कृपया fxabqrdt83@oksbi वर परत पाठवा.",No,No,No
spam,"Ayushman Bharat अलर्ट: तुम्ही योजनेअंतर्गत Rs.6,835 साठी पात्र आहात. दावा करण्यासाठी तुमचा आधार आणि बँक खाते क्रमांक शेअर करा.",No,No,No
spam,"माफ करा, मी चुकून चुकीच्या नंबरवर Rs.3,368 ट्रान्सफर केले, हे तुमचे खाते वाटते. कृपया ondaudib@axl वर परत पाठवा.",No,No,No
spam,"तुमचे Punjab National Bank पर्सनल लोन Rs.20,027 चे पूर्व-मंजूर आहे. प्रक्रियेसाठी तुमचे बँक खाते आणि आधार तपशील शेअर करा.",No,No,No
spam,"तुमचे ICICI Bank पर्सनल लोन Rs.1,968 चे पूर्व-मंजूर आहे. प्रक्रियेसाठी तुमचे बँक खाते आणि आधार तपशील शेअर करा.",No,No,No
spam,तुमच्या विमा पॉलिसीची मुदतपूर्ती रक्कम Rs.756 तयार आहे. पेमेंट मिळवण्यासाठी तुमची बँक पासबुक माहिती पाठवा.,No,No,No
spam,"तुम्हाला HCL सोबत वर्क-फ्रॉम-होम जॉबसाठी निवडले आहे. Rs.5,656 चा जॉइनिंग बोनस मिळवण्यासाठी तुमची बँक माहिती शेअर करा.",No,No,No
spam,"हाय, मला वाटते मी दुसऱ्याला पेमेंट करताना चुकून तुम्हाला Rs.942 पाठवले. कृपया qiturc@okicici वर परत पाठवा, धन्यवाद.",No,No,No
spam,"तुम्हाला Wipro सोबत वर्क-फ्रॉम-होम जॉबसाठी निवडले आहे. Rs.7,377 चा जॉइनिंग बोनस मिळवण्यासाठी तुमची बँक माहिती शेअर करा.",No,No,No
spam,"मी चुकून तुमच्या Amazon Pay वर Rs.4,007 पाठवले, कृपया हे या UPI ID वर परत करा: lwjas22@okicici",No,No,No
spam,"हाय, मला वाटते मी दुसऱ्याला पेमेंट करताना चुकून तुम्हाला Rs.848 पाठवले. कृपया ylamjg90@oksbi वर परत पाठवा, धन्यवाद.",No,No,No
spam,"अभिनंदन, Post Matric Scholarship अंतर्गत तुमचा अर्ज Rs.950 साठी मंजूर झाला आहे. वितरणासाठी तुमची बँक माहिती पाठवा.",No,No,No
spam,"National Scholarship Portal अलर्ट: तुम्ही योजनेअंतर्गत Rs.7,005 साठी पात्र आहात. दावा करण्यासाठी तुमचा आधार आणि बँक खाते क्रमांक शेअर करा.",No,No,No
spam,"हाय, मला वाटते मी दुसऱ्याला पेमेंट करताना चुकून तुम्हाला Rs.886 पाठवले. कृपया yfpxclpk@ybl वर परत पाठवा, धन्यवाद.",No,No,No
spam,"State Scholarship Scheme: तुमचा शिष्यवृत्ती लाभ Rs.4,517 ट्रान्सफरसाठी तयार आहे. मिळवण्यासाठी तुमची बँक पासबुक माहिती सबमिट करा.",No,No,No
spam,"हाय, मला वाटते मी दुसऱ्याला पेमेंट करताना चुकून तुम्हाला Rs.48,048 पाठवले. कृपया vrdphf@ibl वर परत पाठवा, धन्यवाद.",No,No,No
spam,"हाय, मला वाटते मी दुसऱ्याला पेमेंट करताना चुकून तुम्हाला Rs.5,185 पाठवले. कृपया lxkzft@ybl वर परत पाठवा, धन्यवाद.",No,No,No
spam,"माफ करा, मी चुकून चुकीच्या नंबरवर Rs.2,655 ट्रान्सफर केले, हे तुमचे खाते वाटते. कृपया ysnyjdn@oksbi वर परत पाठवा.",No,No,No
spam,"चुकून माझ्या खात्यातून तुमच्या खात्यात Rs.707 ट्रान्सफर झाले आहेत, लवकरात लवकर gjbsne57@paytm वर रिफंड करा.",No,No,No
spam,"LPG Subsidy Scheme अलर्ट: तुम्ही योजनेअंतर्गत Rs.1,693 साठी पात्र आहात. दावा करण्यासाठी तुमचा आधार आणि बँक खाते क्रमांक शेअर करा.",No,No,No
spam,"हाय, मला वाटते मी दुसऱ्याला पेमेंट करताना चुकून तुम्हाला Rs.9,011 पाठवले. कृपया ddvbrctq97@okhdfcbank वर परत पाठवा, धन्यवाद.",No,No,No
spam,Ayushman Bharat अलर्ट: तुम्ही योजनेअंतर्गत Rs.753 साठी पात्र आहात. दावा करण्यासाठी तुमचा आधार आणि बँक खाते क्रमांक शेअर करा.,No,No,No
spam,"तुमच्या विमा पॉलिसीची मुदतपूर्ती रक्कम Rs.3,844 तयार आहे. पेमेंट मिळवण्यासाठी तुमची बँक पासबुक माहिती पाठवा.",No,No,No
spam,"माफ करा, मी चुकून चुकीच्या नंबरवर Rs.605 ट्रान्सफर केले, हे तुमचे खाते वाटते. कृपया xcrjomm58@axl वर परत पाठवा.",No,No,No
spam,"मी चुकून तुमच्या PhonePe वर Rs.55,614 पाठवले, कृपया हे या UPI ID वर परत करा: vlupe53@axl",No,No,No
spam,"चुकून माझ्या खात्यातून तुमच्या खात्यात Rs.40,798 ट्रान्सफर झाले आहेत, लवकरात लवकर gfwxjx@axl वर रिफंड करा.",No,No,No
spam,"तुमच्या विमा पॉलिसीची मुदतपूर्ती रक्कम Rs.50,741 तयार आहे. पेमेंट मिळवण्यासाठी तुमची बँक पासबुक माहिती पाठवा.",No,No,No
spam,तुमचे Canara Bank पर्सनल लोन Rs.883 चे पूर्व-मंजूर आहे. प्रक्रियेसाठी तुमचे बँक खाते आणि आधार तपशील शेअर करा.,No,No,No
spam,"हाय, मला वाटते मी दुसऱ्याला पेमेंट करताना चुकून तुम्हाला Rs.4,044 पाठवले. कृपया njdpyq@okhdfcbank वर परत पाठवा, धन्यवाद.",No,No,No
spam,तुमच्या विमा पॉलिसीची मुदतपूर्ती रक्कम Rs.597 तयार आहे. पेमेंट मिळवण्यासाठी तुमची बँक पासबुक माहिती पाठवा.,No,No,No
spam,"माफ करा, मी चुकून चुकीच्या नंबरवर Rs.861 ट्रान्सफर केले, हे तुमचे खाते वाटते. कृपया sevgj@okicici वर परत पाठवा.",No,No,No
spam,तुमच्या विमा पॉलिसीची मुदतपूर्ती रक्कम Rs.544 तयार आहे. पेमेंट मिळवण्यासाठी तुमची बँक पासबुक माहिती पाठवा.,No,No,No
spam,"तुम्हाला Infosys सोबत वर्क-फ्रॉम-होम जॉबसाठी निवडले आहे. Rs.9,390 चा जॉइनिंग बोनस मिळवण्यासाठी तुमची बँक माहिती शेअर करा.",No,No,No
spam,"माफ करा, मी चुकून चुकीच्या नंबरवर Rs.86,059 ट्रान्सफर केले, हे तुमचे खाते वाटते. कृपया wvbkq74@okicici वर परत पाठवा.",No,No,No
spam,"तुमच्या विमा पॉलिसीची मुदतपूर्ती रक्कम Rs.69,190 तयार आहे. पेमेंट मिळवण्यासाठी तुमची बँक पासबुक माहिती पाठवा.",No,No,No
spam,"अभिनंदन, PMAY अंतर्गत तुमचा अर्ज Rs.69,585 साठी मंजूर झाला आहे. वितरणासाठी तुमची बँक माहिती पाठवा.",No,No,No
spam,"तुमच्या विमा पॉलिसीची मुदतपूर्ती रक्कम Rs.4,845 तयार आहे. पेमेंट मिळवण्यासाठी तुमची बँक पासबुक माहिती पाठवा.",No,No,No
spam,PM Kisan Samman Nidhi अलर्ट: तुम्ही योजनेअंतर्गत Rs.652 साठी पात्र आहात. दावा करण्यासाठी तुमचा आधार आणि बँक खाते क्रमांक शेअर करा.,No,No,No
spam,"PM Kisan Samman Nidhi: तुमचा शिष्यवृत्ती लाभ Rs.24,601 ट्रान्सफरसाठी तयार आहे. मिळवण्यासाठी तुमची बँक पासबुक माहिती सबमिट करा.",No,No,No
spam,"तुमच्या विमा पॉलिसीची मुदतपूर्ती रक्कम Rs.8,148 तयार आहे. पेमेंट मिळवण्यासाठी तुमची बँक पासबुक माहिती पाठवा.",No,No,No
spam,"हाय, मला वाटते मी दुसऱ्याला पेमेंट करताना चुकून तुम्हाला Rs.81,157 पाठवले. कृपया oiorhk@ibl वर परत पाठवा, धन्यवाद.",No,No,No
spam,"माफ करा, मी चुकून चुकीच्या नंबरवर Rs.5,199 ट्रान्सफर केले, हे तुमचे खाते वाटते. कृपया jituaeac96@oksbi वर परत पाठवा.",No,No,No
spam,"तुम्हाला Flipkart सोबत वर्क-फ्रॉम-होम जॉबसाठी निवडले आहे. Rs.85,194 चा जॉइनिंग बोनस मिळवण्यासाठी तुमची बँक माहिती शेअर करा.",No,No,No
spam,"माफ करा, मी चुकून चुकीच्या नंबरवर Rs.1,463 ट्रान्सफर केले, हे तुमचे खाते वाटते. कृपया fhdgeqx83@oksbi वर परत पाठवा.",No,No,No
spam,"LPG Subsidy Scheme अलर्ट: तुम्ही योजनेअंतर्गत Rs.3,503 साठी पात्र आहात. दावा करण्यासाठी तुमचा आधार आणि बँक खाते क्रमांक शेअर करा.",No,No,No
spam,"Post Matric Scholarship अलर्ट: तुम्ही योजनेअंतर्गत Rs.8,026 साठी पात्र आहात. दावा करण्यासाठी तुमचा आधार आणि बँक खाते क्रमांक शेअर करा.",No,No,No
spam,"Post Matric Scholarship अलर्ट: तुम्ही योजनेअंतर्गत Rs.9,874 साठी पात्र आहात. दावा करण्यासाठी तुमचा आधार आणि बँक खाते क्रमांक शेअर करा.",No,No,No
spam,"अभिनंदन, Post Matric Scholarship अंतर्गत तुमचा अर्ज Rs.6,961 साठी मंजूर झाला आहे. वितरणासाठी तुमची बँक माहिती पाठवा.",No,No,No
spam,"मी चुकून तुमच्या PhonePe वर Rs.7,806 पाठवले, कृपया हे या UPI ID वर परत करा: cpwythag@oksbi",No,No,No
spam,तुमच्या विमा पॉलिसीची मुदतपूर्ती रक्कम Rs.954 तयार आहे. पेमेंट मिळवण्यासाठी तुमची बँक पासबुक माहिती पाठवा.,No,No,No
spam,"हाय, मला वाटते मी दुसऱ्याला पेमेंट करताना चुकून तुम्हाला Rs.33,304 पाठवले. कृपया mihprh45@paytm वर परत पाठवा, धन्यवाद.",No,No,No
spam,"तुम्हाला Flipkart सोबत वर्क-फ्रॉम-होम जॉबसाठी निवडले आहे. Rs.40,940 चा जॉइनिंग बोनस मिळवण्यासाठी तुमची बँक माहिती शेअर करा.",No,No,No
spam,"चुकून माझ्या खात्यातून तुमच्या खात्यात Rs.850 ट्रान्सफर झाले आहेत, लवकरात लवकर bgnhvi@okhdfcbank वर रिफंड करा.",No,No,No
spam,"मी चुकून तुमच्या Amazon Pay वर Rs.64,267 पाठवले, कृपया हे या UPI ID वर परत करा: guivsx@axl",No,No,No
spam,"तुमचे Bank of Baroda पर्सनल लोन Rs.98,655 चे पूर्व-मंजूर आहे. प्रक्रियेसाठी तुमचे बँक खाते आणि आधार तपशील शेअर करा.",No,No,No
spam,"हाय, मला वाटते मी दुसऱ्याला पेमेंट करताना चुकून तुम्हाला Rs.82,284 पाठवले. कृपया geboc33@okhdfcbank वर परत पाठवा, धन्यवाद.",No,No,No
spam,"मी चुकून तुमच्या PhonePe वर Rs.642 पाठवले, कृपया हे या UPI ID वर परत करा: qugxuad20@oksbi",No,No,No
spam,तुम्हाला TCS सोबत वर्क-फ्रॉम-होम जॉबसाठी निवडले आहे. Rs.747 चा जॉइनिंग बोनस मिळवण्यासाठी तुमची बँक माहिती शेअर करा.,No,No,No
spam,"तुमचे ICICI Bank पर्सनल लोन Rs.94,279 चे पूर्व-मंजूर आहे. प्रक्रियेसाठी तुमचे बँक खाते आणि आधार तपशील शेअर करा.",No,No,No
spam,"माफ करा, मी चुकून चुकीच्या नंबरवर Rs.1,970 ट्रान्सफर केले, हे तुमचे खाते वाटते. कृपया ywiqvae@okicici वर परत पाठवा.",No,No,No
spam,Ayushman Bharat अलर्ट: तुम्ही योजनेअंतर्गत Rs.541 साठी पात्र आहात. दावा करण्यासाठी तुमचा आधार आणि बँक खाते क्रमांक शेअर करा.,No,No,No
spam,"माफ करा, मी चुकून चुकीच्या नंबरवर Rs.98,543 ट्रान्सफर केले, हे तुमचे खाते वाटते. कृपया gzghg@ybl वर परत पाठवा.",No,No,No
spam,"अभिनंदन, PMAY अंतर्गत तुमचा अर्ज Rs.10,236 साठी मंजूर झाला आहे. वितरणासाठी तुमची बँक माहिती पाठवा.",No,No,No
spam,"मी चुकून तुमच्या Amazon Pay वर Rs.2,704 पाठवले, कृपया हे या UPI ID वर परत करा: mndmv32@axl",No,No,No
spam,"अभिनंदन, PMAY अंतर्गत तुमचा अर्ज Rs.802 साठी मंजूर झाला आहे. वितरणासाठी तुमची बँक माहिती पाठवा.",No,No,No
spam,"चुकून माझ्या खात्यातून तुमच्या खात्यात Rs.4,759 ट्रान्सफर झाले आहेत, लवकरात लवकर ipuks@ybl वर रिफंड करा.",No,No,No
spam,"चुकून माझ्या खात्यातून तुमच्या खात्यात Rs.61,650 ट्रान्सफर झाले आहेत, लवकरात लवकर ezxthm@paytm वर रिफंड करा.",No,No,No
spam,"मी चुकून तुमच्या Google Pay वर Rs.58,381 पाठवले, कृपया हे या UPI ID वर परत करा: ipcws@ibl",No,No,No
spam,तुमचे Kotak Mahindra Bank पर्सनल लोन Rs.726 चे पूर्व-मंजूर आहे. प्रक्रियेसाठी तुमचे बँक खाते आणि आधार तपशील शेअर करा.,No,No,No
spam,"तुमच्या विमा पॉलिसीची मुदतपूर्ती रक्कम Rs.6,676 तयार आहे. पेमेंट मिळवण्यासाठी तुमची बँक पासबुक माहिती पाठवा.",No,No,No
spam,"हाय, मला वाटते मी दुसऱ्याला पेमेंट करताना चुकून तुम्हाला Rs.85,548 पाठवले. कृपया sycegi@ibl वर परत पाठवा, धन्यवाद.",No,No,No
spam,"मी चुकून तुमच्या Paytm वर Rs.1,892 पाठवले, कृपया हे या UPI ID वर परत करा: hrdifc85@okhdfcbank",No,No,No
spam,"तुमचे Bank of Baroda पर्सनल लोन Rs.6,313 चे पूर्व-मंजूर आहे. प्रक्रियेसाठी तुमचे बँक खाते आणि आधार तपशील शेअर करा.",No,No,No
spam,"अभिनंदन, LPG Subsidy Scheme अंतर्गत तुमचा अर्ज Rs.1,319 साठी मंजूर झाला आहे. वितरणासाठी तुमची बँक माहिती पाठवा.",No,No,No
spam,"तुमचे Punjab National Bank पर्सनल लोन Rs.60,065 चे पूर्व-मंजूर आहे. प्रक्रियेसाठी तुमचे बँक खाते आणि आधार तपशील शेअर करा.",No,No,No
spam,"माफ करा, मी चुकून चुकीच्या नंबरवर Rs.1,995 ट्रान्सफर केले, हे तुमचे खाते वाटते. कृपया dowgwy57@oksbi वर परत पाठवा.",No,No,No
spam,"तुमच्या विमा पॉलिसीची मुदतपूर्ती रक्कम Rs.6,772 तयार आहे. पेमेंट मिळवण्यासाठी तुमची बँक पासबुक माहिती पाठवा.",No,No,No
spam,"मी चुकून तुमच्या Google Pay वर Rs.58,083 पाठवले, कृपया हे या UPI ID वर परत करा: phgghgbu49@okicici",No,No,No
spam,"चुकून माझ्या खात्यातून तुमच्या खात्यात Rs.88,933 ट्रान्सफर झाले आहेत, लवकरात लवकर mdwjnq@paytm वर रिफंड करा.",No,No,No
spam,"अभिनंदन, PMAY अंतर्गत तुमचा अर्ज Rs.48,246 साठी मंजूर झाला आहे. वितरणासाठी तुमची बँक माहिती पाठवा.",No,No,No
spam,"PM Kisan Samman Nidhi अलर्ट: तुम्ही योजनेअंतर्गत Rs.2,565 साठी पात्र आहात. दावा करण्यासाठी तुमचा आधार आणि बँक खाते क्रमांक शेअर करा.",No,No,No
spam,"PM Kisan Samman Nidhi: तुमचा शिष्यवृत्ती लाभ Rs.97,833 ट्रान्सफरसाठी तयार आहे. मिळवण्यासाठी तुमची बँक पासबुक माहिती सबमिट करा.",No,No,No
spam,"तुम्हाला Amazon सोबत वर्क-फ्रॉम-होम जॉबसाठी निवडले आहे. Rs.8,848 चा जॉइनिंग बोनस मिळवण्यासाठी तुमची बँक माहिती शेअर करा.",No,No,No
spam,"मी चुकून तुमच्या Google Pay वर Rs.589 पाठवले, कृपया हे या UPI ID वर परत करा: vrzfmqs57@axl",No,No,No
spam,तुम्हाला Flipkart सोबत वर्क-फ्रॉम-होम जॉबसाठी निवडले आहे. Rs.746 चा जॉइनिंग बोनस मिळवण्यासाठी तुमची बँक माहिती शेअर करा.,No,No,No
spam,तुम्हाला Infosys सोबत वर्क-फ्रॉम-होम जॉबसाठी निवडले आहे. Rs.667 चा जॉइनिंग बोनस मिळवण्यासाठी तुमची बँक माहिती शेअर करा.,No,No,No
spam,"तुमच्या विमा पॉलिसीची मुदतपूर्ती रक्कम Rs.2,947 तयार आहे. पेमेंट मिळवण्यासाठी तुमची बँक पासबुक माहिती पाठवा.",No,No,No
spam,"तुमचे SBI पर्सनल लोन Rs.8,902 चे पूर्व-मंजूर आहे. प्रक्रियेसाठी तुमचे बँक खाते आणि आधार तपशील शेअर करा.",No,No,No
spam,"PM Ujjwala Yojana: तुमचा शिष्यवृत्ती लाभ Rs.52,431 ट्रान्सफरसाठी तयार आहे. मिळवण्यासाठी तुमची बँक पासबुक माहिती सबमिट करा.",No,No,No
spam,"National Scholarship Portal अलर्ट: तुम्ही योजनेअंतर्गत Rs.21,105 साठी पात्र आहात. दावा करण्यासाठी तुमचा आधार आणि बँक खाते क्रमांक शेअर करा.",No,No,No
spam,"मी चुकून तुमच्या Amazon Pay वर Rs.754 पाठवले, कृपया हे या UPI ID वर परत करा: tivesaz@okhdfcbank",No,No,No
spam,"हाय, मला वाटते मी दुसऱ्याला पेमेंट करताना चुकून तुम्हाला Rs.7,861 पाठवले. कृपया qhxjyefg16@paytm वर परत पाठवा, धन्यवाद.",No,No,No
spam,"मी चुकून तुमच्या Paytm वर Rs.4,331 पाठवले, कृपया हे या UPI ID वर परत करा: gkuochcv@ybl",No,No,No
spam,"चुकून माझ्या खात्यातून तुमच्या खात्यात Rs.3,683 ट्रान्सफर झाले आहेत, लवकरात लवकर yrclgs89@paytm वर रिफंड करा.",No,No,No
spam,"माफ करा, मी चुकून चुकीच्या नंबरवर Rs.31,699 ट्रान्सफर केले, हे तुमचे खाते वाटते. कृपया kxfbwjlc@okhdfcbank वर परत पाठवा.",No,No,No
spam,"मी चुकून तुमच्या Google Pay वर Rs.2,636 पाठवले, कृपया हे या UPI ID वर परत करा: ffkyqgdv24@okhdfcbank",No,No,No
spam,"तुम्हाला Flipkart सोबत वर्क-फ्रॉम-होम जॉबसाठी निवडले आहे. Rs.18,762 चा जॉइनिंग बोनस मिळवण्यासाठी तुमची बँक माहिती शेअर करा.",No,No,No
spam,"तुमचे HDFC Bank पर्सनल लोन Rs.13,771 चे पूर्व-मंजूर आहे. प्रक्रियेसाठी तुमचे बँक खाते आणि आधार तपशील शेअर करा.",No,No,No
spam,"तुमच्या विमा पॉलिसीची मुदतपूर्ती रक्कम Rs.9,015 तयार आहे. पेमेंट मिळवण्यासाठी तुमची बँक पासबुक माहिती पाठवा.",No,No,No
spam,"अभिनंदन, State Scholarship Scheme अंतर्गत तुमचा अर्ज Rs.7,172 साठी मंजूर झाला आहे. वितरणासाठी तुमची बँक माहिती पाठवा.",No,No,No
spam,"मी चुकून तुमच्या Amazon Pay वर Rs.1,273 पाठवले, कृपया हे या UPI ID वर परत करा: vvnsr24@okhdfcbank",No,No,No
spam,"Post Matric Scholarship: तुमचा शिष्यवृत्ती लाभ Rs.63,866 ट्रान्सफरसाठी तयार आहे. मिळवण्यासाठी तुमची बँक पासबुक माहिती सबमिट करा.",No,No,No
spam,"State Scholarship Scheme: तुमचा शिष्यवृत्ती लाभ Rs.87,224 ट्रान्सफरसाठी तयार आहे. मिळवण्यासाठी तुमची बँक पासबुक माहिती सबमिट करा.",No,No,No
spam,"State Scholarship Scheme: तुमचा शिष्यवृत्ती लाभ Rs.9,130 ट्रान्सफरसाठी तयार आहे. मिळवण्यासाठी तुमची बँक पासबुक माहिती सबमिट करा.",No,No,No
spam,"माफ करा, मी चुकून चुकीच्या नंबरवर Rs.986 ट्रान्सफर केले, हे तुमचे खाते वाटते. कृपया gznkkrzx@ibl वर परत पाठवा.",No,No,No
spam,तुमच्या विमा पॉलिसीची मुदतपूर्ती रक्कम Rs.632 तयार आहे. पेमेंट मिळवण्यासाठी तुमची बँक पासबुक माहिती पाठवा.,No,No,No
spam,"तुमच्या विमा पॉलिसीची मुदतपूर्ती रक्कम Rs.29,346 तयार आहे. पेमेंट मिळवण्यासाठी तुमची बँक पासबुक माहिती पाठवा.",No,No,No
spam,"मी चुकून तुमच्या Amazon Pay वर Rs.36,224 पाठवले, कृपया हे या UPI ID वर परत करा: hfcct@axl",No,No,No
spam,तुमचे HDFC Bank पर्सनल लोन Rs.562 चे पूर्व-मंजूर आहे. प्रक्रियेसाठी तुमचे बँक खाते आणि आधार तपशील शेअर करा.,No,No,No
spam,"अभिनंदन, PM Ujjwala Yojana अंतर्गत तुमचा अर्ज Rs.51,980 साठी मंजूर झाला आहे. वितरणासाठी तुमची बँक माहिती पाठवा.",No,No,No
spam,"अभिनंदन, LPG Subsidy Scheme अंतर्गत तुमचा अर्ज Rs.75,111 साठी मंजूर झाला आहे. वितरणासाठी तुमची बँक माहिती पाठवा.",No,No,No
spam,"मी चुकून तुमच्या Amazon Pay वर Rs.3,729 पाठवले, कृपया हे या UPI ID वर परत करा: iabnu@ibl",No,No,No
spam,PMAY: तुमचा शिष्यवृत्ती लाभ Rs.812 ट्रान्सफरसाठी तयार आहे. मिळवण्यासाठी तुमची बँक पासबुक माहिती सबमिट करा.,No,No,No
spam,"LPG Subsidy Scheme अलर्ट: तुम्ही योजनेअंतर्गत Rs.25,773 साठी पात्र आहात. दावा करण्यासाठी तुमचा आधार आणि बँक खाते क्रमांक शेअर करा.",No,No,No
spam,"तुमचे Bank of Baroda पर्सनल लोन Rs.24,793 चे पूर्व-मंजूर आहे. प्रक्रियेसाठी तुमचे बँक खाते आणि आधार तपशील शेअर करा.",No,No,No
spam,तुमच्या विमा पॉलिसीची मुदतपूर्ती रक्कम Rs.590 तयार आहे. पेमेंट मिळवण्यासाठी तुमची बँक पासबुक माहिती पाठवा.,No,No,No
spam,"मी चुकून तुमच्या Google Pay वर Rs.93,497 पाठवले, कृपया हे या UPI ID वर परत करा: igedhpu41@okhdfcbank",No,No,No
spam,"Ayushman Bharat: तुमचा शिष्यवृत्ती लाभ Rs.7,657 ट्रान्सफरसाठी तयार आहे. मिळवण्यासाठी तुमची बँक पासबुक माहिती सबमिट करा.",No,No,No
spam,State Scholarship Scheme अलर्ट: तुम्ही योजनेअंतर्गत Rs.654 साठी पात्र आहात. दावा करण्यासाठी तुमचा आधार आणि बँक खाते क्रमांक शेअर करा.,No,No,No
spam,"अभिनंदन, Post Matric Scholarship अंतर्गत तुमचा अर्ज Rs.8,877 साठी मंजूर झाला आहे. वितरणासाठी तुमची बँक माहिती पाठवा.",No,No,No
spam,Ayushman Bharat अलर्ट: तुम्ही योजनेअंतर्गत Rs.757 साठी पात्र आहात. दावा करण्यासाठी तुमचा आधार आणि बँक खाते क्रमांक शेअर करा.,No,No,No
spam,तुम्हाला Flipkart सोबत वर्क-फ्रॉम-होम जॉबसाठी निवडले आहे. Rs.616 चा जॉइनिंग बोनस मिळवण्यासाठी तुमची बँक माहिती शेअर करा.,No,No,No
spam,Post Matric Scholarship: तुमचा शिष्यवृत्ती लाभ Rs.924 ट्रान्सफरसाठी तयार आहे. मिळवण्यासाठी तुमची बँक पासबुक माहिती सबमिट करा.,No,No,No
spam,"अभिनंदन, LPG Subsidy Scheme अंतर्गत तुमचा अर्ज Rs.888 साठी मंजूर झाला आहे. वितरणासाठी तुमची बँक माहिती पाठवा.",No,No,No
spam,LPG Subsidy Scheme: तुमचा शिष्यवृत्ती लाभ Rs.929 ट्रान्सफरसाठी तयार आहे. मिळवण्यासाठी तुमची बँक पासबुक माहिती सबमिट करा.,No,No,No
spam,LPG Subsidy Scheme अलर्ट: तुम्ही योजनेअंतर्गत Rs.668 साठी पात्र आहात. दावा करण्यासाठी तुमचा आधार आणि बँक खाते क्रमांक शेअर करा.,No,No,No
spam,"Ayushman Bharat अलर्ट: तुम्ही योजनेअंतर्गत Rs.80,298 साठी पात्र आहात. दावा करण्यासाठी तुमचा आधार आणि बँक खाते क्रमांक शेअर करा.",No,No,No
spam,"PM Ujjwala Yojana अलर्ट: तुम्ही योजनेअंतर्गत Rs.84,828 साठी पात्र आहात. दावा करण्यासाठी तुमचा आधार आणि बँक खाते क्रमांक शेअर करा.",No,No,No
spam,तुमच्या विमा पॉलिसीची मुदतपूर्ती रक्कम Rs.549 तयार आहे. पेमेंट मिळवण्यासाठी तुमची बँक पासबुक माहिती पाठवा.,No,No,No
spam,"तुमचे Axis Bank पर्सनल लोन Rs.5,599 चे पूर्व-मंजूर आहे. प्रक्रियेसाठी तुमचे बँक खाते आणि आधार तपशील शेअर करा.",No,No,No
spam,"तुम्हाला Flipkart सोबत वर्क-फ्रॉम-होम जॉबसाठी निवडले आहे. Rs.76,226 चा जॉइनिंग बोनस मिळवण्यासाठी तुमची बँक माहिती शेअर करा.",No,No,No
spam,"Ayushman Bharat: तुमचा शिष्यवृत्ती लाभ Rs.2,475 ट्रान्सफरसाठी तयार आहे. मिळवण्यासाठी तुमची बँक पासबुक माहिती सबमिट करा.",No,No,No
spam,"State Scholarship Scheme अलर्ट: तुम्ही योजनेअंतर्गत Rs.43,944 साठी पात्र आहात. दावा करण्यासाठी तुमचा आधार आणि बँक खाते क्रमांक शेअर करा.",No,No,No
spam,"अभिनंदन, Post Matric Scholarship अंतर्गत तुमचा अर्ज Rs.9,842 साठी मंजूर झाला आहे. वितरणासाठी तुमची बँक माहिती पाठवा.",No,No,No
spam,"माफ करा, मी चुकून चुकीच्या नंबरवर Rs.76,380 ट्रान्सफर केले, हे तुमचे खाते वाटते. कृपया shiklni@okicici वर परत पाठवा.",No,No,No
spam,"तुमचे Kotak Mahindra Bank पर्सनल लोन Rs.4,380 चे पूर्व-मंजूर आहे. प्रक्रियेसाठी तुमचे बँक खाते आणि आधार तपशील शेअर करा.",No,No,No
spam,"PM Ujjwala Yojana अलर्ट: तुम्ही योजनेअंतर्गत Rs.4,625 साठी पात्र आहात. दावा करण्यासाठी तुमचा आधार आणि बँक खाते क्रमांक शेअर करा.",No,No,No
spam,"मी चुकून तुमच्या Amazon Pay वर Rs.62,885 पाठवले, कृपया हे या UPI ID वर परत करा: umeym@paytm",No,No,No
spam,"हाय, मला वाटते मी दुसऱ्याला पेमेंट करताना चुकून तुम्हाला Rs.521 पाठवले. कृपया jagsmesz@ybl वर परत पाठवा, धन्यवाद.",No,No,No
spam,PMAY: तुमचा शिष्यवृत्ती लाभ Rs.904 ट्रान्सफरसाठी तयार आहे. मिळवण्यासाठी तुमची बँक पासबुक माहिती सबमिट करा.,No,No,No
spam,तुमच्या विमा पॉलिसीची मुदतपूर्ती रक्कम Rs.876 तयार आहे. पेमेंट मिळवण्यासाठी तुमची बँक पासबुक माहिती पाठवा.,No,No,No
spam,"अभिनंदन, PM Kisan Samman Nidhi अंतर्गत तुमचा अर्ज Rs.599 साठी मंजूर झाला आहे. वितरणासाठी तुमची बँक माहिती पाठवा.",No,No,No
spam,"तुम्हाला HCL सोबत वर्क-फ्रॉम-होम जॉबसाठी निवडले आहे. Rs.6,615 चा जॉइनिंग बोनस मिळवण्यासाठी तुमची बँक माहिती शेअर करा.",No,No,No
spam,"माफ करा, मी चुकून चुकीच्या नंबरवर Rs.44,532 ट्रान्सफर केले, हे तुमचे खाते वाटते. कृपया injfypv86@ybl वर परत पाठवा.",No,No,No
spam,"PMAY: तुमचा शिष्यवृत्ती लाभ Rs.24,329 ट्रान्सफरसाठी तयार आहे. मिळवण्यासाठी तुमची बँक पासबुक माहिती सबमिट करा.",No,No,No
spam,"चुकून माझ्या खात्यातून तुमच्या खात्यात Rs.710 ट्रान्सफर झाले आहेत, लवकरात लवकर wridbr@okicici वर रिफंड करा.",No,No,No
spam,"तुमचे ICICI Bank पर्सनल लोन Rs.9,560 चे पूर्व-मंजूर आहे. प्रक्रियेसाठी तुमचे बँक खाते आणि आधार तपशील शेअर करा.",No,No,No
spam,"हाय, मला वाटते मी दुसऱ्याला पेमेंट करताना चुकून तुम्हाला Rs.17,751 पाठवले. कृपया bypidvmf18@ibl वर परत पाठवा, धन्यवाद.",No,No,No
spam,"अभिनंदन, PM Ujjwala Yojana अंतर्गत तुमचा अर्ज Rs.8,941 साठी मंजूर झाला आहे. वितरणासाठी तुमची बँक माहिती पाठवा.",No,No,No
spam,PM Kisan Samman Nidhi अलर्ट: तुम्ही योजनेअंतर्गत Rs.607 साठी पात्र आहात. दावा करण्यासाठी तुमचा आधार आणि बँक खाते क्रमांक शेअर करा.,No,No,No
spam,"माफ करा, मी चुकून चुकीच्या नंबरवर Rs.813 ट्रान्सफर केले, हे तुमचे खाते वाटते. कृपया eyeghnc@ybl वर परत पाठवा.",No,No,No
spam,"तुमचे Canara Bank पर्सनल लोन Rs.9,691 चे पूर्व-मंजूर आहे. प्रक्रियेसाठी तुमचे बँक खाते आणि आधार तपशील शेअर करा.",No,No,No
spam,तुमच्या विमा पॉलिसीची मुदतपूर्ती रक्कम Rs.586 तयार आहे. पेमेंट मिळवण्यासाठी तुमची बँक पासबुक माहिती पाठवा.,No,No,No
spam,तुमच्या विमा पॉलिसीची मुदतपूर्ती रक्कम Rs.917 तयार आहे. पेमेंट मिळवण्यासाठी तुमची बँक पासबुक माहिती पाठवा.,No,No,No
spam,"अभिनंदन, PM Kisan Samman Nidhi अंतर्गत तुमचा अर्ज Rs.7,175 साठी मंजूर झाला आहे. वितरणासाठी तुमची बँक माहिती पाठवा.",No,No,No
spam,"तुम्हाला Amazon सोबत वर्क-फ्रॉम-होम जॉबसाठी निवडले आहे. Rs.91,939 चा जॉइनिंग बोनस मिळवण्यासाठी तुमची बँक माहिती शेअर करा.",No,No,No
spam,"मी चुकून तुमच्या Google Pay वर Rs.690 पाठवले, कृपया हे या UPI ID वर परत करा: djmnhi@okhdfcbank",No,No,No
spam,"तुमच्या विमा पॉलिसीची मुदतपूर्ती रक्कम Rs.96,699 तयार आहे. पेमेंट मिळवण्यासाठी तुमची बँक पासबुक माहिती पाठवा.",No,No,No
spam,"माफ करा, मी चुकून चुकीच्या नंबरवर Rs.53,819 ट्रान्सफर केले, हे तुमचे खाते वाटते. कृपया hbsumxl@okhdfcbank वर परत पाठवा.",No,No,No
spam,"तुम्हाला Infosys सोबत वर्क-फ्रॉम-होम जॉबसाठी निवडले आहे. Rs.16,703 चा जॉइनिंग बोनस मिळवण्यासाठी तुमची बँक माहिती शेअर करा.",No,No,No
spam,"तुमचे Canara Bank पर्सनल लोन Rs.53,229 चे पूर्व-मंजूर आहे. प्रक्रियेसाठी तुमचे बँक खाते आणि आधार तपशील शेअर करा.",No,No,No
spam,"चुकून माझ्या खात्यातून तुमच्या खात्यात Rs.8,183 ट्रान्सफर झाले आहेत, लवकरात लवकर ufrnbz62@oksbi वर रिफंड करा.",No,No,No
spam,"तुमचे Kotak Mahindra Bank पर्सनल लोन Rs.1,848 चे पूर्व-मंजूर आहे. प्रक्रियेसाठी तुमचे बँक खाते आणि आधार तपशील शेअर करा.",No,No,No
spam,"चुकून माझ्या खात्यातून तुमच्या खात्यात Rs.603 ट्रान्सफर झाले आहेत, लवकरात लवकर byzsbndo@okicici वर रिफंड करा.",No,No,No
spam,"मी चुकून तुमच्या Google Pay वर Rs.6,355 पाठवले, कृपया हे या UPI ID वर परत करा: xzfjsq@axl",No,No,No
spam,"माफ करा, मी चुकून चुकीच्या नंबरवर Rs.6,818 ट्रान्सफर केले, हे तुमचे खाते वाटते. कृपया byurki@paytm वर परत पाठवा.",No,No,No
spam,तुम्हाला Infosys सोबत वर्क-फ्रॉम-होम जॉबसाठी निवडले आहे. Rs.962 चा जॉइनिंग बोनस मिळवण्यासाठी तुमची बँक माहिती शेअर करा.,No,No,No
spam,"चुकून माझ्या खात्यातून तुमच्या खात्यात Rs.7,795 ट्रान्सफर झाले आहेत, लवकरात लवकर diklz68@okicici वर रिफंड करा.",No,No,No
spam,"अभिनंदन, State Scholarship Scheme अंतर्गत तुमचा अर्ज Rs.94,973 साठी मंजूर झाला आहे. वितरणासाठी तुमची बँक माहिती पाठवा.",No,No,No
spam,PM Ujjwala Yojana अलर्ट: तुम्ही योजनेअंतर्गत Rs.597 साठी पात्र आहात. दावा करण्यासाठी तुमचा आधार आणि बँक खाते क्रमांक शेअर करा.,No,No,No
spam,"PMAY: तुमचा शिष्यवृत्ती लाभ Rs.23,196 ट्रान्सफरसाठी तयार आहे. मिळवण्यासाठी तुमची बँक पासबुक माहिती सबमिट करा.",No,No,No
spam,"तुमच्या विमा पॉलिसीची मुदतपूर्ती रक्कम Rs.20,079 तयार आहे. पेमेंट मिळवण्यासाठी तुमची बँक पासबुक माहिती पाठवा.",No,No,No
spam,"हाय, मला वाटते मी दुसऱ्याला पेमेंट करताना चुकून तुम्हाला Rs.609 पाठवले. कृपया wtilc@axl वर परत पाठवा, धन्यवाद.",No,No,No
spam,"तुमचे Axis Bank पर्सनल लोन Rs.88,989 चे पूर्व-मंजूर आहे. प्रक्रियेसाठी तुमचे बँक खाते आणि आधार तपशील शेअर करा.",No,No,No
spam,"Post Matric Scholarship: तुमचा शिष्यवृत्ती लाभ Rs.86,788 ट्रान्सफरसाठी तयार आहे. मिळवण्यासाठी तुमची बँक पासबुक माहिती सबमिट करा.",No,No,No
spam,"चुकून माझ्या खात्यातून तुमच्या खात्यात Rs.77,825 ट्रान्सफर झाले आहेत, लवकरात लवकर xqugd@ybl वर रिफंड करा.",No,No,No
spam,"हाय, मला वाटते मी दुसऱ्याला पेमेंट करताना चुकून तुम्हाला Rs.734 पाठवले. कृपया ytmwgd@oksbi वर परत पाठवा, धन्यवाद.",No,No,No
spam,"तुमचे Canara Bank पर्सनल लोन Rs.7,914 चे पूर्व-मंजूर आहे. प्रक्रियेसाठी तुमचे बँक खाते आणि आधार तपशील शेअर करा.",No,No,No
spam,"तुमचे Punjab National Bank पर्सनल लोन Rs.8,515 चे पूर्व-मंजूर आहे. प्रक्रियेसाठी तुमचे बँक खाते आणि आधार तपशील शेअर करा.",No,No,No
spam,"चुकून माझ्या खात्यातून तुमच्या खात्यात Rs.90,434 ट्रान्सफर झाले आहेत, लवकरात लवकर ottyvvqf64@oksbi वर रिफंड करा.",No,No,No
spam,"तुमच्या विमा पॉलिसीची मुदतपूर्ती रक्कम Rs.8,508 तयार आहे. पेमेंट मिळवण्यासाठी तुमची बँक पासबुक माहिती पाठवा.",No,No,No
spam,"PMAY अलर्ट: तुम्ही योजनेअंतर्गत Rs.3,340 साठी पात्र आहात. दावा करण्यासाठी तुमचा आधार आणि बँक खाते क्रमांक शेअर करा.",No,No,No
spam,"तुम्हाला Reliance सोबत वर्क-फ्रॉम-होम जॉबसाठी निवडले आहे. Rs.98,744 चा जॉइनिंग बोनस मिळवण्यासाठी तुमची बँक माहिती शेअर करा.",No,No,No
spam,"अभिनंदन, National Scholarship Portal अंतर्गत तुमचा अर्ज Rs.643 साठी मंजूर झाला आहे. वितरणासाठी तुमची बँक माहिती पाठवा.",No,No,No
spam,"अभिनंदन, National Scholarship Portal अंतर्गत तुमचा अर्ज Rs.60,881 साठी मंजूर झाला आहे. वितरणासाठी तुमची बँक माहिती पाठवा.",No,No,No
spam,"चुकून माझ्या खात्यातून तुमच्या खात्यात Rs.8,171 ट्रान्सफर झाले आहेत, लवकरात लवकर kbrzijd@ybl वर रिफंड करा.",No,No,No
spam,तुमचे Punjab National Bank पर्सनल लोन Rs.855 चे पूर्व-मंजूर आहे. प्रक्रियेसाठी तुमचे बँक खाते आणि आधार तपशील शेअर करा.,No,No,No
spam,"अभिनंदन, Post Matric Scholarship अंतर्गत तुमचा अर्ज Rs.8,250 साठी मंजूर झाला आहे. वितरणासाठी तुमची बँक माहिती पाठवा.",No,No,No
spam,"National Scholarship Portal अलर्ट: तुम्ही योजनेअंतर्गत Rs.34,582 साठी पात्र आहात. दावा करण्यासाठी तुमचा आधार आणि बँक खाते क्रमांक शेअर करा.",No,No,No
spam,"माफ करा, मी चुकून चुकीच्या नंबरवर Rs.9,038 ट्रान्सफर केले, हे तुमचे खाते वाटते. कृपया gwbybs@okicici वर परत पाठवा.",No,No,No
spam,"PM Kisan Samman Nidhi अलर्ट: तुम्ही योजनेअंतर्गत Rs.3,755 साठी पात्र आहात. दावा करण्यासाठी तुमचा आधार आणि बँक खाते क्रमांक शेअर करा.",No,No,No
spam,"अभिनंदन, Post Matric Scholarship अंतर्गत तुमचा अर्ज Rs.915 साठी मंजूर झाला आहे. वितरणासाठी तुमची बँक माहिती पाठवा.",No,No,No
spam,"अभिनंदन, State Scholarship Scheme अंतर्गत तुमचा अर्ज Rs.6,391 साठी मंजूर झाला आहे. वितरणासाठी तुमची बँक माहिती पाठवा.",No,No,No
spam,"चुकून माझ्या खात्यातून तुमच्या खात्यात Rs.68,618 ट्रान्सफर झाले आहेत, लवकरात लवकर srqiqs@ybl वर रिफंड करा.",No,No,No
spam,"चुकून माझ्या खात्यातून तुमच्या खात्यात Rs.44,348 ट्रान्सफर झाले आहेत, लवकरात लवकर oncshm@ybl वर रिफंड करा.",No,No,No
spam,"तुमच्या विमा पॉलिसीची मुदतपूर्ती रक्कम Rs.60,486 तयार आहे. पेमेंट मिळवण्यासाठी तुमची बँक पासबुक माहिती पाठवा.",No,No,No
spam,"मी चुकून तुमच्या Amazon Pay वर Rs.8,331 पाठवले, कृपया हे या UPI ID वर परत करा: jqbnjrk@paytm",No,No,No
spam,"तुमचे SBI पर्सनल लोन Rs.9,578 चे पूर्व-मंजूर आहे. प्रक्रियेसाठी तुमचे बँक खाते आणि आधार तपशील शेअर करा.",No,No,No
spam,"माफ करा, मी चुकून चुकीच्या नंबरवर Rs.48,767 ट्रान्सफर केले, हे तुमचे खाते वाटते. कृपया jqzave28@okicici वर परत पाठवा.",No,No,No
spam,तुमचे Bank of Baroda पर्सनल लोन Rs.594 चे पूर्व-मंजूर आहे. प्रक्रियेसाठी तुमचे बँक खाते आणि आधार तपशील शेअर करा.,No,No,No
spam,"मी चुकून तुमच्या Amazon Pay वर Rs.6,714 पाठवले, कृपया हे या UPI ID वर परत करा: rejlc@okicici",No,No,No
spam,"अभिनंदन, State Scholarship Scheme अंतर्गत तुमचा अर्ज Rs.5,458 साठी मंजूर झाला आहे. वितरणासाठी तुमची बँक माहिती पाठवा.",No,No,No
spam,"मी चुकून तुमच्या Paytm वर Rs.3,968 पाठवले, कृपया हे या UPI ID वर परत करा: tdtiesvf51@okicici",No,No,No
spam,"मी चुकून तुमच्या Amazon Pay वर Rs.5,374 पाठवले, कृपया हे या UPI ID वर परत करा: kkiaxg56@oksbi",No,No,No
spam,Post Matric Scholarship: तुमचा शिष्यवृत्ती लाभ Rs.538 ट्रान्सफरसाठी तयार आहे. मिळवण्यासाठी तुमची बँक पासबुक माहिती सबमिट करा.,No,No,No
spam,"माफ करा, मी चुकून चुकीच्या नंबरवर Rs.50,045 ट्रान्सफर केले, हे तुमचे खाते वाटते. कृपया nsbcfo@ybl वर परत पाठवा.",No,No,No
spam,"तुमचे Canara Bank पर्सनल लोन Rs.45,353 चे पूर्व-मंजूर आहे. प्रक्रियेसाठी तुमचे बँक खाते आणि आधार तपशील शेअर करा.",No,No,No
spam,"माफ करा, मी चुकून चुकीच्या नंबरवर Rs.4,366 ट्रान्सफर केले, हे तुमचे खाते वाटते. कृपया hauzdx@paytm वर परत पाठवा.",No,No,No
spam,Post Matric Scholarship: तुमचा शिष्यवृत्ती लाभ Rs.821 ट्रान्सफरसाठी तयार आहे. मिळवण्यासाठी तुमची बँक पासबुक माहिती सबमिट करा.,No,No,No
spam,"Ayushman Bharat: तुमचा शिष्यवृत्ती लाभ Rs.98,904 ट्रान्सफरसाठी तयार आहे. मिळवण्यासाठी तुमची बँक पासबुक माहिती सबमिट करा.",No,No,No
spam,"मी चुकून तुमच्या Amazon Pay वर Rs.683 पाठवले, कृपया हे या UPI ID वर परत करा: mayloxc@paytm",No,No,No
spam,तुमचे HDFC Bank पर्सनल लोन Rs.573 चे पूर्व-मंजूर आहे. प्रक्रियेसाठी तुमचे बँक खाते आणि आधार तपशील शेअर करा.,No,No,No
spam,"PMAY अलर्ट: तुम्ही योजनेअंतर्गत Rs.7,582 साठी पात्र आहात. दावा करण्यासाठी तुमचा आधार आणि बँक खाते क्रमांक शेअर करा.",No,No,No
spam,"अभिनंदन, PMAY अंतर्गत तुमचा अर्ज Rs.4,863 साठी मंजूर झाला आहे. वितरणासाठी तुमची बँक माहिती पाठवा.",No,No,No
spam,"माफ करा, मी चुकून चुकीच्या नंबरवर Rs.78,199 ट्रान्सफर केले, हे तुमचे खाते वाटते. कृपया pdjidii84@okhdfcbank वर परत पाठवा.",No,No,No
spam,"तुमच्या विमा पॉलिसीची मुदतपूर्ती रक्कम Rs.7,819 तयार आहे. पेमेंट मिळवण्यासाठी तुमची बँक पासबुक माहिती पाठवा.",No,No,No
spam,"माफ करा, मी चुकून चुकीच्या नंबरवर Rs.625 ट्रान्सफर केले, हे तुमचे खाते वाटते. कृपया gttuigi@ibl वर परत पाठवा.",No,No,No
spam,"तुम्हाला Infosys सोबत वर्क-फ्रॉम-होम जॉबसाठी निवडले आहे. Rs.9,713 चा जॉइनिंग बोनस मिळवण्यासाठी तुमची बँक माहिती शेअर करा.",No,No,No
spam,तुम्हाला Reliance सोबत वर्क-फ्रॉम-होम जॉबसाठी निवडले आहे. Rs.746 चा जॉइनिंग बोनस मिळवण्यासाठी तुमची बँक माहिती शेअर करा.,No,No,No
spam,"तुम्हाला Amazon सोबत वर्क-फ्रॉम-होम जॉबसाठी निवडले आहे. Rs.13,856 चा जॉइनिंग बोनस मिळवण्यासाठी तुमची बँक माहिती शेअर करा.",No,No,No
spam,"अभिनंदन, PMAY अंतर्गत तुमचा अर्ज Rs.27,377 साठी मंजूर झाला आहे. वितरणासाठी तुमची बँक माहिती पाठवा.",No,No,No
spam,"हाय, मला वाटते मी दुसऱ्याला पेमेंट करताना चुकून तुम्हाला Rs.42,221 पाठवले. कृपया tjsdsprn69@okicici वर परत पाठवा, धन्यवाद.",No,No,No
spam,"माफ करा, मी चुकून चुकीच्या नंबरवर Rs.658 ट्रान्सफर केले, हे तुमचे खाते वाटते. कृपया nzqdqt@paytm वर परत पाठवा.",No,No,No
spam,तुमचे Canara Bank पर्सनल लोन Rs.785 चे पूर्व-मंजूर आहे. प्रक्रियेसाठी तुमचे बँक खाते आणि आधार तपशील शेअर करा.,No,No,No
spam,"State Scholarship Scheme अलर्ट: तुम्ही योजनेअंतर्गत Rs.1,710 साठी पात्र आहात. दावा करण्यासाठी तुमचा आधार आणि बँक खाते क्रमांक शेअर करा.",No,No,No
spam,"चुकून माझ्या खात्यातून तुमच्या खात्यात Rs.5,206 ट्रान्सफर झाले आहेत, लवकरात लवकर ibyup@paytm वर रिफंड करा.",No,No,No
spam,"अभिनंदन, PM Kisan Samman Nidhi अंतर्गत तुमचा अर्ज Rs.971 साठी मंजूर झाला आहे. वितरणासाठी तुमची बँक माहिती पाठवा.",No,No,No
spam,"हाय, मला वाटते मी दुसऱ्याला पेमेंट करताना चुकून तुम्हाला Rs.28,885 पाठवले. कृपया gpdvi@ybl वर परत पाठवा, धन्यवाद.",No,No,No
spam,"तुमचे HDFC Bank पर्सनल लोन Rs.23,886 चे पूर्व-मंजूर आहे. प्रक्रियेसाठी तुमचे बँक खाते आणि आधार तपशील शेअर करा.",No,No,No
spam,"PM Ujjwala Yojana: तुमचा शिष्यवृत्ती लाभ Rs.1,505 ट्रान्सफरसाठी तयार आहे. मिळवण्यासाठी तुमची बँक पासबुक माहिती सबमिट करा.",No,No,No
spam,"चुकून माझ्या खात्यातून तुमच्या खात्यात Rs.7,850 ट्रान्सफर झाले आहेत, लवकरात लवकर bnkcdc@ibl वर रिफंड करा.",No,No,No
spam,"तुम्हाला Reliance सोबत वर्क-फ्रॉम-होम जॉबसाठी निवडले आहे. Rs.2,465 चा जॉइनिंग बोनस मिळवण्यासाठी तुमची बँक माहिती शेअर करा.",No,No,No
spam,"मी चुकून तुमच्या Amazon Pay वर Rs.9,596 पाठवले, कृपया हे या UPI ID वर परत करा: brypek@axl",No,No,No
spam,"PM Kisan Samman Nidhi: तुमचा शिष्यवृत्ती लाभ Rs.6,804 ट्रान्सफरसाठी तयार आहे. मिळवण्यासाठी तुमची बँक पासबुक माहिती सबमिट करा.",No,No,No
spam,"Post Matric Scholarship: तुमचा शिष्यवृत्ती लाभ Rs.86,512 ट्रान्सफरसाठी तयार आहे. मिळवण्यासाठी तुमची बँक पासबुक माहिती सबमिट करा.",No,No,No
spam,"PM Kisan Samman Nidhi: तुमचा शिष्यवृत्ती लाभ Rs.56,879 ट्रान्सफरसाठी तयार आहे. मिळवण्यासाठी तुमची बँक पासबुक माहिती सबमिट करा.",No,No,No
spam,"तुमचे Kotak Mahindra Bank पर्सनल लोन Rs.49,004 चे पूर्व-मंजूर आहे. प्रक्रियेसाठी तुमचे बँक खाते आणि आधार तपशील शेअर करा.",No,No,No
spam,"हाय, मला वाटते मी दुसऱ्याला पेमेंट करताना चुकून तुम्हाला Rs.2,668 पाठवले. कृपया wtjlo99@axl वर परत पाठवा, धन्यवाद.",No,No,No
spam,"अभिनंदन, Post Matric Scholarship अंतर्गत तुमचा अर्ज Rs.5,061 साठी मंजूर झाला आहे. वितरणासाठी तुमची बँक माहिती पाठवा.",No,No,No
spam,"चुकून माझ्या खात्यातून तुमच्या खात्यात Rs.78,127 ट्रान्सफर झाले आहेत, लवकरात लवकर aunjdu78@ibl वर रिफंड करा.",No,No,No
spam,"हाय, मला वाटते मी दुसऱ्याला पेमेंट करताना चुकून तुम्हाला Rs.801 पाठवले. कृपया krgksb70@okicici वर परत पाठवा, धन्यवाद.",No,No,No
spam,"चुकून माझ्या खात्यातून तुमच्या खात्यात Rs.80,964 ट्रान्सफर झाले आहेत, लवकरात लवकर pwpcnze@oksbi वर रिफंड करा.",No,No,No
spam,"तुम्हाला HCL सोबत वर्क-फ्रॉम-होम जॉबसाठी निवडले आहे. Rs.5,749 चा जॉइनिंग बोनस मिळवण्यासाठी तुमची बँक माहिती शेअर करा.",No,No,No
spam,State Scholarship Scheme: तुमचा शिष्यवृत्ती लाभ Rs.652 ट्रान्सफरसाठी तयार आहे. मिळवण्यासाठी तुमची बँक पासबुक माहिती सबमिट करा.,No,No,No
spam,"State Scholarship Scheme: तुमचा शिष्यवृत्ती लाभ Rs.74,722 ट्रान्सफरसाठी तयार आहे. मिळवण्यासाठी तुमची बँक पासबुक माहिती सबमिट करा.",No,No,No
spam,"तुमच्या विमा पॉलिसीची मुदतपूर्ती रक्कम Rs.1,215 तयार आहे. पेमेंट मिळवण्यासाठी तुमची बँक पासबुक माहिती पाठवा.",No,No,No
spam,"मी चुकून तुमच्या Amazon Pay वर Rs.81,189 पाठवले, कृपया हे या UPI ID वर परत करा: wepmtfd@okhdfcbank",No,No,No
spam,"Post Matric Scholarship अलर्ट: तुम्ही योजनेअंतर्गत Rs.6,035 साठी पात्र आहात. दावा करण्यासाठी तुमचा आधार आणि बँक खाते क्रमांक शेअर करा.",No,No,No
spam,"मी चुकून तुमच्या Google Pay वर Rs.27,662 पाठवले, कृपया हे या UPI ID वर परत करा: kopruhrs@axl",No,No,No
spam,"मी चुकून तुमच्या PhonePe वर Rs.5,258 पाठवले, कृपया हे या UPI ID वर परत करा: tysvyerr17@ibl",No,No,No
spam,"LPG Subsidy Scheme अलर्ट: तुम्ही योजनेअंतर्गत Rs.49,222 साठी पात्र आहात. दावा करण्यासाठी तुमचा आधार आणि बँक खाते क्रमांक शेअर करा.",No,No,No
spam,PM Ujjwala Yojana अलर्ट: तुम्ही योजनेअंतर्गत Rs.600 साठी पात्र आहात. दावा करण्यासाठी तुमचा आधार आणि बँक खाते क्रमांक शेअर करा.,No,No,No
spam,"हाय, मला वाटते मी दुसऱ्याला पेमेंट करताना चुकून तुम्हाला Rs.47,370 पाठवले. कृपया fswfpr87@oksbi वर परत पाठवा, धन्यवाद.",No,No,No
spam,तुमचे Canara Bank पर्सनल लोन Rs.677 चे पूर्व-मंजूर आहे. प्रक्रियेसाठी तुमचे बँक खाते आणि आधार तपशील शेअर करा.,No,No,No
spam,"अभिनंदन, PMAY अंतर्गत तुमचा अर्ज Rs.8,385 साठी मंजूर झाला आहे. वितरणासाठी तुमची बँक माहिती पाठवा.",No,No,No
spam,"PMAY: तुमचा शिष्यवृत्ती लाभ Rs.62,333 ट्रान्सफरसाठी तयार आहे. मिळवण्यासाठी तुमची बँक पासबुक माहिती सबमिट करा.",No,No,No
spam,"मी चुकून तुमच्या Amazon Pay वर Rs.33,130 पाठवले, कृपया हे या UPI ID वर परत करा: jfulrsi@okicici",No,No,No
spam,"माफ करा, मी चुकून चुकीच्या नंबरवर Rs.38,734 ट्रान्सफर केले, हे तुमचे खाते वाटते. कृपया icsffw@paytm वर परत पाठवा.",No,No,No
spam,तुमचे Axis Bank पर्सनल लोन Rs.986 चे पूर्व-मंजूर आहे. प्रक्रियेसाठी तुमचे बँक खाते आणि आधार तपशील शेअर करा.,No,No,No
spam,"PMAY अलर्ट: तुम्ही योजनेअंतर्गत Rs.91,177 साठी पात्र आहात. दावा करण्यासाठी तुमचा आधार आणि बँक खाते क्रमांक शेअर करा.",No,No,No
spam,"तुमच्या विमा पॉलिसीची मुदतपूर्ती रक्कम Rs.2,723 तयार आहे. पेमेंट मिळवण्यासाठी तुमची बँक पासबुक माहिती पाठवा.",No,No,No
spam,"माफ करा, मी चुकून चुकीच्या नंबरवर Rs.38,166 ट्रान्सफर केले, हे तुमचे खाते वाटते. कृपया zvnqsasm11@okicici वर परत पाठवा.",No,No,No
spam,"तुम्हाला Infosys सोबत वर्क-फ्रॉम-होम जॉबसाठी निवडले आहे. Rs.9,811 चा जॉइनिंग बोनस मिळवण्यासाठी तुमची बँक माहिती शेअर करा.",No,No,No
spam,"हाय, मला वाटते मी दुसऱ्याला पेमेंट करताना चुकून तुम्हाला Rs.1,570 पाठवले. कृपया wrwtd24@okhdfcbank वर परत पाठवा, धन्यवाद.",No,No,No
spam,State Scholarship Scheme: तुमचा शिष्यवृत्ती लाभ Rs.861 ट्रान्सफरसाठी तयार आहे. मिळवण्यासाठी तुमची बँक पासबुक माहिती सबमिट करा.,No,No,No
spam,"माफ करा, मी चुकून चुकीच्या नंबरवर Rs.655 ट्रान्सफर केले, हे तुमचे खाते वाटते. कृपया igbyrud60@axl वर परत पाठवा.",No,No,No
spam,"अभिनंदन, State Scholarship Scheme अंतर्गत तुमचा अर्ज Rs.830 साठी मंजूर झाला आहे. वितरणासाठी तुमची बँक माहिती पाठवा.",No,No,No
spam,"चुकून माझ्या खात्यातून तुमच्या खात्यात Rs.4,873 ट्रान्सफर झाले आहेत, लवकरात लवकर asxotl76@okhdfcbank वर रिफंड करा.",No,No,No
spam,"तुमच्या विमा पॉलिसीची मुदतपूर्ती रक्कम Rs.19,654 तयार आहे. पेमेंट मिळवण्यासाठी तुमची बँक पासबुक माहिती पाठवा.",No,No,No
spam,तुम्हाला HCL सोबत वर्क-फ्रॉम-होम जॉबसाठी निवडले आहे. Rs.585 चा जॉइनिंग बोनस मिळवण्यासाठी तुमची बँक माहिती शेअर करा.,No,No,No
spam,"अभिनंदन, PMAY अंतर्गत तुमचा अर्ज Rs.94,378 साठी मंजूर झाला आहे. वितरणासाठी तुमची बँक माहिती पाठवा.",No,No,No
spam,"PM Ujjwala Yojana: तुमचा शिष्यवृत्ती लाभ Rs.1,165 ट्रान्सफरसाठी तयार आहे. मिळवण्यासाठी तुमची बँक पासबुक माहिती सबमिट करा.",No,No,No
spam,"तुम्हाला TCS सोबत वर्क-फ्रॉम-होम जॉबसाठी निवडले आहे. Rs.63,017 चा जॉइनिंग बोनस मिळवण्यासाठी तुमची बँक माहिती शेअर करा.",No,No,No
spam,"अभिनंदन, LPG Subsidy Scheme अंतर्गत तुमचा अर्ज Rs.94,387 साठी मंजूर झाला आहे. वितरणासाठी तुमची बँक माहिती पाठवा.",No,No,No
spam,तुमच्या विमा पॉलिसीची मुदतपूर्ती रक्कम Rs.745 तयार आहे. पेमेंट मिळवण्यासाठी तुमची बँक पासबुक माहिती पाठवा.,No,No,No
spam,"अभिनंदन, National Scholarship Portal अंतर्गत तुमचा अर्ज Rs.31,882 साठी मंजूर झाला आहे. वितरणासाठी तुमची बँक माहिती पाठवा.",No,No,No
spam,तुम्हाला Reliance सोबत वर्क-फ्रॉम-होम जॉबसाठी निवडले आहे. Rs.718 चा जॉइनिंग बोनस मिळवण्यासाठी तुमची बँक माहिती शेअर करा.,No,No,No
spam,"तुमच्या विमा पॉलिसीची मुदतपूर्ती रक्कम Rs.1,841 तयार आहे. पेमेंट मिळवण्यासाठी तुमची बँक पासबुक माहिती पाठवा.",No,No,No
spam,"PM Kisan Samman Nidhi: तुमचा शिष्यवृत्ती लाभ Rs.12,517 ट्रान्सफरसाठी तयार आहे. मिळवण्यासाठी तुमची बँक पासबुक माहिती सबमिट करा.",No,No,No
spam,"माफ करा, मी चुकून चुकीच्या नंबरवर Rs.842 ट्रान्सफर केले, हे तुमचे खाते वाटते. कृपया rdvdngf@axl वर परत पाठवा.",No,No,No
spam,"हाय, मला वाटते मी दुसऱ्याला पेमेंट करताना चुकून तुम्हाला Rs.19,813 पाठवले. कृपया dshexqdl@ibl वर परत पाठवा, धन्यवाद.",No,No,No
spam,"हाय, मला वाटते मी दुसऱ्याला पेमेंट करताना चुकून तुम्हाला Rs.7,242 पाठवले. कृपया dtkgwbjs65@oksbi वर परत पाठवा, धन्यवाद.",No,No,No
spam,"अभिनंदन, PMAY अंतर्गत तुमचा अर्ज Rs.4,081 साठी मंजूर झाला आहे. वितरणासाठी तुमची बँक माहिती पाठवा.",No,No,No
spam,"तुमच्या विमा पॉलिसीची मुदतपूर्ती रक्कम Rs.4,716 तयार आहे. पेमेंट मिळवण्यासाठी तुमची बँक पासबुक माहिती पाठवा.",No,No,No
spam,"हाय, मला वाटते मी दुसऱ्याला पेमेंट करताना चुकून तुम्हाला Rs.82,001 पाठवले. कृपया umjmspu14@okicici वर परत पाठवा, धन्यवाद.",No,No,No
spam,"Ayushman Bharat अलर्ट: तुम्ही योजनेअंतर्गत Rs.83,454 साठी पात्र आहात. दावा करण्यासाठी तुमचा आधार आणि बँक खाते क्रमांक शेअर करा.",No,No,No
spam,"अभिनंदन, LPG Subsidy Scheme अंतर्गत तुमचा अर्ज Rs.2,447 साठी मंजूर झाला आहे. वितरणासाठी तुमची बँक माहिती पाठवा.",No,No,No
spam,"National Scholarship Portal: तुमचा शिष्यवृत्ती लाभ Rs.91,421 ट्रान्सफरसाठी तयार आहे. मिळवण्यासाठी तुमची बँक पासबुक माहिती सबमिट करा.",No,No,No
spam,"तुमचे HDFC Bank पर्सनल लोन Rs.53,861 चे पूर्व-मंजूर आहे. प्रक्रियेसाठी तुमचे बँक खाते आणि आधार तपशील शेअर करा.",No,No,No
spam,"हाय, मला वाटते मी दुसऱ्याला पेमेंट करताना चुकून तुम्हाला Rs.6,138 पाठवले. कृपया oegunzjt@oksbi वर परत पाठवा, धन्यवाद.",No,No,No
spam,"माफ करा, मी चुकून चुकीच्या नंबरवर Rs.930 ट्रान्सफर केले, हे तुमचे खाते वाटते. कृपया yfzsenf@paytm वर परत पाठवा.",No,No,No
spam,"माफ करा, मी चुकून चुकीच्या नंबरवर Rs.3,890 ट्रान्सफर केले, हे तुमचे खाते वाटते. कृपया qynqk@okicici वर परत पाठवा.",No,No,No
spam,"अभिनंदन, Post Matric Scholarship अंतर्गत तुमचा अर्ज Rs.597 साठी मंजूर झाला आहे. वितरणासाठी तुमची बँक माहिती पाठवा.",No,No,No
spam,"तुम्हाला HCL सोबत वर्क-फ्रॉम-होम जॉबसाठी निवडले आहे. Rs.8,457 चा जॉइनिंग बोनस मिळवण्यासाठी तुमची बँक माहिती शेअर करा.",No,No,No
spam,तुमच्या विमा पॉलिसीची मुदतपूर्ती रक्कम Rs.629 तयार आहे. पेमेंट मिळवण्यासाठी तुमची बँक पासबुक माहिती पाठवा.,No,No,No
spam,"चुकून माझ्या खात्यातून तुमच्या खात्यात Rs.854 ट्रान्सफर झाले आहेत, लवकरात लवकर vrgzhlr84@ibl वर रिफंड करा.",No,No,No
spam,"चुकून माझ्या खात्यातून तुमच्या खात्यात Rs.968 ट्रान्सफर झाले आहेत, लवकरात लवकर deogket51@ibl वर रिफंड करा.",No,No,No
spam,"हाय, मला वाटते मी दुसऱ्याला पेमेंट करताना चुकून तुम्हाला Rs.81,232 पाठवले. कृपया zjfvuqh@ibl वर परत पाठवा, धन्यवाद.",No,No,No
spam,"अभिनंदन, PM Ujjwala Yojana अंतर्गत तुमचा अर्ज Rs.830 साठी मंजूर झाला आहे. वितरणासाठी तुमची बँक माहिती पाठवा.",No,No,No
spam,"तुमच्या विमा पॉलिसीची मुदतपूर्ती रक्कम Rs.90,001 तयार आहे. पेमेंट मिळवण्यासाठी तुमची बँक पासबुक माहिती पाठवा.",No,No,No
spam,"माफ करा, मी चुकून चुकीच्या नंबरवर Rs.692 ट्रान्सफर केले, हे तुमचे खाते वाटते. कृपया unodxm68@ybl वर परत पाठवा.",No,No,No
spam,"तुमच्या विमा पॉलिसीची मुदतपूर्ती रक्कम Rs.96,068 तयार आहे. पेमेंट मिळवण्यासाठी तुमची बँक पासबुक माहिती पाठवा.",No,No,No
spam,"अभिनंदन, PMAY अंतर्गत तुमचा अर्ज Rs.37,091 साठी मंजूर झाला आहे. वितरणासाठी तुमची बँक माहिती पाठवा.",No,No,No
spam,PMAY: तुमचा शिष्यवृत्ती लाभ Rs.804 ट्रान्सफरसाठी तयार आहे. मिळवण्यासाठी तुमची बँक पासबुक माहिती सबमिट करा.,No,No,No
spam,"चुकून माझ्या खात्यातून तुमच्या खात्यात Rs.4,896 ट्रान्सफर झाले आहेत, लवकरात लवकर pzxfryu@ibl वर रिफंड करा.",No,No,No
spam,"माफ करा, मी चुकून चुकीच्या नंबरवर Rs.7,385 ट्रान्सफर केले, हे तुमचे खाते वाटते. कृपया ucjvwj81@okhdfcbank वर परत पाठवा.",No,No,No
spam,"तुम्हाला HCL सोबत वर्क-फ्रॉम-होम जॉबसाठी निवडले आहे. Rs.2,918 चा जॉइनिंग बोनस मिळवण्यासाठी तुमची बँक माहिती शेअर करा.",No,No,No
spam,"मी चुकून तुमच्या Amazon Pay वर Rs.26,493 पाठवले, कृपया हे या UPI ID वर परत करा: dhhnwn36@okhdfcbank",No,No,No
spam,"मी चुकून तुमच्या Amazon Pay वर Rs.99,506 पाठवले, कृपया हे या UPI ID वर परत करा: bkorum24@ybl",No,No,No
spam,"मी चुकून तुमच्या PhonePe वर Rs.3,794 पाठवले, कृपया हे या UPI ID वर परत करा: junpdbz32@ybl",No,No,No
spam,"मी चुकून तुमच्या Amazon Pay वर Rs.701 पाठवले, कृपया हे या UPI ID वर परत करा: fmhjt38@ybl",No,No,No
spam,"हाय, मला वाटते मी दुसऱ्याला पेमेंट करताना चुकून तुम्हाला Rs.721 पाठवले. कृपया hcsktakl@ybl वर परत पाठवा, धन्यवाद.",No,No,No
spam,तुमचे Canara Bank पर्सनल लोन Rs.546 चे पूर्व-मंजूर आहे. प्रक्रियेसाठी तुमचे बँक खाते आणि आधार तपशील शेअर करा.,No,No,No
spam,"माफ करा, मी चुकून चुकीच्या नंबरवर Rs.89,117 ट्रान्सफर केले, हे तुमचे खाते वाटते. कृपया eopzb@paytm वर परत पाठवा.",No,No,No
spam,PM Ujjwala Yojana: तुमचा शिष्यवृत्ती लाभ Rs.535 ट्रान्सफरसाठी तयार आहे. मिळवण्यासाठी तुमची बँक पासबुक माहिती सबमिट करा.,No,No,No
spam,"अभिनंदन, PM Kisan Samman Nidhi अंतर्गत तुमचा अर्ज Rs.8,066 साठी मंजूर झाला आहे. वितरणासाठी तुमची बँक माहिती पाठवा.",No,No,No
spam,"हाय, मला वाटते मी दुसऱ्याला पेमेंट करताना चुकून तुम्हाला Rs.7,820 पाठवले. कृपया ientnht22@axl वर परत पाठवा, धन्यवाद.",No,No,No
spam,"चुकून माझ्या खात्यातून तुमच्या खात्यात Rs.5,803 ट्रान्सफर झाले आहेत, लवकरात लवकर ismihcal27@oksbi वर रिफंड करा.",No,No,No
spam,तुम्हाला Reliance सोबत वर्क-फ्रॉम-होम जॉबसाठी निवडले आहे. Rs.876 चा जॉइनिंग बोनस मिळवण्यासाठी तुमची बँक माहिती शेअर करा.,No,No,No
spam,"चुकून माझ्या खात्यातून तुमच्या खात्यात Rs.1,304 ट्रान्सफर झाले आहेत, लवकरात लवकर iajbix@paytm वर रिफंड करा.",No,No,No
spam,"माफ करा, मी चुकून चुकीच्या नंबरवर Rs.955 ट्रान्सफर केले, हे तुमचे खाते वाटते. कृपया fraspftk55@axl वर परत पाठवा.",No,No,No
spam,तुमचे SBI पर्सनल लोन Rs.910 चे पूर्व-मंजूर आहे. प्रक्रियेसाठी तुमचे बँक खाते आणि आधार तपशील शेअर करा.,No,No,No
spam,"चुकून माझ्या खात्यातून तुमच्या खात्यात Rs.730 ट्रान्सफर झाले आहेत, लवकरात लवकर sohepwc@paytm वर रिफंड करा.",No,No,No
spam,PM Kisan Samman Nidhi: तुमचा शिष्यवृत्ती लाभ Rs.741 ट्रान्सफरसाठी तयार आहे. मिळवण्यासाठी तुमची बँक पासबुक माहिती सबमिट करा.,No,No,No
spam,"तुम्हाला Flipkart सोबत वर्क-फ्रॉम-होम जॉबसाठी निवडले आहे. Rs.77,602 चा जॉइनिंग बोनस मिळवण्यासाठी तुमची बँक माहिती शेअर करा.",No,No,No
spam,तुमच्या विमा पॉलिसीची मुदतपूर्ती रक्कम Rs.664 तयार आहे. पेमेंट मिळवण्यासाठी तुमची बँक पासबुक माहिती पाठवा.,No,No,No
spam,LPG Subsidy Scheme: तुमचा शिष्यवृत्ती लाभ Rs.563 ट्रान्सफरसाठी तयार आहे. मिळवण्यासाठी तुमची बँक पासबुक माहिती सबमिट करा.,No,No,No
spam,LPG Subsidy Scheme अलर्ट: तुम्ही योजनेअंतर्गत Rs.892 साठी पात्र आहात. दावा करण्यासाठी तुमचा आधार आणि बँक खाते क्रमांक शेअर करा.,No,No,No
spam,LPG Subsidy Scheme अलर्ट: तुम्ही योजनेअंतर्गत Rs.871 साठी पात्र आहात. दावा करण्यासाठी तुमचा आधार आणि बँक खाते क्रमांक शेअर करा.,No,No,No
spam,तुमच्या विमा पॉलिसीची मुदतपूर्ती रक्कम Rs.794 तयार आहे. पेमेंट मिळवण्यासाठी तुमची बँक पासबुक माहिती पाठवा.,No,No,No
spam,"चुकून माझ्या खात्यातून तुमच्या खात्यात Rs.80,279 ट्रान्सफर झाले आहेत, लवकरात लवकर qtmcpom@ibl वर रिफंड करा.",No,No,No
spam,"तुमचे Canara Bank पर्सनल लोन Rs.6,259 चे पूर्व-मंजूर आहे. प्रक्रियेसाठी तुमचे बँक खाते आणि आधार तपशील शेअर करा.",No,No,No
spam,तुमचे Canara Bank पर्सनल लोन Rs.975 चे पूर्व-मंजूर आहे. प्रक्रियेसाठी तुमचे बँक खाते आणि आधार तपशील शेअर करा.,No,No,No
spam,"चुकून माझ्या खात्यातून तुमच्या खात्यात Rs.15,771 ट्रान्सफर झाले आहेत, लवकरात लवकर ijrmuee10@ybl वर रिफंड करा.",No,No,No
spam,"National Scholarship Portal: तुमचा शिष्यवृत्ती लाभ Rs.1,537 ट्रान्सफरसाठी तयार आहे. मिळवण्यासाठी तुमची बँक पासबुक माहिती सबमिट करा.",No,No,No
spam,"चुकून माझ्या खात्यातून तुमच्या खात्यात Rs.918 ट्रान्सफर झाले आहेत, लवकरात लवकर hrfved56@okhdfcbank वर रिफंड करा.",No,No,No
spam,"माफ करा, मी चुकून चुकीच्या नंबरवर Rs.932 ट्रान्सफर केले, हे तुमचे खाते वाटते. कृपया oxoco@paytm वर परत पाठवा.",No,No,No
spam,तुम्हाला Flipkart सोबत वर्क-फ्रॉम-होम जॉबसाठी निवडले आहे. Rs.658 चा जॉइनिंग बोनस मिळवण्यासाठी तुमची बँक माहिती शेअर करा.,No,No,No
spam,"माफ करा, मी चुकून चुकीच्या नंबरवर Rs.83,243 ट्रान्सफर केले, हे तुमचे खाते वाटते. कृपया xyxwr45@axl वर परत पाठवा.",No,No,No
spam,"मी चुकून तुमच्या PhonePe वर Rs.762 पाठवले, कृपया हे या UPI ID वर परत करा: oynqi@okicici",No,No,No
spam,"माफ करा, मी चुकून चुकीच्या नंबरवर Rs.50,744 ट्रान्सफर केले, हे तुमचे खाते वाटते. कृपया toauzrtb@oksbi वर परत पाठवा.",No,No,No
spam,LPG Subsidy Scheme अलर्ट: तुम्ही योजनेअंतर्गत Rs.760 साठी पात्र आहात. दावा करण्यासाठी तुमचा आधार आणि बँक खाते क्रमांक शेअर करा.,No,No,No
spam,PM Ujjwala Yojana: तुमचा शिष्यवृत्ती लाभ Rs.807 ट्रान्सफरसाठी तयार आहे. मिळवण्यासाठी तुमची बँक पासबुक माहिती सबमिट करा.,No,No,No
spam,"तुमचे Bank of Baroda पर्सनल लोन Rs.5,330 चे पूर्व-मंजूर आहे. प्रक्रियेसाठी तुमचे बँक खाते आणि आधार तपशील शेअर करा.",No,No,No
spam,"अभिनंदन, PM Kisan Samman Nidhi अंतर्गत तुमचा अर्ज Rs.827 साठी मंजूर झाला आहे. वितरणासाठी तुमची बँक माहिती पाठवा.",No,No,No
spam,"तुमचे ICICI Bank पर्सनल लोन Rs.11,913 चे पूर्व-मंजूर आहे. प्रक्रियेसाठी तुमचे बँक खाते आणि आधार तपशील शेअर करा.",No,No,No
spam,"माफ करा, मी चुकून चुकीच्या नंबरवर Rs.20,438 ट्रान्सफर केले, हे तुमचे खाते वाटते. कृपया cgnrhc36@okhdfcbank वर परत पाठवा.",No,No,No
spam,"तुमच्या विमा पॉलिसीची मुदतपूर्ती रक्कम Rs.8,447 तयार आहे. पेमेंट मिळवण्यासाठी तुमची बँक पासबुक माहिती पाठवा.",No,No,No
spam,तुम्हाला Reliance सोबत वर्क-फ्रॉम-होम जॉबसाठी निवडले आहे. Rs.633 चा जॉइनिंग बोनस मिळवण्यासाठी तुमची बँक माहिती शेअर करा.,No,No,No
spam,"अभिनंदन, National Scholarship Portal अंतर्गत तुमचा अर्ज Rs.7,330 साठी मंजूर झाला आहे. वितरणासाठी तुमची बँक माहिती पाठवा.",No,No,No
spam,तुमच्या विमा पॉलिसीची मुदतपूर्ती रक्कम Rs.951 तयार आहे. पेमेंट मिळवण्यासाठी तुमची बँक पासबुक माहिती पाठवा.,No,No,No
spam,"Post Matric Scholarship अलर्ट: तुम्ही योजनेअंतर्गत Rs.29,796 साठी पात्र आहात. दावा करण्यासाठी तुमचा आधार आणि बँक खाते क्रमांक शेअर करा.",No,No,No
spam,"चुकून माझ्या खात्यातून तुमच्या खात्यात Rs.566 ट्रान्सफर झाले आहेत, लवकरात लवकर wavjcces@ibl वर रिफंड करा.",No,No,No
spam,"हाय, मला वाटते मी दुसऱ्याला पेमेंट करताना चुकून तुम्हाला Rs.66,057 पाठवले. कृपया sctwblp17@ibl वर परत पाठवा, धन्यवाद.",No,No,No
spam,"चुकून माझ्या खात्यातून तुमच्या खात्यात Rs.635 ट्रान्सफर झाले आहेत, लवकरात लवकर xmtumyu@okicici वर रिफंड करा.",No,No,No
spam,"चुकून माझ्या खात्यातून तुमच्या खात्यात Rs.6,268 ट्रान्सफर झाले आहेत, लवकरात लवकर yuqcsqe30@paytm वर रिफंड करा.",No,No,No
spam,"हाय, मला वाटते मी दुसऱ्याला पेमेंट करताना चुकून तुम्हाला Rs.83,936 पाठवले. कृपया jvmjv78@okhdfcbank वर परत पाठवा, धन्यवाद.",No,No,No
spam,"मी चुकून तुमच्या Google Pay वर Rs.990 पाठवले, कृपया हे या UPI ID वर परत करा: ntpgje88@okicici",No,No,No
spam,"PM Kisan Samman Nidhi: तुमचा शिष्यवृत्ती लाभ Rs.9,692 ट्रान्सफरसाठी तयार आहे. मिळवण्यासाठी तुमची बँक पासबुक माहिती सबमिट करा.",No,No,No
spam,"हाय, मला वाटते मी दुसऱ्याला पेमेंट करताना चुकून तुम्हाला Rs.598 पाठवले. कृपया sennq10@ybl वर परत पाठवा, धन्यवाद.",No,No,No
spam,"National Scholarship Portal अलर्ट: तुम्ही योजनेअंतर्गत Rs.2,179 साठी पात्र आहात. दावा करण्यासाठी तुमचा आधार आणि बँक खाते क्रमांक शेअर करा.",No,No,No
spam,"चुकून माझ्या खात्यातून तुमच्या खात्यात Rs.2,825 ट्रान्सफर झाले आहेत, लवकरात लवकर egxhthoh50@ybl वर रिफंड करा.",No,No,No
spam,"मी चुकून तुमच्या Paytm वर Rs.38,374 पाठवले, कृपया हे या UPI ID वर परत करा: gnmcv@ybl",No,No,No
spam,"चुकून माझ्या खात्यातून तुमच्या खात्यात Rs.20,490 ट्रान्सफर झाले आहेत, लवकरात लवकर aifgd@paytm वर रिफंड करा.",No,No,No
spam,"अभिनंदन, PMAY अंतर्गत तुमचा अर्ज Rs.6,423 साठी मंजूर झाला आहे. वितरणासाठी तुमची बँक माहिती पाठवा.",No,No,No
spam,"चुकून माझ्या खात्यातून तुमच्या खात्यात Rs.8,897 ट्रान्सफर झाले आहेत, लवकरात लवकर maswe98@paytm वर रिफंड करा.",No,No,No
spam,"PMAY अलर्ट: तुम्ही योजनेअंतर्गत Rs.7,896 साठी पात्र आहात. दावा करण्यासाठी तुमचा आधार आणि बँक खाते क्रमांक शेअर करा.",No,No,No
spam,"Post Matric Scholarship अलर्ट: तुम्ही योजनेअंतर्गत Rs.7,440 साठी पात्र आहात. दावा करण्यासाठी तुमचा आधार आणि बँक खाते क्रमांक शेअर करा.",No,No,No
spam,"State Scholarship Scheme अलर्ट: तुम्ही योजनेअंतर्गत Rs.2,149 साठी पात्र आहात. दावा करण्यासाठी तुमचा आधार आणि बँक खाते क्रमांक शेअर करा.",No,No,No
spam,"हाय, मला वाटते मी दुसऱ्याला पेमेंट करताना चुकून तुम्हाला Rs.624 पाठवले. कृपया ssqhmy92@okhdfcbank वर परत पाठवा, धन्यवाद.",No,No,No
spam,तुम्हाला Flipkart सोबत वर्क-फ्रॉम-होम जॉबसाठी निवडले आहे. Rs.922 चा जॉइनिंग बोनस मिळवण्यासाठी तुमची बँक माहिती शेअर करा.,No,No,No
spam,"तुमच्या विमा पॉलिसीची मुदतपूर्ती रक्कम Rs.96,229 तयार आहे. पेमेंट मिळवण्यासाठी तुमची बँक पासबुक माहिती पाठवा.",No,No,No
spam,"माफ करा, मी चुकून चुकीच्या नंबरवर Rs.97,409 ट्रान्सफर केले, हे तुमचे खाते वाटते. कृपया fexlvh@okhdfcbank वर परत पाठवा.",No,No,No
spam,"तुमचे Axis Bank पर्सनल लोन Rs.5,758 चे पूर्व-मंजूर आहे. प्रक्रियेसाठी तुमचे बँक खाते आणि आधार तपशील शेअर करा.",No,No,No
spam,"अभिनंदन, LPG Subsidy Scheme अंतर्गत तुमचा अर्ज Rs.94,707 साठी मंजूर झाला आहे. वितरणासाठी तुमची बँक माहिती पाठवा.",No,No,No
spam,"चुकून माझ्या खात्यातून तुमच्या खात्यात Rs.4,041 ट्रान्सफर झाले आहेत, लवकरात लवकर sswxeg37@ibl वर रिफंड करा.",No,No,No
spam,PMAY अलर्ट: तुम्ही योजनेअंतर्गत Rs.882 साठी पात्र आहात. दावा करण्यासाठी तुमचा आधार आणि बँक खाते क्रमांक शेअर करा.,No,No,No
spam,तुमच्या विमा पॉलिसीची मुदतपूर्ती रक्कम Rs.934 तयार आहे. पेमेंट मिळवण्यासाठी तुमची बँक पासबुक माहिती पाठवा.,No,No,No
spam,"माफ करा, मी चुकून चुकीच्या नंबरवर Rs.2,285 ट्रान्सफर केले, हे तुमचे खाते वाटते. कृपया rxgdpmob@paytm वर परत पाठवा.",No,No,No
spam,"PMAY: तुमचा शिष्यवृत्ती लाभ Rs.8,794 ट्रान्सफरसाठी तयार आहे. मिळवण्यासाठी तुमची बँक पासबुक माहिती सबमिट करा.",No,No,No
spam,"चुकून माझ्या खात्यातून तुमच्या खात्यात Rs.634 ट्रान्सफर झाले आहेत, लवकरात लवकर ktxnqnob95@paytm वर रिफंड करा.",No,No,No
spam,PMAY अलर्ट: तुम्ही योजनेअंतर्गत Rs.660 साठी पात्र आहात. दावा करण्यासाठी तुमचा आधार आणि बँक खाते क्रमांक शेअर करा.,No,No,No
spam,State Scholarship Scheme: तुमचा शिष्यवृत्ती लाभ Rs.893 ट्रान्सफरसाठी तयार आहे. मिळवण्यासाठी तुमची बँक पासबुक माहिती सबमिट करा.,No,No,No
spam,"तुम्हाला Amazon सोबत वर्क-फ्रॉम-होम जॉबसाठी निवडले आहे. Rs.49,094 चा जॉइनिंग बोनस मिळवण्यासाठी तुमची बँक माहिती शेअर करा.",No,No,No
spam,"तुमचे Axis Bank पर्सनल लोन Rs.6,367 चे पूर्व-मंजूर आहे. प्रक्रियेसाठी तुमचे बँक खाते आणि आधार तपशील शेअर करा.",No,No,No
spam,"State Scholarship Scheme अलर्ट: तुम्ही योजनेअंतर्गत Rs.95,496 साठी पात्र आहात. दावा करण्यासाठी तुमचा आधार आणि बँक खाते क्रमांक शेअर करा.",No,No,No
spam,"चुकून माझ्या खात्यातून तुमच्या खात्यात Rs.1,664 ट्रान्सफर झाले आहेत, लवकरात लवकर agtmqe77@okicici वर रिफंड करा.",No,No,No
spam,"माफ करा, मी चुकून चुकीच्या नंबरवर Rs.64,393 ट्रान्सफर केले, हे तुमचे खाते वाटते. कृपया frger@paytm वर परत पाठवा.",No,No,No
spam,"माफ करा, मी चुकून चुकीच्या नंबरवर Rs.771 ट्रान्सफर केले, हे तुमचे खाते वाटते. कृपया akubo87@okhdfcbank वर परत पाठवा.",No,No,No
spam,"चुकून माझ्या खात्यातून तुमच्या खात्यात Rs.595 ट्रान्सफर झाले आहेत, लवकरात लवकर eaixiiol@axl वर रिफंड करा.",No,No,No
spam,State Scholarship Scheme अलर्ट: तुम्ही योजनेअंतर्गत Rs.990 साठी पात्र आहात. दावा करण्यासाठी तुमचा आधार आणि बँक खाते क्रमांक शेअर करा.,No,No,No
spam,"तुम्हाला Reliance सोबत वर्क-फ्रॉम-होम जॉबसाठी निवडले आहे. Rs.1,792 चा जॉइनिंग बोनस मिळवण्यासाठी तुमची बँक माहिती शेअर करा.",No,No,No
spam,तुमच्या विमा पॉलिसीची मुदतपूर्ती रक्कम Rs.842 तयार आहे. पेमेंट मिळवण्यासाठी तुमची बँक पासबुक माहिती पाठवा.,No,No,No
spam,"मी चुकून तुमच्या Amazon Pay वर Rs.24,824 पाठवले, कृपया हे या UPI ID वर परत करा: famhr52@oksbi",No,No,No
spam,"चुकून माझ्या खात्यातून तुमच्या खात्यात Rs.19,004 ट्रान्सफर झाले आहेत, लवकरात लवकर wvuwwmy@ybl वर रिफंड करा.",No,No,No
spam,"माफ करा, मी चुकून चुकीच्या नंबरवर Rs.29,530 ट्रान्सफर केले, हे तुमचे खाते वाटते. कृपया mnaidft@ybl वर परत पाठवा.",No,No,No
spam,State Scholarship Scheme: तुमचा शिष्यवृत्ती लाभ Rs.547 ट्रान्सफरसाठी तयार आहे. मिळवण्यासाठी तुमची बँक पासबुक माहिती सबमिट करा.,No,No,No
spam,"State Scholarship Scheme अलर्ट: तुम्ही योजनेअंतर्गत Rs.1,904 साठी पात्र आहात. दावा करण्यासाठी तुमचा आधार आणि बँक खाते क्रमांक शेअर करा.",No,No,No
spam,"PM Kisan Samman Nidhi: तुमचा शिष्यवृत्ती लाभ Rs.72,545 ट्रान्सफरसाठी तयार आहे. मिळवण्यासाठी तुमची बँक पासबुक माहिती सबमिट करा.",No,No,No
spam,तुमचे Canara Bank पर्सनल लोन Rs.519 चे पूर्व-मंजूर आहे. प्रक्रियेसाठी तुमचे बँक खाते आणि आधार तपशील शेअर करा.,No,No,No
spam,"PMAY: तुमचा शिष्यवृत्ती लाभ Rs.2,197 ट्रान्सफरसाठी तयार आहे. मिळवण्यासाठी तुमची बँक पासबुक माहिती सबमिट करा.",No,No,No
spam,"National Scholarship Portal अलर्ट: तुम्ही योजनेअंतर्गत Rs.87,262 साठी पात्र आहात. दावा करण्यासाठी तुमचा आधार आणि बँक खाते क्रमांक शेअर करा.",No,No,No
spam,"चुकून माझ्या खात्यातून तुमच्या खात्यात Rs.7,586 ट्रान्सफर झाले आहेत, लवकरात लवकर iqtjaxfn30@ybl वर रिफंड करा.",No,No,No
spam,"माफ करा, मी चुकून चुकीच्या नंबरवर Rs.8,907 ट्रान्सफर केले, हे तुमचे खाते वाटते. कृपया iymqknu@paytm वर परत पाठवा.",No,No,No
spam,"चुकून माझ्या खात्यातून तुमच्या खात्यात Rs.616 ट्रान्सफर झाले आहेत, लवकरात लवकर zgjocbg13@ibl वर रिफंड करा.",No,No,No
spam,"PM Kisan Samman Nidhi: तुमचा शिष्यवृत्ती लाभ Rs.95,654 ट्रान्सफरसाठी तयार आहे. मिळवण्यासाठी तुमची बँक पासबुक माहिती सबमिट करा.",No,No,No
spam,"मी चुकून तुमच्या Amazon Pay वर Rs.79,348 पाठवले, कृपया हे या UPI ID वर परत करा: fajmvs54@okhdfcbank",No,No,No
spam,"तुमच्या विमा पॉलिसीची मुदतपूर्ती रक्कम Rs.1,090 तयार आहे. पेमेंट मिळवण्यासाठी तुमची बँक पासबुक माहिती पाठवा.",No,No,No
spam,"अभिनंदन, PM Kisan Samman Nidhi अंतर्गत तुमचा अर्ज Rs.543 साठी मंजूर झाला आहे. वितरणासाठी तुमची बँक माहिती पाठवा.",No,No,No
spam,"माफ करा, मी चुकून चुकीच्या नंबरवर Rs.5,359 ट्रान्सफर केले, हे तुमचे खाते वाटते. कृपया bkiciwv50@oksbi वर परत पाठवा.",No,No,No
spam,"तुम्हाला Reliance सोबत वर्क-फ्रॉम-होम जॉबसाठी निवडले आहे. Rs.28,036 चा जॉइनिंग बोनस मिळवण्यासाठी तुमची बँक माहिती शेअर करा.",No,No,No
spam,"तुमच्या विमा पॉलिसीची मुदतपूर्ती रक्कम Rs.8,904 तयार आहे. पेमेंट मिळवण्यासाठी तुमची बँक पासबुक माहिती पाठवा.",No,No,No
spam,"तुमच्या विमा पॉलिसीची मुदतपूर्ती रक्कम Rs.63,709 तयार आहे. पेमेंट मिळवण्यासाठी तुमची बँक पासबुक माहिती पाठवा.",No,No,No
spam,"हाय, मला वाटते मी दुसऱ्याला पेमेंट करताना चुकून तुम्हाला Rs.77,274 पाठवले. कृपया phcbkwcq@ybl वर परत पाठवा, धन्यवाद.",No,No,No
spam,"मी चुकून तुमच्या Paytm वर Rs.4,191 पाठवले, कृपया हे या UPI ID वर परत करा: peiqmuts50@ybl",No,No,No
spam,"हाय, मला वाटते मी दुसऱ्याला पेमेंट करताना चुकून तुम्हाला Rs.855 पाठवले. कृपया wxkniq35@axl वर परत पाठवा, धन्यवाद.",No,No,No
spam,"अभिनंदन, National Scholarship Portal अंतर्गत तुमचा अर्ज Rs.70,191 साठी मंजूर झाला आहे. वितरणासाठी तुमची बँक माहिती पाठवा.",No,No,No
spam,"Post Matric Scholarship: तुमचा शिष्यवृत्ती लाभ Rs.7,415 ट्रान्सफरसाठी तयार आहे. मिळवण्यासाठी तुमची बँक पासबुक माहिती सबमिट करा.",No,No,No
spam,"हाय, मला वाटते मी दुसऱ्याला पेमेंट करताना चुकून तुम्हाला Rs.9,182 पाठवले. कृपया ecpshnao@okicici वर परत पाठवा, धन्यवाद.",No,No,No
spam,"चुकून माझ्या खात्यातून तुमच्या खात्यात Rs.995 ट्रान्सफर झाले आहेत, लवकरात लवकर yctrmiwc@paytm वर रिफंड करा.",No,No,No
spam,तुमचे Punjab National Bank पर्सनल लोन Rs.571 चे पूर्व-मंजूर आहे. प्रक्रियेसाठी तुमचे बँक खाते आणि आधार तपशील शेअर करा.,No,No,No
spam,"हाय, मला वाटते मी दुसऱ्याला पेमेंट करताना चुकून तुम्हाला Rs.88,472 पाठवले. कृपया idefcq@okicici वर परत पाठवा, धन्यवाद.",No,No,No
spam,"हाय, मला वाटते मी दुसऱ्याला पेमेंट करताना चुकून तुम्हाला Rs.11,164 पाठवले. कृपया qruhrfq89@paytm वर परत पाठवा, धन्यवाद.",No,No,No
spam,"अभिनंदन, PM Ujjwala Yojana अंतर्गत तुमचा अर्ज Rs.27,305 साठी मंजूर झाला आहे. वितरणासाठी तुमची बँक माहिती पाठवा.",No,No,No
spam,"हाय, मला वाटते मी दुसऱ्याला पेमेंट करताना चुकून तुम्हाला Rs.9,153 पाठवले. कृपया vfobz56@paytm वर परत पाठवा, धन्यवाद.",No,No,No
spam,"अभिनंदन, Post Matric Scholarship अंतर्गत तुमचा अर्ज Rs.89,348 साठी मंजूर झाला आहे. वितरणासाठी तुमची बँक माहिती पाठवा.",No,No,No
spam,"तुमच्या विमा पॉलिसीची मुदतपूर्ती रक्कम Rs.97,703 तयार आहे. पेमेंट मिळवण्यासाठी तुमची बँक पासबुक माहिती पाठवा.",No,No,No
spam,"मी चुकून तुमच्या Amazon Pay वर Rs.58,441 पाठवले, कृपया हे या UPI ID वर परत करा: gzjjw@ibl",No,No,No
spam,"तुमचे Bank of Baroda पर्सनल लोन Rs.6,654 चे पूर्व-मंजूर आहे. प्रक्रियेसाठी तुमचे बँक खाते आणि आधार तपशील शेअर करा.",No,No,No
spam,तुम्हाला HCL सोबत वर्क-फ्रॉम-होम जॉबसाठी निवडले आहे. Rs.583 चा जॉइनिंग बोनस मिळवण्यासाठी तुमची बँक माहिती शेअर करा.,No,No,No
spam,"हाय, मला वाटते मी दुसऱ्याला पेमेंट करताना चुकून तुम्हाला Rs.24,578 पाठवले. कृपया lmsfybu@axl वर परत पाठवा, धन्यवाद.",No,No,No
spam,"तुम्हाला HCL सोबत वर्क-फ्रॉम-होम जॉबसाठी निवडले आहे. Rs.8,078 चा जॉइनिंग बोनस मिळवण्यासाठी तुमची बँक माहिती शेअर करा.",No,No,No
spam,"माफ करा, मी चुकून चुकीच्या नंबरवर Rs.33,217 ट्रान्सफर केले, हे तुमचे खाते वाटते. कृपया malbzf69@okicici वर परत पाठवा.",No,No,No
spam,"मी चुकून तुमच्या Google Pay वर Rs.935 पाठवले, कृपया हे या UPI ID वर परत करा: dtsty@paytm",No,No,No
spam,"हाय, मला वाटते मी दुसऱ्याला पेमेंट करताना चुकून तुम्हाला Rs.7,517 पाठवले. कृपया dlhakdhl@paytm वर परत पाठवा, धन्यवाद.",No,No,No
spam,"हाय, मला वाटते मी दुसऱ्याला पेमेंट करताना चुकून तुम्हाला Rs.874 पाठवले. कृपया wspzg22@okhdfcbank वर परत पाठवा, धन्यवाद.",No,No,No
spam,"LPG Subsidy Scheme अलर्ट: तुम्ही योजनेअंतर्गत Rs.30,683 साठी पात्र आहात. दावा करण्यासाठी तुमचा आधार आणि बँक खाते क्रमांक शेअर करा.",No,No,No
spam,तुमचे Axis Bank पर्सनल लोन Rs.655 चे पूर्व-मंजूर आहे. प्रक्रियेसाठी तुमचे बँक खाते आणि आधार तपशील शेअर करा.,No,No,No
spam,"माफ करा, मी चुकून चुकीच्या नंबरवर Rs.769 ट्रान्सफर केले, हे तुमचे खाते वाटते. कृपया zfusrfmy@oksbi वर परत पाठवा.",No,No,No
spam,"तुम्हाला TCS सोबत वर्क-फ्रॉम-होम जॉबसाठी निवडले आहे. Rs.2,113 चा जॉइनिंग बोनस मिळवण्यासाठी तुमची बँक माहिती शेअर करा.",No,No,No
spam,"PM Ujjwala Yojana अलर्ट: तुम्ही योजनेअंतर्गत Rs.34,551 साठी पात्र आहात. दावा करण्यासाठी तुमचा आधार आणि बँक खाते क्रमांक शेअर करा.",No,No,No
spam,PM Kisan Samman Nidhi: तुमचा शिष्यवृत्ती लाभ Rs.783 ट्रान्सफरसाठी तयार आहे. मिळवण्यासाठी तुमची बँक पासबुक माहिती सबमिट करा.,No,No,No
spam,"मी चुकून तुमच्या PhonePe वर Rs.1,235 पाठवले, कृपया हे या UPI ID वर परत करा: qsrrr@ybl",No,No,No
spam,"हाय, मला वाटते मी दुसऱ्याला पेमेंट करताना चुकून तुम्हाला Rs.44,939 पाठवले. कृपया tlbha83@okhdfcbank वर परत पाठवा, धन्यवाद.",No,No,No
spam,"अभिनंदन, PM Kisan Samman Nidhi अंतर्गत तुमचा अर्ज Rs.8,300 साठी मंजूर झाला आहे. वितरणासाठी तुमची बँक माहिती पाठवा.",No,No,No
spam,तुमचे Canara Bank पर्सनल लोन Rs.636 चे पूर्व-मंजूर आहे. प्रक्रियेसाठी तुमचे बँक खाते आणि आधार तपशील शेअर करा.,No,No,No
spam,"तुम्हाला Amazon सोबत वर्क-फ्रॉम-होम जॉबसाठी निवडले आहे. Rs.76,648 चा जॉइनिंग बोनस मिळवण्यासाठी तुमची बँक माहिती शेअर करा.",No,No,No
spam,"तुम्हाला Amazon सोबत वर्क-फ्रॉम-होम जॉबसाठी निवडले आहे. Rs.2,422 चा जॉइनिंग बोनस मिळवण्यासाठी तुमची बँक माहिती शेअर करा.",No,No,No
spam,"तुमचे SBI पर्सनल लोन Rs.72,763 चे पूर्व-मंजूर आहे. प्रक्रियेसाठी तुमचे बँक खाते आणि आधार तपशील शेअर करा.",No,No,No
spam,"Post Matric Scholarship अलर्ट: तुम्ही योजनेअंतर्गत Rs.3,781 साठी पात्र आहात. दावा करण्यासाठी तुमचा आधार आणि बँक खाते क्रमांक शेअर करा.",No,No,No
spam,National Scholarship Portal: तुमचा शिष्यवृत्ती लाभ Rs.910 ट्रान्सफरसाठी तयार आहे. मिळवण्यासाठी तुमची बँक पासबुक माहिती सबमिट करा.,No,No,No
spam,"माफ करा, मी चुकून चुकीच्या नंबरवर Rs.6,950 ट्रान्सफर केले, हे तुमचे खाते वाटते. कृपया rlupauzv@ibl वर परत पाठवा.",No,No,No
spam,"चुकून माझ्या खात्यातून तुमच्या खात्यात Rs.885 ट्रान्सफर झाले आहेत, लवकरात लवकर studqqwc@axl वर रिफंड करा.",No,No,No
spam,"अभिनंदन, PM Kisan Samman Nidhi अंतर्गत तुमचा अर्ज Rs.2,228 साठी मंजूर झाला आहे. वितरणासाठी तुमची बँक माहिती पाठवा.",No,No,No
spam,"मी चुकून तुमच्या Paytm वर Rs.51,505 पाठवले, कृपया हे या UPI ID वर परत करा: lsljfobe76@axl",No,No,No
spam,"तुमचे HDFC Bank पर्सनल लोन Rs.7,098 चे पूर्व-मंजूर आहे. प्रक्रियेसाठी तुमचे बँक खाते आणि आधार तपशील शेअर करा.",No,No,No
spam,"PM Ujjwala Yojana: तुमचा शिष्यवृत्ती लाभ Rs.3,526 ट्रान्सफरसाठी तयार आहे. मिळवण्यासाठी तुमची बँक पासबुक माहिती सबमिट करा.",No,No,No
spam,"अभिनंदन, PM Ujjwala Yojana अंतर्गत तुमचा अर्ज Rs.7,675 साठी मंजूर झाला आहे. वितरणासाठी तुमची बँक माहिती पाठवा.",No,No,No
spam,"माफ करा, मी चुकून चुकीच्या नंबरवर Rs.16,788 ट्रान्सफर केले, हे तुमचे खाते वाटते. कृपया drimf47@ybl वर परत पाठवा.",No,No,No
spam,"Ayushman Bharat: तुमचा शिष्यवृत्ती लाभ Rs.2,316 ट्रान्सफरसाठी तयार आहे. मिळवण्यासाठी तुमची बँक पासबुक माहिती सबमिट करा.",No,No,No
spam,"हाय, मला वाटते मी दुसऱ्याला पेमेंट करताना चुकून तुम्हाला Rs.587 पाठवले. कृपया aojjnpw71@ibl वर परत पाठवा, धन्यवाद.",No,No,No
spam,"मी चुकून तुमच्या Paytm वर Rs.41,438 पाठवले, कृपया हे या UPI ID वर परत करा: zpieo51@okhdfcbank",No,No,No
spam,"हाय, मला वाटते मी दुसऱ्याला पेमेंट करताना चुकून तुम्हाला Rs.5,453 पाठवले. कृपया yffftugz@ibl वर परत पाठवा, धन्यवाद.",No,No,No
spam,"चुकून माझ्या खात्यातून तुमच्या खात्यात Rs.849 ट्रान्सफर झाले आहेत, लवकरात लवकर xpvgx@axl वर रिफंड करा.",No,No,No
spam,State Scholarship Scheme अलर्ट: तुम्ही योजनेअंतर्गत Rs.501 साठी पात्र आहात. दावा करण्यासाठी तुमचा आधार आणि बँक खाते क्रमांक शेअर करा.,No,No,No
spam,"मी चुकून तुमच्या Amazon Pay वर Rs.20,860 पाठवले, कृपया हे या UPI ID वर परत करा: icogvva@okicici",No,No,No
spam,"माफ करा, मी चुकून चुकीच्या नंबरवर Rs.656 ट्रान्सफर केले, हे तुमचे खाते वाटते. कृपया mogek@ybl वर परत पाठवा.",No,No,No
spam,"चुकून माझ्या खात्यातून तुमच्या खात्यात Rs.582 ट्रान्सफर झाले आहेत, लवकरात लवकर pxyqr@ybl वर रिफंड करा.",No,No,No
spam,"माफ करा, मी चुकून चुकीच्या नंबरवर Rs.4,987 ट्रान्सफर केले, हे तुमचे खाते वाटते. कृपया orrecyis@axl वर परत पाठवा.",No,No,No
spam,"Post Matric Scholarship अलर्ट: तुम्ही योजनेअंतर्गत Rs.9,585 साठी पात्र आहात. दावा करण्यासाठी तुमचा आधार आणि बँक खाते क्रमांक शेअर करा.",No,No,No
spam,"माफ करा, मी चुकून चुकीच्या नंबरवर Rs.7,113 ट्रान्सफर केले, हे तुमचे खाते वाटते. कृपया fkhubshb76@okhdfcbank वर परत पाठवा.",No,No,No
spam,"अभिनंदन, PMAY अंतर्गत तुमचा अर्ज Rs.617 साठी मंजूर झाला आहे. वितरणासाठी तुमची बँक माहिती पाठवा.",No,No,No
spam,"मी चुकून तुमच्या PhonePe वर Rs.25,279 पाठवले, कृपया हे या UPI ID वर परत करा: ahppds15@oksbi",No,No,No
spam,"अभिनंदन, PMAY अंतर्गत तुमचा अर्ज Rs.977 साठी मंजूर झाला आहे. वितरणासाठी तुमची बँक माहिती पाठवा.",No,No,No
spam,"चुकून माझ्या खात्यातून तुमच्या खात्यात Rs.815 ट्रान्सफर झाले आहेत, लवकरात लवकर syopqkxn@axl वर रिफंड करा.",No,No,No
spam,"तुमचे Kotak Mahindra Bank पर्सनल लोन Rs.6,842 चे पूर्व-मंजूर आहे. प्रक्रियेसाठी तुमचे बँक खाते आणि आधार तपशील शेअर करा.",No,No,No
spam,State Scholarship Scheme: तुमचा शिष्यवृत्ती लाभ Rs.709 ट्रान्सफरसाठी तयार आहे. मिळवण्यासाठी तुमची बँक पासबुक माहिती सबमिट करा.,No,No,No
spam,"मी चुकून तुमच्या Google Pay वर Rs.8,183 पाठवले, कृपया हे या UPI ID वर परत करा: lgbqlwkj28@axl",No,No,No
spam,"मी चुकून तुमच्या Google Pay वर Rs.20,729 पाठवले, कृपया हे या UPI ID वर परत करा: psgbjpqj@oksbi",No,No,No
spam,"तुमचे Kotak Mahindra Bank पर्सनल लोन Rs.53,663 चे पूर्व-मंजूर आहे. प्रक्रियेसाठी तुमचे बँक खाते आणि आधार तपशील शेअर करा.",No,No,No
spam,"अभिनंदन, PMAY अंतर्गत तुमचा अर्ज Rs.503 साठी मंजूर झाला आहे. वितरणासाठी तुमची बँक माहिती पाठवा.",No,No,No
spam,"माफ करा, मी चुकून चुकीच्या नंबरवर Rs.37,041 ट्रान्सफर केले, हे तुमचे खाते वाटते. कृपया izoklu99@okhdfcbank वर परत पाठवा.",No,No,No
spam,"PM Ujjwala Yojana अलर्ट: तुम्ही योजनेअंतर्गत Rs.8,642 साठी पात्र आहात. दावा करण्यासाठी तुमचा आधार आणि बँक खाते क्रमांक शेअर करा.",No,No,No
spam,"हाय, मला वाटते मी दुसऱ्याला पेमेंट करताना चुकून तुम्हाला Rs.897 पाठवले. कृपया wltai@paytm वर परत पाठवा, धन्यवाद.",No,No,No
spam,Ayushman Bharat अलर्ट: तुम्ही योजनेअंतर्गत Rs.647 साठी पात्र आहात. दावा करण्यासाठी तुमचा आधार आणि बँक खाते क्रमांक शेअर करा.,No,No,No
spam,तुम्हाला Wipro सोबत वर्क-फ्रॉम-होम जॉबसाठी निवडले आहे. Rs.816 चा जॉइनिंग बोनस मिळवण्यासाठी तुमची बँक माहिती शेअर करा.,No,No,No
spam,"मी चुकून तुमच्या Amazon Pay वर Rs.740 पाठवले, कृपया हे या UPI ID वर परत करा: nhdsxmd41@axl",No,No,No
spam,तुमचे Punjab National Bank पर्सनल लोन Rs.735 चे पूर्व-मंजूर आहे. प्रक्रियेसाठी तुमचे बँक खाते आणि आधार तपशील शेअर करा.,No,No,No
spam,"मी चुकून तुमच्या Google Pay वर Rs.73,383 पाठवले, कृपया हे या UPI ID वर परत करा: vhlheqsj71@axl",No,No,No
spam,"मी चुकून तुमच्या Paytm वर Rs.11,646 पाठवले, कृपया हे या UPI ID वर परत करा: qnnipbk19@ibl",No,No,No
spam,तुमच्या विमा पॉलिसीची मुदतपूर्ती रक्कम Rs.596 तयार आहे. पेमेंट मिळवण्यासाठी तुमची बँक पासबुक माहिती पाठवा.,No,No,No
spam,"PMAY अलर्ट: तुम्ही योजनेअंतर्गत Rs.40,022 साठी पात्र आहात. दावा करण्यासाठी तुमचा आधार आणि बँक खाते क्रमांक शेअर करा.",No,No,No
spam,LPG Subsidy Scheme: तुमचा शिष्यवृत्ती लाभ Rs.959 ट्रान्सफरसाठी तयार आहे. मिळवण्यासाठी तुमची बँक पासबुक माहिती सबमिट करा.,No,No,No
spam,"माफ करा, मी चुकून चुकीच्या नंबरवर Rs.832 ट्रान्सफर केले, हे तुमचे खाते वाटते. कृपया clktjccd23@ibl वर परत पाठवा.",No,No,No
spam,"State Scholarship Scheme: तुमचा शिष्यवृत्ती लाभ Rs.63,601 ट्रान्सफरसाठी तयार आहे. मिळवण्यासाठी तुमची बँक पासबुक माहिती सबमिट करा.",No,No,No
spam,"माफ करा, मी चुकून चुकीच्या नंबरवर Rs.693 ट्रान्सफर केले, हे तुमचे खाते वाटते. कृपया gkaoc27@axl वर परत पाठवा.",No,No,No
spam,"माफ करा, मी चुकून चुकीच्या नंबरवर Rs.30,187 ट्रान्सफर केले, हे तुमचे खाते वाटते. कृपया ihgpqs24@axl वर परत पाठवा.",No,No,No
spam,"तुम्हाला TCS सोबत वर्क-फ्रॉम-होम जॉबसाठी निवडले आहे. Rs.4,061 चा जॉइनिंग बोनस मिळवण्यासाठी तुमची बँक माहिती शेअर करा.",No,No,No
spam,"मी चुकून तुमच्या PhonePe वर Rs.8,637 पाठवले, कृपया हे या UPI ID वर परत करा: fsvsxuda@ybl",No,No,No
spam,"अभिनंदन, PM Ujjwala Yojana अंतर्गत तुमचा अर्ज Rs.32,833 साठी मंजूर झाला आहे. वितरणासाठी तुमची बँक माहिती पाठवा.",No,No,No
spam,"तुमचे Bank of Baroda पर्सनल लोन Rs.57,809 चे पूर्व-मंजूर आहे. प्रक्रियेसाठी तुमचे बँक खाते आणि आधार तपशील शेअर करा.",No,No,No
spam,"तुमच्या विमा पॉलिसीची मुदतपूर्ती रक्कम Rs.7,545 तयार आहे. पेमेंट मिळवण्यासाठी तुमची बँक पासबुक माहिती पाठवा.",No,No,No
spam,"अभिनंदन, National Scholarship Portal अंतर्गत तुमचा अर्ज Rs.798 साठी मंजूर झाला आहे. वितरणासाठी तुमची बँक माहिती पाठवा.",No,No,No
spam,"चुकून माझ्या खात्यातून तुमच्या खात्यात Rs.59,582 ट्रान्सफर झाले आहेत, लवकरात लवकर bdtbhc85@okicici वर रिफंड करा.",No,No,No
spam,"तुमच्या विमा पॉलिसीची मुदतपूर्ती रक्कम Rs.8,485 तयार आहे. पेमेंट मिळवण्यासाठी तुमची बँक पासबुक माहिती पाठवा.",No,No,No
spam,"हाय, मला वाटते मी दुसऱ्याला पेमेंट करताना चुकून तुम्हाला Rs.742 पाठवले. कृपया rckxzpq71@paytm वर परत पाठवा, धन्यवाद.",No,No,No
spam,"Post Matric Scholarship अलर्ट: तुम्ही योजनेअंतर्गत Rs.76,239 साठी पात्र आहात. दावा करण्यासाठी तुमचा आधार आणि बँक खाते क्रमांक शेअर करा.",No,No,No
spam,तुमच्या विमा पॉलिसीची मुदतपूर्ती रक्कम Rs.517 तयार आहे. पेमेंट मिळवण्यासाठी तुमची बँक पासबुक माहिती पाठवा.,No,No,No
spam,"मी चुकून तुमच्या Google Pay वर Rs.873 पाठवले, कृपया हे या UPI ID वर परत करा: vqfnzbe@okicici",No,No,No
spam,"मी चुकून तुमच्या PhonePe वर Rs.765 पाठवले, कृपया हे या UPI ID वर परत करा: tdyqpo86@okhdfcbank",No,No,No
spam,National Scholarship Portal अलर्ट: तुम्ही योजनेअंतर्गत Rs.602 साठी पात्र आहात. दावा करण्यासाठी तुमचा आधार आणि बँक खाते क्रमांक शेअर करा.,No,No,No
spam,"अभिनंदन, PMAY अंतर्गत तुमचा अर्ज Rs.20,271 साठी मंजूर झाला आहे. वितरणासाठी तुमची बँक माहिती पाठवा.",No,No,No
spam,"माफ करा, मी चुकून चुकीच्या नंबरवर Rs.66,094 ट्रान्सफर केले, हे तुमचे खाते वाटते. कृपया jxzcgmyy@paytm वर परत पाठवा.",No,No,No
spam,"अभिनंदन, PM Kisan Samman Nidhi अंतर्गत तुमचा अर्ज Rs.836 साठी मंजूर झाला आहे. वितरणासाठी तुमची बँक माहिती पाठवा.",No,No,No
spam,तुम्हाला HCL सोबत वर्क-फ्रॉम-होम जॉबसाठी निवडले आहे. Rs.784 चा जॉइनिंग बोनस मिळवण्यासाठी तुमची बँक माहिती शेअर करा.,No,No,No
spam,"हाय, मला वाटते मी दुसऱ्याला पेमेंट करताना चुकून तुम्हाला Rs.5,923 पाठवले. कृपया qrcrnljr@okicici वर परत पाठवा, धन्यवाद.",No,No,No
spam,"तुमचे Bank of Baroda पर्सनल लोन Rs.9,416 चे पूर्व-मंजूर आहे. प्रक्रियेसाठी तुमचे बँक खाते आणि आधार तपशील शेअर करा.",No,No,No
spam,"अभिनंदन, LPG Subsidy Scheme अंतर्गत तुमचा अर्ज Rs.6,978 साठी मंजूर झाला आहे. वितरणासाठी तुमची बँक माहिती पाठवा.",No,No,No
spam,"अभिनंदन, PM Kisan Samman Nidhi अंतर्गत तुमचा अर्ज Rs.7,198 साठी मंजूर झाला आहे. वितरणासाठी तुमची बँक माहिती पाठवा.",No,No,No
spam,National Scholarship Portal: तुमचा शिष्यवृत्ती लाभ Rs.564 ट्रान्सफरसाठी तयार आहे. मिळवण्यासाठी तुमची बँक पासबुक माहिती सबमिट करा.,No,No,No
spam,"तुमचे HDFC Bank पर्सनल लोन Rs.6,058 चे पूर्व-मंजूर आहे. प्रक्रियेसाठी तुमचे बँक खाते आणि आधार तपशील शेअर करा.",No,No,No
spam,National Scholarship Portal: तुमचा शिष्यवृत्ती लाभ Rs.539 ट्रान्सफरसाठी तयार आहे. मिळवण्यासाठी तुमची बँक पासबुक माहिती सबमिट करा.,No,No,No
spam,"मी चुकून तुमच्या PhonePe वर Rs.953 पाठवले, कृपया हे या UPI ID वर परत करा: knklgkwd@paytm",No,No,No
spam,"तुमच्या विमा पॉलिसीची मुदतपूर्ती रक्कम Rs.4,827 तयार आहे. पेमेंट मिळवण्यासाठी तुमची बँक पासबुक माहिती पाठवा.",No,No,No
spam,"मी चुकून तुमच्या Google Pay वर Rs.77,788 पाठवले, कृपया हे या UPI ID वर परत करा: rknlwau80@oksbi",No,No,No
spam,"अभिनंदन, Ayushman Bharat अंतर्गत तुमचा अर्ज Rs.61,338 साठी मंजूर झाला आहे. वितरणासाठी तुमची बँक माहिती पाठवा.",No,No,No
spam,"हाय, मला वाटते मी दुसऱ्याला पेमेंट करताना चुकून तुम्हाला Rs.690 पाठवले. कृपया eflgnblo28@ibl वर परत पाठवा, धन्यवाद.",No,No,No
spam,"चुकून माझ्या खात्यातून तुमच्या खात्यात Rs.655 ट्रान्सफर झाले आहेत, लवकरात लवकर dsktlmfs@okicici वर रिफंड करा.",No,No,No
spam,"तुमचे Punjab National Bank पर्सनल लोन Rs.5,686 चे पूर्व-मंजूर आहे. प्रक्रियेसाठी तुमचे बँक खाते आणि आधार तपशील शेअर करा.",No,No,No
spam,"Ayushman Bharat अलर्ट: तुम्ही योजनेअंतर्गत Rs.2,600 साठी पात्र आहात. दावा करण्यासाठी तुमचा आधार आणि बँक खाते क्रमांक शेअर करा.",No,No,No
spam,"तुमचे SBI पर्सनल लोन Rs.1,131 चे पूर्व-मंजूर आहे. प्रक्रियेसाठी तुमचे बँक खाते आणि आधार तपशील शेअर करा.",No,No,No
spam,"तुमच्या विमा पॉलिसीची मुदतपूर्ती रक्कम Rs.98,862 तयार आहे. पेमेंट मिळवण्यासाठी तुमची बँक पासबुक माहिती पाठवा.",No,No,No
spam,"हाय, मला वाटते मी दुसऱ्याला पेमेंट करताना चुकून तुम्हाला Rs.672 पाठवले. कृपया dcyfqh@okhdfcbank वर परत पाठवा, धन्यवाद.",No,No,No
spam,"LPG Subsidy Scheme अलर्ट: तुम्ही योजनेअंतर्गत Rs.9,565 साठी पात्र आहात. दावा करण्यासाठी तुमचा आधार आणि बँक खाते क्रमांक शेअर करा.",No,No,No
spam,"चुकून माझ्या खात्यातून तुमच्या खात्यात Rs.89,549 ट्रान्सफर झाले आहेत, लवकरात लवकर igdpxhlx77@ybl वर रिफंड करा.",No,No,No
spam,"चुकून माझ्या खात्यातून तुमच्या खात्यात Rs.653 ट्रान्सफर झाले आहेत, लवकरात लवकर ftydypto@okicici वर रिफंड करा.",No,No,No
spam,"तुम्हाला HCL सोबत वर्क-फ्रॉम-होम जॉबसाठी निवडले आहे. Rs.85,037 चा जॉइनिंग बोनस मिळवण्यासाठी तुमची बँक माहिती शेअर करा.",No,No,No
spam,तुमचे Bank of Baroda पर्सनल लोन Rs.670 चे पूर्व-मंजूर आहे. प्रक्रियेसाठी तुमचे बँक खाते आणि आधार तपशील शेअर करा.,No,No,No
spam,"माफ करा, मी चुकून चुकीच्या नंबरवर Rs.8,343 ट्रान्सफर केले, हे तुमचे खाते वाटते. कृपया chltzfr@axl वर परत पाठवा.",No,No,No
spam,"माफ करा, मी चुकून चुकीच्या नंबरवर Rs.66,158 ट्रान्सफर केले, हे तुमचे खाते वाटते. कृपया qcfny@ibl वर परत पाठवा.",No,No,No
spam,"PM Ujjwala Yojana अलर्ट: तुम्ही योजनेअंतर्गत Rs.9,257 साठी पात्र आहात. दावा करण्यासाठी तुमचा आधार आणि बँक खाते क्रमांक शेअर करा.",No,No,No
spam,"अभिनंदन, PM Ujjwala Yojana अंतर्गत तुमचा अर्ज Rs.1,536 साठी मंजूर झाला आहे. वितरणासाठी तुमची बँक माहिती पाठवा.",No,No,No
spam,"तुमच्या विमा पॉलिसीची मुदतपूर्ती रक्कम Rs.22,325 तयार आहे. पेमेंट मिळवण्यासाठी तुमची बँक पासबुक माहिती पाठवा.",No,No,No
spam,तुम्हाला TCS सोबत वर्क-फ्रॉम-होम जॉबसाठी निवडले आहे. Rs.797 चा जॉइनिंग बोनस मिळवण्यासाठी तुमची बँक माहिती शेअर करा.,No,No,No
spam,"तुमचे HDFC Bank पर्सनल लोन Rs.6,659 चे पूर्व-मंजूर आहे. प्रक्रियेसाठी तुमचे बँक खाते आणि आधार तपशील शेअर करा.",No,No,No
spam,"चुकून माझ्या खात्यातून तुमच्या खात्यात Rs.39,420 ट्रान्सफर झाले आहेत, लवकरात लवकर skpwzqsg@okhdfcbank वर रिफंड करा.",No,No,No
spam,"चुकून माझ्या खात्यातून तुमच्या खात्यात Rs.85,284 ट्रान्सफर झाले आहेत, लवकरात लवकर ukxnlzom55@okhdfcbank वर रिफंड करा.",No,No,No
spam,"तुमचे ICICI Bank पर्सनल लोन Rs.87,780 चे पूर्व-मंजूर आहे. प्रक्रियेसाठी तुमचे बँक खाते आणि आधार तपशील शेअर करा.",No,No,No
spam,"Post Matric Scholarship अलर्ट: तुम्ही योजनेअंतर्गत Rs.77,743 साठी पात्र आहात. दावा करण्यासाठी तुमचा आधार आणि बँक खाते क्रमांक शेअर करा.",No,No,No
spam,"तुमच्या विमा पॉलिसीची मुदतपूर्ती रक्कम Rs.64,508 तयार आहे. पेमेंट मिळवण्यासाठी तुमची बँक पासबुक माहिती पाठवा.",No,No,No
spam,"अभिनंदन, PM Ujjwala Yojana अंतर्गत तुमचा अर्ज Rs.9,955 साठी मंजूर झाला आहे. वितरणासाठी तुमची बँक माहिती पाठवा.",No,No,No
spam,"माफ करा, मी चुकून चुकीच्या नंबरवर Rs.4,916 ट्रान्सफर केले, हे तुमचे खाते वाटते. कृपया jmrysvnf51@okhdfcbank वर परत पाठवा.",No,No,No
spam,"अभिनंदन, PMAY अंतर्गत तुमचा अर्ज Rs.39,300 साठी मंजूर झाला आहे. वितरणासाठी तुमची बँक माहिती पाठवा.",No,No,No
spam,तुमचे Punjab National Bank पर्सनल लोन Rs.966 चे पूर्व-मंजूर आहे. प्रक्रियेसाठी तुमचे बँक खाते आणि आधार तपशील शेअर करा.,No,No,No
spam,"हाय, मला वाटते मी दुसऱ्याला पेमेंट करताना चुकून तुम्हाला Rs.52,879 पाठवले. कृपया nwnnehq41@okhdfcbank वर परत पाठवा, धन्यवाद.",No,No,No
spam,"माफ करा, मी चुकून चुकीच्या नंबरवर Rs.22,066 ट्रान्सफर केले, हे तुमचे खाते वाटते. कृपया wjwgpa89@ybl वर परत पाठवा.",No,No,No
spam,"चुकून माझ्या खात्यातून तुमच्या खात्यात Rs.4,802 ट्रान्सफर झाले आहेत, लवकरात लवकर thgsg26@paytm वर रिफंड करा.",No,No,No
spam,"चुकून माझ्या खात्यातून तुमच्या खात्यात Rs.4,352 ट्रान्सफर झाले आहेत, लवकरात लवकर cdpksa@oksbi वर रिफंड करा.",No,No,No
spam,"हाय, मला वाटते मी दुसऱ्याला पेमेंट करताना चुकून तुम्हाला Rs.35,185 पाठवले. कृपया kyudz@ybl वर परत पाठवा, धन्यवाद.",No,No,No
spam,"माफ करा, मी चुकून चुकीच्या नंबरवर Rs.716 ट्रान्सफर केले, हे तुमचे खाते वाटते. कृपया rrawdf23@oksbi वर परत पाठवा.",No,No,No
spam,"तुम्हाला Reliance सोबत वर्क-फ्रॉम-होम जॉबसाठी निवडले आहे. Rs.76,632 चा जॉइनिंग बोनस मिळवण्यासाठी तुमची बँक माहिती शेअर करा.",No,No,No
spam,"अभिनंदन, PMAY अंतर्गत तुमचा अर्ज Rs.37,138 साठी मंजूर झाला आहे. वितरणासाठी तुमची बँक माहिती पाठवा.",No,No,No
spam,तुम्हाला TCS सोबत वर्क-फ्रॉम-होम जॉबसाठी निवडले आहे. Rs.731 चा जॉइनिंग बोनस मिळवण्यासाठी तुमची बँक माहिती शेअर करा.,No,No,No
spam,"चुकून माझ्या खात्यातून तुमच्या खात्यात Rs.17,597 ट्रान्सफर झाले आहेत, लवकरात लवकर juvxe@okhdfcbank वर रिफंड करा.",No,No,No
spam,"अभिनंदन, National Scholarship Portal अंतर्गत तुमचा अर्ज Rs.871 साठी मंजूर झाला आहे. वितरणासाठी तुमची बँक माहिती पाठवा.",No,No,No
spam,"तुम्हाला Reliance सोबत वर्क-फ्रॉम-होम जॉबसाठी निवडले आहे. Rs.8,581 चा जॉइनिंग बोनस मिळवण्यासाठी तुमची बँक माहिती शेअर करा.",No,No,No
spam,"अभिनंदन, PMAY अंतर्गत तुमचा अर्ज Rs.922 साठी मंजूर झाला आहे. वितरणासाठी तुमची बँक माहिती पाठवा.",No,No,No
spam,"मी चुकून तुमच्या Amazon Pay वर Rs.9,166 पाठवले, कृपया हे या UPI ID वर परत करा: rtdkenw54@okhdfcbank",No,No,No
spam,"मी चुकून तुमच्या Paytm वर Rs.9,848 पाठवले, कृपया हे या UPI ID वर परत करा: iubcy@ibl",No,No,No
spam,"PM Ujjwala Yojana अलर्ट: तुम्ही योजनेअंतर्गत Rs.7,647 साठी पात्र आहात. दावा करण्यासाठी तुमचा आधार आणि बँक खाते क्रमांक शेअर करा.",No,No,No
spam,"मी चुकून तुमच्या Paytm वर Rs.2,418 पाठवले, कृपया हे या UPI ID वर परत करा: dziife@okicici",No,No,No
spam,"मी चुकून तुमच्या Amazon Pay वर Rs.8,731 पाठवले, कृपया हे या UPI ID वर परत करा: uupemtq77@oksbi",No,No,No
spam,State Scholarship Scheme अलर्ट: तुम्ही योजनेअंतर्गत Rs.793 साठी पात्र आहात. दावा करण्यासाठी तुमचा आधार आणि बँक खाते क्रमांक शेअर करा.,No,No,No
spam,तुम्हाला HCL सोबत वर्क-फ्रॉम-होम जॉबसाठी निवडले आहे. Rs.859 चा जॉइनिंग बोनस मिळवण्यासाठी तुमची बँक माहिती शेअर करा.,No,No,No
spam,"मी चुकून तुमच्या Google Pay वर Rs.14,614 पाठवले, कृपया हे या UPI ID वर परत करा: wxphs@okhdfcbank",No,No,No
spam,"तुम्हाला Reliance सोबत वर्क-फ्रॉम-होम जॉबसाठी निवडले आहे. Rs.3,370 चा जॉइनिंग बोनस मिळवण्यासाठी तुमची बँक माहिती शेअर करा.",No,No,No
spam,"मी चुकून तुमच्या Amazon Pay वर Rs.20,770 पाठवले, कृपया हे या UPI ID वर परत करा: trknac@okicici",No,No,No
spam,"National Scholarship Portal अलर्ट: तुम्ही योजनेअंतर्गत Rs.6,941 साठी पात्र आहात. दावा करण्यासाठी तुमचा आधार आणि बँक खाते क्रमांक शेअर करा.",No,No,No
spam,"अभिनंदन, State Scholarship Scheme अंतर्गत तुमचा अर्ज Rs.757 साठी मंजूर झाला आहे. वितरणासाठी तुमची बँक माहिती पाठवा.",No,No,No
spam,"तुमच्या विमा पॉलिसीची मुदतपूर्ती रक्कम Rs.3,623 तयार आहे. पेमेंट मिळवण्यासाठी तुमची बँक पासबुक माहिती पाठवा.",No,No,No
spam,"तुमच्या विमा पॉलिसीची मुदतपूर्ती रक्कम Rs.5,800 तयार आहे. पेमेंट मिळवण्यासाठी तुमची बँक पासबुक माहिती पाठवा.",No,No,No
spam,"तुमच्या विमा पॉलिसीची मुदतपूर्ती रक्कम Rs.7,434 तयार आहे. पेमेंट मिळवण्यासाठी तुमची बँक पासबुक माहिती पाठवा.",No,No,No
spam,तुम्हाला Amazon सोबत वर्क-फ्रॉम-होम जॉबसाठी निवडले आहे. Rs.801 चा जॉइनिंग बोनस मिळवण्यासाठी तुमची बँक माहिती शेअर करा.,No,No,No
spam,"अभिनंदन, Post Matric Scholarship अंतर्गत तुमचा अर्ज Rs.18,777 साठी मंजूर झाला आहे. वितरणासाठी तुमची बँक माहिती पाठवा.",No,No,No
spam,"मी चुकून तुमच्या Google Pay वर Rs.532 पाठवले, कृपया हे या UPI ID वर परत करा: unserd@okhdfcbank",No,No,No
spam,"माफ करा, मी चुकून चुकीच्या नंबरवर Rs.12,305 ट्रान्सफर केले, हे तुमचे खाते वाटते. कृपया afzabn@ybl वर परत पाठवा.",No,No,No
spam,"चुकून माझ्या खात्यातून तुमच्या खात्यात Rs.917 ट्रान्सफर झाले आहेत, लवकरात लवकर moxatof72@okicici वर रिफंड करा.",No,No,No
spam,"तुमच्या विमा पॉलिसीची मुदतपूर्ती रक्कम Rs.48,876 तयार आहे. पेमेंट मिळवण्यासाठी तुमची बँक पासबुक माहिती पाठवा.",No,No,No
spam,"माफ करा, मी चुकून चुकीच्या नंबरवर Rs.2,457 ट्रान्सफर केले, हे तुमचे खाते वाटते. कृपया jypjip@oksbi वर परत पाठवा.",No,No,No
spam,"हाय, मला वाटते मी दुसऱ्याला पेमेंट करताना चुकून तुम्हाला Rs.7,465 पाठवले. कृपया ebyigmba38@okicici वर परत पाठवा, धन्यवाद.",No,No,No
spam,"हाय, मला वाटते मी दुसऱ्याला पेमेंट करताना चुकून तुम्हाला Rs.13,366 पाठवले. कृपया wzhcqda@ybl वर परत पाठवा, धन्यवाद.",No,No,No
spam,"हाय, मला वाटते मी दुसऱ्याला पेमेंट करताना चुकून तुम्हाला Rs.628 पाठवले. कृपया nyukhfq@ybl वर परत पाठवा, धन्यवाद.",No,No,No
spam,"Ayushman Bharat अलर्ट: तुम्ही योजनेअंतर्गत Rs.5,005 साठी पात्र आहात. दावा करण्यासाठी तुमचा आधार आणि बँक खाते क्रमांक शेअर करा.",No,No,No
spam,"मी चुकून तुमच्या Paytm वर Rs.98,460 पाठवले, कृपया हे या UPI ID वर परत करा: yhvtkz73@axl",No,No,No
spam,"अभिनंदन, PMAY अंतर्गत तुमचा अर्ज Rs.2,211 साठी मंजूर झाला आहे. वितरणासाठी तुमची बँक माहिती पाठवा.",No,No,No
spam,"तुमच्या विमा पॉलिसीची मुदतपूर्ती रक्कम Rs.9,866 तयार आहे. पेमेंट मिळवण्यासाठी तुमची बँक पासबुक माहिती पाठवा.",No,No,No
spam,"हाय, मला वाटते मी दुसऱ्याला पेमेंट करताना चुकून तुम्हाला Rs.531 पाठवले. कृपया mnckx29@oksbi वर परत पाठवा, धन्यवाद.",No,No,No
spam,"हाय, मला वाटते मी दुसऱ्याला पेमेंट करताना चुकून तुम्हाला Rs.559 पाठवले. कृपया msvtzk59@axl वर परत पाठवा, धन्यवाद.",No,No,No
spam,"माफ करा, मी चुकून चुकीच्या नंबरवर Rs.934 ट्रान्सफर केले, हे तुमचे खाते वाटते. कृपया rdfmlk87@okicici वर परत पाठवा.",No,No,No
spam,"मी चुकून तुमच्या Google Pay वर Rs.998 पाठवले, कृपया हे या UPI ID वर परत करा: jyodjgm81@axl",No,No,No
spam,"हाय, मला वाटते मी दुसऱ्याला पेमेंट करताना चुकून तुम्हाला Rs.569 पाठवले. कृपया yzyibzg65@okhdfcbank वर परत पाठवा, धन्यवाद.",No,No,No
spam,PM Kisan Samman Nidhi अलर्ट: तुम्ही योजनेअंतर्गत Rs.779 साठी पात्र आहात. दावा करण्यासाठी तुमचा आधार आणि बँक खाते क्रमांक शेअर करा.,No,No,No
spam,"तुमच्या विमा पॉलिसीची मुदतपूर्ती रक्कम Rs.20,195 तयार आहे. पेमेंट मिळवण्यासाठी तुमची बँक पासबुक माहिती पाठवा.",No,No,No
spam,"तुमचे Bank of Baroda पर्सनल लोन Rs.9,708 चे पूर्व-मंजूर आहे. प्रक्रियेसाठी तुमचे बँक खाते आणि आधार तपशील शेअर करा.",No,No,No
spam,"तुमचे Axis Bank पर्सनल लोन Rs.55,250 चे पूर्व-मंजूर आहे. प्रक्रियेसाठी तुमचे बँक खाते आणि आधार तपशील शेअर करा.",No,No,No
spam,"National Scholarship Portal अलर्ट: तुम्ही योजनेअंतर्गत Rs.61,960 साठी पात्र आहात. दावा करण्यासाठी तुमचा आधार आणि बँक खाते क्रमांक शेअर करा.",No,No,No
spam,LPG Subsidy Scheme: तुमचा शिष्यवृत्ती लाभ Rs.807 ट्रान्सफरसाठी तयार आहे. मिळवण्यासाठी तुमची बँक पासबुक माहिती सबमिट करा.,No,No,No
spam,"अभिनंदन, National Scholarship Portal अंतर्गत तुमचा अर्ज Rs.85,884 साठी मंजूर झाला आहे. वितरणासाठी तुमची बँक माहिती पाठवा.",No,No,No
spam,"तुमचे Kotak Mahindra Bank पर्सनल लोन Rs.29,094 चे पूर्व-मंजूर आहे. प्रक्रियेसाठी तुमचे बँक खाते आणि आधार तपशील शेअर करा.",No,No,No
spam,"PM Ujjwala Yojana: तुमचा शिष्यवृत्ती लाभ Rs.5,544 ट्रान्सफरसाठी तयार आहे. मिळवण्यासाठी तुमची बँक पासबुक माहिती सबमिट करा.",No,No,No
spam,"तुमचे Canara Bank पर्सनल लोन Rs.5,860 चे पूर्व-मंजूर आहे. प्रक्रियेसाठी तुमचे बँक खाते आणि आधार तपशील शेअर करा.",No,No,No
spam,"चुकून माझ्या खात्यातून तुमच्या खात्यात Rs.1,141 ट्रान्सफर झाले आहेत, लवकरात लवकर xrdbxci@ybl वर रिफंड करा.",No,No,No
spam,"LPG Subsidy Scheme अलर्ट: तुम्ही योजनेअंतर्गत Rs.7,922 साठी पात्र आहात. दावा करण्यासाठी तुमचा आधार आणि बँक खाते क्रमांक शेअर करा.",No,No,No
spam,"अभिनंदन, Post Matric Scholarship अंतर्गत तुमचा अर्ज Rs.84,577 साठी मंजूर झाला आहे. वितरणासाठी तुमची बँक माहिती पाठवा.",No,No,No
spam,"हाय, मला वाटते मी दुसऱ्याला पेमेंट करताना चुकून तुम्हाला Rs.55,025 पाठवले. कृपया llrdgob@ybl वर परत पाठवा, धन्यवाद.",No,No,No
spam,"हाय, मला वाटते मी दुसऱ्याला पेमेंट करताना चुकून तुम्हाला Rs.36,742 पाठवले. कृपया qjceqtyl@paytm वर परत पाठवा, धन्यवाद.",No,No,No
spam,"अभिनंदन, PMAY अंतर्गत तुमचा अर्ज Rs.9,061 साठी मंजूर झाला आहे. वितरणासाठी तुमची बँक माहिती पाठवा.",No,No,No
spam,तुमचे ICICI Bank पर्सनल लोन Rs.975 चे पूर्व-मंजूर आहे. प्रक्रियेसाठी तुमचे बँक खाते आणि आधार तपशील शेअर करा.,No,No,No
spam,"PMAY: तुमचा शिष्यवृत्ती लाभ Rs.34,600 ट्रान्सफरसाठी तयार आहे. मिळवण्यासाठी तुमची बँक पासबुक माहिती सबमिट करा.",No,No,No
spam,तुम्हाला Reliance सोबत वर्क-फ्रॉम-होम जॉबसाठी निवडले आहे. Rs.847 चा जॉइनिंग बोनस मिळवण्यासाठी तुमची बँक माहिती शेअर करा.,No,No,No
spam,"मी चुकून तुमच्या Google Pay वर Rs.75,600 पाठवले, कृपया हे या UPI ID वर परत करा: jucmd@ybl",No,No,No
spam,"तुमच्या विमा पॉलिसीची मुदतपूर्ती रक्कम Rs.69,686 तयार आहे. पेमेंट मिळवण्यासाठी तुमची बँक पासबुक माहिती पाठवा.",No,No,No
spam,"हाय, मला वाटते मी दुसऱ्याला पेमेंट करताना चुकून तुम्हाला Rs.7,060 पाठवले. कृपया jcnkns@okicici वर परत पाठवा, धन्यवाद.",No,No,No
spam,"चुकून माझ्या खात्यातून तुमच्या खात्यात Rs.4,399 ट्रान्सफर झाले आहेत, लवकरात लवकर msjbtrs96@ybl वर रिफंड करा.",No,No,No
spam,"PMAY अलर्ट: तुम्ही योजनेअंतर्गत Rs.7,305 साठी पात्र आहात. दावा करण्यासाठी तुमचा आधार आणि बँक खाते क्रमांक शेअर करा.",No,No,No
spam,"हाय, मला वाटते मी दुसऱ्याला पेमेंट करताना चुकून तुम्हाला Rs.28,515 पाठवले. कृपया vyvhzk@okhdfcbank वर परत पाठवा, धन्यवाद.",No,No,No
spam,"मी चुकून तुमच्या Amazon Pay वर Rs.942 पाठवले, कृपया हे या UPI ID वर परत करा: vpfhl36@oksbi",No,No,No
spam,"LPG Subsidy Scheme: तुमचा शिष्यवृत्ती लाभ Rs.48,793 ट्रान्सफरसाठी तयार आहे. मिळवण्यासाठी तुमची बँक पासबुक माहिती सबमिट करा.",No,No,No
spam,"अभिनंदन, PMAY अंतर्गत तुमचा अर्ज Rs.2,292 साठी मंजूर झाला आहे. वितरणासाठी तुमची बँक माहिती पाठवा.",No,No,No
spam,"मी चुकून तुमच्या Google Pay वर Rs.39,955 पाठवले, कृपया हे या UPI ID वर परत करा: igpyhx@paytm",No,No,No
spam,"हाय, मला वाटते मी दुसऱ्याला पेमेंट करताना चुकून तुम्हाला Rs.58,303 पाठवले. कृपया ejzhsbk46@okhdfcbank वर परत पाठवा, धन्यवाद.",No,No,No
spam,"अभिनंदन, PMAY अंतर्गत तुमचा अर्ज Rs.780 साठी मंजूर झाला आहे. वितरणासाठी तुमची बँक माहिती पाठवा.",No,No,No
spam,"मी चुकून तुमच्या PhonePe वर Rs.62,784 पाठवले, कृपया हे या UPI ID वर परत करा: qxjul@oksbi",No,No,No
spam,"हाय, मला वाटते मी दुसऱ्याला पेमेंट करताना चुकून तुम्हाला Rs.4,443 पाठवले. कृपया gdocbh@ibl वर परत पाठवा, धन्यवाद.",No,No,No
spam,"चुकून माझ्या खात्यातून तुमच्या खात्यात Rs.606 ट्रान्सफर झाले आहेत, लवकरात लवकर aarwch@paytm वर रिफंड करा.",No,No,No
spam,"चुकून माझ्या खात्यातून तुमच्या खात्यात Rs.582 ट्रान्सफर झाले आहेत, लवकरात लवकर pqxkt@paytm वर रिफंड करा.",No,No,No
spam,"माफ करा, मी चुकून चुकीच्या नंबरवर Rs.56,832 ट्रान्सफर केले, हे तुमचे खाते वाटते. कृपया xigdf@axl वर परत पाठवा.",No,No,No
spam,"PMAY अलर्ट: तुम्ही योजनेअंतर्गत Rs.7,527 साठी पात्र आहात. दावा करण्यासाठी तुमचा आधार आणि बँक खाते क्रमांक शेअर करा.",No,No,No
spam,"तुमच्या विमा पॉलिसीची मुदतपूर्ती रक्कम Rs.9,276 तयार आहे. पेमेंट मिळवण्यासाठी तुमची बँक पासबुक माहिती पाठवा.",No,No,No
spam,"State Scholarship Scheme अलर्ट: तुम्ही योजनेअंतर्गत Rs.64,990 साठी पात्र आहात. दावा करण्यासाठी तुमचा आधार आणि बँक खाते क्रमांक शेअर करा.",No,No,No
spam,"National Scholarship Portal अलर्ट: तुम्ही योजनेअंतर्गत Rs.4,175 साठी पात्र आहात. दावा करण्यासाठी तुमचा आधार आणि बँक खाते क्रमांक शेअर करा.",No,No,No
spam,"चुकून माझ्या खात्यातून तुमच्या खात्यात Rs.6,140 ट्रान्सफर झाले आहेत, लवकरात लवकर aehsv@ybl वर रिफंड करा.",No,No,No
spam,तुम्हाला Flipkart सोबत वर्क-फ्रॉम-होम जॉबसाठी निवडले आहे. Rs.901 चा जॉइनिंग बोनस मिळवण्यासाठी तुमची बँक माहिती शेअर करा.,No,No,No
spam,तुमच्या विमा पॉलिसीची मुदतपूर्ती रक्कम Rs.709 तयार आहे. पेमेंट मिळवण्यासाठी तुमची बँक पासबुक माहिती पाठवा.,No,No,No
spam,"मी चुकून तुमच्या PhonePe वर Rs.566 पाठवले, कृपया हे या UPI ID वर परत करा: mshqgjz@axl",No,No,No
spam,"अभिनंदन, PM Kisan Samman Nidhi अंतर्गत तुमचा अर्ज Rs.6,177 साठी मंजूर झाला आहे. वितरणासाठी तुमची बँक माहिती पाठवा.",No,No,No
spam,"हाय, मला वाटते मी दुसऱ्याला पेमेंट करताना चुकून तुम्हाला Rs.57,281 पाठवले. कृपया eiopy@ibl वर परत पाठवा, धन्यवाद.",No,No,No
spam,"मी चुकून तुमच्या Paytm वर Rs.3,649 पाठवले, कृपया हे या UPI ID वर परत करा: kxpqrhzs@oksbi",No,No,No
spam,"मी चुकून तुमच्या PhonePe वर Rs.47,903 पाठवले, कृपया हे या UPI ID वर परत करा: mqgcfsxs67@paytm",No,No,No
spam,"मी चुकून तुमच्या Amazon Pay वर Rs.681 पाठवले, कृपया हे या UPI ID वर परत करा: ageyya@paytm",No,No,No
spam,"चुकून माझ्या खात्यातून तुमच्या खात्यात Rs.98,281 ट्रान्सफर झाले आहेत, लवकरात लवकर ibfqxa27@paytm वर रिफंड करा.",No,No,No
spam,"मी चुकून तुमच्या PhonePe वर Rs.536 पाठवले, कृपया हे या UPI ID वर परत करा: norvzpnd@paytm",No,No,No
spam,"तुमचे HDFC Bank पर्सनल लोन Rs.1,438 चे पूर्व-मंजूर आहे. प्रक्रियेसाठी तुमचे बँक खाते आणि आधार तपशील शेअर करा.",No,No,No
spam,"अभिनंदन, National Scholarship Portal अंतर्गत तुमचा अर्ज Rs.973 साठी मंजूर झाला आहे. वितरणासाठी तुमची बँक माहिती पाठवा.",No,No,No
spam,LPG Subsidy Scheme अलर्ट: तुम्ही योजनेअंतर्गत Rs.822 साठी पात्र आहात. दावा करण्यासाठी तुमचा आधार आणि बँक खाते क्रमांक शेअर करा.,No,No,No
spam,"PMAY अलर्ट: तुम्ही योजनेअंतर्गत Rs.4,827 साठी पात्र आहात. दावा करण्यासाठी तुमचा आधार आणि बँक खाते क्रमांक शेअर करा.",No,No,No
spam,तुमच्या विमा पॉलिसीची मुदतपूर्ती रक्कम Rs.946 तयार आहे. पेमेंट मिळवण्यासाठी तुमची बँक पासबुक माहिती पाठवा.,No,No,No
spam,"हाय, मला वाटते मी दुसऱ्याला पेमेंट करताना चुकून तुम्हाला Rs.895 पाठवले. कृपया uiprbee@okhdfcbank वर परत पाठवा, धन्यवाद.",No,No,No
spam,"हाय, मला वाटते मी दुसऱ्याला पेमेंट करताना चुकून तुम्हाला Rs.14,505 पाठवले. कृपया rbodmtby@ybl वर परत पाठवा, धन्यवाद.",No,No,No
spam,"Post Matric Scholarship अलर्ट: तुम्ही योजनेअंतर्गत Rs.77,942 साठी पात्र आहात. दावा करण्यासाठी तुमचा आधार आणि बँक खाते क्रमांक शेअर करा.",No,No,No
spam,"चुकून माझ्या खात्यातून तुमच्या खात्यात Rs.644 ट्रान्सफर झाले आहेत, लवकरात लवकर bsmqbbuk94@axl वर रिफंड करा.",No,No,No
spam,"चुकून माझ्या खात्यातून तुमच्या खात्यात Rs.5,597 ट्रान्सफर झाले आहेत, लवकरात लवकर jpdnm22@axl वर रिफंड करा.",No,No,No
spam,"माफ करा, मी चुकून चुकीच्या नंबरवर Rs.833 ट्रान्सफर केले, हे तुमचे खाते वाटते. कृपया sayno85@paytm वर परत पाठवा.",No,No,No
spam,LPG Subsidy Scheme: तुमचा शिष्यवृत्ती लाभ Rs.633 ट्रान्सफरसाठी तयार आहे. मिळवण्यासाठी तुमची बँक पासबुक माहिती सबमिट करा.,No,No,No
spam,"तुमच्या विमा पॉलिसीची मुदतपूर्ती रक्कम Rs.58,995 तयार आहे. पेमेंट मिळवण्यासाठी तुमची बँक पासबुक माहिती पाठवा.",No,No,No
spam,"तुम्हाला HCL सोबत वर्क-फ्रॉम-होम जॉबसाठी निवडले आहे. Rs.2,435 चा जॉइनिंग बोनस मिळवण्यासाठी तुमची बँक माहिती शेअर करा.",No,No,No
spam,तुमच्या विमा पॉलिसीची मुदतपूर्ती रक्कम Rs.870 तयार आहे. पेमेंट मिळवण्यासाठी तुमची बँक पासबुक माहिती पाठवा.,No,No,No
spam,"LPG Subsidy Scheme अलर्ट: तुम्ही योजनेअंतर्गत Rs.1,855 साठी पात्र आहात. दावा करण्यासाठी तुमचा आधार आणि बँक खाते क्रमांक शेअर करा.",No,No,No
spam,"चुकून माझ्या खात्यातून तुमच्या खात्यात Rs.539 ट्रान्सफर झाले आहेत, लवकरात लवकर qrubukk@okicici वर रिफंड करा.",No,No,No
spam,"मी चुकून तुमच्या Google Pay वर Rs.798 पाठवले, कृपया हे या UPI ID वर परत करा: uuauhnx@okhdfcbank",No,No,No
spam,"हाय, मला वाटते मी दुसऱ्याला पेमेंट करताना चुकून तुम्हाला Rs.6,962 पाठवले. कृपया dgpgux@axl वर परत पाठवा, धन्यवाद.",No,No,No
spam,"तुमच्या विमा पॉलिसीची मुदतपूर्ती रक्कम Rs.12,990 तयार आहे. पेमेंट मिळवण्यासाठी तुमची बँक पासबुक माहिती पाठवा.",No,No,No
spam,"State Scholarship Scheme अलर्ट: तुम्ही योजनेअंतर्गत Rs.3,476 साठी पात्र आहात. दावा करण्यासाठी तुमचा आधार आणि बँक खाते क्रमांक शेअर करा.",No,No,No
spam,"तुम्हाला Amazon सोबत वर्क-फ्रॉम-होम जॉबसाठी निवडले आहे. Rs.48,862 चा जॉइनिंग बोनस मिळवण्यासाठी तुमची बँक माहिती शेअर करा.",No,No,No
spam,"तुमचे Canara Bank पर्सनल लोन Rs.53,642 चे पूर्व-मंजूर आहे. प्रक्रियेसाठी तुमचे बँक खाते आणि आधार तपशील शेअर करा.",No,No,No
spam,"अभिनंदन, State Scholarship Scheme अंतर्गत तुमचा अर्ज Rs.39,404 साठी मंजूर झाला आहे. वितरणासाठी तुमची बँक माहिती पाठवा.",No,No,No
spam,"PM Ujjwala Yojana: तुमचा शिष्यवृत्ती लाभ Rs.23,604 ट्रान्सफरसाठी तयार आहे. मिळवण्यासाठी तुमची बँक पासबुक माहिती सबमिट करा.",No,No,No
spam,"तुमच्या विमा पॉलिसीची मुदतपूर्ती रक्कम Rs.14,903 तयार आहे. पेमेंट मिळवण्यासाठी तुमची बँक पासबुक माहिती पाठवा.",No,No,No
spam,"अभिनंदन, National Scholarship Portal अंतर्गत तुमचा अर्ज Rs.1,025 साठी मंजूर झाला आहे. वितरणासाठी तुमची बँक माहिती पाठवा.",No,No,No
spam,"अभिनंदन, Post Matric Scholarship अंतर्गत तुमचा अर्ज Rs.63,158 साठी मंजूर झाला आहे. वितरणासाठी तुमची बँक माहिती पाठवा.",No,No,No
spam,"चुकून माझ्या खात्यातून तुमच्या खात्यात Rs.55,211 ट्रान्सफर झाले आहेत, लवकरात लवकर gqqwii63@okicici वर रिफंड करा.",No,No,No
spam,"मी चुकून तुमच्या Paytm वर Rs.9,194 पाठवले, कृपया हे या UPI ID वर परत करा: hckarb@ybl",No,No,No
spam,"तुम्हाला HCL सोबत वर्क-फ्रॉम-होम जॉबसाठी निवडले आहे. Rs.97,451 चा जॉइनिंग बोनस मिळवण्यासाठी तुमची बँक माहिती शेअर करा.",No,No,No
spam,"तुमचे Punjab National Bank पर्सनल लोन Rs.8,659 चे पूर्व-मंजूर आहे. प्रक्रियेसाठी तुमचे बँक खाते आणि आधार तपशील शेअर करा.",No,No,No
spam,"तुमच्या विमा पॉलिसीची मुदतपूर्ती रक्कम Rs.22,198 तयार आहे. पेमेंट मिळवण्यासाठी तुमची बँक पासबुक माहिती पाठवा.",No,No,No
spam,"माफ करा, मी चुकून चुकीच्या नंबरवर Rs.53,906 ट्रान्सफर केले, हे तुमचे खाते वाटते. कृपया urtyc97@axl वर परत पाठवा.",No,No,No
spam,National Scholarship Portal: तुमचा शिष्यवृत्ती लाभ Rs.838 ट्रान्सफरसाठी तयार आहे. मिळवण्यासाठी तुमची बँक पासबुक माहिती सबमिट करा.,No,No,No
spam,"मी चुकून तुमच्या Amazon Pay वर Rs.960 पाठवले, कृपया हे या UPI ID वर परत करा: bvhskr@oksbi",No,No,No
spam,"तुमच्या विमा पॉलिसीची मुदतपूर्ती रक्कम Rs.1,721 तयार आहे. पेमेंट मिळवण्यासाठी तुमची बँक पासबुक माहिती पाठवा.",No,No,No
spam,"तुम्हाला HCL सोबत वर्क-फ्रॉम-होम जॉबसाठी निवडले आहे. Rs.61,116 चा जॉइनिंग बोनस मिळवण्यासाठी तुमची बँक माहिती शेअर करा.",No,No,No
spam,"Post Matric Scholarship अलर्ट: तुम्ही योजनेअंतर्गत Rs.62,658 साठी पात्र आहात. दावा करण्यासाठी तुमचा आधार आणि बँक खाते क्रमांक शेअर करा.",No,No,No
spam,तुमचे SBI पर्सनल लोन Rs.784 चे पूर्व-मंजूर आहे. प्रक्रियेसाठी तुमचे बँक खाते आणि आधार तपशील शेअर करा.,No,No,No
spam,तुम्हाला Wipro सोबत वर्क-फ्रॉम-होम जॉबसाठी निवडले आहे. Rs.974 चा जॉइनिंग बोनस मिळवण्यासाठी तुमची बँक माहिती शेअर करा.,No,No,No
spam,"State Scholarship Scheme अलर्ट: तुम्ही योजनेअंतर्गत Rs.75,180 साठी पात्र आहात. दावा करण्यासाठी तुमचा आधार आणि बँक खाते क्रमांक शेअर करा.",No,No,No
spam,तुम्हाला HCL सोबत वर्क-फ्रॉम-होम जॉबसाठी निवडले आहे. Rs.761 चा जॉइनिंग बोनस मिळवण्यासाठी तुमची बँक माहिती शेअर करा.,No,No,No
spam,"हाय, मला वाटते मी दुसऱ्याला पेमेंट करताना चुकून तुम्हाला Rs.52,112 पाठवले. कृपया xdjlahrv@ybl वर परत पाठवा, धन्यवाद.",No,No,No
spam,"माफ करा, मी चुकून चुकीच्या नंबरवर Rs.2,282 ट्रान्सफर केले, हे तुमचे खाते वाटते. कृपया ludim29@oksbi वर परत पाठवा.",No,No,No
spam,"माफ करा, मी चुकून चुकीच्या नंबरवर Rs.4,779 ट्रान्सफर केले, हे तुमचे खाते वाटते. कृपया rdlfehhe@axl वर परत पाठवा.",No,No,No
spam,"तुम्हाला Reliance सोबत वर्क-फ्रॉम-होम जॉबसाठी निवडले आहे. Rs.2,093 चा जॉइनिंग बोनस मिळवण्यासाठी तुमची बँक माहिती शेअर करा.",No,No,No
spam,"State Scholarship Scheme अलर्ट: तुम्ही योजनेअंतर्गत Rs.6,659 साठी पात्र आहात. दावा करण्यासाठी तुमचा आधार आणि बँक खाते क्रमांक शेअर करा.",No,No,No
spam,"अभिनंदन, PM Ujjwala Yojana अंतर्गत तुमचा अर्ज Rs.26,084 साठी मंजूर झाला आहे. वितरणासाठी तुमची बँक माहिती पाठवा.",No,No,No
spam,"मी चुकून तुमच्या Paytm वर Rs.927 पाठवले, कृपया हे या UPI ID वर परत करा: afdtsuia44@axl",No,No,No
spam,"हाय, मला वाटते मी दुसऱ्याला पेमेंट करताना चुकून तुम्हाला Rs.936 पाठवले. कृपया etqjm67@okicici वर परत पाठवा, धन्यवाद.",No,No,No
spam,"माफ करा, मी चुकून चुकीच्या नंबरवर Rs.535 ट्रान्सफर केले, हे तुमचे खाते वाटते. कृपया qxhir@paytm वर परत पाठवा.",No,No,No
spam,"Ayushman Bharat अलर्ट: तुम्ही योजनेअंतर्गत Rs.36,834 साठी पात्र आहात. दावा करण्यासाठी तुमचा आधार आणि बँक खाते क्रमांक शेअर करा.",No,No,No
spam,"तुमचे Kotak Mahindra Bank पर्सनल लोन Rs.3,973 चे पूर्व-मंजूर आहे. प्रक्रियेसाठी तुमचे बँक खाते आणि आधार तपशील शेअर करा.",No,No,No
spam,"माफ करा, मी चुकून चुकीच्या नंबरवर Rs.28,180 ट्रान्सफर केले, हे तुमचे खाते वाटते. कृपया dfckcp@axl वर परत पाठवा.",No,No,No
spam,"PM Ujjwala Yojana: तुमचा शिष्यवृत्ती लाभ Rs.33,498 ट्रान्सफरसाठी तयार आहे. मिळवण्यासाठी तुमची बँक पासबुक माहिती सबमिट करा.",No,No,No
spam,"Ayushman Bharat: तुमचा शिष्यवृत्ती लाभ Rs.8,054 ट्रान्सफरसाठी तयार आहे. मिळवण्यासाठी तुमची बँक पासबुक माहिती सबमिट करा.",No,No,No
spam,"माफ करा, मी चुकून चुकीच्या नंबरवर Rs.696 ट्रान्सफर केले, हे तुमचे खाते वाटते. कृपया qxroavjf46@okicici वर परत पाठवा.",No,No,No
spam,"तुम्हाला Flipkart सोबत वर्क-फ्रॉम-होम जॉबसाठी निवडले आहे. Rs.3,096 चा जॉइनिंग बोनस मिळवण्यासाठी तुमची बँक माहिती शेअर करा.",No,No,No
spam,तुमचे Bank of Baroda पर्सनल लोन Rs.534 चे पूर्व-मंजूर आहे. प्रक्रियेसाठी तुमचे बँक खाते आणि आधार तपशील शेअर करा.,No,No,No
spam,"तुमच्या विमा पॉलिसीची मुदतपूर्ती रक्कम Rs.36,069 तयार आहे. पेमेंट मिळवण्यासाठी तुमची बँक पासबुक माहिती पाठवा.",No,No,No
spam,"अभिनंदन, Ayushman Bharat अंतर्गत तुमचा अर्ज Rs.2,544 साठी मंजूर झाला आहे. वितरणासाठी तुमची बँक माहिती पाठवा.",No,No,No
spam,"मी चुकून तुमच्या Google Pay वर Rs.65,972 पाठवले, कृपया हे या UPI ID वर परत करा: hdenyhh41@axl",No,No,No
spam,"तुमचे Canara Bank पर्सनल लोन Rs.6,291 चे पूर्व-मंजूर आहे. प्रक्रियेसाठी तुमचे बँक खाते आणि आधार तपशील शेअर करा.",No,No,No
spam,"चुकून माझ्या खात्यातून तुमच्या खात्यात Rs.80,770 ट्रान्सफर झाले आहेत, लवकरात लवकर tlvhrpdq46@axl वर रिफंड करा.",No,No,No
spam,"चुकून माझ्या खात्यातून तुमच्या खात्यात Rs.80,242 ट्रान्सफर झाले आहेत, लवकरात लवकर ovwpmwmj@ibl वर रिफंड करा.",No,No,No
spam,"माफ करा, मी चुकून चुकीच्या नंबरवर Rs.4,146 ट्रान्सफर केले, हे तुमचे खाते वाटते. कृपया bcqfa@ibl वर परत पाठवा.",No,No,No
spam,"चुकून माझ्या खात्यातून तुमच्या खात्यात Rs.20,169 ट्रान्सफर झाले आहेत, लवकरात लवकर zdsxpiz91@axl वर रिफंड करा.",No,No,No
spam,"तुम्हाला HCL सोबत वर्क-फ्रॉम-होम जॉबसाठी निवडले आहे. Rs.79,573 चा जॉइनिंग बोनस मिळवण्यासाठी तुमची बँक माहिती शेअर करा.",No,No,No
spam,National Scholarship Portal: तुमचा शिष्यवृत्ती लाभ Rs.753 ट्रान्सफरसाठी तयार आहे. मिळवण्यासाठी तुमची बँक पासबुक माहिती सबमिट करा.,No,No,No
spam,"चुकून माझ्या खात्यातून तुमच्या खात्यात Rs.13,607 ट्रान्सफर झाले आहेत, लवकरात लवकर gvbtpxum@axl वर रिफंड करा.",No,No,No
spam,तुमचे Axis Bank पर्सनल लोन Rs.875 चे पूर्व-मंजूर आहे. प्रक्रियेसाठी तुमचे बँक खाते आणि आधार तपशील शेअर करा.,No,No,No
spam,"तुमच्या विमा पॉलिसीची मुदतपूर्ती रक्कम Rs.94,308 तयार आहे. पेमेंट मिळवण्यासाठी तुमची बँक पासबुक माहिती पाठवा.",No,No,No
spam,"माफ करा, मी चुकून चुकीच्या नंबरवर Rs.3,534 ट्रान्सफर केले, हे तुमचे खाते वाटते. कृपया enjcibx@okicici वर परत पाठवा.",No,No,No
spam,"अभिनंदन, Post Matric Scholarship अंतर्गत तुमचा अर्ज Rs.66,266 साठी मंजूर झाला आहे. वितरणासाठी तुमची बँक माहिती पाठवा.",No,No,No
spam,"हाय, मला वाटते मी दुसऱ्याला पेमेंट करताना चुकून तुम्हाला Rs.630 पाठवले. कृपया ksiqy14@ibl वर परत पाठवा, धन्यवाद.",No,No,No
spam,State Scholarship Scheme अलर्ट: तुम्ही योजनेअंतर्गत Rs.556 साठी पात्र आहात. दावा करण्यासाठी तुमचा आधार आणि बँक खाते क्रमांक शेअर करा.,No,No,No
spam,"चुकून माझ्या खात्यातून तुमच्या खात्यात Rs.943 ट्रान्सफर झाले आहेत, लवकरात लवकर jkldcit@axl वर रिफंड करा.",No,No,No
spam,"हाय, मला वाटते मी दुसऱ्याला पेमेंट करताना चुकून तुम्हाला Rs.9,994 पाठवले. कृपया dsjhdqm43@axl वर परत पाठवा, धन्यवाद.",No,No,No
spam,"हाय, मला वाटते मी दुसऱ्याला पेमेंट करताना चुकून तुम्हाला Rs.995 पाठवले. कृपया vfqsvd@axl वर परत पाठवा, धन्यवाद.",No,No,No
spam,"हाय, मला वाटते मी दुसऱ्याला पेमेंट करताना चुकून तुम्हाला Rs.539 पाठवले. कृपया oqdbqyen51@paytm वर परत पाठवा, धन्यवाद.",No,No,No
spam,"मी चुकून तुमच्या Amazon Pay वर Rs.74,334 पाठवले, कृपया हे या UPI ID वर परत करा: nalgb47@okhdfcbank",No,No,No
spam,"माफ करा, मी चुकून चुकीच्या नंबरवर Rs.763 ट्रान्सफर केले, हे तुमचे खाते वाटते. कृपया tnxixppo@ibl वर परत पाठवा.",No,No,No
spam,"चुकून माझ्या खात्यातून तुमच्या खात्यात Rs.941 ट्रान्सफर झाले आहेत, लवकरात लवकर nnqxvezz86@ibl वर रिफंड करा.",No,No,No
spam,"माफ करा, मी चुकून चुकीच्या नंबरवर Rs.8,174 ट्रान्सफर केले, हे तुमचे खाते वाटते. कृपया qszfxdn@axl वर परत पाठवा.",No,No,No
spam,"हाय, मला वाटते मी दुसऱ्याला पेमेंट करताना चुकून तुम्हाला Rs.696 पाठवले. कृपया jaofy15@paytm वर परत पाठवा, धन्यवाद.",No,No,No
spam,"माफ करा, मी चुकून चुकीच्या नंबरवर Rs.83,507 ट्रान्सफर केले, हे तुमचे खाते वाटते. कृपया avytahs47@okhdfcbank वर परत पाठवा.",No,No,No
spam,"मी चुकून तुमच्या Amazon Pay वर Rs.657 पाठवले, कृपया हे या UPI ID वर परत करा: dlioye56@axl",No,No,No
spam,"अभिनंदन, PM Kisan Samman Nidhi अंतर्गत तुमचा अर्ज Rs.8,489 साठी मंजूर झाला आहे. वितरणासाठी तुमची बँक माहिती पाठवा.",No,No,No
spam,"हाय, मला वाटते मी दुसऱ्याला पेमेंट करताना चुकून तुम्हाला Rs.16,161 पाठवले. कृपया woonzdv@okicici वर परत पाठवा, धन्यवाद.",No,No,No
spam,"माफ करा, मी चुकून चुकीच्या नंबरवर Rs.47,507 ट्रान्सफर केले, हे तुमचे खाते वाटते. कृपया kkriwl@paytm वर परत पाठवा.",No,No,No
spam,"मी चुकून तुमच्या Google Pay वर Rs.9,563 पाठवले, कृपया हे या UPI ID वर परत करा: wgmkfooe76@oksbi",No,No,No
spam,"Ayushman Bharat: तुमचा शिष्यवृत्ती लाभ Rs.4,419 ट्रान्सफरसाठी तयार आहे. मिळवण्यासाठी तुमची बँक पासबुक माहिती सबमिट करा.",No,No,No
spam,"मी चुकून तुमच्या Paytm वर Rs.4,923 पाठवले, कृपया हे या UPI ID वर परत करा: qwznlvdh98@okhdfcbank",No,No,No
spam,तुमच्या विमा पॉलिसीची मुदतपूर्ती रक्कम Rs.595 तयार आहे. पेमेंट मिळवण्यासाठी तुमची बँक पासबुक माहिती पाठवा.,No,No,No
spam,"मी चुकून तुमच्या Google Pay वर Rs.67,327 पाठवले, कृपया हे या UPI ID वर परत करा: lgubtpiw@okhdfcbank",No,No,No
spam,"हाय, मला वाटते मी दुसऱ्याला पेमेंट करताना चुकून तुम्हाला Rs.5,829 पाठवले. कृपया tukfxc66@paytm वर परत पाठवा, धन्यवाद.",No,No,No
spam,"PM Ujjwala Yojana अलर्ट: तुम्ही योजनेअंतर्गत Rs.4,863 साठी पात्र आहात. दावा करण्यासाठी तुमचा आधार आणि बँक खाते क्रमांक शेअर करा.",No,No,No
spam,"तुमच्या विमा पॉलिसीची मुदतपूर्ती रक्कम Rs.51,545 तयार आहे. पेमेंट मिळवण्यासाठी तुमची बँक पासबुक माहिती पाठवा.",No,No,No
spam,"तुमचे Punjab National Bank पर्सनल लोन Rs.68,322 चे पूर्व-मंजूर आहे. प्रक्रियेसाठी तुमचे बँक खाते आणि आधार तपशील शेअर करा.",No,No,No
spam,"PMAY अलर्ट: तुम्ही योजनेअंतर्गत Rs.2,895 साठी पात्र आहात. दावा करण्यासाठी तुमचा आधार आणि बँक खाते क्रमांक शेअर करा.",No,No,No
spam,"अभिनंदन, State Scholarship Scheme अंतर्गत तुमचा अर्ज Rs.1,744 साठी मंजूर झाला आहे. वितरणासाठी तुमची बँक माहिती पाठवा.",No,No,No
spam,"माफ करा, मी चुकून चुकीच्या नंबरवर Rs.54,146 ट्रान्सफर केले, हे तुमचे खाते वाटते. कृपया jytpmpj@paytm वर परत पाठवा.",No,No,No
spam,"अभिनंदन, LPG Subsidy Scheme अंतर्गत तुमचा अर्ज Rs.32,789 साठी मंजूर झाला आहे. वितरणासाठी तुमची बँक माहिती पाठवा.",No,No,No
spam,"माफ करा, मी चुकून चुकीच्या नंबरवर Rs.72,413 ट्रान्सफर केले, हे तुमचे खाते वाटते. कृपया ytwzj@ybl वर परत पाठवा.",No,No,No
spam,"Ayushman Bharat अलर्ट: तुम्ही योजनेअंतर्गत Rs.2,638 साठी पात्र आहात. दावा करण्यासाठी तुमचा आधार आणि बँक खाते क्रमांक शेअर करा.",No,No,No
spam,तुमचे Kotak Mahindra Bank पर्सनल लोन Rs.993 चे पूर्व-मंजूर आहे. प्रक्रियेसाठी तुमचे बँक खाते आणि आधार तपशील शेअर करा.,No,No,No
spam,तुम्हाला Reliance सोबत वर्क-फ्रॉम-होम जॉबसाठी निवडले आहे. Rs.598 चा जॉइनिंग बोनस मिळवण्यासाठी तुमची बँक माहिती शेअर करा.,No,No,No
spam,"LPG Subsidy Scheme: तुमचा शिष्यवृत्ती लाभ Rs.5,917 ट्रान्सफरसाठी तयार आहे. मिळवण्यासाठी तुमची बँक पासबुक माहिती सबमिट करा.",No,No,No
spam,PM Ujjwala Yojana अलर्ट: तुम्ही योजनेअंतर्गत Rs.869 साठी पात्र आहात. दावा करण्यासाठी तुमचा आधार आणि बँक खाते क्रमांक शेअर करा.,No,No,No
spam,"तुमचे Bank of Baroda पर्सनल लोन Rs.7,425 चे पूर्व-मंजूर आहे. प्रक्रियेसाठी तुमचे बँक खाते आणि आधार तपशील शेअर करा.",No,No,No
spam,"माफ करा, मी चुकून चुकीच्या नंबरवर Rs.7,880 ट्रान्सफर केले, हे तुमचे खाते वाटते. कृपया bmubfa@axl वर परत पाठवा.",No,No,No
spam,"चुकून माझ्या खात्यातून तुमच्या खात्यात Rs.2,968 ट्रान्सफर झाले आहेत, लवकरात लवकर psaxlgbc@ybl वर रिफंड करा.",No,No,No
spam,State Scholarship Scheme अलर्ट: तुम्ही योजनेअंतर्गत Rs.718 साठी पात्र आहात. दावा करण्यासाठी तुमचा आधार आणि बँक खाते क्रमांक शेअर करा.,No,No,No
spam,"State Scholarship Scheme: तुमचा शिष्यवृत्ती लाभ Rs.2,701 ट्रान्सफरसाठी तयार आहे. मिळवण्यासाठी तुमची बँक पासबुक माहिती सबमिट करा.",No,No,No
spam,तुम्हाला Flipkart सोबत वर्क-फ्रॉम-होम जॉबसाठी निवडले आहे. Rs.961 चा जॉइनिंग बोनस मिळवण्यासाठी तुमची बँक माहिती शेअर करा.,No,No,No
spam,National Scholarship Portal: तुमचा शिष्यवृत्ती लाभ Rs.789 ट्रान्सफरसाठी तयार आहे. मिळवण्यासाठी तुमची बँक पासबुक माहिती सबमिट करा.,No,No,No
spam,"हाय, मला वाटते मी दुसऱ्याला पेमेंट करताना चुकून तुम्हाला Rs.658 पाठवले. कृपया gnmktc95@okicici वर परत पाठवा, धन्यवाद.",No,No,No
spam,"तुमचे Axis Bank पर्सनल लोन Rs.6,967 चे पूर्व-मंजूर आहे. प्रक्रियेसाठी तुमचे बँक खाते आणि आधार तपशील शेअर करा.",No,No,No
spam,"चुकून माझ्या खात्यातून तुमच्या खात्यात Rs.92,809 ट्रान्सफर झाले आहेत, लवकरात लवकर vziwmpa60@okhdfcbank वर रिफंड करा.",No,No,No
spam,"हाय, मला वाटते मी दुसऱ्याला पेमेंट करताना चुकून तुम्हाला Rs.45,447 पाठवले. कृपया arkttnya@oksbi वर परत पाठवा, धन्यवाद.",No,No,No
spam,"मी चुकून तुमच्या Paytm वर Rs.870 पाठवले, कृपया हे या UPI ID वर परत करा: dpzkzgng11@okhdfcbank",No,No,No
spam,"PMAY: तुमचा शिष्यवृत्ती लाभ Rs.2,856 ट्रान्सफरसाठी तयार आहे. मिळवण्यासाठी तुमची बँक पासबुक माहिती सबमिट करा.",No,No,No
spam,"हाय, मला वाटते मी दुसऱ्याला पेमेंट करताना चुकून तुम्हाला Rs.716 पाठवले. कृपया vwpmij27@ibl वर परत पाठवा, धन्यवाद.",No,No,No
spam,"तुम्हाला HCL सोबत वर्क-फ्रॉम-होम जॉबसाठी निवडले आहे. Rs.1,568 चा जॉइनिंग बोनस मिळवण्यासाठी तुमची बँक माहिती शेअर करा.",No,No,No
spam,"चुकून माझ्या खात्यातून तुमच्या खात्यात Rs.31,705 ट्रान्सफर झाले आहेत, लवकरात लवकर hrczqc@axl वर रिफंड करा.",No,No,No
spam,"मी चुकून तुमच्या Google Pay वर Rs.1,824 पाठवले, कृपया हे या UPI ID वर परत करा: taabh@okhdfcbank",No,No,No
spam,"अभिनंदन, State Scholarship Scheme अंतर्गत तुमचा अर्ज Rs.753 साठी मंजूर झाला आहे. वितरणासाठी तुमची बँक माहिती पाठवा.",No,No,No
spam,"मी चुकून तुमच्या Google Pay वर Rs.11,375 पाठवले, कृपया हे या UPI ID वर परत करा: enlba@oksbi",No,No,No
spam,"हाय, मला वाटते मी दुसऱ्याला पेमेंट करताना चुकून तुम्हाला Rs.9,693 पाठवले. कृपया qprmjxj79@ybl वर परत पाठवा, धन्यवाद.",No,No,No
spam,"हाय, मला वाटते मी दुसऱ्याला पेमेंट करताना चुकून तुम्हाला Rs.623 पाठवले. कृपया mttrwu16@oksbi वर परत पाठवा, धन्यवाद.",No,No,No
spam,"अभिनंदन, PM Ujjwala Yojana अंतर्गत तुमचा अर्ज Rs.775 साठी मंजूर झाला आहे. वितरणासाठी तुमची बँक माहिती पाठवा.",No,No,No
spam,"चुकून माझ्या खात्यातून तुमच्या खात्यात Rs.5,074 ट्रान्सफर झाले आहेत, लवकरात लवकर mwqukqzf@paytm वर रिफंड करा.",No,No,No
spam,PM Ujjwala Yojana अलर्ट: तुम्ही योजनेअंतर्गत Rs.839 साठी पात्र आहात. दावा करण्यासाठी तुमचा आधार आणि बँक खाते क्रमांक शेअर करा.,No,No,No
spam,"चुकून माझ्या खात्यातून तुमच्या खात्यात Rs.5,492 ट्रान्सफर झाले आहेत, लवकरात लवकर icvku@okicici वर रिफंड करा.",No,No,No
spam,"मी चुकून तुमच्या Google Pay वर Rs.3,141 पाठवले, कृपया हे या UPI ID वर परत करा: qilipdc@ibl",No,No,No
spam,"हाय, मला वाटते मी दुसऱ्याला पेमेंट करताना चुकून तुम्हाला Rs.838 पाठवले. कृपया pduglno@ibl वर परत पाठवा, धन्यवाद.",No,No,No
spam,"Ayushman Bharat अलर्ट: तुम्ही योजनेअंतर्गत Rs.20,462 साठी पात्र आहात. दावा करण्यासाठी तुमचा आधार आणि बँक खाते क्रमांक शेअर करा.",No,No,No
spam,"चुकून माझ्या खात्यातून तुमच्या खात्यात Rs.834 ट्रान्सफर झाले आहेत, लवकरात लवकर royol@okicici वर रिफंड करा.",No,No,No
spam,"तुमचे HDFC Bank पर्सनल लोन Rs.30,664 चे पूर्व-मंजूर आहे. प्रक्रियेसाठी तुमचे बँक खाते आणि आधार तपशील शेअर करा.",No,No,No
spam,तुम्हाला Reliance सोबत वर्क-फ्रॉम-होम जॉबसाठी निवडले आहे. Rs.950 चा जॉइनिंग बोनस मिळवण्यासाठी तुमची बँक माहिती शेअर करा.,No,No,No
spam,तुम्हाला TCS सोबत वर्क-फ्रॉम-होम जॉबसाठी निवडले आहे. Rs.745 चा जॉइनिंग बोनस मिळवण्यासाठी तुमची बँक माहिती शेअर करा.,No,No,No
spam,"माफ करा, मी चुकून चुकीच्या नंबरवर Rs.861 ट्रान्सफर केले, हे तुमचे खाते वाटते. कृपया auozaiue@axl वर परत पाठवा.",No,No,No
spam,"चुकून माझ्या खात्यातून तुमच्या खात्यात Rs.6,434 ट्रान्सफर झाले आहेत, लवकरात लवकर zzjhq18@oksbi वर रिफंड करा.",No,No,No
spam,"अभिनंदन, State Scholarship Scheme अंतर्गत तुमचा अर्ज Rs.6,564 साठी मंजूर झाला आहे. वितरणासाठी तुमची बँक माहिती पाठवा.",No,No,No
spam,"अभिनंदन, PM Kisan Samman Nidhi अंतर्गत तुमचा अर्ज Rs.94,929 साठी मंजूर झाला आहे. वितरणासाठी तुमची बँक माहिती पाठवा.",No,No,No
spam,"चुकून माझ्या खात्यातून तुमच्या खात्यात Rs.737 ट्रान्सफर झाले आहेत, लवकरात लवकर gwwenumr57@ybl वर रिफंड करा.",No,No,No
spam,"तुमचे HDFC Bank पर्सनल लोन Rs.4,901 चे पूर्व-मंजूर आहे. प्रक्रियेसाठी तुमचे बँक खाते आणि आधार तपशील शेअर करा.",No,No,No
spam,"माफ करा, मी चुकून चुकीच्या नंबरवर Rs.7,298 ट्रान्सफर केले, हे तुमचे खाते वाटते. कृपया whertmo@paytm वर परत पाठवा.",No,No,No
spam,"माफ करा, मी चुकून चुकीच्या नंबरवर Rs.34,832 ट्रान्सफर केले, हे तुमचे खाते वाटते. कृपया lvkux97@ybl वर परत पाठवा.",No,No,No
spam,तुम्हाला Infosys सोबत वर्क-फ्रॉम-होम जॉबसाठी निवडले आहे. Rs.945 चा जॉइनिंग बोनस मिळवण्यासाठी तुमची बँक माहिती शेअर करा.,No,No,No
spam,"माफ करा, मी चुकून चुकीच्या नंबरवर Rs.845 ट्रान्सफर केले, हे तुमचे खाते वाटते. कृपया nbtvx@okhdfcbank वर परत पाठवा.",No,No,No
spam,"माफ करा, मी चुकून चुकीच्या नंबरवर Rs.893 ट्रान्सफर केले, हे तुमचे खाते वाटते. कृपया rcznlnl82@axl वर परत पाठवा.",No,No,No
spam,"हाय, मला वाटते मी दुसऱ्याला पेमेंट करताना चुकून तुम्हाला Rs.1,194 पाठवले. कृपया klhzp@okicici वर परत पाठवा, धन्यवाद.",No,No,No
spam,"LPG Subsidy Scheme अलर्ट: तुम्ही योजनेअंतर्गत Rs.4,421 साठी पात्र आहात. दावा करण्यासाठी तुमचा आधार आणि बँक खाते क्रमांक शेअर करा.",No,No,No
spam,"तुमचे Kotak Mahindra Bank पर्सनल लोन Rs.24,412 चे पूर्व-मंजूर आहे. प्रक्रियेसाठी तुमचे बँक खाते आणि आधार तपशील शेअर करा.",No,No,No
spam,"माफ करा, मी चुकून चुकीच्या नंबरवर Rs.7,510 ट्रान्सफर केले, हे तुमचे खाते वाटते. कृपया gdcmem98@oksbi वर परत पाठवा.",No,No,No
spam,"मी चुकून तुमच्या PhonePe वर Rs.25,890 पाठवले, कृपया हे या UPI ID वर परत करा: qtodzy36@paytm",No,No,No
spam,"चुकून माझ्या खात्यातून तुमच्या खात्यात Rs.774 ट्रान्सफर झाले आहेत, लवकरात लवकर amjijgph@okicici वर रिफंड करा.",No,No,No
spam,"माफ करा, मी चुकून चुकीच्या नंबरवर Rs.3,493 ट्रान्सफर केले, हे तुमचे खाते वाटते. कृपया thibclz@okhdfcbank वर परत पाठवा.",No,No,No
spam,"National Scholarship Portal अलर्ट: तुम्ही योजनेअंतर्गत Rs.30,373 साठी पात्र आहात. दावा करण्यासाठी तुमचा आधार आणि बँक खाते क्रमांक शेअर करा.",No,No,No
spam,"माफ करा, मी चुकून चुकीच्या नंबरवर Rs.3,544 ट्रान्सफर केले, हे तुमचे खाते वाटते. कृपया laqaf29@ybl वर परत पाठवा.",No,No,No
spam,"LPG Subsidy Scheme अलर्ट: तुम्ही योजनेअंतर्गत Rs.7,025 साठी पात्र आहात. दावा करण्यासाठी तुमचा आधार आणि बँक खाते क्रमांक शेअर करा.",No,No,No
spam,"PMAY: तुमचा शिष्यवृत्ती लाभ Rs.6,306 ट्रान्सफरसाठी तयार आहे. मिळवण्यासाठी तुमची बँक पासबुक माहिती सबमिट करा.",No,No,No
spam,"PM Ujjwala Yojana अलर्ट: तुम्ही योजनेअंतर्गत Rs.9,569 साठी पात्र आहात. दावा करण्यासाठी तुमचा आधार आणि बँक खाते क्रमांक शेअर करा.",No,No,No
spam,"तुमच्या विमा पॉलिसीची मुदतपूर्ती रक्कम Rs.55,792 तयार आहे. पेमेंट मिळवण्यासाठी तुमची बँक पासबुक माहिती पाठवा.",No,No,No
spam,"माफ करा, मी चुकून चुकीच्या नंबरवर Rs.28,943 ट्रान्सफर केले, हे तुमचे खाते वाटते. कृपया rnpkpi38@ybl वर परत पाठवा.",No,No,No
spam,Post Matric Scholarship: तुमचा शिष्यवृत्ती लाभ Rs.942 ट्रान्सफरसाठी तयार आहे. मिळवण्यासाठी तुमची बँक पासबुक माहिती सबमिट करा.,No,No,No
spam,"हाय, मला वाटते मी दुसऱ्याला पेमेंट करताना चुकून तुम्हाला Rs.9,467 पाठवले. कृपया wbfjk@paytm वर परत पाठवा, धन्यवाद.",No,No,No
spam,"State Scholarship Scheme: तुमचा शिष्यवृत्ती लाभ Rs.3,807 ट्रान्सफरसाठी तयार आहे. मिळवण्यासाठी तुमची बँक पासबुक माहिती सबमिट करा.",No,No,No
spam,"हाय, मला वाटते मी दुसऱ्याला पेमेंट करताना चुकून तुम्हाला Rs.3,474 पाठवले. कृपया fraxbajb@paytm वर परत पाठवा, धन्यवाद.",No,No,No
spam,"तुमच्या विमा पॉलिसीची मुदतपूर्ती रक्कम Rs.94,681 तयार आहे. पेमेंट मिळवण्यासाठी तुमची बँक पासबुक माहिती पाठवा.",No,No,No
spam,"मी चुकून तुमच्या PhonePe वर Rs.703 पाठवले, कृपया हे या UPI ID वर परत करा: sbcdub@okicici",No,No,No
spam,"चुकून माझ्या खात्यातून तुमच्या खात्यात Rs.684 ट्रान्सफर झाले आहेत, लवकरात लवकर iigxzxjs@okhdfcbank वर रिफंड करा.",No,No,No
spam,तुम्हाला Wipro सोबत वर्क-फ्रॉम-होम जॉबसाठी निवडले आहे. Rs.521 चा जॉइनिंग बोनस मिळवण्यासाठी तुमची बँक माहिती शेअर करा.,No,No,No
spam,"चुकून माझ्या खात्यातून तुमच्या खात्यात Rs.621 ट्रान्सफर झाले आहेत, लवकरात लवकर hwmfkee@ibl वर रिफंड करा.",No,No,No
spam,"State Scholarship Scheme अलर्ट: तुम्ही योजनेअंतर्गत Rs.20,789 साठी पात्र आहात. दावा करण्यासाठी तुमचा आधार आणि बँक खाते क्रमांक शेअर करा.",No,No,No
spam,"मी चुकून तुमच्या Amazon Pay वर Rs.749 पाठवले, कृपया हे या UPI ID वर परत करा: askdkmi39@oksbi",No,No,No
spam,तुमचे Punjab National Bank पर्सनल लोन Rs.906 चे पूर्व-मंजूर आहे. प्रक्रियेसाठी तुमचे बँक खाते आणि आधार तपशील शेअर करा.,No,No,No
spam,"अभिनंदन, PMAY अंतर्गत तुमचा अर्ज Rs.7,233 साठी मंजूर झाला आहे. वितरणासाठी तुमची बँक माहिती पाठवा.",No,No,No
spam,"माफ करा, मी चुकून चुकीच्या नंबरवर Rs.2,616 ट्रान्सफर केले, हे तुमचे खाते वाटते. कृपया xvpekrkm12@ibl वर परत पाठवा.",No,No,No
spam,"हाय, मला वाटते मी दुसऱ्याला पेमेंट करताना चुकून तुम्हाला Rs.753 पाठवले. कृपया hllrbm@paytm वर परत पाठवा, धन्यवाद.",No,No,No
spam,"मी चुकून तुमच्या Amazon Pay वर Rs.7,931 पाठवले, कृपया हे या UPI ID वर परत करा: uscdlaax74@okicici",No,No,No
spam,"तुमच्या विमा पॉलिसीची मुदतपूर्ती रक्कम Rs.5,414 तयार आहे. पेमेंट मिळवण्यासाठी तुमची बँक पासबुक माहिती पाठवा.",No,No,No
spam,LPG Subsidy Scheme अलर्ट: तुम्ही योजनेअंतर्गत Rs.556 साठी पात्र आहात. दावा करण्यासाठी तुमचा आधार आणि बँक खाते क्रमांक शेअर करा.,No,No,No
spam,"अभिनंदन, LPG Subsidy Scheme अंतर्गत तुमचा अर्ज Rs.23,002 साठी मंजूर झाला आहे. वितरणासाठी तुमची बँक माहिती पाठवा.",No,No,No
spam,"मी चुकून तुमच्या Google Pay वर Rs.794 पाठवले, कृपया हे या UPI ID वर परत करा: oxdylj@paytm",No,No,No
spam,"अभिनंदन, PM Ujjwala Yojana अंतर्गत तुमचा अर्ज Rs.65,088 साठी मंजूर झाला आहे. वितरणासाठी तुमची बँक माहिती पाठवा.",No,No,No
spam,"मी चुकून तुमच्या PhonePe वर Rs.529 पाठवले, कृपया हे या UPI ID वर परत करा: hkkjccho@okicici",No,No,No
spam,"चुकून माझ्या खात्यातून तुमच्या खात्यात Rs.9,885 ट्रान्सफर झाले आहेत, लवकरात लवकर bwpwdlx49@okhdfcbank वर रिफंड करा.",No,No,No
spam,"हाय, मला वाटते मी दुसऱ्याला पेमेंट करताना चुकून तुम्हाला Rs.21,919 पाठवले. कृपया whbpka@oksbi वर परत पाठवा, धन्यवाद.",No,No,No
spam,तुमचे Axis Bank पर्सनल लोन Rs.582 चे पूर्व-मंजूर आहे. प्रक्रियेसाठी तुमचे बँक खाते आणि आधार तपशील शेअर करा.,No,No,No
spam,"मी चुकून तुमच्या Amazon Pay वर Rs.19,156 पाठवले, कृपया हे या UPI ID वर परत करा: lqztk77@ybl",No,No,No
spam,"चुकून माझ्या खात्यातून तुमच्या खात्यात Rs.9,498 ट्रान्सफर झाले आहेत, लवकरात लवकर kktclsbb@okicici वर रिफंड करा.",No,No,No
spam,"तुमचे Axis Bank पर्सनल लोन Rs.82,841 चे पूर्व-मंजूर आहे. प्रक्रियेसाठी तुमचे बँक खाते आणि आधार तपशील शेअर करा.",No,No,No
spam,"PM Kisan Samman Nidhi अलर्ट: तुम्ही योजनेअंतर्गत Rs.26,873 साठी पात्र आहात. दावा करण्यासाठी तुमचा आधार आणि बँक खाते क्रमांक शेअर करा.",No,No,No
spam,"अभिनंदन, LPG Subsidy Scheme अंतर्गत तुमचा अर्ज Rs.1,201 साठी मंजूर झाला आहे. वितरणासाठी तुमची बँक माहिती पाठवा.",No,No,No
spam,"तुमच्या विमा पॉलिसीची मुदतपूर्ती रक्कम Rs.4,293 तयार आहे. पेमेंट मिळवण्यासाठी तुमची बँक पासबुक माहिती पाठवा.",No,No,No
spam,LPG Subsidy Scheme: तुमचा शिष्यवृत्ती लाभ Rs.556 ट्रान्सफरसाठी तयार आहे. मिळवण्यासाठी तुमची बँक पासबुक माहिती सबमिट करा.,No,No,No
spam,"हाय, मला वाटते मी दुसऱ्याला पेमेंट करताना चुकून तुम्हाला Rs.24,176 पाठवले. कृपया ayejya@okhdfcbank वर परत पाठवा, धन्यवाद.",No,No,No
spam,"हाय, मला वाटते मी दुसऱ्याला पेमेंट करताना चुकून तुम्हाला Rs.86,120 पाठवले. कृपया vjldh83@oksbi वर परत पाठवा, धन्यवाद.",No,No,No
spam,"हाय, मला वाटते मी दुसऱ्याला पेमेंट करताना चुकून तुम्हाला Rs.9,692 पाठवले. कृपया mdgpge62@okicici वर परत पाठवा, धन्यवाद.",No,No,No
spam,National Scholarship Portal: तुमचा शिष्यवृत्ती लाभ Rs.629 ट्रान्सफरसाठी तयार आहे. मिळवण्यासाठी तुमची बँक पासबुक माहिती सबमिट करा.,No,No,No
spam,"मी चुकून तुमच्या PhonePe वर Rs.10,149 पाठवले, कृपया हे या UPI ID वर परत करा: uuyqheny@axl",No,No,No
spam,"PMAY अलर्ट: तुम्ही योजनेअंतर्गत Rs.7,031 साठी पात्र आहात. दावा करण्यासाठी तुमचा आधार आणि बँक खाते क्रमांक शेअर करा.",No,No,No
spam,"चुकून माझ्या खात्यातून तुमच्या खात्यात Rs.22,565 ट्रान्सफर झाले आहेत, लवकरात लवकर lwopadlu@okicici वर रिफंड करा.",No,No,No
spam,"चुकून माझ्या खात्यातून तुमच्या खात्यात Rs.93,365 ट्रान्सफर झाले आहेत, लवकरात लवकर ssewnpxm19@ybl वर रिफंड करा.",No,No,No
spam,"हाय, मला वाटते मी दुसऱ्याला पेमेंट करताना चुकून तुम्हाला Rs.579 पाठवले. कृपया zpfzyi21@ybl वर परत पाठवा, धन्यवाद.",No,No,No
spam,"PMAY अलर्ट: तुम्ही योजनेअंतर्गत Rs.2,659 साठी पात्र आहात. दावा करण्यासाठी तुमचा आधार आणि बँक खाते क्रमांक शेअर करा.",No,No,No
spam,"माफ करा, मी चुकून चुकीच्या नंबरवर Rs.98,863 ट्रान्सफर केले, हे तुमचे खाते वाटते. कृपया cylzln@oksbi वर परत पाठवा.",No,No,No
spam,"PM Kisan Samman Nidhi: तुमचा शिष्यवृत्ती लाभ Rs.9,072 ट्रान्सफरसाठी तयार आहे. मिळवण्यासाठी तुमची बँक पासबुक माहिती सबमिट करा.",No,No,No
spam,"माफ करा, मी चुकून चुकीच्या नंबरवर Rs.3,959 ट्रान्सफर केले, हे तुमचे खाते वाटते. कृपया njkahpp63@okicici वर परत पाठवा.",No,No,No
spam,"मी चुकून तुमच्या PhonePe वर Rs.69,725 पाठवले, कृपया हे या UPI ID वर परत करा: dtrsum92@ibl",No,No,No
spam,"अभिनंदन, Ayushman Bharat अंतर्गत तुमचा अर्ज Rs.7,995 साठी मंजूर झाला आहे. वितरणासाठी तुमची बँक माहिती पाठवा.",No,No,No
spam,"चुकून माझ्या खात्यातून तुमच्या खात्यात Rs.77,490 ट्रान्सफर झाले आहेत, लवकरात लवकर axlil@oksbi वर रिफंड करा.",No,No,No
spam,तुम्हाला Amazon सोबत वर्क-फ्रॉम-होम जॉबसाठी निवडले आहे. Rs.829 चा जॉइनिंग बोनस मिळवण्यासाठी तुमची बँक माहिती शेअर करा.,No,No,No
spam,"तुमचे HDFC Bank पर्सनल लोन Rs.5,869 चे पूर्व-मंजूर आहे. प्रक्रियेसाठी तुमचे बँक खाते आणि आधार तपशील शेअर करा.",No,No,No
spam,"माफ करा, मी चुकून चुकीच्या नंबरवर Rs.90,006 ट्रान्सफर केले, हे तुमचे खाते वाटते. कृपया imxhow79@okicici वर परत पाठवा.",No,No,No
spam,"हाय, मला वाटते मी दुसऱ्याला पेमेंट करताना चुकून तुम्हाला Rs.4,699 पाठवले. कृपया iwxika75@axl वर परत पाठवा, धन्यवाद.",No,No,No
spam,"अभिनंदन, National Scholarship Portal अंतर्गत तुमचा अर्ज Rs.949 साठी मंजूर झाला आहे. वितरणासाठी तुमची बँक माहिती पाठवा.",No,No,No
spam,तुमचे Canara Bank पर्सनल लोन Rs.895 चे पूर्व-मंजूर आहे. प्रक्रियेसाठी तुमचे बँक खाते आणि आधार तपशील शेअर करा.,No,No,No
spam,"अभिनंदन, National Scholarship Portal अंतर्गत तुमचा अर्ज Rs.4,704 साठी मंजूर झाला आहे. वितरणासाठी तुमची बँक माहिती पाठवा.",No,No,No
spam,"तुम्हाला Reliance सोबत वर्क-फ्रॉम-होम जॉबसाठी निवडले आहे. Rs.76,171 चा जॉइनिंग बोनस मिळवण्यासाठी तुमची बँक माहिती शेअर करा.",No,No,No
spam,"अभिनंदन, LPG Subsidy Scheme अंतर्गत तुमचा अर्ज Rs.70,020 साठी मंजूर झाला आहे. वितरणासाठी तुमची बँक माहिती पाठवा.",No,No,No
spam,"मी चुकून तुमच्या PhonePe वर Rs.17,936 पाठवले, कृपया हे या UPI ID वर परत करा: silqc52@okhdfcbank",No,No,No
spam,"अभिनंदन, PM Ujjwala Yojana अंतर्गत तुमचा अर्ज Rs.27,939 साठी मंजूर झाला आहे. वितरणासाठी तुमची बँक माहिती पाठवा.",No,No,No
spam,"चुकून माझ्या खात्यातून तुमच्या खात्यात Rs.9,661 ट्रान्सफर झाले आहेत, लवकरात लवकर fjtvgj37@ybl वर रिफंड करा.",No,No,No
spam,"PMAY: तुमचा शिष्यवृत्ती लाभ Rs.54,664 ट्रान्सफरसाठी तयार आहे. मिळवण्यासाठी तुमची बँक पासबुक माहिती सबमिट करा.",No,No,No
spam,"PM Ujjwala Yojana अलर्ट: तुम्ही योजनेअंतर्गत Rs.2,814 साठी पात्र आहात. दावा करण्यासाठी तुमचा आधार आणि बँक खाते क्रमांक शेअर करा.",No,No,No
spam,"हाय, मला वाटते मी दुसऱ्याला पेमेंट करताना चुकून तुम्हाला Rs.844 पाठवले. कृपया tmxnjork82@okhdfcbank वर परत पाठवा, धन्यवाद.",No,No,No
spam,"मी चुकून तुमच्या Google Pay वर Rs.808 पाठवले, कृपया हे या UPI ID वर परत करा: hmifpfz21@paytm",No,No,No
spam,"माफ करा, मी चुकून चुकीच्या नंबरवर Rs.921 ट्रान्सफर केले, हे तुमचे खाते वाटते. कृपया fgcmm@okicici वर परत पाठवा.",No,No,No
spam,"तुमच्या विमा पॉलिसीची मुदतपूर्ती रक्कम Rs.25,428 तयार आहे. पेमेंट मिळवण्यासाठी तुमची बँक पासबुक माहिती पाठवा.",No,No,No
spam,"अभिनंदन, LPG Subsidy Scheme अंतर्गत तुमचा अर्ज Rs.544 साठी मंजूर झाला आहे. वितरणासाठी तुमची बँक माहिती पाठवा.",No,No,No
spam,"National Scholarship Portal: तुमचा शिष्यवृत्ती लाभ Rs.8,832 ट्रान्सफरसाठी तयार आहे. मिळवण्यासाठी तुमची बँक पासबुक माहिती सबमिट करा.",No,No,No
spam,"तुमच्या विमा पॉलिसीची मुदतपूर्ती रक्कम Rs.35,238 तयार आहे. पेमेंट मिळवण्यासाठी तुमची बँक पासबुक माहिती पाठवा.",No,No,No
spam,तुमच्या विमा पॉलिसीची मुदतपूर्ती रक्कम Rs.580 तयार आहे. पेमेंट मिळवण्यासाठी तुमची बँक पासबुक माहिती पाठवा.,No,No,No
spam,"National Scholarship Portal: तुमचा शिष्यवृत्ती लाभ Rs.1,189 ट्रान्सफरसाठी तयार आहे. मिळवण्यासाठी तुमची बँक पासबुक माहिती सबमिट करा.",No,No,No
spam,"तुमच्या विमा पॉलिसीची मुदतपूर्ती रक्कम Rs.5,514 तयार आहे. पेमेंट मिळवण्यासाठी तुमची बँक पासबुक माहिती पाठवा.",No,No,No
spam,"चुकून माझ्या खात्यातून तुमच्या खात्यात Rs.613 ट्रान्सफर झाले आहेत, लवकरात लवकर ywnaxd@paytm वर रिफंड करा.",No,No,No
spam,PM Ujjwala Yojana: तुमचा शिष्यवृत्ती लाभ Rs.973 ट्रान्सफरसाठी तयार आहे. मिळवण्यासाठी तुमची बँक पासबुक माहिती सबमिट करा.,No,No,No
spam,"State Scholarship Scheme अलर्ट: तुम्ही योजनेअंतर्गत Rs.71,964 साठी पात्र आहात. दावा करण्यासाठी तुमचा आधार आणि बँक खाते क्रमांक शेअर करा.",No,No,No
spam,"PM Ujjwala Yojana: तुमचा शिष्यवृत्ती लाभ Rs.7,042 ट्रान्सफरसाठी तयार आहे. मिळवण्यासाठी तुमची बँक पासबुक माहिती सबमिट करा.",No,No,No
spam,"तुमच्या विमा पॉलिसीची मुदतपूर्ती रक्कम Rs.5,764 तयार आहे. पेमेंट मिळवण्यासाठी तुमची बँक पासबुक माहिती पाठवा.",No,No,No
spam,"तुमचे Canara Bank पर्सनल लोन Rs.36,741 चे पूर्व-मंजूर आहे. प्रक्रियेसाठी तुमचे बँक खाते आणि आधार तपशील शेअर करा.",No,No,No
spam,"चुकून माझ्या खात्यातून तुमच्या खात्यात Rs.688 ट्रान्सफर झाले आहेत, लवकरात लवकर kiqznq76@axl वर रिफंड करा.",No,No,No
spam,तुम्हाला Flipkart सोबत वर्क-फ्रॉम-होम जॉबसाठी निवडले आहे. Rs.767 चा जॉइनिंग बोनस मिळवण्यासाठी तुमची बँक माहिती शेअर करा.,No,No,No
spam,"चुकून माझ्या खात्यातून तुमच्या खात्यात Rs.5,975 ट्रान्सफर झाले आहेत, लवकरात लवकर bptbi38@ibl वर रिफंड करा.",No,No,No
spam,"माफ करा, मी चुकून चुकीच्या नंबरवर Rs.85,563 ट्रान्सफर केले, हे तुमचे खाते वाटते. कृपया mfbvswrm@okicici वर परत पाठवा.",No,No,No
spam,"हाय, मला वाटते मी दुसऱ्याला पेमेंट करताना चुकून तुम्हाला Rs.9,212 पाठवले. कृपया mhkhp25@oksbi वर परत पाठवा, धन्यवाद.",No,No,No
spam,"LPG Subsidy Scheme: तुमचा शिष्यवृत्ती लाभ Rs.3,604 ट्रान्सफरसाठी तयार आहे. मिळवण्यासाठी तुमची बँक पासबुक माहिती सबमिट करा.",No,No,No
spam,"मी चुकून तुमच्या Amazon Pay वर Rs.1,941 पाठवले, कृपया हे या UPI ID वर परत करा: fuqgylli@ybl",No,No,No
spam,"माफ करा, मी चुकून चुकीच्या नंबरवर Rs.44,215 ट्रान्सफर केले, हे तुमचे खाते वाटते. कृपया izcgbng@okhdfcbank वर परत पाठवा.",No,No,No
spam,"Ayushman Bharat: तुमचा शिष्यवृत्ती लाभ Rs.2,867 ट्रान्सफरसाठी तयार आहे. मिळवण्यासाठी तुमची बँक पासबुक माहिती सबमिट करा.",No,No,No
spam,"तुमचे Canara Bank पर्सनल लोन Rs.3,315 चे पूर्व-मंजूर आहे. प्रक्रियेसाठी तुमचे बँक खाते आणि आधार तपशील शेअर करा.",No,No,No
spam,"हाय, मला वाटते मी दुसऱ्याला पेमेंट करताना चुकून तुम्हाला Rs.9,595 पाठवले. कृपया vmcebzj@okhdfcbank वर परत पाठवा, धन्यवाद.",No,No,No
spam,"अभिनंदन, PM Ujjwala Yojana अंतर्गत तुमचा अर्ज Rs.1,548 साठी मंजूर झाला आहे. वितरणासाठी तुमची बँक माहिती पाठवा.",No,No,No
spam,"तुमचे ICICI Bank पर्सनल लोन Rs.13,994 चे पूर्व-मंजूर आहे. प्रक्रियेसाठी तुमचे बँक खाते आणि आधार तपशील शेअर करा.",No,No,No
spam,"अभिनंदन, National Scholarship Portal अंतर्गत तुमचा अर्ज Rs.17,853 साठी मंजूर झाला आहे. वितरणासाठी तुमची बँक माहिती पाठवा.",No,No,No
spam,"चुकून माझ्या खात्यातून तुमच्या खात्यात Rs.69,203 ट्रान्सफर झाले आहेत, लवकरात लवकर galikw@ybl वर रिफंड करा.",No,No,No
spam,"माफ करा, मी चुकून चुकीच्या नंबरवर Rs.693 ट्रान्सफर केले, हे तुमचे खाते वाटते. कृपया mirne71@ybl वर परत पाठवा.",No,No,No
spam,तुम्हाला HCL सोबत वर्क-फ्रॉम-होम जॉबसाठी निवडले आहे. Rs.762 चा जॉइनिंग बोनस मिळवण्यासाठी तुमची बँक माहिती शेअर करा.,No,No,No
spam,"माफ करा, मी चुकून चुकीच्या नंबरवर Rs.19,693 ट्रान्सफर केले, हे तुमचे खाते वाटते. कृपया vqthzf28@okicici वर परत पाठवा.",No,No,No
spam,तुमचे SBI पर्सनल लोन Rs.511 चे पूर्व-मंजूर आहे. प्रक्रियेसाठी तुमचे बँक खाते आणि आधार तपशील शेअर करा.,No,No,No
spam,"State Scholarship Scheme अलर्ट: तुम्ही योजनेअंतर्गत Rs.46,215 साठी पात्र आहात. दावा करण्यासाठी तुमचा आधार आणि बँक खाते क्रमांक शेअर करा.",No,No,No
spam,"माफ करा, मी चुकून चुकीच्या नंबरवर Rs.764 ट्रान्सफर केले, हे तुमचे खाते वाटते. कृपया vbqjxhb53@okicici वर परत पाठवा.",No,No,No
spam,"PM Kisan Samman Nidhi अलर्ट: तुम्ही योजनेअंतर्गत Rs.71,592 साठी पात्र आहात. दावा करण्यासाठी तुमचा आधार आणि बँक खाते क्रमांक शेअर करा.",No,No,No
spam,तुमचे Punjab National Bank पर्सनल लोन Rs.883 चे पूर्व-मंजूर आहे. प्रक्रियेसाठी तुमचे बँक खाते आणि आधार तपशील शेअर करा.,No,No,No
spam,"तुमच्या विमा पॉलिसीची मुदतपूर्ती रक्कम Rs.5,781 तयार आहे. पेमेंट मिळवण्यासाठी तुमची बँक पासबुक माहिती पाठवा.",No,No,No
spam,"चुकून माझ्या खात्यातून तुमच्या खात्यात Rs.12,717 ट्रान्सफर झाले आहेत, लवकरात लवकर lbdipzzr@ibl वर रिफंड करा.",No,No,No
spam,"तुम्हाला Flipkart सोबत वर्क-फ्रॉम-होम जॉबसाठी निवडले आहे. Rs.5,657 चा जॉइनिंग बोनस मिळवण्यासाठी तुमची बँक माहिती शेअर करा.",No,No,No
spam,"Ayushman Bharat: तुमचा शिष्यवृत्ती लाभ Rs.3,726 ट्रान्सफरसाठी तयार आहे. मिळवण्यासाठी तुमची बँक पासबुक माहिती सबमिट करा.",No,No,No
spam,"LPG Subsidy Scheme अलर्ट: तुम्ही योजनेअंतर्गत Rs.48,937 साठी पात्र आहात. दावा करण्यासाठी तुमचा आधार आणि बँक खाते क्रमांक शेअर करा.",No,No,No
spam,"मी चुकून तुमच्या PhonePe वर Rs.6,710 पाठवले, कृपया हे या UPI ID वर परत करा: qguhi75@ibl",No,No,No
spam,"चुकून माझ्या खात्यातून तुमच्या खात्यात Rs.919 ट्रान्सफर झाले आहेत, लवकरात लवकर emflnmps@ibl वर रिफंड करा.",No,No,No
spam,तुमचे Punjab National Bank पर्सनल लोन Rs.785 चे पूर्व-मंजूर आहे. प्रक्रियेसाठी तुमचे बँक खाते आणि आधार तपशील शेअर करा.,No,No,No
spam,"चुकून माझ्या खात्यातून तुमच्या खात्यात Rs.568 ट्रान्सफर झाले आहेत, लवकरात लवकर nylcmbky43@okicici वर रिफंड करा.",No,No,No
spam,"अभिनंदन, PM Ujjwala Yojana अंतर्गत तुमचा अर्ज Rs.14,732 साठी मंजूर झाला आहे. वितरणासाठी तुमची बँक माहिती पाठवा.",No,No,No
spam,"तुम्हाला Wipro सोबत वर्क-फ्रॉम-होम जॉबसाठी निवडले आहे. Rs.1,362 चा जॉइनिंग बोनस मिळवण्यासाठी तुमची बँक माहिती शेअर करा.",No,No,No
spam,"चुकून माझ्या खात्यातून तुमच्या खात्यात Rs.889 ट्रान्सफर झाले आहेत, लवकरात लवकर cvgkojm@paytm वर रिफंड करा.",No,No,No
spam,"तुमच्या विमा पॉलिसीची मुदतपूर्ती रक्कम Rs.8,337 तयार आहे. पेमेंट मिळवण्यासाठी तुमची बँक पासबुक माहिती पाठवा.",No,No,No
spam,"अभिनंदन, Post Matric Scholarship अंतर्गत तुमचा अर्ज Rs.6,265 साठी मंजूर झाला आहे. वितरणासाठी तुमची बँक माहिती पाठवा.",No,No,No
spam,"Post Matric Scholarship अलर्ट: तुम्ही योजनेअंतर्गत Rs.41,152 साठी पात्र आहात. दावा करण्यासाठी तुमचा आधार आणि बँक खाते क्रमांक शेअर करा.",No,No,No
spam,PM Ujjwala Yojana: तुमचा शिष्यवृत्ती लाभ Rs.971 ट्रान्सफरसाठी तयार आहे. मिळवण्यासाठी तुमची बँक पासबुक माहिती सबमिट करा.,No,No,No
spam,PM Ujjwala Yojana: तुमचा शिष्यवृत्ती लाभ Rs.583 ट्रान्सफरसाठी तयार आहे. मिळवण्यासाठी तुमची बँक पासबुक माहिती सबमिट करा.,No,No,No
spam,तुमच्या विमा पॉलिसीची मुदतपूर्ती रक्कम Rs.731 तयार आहे. पेमेंट मिळवण्यासाठी तुमची बँक पासबुक माहिती पाठवा.,No,No,No
spam,PM Ujjwala Yojana अलर्ट: तुम्ही योजनेअंतर्गत Rs.707 साठी पात्र आहात. दावा करण्यासाठी तुमचा आधार आणि बँक खाते क्रमांक शेअर करा.,No,No,No
spam,"तुम्हाला Infosys सोबत वर्क-फ्रॉम-होम जॉबसाठी निवडले आहे. Rs.3,340 चा जॉइनिंग बोनस मिळवण्यासाठी तुमची बँक माहिती शेअर करा.",No,No,No
spam,"Post Matric Scholarship: तुमचा शिष्यवृत्ती लाभ Rs.79,624 ट्रान्सफरसाठी तयार आहे. मिळवण्यासाठी तुमची बँक पासबुक माहिती सबमिट करा.",No,No,No
spam,तुमचे ICICI Bank पर्सनल लोन Rs.895 चे पूर्व-मंजूर आहे. प्रक्रियेसाठी तुमचे बँक खाते आणि आधार तपशील शेअर करा.,No,No,No
spam,"PM Kisan Samman Nidhi: तुमचा शिष्यवृत्ती लाभ Rs.2,218 ट्रान्सफरसाठी तयार आहे. मिळवण्यासाठी तुमची बँक पासबुक माहिती सबमिट करा.",No,No,No
spam,"चुकून माझ्या खात्यातून तुमच्या खात्यात Rs.5,920 ट्रान्सफर झाले आहेत, लवकरात लवकर yqfltz99@okicici वर रिफंड करा.",No,No,No
spam,"चुकून माझ्या खात्यातून तुमच्या खात्यात Rs.2,008 ट्रान्सफर झाले आहेत, लवकरात लवकर gqrscuwt@ibl वर रिफंड करा.",No,No,No
spam,"तुमचे SBI पर्सनल लोन Rs.7,085 चे पूर्व-मंजूर आहे. प्रक्रियेसाठी तुमचे बँक खाते आणि आधार तपशील शेअर करा.",No,No,No
spam,"हाय, मला वाटते मी दुसऱ्याला पेमेंट करताना चुकून तुम्हाला Rs.73,222 पाठवले. कृपया svnfta@ybl वर परत पाठवा, धन्यवाद.",No,No,No
spam,"अभिनंदन, Post Matric Scholarship अंतर्गत तुमचा अर्ज Rs.6,410 साठी मंजूर झाला आहे. वितरणासाठी तुमची बँक माहिती पाठवा.",No,No,No
spam,"मी चुकून तुमच्या Amazon Pay वर Rs.9,136 पाठवले, कृपया हे या UPI ID वर परत करा: scbpjtsp@okicici",No,No,No
spam,"तुमचे Bank of Baroda पर्सनल लोन Rs.9,602 चे पूर्व-मंजूर आहे. प्रक्रियेसाठी तुमचे बँक खाते आणि आधार तपशील शेअर करा.",No,No,No
spam,"PM Kisan Samman Nidhi: तुमचा शिष्यवृत्ती लाभ Rs.1,037 ट्रान्सफरसाठी तयार आहे. मिळवण्यासाठी तुमची बँक पासबुक माहिती सबमिट करा.",No,No,No
spam,"चुकून माझ्या खात्यातून तुमच्या खात्यात Rs.44,218 ट्रान्सफर झाले आहेत, लवकरात लवकर gsjwq@okhdfcbank वर रिफंड करा.",No,No,No
spam,"माफ करा, मी चुकून चुकीच्या नंबरवर Rs.866 ट्रान्सफर केले, हे तुमचे खाते वाटते. कृपया ziiciiu81@oksbi वर परत पाठवा.",No,No,No
spam,"PM Kisan Samman Nidhi अलर्ट: तुम्ही योजनेअंतर्गत Rs.7,890 साठी पात्र आहात. दावा करण्यासाठी तुमचा आधार आणि बँक खाते क्रमांक शेअर करा.",No,No,No
spam,"मी चुकून तुमच्या Amazon Pay वर Rs.1,662 पाठवले, कृपया हे या UPI ID वर परत करा: wwxketph64@ibl",No,No,No
spam,"अभिनंदन, National Scholarship Portal अंतर्गत तुमचा अर्ज Rs.673 साठी मंजूर झाला आहे. वितरणासाठी तुमची बँक माहिती पाठवा.",No,No,No
spam,"Post Matric Scholarship: तुमचा शिष्यवृत्ती लाभ Rs.80,897 ट्रान्सफरसाठी तयार आहे. मिळवण्यासाठी तुमची बँक पासबुक माहिती सबमिट करा.",No,No,No
spam,"तुमचे Bank of Baroda पर्सनल लोन Rs.2,612 चे पूर्व-मंजूर आहे. प्रक्रियेसाठी तुमचे बँक खाते आणि आधार तपशील शेअर करा.",No,No,No
spam,"मी चुकून तुमच्या Paytm वर Rs.5,132 पाठवले, कृपया हे या UPI ID वर परत करा: rgptii51@paytm",No,No,No
spam,"अभिनंदन, Ayushman Bharat अंतर्गत तुमचा अर्ज Rs.779 साठी मंजूर झाला आहे. वितरणासाठी तुमची बँक माहिती पाठवा.",No,No,No
spam,"तुमचे Punjab National Bank पर्सनल लोन Rs.1,118 चे पूर्व-मंजूर आहे. प्रक्रियेसाठी तुमचे बँक खाते आणि आधार तपशील शेअर करा.",No,No,No
spam,"मी चुकून तुमच्या Paytm वर Rs.723 पाठवले, कृपया हे या UPI ID वर परत करा: mvire@ibl",No,No,No
spam,"तुमच्या विमा पॉलिसीची मुदतपूर्ती रक्कम Rs.53,015 तयार आहे. पेमेंट मिळवण्यासाठी तुमची बँक पासबुक माहिती पाठवा.",No,No,No
spam,"तुमच्या विमा पॉलिसीची मुदतपूर्ती रक्कम Rs.43,822 तयार आहे. पेमेंट मिळवण्यासाठी तुमची बँक पासबुक माहिती पाठवा.",No,No,No
spam,"चुकून माझ्या खात्यातून तुमच्या खात्यात Rs.24,090 ट्रान्सफर झाले आहेत, लवकरात लवकर enblr82@oksbi वर रिफंड करा.",No,No,No
spam,"Post Matric Scholarship अलर्ट: तुम्ही योजनेअंतर्गत Rs.70,366 साठी पात्र आहात. दावा करण्यासाठी तुमचा आधार आणि बँक खाते क्रमांक शेअर करा.",No,No,No
spam,State Scholarship Scheme: तुमचा शिष्यवृत्ती लाभ Rs.582 ट्रान्सफरसाठी तयार आहे. मिळवण्यासाठी तुमची बँक पासबुक माहिती सबमिट करा.,No,No,No
spam,तुमच्या विमा पॉलिसीची मुदतपूर्ती रक्कम Rs.803 तयार आहे. पेमेंट मिळवण्यासाठी तुमची बँक पासबुक माहिती पाठवा.,No,No,No
spam,"चुकून माझ्या खात्यातून तुमच्या खात्यात Rs.96,656 ट्रान्सफर झाले आहेत, लवकरात लवकर kqinjf75@okhdfcbank वर रिफंड करा.",No,No,No
spam,तुमच्या विमा पॉलिसीची मुदतपूर्ती रक्कम Rs.721 तयार आहे. पेमेंट मिळवण्यासाठी तुमची बँक पासबुक माहिती पाठवा.,No,No,No
spam,"PM Kisan Samman Nidhi अलर्ट: तुम्ही योजनेअंतर्गत Rs.6,197 साठी पात्र आहात. दावा करण्यासाठी तुमचा आधार आणि बँक खाते क्रमांक शेअर करा.",No,No,No
spam,"हाय, मला वाटते मी दुसऱ्याला पेमेंट करताना चुकून तुम्हाला Rs.71,549 पाठवले. कृपया kqhwfmz@oksbi वर परत पाठवा, धन्यवाद.",No,No,No
spam,"चुकून माझ्या खात्यातून तुमच्या खात्यात Rs.897 ट्रान्सफर झाले आहेत, लवकरात लवकर erbew@ibl वर रिफंड करा.",No,No,No
spam,तुमचे SBI पर्सनल लोन Rs.743 चे पूर्व-मंजूर आहे. प्रक्रियेसाठी तुमचे बँक खाते आणि आधार तपशील शेअर करा.,No,No,No
spam,"हाय, मला वाटते मी दुसऱ्याला पेमेंट करताना चुकून तुम्हाला Rs.1,001 पाठवले. कृपया hidyuit22@oksbi वर परत पाठवा, धन्यवाद.",No,No,No
spam,"अभिनंदन, PMAY अंतर्गत तुमचा अर्ज Rs.48,940 साठी मंजूर झाला आहे. वितरणासाठी तुमची बँक माहिती पाठवा.",No,No,No
spam,"तुम्हाला Wipro सोबत वर्क-फ्रॉम-होम जॉबसाठी निवडले आहे. Rs.92,333 चा जॉइनिंग बोनस मिळवण्यासाठी तुमची बँक माहिती शेअर करा.",No,No,No
spam,"मी चुकून तुमच्या Paytm वर Rs.10,644 पाठवले, कृपया हे या UPI ID वर परत करा: larjqjte66@ybl",No,No,No
spam,"चुकून माझ्या खात्यातून तुमच्या खात्यात Rs.9,860 ट्रान्सफर झाले आहेत, लवकरात लवकर uhoitcm10@ibl वर रिफंड करा.",No,No,No
spam,"हाय, मला वाटते मी दुसऱ्याला पेमेंट करताना चुकून तुम्हाला Rs.520 पाठवले. कृपया edyuft@okhdfcbank वर परत पाठवा, धन्यवाद.",No,No,No
spam,"तुमच्या विमा पॉलिसीची मुदतपूर्ती रक्कम Rs.9,440 तयार आहे. पेमेंट मिळवण्यासाठी तुमची बँक पासबुक माहिती पाठवा.",No,No,No
spam,National Scholarship Portal: तुमचा शिष्यवृत्ती लाभ Rs.788 ट्रान्सफरसाठी तयार आहे. मिळवण्यासाठी तुमची बँक पासबुक माहिती सबमिट करा.,No,No,No
spam,"Ayushman Bharat: तुमचा शिष्यवृत्ती लाभ Rs.2,499 ट्रान्सफरसाठी तयार आहे. मिळवण्यासाठी तुमची बँक पासबुक माहिती सबमिट करा.",No,No,No
spam,"अभिनंदन, LPG Subsidy Scheme अंतर्गत तुमचा अर्ज Rs.42,954 साठी मंजूर झाला आहे. वितरणासाठी तुमची बँक माहिती पाठवा.",No,No,No
spam,"मी चुकून तुमच्या PhonePe वर Rs.967 पाठवले, कृपया हे या UPI ID वर परत करा: cnupfw44@axl",No,No,No
spam,"माफ करा, मी चुकून चुकीच्या नंबरवर Rs.847 ट्रान्सफर केले, हे तुमचे खाते वाटते. कृपया cuzvok@oksbi वर परत पाठवा.",No,No,No
spam,"हाय, मला वाटते मी दुसऱ्याला पेमेंट करताना चुकून तुम्हाला Rs.1,301 पाठवले. कृपया ezmfjchc@ibl वर परत पाठवा, धन्यवाद.",No,No,No
spam,"Post Matric Scholarship अलर्ट: तुम्ही योजनेअंतर्गत Rs.7,847 साठी पात्र आहात. दावा करण्यासाठी तुमचा आधार आणि बँक खाते क्रमांक शेअर करा.",No,No,No
spam,"अभिनंदन, Ayushman Bharat अंतर्गत तुमचा अर्ज Rs.920 साठी मंजूर झाला आहे. वितरणासाठी तुमची बँक माहिती पाठवा.",No,No,No
spam,तुमच्या विमा पॉलिसीची मुदतपूर्ती रक्कम Rs.542 तयार आहे. पेमेंट मिळवण्यासाठी तुमची बँक पासबुक माहिती पाठवा.,No,No,No
spam,"हाय, मला वाटते मी दुसऱ्याला पेमेंट करताना चुकून तुम्हाला Rs.9,911 पाठवले. कृपया bguatbpk41@ybl वर परत पाठवा, धन्यवाद.",No,No,No
spam,"अभिनंदन, State Scholarship Scheme अंतर्गत तुमचा अर्ज Rs.7,875 साठी मंजूर झाला आहे. वितरणासाठी तुमची बँक माहिती पाठवा.",No,No,No
spam,"माफ करा, मी चुकून चुकीच्या नंबरवर Rs.63,246 ट्रान्सफर केले, हे तुमचे खाते वाटते. कृपया qedzp@axl वर परत पाठवा.",No,No,No
spam,"हाय, मला वाटते मी दुसऱ्याला पेमेंट करताना चुकून तुम्हाला Rs.6,921 पाठवले. कृपया oshdoa88@ybl वर परत पाठवा, धन्यवाद.",No,No,No
spam,"तुमच्या विमा पॉलिसीची मुदतपूर्ती रक्कम Rs.83,330 तयार आहे. पेमेंट मिळवण्यासाठी तुमची बँक पासबुक माहिती पाठवा.",No,No,No
spam,"अभिनंदन, Ayushman Bharat अंतर्गत तुमचा अर्ज Rs.822 साठी मंजूर झाला आहे. वितरणासाठी तुमची बँक माहिती पाठवा.",No,No,No
spam,Ayushman Bharat: तुमचा शिष्यवृत्ती लाभ Rs.624 ट्रान्सफरसाठी तयार आहे. मिळवण्यासाठी तुमची बँक पासबुक माहिती सबमिट करा.,No,No,No
spam,"अभिनंदन, Ayushman Bharat अंतर्गत तुमचा अर्ज Rs.694 साठी मंजूर झाला आहे. वितरणासाठी तुमची बँक माहिती पाठवा.",No,No,No
spam,"चुकून माझ्या खात्यातून तुमच्या खात्यात Rs.720 ट्रान्सफर झाले आहेत, लवकरात लवकर ihvzzlfb@axl वर रिफंड करा.",No,No,No
spam,"LPG Subsidy Scheme: तुमचा शिष्यवृत्ती लाभ Rs.7,959 ट्रान्सफरसाठी तयार आहे. मिळवण्यासाठी तुमची बँक पासबुक माहिती सबमिट करा.",No,No,No
spam,Ayushman Bharat: तुमचा शिष्यवृत्ती लाभ Rs.875 ट्रान्सफरसाठी तयार आहे. मिळवण्यासाठी तुमची बँक पासबुक माहिती सबमिट करा.,No,No,No
spam,"माफ करा, मी चुकून चुकीच्या नंबरवर Rs.14,359 ट्रान्सफर केले, हे तुमचे खाते वाटते. कृपया reopnjn@oksbi वर परत पाठवा.",No,No,No
spam,तुम्हाला Wipro सोबत वर्क-फ्रॉम-होम जॉबसाठी निवडले आहे. Rs.716 चा जॉइनिंग बोनस मिळवण्यासाठी तुमची बँक माहिती शेअर करा.,No,No,No
spam,"माफ करा, मी चुकून चुकीच्या नंबरवर Rs.4,031 ट्रान्सफर केले, हे तुमचे खाते वाटते. कृपया lbrmao30@ibl वर परत पाठवा.",No,No,No
spam,"माफ करा, मी चुकून चुकीच्या नंबरवर Rs.678 ट्रान्सफर केले, हे तुमचे खाते वाटते. कृपया urjodtcf@paytm वर परत पाठवा.",No,No,No
spam,"तुमचे SBI पर्सनल लोन Rs.99,679 चे पूर्व-मंजूर आहे. प्रक्रियेसाठी तुमचे बँक खाते आणि आधार तपशील शेअर करा.",No,No,No
spam,"तुमच्या विमा पॉलिसीची मुदतपूर्ती रक्कम Rs.3,385 तयार आहे. पेमेंट मिळवण्यासाठी तुमची बँक पासबुक माहिती पाठवा.",No,No,No
spam,"मी चुकून तुमच्या Amazon Pay वर Rs.708 पाठवले, कृपया हे या UPI ID वर परत करा: mxaxbx@ibl",No,No,No
spam,"PM Ujjwala Yojana अलर्ट: तुम्ही योजनेअंतर्गत Rs.19,823 साठी पात्र आहात. दावा करण्यासाठी तुमचा आधार आणि बँक खाते क्रमांक शेअर करा.",No,No,No
spam,"माफ करा, मी चुकून चुकीच्या नंबरवर Rs.8,128 ट्रान्सफर केले, हे तुमचे खाते वाटते. कृपया bcsqqcdd84@okicici वर परत पाठवा.",No,No,No
spam,"LPG Subsidy Scheme अलर्ट: तुम्ही योजनेअंतर्गत Rs.61,920 साठी पात्र आहात. दावा करण्यासाठी तुमचा आधार आणि बँक खाते क्रमांक शेअर करा.",No,No,No
spam,"तुम्हाला TCS सोबत वर्क-फ्रॉम-होम जॉबसाठी निवडले आहे. Rs.9,317 चा जॉइनिंग बोनस मिळवण्यासाठी तुमची बँक माहिती शेअर करा.",No,No,No
spam,"मी चुकून तुमच्या PhonePe वर Rs.63,597 पाठवले, कृपया हे या UPI ID वर परत करा: japhb18@axl",No,No,No
spam,"हाय, मला वाटते मी दुसऱ्याला पेमेंट करताना चुकून तुम्हाला Rs.7,304 पाठवले. कृपया sqlroy@ybl वर परत पाठवा, धन्यवाद.",No,No,No
spam,"माफ करा, मी चुकून चुकीच्या नंबरवर Rs.680 ट्रान्सफर केले, हे तुमचे खाते वाटते. कृपया dposwi98@ybl वर परत पाठवा.",No,No,No
spam,"तुमच्या विमा पॉलिसीची मुदतपूर्ती रक्कम Rs.60,955 तयार आहे. पेमेंट मिळवण्यासाठी तुमची बँक पासबुक माहिती पाठवा.",No,No,No
spam,Post Matric Scholarship: तुमचा शिष्यवृत्ती लाभ Rs.643 ट्रान्सफरसाठी तयार आहे. मिळवण्यासाठी तुमची बँक पासबुक माहिती सबमिट करा.,No,No,No
spam,"हाय, मला वाटते मी दुसऱ्याला पेमेंट करताना चुकून तुम्हाला Rs.75,960 पाठवले. कृपया lzofp99@okicici वर परत पाठवा, धन्यवाद.",No,No,No
spam,"अभिनंदन, State Scholarship Scheme अंतर्गत तुमचा अर्ज Rs.684 साठी मंजूर झाला आहे. वितरणासाठी तुमची बँक माहिती पाठवा.",No,No,No
spam,"चुकून माझ्या खात्यातून तुमच्या खात्यात Rs.6,844 ट्रान्सफर झाले आहेत, लवकरात लवकर cbmvqs43@paytm वर रिफंड करा.",No,No,No
spam,"चुकून माझ्या खात्यातून तुमच्या खात्यात Rs.960 ट्रान्सफर झाले आहेत, लवकरात लवकर fkgvvq@okhdfcbank वर रिफंड करा.",No,No,No
spam,"माफ करा, मी चुकून चुकीच्या नंबरवर Rs.62,490 ट्रान्सफर केले, हे तुमचे खाते वाटते. कृपया hlmjyxfg47@okhdfcbank वर परत पाठवा.",No,No,No
spam,"मी चुकून तुमच्या Google Pay वर Rs.1,601 पाठवले, कृपया हे या UPI ID वर परत करा: yqxmgfao@axl",No,No,No
spam,"हाय, मला वाटते मी दुसऱ्याला पेमेंट करताना चुकून तुम्हाला Rs.526 पाठवले. कृपया svgqye64@okhdfcbank वर परत पाठवा, धन्यवाद.",No,No,No
spam,"अभिनंदन, PM Kisan Samman Nidhi अंतर्गत तुमचा अर्ज Rs.50,496 साठी मंजूर झाला आहे. वितरणासाठी तुमची बँक माहिती पाठवा.",No,No,No
spam,"Post Matric Scholarship अलर्ट: तुम्ही योजनेअंतर्गत Rs.8,530 साठी पात्र आहात. दावा करण्यासाठी तुमचा आधार आणि बँक खाते क्रमांक शेअर करा.",No,No,No
spam,"तुमच्या विमा पॉलिसीची मुदतपूर्ती रक्कम Rs.85,660 तयार आहे. पेमेंट मिळवण्यासाठी तुमची बँक पासबुक माहिती पाठवा.",No,No,No
spam,"हाय, मला वाटते मी दुसऱ्याला पेमेंट करताना चुकून तुम्हाला Rs.61,698 पाठवले. कृपया jxdndau@axl वर परत पाठवा, धन्यवाद.",No,No,No
spam,"चुकून माझ्या खात्यातून तुमच्या खात्यात Rs.7,159 ट्रान्सफर झाले आहेत, लवकरात लवकर cobiymnx@ybl वर रिफंड करा.",No,No,No
spam,Ayushman Bharat: तुमचा शिष्यवृत्ती लाभ Rs.655 ट्रान्सफरसाठी तयार आहे. मिळवण्यासाठी तुमची बँक पासबुक माहिती सबमिट करा.,No,No,No
spam,"तुमच्या विमा पॉलिसीची मुदतपूर्ती रक्कम Rs.57,501 तयार आहे. पेमेंट मिळवण्यासाठी तुमची बँक पासबुक माहिती पाठवा.",No,No,No
spam,"चुकून माझ्या खात्यातून तुमच्या खात्यात Rs.9,500 ट्रान्सफर झाले आहेत, लवकरात लवकर rdpjs90@okhdfcbank वर रिफंड करा.",No,No,No
spam,"चुकून माझ्या खात्यातून तुमच्या खात्यात Rs.8,630 ट्रान्सफर झाले आहेत, लवकरात लवकर ynowqwg25@okhdfcbank वर रिफंड करा.",No,No,No
spam,तुमचे SBI पर्सनल लोन Rs.919 चे पूर्व-मंजूर आहे. प्रक्रियेसाठी तुमचे बँक खाते आणि आधार तपशील शेअर करा.,No,No,No
spam,"हाय, मला वाटते मी दुसऱ्याला पेमेंट करताना चुकून तुम्हाला Rs.1,940 पाठवले. कृपया eawfg26@okhdfcbank वर परत पाठवा, धन्यवाद.",No,No,No
spam,"माफ करा, मी चुकून चुकीच्या नंबरवर Rs.64,141 ट्रान्सफर केले, हे तुमचे खाते वाटते. कृपया iyjvvmv@ibl वर परत पाठवा.",No,No,No
spam,"तुमच्या विमा पॉलिसीची मुदतपूर्ती रक्कम Rs.40,319 तयार आहे. पेमेंट मिळवण्यासाठी तुमची बँक पासबुक माहिती पाठवा.",No,No,No
spam,National Scholarship Portal अलर्ट: तुम्ही योजनेअंतर्गत Rs.574 साठी पात्र आहात. दावा करण्यासाठी तुमचा आधार आणि बँक खाते क्रमांक शेअर करा.,No,No,No
spam,"तुम्हाला HCL सोबत वर्क-फ्रॉम-होम जॉबसाठी निवडले आहे. Rs.33,828 चा जॉइनिंग बोनस मिळवण्यासाठी तुमची बँक माहिती शेअर करा.",No,No,No
spam,"मी चुकून तुमच्या Google Pay वर Rs.933 पाठवले, कृपया हे या UPI ID वर परत करा: thgjho33@okhdfcbank",No,No,No
spam,"Ayushman Bharat: तुमचा शिष्यवृत्ती लाभ Rs.81,276 ट्रान्सफरसाठी तयार आहे. मिळवण्यासाठी तुमची बँक पासबुक माहिती सबमिट करा.",No,No,No
spam,"हाय, मला वाटते मी दुसऱ्याला पेमेंट करताना चुकून तुम्हाला Rs.6,015 पाठवले. कृपया yiquy@axl वर परत पाठवा, धन्यवाद.",No,No,No
spam,तुमचे Canara Bank पर्सनल लोन Rs.964 चे पूर्व-मंजूर आहे. प्रक्रियेसाठी तुमचे बँक खाते आणि आधार तपशील शेअर करा.,No,No,No
spam,"अभिनंदन, LPG Subsidy Scheme अंतर्गत तुमचा अर्ज Rs.3,977 साठी मंजूर झाला आहे. वितरणासाठी तुमची बँक माहिती पाठवा.",No,No,No
spam,PMAY: तुमचा शिष्यवृत्ती लाभ Rs.731 ट्रान्सफरसाठी तयार आहे. मिळवण्यासाठी तुमची बँक पासबुक माहिती सबमिट करा.,No,No,No
spam,"अभिनंदन, Ayushman Bharat अंतर्गत तुमचा अर्ज Rs.83,076 साठी मंजूर झाला आहे. वितरणासाठी तुमची बँक माहिती पाठवा.",No,No,No
spam,तुमच्या विमा पॉलिसीची मुदतपूर्ती रक्कम Rs.651 तयार आहे. पेमेंट मिळवण्यासाठी तुमची बँक पासबुक माहिती पाठवा.,No,No,No
spam,"PMAY: तुमचा शिष्यवृत्ती लाभ Rs.5,134 ट्रान्सफरसाठी तयार आहे. मिळवण्यासाठी तुमची बँक पासबुक माहिती सबमिट करा.",No,No,No
spam,"अभिनंदन, PM Kisan Samman Nidhi अंतर्गत तुमचा अर्ज Rs.634 साठी मंजूर झाला आहे. वितरणासाठी तुमची बँक माहिती पाठवा.",No,No,No
spam,"चुकून माझ्या खात्यातून तुमच्या खात्यात Rs.758 ट्रान्सफर झाले आहेत, लवकरात लवकर xguumdep17@oksbi वर रिफंड करा.",No,No,No
spam,"चुकून माझ्या खात्यातून तुमच्या खात्यात Rs.14,138 ट्रान्सफर झाले आहेत, लवकरात लवकर nqxwht@ybl वर रिफंड करा.",No,No,No
spam,"तुम्हाला Amazon सोबत वर्क-फ्रॉम-होम जॉबसाठी निवडले आहे. Rs.14,309 चा जॉइनिंग बोनस मिळवण्यासाठी तुमची बँक माहिती शेअर करा.",No,No,No
spam,PM Kisan Samman Nidhi: तुमचा शिष्यवृत्ती लाभ Rs.989 ट्रान्सफरसाठी तयार आहे. मिळवण्यासाठी तुमची बँक पासबुक माहिती सबमिट करा.,No,No,No
spam,"माफ करा, मी चुकून चुकीच्या नंबरवर Rs.5,296 ट्रान्सफर केले, हे तुमचे खाते वाटते. कृपया rmiagzos40@paytm वर परत पाठवा.",No,No,No
spam,"अभिनंदन, PM Ujjwala Yojana अंतर्गत तुमचा अर्ज Rs.35,554 साठी मंजूर झाला आहे. वितरणासाठी तुमची बँक माहिती पाठवा.",No,No,No
spam,"माफ करा, मी चुकून चुकीच्या नंबरवर Rs.1,425 ट्रान्सफर केले, हे तुमचे खाते वाटते. कृपया yozpy@ibl वर परत पाठवा.",No,No,No
spam,"PMAY अलर्ट: तुम्ही योजनेअंतर्गत Rs.9,259 साठी पात्र आहात. दावा करण्यासाठी तुमचा आधार आणि बँक खाते क्रमांक शेअर करा.",No,No,No
spam,"तुमचे SBI पर्सनल लोन Rs.53,038 चे पूर्व-मंजूर आहे. प्रक्रियेसाठी तुमचे बँक खाते आणि आधार तपशील शेअर करा.",No,No,No
spam,"चुकून माझ्या खात्यातून तुमच्या खात्यात Rs.898 ट्रान्सफर झाले आहेत, लवकरात लवकर mfjqww@okhdfcbank वर रिफंड करा.",No,No,No
spam,"माफ करा, मी चुकून चुकीच्या नंबरवर Rs.72,887 ट्रान्सफर केले, हे तुमचे खाते वाटते. कृपया vmtqh@ibl वर परत पाठवा.",No,No,No
spam,"अभिनंदन, State Scholarship Scheme अंतर्गत तुमचा अर्ज Rs.25,809 साठी मंजूर झाला आहे. वितरणासाठी तुमची बँक माहिती पाठवा.",No,No,No
spam,"मी चुकून तुमच्या Google Pay वर Rs.7,994 पाठवले, कृपया हे या UPI ID वर परत करा: zyzkd85@okhdfcbank",No,No,No
spam,"तुमच्या विमा पॉलिसीची मुदतपूर्ती रक्कम Rs.32,651 तयार आहे. पेमेंट मिळवण्यासाठी तुमची बँक पासबुक माहिती पाठवा.",No,No,No
spam,"हाय, मला वाटते मी दुसऱ्याला पेमेंट करताना चुकून तुम्हाला Rs.897 पाठवले. कृपया djicush61@okicici वर परत पाठवा, धन्यवाद.",No,No,No
spam,"तुमच्या विमा पॉलिसीची मुदतपूर्ती रक्कम Rs.69,099 तयार आहे. पेमेंट मिळवण्यासाठी तुमची बँक पासबुक माहिती पाठवा.",No,No,No
spam,"तुमच्या विमा पॉलिसीची मुदतपूर्ती रक्कम Rs.5,977 तयार आहे. पेमेंट मिळवण्यासाठी तुमची बँक पासबुक माहिती पाठवा.",No,No,No
spam,"चुकून माझ्या खात्यातून तुमच्या खात्यात Rs.992 ट्रान्सफर झाले आहेत, लवकरात लवकर mkuprka@ybl वर रिफंड करा.",No,No,No
spam,PM Kisan Samman Nidhi: तुमचा शिष्यवृत्ती लाभ Rs.639 ट्रान्सफरसाठी तयार आहे. मिळवण्यासाठी तुमची बँक पासबुक माहिती सबमिट करा.,No,No,No
spam,"अभिनंदन, PMAY अंतर्गत तुमचा अर्ज Rs.11,582 साठी मंजूर झाला आहे. वितरणासाठी तुमची बँक माहिती पाठवा.",No,No,No
spam,"LPG Subsidy Scheme अलर्ट: तुम्ही योजनेअंतर्गत Rs.3,767 साठी पात्र आहात. दावा करण्यासाठी तुमचा आधार आणि बँक खाते क्रमांक शेअर करा.",No,No,No
spam,"अभिनंदन, Ayushman Bharat अंतर्गत तुमचा अर्ज Rs.7,716 साठी मंजूर झाला आहे. वितरणासाठी तुमची बँक माहिती पाठवा.",No,No,No
spam,"तुमच्या विमा पॉलिसीची मुदतपूर्ती रक्कम Rs.9,229 तयार आहे. पेमेंट मिळवण्यासाठी तुमची बँक पासबुक माहिती पाठवा.",No,No,No
spam,"तुमचे HDFC Bank पर्सनल लोन Rs.51,940 चे पूर्व-मंजूर आहे. प्रक्रियेसाठी तुमचे बँक खाते आणि आधार तपशील शेअर करा.",No,No,No
spam,"State Scholarship Scheme अलर्ट: तुम्ही योजनेअंतर्गत Rs.10,650 साठी पात्र आहात. दावा करण्यासाठी तुमचा आधार आणि बँक खाते क्रमांक शेअर करा.",No,No,No
spam,"चुकून माझ्या खात्यातून तुमच्या खात्यात Rs.816 ट्रान्सफर झाले आहेत, लवकरात लवकर kqnkfn72@oksbi वर रिफंड करा.",No,No,No
spam,तुमच्या विमा पॉलिसीची मुदतपूर्ती रक्कम Rs.574 तयार आहे. पेमेंट मिळवण्यासाठी तुमची बँक पासबुक माहिती पाठवा.,No,No,No
spam,"PMAY: तुमचा शिष्यवृत्ती लाभ Rs.40,718 ट्रान्सफरसाठी तयार आहे. मिळवण्यासाठी तुमची बँक पासबुक माहिती सबमिट करा.",No,No,No
spam,PMAY: तुमचा शिष्यवृत्ती लाभ Rs.586 ट्रान्सफरसाठी तयार आहे. मिळवण्यासाठी तुमची बँक पासबुक माहिती सबमिट करा.,No,No,No
spam,"माफ करा, मी चुकून चुकीच्या नंबरवर Rs.87,724 ट्रान्सफर केले, हे तुमचे खाते वाटते. कृपया qgaqsy@axl वर परत पाठवा.",No,No,No
spam,"हाय, मला वाटते मी दुसऱ्याला पेमेंट करताना चुकून तुम्हाला Rs.73,182 पाठवले. कृपया cfuiy19@okhdfcbank वर परत पाठवा, धन्यवाद.",No,No,No
spam,"तुमचे ICICI Bank पर्सनल लोन Rs.2,562 चे पूर्व-मंजूर आहे. प्रक्रियेसाठी तुमचे बँक खाते आणि आधार तपशील शेअर करा.",No,No,No
spam,"हाय, मला वाटते मी दुसऱ्याला पेमेंट करताना चुकून तुम्हाला Rs.595 पाठवले. कृपया ockgk77@oksbi वर परत पाठवा, धन्यवाद.",No,No,No
spam,"तुमचे Kotak Mahindra Bank पर्सनल लोन Rs.43,759 चे पूर्व-मंजूर आहे. प्रक्रियेसाठी तुमचे बँक खाते आणि आधार तपशील शेअर करा.",No,No,No
spam,"PM Kisan Samman Nidhi: तुमचा शिष्यवृत्ती लाभ Rs.97,010 ट्रान्सफरसाठी तयार आहे. मिळवण्यासाठी तुमची बँक पासबुक माहिती सबमिट करा.",No,No,No
spam,Post Matric Scholarship: तुमचा शिष्यवृत्ती लाभ Rs.915 ट्रान्सफरसाठी तयार आहे. मिळवण्यासाठी तुमची बँक पासबुक माहिती सबमिट करा.,No,No,No
spam,"चुकून माझ्या खात्यातून तुमच्या खात्यात Rs.62,062 ट्रान्सफर झाले आहेत, लवकरात लवकर zmnyf@ybl वर रिफंड करा.",No,No,No
spam,"तुमचे Canara Bank पर्सनल लोन Rs.4,402 चे पूर्व-मंजूर आहे. प्रक्रियेसाठी तुमचे बँक खाते आणि आधार तपशील शेअर करा.",No,No,No
spam,"चुकून माझ्या खात्यातून तुमच्या खात्यात Rs.25,715 ट्रान्सफर झाले आहेत, लवकरात लवकर ffhpsf@ibl वर रिफंड करा.",No,No,No
spam,"तुमच्या विमा पॉलिसीची मुदतपूर्ती रक्कम Rs.12,891 तयार आहे. पेमेंट मिळवण्यासाठी तुमची बँक पासबुक माहिती पाठवा.",No,No,No
spam,"State Scholarship Scheme अलर्ट: तुम्ही योजनेअंतर्गत Rs.83,645 साठी पात्र आहात. दावा करण्यासाठी तुमचा आधार आणि बँक खाते क्रमांक शेअर करा.",No,No,No
spam,PMAY: तुमचा शिष्यवृत्ती लाभ Rs.582 ट्रान्सफरसाठी तयार आहे. मिळवण्यासाठी तुमची बँक पासबुक माहिती सबमिट करा.,No,No,No
spam,PMAY अलर्ट: तुम्ही योजनेअंतर्गत Rs.719 साठी पात्र आहात. दावा करण्यासाठी तुमचा आधार आणि बँक खाते क्रमांक शेअर करा.,No,No,No
spam,"तुमच्या विमा पॉलिसीची मुदतपूर्ती रक्कम Rs.4,392 तयार आहे. पेमेंट मिळवण्यासाठी तुमची बँक पासबुक माहिती पाठवा.",No,No,No
spam,तुम्हाला Reliance सोबत वर्क-फ्रॉम-होम जॉबसाठी निवडले आहे. Rs.932 चा जॉइनिंग बोनस मिळवण्यासाठी तुमची बँक माहिती शेअर करा.,No,No,No
spam,PM Kisan Samman Nidhi अलर्ट: तुम्ही योजनेअंतर्गत Rs.823 साठी पात्र आहात. दावा करण्यासाठी तुमचा आधार आणि बँक खाते क्रमांक शेअर करा.,No,No,No
spam,"मी चुकून तुमच्या Google Pay वर Rs.4,519 पाठवले, कृपया हे या UPI ID वर परत करा: gjrgoo83@ibl",No,No,No
spam,"माफ करा, मी चुकून चुकीच्या नंबरवर Rs.815 ट्रान्सफर केले, हे तुमचे खाते वाटते. कृपया irsmxu@paytm वर परत पाठवा.",No,No,No
spam,"PM Ujjwala Yojana: तुमचा शिष्यवृत्ती लाभ Rs.33,123 ट्रान्सफरसाठी तयार आहे. मिळवण्यासाठी तुमची बँक पासबुक माहिती सबमिट करा.",No,No,No
spam,"अभिनंदन, National Scholarship Portal अंतर्गत तुमचा अर्ज Rs.2,148 साठी मंजूर झाला आहे. वितरणासाठी तुमची बँक माहिती पाठवा.",No,No,No
spam,"माफ करा, मी चुकून चुकीच्या नंबरवर Rs.1,590 ट्रान्सफर केले, हे तुमचे खाते वाटते. कृपया ctuzlum@oksbi वर परत पाठवा.",No,No,No
spam,"चुकून माझ्या खात्यातून तुमच्या खात्यात Rs.1,827 ट्रान्सफर झाले आहेत, लवकरात लवकर kkgqh@paytm वर रिफंड करा.",No,No,No
spam,"तुम्हाला Amazon सोबत वर्क-फ्रॉम-होम जॉबसाठी निवडले आहे. Rs.71,512 चा जॉइनिंग बोनस मिळवण्यासाठी तुमची बँक माहिती शेअर करा.",No,No,No
spam,तुम्हाला HCL सोबत वर्क-फ्रॉम-होम जॉबसाठी निवडले आहे. Rs.987 चा जॉइनिंग बोनस मिळवण्यासाठी तुमची बँक माहिती शेअर करा.,No,No,No
spam,तुमच्या विमा पॉलिसीची मुदतपूर्ती रक्कम Rs.533 तयार आहे. पेमेंट मिळवण्यासाठी तुमची बँक पासबुक माहिती पाठवा.,No,No,No
spam,"माफ करा, मी चुकून चुकीच्या नंबरवर Rs.913 ट्रान्सफर केले, हे तुमचे खाते वाटते. कृपया ysjzun@ibl वर परत पाठवा.",No,No,No
spam,"तुम्हाला Reliance सोबत वर्क-फ्रॉम-होम जॉबसाठी निवडले आहे. Rs.8,909 चा जॉइनिंग बोनस मिळवण्यासाठी तुमची बँक माहिती शेअर करा.",No,No,No
spam,"PMAY: तुमचा शिष्यवृत्ती लाभ Rs.14,880 ट्रान्सफरसाठी तयार आहे. मिळवण्यासाठी तुमची बँक पासबुक माहिती सबमिट करा.",No,No,No
spam,"हाय, मला वाटते मी दुसऱ्याला पेमेंट करताना चुकून तुम्हाला Rs.59,566 पाठवले. कृपया pqorzhtr@ybl वर परत पाठवा, धन्यवाद.",No,No,No
spam,"Ayushman Bharat अलर्ट: तुम्ही योजनेअंतर्गत Rs.36,687 साठी पात्र आहात. दावा करण्यासाठी तुमचा आधार आणि बँक खाते क्रमांक शेअर करा.",No,No,No
spam,"तुमचे Punjab National Bank पर्सनल लोन Rs.72,901 चे पूर्व-मंजूर आहे. प्रक्रियेसाठी तुमचे बँक खाते आणि आधार तपशील शेअर करा.",No,No,No
spam,"चुकून माझ्या खात्यातून तुमच्या खात्यात Rs.550 ट्रान्सफर झाले आहेत, लवकरात लवकर pzoeec@oksbi वर रिफंड करा.",No,No,No
spam,"State Scholarship Scheme अलर्ट: तुम्ही योजनेअंतर्गत Rs.7,898 साठी पात्र आहात. दावा करण्यासाठी तुमचा आधार आणि बँक खाते क्रमांक शेअर करा.",No,No,No
spam,Post Matric Scholarship: तुमचा शिष्यवृत्ती लाभ Rs.980 ट्रान्सफरसाठी तयार आहे. मिळवण्यासाठी तुमची बँक पासबुक माहिती सबमिट करा.,No,No,No
spam,"अभिनंदन, PMAY अंतर्गत तुमचा अर्ज Rs.29,537 साठी मंजूर झाला आहे. वितरणासाठी तुमची बँक माहिती पाठवा.",No,No,No
spam,"मी चुकून तुमच्या Amazon Pay वर Rs.22,526 पाठवले, कृपया हे या UPI ID वर परत करा: bfuvae31@oksbi",No,No,No
spam,"Post Matric Scholarship: तुमचा शिष्यवृत्ती लाभ Rs.5,983 ट्रान्सफरसाठी तयार आहे. मिळवण्यासाठी तुमची बँक पासबुक माहिती सबमिट करा.",No,No,No
spam,"हाय, मला वाटते मी दुसऱ्याला पेमेंट करताना चुकून तुम्हाला Rs.27,709 पाठवले. कृपया athfbwqr@paytm वर परत पाठवा, धन्यवाद.",No,No,No
spam,तुमचे Punjab National Bank पर्सनल लोन Rs.522 चे पूर्व-मंजूर आहे. प्रक्रियेसाठी तुमचे बँक खाते आणि आधार तपशील शेअर करा.,No,No,No
spam,"हाय, मला वाटते मी दुसऱ्याला पेमेंट करताना चुकून तुम्हाला Rs.585 पाठवले. कृपया ehtegxs@okhdfcbank वर परत पाठवा, धन्यवाद.",No,No,No
spam,"माफ करा, मी चुकून चुकीच्या नंबरवर Rs.58,735 ट्रान्सफर केले, हे तुमचे खाते वाटते. कृपया kyhdvgia62@ybl वर परत पाठवा.",No,No,No
spam,"तुम्हाला HCL सोबत वर्क-फ्रॉम-होम जॉबसाठी निवडले आहे. Rs.1,221 चा जॉइनिंग बोनस मिळवण्यासाठी तुमची बँक माहिती शेअर करा.",No,No,No
spam,"मी चुकून तुमच्या Amazon Pay वर Rs.35,393 पाठवले, कृपया हे या UPI ID वर परत करा: aylqww@oksbi",No,No,No
spam,"अभिनंदन, Ayushman Bharat अंतर्गत तुमचा अर्ज Rs.66,822 साठी मंजूर झाला आहे. वितरणासाठी तुमची बँक माहिती पाठवा.",No,No,No
spam,"हाय, मला वाटते मी दुसऱ्याला पेमेंट करताना चुकून तुम्हाला Rs.28,667 पाठवले. कृपया lwhsusff@okhdfcbank वर परत पाठवा, धन्यवाद.",No,No,No
spam,"चुकून माझ्या खात्यातून तुमच्या खात्यात Rs.573 ट्रान्सफर झाले आहेत, लवकरात लवकर dujqjde@okicici वर रिफंड करा.",No,No,No
spam,"अभिनंदन, Post Matric Scholarship अंतर्गत तुमचा अर्ज Rs.1,035 साठी मंजूर झाला आहे. वितरणासाठी तुमची बँक माहिती पाठवा.",No,No,No
spam,PMAY: तुमचा शिष्यवृत्ती लाभ Rs.668 ट्रान्सफरसाठी तयार आहे. मिळवण्यासाठी तुमची बँक पासबुक माहिती सबमिट करा.,No,No,No
spam,"चुकून माझ्या खात्यातून तुमच्या खात्यात Rs.681 ट्रान्सफर झाले आहेत, लवकरात लवकर pywgaum@axl वर रिफंड करा.",No,No,No
spam,"National Scholarship Portal: तुमचा शिष्यवृत्ती लाभ Rs.13,813 ट्रान्सफरसाठी तयार आहे. मिळवण्यासाठी तुमची बँक पासबुक माहिती सबमिट करा.",No,No,No
spam,"तुम्हाला Wipro सोबत वर्क-फ्रॉम-होम जॉबसाठी निवडले आहे. Rs.3,543 चा जॉइनिंग बोनस मिळवण्यासाठी तुमची बँक माहिती शेअर करा.",No,No,No
spam,"माफ करा, मी चुकून चुकीच्या नंबरवर Rs.3,460 ट्रान्सफर केले, हे तुमचे खाते वाटते. कृपया iwskmlyf@oksbi वर परत पाठवा.",No,No,No
spam,"तुम्हाला HCL सोबत वर्क-फ्रॉम-होम जॉबसाठी निवडले आहे. Rs.70,524 चा जॉइनिंग बोनस मिळवण्यासाठी तुमची बँक माहिती शेअर करा.",No,No,No
spam,"हाय, मला वाटते मी दुसऱ्याला पेमेंट करताना चुकून तुम्हाला Rs.872 पाठवले. कृपया mdvcgynu@oksbi वर परत पाठवा, धन्यवाद.",No,No,No
spam,"LPG Subsidy Scheme: तुमचा शिष्यवृत्ती लाभ Rs.4,950 ट्रान्सफरसाठी तयार आहे. मिळवण्यासाठी तुमची बँक पासबुक माहिती सबमिट करा.",No,No,No
spam,"अभिनंदन, Post Matric Scholarship अंतर्गत तुमचा अर्ज Rs.787 साठी मंजूर झाला आहे. वितरणासाठी तुमची बँक माहिती पाठवा.",No,No,No
spam,State Scholarship Scheme: तुमचा शिष्यवृत्ती लाभ Rs.900 ट्रान्सफरसाठी तयार आहे. मिळवण्यासाठी तुमची बँक पासबुक माहिती सबमिट करा.,No,No,No
spam,"तुम्हाला Flipkart सोबत वर्क-फ्रॉम-होम जॉबसाठी निवडले आहे. Rs.87,354 चा जॉइनिंग बोनस मिळवण्यासाठी तुमची बँक माहिती शेअर करा.",No,No,No
spam,"हाय, मला वाटते मी दुसऱ्याला पेमेंट करताना चुकून तुम्हाला Rs.613 पाठवले. कृपया patld44@okicici वर परत पाठवा, धन्यवाद.",No,No,No
spam,"हाय, मला वाटते मी दुसऱ्याला पेमेंट करताना चुकून तुम्हाला Rs.23,224 पाठवले. कृपया hocpt96@ibl वर परत पाठवा, धन्यवाद.",No,No,No
spam,"तुम्हाला TCS सोबत वर्क-फ्रॉम-होम जॉबसाठी निवडले आहे. Rs.2,792 चा जॉइनिंग बोनस मिळवण्यासाठी तुमची बँक माहिती शेअर करा.",No,No,No
spam,"तुमचे HDFC Bank पर्सनल लोन Rs.5,513 चे पूर्व-मंजूर आहे. प्रक्रियेसाठी तुमचे बँक खाते आणि आधार तपशील शेअर करा.",No,No,No
spam,"मी चुकून तुमच्या Google Pay वर Rs.3,225 पाठवले, कृपया हे या UPI ID वर परत करा: rdsgyg@axl",No,No,No
spam,"तुम्हाला TCS सोबत वर्क-फ्रॉम-होम जॉबसाठी निवडले आहे. Rs.4,260 चा जॉइनिंग बोनस मिळवण्यासाठी तुमची बँक माहिती शेअर करा.",No,No,No
spam,"Post Matric Scholarship: तुमचा शिष्यवृत्ती लाभ Rs.59,395 ट्रान्सफरसाठी तयार आहे. मिळवण्यासाठी तुमची बँक पासबुक माहिती सबमिट करा.",No,No,No
spam,"मी चुकून तुमच्या Paytm वर Rs.61,331 पाठवले, कृपया हे या UPI ID वर परत करा: osjdbyc88@paytm",No,No,No
spam,"मी चुकून तुमच्या PhonePe वर Rs.9,618 पाठवले, कृपया हे या UPI ID वर परत करा: yswhw56@axl",No,No,No
spam,तुम्हाला Infosys सोबत वर्क-फ्रॉम-होम जॉबसाठी निवडले आहे. Rs.606 चा जॉइनिंग बोनस मिळवण्यासाठी तुमची बँक माहिती शेअर करा.,No,No,No
spam,"चुकून माझ्या खात्यातून तुमच्या खात्यात Rs.88,379 ट्रान्सफर झाले आहेत, लवकरात लवकर rxrfkda68@axl वर रिफंड करा.",No,No,No
spam,तुम्हाला Wipro सोबत वर्क-फ्रॉम-होम जॉबसाठी निवडले आहे. Rs.920 चा जॉइनिंग बोनस मिळवण्यासाठी तुमची बँक माहिती शेअर करा.,No,No,No
spam,"मी चुकून तुमच्या Amazon Pay वर Rs.79,469 पाठवले, कृपया हे या UPI ID वर परत करा: ruufrtj20@ybl",No,No,No
spam,Ayushman Bharat अलर्ट: तुम्ही योजनेअंतर्गत Rs.532 साठी पात्र आहात. दावा करण्यासाठी तुमचा आधार आणि बँक खाते क्रमांक शेअर करा.,No,No,No
spam,"हाय, मला वाटते मी दुसऱ्याला पेमेंट करताना चुकून तुम्हाला Rs.956 पाठवले. कृपया ehmujy23@axl वर परत पाठवा, धन्यवाद.",No,No,No
spam,"मी चुकून तुमच्या Amazon Pay वर Rs.756 पाठवले, कृपया हे या UPI ID वर परत करा: totenh54@okicici",No,No,No
spam,"अभिनंदन, PMAY अंतर्गत तुमचा अर्ज Rs.834 साठी मंजूर झाला आहे. वितरणासाठी तुमची बँक माहिती पाठवा.",No,No,No
spam,तुम्हाला Reliance सोबत वर्क-फ्रॉम-होम जॉबसाठी निवडले आहे. Rs.777 चा जॉइनिंग बोनस मिळवण्यासाठी तुमची बँक माहिती शेअर करा.,No,No,No
spam,"माफ करा, मी चुकून चुकीच्या नंबरवर Rs.5,365 ट्रान्सफर केले, हे तुमचे खाते वाटते. कृपया biprsxr@ibl वर परत पाठवा.",No,No,No
spam,"LPG Subsidy Scheme: तुमचा शिष्यवृत्ती लाभ Rs.6,805 ट्रान्सफरसाठी तयार आहे. मिळवण्यासाठी तुमची बँक पासबुक माहिती सबमिट करा.",No,No,No
spam,"मी चुकून तुमच्या PhonePe वर Rs.8,733 पाठवले, कृपया हे या UPI ID वर परत करा: ciobtxzv@ibl",No,No,No
spam,"तुमच्या विमा पॉलिसीची मुदतपूर्ती रक्कम Rs.61,440 तयार आहे. पेमेंट मिळवण्यासाठी तुमची बँक पासबुक माहिती पाठवा.",No,No,No
spam,"अभिनंदन, PMAY अंतर्गत तुमचा अर्ज Rs.2,615 साठी मंजूर झाला आहे. वितरणासाठी तुमची बँक माहिती पाठवा.",No,No,No
spam,"मी चुकून तुमच्या Amazon Pay वर Rs.689 पाठवले, कृपया हे या UPI ID वर परत करा: yynadav@ybl",No,No,No
spam,"तुम्हाला TCS सोबत वर्क-फ्रॉम-होम जॉबसाठी निवडले आहे. Rs.88,314 चा जॉइनिंग बोनस मिळवण्यासाठी तुमची बँक माहिती शेअर करा.",No,No,No
spam,"तुमच्या विमा पॉलिसीची मुदतपूर्ती रक्कम Rs.7,581 तयार आहे. पेमेंट मिळवण्यासाठी तुमची बँक पासबुक माहिती पाठवा.",No,No,No
spam,"LPG Subsidy Scheme: तुमचा शिष्यवृत्ती लाभ Rs.8,048 ट्रान्सफरसाठी तयार आहे. मिळवण्यासाठी तुमची बँक पासबुक माहिती सबमिट करा.",No,No,No
spam,"तुम्हाला TCS सोबत वर्क-फ्रॉम-होम जॉबसाठी निवडले आहे. Rs.4,446 चा जॉइनिंग बोनस मिळवण्यासाठी तुमची बँक माहिती शेअर करा.",No,No,No
spam,"तुमच्या विमा पॉलिसीची मुदतपूर्ती रक्कम Rs.5,433 तयार आहे. पेमेंट मिळवण्यासाठी तुमची बँक पासबुक माहिती पाठवा.",No,No,No
spam,"अभिनंदन, LPG Subsidy Scheme अंतर्गत तुमचा अर्ज Rs.878 साठी मंजूर झाला आहे. वितरणासाठी तुमची बँक माहिती पाठवा.",No,No,No
spam,"तुमच्या विमा पॉलिसीची मुदतपूर्ती रक्कम Rs.23,571 तयार आहे. पेमेंट मिळवण्यासाठी तुमची बँक पासबुक माहिती पाठवा.",No,No,No
spam,"तुमच्या विमा पॉलिसीची मुदतपूर्ती रक्कम Rs.73,482 तयार आहे. पेमेंट मिळवण्यासाठी तुमची बँक पासबुक माहिती पाठवा.",No,No,No
spam,LPG Subsidy Scheme: तुमचा शिष्यवृत्ती लाभ Rs.723 ट्रान्सफरसाठी तयार आहे. मिळवण्यासाठी तुमची बँक पासबुक माहिती सबमिट करा.,No,No,No
spam,"अभिनंदन, PMAY अंतर्गत तुमचा अर्ज Rs.871 साठी मंजूर झाला आहे. वितरणासाठी तुमची बँक माहिती पाठवा.",No,No,No
spam,"PM Kisan Samman Nidhi अलर्ट: तुम्ही योजनेअंतर्गत Rs.71,179 साठी पात्र आहात. दावा करण्यासाठी तुमचा आधार आणि बँक खाते क्रमांक शेअर करा.",No,No,No
spam,"Ayushman Bharat अलर्ट: तुम्ही योजनेअंतर्गत Rs.67,082 साठी पात्र आहात. दावा करण्यासाठी तुमचा आधार आणि बँक खाते क्रमांक शेअर करा.",No,No,No
spam,"चुकून माझ्या खात्यातून तुमच्या खात्यात Rs.5,010 ट्रान्सफर झाले आहेत, लवकरात लवकर unjfm23@okhdfcbank वर रिफंड करा.",No,No,No
spam,"तुमच्या विमा पॉलिसीची मुदतपूर्ती रक्कम Rs.74,552 तयार आहे. पेमेंट मिळवण्यासाठी तुमची बँक पासबुक माहिती पाठवा.",No,No,No
spam,"तुमच्या विमा पॉलिसीची मुदतपूर्ती रक्कम Rs.5,447 तयार आहे. पेमेंट मिळवण्यासाठी तुमची बँक पासबुक माहिती पाठवा.",No,No,No
spam,"मी चुकून तुमच्या Paytm वर Rs.88,100 पाठवले, कृपया हे या UPI ID वर परत करा: cggquwav@ibl",No,No,No
spam,"मी चुकून तुमच्या Amazon Pay वर Rs.47,940 पाठवले, कृपया हे या UPI ID वर परत करा: xtfbxh@okhdfcbank",No,No,No
spam,"चुकून माझ्या खात्यातून तुमच्या खात्यात Rs.77,431 ट्रान्सफर झाले आहेत, लवकरात लवकर cvojajw@axl वर रिफंड करा.",No,No,No
spam,"हाय, मला वाटते मी दुसऱ्याला पेमेंट करताना चुकून तुम्हाला Rs.40,380 पाठवले. कृपया iohvs87@paytm वर परत पाठवा, धन्यवाद.",No,No,No
spam,"मी चुकून तुमच्या Google Pay वर Rs.90,172 पाठवले, कृपया हे या UPI ID वर परत करा: biavn73@okicici",No,No,No
spam,"चुकून माझ्या खात्यातून तुमच्या खात्यात Rs.5,569 ट्रान्सफर झाले आहेत, लवकरात लवकर robplemj14@axl वर रिफंड करा.",No,No,No
spam,"हाय, मला वाटते मी दुसऱ्याला पेमेंट करताना चुकून तुम्हाला Rs.9,353 पाठवले. कृपया mosusk@oksbi वर परत पाठवा, धन्यवाद.",No,No,No
spam,"अभिनंदन, State Scholarship Scheme अंतर्गत तुमचा अर्ज Rs.12,519 साठी मंजूर झाला आहे. वितरणासाठी तुमची बँक माहिती पाठवा.",No,No,No
spam,"PMAY: तुमचा शिष्यवृत्ती लाभ Rs.2,319 ट्रान्सफरसाठी तयार आहे. मिळवण्यासाठी तुमची बँक पासबुक माहिती सबमिट करा.",No,No,No
spam,"हाय, मला वाटते मी दुसऱ्याला पेमेंट करताना चुकून तुम्हाला Rs.511 पाठवले. कृपया mnais27@paytm वर परत पाठवा, धन्यवाद.",No,No,No
spam,"हाय, मला वाटते मी दुसऱ्याला पेमेंट करताना चुकून तुम्हाला Rs.23,428 पाठवले. कृपया vdiaygry@axl वर परत पाठवा, धन्यवाद.",No,No,No
spam,तुम्हाला Flipkart सोबत वर्क-फ्रॉम-होम जॉबसाठी निवडले आहे. Rs.710 चा जॉइनिंग बोनस मिळवण्यासाठी तुमची बँक माहिती शेअर करा.,No,No,No
spam,"तुमच्या विमा पॉलिसीची मुदतपूर्ती रक्कम Rs.20,089 तयार आहे. पेमेंट मिळवण्यासाठी तुमची बँक पासबुक माहिती पाठवा.",No,No,No
spam,"तुमच्या विमा पॉलिसीची मुदतपूर्ती रक्कम Rs.8,354 तयार आहे. पेमेंट मिळवण्यासाठी तुमची बँक पासबुक माहिती पाठवा.",No,No,No
spam,"चुकून माझ्या खात्यातून तुमच्या खात्यात Rs.12,949 ट्रान्सफर झाले आहेत, लवकरात लवकर wmbkwvb71@oksbi वर रिफंड करा.",No,No,No
spam,"अभिनंदन, PMAY अंतर्गत तुमचा अर्ज Rs.96,627 साठी मंजूर झाला आहे. वितरणासाठी तुमची बँक माहिती पाठवा.",No,No,No
spam,"हाय, मला वाटते मी दुसऱ्याला पेमेंट करताना चुकून तुम्हाला Rs.20,409 पाठवले. कृपया kpvokmv@paytm वर परत पाठवा, धन्यवाद.",No,No,No
spam,तुमच्या विमा पॉलिसीची मुदतपूर्ती रक्कम Rs.928 तयार आहे. पेमेंट मिळवण्यासाठी तुमची बँक पासबुक माहिती पाठवा.,No,No,No
spam,"LPG Subsidy Scheme: तुमचा शिष्यवृत्ती लाभ Rs.70,154 ट्रान्सफरसाठी तयार आहे. मिळवण्यासाठी तुमची बँक पासबुक माहिती सबमिट करा.",No,No,No
spam,"मी चुकून तुमच्या Google Pay वर Rs.57,334 पाठवले, कृपया हे या UPI ID वर परत करा: sssqp@oksbi",No,No,No
spam,"हाय, मला वाटते मी दुसऱ्याला पेमेंट करताना चुकून तुम्हाला Rs.660 पाठवले. कृपया ujgwg73@oksbi वर परत पाठवा, धन्यवाद.",No,No,No
spam,"चुकून माझ्या खात्यातून तुमच्या खात्यात Rs.866 ट्रान्सफर झाले आहेत, लवकरात लवकर hgzvj30@okicici वर रिफंड करा.",No,No,No
spam,Ayushman Bharat अलर्ट: तुम्ही योजनेअंतर्गत Rs.654 साठी पात्र आहात. दावा करण्यासाठी तुमचा आधार आणि बँक खाते क्रमांक शेअर करा.,No,No,No
spam,"अभिनंदन, PMAY अंतर्गत तुमचा अर्ज Rs.8,284 साठी मंजूर झाला आहे. वितरणासाठी तुमची बँक माहिती पाठवा.",No,No,No
spam,"हाय, मला वाटते मी दुसऱ्याला पेमेंट करताना चुकून तुम्हाला Rs.56,592 पाठवले. कृपया bmwpb97@axl वर परत पाठवा, धन्यवाद.",No,No,No
spam,"तुम्हाला Amazon सोबत वर्क-फ्रॉम-होम जॉबसाठी निवडले आहे. Rs.44,512 चा जॉइनिंग बोनस मिळवण्यासाठी तुमची बँक माहिती शेअर करा.",No,No,No
spam,तुम्हाला Flipkart सोबत वर्क-फ्रॉम-होम जॉबसाठी निवडले आहे. Rs.938 चा जॉइनिंग बोनस मिळवण्यासाठी तुमची बँक माहिती शेअर करा.,No,No,No
spam,तुमचे Canara Bank पर्सनल लोन Rs.713 चे पूर्व-मंजूर आहे. प्रक्रियेसाठी तुमचे बँक खाते आणि आधार तपशील शेअर करा.,No,No,No
spam,"चुकून माझ्या खात्यातून तुमच्या खात्यात Rs.30,878 ट्रान्सफर झाले आहेत, लवकरात लवकर lzrxzuyh53@axl वर रिफंड करा.",No,No,No
spam,"तुमच्या विमा पॉलिसीची मुदतपूर्ती रक्कम Rs.6,883 तयार आहे. पेमेंट मिळवण्यासाठी तुमची बँक पासबुक माहिती पाठवा.",No,No,No
spam,"चुकून माझ्या खात्यातून तुमच्या खात्यात Rs.83,232 ट्रान्सफर झाले आहेत, लवकरात लवकर txhldf@ybl वर रिफंड करा.",No,No,No
spam,"हाय, मला वाटते मी दुसऱ्याला पेमेंट करताना चुकून तुम्हाला Rs.642 पाठवले. कृपया jmoaz22@ibl वर परत पाठवा, धन्यवाद.",No,No,No
spam,"तुमचे Canara Bank पर्सनल लोन Rs.78,166 चे पूर्व-मंजूर आहे. प्रक्रियेसाठी तुमचे बँक खाते आणि आधार तपशील शेअर करा.",No,No,No
spam,तुमचे Kotak Mahindra Bank पर्सनल लोन Rs.719 चे पूर्व-मंजूर आहे. प्रक्रियेसाठी तुमचे बँक खाते आणि आधार तपशील शेअर करा.,No,No,No
spam,तुम्हाला Reliance सोबत वर्क-फ्रॉम-होम जॉबसाठी निवडले आहे. Rs.975 चा जॉइनिंग बोनस मिळवण्यासाठी तुमची बँक माहिती शेअर करा.,No,No,No
spam,"चुकून माझ्या खात्यातून तुमच्या खात्यात Rs.2,362 ट्रान्सफर झाले आहेत, लवकरात लवकर gyese@oksbi वर रिफंड करा.",No,No,No
spam,"Post Matric Scholarship अलर्ट: तुम्ही योजनेअंतर्गत Rs.2,052 साठी पात्र आहात. दावा करण्यासाठी तुमचा आधार आणि बँक खाते क्रमांक शेअर करा.",No,No,No
spam,"तुमच्या विमा पॉलिसीची मुदतपूर्ती रक्कम Rs.85,252 तयार आहे. पेमेंट मिळवण्यासाठी तुमची बँक पासबुक माहिती पाठवा.",No,No,No
spam,"अभिनंदन, PMAY अंतर्गत तुमचा अर्ज Rs.90,595 साठी मंजूर झाला आहे. वितरणासाठी तुमची बँक माहिती पाठवा.",No,No,No
spam,"चुकून माझ्या खात्यातून तुमच्या खात्यात Rs.1,808 ट्रान्सफर झाले आहेत, लवकरात लवकर nypbkz94@ibl वर रिफंड करा.",No,No,No
spam,"माफ करा, मी चुकून चुकीच्या नंबरवर Rs.5,979 ट्रान्सफर केले, हे तुमचे खाते वाटते. कृपया krznd67@oksbi वर परत पाठवा.",No,No,No
spam,Post Matric Scholarship: तुमचा शिष्यवृत्ती लाभ Rs.825 ट्रान्सफरसाठी तयार आहे. मिळवण्यासाठी तुमची बँक पासबुक माहिती सबमिट करा.,No,No,No
spam,"State Scholarship Scheme अलर्ट: तुम्ही योजनेअंतर्गत Rs.55,822 साठी पात्र आहात. दावा करण्यासाठी तुमचा आधार आणि बँक खाते क्रमांक शेअर करा.",No,No,No
spam,"माफ करा, मी चुकून चुकीच्या नंबरवर Rs.3,999 ट्रान्सफर केले, हे तुमचे खाते वाटते. कृपया rlymwhbi10@okicici वर परत पाठवा.",No,No,No
spam,"माफ करा, मी चुकून चुकीच्या नंबरवर Rs.1,780 ट्रान्सफर केले, हे तुमचे खाते वाटते. कृपया zmemf@okhdfcbank वर परत पाठवा.",No,No,No
spam,"अभिनंदन, PM Ujjwala Yojana अंतर्गत तुमचा अर्ज Rs.88,853 साठी मंजूर झाला आहे. वितरणासाठी तुमची बँक माहिती पाठवा.",No,No,No
spam,"तुमच्या विमा पॉलिसीची मुदतपूर्ती रक्कम Rs.25,834 तयार आहे. पेमेंट मिळवण्यासाठी तुमची बँक पासबुक माहिती पाठवा.",No,No,No
spam,"तुमचे ICICI Bank पर्सनल लोन Rs.5,901 चे पूर्व-मंजूर आहे. प्रक्रियेसाठी तुमचे बँक खाते आणि आधार तपशील शेअर करा.",No,No,No
spam,"मी चुकून तुमच्या Amazon Pay वर Rs.82,299 पाठवले, कृपया हे या UPI ID वर परत करा: fxdnxtoj@ybl",No,No,No
spam,"अभिनंदन, National Scholarship Portal अंतर्गत तुमचा अर्ज Rs.966 साठी मंजूर झाला आहे. वितरणासाठी तुमची बँक माहिती पाठवा.",No,No,No
spam,"चुकून माझ्या खात्यातून तुमच्या खात्यात Rs.652 ट्रान्सफर झाले आहेत, लवकरात लवकर dslss68@ybl वर रिफंड करा.",No,No,No
spam,"तुम्हाला Wipro सोबत वर्क-फ्रॉम-होम जॉबसाठी निवडले आहे. Rs.3,352 चा जॉइनिंग बोनस मिळवण्यासाठी तुमची बँक माहिती शेअर करा.",No,No,No
spam,"मी चुकून तुमच्या Google Pay वर Rs.42,377 पाठवले, कृपया हे या UPI ID वर परत करा: uuaerlvn@axl",No,No,No
spam,"हाय, मला वाटते मी दुसऱ्याला पेमेंट करताना चुकून तुम्हाला Rs.67,882 पाठवले. कृपया fxlrwtaz49@ibl वर परत पाठवा, धन्यवाद.",No,No,No
spam,"State Scholarship Scheme अलर्ट: तुम्ही योजनेअंतर्गत Rs.8,827 साठी पात्र आहात. दावा करण्यासाठी तुमचा आधार आणि बँक खाते क्रमांक शेअर करा.",No,No,No
spam,"तुम्हाला HCL सोबत वर्क-फ्रॉम-होम जॉबसाठी निवडले आहे. Rs.1,888 चा जॉइनिंग बोनस मिळवण्यासाठी तुमची बँक माहिती शेअर करा.",No,No,No
spam,"तुमचे Punjab National Bank पर्सनल लोन Rs.68,453 चे पूर्व-मंजूर आहे. प्रक्रियेसाठी तुमचे बँक खाते आणि आधार तपशील शेअर करा.",No,No,No
spam,"हाय, मला वाटते मी दुसऱ्याला पेमेंट करताना चुकून तुम्हाला Rs.77,937 पाठवले. कृपया zopsu@axl वर परत पाठवा, धन्यवाद.",No,No,No
spam,"हाय, मला वाटते मी दुसऱ्याला पेमेंट करताना चुकून तुम्हाला Rs.56,707 पाठवले. कृपया dpuxq43@okicici वर परत पाठवा, धन्यवाद.",No,No,No
spam,तुमच्या विमा पॉलिसीची मुदतपूर्ती रक्कम Rs.647 तयार आहे. पेमेंट मिळवण्यासाठी तुमची बँक पासबुक माहिती पाठवा.,No,No,No
spam,"अभिनंदन, LPG Subsidy Scheme अंतर्गत तुमचा अर्ज Rs.703 साठी मंजूर झाला आहे. वितरणासाठी तुमची बँक माहिती पाठवा.",No,No,No
spam,"मी चुकून तुमच्या Google Pay वर Rs.7,010 पाठवले, कृपया हे या UPI ID वर परत करा: slyxdhsd85@axl",No,No,No
spam,"तुमच्या विमा पॉलिसीची मुदतपूर्ती रक्कम Rs.74,728 तयार आहे. पेमेंट मिळवण्यासाठी तुमची बँक पासबुक माहिती पाठवा.",No,No,No
spam,"हाय, मला वाटते मी दुसऱ्याला पेमेंट करताना चुकून तुम्हाला Rs.4,611 पाठवले. कृपया sdoelmf@okhdfcbank वर परत पाठवा, धन्यवाद.",No,No,No
spam,"तुम्हाला Amazon सोबत वर्क-फ्रॉम-होम जॉबसाठी निवडले आहे. Rs.27,339 चा जॉइनिंग बोनस मिळवण्यासाठी तुमची बँक माहिती शेअर करा.",No,No,No
spam,"तुम्हाला HCL सोबत वर्क-फ्रॉम-होम जॉबसाठी निवडले आहे. Rs.8,567 चा जॉइनिंग बोनस मिळवण्यासाठी तुमची बँक माहिती शेअर करा.",No,No,No
spam,"तुम्हाला Wipro सोबत वर्क-फ्रॉम-होम जॉबसाठी निवडले आहे. Rs.47,620 चा जॉइनिंग बोनस मिळवण्यासाठी तुमची बँक माहिती शेअर करा.",No,No,No
spam,"तुम्हाला HCL सोबत वर्क-फ्रॉम-होम जॉबसाठी निवडले आहे. Rs.5,809 चा जॉइनिंग बोनस मिळवण्यासाठी तुमची बँक माहिती शेअर करा.",No,No,No
spam,तुम्हाला Amazon सोबत वर्क-फ्रॉम-होम जॉबसाठी निवडले आहे. Rs.844 चा जॉइनिंग बोनस मिळवण्यासाठी तुमची बँक माहिती शेअर करा.,No,No,No
spam,"हाय, मला वाटते मी दुसऱ्याला पेमेंट करताना चुकून तुम्हाला Rs.606 पाठवले. कृपया ndtqlf@okicici वर परत पाठवा, धन्यवाद.",No,No,No
spam,तुमचे HDFC Bank पर्सनल लोन Rs.915 चे पूर्व-मंजूर आहे. प्रक्रियेसाठी तुमचे बँक खाते आणि आधार तपशील शेअर करा.,No,No,No
spam,तुम्हाला Infosys सोबत वर्क-फ्रॉम-होम जॉबसाठी निवडले आहे. Rs.623 चा जॉइनिंग बोनस मिळवण्यासाठी तुमची बँक माहिती शेअर करा.,No,No,No
spam,तुमचे Canara Bank पर्सनल लोन Rs.518 चे पूर्व-मंजूर आहे. प्रक्रियेसाठी तुमचे बँक खाते आणि आधार तपशील शेअर करा.,No,No,No
spam,"अभिनंदन, Post Matric Scholarship अंतर्गत तुमचा अर्ज Rs.2,066 साठी मंजूर झाला आहे. वितरणासाठी तुमची बँक माहिती पाठवा.",No,No,No
spam,Ayushman Bharat अलर्ट: तुम्ही योजनेअंतर्गत Rs.723 साठी पात्र आहात. दावा करण्यासाठी तुमचा आधार आणि बँक खाते क्रमांक शेअर करा.,No,No,No
spam,तुम्हाला Reliance सोबत वर्क-फ्रॉम-होम जॉबसाठी निवडले आहे. Rs.582 चा जॉइनिंग बोनस मिळवण्यासाठी तुमची बँक माहिती शेअर करा.,No,No,No
spam,"चुकून माझ्या खात्यातून तुमच्या खात्यात Rs.3,911 ट्रान्सफर झाले आहेत, लवकरात लवकर qlvvue87@ibl वर रिफंड करा.",No,No,No
spam,"अभिनंदन, Post Matric Scholarship अंतर्गत तुमचा अर्ज Rs.519 साठी मंजूर झाला आहे. वितरणासाठी तुमची बँक माहिती पाठवा.",No,No,No
spam,"हाय, मला वाटते मी दुसऱ्याला पेमेंट करताना चुकून तुम्हाला Rs.774 पाठवले. कृपया uwhtrfa@ybl वर परत पाठवा, धन्यवाद.",No,No,No
spam,"तुम्हाला Reliance सोबत वर्क-फ्रॉम-होम जॉबसाठी निवडले आहे. Rs.91,846 चा जॉइनिंग बोनस मिळवण्यासाठी तुमची बँक माहिती शेअर करा.",No,No,No
spam,"हाय, मला वाटते मी दुसऱ्याला पेमेंट करताना चुकून तुम्हाला Rs.9,288 पाठवले. कृपया bfhoeb@ibl वर परत पाठवा, धन्यवाद.",No,No,No
spam,"हाय, मला वाटते मी दुसऱ्याला पेमेंट करताना चुकून तुम्हाला Rs.12,005 पाठवले. कृपया zjcfni@ibl वर परत पाठवा, धन्यवाद.",No,No,No
spam,"तुम्हाला Infosys सोबत वर्क-फ्रॉम-होम जॉबसाठी निवडले आहे. Rs.4,899 चा जॉइनिंग बोनस मिळवण्यासाठी तुमची बँक माहिती शेअर करा.",No,No,No
spam,"तुम्हाला Amazon सोबत वर्क-फ्रॉम-होम जॉबसाठी निवडले आहे. Rs.70,748 चा जॉइनिंग बोनस मिळवण्यासाठी तुमची बँक माहिती शेअर करा.",No,No,No
spam,"माफ करा, मी चुकून चुकीच्या नंबरवर Rs.757 ट्रान्सफर केले, हे तुमचे खाते वाटते. कृपया urhkqr@ibl वर परत पाठवा.",No,No,No
spam,"माफ करा, मी चुकून चुकीच्या नंबरवर Rs.34,869 ट्रान्सफर केले, हे तुमचे खाते वाटते. कृपया ugjrhfr25@ybl वर परत पाठवा.",No,No,No
spam,"तुम्हाला Wipro सोबत वर्क-फ्रॉम-होम जॉबसाठी निवडले आहे. Rs.30,861 चा जॉइनिंग बोनस मिळवण्यासाठी तुमची बँक माहिती शेअर करा.",No,No,No
spam,"माफ करा, मी चुकून चुकीच्या नंबरवर Rs.47,181 ट्रान्सफर केले, हे तुमचे खाते वाटते. कृपया agnjm@okicici वर परत पाठवा.",No,No,No
spam,"तुमचे Bank of Baroda पर्सनल लोन Rs.3,246 चे पूर्व-मंजूर आहे. प्रक्रियेसाठी तुमचे बँक खाते आणि आधार तपशील शेअर करा.",No,No,No
spam,"माफ करा, मी चुकून चुकीच्या नंबरवर Rs.3,506 ट्रान्सफर केले, हे तुमचे खाते वाटते. कृपया krgtks@okhdfcbank वर परत पाठवा.",No,No,No
spam,"हाय, मला वाटते मी दुसऱ्याला पेमेंट करताना चुकून तुम्हाला Rs.28,244 पाठवले. कृपया rchdcbok41@okicici वर परत पाठवा, धन्यवाद.",No,No,No
spam,"मी चुकून तुमच्या PhonePe वर Rs.926 पाठवले, कृपया हे या UPI ID वर परत करा: khzsoum@axl",No,No,No
spam,"तुमचे SBI पर्सनल लोन Rs.7,260 चे पूर्व-मंजूर आहे. प्रक्रियेसाठी तुमचे बँक खाते आणि आधार तपशील शेअर करा.",No,No,No
spam,"तुम्हाला Reliance सोबत वर्क-फ्रॉम-होम जॉबसाठी निवडले आहे. Rs.25,923 चा जॉइनिंग बोनस मिळवण्यासाठी तुमची बँक माहिती शेअर करा.",No,No,No
spam,तुमच्या विमा पॉलिसीची मुदतपूर्ती रक्कम Rs.782 तयार आहे. पेमेंट मिळवण्यासाठी तुमची बँक पासबुक माहिती पाठवा.,No,No,No
spam,Ayushman Bharat: तुमचा शिष्यवृत्ती लाभ Rs.712 ट्रान्सफरसाठी तयार आहे. मिळवण्यासाठी तुमची बँक पासबुक माहिती सबमिट करा.,No,No,No
spam,"PM Ujjwala Yojana: तुमचा शिष्यवृत्ती लाभ Rs.5,550 ट्रान्सफरसाठी तयार आहे. मिळवण्यासाठी तुमची बँक पासबुक माहिती सबमिट करा.",No,No,No
spam,"चुकून माझ्या खात्यातून तुमच्या खात्यात Rs.774 ट्रान्सफर झाले आहेत, लवकरात लवकर upxsmaxh@okicici वर रिफंड करा.",No,No,No
spam,"मी चुकून तुमच्या Paytm वर Rs.57,020 पाठवले, कृपया हे या UPI ID वर परत करा: dsfuauz17@ibl",No,No,No
spam,"चुकून माझ्या खात्यातून तुमच्या खात्यात Rs.4,652 ट्रान्सफर झाले आहेत, लवकरात लवकर ysydiz78@ybl वर रिफंड करा.",No,No,No
spam,"चुकून माझ्या खात्यातून तुमच्या खात्यात Rs.96,661 ट्रान्सफर झाले आहेत, लवकरात लवकर mautof@okhdfcbank वर रिफंड करा.",No,No,No
spam,"PM Ujjwala Yojana अलर्ट: तुम्ही योजनेअंतर्गत Rs.3,140 साठी पात्र आहात. दावा करण्यासाठी तुमचा आधार आणि बँक खाते क्रमांक शेअर करा.",No,No,No
spam,"हाय, मला वाटते मी दुसऱ्याला पेमेंट करताना चुकून तुम्हाला Rs.8,988 पाठवले. कृपया iaufwpmf12@oksbi वर परत पाठवा, धन्यवाद.",No,No,No
spam,तुमचे ICICI Bank पर्सनल लोन Rs.819 चे पूर्व-मंजूर आहे. प्रक्रियेसाठी तुमचे बँक खाते आणि आधार तपशील शेअर करा.,No,No,No
spam,"अभिनंदन, National Scholarship Portal अंतर्गत तुमचा अर्ज Rs.669 साठी मंजूर झाला आहे. वितरणासाठी तुमची बँक माहिती पाठवा.",No,No,No
spam,National Scholarship Portal अलर्ट: तुम्ही योजनेअंतर्गत Rs.973 साठी पात्र आहात. दावा करण्यासाठी तुमचा आधार आणि बँक खाते क्रमांक शेअर करा.,No,No,No
spam,"Ayushman Bharat अलर्ट: तुम्ही योजनेअंतर्गत Rs.2,566 साठी पात्र आहात. दावा करण्यासाठी तुमचा आधार आणि बँक खाते क्रमांक शेअर करा.",No,No,No
spam,"तुमच्या विमा पॉलिसीची मुदतपूर्ती रक्कम Rs.8,292 तयार आहे. पेमेंट मिळवण्यासाठी तुमची बँक पासबुक माहिती पाठवा.",No,No,No
spam,"मी चुकून तुमच्या Amazon Pay वर Rs.45,023 पाठवले, कृपया हे या UPI ID वर परत करा: aaxlimb69@ybl",No,No,No
spam,"तुम्हाला Flipkart सोबत वर्क-फ्रॉम-होम जॉबसाठी निवडले आहे. Rs.4,459 चा जॉइनिंग बोनस मिळवण्यासाठी तुमची बँक माहिती शेअर करा.",No,No,No
spam,तुमच्या विमा पॉलिसीची मुदतपूर्ती रक्कम Rs.667 तयार आहे. पेमेंट मिळवण्यासाठी तुमची बँक पासबुक माहिती पाठवा.,No,No,No
spam,"चुकून माझ्या खात्यातून तुमच्या खात्यात Rs.607 ट्रान्सफर झाले आहेत, लवकरात लवकर bfidfzk@ybl वर रिफंड करा.",No,No,No
spam,"अभिनंदन, State Scholarship Scheme अंतर्गत तुमचा अर्ज Rs.779 साठी मंजूर झाला आहे. वितरणासाठी तुमची बँक माहिती पाठवा.",No,No,No
spam,"तुमच्या विमा पॉलिसीची मुदतपूर्ती रक्कम Rs.13,735 तयार आहे. पेमेंट मिळवण्यासाठी तुमची बँक पासबुक माहिती पाठवा.",No,No,No
spam,"माफ करा, मी चुकून चुकीच्या नंबरवर Rs.92,834 ट्रान्सफर केले, हे तुमचे खाते वाटते. कृपया llxuocm73@oksbi वर परत पाठवा.",No,No,No
spam,"माफ करा, मी चुकून चुकीच्या नंबरवर Rs.4,994 ट्रान्सफर केले, हे तुमचे खाते वाटते. कृपया zesfbju73@ybl वर परत पाठवा.",No,No,No
spam,"LPG Subsidy Scheme अलर्ट: तुम्ही योजनेअंतर्गत Rs.7,448 साठी पात्र आहात. दावा करण्यासाठी तुमचा आधार आणि बँक खाते क्रमांक शेअर करा.",No,No,No
spam,"अभिनंदन, National Scholarship Portal अंतर्गत तुमचा अर्ज Rs.61,427 साठी मंजूर झाला आहे. वितरणासाठी तुमची बँक माहिती पाठवा.",No,No,No
spam,"PM Kisan Samman Nidhi अलर्ट: तुम्ही योजनेअंतर्गत Rs.84,651 साठी पात्र आहात. दावा करण्यासाठी तुमचा आधार आणि बँक खाते क्रमांक शेअर करा.",No,No,No
spam,"State Scholarship Scheme: तुमचा शिष्यवृत्ती लाभ Rs.6,365 ट्रान्सफरसाठी तयार आहे. मिळवण्यासाठी तुमची बँक पासबुक माहिती सबमिट करा.",No,No,No
spam,"तुम्हाला Wipro सोबत वर्क-फ्रॉम-होम जॉबसाठी निवडले आहे. Rs.83,346 चा जॉइनिंग बोनस मिळवण्यासाठी तुमची बँक माहिती शेअर करा.",No,No,No
spam,"हाय, मला वाटते मी दुसऱ्याला पेमेंट करताना चुकून तुम्हाला Rs.8,168 पाठवले. कृपया eupldrlv@oksbi वर परत पाठवा, धन्यवाद.",No,No,No
spam,"तुमच्या विमा पॉलिसीची मुदतपूर्ती रक्कम Rs.8,743 तयार आहे. पेमेंट मिळवण्यासाठी तुमची बँक पासबुक माहिती पाठवा.",No,No,No
spam,"State Scholarship Scheme: तुमचा शिष्यवृत्ती लाभ Rs.2,189 ट्रान्सफरसाठी तयार आहे. मिळवण्यासाठी तुमची बँक पासबुक माहिती सबमिट करा.",No,No,No
spam,"अभिनंदन, Ayushman Bharat अंतर्गत तुमचा अर्ज Rs.2,750 साठी मंजूर झाला आहे. वितरणासाठी तुमची बँक माहिती पाठवा.",No,No,No
spam,"तुम्हाला Reliance सोबत वर्क-फ्रॉम-होम जॉबसाठी निवडले आहे. Rs.85,827 चा जॉइनिंग बोनस मिळवण्यासाठी तुमची बँक माहिती शेअर करा.",No,No,No
spam,"मी चुकून तुमच्या PhonePe वर Rs.502 पाठवले, कृपया हे या UPI ID वर परत करा: aazhucb@axl",No,No,No
spam,तुम्हाला Flipkart सोबत वर्क-फ्रॉम-होम जॉबसाठी निवडले आहे. Rs.557 चा जॉइनिंग बोनस मिळवण्यासाठी तुमची बँक माहिती शेअर करा.,No,No,No
spam,"अभिनंदन, PM Ujjwala Yojana अंतर्गत तुमचा अर्ज Rs.5,831 साठी मंजूर झाला आहे. वितरणासाठी तुमची बँक माहिती पाठवा.",No,No,No
spam,National Scholarship Portal: तुमचा शिष्यवृत्ती लाभ Rs.828 ट्रान्सफरसाठी तयार आहे. मिळवण्यासाठी तुमची बँक पासबुक माहिती सबमिट करा.,No,No,No
spam,"मी चुकून तुमच्या Amazon Pay वर Rs.874 पाठवले, कृपया हे या UPI ID वर परत करा: vrmiihx@ybl",No,No,No
spam,"तुमचे SBI पर्सनल लोन Rs.7,465 चे पूर्व-मंजूर आहे. प्रक्रियेसाठी तुमचे बँक खाते आणि आधार तपशील शेअर करा.",No,No,No
spam,"LPG Subsidy Scheme अलर्ट: तुम्ही योजनेअंतर्गत Rs.2,593 साठी पात्र आहात. दावा करण्यासाठी तुमचा आधार आणि बँक खाते क्रमांक शेअर करा.",No,No,No
spam,"हाय, मला वाटते मी दुसऱ्याला पेमेंट करताना चुकून तुम्हाला Rs.825 पाठवले. कृपया oifhvbrl@paytm वर परत पाठवा, धन्यवाद.",No,No,No
spam,"मी चुकून तुमच्या Google Pay वर Rs.1,586 पाठवले, कृपया हे या UPI ID वर परत करा: lkkxwj87@ybl",No,No,No
spam,तुमचे HDFC Bank पर्सनल लोन Rs.674 चे पूर्व-मंजूर आहे. प्रक्रियेसाठी तुमचे बँक खाते आणि आधार तपशील शेअर करा.,No,No,No
spam,"तुमचे Kotak Mahindra Bank पर्सनल लोन Rs.7,600 चे पूर्व-मंजूर आहे. प्रक्रियेसाठी तुमचे बँक खाते आणि आधार तपशील शेअर करा.",No,No,No
spam,तुम्हाला Wipro सोबत वर्क-फ्रॉम-होम जॉबसाठी निवडले आहे. Rs.758 चा जॉइनिंग बोनस मिळवण्यासाठी तुमची बँक माहिती शेअर करा.,No,No,No
spam,"चुकून माझ्या खात्यातून तुमच्या खात्यात Rs.889 ट्रान्सफर झाले आहेत, लवकरात लवकर wnvkvra@ybl वर रिफंड करा.",No,No,No
spam,"तुमचे Canara Bank पर्सनल लोन Rs.4,168 चे पूर्व-मंजूर आहे. प्रक्रियेसाठी तुमचे बँक खाते आणि आधार तपशील शेअर करा.",No,No,No
spam,Post Matric Scholarship अलर्ट: तुम्ही योजनेअंतर्गत Rs.802 साठी पात्र आहात. दावा करण्यासाठी तुमचा आधार आणि बँक खाते क्रमांक शेअर करा.,No,No,No
spam,"चुकून माझ्या खात्यातून तुमच्या खात्यात Rs.88,169 ट्रान्सफर झाले आहेत, लवकरात लवकर oxmuw83@ibl वर रिफंड करा.",No,No,No
spam,Ayushman Bharat: तुमचा शिष्यवृत्ती लाभ Rs.663 ट्रान्सफरसाठी तयार आहे. मिळवण्यासाठी तुमची बँक पासबुक माहिती सबमिट करा.,No,No,No
spam,"Post Matric Scholarship: तुमचा शिष्यवृत्ती लाभ Rs.42,119 ट्रान्सफरसाठी तयार आहे. मिळवण्यासाठी तुमची बँक पासबुक माहिती सबमिट करा.",No,No,No
spam,"माफ करा, मी चुकून चुकीच्या नंबरवर Rs.81,129 ट्रान्सफर केले, हे तुमचे खाते वाटते. कृपया dbwhkq@ybl वर परत पाठवा.",No,No,No
spam,"PM Kisan Samman Nidhi: तुमचा शिष्यवृत्ती लाभ Rs.3,447 ट्रान्सफरसाठी तयार आहे. मिळवण्यासाठी तुमची बँक पासबुक माहिती सबमिट करा.",No,No,No
spam,"अभिनंदन, Post Matric Scholarship अंतर्गत तुमचा अर्ज Rs.9,189 साठी मंजूर झाला आहे. वितरणासाठी तुमची बँक माहिती पाठवा.",No,No,No
spam,"मी चुकून तुमच्या PhonePe वर Rs.3,452 पाठवले, कृपया हे या UPI ID वर परत करा: stlyr77@okhdfcbank",No,No,No
spam,"Post Matric Scholarship: तुमचा शिष्यवृत्ती लाभ Rs.16,006 ट्रान्सफरसाठी तयार आहे. मिळवण्यासाठी तुमची बँक पासबुक माहिती सबमिट करा.",No,No,No
spam,"माफ करा, मी चुकून चुकीच्या नंबरवर Rs.961 ट्रान्सफर केले, हे तुमचे खाते वाटते. कृपया ivhotu@ibl वर परत पाठवा.",No,No,No
spam,"हाय, मला वाटते मी दुसऱ्याला पेमेंट करताना चुकून तुम्हाला Rs.887 पाठवले. कृपया kzmwkwey@okicici वर परत पाठवा, धन्यवाद.",No,No,No
spam,"अभिनंदन, LPG Subsidy Scheme अंतर्गत तुमचा अर्ज Rs.58,517 साठी मंजूर झाला आहे. वितरणासाठी तुमची बँक माहिती पाठवा.",No,No,No
spam,"तुम्हाला Reliance सोबत वर्क-फ्रॉम-होम जॉबसाठी निवडले आहे. Rs.84,264 चा जॉइनिंग बोनस मिळवण्यासाठी तुमची बँक माहिती शेअर करा.",No,No,No
spam,"चुकून माझ्या खात्यातून तुमच्या खात्यात Rs.75,764 ट्रान्सफर झाले आहेत, लवकरात लवकर bgwqxmo@ibl वर रिफंड करा.",No,No,No
spam,"National Scholarship Portal अलर्ट: तुम्ही योजनेअंतर्गत Rs.6,622 साठी पात्र आहात. दावा करण्यासाठी तुमचा आधार आणि बँक खाते क्रमांक शेअर करा.",No,No,No
spam,"अभिनंदन, PMAY अंतर्गत तुमचा अर्ज Rs.3,591 साठी मंजूर झाला आहे. वितरणासाठी तुमची बँक माहिती पाठवा.",No,No,No
spam,"तुमचे Bank of Baroda पर्सनल लोन Rs.11,477 चे पूर्व-मंजूर आहे. प्रक्रियेसाठी तुमचे बँक खाते आणि आधार तपशील शेअर करा.",No,No,No
spam,"National Scholarship Portal अलर्ट: तुम्ही योजनेअंतर्गत Rs.83,666 साठी पात्र आहात. दावा करण्यासाठी तुमचा आधार आणि बँक खाते क्रमांक शेअर करा.",No,No,No
spam,"हाय, मला वाटते मी दुसऱ्याला पेमेंट करताना चुकून तुम्हाला Rs.1,046 पाठवले. कृपया fssrwh@paytm वर परत पाठवा, धन्यवाद.",No,No,No
spam,"PM Ujjwala Yojana: तुमचा शिष्यवृत्ती लाभ Rs.13,049 ट्रान्सफरसाठी तयार आहे. मिळवण्यासाठी तुमची बँक पासबुक माहिती सबमिट करा.",No,No,No
spam,"तुमच्या विमा पॉलिसीची मुदतपूर्ती रक्कम Rs.8,355 तयार आहे. पेमेंट मिळवण्यासाठी तुमची बँक पासबुक माहिती पाठवा.",No,No,No
spam,"PM Ujjwala Yojana अलर्ट: तुम्ही योजनेअंतर्गत Rs.42,926 साठी पात्र आहात. दावा करण्यासाठी तुमचा आधार आणि बँक खाते क्रमांक शेअर करा.",No,No,No
spam,"चुकून माझ्या खात्यातून तुमच्या खात्यात Rs.5,134 ट्रान्सफर झाले आहेत, लवकरात लवकर nplpk@okicici वर रिफंड करा.",No,No,No
spam,"तुम्हाला Amazon सोबत वर्क-फ्रॉम-होम जॉबसाठी निवडले आहे. Rs.6,168 चा जॉइनिंग बोनस मिळवण्यासाठी तुमची बँक माहिती शेअर करा.",No,No,No
spam,National Scholarship Portal अलर्ट: तुम्ही योजनेअंतर्गत Rs.634 साठी पात्र आहात. दावा करण्यासाठी तुमचा आधार आणि बँक खाते क्रमांक शेअर करा.,No,No,No
spam,"तुमच्या विमा पॉलिसीची मुदतपूर्ती रक्कम Rs.19,087 तयार आहे. पेमेंट मिळवण्यासाठी तुमची बँक पासबुक माहिती पाठवा.",No,No,No
spam,"हाय, मला वाटते मी दुसऱ्याला पेमेंट करताना चुकून तुम्हाला Rs.64,303 पाठवले. कृपया cyciipp21@ybl वर परत पाठवा, धन्यवाद.",No,No,No
spam,"चुकून माझ्या खात्यातून तुमच्या खात्यात Rs.80,756 ट्रान्सफर झाले आहेत, लवकरात लवकर papnegc@oksbi वर रिफंड करा.",No,No,No
spam,PM Ujjwala Yojana अलर्ट: तुम्ही योजनेअंतर्गत Rs.565 साठी पात्र आहात. दावा करण्यासाठी तुमचा आधार आणि बँक खाते क्रमांक शेअर करा.,No,No,No
spam,"मी चुकून तुमच्या Amazon Pay वर Rs.58,955 पाठवले, कृपया हे या UPI ID वर परत करा: elrkhuc@okhdfcbank",No,No,No
spam,"हाय, मला वाटते मी दुसऱ्याला पेमेंट करताना चुकून तुम्हाला Rs.3,037 पाठवले. कृपया uuatsq49@okicici वर परत पाठवा, धन्यवाद.",No,No,No
spam,"अभिनंदन, PM Kisan Samman Nidhi अंतर्गत तुमचा अर्ज Rs.967 साठी मंजूर झाला आहे. वितरणासाठी तुमची बँक माहिती पाठवा.",No,No,No
spam,"अभिनंदन, PM Ujjwala Yojana अंतर्गत तुमचा अर्ज Rs.628 साठी मंजूर झाला आहे. वितरणासाठी तुमची बँक माहिती पाठवा.",No,No,No
spam,"चुकून माझ्या खात्यातून तुमच्या खात्यात Rs.45,281 ट्रान्सफर झाले आहेत, लवकरात लवकर uipbmn@okicici वर रिफंड करा.",No,No,No
spam,"तुम्हाला Infosys सोबत वर्क-फ्रॉम-होम जॉबसाठी निवडले आहे. Rs.81,321 चा जॉइनिंग बोनस मिळवण्यासाठी तुमची बँक माहिती शेअर करा.",No,No,No
spam,"National Scholarship Portal अलर्ट: तुम्ही योजनेअंतर्गत Rs.42,334 साठी पात्र आहात. दावा करण्यासाठी तुमचा आधार आणि बँक खाते क्रमांक शेअर करा.",No,No,No
spam,"अभिनंदन, Post Matric Scholarship अंतर्गत तुमचा अर्ज Rs.4,696 साठी मंजूर झाला आहे. वितरणासाठी तुमची बँक माहिती पाठवा.",No,No,No
spam,"PM Ujjwala Yojana: तुमचा शिष्यवृत्ती लाभ Rs.18,379 ट्रान्सफरसाठी तयार आहे. मिळवण्यासाठी तुमची बँक पासबुक माहिती सबमिट करा.",No,No,No
spam,तुम्हाला Amazon सोबत वर्क-फ्रॉम-होम जॉबसाठी निवडले आहे. Rs.581 चा जॉइनिंग बोनस मिळवण्यासाठी तुमची बँक माहिती शेअर करा.,No,No,No
spam,"हाय, मला वाटते मी दुसऱ्याला पेमेंट करताना चुकून तुम्हाला Rs.7,419 पाठवले. कृपया peeiua@okicici वर परत पाठवा, धन्यवाद.",No,No,No
spam,"अभिनंदन, State Scholarship Scheme अंतर्गत तुमचा अर्ज Rs.52,278 साठी मंजूर झाला आहे. वितरणासाठी तुमची बँक माहिती पाठवा.",No,No,No
spam,"तुमच्या विमा पॉलिसीची मुदतपूर्ती रक्कम Rs.4,061 तयार आहे. पेमेंट मिळवण्यासाठी तुमची बँक पासबुक माहिती पाठवा.",No,No,No
spam,"हाय, मला वाटते मी दुसऱ्याला पेमेंट करताना चुकून तुम्हाला Rs.690 पाठवले. कृपया nvafmv@ibl वर परत पाठवा, धन्यवाद.",No,No,No
spam,तुमचे ICICI Bank पर्सनल लोन Rs.882 चे पूर्व-मंजूर आहे. प्रक्रियेसाठी तुमचे बँक खाते आणि आधार तपशील शेअर करा.,No,No,No
spam,"माफ करा, मी चुकून चुकीच्या नंबरवर Rs.60,990 ट्रान्सफर केले, हे तुमचे खाते वाटते. कृपया hlklooa@ybl वर परत पाठवा.",No,No,No
spam,"माफ करा, मी चुकून चुकीच्या नंबरवर Rs.82,593 ट्रान्सफर केले, हे तुमचे खाते वाटते. कृपया lbbbdbe42@oksbi वर परत पाठवा.",No,No,No
spam,"तुमचे Kotak Mahindra Bank पर्सनल लोन Rs.87,177 चे पूर्व-मंजूर आहे. प्रक्रियेसाठी तुमचे बँक खाते आणि आधार तपशील शेअर करा.",No,No,No
spam,तुम्हाला HCL सोबत वर्क-फ्रॉम-होम जॉबसाठी निवडले आहे. Rs.744 चा जॉइनिंग बोनस मिळवण्यासाठी तुमची बँक माहिती शेअर करा.,No,No,No
spam,"चुकून माझ्या खात्यातून तुमच्या खात्यात Rs.783 ट्रान्सफर झाले आहेत, लवकरात लवकर xgdkww21@okhdfcbank वर रिफंड करा.",No,No,No
spam,"माफ करा, मी चुकून चुकीच्या नंबरवर Rs.6,967 ट्रान्सफर केले, हे तुमचे खाते वाटते. कृपया huwjpdq79@axl वर परत पाठवा.",No,No,No
spam,"माफ करा, मी चुकून चुकीच्या नंबरवर Rs.818 ट्रान्सफर केले, हे तुमचे खाते वाटते. कृपया hysjeoux69@ybl वर परत पाठवा.",No,No,No
spam,तुम्हाला TCS सोबत वर्क-फ्रॉम-होम जॉबसाठी निवडले आहे. Rs.571 चा जॉइनिंग बोनस मिळवण्यासाठी तुमची बँक माहिती शेअर करा.,No,No,No
spam,"अभिनंदन, PMAY अंतर्गत तुमचा अर्ज Rs.727 साठी मंजूर झाला आहे. वितरणासाठी तुमची बँक माहिती पाठवा.",No,No,No
spam,"तुमच्या विमा पॉलिसीची मुदतपूर्ती रक्कम Rs.3,721 तयार आहे. पेमेंट मिळवण्यासाठी तुमची बँक पासबुक माहिती पाठवा.",No,No,No
spam,"चुकून माझ्या खात्यातून तुमच्या खात्यात Rs.565 ट्रान्सफर झाले आहेत, लवकरात लवकर qrssftwk@ybl वर रिफंड करा.",No,No,No
spam,"तुमचे Canara Bank पर्सनल लोन Rs.3,184 चे पूर्व-मंजूर आहे. प्रक्रियेसाठी तुमचे बँक खाते आणि आधार तपशील शेअर करा.",No,No,No
spam,"तुम्हाला Reliance सोबत वर्क-फ्रॉम-होम जॉबसाठी निवडले आहे. Rs.23,350 चा जॉइनिंग बोनस मिळवण्यासाठी तुमची बँक माहिती शेअर करा.",No,No,No
spam,State Scholarship Scheme: तुमचा शिष्यवृत्ती लाभ Rs.555 ट्रान्सफरसाठी तयार आहे. मिळवण्यासाठी तुमची बँक पासबुक माहिती सबमिट करा.,No,No,No
spam,National Scholarship Portal: तुमचा शिष्यवृत्ती लाभ Rs.771 ट्रान्सफरसाठी तयार आहे. मिळवण्यासाठी तुमची बँक पासबुक माहिती सबमिट करा.,No,No,No
spam,Ayushman Bharat अलर्ट: तुम्ही योजनेअंतर्गत Rs.533 साठी पात्र आहात. दावा करण्यासाठी तुमचा आधार आणि बँक खाते क्रमांक शेअर करा.,No,No,No
spam,"तुमचे Punjab National Bank पर्सनल लोन Rs.6,399 चे पूर्व-मंजूर आहे. प्रक्रियेसाठी तुमचे बँक खाते आणि आधार तपशील शेअर करा.",No,No,No
spam,"LPG Subsidy Scheme: तुमचा शिष्यवृत्ती लाभ Rs.5,459 ट्रान्सफरसाठी तयार आहे. मिळवण्यासाठी तुमची बँक पासबुक माहिती सबमिट करा.",No,No,No
spam,"चुकून माझ्या खात्यातून तुमच्या खात्यात Rs.8,551 ट्रान्सफर झाले आहेत, लवकरात लवकर amcta35@oksbi वर रिफंड करा.",No,No,No
spam,PMAY अलर्ट: तुम्ही योजनेअंतर्गत Rs.927 साठी पात्र आहात. दावा करण्यासाठी तुमचा आधार आणि बँक खाते क्रमांक शेअर करा.,No,No,No
spam,"हाय, मला वाटते मी दुसऱ्याला पेमेंट करताना चुकून तुम्हाला Rs.598 पाठवले. कृपया tubgq@paytm वर परत पाठवा, धन्यवाद.",No,No,No
spam,"मी चुकून तुमच्या PhonePe वर Rs.685 पाठवले, कृपया हे या UPI ID वर परत करा: ugope58@okhdfcbank",No,No,No
spam,"तुमचे Kotak Mahindra Bank पर्सनल लोन Rs.48,832 चे पूर्व-मंजूर आहे. प्रक्रियेसाठी तुमचे बँक खाते आणि आधार तपशील शेअर करा.",No,No,No
spam,"चुकून माझ्या खात्यातून तुमच्या खात्यात Rs.87,633 ट्रान्सफर झाले आहेत, लवकरात लवकर ewgnu@okicici वर रिफंड करा.",No,No,No
spam,"हाय, मला वाटते मी दुसऱ्याला पेमेंट करताना चुकून तुम्हाला Rs.994 पाठवले. कृपया moawtozw20@ibl वर परत पाठवा, धन्यवाद.",No,No,No
spam,तुम्हाला HCL सोबत वर्क-फ्रॉम-होम जॉबसाठी निवडले आहे. Rs.782 चा जॉइनिंग बोनस मिळवण्यासाठी तुमची बँक माहिती शेअर करा.,No,No,No
spam,"तुमचे SBI पर्सनल लोन Rs.39,546 चे पूर्व-मंजूर आहे. प्रक्रियेसाठी तुमचे बँक खाते आणि आधार तपशील शेअर करा.",No,No,No
spam,"चुकून माझ्या खात्यातून तुमच्या खात्यात Rs.635 ट्रान्सफर झाले आहेत, लवकरात लवकर ufmttlak@ibl वर रिफंड करा.",No,No,No
spam,तुमच्या विमा पॉलिसीची मुदतपूर्ती रक्कम Rs.646 तयार आहे. पेमेंट मिळवण्यासाठी तुमची बँक पासबुक माहिती पाठवा.,No,No,No
spam,तुमचे Canara Bank पर्सनल लोन Rs.557 चे पूर्व-मंजूर आहे. प्रक्रियेसाठी तुमचे बँक खाते आणि आधार तपशील शेअर करा.,No,No,No
spam,"चुकून माझ्या खात्यातून तुमच्या खात्यात Rs.557 ट्रान्सफर झाले आहेत, लवकरात लवकर ovdndka65@ibl वर रिफंड करा.",No,No,No
spam,"अभिनंदन, PM Ujjwala Yojana अंतर्गत तुमचा अर्ज Rs.36,904 साठी मंजूर झाला आहे. वितरणासाठी तुमची बँक माहिती पाठवा.",No,No,No
spam,"National Scholarship Portal: तुमचा शिष्यवृत्ती लाभ Rs.7,367 ट्रान्सफरसाठी तयार आहे. मिळवण्यासाठी तुमची बँक पासबुक माहिती सबमिट करा.",No,No,No
spam,"अभिनंदन, Post Matric Scholarship अंतर्गत तुमचा अर्ज Rs.3,158 साठी मंजूर झाला आहे. वितरणासाठी तुमची बँक माहिती पाठवा.",No,No,No
spam,"अभिनंदन, Ayushman Bharat अंतर्गत तुमचा अर्ज Rs.811 साठी मंजूर झाला आहे. वितरणासाठी तुमची बँक माहिती पाठवा.",No,No,No
spam,"तुमच्या विमा पॉलिसीची मुदतपूर्ती रक्कम Rs.85,020 तयार आहे. पेमेंट मिळवण्यासाठी तुमची बँक पासबुक माहिती पाठवा.",No,No,No
spam,"चुकून माझ्या खात्यातून तुमच्या खात्यात Rs.974 ट्रान्सफर झाले आहेत, लवकरात लवकर lpsscv87@paytm वर रिफंड करा.",No,No,No
spam,"PMAY: तुमचा शिष्यवृत्ती लाभ Rs.1,452 ट्रान्सफरसाठी तयार आहे. मिळवण्यासाठी तुमची बँक पासबुक माहिती सबमिट करा.",No,No,No
spam,"हाय, मला वाटते मी दुसऱ्याला पेमेंट करताना चुकून तुम्हाला Rs.502 पाठवले. कृपया fivsds@axl वर परत पाठवा, धन्यवाद.",No,No,No
spam,"LPG Subsidy Scheme: तुमचा शिष्यवृत्ती लाभ Rs.51,230 ट्रान्सफरसाठी तयार आहे. मिळवण्यासाठी तुमची बँक पासबुक माहिती सबमिट करा.",No,No,No
spam,"Post Matric Scholarship: तुमचा शिष्यवृत्ती लाभ Rs.29,597 ट्रान्सफरसाठी तयार आहे. मिळवण्यासाठी तुमची बँक पासबुक माहिती सबमिट करा.",No,No,No
spam,"अभिनंदन, PM Kisan Samman Nidhi अंतर्गत तुमचा अर्ज Rs.6,396 साठी मंजूर झाला आहे. वितरणासाठी तुमची बँक माहिती पाठवा.",No,No,No
spam,"माफ करा, मी चुकून चुकीच्या नंबरवर Rs.799 ट्रान्सफर केले, हे तुमचे खाते वाटते. कृपया tkhyibrq@okicici वर परत पाठवा.",No,No,No
spam,"तुमच्या विमा पॉलिसीची मुदतपूर्ती रक्कम Rs.8,258 तयार आहे. पेमेंट मिळवण्यासाठी तुमची बँक पासबुक माहिती पाठवा.",No,No,No
spam,"LPG Subsidy Scheme: तुमचा शिष्यवृत्ती लाभ Rs.9,786 ट्रान्सफरसाठी तयार आहे. मिळवण्यासाठी तुमची बँक पासबुक माहिती सबमिट करा.",No,No,No
spam,"मी चुकून तुमच्या PhonePe वर Rs.856 पाठवले, कृपया हे या UPI ID वर परत करा: evzxrfx62@oksbi",No,No,No
spam,"तुम्हाला TCS सोबत वर्क-फ्रॉम-होम जॉबसाठी निवडले आहे. Rs.3,041 चा जॉइनिंग बोनस मिळवण्यासाठी तुमची बँक माहिती शेअर करा.",No,No,No
spam,तुमचे ICICI Bank पर्सनल लोन Rs.766 चे पूर्व-मंजूर आहे. प्रक्रियेसाठी तुमचे बँक खाते आणि आधार तपशील शेअर करा.,No,No,No
spam,"तुमचे Axis Bank पर्सनल लोन Rs.9,906 चे पूर्व-मंजूर आहे. प्रक्रियेसाठी तुमचे बँक खाते आणि आधार तपशील शेअर करा.",No,No,No
spam,National Scholarship Portal: तुमचा शिष्यवृत्ती लाभ Rs.579 ट्रान्सफरसाठी तयार आहे. मिळवण्यासाठी तुमची बँक पासबुक माहिती सबमिट करा.,No,No,No
spam,"तुम्हाला HCL सोबत वर्क-फ्रॉम-होम जॉबसाठी निवडले आहे. Rs.6,785 चा जॉइनिंग बोनस मिळवण्यासाठी तुमची बँक माहिती शेअर करा.",No,No,No
spam,"हाय, मला वाटते मी दुसऱ्याला पेमेंट करताना चुकून तुम्हाला Rs.59,493 पाठवले. कृपया tlzfq@okicici वर परत पाठवा, धन्यवाद.",No,No,No
spam,"माफ करा, मी चुकून चुकीच्या नंबरवर Rs.73,705 ट्रान्सफर केले, हे तुमचे खाते वाटते. कृपया ardvsfwr49@oksbi वर परत पाठवा.",No,No,No
spam,"अभिनंदन, LPG Subsidy Scheme अंतर्गत तुमचा अर्ज Rs.782 साठी मंजूर झाला आहे. वितरणासाठी तुमची बँक माहिती पाठवा.",No,No,No
spam,"State Scholarship Scheme: तुमचा शिष्यवृत्ती लाभ Rs.35,534 ट्रान्सफरसाठी तयार आहे. मिळवण्यासाठी तुमची बँक पासबुक माहिती सबमिट करा.",No,No,No
spam,"अभिनंदन, National Scholarship Portal अंतर्गत तुमचा अर्ज Rs.794 साठी मंजूर झाला आहे. वितरणासाठी तुमची बँक माहिती पाठवा.",No,No,No
spam,तुम्हाला Reliance सोबत वर्क-फ्रॉम-होम जॉबसाठी निवडले आहे. Rs.763 चा जॉइनिंग बोनस मिळवण्यासाठी तुमची बँक माहिती शेअर करा.,No,No,No
spam,"PM Ujjwala Yojana अलर्ट: तुम्ही योजनेअंतर्गत Rs.40,634 साठी पात्र आहात. दावा करण्यासाठी तुमचा आधार आणि बँक खाते क्रमांक शेअर करा.",No,No,No
spam,"अभिनंदन, State Scholarship Scheme अंतर्गत तुमचा अर्ज Rs.619 साठी मंजूर झाला आहे. वितरणासाठी तुमची बँक माहिती पाठवा.",No,No,No
spam,"तुम्हाला Amazon सोबत वर्क-फ्रॉम-होम जॉबसाठी निवडले आहे. Rs.87,578 चा जॉइनिंग बोनस मिळवण्यासाठी तुमची बँक माहिती शेअर करा.",No,No,No
spam,"अभिनंदन, Post Matric Scholarship अंतर्गत तुमचा अर्ज Rs.5,507 साठी मंजूर झाला आहे. वितरणासाठी तुमची बँक माहिती पाठवा.",No,No,No
spam,"मी चुकून तुमच्या PhonePe वर Rs.830 पाठवले, कृपया हे या UPI ID वर परत करा: udnlxs57@oksbi",No,No,No
spam,"LPG Subsidy Scheme अलर्ट: तुम्ही योजनेअंतर्गत Rs.7,311 साठी पात्र आहात. दावा करण्यासाठी तुमचा आधार आणि बँक खाते क्रमांक शेअर करा.",No,No,No
spam,"चुकून माझ्या खात्यातून तुमच्या खात्यात Rs.759 ट्रान्सफर झाले आहेत, लवकरात लवकर cymzx@oksbi वर रिफंड करा.",No,No,No
spam,"चुकून माझ्या खात्यातून तुमच्या खात्यात Rs.1,860 ट्रान्सफर झाले आहेत, लवकरात लवकर cyxcuvzv@okhdfcbank वर रिफंड करा.",No,No,No
spam,तुम्हाला Wipro सोबत वर्क-फ्रॉम-होम जॉबसाठी निवडले आहे. Rs.941 चा जॉइनिंग बोनस मिळवण्यासाठी तुमची बँक माहिती शेअर करा.,No,No,No
spam,"चुकून माझ्या खात्यातून तुमच्या खात्यात Rs.2,161 ट्रान्सफर झाले आहेत, लवकरात लवकर imimik@axl वर रिफंड करा.",No,No,No
spam,"तुमचे Axis Bank पर्सनल लोन Rs.9,812 चे पूर्व-मंजूर आहे. प्रक्रियेसाठी तुमचे बँक खाते आणि आधार तपशील शेअर करा.",No,No,No
spam,"तुमचे HDFC Bank पर्सनल लोन Rs.33,332 चे पूर्व-मंजूर आहे. प्रक्रियेसाठी तुमचे बँक खाते आणि आधार तपशील शेअर करा.",No,No,No
spam,Post Matric Scholarship: तुमचा शिष्यवृत्ती लाभ Rs.822 ट्रान्सफरसाठी तयार आहे. मिळवण्यासाठी तुमची बँक पासबुक माहिती सबमिट करा.,No,No,No
spam,"तुम्हाला Wipro सोबत वर्क-फ्रॉम-होम जॉबसाठी निवडले आहे. Rs.16,118 चा जॉइनिंग बोनस मिळवण्यासाठी तुमची बँक माहिती शेअर करा.",No,No,No
spam,"अभिनंदन, LPG Subsidy Scheme अंतर्गत तुमचा अर्ज Rs.511 साठी मंजूर झाला आहे. वितरणासाठी तुमची बँक माहिती पाठवा.",No,No,No
spam,State Scholarship Scheme: तुमचा शिष्यवृत्ती लाभ Rs.586 ट्रान्सफरसाठी तयार आहे. मिळवण्यासाठी तुमची बँक पासबुक माहिती सबमिट करा.,No,No,No
spam,"तुमचे Punjab National Bank पर्सनल लोन Rs.79,272 चे पूर्व-मंजूर आहे. प्रक्रियेसाठी तुमचे बँक खाते आणि आधार तपशील शेअर करा.",No,No,No
spam,"अभिनंदन, State Scholarship Scheme अंतर्गत तुमचा अर्ज Rs.54,130 साठी मंजूर झाला आहे. वितरणासाठी तुमची बँक माहिती पाठवा.",No,No,No
spam,PMAY: तुमचा शिष्यवृत्ती लाभ Rs.567 ट्रान्सफरसाठी तयार आहे. मिळवण्यासाठी तुमची बँक पासबुक माहिती सबमिट करा.,No,No,No
spam,"हाय, मला वाटते मी दुसऱ्याला पेमेंट करताना चुकून तुम्हाला Rs.97,998 पाठवले. कृपया ctfiwsbz90@axl वर परत पाठवा, धन्यवाद.",No,No,No
spam,"Ayushman Bharat अलर्ट: तुम्ही योजनेअंतर्गत Rs.3,894 साठी पात्र आहात. दावा करण्यासाठी तुमचा आधार आणि बँक खाते क्रमांक शेअर करा.",No,No,No
spam,"मी चुकून तुमच्या Amazon Pay वर Rs.57,647 पाठवले, कृपया हे या UPI ID वर परत करा: dpglcxi@ibl",No,No,No
spam,"हाय, मला वाटते मी दुसऱ्याला पेमेंट करताना चुकून तुम्हाला Rs.88,716 पाठवले. कृपया nyrhp@ybl वर परत पाठवा, धन्यवाद.",No,No,No
spam,"PM Kisan Samman Nidhi अलर्ट: तुम्ही योजनेअंतर्गत Rs.7,662 साठी पात्र आहात. दावा करण्यासाठी तुमचा आधार आणि बँक खाते क्रमांक शेअर करा.",No,No,No
spam,तुम्हाला Reliance सोबत वर्क-फ्रॉम-होम जॉबसाठी निवडले आहे. Rs.543 चा जॉइनिंग बोनस मिळवण्यासाठी तुमची बँक माहिती शेअर करा.,No,No,No
spam,"मी चुकून तुमच्या Paytm वर Rs.9,447 पाठवले, कृपया हे या UPI ID वर परत करा: uftgjyw91@axl",No,No,No
spam,"माफ करा, मी चुकून चुकीच्या नंबरवर Rs.6,794 ट्रान्सफर केले, हे तुमचे खाते वाटते. कृपया tqfgck@okhdfcbank वर परत पाठवा.",No,No,No
spam,PMAY: तुमचा शिष्यवृत्ती लाभ Rs.785 ट्रान्सफरसाठी तयार आहे. मिळवण्यासाठी तुमची बँक पासबुक माहिती सबमिट करा.,No,No,No
spam,"हाय, मला वाटते मी दुसऱ्याला पेमेंट करताना चुकून तुम्हाला Rs.74,345 पाठवले. कृपया vzednyd@ibl वर परत पाठवा, धन्यवाद.",No,No,No
spam,"तुमच्या विमा पॉलिसीची मुदतपूर्ती रक्कम Rs.8,975 तयार आहे. पेमेंट मिळवण्यासाठी तुमची बँक पासबुक माहिती पाठवा.",No,No,No
spam,"तुम्हाला TCS सोबत वर्क-फ्रॉम-होम जॉबसाठी निवडले आहे. Rs.3,467 चा जॉइनिंग बोनस मिळवण्यासाठी तुमची बँक माहिती शेअर करा.",No,No,No
spam,"तुमचे Bank of Baroda पर्सनल लोन Rs.72,519 चे पूर्व-मंजूर आहे. प्रक्रियेसाठी तुमचे बँक खाते आणि आधार तपशील शेअर करा.",No,No,No
spam,"तुम्हाला HCL सोबत वर्क-फ्रॉम-होम जॉबसाठी निवडले आहे. Rs.7,551 चा जॉइनिंग बोनस मिळवण्यासाठी तुमची बँक माहिती शेअर करा.",No,No,No
spam,"हाय, मला वाटते मी दुसऱ्याला पेमेंट करताना चुकून तुम्हाला Rs.540 पाठवले. कृपया xxdqywn@oksbi वर परत पाठवा, धन्यवाद.",No,No,No
spam,"चुकून माझ्या खात्यातून तुमच्या खात्यात Rs.690 ट्रान्सफर झाले आहेत, लवकरात लवकर jjhhmr91@oksbi वर रिफंड करा.",No,No,No
spam,तुमच्या विमा पॉलिसीची मुदतपूर्ती रक्कम Rs.822 तयार आहे. पेमेंट मिळवण्यासाठी तुमची बँक पासबुक माहिती पाठवा.,No,No,No
spam,"मी चुकून तुमच्या Amazon Pay वर Rs.873 पाठवले, कृपया हे या UPI ID वर परत करा: gnkoj@oksbi",No,No,No
spam,"अभिनंदन, PM Kisan Samman Nidhi अंतर्गत तुमचा अर्ज Rs.5,657 साठी मंजूर झाला आहे. वितरणासाठी तुमची बँक माहिती पाठवा.",No,No,No
spam,"चुकून माझ्या खात्यातून तुमच्या खात्यात Rs.2,716 ट्रान्सफर झाले आहेत, लवकरात लवकर qexpwkpd@ybl वर रिफंड करा.",No,No,No
spam,"अभिनंदन, Post Matric Scholarship अंतर्गत तुमचा अर्ज Rs.74,815 साठी मंजूर झाला आहे. वितरणासाठी तुमची बँक माहिती पाठवा.",No,No,No
spam,"तुमच्या विमा पॉलिसीची मुदतपूर्ती रक्कम Rs.5,349 तयार आहे. पेमेंट मिळवण्यासाठी तुमची बँक पासबुक माहिती पाठवा.",No,No,No
spam,तुम्हाला Amazon सोबत वर्क-फ्रॉम-होम जॉबसाठी निवडले आहे. Rs.888 चा जॉइनिंग बोनस मिळवण्यासाठी तुमची बँक माहिती शेअर करा.,No,No,No
spam,"तुमचे HDFC Bank पर्सनल लोन Rs.98,547 चे पूर्व-मंजूर आहे. प्रक्रियेसाठी तुमचे बँक खाते आणि आधार तपशील शेअर करा.",No,No,No
spam,"अभिनंदन, PMAY अंतर्गत तुमचा अर्ज Rs.673 साठी मंजूर झाला आहे. वितरणासाठी तुमची बँक माहिती पाठवा.",No,No,No
spam,"तुमच्या विमा पॉलिसीची मुदतपूर्ती रक्कम Rs.4,751 तयार आहे. पेमेंट मिळवण्यासाठी तुमची बँक पासबुक माहिती पाठवा.",No,No,No
spam,"अभिनंदन, Ayushman Bharat अंतर्गत तुमचा अर्ज Rs.7,625 साठी मंजूर झाला आहे. वितरणासाठी तुमची बँक माहिती पाठवा.",No,No,No
spam,"Ayushman Bharat: तुमचा शिष्यवृत्ती लाभ Rs.49,084 ट्रान्सफरसाठी तयार आहे. मिळवण्यासाठी तुमची बँक पासबुक माहिती सबमिट करा.",No,No,No
spam,तुमचे SBI पर्सनल लोन Rs.651 चे पूर्व-मंजूर आहे. प्रक्रियेसाठी तुमचे बँक खाते आणि आधार तपशील शेअर करा.,No,No,No
spam,"हाय, मला वाटते मी दुसऱ्याला पेमेंट करताना चुकून तुम्हाला Rs.6,702 पाठवले. कृपया tubvjb89@okicici वर परत पाठवा, धन्यवाद.",No,No,No
spam,"तुमच्या विमा पॉलिसीची मुदतपूर्ती रक्कम Rs.26,616 तयार आहे. पेमेंट मिळवण्यासाठी तुमची बँक पासबुक माहिती पाठवा.",No,No,No
spam,"हाय, मला वाटते मी दुसऱ्याला पेमेंट करताना चुकून तुम्हाला Rs.79,836 पाठवले. कृपया lktznhy64@oksbi वर परत पाठवा, धन्यवाद.",No,No,No
spam,तुम्हाला Wipro सोबत वर्क-फ्रॉम-होम जॉबसाठी निवडले आहे. Rs.932 चा जॉइनिंग बोनस मिळवण्यासाठी तुमची बँक माहिती शेअर करा.,No,No,No
spam,"माफ करा, मी चुकून चुकीच्या नंबरवर Rs.652 ट्रान्सफर केले, हे तुमचे खाते वाटते. कृपया frbdmp16@paytm वर परत पाठवा.",No,No,No
spam,"हाय, मला वाटते मी दुसऱ्याला पेमेंट करताना चुकून तुम्हाला Rs.34,411 पाठवले. कृपया rrlzic@axl वर परत पाठवा, धन्यवाद.",No,No,No
spam,"तुम्हाला Wipro सोबत वर्क-फ्रॉम-होम जॉबसाठी निवडले आहे. Rs.63,917 चा जॉइनिंग बोनस मिळवण्यासाठी तुमची बँक माहिती शेअर करा.",No,No,No
spam,"चुकून माझ्या खात्यातून तुमच्या खात्यात Rs.941 ट्रान्सफर झाले आहेत, लवकरात लवकर pdkqex56@ybl वर रिफंड करा.",No,No,No
spam,"Post Matric Scholarship अलर्ट: तुम्ही योजनेअंतर्गत Rs.90,792 साठी पात्र आहात. दावा करण्यासाठी तुमचा आधार आणि बँक खाते क्रमांक शेअर करा.",No,No,No
spam,"मी चुकून तुमच्या Amazon Pay वर Rs.563 पाठवले, कृपया हे या UPI ID वर परत करा: mezaarn13@okicici",No,No,No
spam,"हाय, मला वाटते मी दुसऱ्याला पेमेंट करताना चुकून तुम्हाला Rs.9,693 पाठवले. कृपया dyhyeafw27@axl वर परत पाठवा, धन्यवाद.",No,No,No
spam,"तुम्हाला Wipro सोबत वर्क-फ्रॉम-होम जॉबसाठी निवडले आहे. Rs.52,032 चा जॉइनिंग बोनस मिळवण्यासाठी तुमची बँक माहिती शेअर करा.",No,No,No
spam,"तुमच्या विमा पॉलिसीची मुदतपूर्ती रक्कम Rs.13,717 तयार आहे. पेमेंट मिळवण्यासाठी तुमची बँक पासबुक माहिती पाठवा.",No,No,No
spam,"अभिनंदन, Ayushman Bharat अंतर्गत तुमचा अर्ज Rs.35,314 साठी मंजूर झाला आहे. वितरणासाठी तुमची बँक माहिती पाठवा.",No,No,No
spam,"मी चुकून तुमच्या Google Pay वर Rs.28,880 पाठवले, कृपया हे या UPI ID वर परत करा: cuwdlgsk@ybl",No,No,No
spam,"अभिनंदन, Ayushman Bharat अंतर्गत तुमचा अर्ज Rs.662 साठी मंजूर झाला आहे. वितरणासाठी तुमची बँक माहिती पाठवा.",No,No,No
spam,"तुम्हाला HCL सोबत वर्क-फ्रॉम-होम जॉबसाठी निवडले आहे. Rs.70,803 चा जॉइनिंग बोनस मिळवण्यासाठी तुमची बँक माहिती शेअर करा.",No,No,No
spam,"मी चुकून तुमच्या Amazon Pay वर Rs.2,585 पाठवले, कृपया हे या UPI ID वर परत करा: epzumzip@axl",No,No,No
spam,तुम्हाला TCS सोबत वर्क-फ्रॉम-होम जॉबसाठी निवडले आहे. Rs.599 चा जॉइनिंग बोनस मिळवण्यासाठी तुमची बँक माहिती शेअर करा.,No,No,No
spam,"माफ करा, मी चुकून चुकीच्या नंबरवर Rs.87,889 ट्रान्सफर केले, हे तुमचे खाते वाटते. कृपया vluajhcl26@okicici वर परत पाठवा.",No,No,No
spam,तुम्हाला Infosys सोबत वर्क-फ्रॉम-होम जॉबसाठी निवडले आहे. Rs.968 चा जॉइनिंग बोनस मिळवण्यासाठी तुमची बँक माहिती शेअर करा.,No,No,No
spam,"मी चुकून तुमच्या Paytm वर Rs.820 पाठवले, कृपया हे या UPI ID वर परत करा: ozehqqc55@okhdfcbank",No,No,No
spam,"अभिनंदन, Post Matric Scholarship अंतर्गत तुमचा अर्ज Rs.577 साठी मंजूर झाला आहे. वितरणासाठी तुमची बँक माहिती पाठवा.",No,No,No
spam,"हाय, मला वाटते मी दुसऱ्याला पेमेंट करताना चुकून तुम्हाला Rs.2,532 पाठवले. कृपया fhlcivbs@okhdfcbank वर परत पाठवा, धन्यवाद.",No,No,No
spam,"माफ करा, मी चुकून चुकीच्या नंबरवर Rs.7,788 ट्रान्सफर केले, हे तुमचे खाते वाटते. कृपया fkabs@okhdfcbank वर परत पाठवा.",No,No,No
spam,"चुकून माझ्या खात्यातून तुमच्या खात्यात Rs.98,504 ट्रान्सफर झाले आहेत, लवकरात लवकर naeohlm@okicici वर रिफंड करा.",No,No,No
spam,"तुमच्या विमा पॉलिसीची मुदतपूर्ती रक्कम Rs.12,678 तयार आहे. पेमेंट मिळवण्यासाठी तुमची बँक पासबुक माहिती पाठवा.",No,No,No
spam,"अभिनंदन, PM Kisan Samman Nidhi अंतर्गत तुमचा अर्ज Rs.956 साठी मंजूर झाला आहे. वितरणासाठी तुमची बँक माहिती पाठवा.",No,No,No
spam,तुमचे Bank of Baroda पर्सनल लोन Rs.913 चे पूर्व-मंजूर आहे. प्रक्रियेसाठी तुमचे बँक खाते आणि आधार तपशील शेअर करा.,No,No,No
spam,"माफ करा, मी चुकून चुकीच्या नंबरवर Rs.7,518 ट्रान्सफर केले, हे तुमचे खाते वाटते. कृपया pnuevou78@oksbi वर परत पाठवा.",No,No,No
spam,"हाय, मला वाटते मी दुसऱ्याला पेमेंट करताना चुकून तुम्हाला Rs.1,305 पाठवले. कृपया tnmhb71@ybl वर परत पाठवा, धन्यवाद.",No,No,No
spam,"National Scholarship Portal: तुमचा शिष्यवृत्ती लाभ Rs.79,148 ट्रान्सफरसाठी तयार आहे. मिळवण्यासाठी तुमची बँक पासबुक माहिती सबमिट करा.",No,No,No
spam,"National Scholarship Portal: तुमचा शिष्यवृत्ती लाभ Rs.1,528 ट्रान्सफरसाठी तयार आहे. मिळवण्यासाठी तुमची बँक पासबुक माहिती सबमिट करा.",No,No,No
spam,"चुकून माझ्या खात्यातून तुमच्या खात्यात Rs.3,936 ट्रान्सफर झाले आहेत, लवकरात लवकर ezsoszh31@okicici वर रिफंड करा.",No,No,No
spam,"तुम्हाला Wipro सोबत वर्क-फ्रॉम-होम जॉबसाठी निवडले आहे. Rs.14,651 चा जॉइनिंग बोनस मिळवण्यासाठी तुमची बँक माहिती शेअर करा.",No,No,No
spam,"मी चुकून तुमच्या Amazon Pay वर Rs.64,245 पाठवले, कृपया हे या UPI ID वर परत करा: unapvrfd@okicici",No,No,No
spam,"अभिनंदन, National Scholarship Portal अंतर्गत तुमचा अर्ज Rs.65,438 साठी मंजूर झाला आहे. वितरणासाठी तुमची बँक माहिती पाठवा.",No,No,No
spam,"तुमचे ICICI Bank पर्सनल लोन Rs.5,049 चे पूर्व-मंजूर आहे. प्रक्रियेसाठी तुमचे बँक खाते आणि आधार तपशील शेअर करा.",No,No,No
spam,"चुकून माझ्या खात्यातून तुमच्या खात्यात Rs.58,317 ट्रान्सफर झाले आहेत, लवकरात लवकर zmwaoe36@okicici वर रिफंड करा.",No,No,No
spam,"मी चुकून तुमच्या Paytm वर Rs.13,143 पाठवले, कृपया हे या UPI ID वर परत करा: lziprf72@oksbi",No,No,No
spam,State Scholarship Scheme अलर्ट: तुम्ही योजनेअंतर्गत Rs.922 साठी पात्र आहात. दावा करण्यासाठी तुमचा आधार आणि बँक खाते क्रमांक शेअर करा.,No,No,No
spam,"तुमच्या विमा पॉलिसीची मुदतपूर्ती रक्कम Rs.94,602 तयार आहे. पेमेंट मिळवण्यासाठी तुमची बँक पासबुक माहिती पाठवा.",No,No,No
spam,"हाय, मला वाटते मी दुसऱ्याला पेमेंट करताना चुकून तुम्हाला Rs.520 पाठवले. कृपया wtzbh@okicici वर परत पाठवा, धन्यवाद.",No,No,No
spam,"मी चुकून तुमच्या PhonePe वर Rs.791 पाठवले, कृपया हे या UPI ID वर परत करा: bxxmzkg@ybl",No,No,No
spam,"हाय, मला वाटते मी दुसऱ्याला पेमेंट करताना चुकून तुम्हाला Rs.51,855 पाठवले. कृपया sobsk@ybl वर परत पाठवा, धन्यवाद.",No,No,No
spam,"चुकून माझ्या खात्यातून तुमच्या खात्यात Rs.79,490 ट्रान्सफर झाले आहेत, लवकरात लवकर svkswb@ibl वर रिफंड करा.",No,No,No
spam,"चुकून माझ्या खात्यातून तुमच्या खात्यात Rs.6,921 ट्रान्सफर झाले आहेत, लवकरात लवकर quanp78@axl वर रिफंड करा.",No,No,No
spam,PM Ujjwala Yojana अलर्ट: तुम्ही योजनेअंतर्गत Rs.636 साठी पात्र आहात. दावा करण्यासाठी तुमचा आधार आणि बँक खाते क्रमांक शेअर करा.,No,No,No
spam,"Post Matric Scholarship: तुमचा शिष्यवृत्ती लाभ Rs.47,055 ट्रान्सफरसाठी तयार आहे. मिळवण्यासाठी तुमची बँक पासबुक माहिती सबमिट करा.",No,No,No
spam,"अभिनंदन, National Scholarship Portal अंतर्गत तुमचा अर्ज Rs.652 साठी मंजूर झाला आहे. वितरणासाठी तुमची बँक माहिती पाठवा.",No,No,No
spam,"PM Kisan Samman Nidhi अलर्ट: तुम्ही योजनेअंतर्गत Rs.81,582 साठी पात्र आहात. दावा करण्यासाठी तुमचा आधार आणि बँक खाते क्रमांक शेअर करा.",No,No,No
spam,"माफ करा, मी चुकून चुकीच्या नंबरवर Rs.2,542 ट्रान्सफर केले, हे तुमचे खाते वाटते. कृपया fidpvv@paytm वर परत पाठवा.",No,No,No
spam,"मी चुकून तुमच्या Google Pay वर Rs.526 पाठवले, कृपया हे या UPI ID वर परत करा: adfjwzb78@paytm",No,No,No
spam,"चुकून माझ्या खात्यातून तुमच्या खात्यात Rs.32,051 ट्रान्सफर झाले आहेत, लवकरात लवकर hrmumorp@ibl वर रिफंड करा.",No,No,No
spam,"Ayushman Bharat: तुमचा शिष्यवृत्ती लाभ Rs.3,306 ट्रान्सफरसाठी तयार आहे. मिळवण्यासाठी तुमची बँक पासबुक माहिती सबमिट करा.",No,No,No
spam,"अभिनंदन, PMAY अंतर्गत तुमचा अर्ज Rs.3,968 साठी मंजूर झाला आहे. वितरणासाठी तुमची बँक माहिती पाठवा.",No,No,No
spam,"चुकून माझ्या खात्यातून तुमच्या खात्यात Rs.813 ट्रान्सफर झाले आहेत, लवकरात लवकर paynpmvz@paytm वर रिफंड करा.",No,No,No
spam,"National Scholarship Portal: तुमचा शिष्यवृत्ती लाभ Rs.9,825 ट्रान्सफरसाठी तयार आहे. मिळवण्यासाठी तुमची बँक पासबुक माहिती सबमिट करा.",No,No,No
spam,तुम्हाला Wipro सोबत वर्क-फ्रॉम-होम जॉबसाठी निवडले आहे. Rs.522 चा जॉइनिंग बोनस मिळवण्यासाठी तुमची बँक माहिती शेअर करा.,No,No,No
spam,"माफ करा, मी चुकून चुकीच्या नंबरवर Rs.41,458 ट्रान्सफर केले, हे तुमचे खाते वाटते. कृपया mzzdqax@oksbi वर परत पाठवा.",No,No,No
spam,PM Ujjwala Yojana अलर्ट: तुम्ही योजनेअंतर्गत Rs.713 साठी पात्र आहात. दावा करण्यासाठी तुमचा आधार आणि बँक खाते क्रमांक शेअर करा.,No,No,No
spam,LPG Subsidy Scheme अलर्ट: तुम्ही योजनेअंतर्गत Rs.671 साठी पात्र आहात. दावा करण्यासाठी तुमचा आधार आणि बँक खाते क्रमांक शेअर करा.,No,No,No
spam,"अभिनंदन, LPG Subsidy Scheme अंतर्गत तुमचा अर्ज Rs.9,749 साठी मंजूर झाला आहे. वितरणासाठी तुमची बँक माहिती पाठवा.",No,No,No
spam,"PMAY: तुमचा शिष्यवृत्ती लाभ Rs.6,404 ट्रान्सफरसाठी तयार आहे. मिळवण्यासाठी तुमची बँक पासबुक माहिती सबमिट करा.",No,No,No
spam,"Ayushman Bharat अलर्ट: तुम्ही योजनेअंतर्गत Rs.54,869 साठी पात्र आहात. दावा करण्यासाठी तुमचा आधार आणि बँक खाते क्रमांक शेअर करा.",No,No,No
spam,"मी चुकून तुमच्या Paytm वर Rs.11,083 पाठवले, कृपया हे या UPI ID वर परत करा: asbonnrx@ibl",No,No,No
spam,National Scholarship Portal अलर्ट: तुम्ही योजनेअंतर्गत Rs.712 साठी पात्र आहात. दावा करण्यासाठी तुमचा आधार आणि बँक खाते क्रमांक शेअर करा.,No,No,No
spam,"अभिनंदन, PMAY अंतर्गत तुमचा अर्ज Rs.717 साठी मंजूर झाला आहे. वितरणासाठी तुमची बँक माहिती पाठवा.",No,No,No
spam,"माफ करा, मी चुकून चुकीच्या नंबरवर Rs.6,664 ट्रान्सफर केले, हे तुमचे खाते वाटते. कृपया kbvxd@okicici वर परत पाठवा.",No,No,No
spam,"माफ करा, मी चुकून चुकीच्या नंबरवर Rs.2,726 ट्रान्सफर केले, हे तुमचे खाते वाटते. कृपया bafnlc11@oksbi वर परत पाठवा.",No,No,No
spam,तुम्हाला Wipro सोबत वर्क-फ्रॉम-होम जॉबसाठी निवडले आहे. Rs.661 चा जॉइनिंग बोनस मिळवण्यासाठी तुमची बँक माहिती शेअर करा.,No,No,No
spam,"हाय, मला वाटते मी दुसऱ्याला पेमेंट करताना चुकून तुम्हाला Rs.663 पाठवले. कृपया rfgwgo50@oksbi वर परत पाठवा, धन्यवाद.",No,No,No
spam,"तुमच्या विमा पॉलिसीची मुदतपूर्ती रक्कम Rs.6,507 तयार आहे. पेमेंट मिळवण्यासाठी तुमची बँक पासबुक माहिती पाठवा.",No,No,No
spam,"हाय, मला वाटते मी दुसऱ्याला पेमेंट करताना चुकून तुम्हाला Rs.3,694 पाठवले. कृपया asjsydq@okicici वर परत पाठवा, धन्यवाद.",No,No,No
spam,"चुकून माझ्या खात्यातून तुमच्या खात्यात Rs.774 ट्रान्सफर झाले आहेत, लवकरात लवकर jwozjtkc@ibl वर रिफंड करा.",No,No,No
spam,"चुकून माझ्या खात्यातून तुमच्या खात्यात Rs.66,148 ट्रान्सफर झाले आहेत, लवकरात लवकर axnex@ibl वर रिफंड करा.",No,No,No
spam,"चुकून माझ्या खात्यातून तुमच्या खात्यात Rs.83,882 ट्रान्सफर झाले आहेत, लवकरात लवकर xoiwkz@axl वर रिफंड करा.",No,No,No
spam,LPG Subsidy Scheme: तुमचा शिष्यवृत्ती लाभ Rs.780 ट्रान्सफरसाठी तयार आहे. मिळवण्यासाठी तुमची बँक पासबुक माहिती सबमिट करा.,No,No,No
spam,"तुम्हाला HCL सोबत वर्क-फ्रॉम-होम जॉबसाठी निवडले आहे. Rs.5,620 चा जॉइनिंग बोनस मिळवण्यासाठी तुमची बँक माहिती शेअर करा.",No,No,No
spam,"National Scholarship Portal अलर्ट: तुम्ही योजनेअंतर्गत Rs.4,897 साठी पात्र आहात. दावा करण्यासाठी तुमचा आधार आणि बँक खाते क्रमांक शेअर करा.",No,No,No
spam,"Post Matric Scholarship अलर्ट: तुम्ही योजनेअंतर्गत Rs.15,697 साठी पात्र आहात. दावा करण्यासाठी तुमचा आधार आणि बँक खाते क्रमांक शेअर करा.",No,No,No
spam,"हाय, मला वाटते मी दुसऱ्याला पेमेंट करताना चुकून तुम्हाला Rs.25,756 पाठवले. कृपया hlqqh@paytm वर परत पाठवा, धन्यवाद.",No,No,No
spam,"मी चुकून तुमच्या Google Pay वर Rs.547 पाठवले, कृपया हे या UPI ID वर परत करा: qlvsfsaa@oksbi",No,No,No
spam,"हाय, मला वाटते मी दुसऱ्याला पेमेंट करताना चुकून तुम्हाला Rs.866 पाठवले. कृपया gfaoo40@okicici वर परत पाठवा, धन्यवाद.",No,No,No
spam,तुमचे HDFC Bank पर्सनल लोन Rs.589 चे पूर्व-मंजूर आहे. प्रक्रियेसाठी तुमचे बँक खाते आणि आधार तपशील शेअर करा.,No,No,No
spam,"मी चुकून तुमच्या Amazon Pay वर Rs.972 पाठवले, कृपया हे या UPI ID वर परत करा: zolszyi35@okicici",No,No,No
spam,"मी चुकून तुमच्या Amazon Pay वर Rs.97,840 पाठवले, कृपया हे या UPI ID वर परत करा: utoidao@ybl",No,No,No
spam,"मी चुकून तुमच्या Paytm वर Rs.14,394 पाठवले, कृपया हे या UPI ID वर परत करा: ikijfsgv43@ibl",No,No,No
spam,"LPG Subsidy Scheme अलर्ट: तुम्ही योजनेअंतर्गत Rs.2,601 साठी पात्र आहात. दावा करण्यासाठी तुमचा आधार आणि बँक खाते क्रमांक शेअर करा.",No,No,No
spam,तुम्हाला TCS सोबत वर्क-फ्रॉम-होम जॉबसाठी निवडले आहे. Rs.530 चा जॉइनिंग बोनस मिळवण्यासाठी तुमची बँक माहिती शेअर करा.,No,No,No
spam,तुम्हाला HCL सोबत वर्क-फ्रॉम-होम जॉबसाठी निवडले आहे. Rs.910 चा जॉइनिंग बोनस मिळवण्यासाठी तुमची बँक माहिती शेअर करा.,No,No,No
spam,"तुमचे Punjab National Bank पर्सनल लोन Rs.1,373 चे पूर्व-मंजूर आहे. प्रक्रियेसाठी तुमचे बँक खाते आणि आधार तपशील शेअर करा.",No,No,No
spam,"हाय, मला वाटते मी दुसऱ्याला पेमेंट करताना चुकून तुम्हाला Rs.575 पाठवले. कृपया plghvizk96@oksbi वर परत पाठवा, धन्यवाद.",No,No,No
spam,तुमच्या विमा पॉलिसीची मुदतपूर्ती रक्कम Rs.856 तयार आहे. पेमेंट मिळवण्यासाठी तुमची बँक पासबुक माहिती पाठवा.,No,No,No
spam,"तुम्हाला HCL सोबत वर्क-फ्रॉम-होम जॉबसाठी निवडले आहे. Rs.78,575 चा जॉइनिंग बोनस मिळवण्यासाठी तुमची बँक माहिती शेअर करा.",No,No,No
spam,"National Scholarship Portal: तुमचा शिष्यवृत्ती लाभ Rs.4,115 ट्रान्सफरसाठी तयार आहे. मिळवण्यासाठी तुमची बँक पासबुक माहिती सबमिट करा.",No,No,No
spam,"अभिनंदन, PM Kisan Samman Nidhi अंतर्गत तुमचा अर्ज Rs.522 साठी मंजूर झाला आहे. वितरणासाठी तुमची बँक माहिती पाठवा.",No,No,No
spam,"चुकून माझ्या खात्यातून तुमच्या खात्यात Rs.7,706 ट्रान्सफर झाले आहेत, लवकरात लवकर brltykwj73@okicici वर रिफंड करा.",No,No,No
spam,"हाय, मला वाटते मी दुसऱ्याला पेमेंट करताना चुकून तुम्हाला Rs.20,173 पाठवले. कृपया aosyhq@ybl वर परत पाठवा, धन्यवाद.",No,No,No
spam,तुम्हाला Infosys सोबत वर्क-फ्रॉम-होम जॉबसाठी निवडले आहे. Rs.780 चा जॉइनिंग बोनस मिळवण्यासाठी तुमची बँक माहिती शेअर करा.,No,No,No
spam,"चुकून माझ्या खात्यातून तुमच्या खात्यात Rs.7,667 ट्रान्सफर झाले आहेत, लवकरात लवकर yrspgkc@okicici वर रिफंड करा.",No,No,No
spam,"National Scholarship Portal: तुमचा शिष्यवृत्ती लाभ Rs.1,409 ट्रान्सफरसाठी तयार आहे. मिळवण्यासाठी तुमची बँक पासबुक माहिती सबमिट करा.",No,No,No
spam,"चुकून माझ्या खात्यातून तुमच्या खात्यात Rs.23,981 ट्रान्सफर झाले आहेत, लवकरात लवकर ahzjsenb22@paytm वर रिफंड करा.",No,No,No
spam,"तुम्हाला Infosys सोबत वर्क-फ्रॉम-होम जॉबसाठी निवडले आहे. Rs.59,317 चा जॉइनिंग बोनस मिळवण्यासाठी तुमची बँक माहिती शेअर करा.",No,No,No
spam,"चुकून माझ्या खात्यातून तुमच्या खात्यात Rs.46,760 ट्रान्सफर झाले आहेत, लवकरात लवकर lohprlm55@okhdfcbank वर रिफंड करा.",No,No,No
spam,"Post Matric Scholarship: तुमचा शिष्यवृत्ती लाभ Rs.3,071 ट्रान्सफरसाठी तयार आहे. मिळवण्यासाठी तुमची बँक पासबुक माहिती सबमिट करा.",No,No,No
spam,"हाय, मला वाटते मी दुसऱ्याला पेमेंट करताना चुकून तुम्हाला Rs.4,412 पाठवले. कृपया qmmbys@paytm वर परत पाठवा, धन्यवाद.",No,No,No
spam,"PM Ujjwala Yojana अलर्ट: तुम्ही योजनेअंतर्गत Rs.3,938 साठी पात्र आहात. दावा करण्यासाठी तुमचा आधार आणि बँक खाते क्रमांक शेअर करा.",No,No,No
spam,"PM Kisan Samman Nidhi अलर्ट: तुम्ही योजनेअंतर्गत Rs.6,195 साठी पात्र आहात. दावा करण्यासाठी तुमचा आधार आणि बँक खाते क्रमांक शेअर करा.",No,No,No
spam,"चुकून माझ्या खात्यातून तुमच्या खात्यात Rs.624 ट्रान्सफर झाले आहेत, लवकरात लवकर hgjfnsx11@paytm वर रिफंड करा.",No,No,No
spam,PMAY अलर्ट: तुम्ही योजनेअंतर्गत Rs.966 साठी पात्र आहात. दावा करण्यासाठी तुमचा आधार आणि बँक खाते क्रमांक शेअर करा.,No,No,No
spam,"माफ करा, मी चुकून चुकीच्या नंबरवर Rs.500 ट्रान्सफर केले, हे तुमचे खाते वाटते. कृपया gdcwvs@ybl वर परत पाठवा.",No,No,No
spam,"हाय, मला वाटते मी दुसऱ्याला पेमेंट करताना चुकून तुम्हाला Rs.758 पाठवले. कृपया cxjmsz@okhdfcbank वर परत पाठवा, धन्यवाद.",No,No,No
spam,"Post Matric Scholarship: तुमचा शिष्यवृत्ती लाभ Rs.14,857 ट्रान्सफरसाठी तयार आहे. मिळवण्यासाठी तुमची बँक पासबुक माहिती सबमिट करा.",No,No,No
spam,"तुम्हाला TCS सोबत वर्क-फ्रॉम-होम जॉबसाठी निवडले आहे. Rs.83,171 चा जॉइनिंग बोनस मिळवण्यासाठी तुमची बँक माहिती शेअर करा.",No,No,No
spam,"तुमच्या विमा पॉलिसीची मुदतपूर्ती रक्कम Rs.72,100 तयार आहे. पेमेंट मिळवण्यासाठी तुमची बँक पासबुक माहिती पाठवा.",No,No,No
spam,"मी चुकून तुमच्या Amazon Pay वर Rs.752 पाठवले, कृपया हे या UPI ID वर परत करा: dqakn73@ybl",No,No,No
spam,"माफ करा, मी चुकून चुकीच्या नंबरवर Rs.700 ट्रान्सफर केले, हे तुमचे खाते वाटते. कृपया qsotxkdg@okicici वर परत पाठवा.",No,No,No
spam,"मी चुकून तुमच्या Paytm वर Rs.696 पाठवले, कृपया हे या UPI ID वर परत करा: qrhqdph93@ybl",No,No,No
spam,"तुम्हाला TCS सोबत वर्क-फ्रॉम-होम जॉबसाठी निवडले आहे. Rs.80,317 चा जॉइनिंग बोनस मिळवण्यासाठी तुमची बँक माहिती शेअर करा.",No,No,No
spam,"चुकून माझ्या खात्यातून तुमच्या खात्यात Rs.54,962 ट्रान्सफर झाले आहेत, लवकरात लवकर cvqhqty@okhdfcbank वर रिफंड करा.",No,No,No
spam,"तुमच्या विमा पॉलिसीची मुदतपूर्ती रक्कम Rs.4,969 तयार आहे. पेमेंट मिळवण्यासाठी तुमची बँक पासबुक माहिती पाठवा.",No,No,No
spam,"मी चुकून तुमच्या Paytm वर Rs.687 पाठवले, कृपया हे या UPI ID वर परत करा: ryggotr76@ibl",No,No,No
spam,"मी चुकून तुमच्या Paytm वर Rs.58,962 पाठवले, कृपया हे या UPI ID वर परत करा: vmsgjayo@oksbi",No,No,No
spam,"मी चुकून तुमच्या PhonePe वर Rs.8,307 पाठवले, कृपया हे या UPI ID वर परत करा: bukyqa38@ybl",No,No,No
spam,"तुमचे Canara Bank पर्सनल लोन Rs.78,979 चे पूर्व-मंजूर आहे. प्रक्रियेसाठी तुमचे बँक खाते आणि आधार तपशील शेअर करा.",No,No,No
spam,"तुमच्या विमा पॉलिसीची मुदतपूर्ती रक्कम Rs.52,567 तयार आहे. पेमेंट मिळवण्यासाठी तुमची बँक पासबुक माहिती पाठवा.",No,No,No
spam,"अभिनंदन, LPG Subsidy Scheme अंतर्गत तुमचा अर्ज Rs.619 साठी मंजूर झाला आहे. वितरणासाठी तुमची बँक माहिती पाठवा.",No,No,No
spam,"मी चुकून तुमच्या PhonePe वर Rs.796 पाठवले, कृपया हे या UPI ID वर परत करा: jvktmv@axl",No,No,No
spam,"चुकून माझ्या खात्यातून तुमच्या खात्यात Rs.1,940 ट्रान्सफर झाले आहेत, लवकरात लवकर ytgytvdk21@axl वर रिफंड करा.",No,No,No
spam,"माफ करा, मी चुकून चुकीच्या नंबरवर Rs.504 ट्रान्सफर केले, हे तुमचे खाते वाटते. कृपया twcxgnk@paytm वर परत पाठवा.",No,No,No
spam,तुमच्या विमा पॉलिसीची मुदतपूर्ती रक्कम Rs.691 तयार आहे. पेमेंट मिळवण्यासाठी तुमची बँक पासबुक माहिती पाठवा.,No,No,No
spam,"Ayushman Bharat अलर्ट: तुम्ही योजनेअंतर्गत Rs.4,031 साठी पात्र आहात. दावा करण्यासाठी तुमचा आधार आणि बँक खाते क्रमांक शेअर करा.",No,No,No
spam,"तुमच्या विमा पॉलिसीची मुदतपूर्ती रक्कम Rs.7,931 तयार आहे. पेमेंट मिळवण्यासाठी तुमची बँक पासबुक माहिती पाठवा.",No,No,No
spam,"तुमचे ICICI Bank पर्सनल लोन Rs.2,267 चे पूर्व-मंजूर आहे. प्रक्रियेसाठी तुमचे बँक खाते आणि आधार तपशील शेअर करा.",No,No,No
spam,"तुमचे Canara Bank पर्सनल लोन Rs.2,243 चे पूर्व-मंजूर आहे. प्रक्रियेसाठी तुमचे बँक खाते आणि आधार तपशील शेअर करा.",No,No,No
spam,"मी चुकून तुमच्या Google Pay वर Rs.71,273 पाठवले, कृपया हे या UPI ID वर परत करा: nmfoz@oksbi",No,No,No
spam,"माफ करा, मी चुकून चुकीच्या नंबरवर Rs.6,822 ट्रान्सफर केले, हे तुमचे खाते वाटते. कृपया gyxdkbc@ibl वर परत पाठवा.",No,No,No
spam,तुमच्या विमा पॉलिसीची मुदतपूर्ती रक्कम Rs.904 तयार आहे. पेमेंट मिळवण्यासाठी तुमची बँक पासबुक माहिती पाठवा.,No,No,No
spam,तुमच्या विमा पॉलिसीची मुदतपूर्ती रक्कम Rs.773 तयार आहे. पेमेंट मिळवण्यासाठी तुमची बँक पासबुक माहिती पाठवा.,No,No,No
spam,तुमच्या विमा पॉलिसीची मुदतपूर्ती रक्कम Rs.882 तयार आहे. पेमेंट मिळवण्यासाठी तुमची बँक पासबुक माहिती पाठवा.,No,No,No
spam,"मी चुकून तुमच्या PhonePe वर Rs.9,269 पाठवले, कृपया हे या UPI ID वर परत करा: ulpyzb@ibl",No,No,No
spam,"हाय, मला वाटते मी दुसऱ्याला पेमेंट करताना चुकून तुम्हाला Rs.91,228 पाठवले. कृपया pbrlow93@ybl वर परत पाठवा, धन्यवाद.",No,No,No
spam,"हाय, मला वाटते मी दुसऱ्याला पेमेंट करताना चुकून तुम्हाला Rs.86,455 पाठवले. कृपया zwklal78@ibl वर परत पाठवा, धन्यवाद.",No,No,No
spam,"तुमचे Canara Bank पर्सनल लोन Rs.2,318 चे पूर्व-मंजूर आहे. प्रक्रियेसाठी तुमचे बँक खाते आणि आधार तपशील शेअर करा.",No,No,No
spam,"PM Ujjwala Yojana अलर्ट: तुम्ही योजनेअंतर्गत Rs.8,158 साठी पात्र आहात. दावा करण्यासाठी तुमचा आधार आणि बँक खाते क्रमांक शेअर करा.",No,No,No
spam,"तुम्हाला Amazon सोबत वर्क-फ्रॉम-होम जॉबसाठी निवडले आहे. Rs.3,488 चा जॉइनिंग बोनस मिळवण्यासाठी तुमची बँक माहिती शेअर करा.",No,No,No
spam,"Ayushman Bharat: तुमचा शिष्यवृत्ती लाभ Rs.4,947 ट्रान्सफरसाठी तयार आहे. मिळवण्यासाठी तुमची बँक पासबुक माहिती सबमिट करा.",No,No,No
spam,"PM Kisan Samman Nidhi अलर्ट: तुम्ही योजनेअंतर्गत Rs.7,324 साठी पात्र आहात. दावा करण्यासाठी तुमचा आधार आणि बँक खाते क्रमांक शेअर करा.",No,No,No
spam,"मी चुकून तुमच्या Paytm वर Rs.530 पाठवले, कृपया हे या UPI ID वर परत करा: jcqchd12@okhdfcbank",No,No,No
spam,"माफ करा, मी चुकून चुकीच्या नंबरवर Rs.965 ट्रान्सफर केले, हे तुमचे खाते वाटते. कृपया lbdotd@oksbi वर परत पाठवा.",No,No,No
spam,"मी चुकून तुमच्या Google Pay वर Rs.9,072 पाठवले, कृपया हे या UPI ID वर परत करा: lrtdcbi75@ibl",No,No,No
spam,"हाय, मला वाटते मी दुसऱ्याला पेमेंट करताना चुकून तुम्हाला Rs.6,719 पाठवले. कृपया yxdlhp74@okhdfcbank वर परत पाठवा, धन्यवाद.",No,No,No
spam,तुम्हाला TCS सोबत वर्क-फ्रॉम-होम जॉबसाठी निवडले आहे. Rs.828 चा जॉइनिंग बोनस मिळवण्यासाठी तुमची बँक माहिती शेअर करा.,No,No,No
spam,"PMAY: तुमचा शिष्यवृत्ती लाभ Rs.8,896 ट्रान्सफरसाठी तयार आहे. मिळवण्यासाठी तुमची बँक पासबुक माहिती सबमिट करा.",No,No,No
spam,"National Scholarship Portal: तुमचा शिष्यवृत्ती लाभ Rs.2,868 ट्रान्सफरसाठी तयार आहे. मिळवण्यासाठी तुमची बँक पासबुक माहिती सबमिट करा.",No,No,No
spam,तुमचे Bank of Baroda पर्सनल लोन Rs.970 चे पूर्व-मंजूर आहे. प्रक्रियेसाठी तुमचे बँक खाते आणि आधार तपशील शेअर करा.,No,No,No
spam,"तुमचे Punjab National Bank पर्सनल लोन Rs.36,245 चे पूर्व-मंजूर आहे. प्रक्रियेसाठी तुमचे बँक खाते आणि आधार तपशील शेअर करा.",No,No,No
spam,"चुकून माझ्या खात्यातून तुमच्या खात्यात Rs.985 ट्रान्सफर झाले आहेत, लवकरात लवकर zaxssw@paytm वर रिफंड करा.",No,No,No
spam,"हाय, मला वाटते मी दुसऱ्याला पेमेंट करताना चुकून तुम्हाला Rs.4,826 पाठवले. कृपया tsfsona@okicici वर परत पाठवा, धन्यवाद.",No,No,No
spam,"माफ करा, मी चुकून चुकीच्या नंबरवर Rs.6,515 ट्रान्सफर केले, हे तुमचे खाते वाटते. कृपया dkrlji29@axl वर परत पाठवा.",No,No,No
spam,"चुकून माझ्या खात्यातून तुमच्या खात्यात Rs.51,427 ट्रान्सफर झाले आहेत, लवकरात लवकर ncripk65@oksbi वर रिफंड करा.",No,No,No
spam,"तुमच्या विमा पॉलिसीची मुदतपूर्ती रक्कम Rs.81,884 तयार आहे. पेमेंट मिळवण्यासाठी तुमची बँक पासबुक माहिती पाठवा.",No,No,No
spam,"PM Ujjwala Yojana: तुमचा शिष्यवृत्ती लाभ Rs.95,233 ट्रान्सफरसाठी तयार आहे. मिळवण्यासाठी तुमची बँक पासबुक माहिती सबमिट करा.",No,No,No
spam,"तुमच्या विमा पॉलिसीची मुदतपूर्ती रक्कम Rs.7,700 तयार आहे. पेमेंट मिळवण्यासाठी तुमची बँक पासबुक माहिती पाठवा.",No,No,No
spam,"LPG Subsidy Scheme: तुमचा शिष्यवृत्ती लाभ Rs.8,708 ट्रान्सफरसाठी तयार आहे. मिळवण्यासाठी तुमची बँक पासबुक माहिती सबमिट करा.",No,No,No
spam,"PM Kisan Samman Nidhi अलर्ट: तुम्ही योजनेअंतर्गत Rs.98,972 साठी पात्र आहात. दावा करण्यासाठी तुमचा आधार आणि बँक खाते क्रमांक शेअर करा.",No,No,No
spam,National Scholarship Portal: तुमचा शिष्यवृत्ती लाभ Rs.546 ट्रान्सफरसाठी तयार आहे. मिळवण्यासाठी तुमची बँक पासबुक माहिती सबमिट करा.,No,No,No
spam,"मी चुकून तुमच्या Amazon Pay वर Rs.68,105 पाठवले, कृपया हे या UPI ID वर परत करा: usurs44@ibl",No,No,No
spam,"मी चुकून तुमच्या Google Pay वर Rs.541 पाठवले, कृपया हे या UPI ID वर परत करा: yuyoqe@ybl",No,No,No
spam,PM Ujjwala Yojana: तुमचा शिष्यवृत्ती लाभ Rs.628 ट्रान्सफरसाठी तयार आहे. मिळवण्यासाठी तुमची बँक पासबुक माहिती सबमिट करा.,No,No,No
spam,"तुमच्या विमा पॉलिसीची मुदतपूर्ती रक्कम Rs.92,833 तयार आहे. पेमेंट मिळवण्यासाठी तुमची बँक पासबुक माहिती पाठवा.",No,No,No
spam,"हाय, मला वाटते मी दुसऱ्याला पेमेंट करताना चुकून तुम्हाला Rs.8,196 पाठवले. कृपया fqvbc87@okhdfcbank वर परत पाठवा, धन्यवाद.",No,No,No
spam,"PMAY: तुमचा शिष्यवृत्ती लाभ Rs.64,446 ट्रान्सफरसाठी तयार आहे. मिळवण्यासाठी तुमची बँक पासबुक माहिती सबमिट करा.",No,No,No
spam,"अभिनंदन, PM Ujjwala Yojana अंतर्गत तुमचा अर्ज Rs.2,158 साठी मंजूर झाला आहे. वितरणासाठी तुमची बँक माहिती पाठवा.",No,No,No
spam,"चुकून माझ्या खात्यातून तुमच्या खात्यात Rs.32,815 ट्रान्सफर झाले आहेत, लवकरात लवकर zulpbbp23@oksbi वर रिफंड करा.",No,No,No
spam,"हाय, मला वाटते मी दुसऱ्याला पेमेंट करताना चुकून तुम्हाला Rs.28,081 पाठवले. कृपया yrkydzk@ybl वर परत पाठवा, धन्यवाद.",No,No,No
spam,"तुम्हाला TCS सोबत वर्क-फ्रॉम-होम जॉबसाठी निवडले आहे. Rs.39,508 चा जॉइनिंग बोनस मिळवण्यासाठी तुमची बँक माहिती शेअर करा.",No,No,No
spam,"PM Kisan Samman Nidhi अलर्ट: तुम्ही योजनेअंतर्गत Rs.19,565 साठी पात्र आहात. दावा करण्यासाठी तुमचा आधार आणि बँक खाते क्रमांक शेअर करा.",No,No,No
spam,"चुकून माझ्या खात्यातून तुमच्या खात्यात Rs.6,709 ट्रान्सफर झाले आहेत, लवकरात लवकर szdlo@okhdfcbank वर रिफंड करा.",No,No,No
spam,"तुम्हाला Amazon सोबत वर्क-फ्रॉम-होम जॉबसाठी निवडले आहे. Rs.21,856 चा जॉइनिंग बोनस मिळवण्यासाठी तुमची बँक माहिती शेअर करा.",No,No,No
spam,"तुमच्या विमा पॉलिसीची मुदतपूर्ती रक्कम Rs.36,052 तयार आहे. पेमेंट मिळवण्यासाठी तुमची बँक पासबुक माहिती पाठवा.",No,No,No
spam,"अभिनंदन, National Scholarship Portal अंतर्गत तुमचा अर्ज Rs.4,712 साठी मंजूर झाला आहे. वितरणासाठी तुमची बँक माहिती पाठवा.",No,No,No
spam,"LPG Subsidy Scheme अलर्ट: तुम्ही योजनेअंतर्गत Rs.6,506 साठी पात्र आहात. दावा करण्यासाठी तुमचा आधार आणि बँक खाते क्रमांक शेअर करा.",No,No,No
spam,"PM Kisan Samman Nidhi: तुमचा शिष्यवृत्ती लाभ Rs.9,456 ट्रान्सफरसाठी तयार आहे. मिळवण्यासाठी तुमची बँक पासबुक माहिती सबमिट करा.",No,No,No
spam,PMAY: तुमचा शिष्यवृत्ती लाभ Rs.971 ट्रान्सफरसाठी तयार आहे. मिळवण्यासाठी तुमची बँक पासबुक माहिती सबमिट करा.,No,No,No
spam,"अभिनंदन, LPG Subsidy Scheme अंतर्गत तुमचा अर्ज Rs.919 साठी मंजूर झाला आहे. वितरणासाठी तुमची बँक माहिती पाठवा.",No,No,No
spam,"तुमच्या विमा पॉलिसीची मुदतपूर्ती रक्कम Rs.97,211 तयार आहे. पेमेंट मिळवण्यासाठी तुमची बँक पासबुक माहिती पाठवा.",No,No,No
spam,"तुम्हाला Wipro सोबत वर्क-फ्रॉम-होम जॉबसाठी निवडले आहे. Rs.3,469 चा जॉइनिंग बोनस मिळवण्यासाठी तुमची बँक माहिती शेअर करा.",No,No,No
spam,"तुमचे Axis Bank पर्सनल लोन Rs.7,557 चे पूर्व-मंजूर आहे. प्रक्रियेसाठी तुमचे बँक खाते आणि आधार तपशील शेअर करा.",No,No,No
spam,"National Scholarship Portal अलर्ट: तुम्ही योजनेअंतर्गत Rs.7,837 साठी पात्र आहात. दावा करण्यासाठी तुमचा आधार आणि बँक खाते क्रमांक शेअर करा.",No,No,No
spam,"हाय, मला वाटते मी दुसऱ्याला पेमेंट करताना चुकून तुम्हाला Rs.4,610 पाठवले. कृपया sudcgnvz@axl वर परत पाठवा, धन्यवाद.",No,No,No
spam,तुमच्या विमा पॉलिसीची मुदतपूर्ती रक्कम Rs.633 तयार आहे. पेमेंट मिळवण्यासाठी तुमची बँक पासबुक माहिती पाठवा.,No,No,No
spam,"PM Kisan Samman Nidhi: तुमचा शिष्यवृत्ती लाभ Rs.50,522 ट्रान्सफरसाठी तयार आहे. मिळवण्यासाठी तुमची बँक पासबुक माहिती सबमिट करा.",No,No,No
spam,"तुम्हाला Wipro सोबत वर्क-फ्रॉम-होम जॉबसाठी निवडले आहे. Rs.33,671 चा जॉइनिंग बोनस मिळवण्यासाठी तुमची बँक माहिती शेअर करा.",No,No,No
spam,"अभिनंदन, PM Kisan Samman Nidhi अंतर्गत तुमचा अर्ज Rs.607 साठी मंजूर झाला आहे. वितरणासाठी तुमची बँक माहिती पाठवा.",No,No,No
spam,"तुमचे SBI पर्सनल लोन Rs.96,290 चे पूर्व-मंजूर आहे. प्रक्रियेसाठी तुमचे बँक खाते आणि आधार तपशील शेअर करा.",No,No,No
spam,तुमचे Punjab National Bank पर्सनल लोन Rs.758 चे पूर्व-मंजूर आहे. प्रक्रियेसाठी तुमचे बँक खाते आणि आधार तपशील शेअर करा.,No,No,No
spam,"PM Ujjwala Yojana अलर्ट: तुम्ही योजनेअंतर्गत Rs.32,724 साठी पात्र आहात. दावा करण्यासाठी तुमचा आधार आणि बँक खाते क्रमांक शेअर करा.",No,No,No
spam,"तुमचे Kotak Mahindra Bank पर्सनल लोन Rs.3,338 चे पूर्व-मंजूर आहे. प्रक्रियेसाठी तुमचे बँक खाते आणि आधार तपशील शेअर करा.",No,No,No
spam,State Scholarship Scheme अलर्ट: तुम्ही योजनेअंतर्गत Rs.664 साठी पात्र आहात. दावा करण्यासाठी तुमचा आधार आणि बँक खाते क्रमांक शेअर करा.,No,No,No
spam,"माफ करा, मी चुकून चुकीच्या नंबरवर Rs.566 ट्रान्सफर केले, हे तुमचे खाते वाटते. कृपया avtlseu34@axl वर परत पाठवा.",No,No,No
spam,"National Scholarship Portal: तुमचा शिष्यवृत्ती लाभ Rs.2,473 ट्रान्सफरसाठी तयार आहे. मिळवण्यासाठी तुमची बँक पासबुक माहिती सबमिट करा.",No,No,No
spam,"PM Kisan Samman Nidhi: तुमचा शिष्यवृत्ती लाभ Rs.52,655 ट्रान्सफरसाठी तयार आहे. मिळवण्यासाठी तुमची बँक पासबुक माहिती सबमिट करा.",No,No,No
spam,"PM Kisan Samman Nidhi: तुमचा शिष्यवृत्ती लाभ Rs.8,042 ट्रान्सफरसाठी तयार आहे. मिळवण्यासाठी तुमची बँक पासबुक माहिती सबमिट करा.",No,No,No
spam,"अभिनंदन, LPG Subsidy Scheme अंतर्गत तुमचा अर्ज Rs.5,289 साठी मंजूर झाला आहे. वितरणासाठी तुमची बँक माहिती पाठवा.",No,No,No
spam,"हाय, मला वाटते मी दुसऱ्याला पेमेंट करताना चुकून तुम्हाला Rs.962 पाठवले. कृपया jxwyxa88@oksbi वर परत पाठवा, धन्यवाद.",No,No,No
spam,"हाय, मला वाटते मी दुसऱ्याला पेमेंट करताना चुकून तुम्हाला Rs.1,481 पाठवले. कृपया hzkiwg63@paytm वर परत पाठवा, धन्यवाद.",No,No,No
spam,National Scholarship Portal अलर्ट: तुम्ही योजनेअंतर्गत Rs.930 साठी पात्र आहात. दावा करण्यासाठी तुमचा आधार आणि बँक खाते क्रमांक शेअर करा.,No,No,No
spam,Post Matric Scholarship अलर्ट: तुम्ही योजनेअंतर्गत Rs.613 साठी पात्र आहात. दावा करण्यासाठी तुमचा आधार आणि बँक खाते क्रमांक शेअर करा.,No,No,No
spam,"तुमचे Punjab National Bank पर्सनल लोन Rs.1,260 चे पूर्व-मंजूर आहे. प्रक्रियेसाठी तुमचे बँक खाते आणि आधार तपशील शेअर करा.",No,No,No
spam,"तुमचे HDFC Bank पर्सनल लोन Rs.3,974 चे पूर्व-मंजूर आहे. प्रक्रियेसाठी तुमचे बँक खाते आणि आधार तपशील शेअर करा.",No,No,No
spam,"हाय, मला वाटते मी दुसऱ्याला पेमेंट करताना चुकून तुम्हाला Rs.2,942 पाठवले. कृपया sgmmd@okicici वर परत पाठवा, धन्यवाद.",No,No,No
spam,"तुमचे ICICI Bank पर्सनल लोन Rs.54,777 चे पूर्व-मंजूर आहे. प्रक्रियेसाठी तुमचे बँक खाते आणि आधार तपशील शेअर करा.",No,No,No
spam,तुमचे Kotak Mahindra Bank पर्सनल लोन Rs.858 चे पूर्व-मंजूर आहे. प्रक्रियेसाठी तुमचे बँक खाते आणि आधार तपशील शेअर करा.,No,No,No
spam,"हाय, मला वाटते मी दुसऱ्याला पेमेंट करताना चुकून तुम्हाला Rs.942 पाठवले. कृपया arfyelfz63@axl वर परत पाठवा, धन्यवाद.",No,No,No
spam,"हाय, मला वाटते मी दुसऱ्याला पेमेंट करताना चुकून तुम्हाला Rs.29,681 पाठवले. कृपया bggqrnpl@ybl वर परत पाठवा, धन्यवाद.",No,No,No
spam,"मी चुकून तुमच्या Paytm वर Rs.39,140 पाठवले, कृपया हे या UPI ID वर परत करा: jyvtwlqu@ibl",No,No,No
spam,Ayushman Bharat अलर्ट: तुम्ही योजनेअंतर्गत Rs.997 साठी पात्र आहात. दावा करण्यासाठी तुमचा आधार आणि बँक खाते क्रमांक शेअर करा.,No,No,No
spam,"अभिनंदन, PMAY अंतर्गत तुमचा अर्ज Rs.3,793 साठी मंजूर झाला आहे. वितरणासाठी तुमची बँक माहिती पाठवा.",No,No,No
spam,"तुम्हाला HCL सोबत वर्क-फ्रॉम-होम जॉबसाठी निवडले आहे. Rs.8,311 चा जॉइनिंग बोनस मिळवण्यासाठी तुमची बँक माहिती शेअर करा.",No,No,No
spam,"हाय, मला वाटते मी दुसऱ्याला पेमेंट करताना चुकून तुम्हाला Rs.7,540 पाठवले. कृपया muhetqg@axl वर परत पाठवा, धन्यवाद.",No,No,No
spam,"तुमचे Kotak Mahindra Bank पर्सनल लोन Rs.63,030 चे पूर्व-मंजूर आहे. प्रक्रियेसाठी तुमचे बँक खाते आणि आधार तपशील शेअर करा.",No,No,No
spam,"चुकून माझ्या खात्यातून तुमच्या खात्यात Rs.6,483 ट्रान्सफर झाले आहेत, लवकरात लवकर hbgwit84@axl वर रिफंड करा.",No,No,No
spam,"अभिनंदन, Post Matric Scholarship अंतर्गत तुमचा अर्ज Rs.686 साठी मंजूर झाला आहे. वितरणासाठी तुमची बँक माहिती पाठवा.",No,No,No
spam,"तुमच्या विमा पॉलिसीची मुदतपूर्ती रक्कम Rs.7,992 तयार आहे. पेमेंट मिळवण्यासाठी तुमची बँक पासबुक माहिती पाठवा.",No,No,No
spam,Ayushman Bharat अलर्ट: तुम्ही योजनेअंतर्गत Rs.834 साठी पात्र आहात. दावा करण्यासाठी तुमचा आधार आणि बँक खाते क्रमांक शेअर करा.,No,No,No
spam,"मी चुकून तुमच्या Paytm वर Rs.6,247 पाठवले, कृपया हे या UPI ID वर परत करा: kloqz@okicici",No,No,No
spam,"PM Ujjwala Yojana अलर्ट: तुम्ही योजनेअंतर्गत Rs.5,767 साठी पात्र आहात. दावा करण्यासाठी तुमचा आधार आणि बँक खाते क्रमांक शेअर करा.",No,No,No
spam,"PM Ujjwala Yojana: तुमचा शिष्यवृत्ती लाभ Rs.54,936 ट्रान्सफरसाठी तयार आहे. मिळवण्यासाठी तुमची बँक पासबुक माहिती सबमिट करा.",No,No,No
spam,"हाय, मला वाटते मी दुसऱ्याला पेमेंट करताना चुकून तुम्हाला Rs.983 पाठवले. कृपया hqrhn@ibl वर परत पाठवा, धन्यवाद.",No,No,No
spam,LPG Subsidy Scheme अलर्ट: तुम्ही योजनेअंतर्गत Rs.601 साठी पात्र आहात. दावा करण्यासाठी तुमचा आधार आणि बँक खाते क्रमांक शेअर करा.,No,No,No
spam,"तुमच्या विमा पॉलिसीची मुदतपूर्ती रक्कम Rs.92,256 तयार आहे. पेमेंट मिळवण्यासाठी तुमची बँक पासबुक माहिती पाठवा.",No,No,No
spam,"तुम्हाला TCS सोबत वर्क-फ्रॉम-होम जॉबसाठी निवडले आहे. Rs.70,961 चा जॉइनिंग बोनस मिळवण्यासाठी तुमची बँक माहिती शेअर करा.",No,No,No
spam,"तुम्हाला Reliance सोबत वर्क-फ्रॉम-होम जॉबसाठी निवडले आहे. Rs.78,451 चा जॉइनिंग बोनस मिळवण्यासाठी तुमची बँक माहिती शेअर करा.",No,No,No
spam,"हाय, मला वाटते मी दुसऱ्याला पेमेंट करताना चुकून तुम्हाला Rs.9,180 पाठवले. कृपया qleri16@okicici वर परत पाठवा, धन्यवाद.",No,No,No
spam,तुम्हाला Reliance सोबत वर्क-फ्रॉम-होम जॉबसाठी निवडले आहे. Rs.545 चा जॉइनिंग बोनस मिळवण्यासाठी तुमची बँक माहिती शेअर करा.,No,No,No
spam,"हाय, मला वाटते मी दुसऱ्याला पेमेंट करताना चुकून तुम्हाला Rs.670 पाठवले. कृपया aurhift@ibl वर परत पाठवा, धन्यवाद.",No,No,No
spam,"मी चुकून तुमच्या Paytm वर Rs.24,774 पाठवले, कृपया हे या UPI ID वर परत करा: xrixdw@paytm",No,No,No
spam,National Scholarship Portal अलर्ट: तुम्ही योजनेअंतर्गत Rs.866 साठी पात्र आहात. दावा करण्यासाठी तुमचा आधार आणि बँक खाते क्रमांक शेअर करा.,No,No,No
spam,"चुकून माझ्या खात्यातून तुमच्या खात्यात Rs.9,287 ट्रान्सफर झाले आहेत, लवकरात लवकर loxerdc66@ybl वर रिफंड करा.",No,No,No
spam,PM Ujjwala Yojana अलर्ट: तुम्ही योजनेअंतर्गत Rs.998 साठी पात्र आहात. दावा करण्यासाठी तुमचा आधार आणि बँक खाते क्रमांक शेअर करा.,No,No,No
spam,तुमचे Bank of Baroda पर्सनल लोन Rs.783 चे पूर्व-मंजूर आहे. प्रक्रियेसाठी तुमचे बँक खाते आणि आधार तपशील शेअर करा.,No,No,No
spam,"माफ करा, मी चुकून चुकीच्या नंबरवर Rs.42,866 ट्रान्सफर केले, हे तुमचे खाते वाटते. कृपया rpbomeqt@ibl वर परत पाठवा.",No,No,No
spam,"तुमच्या विमा पॉलिसीची मुदतपूर्ती रक्कम Rs.65,530 तयार आहे. पेमेंट मिळवण्यासाठी तुमची बँक पासबुक माहिती पाठवा.",No,No,No
spam,PM Kisan Samman Nidhi अलर्ट: तुम्ही योजनेअंतर्गत Rs.878 साठी पात्र आहात. दावा करण्यासाठी तुमचा आधार आणि बँक खाते क्रमांक शेअर करा.,No,No,No
spam,"तुमच्या विमा पॉलिसीची मुदतपूर्ती रक्कम Rs.4,430 तयार आहे. पेमेंट मिळवण्यासाठी तुमची बँक पासबुक माहिती पाठवा.",No,No,No
spam,"तुमच्या विमा पॉलिसीची मुदतपूर्ती रक्कम Rs.2,252 तयार आहे. पेमेंट मिळवण्यासाठी तुमची बँक पासबुक माहिती पाठवा.",No,No,No
spam,"LPG Subsidy Scheme अलर्ट: तुम्ही योजनेअंतर्गत Rs.1,240 साठी पात्र आहात. दावा करण्यासाठी तुमचा आधार आणि बँक खाते क्रमांक शेअर करा.",No,No,No
spam,"हाय, मला वाटते मी दुसऱ्याला पेमेंट करताना चुकून तुम्हाला Rs.75,090 पाठवले. कृपया hzbeuw79@ybl वर परत पाठवा, धन्यवाद.",No,No,No
spam,"मी चुकून तुमच्या Paytm वर Rs.884 पाठवले, कृपया हे या UPI ID वर परत करा: xslfgsd@paytm",No,No,No
spam,"चुकून माझ्या खात्यातून तुमच्या खात्यात Rs.9,821 ट्रान्सफर झाले आहेत, लवकरात लवकर jlkzr17@paytm वर रिफंड करा.",No,No,No
spam,तुम्हाला TCS सोबत वर्क-फ्रॉम-होम जॉबसाठी निवडले आहे. Rs.892 चा जॉइनिंग बोनस मिळवण्यासाठी तुमची बँक माहिती शेअर करा.,No,No,No
spam,"चुकून माझ्या खात्यातून तुमच्या खात्यात Rs.92,471 ट्रान्सफर झाले आहेत, लवकरात लवकर qaedokt@paytm वर रिफंड करा.",No,No,No
spam,तुमच्या विमा पॉलिसीची मुदतपूर्ती रक्कम Rs.640 तयार आहे. पेमेंट मिळवण्यासाठी तुमची बँक पासबुक माहिती पाठवा.,No,No,No
spam,"तुम्हाला Wipro सोबत वर्क-फ्रॉम-होम जॉबसाठी निवडले आहे. Rs.1,536 चा जॉइनिंग बोनस मिळवण्यासाठी तुमची बँक माहिती शेअर करा.",No,No,No
spam,"तुम्हाला Flipkart सोबत वर्क-फ्रॉम-होम जॉबसाठी निवडले आहे. Rs.29,287 चा जॉइनिंग बोनस मिळवण्यासाठी तुमची बँक माहिती शेअर करा.",No,No,No
spam,"अभिनंदन, National Scholarship Portal अंतर्गत तुमचा अर्ज Rs.1,981 साठी मंजूर झाला आहे. वितरणासाठी तुमची बँक माहिती पाठवा.",No,No,No
spam,"PMAY: तुमचा शिष्यवृत्ती लाभ Rs.85,509 ट्रान्सफरसाठी तयार आहे. मिळवण्यासाठी तुमची बँक पासबुक माहिती सबमिट करा.",No,No,No
spam,"अभिनंदन, PM Kisan Samman Nidhi अंतर्गत तुमचा अर्ज Rs.530 साठी मंजूर झाला आहे. वितरणासाठी तुमची बँक माहिती पाठवा.",No,No,No
spam,तुमचे Axis Bank पर्सनल लोन Rs.544 चे पूर्व-मंजूर आहे. प्रक्रियेसाठी तुमचे बँक खाते आणि आधार तपशील शेअर करा.,No,No,No
spam,"चुकून माझ्या खात्यातून तुमच्या खात्यात Rs.872 ट्रान्सफर झाले आहेत, लवकरात लवकर wxfzrfvk48@okicici वर रिफंड करा.",No,No,No
spam,तुम्हाला Wipro सोबत वर्क-फ्रॉम-होम जॉबसाठी निवडले आहे. Rs.630 चा जॉइनिंग बोनस मिळवण्यासाठी तुमची बँक माहिती शेअर करा.,No,No,No
spam,"तुमच्या विमा पॉलिसीची मुदतपूर्ती रक्कम Rs.5,873 तयार आहे. पेमेंट मिळवण्यासाठी तुमची बँक पासबुक माहिती पाठवा.",No,No,No
spam,National Scholarship Portal: तुमचा शिष्यवृत्ती लाभ Rs.699 ट्रान्सफरसाठी तयार आहे. मिळवण्यासाठी तुमची बँक पासबुक माहिती सबमिट करा.,No,No,No
spam,"मी चुकून तुमच्या Paytm वर Rs.7,721 पाठवले, कृपया हे या UPI ID वर परत करा: hheqr@okicici",No,No,No
spam,"मी चुकून तुमच्या PhonePe वर Rs.3,184 पाठवले, कृपया हे या UPI ID वर परत करा: xgwwgw36@oksbi",No,No,No
spam,"हाय, मला वाटते मी दुसऱ्याला पेमेंट करताना चुकून तुम्हाला Rs.86,659 पाठवले. कृपया ygndtkyw63@paytm वर परत पाठवा, धन्यवाद.",No,No,No
spam,State Scholarship Scheme: तुमचा शिष्यवृत्ती लाभ Rs.558 ट्रान्सफरसाठी तयार आहे. मिळवण्यासाठी तुमची बँक पासबुक माहिती सबमिट करा.,No,No,No
spam,"माफ करा, मी चुकून चुकीच्या नंबरवर Rs.9,395 ट्रान्सफर केले, हे तुमचे खाते वाटते. कृपया treku@ybl वर परत पाठवा.",No,No,No
spam,"National Scholarship Portal: तुमचा शिष्यवृत्ती लाभ Rs.1,036 ट्रान्सफरसाठी तयार आहे. मिळवण्यासाठी तुमची बँक पासबुक माहिती सबमिट करा.",No,No,No
spam,"माफ करा, मी चुकून चुकीच्या नंबरवर Rs.55,436 ट्रान्सफर केले, हे तुमचे खाते वाटते. कृपया yftzxc58@ybl वर परत पाठवा.",No,No,No
spam,"तुमच्या विमा पॉलिसीची मुदतपूर्ती रक्कम Rs.5,664 तयार आहे. पेमेंट मिळवण्यासाठी तुमची बँक पासबुक माहिती पाठवा.",No,No,No
spam,"चुकून माझ्या खात्यातून तुमच्या खात्यात Rs.818 ट्रान्सफर झाले आहेत, लवकरात लवकर qjwwan@ibl वर रिफंड करा.",No,No,No
spam,"अभिनंदन, State Scholarship Scheme अंतर्गत तुमचा अर्ज Rs.952 साठी मंजूर झाला आहे. वितरणासाठी तुमची बँक माहिती पाठवा.",No,No,No
spam,"तुम्हाला Amazon सोबत वर्क-फ्रॉम-होम जॉबसाठी निवडले आहे. Rs.3,456 चा जॉइनिंग बोनस मिळवण्यासाठी तुमची बँक माहिती शेअर करा.",No,No,No
spam,तुम्हाला Infosys सोबत वर्क-फ्रॉम-होम जॉबसाठी निवडले आहे. Rs.843 चा जॉइनिंग बोनस मिळवण्यासाठी तुमची बँक माहिती शेअर करा.,No,No,No
spam,"मी चुकून तुमच्या Amazon Pay वर Rs.5,650 पाठवले, कृपया हे या UPI ID वर परत करा: oqzhk96@paytm",No,No,No
spam,तुमचे HDFC Bank पर्सनल लोन Rs.825 चे पूर्व-मंजूर आहे. प्रक्रियेसाठी तुमचे बँक खाते आणि आधार तपशील शेअर करा.,No,No,No
spam,"मी चुकून तुमच्या Amazon Pay वर Rs.802 पाठवले, कृपया हे या UPI ID वर परत करा: ynkmif23@ybl",No,No,No
spam,"मी चुकून तुमच्या PhonePe वर Rs.3,783 पाठवले, कृपया हे या UPI ID वर परत करा: modaf@okhdfcbank",No,No,No
spam,National Scholarship Portal अलर्ट: तुम्ही योजनेअंतर्गत Rs.504 साठी पात्र आहात. दावा करण्यासाठी तुमचा आधार आणि बँक खाते क्रमांक शेअर करा.,No,No,No
spam,"Ayushman Bharat: तुमचा शिष्यवृत्ती लाभ Rs.3,603 ट्रान्सफरसाठी तयार आहे. मिळवण्यासाठी तुमची बँक पासबुक माहिती सबमिट करा.",No,No,No
spam,"तुम्हाला Reliance सोबत वर्क-फ्रॉम-होम जॉबसाठी निवडले आहे. Rs.8,450 चा जॉइनिंग बोनस मिळवण्यासाठी तुमची बँक माहिती शेअर करा.",No,No,No
spam,"चुकून माझ्या खात्यातून तुमच्या खात्यात Rs.79,639 ट्रान्सफर झाले आहेत, लवकरात लवकर zxstewl@oksbi वर रिफंड करा.",No,No,No
spam,"हाय, मला वाटते मी दुसऱ्याला पेमेंट करताना चुकून तुम्हाला Rs.6,064 पाठवले. कृपया ybfytxt@oksbi वर परत पाठवा, धन्यवाद.",No,No,No
spam,"तुमच्या विमा पॉलिसीची मुदतपूर्ती रक्कम Rs.37,641 तयार आहे. पेमेंट मिळवण्यासाठी तुमची बँक पासबुक माहिती पाठवा.",No,No,No
spam,"PM Ujjwala Yojana अलर्ट: तुम्ही योजनेअंतर्गत Rs.52,723 साठी पात्र आहात. दावा करण्यासाठी तुमचा आधार आणि बँक खाते क्रमांक शेअर करा.",No,No,No
spam,State Scholarship Scheme अलर्ट: तुम्ही योजनेअंतर्गत Rs.606 साठी पात्र आहात. दावा करण्यासाठी तुमचा आधार आणि बँक खाते क्रमांक शेअर करा.,No,No,No
spam,"हाय, मला वाटते मी दुसऱ्याला पेमेंट करताना चुकून तुम्हाला Rs.63,663 पाठवले. कृपया biztmlve43@axl वर परत पाठवा, धन्यवाद.",No,No,No
spam,"तुमच्या विमा पॉलिसीची मुदतपूर्ती रक्कम Rs.40,329 तयार आहे. पेमेंट मिळवण्यासाठी तुमची बँक पासबुक माहिती पाठवा.",No,No,No
spam,तुमच्या विमा पॉलिसीची मुदतपूर्ती रक्कम Rs.789 तयार आहे. पेमेंट मिळवण्यासाठी तुमची बँक पासबुक माहिती पाठवा.,No,No,No
spam,"मी चुकून तुमच्या Paytm वर Rs.1,763 पाठवले, कृपया हे या UPI ID वर परत करा: rumwl54@axl",No,No,No
spam,PMAY: तुमचा शिष्यवृत्ती लाभ Rs.703 ट्रान्सफरसाठी तयार आहे. मिळवण्यासाठी तुमची बँक पासबुक माहिती सबमिट करा.,No,No,No
spam,LPG Subsidy Scheme: तुमचा शिष्यवृत्ती लाभ Rs.972 ट्रान्सफरसाठी तयार आहे. मिळवण्यासाठी तुमची बँक पासबुक माहिती सबमिट करा.,No,No,No
spam,"तुमचे Canara Bank पर्सनल लोन Rs.2,104 चे पूर्व-मंजूर आहे. प्रक्रियेसाठी तुमचे बँक खाते आणि आधार तपशील शेअर करा.",No,No,No
spam,"अभिनंदन, Post Matric Scholarship अंतर्गत तुमचा अर्ज Rs.1,978 साठी मंजूर झाला आहे. वितरणासाठी तुमची बँक माहिती पाठवा.",No,No,No
spam,"चुकून माझ्या खात्यातून तुमच्या खात्यात Rs.1,315 ट्रान्सफर झाले आहेत, लवकरात लवकर skxjie@ybl वर रिफंड करा.",No,No,No
spam,LPG Subsidy Scheme: तुमचा शिष्यवृत्ती लाभ Rs.562 ट्रान्सफरसाठी तयार आहे. मिळवण्यासाठी तुमची बँक पासबुक माहिती सबमिट करा.,No,No,No
spam,"हाय, मला वाटते मी दुसऱ्याला पेमेंट करताना चुकून तुम्हाला Rs.970 पाठवले. कृपया fjkqgixq92@okhdfcbank वर परत पाठवा, धन्यवाद.",No,No,No
spam,"National Scholarship Portal: तुमचा शिष्यवृत्ती लाभ Rs.26,131 ट्रान्सफरसाठी तयार आहे. मिळवण्यासाठी तुमची बँक पासबुक माहिती सबमिट करा.",No,No,No
spam,"हाय, मला वाटते मी दुसऱ्याला पेमेंट करताना चुकून तुम्हाला Rs.72,455 पाठवले. कृपया dbote@axl वर परत पाठवा, धन्यवाद.",No,No,No
spam,"माफ करा, मी चुकून चुकीच्या नंबरवर Rs.740 ट्रान्सफर केले, हे तुमचे खाते वाटते. कृपया kurkob@axl वर परत पाठवा.",No,No,No
spam,"हाय, मला वाटते मी दुसऱ्याला पेमेंट करताना चुकून तुम्हाला Rs.2,871 पाठवले. कृपया pvxqn40@paytm वर परत पाठवा, धन्यवाद.",No,No,No
spam,"National Scholarship Portal: तुमचा शिष्यवृत्ती लाभ Rs.58,095 ट्रान्सफरसाठी तयार आहे. मिळवण्यासाठी तुमची बँक पासबुक माहिती सबमिट करा.",No,No,No
spam,"अभिनंदन, PM Kisan Samman Nidhi अंतर्गत तुमचा अर्ज Rs.28,084 साठी मंजूर झाला आहे. वितरणासाठी तुमची बँक माहिती पाठवा.",No,No,No
spam,"चुकून माझ्या खात्यातून तुमच्या खात्यात Rs.3,381 ट्रान्सफर झाले आहेत, लवकरात लवकर nrnmlfvu@okicici वर रिफंड करा.",No,No,No
spam,"माफ करा, मी चुकून चुकीच्या नंबरवर Rs.7,764 ट्रान्सफर केले, हे तुमचे खाते वाटते. कृपया wbhtsfp@okicici वर परत पाठवा.",No,No,No
spam,"मी चुकून तुमच्या Paytm वर Rs.36,691 पाठवले, कृपया हे या UPI ID वर परत करा: ocspdm@okhdfcbank",No,No,No
spam,"मी चुकून तुमच्या Amazon Pay वर Rs.584 पाठवले, कृपया हे या UPI ID वर परत करा: gjdjamo@paytm",No,No,No
spam,"चुकून माझ्या खात्यातून तुमच्या खात्यात Rs.47,541 ट्रान्सफर झाले आहेत, लवकरात लवकर wgrdw@okicici वर रिफंड करा.",No,No,No
spam,"PM Ujjwala Yojana अलर्ट: तुम्ही योजनेअंतर्गत Rs.7,447 साठी पात्र आहात. दावा करण्यासाठी तुमचा आधार आणि बँक खाते क्रमांक शेअर करा.",No,No,No
spam,National Scholarship Portal: तुमचा शिष्यवृत्ती लाभ Rs.982 ट्रान्सफरसाठी तयार आहे. मिळवण्यासाठी तुमची बँक पासबुक माहिती सबमिट करा.,No,No,No
spam,"मी चुकून तुमच्या PhonePe वर Rs.791 पाठवले, कृपया हे या UPI ID वर परत करा: cygixrmb@ybl",No,No,No
spam,तुम्हाला Flipkart सोबत वर्क-फ्रॉम-होम जॉबसाठी निवडले आहे. Rs.890 चा जॉइनिंग बोनस मिळवण्यासाठी तुमची बँक माहिती शेअर करा.,No,No,No
spam,"हाय, मला वाटते मी दुसऱ्याला पेमेंट करताना चुकून तुम्हाला Rs.1,485 पाठवले. कृपया voxozie@okhdfcbank वर परत पाठवा, धन्यवाद.",No,No,No
spam,"हाय, मला वाटते मी दुसऱ्याला पेमेंट करताना चुकून तुम्हाला Rs.1,792 पाठवले. कृपया uuyre88@ibl वर परत पाठवा, धन्यवाद.",No,No,No
spam,"मी चुकून तुमच्या Google Pay वर Rs.80,206 पाठवले, कृपया हे या UPI ID वर परत करा: rjhdeie@oksbi",No,No,No
spam,"चुकून माझ्या खात्यातून तुमच्या खात्यात Rs.756 ट्रान्सफर झाले आहेत, लवकरात लवकर sulntotp@ybl वर रिफंड करा.",No,No,No
spam,"चुकून माझ्या खात्यातून तुमच्या खात्यात Rs.713 ट्रान्सफर झाले आहेत, लवकरात लवकर efwmucu76@paytm वर रिफंड करा.",No,No,No
spam,"तुमच्या विमा पॉलिसीची मुदतपूर्ती रक्कम Rs.1,821 तयार आहे. पेमेंट मिळवण्यासाठी तुमची बँक पासबुक माहिती पाठवा.",No,No,No
spam,"तुमचे Canara Bank पर्सनल लोन Rs.8,231 चे पूर्व-मंजूर आहे. प्रक्रियेसाठी तुमचे बँक खाते आणि आधार तपशील शेअर करा.",No,No,No
spam,"चुकून माझ्या खात्यातून तुमच्या खात्यात Rs.69,413 ट्रान्सफर झाले आहेत, लवकरात लवकर wfxrhn15@axl वर रिफंड करा.",No,No,No
spam,"हाय, मला वाटते मी दुसऱ्याला पेमेंट करताना चुकून तुम्हाला Rs.59,182 पाठवले. कृपया ddxxh42@ibl वर परत पाठवा, धन्यवाद.",No,No,No
spam,"हाय, मला वाटते मी दुसऱ्याला पेमेंट करताना चुकून तुम्हाला Rs.9,143 पाठवले. कृपया crwfuecy94@paytm वर परत पाठवा, धन्यवाद.",No,No,No
spam,"तुम्हाला Wipro सोबत वर्क-फ्रॉम-होम जॉबसाठी निवडले आहे. Rs.8,574 चा जॉइनिंग बोनस मिळवण्यासाठी तुमची बँक माहिती शेअर करा.",No,No,No
spam,"तुमचे Canara Bank पर्सनल लोन Rs.4,126 चे पूर्व-मंजूर आहे. प्रक्रियेसाठी तुमचे बँक खाते आणि आधार तपशील शेअर करा.",No,No,No
spam,"PM Ujjwala Yojana: तुमचा शिष्यवृत्ती लाभ Rs.5,059 ट्रान्सफरसाठी तयार आहे. मिळवण्यासाठी तुमची बँक पासबुक माहिती सबमिट करा.",No,No,No
spam,"माफ करा, मी चुकून चुकीच्या नंबरवर Rs.45,454 ट्रान्सफर केले, हे तुमचे खाते वाटते. कृपया sqgwvipi@paytm वर परत पाठवा.",No,No,No
spam,तुम्हाला Reliance सोबत वर्क-फ्रॉम-होम जॉबसाठी निवडले आहे. Rs.982 चा जॉइनिंग बोनस मिळवण्यासाठी तुमची बँक माहिती शेअर करा.,No,No,No
spam,PMAY: तुमचा शिष्यवृत्ती लाभ Rs.648 ट्रान्सफरसाठी तयार आहे. मिळवण्यासाठी तुमची बँक पासबुक माहिती सबमिट करा.,No,No,No
spam,"चुकून माझ्या खात्यातून तुमच्या खात्यात Rs.544 ट्रान्सफर झाले आहेत, लवकरात लवकर ryxuxly55@ibl वर रिफंड करा.",No,No,No
spam,"माफ करा, मी चुकून चुकीच्या नंबरवर Rs.507 ट्रान्सफर केले, हे तुमचे खाते वाटते. कृपया sskomfmt36@oksbi वर परत पाठवा.",No,No,No
spam,"मी चुकून तुमच्या Amazon Pay वर Rs.42,515 पाठवले, कृपया हे या UPI ID वर परत करा: fnxtue@okhdfcbank",No,No,No
spam,"PM Kisan Samman Nidhi अलर्ट: तुम्ही योजनेअंतर्गत Rs.6,562 साठी पात्र आहात. दावा करण्यासाठी तुमचा आधार आणि बँक खाते क्रमांक शेअर करा.",No,No,No
spam,"माफ करा, मी चुकून चुकीच्या नंबरवर Rs.520 ट्रान्सफर केले, हे तुमचे खाते वाटते. कृपया ddjxafap@okhdfcbank वर परत पाठवा.",No,No,No
spam,"तुम्हाला Wipro सोबत वर्क-फ्रॉम-होम जॉबसाठी निवडले आहे. Rs.83,840 चा जॉइनिंग बोनस मिळवण्यासाठी तुमची बँक माहिती शेअर करा.",No,No,No
spam,"मी चुकून तुमच्या Amazon Pay वर Rs.95,547 पाठवले, कृपया हे या UPI ID वर परत करा: jxpbax@ybl",No,No,No
spam,तुमच्या विमा पॉलिसीची मुदतपूर्ती रक्कम Rs.796 तयार आहे. पेमेंट मिळवण्यासाठी तुमची बँक पासबुक माहिती पाठवा.,No,No,No
spam,तुमचे Axis Bank पर्सनल लोन Rs.612 चे पूर्व-मंजूर आहे. प्रक्रियेसाठी तुमचे बँक खाते आणि आधार तपशील शेअर करा.,No,No,No
spam,तुमच्या विमा पॉलिसीची मुदतपूर्ती रक्कम Rs.916 तयार आहे. पेमेंट मिळवण्यासाठी तुमची बँक पासबुक माहिती पाठवा.,No,No,No
spam,"हाय, मला वाटते मी दुसऱ्याला पेमेंट करताना चुकून तुम्हाला Rs.500 पाठवले. कृपया hhetf@ybl वर परत पाठवा, धन्यवाद.",No,No,No
spam,"तुम्हाला Wipro सोबत वर्क-फ्रॉम-होम जॉबसाठी निवडले आहे. Rs.7,965 चा जॉइनिंग बोनस मिळवण्यासाठी तुमची बँक माहिती शेअर करा.",No,No,No
spam,"माफ करा, मी चुकून चुकीच्या नंबरवर Rs.580 ट्रान्सफर केले, हे तुमचे खाते वाटते. कृपया wtapevcz@oksbi वर परत पाठवा.",No,No,No
spam,"माफ करा, मी चुकून चुकीच्या नंबरवर Rs.62,201 ट्रान्सफर केले, हे तुमचे खाते वाटते. कृपया anknrzjr@ibl वर परत पाठवा.",No,No,No
spam,"तुमचे Punjab National Bank पर्सनल लोन Rs.58,703 चे पूर्व-मंजूर आहे. प्रक्रियेसाठी तुमचे बँक खाते आणि आधार तपशील शेअर करा.",No,No,No
spam,तुमच्या विमा पॉलिसीची मुदतपूर्ती रक्कम Rs.780 तयार आहे. पेमेंट मिळवण्यासाठी तुमची बँक पासबुक माहिती पाठवा.,No,No,No
spam,"मी चुकून तुमच्या Amazon Pay वर Rs.48,503 पाठवले, कृपया हे या UPI ID वर परत करा: svjtczsf@ibl",No,No,No
spam,"तुम्हाला Reliance सोबत वर्क-फ्रॉम-होम जॉबसाठी निवडले आहे. Rs.8,899 चा जॉइनिंग बोनस मिळवण्यासाठी तुमची बँक माहिती शेअर करा.",No,No,No
spam,"तुमचे Axis Bank पर्सनल लोन Rs.5,150 चे पूर्व-मंजूर आहे. प्रक्रियेसाठी तुमचे बँक खाते आणि आधार तपशील शेअर करा.",No,No,No
spam,"हाय, मला वाटते मी दुसऱ्याला पेमेंट करताना चुकून तुम्हाला Rs.661 पाठवले. कृपया kefgjhhu78@ibl वर परत पाठवा, धन्यवाद.",No,No,No
spam,तुमचे Bank of Baroda पर्सनल लोन Rs.523 चे पूर्व-मंजूर आहे. प्रक्रियेसाठी तुमचे बँक खाते आणि आधार तपशील शेअर करा.,No,No,No
spam,"PMAY अलर्ट: तुम्ही योजनेअंतर्गत Rs.6,205 साठी पात्र आहात. दावा करण्यासाठी तुमचा आधार आणि बँक खाते क्रमांक शेअर करा.",No,No,No
spam,"तुम्हाला Reliance सोबत वर्क-फ्रॉम-होम जॉबसाठी निवडले आहे. Rs.9,640 चा जॉइनिंग बोनस मिळवण्यासाठी तुमची बँक माहिती शेअर करा.",No,No,No
spam,"चुकून माझ्या खात्यातून तुमच्या खात्यात Rs.943 ट्रान्सफर झाले आहेत, लवकरात लवकर lilurz@okhdfcbank वर रिफंड करा.",No,No,No
spam,LPG Subsidy Scheme अलर्ट: तुम्ही योजनेअंतर्गत Rs.821 साठी पात्र आहात. दावा करण्यासाठी तुमचा आधार आणि बँक खाते क्रमांक शेअर करा.,No,No,No
spam,"माफ करा, मी चुकून चुकीच्या नंबरवर Rs.5,723 ट्रान्सफर केले, हे तुमचे खाते वाटते. कृपया wvpbovle17@oksbi वर परत पाठवा.",No,No,No
spam,तुम्हाला Wipro सोबत वर्क-फ्रॉम-होम जॉबसाठी निवडले आहे. Rs.713 चा जॉइनिंग बोनस मिळवण्यासाठी तुमची बँक माहिती शेअर करा.,No,No,No
spam,"तुम्हाला TCS सोबत वर्क-फ्रॉम-होम जॉबसाठी निवडले आहे. Rs.8,055 चा जॉइनिंग बोनस मिळवण्यासाठी तुमची बँक माहिती शेअर करा.",No,No,No
spam,"मी चुकून तुमच्या Google Pay वर Rs.1,107 पाठवले, कृपया हे या UPI ID वर परत करा: depml65@axl",No,No,No
spam,"तुमच्या विमा पॉलिसीची मुदतपूर्ती रक्कम Rs.17,006 तयार आहे. पेमेंट मिळवण्यासाठी तुमची बँक पासबुक माहिती पाठवा.",No,No,No
spam,"माफ करा, मी चुकून चुकीच्या नंबरवर Rs.9,591 ट्रान्सफर केले, हे तुमचे खाते वाटते. कृपया uvnaw22@okicici वर परत पाठवा.",No,No,No
spam,"चुकून माझ्या खात्यातून तुमच्या खात्यात Rs.832 ट्रान्सफर झाले आहेत, लवकरात लवकर nszfh@ibl वर रिफंड करा.",No,No,No
spam,"चुकून माझ्या खात्यातून तुमच्या खात्यात Rs.94,431 ट्रान्सफर झाले आहेत, लवकरात लवकर zmgyr@okhdfcbank वर रिफंड करा.",No,No,No
spam,"PM Ujjwala Yojana: तुमचा शिष्यवृत्ती लाभ Rs.75,557 ट्रान्सफरसाठी तयार आहे. मिळवण्यासाठी तुमची बँक पासबुक माहिती सबमिट करा.",No,No,No
spam,"माफ करा, मी चुकून चुकीच्या नंबरवर Rs.78,958 ट्रान्सफर केले, हे तुमचे खाते वाटते. कृपया iiosy@oksbi वर परत पाठवा.",No,No,No
spam,"National Scholarship Portal अलर्ट: तुम्ही योजनेअंतर्गत Rs.3,599 साठी पात्र आहात. दावा करण्यासाठी तुमचा आधार आणि बँक खाते क्रमांक शेअर करा.",No,No,No
spam,"हाय, मला वाटते मी दुसऱ्याला पेमेंट करताना चुकून तुम्हाला Rs.5,028 पाठवले. कृपया emvyysy@oksbi वर परत पाठवा, धन्यवाद.",No,No,No
spam,"तुमचे HDFC Bank पर्सनल लोन Rs.92,411 चे पूर्व-मंजूर आहे. प्रक्रियेसाठी तुमचे बँक खाते आणि आधार तपशील शेअर करा.",No,No,No
spam,तुमचे HDFC Bank पर्सनल लोन Rs.615 चे पूर्व-मंजूर आहे. प्रक्रियेसाठी तुमचे बँक खाते आणि आधार तपशील शेअर करा.,No,No,No
spam,"माफ करा, मी चुकून चुकीच्या नंबरवर Rs.39,771 ट्रान्सफर केले, हे तुमचे खाते वाटते. कृपया iexorivd@axl वर परत पाठवा.",No,No,No
spam,PM Ujjwala Yojana: तुमचा शिष्यवृत्ती लाभ Rs.979 ट्रान्सफरसाठी तयार आहे. मिळवण्यासाठी तुमची बँक पासबुक माहिती सबमिट करा.,No,No,No
spam,"हाय, मला वाटते मी दुसऱ्याला पेमेंट करताना चुकून तुम्हाला Rs.57,545 पाठवले. कृपया czxwth15@oksbi वर परत पाठवा, धन्यवाद.",No,No,No
spam,"Ayushman Bharat अलर्ट: तुम्ही योजनेअंतर्गत Rs.29,475 साठी पात्र आहात. दावा करण्यासाठी तुमचा आधार आणि बँक खाते क्रमांक शेअर करा.",No,No,No
spam,"चुकून माझ्या खात्यातून तुमच्या खात्यात Rs.39,481 ट्रान्सफर झाले आहेत, लवकरात लवकर uncxxd46@ibl वर रिफंड करा.",No,No,No
spam,"चुकून माझ्या खात्यातून तुमच्या खात्यात Rs.784 ट्रान्सफर झाले आहेत, लवकरात लवकर nynyewn@okicici वर रिफंड करा.",No,No,No
spam,"माफ करा, मी चुकून चुकीच्या नंबरवर Rs.744 ट्रान्सफर केले, हे तुमचे खाते वाटते. कृपया xasseo14@okhdfcbank वर परत पाठवा.",No,No,No
spam,तुम्हाला Amazon सोबत वर्क-फ्रॉम-होम जॉबसाठी निवडले आहे. Rs.954 चा जॉइनिंग बोनस मिळवण्यासाठी तुमची बँक माहिती शेअर करा.,No,No,No
spam,"अभिनंदन, State Scholarship Scheme अंतर्गत तुमचा अर्ज Rs.1,771 साठी मंजूर झाला आहे. वितरणासाठी तुमची बँक माहिती पाठवा.",No,No,No
spam,"हाय, मला वाटते मी दुसऱ्याला पेमेंट करताना चुकून तुम्हाला Rs.5,090 पाठवले. कृपया djsctz29@axl वर परत पाठवा, धन्यवाद.",No,No,No
spam,"तुमच्या विमा पॉलिसीची मुदतपूर्ती रक्कम Rs.49,243 तयार आहे. पेमेंट मिळवण्यासाठी तुमची बँक पासबुक माहिती पाठवा.",No,No,No
spam,"हाय, मला वाटते मी दुसऱ्याला पेमेंट करताना चुकून तुम्हाला Rs.5,453 पाठवले. कृपया kgahzb@ybl वर परत पाठवा, धन्यवाद.",No,No,No
spam,"तुमच्या विमा पॉलिसीची मुदतपूर्ती रक्कम Rs.98,177 तयार आहे. पेमेंट मिळवण्यासाठी तुमची बँक पासबुक माहिती पाठवा.",No,No,No
spam,"मी चुकून तुमच्या Google Pay वर Rs.619 पाठवले, कृपया हे या UPI ID वर परत करा: liedka33@paytm",No,No,No
spam,"हाय, मला वाटते मी दुसऱ्याला पेमेंट करताना चुकून तुम्हाला Rs.6,765 पाठवले. कृपया illzvyn@paytm वर परत पाठवा, धन्यवाद.",No,No,No
spam,PMAY अलर्ट: तुम्ही योजनेअंतर्गत Rs.984 साठी पात्र आहात. दावा करण्यासाठी तुमचा आधार आणि बँक खाते क्रमांक शेअर करा.,No,No,No
spam,"हाय, मला वाटते मी दुसऱ्याला पेमेंट करताना चुकून तुम्हाला Rs.728 पाठवले. कृपया dpfoqurt81@okicici वर परत पाठवा, धन्यवाद.",No,No,No
spam,"चुकून माझ्या खात्यातून तुमच्या खात्यात Rs.9,632 ट्रान्सफर झाले आहेत, लवकरात लवकर gkxwi62@paytm वर रिफंड करा.",No,No,No
spam,"चुकून माझ्या खात्यातून तुमच्या खात्यात Rs.513 ट्रान्सफर झाले आहेत, लवकरात लवकर omxreri@okhdfcbank वर रिफंड करा.",No,No,No
spam,तुम्हाला HCL सोबत वर्क-फ्रॉम-होम जॉबसाठी निवडले आहे. Rs.716 चा जॉइनिंग बोनस मिळवण्यासाठी तुमची बँक माहिती शेअर करा.,No,No,No
spam,"मी चुकून तुमच्या Google Pay वर Rs.7,086 पाठवले, कृपया हे या UPI ID वर परत करा: hfzih67@oksbi",No,No,No
spam,"माफ करा, मी चुकून चुकीच्या नंबरवर Rs.6,888 ट्रान्सफर केले, हे तुमचे खाते वाटते. कृपया cglen74@ybl वर परत पाठवा.",No,No,No
spam,"चुकून माझ्या खात्यातून तुमच्या खात्यात Rs.50,530 ट्रान्सफर झाले आहेत, लवकरात लवकर zlxqvw10@okhdfcbank वर रिफंड करा.",No,No,No
spam,"तुमच्या विमा पॉलिसीची मुदतपूर्ती रक्कम Rs.57,910 तयार आहे. पेमेंट मिळवण्यासाठी तुमची बँक पासबुक माहिती पाठवा.",No,No,No
spam,"चुकून माझ्या खात्यातून तुमच्या खात्यात Rs.6,796 ट्रान्सफर झाले आहेत, लवकरात लवकर pqycj89@ibl वर रिफंड करा.",No,No,No
spam,"माफ करा, मी चुकून चुकीच्या नंबरवर Rs.6,461 ट्रान्सफर केले, हे तुमचे खाते वाटते. कृपया nusngq@paytm वर परत पाठवा.",No,No,No
spam,"मी चुकून तुमच्या PhonePe वर Rs.831 पाठवले, कृपया हे या UPI ID वर परत करा: ijiegrjm@oksbi",No,No,No
spam,"तुमच्या विमा पॉलिसीची मुदतपूर्ती रक्कम Rs.80,226 तयार आहे. पेमेंट मिळवण्यासाठी तुमची बँक पासबुक माहिती पाठवा.",No,No,No
spam,"माफ करा, मी चुकून चुकीच्या नंबरवर Rs.529 ट्रान्सफर केले, हे तुमचे खाते वाटते. कृपया jacunxxk@okicici वर परत पाठवा.",No,No,No
spam,"मी चुकून तुमच्या Google Pay वर Rs.24,377 पाठवले, कृपया हे या UPI ID वर परत करा: iussc@oksbi",No,No,No
spam,"State Scholarship Scheme अलर्ट: तुम्ही योजनेअंतर्गत Rs.8,581 साठी पात्र आहात. दावा करण्यासाठी तुमचा आधार आणि बँक खाते क्रमांक शेअर करा.",No,No,No
spam,"तुम्हाला Infosys सोबत वर्क-फ्रॉम-होम जॉबसाठी निवडले आहे. Rs.21,118 चा जॉइनिंग बोनस मिळवण्यासाठी तुमची बँक माहिती शेअर करा.",No,No,No
spam,"हाय, मला वाटते मी दुसऱ्याला पेमेंट करताना चुकून तुम्हाला Rs.762 पाठवले. कृपया rdfpw63@paytm वर परत पाठवा, धन्यवाद.",No,No,No
spam,"Post Matric Scholarship: तुमचा शिष्यवृत्ती लाभ Rs.6,743 ट्रान्सफरसाठी तयार आहे. मिळवण्यासाठी तुमची बँक पासबुक माहिती सबमिट करा.",No,No,No
spam,"हाय, मला वाटते मी दुसऱ्याला पेमेंट करताना चुकून तुम्हाला Rs.953 पाठवले. कृपया lbbna@oksbi वर परत पाठवा, धन्यवाद.",No,No,No
spam,"National Scholarship Portal: तुमचा शिष्यवृत्ती लाभ Rs.30,303 ट्रान्सफरसाठी तयार आहे. मिळवण्यासाठी तुमची बँक पासबुक माहिती सबमिट करा.",No,No,No
spam,"National Scholarship Portal: तुमचा शिष्यवृत्ती लाभ Rs.9,433 ट्रान्सफरसाठी तयार आहे. मिळवण्यासाठी तुमची बँक पासबुक माहिती सबमिट करा.",No,No,No
spam,"State Scholarship Scheme अलर्ट: तुम्ही योजनेअंतर्गत Rs.30,923 साठी पात्र आहात. दावा करण्यासाठी तुमचा आधार आणि बँक खाते क्रमांक शेअर करा.",No,No,No
spam,"मी चुकून तुमच्या PhonePe वर Rs.5,465 पाठवले, कृपया हे या UPI ID वर परत करा: wceddtry@okicici",No,No,No
spam,"अभिनंदन, LPG Subsidy Scheme अंतर्गत तुमचा अर्ज Rs.4,141 साठी मंजूर झाला आहे. वितरणासाठी तुमची बँक माहिती पाठवा.",No,No,No
spam,"माफ करा, मी चुकून चुकीच्या नंबरवर Rs.1,835 ट्रान्सफर केले, हे तुमचे खाते वाटते. कृपया dfthgl30@oksbi वर परत पाठवा.",No,No,No
spam,"मी चुकून तुमच्या PhonePe वर Rs.951 पाठवले, कृपया हे या UPI ID वर परत करा: mhkmjz@ybl",No,No,No
spam,"अभिनंदन, Post Matric Scholarship अंतर्गत तुमचा अर्ज Rs.888 साठी मंजूर झाला आहे. वितरणासाठी तुमची बँक माहिती पाठवा.",No,No,No
spam,"तुमच्या विमा पॉलिसीची मुदतपूर्ती रक्कम Rs.9,051 तयार आहे. पेमेंट मिळवण्यासाठी तुमची बँक पासबुक माहिती पाठवा.",No,No,No
spam,"अभिनंदन, PM Kisan Samman Nidhi अंतर्गत तुमचा अर्ज Rs.67,466 साठी मंजूर झाला आहे. वितरणासाठी तुमची बँक माहिती पाठवा.",No,No,No
spam,"मी चुकून तुमच्या Google Pay वर Rs.932 पाठवले, कृपया हे या UPI ID वर परत करा: gtgzc48@ybl",No,No,No
spam,PM Kisan Samman Nidhi: तुमचा शिष्यवृत्ती लाभ Rs.864 ट्रान्सफरसाठी तयार आहे. मिळवण्यासाठी तुमची बँक पासबुक माहिती सबमिट करा.,No,No,No
spam,"State Scholarship Scheme अलर्ट: तुम्ही योजनेअंतर्गत Rs.3,963 साठी पात्र आहात. दावा करण्यासाठी तुमचा आधार आणि बँक खाते क्रमांक शेअर करा.",No,No,No
spam,"चुकून माझ्या खात्यातून तुमच्या खात्यात Rs.6,225 ट्रान्सफर झाले आहेत, लवकरात लवकर drfhyxc@okhdfcbank वर रिफंड करा.",No,No,No
spam,"अभिनंदन, National Scholarship Portal अंतर्गत तुमचा अर्ज Rs.84,756 साठी मंजूर झाला आहे. वितरणासाठी तुमची बँक माहिती पाठवा.",No,No,No
spam,"हाय, मला वाटते मी दुसऱ्याला पेमेंट करताना चुकून तुम्हाला Rs.59,493 पाठवले. कृपया kllfaw17@axl वर परत पाठवा, धन्यवाद.",No,No,No
spam,"माफ करा, मी चुकून चुकीच्या नंबरवर Rs.868 ट्रान्सफर केले, हे तुमचे खाते वाटते. कृपया tclseknx51@okhdfcbank वर परत पाठवा.",No,No,No
spam,"हाय, मला वाटते मी दुसऱ्याला पेमेंट करताना चुकून तुम्हाला Rs.7,940 पाठवले. कृपया xkhmqbq@ibl वर परत पाठवा, धन्यवाद.",No,No,No
spam,"Post Matric Scholarship अलर्ट: तुम्ही योजनेअंतर्गत Rs.55,363 साठी पात्र आहात. दावा करण्यासाठी तुमचा आधार आणि बँक खाते क्रमांक शेअर करा.",No,No,No
spam,"तुमच्या विमा पॉलिसीची मुदतपूर्ती रक्कम Rs.2,437 तयार आहे. पेमेंट मिळवण्यासाठी तुमची बँक पासबुक माहिती पाठवा.",No,No,No
spam,तुम्हाला Flipkart सोबत वर्क-फ्रॉम-होम जॉबसाठी निवडले आहे. Rs.676 चा जॉइनिंग बोनस मिळवण्यासाठी तुमची बँक माहिती शेअर करा.,No,No,No
spam,"मी चुकून तुमच्या Google Pay वर Rs.3,994 पाठवले, कृपया हे या UPI ID वर परत करा: hoiumwk30@paytm",No,No,No
spam,"PM Kisan Samman Nidhi अलर्ट: तुम्ही योजनेअंतर्गत Rs.51,199 साठी पात्र आहात. दावा करण्यासाठी तुमचा आधार आणि बँक खाते क्रमांक शेअर करा.",No,No,No
spam,"तुम्हाला HCL सोबत वर्क-फ्रॉम-होम जॉबसाठी निवडले आहे. Rs.7,488 चा जॉइनिंग बोनस मिळवण्यासाठी तुमची बँक माहिती शेअर करा.",No,No,No
spam,"अभिनंदन, PM Kisan Samman Nidhi अंतर्गत तुमचा अर्ज Rs.2,981 साठी मंजूर झाला आहे. वितरणासाठी तुमची बँक माहिती पाठवा.",No,No,No
spam,"माफ करा, मी चुकून चुकीच्या नंबरवर Rs.828 ट्रान्सफर केले, हे तुमचे खाते वाटते. कृपया dprvryu31@paytm वर परत पाठवा.",No,No,No
spam,"हाय, मला वाटते मी दुसऱ्याला पेमेंट करताना चुकून तुम्हाला Rs.68,078 पाठवले. कृपया cahsx@ibl वर परत पाठवा, धन्यवाद.",No,No,No
spam,"अभिनंदन, LPG Subsidy Scheme अंतर्गत तुमचा अर्ज Rs.48,628 साठी मंजूर झाला आहे. वितरणासाठी तुमची बँक माहिती पाठवा.",No,No,No
spam,Post Matric Scholarship: तुमचा शिष्यवृत्ती लाभ Rs.928 ट्रान्सफरसाठी तयार आहे. मिळवण्यासाठी तुमची बँक पासबुक माहिती सबमिट करा.,No,No,No
spam,"हाय, मला वाटते मी दुसऱ्याला पेमेंट करताना चुकून तुम्हाला Rs.93,151 पाठवले. कृपया opeivu@ybl वर परत पाठवा, धन्यवाद.",No,No,No
spam,"तुमच्या विमा पॉलिसीची मुदतपूर्ती रक्कम Rs.9,191 तयार आहे. पेमेंट मिळवण्यासाठी तुमची बँक पासबुक माहिती पाठवा.",No,No,No
spam,"अभिनंदन, PM Kisan Samman Nidhi अंतर्गत तुमचा अर्ज Rs.777 साठी मंजूर झाला आहे. वितरणासाठी तुमची बँक माहिती पाठवा.",No,No,No
spam,"तुमच्या विमा पॉलिसीची मुदतपूर्ती रक्कम Rs.57,276 तयार आहे. पेमेंट मिळवण्यासाठी तुमची बँक पासबुक माहिती पाठवा.",No,No,No
spam,"तुमचे Kotak Mahindra Bank पर्सनल लोन Rs.7,123 चे पूर्व-मंजूर आहे. प्रक्रियेसाठी तुमचे बँक खाते आणि आधार तपशील शेअर करा.",No,No,No
spam,"चुकून माझ्या खात्यातून तुमच्या खात्यात Rs.1,814 ट्रान्सफर झाले आहेत, लवकरात लवकर jktdrss@paytm वर रिफंड करा.",No,No,No
spam,"मी चुकून तुमच्या PhonePe वर Rs.829 पाठवले, कृपया हे या UPI ID वर परत करा: ncutbdo60@okicici",No,No,No
spam,"हाय, मला वाटते मी दुसऱ्याला पेमेंट करताना चुकून तुम्हाला Rs.9,595 पाठवले. कृपया lchmdbfz@oksbi वर परत पाठवा, धन्यवाद.",No,No,No
spam,"अभिनंदन, Post Matric Scholarship अंतर्गत तुमचा अर्ज Rs.51,690 साठी मंजूर झाला आहे. वितरणासाठी तुमची बँक माहिती पाठवा.",No,No,No
spam,National Scholarship Portal: तुमचा शिष्यवृत्ती लाभ Rs.525 ट्रान्सफरसाठी तयार आहे. मिळवण्यासाठी तुमची बँक पासबुक माहिती सबमिट करा.,No,No,No
spam,"PMAY: तुमचा शिष्यवृत्ती लाभ Rs.41,089 ट्रान्सफरसाठी तयार आहे. मिळवण्यासाठी तुमची बँक पासबुक माहिती सबमिट करा.",No,No,No
spam,"हाय, मला वाटते मी दुसऱ्याला पेमेंट करताना चुकून तुम्हाला Rs.99,251 पाठवले. कृपया uiiimmsr44@okicici वर परत पाठवा, धन्यवाद.",No,No,No
spam,तुम्हाला Reliance सोबत वर्क-फ्रॉम-होम जॉबसाठी निवडले आहे. Rs.576 चा जॉइनिंग बोनस मिळवण्यासाठी तुमची बँक माहिती शेअर करा.,No,No,No
spam,"चुकून माझ्या खात्यातून तुमच्या खात्यात Rs.2,024 ट्रान्सफर झाले आहेत, लवकरात लवकर pwjzgjok91@okhdfcbank वर रिफंड करा.",No,No,No
spam,तुम्हाला HCL सोबत वर्क-फ्रॉम-होम जॉबसाठी निवडले आहे. Rs.835 चा जॉइनिंग बोनस मिळवण्यासाठी तुमची बँक माहिती शेअर करा.,No,No,No
spam,तुम्हाला Flipkart सोबत वर्क-फ्रॉम-होम जॉबसाठी निवडले आहे. Rs.829 चा जॉइनिंग बोनस मिळवण्यासाठी तुमची बँक माहिती शेअर करा.,No,No,No
spam,National Scholarship Portal: तुमचा शिष्यवृत्ती लाभ Rs.693 ट्रान्सफरसाठी तयार आहे. मिळवण्यासाठी तुमची बँक पासबुक माहिती सबमिट करा.,No,No,No
spam,"PMAY अलर्ट: तुम्ही योजनेअंतर्गत Rs.5,636 साठी पात्र आहात. दावा करण्यासाठी तुमचा आधार आणि बँक खाते क्रमांक शेअर करा.",No,No,No
spam,"अभिनंदन, PM Ujjwala Yojana अंतर्गत तुमचा अर्ज Rs.63,311 साठी मंजूर झाला आहे. वितरणासाठी तुमची बँक माहिती पाठवा.",No,No,No
spam,"तुम्हाला Flipkart सोबत वर्क-फ्रॉम-होम जॉबसाठी निवडले आहे. Rs.57,669 चा जॉइनिंग बोनस मिळवण्यासाठी तुमची बँक माहिती शेअर करा.",No,No,No
spam,तुमच्या विमा पॉलिसीची मुदतपूर्ती रक्कम Rs.978 तयार आहे. पेमेंट मिळवण्यासाठी तुमची बँक पासबुक माहिती पाठवा.,No,No,No
spam,"तुमच्या विमा पॉलिसीची मुदतपूर्ती रक्कम Rs.51,387 तयार आहे. पेमेंट मिळवण्यासाठी तुमची बँक पासबुक माहिती पाठवा.",No,No,No
spam,"अभिनंदन, Post Matric Scholarship अंतर्गत तुमचा अर्ज Rs.690 साठी मंजूर झाला आहे. वितरणासाठी तुमची बँक माहिती पाठवा.",No,No,No
spam,"चुकून माझ्या खात्यातून तुमच्या खात्यात Rs.9,455 ट्रान्सफर झाले आहेत, लवकरात लवकर frshsjv15@okicici वर रिफंड करा.",No,No,No
spam,"तुम्हाला Amazon सोबत वर्क-फ्रॉम-होम जॉबसाठी निवडले आहे. Rs.5,753 चा जॉइनिंग बोनस मिळवण्यासाठी तुमची बँक माहिती शेअर करा.",No,No,No
spam,"हाय, मला वाटते मी दुसऱ्याला पेमेंट करताना चुकून तुम्हाला Rs.1,551 पाठवले. कृपया rmsaa@axl वर परत पाठवा, धन्यवाद.",No,No,No
spam,"तुम्हाला Reliance सोबत वर्क-फ्रॉम-होम जॉबसाठी निवडले आहे. Rs.56,582 चा जॉइनिंग बोनस मिळवण्यासाठी तुमची बँक माहिती शेअर करा.",No,No,No
spam,"चुकून माझ्या खात्यातून तुमच्या खात्यात Rs.564 ट्रान्सफर झाले आहेत, लवकरात लवकर jxyili@axl वर रिफंड करा.",No,No,No
spam,"मी चुकून तुमच्या Google Pay वर Rs.6,434 पाठवले, कृपया हे या UPI ID वर परत करा: lcivny26@okicici",No,No,No
spam,"PM Ujjwala Yojana अलर्ट: तुम्ही योजनेअंतर्गत Rs.14,731 साठी पात्र आहात. दावा करण्यासाठी तुमचा आधार आणि बँक खाते क्रमांक शेअर करा.",No,No,No
spam,"LPG Subsidy Scheme अलर्ट: तुम्ही योजनेअंतर्गत Rs.55,829 साठी पात्र आहात. दावा करण्यासाठी तुमचा आधार आणि बँक खाते क्रमांक शेअर करा.",No,No,No
spam,"माफ करा, मी चुकून चुकीच्या नंबरवर Rs.8,047 ट्रान्सफर केले, हे तुमचे खाते वाटते. कृपया ftuyuwxb66@axl वर परत पाठवा.",No,No,No
spam,"माफ करा, मी चुकून चुकीच्या नंबरवर Rs.7,313 ट्रान्सफर केले, हे तुमचे खाते वाटते. कृपया ogpey@okhdfcbank वर परत पाठवा.",No,No,No
spam,Post Matric Scholarship अलर्ट: तुम्ही योजनेअंतर्गत Rs.856 साठी पात्र आहात. दावा करण्यासाठी तुमचा आधार आणि बँक खाते क्रमांक शेअर करा.,No,No,No
spam,"चुकून माझ्या खात्यातून तुमच्या खात्यात Rs.13,664 ट्रान्सफर झाले आहेत, लवकरात लवकर sbbfc@ibl वर रिफंड करा.",No,No,No
spam,"PM Kisan Samman Nidhi अलर्ट: तुम्ही योजनेअंतर्गत Rs.4,383 साठी पात्र आहात. दावा करण्यासाठी तुमचा आधार आणि बँक खाते क्रमांक शेअर करा.",No,No,No
spam,"तुमच्या विमा पॉलिसीची मुदतपूर्ती रक्कम Rs.18,663 तयार आहे. पेमेंट मिळवण्यासाठी तुमची बँक पासबुक माहिती पाठवा.",No,No,No
spam,"अभिनंदन, PM Kisan Samman Nidhi अंतर्गत तुमचा अर्ज Rs.91,337 साठी मंजूर झाला आहे. वितरणासाठी तुमची बँक माहिती पाठवा.",No,No,No
spam,"तुमच्या विमा पॉलिसीची मुदतपूर्ती रक्कम Rs.77,862 तयार आहे. पेमेंट मिळवण्यासाठी तुमची बँक पासबुक माहिती पाठवा.",No,No,No
spam,"Ayushman Bharat: तुमचा शिष्यवृत्ती लाभ Rs.6,298 ट्रान्सफरसाठी तयार आहे. मिळवण्यासाठी तुमची बँक पासबुक माहिती सबमिट करा.",No,No,No
spam,"PM Ujjwala Yojana अलर्ट: तुम्ही योजनेअंतर्गत Rs.76,317 साठी पात्र आहात. दावा करण्यासाठी तुमचा आधार आणि बँक खाते क्रमांक शेअर करा.",No,No,No
spam,"National Scholarship Portal: तुमचा शिष्यवृत्ती लाभ Rs.3,388 ट्रान्सफरसाठी तयार आहे. मिळवण्यासाठी तुमची बँक पासबुक माहिती सबमिट करा.",No,No,No
spam,"तुम्हाला Reliance सोबत वर्क-फ्रॉम-होम जॉबसाठी निवडले आहे. Rs.99,156 चा जॉइनिंग बोनस मिळवण्यासाठी तुमची बँक माहिती शेअर करा.",No,No,No
spam,"माफ करा, मी चुकून चुकीच्या नंबरवर Rs.710 ट्रान्सफर केले, हे तुमचे खाते वाटते. कृपया vxdfjokj78@ybl वर परत पाठवा.",No,No,No
spam,"तुमच्या विमा पॉलिसीची मुदतपूर्ती रक्कम Rs.44,326 तयार आहे. पेमेंट मिळवण्यासाठी तुमची बँक पासबुक माहिती पाठवा.",No,No,No
spam,"मी चुकून तुमच्या Paytm वर Rs.933 पाठवले, कृपया हे या UPI ID वर परत करा: rmapma@paytm",No,No,No
spam,"चुकून माझ्या खात्यातून तुमच्या खात्यात Rs.7,664 ट्रान्सफर झाले आहेत, लवकरात लवकर aarzm49@ibl वर रिफंड करा.",No,No,No
spam,"अभिनंदन, National Scholarship Portal अंतर्गत तुमचा अर्ज Rs.501 साठी मंजूर झाला आहे. वितरणासाठी तुमची बँक माहिती पाठवा.",No,No,No
spam,LPG Subsidy Scheme अलर्ट: तुम्ही योजनेअंतर्गत Rs.753 साठी पात्र आहात. दावा करण्यासाठी तुमचा आधार आणि बँक खाते क्रमांक शेअर करा.,No,No,No
spam,"हाय, मला वाटते मी दुसऱ्याला पेमेंट करताना चुकून तुम्हाला Rs.784 पाठवले. कृपया pxxrgcqr@axl वर परत पाठवा, धन्यवाद.",No,No,No
spam,तुम्हाला TCS सोबत वर्क-फ्रॉम-होम जॉबसाठी निवडले आहे. Rs.721 चा जॉइनिंग बोनस मिळवण्यासाठी तुमची बँक माहिती शेअर करा.,No,No,No
spam,"चुकून माझ्या खात्यातून तुमच्या खात्यात Rs.94,196 ट्रान्सफर झाले आहेत, लवकरात लवकर uzdajeqx77@okhdfcbank वर रिफंड करा.",No,No,No
spam,"मी चुकून तुमच्या Google Pay वर Rs.50,221 पाठवले, कृपया हे या UPI ID वर परत करा: lvwfdz33@ibl",No,No,No
spam,"तुमचे Axis Bank पर्सनल लोन Rs.10,687 चे पूर्व-मंजूर आहे. प्रक्रियेसाठी तुमचे बँक खाते आणि आधार तपशील शेअर करा.",No,No,No
spam,"हाय, मला वाटते मी दुसऱ्याला पेमेंट करताना चुकून तुम्हाला Rs.22,181 पाठवले. कृपया uqkngwo70@paytm वर परत पाठवा, धन्यवाद.",No,No,No
spam,"चुकून माझ्या खात्यातून तुमच्या खात्यात Rs.517 ट्रान्सफर झाले आहेत, लवकरात लवकर qljtdxvu@ibl वर रिफंड करा.",No,No,No
spam,"तुमच्या विमा पॉलिसीची मुदतपूर्ती रक्कम Rs.4,155 तयार आहे. पेमेंट मिळवण्यासाठी तुमची बँक पासबुक माहिती पाठवा.",No,No,No
spam,"हाय, मला वाटते मी दुसऱ्याला पेमेंट करताना चुकून तुम्हाला Rs.9,469 पाठवले. कृपया mejrauth91@okicici वर परत पाठवा, धन्यवाद.",No,No,No
spam,"Ayushman Bharat अलर्ट: तुम्ही योजनेअंतर्गत Rs.8,642 साठी पात्र आहात. दावा करण्यासाठी तुमचा आधार आणि बँक खाते क्रमांक शेअर करा.",No,No,No
spam,"तुमचे HDFC Bank पर्सनल लोन Rs.66,055 चे पूर्व-मंजूर आहे. प्रक्रियेसाठी तुमचे बँक खाते आणि आधार तपशील शेअर करा.",No,No,No
spam,"Ayushman Bharat: तुमचा शिष्यवृत्ती लाभ Rs.9,744 ट्रान्सफरसाठी तयार आहे. मिळवण्यासाठी तुमची बँक पासबुक माहिती सबमिट करा.",No,No,No
spam,"हाय, मला वाटते मी दुसऱ्याला पेमेंट करताना चुकून तुम्हाला Rs.4,702 पाठवले. कृपया jdqvorp65@axl वर परत पाठवा, धन्यवाद.",No,No,No
spam,तुमच्या विमा पॉलिसीची मुदतपूर्ती रक्कम Rs.579 तयार आहे. पेमेंट मिळवण्यासाठी तुमची बँक पासबुक माहिती पाठवा.,No,No,No
spam,"चुकून माझ्या खात्यातून तुमच्या खात्यात Rs.587 ट्रान्सफर झाले आहेत, लवकरात लवकर hwkqcjck@okicici वर रिफंड करा.",No,No,No
spam,"हाय, मला वाटते मी दुसऱ्याला पेमेंट करताना चुकून तुम्हाला Rs.92,719 पाठवले. कृपया ggecvgz@paytm वर परत पाठवा, धन्यवाद.",No,No,No
spam,"चुकून माझ्या खात्यातून तुमच्या खात्यात Rs.835 ट्रान्सफर झाले आहेत, लवकरात लवकर jecmoo40@ibl वर रिफंड करा.",No,No,No
spam,"हाय, मला वाटते मी दुसऱ्याला पेमेंट करताना चुकून तुम्हाला Rs.6,462 पाठवले. कृपया koggkhjd@okicici वर परत पाठवा, धन्यवाद.",No,No,No
spam,"चुकून माझ्या खात्यातून तुमच्या खात्यात Rs.534 ट्रान्सफर झाले आहेत, लवकरात लवकर kwecbf@axl वर रिफंड करा.",No,No,No
spam,"हाय, मला वाटते मी दुसऱ्याला पेमेंट करताना चुकून तुम्हाला Rs.743 पाठवले. कृपया cmllytw@ibl वर परत पाठवा, धन्यवाद.",No,No,No
spam,"माफ करा, मी चुकून चुकीच्या नंबरवर Rs.9,949 ट्रान्सफर केले, हे तुमचे खाते वाटते. कृपया oygqhpy@okhdfcbank वर परत पाठवा.",No,No,No
spam,National Scholarship Portal अलर्ट: तुम्ही योजनेअंतर्गत Rs.598 साठी पात्र आहात. दावा करण्यासाठी तुमचा आधार आणि बँक खाते क्रमांक शेअर करा.,No,No,No
spam,"मी चुकून तुमच्या Paytm वर Rs.21,744 पाठवले, कृपया हे या UPI ID वर परत करा: hazza@ybl",No,No,No
spam,"चुकून माझ्या खात्यातून तुमच्या खात्यात Rs.6,729 ट्रान्सफर झाले आहेत, लवकरात लवकर hdngh78@ibl वर रिफंड करा.",No,No,No
spam,Post Matric Scholarship अलर्ट: तुम्ही योजनेअंतर्गत Rs.677 साठी पात्र आहात. दावा करण्यासाठी तुमचा आधार आणि बँक खाते क्रमांक शेअर करा.,No,No,No
spam,तुम्हाला Reliance सोबत वर्क-फ्रॉम-होम जॉबसाठी निवडले आहे. Rs.683 चा जॉइनिंग बोनस मिळवण्यासाठी तुमची बँक माहिती शेअर करा.,No,No,No
spam,"अभिनंदन, PMAY अंतर्गत तुमचा अर्ज Rs.9,326 साठी मंजूर झाला आहे. वितरणासाठी तुमची बँक माहिती पाठवा.",No,No,No
spam,"मी चुकून तुमच्या Paytm वर Rs.902 पाठवले, कृपया हे या UPI ID वर परत करा: vlfnq@ybl",No,No,No
spam,State Scholarship Scheme: तुमचा शिष्यवृत्ती लाभ Rs.757 ट्रान्सफरसाठी तयार आहे. मिळवण्यासाठी तुमची बँक पासबुक माहिती सबमिट करा.,No,No,No
spam,"अभिनंदन, Ayushman Bharat अंतर्गत तुमचा अर्ज Rs.6,269 साठी मंजूर झाला आहे. वितरणासाठी तुमची बँक माहिती पाठवा.",No,No,No
spam,"Post Matric Scholarship अलर्ट: तुम्ही योजनेअंतर्गत Rs.5,907 साठी पात्र आहात. दावा करण्यासाठी तुमचा आधार आणि बँक खाते क्रमांक शेअर करा.",No,No,No
spam,"चुकून माझ्या खात्यातून तुमच्या खात्यात Rs.1,158 ट्रान्सफर झाले आहेत, लवकरात लवकर yxrxkb@okicici वर रिफंड करा.",No,No,No
spam,"मी चुकून तुमच्या Paytm वर Rs.917 पाठवले, कृपया हे या UPI ID वर परत करा: zthrcfww31@okhdfcbank",No,No,No
spam,"LPG Subsidy Scheme: तुमचा शिष्यवृत्ती लाभ Rs.93,927 ट्रान्सफरसाठी तयार आहे. मिळवण्यासाठी तुमची बँक पासबुक माहिती सबमिट करा.",No,No,No
spam,"तुम्हाला Flipkart सोबत वर्क-फ्रॉम-होम जॉबसाठी निवडले आहे. Rs.8,727 चा जॉइनिंग बोनस मिळवण्यासाठी तुमची बँक माहिती शेअर करा.",No,No,No
spam,"Ayushman Bharat अलर्ट: तुम्ही योजनेअंतर्गत Rs.1,388 साठी पात्र आहात. दावा करण्यासाठी तुमचा आधार आणि बँक खाते क्रमांक शेअर करा.",No,No,No
spam,"तुमचे Kotak Mahindra Bank पर्सनल लोन Rs.60,984 चे पूर्व-मंजूर आहे. प्रक्रियेसाठी तुमचे बँक खाते आणि आधार तपशील शेअर करा.",No,No,No
spam,"माफ करा, मी चुकून चुकीच्या नंबरवर Rs.803 ट्रान्सफर केले, हे तुमचे खाते वाटते. कृपया andkt@ibl वर परत पाठवा.",No,No,No
spam,"तुमचे Punjab National Bank पर्सनल लोन Rs.57,547 चे पूर्व-मंजूर आहे. प्रक्रियेसाठी तुमचे बँक खाते आणि आधार तपशील शेअर करा.",No,No,No
spam,"माफ करा, मी चुकून चुकीच्या नंबरवर Rs.66,958 ट्रान्सफर केले, हे तुमचे खाते वाटते. कृपया exhadkel@okhdfcbank वर परत पाठवा.",No,No,No
spam,"तुमचे ICICI Bank पर्सनल लोन Rs.75,895 चे पूर्व-मंजूर आहे. प्रक्रियेसाठी तुमचे बँक खाते आणि आधार तपशील शेअर करा.",No,No,No
spam,"माफ करा, मी चुकून चुकीच्या नंबरवर Rs.6,707 ट्रान्सफर केले, हे तुमचे खाते वाटते. कृपया yvuiwl25@paytm वर परत पाठवा.",No,No,No
spam,"तुमचे Kotak Mahindra Bank पर्सनल लोन Rs.7,101 चे पूर्व-मंजूर आहे. प्रक्रियेसाठी तुमचे बँक खाते आणि आधार तपशील शेअर करा.",No,No,No
spam,"PM Ujjwala Yojana अलर्ट: तुम्ही योजनेअंतर्गत Rs.90,344 साठी पात्र आहात. दावा करण्यासाठी तुमचा आधार आणि बँक खाते क्रमांक शेअर करा.",No,No,No
spam,"अभिनंदन, PMAY अंतर्गत तुमचा अर्ज Rs.20,405 साठी मंजूर झाला आहे. वितरणासाठी तुमची बँक माहिती पाठवा.",No,No,No
spam,"PM Ujjwala Yojana अलर्ट: तुम्ही योजनेअंतर्गत Rs.3,726 साठी पात्र आहात. दावा करण्यासाठी तुमचा आधार आणि बँक खाते क्रमांक शेअर करा.",No,No,No
spam,PMAY अलर्ट: तुम्ही योजनेअंतर्गत Rs.892 साठी पात्र आहात. दावा करण्यासाठी तुमचा आधार आणि बँक खाते क्रमांक शेअर करा.,No,No,No
spam,"तुम्हाला Infosys सोबत वर्क-फ्रॉम-होम जॉबसाठी निवडले आहे. Rs.44,254 चा जॉइनिंग बोनस मिळवण्यासाठी तुमची बँक माहिती शेअर करा.",No,No,No
spam,"तुमचे Axis Bank पर्सनल लोन Rs.4,279 चे पूर्व-मंजूर आहे. प्रक्रियेसाठी तुमचे बँक खाते आणि आधार तपशील शेअर करा.",No,No,No
spam,"तुमचे Axis Bank पर्सनल लोन Rs.3,320 चे पूर्व-मंजूर आहे. प्रक्रियेसाठी तुमचे बँक खाते आणि आधार तपशील शेअर करा.",No,No,No
spam,"तुमच्या विमा पॉलिसीची मुदतपूर्ती रक्कम Rs.7,738 तयार आहे. पेमेंट मिळवण्यासाठी तुमची बँक पासबुक माहिती पाठवा.",No,No,No
spam,"तुम्हाला Flipkart सोबत वर्क-फ्रॉम-होम जॉबसाठी निवडले आहे. Rs.1,559 चा जॉइनिंग बोनस मिळवण्यासाठी तुमची बँक माहिती शेअर करा.",No,No,No
spam,"माफ करा, मी चुकून चुकीच्या नंबरवर Rs.25,745 ट्रान्सफर केले, हे तुमचे खाते वाटते. कृपया hcjqj@okhdfcbank वर परत पाठवा.",No,No,No
spam,"माफ करा, मी चुकून चुकीच्या नंबरवर Rs.889 ट्रान्सफर केले, हे तुमचे खाते वाटते. कृपया bbrwn@ibl वर परत पाठवा.",No,No,No
spam,National Scholarship Portal: तुमचा शिष्यवृत्ती लाभ Rs.906 ट्रान्सफरसाठी तयार आहे. मिळवण्यासाठी तुमची बँक पासबुक माहिती सबमिट करा.,No,No,No
spam,PM Ujjwala Yojana: तुमचा शिष्यवृत्ती लाभ Rs.857 ट्रान्सफरसाठी तयार आहे. मिळवण्यासाठी तुमची बँक पासबुक माहिती सबमिट करा.,No,No,No
spam,"मी चुकून तुमच्या Paytm वर Rs.7,339 पाठवले, कृपया हे या UPI ID वर परत करा: xbkjm66@okicici",No,No,No
spam,"अभिनंदन, Post Matric Scholarship अंतर्गत तुमचा अर्ज Rs.1,126 साठी मंजूर झाला आहे. वितरणासाठी तुमची बँक माहिती पाठवा.",No,No,No
spam,"तुम्हाला Infosys सोबत वर्क-फ्रॉम-होम जॉबसाठी निवडले आहे. Rs.9,964 चा जॉइनिंग बोनस मिळवण्यासाठी तुमची बँक माहिती शेअर करा.",No,No,No
spam,"अभिनंदन, Post Matric Scholarship अंतर्गत तुमचा अर्ज Rs.48,405 साठी मंजूर झाला आहे. वितरणासाठी तुमची बँक माहिती पाठवा.",No,No,No
spam,"तुम्हाला HCL सोबत वर्क-फ्रॉम-होम जॉबसाठी निवडले आहे. Rs.48,959 चा जॉइनिंग बोनस मिळवण्यासाठी तुमची बँक माहिती शेअर करा.",No,No,No
spam,"अभिनंदन, PM Kisan Samman Nidhi अंतर्गत तुमचा अर्ज Rs.21,351 साठी मंजूर झाला आहे. वितरणासाठी तुमची बँक माहिती पाठवा.",No,No,No
spam,"तुमच्या विमा पॉलिसीची मुदतपूर्ती रक्कम Rs.17,643 तयार आहे. पेमेंट मिळवण्यासाठी तुमची बँक पासबुक माहिती पाठवा.",No,No,No
spam,"हाय, मला वाटते मी दुसऱ्याला पेमेंट करताना चुकून तुम्हाला Rs.12,820 पाठवले. कृपया euptdp@ybl वर परत पाठवा, धन्यवाद.",No,No,No
spam,"मी चुकून तुमच्या Amazon Pay वर Rs.685 पाठवले, कृपया हे या UPI ID वर परत करा: aclqa@oksbi",No,No,No
spam,"हाय, मला वाटते मी दुसऱ्याला पेमेंट करताना चुकून तुम्हाला Rs.60,657 पाठवले. कृपया ybmqk@axl वर परत पाठवा, धन्यवाद.",No,No,No
spam,"PM Kisan Samman Nidhi: तुमचा शिष्यवृत्ती लाभ Rs.59,829 ट्रान्सफरसाठी तयार आहे. मिळवण्यासाठी तुमची बँक पासबुक माहिती सबमिट करा.",No,No,No
spam,तुमचे Kotak Mahindra Bank पर्सनल लोन Rs.711 चे पूर्व-मंजूर आहे. प्रक्रियेसाठी तुमचे बँक खाते आणि आधार तपशील शेअर करा.,No,No,No
spam,"तुमचे Axis Bank पर्सनल लोन Rs.2,777 चे पूर्व-मंजूर आहे. प्रक्रियेसाठी तुमचे बँक खाते आणि आधार तपशील शेअर करा.",No,No,No
spam,"माफ करा, मी चुकून चुकीच्या नंबरवर Rs.9,430 ट्रान्सफर केले, हे तुमचे खाते वाटते. कृपया yuomu@oksbi वर परत पाठवा.",No,No,No
spam,Post Matric Scholarship अलर्ट: तुम्ही योजनेअंतर्गत Rs.984 साठी पात्र आहात. दावा करण्यासाठी तुमचा आधार आणि बँक खाते क्रमांक शेअर करा.,No,No,No
spam,"PM Ujjwala Yojana अलर्ट: तुम्ही योजनेअंतर्गत Rs.16,224 साठी पात्र आहात. दावा करण्यासाठी तुमचा आधार आणि बँक खाते क्रमांक शेअर करा.",No,No,No
spam,"चुकून माझ्या खात्यातून तुमच्या खात्यात Rs.3,707 ट्रान्सफर झाले आहेत, लवकरात लवकर rptqzjb@okhdfcbank वर रिफंड करा.",No,No,No
spam,"मी चुकून तुमच्या Google Pay वर Rs.5,317 पाठवले, कृपया हे या UPI ID वर परत करा: abiwtqfr80@ybl",No,No,No
spam,State Scholarship Scheme: तुमचा शिष्यवृत्ती लाभ Rs.990 ट्रान्सफरसाठी तयार आहे. मिळवण्यासाठी तुमची बँक पासबुक माहिती सबमिट करा.,No,No,No
spam,"मी चुकून तुमच्या PhonePe वर Rs.617 पाठवले, कृपया हे या UPI ID वर परत करा: dlrvw@oksbi",No,No,No
spam,"माफ करा, मी चुकून चुकीच्या नंबरवर Rs.8,183 ट्रान्सफर केले, हे तुमचे खाते वाटते. कृपया rzrph41@okicici वर परत पाठवा.",No,No,No
spam,"अभिनंदन, LPG Subsidy Scheme अंतर्गत तुमचा अर्ज Rs.6,079 साठी मंजूर झाला आहे. वितरणासाठी तुमची बँक माहिती पाठवा.",No,No,No
spam,"मी चुकून तुमच्या Amazon Pay वर Rs.92,078 पाठवले, कृपया हे या UPI ID वर परत करा: mbnsrz30@ibl",No,No,No
spam,"PM Kisan Samman Nidhi: तुमचा शिष्यवृत्ती लाभ Rs.4,321 ट्रान्सफरसाठी तयार आहे. मिळवण्यासाठी तुमची बँक पासबुक माहिती सबमिट करा.",No,No,No
spam,"तुमचे Kotak Mahindra Bank पर्सनल लोन Rs.25,310 चे पूर्व-मंजूर आहे. प्रक्रियेसाठी तुमचे बँक खाते आणि आधार तपशील शेअर करा.",No,No,No
spam,"Ayushman Bharat: तुमचा शिष्यवृत्ती लाभ Rs.6,939 ट्रान्सफरसाठी तयार आहे. मिळवण्यासाठी तुमची बँक पासबुक माहिती सबमिट करा.",No,No,No
spam,"मी चुकून तुमच्या Google Pay वर Rs.80,295 पाठवले, कृपया हे या UPI ID वर परत करा: pbonzgmv@okhdfcbank",No,No,No
spam,PMAY अलर्ट: तुम्ही योजनेअंतर्गत Rs.796 साठी पात्र आहात. दावा करण्यासाठी तुमचा आधार आणि बँक खाते क्रमांक शेअर करा.,No,No,No
spam,"मी चुकून तुमच्या Amazon Pay वर Rs.8,943 पाठवले, कृपया हे या UPI ID वर परत करा: sblisa53@ybl",No,No,No
spam,"तुमच्या विमा पॉलिसीची मुदतपूर्ती रक्कम Rs.64,333 तयार आहे. पेमेंट मिळवण्यासाठी तुमची बँक पासबुक माहिती पाठवा.",No,No,No
spam,"हाय, मला वाटते मी दुसऱ्याला पेमेंट करताना चुकून तुम्हाला Rs.1,772 पाठवले. कृपया wclfvtd@axl वर परत पाठवा, धन्यवाद.",No,No,No
spam,"मी चुकून तुमच्या Paytm वर Rs.33,969 पाठवले, कृपया हे या UPI ID वर परत करा: hpbnxz@paytm",No,No,No
spam,"तुमचे Punjab National Bank पर्सनल लोन Rs.3,387 चे पूर्व-मंजूर आहे. प्रक्रियेसाठी तुमचे बँक खाते आणि आधार तपशील शेअर करा.",No,No,No
spam,"माफ करा, मी चुकून चुकीच्या नंबरवर Rs.9,737 ट्रान्सफर केले, हे तुमचे खाते वाटते. कृपया ljroszid83@okicici वर परत पाठवा.",No,No,No
spam,"माफ करा, मी चुकून चुकीच्या नंबरवर Rs.12,099 ट्रान्सफर केले, हे तुमचे खाते वाटते. कृपया wtoizg48@ibl वर परत पाठवा.",No,No,No
spam,"मी चुकून तुमच्या Amazon Pay वर Rs.762 पाठवले, कृपया हे या UPI ID वर परत करा: temycfy@ybl",No,No,No
spam,"मी चुकून तुमच्या Amazon Pay वर Rs.851 पाठवले, कृपया हे या UPI ID वर परत करा: onmkdo@okhdfcbank",No,No,No
spam,"चुकून माझ्या खात्यातून तुमच्या खात्यात Rs.6,864 ट्रान्सफर झाले आहेत, लवकरात लवकर icids@oksbi वर रिफंड करा.",No,No,No
spam,तुम्हाला Wipro सोबत वर्क-फ्रॉम-होम जॉबसाठी निवडले आहे. Rs.838 चा जॉइनिंग बोनस मिळवण्यासाठी तुमची बँक माहिती शेअर करा.,No,No,No
spam,"हाय, मला वाटते मी दुसऱ्याला पेमेंट करताना चुकून तुम्हाला Rs.669 पाठवले. कृपया bxqge@ibl वर परत पाठवा, धन्यवाद.",No,No,No
spam,तुमच्या विमा पॉलिसीची मुदतपूर्ती रक्कम Rs.565 तयार आहे. पेमेंट मिळवण्यासाठी तुमची बँक पासबुक माहिती पाठवा.,No,No,No
spam,"हाय, मला वाटते मी दुसऱ्याला पेमेंट करताना चुकून तुम्हाला Rs.9,517 पाठवले. कृपया ppykmmh@ibl वर परत पाठवा, धन्यवाद.",No,No,No
spam,"तुमच्या विमा पॉलिसीची मुदतपूर्ती रक्कम Rs.4,489 तयार आहे. पेमेंट मिळवण्यासाठी तुमची बँक पासबुक माहिती पाठवा.",No,No,No
spam,"माफ करा, मी चुकून चुकीच्या नंबरवर Rs.568 ट्रान्सफर केले, हे तुमचे खाते वाटते. कृपया prles@paytm वर परत पाठवा.",No,No,No
spam,"State Scholarship Scheme अलर्ट: तुम्ही योजनेअंतर्गत Rs.1,362 साठी पात्र आहात. दावा करण्यासाठी तुमचा आधार आणि बँक खाते क्रमांक शेअर करा.",No,No,No
spam,"तुमच्या विमा पॉलिसीची मुदतपूर्ती रक्कम Rs.1,773 तयार आहे. पेमेंट मिळवण्यासाठी तुमची बँक पासबुक माहिती पाठवा.",No,No,No
spam,"तुमच्या विमा पॉलिसीची मुदतपूर्ती रक्कम Rs.27,314 तयार आहे. पेमेंट मिळवण्यासाठी तुमची बँक पासबुक माहिती पाठवा.",No,No,No
spam,PM Kisan Samman Nidhi: तुमचा शिष्यवृत्ती लाभ Rs.568 ट्रान्सफरसाठी तयार आहे. मिळवण्यासाठी तुमची बँक पासबुक माहिती सबमिट करा.,No,No,No
spam,तुम्हाला Infosys सोबत वर्क-फ्रॉम-होम जॉबसाठी निवडले आहे. Rs.778 चा जॉइनिंग बोनस मिळवण्यासाठी तुमची बँक माहिती शेअर करा.,No,No,No
spam,"अभिनंदन, PM Ujjwala Yojana अंतर्गत तुमचा अर्ज Rs.73,307 साठी मंजूर झाला आहे. वितरणासाठी तुमची बँक माहिती पाठवा.",No,No,No
spam,"तुमचे Axis Bank पर्सनल लोन Rs.94,295 चे पूर्व-मंजूर आहे. प्रक्रियेसाठी तुमचे बँक खाते आणि आधार तपशील शेअर करा.",No,No,No
spam,"अभिनंदन, State Scholarship Scheme अंतर्गत तुमचा अर्ज Rs.66,810 साठी मंजूर झाला आहे. वितरणासाठी तुमची बँक माहिती पाठवा.",No,No,No
spam,LPG Subsidy Scheme अलर्ट: तुम्ही योजनेअंतर्गत Rs.736 साठी पात्र आहात. दावा करण्यासाठी तुमचा आधार आणि बँक खाते क्रमांक शेअर करा.,No,No,No
spam,"अभिनंदन, LPG Subsidy Scheme अंतर्गत तुमचा अर्ज Rs.13,790 साठी मंजूर झाला आहे. वितरणासाठी तुमची बँक माहिती पाठवा.",No,No,No
spam,"तुमचे HDFC Bank पर्सनल लोन Rs.9,940 चे पूर्व-मंजूर आहे. प्रक्रियेसाठी तुमचे बँक खाते आणि आधार तपशील शेअर करा.",No,No,No
spam,"माफ करा, मी चुकून चुकीच्या नंबरवर Rs.2,860 ट्रान्सफर केले, हे तुमचे खाते वाटते. कृपया hcvqwtp23@axl वर परत पाठवा.",No,No,No
spam,"PM Ujjwala Yojana: तुमचा शिष्यवृत्ती लाभ Rs.18,449 ट्रान्सफरसाठी तयार आहे. मिळवण्यासाठी तुमची बँक पासबुक माहिती सबमिट करा.",No,No,No
spam,"हाय, मला वाटते मी दुसऱ्याला पेमेंट करताना चुकून तुम्हाला Rs.860 पाठवले. कृपया sdatx16@okhdfcbank वर परत पाठवा, धन्यवाद.",No,No,No
spam,"अभिनंदन, Post Matric Scholarship अंतर्गत तुमचा अर्ज Rs.1,265 साठी मंजूर झाला आहे. वितरणासाठी तुमची बँक माहिती पाठवा.",No,No,No
spam,"माफ करा, मी चुकून चुकीच्या नंबरवर Rs.561 ट्रान्सफर केले, हे तुमचे खाते वाटते. कृपया lttjnva@ybl वर परत पाठवा.",No,No,No
spam,"तुमच्या विमा पॉलिसीची मुदतपूर्ती रक्कम Rs.52,124 तयार आहे. पेमेंट मिळवण्यासाठी तुमची बँक पासबुक माहिती पाठवा.",No,No,No
spam,"तुमच्या विमा पॉलिसीची मुदतपूर्ती रक्कम Rs.5,031 तयार आहे. पेमेंट मिळवण्यासाठी तुमची बँक पासबुक माहिती पाठवा.",No,No,No
spam,"मी चुकून तुमच्या Google Pay वर Rs.832 पाठवले, कृपया हे या UPI ID वर परत करा: rshwksh36@oksbi",No,No,No
spam,"चुकून माझ्या खात्यातून तुमच्या खात्यात Rs.93,299 ट्रान्सफर झाले आहेत, लवकरात लवकर rtcgq27@ybl वर रिफंड करा.",No,No,No
spam,तुम्हाला Wipro सोबत वर्क-फ्रॉम-होम जॉबसाठी निवडले आहे. Rs.966 चा जॉइनिंग बोनस मिळवण्यासाठी तुमची बँक माहिती शेअर करा.,No,No,No
spam,"तुम्हाला Amazon सोबत वर्क-फ्रॉम-होम जॉबसाठी निवडले आहे. Rs.7,492 चा जॉइनिंग बोनस मिळवण्यासाठी तुमची बँक माहिती शेअर करा.",No,No,No
spam,"तुम्हाला HCL सोबत वर्क-फ्रॉम-होम जॉबसाठी निवडले आहे. Rs.97,825 चा जॉइनिंग बोनस मिळवण्यासाठी तुमची बँक माहिती शेअर करा.",No,No,No
spam,"PM Kisan Samman Nidhi अलर्ट: तुम्ही योजनेअंतर्गत Rs.8,617 साठी पात्र आहात. दावा करण्यासाठी तुमचा आधार आणि बँक खाते क्रमांक शेअर करा.",No,No,No
spam,"अभिनंदन, National Scholarship Portal अंतर्गत तुमचा अर्ज Rs.831 साठी मंजूर झाला आहे. वितरणासाठी तुमची बँक माहिती पाठवा.",No,No,No
spam,तुम्हाला HCL सोबत वर्क-फ्रॉम-होम जॉबसाठी निवडले आहे. Rs.544 चा जॉइनिंग बोनस मिळवण्यासाठी तुमची बँक माहिती शेअर करा.,No,No,No
spam,"PM Kisan Samman Nidhi अलर्ट: तुम्ही योजनेअंतर्गत Rs.3,334 साठी पात्र आहात. दावा करण्यासाठी तुमचा आधार आणि बँक खाते क्रमांक शेअर करा.",No,No,No
spam,"माफ करा, मी चुकून चुकीच्या नंबरवर Rs.4,031 ट्रान्सफर केले, हे तुमचे खाते वाटते. कृपया lsjcje@axl वर परत पाठवा.",No,No,No
spam,"माफ करा, मी चुकून चुकीच्या नंबरवर Rs.7,187 ट्रान्सफर केले, हे तुमचे खाते वाटते. कृपया ezmcilw73@okicici वर परत पाठवा.",No,No,No
spam,"मी चुकून तुमच्या PhonePe वर Rs.38,312 पाठवले, कृपया हे या UPI ID वर परत करा: fkwexyhm@paytm",No,No,No
spam,"अभिनंदन, PMAY अंतर्गत तुमचा अर्ज Rs.959 साठी मंजूर झाला आहे. वितरणासाठी तुमची बँक माहिती पाठवा.",No,No,No
spam,"चुकून माझ्या खात्यातून तुमच्या खात्यात Rs.5,494 ट्रान्सफर झाले आहेत, लवकरात लवकर zbrftyxb@oksbi वर रिफंड करा.",No,No,No
spam,"माफ करा, मी चुकून चुकीच्या नंबरवर Rs.41,698 ट्रान्सफर केले, हे तुमचे खाते वाटते. कृपया fknvcqg53@ybl वर परत पाठवा.",No,No,No
spam,तुमचे SBI पर्सनल लोन Rs.685 चे पूर्व-मंजूर आहे. प्रक्रियेसाठी तुमचे बँक खाते आणि आधार तपशील शेअर करा.,No,No,No
spam,"मी चुकून तुमच्या Amazon Pay वर Rs.865 पाठवले, कृपया हे या UPI ID वर परत करा: uqctgm@okhdfcbank",No,No,No
spam,"मी चुकून तुमच्या Amazon Pay वर Rs.44,260 पाठवले, कृपया हे या UPI ID वर परत करा: ueogwlk59@ybl",No,No,No
spam,"PM Ujjwala Yojana अलर्ट: तुम्ही योजनेअंतर्गत Rs.1,261 साठी पात्र आहात. दावा करण्यासाठी तुमचा आधार आणि बँक खाते क्रमांक शेअर करा.",No,No,No
spam,तुमच्या विमा पॉलिसीची मुदतपूर्ती रक्कम Rs.884 तयार आहे. पेमेंट मिळवण्यासाठी तुमची बँक पासबुक माहिती पाठवा.,No,No,No
spam,"तुम्हाला Reliance सोबत वर्क-फ्रॉम-होम जॉबसाठी निवडले आहे. Rs.8,131 चा जॉइनिंग बोनस मिळवण्यासाठी तुमची बँक माहिती शेअर करा.",No,No,No
spam,"तुम्हाला HCL सोबत वर्क-फ्रॉम-होम जॉबसाठी निवडले आहे. Rs.9,867 चा जॉइनिंग बोनस मिळवण्यासाठी तुमची बँक माहिती शेअर करा.",No,No,No
spam,Ayushman Bharat अलर्ट: तुम्ही योजनेअंतर्गत Rs.643 साठी पात्र आहात. दावा करण्यासाठी तुमचा आधार आणि बँक खाते क्रमांक शेअर करा.,No,No,No
spam,"LPG Subsidy Scheme: तुमचा शिष्यवृत्ती लाभ Rs.2,203 ट्रान्सफरसाठी तयार आहे. मिळवण्यासाठी तुमची बँक पासबुक माहिती सबमिट करा.",No,No,No
spam,"हाय, मला वाटते मी दुसऱ्याला पेमेंट करताना चुकून तुम्हाला Rs.2,550 पाठवले. कृपया vsgyolg@paytm वर परत पाठवा, धन्यवाद.",No,No,No
spam,"मी चुकून तुमच्या Google Pay वर Rs.3,784 पाठवले, कृपया हे या UPI ID वर परत करा: lgycz@okicici",No,No,No
spam,तुम्हाला TCS सोबत वर्क-फ्रॉम-होम जॉबसाठी निवडले आहे. Rs.506 चा जॉइनिंग बोनस मिळवण्यासाठी तुमची बँक माहिती शेअर करा.,No,No,No
spam,"मी चुकून तुमच्या Paytm वर Rs.3,307 पाठवले, कृपया हे या UPI ID वर परत करा: rjztr@okhdfcbank",No,No,No
spam,तुम्हाला Infosys सोबत वर्क-फ्रॉम-होम जॉबसाठी निवडले आहे. Rs.717 चा जॉइनिंग बोनस मिळवण्यासाठी तुमची बँक माहिती शेअर करा.,No,No,No
spam,"तुमचे Axis Bank पर्सनल लोन Rs.25,203 चे पूर्व-मंजूर आहे. प्रक्रियेसाठी तुमचे बँक खाते आणि आधार तपशील शेअर करा.",No,No,No
spam,तुमचे Punjab National Bank पर्सनल लोन Rs.616 चे पूर्व-मंजूर आहे. प्रक्रियेसाठी तुमचे बँक खाते आणि आधार तपशील शेअर करा.,No,No,No
spam,"अभिनंदन, PM Kisan Samman Nidhi अंतर्गत तुमचा अर्ज Rs.2,976 साठी मंजूर झाला आहे. वितरणासाठी तुमची बँक माहिती पाठवा.",No,No,No
spam,"तुम्हाला HCL सोबत वर्क-फ्रॉम-होम जॉबसाठी निवडले आहे. Rs.73,834 चा जॉइनिंग बोनस मिळवण्यासाठी तुमची बँक माहिती शेअर करा.",No,No,No
spam,"Post Matric Scholarship: तुमचा शिष्यवृत्ती लाभ Rs.4,975 ट्रान्सफरसाठी तयार आहे. मिळवण्यासाठी तुमची बँक पासबुक माहिती सबमिट करा.",No,No,No
spam,तुमच्या विमा पॉलिसीची मुदतपूर्ती रक्कम Rs.674 तयार आहे. पेमेंट मिळवण्यासाठी तुमची बँक पासबुक माहिती पाठवा.,No,No,No
spam,"मी चुकून तुमच्या PhonePe वर Rs.3,281 पाठवले, कृपया हे या UPI ID वर परत करा: dxqrhy@ibl",No,No,No
spam,"तुमचे Punjab National Bank पर्सनल लोन Rs.6,138 चे पूर्व-मंजूर आहे. प्रक्रियेसाठी तुमचे बँक खाते आणि आधार तपशील शेअर करा.",No,No,No
spam,"मी चुकून तुमच्या Amazon Pay वर Rs.18,287 पाठवले, कृपया हे या UPI ID वर परत करा: mrhpwoie@oksbi",No,No,No
spam,"तुम्हाला Amazon सोबत वर्क-फ्रॉम-होम जॉबसाठी निवडले आहे. Rs.91,711 चा जॉइनिंग बोनस मिळवण्यासाठी तुमची बँक माहिती शेअर करा.",No,No,No
spam,"हाय, मला वाटते मी दुसऱ्याला पेमेंट करताना चुकून तुम्हाला Rs.66,843 पाठवले. कृपया btedzh@ibl वर परत पाठवा, धन्यवाद.",No,No,No
spam,"तुमच्या विमा पॉलिसीची मुदतपूर्ती रक्कम Rs.84,435 तयार आहे. पेमेंट मिळवण्यासाठी तुमची बँक पासबुक माहिती पाठवा.",No,No,No
spam,"चुकून माझ्या खात्यातून तुमच्या खात्यात Rs.906 ट्रान्सफर झाले आहेत, लवकरात लवकर bahdxnwp57@oksbi वर रिफंड करा.",No,No,No
spam,तुम्हाला Wipro सोबत वर्क-फ्रॉम-होम जॉबसाठी निवडले आहे. Rs.779 चा जॉइनिंग बोनस मिळवण्यासाठी तुमची बँक माहिती शेअर करा.,No,No,No
spam,"चुकून माझ्या खात्यातून तुमच्या खात्यात Rs.1,163 ट्रान्सफर झाले आहेत, लवकरात लवकर kqqwq38@ibl वर रिफंड करा.",No,No,No
spam,"मी चुकून तुमच्या PhonePe वर Rs.1,188 पाठवले, कृपया हे या UPI ID वर परत करा: jnvytrmv@axl",No,No,No
spam,"अभिनंदन, Ayushman Bharat अंतर्गत तुमचा अर्ज Rs.8,257 साठी मंजूर झाला आहे. वितरणासाठी तुमची बँक माहिती पाठवा.",No,No,No
spam,तुम्हाला Infosys सोबत वर्क-फ्रॉम-होम जॉबसाठी निवडले आहे. Rs.718 चा जॉइनिंग बोनस मिळवण्यासाठी तुमची बँक माहिती शेअर करा.,No,No,No
spam,"तुमचे Bank of Baroda पर्सनल लोन Rs.56,590 चे पूर्व-मंजूर आहे. प्रक्रियेसाठी तुमचे बँक खाते आणि आधार तपशील शेअर करा.",No,No,No
spam,"माफ करा, मी चुकून चुकीच्या नंबरवर Rs.651 ट्रान्सफर केले, हे तुमचे खाते वाटते. कृपया lmskmpfx31@oksbi वर परत पाठवा.",No,No,No
spam,PMAY: तुमचा शिष्यवृत्ती लाभ Rs.547 ट्रान्सफरसाठी तयार आहे. मिळवण्यासाठी तुमची बँक पासबुक माहिती सबमिट करा.,No,No,No
spam,"चुकून माझ्या खात्यातून तुमच्या खात्यात Rs.3,136 ट्रान्सफर झाले आहेत, लवकरात लवकर vlsydls70@okicici वर रिफंड करा.",No,No,No
spam,"तुम्हाला Wipro सोबत वर्क-फ्रॉम-होम जॉबसाठी निवडले आहे. Rs.44,769 चा जॉइनिंग बोनस मिळवण्यासाठी तुमची बँक माहिती शेअर करा.",No,No,No
spam,"मी चुकून तुमच्या PhonePe वर Rs.746 पाठवले, कृपया हे या UPI ID वर परत करा: lwbxvcy@okhdfcbank",No,No,No
spam,"मी चुकून तुमच्या PhonePe वर Rs.88,805 पाठवले, कृपया हे या UPI ID वर परत करा: ttcup@paytm",No,No,No
spam,"हाय, मला वाटते मी दुसऱ्याला पेमेंट करताना चुकून तुम्हाला Rs.510 पाठवले. कृपया cqhopj43@oksbi वर परत पाठवा, धन्यवाद.",No,No,No
spam,तुमचे Kotak Mahindra Bank पर्सनल लोन Rs.830 चे पूर्व-मंजूर आहे. प्रक्रियेसाठी तुमचे बँक खाते आणि आधार तपशील शेअर करा.,No,No,No
spam,तुम्हाला TCS सोबत वर्क-फ्रॉम-होम जॉबसाठी निवडले आहे. Rs.834 चा जॉइनिंग बोनस मिळवण्यासाठी तुमची बँक माहिती शेअर करा.,No,No,No
spam,"हाय, मला वाटते मी दुसऱ्याला पेमेंट करताना चुकून तुम्हाला Rs.53,114 पाठवले. कृपया rldlgy@paytm वर परत पाठवा, धन्यवाद.",No,No,No
spam,"माफ करा, मी चुकून चुकीच्या नंबरवर Rs.6,724 ट्रान्सफर केले, हे तुमचे खाते वाटते. कृपया vobegt@okicici वर परत पाठवा.",No,No,No
spam,"National Scholarship Portal अलर्ट: तुम्ही योजनेअंतर्गत Rs.74,106 साठी पात्र आहात. दावा करण्यासाठी तुमचा आधार आणि बँक खाते क्रमांक शेअर करा.",No,No,No
spam,"तुमचे Canara Bank पर्सनल लोन Rs.44,754 चे पूर्व-मंजूर आहे. प्रक्रियेसाठी तुमचे बँक खाते आणि आधार तपशील शेअर करा.",No,No,No
spam,"हाय, मला वाटते मी दुसऱ्याला पेमेंट करताना चुकून तुम्हाला Rs.25,467 पाठवले. कृपया wnznsi52@okicici वर परत पाठवा, धन्यवाद.",No,No,No
spam,"तुमचे ICICI Bank पर्सनल लोन Rs.9,288 चे पूर्व-मंजूर आहे. प्रक्रियेसाठी तुमचे बँक खाते आणि आधार तपशील शेअर करा.",No,No,No
spam,"तुम्हाला TCS सोबत वर्क-फ्रॉम-होम जॉबसाठी निवडले आहे. Rs.25,335 चा जॉइनिंग बोनस मिळवण्यासाठी तुमची बँक माहिती शेअर करा.",No,No,No
spam,"LPG Subsidy Scheme अलर्ट: तुम्ही योजनेअंतर्गत Rs.1,027 साठी पात्र आहात. दावा करण्यासाठी तुमचा आधार आणि बँक खाते क्रमांक शेअर करा.",No,No,No
spam,"तुमच्या विमा पॉलिसीची मुदतपूर्ती रक्कम Rs.83,127 तयार आहे. पेमेंट मिळवण्यासाठी तुमची बँक पासबुक माहिती पाठवा.",No,No,No
spam,"हाय, मला वाटते मी दुसऱ्याला पेमेंट करताना चुकून तुम्हाला Rs.61,160 पाठवले. कृपया kczddzqb@ybl वर परत पाठवा, धन्यवाद.",No,No,No
spam,"तुमचे HDFC Bank पर्सनल लोन Rs.5,880 चे पूर्व-मंजूर आहे. प्रक्रियेसाठी तुमचे बँक खाते आणि आधार तपशील शेअर करा.",No,No,No
spam,"हाय, मला वाटते मी दुसऱ्याला पेमेंट करताना चुकून तुम्हाला Rs.3,257 पाठवले. कृपया zbaizc98@paytm वर परत पाठवा, धन्यवाद.",No,No,No
spam,"PMAY अलर्ट: तुम्ही योजनेअंतर्गत Rs.6,462 साठी पात्र आहात. दावा करण्यासाठी तुमचा आधार आणि बँक खाते क्रमांक शेअर करा.",No,No,No
spam,"मी चुकून तुमच्या Paytm वर Rs.581 पाठवले, कृपया हे या UPI ID वर परत करा: ottvt79@ybl",No,No,No
spam,"हाय, मला वाटते मी दुसऱ्याला पेमेंट करताना चुकून तुम्हाला Rs.16,790 पाठवले. कृपया yhccg88@okicici वर परत पाठवा, धन्यवाद.",No,No,No
spam,"चुकून माझ्या खात्यातून तुमच्या खात्यात Rs.26,332 ट्रान्सफर झाले आहेत, लवकरात लवकर dgevqddl@ybl वर रिफंड करा.",No,No,No
spam,तुमच्या विमा पॉलिसीची मुदतपूर्ती रक्कम Rs.715 तयार आहे. पेमेंट मिळवण्यासाठी तुमची बँक पासबुक माहिती पाठवा.,No,No,No
spam,"तुम्हाला TCS सोबत वर्क-फ्रॉम-होम जॉबसाठी निवडले आहे. Rs.81,225 चा जॉइनिंग बोनस मिळवण्यासाठी तुमची बँक माहिती शेअर करा.",No,No,No
spam,तुमच्या विमा पॉलिसीची मुदतपूर्ती रक्कम Rs.550 तयार आहे. पेमेंट मिळवण्यासाठी तुमची बँक पासबुक माहिती पाठवा.,No,No,No
spam,"Ayushman Bharat अलर्ट: तुम्ही योजनेअंतर्गत Rs.34,019 साठी पात्र आहात. दावा करण्यासाठी तुमचा आधार आणि बँक खाते क्रमांक शेअर करा.",No,No,No
spam,"माफ करा, मी चुकून चुकीच्या नंबरवर Rs.880 ट्रान्सफर केले, हे तुमचे खाते वाटते. कृपया jcanwl@ibl वर परत पाठवा.",No,No,No
spam,"चुकून माझ्या खात्यातून तुमच्या खात्यात Rs.9,429 ट्रान्सफर झाले आहेत, लवकरात लवकर puyioji61@okicici वर रिफंड करा.",No,No,No
spam,Ayushman Bharat अलर्ट: तुम्ही योजनेअंतर्गत Rs.939 साठी पात्र आहात. दावा करण्यासाठी तुमचा आधार आणि बँक खाते क्रमांक शेअर करा.,No,No,No
spam,"चुकून माझ्या खात्यातून तुमच्या खात्यात Rs.6,030 ट्रान्सफर झाले आहेत, लवकरात लवकर dherv@ybl वर रिफंड करा.",No,No,No
spam,"तुमच्या विमा पॉलिसीची मुदतपूर्ती रक्कम Rs.26,476 तयार आहे. पेमेंट मिळवण्यासाठी तुमची बँक पासबुक माहिती पाठवा.",No,No,No
spam,"अभिनंदन, Post Matric Scholarship अंतर्गत तुमचा अर्ज Rs.841 साठी मंजूर झाला आहे. वितरणासाठी तुमची बँक माहिती पाठवा.",No,No,No
spam,"माफ करा, मी चुकून चुकीच्या नंबरवर Rs.95,545 ट्रान्सफर केले, हे तुमचे खाते वाटते. कृपया cdbeuyp@ybl वर परत पाठवा.",No,No,No
spam,"PMAY अलर्ट: तुम्ही योजनेअंतर्गत Rs.33,717 साठी पात्र आहात. दावा करण्यासाठी तुमचा आधार आणि बँक खाते क्रमांक शेअर करा.",No,No,No
spam,PM Kisan Samman Nidhi: तुमचा शिष्यवृत्ती लाभ Rs.975 ट्रान्सफरसाठी तयार आहे. मिळवण्यासाठी तुमची बँक पासबुक माहिती सबमिट करा.,No,No,No
spam,"चुकून माझ्या खात्यातून तुमच्या खात्यात Rs.23,713 ट्रान्सफर झाले आहेत, लवकरात लवकर iwfyzokl56@ibl वर रिफंड करा.",No,No,No
spam,"हाय, मला वाटते मी दुसऱ्याला पेमेंट करताना चुकून तुम्हाला Rs.55,598 पाठवले. कृपया oraxouoa87@okicici वर परत पाठवा, धन्यवाद.",No,No,No
spam,PMAY: तुमचा शिष्यवृत्ती लाभ Rs.622 ट्रान्सफरसाठी तयार आहे. मिळवण्यासाठी तुमची बँक पासबुक माहिती सबमिट करा.,No,No,No
spam,"तुमच्या विमा पॉलिसीची मुदतपूर्ती रक्कम Rs.32,543 तयार आहे. पेमेंट मिळवण्यासाठी तुमची बँक पासबुक माहिती पाठवा.",No,No,No
spam,"माफ करा, मी चुकून चुकीच्या नंबरवर Rs.780 ट्रान्सफर केले, हे तुमचे खाते वाटते. कृपया jntgdamk@okhdfcbank वर परत पाठवा.",No,No,No
spam,"तुमचे Canara Bank पर्सनल लोन Rs.42,430 चे पूर्व-मंजूर आहे. प्रक्रियेसाठी तुमचे बँक खाते आणि आधार तपशील शेअर करा.",No,No,No
spam,"माफ करा, मी चुकून चुकीच्या नंबरवर Rs.809 ट्रान्सफर केले, हे तुमचे खाते वाटते. कृपया fkxxujc@okhdfcbank वर परत पाठवा.",No,No,No
spam,"माफ करा, मी चुकून चुकीच्या नंबरवर Rs.9,733 ट्रान्सफर केले, हे तुमचे खाते वाटते. कृपया qgvajhqd@ybl वर परत पाठवा.",No,No,No
spam,"Post Matric Scholarship: तुमचा शिष्यवृत्ती लाभ Rs.83,164 ट्रान्सफरसाठी तयार आहे. मिळवण्यासाठी तुमची बँक पासबुक माहिती सबमिट करा.",No,No,No
spam,"तुम्हाला HCL सोबत वर्क-फ्रॉम-होम जॉबसाठी निवडले आहे. Rs.25,665 चा जॉइनिंग बोनस मिळवण्यासाठी तुमची बँक माहिती शेअर करा.",No,No,No
spam,"तुमचे SBI पर्सनल लोन Rs.9,444 चे पूर्व-मंजूर आहे. प्रक्रियेसाठी तुमचे बँक खाते आणि आधार तपशील शेअर करा.",No,No,No
spam,"मी चुकून तुमच्या Google Pay वर Rs.94,892 पाठवले, कृपया हे या UPI ID वर परत करा: myxczzrm@ybl",No,No,No
spam,"तुम्हाला Infosys सोबत वर्क-फ्रॉम-होम जॉबसाठी निवडले आहे. Rs.1,673 चा जॉइनिंग बोनस मिळवण्यासाठी तुमची बँक माहिती शेअर करा.",No,No,No
spam,"National Scholarship Portal अलर्ट: तुम्ही योजनेअंतर्गत Rs.57,857 साठी पात्र आहात. दावा करण्यासाठी तुमचा आधार आणि बँक खाते क्रमांक शेअर करा.",No,No,No
spam,"चुकून माझ्या खात्यातून तुमच्या खात्यात Rs.81,285 ट्रान्सफर झाले आहेत, लवकरात लवकर ndpxfn@paytm वर रिफंड करा.",No,No,No
spam,"PMAY अलर्ट: तुम्ही योजनेअंतर्गत Rs.4,167 साठी पात्र आहात. दावा करण्यासाठी तुमचा आधार आणि बँक खाते क्रमांक शेअर करा.",No,No,No
spam,"मी चुकून तुमच्या Google Pay वर Rs.75,537 पाठवले, कृपया हे या UPI ID वर परत करा: ucaslyh35@ibl",No,No,No
spam,"तुमचे Bank of Baroda पर्सनल लोन Rs.4,404 चे पूर्व-मंजूर आहे. प्रक्रियेसाठी तुमचे बँक खाते आणि आधार तपशील शेअर करा.",No,No,No
spam,"हाय, मला वाटते मी दुसऱ्याला पेमेंट करताना चुकून तुम्हाला Rs.5,517 पाठवले. कृपया xxnoubyv@ybl वर परत पाठवा, धन्यवाद.",No,No,No
spam,"मी चुकून तुमच्या Amazon Pay वर Rs.80,839 पाठवले, कृपया हे या UPI ID वर परत करा: wpdliu20@ybl",No,No,No
spam,"अभिनंदन, PM Ujjwala Yojana अंतर्गत तुमचा अर्ज Rs.919 साठी मंजूर झाला आहे. वितरणासाठी तुमची बँक माहिती पाठवा.",No,No,No
spam,PMAY अलर्ट: तुम्ही योजनेअंतर्गत Rs.614 साठी पात्र आहात. दावा करण्यासाठी तुमचा आधार आणि बँक खाते क्रमांक शेअर करा.,No,No,No
spam,"अभिनंदन, PM Kisan Samman Nidhi अंतर्गत तुमचा अर्ज Rs.9,936 साठी मंजूर झाला आहे. वितरणासाठी तुमची बँक माहिती पाठवा.",No,No,No
spam,"Ayushman Bharat अलर्ट: तुम्ही योजनेअंतर्गत Rs.2,143 साठी पात्र आहात. दावा करण्यासाठी तुमचा आधार आणि बँक खाते क्रमांक शेअर करा.",No,No,No
spam,"माफ करा, मी चुकून चुकीच्या नंबरवर Rs.946 ट्रान्सफर केले, हे तुमचे खाते वाटते. कृपया ebnch58@okicici वर परत पाठवा.",No,No,No
spam,"मी चुकून तुमच्या Paytm वर Rs.3,493 पाठवले, कृपया हे या UPI ID वर परत करा: quhye48@paytm",No,No,No
spam,Ayushman Bharat अलर्ट: तुम्ही योजनेअंतर्गत Rs.790 साठी पात्र आहात. दावा करण्यासाठी तुमचा आधार आणि बँक खाते क्रमांक शेअर करा.,No,No,No
spam,"तुमच्या विमा पॉलिसीची मुदतपूर्ती रक्कम Rs.8,657 तयार आहे. पेमेंट मिळवण्यासाठी तुमची बँक पासबुक माहिती पाठवा.",No,No,No
spam,"तुम्हाला Reliance सोबत वर्क-फ्रॉम-होम जॉबसाठी निवडले आहे. Rs.5,320 चा जॉइनिंग बोनस मिळवण्यासाठी तुमची बँक माहिती शेअर करा.",No,No,No
spam,"मी चुकून तुमच्या Amazon Pay वर Rs.80,304 पाठवले, कृपया हे या UPI ID वर परत करा: uewfslm20@ibl",No,No,No
spam,"तुमच्या विमा पॉलिसीची मुदतपूर्ती रक्कम Rs.93,114 तयार आहे. पेमेंट मिळवण्यासाठी तुमची बँक पासबुक माहिती पाठवा.",No,No,No
spam,PM Ujjwala Yojana अलर्ट: तुम्ही योजनेअंतर्गत Rs.527 साठी पात्र आहात. दावा करण्यासाठी तुमचा आधार आणि बँक खाते क्रमांक शेअर करा.,No,No,No
spam,"मी चुकून तुमच्या Google Pay वर Rs.53,651 पाठवले, कृपया हे या UPI ID वर परत करा: zljuhen73@oksbi",No,No,No
spam,"मी चुकून तुमच्या Google Pay वर Rs.91,595 पाठवले, कृपया हे या UPI ID वर परत करा: qmagrv@okhdfcbank",No,No,No
spam,"चुकून माझ्या खात्यातून तुमच्या खात्यात Rs.9,798 ट्रान्सफर झाले आहेत, लवकरात लवकर adjyq@ibl वर रिफंड करा.",No,No,No
spam,"माफ करा, मी चुकून चुकीच्या नंबरवर Rs.44,349 ट्रान्सफर केले, हे तुमचे खाते वाटते. कृपया bdqqblt60@ybl वर परत पाठवा.",No,No,No
spam,"तुमचे Kotak Mahindra Bank पर्सनल लोन Rs.1,135 चे पूर्व-मंजूर आहे. प्रक्रियेसाठी तुमचे बँक खाते आणि आधार तपशील शेअर करा.",No,No,No
spam,"चुकून माझ्या खात्यातून तुमच्या खात्यात Rs.15,054 ट्रान्सफर झाले आहेत, लवकरात लवकर wdlusdux77@ibl वर रिफंड करा.",No,No,No
spam,"तुम्हाला Amazon सोबत वर्क-फ्रॉम-होम जॉबसाठी निवडले आहे. Rs.48,821 चा जॉइनिंग बोनस मिळवण्यासाठी तुमची बँक माहिती शेअर करा.",No,No,No
spam,"Ayushman Bharat अलर्ट: तुम्ही योजनेअंतर्गत Rs.93,875 साठी पात्र आहात. दावा करण्यासाठी तुमचा आधार आणि बँक खाते क्रमांक शेअर करा.",No,No,No
spam,National Scholarship Portal: तुमचा शिष्यवृत्ती लाभ Rs.686 ट्रान्सफरसाठी तयार आहे. मिळवण्यासाठी तुमची बँक पासबुक माहिती सबमिट करा.,No,No,No
spam,"Ayushman Bharat: तुमचा शिष्यवृत्ती लाभ Rs.51,083 ट्रान्सफरसाठी तयार आहे. मिळवण्यासाठी तुमची बँक पासबुक माहिती सबमिट करा.",No,No,No
spam,"मी चुकून तुमच्या Amazon Pay वर Rs.89,793 पाठवले, कृपया हे या UPI ID वर परत करा: nmcqp81@ibl",No,No,No
spam,"माफ करा, मी चुकून चुकीच्या नंबरवर Rs.826 ट्रान्सफर केले, हे तुमचे खाते वाटते. कृपया jawtf50@paytm वर परत पाठवा.",No,No,No
spam,"माफ करा, मी चुकून चुकीच्या नंबरवर Rs.523 ट्रान्सफर केले, हे तुमचे खाते वाटते. कृपया iyleonb99@ibl वर परत पाठवा.",No,No,No
spam,तुम्हाला Flipkart सोबत वर्क-फ्रॉम-होम जॉबसाठी निवडले आहे. Rs.965 चा जॉइनिंग बोनस मिळवण्यासाठी तुमची बँक माहिती शेअर करा.,No,No,No
spam,"तुमचे SBI पर्सनल लोन Rs.5,785 चे पूर्व-मंजूर आहे. प्रक्रियेसाठी तुमचे बँक खाते आणि आधार तपशील शेअर करा.",No,No,No
spam,"तुम्हाला Amazon सोबत वर्क-फ्रॉम-होम जॉबसाठी निवडले आहे. Rs.3,624 चा जॉइनिंग बोनस मिळवण्यासाठी तुमची बँक माहिती शेअर करा.",No,No,No
spam,"अभिनंदन, Ayushman Bharat अंतर्गत तुमचा अर्ज Rs.1,320 साठी मंजूर झाला आहे. वितरणासाठी तुमची बँक माहिती पाठवा.",No,No,No
spam,"अभिनंदन, LPG Subsidy Scheme अंतर्गत तुमचा अर्ज Rs.18,807 साठी मंजूर झाला आहे. वितरणासाठी तुमची बँक माहिती पाठवा.",No,No,No
spam,"तुम्हाला Wipro सोबत वर्क-फ्रॉम-होम जॉबसाठी निवडले आहे. Rs.1,702 चा जॉइनिंग बोनस मिळवण्यासाठी तुमची बँक माहिती शेअर करा.",No,No,No
spam,"चुकून माझ्या खात्यातून तुमच्या खात्यात Rs.45,220 ट्रान्सफर झाले आहेत, लवकरात लवकर vkkgzvy@oksbi वर रिफंड करा.",No,No,No
spam,"मी चुकून तुमच्या Paytm वर Rs.714 पाठवले, कृपया हे या UPI ID वर परत करा: iftjg@paytm",No,No,No
spam,National Scholarship Portal: तुमचा शिष्यवृत्ती लाभ Rs.865 ट्रान्सफरसाठी तयार आहे. मिळवण्यासाठी तुमची बँक पासबुक माहिती सबमिट करा.,No,No,No
spam,"चुकून माझ्या खात्यातून तुमच्या खात्यात Rs.6,184 ट्रान्सफर झाले आहेत, लवकरात लवकर yzjzbm@ybl वर रिफंड करा.",No,No,No
spam,"तुमचे Punjab National Bank पर्सनल लोन Rs.3,898 चे पूर्व-मंजूर आहे. प्रक्रियेसाठी तुमचे बँक खाते आणि आधार तपशील शेअर करा.",No,No,No
spam,"तुमचे Bank of Baroda पर्सनल लोन Rs.8,930 चे पूर्व-मंजूर आहे. प्रक्रियेसाठी तुमचे बँक खाते आणि आधार तपशील शेअर करा.",No,No,No
spam,LPG Subsidy Scheme: तुमचा शिष्यवृत्ती लाभ Rs.811 ट्रान्सफरसाठी तयार आहे. मिळवण्यासाठी तुमची बँक पासबुक माहिती सबमिट करा.,No,No,No
spam,"PM Kisan Samman Nidhi अलर्ट: तुम्ही योजनेअंतर्गत Rs.46,073 साठी पात्र आहात. दावा करण्यासाठी तुमचा आधार आणि बँक खाते क्रमांक शेअर करा.",No,No,No
spam,"चुकून माझ्या खात्यातून तुमच्या खात्यात Rs.6,033 ट्रान्सफर झाले आहेत, लवकरात लवकर pcqsljk@ybl वर रिफंड करा.",No,No,No
spam,"हाय, मला वाटते मी दुसऱ्याला पेमेंट करताना चुकून तुम्हाला Rs.76,399 पाठवले. कृपया lxwtyvqk@okhdfcbank वर परत पाठवा, धन्यवाद.",No,No,No
spam,"तुमच्या विमा पॉलिसीची मुदतपूर्ती रक्कम Rs.8,618 तयार आहे. पेमेंट मिळवण्यासाठी तुमची बँक पासबुक माहिती पाठवा.",No,No,No
spam,PMAY: तुमचा शिष्यवृत्ती लाभ Rs.776 ट्रान्सफरसाठी तयार आहे. मिळवण्यासाठी तुमची बँक पासबुक माहिती सबमिट करा.,No,No,No
spam,"Ayushman Bharat अलर्ट: तुम्ही योजनेअंतर्गत Rs.3,546 साठी पात्र आहात. दावा करण्यासाठी तुमचा आधार आणि बँक खाते क्रमांक शेअर करा.",No,No,No
spam,"हाय, मला वाटते मी दुसऱ्याला पेमेंट करताना चुकून तुम्हाला Rs.90,036 पाठवले. कृपया pqmgdww@axl वर परत पाठवा, धन्यवाद.",No,No,No
spam,"हाय, मला वाटते मी दुसऱ्याला पेमेंट करताना चुकून तुम्हाला Rs.3,919 पाठवले. कृपया zfujn63@okhdfcbank वर परत पाठवा, धन्यवाद.",No,No,No
spam,National Scholarship Portal: तुमचा शिष्यवृत्ती लाभ Rs.534 ट्रान्सफरसाठी तयार आहे. मिळवण्यासाठी तुमची बँक पासबुक माहिती सबमिट करा.,No,No,No
spam,"PMAY अलर्ट: तुम्ही योजनेअंतर्गत Rs.38,286 साठी पात्र आहात. दावा करण्यासाठी तुमचा आधार आणि बँक खाते क्रमांक शेअर करा.",No,No,No
spam,"हाय, मला वाटते मी दुसऱ्याला पेमेंट करताना चुकून तुम्हाला Rs.5,508 पाठवले. कृपया ysaqnuuw@ibl वर परत पाठवा, धन्यवाद.",No,No,No
spam,"तुमचे Kotak Mahindra Bank पर्सनल लोन Rs.99,839 चे पूर्व-मंजूर आहे. प्रक्रियेसाठी तुमचे बँक खाते आणि आधार तपशील शेअर करा.",No,No,No
spam,"माफ करा, मी चुकून चुकीच्या नंबरवर Rs.5,599 ट्रान्सफर केले, हे तुमचे खाते वाटते. कृपया abmrns76@okicici वर परत पाठवा.",No,No,No
spam,"चुकून माझ्या खात्यातून तुमच्या खात्यात Rs.33,251 ट्रान्सफर झाले आहेत, लवकरात लवकर lhtmfvr@axl वर रिफंड करा.",No,No,No
spam,"तुम्हाला TCS सोबत वर्क-फ्रॉम-होम जॉबसाठी निवडले आहे. Rs.8,074 चा जॉइनिंग बोनस मिळवण्यासाठी तुमची बँक माहिती शेअर करा.",No,No,No
spam,"तुम्हाला Amazon सोबत वर्क-फ्रॉम-होम जॉबसाठी निवडले आहे. Rs.2,180 चा जॉइनिंग बोनस मिळवण्यासाठी तुमची बँक माहिती शेअर करा.",No,No,No
spam,"चुकून माझ्या खात्यातून तुमच्या खात्यात Rs.999 ट्रान्सफर झाले आहेत, लवकरात लवकर nvnrueue94@axl वर रिफंड करा.",No,No,No
spam,तुमच्या विमा पॉलिसीची मुदतपूर्ती रक्कम Rs.815 तयार आहे. पेमेंट मिळवण्यासाठी तुमची बँक पासबुक माहिती पाठवा.,No,No,No
spam,"मी चुकून तुमच्या Paytm वर Rs.2,129 पाठवले, कृपया हे या UPI ID वर परत करा: fawwbrbx21@ybl",No,No,No
spam,"PM Ujjwala Yojana: तुमचा शिष्यवृत्ती लाभ Rs.52,793 ट्रान्सफरसाठी तयार आहे. मिळवण्यासाठी तुमची बँक पासबुक माहिती सबमिट करा.",No,No,No
spam,"माफ करा, मी चुकून चुकीच्या नंबरवर Rs.587 ट्रान्सफर केले, हे तुमचे खाते वाटते. कृपया jskmfs@ibl वर परत पाठवा.",No,No,No
spam,"माफ करा, मी चुकून चुकीच्या नंबरवर Rs.2,310 ट्रान्सफर केले, हे तुमचे खाते वाटते. कृपया gruevjw@paytm वर परत पाठवा.",No,No,No
spam,"चुकून माझ्या खात्यातून तुमच्या खात्यात Rs.969 ट्रान्सफर झाले आहेत, लवकरात लवकर lodchca@okicici वर रिफंड करा.",No,No,No
spam,"माफ करा, मी चुकून चुकीच्या नंबरवर Rs.9,295 ट्रान्सफर केले, हे तुमचे खाते वाटते. कृपया lwjqqyvf25@oksbi वर परत पाठवा.",No,No,No
spam,"तुमच्या विमा पॉलिसीची मुदतपूर्ती रक्कम Rs.33,328 तयार आहे. पेमेंट मिळवण्यासाठी तुमची बँक पासबुक माहिती पाठवा.",No,No,No
spam,"तुम्हाला Flipkart सोबत वर्क-फ्रॉम-होम जॉबसाठी निवडले आहे. Rs.8,689 चा जॉइनिंग बोनस मिळवण्यासाठी तुमची बँक माहिती शेअर करा.",No,No,No
spam,"PM Kisan Samman Nidhi अलर्ट: तुम्ही योजनेअंतर्गत Rs.3,233 साठी पात्र आहात. दावा करण्यासाठी तुमचा आधार आणि बँक खाते क्रमांक शेअर करा.",No,No,No
spam,"अभिनंदन, State Scholarship Scheme अंतर्गत तुमचा अर्ज Rs.525 साठी मंजूर झाला आहे. वितरणासाठी तुमची बँक माहिती पाठवा.",No,No,No
spam,"National Scholarship Portal अलर्ट: तुम्ही योजनेअंतर्गत Rs.1,617 साठी पात्र आहात. दावा करण्यासाठी तुमचा आधार आणि बँक खाते क्रमांक शेअर करा.",No,No,No
spam,"तुमचे Bank of Baroda पर्सनल लोन Rs.4,146 चे पूर्व-मंजूर आहे. प्रक्रियेसाठी तुमचे बँक खाते आणि आधार तपशील शेअर करा.",No,No,No
spam,तुम्हाला Wipro सोबत वर्क-फ्रॉम-होम जॉबसाठी निवडले आहे. Rs.739 चा जॉइनिंग बोनस मिळवण्यासाठी तुमची बँक माहिती शेअर करा.,No,No,No
spam,"Post Matric Scholarship अलर्ट: तुम्ही योजनेअंतर्गत Rs.65,362 साठी पात्र आहात. दावा करण्यासाठी तुमचा आधार आणि बँक खाते क्रमांक शेअर करा.",No,No,No
spam,"तुमचे Axis Bank पर्सनल लोन Rs.28,052 चे पूर्व-मंजूर आहे. प्रक्रियेसाठी तुमचे बँक खाते आणि आधार तपशील शेअर करा.",No,No,No
spam,"चुकून माझ्या खात्यातून तुमच्या खात्यात Rs.1,177 ट्रान्सफर झाले आहेत, लवकरात लवकर rwsgew@okhdfcbank वर रिफंड करा.",No,No,No
spam,"चुकून माझ्या खात्यातून तुमच्या खात्यात Rs.930 ट्रान्सफर झाले आहेत, लवकरात लवकर yomof@oksbi वर रिफंड करा.",No,No,No
spam,"National Scholarship Portal अलर्ट: तुम्ही योजनेअंतर्गत Rs.8,916 साठी पात्र आहात. दावा करण्यासाठी तुमचा आधार आणि बँक खाते क्रमांक शेअर करा.",No,No,No
spam,"मी चुकून तुमच्या Paytm वर Rs.57,675 पाठवले, कृपया हे या UPI ID वर परत करा: yfuzfc@axl",No,No,No
spam,तुमचे Bank of Baroda पर्सनल लोन Rs.679 चे पूर्व-मंजूर आहे. प्रक्रियेसाठी तुमचे बँक खाते आणि आधार तपशील शेअर करा.,No,No,No
spam,"हाय, मला वाटते मी दुसऱ्याला पेमेंट करताना चुकून तुम्हाला Rs.23,224 पाठवले. कृपया bkvehnj@paytm वर परत पाठवा, धन्यवाद.",No,No,No
spam,"हाय, मला वाटते मी दुसऱ्याला पेमेंट करताना चुकून तुम्हाला Rs.26,502 पाठवले. कृपया hhqybjre95@ibl वर परत पाठवा, धन्यवाद.",No,No,No
spam,"हाय, मला वाटते मी दुसऱ्याला पेमेंट करताना चुकून तुम्हाला Rs.735 पाठवले. कृपया ocxqr@oksbi वर परत पाठवा, धन्यवाद.",No,No,No
spam,"अभिनंदन, National Scholarship Portal अंतर्गत तुमचा अर्ज Rs.9,874 साठी मंजूर झाला आहे. वितरणासाठी तुमची बँक माहिती पाठवा.",No,No,No
spam,"तुमच्या विमा पॉलिसीची मुदतपूर्ती रक्कम Rs.84,496 तयार आहे. पेमेंट मिळवण्यासाठी तुमची बँक पासबुक माहिती पाठवा.",No,No,No
spam,PMAY: तुमचा शिष्यवृत्ती लाभ Rs.516 ट्रान्सफरसाठी तयार आहे. मिळवण्यासाठी तुमची बँक पासबुक माहिती सबमिट करा.,No,No,No
spam,"तुमचे Axis Bank पर्सनल लोन Rs.50,260 चे पूर्व-मंजूर आहे. प्रक्रियेसाठी तुमचे बँक खाते आणि आधार तपशील शेअर करा.",No,No,No
spam,"अभिनंदन, PMAY अंतर्गत तुमचा अर्ज Rs.37,421 साठी मंजूर झाला आहे. वितरणासाठी तुमची बँक माहिती पाठवा.",No,No,No
spam,"PMAY: तुमचा शिष्यवृत्ती लाभ Rs.9,987 ट्रान्सफरसाठी तयार आहे. मिळवण्यासाठी तुमची बँक पासबुक माहिती सबमिट करा.",No,No,No
spam,"हाय, मला वाटते मी दुसऱ्याला पेमेंट करताना चुकून तुम्हाला Rs.52,055 पाठवले. कृपया qecgw@paytm वर परत पाठवा, धन्यवाद.",No,No,No
spam,"माफ करा, मी चुकून चुकीच्या नंबरवर Rs.2,257 ट्रान्सफर केले, हे तुमचे खाते वाटते. कृपया igfnwvn@oksbi वर परत पाठवा.",No,No,No
spam,"तुमच्या विमा पॉलिसीची मुदतपूर्ती रक्कम Rs.5,552 तयार आहे. पेमेंट मिळवण्यासाठी तुमची बँक पासबुक माहिती पाठवा.",No,No,No
spam,"हाय, मला वाटते मी दुसऱ्याला पेमेंट करताना चुकून तुम्हाला Rs.82,764 पाठवले. कृपया itnqr@paytm वर परत पाठवा, धन्यवाद.",No,No,No
spam,"माफ करा, मी चुकून चुकीच्या नंबरवर Rs.27,341 ट्रान्सफर केले, हे तुमचे खाते वाटते. कृपया gpxgblr13@axl वर परत पाठवा.",No,No,No
spam,"माफ करा, मी चुकून चुकीच्या नंबरवर Rs.5,779 ट्रान्सफर केले, हे तुमचे खाते वाटते. कृपया jggrylsh18@okhdfcbank वर परत पाठवा.",No,No,No
spam,"मी चुकून तुमच्या Amazon Pay वर Rs.91,445 पाठवले, कृपया हे या UPI ID वर परत करा: xoxxfqar17@okhdfcbank",No,No,No
spam,"अभिनंदन, National Scholarship Portal अंतर्गत तुमचा अर्ज Rs.5,497 साठी मंजूर झाला आहे. वितरणासाठी तुमची बँक माहिती पाठवा.",No,No,No
spam,"चुकून माझ्या खात्यातून तुमच्या खात्यात Rs.7,790 ट्रान्सफर झाले आहेत, लवकरात लवकर sucllfes59@axl वर रिफंड करा.",No,No,No
spam,"Ayushman Bharat अलर्ट: तुम्ही योजनेअंतर्गत Rs.72,533 साठी पात्र आहात. दावा करण्यासाठी तुमचा आधार आणि बँक खाते क्रमांक शेअर करा.",No,No,No
spam,"मी चुकून तुमच्या PhonePe वर Rs.685 पाठवले, कृपया हे या UPI ID वर परत करा: rogcjrv19@paytm",No,No,No
spam,तुमचे Canara Bank पर्सनल लोन Rs.725 चे पूर्व-मंजूर आहे. प्रक्रियेसाठी तुमचे बँक खाते आणि आधार तपशील शेअर करा.,No,No,No
spam,"हाय, मला वाटते मी दुसऱ्याला पेमेंट करताना चुकून तुम्हाला Rs.671 पाठवले. कृपया ritlr@okicici वर परत पाठवा, धन्यवाद.",No,No,No
spam,"तुम्हाला HCL सोबत वर्क-फ्रॉम-होम जॉबसाठी निवडले आहे. Rs.3,672 चा जॉइनिंग बोनस मिळवण्यासाठी तुमची बँक माहिती शेअर करा.",No,No,No
spam,"तुमचे Punjab National Bank पर्सनल लोन Rs.5,832 चे पूर्व-मंजूर आहे. प्रक्रियेसाठी तुमचे बँक खाते आणि आधार तपशील शेअर करा.",No,No,No
spam,"तुमच्या विमा पॉलिसीची मुदतपूर्ती रक्कम Rs.5,274 तयार आहे. पेमेंट मिळवण्यासाठी तुमची बँक पासबुक माहिती पाठवा.",No,No,No
spam,"अभिनंदन, Ayushman Bharat अंतर्गत तुमचा अर्ज Rs.39,086 साठी मंजूर झाला आहे. वितरणासाठी तुमची बँक माहिती पाठवा.",No,No,No
spam,"तुमचे ICICI Bank पर्सनल लोन Rs.5,999 चे पूर्व-मंजूर आहे. प्रक्रियेसाठी तुमचे बँक खाते आणि आधार तपशील शेअर करा.",No,No,No
spam,"हाय, मला वाटते मी दुसऱ्याला पेमेंट करताना चुकून तुम्हाला Rs.7,483 पाठवले. कृपया bkrzl71@ybl वर परत पाठवा, धन्यवाद.",No,No,No
spam,"तुमचे Bank of Baroda पर्सनल लोन Rs.6,195 चे पूर्व-मंजूर आहे. प्रक्रियेसाठी तुमचे बँक खाते आणि आधार तपशील शेअर करा.",No,No,No
spam,"तुम्हाला Amazon सोबत वर्क-फ्रॉम-होम जॉबसाठी निवडले आहे. Rs.7,387 चा जॉइनिंग बोनस मिळवण्यासाठी तुमची बँक माहिती शेअर करा.",No,No,No
spam,"अभिनंदन, LPG Subsidy Scheme अंतर्गत तुमचा अर्ज Rs.882 साठी मंजूर झाला आहे. वितरणासाठी तुमची बँक माहिती पाठवा.",No,No,No
spam,"तुमच्या विमा पॉलिसीची मुदतपूर्ती रक्कम Rs.6,229 तयार आहे. पेमेंट मिळवण्यासाठी तुमची बँक पासबुक माहिती पाठवा.",No,No,No
spam,"माफ करा, मी चुकून चुकीच्या नंबरवर Rs.891 ट्रान्सफर केले, हे तुमचे खाते वाटते. कृपया fvfrw@okhdfcbank वर परत पाठवा.",No,No,No
spam,तुमच्या विमा पॉलिसीची मुदतपूर्ती रक्कम Rs.630 तयार आहे. पेमेंट मिळवण्यासाठी तुमची बँक पासबुक माहिती पाठवा.,No,No,No
spam,तुमच्या विमा पॉलिसीची मुदतपूर्ती रक्कम Rs.755 तयार आहे. पेमेंट मिळवण्यासाठी तुमची बँक पासबुक माहिती पाठवा.,No,No,No
spam,"अभिनंदन, PM Ujjwala Yojana अंतर्गत तुमचा अर्ज Rs.76,553 साठी मंजूर झाला आहे. वितरणासाठी तुमची बँक माहिती पाठवा.",No,No,No
spam,State Scholarship Scheme: तुमचा शिष्यवृत्ती लाभ Rs.820 ट्रान्सफरसाठी तयार आहे. मिळवण्यासाठी तुमची बँक पासबुक माहिती सबमिट करा.,No,No,No
spam,"माफ करा, मी चुकून चुकीच्या नंबरवर Rs.1,509 ट्रान्सफर केले, हे तुमचे खाते वाटते. कृपया lbmedl@axl वर परत पाठवा.",No,No,No
spam,"अभिनंदन, PM Kisan Samman Nidhi अंतर्गत तुमचा अर्ज Rs.94,619 साठी मंजूर झाला आहे. वितरणासाठी तुमची बँक माहिती पाठवा.",No,No,No
spam,"हाय, मला वाटते मी दुसऱ्याला पेमेंट करताना चुकून तुम्हाला Rs.699 पाठवले. कृपया lkdrqsq10@ibl वर परत पाठवा, धन्यवाद.",No,No,No
spam,"माफ करा, मी चुकून चुकीच्या नंबरवर Rs.990 ट्रान्सफर केले, हे तुमचे खाते वाटते. कृपया txijfrzc75@axl वर परत पाठवा.",No,No,No
spam,PM Ujjwala Yojana: तुमचा शिष्यवृत्ती लाभ Rs.770 ट्रान्सफरसाठी तयार आहे. मिळवण्यासाठी तुमची बँक पासबुक माहिती सबमिट करा.,No,No,No
spam,"चुकून माझ्या खात्यातून तुमच्या खात्यात Rs.3,076 ट्रान्सफर झाले आहेत, लवकरात लवकर dwhmynfi@okicici वर रिफंड करा.",No,No,No
spam,"तुमचे Axis Bank पर्सनल लोन Rs.64,826 चे पूर्व-मंजूर आहे. प्रक्रियेसाठी तुमचे बँक खाते आणि आधार तपशील शेअर करा.",No,No,No
spam,तुम्हाला HCL सोबत वर्क-फ्रॉम-होम जॉबसाठी निवडले आहे. Rs.588 चा जॉइनिंग बोनस मिळवण्यासाठी तुमची बँक माहिती शेअर करा.,No,No,No
spam,"तुमच्या विमा पॉलिसीची मुदतपूर्ती रक्कम Rs.2,925 तयार आहे. पेमेंट मिळवण्यासाठी तुमची बँक पासबुक माहिती पाठवा.",No,No,No
spam,"हाय, मला वाटते मी दुसऱ्याला पेमेंट करताना चुकून तुम्हाला Rs.7,918 पाठवले. कृपया vljkfcz46@paytm वर परत पाठवा, धन्यवाद.",No,No,No
spam,"तुमच्या विमा पॉलिसीची मुदतपूर्ती रक्कम Rs.88,438 तयार आहे. पेमेंट मिळवण्यासाठी तुमची बँक पासबुक माहिती पाठवा.",No,No,No
spam,"चुकून माझ्या खात्यातून तुमच्या खात्यात Rs.71,253 ट्रान्सफर झाले आहेत, लवकरात लवकर ckipskbt89@oksbi वर रिफंड करा.",No,No,No
spam,"चुकून माझ्या खात्यातून तुमच्या खात्यात Rs.852 ट्रान्सफर झाले आहेत, लवकरात लवकर xibjx22@ybl वर रिफंड करा.",No,No,No
spam,"अभिनंदन, State Scholarship Scheme अंतर्गत तुमचा अर्ज Rs.704 साठी मंजूर झाला आहे. वितरणासाठी तुमची बँक माहिती पाठवा.",No,No,No
spam,"माफ करा, मी चुकून चुकीच्या नंबरवर Rs.45,016 ट्रान्सफर केले, हे तुमचे खाते वाटते. कृपया hntjicjz@oksbi वर परत पाठवा.",No,No,No
spam,"तुम्हाला Infosys सोबत वर्क-फ्रॉम-होम जॉबसाठी निवडले आहे. Rs.7,644 चा जॉइनिंग बोनस मिळवण्यासाठी तुमची बँक माहिती शेअर करा.",No,No,No
spam,"अभिनंदन, LPG Subsidy Scheme अंतर्गत तुमचा अर्ज Rs.5,437 साठी मंजूर झाला आहे. वितरणासाठी तुमची बँक माहिती पाठवा.",No,No,No
spam,"तुम्हाला HCL सोबत वर्क-फ्रॉम-होम जॉबसाठी निवडले आहे. Rs.1,096 चा जॉइनिंग बोनस मिळवण्यासाठी तुमची बँक माहिती शेअर करा.",No,No,No
spam,"माफ करा, मी चुकून चुकीच्या नंबरवर Rs.3,191 ट्रान्सफर केले, हे तुमचे खाते वाटते. कृपया ybwvh@oksbi वर परत पाठवा.",No,No,No
spam,"माफ करा, मी चुकून चुकीच्या नंबरवर Rs.901 ट्रान्सफर केले, हे तुमचे खाते वाटते. कृपया igkrr82@okicici वर परत पाठवा.",No,No,No
spam,"अभिनंदन, PM Ujjwala Yojana अंतर्गत तुमचा अर्ज Rs.40,001 साठी मंजूर झाला आहे. वितरणासाठी तुमची बँक माहिती पाठवा.",No,No,No
spam,तुम्हाला Reliance सोबत वर्क-फ्रॉम-होम जॉबसाठी निवडले आहे. Rs.670 चा जॉइनिंग बोनस मिळवण्यासाठी तुमची बँक माहिती शेअर करा.,No,No,No
spam,"माफ करा, मी चुकून चुकीच्या नंबरवर Rs.98,927 ट्रान्सफर केले, हे तुमचे खाते वाटते. कृपया occcbcgp@okicici वर परत पाठवा.",No,No,No
spam,PM Ujjwala Yojana अलर्ट: तुम्ही योजनेअंतर्गत Rs.939 साठी पात्र आहात. दावा करण्यासाठी तुमचा आधार आणि बँक खाते क्रमांक शेअर करा.,No,No,No
spam,"LPG Subsidy Scheme अलर्ट: तुम्ही योजनेअंतर्गत Rs.12,491 साठी पात्र आहात. दावा करण्यासाठी तुमचा आधार आणि बँक खाते क्रमांक शेअर करा.",No,No,No
spam,"अभिनंदन, National Scholarship Portal अंतर्गत तुमचा अर्ज Rs.73,235 साठी मंजूर झाला आहे. वितरणासाठी तुमची बँक माहिती पाठवा.",No,No,No
spam,"मी चुकून तुमच्या PhonePe वर Rs.831 पाठवले, कृपया हे या UPI ID वर परत करा: lrcilu59@ybl",No,No,No
spam,"माफ करा, मी चुकून चुकीच्या नंबरवर Rs.3,993 ट्रान्सफर केले, हे तुमचे खाते वाटते. कृपया wpinspx@ibl वर परत पाठवा.",No,No,No
spam,"हाय, मला वाटते मी दुसऱ्याला पेमेंट करताना चुकून तुम्हाला Rs.66,433 पाठवले. कृपया uhhvsv@oksbi वर परत पाठवा, धन्यवाद.",No,No,No
spam,"माफ करा, मी चुकून चुकीच्या नंबरवर Rs.693 ट्रान्सफर केले, हे तुमचे खाते वाटते. कृपया iguequxm@oksbi वर परत पाठवा.",No,No,No
spam,"National Scholarship Portal अलर्ट: तुम्ही योजनेअंतर्गत Rs.4,918 साठी पात्र आहात. दावा करण्यासाठी तुमचा आधार आणि बँक खाते क्रमांक शेअर करा.",No,No,No
spam,"तुमचे Canara Bank पर्सनल लोन Rs.1,916 चे पूर्व-मंजूर आहे. प्रक्रियेसाठी तुमचे बँक खाते आणि आधार तपशील शेअर करा.",No,No,No
spam,"अभिनंदन, National Scholarship Portal अंतर्गत तुमचा अर्ज Rs.670 साठी मंजूर झाला आहे. वितरणासाठी तुमची बँक माहिती पाठवा.",No,No,No
spam,"अभिनंदन, LPG Subsidy Scheme अंतर्गत तुमचा अर्ज Rs.8,054 साठी मंजूर झाला आहे. वितरणासाठी तुमची बँक माहिती पाठवा.",No,No,No
spam,"हाय, मला वाटते मी दुसऱ्याला पेमेंट करताना चुकून तुम्हाला Rs.889 पाठवले. कृपया hfygj@axl वर परत पाठवा, धन्यवाद.",No,No,No
spam,"अभिनंदन, Post Matric Scholarship अंतर्गत तुमचा अर्ज Rs.71,184 साठी मंजूर झाला आहे. वितरणासाठी तुमची बँक माहिती पाठवा.",No,No,No
spam,"State Scholarship Scheme अलर्ट: तुम्ही योजनेअंतर्गत Rs.96,202 साठी पात्र आहात. दावा करण्यासाठी तुमचा आधार आणि बँक खाते क्रमांक शेअर करा.",No,No,No
spam,"Ayushman Bharat: तुमचा शिष्यवृत्ती लाभ Rs.65,065 ट्रान्सफरसाठी तयार आहे. मिळवण्यासाठी तुमची बँक पासबुक माहिती सबमिट करा.",No,No,No
spam,"Post Matric Scholarship: तुमचा शिष्यवृत्ती लाभ Rs.83,231 ट्रान्सफरसाठी तयार आहे. मिळवण्यासाठी तुमची बँक पासबुक माहिती सबमिट करा.",No,No,No
spam,"चुकून माझ्या खात्यातून तुमच्या खात्यात Rs.25,128 ट्रान्सफर झाले आहेत, लवकरात लवकर lqgbbj@oksbi वर रिफंड करा.",No,No,No
spam,"माफ करा, मी चुकून चुकीच्या नंबरवर Rs.29,597 ट्रान्सफर केले, हे तुमचे खाते वाटते. कृपया sragrtyy66@ibl वर परत पाठवा.",No,No,No
spam,"तुमचे Punjab National Bank पर्सनल लोन Rs.9,377 चे पूर्व-मंजूर आहे. प्रक्रियेसाठी तुमचे बँक खाते आणि आधार तपशील शेअर करा.",No,No,No
spam,"अभिनंदन, LPG Subsidy Scheme अंतर्गत तुमचा अर्ज Rs.19,631 साठी मंजूर झाला आहे. वितरणासाठी तुमची बँक माहिती पाठवा.",No,No,No
spam,"तुम्हाला Reliance सोबत वर्क-फ्रॉम-होम जॉबसाठी निवडले आहे. Rs.5,188 चा जॉइनिंग बोनस मिळवण्यासाठी तुमची बँक माहिती शेअर करा.",No,No,No
spam,"तुमच्या विमा पॉलिसीची मुदतपूर्ती रक्कम Rs.7,238 तयार आहे. पेमेंट मिळवण्यासाठी तुमची बँक पासबुक माहिती पाठवा.",No,No,No
spam,"चुकून माझ्या खात्यातून तुमच्या खात्यात Rs.80,017 ट्रान्सफर झाले आहेत, लवकरात लवकर eqjkxl37@paytm वर रिफंड करा.",No,No,No
spam,"मी चुकून तुमच्या PhonePe वर Rs.790 पाठवले, कृपया हे या UPI ID वर परत करा: hcnhp99@okhdfcbank",No,No,No
spam,"तुमच्या विमा पॉलिसीची मुदतपूर्ती रक्कम Rs.98,552 तयार आहे. पेमेंट मिळवण्यासाठी तुमची बँक पासबुक माहिती पाठवा.",No,No,No
spam,तुम्हाला HCL सोबत वर्क-फ्रॉम-होम जॉबसाठी निवडले आहे. Rs.977 चा जॉइनिंग बोनस मिळवण्यासाठी तुमची बँक माहिती शेअर करा.,No,No,No
spam,"तुमचे HDFC Bank पर्सनल लोन Rs.7,736 चे पूर्व-मंजूर आहे. प्रक्रियेसाठी तुमचे बँक खाते आणि आधार तपशील शेअर करा.",No,No,No
spam,"तुम्हाला Wipro सोबत वर्क-फ्रॉम-होम जॉबसाठी निवडले आहे. Rs.5,023 चा जॉइनिंग बोनस मिळवण्यासाठी तुमची बँक माहिती शेअर करा.",No,No,No
spam,National Scholarship Portal: तुमचा शिष्यवृत्ती लाभ Rs.868 ट्रान्सफरसाठी तयार आहे. मिळवण्यासाठी तुमची बँक पासबुक माहिती सबमिट करा.,No,No,No
spam,तुमच्या विमा पॉलिसीची मुदतपूर्ती रक्कम Rs.766 तयार आहे. पेमेंट मिळवण्यासाठी तुमची बँक पासबुक माहिती पाठवा.,No,No,No
spam,"हाय, मला वाटते मी दुसऱ्याला पेमेंट करताना चुकून तुम्हाला Rs.48,900 पाठवले. कृपया vierf@okhdfcbank वर परत पाठवा, धन्यवाद.",No,No,No
spam,"मी चुकून तुमच्या Amazon Pay वर Rs.75,654 पाठवले, कृपया हे या UPI ID वर परत करा: qwssg81@axl",No,No,No
spam,PMAY अलर्ट: तुम्ही योजनेअंतर्गत Rs.651 साठी पात्र आहात. दावा करण्यासाठी तुमचा आधार आणि बँक खाते क्रमांक शेअर करा.,No,No,No
spam,"हाय, मला वाटते मी दुसऱ्याला पेमेंट करताना चुकून तुम्हाला Rs.963 पाठवले. कृपया gncap@axl वर परत पाठवा, धन्यवाद.",No,No,No
spam,"PM Kisan Samman Nidhi: तुमचा शिष्यवृत्ती लाभ Rs.32,860 ट्रान्सफरसाठी तयार आहे. मिळवण्यासाठी तुमची बँक पासबुक माहिती सबमिट करा.",No,No,No
spam,"तुमच्या विमा पॉलिसीची मुदतपूर्ती रक्कम Rs.28,863 तयार आहे. पेमेंट मिळवण्यासाठी तुमची बँक पासबुक माहिती पाठवा.",No,No,No
spam,"PM Ujjwala Yojana अलर्ट: तुम्ही योजनेअंतर्गत Rs.2,074 साठी पात्र आहात. दावा करण्यासाठी तुमचा आधार आणि बँक खाते क्रमांक शेअर करा.",No,No,No
spam,PMAY अलर्ट: तुम्ही योजनेअंतर्गत Rs.643 साठी पात्र आहात. दावा करण्यासाठी तुमचा आधार आणि बँक खाते क्रमांक शेअर करा.,No,No,No
spam,"हाय, मला वाटते मी दुसऱ्याला पेमेंट करताना चुकून तुम्हाला Rs.51,041 पाठवले. कृपया ttbjlpr@axl वर परत पाठवा, धन्यवाद.",No,No,No
spam,"अभिनंदन, PM Kisan Samman Nidhi अंतर्गत तुमचा अर्ज Rs.25,311 साठी मंजूर झाला आहे. वितरणासाठी तुमची बँक माहिती पाठवा.",No,No,No
spam,"State Scholarship Scheme अलर्ट: तुम्ही योजनेअंतर्गत Rs.4,601 साठी पात्र आहात. दावा करण्यासाठी तुमचा आधार आणि बँक खाते क्रमांक शेअर करा.",No,No,No
spam,"अभिनंदन, National Scholarship Portal अंतर्गत तुमचा अर्ज Rs.84,073 साठी मंजूर झाला आहे. वितरणासाठी तुमची बँक माहिती पाठवा.",No,No,No
spam,"तुमच्या विमा पॉलिसीची मुदतपूर्ती रक्कम Rs.6,758 तयार आहे. पेमेंट मिळवण्यासाठी तुमची बँक पासबुक माहिती पाठवा.",No,No,No
spam,तुमचे Axis Bank पर्सनल लोन Rs.768 चे पूर्व-मंजूर आहे. प्रक्रियेसाठी तुमचे बँक खाते आणि आधार तपशील शेअर करा.,No,No,No
spam,"मी चुकून तुमच्या Paytm वर Rs.8,648 पाठवले, कृपया हे या UPI ID वर परत करा: anpnlq62@paytm",No,No,No
spam,"हाय, मला वाटते मी दुसऱ्याला पेमेंट करताना चुकून तुम्हाला Rs.813 पाठवले. कृपया bqddy@okicici वर परत पाठवा, धन्यवाद.",No,No,No
spam,"हाय, मला वाटते मी दुसऱ्याला पेमेंट करताना चुकून तुम्हाला Rs.28,995 पाठवले. कृपया nnqiiylg@ibl वर परत पाठवा, धन्यवाद.",No,No,No
spam,"तुमचे Axis Bank पर्सनल लोन Rs.54,816 चे पूर्व-मंजूर आहे. प्रक्रियेसाठी तुमचे बँक खाते आणि आधार तपशील शेअर करा.",No,No,No
spam,"हाय, मला वाटते मी दुसऱ्याला पेमेंट करताना चुकून तुम्हाला Rs.803 पाठवले. कृपया eruwgfs@paytm वर परत पाठवा, धन्यवाद.",No,No,No
spam,तुमच्या विमा पॉलिसीची मुदतपूर्ती रक्कम Rs.805 तयार आहे. पेमेंट मिळवण्यासाठी तुमची बँक पासबुक माहिती पाठवा.,No,No,No
spam,National Scholarship Portal अलर्ट: तुम्ही योजनेअंतर्गत Rs.843 साठी पात्र आहात. दावा करण्यासाठी तुमचा आधार आणि बँक खाते क्रमांक शेअर करा.,No,No,No
spam,"हाय, मला वाटते मी दुसऱ्याला पेमेंट करताना चुकून तुम्हाला Rs.515 पाठवले. कृपया fetzfv20@okicici वर परत पाठवा, धन्यवाद.",No,No,No
spam,"चुकून माझ्या खात्यातून तुमच्या खात्यात Rs.968 ट्रान्सफर झाले आहेत, लवकरात लवकर vzyltwu21@okicici वर रिफंड करा.",No,No,No
spam,"माफ करा, मी चुकून चुकीच्या नंबरवर Rs.2,081 ट्रान्सफर केले, हे तुमचे खाते वाटते. कृपया skrnany27@okhdfcbank वर परत पाठवा.",No,No,No
spam,"हाय, मला वाटते मी दुसऱ्याला पेमेंट करताना चुकून तुम्हाला Rs.819 पाठवले. कृपया jrmwgsw@axl वर परत पाठवा, धन्यवाद.",No,No,No
spam,"मी चुकून तुमच्या PhonePe वर Rs.739 पाठवले, कृपया हे या UPI ID वर परत करा: bxctmui80@okicici",No,No,No
spam,"मी चुकून तुमच्या PhonePe वर Rs.5,102 पाठवले, कृपया हे या UPI ID वर परत करा: hukkemd@okicici",No,No,No
spam,"हाय, मला वाटते मी दुसऱ्याला पेमेंट करताना चुकून तुम्हाला Rs.1,478 पाठवले. कृपया ixfceo79@paytm वर परत पाठवा, धन्यवाद.",No,No,No
spam,"मी चुकून तुमच्या Paytm वर Rs.77,275 पाठवले, कृपया हे या UPI ID वर परत करा: aqrpmzyv41@ybl",No,No,No
spam,"माफ करा, मी चुकून चुकीच्या नंबरवर Rs.34,363 ट्रान्सफर केले, हे तुमचे खाते वाटते. कृपया ofpsk@axl वर परत पाठवा.",No,No,No
spam,"National Scholarship Portal अलर्ट: तुम्ही योजनेअंतर्गत Rs.84,357 साठी पात्र आहात. दावा करण्यासाठी तुमचा आधार आणि बँक खाते क्रमांक शेअर करा.",No,No,No
spam,"चुकून माझ्या खात्यातून तुमच्या खात्यात Rs.1,508 ट्रान्सफर झाले आहेत, लवकरात लवकर iaqdwvo@axl वर रिफंड करा.",No,No,No
spam,"तुमच्या विमा पॉलिसीची मुदतपूर्ती रक्कम Rs.6,817 तयार आहे. पेमेंट मिळवण्यासाठी तुमची बँक पासबुक माहिती पाठवा.",No,No,No
spam,LPG Subsidy Scheme अलर्ट: तुम्ही योजनेअंतर्गत Rs.820 साठी पात्र आहात. दावा करण्यासाठी तुमचा आधार आणि बँक खाते क्रमांक शेअर करा.,No,No,No
spam,"तुमचे SBI पर्सनल लोन Rs.8,785 चे पूर्व-मंजूर आहे. प्रक्रियेसाठी तुमचे बँक खाते आणि आधार तपशील शेअर करा.",No,No,No
spam,"मी चुकून तुमच्या Paytm वर Rs.9,658 पाठवले, कृपया हे या UPI ID वर परत करा: xzevfhpa@okicici",No,No,No
spam,"अभिनंदन, LPG Subsidy Scheme अंतर्गत तुमचा अर्ज Rs.5,182 साठी मंजूर झाला आहे. वितरणासाठी तुमची बँक माहिती पाठवा.",No,No,No
spam,"चुकून माझ्या खात्यातून तुमच्या खात्यात Rs.15,768 ट्रान्सफर झाले आहेत, लवकरात लवकर afuvjt@okhdfcbank वर रिफंड करा.",No,No,No
spam,तुमचे Kotak Mahindra Bank पर्सनल लोन Rs.500 चे पूर्व-मंजूर आहे. प्रक्रियेसाठी तुमचे बँक खाते आणि आधार तपशील शेअर करा.,No,No,No
spam,State Scholarship Scheme: तुमचा शिष्यवृत्ती लाभ Rs.607 ट्रान्सफरसाठी तयार आहे. मिळवण्यासाठी तुमची बँक पासबुक माहिती सबमिट करा.,No,No,No
spam,"अभिनंदन, State Scholarship Scheme अंतर्गत तुमचा अर्ज Rs.8,920 साठी मंजूर झाला आहे. वितरणासाठी तुमची बँक माहिती पाठवा.",No,No,No
spam,"तुमच्या विमा पॉलिसीची मुदतपूर्ती रक्कम Rs.1,399 तयार आहे. पेमेंट मिळवण्यासाठी तुमची बँक पासबुक माहिती पाठवा.",No,No,No
spam,"चुकून माझ्या खात्यातून तुमच्या खात्यात Rs.717 ट्रान्सफर झाले आहेत, लवकरात लवकर zeoipt@axl वर रिफंड करा.",No,No,No
spam,"तुमचे Axis Bank पर्सनल लोन Rs.69,367 चे पूर्व-मंजूर आहे. प्रक्रियेसाठी तुमचे बँक खाते आणि आधार तपशील शेअर करा.",No,No,No
spam,"तुमचे ICICI Bank पर्सनल लोन Rs.99,625 चे पूर्व-मंजूर आहे. प्रक्रियेसाठी तुमचे बँक खाते आणि आधार तपशील शेअर करा.",No,No,No
spam,"Ayushman Bharat अलर्ट: तुम्ही योजनेअंतर्गत Rs.2,427 साठी पात्र आहात. दावा करण्यासाठी तुमचा आधार आणि बँक खाते क्रमांक शेअर करा.",No,No,No
spam,"तुम्हाला Infosys सोबत वर्क-फ्रॉम-होम जॉबसाठी निवडले आहे. Rs.52,332 चा जॉइनिंग बोनस मिळवण्यासाठी तुमची बँक माहिती शेअर करा.",No,No,No
spam,"LPG Subsidy Scheme अलर्ट: तुम्ही योजनेअंतर्गत Rs.5,288 साठी पात्र आहात. दावा करण्यासाठी तुमचा आधार आणि बँक खाते क्रमांक शेअर करा.",No,No,No
spam,तुमच्या विमा पॉलिसीची मुदतपूर्ती रक्कम Rs.736 तयार आहे. पेमेंट मिळवण्यासाठी तुमची बँक पासबुक माहिती पाठवा.,No,No,No
spam,"हाय, मला वाटते मी दुसऱ्याला पेमेंट करताना चुकून तुम्हाला Rs.8,121 पाठवले. कृपया qwiqler@ybl वर परत पाठवा, धन्यवाद.",No,No,No
spam,"मी चुकून तुमच्या PhonePe वर Rs.856 पाठवले, कृपया हे या UPI ID वर परत करा: ojqld@oksbi",No,No,No
spam,"State Scholarship Scheme: तुमचा शिष्यवृत्ती लाभ Rs.7,839 ट्रान्सफरसाठी तयार आहे. मिळवण्यासाठी तुमची बँक पासबुक माहिती सबमिट करा.",No,No,No
spam,"तुम्हाला Wipro सोबत वर्क-फ्रॉम-होम जॉबसाठी निवडले आहे. Rs.77,567 चा जॉइनिंग बोनस मिळवण्यासाठी तुमची बँक माहिती शेअर करा.",No,No,No
spam,"तुम्हाला TCS सोबत वर्क-फ्रॉम-होम जॉबसाठी निवडले आहे. Rs.8,546 चा जॉइनिंग बोनस मिळवण्यासाठी तुमची बँक माहिती शेअर करा.",No,No,No
spam,तुम्हाला HCL सोबत वर्क-फ्रॉम-होम जॉबसाठी निवडले आहे. Rs.714 चा जॉइनिंग बोनस मिळवण्यासाठी तुमची बँक माहिती शेअर करा.,No,No,No
spam,"अभिनंदन, PMAY अंतर्गत तुमचा अर्ज Rs.77,565 साठी मंजूर झाला आहे. वितरणासाठी तुमची बँक माहिती पाठवा.",No,No,No
spam,"चुकून माझ्या खात्यातून तुमच्या खात्यात Rs.3,816 ट्रान्सफर झाले आहेत, लवकरात लवकर glqap@oksbi वर रिफंड करा.",No,No,No
spam,"माफ करा, मी चुकून चुकीच्या नंबरवर Rs.888 ट्रान्सफर केले, हे तुमचे खाते वाटते. कृपया jkdjrj98@okicici वर परत पाठवा.",No,No,No
spam,"मी चुकून तुमच्या Google Pay वर Rs.77,707 पाठवले, कृपया हे या UPI ID वर परत करा: uvtwpxy11@oksbi",No,No,No
spam,"चुकून माझ्या खात्यातून तुमच्या खात्यात Rs.738 ट्रान्सफर झाले आहेत, लवकरात लवकर emeqjkz62@ybl वर रिफंड करा.",No,No,No
spam,"हाय, मला वाटते मी दुसऱ्याला पेमेंट करताना चुकून तुम्हाला Rs.78,114 पाठवले. कृपया lvhclbjd28@oksbi वर परत पाठवा, धन्यवाद.",No,No,No
spam,"तुमचे Canara Bank पर्सनल लोन Rs.31,032 चे पूर्व-मंजूर आहे. प्रक्रियेसाठी तुमचे बँक खाते आणि आधार तपशील शेअर करा.",No,No,No
spam,"तुमचे HDFC Bank पर्सनल लोन Rs.16,252 चे पूर्व-मंजूर आहे. प्रक्रियेसाठी तुमचे बँक खाते आणि आधार तपशील शेअर करा.",No,No,No
spam,"तुमचे ICICI Bank पर्सनल लोन Rs.4,627 चे पूर्व-मंजूर आहे. प्रक्रियेसाठी तुमचे बँक खाते आणि आधार तपशील शेअर करा.",No,No,No
spam,"तुमच्या विमा पॉलिसीची मुदतपूर्ती रक्कम Rs.59,294 तयार आहे. पेमेंट मिळवण्यासाठी तुमची बँक पासबुक माहिती पाठवा.",No,No,No
spam,"माफ करा, मी चुकून चुकीच्या नंबरवर Rs.814 ट्रान्सफर केले, हे तुमचे खाते वाटते. कृपया jrsbka69@ibl वर परत पाठवा.",No,No,No
spam,तुम्हाला Reliance सोबत वर्क-फ्रॉम-होम जॉबसाठी निवडले आहे. Rs.826 चा जॉइनिंग बोनस मिळवण्यासाठी तुमची बँक माहिती शेअर करा.,No,No,No
spam,"तुम्हाला Amazon सोबत वर्क-फ्रॉम-होम जॉबसाठी निवडले आहे. Rs.5,240 चा जॉइनिंग बोनस मिळवण्यासाठी तुमची बँक माहिती शेअर करा.",No,No,No
spam,"Post Matric Scholarship अलर्ट: तुम्ही योजनेअंतर्गत Rs.67,627 साठी पात्र आहात. दावा करण्यासाठी तुमचा आधार आणि बँक खाते क्रमांक शेअर करा.",No,No,No
spam,"हाय, मला वाटते मी दुसऱ्याला पेमेंट करताना चुकून तुम्हाला Rs.1,803 पाठवले. कृपया pypgd33@axl वर परत पाठवा, धन्यवाद.",No,No,No
spam,Ayushman Bharat: तुमचा शिष्यवृत्ती लाभ Rs.585 ट्रान्सफरसाठी तयार आहे. मिळवण्यासाठी तुमची बँक पासबुक माहिती सबमिट करा.,No,No,No
spam,"तुमचे SBI पर्सनल लोन Rs.17,021 चे पूर्व-मंजूर आहे. प्रक्रियेसाठी तुमचे बँक खाते आणि आधार तपशील शेअर करा.",No,No,No
spam,"तुमचे Axis Bank पर्सनल लोन Rs.6,247 चे पूर्व-मंजूर आहे. प्रक्रियेसाठी तुमचे बँक खाते आणि आधार तपशील शेअर करा.",No,No,No
spam,"माफ करा, मी चुकून चुकीच्या नंबरवर Rs.889 ट्रान्सफर केले, हे तुमचे खाते वाटते. कृपया hovop56@axl वर परत पाठवा.",No,No,No
spam,"चुकून माझ्या खात्यातून तुमच्या खात्यात Rs.93,698 ट्रान्सफर झाले आहेत, लवकरात लवकर turkj@okhdfcbank वर रिफंड करा.",No,No,No
spam,तुम्हाला Infosys सोबत वर्क-फ्रॉम-होम जॉबसाठी निवडले आहे. Rs.726 चा जॉइनिंग बोनस मिळवण्यासाठी तुमची बँक माहिती शेअर करा.,No,No,No
spam,"माफ करा, मी चुकून चुकीच्या नंबरवर Rs.58,095 ट्रान्सफर केले, हे तुमचे खाते वाटते. कृपया ateqosae35@oksbi वर परत पाठवा.",No,No,No
spam,"तुमच्या विमा पॉलिसीची मुदतपूर्ती रक्कम Rs.2,118 तयार आहे. पेमेंट मिळवण्यासाठी तुमची बँक पासबुक माहिती पाठवा.",No,No,No
spam,"तुम्हाला Wipro सोबत वर्क-फ्रॉम-होम जॉबसाठी निवडले आहे. Rs.8,413 चा जॉइनिंग बोनस मिळवण्यासाठी तुमची बँक माहिती शेअर करा.",No,No,No
spam,तुमचे Canara Bank पर्सनल लोन Rs.832 चे पूर्व-मंजूर आहे. प्रक्रियेसाठी तुमचे बँक खाते आणि आधार तपशील शेअर करा.,No,No,No
spam,Post Matric Scholarship अलर्ट: तुम्ही योजनेअंतर्गत Rs.953 साठी पात्र आहात. दावा करण्यासाठी तुमचा आधार आणि बँक खाते क्रमांक शेअर करा.,No,No,No
spam,"मी चुकून तुमच्या Google Pay वर Rs.893 पाठवले, कृपया हे या UPI ID वर परत करा: vtcjpqsm78@axl",No,No,No
spam,"तुमचे Kotak Mahindra Bank पर्सनल लोन Rs.89,444 चे पूर्व-मंजूर आहे. प्रक्रियेसाठी तुमचे बँक खाते आणि आधार तपशील शेअर करा.",No,No,No
spam,"PMAY अलर्ट: तुम्ही योजनेअंतर्गत Rs.83,127 साठी पात्र आहात. दावा करण्यासाठी तुमचा आधार आणि बँक खाते क्रमांक शेअर करा.",No,No,No
spam,"हाय, मला वाटते मी दुसऱ्याला पेमेंट करताना चुकून तुम्हाला Rs.43,876 पाठवले. कृपया nhbqozr@ybl वर परत पाठवा, धन्यवाद.",No,No,No
spam,"हाय, मला वाटते मी दुसऱ्याला पेमेंट करताना चुकून तुम्हाला Rs.992 पाठवले. कृपया ekekkfva@okhdfcbank वर परत पाठवा, धन्यवाद.",No,No,No
spam,"मी चुकून तुमच्या Google Pay वर Rs.13,218 पाठवले, कृपया हे या UPI ID वर परत करा: cqsazyxy@paytm",No,No,No
spam,"अभिनंदन, State Scholarship Scheme अंतर्गत तुमचा अर्ज Rs.94,609 साठी मंजूर झाला आहे. वितरणासाठी तुमची बँक माहिती पाठवा.",No,No,No
spam,"तुमचे Punjab National Bank पर्सनल लोन Rs.9,116 चे पूर्व-मंजूर आहे. प्रक्रियेसाठी तुमचे बँक खाते आणि आधार तपशील शेअर करा.",No,No,No
spam,"Post Matric Scholarship: तुमचा शिष्यवृत्ती लाभ Rs.7,685 ट्रान्सफरसाठी तयार आहे. मिळवण्यासाठी तुमची बँक पासबुक माहिती सबमिट करा.",No,No,No
spam,"Post Matric Scholarship: तुमचा शिष्यवृत्ती लाभ Rs.72,395 ट्रान्सफरसाठी तयार आहे. मिळवण्यासाठी तुमची बँक पासबुक माहिती सबमिट करा.",No,No,No
spam,"हाय, मला वाटते मी दुसऱ्याला पेमेंट करताना चुकून तुम्हाला Rs.4,298 पाठवले. कृपया klhlhvh@okhdfcbank वर परत पाठवा, धन्यवाद.",No,No,No
spam,"National Scholarship Portal अलर्ट: तुम्ही योजनेअंतर्गत Rs.7,233 साठी पात्र आहात. दावा करण्यासाठी तुमचा आधार आणि बँक खाते क्रमांक शेअर करा.",No,No,No
spam,"मी चुकून तुमच्या Amazon Pay वर Rs.6,836 पाठवले, कृपया हे या UPI ID वर परत करा: ioxqck@axl",No,No,No
spam,"तुम्हाला Flipkart सोबत वर्क-फ्रॉम-होम जॉबसाठी निवडले आहे. Rs.15,772 चा जॉइनिंग बोनस मिळवण्यासाठी तुमची बँक माहिती शेअर करा.",No,No,No
spam,"तुमचे SBI पर्सनल लोन Rs.71,650 चे पूर्व-मंजूर आहे. प्रक्रियेसाठी तुमचे बँक खाते आणि आधार तपशील शेअर करा.",No,No,No
spam,"चुकून माझ्या खात्यातून तुमच्या खात्यात Rs.8,387 ट्रान्सफर झाले आहेत, लवकरात लवकर focxm@oksbi वर रिफंड करा.",No,No,No
spam,"हाय, मला वाटते मी दुसऱ्याला पेमेंट करताना चुकून तुम्हाला Rs.6,195 पाठवले. कृपया ihpjgwys19@oksbi वर परत पाठवा, धन्यवाद.",No,No,No
spam,"हाय, मला वाटते मी दुसऱ्याला पेमेंट करताना चुकून तुम्हाला Rs.94,656 पाठवले. कृपया dqzidtr@okhdfcbank वर परत पाठवा, धन्यवाद.",No,No,No
spam,"माफ करा, मी चुकून चुकीच्या नंबरवर Rs.927 ट्रान्सफर केले, हे तुमचे खाते वाटते. कृपया tandjz98@ybl वर परत पाठवा.",No,No,No
spam,"माफ करा, मी चुकून चुकीच्या नंबरवर Rs.86,363 ट्रान्सफर केले, हे तुमचे खाते वाटते. कृपया iibtuf12@ibl वर परत पाठवा.",No,No,No
spam,"तुमच्या विमा पॉलिसीची मुदतपूर्ती रक्कम Rs.74,423 तयार आहे. पेमेंट मिळवण्यासाठी तुमची बँक पासबुक माहिती पाठवा.",No,No,No
spam,"हाय, मला वाटते मी दुसऱ्याला पेमेंट करताना चुकून तुम्हाला Rs.518 पाठवले. कृपया kawffvzn@oksbi वर परत पाठवा, धन्यवाद.",No,No,No
spam,तुमचे Canara Bank पर्सनल लोन Rs.766 चे पूर्व-मंजूर आहे. प्रक्रियेसाठी तुमचे बँक खाते आणि आधार तपशील शेअर करा.,No,No,No
spam,"हाय, मला वाटते मी दुसऱ्याला पेमेंट करताना चुकून तुम्हाला Rs.35,058 पाठवले. कृपया qyfqm@axl वर परत पाठवा, धन्यवाद.",No,No,No
spam,PMAY: तुमचा शिष्यवृत्ती लाभ Rs.724 ट्रान्सफरसाठी तयार आहे. मिळवण्यासाठी तुमची बँक पासबुक माहिती सबमिट करा.,No,No,No
spam,"तुम्हाला Wipro सोबत वर्क-फ्रॉम-होम जॉबसाठी निवडले आहे. Rs.61,005 चा जॉइनिंग बोनस मिळवण्यासाठी तुमची बँक माहिती शेअर करा.",No,No,No
spam,"तुमचे HDFC Bank पर्सनल लोन Rs.86,749 चे पूर्व-मंजूर आहे. प्रक्रियेसाठी तुमचे बँक खाते आणि आधार तपशील शेअर करा.",No,No,No
spam,"माफ करा, मी चुकून चुकीच्या नंबरवर Rs.42,863 ट्रान्सफर केले, हे तुमचे खाते वाटते. कृपया pdudldnc@oksbi वर परत पाठवा.",No,No,No
spam,"हाय, मला वाटते मी दुसऱ्याला पेमेंट करताना चुकून तुम्हाला Rs.877 पाठवले. कृपया eqmlz@axl वर परत पाठवा, धन्यवाद.",No,No,No
spam,"PM Ujjwala Yojana अलर्ट: तुम्ही योजनेअंतर्गत Rs.86,651 साठी पात्र आहात. दावा करण्यासाठी तुमचा आधार आणि बँक खाते क्रमांक शेअर करा.",No,No,No
spam,"चुकून माझ्या खात्यातून तुमच्या खात्यात Rs.3,956 ट्रान्सफर झाले आहेत, लवकरात लवकर fcpgjv77@paytm वर रिफंड करा.",No,No,No
spam,"अभिनंदन, LPG Subsidy Scheme अंतर्गत तुमचा अर्ज Rs.43,308 साठी मंजूर झाला आहे. वितरणासाठी तुमची बँक माहिती पाठवा.",No,No,No
spam,"हाय, मला वाटते मी दुसऱ्याला पेमेंट करताना चुकून तुम्हाला Rs.7,325 पाठवले. कृपया sziet47@paytm वर परत पाठवा, धन्यवाद.",No,No,No
spam,"तुम्हाला Wipro सोबत वर्क-फ्रॉम-होम जॉबसाठी निवडले आहे. Rs.97,778 चा जॉइनिंग बोनस मिळवण्यासाठी तुमची बँक माहिती शेअर करा.",No,No,No
spam,"अभिनंदन, PM Kisan Samman Nidhi अंतर्गत तुमचा अर्ज Rs.35,749 साठी मंजूर झाला आहे. वितरणासाठी तुमची बँक माहिती पाठवा.",No,No,No
spam,"PMAY: तुमचा शिष्यवृत्ती लाभ Rs.62,656 ट्रान्सफरसाठी तयार आहे. मिळवण्यासाठी तुमची बँक पासबुक माहिती सबमिट करा.",No,No,No
spam,"मी चुकून तुमच्या Google Pay वर Rs.25,110 पाठवले, कृपया हे या UPI ID वर परत करा: gjkobj69@oksbi",No,No,No
spam,"तुमचे Bank of Baroda पर्सनल लोन Rs.6,121 चे पूर्व-मंजूर आहे. प्रक्रियेसाठी तुमचे बँक खाते आणि आधार तपशील शेअर करा.",No,No,No
spam,"चुकून माझ्या खात्यातून तुमच्या खात्यात Rs.4,178 ट्रान्सफर झाले आहेत, लवकरात लवकर uzhiql@paytm वर रिफंड करा.",No,No,No
spam,"तुमचे Axis Bank पर्सनल लोन Rs.41,376 चे पूर्व-मंजूर आहे. प्रक्रियेसाठी तुमचे बँक खाते आणि आधार तपशील शेअर करा.",No,No,No
spam,"हाय, मला वाटते मी दुसऱ्याला पेमेंट करताना चुकून तुम्हाला Rs.69,758 पाठवले. कृपया njvusva13@ibl वर परत पाठवा, धन्यवाद.",No,No,No
spam,"चुकून माझ्या खात्यातून तुमच्या खात्यात Rs.855 ट्रान्सफर झाले आहेत, लवकरात लवकर zsmjhoer78@oksbi वर रिफंड करा.",No,No,No
spam,"हाय, मला वाटते मी दुसऱ्याला पेमेंट करताना चुकून तुम्हाला Rs.549 पाठवले. कृपया qidwkc@oksbi वर परत पाठवा, धन्यवाद.",No,No,No
spam,"माफ करा, मी चुकून चुकीच्या नंबरवर Rs.811 ट्रान्सफर केले, हे तुमचे खाते वाटते. कृपया ozgzx@ybl वर परत पाठवा.",No,No,No
spam,"माफ करा, मी चुकून चुकीच्या नंबरवर Rs.25,651 ट्रान्सफर केले, हे तुमचे खाते वाटते. कृपया iqjdwi44@ibl वर परत पाठवा.",No,No,No
spam,"तुमच्या विमा पॉलिसीची मुदतपूर्ती रक्कम Rs.58,459 तयार आहे. पेमेंट मिळवण्यासाठी तुमची बँक पासबुक माहिती पाठवा.",No,No,No
spam,"अभिनंदन, LPG Subsidy Scheme अंतर्गत तुमचा अर्ज Rs.38,575 साठी मंजूर झाला आहे. वितरणासाठी तुमची बँक माहिती पाठवा.",No,No,No
spam,"चुकून माझ्या खात्यातून तुमच्या खात्यात Rs.762 ट्रान्सफर झाले आहेत, लवकरात लवकर koqdk@ybl वर रिफंड करा.",No,No,No
spam,"अभिनंदन, PMAY अंतर्गत तुमचा अर्ज Rs.5,749 साठी मंजूर झाला आहे. वितरणासाठी तुमची बँक माहिती पाठवा.",No,No,No
spam,Ayushman Bharat अलर्ट: तुम्ही योजनेअंतर्गत Rs.986 साठी पात्र आहात. दावा करण्यासाठी तुमचा आधार आणि बँक खाते क्रमांक शेअर करा.,No,No,No
spam,"चुकून माझ्या खात्यातून तुमच्या खात्यात Rs.69,471 ट्रान्सफर झाले आहेत, लवकरात लवकर ohkan67@okicici वर रिफंड करा.",No,No,No
spam,"चुकून माझ्या खात्यातून तुमच्या खात्यात Rs.627 ट्रान्सफर झाले आहेत, लवकरात लवकर bstimct97@oksbi वर रिफंड करा.",No,No,No
spam,"माफ करा, मी चुकून चुकीच्या नंबरवर Rs.38,086 ट्रान्सफर केले, हे तुमचे खाते वाटते. कृपया fhigclgf35@okicici वर परत पाठवा.",No,No,No
spam,"हाय, मला वाटते मी दुसऱ्याला पेमेंट करताना चुकून तुम्हाला Rs.704 पाठवले. कृपया dtllke@oksbi वर परत पाठवा, धन्यवाद.",No,No,No
spam,"माफ करा, मी चुकून चुकीच्या नंबरवर Rs.88,463 ट्रान्सफर केले, हे तुमचे खाते वाटते. कृपया ocfcwnhi88@oksbi वर परत पाठवा.",No,No,No
spam,"मी चुकून तुमच्या Paytm वर Rs.889 पाठवले, कृपया हे या UPI ID वर परत करा: jptrr76@paytm",No,No,No
spam,"चुकून माझ्या खात्यातून तुमच्या खात्यात Rs.82,810 ट्रान्सफर झाले आहेत, लवकरात लवकर wvvzaiek@okicici वर रिफंड करा.",No,No,No
spam,"मी चुकून तुमच्या Amazon Pay वर Rs.837 पाठवले, कृपया हे या UPI ID वर परत करा: wmrsnisy99@ybl",No,No,No
spam,"माफ करा, मी चुकून चुकीच्या नंबरवर Rs.60,095 ट्रान्सफर केले, हे तुमचे खाते वाटते. कृपया xpgjuc27@okicici वर परत पाठवा.",No,No,No
spam,PMAY: तुमचा शिष्यवृत्ती लाभ Rs.598 ट्रान्सफरसाठी तयार आहे. मिळवण्यासाठी तुमची बँक पासबुक माहिती सबमिट करा.,No,No,No
spam,तुमचे Punjab National Bank पर्सनल लोन Rs.743 चे पूर्व-मंजूर आहे. प्रक्रियेसाठी तुमचे बँक खाते आणि आधार तपशील शेअर करा.,No,No,No
spam,तुमचे SBI पर्सनल लोन Rs.850 चे पूर्व-मंजूर आहे. प्रक्रियेसाठी तुमचे बँक खाते आणि आधार तपशील शेअर करा.,No,No,No
spam,"तुमचे SBI पर्सनल लोन Rs.13,324 चे पूर्व-मंजूर आहे. प्रक्रियेसाठी तुमचे बँक खाते आणि आधार तपशील शेअर करा.",No,No,No
spam,Post Matric Scholarship अलर्ट: तुम्ही योजनेअंतर्गत Rs.905 साठी पात्र आहात. दावा करण्यासाठी तुमचा आधार आणि बँक खाते क्रमांक शेअर करा.,No,No,No
spam,"माफ करा, मी चुकून चुकीच्या नंबरवर Rs.54,726 ट्रान्सफर केले, हे तुमचे खाते वाटते. कृपया pdqeq@ybl वर परत पाठवा.",No,No,No
spam,"PM Kisan Samman Nidhi अलर्ट: तुम्ही योजनेअंतर्गत Rs.90,199 साठी पात्र आहात. दावा करण्यासाठी तुमचा आधार आणि बँक खाते क्रमांक शेअर करा.",No,No,No
spam,"मी चुकून तुमच्या PhonePe वर Rs.2,241 पाठवले, कृपया हे या UPI ID वर परत करा: kbnapj67@ybl",No,No,No
spam,तुमचे Bank of Baroda पर्सनल लोन Rs.626 चे पूर्व-मंजूर आहे. प्रक्रियेसाठी तुमचे बँक खाते आणि आधार तपशील शेअर करा.,No,No,No
spam,"चुकून माझ्या खात्यातून तुमच्या खात्यात Rs.37,690 ट्रान्सफर झाले आहेत, लवकरात लवकर yurmxwl@ybl वर रिफंड करा.",No,No,No
spam,"मी चुकून तुमच्या PhonePe वर Rs.2,749 पाठवले, कृपया हे या UPI ID वर परत करा: tstwtn@okhdfcbank",No,No,No
spam,"PM Ujjwala Yojana: तुमचा शिष्यवृत्ती लाभ Rs.4,071 ट्रान्सफरसाठी तयार आहे. मिळवण्यासाठी तुमची बँक पासबुक माहिती सबमिट करा.",No,No,No
spam,तुम्हाला Reliance सोबत वर्क-फ्रॉम-होम जॉबसाठी निवडले आहे. Rs.502 चा जॉइनिंग बोनस मिळवण्यासाठी तुमची बँक माहिती शेअर करा.,No,No,No
spam,"तुमच्या विमा पॉलिसीची मुदतपूर्ती रक्कम Rs.73,607 तयार आहे. पेमेंट मिळवण्यासाठी तुमची बँक पासबुक माहिती पाठवा.",No,No,No
spam,तुम्हाला Wipro सोबत वर्क-फ्रॉम-होम जॉबसाठी निवडले आहे. Rs.856 चा जॉइनिंग बोनस मिळवण्यासाठी तुमची बँक माहिती शेअर करा.,No,No,No
spam,"अभिनंदन, PM Ujjwala Yojana अंतर्गत तुमचा अर्ज Rs.5,206 साठी मंजूर झाला आहे. वितरणासाठी तुमची बँक माहिती पाठवा.",No,No,No
spam,"चुकून माझ्या खात्यातून तुमच्या खात्यात Rs.741 ट्रान्सफर झाले आहेत, लवकरात लवकर wwvwyg63@okhdfcbank वर रिफंड करा.",No,No,No
spam,"मी चुकून तुमच्या Google Pay वर Rs.25,636 पाठवले, कृपया हे या UPI ID वर परत करा: ouppx@ibl",No,No,No
spam,PMAY: तुमचा शिष्यवृत्ती लाभ Rs.600 ट्रान्सफरसाठी तयार आहे. मिळवण्यासाठी तुमची बँक पासबुक माहिती सबमिट करा.,No,No,No
spam,"तुम्हाला Wipro सोबत वर्क-फ्रॉम-होम जॉबसाठी निवडले आहे. Rs.39,857 चा जॉइनिंग बोनस मिळवण्यासाठी तुमची बँक माहिती शेअर करा.",No,No,No
spam,"चुकून माझ्या खात्यातून तुमच्या खात्यात Rs.982 ट्रान्सफर झाले आहेत, लवकरात लवकर kpdqrvek@axl वर रिफंड करा.",No,No,No
spam,तुमच्या विमा पॉलिसीची मुदतपूर्ती रक्कम Rs.775 तयार आहे. पेमेंट मिळवण्यासाठी तुमची बँक पासबुक माहिती पाठवा.,No,No,No
spam,"तुमच्या विमा पॉलिसीची मुदतपूर्ती रक्कम Rs.9,105 तयार आहे. पेमेंट मिळवण्यासाठी तुमची बँक पासबुक माहिती पाठवा.",No,No,No
spam,"अभिनंदन, State Scholarship Scheme अंतर्गत तुमचा अर्ज Rs.731 साठी मंजूर झाला आहे. वितरणासाठी तुमची बँक माहिती पाठवा.",No,No,No
spam,"हाय, मला वाटते मी दुसऱ्याला पेमेंट करताना चुकून तुम्हाला Rs.78,171 पाठवले. कृपया bdptd@paytm वर परत पाठवा, धन्यवाद.",No,No,No
spam,"हाय, मला वाटते मी दुसऱ्याला पेमेंट करताना चुकून तुम्हाला Rs.95,306 पाठवले. कृपया efzxijiv@oksbi वर परत पाठवा, धन्यवाद.",No,No,No
spam,"PM Kisan Samman Nidhi: तुमचा शिष्यवृत्ती लाभ Rs.30,627 ट्रान्सफरसाठी तयार आहे. मिळवण्यासाठी तुमची बँक पासबुक माहिती सबमिट करा.",No,No,No
spam,"Ayushman Bharat अलर्ट: तुम्ही योजनेअंतर्गत Rs.8,394 साठी पात्र आहात. दावा करण्यासाठी तुमचा आधार आणि बँक खाते क्रमांक शेअर करा.",No,No,No
spam,"तुम्हाला Wipro सोबत वर्क-फ्रॉम-होम जॉबसाठी निवडले आहे. Rs.88,222 चा जॉइनिंग बोनस मिळवण्यासाठी तुमची बँक माहिती शेअर करा.",No,No,No
spam,तुमच्या विमा पॉलिसीची मुदतपूर्ती रक्कम Rs.729 तयार आहे. पेमेंट मिळवण्यासाठी तुमची बँक पासबुक माहिती पाठवा.,No,No,No
spam,"LPG Subsidy Scheme: तुमचा शिष्यवृत्ती लाभ Rs.2,108 ट्रान्सफरसाठी तयार आहे. मिळवण्यासाठी तुमची बँक पासबुक माहिती सबमिट करा.",No,No,No
spam,"हाय, मला वाटते मी दुसऱ्याला पेमेंट करताना चुकून तुम्हाला Rs.96,403 पाठवले. कृपया spvviwt79@ibl वर परत पाठवा, धन्यवाद.",No,No,No
spam,"तुम्हाला Reliance सोबत वर्क-फ्रॉम-होम जॉबसाठी निवडले आहे. Rs.63,040 चा जॉइनिंग बोनस मिळवण्यासाठी तुमची बँक माहिती शेअर करा.",No,No,No
spam,"तुमचे Canara Bank पर्सनल लोन Rs.17,680 चे पूर्व-मंजूर आहे. प्रक्रियेसाठी तुमचे बँक खाते आणि आधार तपशील शेअर करा.",No,No,No
spam,"माफ करा, मी चुकून चुकीच्या नंबरवर Rs.28,156 ट्रान्सफर केले, हे तुमचे खाते वाटते. कृपया bbzyxqwg@oksbi वर परत पाठवा.",No,No,No
spam,"अभिनंदन, Ayushman Bharat अंतर्गत तुमचा अर्ज Rs.1,850 साठी मंजूर झाला आहे. वितरणासाठी तुमची बँक माहिती पाठवा.",No,No,No
spam,"तुम्हाला Flipkart सोबत वर्क-फ्रॉम-होम जॉबसाठी निवडले आहे. Rs.36,418 चा जॉइनिंग बोनस मिळवण्यासाठी तुमची बँक माहिती शेअर करा.",No,No,No
spam,"Ayushman Bharat अलर्ट: तुम्ही योजनेअंतर्गत Rs.9,225 साठी पात्र आहात. दावा करण्यासाठी तुमचा आधार आणि बँक खाते क्रमांक शेअर करा.",No,No,No
spam,"तुमच्या विमा पॉलिसीची मुदतपूर्ती रक्कम Rs.44,380 तयार आहे. पेमेंट मिळवण्यासाठी तुमची बँक पासबुक माहिती पाठवा.",No,No,No
spam,"मी चुकून तुमच्या Google Pay वर Rs.7,132 पाठवले, कृपया हे या UPI ID वर परत करा: mnlhx@paytm",No,No,No
spam,"तुमच्या विमा पॉलिसीची मुदतपूर्ती रक्कम Rs.2,956 तयार आहे. पेमेंट मिळवण्यासाठी तुमची बँक पासबुक माहिती पाठवा.",No,No,No
spam,तुमचे Punjab National Bank पर्सनल लोन Rs.903 चे पूर्व-मंजूर आहे. प्रक्रियेसाठी तुमचे बँक खाते आणि आधार तपशील शेअर करा.,No,No,No
spam,"Ayushman Bharat: तुमचा शिष्यवृत्ती लाभ Rs.4,393 ट्रान्सफरसाठी तयार आहे. मिळवण्यासाठी तुमची बँक पासबुक माहिती सबमिट करा.",No,No,No
spam,"तुमच्या विमा पॉलिसीची मुदतपूर्ती रक्कम Rs.65,291 तयार आहे. पेमेंट मिळवण्यासाठी तुमची बँक पासबुक माहिती पाठवा.",No,No,No
spam,"माफ करा, मी चुकून चुकीच्या नंबरवर Rs.899 ट्रान्सफर केले, हे तुमचे खाते वाटते. कृपया urkcm70@paytm वर परत पाठवा.",No,No,No
spam,"तुमच्या विमा पॉलिसीची मुदतपूर्ती रक्कम Rs.60,625 तयार आहे. पेमेंट मिळवण्यासाठी तुमची बँक पासबुक माहिती पाठवा.",No,No,No
spam,"मी चुकून तुमच्या PhonePe वर Rs.1,868 पाठवले, कृपया हे या UPI ID वर परत करा: xgtgmni15@axl",No,No,No
spam,"LPG Subsidy Scheme: तुमचा शिष्यवृत्ती लाभ Rs.4,967 ट्रान्सफरसाठी तयार आहे. मिळवण्यासाठी तुमची बँक पासबुक माहिती सबमिट करा.",No,No,No
spam,"तुम्हाला Flipkart सोबत वर्क-फ्रॉम-होम जॉबसाठी निवडले आहे. Rs.18,760 चा जॉइनिंग बोनस मिळवण्यासाठी तुमची बँक माहिती शेअर करा.",No,No,No
spam,"State Scholarship Scheme अलर्ट: तुम्ही योजनेअंतर्गत Rs.98,225 साठी पात्र आहात. दावा करण्यासाठी तुमचा आधार आणि बँक खाते क्रमांक शेअर करा.",No,No,No
spam,तुम्हाला HCL सोबत वर्क-फ्रॉम-होम जॉबसाठी निवडले आहे. Rs.526 चा जॉइनिंग बोनस मिळवण्यासाठी तुमची बँक माहिती शेअर करा.,No,No,No
spam,"LPG Subsidy Scheme: तुमचा शिष्यवृत्ती लाभ Rs.59,620 ट्रान्सफरसाठी तयार आहे. मिळवण्यासाठी तुमची बँक पासबुक माहिती सबमिट करा.",No,No,No
spam,"मी चुकून तुमच्या Google Pay वर Rs.5,435 पाठवले, कृपया हे या UPI ID वर परत करा: uauzjom78@oksbi",No,No,No
spam,Post Matric Scholarship: तुमचा शिष्यवृत्ती लाभ Rs.526 ट्रान्सफरसाठी तयार आहे. मिळवण्यासाठी तुमची बँक पासबुक माहिती सबमिट करा.,No,No,No
spam,"हाय, मला वाटते मी दुसऱ्याला पेमेंट करताना चुकून तुम्हाला Rs.550 पाठवले. कृपया yoavlt74@axl वर परत पाठवा, धन्यवाद.",No,No,No
spam,"चुकून माझ्या खात्यातून तुमच्या खात्यात Rs.84,004 ट्रान्सफर झाले आहेत, लवकरात लवकर xnypkye43@okicici वर रिफंड करा.",No,No,No
spam,"मी चुकून तुमच्या Paytm वर Rs.604 पाठवले, कृपया हे या UPI ID वर परत करा: ebnwkckc30@ybl",No,No,No
spam,"तुम्हाला TCS सोबत वर्क-फ्रॉम-होम जॉबसाठी निवडले आहे. Rs.82,601 चा जॉइनिंग बोनस मिळवण्यासाठी तुमची बँक माहिती शेअर करा.",No,No,No
spam,तुम्हाला Reliance सोबत वर्क-फ्रॉम-होम जॉबसाठी निवडले आहे. Rs.973 चा जॉइनिंग बोनस मिळवण्यासाठी तुमची बँक माहिती शेअर करा.,No,No,No
spam,तुम्हाला Infosys सोबत वर्क-फ्रॉम-होम जॉबसाठी निवडले आहे. Rs.529 चा जॉइनिंग बोनस मिळवण्यासाठी तुमची बँक माहिती शेअर करा.,No,No,No
spam,तुमच्या विमा पॉलिसीची मुदतपूर्ती रक्कम Rs.563 तयार आहे. पेमेंट मिळवण्यासाठी तुमची बँक पासबुक माहिती पाठवा.,No,No,No
spam,"तुमच्या विमा पॉलिसीची मुदतपूर्ती रक्कम Rs.3,702 तयार आहे. पेमेंट मिळवण्यासाठी तुमची बँक पासबुक माहिती पाठवा.",No,No,No
spam,"PM Kisan Samman Nidhi अलर्ट: तुम्ही योजनेअंतर्गत Rs.7,527 साठी पात्र आहात. दावा करण्यासाठी तुमचा आधार आणि बँक खाते क्रमांक शेअर करा.",No,No,No
spam,"अभिनंदन, National Scholarship Portal अंतर्गत तुमचा अर्ज Rs.796 साठी मंजूर झाला आहे. वितरणासाठी तुमची बँक माहिती पाठवा.",No,No,No
spam,"PM Ujjwala Yojana अलर्ट: तुम्ही योजनेअंतर्गत Rs.85,079 साठी पात्र आहात. दावा करण्यासाठी तुमचा आधार आणि बँक खाते क्रमांक शेअर करा.",No,No,No
spam,"हाय, मला वाटते मी दुसऱ्याला पेमेंट करताना चुकून तुम्हाला Rs.2,119 पाठवले. कृपया czeuzyf@axl वर परत पाठवा, धन्यवाद.",No,No,No
spam,"माफ करा, मी चुकून चुकीच्या नंबरवर Rs.702 ट्रान्सफर केले, हे तुमचे खाते वाटते. कृपया utlds63@okicici वर परत पाठवा.",No,No,No
spam,"हाय, मला वाटते मी दुसऱ्याला पेमेंट करताना चुकून तुम्हाला Rs.815 पाठवले. कृपया qucqisdv90@okicici वर परत पाठवा, धन्यवाद.",No,No,No
spam,तुमचे Canara Bank पर्सनल लोन Rs.761 चे पूर्व-मंजूर आहे. प्रक्रियेसाठी तुमचे बँक खाते आणि आधार तपशील शेअर करा.,No,No,No
spam,"National Scholarship Portal: तुमचा शिष्यवृत्ती लाभ Rs.21,897 ट्रान्सफरसाठी तयार आहे. मिळवण्यासाठी तुमची बँक पासबुक माहिती सबमिट करा.",No,No,No
spam,"PM Ujjwala Yojana: तुमचा शिष्यवृत्ती लाभ Rs.6,926 ट्रान्सफरसाठी तयार आहे. मिळवण्यासाठी तुमची बँक पासबुक माहिती सबमिट करा.",No,No,No
spam,"तुमच्या विमा पॉलिसीची मुदतपूर्ती रक्कम Rs.3,075 तयार आहे. पेमेंट मिळवण्यासाठी तुमची बँक पासबुक माहिती पाठवा.",No,No,No
spam,"Ayushman Bharat अलर्ट: तुम्ही योजनेअंतर्गत Rs.1,193 साठी पात्र आहात. दावा करण्यासाठी तुमचा आधार आणि बँक खाते क्रमांक शेअर करा.",No,No,No
spam,"माफ करा, मी चुकून चुकीच्या नंबरवर Rs.952 ट्रान्सफर केले, हे तुमचे खाते वाटते. कृपया lqjmtu@paytm वर परत पाठवा.",No,No,No
spam,"अभिनंदन, PM Kisan Samman Nidhi अंतर्गत तुमचा अर्ज Rs.5,415 साठी मंजूर झाला आहे. वितरणासाठी तुमची बँक माहिती पाठवा.",No,No,No
spam,"PM Ujjwala Yojana: तुमचा शिष्यवृत्ती लाभ Rs.45,931 ट्रान्सफरसाठी तयार आहे. मिळवण्यासाठी तुमची बँक पासबुक माहिती सबमिट करा.",No,No,No
spam,"हाय, मला वाटते मी दुसऱ्याला पेमेंट करताना चुकून तुम्हाला Rs.4,594 पाठवले. कृपया bcsjm@axl वर परत पाठवा, धन्यवाद.",No,No,No
spam,"PMAY: तुमचा शिष्यवृत्ती लाभ Rs.2,917 ट्रान्सफरसाठी तयार आहे. मिळवण्यासाठी तुमची बँक पासबुक माहिती सबमिट करा.",No,No,No
spam,"हाय, मला वाटते मी दुसऱ्याला पेमेंट करताना चुकून तुम्हाला Rs.9,645 पाठवले. कृपया jwgvo@ybl वर परत पाठवा, धन्यवाद.",No,No,No
spam,तुमचे Canara Bank पर्सनल लोन Rs.734 चे पूर्व-मंजूर आहे. प्रक्रियेसाठी तुमचे बँक खाते आणि आधार तपशील शेअर करा.,No,No,No
spam,"हाय, मला वाटते मी दुसऱ्याला पेमेंट करताना चुकून तुम्हाला Rs.6,608 पाठवले. कृपया zmysn58@axl वर परत पाठवा, धन्यवाद.",No,No,No
spam,"Post Matric Scholarship: तुमचा शिष्यवृत्ती लाभ Rs.99,220 ट्रान्सफरसाठी तयार आहे. मिळवण्यासाठी तुमची बँक पासबुक माहिती सबमिट करा.",No,No,No
spam,"अभिनंदन, State Scholarship Scheme अंतर्गत तुमचा अर्ज Rs.6,379 साठी मंजूर झाला आहे. वितरणासाठी तुमची बँक माहिती पाठवा.",No,No,No
spam,"तुमच्या विमा पॉलिसीची मुदतपूर्ती रक्कम Rs.6,694 तयार आहे. पेमेंट मिळवण्यासाठी तुमची बँक पासबुक माहिती पाठवा.",No,No,No
spam,"हाय, मला वाटते मी दुसऱ्याला पेमेंट करताना चुकून तुम्हाला Rs.75,844 पाठवले. कृपया jnjjsg15@ibl वर परत पाठवा, धन्यवाद.",No,No,No
spam,"मी चुकून तुमच्या Amazon Pay वर Rs.935 पाठवले, कृपया हे या UPI ID वर परत करा: nuswtop96@okicici",No,No,No
spam,तुमच्या विमा पॉलिसीची मुदतपूर्ती रक्कम Rs.921 तयार आहे. पेमेंट मिळवण्यासाठी तुमची बँक पासबुक माहिती पाठवा.,No,No,No
spam,"तुम्हाला Reliance सोबत वर्क-फ्रॉम-होम जॉबसाठी निवडले आहे. Rs.5,835 चा जॉइनिंग बोनस मिळवण्यासाठी तुमची बँक माहिती शेअर करा.",No,No,No
spam,"तुम्हाला Amazon सोबत वर्क-फ्रॉम-होम जॉबसाठी निवडले आहे. Rs.44,698 चा जॉइनिंग बोनस मिळवण्यासाठी तुमची बँक माहिती शेअर करा.",No,No,No
spam,PM Kisan Samman Nidhi अलर्ट: तुम्ही योजनेअंतर्गत Rs.666 साठी पात्र आहात. दावा करण्यासाठी तुमचा आधार आणि बँक खाते क्रमांक शेअर करा.,No,No,No
spam,"तुमच्या विमा पॉलिसीची मुदतपूर्ती रक्कम Rs.96,141 तयार आहे. पेमेंट मिळवण्यासाठी तुमची बँक पासबुक माहिती पाठवा.",No,No,No
spam,"मी चुकून तुमच्या Google Pay वर Rs.508 पाठवले, कृपया हे या UPI ID वर परत करा: ipeijyg@ybl",No,No,No
spam,"तुमचे Bank of Baroda पर्सनल लोन Rs.66,980 चे पूर्व-मंजूर आहे. प्रक्रियेसाठी तुमचे बँक खाते आणि आधार तपशील शेअर करा.",No,No,No
spam,"अभिनंदन, PM Ujjwala Yojana अंतर्गत तुमचा अर्ज Rs.1,755 साठी मंजूर झाला आहे. वितरणासाठी तुमची बँक माहिती पाठवा.",No,No,No
spam,तुम्हाला TCS सोबत वर्क-फ्रॉम-होम जॉबसाठी निवडले आहे. Rs.929 चा जॉइनिंग बोनस मिळवण्यासाठी तुमची बँक माहिती शेअर करा.,No,No,No
spam,"चुकून माझ्या खात्यातून तुमच्या खात्यात Rs.556 ट्रान्सफर झाले आहेत, लवकरात लवकर qaapqwdb74@ybl वर रिफंड करा.",No,No,No
spam,"चुकून माझ्या खात्यातून तुमच्या खात्यात Rs.4,659 ट्रान्सफर झाले आहेत, लवकरात लवकर dnddvd@ybl वर रिफंड करा.",No,No,No
spam,PM Ujjwala Yojana: तुमचा शिष्यवृत्ती लाभ Rs.897 ट्रान्सफरसाठी तयार आहे. मिळवण्यासाठी तुमची बँक पासबुक माहिती सबमिट करा.,No,No,No
spam,"माफ करा, मी चुकून चुकीच्या नंबरवर Rs.5,466 ट्रान्सफर केले, हे तुमचे खाते वाटते. कृपया stuwd35@okhdfcbank वर परत पाठवा.",No,No,No
spam,"State Scholarship Scheme अलर्ट: तुम्ही योजनेअंतर्गत Rs.27,866 साठी पात्र आहात. दावा करण्यासाठी तुमचा आधार आणि बँक खाते क्रमांक शेअर करा.",No,No,No
spam,"तुम्हाला TCS सोबत वर्क-फ्रॉम-होम जॉबसाठी निवडले आहे. Rs.6,556 चा जॉइनिंग बोनस मिळवण्यासाठी तुमची बँक माहिती शेअर करा.",No,No,No
spam,तुमचे ICICI Bank पर्सनल लोन Rs.595 चे पूर्व-मंजूर आहे. प्रक्रियेसाठी तुमचे बँक खाते आणि आधार तपशील शेअर करा.,No,No,No
spam,"चुकून माझ्या खात्यातून तुमच्या खात्यात Rs.84,718 ट्रान्सफर झाले आहेत, लवकरात लवकर pcmwwyq@okicici वर रिफंड करा.",No,No,No
spam,"चुकून माझ्या खात्यातून तुमच्या खात्यात Rs.872 ट्रान्सफर झाले आहेत, लवकरात लवकर vbcdxefw@ibl वर रिफंड करा.",No,No,No
spam,"तुमच्या विमा पॉलिसीची मुदतपूर्ती रक्कम Rs.2,049 तयार आहे. पेमेंट मिळवण्यासाठी तुमची बँक पासबुक माहिती पाठवा.",No,No,No
spam,"तुमच्या विमा पॉलिसीची मुदतपूर्ती रक्कम Rs.9,583 तयार आहे. पेमेंट मिळवण्यासाठी तुमची बँक पासबुक माहिती पाठवा.",No,No,No
spam,"मी चुकून तुमच्या Google Pay वर Rs.48,506 पाठवले, कृपया हे या UPI ID वर परत करा: itucajiq@ybl",No,No,No
spam,"तुमच्या विमा पॉलिसीची मुदतपूर्ती रक्कम Rs.9,850 तयार आहे. पेमेंट मिळवण्यासाठी तुमची बँक पासबुक माहिती पाठवा.",No,No,No
spam,"माफ करा, मी चुकून चुकीच्या नंबरवर Rs.681 ट्रान्सफर केले, हे तुमचे खाते वाटते. कृपया bswog88@ibl वर परत पाठवा.",No,No,No
spam,"तुमचे Kotak Mahindra Bank पर्सनल लोन Rs.97,655 चे पूर्व-मंजूर आहे. प्रक्रियेसाठी तुमचे बँक खाते आणि आधार तपशील शेअर करा.",No,No,No
spam,"अभिनंदन, State Scholarship Scheme अंतर्गत तुमचा अर्ज Rs.2,207 साठी मंजूर झाला आहे. वितरणासाठी तुमची बँक माहिती पाठवा.",No,No,No
spam,तुमच्या विमा पॉलिसीची मुदतपूर्ती रक्कम Rs.700 तयार आहे. पेमेंट मिळवण्यासाठी तुमची बँक पासबुक माहिती पाठवा.,No,No,No
spam,"माफ करा, मी चुकून चुकीच्या नंबरवर Rs.527 ट्रान्सफर केले, हे तुमचे खाते वाटते. कृपया higplctx@oksbi वर परत पाठवा.",No,No,No
spam,"PMAY अलर्ट: तुम्ही योजनेअंतर्गत Rs.3,440 साठी पात्र आहात. दावा करण्यासाठी तुमचा आधार आणि बँक खाते क्रमांक शेअर करा.",No,No,No
spam,"मी चुकून तुमच्या PhonePe वर Rs.5,163 पाठवले, कृपया हे या UPI ID वर परत करा: ggwjbhd@oksbi",No,No,No
spam,"हाय, मला वाटते मी दुसऱ्याला पेमेंट करताना चुकून तुम्हाला Rs.8,363 पाठवले. कृपया abfni70@ibl वर परत पाठवा, धन्यवाद.",No,No,No
spam,"चुकून माझ्या खात्यातून तुमच्या खात्यात Rs.9,131 ट्रान्सफर झाले आहेत, लवकरात लवकर wakfd@paytm वर रिफंड करा.",No,No,No
spam,"मी चुकून तुमच्या Paytm वर Rs.67,974 पाठवले, कृपया हे या UPI ID वर परत करा: niuazyn95@okhdfcbank",No,No,No
spam,"मी चुकून तुमच्या Google Pay वर Rs.2,195 पाठवले, कृपया हे या UPI ID वर परत करा: odplfkjv37@ybl",No,No,No
spam,"अभिनंदन, Ayushman Bharat अंतर्गत तुमचा अर्ज Rs.897 साठी मंजूर झाला आहे. वितरणासाठी तुमची बँक माहिती पाठवा.",No,No,No
spam,"तुमच्या विमा पॉलिसीची मुदतपूर्ती रक्कम Rs.99,915 तयार आहे. पेमेंट मिळवण्यासाठी तुमची बँक पासबुक माहिती पाठवा.",No,No,No
spam,"चुकून माझ्या खात्यातून तुमच्या खात्यात Rs.2,266 ट्रान्सफर झाले आहेत, लवकरात लवकर swjwej@axl वर रिफंड करा.",No,No,No
spam,"अभिनंदन, National Scholarship Portal अंतर्गत तुमचा अर्ज Rs.77,063 साठी मंजूर झाला आहे. वितरणासाठी तुमची बँक माहिती पाठवा.",No,No,No
spam,"तुमचे ICICI Bank पर्सनल लोन Rs.5,624 चे पूर्व-मंजूर आहे. प्रक्रियेसाठी तुमचे बँक खाते आणि आधार तपशील शेअर करा.",No,No,No
spam,"तुम्हाला Reliance सोबत वर्क-फ्रॉम-होम जॉबसाठी निवडले आहे. Rs.52,030 चा जॉइनिंग बोनस मिळवण्यासाठी तुमची बँक माहिती शेअर करा.",No,No,No
spam,"National Scholarship Portal: तुमचा शिष्यवृत्ती लाभ Rs.82,469 ट्रान्सफरसाठी तयार आहे. मिळवण्यासाठी तुमची बँक पासबुक माहिती सबमिट करा.",No,No,No
spam,"माफ करा, मी चुकून चुकीच्या नंबरवर Rs.52,720 ट्रान्सफर केले, हे तुमचे खाते वाटते. कृपया rnaejj47@okicici वर परत पाठवा.",No,No,No
spam,"अभिनंदन, PMAY अंतर्गत तुमचा अर्ज Rs.58,157 साठी मंजूर झाला आहे. वितरणासाठी तुमची बँक माहिती पाठवा.",No,No,No
spam,"हाय, मला वाटते मी दुसऱ्याला पेमेंट करताना चुकून तुम्हाला Rs.67,760 पाठवले. कृपया mqpba@axl वर परत पाठवा, धन्यवाद.",No,No,No
spam,Post Matric Scholarship अलर्ट: तुम्ही योजनेअंतर्गत Rs.669 साठी पात्र आहात. दावा करण्यासाठी तुमचा आधार आणि बँक खाते क्रमांक शेअर करा.,No,No,No
spam,"State Scholarship Scheme अलर्ट: तुम्ही योजनेअंतर्गत Rs.3,650 साठी पात्र आहात. दावा करण्यासाठी तुमचा आधार आणि बँक खाते क्रमांक शेअर करा.",No,No,No
spam,तुमचे SBI पर्सनल लोन Rs.768 चे पूर्व-मंजूर आहे. प्रक्रियेसाठी तुमचे बँक खाते आणि आधार तपशील शेअर करा.,No,No,No
spam,"तुम्हाला TCS सोबत वर्क-फ्रॉम-होम जॉबसाठी निवडले आहे. Rs.90,150 चा जॉइनिंग बोनस मिळवण्यासाठी तुमची बँक माहिती शेअर करा.",No,No,No
spam,Post Matric Scholarship: तुमचा शिष्यवृत्ती लाभ Rs.577 ट्रान्सफरसाठी तयार आहे. मिळवण्यासाठी तुमची बँक पासबुक माहिती सबमिट करा.,No,No,No
spam,"तुमचे Axis Bank पर्सनल लोन Rs.3,307 चे पूर्व-मंजूर आहे. प्रक्रियेसाठी तुमचे बँक खाते आणि आधार तपशील शेअर करा.",No,No,No
spam,"तुमच्या विमा पॉलिसीची मुदतपूर्ती रक्कम Rs.42,238 तयार आहे. पेमेंट मिळवण्यासाठी तुमची बँक पासबुक माहिती पाठवा.",No,No,No
spam,Post Matric Scholarship: तुमचा शिष्यवृत्ती लाभ Rs.704 ट्रान्सफरसाठी तयार आहे. मिळवण्यासाठी तुमची बँक पासबुक माहिती सबमिट करा.,No,No,No
spam,"चुकून माझ्या खात्यातून तुमच्या खात्यात Rs.590 ट्रान्सफर झाले आहेत, लवकरात लवकर afooj@ibl वर रिफंड करा.",No,No,No
spam,"Post Matric Scholarship अलर्ट: तुम्ही योजनेअंतर्गत Rs.7,329 साठी पात्र आहात. दावा करण्यासाठी तुमचा आधार आणि बँक खाते क्रमांक शेअर करा.",No,No,No
spam,"मी चुकून तुमच्या Paytm वर Rs.6,243 पाठवले, कृपया हे या UPI ID वर परत करा: yudkal24@oksbi",No,No,No
spam,"मी चुकून तुमच्या Paytm वर Rs.40,369 पाठवले, कृपया हे या UPI ID वर परत करा: giuofr92@okicici",No,No,No
spam,"अभिनंदन, PM Ujjwala Yojana अंतर्गत तुमचा अर्ज Rs.9,495 साठी मंजूर झाला आहे. वितरणासाठी तुमची बँक माहिती पाठवा.",No,No,No
spam,Ayushman Bharat: तुमचा शिष्यवृत्ती लाभ Rs.620 ट्रान्सफरसाठी तयार आहे. मिळवण्यासाठी तुमची बँक पासबुक माहिती सबमिट करा.,No,No,No
spam,"PM Kisan Samman Nidhi: तुमचा शिष्यवृत्ती लाभ Rs.28,621 ट्रान्सफरसाठी तयार आहे. मिळवण्यासाठी तुमची बँक पासबुक माहिती सबमिट करा.",No,No,No
spam,"तुमचे Canara Bank पर्सनल लोन Rs.7,107 चे पूर्व-मंजूर आहे. प्रक्रियेसाठी तुमचे बँक खाते आणि आधार तपशील शेअर करा.",No,No,No
spam,"तुमच्या विमा पॉलिसीची मुदतपूर्ती रक्कम Rs.5,958 तयार आहे. पेमेंट मिळवण्यासाठी तुमची बँक पासबुक माहिती पाठवा.",No,No,No
spam,"Ayushman Bharat अलर्ट: तुम्ही योजनेअंतर्गत Rs.67,980 साठी पात्र आहात. दावा करण्यासाठी तुमचा आधार आणि बँक खाते क्रमांक शेअर करा.",No,No,No
spam,"Ayushman Bharat अलर्ट: तुम्ही योजनेअंतर्गत Rs.8,136 साठी पात्र आहात. दावा करण्यासाठी तुमचा आधार आणि बँक खाते क्रमांक शेअर करा.",No,No,No
spam,"मी चुकून तुमच्या PhonePe वर Rs.49,975 पाठवले, कृपया हे या UPI ID वर परत करा: veomg69@oksbi",No,No,No
spam,"माफ करा, मी चुकून चुकीच्या नंबरवर Rs.89,406 ट्रान्सफर केले, हे तुमचे खाते वाटते. कृपया xdepk27@ibl वर परत पाठवा.",No,No,No
spam,"मी चुकून तुमच्या PhonePe वर Rs.42,551 पाठवले, कृपया हे या UPI ID वर परत करा: zpgccaa@okicici",No,No,No
spam,"PM Kisan Samman Nidhi: तुमचा शिष्यवृत्ती लाभ Rs.6,830 ट्रान्सफरसाठी तयार आहे. मिळवण्यासाठी तुमची बँक पासबुक माहिती सबमिट करा.",No,No,No
spam,"अभिनंदन, Ayushman Bharat अंतर्गत तुमचा अर्ज Rs.827 साठी मंजूर झाला आहे. वितरणासाठी तुमची बँक माहिती पाठवा.",No,No,No
spam,"हाय, मला वाटते मी दुसऱ्याला पेमेंट करताना चुकून तुम्हाला Rs.21,166 पाठवले. कृपया vjnemx@ibl वर परत पाठवा, धन्यवाद.",No,No,No
spam,"Post Matric Scholarship: तुमचा शिष्यवृत्ती लाभ Rs.20,734 ट्रान्सफरसाठी तयार आहे. मिळवण्यासाठी तुमची बँक पासबुक माहिती सबमिट करा.",No,No,No
spam,"अभिनंदन, National Scholarship Portal अंतर्गत तुमचा अर्ज Rs.3,441 साठी मंजूर झाला आहे. वितरणासाठी तुमची बँक माहिती पाठवा.",No,No,No
spam,"तुमच्या विमा पॉलिसीची मुदतपूर्ती रक्कम Rs.45,893 तयार आहे. पेमेंट मिळवण्यासाठी तुमची बँक पासबुक माहिती पाठवा.",No,No,No
spam,"तुमच्या विमा पॉलिसीची मुदतपूर्ती रक्कम Rs.11,873 तयार आहे. पेमेंट मिळवण्यासाठी तुमची बँक पासबुक माहिती पाठवा.",No,No,No
spam,"माफ करा, मी चुकून चुकीच्या नंबरवर Rs.760 ट्रान्सफर केले, हे तुमचे खाते वाटते. कृपया jhvfsf16@ybl वर परत पाठवा.",No,No,No
spam,"माफ करा, मी चुकून चुकीच्या नंबरवर Rs.599 ट्रान्सफर केले, हे तुमचे खाते वाटते. कृपया ucpqqzg45@okicici वर परत पाठवा.",No,No,No
spam,State Scholarship Scheme अलर्ट: तुम्ही योजनेअंतर्गत Rs.773 साठी पात्र आहात. दावा करण्यासाठी तुमचा आधार आणि बँक खाते क्रमांक शेअर करा.,No,No,No
spam,"हाय, मला वाटते मी दुसऱ्याला पेमेंट करताना चुकून तुम्हाला Rs.6,329 पाठवले. कृपया jdxiqieh97@paytm वर परत पाठवा, धन्यवाद.",No,No,No
spam,"मी चुकून तुमच्या Google Pay वर Rs.4,634 पाठवले, कृपया हे या UPI ID वर परत करा: swcvuql@okicici",No,No,No
spam,"तुमचे ICICI Bank पर्सनल लोन Rs.53,915 चे पूर्व-मंजूर आहे. प्रक्रियेसाठी तुमचे बँक खाते आणि आधार तपशील शेअर करा.",No,No,No
spam,"Post Matric Scholarship: तुमचा शिष्यवृत्ती लाभ Rs.51,985 ट्रान्सफरसाठी तयार आहे. मिळवण्यासाठी तुमची बँक पासबुक माहिती सबमिट करा.",No,No,No
spam,तुम्हाला Infosys सोबत वर्क-फ्रॉम-होम जॉबसाठी निवडले आहे. Rs.690 चा जॉइनिंग बोनस मिळवण्यासाठी तुमची बँक माहिती शेअर करा.,No,No,No
spam,तुमचे Bank of Baroda पर्सनल लोन Rs.643 चे पूर्व-मंजूर आहे. प्रक्रियेसाठी तुमचे बँक खाते आणि आधार तपशील शेअर करा.,No,No,No
spam,"माफ करा, मी चुकून चुकीच्या नंबरवर Rs.12,127 ट्रान्सफर केले, हे तुमचे खाते वाटते. कृपया mqzfmc18@ybl वर परत पाठवा.",No,No,No
spam,"चुकून माझ्या खात्यातून तुमच्या खात्यात Rs.769 ट्रान्सफर झाले आहेत, लवकरात लवकर hrzrif@ibl वर रिफंड करा.",No,No,No
spam,"चुकून माझ्या खात्यातून तुमच्या खात्यात Rs.4,019 ट्रान्सफर झाले आहेत, लवकरात लवकर mlrmjoc@ibl वर रिफंड करा.",No,No,No
spam,"हाय, मला वाटते मी दुसऱ्याला पेमेंट करताना चुकून तुम्हाला Rs.27,312 पाठवले. कृपया jzhxch95@ibl वर परत पाठवा, धन्यवाद.",No,No,No
spam,"तुमचे Punjab National Bank पर्सनल लोन Rs.4,798 चे पूर्व-मंजूर आहे. प्रक्रियेसाठी तुमचे बँक खाते आणि आधार तपशील शेअर करा.",No,No,No
spam,"माफ करा, मी चुकून चुकीच्या नंबरवर Rs.611 ट्रान्सफर केले, हे तुमचे खाते वाटते. कृपया vmryn@ybl वर परत पाठवा.",No,No,No
spam,"तुमचे Bank of Baroda पर्सनल लोन Rs.43,331 चे पूर्व-मंजूर आहे. प्रक्रियेसाठी तुमचे बँक खाते आणि आधार तपशील शेअर करा.",No,No,No
spam,"अभिनंदन, PM Ujjwala Yojana अंतर्गत तुमचा अर्ज Rs.65,467 साठी मंजूर झाला आहे. वितरणासाठी तुमची बँक माहिती पाठवा.",No,No,No
spam,"मी चुकून तुमच्या Paytm वर Rs.7,700 पाठवले, कृपया हे या UPI ID वर परत करा: kmckc98@axl",No,No,No
spam,तुमचे HDFC Bank पर्सनल लोन Rs.916 चे पूर्व-मंजूर आहे. प्रक्रियेसाठी तुमचे बँक खाते आणि आधार तपशील शेअर करा.,No,No,No
spam,"चुकून माझ्या खात्यातून तुमच्या खात्यात Rs.658 ट्रान्सफर झाले आहेत, लवकरात लवकर eqeiu@ibl वर रिफंड करा.",No,No,No
spam,"हाय, मला वाटते मी दुसऱ्याला पेमेंट करताना चुकून तुम्हाला Rs.22,196 पाठवले. कृपया hmfue@axl वर परत पाठवा, धन्यवाद.",No,No,No
spam,"हाय, मला वाटते मी दुसऱ्याला पेमेंट करताना चुकून तुम्हाला Rs.90,635 पाठवले. कृपया mwlovqw@okicici वर परत पाठवा, धन्यवाद.",No,No,No
spam,"मी चुकून तुमच्या PhonePe वर Rs.680 पाठवले, कृपया हे या UPI ID वर परत करा: dxtanjug@paytm",No,No,No
spam,"मी चुकून तुमच्या PhonePe वर Rs.3,242 पाठवले, कृपया हे या UPI ID वर परत करा: wiomqfqo@okhdfcbank",No,No,No
spam,"तुमच्या विमा पॉलिसीची मुदतपूर्ती रक्कम Rs.8,052 तयार आहे. पेमेंट मिळवण्यासाठी तुमची बँक पासबुक माहिती पाठवा.",No,No,No
spam,"अभिनंदन, PMAY अंतर्गत तुमचा अर्ज Rs.27,037 साठी मंजूर झाला आहे. वितरणासाठी तुमची बँक माहिती पाठवा.",No,No,No
spam,"तुमच्या विमा पॉलिसीची मुदतपूर्ती रक्कम Rs.21,716 तयार आहे. पेमेंट मिळवण्यासाठी तुमची बँक पासबुक माहिती पाठवा.",No,No,No
spam,"माफ करा, मी चुकून चुकीच्या नंबरवर Rs.2,082 ट्रान्सफर केले, हे तुमचे खाते वाटते. कृपया pkgisd@axl वर परत पाठवा.",No,No,No
spam,"तुमच्या विमा पॉलिसीची मुदतपूर्ती रक्कम Rs.4,760 तयार आहे. पेमेंट मिळवण्यासाठी तुमची बँक पासबुक माहिती पाठवा.",No,No,No
spam,"चुकून माझ्या खात्यातून तुमच्या खात्यात Rs.9,407 ट्रान्सफर झाले आहेत, लवकरात लवकर kstvovg37@ibl वर रिफंड करा.",No,No,No
spam,Post Matric Scholarship अलर्ट: तुम्ही योजनेअंतर्गत Rs.921 साठी पात्र आहात. दावा करण्यासाठी तुमचा आधार आणि बँक खाते क्रमांक शेअर करा.,No,No,No
spam,"अभिनंदन, National Scholarship Portal अंतर्गत तुमचा अर्ज Rs.2,813 साठी मंजूर झाला आहे. वितरणासाठी तुमची बँक माहिती पाठवा.",No,No,No
spam,"PM Kisan Samman Nidhi अलर्ट: तुम्ही योजनेअंतर्गत Rs.40,025 साठी पात्र आहात. दावा करण्यासाठी तुमचा आधार आणि बँक खाते क्रमांक शेअर करा.",No,No,No
spam,"मी चुकून तुमच्या Amazon Pay वर Rs.637 पाठवले, कृपया हे या UPI ID वर परत करा: sobbn58@paytm",No,No,No
spam,"चुकून माझ्या खात्यातून तुमच्या खात्यात Rs.5,643 ट्रान्सफर झाले आहेत, लवकरात लवकर dqlweunz21@oksbi वर रिफंड करा.",No,No,No
spam,State Scholarship Scheme: तुमचा शिष्यवृत्ती लाभ Rs.880 ट्रान्सफरसाठी तयार आहे. मिळवण्यासाठी तुमची बँक पासबुक माहिती सबमिट करा.,No,No,No
spam,PM Ujjwala Yojana: तुमचा शिष्यवृत्ती लाभ Rs.715 ट्रान्सफरसाठी तयार आहे. मिळवण्यासाठी तुमची बँक पासबुक माहिती सबमिट करा.,No,No,No
spam,"PM Kisan Samman Nidhi अलर्ट: तुम्ही योजनेअंतर्गत Rs.3,631 साठी पात्र आहात. दावा करण्यासाठी तुमचा आधार आणि बँक खाते क्रमांक शेअर करा.",No,No,No
spam,"माफ करा, मी चुकून चुकीच्या नंबरवर Rs.8,170 ट्रान्सफर केले, हे तुमचे खाते वाटते. कृपया wwidli24@ibl वर परत पाठवा.",No,No,No
spam,"अभिनंदन, PM Kisan Samman Nidhi अंतर्गत तुमचा अर्ज Rs.515 साठी मंजूर झाला आहे. वितरणासाठी तुमची बँक माहिती पाठवा.",No,No,No
spam,"माफ करा, मी चुकून चुकीच्या नंबरवर Rs.622 ट्रान्सफर केले, हे तुमचे खाते वाटते. कृपया loxvtc@axl वर परत पाठवा.",No,No,No
spam,"तुम्हाला HCL सोबत वर्क-फ्रॉम-होम जॉबसाठी निवडले आहे. Rs.66,539 चा जॉइनिंग बोनस मिळवण्यासाठी तुमची बँक माहिती शेअर करा.",No,No,No
spam,"तुमच्या विमा पॉलिसीची मुदतपूर्ती रक्कम Rs.4,809 तयार आहे. पेमेंट मिळवण्यासाठी तुमची बँक पासबुक माहिती पाठवा.",No,No,No
spam,"PM Kisan Samman Nidhi अलर्ट: तुम्ही योजनेअंतर्गत Rs.20,528 साठी पात्र आहात. दावा करण्यासाठी तुमचा आधार आणि बँक खाते क्रमांक शेअर करा.",No,No,No
spam,"हाय, मला वाटते मी दुसऱ्याला पेमेंट करताना चुकून तुम्हाला Rs.81,643 पाठवले. कृपया phpyc78@oksbi वर परत पाठवा, धन्यवाद.",No,No,No
spam,तुमचे ICICI Bank पर्सनल लोन Rs.502 चे पूर्व-मंजूर आहे. प्रक्रियेसाठी तुमचे बँक खाते आणि आधार तपशील शेअर करा.,No,No,No
spam,"तुमचे Bank of Baroda पर्सनल लोन Rs.29,580 चे पूर्व-मंजूर आहे. प्रक्रियेसाठी तुमचे बँक खाते आणि आधार तपशील शेअर करा.",No,No,No
spam,"माफ करा, मी चुकून चुकीच्या नंबरवर Rs.3,527 ट्रान्सफर केले, हे तुमचे खाते वाटते. कृपया mpcmguqf@ybl वर परत पाठवा.",No,No,No
spam,"State Scholarship Scheme: तुमचा शिष्यवृत्ती लाभ Rs.74,983 ट्रान्सफरसाठी तयार आहे. मिळवण्यासाठी तुमची बँक पासबुक माहिती सबमिट करा.",No,No,No
spam,"चुकून माझ्या खात्यातून तुमच्या खात्यात Rs.652 ट्रान्सफर झाले आहेत, लवकरात लवकर cngweq@ibl वर रिफंड करा.",No,No,No
spam,तुमच्या विमा पॉलिसीची मुदतपूर्ती रक्कम Rs.506 तयार आहे. पेमेंट मिळवण्यासाठी तुमची बँक पासबुक माहिती पाठवा.,No,No,No
spam,तुमचे Axis Bank पर्सनल लोन Rs.873 चे पूर्व-मंजूर आहे. प्रक्रियेसाठी तुमचे बँक खाते आणि आधार तपशील शेअर करा.,No,No,No
spam,"मी चुकून तुमच्या Paytm वर Rs.941 पाठवले, कृपया हे या UPI ID वर परत करा: ujegw@oksbi",No,No,No
spam,"तुमचे ICICI Bank पर्सनल लोन Rs.7,037 चे पूर्व-मंजूर आहे. प्रक्रियेसाठी तुमचे बँक खाते आणि आधार तपशील शेअर करा.",No,No,No
spam,"माफ करा, मी चुकून चुकीच्या नंबरवर Rs.67,185 ट्रान्सफर केले, हे तुमचे खाते वाटते. कृपया nffdzjyj22@ibl वर परत पाठवा.",No,No,No
spam,"अभिनंदन, Ayushman Bharat अंतर्गत तुमचा अर्ज Rs.561 साठी मंजूर झाला आहे. वितरणासाठी तुमची बँक माहिती पाठवा.",No,No,No
spam,"मी चुकून तुमच्या Paytm वर Rs.1,053 पाठवले, कृपया हे या UPI ID वर परत करा: iqndfvmq@ibl",No,No,No
spam,"चुकून माझ्या खात्यातून तुमच्या खात्यात Rs.791 ट्रान्सफर झाले आहेत, लवकरात लवकर ldndlpj@okhdfcbank वर रिफंड करा.",No,No,No
spam,"माफ करा, मी चुकून चुकीच्या नंबरवर Rs.66,616 ट्रान्सफर केले, हे तुमचे खाते वाटते. कृपया sxiuzey64@ybl वर परत पाठवा.",No,No,No
spam,"तुमच्या विमा पॉलिसीची मुदतपूर्ती रक्कम Rs.7,697 तयार आहे. पेमेंट मिळवण्यासाठी तुमची बँक पासबुक माहिती पाठवा.",No,No,No
spam,"हाय, मला वाटते मी दुसऱ्याला पेमेंट करताना चुकून तुम्हाला Rs.869 पाठवले. कृपया ijxjux89@okhdfcbank वर परत पाठवा, धन्यवाद.",No,No,No
spam,"तुमचे ICICI Bank पर्सनल लोन Rs.12,908 चे पूर्व-मंजूर आहे. प्रक्रियेसाठी तुमचे बँक खाते आणि आधार तपशील शेअर करा.",No,No,No
spam,"मी चुकून तुमच्या PhonePe वर Rs.602 पाठवले, कृपया हे या UPI ID वर परत करा: kqobngbe@paytm",No,No,No
spam,"हाय, मला वाटते मी दुसऱ्याला पेमेंट करताना चुकून तुम्हाला Rs.7,722 पाठवले. कृपया tczzar@ibl वर परत पाठवा, धन्यवाद.",No,No,No
spam,"तुमचे ICICI Bank पर्सनल लोन Rs.8,916 चे पूर्व-मंजूर आहे. प्रक्रियेसाठी तुमचे बँक खाते आणि आधार तपशील शेअर करा.",No,No,No
spam,तुम्हाला HCL सोबत वर्क-फ्रॉम-होम जॉबसाठी निवडले आहे. Rs.808 चा जॉइनिंग बोनस मिळवण्यासाठी तुमची बँक माहिती शेअर करा.,No,No,No
spam,"माफ करा, मी चुकून चुकीच्या नंबरवर Rs.916 ट्रान्सफर केले, हे तुमचे खाते वाटते. कृपया eonmm28@okhdfcbank वर परत पाठवा.",No,No,No
spam,PM Ujjwala Yojana: तुमचा शिष्यवृत्ती लाभ Rs.527 ट्रान्सफरसाठी तयार आहे. मिळवण्यासाठी तुमची बँक पासबुक माहिती सबमिट करा.,No,No,No
spam,Post Matric Scholarship अलर्ट: तुम्ही योजनेअंतर्गत Rs.521 साठी पात्र आहात. दावा करण्यासाठी तुमचा आधार आणि बँक खाते क्रमांक शेअर करा.,No,No,No
spam,"हाय, मला वाटते मी दुसऱ्याला पेमेंट करताना चुकून तुम्हाला Rs.7,301 पाठवले. कृपया tiinxef18@axl वर परत पाठवा, धन्यवाद.",No,No,No
spam,"माफ करा, मी चुकून चुकीच्या नंबरवर Rs.7,337 ट्रान्सफर केले, हे तुमचे खाते वाटते. कृपया hruekkaw20@okicici वर परत पाठवा.",No,No,No
spam,"हाय, मला वाटते मी दुसऱ्याला पेमेंट करताना चुकून तुम्हाला Rs.67,831 पाठवले. कृपया pizris36@okhdfcbank वर परत पाठवा, धन्यवाद.",No,No,No
spam,"तुम्हाला HCL सोबत वर्क-फ्रॉम-होम जॉबसाठी निवडले आहे. Rs.6,625 चा जॉइनिंग बोनस मिळवण्यासाठी तुमची बँक माहिती शेअर करा.",No,No,No
spam,"मी चुकून तुमच्या Paytm वर Rs.826 पाठवले, कृपया हे या UPI ID वर परत करा: bnwgioi26@oksbi",No,No,No
spam,"चुकून माझ्या खात्यातून तुमच्या खात्यात Rs.627 ट्रान्सफर झाले आहेत, लवकरात लवकर tknvikcv@paytm वर रिफंड करा.",No,No,No
spam,"Post Matric Scholarship: तुमचा शिष्यवृत्ती लाभ Rs.94,846 ट्रान्सफरसाठी तयार आहे. मिळवण्यासाठी तुमची बँक पासबुक माहिती सबमिट करा.",No,No,No
spam,"अभिनंदन, PMAY अंतर्गत तुमचा अर्ज Rs.556 साठी मंजूर झाला आहे. वितरणासाठी तुमची बँक माहिती पाठवा.",No,No,No
spam,तुम्हाला TCS सोबत वर्क-फ्रॉम-होम जॉबसाठी निवडले आहे. Rs.666 चा जॉइनिंग बोनस मिळवण्यासाठी तुमची बँक माहिती शेअर करा.,No,No,No
spam,"तुमचे Kotak Mahindra Bank पर्सनल लोन Rs.1,687 चे पूर्व-मंजूर आहे. प्रक्रियेसाठी तुमचे बँक खाते आणि आधार तपशील शेअर करा.",No,No,No
spam,"तुमच्या विमा पॉलिसीची मुदतपूर्ती रक्कम Rs.6,074 तयार आहे. पेमेंट मिळवण्यासाठी तुमची बँक पासबुक माहिती पाठवा.",No,No,No
spam,"मी चुकून तुमच्या Paytm वर Rs.996 पाठवले, कृपया हे या UPI ID वर परत करा: qbrloqhq84@okhdfcbank",No,No,No
spam,"माफ करा, मी चुकून चुकीच्या नंबरवर Rs.4,524 ट्रान्सफर केले, हे तुमचे खाते वाटते. कृपया khrjkl@ibl वर परत पाठवा.",No,No,No
spam,"मी चुकून तुमच्या Amazon Pay वर Rs.9,994 पाठवले, कृपया हे या UPI ID वर परत करा: nlrak@okicici",No,No,No
spam,"PM Kisan Samman Nidhi: तुमचा शिष्यवृत्ती लाभ Rs.22,005 ट्रान्सफरसाठी तयार आहे. मिळवण्यासाठी तुमची बँक पासबुक माहिती सबमिट करा.",No,No,No
spam,"State Scholarship Scheme अलर्ट: तुम्ही योजनेअंतर्गत Rs.9,088 साठी पात्र आहात. दावा करण्यासाठी तुमचा आधार आणि बँक खाते क्रमांक शेअर करा.",No,No,No
spam,"माफ करा, मी चुकून चुकीच्या नंबरवर Rs.26,973 ट्रान्सफर केले, हे तुमचे खाते वाटते. कृपया aerez@oksbi वर परत पाठवा.",No,No,No
spam,"हाय, मला वाटते मी दुसऱ्याला पेमेंट करताना चुकून तुम्हाला Rs.981 पाठवले. कृपया yefnmq@oksbi वर परत पाठवा, धन्यवाद.",No,No,No
spam,तुम्हाला Reliance सोबत वर्क-फ्रॉम-होम जॉबसाठी निवडले आहे. Rs.628 चा जॉइनिंग बोनस मिळवण्यासाठी तुमची बँक माहिती शेअर करा.,No,No,No
spam,तुमच्या विमा पॉलिसीची मुदतपूर्ती रक्कम Rs.935 तयार आहे. पेमेंट मिळवण्यासाठी तुमची बँक पासबुक माहिती पाठवा.,No,No,No
spam,"माफ करा, मी चुकून चुकीच्या नंबरवर Rs.762 ट्रान्सफर केले, हे तुमचे खाते वाटते. कृपया otxhnev@axl वर परत पाठवा.",No,No,No
spam,"तुमचे Punjab National Bank पर्सनल लोन Rs.4,529 चे पूर्व-मंजूर आहे. प्रक्रियेसाठी तुमचे बँक खाते आणि आधार तपशील शेअर करा.",No,No,No
spam,"मी चुकून तुमच्या PhonePe वर Rs.570 पाठवले, कृपया हे या UPI ID वर परत करा: uzkfyg19@ybl",No,No,No
spam,"चुकून माझ्या खात्यातून तुमच्या खात्यात Rs.649 ट्रान्सफर झाले आहेत, लवकरात लवकर fdclvgcp54@paytm वर रिफंड करा.",No,No,No
spam,"माफ करा, मी चुकून चुकीच्या नंबरवर Rs.8,742 ट्रान्सफर केले, हे तुमचे खाते वाटते. कृपया ajnsjo23@axl वर परत पाठवा.",No,No,No
spam,"अभिनंदन, LPG Subsidy Scheme अंतर्गत तुमचा अर्ज Rs.1,454 साठी मंजूर झाला आहे. वितरणासाठी तुमची बँक माहिती पाठवा.",No,No,No
spam,"तुम्हाला TCS सोबत वर्क-फ्रॉम-होम जॉबसाठी निवडले आहे. Rs.6,952 चा जॉइनिंग बोनस मिळवण्यासाठी तुमची बँक माहिती शेअर करा.",No,No,No
spam,तुमचे Punjab National Bank पर्सनल लोन Rs.589 चे पूर्व-मंजूर आहे. प्रक्रियेसाठी तुमचे बँक खाते आणि आधार तपशील शेअर करा.,No,No,No
spam,"मी चुकून तुमच्या Amazon Pay वर Rs.1,600 पाठवले, कृपया हे या UPI ID वर परत करा: cujcx63@axl",No,No,No
spam,तुमचे Axis Bank पर्सनल लोन Rs.886 चे पूर्व-मंजूर आहे. प्रक्रियेसाठी तुमचे बँक खाते आणि आधार तपशील शेअर करा.,No,No,No
spam,तुमचे Canara Bank पर्सनल लोन Rs.692 चे पूर्व-मंजूर आहे. प्रक्रियेसाठी तुमचे बँक खाते आणि आधार तपशील शेअर करा.,No,No,No
spam,"Ayushman Bharat: तुमचा शिष्यवृत्ती लाभ Rs.43,309 ट्रान्सफरसाठी तयार आहे. मिळवण्यासाठी तुमची बँक पासबुक माहिती सबमिट करा.",No,No,No
spam,"PM Ujjwala Yojana अलर्ट: तुम्ही योजनेअंतर्गत Rs.39,895 साठी पात्र आहात. दावा करण्यासाठी तुमचा आधार आणि बँक खाते क्रमांक शेअर करा.",No,No,No
spam,"हाय, मला वाटते मी दुसऱ्याला पेमेंट करताना चुकून तुम्हाला Rs.91,561 पाठवले. कृपया yxqxhi91@axl वर परत पाठवा, धन्यवाद.",No,No,No
spam,"मी चुकून तुमच्या Paytm वर Rs.974 पाठवले, कृपया हे या UPI ID वर परत करा: slunhk92@paytm",No,No,No
spam,"PMAY अलर्ट: तुम्ही योजनेअंतर्गत Rs.9,314 साठी पात्र आहात. दावा करण्यासाठी तुमचा आधार आणि बँक खाते क्रमांक शेअर करा.",No,No,No
spam,"हाय, मला वाटते मी दुसऱ्याला पेमेंट करताना चुकून तुम्हाला Rs.9,479 पाठवले. कृपया ggmnf89@ybl वर परत पाठवा, धन्यवाद.",No,No,No
spam,"PM Kisan Samman Nidhi अलर्ट: तुम्ही योजनेअंतर्गत Rs.12,646 साठी पात्र आहात. दावा करण्यासाठी तुमचा आधार आणि बँक खाते क्रमांक शेअर करा.",No,No,No
spam,"तुम्हाला Wipro सोबत वर्क-फ्रॉम-होम जॉबसाठी निवडले आहे. Rs.57,712 चा जॉइनिंग बोनस मिळवण्यासाठी तुमची बँक माहिती शेअर करा.",No,No,No
spam,"चुकून माझ्या खात्यातून तुमच्या खात्यात Rs.907 ट्रान्सफर झाले आहेत, लवकरात लवकर exksgtyq58@oksbi वर रिफंड करा.",No,No,No
spam,"तुमच्या विमा पॉलिसीची मुदतपूर्ती रक्कम Rs.57,803 तयार आहे. पेमेंट मिळवण्यासाठी तुमची बँक पासबुक माहिती पाठवा.",No,No,No
spam,"तुम्हाला Wipro सोबत वर्क-फ्रॉम-होम जॉबसाठी निवडले आहे. Rs.2,700 चा जॉइनिंग बोनस मिळवण्यासाठी तुमची बँक माहिती शेअर करा.",No,No,No
spam,"मी चुकून तुमच्या Google Pay वर Rs.5,153 पाठवले, कृपया हे या UPI ID वर परत करा: cgfapu@okhdfcbank",No,No,No
spam,तुम्हाला Wipro सोबत वर्क-फ्रॉम-होम जॉबसाठी निवडले आहे. Rs.865 चा जॉइनिंग बोनस मिळवण्यासाठी तुमची बँक माहिती शेअर करा.,No,No,No
spam,"हाय, मला वाटते मी दुसऱ्याला पेमेंट करताना चुकून तुम्हाला Rs.546 पाठवले. कृपया hjcsk69@oksbi वर परत पाठवा, धन्यवाद.",No,No,No
spam,"हाय, मला वाटते मी दुसऱ्याला पेमेंट करताना चुकून तुम्हाला Rs.8,191 पाठवले. कृपया bzfxuuub@oksbi वर परत पाठवा, धन्यवाद.",No,No,No
spam,"माफ करा, मी चुकून चुकीच्या नंबरवर Rs.3,237 ट्रान्सफर केले, हे तुमचे खाते वाटते. कृपया xzwlk@ibl वर परत पाठवा.",No,No,No
spam,"माफ करा, मी चुकून चुकीच्या नंबरवर Rs.873 ट्रान्सफर केले, हे तुमचे खाते वाटते. कृपया iicndllw62@okicici वर परत पाठवा.",No,No,No
spam,"हाय, मला वाटते मी दुसऱ्याला पेमेंट करताना चुकून तुम्हाला Rs.9,169 पाठवले. कृपया pgyriuq57@paytm वर परत पाठवा, धन्यवाद.",No,No,No
spam,"चुकून माझ्या खात्यातून तुमच्या खात्यात Rs.1,469 ट्रान्सफर झाले आहेत, लवकरात लवकर iaajoa77@ibl वर रिफंड करा.",No,No,No
spam,"माफ करा, मी चुकून चुकीच्या नंबरवर Rs.5,788 ट्रान्सफर केले, हे तुमचे खाते वाटते. कृपया hskfur54@axl वर परत पाठवा.",No,No,No
spam,"माफ करा, मी चुकून चुकीच्या नंबरवर Rs.920 ट्रान्सफर केले, हे तुमचे खाते वाटते. कृपया rkgctimc@okhdfcbank वर परत पाठवा.",No,No,No
spam,"PM Ujjwala Yojana: तुमचा शिष्यवृत्ती लाभ Rs.11,379 ट्रान्सफरसाठी तयार आहे. मिळवण्यासाठी तुमची बँक पासबुक माहिती सबमिट करा.",No,No,No
spam,"LPG Subsidy Scheme: तुमचा शिष्यवृत्ती लाभ Rs.1,910 ट्रान्सफरसाठी तयार आहे. मिळवण्यासाठी तुमची बँक पासबुक माहिती सबमिट करा.",No,No,No
spam,"तुमचे Canara Bank पर्सनल लोन Rs.3,148 चे पूर्व-मंजूर आहे. प्रक्रियेसाठी तुमचे बँक खाते आणि आधार तपशील शेअर करा.",No,No,No
spam,State Scholarship Scheme अलर्ट: तुम्ही योजनेअंतर्गत Rs.789 साठी पात्र आहात. दावा करण्यासाठी तुमचा आधार आणि बँक खाते क्रमांक शेअर करा.,No,No,No
spam,"चुकून माझ्या खात्यातून तुमच्या खात्यात Rs.2,542 ट्रान्सफर झाले आहेत, लवकरात लवकर mvhtmtk@okhdfcbank वर रिफंड करा.",No,No,No
spam,PM Ujjwala Yojana अलर्ट: तुम्ही योजनेअंतर्गत Rs.905 साठी पात्र आहात. दावा करण्यासाठी तुमचा आधार आणि बँक खाते क्रमांक शेअर करा.,No,No,No
spam,"तुम्हाला Wipro सोबत वर्क-फ्रॉम-होम जॉबसाठी निवडले आहे. Rs.3,429 चा जॉइनिंग बोनस मिळवण्यासाठी तुमची बँक माहिती शेअर करा.",No,No,No
spam,"LPG Subsidy Scheme: तुमचा शिष्यवृत्ती लाभ Rs.35,778 ट्रान्सफरसाठी तयार आहे. मिळवण्यासाठी तुमची बँक पासबुक माहिती सबमिट करा.",No,No,No
spam,"माफ करा, मी चुकून चुकीच्या नंबरवर Rs.7,858 ट्रान्सफर केले, हे तुमचे खाते वाटते. कृपया yivti@okicici वर परत पाठवा.",No,No,No
spam,State Scholarship Scheme अलर्ट: तुम्ही योजनेअंतर्गत Rs.874 साठी पात्र आहात. दावा करण्यासाठी तुमचा आधार आणि बँक खाते क्रमांक शेअर करा.,No,No,No
spam,"हाय, मला वाटते मी दुसऱ्याला पेमेंट करताना चुकून तुम्हाला Rs.41,904 पाठवले. कृपया bmdrjgsi@okicici वर परत पाठवा, धन्यवाद.",No,No,No
spam,"Ayushman Bharat: तुमचा शिष्यवृत्ती लाभ Rs.3,812 ट्रान्सफरसाठी तयार आहे. मिळवण्यासाठी तुमची बँक पासबुक माहिती सबमिट करा.",No,No,No
spam,"चुकून माझ्या खात्यातून तुमच्या खात्यात Rs.1,287 ट्रान्सफर झाले आहेत, लवकरात लवकर qtvji16@axl वर रिफंड करा.",No,No,No
spam,"अभिनंदन, Post Matric Scholarship अंतर्गत तुमचा अर्ज Rs.13,149 साठी मंजूर झाला आहे. वितरणासाठी तुमची बँक माहिती पाठवा.",No,No,No
spam,"तुमचे Punjab National Bank पर्सनल लोन Rs.7,079 चे पूर्व-मंजूर आहे. प्रक्रियेसाठी तुमचे बँक खाते आणि आधार तपशील शेअर करा.",No,No,No
spam,"माफ करा, मी चुकून चुकीच्या नंबरवर Rs.2,582 ट्रान्सफर केले, हे तुमचे खाते वाटते. कृपया ljmiy38@ybl वर परत पाठवा.",No,No,No
spam,"Post Matric Scholarship: तुमचा शिष्यवृत्ती लाभ Rs.67,784 ट्रान्सफरसाठी तयार आहे. मिळवण्यासाठी तुमची बँक पासबुक माहिती सबमिट करा.",No,No,No
spam,तुमचे Bank of Baroda पर्सनल लोन Rs.942 चे पूर्व-मंजूर आहे. प्रक्रियेसाठी तुमचे बँक खाते आणि आधार तपशील शेअर करा.,No,No,No
spam,"हाय, मला वाटते मी दुसऱ्याला पेमेंट करताना चुकून तुम्हाला Rs.93,297 पाठवले. कृपया viybb@axl वर परत पाठवा, धन्यवाद.",No,No,No
spam,"चुकून माझ्या खात्यातून तुमच्या खात्यात Rs.620 ट्रान्सफर झाले आहेत, लवकरात लवकर oziepf49@okhdfcbank वर रिफंड करा.",No,No,No
spam,"तुमचे ICICI Bank पर्सनल लोन Rs.39,290 चे पूर्व-मंजूर आहे. प्रक्रियेसाठी तुमचे बँक खाते आणि आधार तपशील शेअर करा.",No,No,No
spam,"LPG Subsidy Scheme: तुमचा शिष्यवृत्ती लाभ Rs.18,593 ट्रान्सफरसाठी तयार आहे. मिळवण्यासाठी तुमची बँक पासबुक माहिती सबमिट करा.",No,No,No
spam,"अभिनंदन, Ayushman Bharat अंतर्गत तुमचा अर्ज Rs.882 साठी मंजूर झाला आहे. वितरणासाठी तुमची बँक माहिती पाठवा.",No,No,No
spam,तुमच्या विमा पॉलिसीची मुदतपूर्ती रक्कम Rs.851 तयार आहे. पेमेंट मिळवण्यासाठी तुमची बँक पासबुक माहिती पाठवा.,No,No,No
spam,"हाय, मला वाटते मी दुसऱ्याला पेमेंट करताना चुकून तुम्हाला Rs.656 पाठवले. कृपया sibhroyj@okicici वर परत पाठवा, धन्यवाद.",No,No,No
spam,"अभिनंदन, Post Matric Scholarship अंतर्गत तुमचा अर्ज Rs.9,361 साठी मंजूर झाला आहे. वितरणासाठी तुमची बँक माहिती पाठवा.",No,No,No
spam,"माफ करा, मी चुकून चुकीच्या नंबरवर Rs.64,579 ट्रान्सफर केले, हे तुमचे खाते वाटते. कृपया oqrxkco@paytm वर परत पाठवा.",No,No,No
spam,तुम्हाला Flipkart सोबत वर्क-फ्रॉम-होम जॉबसाठी निवडले आहे. Rs.868 चा जॉइनिंग बोनस मिळवण्यासाठी तुमची बँक माहिती शेअर करा.,No,No,No
spam,"PM Ujjwala Yojana अलर्ट: तुम्ही योजनेअंतर्गत Rs.7,404 साठी पात्र आहात. दावा करण्यासाठी तुमचा आधार आणि बँक खाते क्रमांक शेअर करा.",No,No,No
spam,LPG Subsidy Scheme: तुमचा शिष्यवृत्ती लाभ Rs.879 ट्रान्सफरसाठी तयार आहे. मिळवण्यासाठी तुमची बँक पासबुक माहिती सबमिट करा.,No,No,No
spam,"Ayushman Bharat अलर्ट: तुम्ही योजनेअंतर्गत Rs.1,424 साठी पात्र आहात. दावा करण्यासाठी तुमचा आधार आणि बँक खाते क्रमांक शेअर करा.",No,No,No
spam,"अभिनंदन, State Scholarship Scheme अंतर्गत तुमचा अर्ज Rs.984 साठी मंजूर झाला आहे. वितरणासाठी तुमची बँक माहिती पाठवा.",No,No,No
spam,Post Matric Scholarship अलर्ट: तुम्ही योजनेअंतर्गत Rs.609 साठी पात्र आहात. दावा करण्यासाठी तुमचा आधार आणि बँक खाते क्रमांक शेअर करा.,No,No,No
spam,"मी चुकून तुमच्या PhonePe वर Rs.3,693 पाठवले, कृपया हे या UPI ID वर परत करा: tgygf28@ybl",No,No,No
spam,"माफ करा, मी चुकून चुकीच्या नंबरवर Rs.3,074 ट्रान्सफर केले, हे तुमचे खाते वाटते. कृपया qfzuvf77@axl वर परत पाठवा.",No,No,No
spam,"तुमच्या विमा पॉलिसीची मुदतपूर्ती रक्कम Rs.9,007 तयार आहे. पेमेंट मिळवण्यासाठी तुमची बँक पासबुक माहिती पाठवा.",No,No,No
spam,"हाय, मला वाटते मी दुसऱ्याला पेमेंट करताना चुकून तुम्हाला Rs.905 पाठवले. कृपया vnhna60@paytm वर परत पाठवा, धन्यवाद.",No,No,No
spam,"अभिनंदन, LPG Subsidy Scheme अंतर्गत तुमचा अर्ज Rs.25,967 साठी मंजूर झाला आहे. वितरणासाठी तुमची बँक माहिती पाठवा.",No,No,No
spam,"मी चुकून तुमच्या Amazon Pay वर Rs.3,467 पाठवले, कृपया हे या UPI ID वर परत करा: fjecupzf40@oksbi",No,No,No
spam,"माफ करा, मी चुकून चुकीच्या नंबरवर Rs.559 ट्रान्सफर केले, हे तुमचे खाते वाटते. कृपया nhsgzkr38@ibl वर परत पाठवा.",No,No,No
spam,"हाय, मला वाटते मी दुसऱ्याला पेमेंट करताना चुकून तुम्हाला Rs.626 पाठवले. कृपया wijyqbt@okicici वर परत पाठवा, धन्यवाद.",No,No,No
spam,"तुमचे Kotak Mahindra Bank पर्सनल लोन Rs.4,883 चे पूर्व-मंजूर आहे. प्रक्रियेसाठी तुमचे बँक खाते आणि आधार तपशील शेअर करा.",No,No,No
spam,"तुमच्या विमा पॉलिसीची मुदतपूर्ती रक्कम Rs.8,554 तयार आहे. पेमेंट मिळवण्यासाठी तुमची बँक पासबुक माहिती पाठवा.",No,No,No
spam,"तुमचे Axis Bank पर्सनल लोन Rs.10,867 चे पूर्व-मंजूर आहे. प्रक्रियेसाठी तुमचे बँक खाते आणि आधार तपशील शेअर करा.",No,No,No
spam,"मी चुकून तुमच्या Paytm वर Rs.8,319 पाठवले, कृपया हे या UPI ID वर परत करा: ysqid@oksbi",No,No,No
spam,तुमचे Axis Bank पर्सनल लोन Rs.849 चे पूर्व-मंजूर आहे. प्रक्रियेसाठी तुमचे बँक खाते आणि आधार तपशील शेअर करा.,No,No,No
spam,"अभिनंदन, Ayushman Bharat अंतर्गत तुमचा अर्ज Rs.626 साठी मंजूर झाला आहे. वितरणासाठी तुमची बँक माहिती पाठवा.",No,No,No
spam,"तुमच्या विमा पॉलिसीची मुदतपूर्ती रक्कम Rs.7,239 तयार आहे. पेमेंट मिळवण्यासाठी तुमची बँक पासबुक माहिती पाठवा.",No,No,No
spam,"तुमच्या विमा पॉलिसीची मुदतपूर्ती रक्कम Rs.9,496 तयार आहे. पेमेंट मिळवण्यासाठी तुमची बँक पासबुक माहिती पाठवा.",No,No,No
spam,तुम्हाला Reliance सोबत वर्क-फ्रॉम-होम जॉबसाठी निवडले आहे. Rs.774 चा जॉइनिंग बोनस मिळवण्यासाठी तुमची बँक माहिती शेअर करा.,No,No,No
spam,"मी चुकून तुमच्या Paytm वर Rs.26,418 पाठवले, कृपया हे या UPI ID वर परत करा: gqitxuei19@okhdfcbank",No,No,No
spam,"चुकून माझ्या खात्यातून तुमच्या खात्यात Rs.7,441 ट्रान्सफर झाले आहेत, लवकरात लवकर qcudtvnv81@axl वर रिफंड करा.",No,No,No
spam,"तुम्हाला HCL सोबत वर्क-फ्रॉम-होम जॉबसाठी निवडले आहे. Rs.3,998 चा जॉइनिंग बोनस मिळवण्यासाठी तुमची बँक माहिती शेअर करा.",No,No,No
spam,"हाय, मला वाटते मी दुसऱ्याला पेमेंट करताना चुकून तुम्हाला Rs.785 पाठवले. कृपया ngdjnht21@ybl वर परत पाठवा, धन्यवाद.",No,No,No
spam,"PM Kisan Samman Nidhi अलर्ट: तुम्ही योजनेअंतर्गत Rs.25,726 साठी पात्र आहात. दावा करण्यासाठी तुमचा आधार आणि बँक खाते क्रमांक शेअर करा.",No,No,No
spam,"माफ करा, मी चुकून चुकीच्या नंबरवर Rs.77,657 ट्रान्सफर केले, हे तुमचे खाते वाटते. कृपया qvhehndb80@ybl वर परत पाठवा.",No,No,No
spam,"तुमचे Canara Bank पर्सनल लोन Rs.69,413 चे पूर्व-मंजूर आहे. प्रक्रियेसाठी तुमचे बँक खाते आणि आधार तपशील शेअर करा.",No,No,No
spam,"तुमच्या विमा पॉलिसीची मुदतपूर्ती रक्कम Rs.6,433 तयार आहे. पेमेंट मिळवण्यासाठी तुमची बँक पासबुक माहिती पाठवा.",No,No,No
spam,PM Kisan Samman Nidhi अलर्ट: तुम्ही योजनेअंतर्गत Rs.911 साठी पात्र आहात. दावा करण्यासाठी तुमचा आधार आणि बँक खाते क्रमांक शेअर करा.,No,No,No
spam,"अभिनंदन, LPG Subsidy Scheme अंतर्गत तुमचा अर्ज Rs.753 साठी मंजूर झाला आहे. वितरणासाठी तुमची बँक माहिती पाठवा.",No,No,No
spam,"तुमचे Punjab National Bank पर्सनल लोन Rs.6,116 चे पूर्व-मंजूर आहे. प्रक्रियेसाठी तुमचे बँक खाते आणि आधार तपशील शेअर करा.",No,No,No
spam,"अभिनंदन, Post Matric Scholarship अंतर्गत तुमचा अर्ज Rs.508 साठी मंजूर झाला आहे. वितरणासाठी तुमची बँक माहिती पाठवा.",No,No,No
spam,"तुमचे Punjab National Bank पर्सनल लोन Rs.3,150 चे पूर्व-मंजूर आहे. प्रक्रियेसाठी तुमचे बँक खाते आणि आधार तपशील शेअर करा.",No,No,No
spam,"मी चुकून तुमच्या Google Pay वर Rs.889 पाठवले, कृपया हे या UPI ID वर परत करा: lzpltoab@ibl",No,No,No
spam,PM Ujjwala Yojana अलर्ट: तुम्ही योजनेअंतर्गत Rs.516 साठी पात्र आहात. दावा करण्यासाठी तुमचा आधार आणि बँक खाते क्रमांक शेअर करा.,No,No,No
spam,"हाय, मला वाटते मी दुसऱ्याला पेमेंट करताना चुकून तुम्हाला Rs.27,756 पाठवले. कृपया sgkiiysd84@oksbi वर परत पाठवा, धन्यवाद.",No,No,No
spam,तुमचे ICICI Bank पर्सनल लोन Rs.947 चे पूर्व-मंजूर आहे. प्रक्रियेसाठी तुमचे बँक खाते आणि आधार तपशील शेअर करा.,No,No,No
spam,PMAY: तुमचा शिष्यवृत्ती लाभ Rs.876 ट्रान्सफरसाठी तयार आहे. मिळवण्यासाठी तुमची बँक पासबुक माहिती सबमिट करा.,No,No,No
spam,"Post Matric Scholarship अलर्ट: तुम्ही योजनेअंतर्गत Rs.12,121 साठी पात्र आहात. दावा करण्यासाठी तुमचा आधार आणि बँक खाते क्रमांक शेअर करा.",No,No,No
spam,"National Scholarship Portal अलर्ट: तुम्ही योजनेअंतर्गत Rs.61,149 साठी पात्र आहात. दावा करण्यासाठी तुमचा आधार आणि बँक खाते क्रमांक शेअर करा.",No,No,No
spam,"माफ करा, मी चुकून चुकीच्या नंबरवर Rs.7,563 ट्रान्सफर केले, हे तुमचे खाते वाटते. कृपया boilf37@oksbi वर परत पाठवा.",No,No,No
spam,"तुमचे Canara Bank पर्सनल लोन Rs.76,667 चे पूर्व-मंजूर आहे. प्रक्रियेसाठी तुमचे बँक खाते आणि आधार तपशील शेअर करा.",No,No,No
spam,"अभिनंदन, LPG Subsidy Scheme अंतर्गत तुमचा अर्ज Rs.3,364 साठी मंजूर झाला आहे. वितरणासाठी तुमची बँक माहिती पाठवा.",No,No,No
spam,तुम्हाला Reliance सोबत वर्क-फ्रॉम-होम जॉबसाठी निवडले आहे. Rs.667 चा जॉइनिंग बोनस मिळवण्यासाठी तुमची बँक माहिती शेअर करा.,No,No,No
spam,"PM Kisan Samman Nidhi अलर्ट: तुम्ही योजनेअंतर्गत Rs.19,367 साठी पात्र आहात. दावा करण्यासाठी तुमचा आधार आणि बँक खाते क्रमांक शेअर करा.",No,No,No
spam,"LPG Subsidy Scheme अलर्ट: तुम्ही योजनेअंतर्गत Rs.5,417 साठी पात्र आहात. दावा करण्यासाठी तुमचा आधार आणि बँक खाते क्रमांक शेअर करा.",No,No,No
spam,National Scholarship Portal: तुमचा शिष्यवृत्ती लाभ Rs.674 ट्रान्सफरसाठी तयार आहे. मिळवण्यासाठी तुमची बँक पासबुक माहिती सबमिट करा.,No,No,No
spam,"हाय, मला वाटते मी दुसऱ्याला पेमेंट करताना चुकून तुम्हाला Rs.718 पाठवले. कृपया ukzhbc21@okicici वर परत पाठवा, धन्यवाद.",No,No,No
spam,"अभिनंदन, National Scholarship Portal अंतर्गत तुमचा अर्ज Rs.94,348 साठी मंजूर झाला आहे. वितरणासाठी तुमची बँक माहिती पाठवा.",No,No,No
spam,"तुमच्या विमा पॉलिसीची मुदतपूर्ती रक्कम Rs.45,494 तयार आहे. पेमेंट मिळवण्यासाठी तुमची बँक पासबुक माहिती पाठवा.",No,No,No
spam,"PM Kisan Samman Nidhi अलर्ट: तुम्ही योजनेअंतर्गत Rs.77,416 साठी पात्र आहात. दावा करण्यासाठी तुमचा आधार आणि बँक खाते क्रमांक शेअर करा.",No,No,No
spam,"हाय, मला वाटते मी दुसऱ्याला पेमेंट करताना चुकून तुम्हाला Rs.5,052 पाठवले. कृपया oikhuacq49@okicici वर परत पाठवा, धन्यवाद.",No,No,No
spam,"हाय, मला वाटते मी दुसऱ्याला पेमेंट करताना चुकून तुम्हाला Rs.27,574 पाठवले. कृपया rjsvfkz@paytm वर परत पाठवा, धन्यवाद.",No,No,No
spam,"तुमच्या विमा पॉलिसीची मुदतपूर्ती रक्कम Rs.1,715 तयार आहे. पेमेंट मिळवण्यासाठी तुमची बँक पासबुक माहिती पाठवा.",No,No,No
spam,"मी चुकून तुमच्या PhonePe वर Rs.16,687 पाठवले, कृपया हे या UPI ID वर परत करा: xymhpqlf19@ibl",No,No,No
spam,"हाय, मला वाटते मी दुसऱ्याला पेमेंट करताना चुकून तुम्हाला Rs.65,042 पाठवले. कृपया kbdrqwi71@okicici वर परत पाठवा, धन्यवाद.",No,No,No
spam,"PM Ujjwala Yojana: तुमचा शिष्यवृत्ती लाभ Rs.46,157 ट्रान्सफरसाठी तयार आहे. मिळवण्यासाठी तुमची बँक पासबुक माहिती सबमिट करा.",No,No,No
spam,"चुकून माझ्या खात्यातून तुमच्या खात्यात Rs.70,550 ट्रान्सफर झाले आहेत, लवकरात लवकर nhmxhcz19@oksbi वर रिफंड करा.",No,No,No
spam,"अभिनंदन, PMAY अंतर्गत तुमचा अर्ज Rs.38,729 साठी मंजूर झाला आहे. वितरणासाठी तुमची बँक माहिती पाठवा.",No,No,No
spam,तुमच्या विमा पॉलिसीची मुदतपूर्ती रक्कम Rs.926 तयार आहे. पेमेंट मिळवण्यासाठी तुमची बँक पासबुक माहिती पाठवा.,No,No,No
spam,तुम्हाला TCS सोबत वर्क-फ्रॉम-होम जॉबसाठी निवडले आहे. Rs.706 चा जॉइनिंग बोनस मिळवण्यासाठी तुमची बँक माहिती शेअर करा.,No,No,No
spam,"PM Kisan Samman Nidhi अलर्ट: तुम्ही योजनेअंतर्गत Rs.7,391 साठी पात्र आहात. दावा करण्यासाठी तुमचा आधार आणि बँक खाते क्रमांक शेअर करा.",No,No,No
spam,"अभिनंदन, Post Matric Scholarship अंतर्गत तुमचा अर्ज Rs.578 साठी मंजूर झाला आहे. वितरणासाठी तुमची बँक माहिती पाठवा.",No,No,No
spam,"माफ करा, मी चुकून चुकीच्या नंबरवर Rs.683 ट्रान्सफर केले, हे तुमचे खाते वाटते. कृपया bpyiztvt@axl वर परत पाठवा.",No,No,No
spam,"अभिनंदन, National Scholarship Portal अंतर्गत तुमचा अर्ज Rs.9,468 साठी मंजूर झाला आहे. वितरणासाठी तुमची बँक माहिती पाठवा.",No,No,No
spam,PM Kisan Samman Nidhi अलर्ट: तुम्ही योजनेअंतर्गत Rs.636 साठी पात्र आहात. दावा करण्यासाठी तुमचा आधार आणि बँक खाते क्रमांक शेअर करा.,No,No,No
spam,"हाय, मला वाटते मी दुसऱ्याला पेमेंट करताना चुकून तुम्हाला Rs.68,966 पाठवले. कृपया lwtzzxva@okhdfcbank वर परत पाठवा, धन्यवाद.",No,No,No
spam,"तुमच्या विमा पॉलिसीची मुदतपूर्ती रक्कम Rs.21,806 तयार आहे. पेमेंट मिळवण्यासाठी तुमची बँक पासबुक माहिती पाठवा.",No,No,No
spam,"चुकून माझ्या खात्यातून तुमच्या खात्यात Rs.838 ट्रान्सफर झाले आहेत, लवकरात लवकर sdztw42@axl वर रिफंड करा.",No,No,No
spam,"चुकून माझ्या खात्यातून तुमच्या खात्यात Rs.5,153 ट्रान्सफर झाले आहेत, लवकरात लवकर duibv69@paytm वर रिफंड करा.",No,No,No
spam,"Post Matric Scholarship अलर्ट: तुम्ही योजनेअंतर्गत Rs.41,634 साठी पात्र आहात. दावा करण्यासाठी तुमचा आधार आणि बँक खाते क्रमांक शेअर करा.",No,No,No
spam,"हाय, मला वाटते मी दुसऱ्याला पेमेंट करताना चुकून तुम्हाला Rs.19,954 पाठवले. कृपया cpmmbp82@oksbi वर परत पाठवा, धन्यवाद.",No,No,No
spam,"National Scholarship Portal: तुमचा शिष्यवृत्ती लाभ Rs.8,904 ट्रान्सफरसाठी तयार आहे. मिळवण्यासाठी तुमची बँक पासबुक माहिती सबमिट करा.",No,No,No
spam,"Post Matric Scholarship अलर्ट: तुम्ही योजनेअंतर्गत Rs.74,711 साठी पात्र आहात. दावा करण्यासाठी तुमचा आधार आणि बँक खाते क्रमांक शेअर करा.",No,No,No
spam,LPG Subsidy Scheme: तुमचा शिष्यवृत्ती लाभ Rs.752 ट्रान्सफरसाठी तयार आहे. मिळवण्यासाठी तुमची बँक पासबुक माहिती सबमिट करा.,No,No,No
spam,"PM Ujjwala Yojana: तुमचा शिष्यवृत्ती लाभ Rs.8,456 ट्रान्सफरसाठी तयार आहे. मिळवण्यासाठी तुमची बँक पासबुक माहिती सबमिट करा.",No,No,No
spam,"PM Kisan Samman Nidhi: तुमचा शिष्यवृत्ती लाभ Rs.4,869 ट्रान्सफरसाठी तयार आहे. मिळवण्यासाठी तुमची बँक पासबुक माहिती सबमिट करा.",No,No,No
spam,"अभिनंदन, PMAY अंतर्गत तुमचा अर्ज Rs.3,839 साठी मंजूर झाला आहे. वितरणासाठी तुमची बँक माहिती पाठवा.",No,No,No
spam,तुमच्या विमा पॉलिसीची मुदतपूर्ती रक्कम Rs.510 तयार आहे. पेमेंट मिळवण्यासाठी तुमची बँक पासबुक माहिती पाठवा.,No,No,No
spam,"LPG Subsidy Scheme अलर्ट: तुम्ही योजनेअंतर्गत Rs.3,311 साठी पात्र आहात. दावा करण्यासाठी तुमचा आधार आणि बँक खाते क्रमांक शेअर करा.",No,No,No
spam,"अभिनंदन, National Scholarship Portal अंतर्गत तुमचा अर्ज Rs.9,013 साठी मंजूर झाला आहे. वितरणासाठी तुमची बँक माहिती पाठवा.",No,No,No
spam,"मी चुकून तुमच्या Paytm वर Rs.13,031 पाठवले, कृपया हे या UPI ID वर परत करा: mvhtj@oksbi",No,No,No
spam,"तुम्हाला Infosys सोबत वर्क-फ्रॉम-होम जॉबसाठी निवडले आहे. Rs.73,503 चा जॉइनिंग बोनस मिळवण्यासाठी तुमची बँक माहिती शेअर करा.",No,No,No
spam,"माफ करा, मी चुकून चुकीच्या नंबरवर Rs.18,860 ट्रान्सफर केले, हे तुमचे खाते वाटते. कृपया pokblhm@ibl वर परत पाठवा.",No,No,No
spam,तुमचे SBI पर्सनल लोन Rs.515 चे पूर्व-मंजूर आहे. प्रक्रियेसाठी तुमचे बँक खाते आणि आधार तपशील शेअर करा.,No,No,No
spam,"तुमचे Bank of Baroda पर्सनल लोन Rs.9,392 चे पूर्व-मंजूर आहे. प्रक्रियेसाठी तुमचे बँक खाते आणि आधार तपशील शेअर करा.",No,No,No
spam,"माफ करा, मी चुकून चुकीच्या नंबरवर Rs.5,089 ट्रान्सफर केले, हे तुमचे खाते वाटते. कृपया qdchse19@okicici वर परत पाठवा.",No,No,No
spam,"तुम्हाला TCS सोबत वर्क-फ्रॉम-होम जॉबसाठी निवडले आहे. Rs.6,667 चा जॉइनिंग बोनस मिळवण्यासाठी तुमची बँक माहिती शेअर करा.",No,No,No
spam,"चुकून माझ्या खात्यातून तुमच्या खात्यात Rs.979 ट्रान्सफर झाले आहेत, लवकरात लवकर zvmkctw59@okhdfcbank वर रिफंड करा.",No,No,No
spam,"अभिनंदन, Ayushman Bharat अंतर्गत तुमचा अर्ज Rs.9,203 साठी मंजूर झाला आहे. वितरणासाठी तुमची बँक माहिती पाठवा.",No,No,No
spam,"अभिनंदन, PMAY अंतर्गत तुमचा अर्ज Rs.40,503 साठी मंजूर झाला आहे. वितरणासाठी तुमची बँक माहिती पाठवा.",No,No,No
spam,"चुकून माझ्या खात्यातून तुमच्या खात्यात Rs.860 ट्रान्सफर झाले आहेत, लवकरात लवकर hzxjfw@paytm वर रिफंड करा.",No,No,No
spam,"LPG Subsidy Scheme अलर्ट: तुम्ही योजनेअंतर्गत Rs.8,036 साठी पात्र आहात. दावा करण्यासाठी तुमचा आधार आणि बँक खाते क्रमांक शेअर करा.",No,No,No
spam,"मी चुकून तुमच्या Amazon Pay वर Rs.58,150 पाठवले, कृपया हे या UPI ID वर परत करा: ploqm18@okicici",No,No,No
spam,"हाय, मला वाटते मी दुसऱ्याला पेमेंट करताना चुकून तुम्हाला Rs.854 पाठवले. कृपया ezvwotze@paytm वर परत पाठवा, धन्यवाद.",No,No,No
spam,"National Scholarship Portal: तुमचा शिष्यवृत्ती लाभ Rs.8,763 ट्रान्सफरसाठी तयार आहे. मिळवण्यासाठी तुमची बँक पासबुक माहिती सबमिट करा.",No,No,No
spam,"माफ करा, मी चुकून चुकीच्या नंबरवर Rs.48,579 ट्रान्सफर केले, हे तुमचे खाते वाटते. कृपया fgjfos35@axl वर परत पाठवा.",No,No,No
spam,"चुकून माझ्या खात्यातून तुमच्या खात्यात Rs.777 ट्रान्सफर झाले आहेत, लवकरात लवकर weypla33@axl वर रिफंड करा.",No,No,No
spam,तुमचे Kotak Mahindra Bank पर्सनल लोन Rs.538 चे पूर्व-मंजूर आहे. प्रक्रियेसाठी तुमचे बँक खाते आणि आधार तपशील शेअर करा.,No,No,No
spam,तुमचे ICICI Bank पर्सनल लोन Rs.789 चे पूर्व-मंजूर आहे. प्रक्रियेसाठी तुमचे बँक खाते आणि आधार तपशील शेअर करा.,No,No,No
spam,"मी चुकून तुमच्या Google Pay वर Rs.63,593 पाठवले, कृपया हे या UPI ID वर परत करा: oudyjj44@axl",No,No,No
spam,"तुमच्या विमा पॉलिसीची मुदतपूर्ती रक्कम Rs.53,575 तयार आहे. पेमेंट मिळवण्यासाठी तुमची बँक पासबुक माहिती पाठवा.",No,No,No
spam,"माफ करा, मी चुकून चुकीच्या नंबरवर Rs.5,631 ट्रान्सफर केले, हे तुमचे खाते वाटते. कृपया uukpewjk52@ibl वर परत पाठवा.",No,No,No
spam,"हाय, मला वाटते मी दुसऱ्याला पेमेंट करताना चुकून तुम्हाला Rs.56,505 पाठवले. कृपया denyn15@ybl वर परत पाठवा, धन्यवाद.",No,No,No
spam,"हाय, मला वाटते मी दुसऱ्याला पेमेंट करताना चुकून तुम्हाला Rs.12,440 पाठवले. कृपया vermeohc50@oksbi वर परत पाठवा, धन्यवाद.",No,No,No
spam,"State Scholarship Scheme: तुमचा शिष्यवृत्ती लाभ Rs.1,805 ट्रान्सफरसाठी तयार आहे. मिळवण्यासाठी तुमची बँक पासबुक माहिती सबमिट करा.",No,No,No
spam,"अभिनंदन, State Scholarship Scheme अंतर्गत तुमचा अर्ज Rs.5,444 साठी मंजूर झाला आहे. वितरणासाठी तुमची बँक माहिती पाठवा.",No,No,No
spam,"हाय, मला वाटते मी दुसऱ्याला पेमेंट करताना चुकून तुम्हाला Rs.4,510 पाठवले. कृपया gmrwnzt@ybl वर परत पाठवा, धन्यवाद.",No,No,No
spam,"माफ करा, मी चुकून चुकीच्या नंबरवर Rs.91,246 ट्रान्सफर केले, हे तुमचे खाते वाटते. कृपया yxmgtk68@ibl वर परत पाठवा.",No,No,No
spam,"मी चुकून तुमच्या Paytm वर Rs.3,752 पाठवले, कृपया हे या UPI ID वर परत करा: lrdsmk@ybl",No,No,No
spam,तुमच्या विमा पॉलिसीची मुदतपूर्ती रक्कम Rs.634 तयार आहे. पेमेंट मिळवण्यासाठी तुमची बँक पासबुक माहिती पाठवा.,No,No,No
spam,"चुकून माझ्या खात्यातून तुमच्या खात्यात Rs.98,250 ट्रान्सफर झाले आहेत, लवकरात लवकर graipdie@axl वर रिफंड करा.",No,No,No
spam,"तुमच्या विमा पॉलिसीची मुदतपूर्ती रक्कम Rs.6,952 तयार आहे. पेमेंट मिळवण्यासाठी तुमची बँक पासबुक माहिती पाठवा.",No,No,No
spam,"चुकून माझ्या खात्यातून तुमच्या खात्यात Rs.8,213 ट्रान्सफर झाले आहेत, लवकरात लवकर hihpx67@ibl वर रिफंड करा.",No,No,No
spam,"अभिनंदन, PM Ujjwala Yojana अंतर्गत तुमचा अर्ज Rs.16,495 साठी मंजूर झाला आहे. वितरणासाठी तुमची बँक माहिती पाठवा.",No,No,No
spam,"चुकून माझ्या खात्यातून तुमच्या खात्यात Rs.92,525 ट्रान्सफर झाले आहेत, लवकरात लवकर ynmehq@ybl वर रिफंड करा.",No,No,No
spam,PM Kisan Samman Nidhi अलर्ट: तुम्ही योजनेअंतर्गत Rs.713 साठी पात्र आहात. दावा करण्यासाठी तुमचा आधार आणि बँक खाते क्रमांक शेअर करा.,No,No,No
spam,"हाय, मला वाटते मी दुसऱ्याला पेमेंट करताना चुकून तुम्हाला Rs.99,291 पाठवले. कृपया wulfp38@paytm वर परत पाठवा, धन्यवाद.",No,No,No
spam,"मी चुकून तुमच्या Amazon Pay वर Rs.72,731 पाठवले, कृपया हे या UPI ID वर परत करा: qzehugpq@paytm",No,No,No
spam,"हाय, मला वाटते मी दुसऱ्याला पेमेंट करताना चुकून तुम्हाला Rs.959 पाठवले. कृपया udpdjxki@okhdfcbank वर परत पाठवा, धन्यवाद.",No,No,No
spam,तुमच्या विमा पॉलिसीची मुदतपूर्ती रक्कम Rs.927 तयार आहे. पेमेंट मिळवण्यासाठी तुमची बँक पासबुक माहिती पाठवा.,No,No,No
spam,"मी चुकून तुमच्या Amazon Pay वर Rs.854 पाठवले, कृपया हे या UPI ID वर परत करा: fneqfmbu@okhdfcbank",No,No,No
spam,तुमच्या विमा पॉलिसीची मुदतपूर्ती रक्कम Rs.535 तयार आहे. पेमेंट मिळवण्यासाठी तुमची बँक पासबुक माहिती पाठवा.,No,No,No
spam,"अभिनंदन, Post Matric Scholarship अंतर्गत तुमचा अर्ज Rs.1,465 साठी मंजूर झाला आहे. वितरणासाठी तुमची बँक माहिती पाठवा.",No,No,No
spam,"चुकून माझ्या खात्यातून तुमच्या खात्यात Rs.1,211 ट्रान्सफर झाले आहेत, लवकरात लवकर cqesht@okhdfcbank वर रिफंड करा.",No,No,No
spam,तुमच्या विमा पॉलिसीची मुदतपूर्ती रक्कम Rs.941 तयार आहे. पेमेंट मिळवण्यासाठी तुमची बँक पासबुक माहिती पाठवा.,No,No,No
spam,"तुमच्या विमा पॉलिसीची मुदतपूर्ती रक्कम Rs.72,683 तयार आहे. पेमेंट मिळवण्यासाठी तुमची बँक पासबुक माहिती पाठवा.",No,No,No
spam,तुमच्या विमा पॉलिसीची मुदतपूर्ती रक्कम Rs.591 तयार आहे. पेमेंट मिळवण्यासाठी तुमची बँक पासबुक माहिती पाठवा.,No,No,No
spam,"मी चुकून तुमच्या Google Pay वर Rs.550 पाठवले, कृपया हे या UPI ID वर परत करा: aebrr47@paytm",No,No,No
spam,"चुकून माझ्या खात्यातून तुमच्या खात्यात Rs.594 ट्रान्सफर झाले आहेत, लवकरात लवकर ravto@okhdfcbank वर रिफंड करा.",No,No,No
spam,"माफ करा, मी चुकून चुकीच्या नंबरवर Rs.648 ट्रान्सफर केले, हे तुमचे खाते वाटते. कृपया zyrxvwuw@ibl वर परत पाठवा.",No,No,No
spam,"चुकून माझ्या खात्यातून तुमच्या खात्यात Rs.96,907 ट्रान्सफर झाले आहेत, लवकरात लवकर gddkvx@paytm वर रिफंड करा.",No,No,No
spam,"हाय, मला वाटते मी दुसऱ्याला पेमेंट करताना चुकून तुम्हाला Rs.951 पाठवले. कृपया ygmkewf32@oksbi वर परत पाठवा, धन्यवाद.",No,No,No
spam,"तुमच्या विमा पॉलिसीची मुदतपूर्ती रक्कम Rs.4,123 तयार आहे. पेमेंट मिळवण्यासाठी तुमची बँक पासबुक माहिती पाठवा.",No,No,No
spam,LPG Subsidy Scheme: तुमचा शिष्यवृत्ती लाभ Rs.985 ट्रान्सफरसाठी तयार आहे. मिळवण्यासाठी तुमची बँक पासबुक माहिती सबमिट करा.,No,No,No
spam,"चुकून माझ्या खात्यातून तुमच्या खात्यात Rs.16,818 ट्रान्सफर झाले आहेत, लवकरात लवकर oebasc@okicici वर रिफंड करा.",No,No,No
spam,"अभिनंदन, Ayushman Bharat अंतर्गत तुमचा अर्ज Rs.538 साठी मंजूर झाला आहे. वितरणासाठी तुमची बँक माहिती पाठवा.",No,No,No
spam,"तुमच्या विमा पॉलिसीची मुदतपूर्ती रक्कम Rs.8,454 तयार आहे. पेमेंट मिळवण्यासाठी तुमची बँक पासबुक माहिती पाठवा.",No,No,No
spam,"चुकून माझ्या खात्यातून तुमच्या खात्यात Rs.5,567 ट्रान्सफर झाले आहेत, लवकरात लवकर pttoqyy@okicici वर रिफंड करा.",No,No,No
spam,"अभिनंदन, National Scholarship Portal अंतर्गत तुमचा अर्ज Rs.6,015 साठी मंजूर झाला आहे. वितरणासाठी तुमची बँक माहिती पाठवा.",No,No,No
spam,"तुमच्या विमा पॉलिसीची मुदतपूर्ती रक्कम Rs.3,559 तयार आहे. पेमेंट मिळवण्यासाठी तुमची बँक पासबुक माहिती पाठवा.",No,No,No
spam,"तुम्हाला TCS सोबत वर्क-फ्रॉम-होम जॉबसाठी निवडले आहे. Rs.4,048 चा जॉइनिंग बोनस मिळवण्यासाठी तुमची बँक माहिती शेअर करा.",No,No,No
spam,LPG Subsidy Scheme अलर्ट: तुम्ही योजनेअंतर्गत Rs.659 साठी पात्र आहात. दावा करण्यासाठी तुमचा आधार आणि बँक खाते क्रमांक शेअर करा.,No,No,No
spam,"तुम्हाला TCS सोबत वर्क-फ्रॉम-होम जॉबसाठी निवडले आहे. Rs.6,383 चा जॉइनिंग बोनस मिळवण्यासाठी तुमची बँक माहिती शेअर करा.",No,No,No
spam,"चुकून माझ्या खात्यातून तुमच्या खात्यात Rs.33,739 ट्रान्सफर झाले आहेत, लवकरात लवकर nrajs@ibl वर रिफंड करा.",No,No,No
spam,"माफ करा, मी चुकून चुकीच्या नंबरवर Rs.539 ट्रान्सफर केले, हे तुमचे खाते वाटते. कृपया mtjwi77@ibl वर परत पाठवा.",No,No,No
spam,"माफ करा, मी चुकून चुकीच्या नंबरवर Rs.13,520 ट्रान्सफर केले, हे तुमचे खाते वाटते. कृपया iscmf@paytm वर परत पाठवा.",No,No,No
spam,"हाय, मला वाटते मी दुसऱ्याला पेमेंट करताना चुकून तुम्हाला Rs.2,367 पाठवले. कृपया tepdgf25@ibl वर परत पाठवा, धन्यवाद.",No,No,No
spam,"चुकून माझ्या खात्यातून तुमच्या खात्यात Rs.991 ट्रान्सफर झाले आहेत, लवकरात लवकर vhjgk93@okhdfcbank वर रिफंड करा.",No,No,No
spam,"National Scholarship Portal: तुमचा शिष्यवृत्ती लाभ Rs.38,755 ट्रान्सफरसाठी तयार आहे. मिळवण्यासाठी तुमची बँक पासबुक माहिती सबमिट करा.",No,No,No
spam,"मी चुकून तुमच्या PhonePe वर Rs.78,883 पाठवले, कृपया हे या UPI ID वर परत करा: ijwsq@paytm",No,No,No
spam,"मी चुकून तुमच्या Paytm वर Rs.7,552 पाठवले, कृपया हे या UPI ID वर परत करा: rntuo@oksbi",No,No,No
spam,"अभिनंदन, Post Matric Scholarship अंतर्गत तुमचा अर्ज Rs.6,648 साठी मंजूर झाला आहे. वितरणासाठी तुमची बँक माहिती पाठवा.",No,No,No
spam,"मी चुकून तुमच्या Amazon Pay वर Rs.9,252 पाठवले, कृपया हे या UPI ID वर परत करा: rlhijzrk58@okhdfcbank",No,No,No
spam,"माफ करा, मी चुकून चुकीच्या नंबरवर Rs.974 ट्रान्सफर केले, हे तुमचे खाते वाटते. कृपया lqsxv19@axl वर परत पाठवा.",No,No,No
spam,"माफ करा, मी चुकून चुकीच्या नंबरवर Rs.57,519 ट्रान्सफर केले, हे तुमचे खाते वाटते. कृपया kuixfaf12@axl वर परत पाठवा.",No,No,No
spam,"चुकून माझ्या खात्यातून तुमच्या खात्यात Rs.757 ट्रान्सफर झाले आहेत, लवकरात लवकर dddsfv21@ybl वर रिफंड करा.",No,No,No
spam,"मी चुकून तुमच्या Amazon Pay वर Rs.4,830 पाठवले, कृपया हे या UPI ID वर परत करा: hrempvya@axl",No,No,No
spam,"तुमच्या विमा पॉलिसीची मुदतपूर्ती रक्कम Rs.97,246 तयार आहे. पेमेंट मिळवण्यासाठी तुमची बँक पासबुक माहिती पाठवा.",No,No,No
spam,"चुकून माझ्या खात्यातून तुमच्या खात्यात Rs.2,771 ट्रान्सफर झाले आहेत, लवकरात लवकर qgjayye97@oksbi वर रिफंड करा.",No,No,No
spam,"मी चुकून तुमच्या Google Pay वर Rs.7,324 पाठवले, कृपया हे या UPI ID वर परत करा: ovklpm61@paytm",No,No,No
spam,"तुमच्या विमा पॉलिसीची मुदतपूर्ती रक्कम Rs.63,133 तयार आहे. पेमेंट मिळवण्यासाठी तुमची बँक पासबुक माहिती पाठवा.",No,No,No
spam,"PMAY अलर्ट: तुम्ही योजनेअंतर्गत Rs.6,540 साठी पात्र आहात. दावा करण्यासाठी तुमचा आधार आणि बँक खाते क्रमांक शेअर करा.",No,No,No
spam,तुम्हाला Wipro सोबत वर्क-फ्रॉम-होम जॉबसाठी निवडले आहे. Rs.598 चा जॉइनिंग बोनस मिळवण्यासाठी तुमची बँक माहिती शेअर करा.,No,No,No
spam,"PM Kisan Samman Nidhi अलर्ट: तुम्ही योजनेअंतर्गत Rs.59,298 साठी पात्र आहात. दावा करण्यासाठी तुमचा आधार आणि बँक खाते क्रमांक शेअर करा.",No,No,No
spam,"तुमच्या विमा पॉलिसीची मुदतपूर्ती रक्कम Rs.81,085 तयार आहे. पेमेंट मिळवण्यासाठी तुमची बँक पासबुक माहिती पाठवा.",No,No,No
spam,"PMAY अलर्ट: तुम्ही योजनेअंतर्गत Rs.6,378 साठी पात्र आहात. दावा करण्यासाठी तुमचा आधार आणि बँक खाते क्रमांक शेअर करा.",No,No,No
spam,"अभिनंदन, Post Matric Scholarship अंतर्गत तुमचा अर्ज Rs.863 साठी मंजूर झाला आहे. वितरणासाठी तुमची बँक माहिती पाठवा.",No,No,No
spam,"माफ करा, मी चुकून चुकीच्या नंबरवर Rs.701 ट्रान्सफर केले, हे तुमचे खाते वाटते. कृपया eushdx@ibl वर परत पाठवा.",No,No,No
spam,"तुमचे ICICI Bank पर्सनल लोन Rs.7,742 चे पूर्व-मंजूर आहे. प्रक्रियेसाठी तुमचे बँक खाते आणि आधार तपशील शेअर करा.",No,No,No
spam,"तुमच्या विमा पॉलिसीची मुदतपूर्ती रक्कम Rs.57,907 तयार आहे. पेमेंट मिळवण्यासाठी तुमची बँक पासबुक माहिती पाठवा.",No,No,No
spam,"हाय, मला वाटते मी दुसऱ्याला पेमेंट करताना चुकून तुम्हाला Rs.899 पाठवले. कृपया hrzadtdd@oksbi वर परत पाठवा, धन्यवाद.",No,No,No
spam,"हाय, मला वाटते मी दुसऱ्याला पेमेंट करताना चुकून तुम्हाला Rs.845 पाठवले. कृपया djilf95@oksbi वर परत पाठवा, धन्यवाद.",No,No,No
spam,"तुम्हाला TCS सोबत वर्क-फ्रॉम-होम जॉबसाठी निवडले आहे. Rs.30,233 चा जॉइनिंग बोनस मिळवण्यासाठी तुमची बँक माहिती शेअर करा.",No,No,No
spam,"तुमच्या विमा पॉलिसीची मुदतपूर्ती रक्कम Rs.2,257 तयार आहे. पेमेंट मिळवण्यासाठी तुमची बँक पासबुक माहिती पाठवा.",No,No,No
spam,तुमच्या विमा पॉलिसीची मुदतपूर्ती रक्कम Rs.948 तयार आहे. पेमेंट मिळवण्यासाठी तुमची बँक पासबुक माहिती पाठवा.,No,No,No
spam,"हाय, मला वाटते मी दुसऱ्याला पेमेंट करताना चुकून तुम्हाला Rs.9,540 पाठवले. कृपया zvkyc13@ibl वर परत पाठवा, धन्यवाद.",No,No,No
spam,"चुकून माझ्या खात्यातून तुमच्या खात्यात Rs.900 ट्रान्सफर झाले आहेत, लवकरात लवकर fzkwksfy@okicici वर रिफंड करा.",No,No,No
spam,"चुकून माझ्या खात्यातून तुमच्या खात्यात Rs.8,133 ट्रान्सफर झाले आहेत, लवकरात लवकर nwiie@ibl वर रिफंड करा.",No,No,No
spam,"हाय, मला वाटते मी दुसऱ्याला पेमेंट करताना चुकून तुम्हाला Rs.2,516 पाठवले. कृपया qpecdz@axl वर परत पाठवा, धन्यवाद.",No,No,No
spam,"तुम्हाला TCS सोबत वर्क-फ्रॉम-होम जॉबसाठी निवडले आहे. Rs.69,887 चा जॉइनिंग बोनस मिळवण्यासाठी तुमची बँक माहिती शेअर करा.",No,No,No
spam,"अभिनंदन, Post Matric Scholarship अंतर्गत तुमचा अर्ज Rs.964 साठी मंजूर झाला आहे. वितरणासाठी तुमची बँक माहिती पाठवा.",No,No,No
spam,"चुकून माझ्या खात्यातून तुमच्या खात्यात Rs.556 ट्रान्सफर झाले आहेत, लवकरात लवकर nrfutef71@oksbi वर रिफंड करा.",No,No,No
spam,"तुमच्या विमा पॉलिसीची मुदतपूर्ती रक्कम Rs.7,617 तयार आहे. पेमेंट मिळवण्यासाठी तुमची बँक पासबुक माहिती पाठवा.",No,No,No
spam,"माफ करा, मी चुकून चुकीच्या नंबरवर Rs.43,801 ट्रान्सफर केले, हे तुमचे खाते वाटते. कृपया iisvecpb@axl वर परत पाठवा.",No,No,No
spam,"LPG Subsidy Scheme: तुमचा शिष्यवृत्ती लाभ Rs.5,612 ट्रान्सफरसाठी तयार आहे. मिळवण्यासाठी तुमची बँक पासबुक माहिती सबमिट करा.",No,No,No
spam,"तुमच्या विमा पॉलिसीची मुदतपूर्ती रक्कम Rs.5,470 तयार आहे. पेमेंट मिळवण्यासाठी तुमची बँक पासबुक माहिती पाठवा.",No,No,No
spam,State Scholarship Scheme: तुमचा शिष्यवृत्ती लाभ Rs.566 ट्रान्सफरसाठी तयार आहे. मिळवण्यासाठी तुमची बँक पासबुक माहिती सबमिट करा.,No,No,No
spam,"मी चुकून तुमच्या Amazon Pay वर Rs.796 पाठवले, कृपया हे या UPI ID वर परत करा: rvqlrjgk20@okicici",No,No,No
spam,"तुमच्या विमा पॉलिसीची मुदतपूर्ती रक्कम Rs.51,962 तयार आहे. पेमेंट मिळवण्यासाठी तुमची बँक पासबुक माहिती पाठवा.",No,No,No
spam,"PM Kisan Samman Nidhi: तुमचा शिष्यवृत्ती लाभ Rs.48,396 ट्रान्सफरसाठी तयार आहे. मिळवण्यासाठी तुमची बँक पासबुक माहिती सबमिट करा.",No,No,No
spam,"मी चुकून तुमच्या Amazon Pay वर Rs.9,401 पाठवले, कृपया हे या UPI ID वर परत करा: rzwmeeet@axl",No,No,No
spam,"मी चुकून तुमच्या Amazon Pay वर Rs.648 पाठवले, कृपया हे या UPI ID वर परत करा: dsojqc@ibl",No,No,No
spam,"अभिनंदन, State Scholarship Scheme अंतर्गत तुमचा अर्ज Rs.787 साठी मंजूर झाला आहे. वितरणासाठी तुमची बँक माहिती पाठवा.",No,No,No
spam,"अभिनंदन, PMAY अंतर्गत तुमचा अर्ज Rs.66,252 साठी मंजूर झाला आहे. वितरणासाठी तुमची बँक माहिती पाठवा.",No,No,No
spam,"हाय, मला वाटते मी दुसऱ्याला पेमेंट करताना चुकून तुम्हाला Rs.4,321 पाठवले. कृपया earsqpbc28@okhdfcbank वर परत पाठवा, धन्यवाद.",No,No,No
spam,"तुम्हाला Amazon सोबत वर्क-फ्रॉम-होम जॉबसाठी निवडले आहे. Rs.1,685 चा जॉइनिंग बोनस मिळवण्यासाठी तुमची बँक माहिती शेअर करा.",No,No,No
spam,"तुमचे Bank of Baroda पर्सनल लोन Rs.93,799 चे पूर्व-मंजूर आहे. प्रक्रियेसाठी तुमचे बँक खाते आणि आधार तपशील शेअर करा.",No,No,No
spam,"अभिनंदन, Ayushman Bharat अंतर्गत तुमचा अर्ज Rs.9,274 साठी मंजूर झाला आहे. वितरणासाठी तुमची बँक माहिती पाठवा.",No,No,No
spam,"चुकून माझ्या खात्यातून तुमच्या खात्यात Rs.5,503 ट्रान्सफर झाले आहेत, लवकरात लवकर khiwegyx@okhdfcbank वर रिफंड करा.",No,No,No
spam,"मी चुकून तुमच्या Paytm वर Rs.996 पाठवले, कृपया हे या UPI ID वर परत करा: gckie46@okhdfcbank",No,No,No
spam,"मी चुकून तुमच्या Google Pay वर Rs.734 पाठवले, कृपया हे या UPI ID वर परत करा: sulbs@ibl",No,No,No
spam,"तुमच्या विमा पॉलिसीची मुदतपूर्ती रक्कम Rs.9,864 तयार आहे. पेमेंट मिळवण्यासाठी तुमची बँक पासबुक माहिती पाठवा.",No,No,No
spam,"मी चुकून तुमच्या PhonePe वर Rs.53,584 पाठवले, कृपया हे या UPI ID वर परत करा: psctlu84@ibl",No,No,No
spam,"चुकून माझ्या खात्यातून तुमच्या खात्यात Rs.34,911 ट्रान्सफर झाले आहेत, लवकरात लवकर txfbtg46@paytm वर रिफंड करा.",No,No,No
spam,"तुम्हाला Reliance सोबत वर्क-फ्रॉम-होम जॉबसाठी निवडले आहे. Rs.7,257 चा जॉइनिंग बोनस मिळवण्यासाठी तुमची बँक माहिती शेअर करा.",No,No,No
spam,"तुमच्या विमा पॉलिसीची मुदतपूर्ती रक्कम Rs.51,145 तयार आहे. पेमेंट मिळवण्यासाठी तुमची बँक पासबुक माहिती पाठवा.",No,No,No
spam,"अभिनंदन, National Scholarship Portal अंतर्गत तुमचा अर्ज Rs.974 साठी मंजूर झाला आहे. वितरणासाठी तुमची बँक माहिती पाठवा.",No,No,No
spam,"Ayushman Bharat अलर्ट: तुम्ही योजनेअंतर्गत Rs.6,817 साठी पात्र आहात. दावा करण्यासाठी तुमचा आधार आणि बँक खाते क्रमांक शेअर करा.",No,No,No
spam,तुमचे Canara Bank पर्सनल लोन Rs.726 चे पूर्व-मंजूर आहे. प्रक्रियेसाठी तुमचे बँक खाते आणि आधार तपशील शेअर करा.,No,No,No
spam,"अभिनंदन, PM Ujjwala Yojana अंतर्गत तुमचा अर्ज Rs.98,080 साठी मंजूर झाला आहे. वितरणासाठी तुमची बँक माहिती पाठवा.",No,No,No
spam,"मी चुकून तुमच्या PhonePe वर Rs.3,163 पाठवले, कृपया हे या UPI ID वर परत करा: nkinbqbl@okicici",No,No,No
spam,"तुम्हाला Flipkart सोबत वर्क-फ्रॉम-होम जॉबसाठी निवडले आहे. Rs.23,166 चा जॉइनिंग बोनस मिळवण्यासाठी तुमची बँक माहिती शेअर करा.",No,No,No
spam,"तुम्हाला HCL सोबत वर्क-फ्रॉम-होम जॉबसाठी निवडले आहे. Rs.9,888 चा जॉइनिंग बोनस मिळवण्यासाठी तुमची बँक माहिती शेअर करा.",No,No,No
spam,"Ayushman Bharat: तुमचा शिष्यवृत्ती लाभ Rs.21,685 ट्रान्सफरसाठी तयार आहे. मिळवण्यासाठी तुमची बँक पासबुक माहिती सबमिट करा.",No,No,No
spam,"हाय, मला वाटते मी दुसऱ्याला पेमेंट करताना चुकून तुम्हाला Rs.697 पाठवले. कृपया mflkkq@okicici वर परत पाठवा, धन्यवाद.",No,No,No
spam,तुम्हाला Reliance सोबत वर्क-फ्रॉम-होम जॉबसाठी निवडले आहे. Rs.830 चा जॉइनिंग बोनस मिळवण्यासाठी तुमची बँक माहिती शेअर करा.,No,No,No
spam,"हाय, मला वाटते मी दुसऱ्याला पेमेंट करताना चुकून तुम्हाला Rs.7,781 पाठवले. कृपया lxufitme@okicici वर परत पाठवा, धन्यवाद.",No,No,No
spam,"चुकून माझ्या खात्यातून तुमच्या खात्यात Rs.1,899 ट्रान्सफर झाले आहेत, लवकरात लवकर sjdqglm64@okhdfcbank वर रिफंड करा.",No,No,No
spam,"माफ करा, मी चुकून चुकीच्या नंबरवर Rs.6,316 ट्रान्सफर केले, हे तुमचे खाते वाटते. कृपया xdlcffs84@axl वर परत पाठवा.",No,No,No
spam,State Scholarship Scheme: तुमचा शिष्यवृत्ती लाभ Rs.919 ट्रान्सफरसाठी तयार आहे. मिळवण्यासाठी तुमची बँक पासबुक माहिती सबमिट करा.,No,No,No
spam,"अभिनंदन, National Scholarship Portal अंतर्गत तुमचा अर्ज Rs.97,761 साठी मंजूर झाला आहे. वितरणासाठी तुमची बँक माहिती पाठवा.",No,No,No
spam,"चुकून माझ्या खात्यातून तुमच्या खात्यात Rs.3,421 ट्रान्सफर झाले आहेत, लवकरात लवकर pwuaqbhc@ibl वर रिफंड करा.",No,No,No
spam,"LPG Subsidy Scheme: तुमचा शिष्यवृत्ती लाभ Rs.74,044 ट्रान्सफरसाठी तयार आहे. मिळवण्यासाठी तुमची बँक पासबुक माहिती सबमिट करा.",No,No,No
spam,"तुमचे Kotak Mahindra Bank पर्सनल लोन Rs.8,889 चे पूर्व-मंजूर आहे. प्रक्रियेसाठी तुमचे बँक खाते आणि आधार तपशील शेअर करा.",No,No,No
spam,"मी चुकून तुमच्या Google Pay वर Rs.8,172 पाठवले, कृपया हे या UPI ID वर परत करा: gfyoww56@paytm",No,No,No
spam,"मी चुकून तुमच्या Paytm वर Rs.34,094 पाठवले, कृपया हे या UPI ID वर परत करा: cjiklmid@axl",No,No,No
spam,"Ayushman Bharat: तुमचा शिष्यवृत्ती लाभ Rs.47,052 ट्रान्सफरसाठी तयार आहे. मिळवण्यासाठी तुमची बँक पासबुक माहिती सबमिट करा.",No,No,No
spam,LPG Subsidy Scheme अलर्ट: तुम्ही योजनेअंतर्गत Rs.913 साठी पात्र आहात. दावा करण्यासाठी तुमचा आधार आणि बँक खाते क्रमांक शेअर करा.,No,No,No
spam,"हाय, मला वाटते मी दुसऱ्याला पेमेंट करताना चुकून तुम्हाला Rs.817 पाठवले. कृपया ciwfgjei@okicici वर परत पाठवा, धन्यवाद.",No,No,No
spam,"मी चुकून तुमच्या Paytm वर Rs.632 पाठवले, कृपया हे या UPI ID वर परत करा: ptdxaujo12@ibl",No,No,No
spam,"PM Ujjwala Yojana: तुमचा शिष्यवृत्ती लाभ Rs.6,914 ट्रान्सफरसाठी तयार आहे. मिळवण्यासाठी तुमची बँक पासबुक माहिती सबमिट करा.",No,No,No
spam,"मी चुकून तुमच्या Google Pay वर Rs.4,337 पाठवले, कृपया हे या UPI ID वर परत करा: zuxwz77@oksbi",No,No,No
spam,तुमचे Kotak Mahindra Bank पर्सनल लोन Rs.742 चे पूर्व-मंजूर आहे. प्रक्रियेसाठी तुमचे बँक खाते आणि आधार तपशील शेअर करा.,No,No,No
spam,"PM Kisan Samman Nidhi: तुमचा शिष्यवृत्ती लाभ Rs.49,621 ट्रान्सफरसाठी तयार आहे. मिळवण्यासाठी तुमची बँक पासबुक माहिती सबमिट करा.",No,No,No
spam,"मी चुकून तुमच्या Google Pay वर Rs.3,725 पाठवले, कृपया हे या UPI ID वर परत करा: njphhmma11@okicici",No,No,No
spam,"तुमच्या विमा पॉलिसीची मुदतपूर्ती रक्कम Rs.51,223 तयार आहे. पेमेंट मिळवण्यासाठी तुमची बँक पासबुक माहिती पाठवा.",No,No,No
spam,तुमच्या विमा पॉलिसीची मुदतपूर्ती रक्कम Rs.760 तयार आहे. पेमेंट मिळवण्यासाठी तुमची बँक पासबुक माहिती पाठवा.,No,No,No
spam,"हाय, मला वाटते मी दुसऱ्याला पेमेंट करताना चुकून तुम्हाला Rs.81,745 पाठवले. कृपया frwdtclc64@ibl वर परत पाठवा, धन्यवाद.",No,No,No
spam,"हाय, मला वाटते मी दुसऱ्याला पेमेंट करताना चुकून तुम्हाला Rs.21,438 पाठवले. कृपया lianrdq98@oksbi वर परत पाठवा, धन्यवाद.",No,No,No
spam,तुमचे Bank of Baroda पर्सनल लोन Rs.797 चे पूर्व-मंजूर आहे. प्रक्रियेसाठी तुमचे बँक खाते आणि आधार तपशील शेअर करा.,No,No,No
spam,"हाय, मला वाटते मी दुसऱ्याला पेमेंट करताना चुकून तुम्हाला Rs.86,660 पाठवले. कृपया pcfthq10@axl वर परत पाठवा, धन्यवाद.",No,No,No
spam,"अभिनंदन, PM Kisan Samman Nidhi अंतर्गत तुमचा अर्ज Rs.790 साठी मंजूर झाला आहे. वितरणासाठी तुमची बँक माहिती पाठवा.",No,No,No
spam,"चुकून माझ्या खात्यातून तुमच्या खात्यात Rs.9,800 ट्रान्सफर झाले आहेत, लवकरात लवकर zugclfp10@oksbi वर रिफंड करा.",No,No,No
spam,"तुमचे Axis Bank पर्सनल लोन Rs.9,155 चे पूर्व-मंजूर आहे. प्रक्रियेसाठी तुमचे बँक खाते आणि आधार तपशील शेअर करा.",No,No,No
spam,"माफ करा, मी चुकून चुकीच्या नंबरवर Rs.2,284 ट्रान्सफर केले, हे तुमचे खाते वाटते. कृपया oajpjd78@axl वर परत पाठवा.",No,No,No
spam,State Scholarship Scheme: तुमचा शिष्यवृत्ती लाभ Rs.782 ट्रान्सफरसाठी तयार आहे. मिळवण्यासाठी तुमची बँक पासबुक माहिती सबमिट करा.,No,No,No
spam,"अभिनंदन, National Scholarship Portal अंतर्गत तुमचा अर्ज Rs.5,082 साठी मंजूर झाला आहे. वितरणासाठी तुमची बँक माहिती पाठवा.",No,No,No
spam,"तुमचे HDFC Bank पर्सनल लोन Rs.48,358 चे पूर्व-मंजूर आहे. प्रक्रियेसाठी तुमचे बँक खाते आणि आधार तपशील शेअर करा.",No,No,No
spam,"हाय, मला वाटते मी दुसऱ्याला पेमेंट करताना चुकून तुम्हाला Rs.24,665 पाठवले. कृपया mmavpld38@oksbi वर परत पाठवा, धन्यवाद.",No,No,No
spam,"माफ करा, मी चुकून चुकीच्या नंबरवर Rs.96,889 ट्रान्सफर केले, हे तुमचे खाते वाटते. कृपया thyfyvw58@okhdfcbank वर परत पाठवा.",No,No,No
spam,तुमचे HDFC Bank पर्सनल लोन Rs.871 चे पूर्व-मंजूर आहे. प्रक्रियेसाठी तुमचे बँक खाते आणि आधार तपशील शेअर करा.,No,No,No
spam,"माफ करा, मी चुकून चुकीच्या नंबरवर Rs.736 ट्रान्सफर केले, हे तुमचे खाते वाटते. कृपया sbkwhtxd@ibl वर परत पाठवा.",No,No,No
spam,"तुमच्या विमा पॉलिसीची मुदतपूर्ती रक्कम Rs.2,967 तयार आहे. पेमेंट मिळवण्यासाठी तुमची बँक पासबुक माहिती पाठवा.",No,No,No
spam,"अभिनंदन, Post Matric Scholarship अंतर्गत तुमचा अर्ज Rs.5,467 साठी मंजूर झाला आहे. वितरणासाठी तुमची बँक माहिती पाठवा.",No,No,No
spam,"Post Matric Scholarship अलर्ट: तुम्ही योजनेअंतर्गत Rs.32,037 साठी पात्र आहात. दावा करण्यासाठी तुमचा आधार आणि बँक खाते क्रमांक शेअर करा.",No,No,No
spam,"Ayushman Bharat: तुमचा शिष्यवृत्ती लाभ Rs.84,638 ट्रान्सफरसाठी तयार आहे. मिळवण्यासाठी तुमची बँक पासबुक माहिती सबमिट करा.",No,No,No
spam,"माफ करा, मी चुकून चुकीच्या नंबरवर Rs.42,858 ट्रान्सफर केले, हे तुमचे खाते वाटते. कृपया npxkd@okicici वर परत पाठवा.",No,No,No
spam,"तुम्हाला Flipkart सोबत वर्क-फ्रॉम-होम जॉबसाठी निवडले आहे. Rs.6,408 चा जॉइनिंग बोनस मिळवण्यासाठी तुमची बँक माहिती शेअर करा.",No,No,No
spam,"हाय, मला वाटते मी दुसऱ्याला पेमेंट करताना चुकून तुम्हाला Rs.8,572 पाठवले. कृपया raeiebe@ybl वर परत पाठवा, धन्यवाद.",No,No,No
spam,"हाय, मला वाटते मी दुसऱ्याला पेमेंट करताना चुकून तुम्हाला Rs.26,143 पाठवले. कृपया qhhswwc18@oksbi वर परत पाठवा, धन्यवाद.",No,No,No
spam,तुमच्या विमा पॉलिसीची मुदतपूर्ती रक्कम Rs.811 तयार आहे. पेमेंट मिळवण्यासाठी तुमची बँक पासबुक माहिती पाठवा.,No,No,No
spam,"मी चुकून तुमच्या PhonePe वर Rs.72,259 पाठवले, कृपया हे या UPI ID वर परत करा: mdzvs65@ibl",No,No,No
spam,"चुकून माझ्या खात्यातून तुमच्या खात्यात Rs.7,918 ट्रान्सफर झाले आहेत, लवकरात लवकर nnvird99@okhdfcbank वर रिफंड करा.",No,No,No
spam,"मी चुकून तुमच्या PhonePe वर Rs.944 पाठवले, कृपया हे या UPI ID वर परत करा: lfibwk@okhdfcbank",No,No,No
spam,तुमच्या विमा पॉलिसीची मुदतपूर्ती रक्कम Rs.587 तयार आहे. पेमेंट मिळवण्यासाठी तुमची बँक पासबुक माहिती पाठवा.,No,No,No
spam,तुमचे Bank of Baroda पर्सनल लोन Rs.815 चे पूर्व-मंजूर आहे. प्रक्रियेसाठी तुमचे बँक खाते आणि आधार तपशील शेअर करा.,No,No,No
spam,"तुमचे Axis Bank पर्सनल लोन Rs.5,001 चे पूर्व-मंजूर आहे. प्रक्रियेसाठी तुमचे बँक खाते आणि आधार तपशील शेअर करा.",No,No,No
spam,तुमचे Canara Bank पर्सनल लोन Rs.577 चे पूर्व-मंजूर आहे. प्रक्रियेसाठी तुमचे बँक खाते आणि आधार तपशील शेअर करा.,No,No,No
spam,"PM Ujjwala Yojana: तुमचा शिष्यवृत्ती लाभ Rs.6,805 ट्रान्सफरसाठी तयार आहे. मिळवण्यासाठी तुमची बँक पासबुक माहिती सबमिट करा.",No,No,No
spam,"हाय, मला वाटते मी दुसऱ्याला पेमेंट करताना चुकून तुम्हाला Rs.43,973 पाठवले. कृपया nnunwvvs@ybl वर परत पाठवा, धन्यवाद.",No,No,No
spam,"तुमच्या विमा पॉलिसीची मुदतपूर्ती रक्कम Rs.7,843 तयार आहे. पेमेंट मिळवण्यासाठी तुमची बँक पासबुक माहिती पाठवा.",No,No,No
spam,"हाय, मला वाटते मी दुसऱ्याला पेमेंट करताना चुकून तुम्हाला Rs.8,591 पाठवले. कृपया qvdjlk@okicici वर परत पाठवा, धन्यवाद.",No,No,No
spam,"तुमच्या विमा पॉलिसीची मुदतपूर्ती रक्कम Rs.78,100 तयार आहे. पेमेंट मिळवण्यासाठी तुमची बँक पासबुक माहिती पाठवा.",No,No,No
spam,"अभिनंदन, National Scholarship Portal अंतर्गत तुमचा अर्ज Rs.4,157 साठी मंजूर झाला आहे. वितरणासाठी तुमची बँक माहिती पाठवा.",No,No,No
spam,"तुमच्या विमा पॉलिसीची मुदतपूर्ती रक्कम Rs.10,017 तयार आहे. पेमेंट मिळवण्यासाठी तुमची बँक पासबुक माहिती पाठवा.",No,No,No
spam,"हाय, मला वाटते मी दुसऱ्याला पेमेंट करताना चुकून तुम्हाला Rs.4,695 पाठवले. कृपया razmhqo77@axl वर परत पाठवा, धन्यवाद.",No,No,No
spam,"State Scholarship Scheme अलर्ट: तुम्ही योजनेअंतर्गत Rs.90,989 साठी पात्र आहात. दावा करण्यासाठी तुमचा आधार आणि बँक खाते क्रमांक शेअर करा.",No,No,No
spam,"तुमचे ICICI Bank पर्सनल लोन Rs.69,548 चे पूर्व-मंजूर आहे. प्रक्रियेसाठी तुमचे बँक खाते आणि आधार तपशील शेअर करा.",No,No,No
spam,PM Ujjwala Yojana: तुमचा शिष्यवृत्ती लाभ Rs.946 ट्रान्सफरसाठी तयार आहे. मिळवण्यासाठी तुमची बँक पासबुक माहिती सबमिट करा.,No,No,No
spam,"अभिनंदन, PMAY अंतर्गत तुमचा अर्ज Rs.741 साठी मंजूर झाला आहे. वितरणासाठी तुमची बँक माहिती पाठवा.",No,No,No
spam,"चुकून माझ्या खात्यातून तुमच्या खात्यात Rs.3,868 ट्रान्सफर झाले आहेत, लवकरात लवकर bhvzdy@axl वर रिफंड करा.",No,No,No
spam,"PM Ujjwala Yojana: तुमचा शिष्यवृत्ती लाभ Rs.20,663 ट्रान्सफरसाठी तयार आहे. मिळवण्यासाठी तुमची बँक पासबुक माहिती सबमिट करा.",No,No,No
spam,"हाय, मला वाटते मी दुसऱ्याला पेमेंट करताना चुकून तुम्हाला Rs.993 पाठवले. कृपया ayyncxdy82@ibl वर परत पाठवा, धन्यवाद.",No,No,No
spam,"PM Kisan Samman Nidhi: तुमचा शिष्यवृत्ती लाभ Rs.30,091 ट्रान्सफरसाठी तयार आहे. मिळवण्यासाठी तुमची बँक पासबुक माहिती सबमिट करा.",No,No,No
spam,"हाय, मला वाटते मी दुसऱ्याला पेमेंट करताना चुकून तुम्हाला Rs.75,976 पाठवले. कृपया wterz@paytm वर परत पाठवा, धन्यवाद.",No,No,No
spam,"अभिनंदन, PMAY अंतर्गत तुमचा अर्ज Rs.2,569 साठी मंजूर झाला आहे. वितरणासाठी तुमची बँक माहिती पाठवा.",No,No,No
spam,State Scholarship Scheme अलर्ट: तुम्ही योजनेअंतर्गत Rs.823 साठी पात्र आहात. दावा करण्यासाठी तुमचा आधार आणि बँक खाते क्रमांक शेअर करा.,No,No,No
spam,LPG Subsidy Scheme: तुमचा शिष्यवृत्ती लाभ Rs.806 ट्रान्सफरसाठी तयार आहे. मिळवण्यासाठी तुमची बँक पासबुक माहिती सबमिट करा.,No,No,No
spam,"माफ करा, मी चुकून चुकीच्या नंबरवर Rs.4,084 ट्रान्सफर केले, हे तुमचे खाते वाटते. कृपया unmhxp60@axl वर परत पाठवा.",No,No,No
spam,"चुकून माझ्या खात्यातून तुमच्या खात्यात Rs.14,252 ट्रान्सफर झाले आहेत, लवकरात लवकर zjcmazo44@ybl वर रिफंड करा.",No,No,No
spam,"PM Kisan Samman Nidhi अलर्ट: तुम्ही योजनेअंतर्गत Rs.9,499 साठी पात्र आहात. दावा करण्यासाठी तुमचा आधार आणि बँक खाते क्रमांक शेअर करा.",No,No,No
spam,"अभिनंदन, LPG Subsidy Scheme अंतर्गत तुमचा अर्ज Rs.38,175 साठी मंजूर झाला आहे. वितरणासाठी तुमची बँक माहिती पाठवा.",No,No,No
spam,"तुम्हाला Flipkart सोबत वर्क-फ्रॉम-होम जॉबसाठी निवडले आहे. Rs.66,691 चा जॉइनिंग बोनस मिळवण्यासाठी तुमची बँक माहिती शेअर करा.",No,No,No
spam,तुमच्या विमा पॉलिसीची मुदतपूर्ती रक्कम Rs.703 तयार आहे. पेमेंट मिळवण्यासाठी तुमची बँक पासबुक माहिती पाठवा.,No,No,No
spam,"चुकून माझ्या खात्यातून तुमच्या खात्यात Rs.1,799 ट्रान्सफर झाले आहेत, लवकरात लवकर svdfkt13@paytm वर रिफंड करा.",No,No,No
spam,"माफ करा, मी चुकून चुकीच्या नंबरवर Rs.19,247 ट्रान्सफर केले, हे तुमचे खाते वाटते. कृपया yyihidp@okicici वर परत पाठवा.",No,No,No
spam,"माफ करा, मी चुकून चुकीच्या नंबरवर Rs.71,660 ट्रान्सफर केले, हे तुमचे खाते वाटते. कृपया eremddaw34@axl वर परत पाठवा.",No,No,No
spam,"मी चुकून तुमच्या Amazon Pay वर Rs.10,449 पाठवले, कृपया हे या UPI ID वर परत करा: dnvgrm@okicici",No,No,No
spam,"चुकून माझ्या खात्यातून तुमच्या खात्यात Rs.4,731 ट्रान्सफर झाले आहेत, लवकरात लवकर antwnj57@okhdfcbank वर रिफंड करा.",No,No,No
spam,"चुकून माझ्या खात्यातून तुमच्या खात्यात Rs.749 ट्रान्सफर झाले आहेत, लवकरात लवकर padnget@paytm वर रिफंड करा.",No,No,No
spam,"तुमचे Punjab National Bank पर्सनल लोन Rs.48,355 चे पूर्व-मंजूर आहे. प्रक्रियेसाठी तुमचे बँक खाते आणि आधार तपशील शेअर करा.",No,No,No
spam,"हाय, मला वाटते मी दुसऱ्याला पेमेंट करताना चुकून तुम्हाला Rs.55,643 पाठवले. कृपया kmmhuzt72@ybl वर परत पाठवा, धन्यवाद.",No,No,No
spam,"अभिनंदन, State Scholarship Scheme अंतर्गत तुमचा अर्ज Rs.5,307 साठी मंजूर झाला आहे. वितरणासाठी तुमची बँक माहिती पाठवा.",No,No,No
spam,"तुमच्या विमा पॉलिसीची मुदतपूर्ती रक्कम Rs.2,201 तयार आहे. पेमेंट मिळवण्यासाठी तुमची बँक पासबुक माहिती पाठवा.",No,No,No
spam,"अभिनंदन, State Scholarship Scheme अंतर्गत तुमचा अर्ज Rs.48,884 साठी मंजूर झाला आहे. वितरणासाठी तुमची बँक माहिती पाठवा.",No,No,No
spam,"मी चुकून तुमच्या PhonePe वर Rs.579 पाठवले, कृपया हे या UPI ID वर परत करा: newtst86@ibl",No,No,No
spam,"चुकून माझ्या खात्यातून तुमच्या खात्यात Rs.63,742 ट्रान्सफर झाले आहेत, लवकरात लवकर vryqql80@ibl वर रिफंड करा.",No,No,No
spam,"मी चुकून तुमच्या Paytm वर Rs.701 पाठवले, कृपया हे या UPI ID वर परत करा: rppfawit@ibl",No,No,No
spam,"अभिनंदन, PMAY अंतर्गत तुमचा अर्ज Rs.1,409 साठी मंजूर झाला आहे. वितरणासाठी तुमची बँक माहिती पाठवा.",No,No,No
spam,"हाय, मला वाटते मी दुसऱ्याला पेमेंट करताना चुकून तुम्हाला Rs.1,295 पाठवले. कृपया tynuaolh@axl वर परत पाठवा, धन्यवाद.",No,No,No
spam,"मी चुकून तुमच्या Google Pay वर Rs.869 पाठवले, कृपया हे या UPI ID वर परत करा: azqvxd46@paytm",No,No,No
spam,PM Ujjwala Yojana अलर्ट: तुम्ही योजनेअंतर्गत Rs.603 साठी पात्र आहात. दावा करण्यासाठी तुमचा आधार आणि बँक खाते क्रमांक शेअर करा.,No,No,No
spam,"माफ करा, मी चुकून चुकीच्या नंबरवर Rs.991 ट्रान्सफर केले, हे तुमचे खाते वाटते. कृपया wszudl@ibl वर परत पाठवा.",No,No,No
spam,"PMAY अलर्ट: तुम्ही योजनेअंतर्गत Rs.79,410 साठी पात्र आहात. दावा करण्यासाठी तुमचा आधार आणि बँक खाते क्रमांक शेअर करा.",No,No,No
spam,"मी चुकून तुमच्या Paytm वर Rs.746 पाठवले, कृपया हे या UPI ID वर परत करा: mhvllrn15@ybl",No,No,No
spam,"माफ करा, मी चुकून चुकीच्या नंबरवर Rs.515 ट्रान्सफर केले, हे तुमचे खाते वाटते. कृपया nktcdxrh75@ibl वर परत पाठवा.",No,No,No
spam,"मी चुकून तुमच्या Paytm वर Rs.53,687 पाठवले, कृपया हे या UPI ID वर परत करा: xfmazm16@okicici",No,No,No
spam,तुमचे Bank of Baroda पर्सनल लोन Rs.666 चे पूर्व-मंजूर आहे. प्रक्रियेसाठी तुमचे बँक खाते आणि आधार तपशील शेअर करा.,No,No,No
spam,"अभिनंदन, PM Ujjwala Yojana अंतर्गत तुमचा अर्ज Rs.7,910 साठी मंजूर झाला आहे. वितरणासाठी तुमची बँक माहिती पाठवा.",No,No,No
spam,"माफ करा, मी चुकून चुकीच्या नंबरवर Rs.77,192 ट्रान्सफर केले, हे तुमचे खाते वाटते. कृपया dprcc28@axl वर परत पाठवा.",No,No,No
spam,"तुमचे Punjab National Bank पर्सनल लोन Rs.6,095 चे पूर्व-मंजूर आहे. प्रक्रियेसाठी तुमचे बँक खाते आणि आधार तपशील शेअर करा.",No,No,No
spam,"चुकून माझ्या खात्यातून तुमच्या खात्यात Rs.589 ट्रान्सफर झाले आहेत, लवकरात लवकर prcxfla53@oksbi वर रिफंड करा.",No,No,No
spam,"हाय, मला वाटते मी दुसऱ्याला पेमेंट करताना चुकून तुम्हाला Rs.548 पाठवले. कृपया potsuxa74@axl वर परत पाठवा, धन्यवाद.",No,No,No
spam,"अभिनंदन, PM Kisan Samman Nidhi अंतर्गत तुमचा अर्ज Rs.6,346 साठी मंजूर झाला आहे. वितरणासाठी तुमची बँक माहिती पाठवा.",No,No,No
spam,"अभिनंदन, National Scholarship Portal अंतर्गत तुमचा अर्ज Rs.764 साठी मंजूर झाला आहे. वितरणासाठी तुमची बँक माहिती पाठवा.",No,No,No
spam,"अभिनंदन, PMAY अंतर्गत तुमचा अर्ज Rs.816 साठी मंजूर झाला आहे. वितरणासाठी तुमची बँक माहिती पाठवा.",No,No,No
spam,तुमचे SBI पर्सनल लोन Rs.960 चे पूर्व-मंजूर आहे. प्रक्रियेसाठी तुमचे बँक खाते आणि आधार तपशील शेअर करा.,No,No,No
spam,"तुमचे SBI पर्सनल लोन Rs.58,096 चे पूर्व-मंजूर आहे. प्रक्रियेसाठी तुमचे बँक खाते आणि आधार तपशील शेअर करा.",No,No,No
spam,"तुमचे Kotak Mahindra Bank पर्सनल लोन Rs.28,416 चे पूर्व-मंजूर आहे. प्रक्रियेसाठी तुमचे बँक खाते आणि आधार तपशील शेअर करा.",No,No,No
spam,National Scholarship Portal: तुमचा शिष्यवृत्ती लाभ Rs.993 ट्रान्सफरसाठी तयार आहे. मिळवण्यासाठी तुमची बँक पासबुक माहिती सबमिट करा.,No,No,No
spam,"अभिनंदन, Post Matric Scholarship अंतर्गत तुमचा अर्ज Rs.69,760 साठी मंजूर झाला आहे. वितरणासाठी तुमची बँक माहिती पाठवा.",No,No,No
spam,National Scholarship Portal: तुमचा शिष्यवृत्ती लाभ Rs.852 ट्रान्सफरसाठी तयार आहे. मिळवण्यासाठी तुमची बँक पासबुक माहिती सबमिट करा.,No,No,No
spam,Post Matric Scholarship अलर्ट: तुम्ही योजनेअंतर्गत Rs.693 साठी पात्र आहात. दावा करण्यासाठी तुमचा आधार आणि बँक खाते क्रमांक शेअर करा.,No,No,No
spam,तुम्हाला Flipkart सोबत वर्क-फ्रॉम-होम जॉबसाठी निवडले आहे. Rs.795 चा जॉइनिंग बोनस मिळवण्यासाठी तुमची बँक माहिती शेअर करा.,No,No,No
spam,"चुकून माझ्या खात्यातून तुमच्या खात्यात Rs.59,196 ट्रान्सफर झाले आहेत, लवकरात लवकर tihumaku27@paytm वर रिफंड करा.",No,No,No
spam,तुमच्या विमा पॉलिसीची मुदतपूर्ती रक्कम Rs.949 तयार आहे. पेमेंट मिळवण्यासाठी तुमची बँक पासबुक माहिती पाठवा.,No,No,No
spam,"Post Matric Scholarship अलर्ट: तुम्ही योजनेअंतर्गत Rs.66,001 साठी पात्र आहात. दावा करण्यासाठी तुमचा आधार आणि बँक खाते क्रमांक शेअर करा.",No,No,No
spam,"हाय, मला वाटते मी दुसऱ्याला पेमेंट करताना चुकून तुम्हाला Rs.898 पाठवले. कृपया ehbsic@axl वर परत पाठवा, धन्यवाद.",No,No,No
spam,"माफ करा, मी चुकून चुकीच्या नंबरवर Rs.871 ट्रान्सफर केले, हे तुमचे खाते वाटते. कृपया hycdipmh@oksbi वर परत पाठवा.",No,No,No
spam,"अभिनंदन, PMAY अंतर्गत तुमचा अर्ज Rs.640 साठी मंजूर झाला आहे. वितरणासाठी तुमची बँक माहिती पाठवा.",No,No,No
spam,तुमचे Bank of Baroda पर्सनल लोन Rs.760 चे पूर्व-मंजूर आहे. प्रक्रियेसाठी तुमचे बँक खाते आणि आधार तपशील शेअर करा.,No,No,No
spam,"हाय, मला वाटते मी दुसऱ्याला पेमेंट करताना चुकून तुम्हाला Rs.28,155 पाठवले. कृपया zrrqf82@ibl वर परत पाठवा, धन्यवाद.",No,No,No
spam,"अभिनंदन, PMAY अंतर्गत तुमचा अर्ज Rs.4,618 साठी मंजूर झाला आहे. वितरणासाठी तुमची बँक माहिती पाठवा.",No,No,No
spam,"PM Ujjwala Yojana अलर्ट: तुम्ही योजनेअंतर्गत Rs.79,500 साठी पात्र आहात. दावा करण्यासाठी तुमचा आधार आणि बँक खाते क्रमांक शेअर करा.",No,No,No
spam,"तुमच्या विमा पॉलिसीची मुदतपूर्ती रक्कम Rs.74,356 तयार आहे. पेमेंट मिळवण्यासाठी तुमची बँक पासबुक माहिती पाठवा.",No,No,No
spam,"अभिनंदन, PM Kisan Samman Nidhi अंतर्गत तुमचा अर्ज Rs.9,584 साठी मंजूर झाला आहे. वितरणासाठी तुमची बँक माहिती पाठवा.",No,No,No
spam,तुमच्या विमा पॉलिसीची मुदतपूर्ती रक्कम Rs.618 तयार आहे. पेमेंट मिळवण्यासाठी तुमची बँक पासबुक माहिती पाठवा.,No,No,No
spam,"मी चुकून तुमच्या Amazon Pay वर Rs.2,770 पाठवले, कृपया हे या UPI ID वर परत करा: xszemr@ibl",No,No,No
spam,"अभिनंदन, PM Kisan Samman Nidhi अंतर्गत तुमचा अर्ज Rs.77,902 साठी मंजूर झाला आहे. वितरणासाठी तुमची बँक माहिती पाठवा.",No,No,No
spam,तुमचे ICICI Bank पर्सनल लोन Rs.910 चे पूर्व-मंजूर आहे. प्रक्रियेसाठी तुमचे बँक खाते आणि आधार तपशील शेअर करा.,No,No,No
spam,"हाय, मला वाटते मी दुसऱ्याला पेमेंट करताना चुकून तुम्हाला Rs.862 पाठवले. कृपया ipufozlq@axl वर परत पाठवा, धन्यवाद.",No,No,No
spam,"State Scholarship Scheme: तुमचा शिष्यवृत्ती लाभ Rs.3,676 ट्रान्सफरसाठी तयार आहे. मिळवण्यासाठी तुमची बँक पासबुक माहिती सबमिट करा.",No,No,No
spam,"तुमच्या विमा पॉलिसीची मुदतपूर्ती रक्कम Rs.22,159 तयार आहे. पेमेंट मिळवण्यासाठी तुमची बँक पासबुक माहिती पाठवा.",No,No,No
spam,LPG Subsidy Scheme: तुमचा शिष्यवृत्ती लाभ Rs.925 ट्रान्सफरसाठी तयार आहे. मिळवण्यासाठी तुमची बँक पासबुक माहिती सबमिट करा.,No,No,No
spam,"मी चुकून तुमच्या Amazon Pay वर Rs.6,698 पाठवले, कृपया हे या UPI ID वर परत करा: ropxm33@ibl",No,No,No
spam,"हाय, मला वाटते मी दुसऱ्याला पेमेंट करताना चुकून तुम्हाला Rs.522 पाठवले. कृपया wbcpuotr13@ibl वर परत पाठवा, धन्यवाद.",No,No,No
spam,"State Scholarship Scheme अलर्ट: तुम्ही योजनेअंतर्गत Rs.4,212 साठी पात्र आहात. दावा करण्यासाठी तुमचा आधार आणि बँक खाते क्रमांक शेअर करा.",No,No,No
spam,"अभिनंदन, Post Matric Scholarship अंतर्गत तुमचा अर्ज Rs.31,098 साठी मंजूर झाला आहे. वितरणासाठी तुमची बँक माहिती पाठवा.",No,No,No
spam,"चुकून माझ्या खात्यातून तुमच्या खात्यात Rs.92,989 ट्रान्सफर झाले आहेत, लवकरात लवकर cuhat61@okhdfcbank वर रिफंड करा.",No,No,No
spam,"तुम्हाला Reliance सोबत वर्क-फ्रॉम-होम जॉबसाठी निवडले आहे. Rs.3,571 चा जॉइनिंग बोनस मिळवण्यासाठी तुमची बँक माहिती शेअर करा.",No,No,No
spam,"Ayushman Bharat: तुमचा शिष्यवृत्ती लाभ Rs.2,092 ट्रान्सफरसाठी तयार आहे. मिळवण्यासाठी तुमची बँक पासबुक माहिती सबमिट करा.",No,No,No
spam,"Post Matric Scholarship: तुमचा शिष्यवृत्ती लाभ Rs.5,602 ट्रान्सफरसाठी तयार आहे. मिळवण्यासाठी तुमची बँक पासबुक माहिती सबमिट करा.",No,No,No
spam,तुमच्या विमा पॉलिसीची मुदतपूर्ती रक्कम Rs.554 तयार आहे. पेमेंट मिळवण्यासाठी तुमची बँक पासबुक माहिती पाठवा.,No,No,No
spam,"तुमचे Kotak Mahindra Bank पर्सनल लोन Rs.46,664 चे पूर्व-मंजूर आहे. प्रक्रियेसाठी तुमचे बँक खाते आणि आधार तपशील शेअर करा.",No,No,No
spam,"मी चुकून तुमच्या PhonePe वर Rs.8,358 पाठवले, कृपया हे या UPI ID वर परत करा: pscsnkkl@okhdfcbank",No,No,No
spam,"PMAY अलर्ट: तुम्ही योजनेअंतर्गत Rs.5,123 साठी पात्र आहात. दावा करण्यासाठी तुमचा आधार आणि बँक खाते क्रमांक शेअर करा.",No,No,No
spam,"तुमचे ICICI Bank पर्सनल लोन Rs.50,001 चे पूर्व-मंजूर आहे. प्रक्रियेसाठी तुमचे बँक खाते आणि आधार तपशील शेअर करा.",No,No,No
spam,"हाय, मला वाटते मी दुसऱ्याला पेमेंट करताना चुकून तुम्हाला Rs.817 पाठवले. कृपया vhiqve70@ybl वर परत पाठवा, धन्यवाद.",No,No,No
spam,तुमचे Punjab National Bank पर्सनल लोन Rs.523 चे पूर्व-मंजूर आहे. प्रक्रियेसाठी तुमचे बँक खाते आणि आधार तपशील शेअर करा.,No,No,No
spam,"अभिनंदन, LPG Subsidy Scheme अंतर्गत तुमचा अर्ज Rs.93,347 साठी मंजूर झाला आहे. वितरणासाठी तुमची बँक माहिती पाठवा.",No,No,No
spam,"हाय, मला वाटते मी दुसऱ्याला पेमेंट करताना चुकून तुम्हाला Rs.45,639 पाठवले. कृपया ffgkrrzx@ybl वर परत पाठवा, धन्यवाद.",No,No,No
spam,"State Scholarship Scheme अलर्ट: तुम्ही योजनेअंतर्गत Rs.24,451 साठी पात्र आहात. दावा करण्यासाठी तुमचा आधार आणि बँक खाते क्रमांक शेअर करा.",No,No,No
spam,"अभिनंदन, PMAY अंतर्गत तुमचा अर्ज Rs.8,045 साठी मंजूर झाला आहे. वितरणासाठी तुमची बँक माहिती पाठवा.",No,No,No
spam,"हाय, मला वाटते मी दुसऱ्याला पेमेंट करताना चुकून तुम्हाला Rs.15,886 पाठवले. कृपया mzrprpju@oksbi वर परत पाठवा, धन्यवाद.",No,No,No
spam,"हाय, मला वाटते मी दुसऱ्याला पेमेंट करताना चुकून तुम्हाला Rs.4,955 पाठवले. कृपया qvjlpf26@axl वर परत पाठवा, धन्यवाद.",No,No,No
spam,"अभिनंदन, PMAY अंतर्गत तुमचा अर्ज Rs.91,598 साठी मंजूर झाला आहे. वितरणासाठी तुमची बँक माहिती पाठवा.",No,No,No
spam,"मी चुकून तुमच्या PhonePe वर Rs.27,664 पाठवले, कृपया हे या UPI ID वर परत करा: hpecaxm95@ibl",No,No,No
spam,"अभिनंदन, PMAY अंतर्गत तुमचा अर्ज Rs.66,959 साठी मंजूर झाला आहे. वितरणासाठी तुमची बँक माहिती पाठवा.",No,No,No
spam,"PM Ujjwala Yojana अलर्ट: तुम्ही योजनेअंतर्गत Rs.46,382 साठी पात्र आहात. दावा करण्यासाठी तुमचा आधार आणि बँक खाते क्रमांक शेअर करा.",No,No,No
spam,"तुम्हाला TCS सोबत वर्क-फ्रॉम-होम जॉबसाठी निवडले आहे. Rs.3,643 चा जॉइनिंग बोनस मिळवण्यासाठी तुमची बँक माहिती शेअर करा.",No,No,No
spam,"तुम्हाला Infosys सोबत वर्क-फ्रॉम-होम जॉबसाठी निवडले आहे. Rs.73,854 चा जॉइनिंग बोनस मिळवण्यासाठी तुमची बँक माहिती शेअर करा.",No,No,No
spam,"मी चुकून तुमच्या Google Pay वर Rs.649 पाठवले, कृपया हे या UPI ID वर परत करा: ehkijj54@okhdfcbank",No,No,No
spam,"अभिनंदन, LPG Subsidy Scheme अंतर्गत तुमचा अर्ज Rs.40,453 साठी मंजूर झाला आहे. वितरणासाठी तुमची बँक माहिती पाठवा.",No,No,No
spam,"अभिनंदन, LPG Subsidy Scheme अंतर्गत तुमचा अर्ज Rs.9,250 साठी मंजूर झाला आहे. वितरणासाठी तुमची बँक माहिती पाठवा.",No,No,No
spam,"तुम्हाला Amazon सोबत वर्क-फ्रॉम-होम जॉबसाठी निवडले आहे. Rs.97,398 चा जॉइनिंग बोनस मिळवण्यासाठी तुमची बँक माहिती शेअर करा.",No,No,No
spam,"PM Kisan Samman Nidhi अलर्ट: तुम्ही योजनेअंतर्गत Rs.87,911 साठी पात्र आहात. दावा करण्यासाठी तुमचा आधार आणि बँक खाते क्रमांक शेअर करा.",No,No,No
spam,"हाय, मला वाटते मी दुसऱ्याला पेमेंट करताना चुकून तुम्हाला Rs.63,916 पाठवले. कृपया rdiwa@okhdfcbank वर परत पाठवा, धन्यवाद.",No,No,No
spam,"तुम्हाला Infosys सोबत वर्क-फ्रॉम-होम जॉबसाठी निवडले आहे. Rs.82,827 चा जॉइनिंग बोनस मिळवण्यासाठी तुमची बँक माहिती शेअर करा.",No,No,No
spam,National Scholarship Portal अलर्ट: तुम्ही योजनेअंतर्गत Rs.832 साठी पात्र आहात. दावा करण्यासाठी तुमचा आधार आणि बँक खाते क्रमांक शेअर करा.,No,No,No
spam,"चुकून माझ्या खात्यातून तुमच्या खात्यात Rs.933 ट्रान्सफर झाले आहेत, लवकरात लवकर ynljpm29@oksbi वर रिफंड करा.",No,No,No
spam,"चुकून माझ्या खात्यातून तुमच्या खात्यात Rs.9,175 ट्रान्सफर झाले आहेत, लवकरात लवकर uhhlmm20@oksbi वर रिफंड करा.",No,No,No
spam,"तुमचे Kotak Mahindra Bank पर्सनल लोन Rs.60,611 चे पूर्व-मंजूर आहे. प्रक्रियेसाठी तुमचे बँक खाते आणि आधार तपशील शेअर करा.",No,No,No
spam,"तुमच्या विमा पॉलिसीची मुदतपूर्ती रक्कम Rs.88,519 तयार आहे. पेमेंट मिळवण्यासाठी तुमची बँक पासबुक माहिती पाठवा.",No,No,No
spam,"मी चुकून तुमच्या Paytm वर Rs.620 पाठवले, कृपया हे या UPI ID वर परत करा: hdoepz57@oksbi",No,No,No
spam,"मी चुकून तुमच्या Paytm वर Rs.779 पाठवले, कृपया हे या UPI ID वर परत करा: ilfwf27@ybl",No,No,No
spam,"मी चुकून तुमच्या Paytm वर Rs.77,207 पाठवले, कृपया हे या UPI ID वर परत करा: xigsqown15@ybl",No,No,No
spam,"चुकून माझ्या खात्यातून तुमच्या खात्यात Rs.3,893 ट्रान्सफर झाले आहेत, लवकरात लवकर rrldzr@oksbi वर रिफंड करा.",No,No,No
spam,"हाय, मला वाटते मी दुसऱ्याला पेमेंट करताना चुकून तुम्हाला Rs.518 पाठवले. कृपया ccxuzh32@okicici वर परत पाठवा, धन्यवाद.",No,No,No
spam,"चुकून माझ्या खात्यातून तुमच्या खात्यात Rs.2,966 ट्रान्सफर झाले आहेत, लवकरात लवकर ukbrfiqe@okicici वर रिफंड करा.",No,No,No
spam,"माफ करा, मी चुकून चुकीच्या नंबरवर Rs.63,981 ट्रान्सफर केले, हे तुमचे खाते वाटते. कृपया rkhkqwe56@axl वर परत पाठवा.",No,No,No
spam,"अभिनंदन, PM Ujjwala Yojana अंतर्गत तुमचा अर्ज Rs.911 साठी मंजूर झाला आहे. वितरणासाठी तुमची बँक माहिती पाठवा.",No,No,No
spam,State Scholarship Scheme: तुमचा शिष्यवृत्ती लाभ Rs.993 ट्रान्सफरसाठी तयार आहे. मिळवण्यासाठी तुमची बँक पासबुक माहिती सबमिट करा.,No,No,No
spam,National Scholarship Portal अलर्ट: तुम्ही योजनेअंतर्गत Rs.615 साठी पात्र आहात. दावा करण्यासाठी तुमचा आधार आणि बँक खाते क्रमांक शेअर करा.,No,No,No
spam,"तुमच्या विमा पॉलिसीची मुदतपूर्ती रक्कम Rs.5,531 तयार आहे. पेमेंट मिळवण्यासाठी तुमची बँक पासबुक माहिती पाठवा.",No,No,No
spam,"हाय, मला वाटते मी दुसऱ्याला पेमेंट करताना चुकून तुम्हाला Rs.12,306 पाठवले. कृपया beueea@okhdfcbank वर परत पाठवा, धन्यवाद.",No,No,No
spam,"तुम्हाला Amazon सोबत वर्क-फ्रॉम-होम जॉबसाठी निवडले आहे. Rs.74,045 चा जॉइनिंग बोनस मिळवण्यासाठी तुमची बँक माहिती शेअर करा.",No,No,No
spam,State Scholarship Scheme: तुमचा शिष्यवृत्ती लाभ Rs.867 ट्रान्सफरसाठी तयार आहे. मिळवण्यासाठी तुमची बँक पासबुक माहिती सबमिट करा.,No,No,No
spam,LPG Subsidy Scheme अलर्ट: तुम्ही योजनेअंतर्गत Rs.629 साठी पात्र आहात. दावा करण्यासाठी तुमचा आधार आणि बँक खाते क्रमांक शेअर करा.,No,No,No
spam,"माफ करा, मी चुकून चुकीच्या नंबरवर Rs.591 ट्रान्सफर केले, हे तुमचे खाते वाटते. कृपया matihr@okhdfcbank वर परत पाठवा.",No,No,No
spam,"माफ करा, मी चुकून चुकीच्या नंबरवर Rs.1,684 ट्रान्सफर केले, हे तुमचे खाते वाटते. कृपया pvmovbe@oksbi वर परत पाठवा.",No,No,No
spam,तुम्हाला HCL सोबत वर्क-फ्रॉम-होम जॉबसाठी निवडले आहे. Rs.554 चा जॉइनिंग बोनस मिळवण्यासाठी तुमची बँक माहिती शेअर करा.,No,No,No
spam,"चुकून माझ्या खात्यातून तुमच्या खात्यात Rs.746 ट्रान्सफर झाले आहेत, लवकरात लवकर pygncb@okhdfcbank वर रिफंड करा.",No,No,No
spam,"चुकून माझ्या खात्यातून तुमच्या खात्यात Rs.770 ट्रान्सफर झाले आहेत, लवकरात लवकर iifmalyk@okhdfcbank वर रिफंड करा.",No,No,No
spam,"तुमच्या विमा पॉलिसीची मुदतपूर्ती रक्कम Rs.3,324 तयार आहे. पेमेंट मिळवण्यासाठी तुमची बँक पासबुक माहिती पाठवा.",No,No,No
spam,"माफ करा, मी चुकून चुकीच्या नंबरवर Rs.97,090 ट्रान्सफर केले, हे तुमचे खाते वाटते. कृपया qeawxw@okicici वर परत पाठवा.",No,No,No
spam,"चुकून माझ्या खात्यातून तुमच्या खात्यात Rs.2,450 ट्रान्सफर झाले आहेत, लवकरात लवकर kzbll@okhdfcbank वर रिफंड करा.",No,No,No
spam,"PMAY अलर्ट: तुम्ही योजनेअंतर्गत Rs.2,369 साठी पात्र आहात. दावा करण्यासाठी तुमचा आधार आणि बँक खाते क्रमांक शेअर करा.",No,No,No
spam,"PMAY: तुमचा शिष्यवृत्ती लाभ Rs.8,736 ट्रान्सफरसाठी तयार आहे. मिळवण्यासाठी तुमची बँक पासबुक माहिती सबमिट करा.",No,No,No
spam,"चुकून माझ्या खात्यातून तुमच्या खात्यात Rs.25,760 ट्रान्सफर झाले आहेत, लवकरात लवकर xhomro@oksbi वर रिफंड करा.",No,No,No
spam,"State Scholarship Scheme: तुमचा शिष्यवृत्ती लाभ Rs.57,626 ट्रान्सफरसाठी तयार आहे. मिळवण्यासाठी तुमची बँक पासबुक माहिती सबमिट करा.",No,No,No
spam,"मी चुकून तुमच्या Paytm वर Rs.7,156 पाठवले, कृपया हे या UPI ID वर परत करा: igzrai@ybl",No,No,No
spam,"हाय, मला वाटते मी दुसऱ्याला पेमेंट करताना चुकून तुम्हाला Rs.26,214 पाठवले. कृपया qnrab64@ibl वर परत पाठवा, धन्यवाद.",No,No,No
spam,"State Scholarship Scheme: तुमचा शिष्यवृत्ती लाभ Rs.8,516 ट्रान्सफरसाठी तयार आहे. मिळवण्यासाठी तुमची बँक पासबुक माहिती सबमिट करा.",No,No,No
spam,"माफ करा, मी चुकून चुकीच्या नंबरवर Rs.540 ट्रान्सफर केले, हे तुमचे खाते वाटते. कृपया mctsyjns11@axl वर परत पाठवा.",No,No,No
spam,"अभिनंदन, PMAY अंतर्गत तुमचा अर्ज Rs.96,500 साठी मंजूर झाला आहे. वितरणासाठी तुमची बँक माहिती पाठवा.",No,No,No
spam,"तुमचे Punjab National Bank पर्सनल लोन Rs.13,192 चे पूर्व-मंजूर आहे. प्रक्रियेसाठी तुमचे बँक खाते आणि आधार तपशील शेअर करा.",No,No,No
spam,"PMAY: तुमचा शिष्यवृत्ती लाभ Rs.7,698 ट्रान्सफरसाठी तयार आहे. मिळवण्यासाठी तुमची बँक पासबुक माहिती सबमिट करा.",No,No,No
spam,"हाय, मला वाटते मी दुसऱ्याला पेमेंट करताना चुकून तुम्हाला Rs.3,982 पाठवले. कृपया tbqpwcs13@ibl वर परत पाठवा, धन्यवाद.",No,No,No
spam,तुमचे ICICI Bank पर्सनल लोन Rs.716 चे पूर्व-मंजूर आहे. प्रक्रियेसाठी तुमचे बँक खाते आणि आधार तपशील शेअर करा.,No,No,No
spam,तुमचे Kotak Mahindra Bank पर्सनल लोन Rs.863 चे पूर्व-मंजूर आहे. प्रक्रियेसाठी तुमचे बँक खाते आणि आधार तपशील शेअर करा.,No,No,No
spam,"तुम्हाला Reliance सोबत वर्क-फ्रॉम-होम जॉबसाठी निवडले आहे. Rs.51,024 चा जॉइनिंग बोनस मिळवण्यासाठी तुमची बँक माहिती शेअर करा.",No,No,No
spam,"Ayushman Bharat: तुमचा शिष्यवृत्ती लाभ Rs.72,349 ट्रान्सफरसाठी तयार आहे. मिळवण्यासाठी तुमची बँक पासबुक माहिती सबमिट करा.",No,No,No
spam,"मी चुकून तुमच्या Paytm वर Rs.5,983 पाठवले, कृपया हे या UPI ID वर परत करा: vqahwf10@axl",No,No,No
spam,"तुमचे Bank of Baroda पर्सनल लोन Rs.2,395 चे पूर्व-मंजूर आहे. प्रक्रियेसाठी तुमचे बँक खाते आणि आधार तपशील शेअर करा.",No,No,No
spam,"PM Kisan Samman Nidhi अलर्ट: तुम्ही योजनेअंतर्गत Rs.9,114 साठी पात्र आहात. दावा करण्यासाठी तुमचा आधार आणि बँक खाते क्रमांक शेअर करा.",No,No,No
spam,"मी चुकून तुमच्या Paytm वर Rs.89,952 पाठवले, कृपया हे या UPI ID वर परत करा: uayytd60@ibl",No,No,No
spam,LPG Subsidy Scheme: तुमचा शिष्यवृत्ती लाभ Rs.608 ट्रान्सफरसाठी तयार आहे. मिळवण्यासाठी तुमची बँक पासबुक माहिती सबमिट करा.,No,No,No
spam,"तुमचे Axis Bank पर्सनल लोन Rs.7,382 चे पूर्व-मंजूर आहे. प्रक्रियेसाठी तुमचे बँक खाते आणि आधार तपशील शेअर करा.",No,No,No
spam,"Post Matric Scholarship अलर्ट: तुम्ही योजनेअंतर्गत Rs.9,417 साठी पात्र आहात. दावा करण्यासाठी तुमचा आधार आणि बँक खाते क्रमांक शेअर करा.",No,No,No
spam,"PMAY: तुमचा शिष्यवृत्ती लाभ Rs.92,336 ट्रान्सफरसाठी तयार आहे. मिळवण्यासाठी तुमची बँक पासबुक माहिती सबमिट करा.",No,No,No
spam,तुम्हाला Reliance सोबत वर्क-फ्रॉम-होम जॉबसाठी निवडले आहे. Rs.696 चा जॉइनिंग बोनस मिळवण्यासाठी तुमची बँक माहिती शेअर करा.,No,No,No
spam,"तुम्हाला TCS सोबत वर्क-फ्रॉम-होम जॉबसाठी निवडले आहे. Rs.1,526 चा जॉइनिंग बोनस मिळवण्यासाठी तुमची बँक माहिती शेअर करा.",No,No,No
spam,"National Scholarship Portal अलर्ट: तुम्ही योजनेअंतर्गत Rs.6,299 साठी पात्र आहात. दावा करण्यासाठी तुमचा आधार आणि बँक खाते क्रमांक शेअर करा.",No,No,No
spam,PM Ujjwala Yojana: तुमचा शिष्यवृत्ती लाभ Rs.875 ट्रान्सफरसाठी तयार आहे. मिळवण्यासाठी तुमची बँक पासबुक माहिती सबमिट करा.,No,No,No
spam,"हाय, मला वाटते मी दुसऱ्याला पेमेंट करताना चुकून तुम्हाला Rs.75,275 पाठवले. कृपया yyspdys@ybl वर परत पाठवा, धन्यवाद.",No,No,No
spam,तुमच्या विमा पॉलिसीची मुदतपूर्ती रक्कम Rs.778 तयार आहे. पेमेंट मिळवण्यासाठी तुमची बँक पासबुक माहिती पाठवा.,No,No,No
spam,"PMAY अलर्ट: तुम्ही योजनेअंतर्गत Rs.76,664 साठी पात्र आहात. दावा करण्यासाठी तुमचा आधार आणि बँक खाते क्रमांक शेअर करा.",No,No,No
spam,PM Ujjwala Yojana: तुमचा शिष्यवृत्ती लाभ Rs.826 ट्रान्सफरसाठी तयार आहे. मिळवण्यासाठी तुमची बँक पासबुक माहिती सबमिट करा.,No,No,No
spam,PM Kisan Samman Nidhi: तुमचा शिष्यवृत्ती लाभ Rs.500 ट्रान्सफरसाठी तयार आहे. मिळवण्यासाठी तुमची बँक पासबुक माहिती सबमिट करा.,No,No,No
spam,"माफ करा, मी चुकून चुकीच्या नंबरवर Rs.611 ट्रान्सफर केले, हे तुमचे खाते वाटते. कृपया mnwhw34@axl वर परत पाठवा.",No,No,No
spam,"माफ करा, मी चुकून चुकीच्या नंबरवर Rs.81,316 ट्रान्सफर केले, हे तुमचे खाते वाटते. कृपया ghwgs@axl वर परत पाठवा.",No,No,No
spam,"Ayushman Bharat: तुमचा शिष्यवृत्ती लाभ Rs.5,087 ट्रान्सफरसाठी तयार आहे. मिळवण्यासाठी तुमची बँक पासबुक माहिती सबमिट करा.",No,No,No
spam,"तुमच्या विमा पॉलिसीची मुदतपूर्ती रक्कम Rs.47,003 तयार आहे. पेमेंट मिळवण्यासाठी तुमची बँक पासबुक माहिती पाठवा.",No,No,No
spam,"चुकून माझ्या खात्यातून तुमच्या खात्यात Rs.9,581 ट्रान्सफर झाले आहेत, लवकरात लवकर yriqgbou@oksbi वर रिफंड करा.",No,No,No
spam,"PM Kisan Samman Nidhi अलर्ट: तुम्ही योजनेअंतर्गत Rs.2,981 साठी पात्र आहात. दावा करण्यासाठी तुमचा आधार आणि बँक खाते क्रमांक शेअर करा.",No,No,No
spam,"मी चुकून तुमच्या PhonePe वर Rs.55,687 पाठवले, कृपया हे या UPI ID वर परत करा: etfdrj56@oksbi",No,No,No
spam,"Post Matric Scholarship: तुमचा शिष्यवृत्ती लाभ Rs.91,896 ट्रान्सफरसाठी तयार आहे. मिळवण्यासाठी तुमची बँक पासबुक माहिती सबमिट करा.",No,No,No
spam,"तुमच्या विमा पॉलिसीची मुदतपूर्ती रक्कम Rs.53,415 तयार आहे. पेमेंट मिळवण्यासाठी तुमची बँक पासबुक माहिती पाठवा.",No,No,No
spam,"State Scholarship Scheme अलर्ट: तुम्ही योजनेअंतर्गत Rs.52,490 साठी पात्र आहात. दावा करण्यासाठी तुमचा आधार आणि बँक खाते क्रमांक शेअर करा.",No,No,No
spam,"मी चुकून तुमच्या PhonePe वर Rs.702 पाठवले, कृपया हे या UPI ID वर परत करा: wqqtojwv@axl",No,No,No
spam,"मी चुकून तुमच्या PhonePe वर Rs.5,969 पाठवले, कृपया हे या UPI ID वर परत करा: iqdne@okicici",No,No,No
spam,"हाय, मला वाटते मी दुसऱ्याला पेमेंट करताना चुकून तुम्हाला Rs.4,732 पाठवले. कृपया manvrnf39@ybl वर परत पाठवा, धन्यवाद.",No,No,No
spam,"माफ करा, मी चुकून चुकीच्या नंबरवर Rs.7,231 ट्रान्सफर केले, हे तुमचे खाते वाटते. कृपया ikyooj95@axl वर परत पाठवा.",No,No,No
spam,"तुम्हाला Reliance सोबत वर्क-फ्रॉम-होम जॉबसाठी निवडले आहे. Rs.20,230 चा जॉइनिंग बोनस मिळवण्यासाठी तुमची बँक माहिती शेअर करा.",No,No,No
spam,"हाय, मला वाटते मी दुसऱ्याला पेमेंट करताना चुकून तुम्हाला Rs.46,059 पाठवले. कृपया xlxinytd@paytm वर परत पाठवा, धन्यवाद.",No,No,No
spam,"चुकून माझ्या खात्यातून तुमच्या खात्यात Rs.84,945 ट्रान्सफर झाले आहेत, लवकरात लवकर kfhfe@ybl वर रिफंड करा.",No,No,No
spam,"माफ करा, मी चुकून चुकीच्या नंबरवर Rs.823 ट्रान्सफर केले, हे तुमचे खाते वाटते. कृपया lutdo@oksbi वर परत पाठवा.",No,No,No
spam,"मी चुकून तुमच्या Amazon Pay वर Rs.5,783 पाठवले, कृपया हे या UPI ID वर परत करा: jdenrpft94@axl",No,No,No
spam,"माफ करा, मी चुकून चुकीच्या नंबरवर Rs.973 ट्रान्सफर केले, हे तुमचे खाते वाटते. कृपया ftcufi@okicici वर परत पाठवा.",No,No,No
spam,"तुमचे Kotak Mahindra Bank पर्सनल लोन Rs.30,875 चे पूर्व-मंजूर आहे. प्रक्रियेसाठी तुमचे बँक खाते आणि आधार तपशील शेअर करा.",No,No,No
spam,"तुम्हाला HCL सोबत वर्क-फ्रॉम-होम जॉबसाठी निवडले आहे. Rs.90,066 चा जॉइनिंग बोनस मिळवण्यासाठी तुमची बँक माहिती शेअर करा.",No,No,No
spam,"तुम्हाला Amazon सोबत वर्क-फ्रॉम-होम जॉबसाठी निवडले आहे. Rs.74,410 चा जॉइनिंग बोनस मिळवण्यासाठी तुमची बँक माहिती शेअर करा.",No,No,No
spam,"हाय, मला वाटते मी दुसऱ्याला पेमेंट करताना चुकून तुम्हाला Rs.5,450 पाठवले. कृपया lhxkwwfx@ybl वर परत पाठवा, धन्यवाद.",No,No,No
spam,"अभिनंदन, Ayushman Bharat अंतर्गत तुमचा अर्ज Rs.84,175 साठी मंजूर झाला आहे. वितरणासाठी तुमची बँक माहिती पाठवा.",No,No,No
spam,"माफ करा, मी चुकून चुकीच्या नंबरवर Rs.3,603 ट्रान्सफर केले, हे तुमचे खाते वाटते. कृपया wdteqefk@okicici वर परत पाठवा.",No,No,No
spam,"माफ करा, मी चुकून चुकीच्या नंबरवर Rs.45,142 ट्रान्सफर केले, हे तुमचे खाते वाटते. कृपया amvdww64@ibl वर परत पाठवा.",No,No,No
spam,"मी चुकून तुमच्या Google Pay वर Rs.2,806 पाठवले, कृपया हे या UPI ID वर परत करा: ohvbzy@okicici",No,No,No
spam,"अभिनंदन, PM Ujjwala Yojana अंतर्गत तुमचा अर्ज Rs.85,183 साठी मंजूर झाला आहे. वितरणासाठी तुमची बँक माहिती पाठवा.",No,No,No
spam,"PM Kisan Samman Nidhi अलर्ट: तुम्ही योजनेअंतर्गत Rs.7,487 साठी पात्र आहात. दावा करण्यासाठी तुमचा आधार आणि बँक खाते क्रमांक शेअर करा.",No,No,No
spam,"तुमच्या विमा पॉलिसीची मुदतपूर्ती रक्कम Rs.3,912 तयार आहे. पेमेंट मिळवण्यासाठी तुमची बँक पासबुक माहिती पाठवा.",No,No,No
spam,"चुकून माझ्या खात्यातून तुमच्या खात्यात Rs.4,923 ट्रान्सफर झाले आहेत, लवकरात लवकर myehx@oksbi वर रिफंड करा.",No,No,No
spam,"मी चुकून तुमच्या Google Pay वर Rs.2,295 पाठवले, कृपया हे या UPI ID वर परत करा: dzpywj98@axl",No,No,No
spam,"तुमचे Bank of Baroda पर्सनल लोन Rs.91,302 चे पूर्व-मंजूर आहे. प्रक्रियेसाठी तुमचे बँक खाते आणि आधार तपशील शेअर करा.",No,No,No
spam,"तुमच्या विमा पॉलिसीची मुदतपूर्ती रक्कम Rs.71,573 तयार आहे. पेमेंट मिळवण्यासाठी तुमची बँक पासबुक माहिती पाठवा.",No,No,No
spam,"तुम्हाला TCS सोबत वर्क-फ्रॉम-होम जॉबसाठी निवडले आहे. Rs.41,998 चा जॉइनिंग बोनस मिळवण्यासाठी तुमची बँक माहिती शेअर करा.",No,No,No
spam,तुमचे ICICI Bank पर्सनल लोन Rs.537 चे पूर्व-मंजूर आहे. प्रक्रियेसाठी तुमचे बँक खाते आणि आधार तपशील शेअर करा.,No,No,No
spam,तुम्हाला Amazon सोबत वर्क-फ्रॉम-होम जॉबसाठी निवडले आहे. Rs.573 चा जॉइनिंग बोनस मिळवण्यासाठी तुमची बँक माहिती शेअर करा.,No,No,No
spam,"अभिनंदन, PMAY अंतर्गत तुमचा अर्ज Rs.833 साठी मंजूर झाला आहे. वितरणासाठी तुमची बँक माहिती पाठवा.",No,No,No
spam,"माफ करा, मी चुकून चुकीच्या नंबरवर Rs.24,294 ट्रान्सफर केले, हे तुमचे खाते वाटते. कृपया zoztkon93@okhdfcbank वर परत पाठवा.",No,No,No
spam,"माफ करा, मी चुकून चुकीच्या नंबरवर Rs.53,895 ट्रान्सफर केले, हे तुमचे खाते वाटते. कृपया atwhpz@paytm वर परत पाठवा.",No,No,No
spam,"अभिनंदन, PM Ujjwala Yojana अंतर्गत तुमचा अर्ज Rs.538 साठी मंजूर झाला आहे. वितरणासाठी तुमची बँक माहिती पाठवा.",No,No,No
spam,"मी चुकून तुमच्या Amazon Pay वर Rs.784 पाठवले, कृपया हे या UPI ID वर परत करा: ablns54@okhdfcbank",No,No,No
spam,PM Kisan Samman Nidhi अलर्ट: तुम्ही योजनेअंतर्गत Rs.502 साठी पात्र आहात. दावा करण्यासाठी तुमचा आधार आणि बँक खाते क्रमांक शेअर करा.,No,No,No
spam,"PM Kisan Samman Nidhi: तुमचा शिष्यवृत्ती लाभ Rs.7,669 ट्रान्सफरसाठी तयार आहे. मिळवण्यासाठी तुमची बँक पासबुक माहिती सबमिट करा.",No,No,No
spam,"चुकून माझ्या खात्यातून तुमच्या खात्यात Rs.38,957 ट्रान्सफर झाले आहेत, लवकरात लवकर pohwmx77@axl वर रिफंड करा.",No,No,No
spam,"तुम्हाला Amazon सोबत वर्क-फ्रॉम-होम जॉबसाठी निवडले आहे. Rs.2,461 चा जॉइनिंग बोनस मिळवण्यासाठी तुमची बँक माहिती शेअर करा.",No,No,No
spam,"हाय, मला वाटते मी दुसऱ्याला पेमेंट करताना चुकून तुम्हाला Rs.2,161 पाठवले. कृपया xqovkxfb35@axl वर परत पाठवा, धन्यवाद.",No,No,No
spam,"मी चुकून तुमच्या Paytm वर Rs.8,427 पाठवले, कृपया हे या UPI ID वर परत करा: fzbecfy@okicici",No,No,No
spam,"हाय, मला वाटते मी दुसऱ्याला पेमेंट करताना चुकून तुम्हाला Rs.9,610 पाठवले. कृपया gepamm@ibl वर परत पाठवा, धन्यवाद.",No,No,No
spam,"तुम्हाला HCL सोबत वर्क-फ्रॉम-होम जॉबसाठी निवडले आहे. Rs.88,431 चा जॉइनिंग बोनस मिळवण्यासाठी तुमची बँक माहिती शेअर करा.",No,No,No
spam,"तुमच्या विमा पॉलिसीची मुदतपूर्ती रक्कम Rs.4,998 तयार आहे. पेमेंट मिळवण्यासाठी तुमची बँक पासबुक माहिती पाठवा.",No,No,No
spam,"LPG Subsidy Scheme: तुमचा शिष्यवृत्ती लाभ Rs.5,626 ट्रान्सफरसाठी तयार आहे. मिळवण्यासाठी तुमची बँक पासबुक माहिती सबमिट करा.",No,No,No
spam,तुमचे ICICI Bank पर्सनल लोन Rs.522 चे पूर्व-मंजूर आहे. प्रक्रियेसाठी तुमचे बँक खाते आणि आधार तपशील शेअर करा.,No,No,No
spam,"अभिनंदन, National Scholarship Portal अंतर्गत तुमचा अर्ज Rs.598 साठी मंजूर झाला आहे. वितरणासाठी तुमची बँक माहिती पाठवा.",No,No,No
spam,"हाय, मला वाटते मी दुसऱ्याला पेमेंट करताना चुकून तुम्हाला Rs.639 पाठवले. कृपया avfvvb@okicici वर परत पाठवा, धन्यवाद.",No,No,No
spam,तुमचे Bank of Baroda पर्सनल लोन Rs.946 चे पूर्व-मंजूर आहे. प्रक्रियेसाठी तुमचे बँक खाते आणि आधार तपशील शेअर करा.,No,No,No
spam,PM Ujjwala Yojana: तुमचा शिष्यवृत्ती लाभ Rs.667 ट्रान्सफरसाठी तयार आहे. मिळवण्यासाठी तुमची बँक पासबुक माहिती सबमिट करा.,No,No,No
spam,"तुम्हाला TCS सोबत वर्क-फ्रॉम-होम जॉबसाठी निवडले आहे. Rs.2,363 चा जॉइनिंग बोनस मिळवण्यासाठी तुमची बँक माहिती शेअर करा.",No,No,No
spam,"तुमचे Canara Bank पर्सनल लोन Rs.6,807 चे पूर्व-मंजूर आहे. प्रक्रियेसाठी तुमचे बँक खाते आणि आधार तपशील शेअर करा.",No,No,No
spam,"तुमचे Axis Bank पर्सनल लोन Rs.95,083 चे पूर्व-मंजूर आहे. प्रक्रियेसाठी तुमचे बँक खाते आणि आधार तपशील शेअर करा.",No,No,No
spam,"LPG Subsidy Scheme: तुमचा शिष्यवृत्ती लाभ Rs.9,847 ट्रान्सफरसाठी तयार आहे. मिळवण्यासाठी तुमची बँक पासबुक माहिती सबमिट करा.",No,No,No
spam,"Post Matric Scholarship: तुमचा शिष्यवृत्ती लाभ Rs.5,369 ट्रान्सफरसाठी तयार आहे. मिळवण्यासाठी तुमची बँक पासबुक माहिती सबमिट करा.",No,No,No
spam,"हाय, मला वाटते मी दुसऱ्याला पेमेंट करताना चुकून तुम्हाला Rs.775 पाठवले. कृपया mrlfuf83@ibl वर परत पाठवा, धन्यवाद.",No,No,No
spam,"तुम्हाला Amazon सोबत वर्क-फ्रॉम-होम जॉबसाठी निवडले आहे. Rs.81,318 चा जॉइनिंग बोनस मिळवण्यासाठी तुमची बँक माहिती शेअर करा.",No,No,No
spam,"चुकून माझ्या खात्यातून तुमच्या खात्यात Rs.3,310 ट्रान्सफर झाले आहेत, लवकरात लवकर kqhjxeh@ybl वर रिफंड करा.",No,No,No
spam,"हाय, मला वाटते मी दुसऱ्याला पेमेंट करताना चुकून तुम्हाला Rs.49,809 पाठवले. कृपया lzwcwlio@paytm वर परत पाठवा, धन्यवाद.",No,No,No
spam,"तुम्हाला Wipro सोबत वर्क-फ्रॉम-होम जॉबसाठी निवडले आहे. Rs.79,117 चा जॉइनिंग बोनस मिळवण्यासाठी तुमची बँक माहिती शेअर करा.",No,No,No
spam,"चुकून माझ्या खात्यातून तुमच्या खात्यात Rs.948 ट्रान्सफर झाले आहेत, लवकरात लवकर nfybvycr21@paytm वर रिफंड करा.",No,No,No
spam,"तुमचे Axis Bank पर्सनल लोन Rs.1,739 चे पूर्व-मंजूर आहे. प्रक्रियेसाठी तुमचे बँक खाते आणि आधार तपशील शेअर करा.",No,No,No
spam,"तुम्हाला Amazon सोबत वर्क-फ्रॉम-होम जॉबसाठी निवडले आहे. Rs.40,940 चा जॉइनिंग बोनस मिळवण्यासाठी तुमची बँक माहिती शेअर करा.",No,No,No
spam,"चुकून माझ्या खात्यातून तुमच्या खात्यात Rs.77,223 ट्रान्सफर झाले आहेत, लवकरात लवकर indxs23@paytm वर रिफंड करा.",No,No,No
spam,"अभिनंदन, National Scholarship Portal अंतर्गत तुमचा अर्ज Rs.35,237 साठी मंजूर झाला आहे. वितरणासाठी तुमची बँक माहिती पाठवा.",No,No,No
spam,"चुकून माझ्या खात्यातून तुमच्या खात्यात Rs.22,954 ट्रान्सफर झाले आहेत, लवकरात लवकर ypcua@okicici वर रिफंड करा.",No,No,No
spam,"PM Ujjwala Yojana: तुमचा शिष्यवृत्ती लाभ Rs.9,247 ट्रान्सफरसाठी तयार आहे. मिळवण्यासाठी तुमची बँक पासबुक माहिती सबमिट करा.",No,No,No
spam,PM Kisan Samman Nidhi अलर्ट: तुम्ही योजनेअंतर्गत Rs.619 साठी पात्र आहात. दावा करण्यासाठी तुमचा आधार आणि बँक खाते क्रमांक शेअर करा.,No,No,No
spam,"माफ करा, मी चुकून चुकीच्या नंबरवर Rs.48,707 ट्रान्सफर केले, हे तुमचे खाते वाटते. कृपया cwtig41@ibl वर परत पाठवा.",No,No,No
spam,"अभिनंदन, PM Kisan Samman Nidhi अंतर्गत तुमचा अर्ज Rs.68,433 साठी मंजूर झाला आहे. वितरणासाठी तुमची बँक माहिती पाठवा.",No,No,No
spam,तुम्हाला HCL सोबत वर्क-फ्रॉम-होम जॉबसाठी निवडले आहे. Rs.921 चा जॉइनिंग बोनस मिळवण्यासाठी तुमची बँक माहिती शेअर करा.,No,No,No
spam,"हाय, मला वाटते मी दुसऱ्याला पेमेंट करताना चुकून तुम्हाला Rs.55,337 पाठवले. कृपया skcfc22@axl वर परत पाठवा, धन्यवाद.",No,No,No
spam,LPG Subsidy Scheme अलर्ट: तुम्ही योजनेअंतर्गत Rs.975 साठी पात्र आहात. दावा करण्यासाठी तुमचा आधार आणि बँक खाते क्रमांक शेअर करा.,No,No,No
spam,"अभिनंदन, PM Kisan Samman Nidhi अंतर्गत तुमचा अर्ज Rs.4,222 साठी मंजूर झाला आहे. वितरणासाठी तुमची बँक माहिती पाठवा.",No,No,No
spam,"PMAY अलर्ट: तुम्ही योजनेअंतर्गत Rs.1,939 साठी पात्र आहात. दावा करण्यासाठी तुमचा आधार आणि बँक खाते क्रमांक शेअर करा.",No,No,No
spam,"चुकून माझ्या खात्यातून तुमच्या खात्यात Rs.97,157 ट्रान्सफर झाले आहेत, लवकरात लवकर xjskpai10@oksbi वर रिफंड करा.",No,No,No
spam,"मी चुकून तुमच्या Google Pay वर Rs.5,833 पाठवले, कृपया हे या UPI ID वर परत करा: ynbijiu74@ibl",No,No,No
spam,"अभिनंदन, PM Ujjwala Yojana अंतर्गत तुमचा अर्ज Rs.861 साठी मंजूर झाला आहे. वितरणासाठी तुमची बँक माहिती पाठवा.",No,No,No
spam,"National Scholarship Portal अलर्ट: तुम्ही योजनेअंतर्गत Rs.17,303 साठी पात्र आहात. दावा करण्यासाठी तुमचा आधार आणि बँक खाते क्रमांक शेअर करा.",No,No,No
spam,"चुकून माझ्या खात्यातून तुमच्या खात्यात Rs.763 ट्रान्सफर झाले आहेत, लवकरात लवकर wsumbky@okicici वर रिफंड करा.",No,No,No
spam,LPG Subsidy Scheme: तुमचा शिष्यवृत्ती लाभ Rs.975 ट्रान्सफरसाठी तयार आहे. मिळवण्यासाठी तुमची बँक पासबुक माहिती सबमिट करा.,No,No,No
spam,"माफ करा, मी चुकून चुकीच्या नंबरवर Rs.31,037 ट्रान्सफर केले, हे तुमचे खाते वाटते. कृपया cevzswf@ybl वर परत पाठवा.",No,No,No
spam,"माफ करा, मी चुकून चुकीच्या नंबरवर Rs.16,761 ट्रान्सफर केले, हे तुमचे खाते वाटते. कृपया jlyvu@paytm वर परत पाठवा.",No,No,No
spam,"तुमच्या विमा पॉलिसीची मुदतपूर्ती रक्कम Rs.23,940 तयार आहे. पेमेंट मिळवण्यासाठी तुमची बँक पासबुक माहिती पाठवा.",No,No,No
spam,"मी चुकून तुमच्या PhonePe वर Rs.84,712 पाठवले, कृपया हे या UPI ID वर परत करा: oorly@okhdfcbank",No,No,No
spam,"अभिनंदन, State Scholarship Scheme अंतर्गत तुमचा अर्ज Rs.9,670 साठी मंजूर झाला आहे. वितरणासाठी तुमची बँक माहिती पाठवा.",No,No,No
spam,"चुकून माझ्या खात्यातून तुमच्या खात्यात Rs.5,347 ट्रान्सफर झाले आहेत, लवकरात लवकर jzsvq97@axl वर रिफंड करा.",No,No,No
spam,"हाय, मला वाटते मी दुसऱ्याला पेमेंट करताना चुकून तुम्हाला Rs.618 पाठवले. कृपया flkcmuva89@ibl वर परत पाठवा, धन्यवाद.",No,No,No
spam,"तुमचे Punjab National Bank पर्सनल लोन Rs.7,240 चे पूर्व-मंजूर आहे. प्रक्रियेसाठी तुमचे बँक खाते आणि आधार तपशील शेअर करा.",No,No,No
spam,"तुम्हाला Reliance सोबत वर्क-फ्रॉम-होम जॉबसाठी निवडले आहे. Rs.8,356 चा जॉइनिंग बोनस मिळवण्यासाठी तुमची बँक माहिती शेअर करा.",No,No,No
spam,"तुम्हाला Amazon सोबत वर्क-फ्रॉम-होम जॉबसाठी निवडले आहे. Rs.9,327 चा जॉइनिंग बोनस मिळवण्यासाठी तुमची बँक माहिती शेअर करा.",No,No,No
spam,"चुकून माझ्या खात्यातून तुमच्या खात्यात Rs.5,188 ट्रान्सफर झाले आहेत, लवकरात लवकर nsaghf26@okhdfcbank वर रिफंड करा.",No,No,No
spam,"अभिनंदन, PMAY अंतर्गत तुमचा अर्ज Rs.5,119 साठी मंजूर झाला आहे. वितरणासाठी तुमची बँक माहिती पाठवा.",No,No,No
spam,"तुम्हाला Reliance सोबत वर्क-फ्रॉम-होम जॉबसाठी निवडले आहे. Rs.98,676 चा जॉइनिंग बोनस मिळवण्यासाठी तुमची बँक माहिती शेअर करा.",No,No,No
spam,"अभिनंदन, Post Matric Scholarship अंतर्गत तुमचा अर्ज Rs.9,474 साठी मंजूर झाला आहे. वितरणासाठी तुमची बँक माहिती पाठवा.",No,No,No
spam,"State Scholarship Scheme अलर्ट: तुम्ही योजनेअंतर्गत Rs.6,536 साठी पात्र आहात. दावा करण्यासाठी तुमचा आधार आणि बँक खाते क्रमांक शेअर करा.",No,No,No
spam,LPG Subsidy Scheme: तुमचा शिष्यवृत्ती लाभ Rs.720 ट्रान्सफरसाठी तयार आहे. मिळवण्यासाठी तुमची बँक पासबुक माहिती सबमिट करा.,No,No,No
spam,"तुम्हाला Amazon सोबत वर्क-फ्रॉम-होम जॉबसाठी निवडले आहे. Rs.5,582 चा जॉइनिंग बोनस मिळवण्यासाठी तुमची बँक माहिती शेअर करा.",No,No,No
spam,"Ayushman Bharat: तुमचा शिष्यवृत्ती लाभ Rs.33,408 ट्रान्सफरसाठी तयार आहे. मिळवण्यासाठी तुमची बँक पासबुक माहिती सबमिट करा.",No,No,No
spam,"हाय, मला वाटते मी दुसऱ्याला पेमेंट करताना चुकून तुम्हाला Rs.4,710 पाठवले. कृपया sgdwckld@paytm वर परत पाठवा, धन्यवाद.",No,No,No
spam,"मी चुकून तुमच्या Google Pay वर Rs.942 पाठवले, कृपया हे या UPI ID वर परत करा: sbqltkok96@axl",No,No,No
spam,"LPG Subsidy Scheme अलर्ट: तुम्ही योजनेअंतर्गत Rs.77,650 साठी पात्र आहात. दावा करण्यासाठी तुमचा आधार आणि बँक खाते क्रमांक शेअर करा.",No,No,No
spam,"Ayushman Bharat अलर्ट: तुम्ही योजनेअंतर्गत Rs.1,499 साठी पात्र आहात. दावा करण्यासाठी तुमचा आधार आणि बँक खाते क्रमांक शेअर करा.",No,No,No
spam,"तुमचे Kotak Mahindra Bank पर्सनल लोन Rs.39,443 चे पूर्व-मंजूर आहे. प्रक्रियेसाठी तुमचे बँक खाते आणि आधार तपशील शेअर करा.",No,No,No
spam,"तुम्हाला Amazon सोबत वर्क-फ्रॉम-होम जॉबसाठी निवडले आहे. Rs.2,068 चा जॉइनिंग बोनस मिळवण्यासाठी तुमची बँक माहिती शेअर करा.",No,No,No
spam,"मी चुकून तुमच्या PhonePe वर Rs.726 पाठवले, कृपया हे या UPI ID वर परत करा: ykaes@paytm",No,No,No
spam,"माफ करा, मी चुकून चुकीच्या नंबरवर Rs.44,104 ट्रान्सफर केले, हे तुमचे खाते वाटते. कृपया xvpzlsq@ybl वर परत पाठवा.",No,No,No
spam,"अभिनंदन, PM Kisan Samman Nidhi अंतर्गत तुमचा अर्ज Rs.592 साठी मंजूर झाला आहे. वितरणासाठी तुमची बँक माहिती पाठवा.",No,No,No
spam,"तुमचे SBI पर्सनल लोन Rs.6,161 चे पूर्व-मंजूर आहे. प्रक्रियेसाठी तुमचे बँक खाते आणि आधार तपशील शेअर करा.",No,No,No
spam,"हाय, मला वाटते मी दुसऱ्याला पेमेंट करताना चुकून तुम्हाला Rs.759 पाठवले. कृपया joslqtt52@okicici वर परत पाठवा, धन्यवाद.",No,No,No
spam,"तुमचे Kotak Mahindra Bank पर्सनल लोन Rs.57,011 चे पूर्व-मंजूर आहे. प्रक्रियेसाठी तुमचे बँक खाते आणि आधार तपशील शेअर करा.",No,No,No
spam,तुमच्या विमा पॉलिसीची मुदतपूर्ती रक्कम Rs.644 तयार आहे. पेमेंट मिळवण्यासाठी तुमची बँक पासबुक माहिती पाठवा.,No,No,No
spam,तुम्हाला HCL सोबत वर्क-फ्रॉम-होम जॉबसाठी निवडले आहे. Rs.692 चा जॉइनिंग बोनस मिळवण्यासाठी तुमची बँक माहिती शेअर करा.,No,No,No
spam,"मी चुकून तुमच्या Paytm वर Rs.8,968 पाठवले, कृपया हे या UPI ID वर परत करा: qgwoaeu37@paytm",No,No,No
spam,तुम्हाला HCL सोबत वर्क-फ्रॉम-होम जॉबसाठी निवडले आहे. Rs.613 चा जॉइनिंग बोनस मिळवण्यासाठी तुमची बँक माहिती शेअर करा.,No,No,No
spam,"चुकून माझ्या खात्यातून तुमच्या खात्यात Rs.40,715 ट्रान्सफर झाले आहेत, लवकरात लवकर hfmuoil10@paytm वर रिफंड करा.",No,No,No
spam,"हाय, मला वाटते मी दुसऱ्याला पेमेंट करताना चुकून तुम्हाला Rs.97,075 पाठवले. कृपया ocgdl@axl वर परत पाठवा, धन्यवाद.",No,No,No
spam,"मी चुकून तुमच्या Paytm वर Rs.688 पाठवले, कृपया हे या UPI ID वर परत करा: uikmq91@okhdfcbank",No,No,No
spam,तुम्हाला Flipkart सोबत वर्क-फ्रॉम-होम जॉबसाठी निवडले आहे. Rs.769 चा जॉइनिंग बोनस मिळवण्यासाठी तुमची बँक माहिती शेअर करा.,No,No,No
spam,"तुमचे HDFC Bank पर्सनल लोन Rs.61,512 चे पूर्व-मंजूर आहे. प्रक्रियेसाठी तुमचे बँक खाते आणि आधार तपशील शेअर करा.",No,No,No
spam,"तुम्हाला Flipkart सोबत वर्क-फ्रॉम-होम जॉबसाठी निवडले आहे. Rs.35,494 चा जॉइनिंग बोनस मिळवण्यासाठी तुमची बँक माहिती शेअर करा.",No,No,No
spam,"तुम्हाला Wipro सोबत वर्क-फ्रॉम-होम जॉबसाठी निवडले आहे. Rs.1,030 चा जॉइनिंग बोनस मिळवण्यासाठी तुमची बँक माहिती शेअर करा.",No,No,No
spam,"चुकून माझ्या खात्यातून तुमच्या खात्यात Rs.44,811 ट्रान्सफर झाले आहेत, लवकरात लवकर hmwlow@ibl वर रिफंड करा.",No,No,No
spam,"माफ करा, मी चुकून चुकीच्या नंबरवर Rs.3,988 ट्रान्सफर केले, हे तुमचे खाते वाटते. कृपया tdwtioh@paytm वर परत पाठवा.",No,No,No
spam,"तुमच्या विमा पॉलिसीची मुदतपूर्ती रक्कम Rs.43,023 तयार आहे. पेमेंट मिळवण्यासाठी तुमची बँक पासबुक माहिती पाठवा.",No,No,No
spam,तुम्हाला Flipkart सोबत वर्क-फ्रॉम-होम जॉबसाठी निवडले आहे. Rs.792 चा जॉइनिंग बोनस मिळवण्यासाठी तुमची बँक माहिती शेअर करा.,No,No,No
spam,"हाय, मला वाटते मी दुसऱ्याला पेमेंट करताना चुकून तुम्हाला Rs.797 पाठवले. कृपया smnhzaz@ibl वर परत पाठवा, धन्यवाद.",No,No,No
spam,तुम्हाला Amazon सोबत वर्क-फ्रॉम-होम जॉबसाठी निवडले आहे. Rs.528 चा जॉइनिंग बोनस मिळवण्यासाठी तुमची बँक माहिती शेअर करा.,No,No,No
spam,तुम्हाला HCL सोबत वर्क-फ्रॉम-होम जॉबसाठी निवडले आहे. Rs.694 चा जॉइनिंग बोनस मिळवण्यासाठी तुमची बँक माहिती शेअर करा.,No,No,No
spam,"माफ करा, मी चुकून चुकीच्या नंबरवर Rs.3,493 ट्रान्सफर केले, हे तुमचे खाते वाटते. कृपया uvuyi52@okicici वर परत पाठवा.",No,No,No
spam,तुमचे Axis Bank पर्सनल लोन Rs.895 चे पूर्व-मंजूर आहे. प्रक्रियेसाठी तुमचे बँक खाते आणि आधार तपशील शेअर करा.,No,No,No
spam,"मी चुकून तुमच्या Paytm वर Rs.27,887 पाठवले, कृपया हे या UPI ID वर परत करा: obgxilk66@paytm",No,No,No
spam,"तुमच्या विमा पॉलिसीची मुदतपूर्ती रक्कम Rs.61,426 तयार आहे. पेमेंट मिळवण्यासाठी तुमची बँक पासबुक माहिती पाठवा.",No,No,No
spam,"मी चुकून तुमच्या Google Pay वर Rs.9,319 पाठवले, कृपया हे या UPI ID वर परत करा: bkoql@ibl",No,No,No
spam,"चुकून माझ्या खात्यातून तुमच्या खात्यात Rs.33,463 ट्रान्सफर झाले आहेत, लवकरात लवकर dvibf29@okhdfcbank वर रिफंड करा.",No,No,No
spam,PM Ujjwala Yojana अलर्ट: तुम्ही योजनेअंतर्गत Rs.677 साठी पात्र आहात. दावा करण्यासाठी तुमचा आधार आणि बँक खाते क्रमांक शेअर करा.,No,No,No
spam,"National Scholarship Portal अलर्ट: तुम्ही योजनेअंतर्गत Rs.68,613 साठी पात्र आहात. दावा करण्यासाठी तुमचा आधार आणि बँक खाते क्रमांक शेअर करा.",No,No,No
spam,"माफ करा, मी चुकून चुकीच्या नंबरवर Rs.90,506 ट्रान्सफर केले, हे तुमचे खाते वाटते. कृपया qmpydikd21@axl वर परत पाठवा.",No,No,No
spam,"माफ करा, मी चुकून चुकीच्या नंबरवर Rs.657 ट्रान्सफर केले, हे तुमचे खाते वाटते. कृपया iwnrjsgr@okhdfcbank वर परत पाठवा.",No,No,No
spam,"माफ करा, मी चुकून चुकीच्या नंबरवर Rs.41,631 ट्रान्सफर केले, हे तुमचे खाते वाटते. कृपया zqmyyn@ibl वर परत पाठवा.",No,No,No
spam,"मी चुकून तुमच्या PhonePe वर Rs.701 पाठवले, कृपया हे या UPI ID वर परत करा: jnluzh45@okhdfcbank",No,No,No
spam,"मी चुकून तुमच्या PhonePe वर Rs.7,193 पाठवले, कृपया हे या UPI ID वर परत करा: rhpcdq@okicici",No,No,No
spam,तुम्हाला Infosys सोबत वर्क-फ्रॉम-होम जॉबसाठी निवडले आहे. Rs.526 चा जॉइनिंग बोनस मिळवण्यासाठी तुमची बँक माहिती शेअर करा.,No,No,No
spam,"माफ करा, मी चुकून चुकीच्या नंबरवर Rs.589 ट्रान्सफर केले, हे तुमचे खाते वाटते. कृपया koxya36@axl वर परत पाठवा.",No,No,No
spam,"PM Kisan Samman Nidhi: तुमचा शिष्यवृत्ती लाभ Rs.40,310 ट्रान्सफरसाठी तयार आहे. मिळवण्यासाठी तुमची बँक पासबुक माहिती सबमिट करा.",No,No,No
spam,"तुमचे HDFC Bank पर्सनल लोन Rs.69,913 चे पूर्व-मंजूर आहे. प्रक्रियेसाठी तुमचे बँक खाते आणि आधार तपशील शेअर करा.",No,No,No
spam,"चुकून माझ्या खात्यातून तुमच्या खात्यात Rs.62,460 ट्रान्सफर झाले आहेत, लवकरात लवकर ogsqub37@paytm वर रिफंड करा.",No,No,No
spam,"चुकून माझ्या खात्यातून तुमच्या खात्यात Rs.598 ट्रान्सफर झाले आहेत, लवकरात लवकर vkzgqaki84@paytm वर रिफंड करा.",No,No,No
spam,"मी चुकून तुमच्या Paytm वर Rs.46,991 पाठवले, कृपया हे या UPI ID वर परत करा: krqzjnv82@okicici",No,No,No
spam,"हाय, मला वाटते मी दुसऱ्याला पेमेंट करताना चुकून तुम्हाला Rs.61,096 पाठवले. कृपया zkapfb25@oksbi वर परत पाठवा, धन्यवाद.",No,No,No
spam,"अभिनंदन, PM Kisan Samman Nidhi अंतर्गत तुमचा अर्ज Rs.10,869 साठी मंजूर झाला आहे. वितरणासाठी तुमची बँक माहिती पाठवा.",No,No,No
spam,"माफ करा, मी चुकून चुकीच्या नंबरवर Rs.31,082 ट्रान्सफर केले, हे तुमचे खाते वाटते. कृपया fmtsj@oksbi वर परत पाठवा.",No,No,No
spam,PMAY अलर्ट: तुम्ही योजनेअंतर्गत Rs.599 साठी पात्र आहात. दावा करण्यासाठी तुमचा आधार आणि बँक खाते क्रमांक शेअर करा.,No,No,No
spam,"मी चुकून तुमच्या Paytm वर Rs.902 पाठवले, कृपया हे या UPI ID वर परत करा: nkymec@axl",No,No,No
spam,"चुकून माझ्या खात्यातून तुमच्या खात्यात Rs.20,006 ट्रान्सफर झाले आहेत, लवकरात लवकर gpqhjg@ibl वर रिफंड करा.",No,No,No
spam,"हाय, मला वाटते मी दुसऱ्याला पेमेंट करताना चुकून तुम्हाला Rs.96,547 पाठवले. कृपया pcswyzjd@oksbi वर परत पाठवा, धन्यवाद.",No,No,No
spam,"अभिनंदन, Ayushman Bharat अंतर्गत तुमचा अर्ज Rs.21,064 साठी मंजूर झाला आहे. वितरणासाठी तुमची बँक माहिती पाठवा.",No,No,No
spam,"चुकून माझ्या खात्यातून तुमच्या खात्यात Rs.693 ट्रान्सफर झाले आहेत, लवकरात लवकर mymip@ybl वर रिफंड करा.",No,No,No
spam,"माफ करा, मी चुकून चुकीच्या नंबरवर Rs.5,972 ट्रान्सफर केले, हे तुमचे खाते वाटते. कृपया okmvdtit@paytm वर परत पाठवा.",No,No,No
spam,"अभिनंदन, Post Matric Scholarship अंतर्गत तुमचा अर्ज Rs.21,474 साठी मंजूर झाला आहे. वितरणासाठी तुमची बँक माहिती पाठवा.",No,No,No
spam,"माफ करा, मी चुकून चुकीच्या नंबरवर Rs.88,403 ट्रान्सफर केले, हे तुमचे खाते वाटते. कृपया oopxzu@ibl वर परत पाठवा.",No,No,No
spam,"Post Matric Scholarship अलर्ट: तुम्ही योजनेअंतर्गत Rs.5,464 साठी पात्र आहात. दावा करण्यासाठी तुमचा आधार आणि बँक खाते क्रमांक शेअर करा.",No,No,No
spam,तुम्हाला Flipkart सोबत वर्क-फ्रॉम-होम जॉबसाठी निवडले आहे. Rs.916 चा जॉइनिंग बोनस मिळवण्यासाठी तुमची बँक माहिती शेअर करा.,No,No,No
spam,"तुम्हाला Amazon सोबत वर्क-फ्रॉम-होम जॉबसाठी निवडले आहे. Rs.8,472 चा जॉइनिंग बोनस मिळवण्यासाठी तुमची बँक माहिती शेअर करा.",No,No,No
spam,"LPG Subsidy Scheme अलर्ट: तुम्ही योजनेअंतर्गत Rs.1,010 साठी पात्र आहात. दावा करण्यासाठी तुमचा आधार आणि बँक खाते क्रमांक शेअर करा.",No,No,No
spam,"चुकून माझ्या खात्यातून तुमच्या खात्यात Rs.57,128 ट्रान्सफर झाले आहेत, लवकरात लवकर fcsji64@paytm वर रिफंड करा.",No,No,No
spam,"तुम्हाला Amazon सोबत वर्क-फ्रॉम-होम जॉबसाठी निवडले आहे. Rs.7,913 चा जॉइनिंग बोनस मिळवण्यासाठी तुमची बँक माहिती शेअर करा.",No,No,No
spam,तुमच्या विमा पॉलिसीची मुदतपूर्ती रक्कम Rs.615 तयार आहे. पेमेंट मिळवण्यासाठी तुमची बँक पासबुक माहिती पाठवा.,No,No,No
spam,"तुम्हाला Amazon सोबत वर्क-फ्रॉम-होम जॉबसाठी निवडले आहे. Rs.37,641 चा जॉइनिंग बोनस मिळवण्यासाठी तुमची बँक माहिती शेअर करा.",No,No,No
spam,"तुमच्या विमा पॉलिसीची मुदतपूर्ती रक्कम Rs.60,096 तयार आहे. पेमेंट मिळवण्यासाठी तुमची बँक पासबुक माहिती पाठवा.",No,No,No
spam,"तुमच्या विमा पॉलिसीची मुदतपूर्ती रक्कम Rs.24,121 तयार आहे. पेमेंट मिळवण्यासाठी तुमची बँक पासबुक माहिती पाठवा.",No,No,No
spam,"अभिनंदन, State Scholarship Scheme अंतर्गत तुमचा अर्ज Rs.507 साठी मंजूर झाला आहे. वितरणासाठी तुमची बँक माहिती पाठवा.",No,No,No
spam,"PM Ujjwala Yojana: तुमचा शिष्यवृत्ती लाभ Rs.18,560 ट्रान्सफरसाठी तयार आहे. मिळवण्यासाठी तुमची बँक पासबुक माहिती सबमिट करा.",No,No,No
spam,तुमचे HDFC Bank पर्सनल लोन Rs.863 चे पूर्व-मंजूर आहे. प्रक्रियेसाठी तुमचे बँक खाते आणि आधार तपशील शेअर करा.,No,No,No
spam,PM Ujjwala Yojana अलर्ट: तुम्ही योजनेअंतर्गत Rs.773 साठी पात्र आहात. दावा करण्यासाठी तुमचा आधार आणि बँक खाते क्रमांक शेअर करा.,No,No,No
spam,तुमच्या विमा पॉलिसीची मुदतपूर्ती रक्कम Rs.797 तयार आहे. पेमेंट मिळवण्यासाठी तुमची बँक पासबुक माहिती पाठवा.,No,No,No
spam,"PM Ujjwala Yojana अलर्ट: तुम्ही योजनेअंतर्गत Rs.8,070 साठी पात्र आहात. दावा करण्यासाठी तुमचा आधार आणि बँक खाते क्रमांक शेअर करा.",No,No,No
spam,"हाय, मला वाटते मी दुसऱ्याला पेमेंट करताना चुकून तुम्हाला Rs.18,736 पाठवले. कृपया rfhpacmt51@paytm वर परत पाठवा, धन्यवाद.",No,No,No
spam,"चुकून माझ्या खात्यातून तुमच्या खात्यात Rs.15,549 ट्रान्सफर झाले आहेत, लवकरात लवकर zxkgixa@paytm वर रिफंड करा.",No,No,No
spam,"State Scholarship Scheme: तुमचा शिष्यवृत्ती लाभ Rs.17,574 ट्रान्सफरसाठी तयार आहे. मिळवण्यासाठी तुमची बँक पासबुक माहिती सबमिट करा.",No,No,No
spam,"हाय, मला वाटते मी दुसऱ्याला पेमेंट करताना चुकून तुम्हाला Rs.811 पाठवले. कृपया thewlwwf@okhdfcbank वर परत पाठवा, धन्यवाद.",No,No,No
spam,"PM Ujjwala Yojana: तुमचा शिष्यवृत्ती लाभ Rs.3,148 ट्रान्सफरसाठी तयार आहे. मिळवण्यासाठी तुमची बँक पासबुक माहिती सबमिट करा.",No,No,No
spam,"चुकून माझ्या खात्यातून तुमच्या खात्यात Rs.63,352 ट्रान्सफर झाले आहेत, लवकरात लवकर tczxl27@ibl वर रिफंड करा.",No,No,No
spam,"अभिनंदन, Post Matric Scholarship अंतर्गत तुमचा अर्ज Rs.728 साठी मंजूर झाला आहे. वितरणासाठी तुमची बँक माहिती पाठवा.",No,No,No
spam,तुम्हाला Amazon सोबत वर्क-फ्रॉम-होम जॉबसाठी निवडले आहे. Rs.856 चा जॉइनिंग बोनस मिळवण्यासाठी तुमची बँक माहिती शेअर करा.,No,No,No
spam,"तुमचे Kotak Mahindra Bank पर्सनल लोन Rs.2,674 चे पूर्व-मंजूर आहे. प्रक्रियेसाठी तुमचे बँक खाते आणि आधार तपशील शेअर करा.",No,No,No
spam,"तुमच्या विमा पॉलिसीची मुदतपूर्ती रक्कम Rs.89,514 तयार आहे. पेमेंट मिळवण्यासाठी तुमची बँक पासबुक माहिती पाठवा.",No,No,No
spam,"PM Ujjwala Yojana अलर्ट: तुम्ही योजनेअंतर्गत Rs.1,939 साठी पात्र आहात. दावा करण्यासाठी तुमचा आधार आणि बँक खाते क्रमांक शेअर करा.",No,No,No
spam,"चुकून माझ्या खात्यातून तुमच्या खात्यात Rs.7,652 ट्रान्सफर झाले आहेत, लवकरात लवकर ucfgqlsx44@okhdfcbank वर रिफंड करा.",No,No,No
spam,तुमचे Bank of Baroda पर्सनल लोन Rs.698 चे पूर्व-मंजूर आहे. प्रक्रियेसाठी तुमचे बँक खाते आणि आधार तपशील शेअर करा.,No,No,No
spam,"हाय, मला वाटते मी दुसऱ्याला पेमेंट करताना चुकून तुम्हाला Rs.9,812 पाठवले. कृपया jkrvutp@ybl वर परत पाठवा, धन्यवाद.",No,No,No
spam,"मी चुकून तुमच्या Google Pay वर Rs.7,191 पाठवले, कृपया हे या UPI ID वर परत करा: xrkbe@oksbi",No,No,No
spam,"माफ करा, मी चुकून चुकीच्या नंबरवर Rs.7,842 ट्रान्सफर केले, हे तुमचे खाते वाटते. कृपया mmirj@okhdfcbank वर परत पाठवा.",No,No,No
spam,"चुकून माझ्या खात्यातून तुमच्या खात्यात Rs.39,909 ट्रान्सफर झाले आहेत, लवकरात लवकर ymtistr@axl वर रिफंड करा.",No,No,No
spam,"तुमचे ICICI Bank पर्सनल लोन Rs.9,114 चे पूर्व-मंजूर आहे. प्रक्रियेसाठी तुमचे बँक खाते आणि आधार तपशील शेअर करा.",No,No,No
spam,"अभिनंदन, PM Ujjwala Yojana अंतर्गत तुमचा अर्ज Rs.75,379 साठी मंजूर झाला आहे. वितरणासाठी तुमची बँक माहिती पाठवा.",No,No,No
spam,तुमच्या विमा पॉलिसीची मुदतपूर्ती रक्कम Rs.685 तयार आहे. पेमेंट मिळवण्यासाठी तुमची बँक पासबुक माहिती पाठवा.,No,No,No
spam,तुमचे SBI पर्सनल लोन Rs.992 चे पूर्व-मंजूर आहे. प्रक्रियेसाठी तुमचे बँक खाते आणि आधार तपशील शेअर करा.,No,No,No
spam,"तुमचे Kotak Mahindra Bank पर्सनल लोन Rs.4,687 चे पूर्व-मंजूर आहे. प्रक्रियेसाठी तुमचे बँक खाते आणि आधार तपशील शेअर करा.",No,No,No
spam,"चुकून माझ्या खात्यातून तुमच्या खात्यात Rs.37,586 ट्रान्सफर झाले आहेत, लवकरात लवकर iflhe@paytm वर रिफंड करा.",No,No,No
spam,"State Scholarship Scheme अलर्ट: तुम्ही योजनेअंतर्गत Rs.98,536 साठी पात्र आहात. दावा करण्यासाठी तुमचा आधार आणि बँक खाते क्रमांक शेअर करा.",No,No,No
spam,"PM Kisan Samman Nidhi: तुमचा शिष्यवृत्ती लाभ Rs.8,848 ट्रान्सफरसाठी तयार आहे. मिळवण्यासाठी तुमची बँक पासबुक माहिती सबमिट करा.",No,No,No
spam,"तुमचे Kotak Mahindra Bank पर्सनल लोन Rs.57,536 चे पूर्व-मंजूर आहे. प्रक्रियेसाठी तुमचे बँक खाते आणि आधार तपशील शेअर करा.",No,No,No
spam,"माफ करा, मी चुकून चुकीच्या नंबरवर Rs.39,906 ट्रान्सफर केले, हे तुमचे खाते वाटते. कृपया spvhetts@ibl वर परत पाठवा.",No,No,No
spam,तुमचे ICICI Bank पर्सनल लोन Rs.944 चे पूर्व-मंजूर आहे. प्रक्रियेसाठी तुमचे बँक खाते आणि आधार तपशील शेअर करा.,No,No,No
spam,"National Scholarship Portal: तुमचा शिष्यवृत्ती लाभ Rs.23,039 ट्रान्सफरसाठी तयार आहे. मिळवण्यासाठी तुमची बँक पासबुक माहिती सबमिट करा.",No,No,No
spam,"हाय, मला वाटते मी दुसऱ्याला पेमेंट करताना चुकून तुम्हाला Rs.685 पाठवले. कृपया tbhbo61@okicici वर परत पाठवा, धन्यवाद.",No,No,No
spam,"हाय, मला वाटते मी दुसऱ्याला पेमेंट करताना चुकून तुम्हाला Rs.878 पाठवले. कृपया xwstqrhx87@ybl वर परत पाठवा, धन्यवाद.",No,No,No
spam,तुमचे HDFC Bank पर्सनल लोन Rs.866 चे पूर्व-मंजूर आहे. प्रक्रियेसाठी तुमचे बँक खाते आणि आधार तपशील शेअर करा.,No,No,No
spam,"चुकून माझ्या खात्यातून तुमच्या खात्यात Rs.4,828 ट्रान्सफर झाले आहेत, लवकरात लवकर kjjhnoq@axl वर रिफंड करा.",No,No,No
spam,"तुमचे ICICI Bank पर्सनल लोन Rs.95,676 चे पूर्व-मंजूर आहे. प्रक्रियेसाठी तुमचे बँक खाते आणि आधार तपशील शेअर करा.",No,No,No
spam,"State Scholarship Scheme: तुमचा शिष्यवृत्ती लाभ Rs.46,036 ट्रान्सफरसाठी तयार आहे. मिळवण्यासाठी तुमची बँक पासबुक माहिती सबमिट करा.",No,No,No
spam,"माफ करा, मी चुकून चुकीच्या नंबरवर Rs.28,863 ट्रान्सफर केले, हे तुमचे खाते वाटते. कृपया ppbkk@ybl वर परत पाठवा.",No,No,No
spam,"मी चुकून तुमच्या Paytm वर Rs.1,419 पाठवले, कृपया हे या UPI ID वर परत करा: lbvxkhn56@axl",No,No,No
spam,"हाय, मला वाटते मी दुसऱ्याला पेमेंट करताना चुकून तुम्हाला Rs.17,086 पाठवले. कृपया gokwz@okhdfcbank वर परत पाठवा, धन्यवाद.",No,No,No
spam,"अभिनंदन, PM Ujjwala Yojana अंतर्गत तुमचा अर्ज Rs.763 साठी मंजूर झाला आहे. वितरणासाठी तुमची बँक माहिती पाठवा.",No,No,No
spam,"मी चुकून तुमच्या PhonePe वर Rs.64,661 पाठवले, कृपया हे या UPI ID वर परत करा: hdbcrit@axl",No,No,No
spam,"हाय, मला वाटते मी दुसऱ्याला पेमेंट करताना चुकून तुम्हाला Rs.2,605 पाठवले. कृपया wzyed33@okhdfcbank वर परत पाठवा, धन्यवाद.",No,No,No
spam,"अभिनंदन, National Scholarship Portal अंतर्गत तुमचा अर्ज Rs.976 साठी मंजूर झाला आहे. वितरणासाठी तुमची बँक माहिती पाठवा.",No,No,No
spam,"Ayushman Bharat अलर्ट: तुम्ही योजनेअंतर्गत Rs.6,466 साठी पात्र आहात. दावा करण्यासाठी तुमचा आधार आणि बँक खाते क्रमांक शेअर करा.",No,No,No
spam,"माफ करा, मी चुकून चुकीच्या नंबरवर Rs.895 ट्रान्सफर केले, हे तुमचे खाते वाटते. कृपया grboya@paytm वर परत पाठवा.",No,No,No
spam,State Scholarship Scheme: तुमचा शिष्यवृत्ती लाभ Rs.914 ट्रान्सफरसाठी तयार आहे. मिळवण्यासाठी तुमची बँक पासबुक माहिती सबमिट करा.,No,No,No
spam,PM Ujjwala Yojana: तुमचा शिष्यवृत्ती लाभ Rs.858 ट्रान्सफरसाठी तयार आहे. मिळवण्यासाठी तुमची बँक पासबुक माहिती सबमिट करा.,No,No,No
spam,"हाय, मला वाटते मी दुसऱ्याला पेमेंट करताना चुकून तुम्हाला Rs.756 पाठवले. कृपया ybfuz17@axl वर परत पाठवा, धन्यवाद.",No,No,No
spam,"माफ करा, मी चुकून चुकीच्या नंबरवर Rs.88,050 ट्रान्सफर केले, हे तुमचे खाते वाटते. कृपया gcuvwbd@paytm वर परत पाठवा.",No,No,No
spam,"हाय, मला वाटते मी दुसऱ्याला पेमेंट करताना चुकून तुम्हाला Rs.867 पाठवले. कृपया uzhiut@axl वर परत पाठवा, धन्यवाद.",No,No,No
spam,तुम्हाला Reliance सोबत वर्क-फ्रॉम-होम जॉबसाठी निवडले आहे. Rs.572 चा जॉइनिंग बोनस मिळवण्यासाठी तुमची बँक माहिती शेअर करा.,No,No,No
spam,"State Scholarship Scheme अलर्ट: तुम्ही योजनेअंतर्गत Rs.9,202 साठी पात्र आहात. दावा करण्यासाठी तुमचा आधार आणि बँक खाते क्रमांक शेअर करा.",No,No,No
spam,"LPG Subsidy Scheme अलर्ट: तुम्ही योजनेअंतर्गत Rs.46,688 साठी पात्र आहात. दावा करण्यासाठी तुमचा आधार आणि बँक खाते क्रमांक शेअर करा.",No,No,No
spam,"Ayushman Bharat: तुमचा शिष्यवृत्ती लाभ Rs.7,187 ट्रान्सफरसाठी तयार आहे. मिळवण्यासाठी तुमची बँक पासबुक माहिती सबमिट करा.",No,No,No
spam,तुमच्या विमा पॉलिसीची मुदतपूर्ती रक्कम Rs.608 तयार आहे. पेमेंट मिळवण्यासाठी तुमची बँक पासबुक माहिती पाठवा.,No,No,No
spam,"National Scholarship Portal: तुमचा शिष्यवृत्ती लाभ Rs.77,392 ट्रान्सफरसाठी तयार आहे. मिळवण्यासाठी तुमची बँक पासबुक माहिती सबमिट करा.",No,No,No
spam,तुमचे ICICI Bank पर्सनल लोन Rs.829 चे पूर्व-मंजूर आहे. प्रक्रियेसाठी तुमचे बँक खाते आणि आधार तपशील शेअर करा.,No,No,No
spam,तुमचे Punjab National Bank पर्सनल लोन Rs.874 चे पूर्व-मंजूर आहे. प्रक्रियेसाठी तुमचे बँक खाते आणि आधार तपशील शेअर करा.,No,No,No
spam,"तुमच्या विमा पॉलिसीची मुदतपूर्ती रक्कम Rs.63,510 तयार आहे. पेमेंट मिळवण्यासाठी तुमची बँक पासबुक माहिती पाठवा.",No,No,No
spam,"मी चुकून तुमच्या PhonePe वर Rs.52,352 पाठवले, कृपया हे या UPI ID वर परत करा: ibtkrgj@okicici",No,No,No
spam,"LPG Subsidy Scheme: तुमचा शिष्यवृत्ती लाभ Rs.9,760 ट्रान्सफरसाठी तयार आहे. मिळवण्यासाठी तुमची बँक पासबुक माहिती सबमिट करा.",No,No,No
spam,PMAY अलर्ट: तुम्ही योजनेअंतर्गत Rs.885 साठी पात्र आहात. दावा करण्यासाठी तुमचा आधार आणि बँक खाते क्रमांक शेअर करा.,No,No,No
spam,"माफ करा, मी चुकून चुकीच्या नंबरवर Rs.97,738 ट्रान्सफर केले, हे तुमचे खाते वाटते. कृपया ohuepdzv@paytm वर परत पाठवा.",No,No,No
spam,"चुकून माझ्या खात्यातून तुमच्या खात्यात Rs.5,514 ट्रान्सफर झाले आहेत, लवकरात लवकर jxdjvw52@ybl वर रिफंड करा.",No,No,No
spam,"अभिनंदन, Ayushman Bharat अंतर्गत तुमचा अर्ज Rs.35,586 साठी मंजूर झाला आहे. वितरणासाठी तुमची बँक माहिती पाठवा.",No,No,No
spam,PM Ujjwala Yojana: तुमचा शिष्यवृत्ती लाभ Rs.709 ट्रान्सफरसाठी तयार आहे. मिळवण्यासाठी तुमची बँक पासबुक माहिती सबमिट करा.,No,No,No
spam,तुम्हाला HCL सोबत वर्क-फ्रॉम-होम जॉबसाठी निवडले आहे. Rs.687 चा जॉइनिंग बोनस मिळवण्यासाठी तुमची बँक माहिती शेअर करा.,No,No,No
spam,"National Scholarship Portal: तुमचा शिष्यवृत्ती लाभ Rs.65,230 ट्रान्सफरसाठी तयार आहे. मिळवण्यासाठी तुमची बँक पासबुक माहिती सबमिट करा.",No,No,No
spam,"चुकून माझ्या खात्यातून तुमच्या खात्यात Rs.93,809 ट्रान्सफर झाले आहेत, लवकरात लवकर hruyhgtf83@okicici वर रिफंड करा.",No,No,No
spam,"चुकून माझ्या खात्यातून तुमच्या खात्यात Rs.939 ट्रान्सफर झाले आहेत, लवकरात लवकर ieagnfn@paytm वर रिफंड करा.",No,No,No
spam,तुम्हाला Amazon सोबत वर्क-फ्रॉम-होम जॉबसाठी निवडले आहे. Rs.788 चा जॉइनिंग बोनस मिळवण्यासाठी तुमची बँक माहिती शेअर करा.,No,No,No
spam,"अभिनंदन, PMAY अंतर्गत तुमचा अर्ज Rs.714 साठी मंजूर झाला आहे. वितरणासाठी तुमची बँक माहिती पाठवा.",No,No,No
spam,"अभिनंदन, LPG Subsidy Scheme अंतर्गत तुमचा अर्ज Rs.76,529 साठी मंजूर झाला आहे. वितरणासाठी तुमची बँक माहिती पाठवा.",No,No,No
spam,"माफ करा, मी चुकून चुकीच्या नंबरवर Rs.4,182 ट्रान्सफर केले, हे तुमचे खाते वाटते. कृपया csrejj@ybl वर परत पाठवा.",No,No,No
spam,"मी चुकून तुमच्या PhonePe वर Rs.59,153 पाठवले, कृपया हे या UPI ID वर परत करा: mdqurqe@ybl",No,No,No
spam,"तुम्हाला Reliance सोबत वर्क-फ्रॉम-होम जॉबसाठी निवडले आहे. Rs.12,885 चा जॉइनिंग बोनस मिळवण्यासाठी तुमची बँक माहिती शेअर करा.",No,No,No
spam,PMAY: तुमचा शिष्यवृत्ती लाभ Rs.911 ट्रान्सफरसाठी तयार आहे. मिळवण्यासाठी तुमची बँक पासबुक माहिती सबमिट करा.,No,No,No
spam,"अभिनंदन, Post Matric Scholarship अंतर्गत तुमचा अर्ज Rs.17,595 साठी मंजूर झाला आहे. वितरणासाठी तुमची बँक माहिती पाठवा.",No,No,No
spam,"मी चुकून तुमच्या Google Pay वर Rs.885 पाठवले, कृपया हे या UPI ID वर परत करा: mrbcto@axl",No,No,No
spam,"तुम्हाला Infosys सोबत वर्क-फ्रॉम-होम जॉबसाठी निवडले आहे. Rs.3,192 चा जॉइनिंग बोनस मिळवण्यासाठी तुमची बँक माहिती शेअर करा.",No,No,No
spam,"अभिनंदन, Ayushman Bharat अंतर्गत तुमचा अर्ज Rs.1,556 साठी मंजूर झाला आहे. वितरणासाठी तुमची बँक माहिती पाठवा.",No,No,No
spam,"चुकून माझ्या खात्यातून तुमच्या खात्यात Rs.4,125 ट्रान्सफर झाले आहेत, लवकरात लवकर psplsebu@okhdfcbank वर रिफंड करा.",No,No,No
spam,"अभिनंदन, LPG Subsidy Scheme अंतर्गत तुमचा अर्ज Rs.14,863 साठी मंजूर झाला आहे. वितरणासाठी तुमची बँक माहिती पाठवा.",No,No,No
spam,LPG Subsidy Scheme अलर्ट: तुम्ही योजनेअंतर्गत Rs.572 साठी पात्र आहात. दावा करण्यासाठी तुमचा आधार आणि बँक खाते क्रमांक शेअर करा.,No,No,No
spam,"हाय, मला वाटते मी दुसऱ्याला पेमेंट करताना चुकून तुम्हाला Rs.6,753 पाठवले. कृपया xgbzeiy81@ybl वर परत पाठवा, धन्यवाद.",No,No,No
spam,"National Scholarship Portal: तुमचा शिष्यवृत्ती लाभ Rs.25,573 ट्रान्सफरसाठी तयार आहे. मिळवण्यासाठी तुमची बँक पासबुक माहिती सबमिट करा.",No,No,No
spam,तुमच्या विमा पॉलिसीची मुदतपूर्ती रक्कम Rs.824 तयार आहे. पेमेंट मिळवण्यासाठी तुमची बँक पासबुक माहिती पाठवा.,No,No,No
spam,"अभिनंदन, PM Ujjwala Yojana अंतर्गत तुमचा अर्ज Rs.7,570 साठी मंजूर झाला आहे. वितरणासाठी तुमची बँक माहिती पाठवा.",No,No,No
spam,"हाय, मला वाटते मी दुसऱ्याला पेमेंट करताना चुकून तुम्हाला Rs.7,626 पाठवले. कृपया kcmzjgp92@okicici वर परत पाठवा, धन्यवाद.",No,No,No
spam,"अभिनंदन, National Scholarship Portal अंतर्गत तुमचा अर्ज Rs.84,671 साठी मंजूर झाला आहे. वितरणासाठी तुमची बँक माहिती पाठवा.",No,No,No
spam,"Ayushman Bharat: तुमचा शिष्यवृत्ती लाभ Rs.3,631 ट्रान्सफरसाठी तयार आहे. मिळवण्यासाठी तुमची बँक पासबुक माहिती सबमिट करा.",No,No,No
spam,"माफ करा, मी चुकून चुकीच्या नंबरवर Rs.80,967 ट्रान्सफर केले, हे तुमचे खाते वाटते. कृपया ktkuekk@ibl वर परत पाठवा.",No,No,No
spam,"माफ करा, मी चुकून चुकीच्या नंबरवर Rs.90,626 ट्रान्सफर केले, हे तुमचे खाते वाटते. कृपया nxdjxq@paytm वर परत पाठवा.",No,No,No
spam,"माफ करा, मी चुकून चुकीच्या नंबरवर Rs.59,215 ट्रान्सफर केले, हे तुमचे खाते वाटते. कृपया bmkmmsmy@oksbi वर परत पाठवा.",No,No,No
spam,"तुमच्या विमा पॉलिसीची मुदतपूर्ती रक्कम Rs.6,253 तयार आहे. पेमेंट मिळवण्यासाठी तुमची बँक पासबुक माहिती पाठवा.",No,No,No
spam,"LPG Subsidy Scheme अलर्ट: तुम्ही योजनेअंतर्गत Rs.86,579 साठी पात्र आहात. दावा करण्यासाठी तुमचा आधार आणि बँक खाते क्रमांक शेअर करा.",No,No,No
spam,"तुमचे Bank of Baroda पर्सनल लोन Rs.29,141 चे पूर्व-मंजूर आहे. प्रक्रियेसाठी तुमचे बँक खाते आणि आधार तपशील शेअर करा.",No,No,No
spam,"माफ करा, मी चुकून चुकीच्या नंबरवर Rs.548 ट्रान्सफर केले, हे तुमचे खाते वाटते. कृपया sanmocg@okhdfcbank वर परत पाठवा.",No,No,No
spam,"तुमचे Canara Bank पर्सनल लोन Rs.33,147 चे पूर्व-मंजूर आहे. प्रक्रियेसाठी तुमचे बँक खाते आणि आधार तपशील शेअर करा.",No,No,No
spam,"माफ करा, मी चुकून चुकीच्या नंबरवर Rs.57,983 ट्रान्सफर केले, हे तुमचे खाते वाटते. कृपया hklnp74@okhdfcbank वर परत पाठवा.",No,No,No
spam,"चुकून माझ्या खात्यातून तुमच्या खात्यात Rs.95,860 ट्रान्सफर झाले आहेत, लवकरात लवकर gjetf52@paytm वर रिफंड करा.",No,No,No
spam,"तुम्हाला Wipro सोबत वर्क-फ्रॉम-होम जॉबसाठी निवडले आहे. Rs.35,779 चा जॉइनिंग बोनस मिळवण्यासाठी तुमची बँक माहिती शेअर करा.",No,No,No
spam,"मी चुकून तुमच्या Paytm वर Rs.33,788 पाठवले, कृपया हे या UPI ID वर परत करा: oxgyn64@ybl",No,No,No
spam,"माफ करा, मी चुकून चुकीच्या नंबरवर Rs.69,849 ट्रान्सफर केले, हे तुमचे खाते वाटते. कृपया izuktjx73@paytm वर परत पाठवा.",No,No,No
spam,"अभिनंदन, State Scholarship Scheme अंतर्गत तुमचा अर्ज Rs.2,845 साठी मंजूर झाला आहे. वितरणासाठी तुमची बँक माहिती पाठवा.",No,No,No
spam,"माफ करा, मी चुकून चुकीच्या नंबरवर Rs.615 ट्रान्सफर केले, हे तुमचे खाते वाटते. कृपया glhxb@ybl वर परत पाठवा.",No,No,No
spam,"चुकून माझ्या खात्यातून तुमच्या खात्यात Rs.653 ट्रान्सफर झाले आहेत, लवकरात लवकर ochmlth69@ibl वर रिफंड करा.",No,No,No
spam,Ayushman Bharat अलर्ट: तुम्ही योजनेअंतर्गत Rs.982 साठी पात्र आहात. दावा करण्यासाठी तुमचा आधार आणि बँक खाते क्रमांक शेअर करा.,No,No,No
spam,"तुमचे Bank of Baroda पर्सनल लोन Rs.39,330 चे पूर्व-मंजूर आहे. प्रक्रियेसाठी तुमचे बँक खाते आणि आधार तपशील शेअर करा.",No,No,No
spam,"माफ करा, मी चुकून चुकीच्या नंबरवर Rs.7,226 ट्रान्सफर केले, हे तुमचे खाते वाटते. कृपया bijaun@ybl वर परत पाठवा.",No,No,No
spam,Ayushman Bharat: तुमचा शिष्यवृत्ती लाभ Rs.843 ट्रान्सफरसाठी तयार आहे. मिळवण्यासाठी तुमची बँक पासबुक माहिती सबमिट करा.,No,No,No
spam,तुम्हाला TCS सोबत वर्क-फ्रॉम-होम जॉबसाठी निवडले आहे. Rs.584 चा जॉइनिंग बोनस मिळवण्यासाठी तुमची बँक माहिती शेअर करा.,No,No,No
spam,"हाय, मला वाटते मी दुसऱ्याला पेमेंट करताना चुकून तुम्हाला Rs.541 पाठवले. कृपया yebaxqr@ybl वर परत पाठवा, धन्यवाद.",No,No,No
spam,"अभिनंदन, PM Ujjwala Yojana अंतर्गत तुमचा अर्ज Rs.516 साठी मंजूर झाला आहे. वितरणासाठी तुमची बँक माहिती पाठवा.",No,No,No
spam,"माफ करा, मी चुकून चुकीच्या नंबरवर Rs.876 ट्रान्सफर केले, हे तुमचे खाते वाटते. कृपया wdsqb25@ibl वर परत पाठवा.",No,No,No
spam,"अभिनंदन, State Scholarship Scheme अंतर्गत तुमचा अर्ज Rs.632 साठी मंजूर झाला आहे. वितरणासाठी तुमची बँक माहिती पाठवा.",No,No,No
spam,"मी चुकून तुमच्या Paytm वर Rs.790 पाठवले, कृपया हे या UPI ID वर परत करा: adhlyabi88@okhdfcbank",No,No,No
spam,"अभिनंदन, Ayushman Bharat अंतर्गत तुमचा अर्ज Rs.6,624 साठी मंजूर झाला आहे. वितरणासाठी तुमची बँक माहिती पाठवा.",No,No,No
spam,"Post Matric Scholarship: तुमचा शिष्यवृत्ती लाभ Rs.96,119 ट्रान्सफरसाठी तयार आहे. मिळवण्यासाठी तुमची बँक पासबुक माहिती सबमिट करा.",No,No,No
spam,"मी चुकून तुमच्या Paytm वर Rs.906 पाठवले, कृपया हे या UPI ID वर परत करा: hoyrjxj41@ibl",No,No,No
spam,"अभिनंदन, PMAY अंतर्गत तुमचा अर्ज Rs.830 साठी मंजूर झाला आहे. वितरणासाठी तुमची बँक माहिती पाठवा.",No,No,No
spam,"अभिनंदन, State Scholarship Scheme अंतर्गत तुमचा अर्ज Rs.5,804 साठी मंजूर झाला आहे. वितरणासाठी तुमची बँक माहिती पाठवा.",No,No,No
spam,"तुमच्या विमा पॉलिसीची मुदतपूर्ती रक्कम Rs.1,432 तयार आहे. पेमेंट मिळवण्यासाठी तुमची बँक पासबुक माहिती पाठवा.",No,No,No
spam,"तुमचे SBI पर्सनल लोन Rs.1,181 चे पूर्व-मंजूर आहे. प्रक्रियेसाठी तुमचे बँक खाते आणि आधार तपशील शेअर करा.",No,No,No
spam,"चुकून माझ्या खात्यातून तुमच्या खात्यात Rs.829 ट्रान्सफर झाले आहेत, लवकरात लवकर didasoa@axl वर रिफंड करा.",No,No,No
spam,"तुमच्या विमा पॉलिसीची मुदतपूर्ती रक्कम Rs.2,766 तयार आहे. पेमेंट मिळवण्यासाठी तुमची बँक पासबुक माहिती पाठवा.",No,No,No
spam,"चुकून माझ्या खात्यातून तुमच्या खात्यात Rs.610 ट्रान्सफर झाले आहेत, लवकरात लवकर jvhwaxq82@okicici वर रिफंड करा.",No,No,No
spam,"मी चुकून तुमच्या Google Pay वर Rs.6,291 पाठवले, कृपया हे या UPI ID वर परत करा: isucfno34@okicici",No,No,No
spam,National Scholarship Portal अलर्ट: तुम्ही योजनेअंतर्गत Rs.524 साठी पात्र आहात. दावा करण्यासाठी तुमचा आधार आणि बँक खाते क्रमांक शेअर करा.,No,No,No
spam,"तुम्हाला Infosys सोबत वर्क-फ्रॉम-होम जॉबसाठी निवडले आहे. Rs.16,966 चा जॉइनिंग बोनस मिळवण्यासाठी तुमची बँक माहिती शेअर करा.",No,No,No
spam,"तुम्हाला TCS सोबत वर्क-फ्रॉम-होम जॉबसाठी निवडले आहे. Rs.9,188 चा जॉइनिंग बोनस मिळवण्यासाठी तुमची बँक माहिती शेअर करा.",No,No,No
spam,तुमचे HDFC Bank पर्सनल लोन Rs.967 चे पूर्व-मंजूर आहे. प्रक्रियेसाठी तुमचे बँक खाते आणि आधार तपशील शेअर करा.,No,No,No
spam,"हाय, मला वाटते मी दुसऱ्याला पेमेंट करताना चुकून तुम्हाला Rs.91,617 पाठवले. कृपया zwecip87@axl वर परत पाठवा, धन्यवाद.",No,No,No
spam,"अभिनंदन, State Scholarship Scheme अंतर्गत तुमचा अर्ज Rs.77,646 साठी मंजूर झाला आहे. वितरणासाठी तुमची बँक माहिती पाठवा.",No,No,No
spam,"चुकून माझ्या खात्यातून तुमच्या खात्यात Rs.975 ट्रान्सफर झाले आहेत, लवकरात लवकर jbrlrp56@okhdfcbank वर रिफंड करा.",No,No,No
spam,"तुमच्या विमा पॉलिसीची मुदतपूर्ती रक्कम Rs.1,953 तयार आहे. पेमेंट मिळवण्यासाठी तुमची बँक पासबुक माहिती पाठवा.",No,No,No
spam,"चुकून माझ्या खात्यातून तुमच्या खात्यात Rs.825 ट्रान्सफर झाले आहेत, लवकरात लवकर ruydbdfv97@oksbi वर रिफंड करा.",No,No,No
spam,"हाय, मला वाटते मी दुसऱ्याला पेमेंट करताना चुकून तुम्हाला Rs.867 पाठवले. कृपया uqcpb@ibl वर परत पाठवा, धन्यवाद.",No,No,No
spam,"तुमचे Canara Bank पर्सनल लोन Rs.3,380 चे पूर्व-मंजूर आहे. प्रक्रियेसाठी तुमचे बँक खाते आणि आधार तपशील शेअर करा.",No,No,No
spam,"तुमच्या विमा पॉलिसीची मुदतपूर्ती रक्कम Rs.92,722 तयार आहे. पेमेंट मिळवण्यासाठी तुमची बँक पासबुक माहिती पाठवा.",No,No,No
spam,"माफ करा, मी चुकून चुकीच्या नंबरवर Rs.69,203 ट्रान्सफर केले, हे तुमचे खाते वाटते. कृपया pmeijbjq@okicici वर परत पाठवा.",No,No,No
spam,"तुमचे SBI पर्सनल लोन Rs.3,679 चे पूर्व-मंजूर आहे. प्रक्रियेसाठी तुमचे बँक खाते आणि आधार तपशील शेअर करा.",No,No,No
spam,"माफ करा, मी चुकून चुकीच्या नंबरवर Rs.617 ट्रान्सफर केले, हे तुमचे खाते वाटते. कृपया rplmnnfw84@ibl वर परत पाठवा.",No,No,No
spam,"तुम्हाला TCS सोबत वर्क-फ्रॉम-होम जॉबसाठी निवडले आहे. Rs.2,273 चा जॉइनिंग बोनस मिळवण्यासाठी तुमची बँक माहिती शेअर करा.",No,No,No
spam,"PMAY अलर्ट: तुम्ही योजनेअंतर्गत Rs.7,923 साठी पात्र आहात. दावा करण्यासाठी तुमचा आधार आणि बँक खाते क्रमांक शेअर करा.",No,No,No
spam,"तुमचे Canara Bank पर्सनल लोन Rs.19,914 चे पूर्व-मंजूर आहे. प्रक्रियेसाठी तुमचे बँक खाते आणि आधार तपशील शेअर करा.",No,No,No
spam,"चुकून माझ्या खात्यातून तुमच्या खात्यात Rs.93,640 ट्रान्सफर झाले आहेत, लवकरात लवकर vjjely42@paytm वर रिफंड करा.",No,No,No
spam,"PM Kisan Samman Nidhi: तुमचा शिष्यवृत्ती लाभ Rs.84,687 ट्रान्सफरसाठी तयार आहे. मिळवण्यासाठी तुमची बँक पासबुक माहिती सबमिट करा.",No,No,No
spam,State Scholarship Scheme: तुमचा शिष्यवृत्ती लाभ Rs.935 ट्रान्सफरसाठी तयार आहे. मिळवण्यासाठी तुमची बँक पासबुक माहिती सबमिट करा.,No,No,No
spam,"Ayushman Bharat अलर्ट: तुम्ही योजनेअंतर्गत Rs.3,217 साठी पात्र आहात. दावा करण्यासाठी तुमचा आधार आणि बँक खाते क्रमांक शेअर करा.",No,No,No
spam,"मी चुकून तुमच्या Google Pay वर Rs.8,257 पाठवले, कृपया हे या UPI ID वर परत करा: ccxbot77@okhdfcbank",No,No,No
spam,"तुमचे Kotak Mahindra Bank पर्सनल लोन Rs.5,583 चे पूर्व-मंजूर आहे. प्रक्रियेसाठी तुमचे बँक खाते आणि आधार तपशील शेअर करा.",No,No,No
spam,LPG Subsidy Scheme अलर्ट: तुम्ही योजनेअंतर्गत Rs.512 साठी पात्र आहात. दावा करण्यासाठी तुमचा आधार आणि बँक खाते क्रमांक शेअर करा.,No,No,No
spam,"चुकून माझ्या खात्यातून तुमच्या खात्यात Rs.52,636 ट्रान्सफर झाले आहेत, लवकरात लवकर vfcgyqna@ibl वर रिफंड करा.",No,No,No
spam,"मी चुकून तुमच्या Paytm वर Rs.953 पाठवले, कृपया हे या UPI ID वर परत करा: ftyfbn51@oksbi",No,No,No
spam,"National Scholarship Portal: तुमचा शिष्यवृत्ती लाभ Rs.5,846 ट्रान्सफरसाठी तयार आहे. मिळवण्यासाठी तुमची बँक पासबुक माहिती सबमिट करा.",No,No,No
spam,"मी चुकून तुमच्या Google Pay वर Rs.506 पाठवले, कृपया हे या UPI ID वर परत करा: ghzlg@ybl",No,No,No
spam,"माफ करा, मी चुकून चुकीच्या नंबरवर Rs.565 ट्रान्सफर केले, हे तुमचे खाते वाटते. कृपया gibhw@ybl वर परत पाठवा.",No,No,No
spam,"हाय, मला वाटते मी दुसऱ्याला पेमेंट करताना चुकून तुम्हाला Rs.3,792 पाठवले. कृपया aiykxkjo@ibl वर परत पाठवा, धन्यवाद.",No,No,No
spam,"मी चुकून तुमच्या Paytm वर Rs.2,280 पाठवले, कृपया हे या UPI ID वर परत करा: zigoskht37@ybl",No,No,No
spam,"हाय, मला वाटते मी दुसऱ्याला पेमेंट करताना चुकून तुम्हाला Rs.5,107 पाठवले. कृपया veyap@ybl वर परत पाठवा, धन्यवाद.",No,No,No
spam,तुमच्या विमा पॉलिसीची मुदतपूर्ती रक्कम Rs.911 तयार आहे. पेमेंट मिळवण्यासाठी तुमची बँक पासबुक माहिती पाठवा.,No,No,No
spam,"तुमचे Canara Bank पर्सनल लोन Rs.5,828 चे पूर्व-मंजूर आहे. प्रक्रियेसाठी तुमचे बँक खाते आणि आधार तपशील शेअर करा.",No,No,No
spam,"मी चुकून तुमच्या Google Pay वर Rs.982 पाठवले, कृपया हे या UPI ID वर परत करा: jtejiq30@okicici",No,No,No
spam,National Scholarship Portal: तुमचा शिष्यवृत्ती लाभ Rs.940 ट्रान्सफरसाठी तयार आहे. मिळवण्यासाठी तुमची बँक पासबुक माहिती सबमिट करा.,No,No,No
spam,तुमचे Axis Bank पर्सनल लोन Rs.911 चे पूर्व-मंजूर आहे. प्रक्रियेसाठी तुमचे बँक खाते आणि आधार तपशील शेअर करा.,No,No,No
spam,"National Scholarship Portal: तुमचा शिष्यवृत्ती लाभ Rs.6,445 ट्रान्सफरसाठी तयार आहे. मिळवण्यासाठी तुमची बँक पासबुक माहिती सबमिट करा.",No,No,No
spam,"मी चुकून तुमच्या Amazon Pay वर Rs.825 पाठवले, कृपया हे या UPI ID वर परत करा: jodffqtp72@paytm",No,No,No
spam,"माफ करा, मी चुकून चुकीच्या नंबरवर Rs.982 ट्रान्सफर केले, हे तुमचे खाते वाटते. कृपया xgxnn@okhdfcbank वर परत पाठवा.",No,No,No
spam,"तुमच्या विमा पॉलिसीची मुदतपूर्ती रक्कम Rs.9,357 तयार आहे. पेमेंट मिळवण्यासाठी तुमची बँक पासबुक माहिती पाठवा.",No,No,No
spam,"चुकून माझ्या खात्यातून तुमच्या खात्यात Rs.913 ट्रान्सफर झाले आहेत, लवकरात लवकर uihfeq@ibl वर रिफंड करा.",No,No,No
spam,"तुम्हाला TCS सोबत वर्क-फ्रॉम-होम जॉबसाठी निवडले आहे. Rs.6,092 चा जॉइनिंग बोनस मिळवण्यासाठी तुमची बँक माहिती शेअर करा.",No,No,No
spam,"हाय, मला वाटते मी दुसऱ्याला पेमेंट करताना चुकून तुम्हाला Rs.4,064 पाठवले. कृपया wkszzjmo16@ibl वर परत पाठवा, धन्यवाद.",No,No,No
spam,तुम्हाला Amazon सोबत वर्क-फ्रॉम-होम जॉबसाठी निवडले आहे. Rs.607 चा जॉइनिंग बोनस मिळवण्यासाठी तुमची बँक माहिती शेअर करा.,No,No,No
spam,PM Kisan Samman Nidhi: तुमचा शिष्यवृत्ती लाभ Rs.892 ट्रान्सफरसाठी तयार आहे. मिळवण्यासाठी तुमची बँक पासबुक माहिती सबमिट करा.,No,No,No
spam,"मी चुकून तुमच्या PhonePe वर Rs.6,714 पाठवले, कृपया हे या UPI ID वर परत करा: zbxtl29@axl",No,No,No
spam,"तुमच्या विमा पॉलिसीची मुदतपूर्ती रक्कम Rs.29,592 तयार आहे. पेमेंट मिळवण्यासाठी तुमची बँक पासबुक माहिती पाठवा.",No,No,No
spam,LPG Subsidy Scheme अलर्ट: तुम्ही योजनेअंतर्गत Rs.611 साठी पात्र आहात. दावा करण्यासाठी तुमचा आधार आणि बँक खाते क्रमांक शेअर करा.,No,No,No
spam,तुम्हाला Reliance सोबत वर्क-फ्रॉम-होम जॉबसाठी निवडले आहे. Rs.538 चा जॉइनिंग बोनस मिळवण्यासाठी तुमची बँक माहिती शेअर करा.,No,No,No
spam,"तुमचे Punjab National Bank पर्सनल लोन Rs.1,970 चे पूर्व-मंजूर आहे. प्रक्रियेसाठी तुमचे बँक खाते आणि आधार तपशील शेअर करा.",No,No,No
spam,"माफ करा, मी चुकून चुकीच्या नंबरवर Rs.32,302 ट्रान्सफर केले, हे तुमचे खाते वाटते. कृपया gzqpcpmb31@oksbi वर परत पाठवा.",No,No,No
spam,"तुमचे ICICI Bank पर्सनल लोन Rs.8,102 चे पूर्व-मंजूर आहे. प्रक्रियेसाठी तुमचे बँक खाते आणि आधार तपशील शेअर करा.",No,No,No
spam,"PM Ujjwala Yojana: तुमचा शिष्यवृत्ती लाभ Rs.98,360 ट्रान्सफरसाठी तयार आहे. मिळवण्यासाठी तुमची बँक पासबुक माहिती सबमिट करा.",No,No,No
spam,"चुकून माझ्या खात्यातून तुमच्या खात्यात Rs.67,625 ट्रान्सफर झाले आहेत, लवकरात लवकर dabehv@axl वर रिफंड करा.",No,No,No
spam,"तुमचे Bank of Baroda पर्सनल लोन Rs.94,293 चे पूर्व-मंजूर आहे. प्रक्रियेसाठी तुमचे बँक खाते आणि आधार तपशील शेअर करा.",No,No,No
spam,"चुकून माझ्या खात्यातून तुमच्या खात्यात Rs.7,470 ट्रान्सफर झाले आहेत, लवकरात लवकर wrwlfs@oksbi वर रिफंड करा.",No,No,No
spam,"तुम्हाला Infosys सोबत वर्क-फ्रॉम-होम जॉबसाठी निवडले आहे. Rs.4,949 चा जॉइनिंग बोनस मिळवण्यासाठी तुमची बँक माहिती शेअर करा.",No,No,No
spam,Ayushman Bharat अलर्ट: तुम्ही योजनेअंतर्गत Rs.713 साठी पात्र आहात. दावा करण्यासाठी तुमचा आधार आणि बँक खाते क्रमांक शेअर करा.,No,No,No
spam,"मी चुकून तुमच्या Google Pay वर Rs.42,427 पाठवले, कृपया हे या UPI ID वर परत करा: qvkabwf@ybl",No,No,No
spam,"हाय, मला वाटते मी दुसऱ्याला पेमेंट करताना चुकून तुम्हाला Rs.83,341 पाठवले. कृपया qcdbxw60@okhdfcbank वर परत पाठवा, धन्यवाद.",No,No,No
spam,"PMAY: तुमचा शिष्यवृत्ती लाभ Rs.3,889 ट्रान्सफरसाठी तयार आहे. मिळवण्यासाठी तुमची बँक पासबुक माहिती सबमिट करा.",No,No,No
spam,"हाय, मला वाटते मी दुसऱ्याला पेमेंट करताना चुकून तुम्हाला Rs.3,245 पाठवले. कृपया qeite55@paytm वर परत पाठवा, धन्यवाद.",No,No,No
spam,"चुकून माझ्या खात्यातून तुमच्या खात्यात Rs.9,796 ट्रान्सफर झाले आहेत, लवकरात लवकर phcfa47@oksbi वर रिफंड करा.",No,No,No
spam,"चुकून माझ्या खात्यातून तुमच्या खात्यात Rs.17,034 ट्रान्सफर झाले आहेत, लवकरात लवकर ooqwl@okhdfcbank वर रिफंड करा.",No,No,No
spam,"हाय, मला वाटते मी दुसऱ्याला पेमेंट करताना चुकून तुम्हाला Rs.1,153 पाठवले. कृपया dqvxzilv73@axl वर परत पाठवा, धन्यवाद.",No,No,No
spam,"हाय, मला वाटते मी दुसऱ्याला पेमेंट करताना चुकून तुम्हाला Rs.76,006 पाठवले. कृपया zetvyw@okicici वर परत पाठवा, धन्यवाद.",No,No,No
spam,"माफ करा, मी चुकून चुकीच्या नंबरवर Rs.3,717 ट्रान्सफर केले, हे तुमचे खाते वाटते. कृपया xvioepuj88@okicici वर परत पाठवा.",No,No,No
spam,"तुम्हाला Wipro सोबत वर्क-फ्रॉम-होम जॉबसाठी निवडले आहे. Rs.4,299 चा जॉइनिंग बोनस मिळवण्यासाठी तुमची बँक माहिती शेअर करा.",No,No,No
spam,"तुम्हाला HCL सोबत वर्क-फ्रॉम-होम जॉबसाठी निवडले आहे. Rs.7,759 चा जॉइनिंग बोनस मिळवण्यासाठी तुमची बँक माहिती शेअर करा.",No,No,No
spam,तुमचे Axis Bank पर्सनल लोन Rs.847 चे पूर्व-मंजूर आहे. प्रक्रियेसाठी तुमचे बँक खाते आणि आधार तपशील शेअर करा.,No,No,No
spam,तुमच्या विमा पॉलिसीची मुदतपूर्ती रक्कम Rs.947 तयार आहे. पेमेंट मिळवण्यासाठी तुमची बँक पासबुक माहिती पाठवा.,No,No,No
spam,"National Scholarship Portal: तुमचा शिष्यवृत्ती लाभ Rs.46,235 ट्रान्सफरसाठी तयार आहे. मिळवण्यासाठी तुमची बँक पासबुक माहिती सबमिट करा.",No,No,No
spam,"Post Matric Scholarship अलर्ट: तुम्ही योजनेअंतर्गत Rs.1,989 साठी पात्र आहात. दावा करण्यासाठी तुमचा आधार आणि बँक खाते क्रमांक शेअर करा.",No,No,No
spam,तुम्हाला HCL सोबत वर्क-फ्रॉम-होम जॉबसाठी निवडले आहे. Rs.844 चा जॉइनिंग बोनस मिळवण्यासाठी तुमची बँक माहिती शेअर करा.,No,No,No
spam,"मी चुकून तुमच्या PhonePe वर Rs.945 पाठवले, कृपया हे या UPI ID वर परत करा: ajefl52@paytm",No,No,No
spam,"अभिनंदन, State Scholarship Scheme अंतर्गत तुमचा अर्ज Rs.9,042 साठी मंजूर झाला आहे. वितरणासाठी तुमची बँक माहिती पाठवा.",No,No,No
spam,"मी चुकून तुमच्या Paytm वर Rs.718 पाठवले, कृपया हे या UPI ID वर परत करा: gjldmlu@axl",No,No,No
spam,"मी चुकून तुमच्या Google Pay वर Rs.1,704 पाठवले, कृपया हे या UPI ID वर परत करा: guastxms32@ybl",No,No,No
spam,"माफ करा, मी चुकून चुकीच्या नंबरवर Rs.81,644 ट्रान्सफर केले, हे तुमचे खाते वाटते. कृपया ifmpv70@oksbi वर परत पाठवा.",No,No,No
spam,"हाय, मला वाटते मी दुसऱ्याला पेमेंट करताना चुकून तुम्हाला Rs.9,054 पाठवले. कृपया kqivbeol94@paytm वर परत पाठवा, धन्यवाद.",No,No,No
spam,"मी चुकून तुमच्या Paytm वर Rs.45,194 पाठवले, कृपया हे या UPI ID वर परत करा: olniu72@okicici",No,No,No
spam,"तुमचे Kotak Mahindra Bank पर्सनल लोन Rs.71,145 चे पूर्व-मंजूर आहे. प्रक्रियेसाठी तुमचे बँक खाते आणि आधार तपशील शेअर करा.",No,No,No
spam,"Post Matric Scholarship अलर्ट: तुम्ही योजनेअंतर्गत Rs.54,957 साठी पात्र आहात. दावा करण्यासाठी तुमचा आधार आणि बँक खाते क्रमांक शेअर करा.",No,No,No
spam,"हाय, मला वाटते मी दुसऱ्याला पेमेंट करताना चुकून तुम्हाला Rs.2,784 पाठवले. कृपया ygzkw@axl वर परत पाठवा, धन्यवाद.",No,No,No
spam,तुमचे ICICI Bank पर्सनल लोन Rs.770 चे पूर्व-मंजूर आहे. प्रक्रियेसाठी तुमचे बँक खाते आणि आधार तपशील शेअर करा.,No,No,No
spam,Post Matric Scholarship अलर्ट: तुम्ही योजनेअंतर्गत Rs.748 साठी पात्र आहात. दावा करण्यासाठी तुमचा आधार आणि बँक खाते क्रमांक शेअर करा.,No,No,No
spam,तुम्हाला Amazon सोबत वर्क-फ्रॉम-होम जॉबसाठी निवडले आहे. Rs.572 चा जॉइनिंग बोनस मिळवण्यासाठी तुमची बँक माहिती शेअर करा.,No,No,No
spam,"तुमचे Axis Bank पर्सनल लोन Rs.8,779 चे पूर्व-मंजूर आहे. प्रक्रियेसाठी तुमचे बँक खाते आणि आधार तपशील शेअर करा.",No,No,No
spam,"मी चुकून तुमच्या Paytm वर Rs.5,910 पाठवले, कृपया हे या UPI ID वर परत करा: fnafimn@okicici",No,No,No
spam,"Post Matric Scholarship: तुमचा शिष्यवृत्ती लाभ Rs.6,774 ट्रान्सफरसाठी तयार आहे. मिळवण्यासाठी तुमची बँक पासबुक माहिती सबमिट करा.",No,No,No
spam,"State Scholarship Scheme: तुमचा शिष्यवृत्ती लाभ Rs.57,428 ट्रान्सफरसाठी तयार आहे. मिळवण्यासाठी तुमची बँक पासबुक माहिती सबमिट करा.",No,No,No
spam,"चुकून माझ्या खात्यातून तुमच्या खात्यात Rs.9,348 ट्रान्सफर झाले आहेत, लवकरात लवकर qvpgn@ibl वर रिफंड करा.",No,No,No
spam,"तुमच्या विमा पॉलिसीची मुदतपूर्ती रक्कम Rs.42,430 तयार आहे. पेमेंट मिळवण्यासाठी तुमची बँक पासबुक माहिती पाठवा.",No,No,No
spam,"तुमचे ICICI Bank पर्सनल लोन Rs.58,322 चे पूर्व-मंजूर आहे. प्रक्रियेसाठी तुमचे बँक खाते आणि आधार तपशील शेअर करा.",No,No,No
spam,"माफ करा, मी चुकून चुकीच्या नंबरवर Rs.7,303 ट्रान्सफर केले, हे तुमचे खाते वाटते. कृपया diztkb@okhdfcbank वर परत पाठवा.",No,No,No
spam,"माफ करा, मी चुकून चुकीच्या नंबरवर Rs.846 ट्रान्सफर केले, हे तुमचे खाते वाटते. कृपया hluwharc30@ibl वर परत पाठवा.",No,No,No
spam,"अभिनंदन, Post Matric Scholarship अंतर्गत तुमचा अर्ज Rs.9,856 साठी मंजूर झाला आहे. वितरणासाठी तुमची बँक माहिती पाठवा.",No,No,No
spam,"तुमच्या विमा पॉलिसीची मुदतपूर्ती रक्कम Rs.4,426 तयार आहे. पेमेंट मिळवण्यासाठी तुमची बँक पासबुक माहिती पाठवा.",No,No,No
spam,तुमच्या विमा पॉलिसीची मुदतपूर्ती रक्कम Rs.878 तयार आहे. पेमेंट मिळवण्यासाठी तुमची बँक पासबुक माहिती पाठवा.,No,No,No
spam,"माफ करा, मी चुकून चुकीच्या नंबरवर Rs.5,227 ट्रान्सफर केले, हे तुमचे खाते वाटते. कृपया cumnhs@okhdfcbank वर परत पाठवा.",No,No,No
spam,"अभिनंदन, State Scholarship Scheme अंतर्गत तुमचा अर्ज Rs.72,438 साठी मंजूर झाला आहे. वितरणासाठी तुमची बँक माहिती पाठवा.",No,No,No
spam,"माफ करा, मी चुकून चुकीच्या नंबरवर Rs.53,202 ट्रान्सफर केले, हे तुमचे खाते वाटते. कृपया iltpbra33@axl वर परत पाठवा.",No,No,No
spam,"माफ करा, मी चुकून चुकीच्या नंबरवर Rs.843 ट्रान्सफर केले, हे तुमचे खाते वाटते. कृपया faiqgr95@okhdfcbank वर परत पाठवा.",No,No,No
spam,"तुमच्या विमा पॉलिसीची मुदतपूर्ती रक्कम Rs.2,253 तयार आहे. पेमेंट मिळवण्यासाठी तुमची बँक पासबुक माहिती पाठवा.",No,No,No
spam,"मी चुकून तुमच्या Google Pay वर Rs.1,768 पाठवले, कृपया हे या UPI ID वर परत करा: fvpeuvn12@axl",No,No,No
spam,PM Ujjwala Yojana अलर्ट: तुम्ही योजनेअंतर्गत Rs.582 साठी पात्र आहात. दावा करण्यासाठी तुमचा आधार आणि बँक खाते क्रमांक शेअर करा.,No,No,No
spam,तुमचे HDFC Bank पर्सनल लोन Rs.642 चे पूर्व-मंजूर आहे. प्रक्रियेसाठी तुमचे बँक खाते आणि आधार तपशील शेअर करा.,No,No,No
spam,"तुमच्या विमा पॉलिसीची मुदतपूर्ती रक्कम Rs.3,967 तयार आहे. पेमेंट मिळवण्यासाठी तुमची बँक पासबुक माहिती पाठवा.",No,No,No
spam,"PMAY अलर्ट: तुम्ही योजनेअंतर्गत Rs.3,618 साठी पात्र आहात. दावा करण्यासाठी तुमचा आधार आणि बँक खाते क्रमांक शेअर करा.",No,No,No
spam,"तुम्हाला Infosys सोबत वर्क-फ्रॉम-होम जॉबसाठी निवडले आहे. Rs.3,130 चा जॉइनिंग बोनस मिळवण्यासाठी तुमची बँक माहिती शेअर करा.",No,No,No
spam,PM Kisan Samman Nidhi अलर्ट: तुम्ही योजनेअंतर्गत Rs.802 साठी पात्र आहात. दावा करण्यासाठी तुमचा आधार आणि बँक खाते क्रमांक शेअर करा.,No,No,No
spam,तुम्हाला TCS सोबत वर्क-फ्रॉम-होम जॉबसाठी निवडले आहे. Rs.711 चा जॉइनिंग बोनस मिळवण्यासाठी तुमची बँक माहिती शेअर करा.,No,No,No
spam,"मी चुकून तुमच्या Google Pay वर Rs.91,435 पाठवले, कृपया हे या UPI ID वर परत करा: iwwyenh27@okhdfcbank",No,No,No
spam,"PM Kisan Samman Nidhi अलर्ट: तुम्ही योजनेअंतर्गत Rs.2,096 साठी पात्र आहात. दावा करण्यासाठी तुमचा आधार आणि बँक खाते क्रमांक शेअर करा.",No,No,No
spam,"हाय, मला वाटते मी दुसऱ्याला पेमेंट करताना चुकून तुम्हाला Rs.8,566 पाठवले. कृपया wcffzh33@oksbi वर परत पाठवा, धन्यवाद.",No,No,No
spam,"तुमचे HDFC Bank पर्सनल लोन Rs.74,579 चे पूर्व-मंजूर आहे. प्रक्रियेसाठी तुमचे बँक खाते आणि आधार तपशील शेअर करा.",No,No,No
spam,"चुकून माझ्या खात्यातून तुमच्या खात्यात Rs.976 ट्रान्सफर झाले आहेत, लवकरात लवकर fpxjxmo@oksbi वर रिफंड करा.",No,No,No
spam,"तुमचे Canara Bank पर्सनल लोन Rs.9,120 चे पूर्व-मंजूर आहे. प्रक्रियेसाठी तुमचे बँक खाते आणि आधार तपशील शेअर करा.",No,No,No
spam,"चुकून माझ्या खात्यातून तुमच्या खात्यात Rs.810 ट्रान्सफर झाले आहेत, लवकरात लवकर gmymh11@ibl वर रिफंड करा.",No,No,No
spam,"चुकून माझ्या खात्यातून तुमच्या खात्यात Rs.3,042 ट्रान्सफर झाले आहेत, लवकरात लवकर jqlgstyy45@ybl वर रिफंड करा.",No,No,No
spam,PMAY: तुमचा शिष्यवृत्ती लाभ Rs.616 ट्रान्सफरसाठी तयार आहे. मिळवण्यासाठी तुमची बँक पासबुक माहिती सबमिट करा.,No,No,No
spam,"LPG Subsidy Scheme: तुमचा शिष्यवृत्ती लाभ Rs.61,017 ट्रान्सफरसाठी तयार आहे. मिळवण्यासाठी तुमची बँक पासबुक माहिती सबमिट करा.",No,No,No
spam,"अभिनंदन, PM Kisan Samman Nidhi अंतर्गत तुमचा अर्ज Rs.2,574 साठी मंजूर झाला आहे. वितरणासाठी तुमची बँक माहिती पाठवा.",No,No,No
spam,"चुकून माझ्या खात्यातून तुमच्या खात्यात Rs.53,107 ट्रान्सफर झाले आहेत, लवकरात लवकर jivcgn@ybl वर रिफंड करा.",No,No,No
spam,National Scholarship Portal: तुमचा शिष्यवृत्ती लाभ Rs.751 ट्रान्सफरसाठी तयार आहे. मिळवण्यासाठी तुमची बँक पासबुक माहिती सबमिट करा.,No,No,No
spam,"तुमच्या विमा पॉलिसीची मुदतपूर्ती रक्कम Rs.21,514 तयार आहे. पेमेंट मिळवण्यासाठी तुमची बँक पासबुक माहिती पाठवा.",No,No,No
spam,"मी चुकून तुमच्या Paytm वर Rs.6,980 पाठवले, कृपया हे या UPI ID वर परत करा: hmerf@ibl",No,No,No
spam,"अभिनंदन, LPG Subsidy Scheme अंतर्गत तुमचा अर्ज Rs.76,316 साठी मंजूर झाला आहे. वितरणासाठी तुमची बँक माहिती पाठवा.",No,No,No
spam,"हाय, मला वाटते मी दुसऱ्याला पेमेंट करताना चुकून तुम्हाला Rs.4,568 पाठवले. कृपया thqijnp36@oksbi वर परत पाठवा, धन्यवाद.",No,No,No
spam,"हाय, मला वाटते मी दुसऱ्याला पेमेंट करताना चुकून तुम्हाला Rs.4,143 पाठवले. कृपया uilpza35@ibl वर परत पाठवा, धन्यवाद.",No,No,No
spam,"हाय, मला वाटते मी दुसऱ्याला पेमेंट करताना चुकून तुम्हाला Rs.93,860 पाठवले. कृपया szreynv@oksbi वर परत पाठवा, धन्यवाद.",No,No,No
spam,"चुकून माझ्या खात्यातून तुमच्या खात्यात Rs.32,626 ट्रान्सफर झाले आहेत, लवकरात लवकर crawrfjw83@ibl वर रिफंड करा.",No,No,No
spam,"LPG Subsidy Scheme: तुमचा शिष्यवृत्ती लाभ Rs.14,526 ट्रान्सफरसाठी तयार आहे. मिळवण्यासाठी तुमची बँक पासबुक माहिती सबमिट करा.",No,No,No
spam,"मी चुकून तुमच्या Amazon Pay वर Rs.94,696 पाठवले, कृपया हे या UPI ID वर परत करा: cxpuq@paytm",No,No,No
spam,"माफ करा, मी चुकून चुकीच्या नंबरवर Rs.72,779 ट्रान्सफर केले, हे तुमचे खाते वाटते. कृपया iogrztim@ybl वर परत पाठवा.",No,No,No
spam,Ayushman Bharat: तुमचा शिष्यवृत्ती लाभ Rs.789 ट्रान्सफरसाठी तयार आहे. मिळवण्यासाठी तुमची बँक पासबुक माहिती सबमिट करा.,No,No,No
spam,"अभिनंदन, LPG Subsidy Scheme अंतर्गत तुमचा अर्ज Rs.2,633 साठी मंजूर झाला आहे. वितरणासाठी तुमची बँक माहिती पाठवा.",No,No,No
spam,तुमच्या विमा पॉलिसीची मुदतपूर्ती रक्कम Rs.684 तयार आहे. पेमेंट मिळवण्यासाठी तुमची बँक पासबुक माहिती पाठवा.,No,No,No
spam,"PM Kisan Samman Nidhi अलर्ट: तुम्ही योजनेअंतर्गत Rs.92,475 साठी पात्र आहात. दावा करण्यासाठी तुमचा आधार आणि बँक खाते क्रमांक शेअर करा.",No,No,No
spam,"Ayushman Bharat: तुमचा शिष्यवृत्ती लाभ Rs.5,395 ट्रान्सफरसाठी तयार आहे. मिळवण्यासाठी तुमची बँक पासबुक माहिती सबमिट करा.",No,No,No
spam,"तुमच्या विमा पॉलिसीची मुदतपूर्ती रक्कम Rs.98,828 तयार आहे. पेमेंट मिळवण्यासाठी तुमची बँक पासबुक माहिती पाठवा.",No,No,No
spam,"माफ करा, मी चुकून चुकीच्या नंबरवर Rs.5,567 ट्रान्सफर केले, हे तुमचे खाते वाटते. कृपया mwzsc81@axl वर परत पाठवा.",No,No,No
spam,"PM Ujjwala Yojana अलर्ट: तुम्ही योजनेअंतर्गत Rs.9,946 साठी पात्र आहात. दावा करण्यासाठी तुमचा आधार आणि बँक खाते क्रमांक शेअर करा.",No,No,No
spam,"तुमच्या विमा पॉलिसीची मुदतपूर्ती रक्कम Rs.75,835 तयार आहे. पेमेंट मिळवण्यासाठी तुमची बँक पासबुक माहिती पाठवा.",No,No,No
spam,"मी चुकून तुमच्या Amazon Pay वर Rs.72,684 पाठवले, कृपया हे या UPI ID वर परत करा: cetsd@ybl",No,No,No
spam,"तुमच्या विमा पॉलिसीची मुदतपूर्ती रक्कम Rs.26,756 तयार आहे. पेमेंट मिळवण्यासाठी तुमची बँक पासबुक माहिती पाठवा.",No,No,No
spam,"तुमचे Punjab National Bank पर्सनल लोन Rs.4,079 चे पूर्व-मंजूर आहे. प्रक्रियेसाठी तुमचे बँक खाते आणि आधार तपशील शेअर करा.",No,No,No
spam,तुमचे HDFC Bank पर्सनल लोन Rs.906 चे पूर्व-मंजूर आहे. प्रक्रियेसाठी तुमचे बँक खाते आणि आधार तपशील शेअर करा.,No,No,No
spam,"तुमच्या विमा पॉलिसीची मुदतपूर्ती रक्कम Rs.76,641 तयार आहे. पेमेंट मिळवण्यासाठी तुमची बँक पासबुक माहिती पाठवा.",No,No,No
spam,"चुकून माझ्या खात्यातून तुमच्या खात्यात Rs.93,429 ट्रान्सफर झाले आहेत, लवकरात लवकर krjgq@ibl वर रिफंड करा.",No,No,No
spam,"तुमचे Axis Bank पर्सनल लोन Rs.43,189 चे पूर्व-मंजूर आहे. प्रक्रियेसाठी तुमचे बँक खाते आणि आधार तपशील शेअर करा.",No,No,No
spam,"तुम्हाला Flipkart सोबत वर्क-फ्रॉम-होम जॉबसाठी निवडले आहे. Rs.96,514 चा जॉइनिंग बोनस मिळवण्यासाठी तुमची बँक माहिती शेअर करा.",No,No,No
spam,"चुकून माझ्या खात्यातून तुमच्या खात्यात Rs.933 ट्रान्सफर झाले आहेत, लवकरात लवकर ikvbss@axl वर रिफंड करा.",No,No,No
spam,"मी चुकून तुमच्या PhonePe वर Rs.32,234 पाठवले, कृपया हे या UPI ID वर परत करा: gjnhqt70@okicici",No,No,No
spam,"Post Matric Scholarship: तुमचा शिष्यवृत्ती लाभ Rs.9,481 ट्रान्सफरसाठी तयार आहे. मिळवण्यासाठी तुमची बँक पासबुक माहिती सबमिट करा.",No,No,No
spam,PM Ujjwala Yojana: तुमचा शिष्यवृत्ती लाभ Rs.587 ट्रान्सफरसाठी तयार आहे. मिळवण्यासाठी तुमची बँक पासबुक माहिती सबमिट करा.,No,No,No
spam,"माफ करा, मी चुकून चुकीच्या नंबरवर Rs.9,821 ट्रान्सफर केले, हे तुमचे खाते वाटते. कृपया gxrkhuno15@okhdfcbank वर परत पाठवा.",No,No,No
spam,"PM Ujjwala Yojana अलर्ट: तुम्ही योजनेअंतर्गत Rs.1,879 साठी पात्र आहात. दावा करण्यासाठी तुमचा आधार आणि बँक खाते क्रमांक शेअर करा.",No,No,No
spam,"तुमच्या विमा पॉलिसीची मुदतपूर्ती रक्कम Rs.7,225 तयार आहे. पेमेंट मिळवण्यासाठी तुमची बँक पासबुक माहिती पाठवा.",No,No,No
spam,"मी चुकून तुमच्या PhonePe वर Rs.776 पाठवले, कृपया हे या UPI ID वर परत करा: vjyowvk94@paytm",No,No,No
spam,"तुमच्या विमा पॉलिसीची मुदतपूर्ती रक्कम Rs.16,276 तयार आहे. पेमेंट मिळवण्यासाठी तुमची बँक पासबुक माहिती पाठवा.",No,No,No
spam,"हाय, मला वाटते मी दुसऱ्याला पेमेंट करताना चुकून तुम्हाला Rs.58,172 पाठवले. कृपया chtayn84@ibl वर परत पाठवा, धन्यवाद.",No,No,No
spam,"चुकून माझ्या खात्यातून तुमच्या खात्यात Rs.803 ट्रान्सफर झाले आहेत, लवकरात लवकर envmguz@paytm वर रिफंड करा.",No,No,No
spam,"तुमच्या विमा पॉलिसीची मुदतपूर्ती रक्कम Rs.2,173 तयार आहे. पेमेंट मिळवण्यासाठी तुमची बँक पासबुक माहिती पाठवा.",No,No,No
spam,"हाय, मला वाटते मी दुसऱ्याला पेमेंट करताना चुकून तुम्हाला Rs.39,992 पाठवले. कृपया aeysqahn97@okicici वर परत पाठवा, धन्यवाद.",No,No,No
spam,"मी चुकून तुमच्या Google Pay वर Rs.23,458 पाठवले, कृपया हे या UPI ID वर परत करा: odplpwjc@axl",No,No,No
spam,"माफ करा, मी चुकून चुकीच्या नंबरवर Rs.26,427 ट्रान्सफर केले, हे तुमचे खाते वाटते. कृपया kxxapttf@ibl वर परत पाठवा.",No,No,No
spam,"तुम्हाला TCS सोबत वर्क-फ्रॉम-होम जॉबसाठी निवडले आहे. Rs.7,691 चा जॉइनिंग बोनस मिळवण्यासाठी तुमची बँक माहिती शेअर करा.",No,No,No
spam,"तुमचे Punjab National Bank पर्सनल लोन Rs.8,558 चे पूर्व-मंजूर आहे. प्रक्रियेसाठी तुमचे बँक खाते आणि आधार तपशील शेअर करा.",No,No,No
spam,"मी चुकून तुमच्या Google Pay वर Rs.967 पाठवले, कृपया हे या UPI ID वर परत करा: jiyjsm@paytm",No,No,No
spam,"Post Matric Scholarship अलर्ट: तुम्ही योजनेअंतर्गत Rs.83,948 साठी पात्र आहात. दावा करण्यासाठी तुमचा आधार आणि बँक खाते क्रमांक शेअर करा.",No,No,No
spam,"माफ करा, मी चुकून चुकीच्या नंबरवर Rs.888 ट्रान्सफर केले, हे तुमचे खाते वाटते. कृपया wqqtfcu@axl वर परत पाठवा.",No,No,No
spam,"Ayushman Bharat अलर्ट: तुम्ही योजनेअंतर्गत Rs.74,076 साठी पात्र आहात. दावा करण्यासाठी तुमचा आधार आणि बँक खाते क्रमांक शेअर करा.",No,No,No
spam,"तुमचे Punjab National Bank पर्सनल लोन Rs.6,160 चे पूर्व-मंजूर आहे. प्रक्रियेसाठी तुमचे बँक खाते आणि आधार तपशील शेअर करा.",No,No,No
spam,"अभिनंदन, PM Kisan Samman Nidhi अंतर्गत तुमचा अर्ज Rs.27,699 साठी मंजूर झाला आहे. वितरणासाठी तुमची बँक माहिती पाठवा.",No,No,No
spam,"LPG Subsidy Scheme: तुमचा शिष्यवृत्ती लाभ Rs.72,078 ट्रान्सफरसाठी तयार आहे. मिळवण्यासाठी तुमची बँक पासबुक माहिती सबमिट करा.",No,No,No
spam,"मी चुकून तुमच्या Paytm वर Rs.89,904 पाठवले, कृपया हे या UPI ID वर परत करा: unrwi@paytm",No,No,No
spam,"PMAY अलर्ट: तुम्ही योजनेअंतर्गत Rs.1,270 साठी पात्र आहात. दावा करण्यासाठी तुमचा आधार आणि बँक खाते क्रमांक शेअर करा.",No,No,No
spam,"State Scholarship Scheme: तुमचा शिष्यवृत्ती लाभ Rs.92,513 ट्रान्सफरसाठी तयार आहे. मिळवण्यासाठी तुमची बँक पासबुक माहिती सबमिट करा.",No,No,No
spam,"अभिनंदन, PM Kisan Samman Nidhi अंतर्गत तुमचा अर्ज Rs.29,739 साठी मंजूर झाला आहे. वितरणासाठी तुमची बँक माहिती पाठवा.",No,No,No
spam,"तुम्हाला Flipkart सोबत वर्क-फ्रॉम-होम जॉबसाठी निवडले आहे. Rs.26,574 चा जॉइनिंग बोनस मिळवण्यासाठी तुमची बँक माहिती शेअर करा.",No,No,No
spam,"चुकून माझ्या खात्यातून तुमच्या खात्यात Rs.8,978 ट्रान्सफर झाले आहेत, लवकरात लवकर ksyka@ibl वर रिफंड करा.",No,No,No
spam,"तुमचे SBI पर्सनल लोन Rs.50,927 चे पूर्व-मंजूर आहे. प्रक्रियेसाठी तुमचे बँक खाते आणि आधार तपशील शेअर करा.",No,No,No
spam,"Ayushman Bharat: तुमचा शिष्यवृत्ती लाभ Rs.58,123 ट्रान्सफरसाठी तयार आहे. मिळवण्यासाठी तुमची बँक पासबुक माहिती सबमिट करा.",No,No,No
spam,"तुम्हाला HCL सोबत वर्क-फ्रॉम-होम जॉबसाठी निवडले आहे. Rs.55,733 चा जॉइनिंग बोनस मिळवण्यासाठी तुमची बँक माहिती शेअर करा.",No,No,No
spam,"अभिनंदन, Ayushman Bharat अंतर्गत तुमचा अर्ज Rs.812 साठी मंजूर झाला आहे. वितरणासाठी तुमची बँक माहिती पाठवा.",No,No,No
spam,तुमचे HDFC Bank पर्सनल लोन Rs.813 चे पूर्व-मंजूर आहे. प्रक्रियेसाठी तुमचे बँक खाते आणि आधार तपशील शेअर करा.,No,No,No
spam,तुमच्या विमा पॉलिसीची मुदतपूर्ती रक्कम Rs.605 तयार आहे. पेमेंट मिळवण्यासाठी तुमची बँक पासबुक माहिती पाठवा.,No,No,No
spam,"चुकून माझ्या खात्यातून तुमच्या खात्यात Rs.37,540 ट्रान्सफर झाले आहेत, लवकरात लवकर pviae41@ybl वर रिफंड करा.",No,No,No
spam,"माफ करा, मी चुकून चुकीच्या नंबरवर Rs.28,900 ट्रान्सफर केले, हे तुमचे खाते वाटते. कृपया eyders@ybl वर परत पाठवा.",No,No,No
spam,"मी चुकून तुमच्या Paytm वर Rs.787 पाठवले, कृपया हे या UPI ID वर परत करा: qbmxi@ibl",No,No,No
spam,National Scholarship Portal अलर्ट: तुम्ही योजनेअंतर्गत Rs.931 साठी पात्र आहात. दावा करण्यासाठी तुमचा आधार आणि बँक खाते क्रमांक शेअर करा.,No,No,No
spam,"Ayushman Bharat अलर्ट: तुम्ही योजनेअंतर्गत Rs.3,221 साठी पात्र आहात. दावा करण्यासाठी तुमचा आधार आणि बँक खाते क्रमांक शेअर करा.",No,No,No
spam,"अभिनंदन, PM Ujjwala Yojana अंतर्गत तुमचा अर्ज Rs.13,267 साठी मंजूर झाला आहे. वितरणासाठी तुमची बँक माहिती पाठवा.",No,No,No
spam,"हाय, मला वाटते मी दुसऱ्याला पेमेंट करताना चुकून तुम्हाला Rs.716 पाठवले. कृपया qdvkmq93@ibl वर परत पाठवा, धन्यवाद.",No,No,No
spam,"अभिनंदन, Ayushman Bharat अंतर्गत तुमचा अर्ज Rs.3,246 साठी मंजूर झाला आहे. वितरणासाठी तुमची बँक माहिती पाठवा.",No,No,No
spam,"तुमच्या विमा पॉलिसीची मुदतपूर्ती रक्कम Rs.6,408 तयार आहे. पेमेंट मिळवण्यासाठी तुमची बँक पासबुक माहिती पाठवा.",No,No,No
spam,State Scholarship Scheme: तुमचा शिष्यवृत्ती लाभ Rs.522 ट्रान्सफरसाठी तयार आहे. मिळवण्यासाठी तुमची बँक पासबुक माहिती सबमिट करा.,No,No,No
spam,"मी चुकून तुमच्या Google Pay वर Rs.2,129 पाठवले, कृपया हे या UPI ID वर परत करा: cgkxu94@ibl",No,No,No
spam,"हाय, मला वाटते मी दुसऱ्याला पेमेंट करताना चुकून तुम्हाला Rs.67,922 पाठवले. कृपया eojnkoo86@okhdfcbank वर परत पाठवा, धन्यवाद.",No,No,No
spam,तुमचे Punjab National Bank पर्सनल लोन Rs.542 चे पूर्व-मंजूर आहे. प्रक्रियेसाठी तुमचे बँक खाते आणि आधार तपशील शेअर करा.,No,No,No
spam,"मी चुकून तुमच्या PhonePe वर Rs.62,256 पाठवले, कृपया हे या UPI ID वर परत करा: jvmiair@ibl",No,No,No
spam,तुमच्या विमा पॉलिसीची मुदतपूर्ती रक्कम Rs.804 तयार आहे. पेमेंट मिळवण्यासाठी तुमची बँक पासबुक माहिती पाठवा.,No,No,No
spam,"हाय, मला वाटते मी दुसऱ्याला पेमेंट करताना चुकून तुम्हाला Rs.71,529 पाठवले. कृपया nkjhpo50@okicici वर परत पाठवा, धन्यवाद.",No,No,No
spam,"मी चुकून तुमच्या Google Pay वर Rs.7,423 पाठवले, कृपया हे या UPI ID वर परत करा: ttwxxb@oksbi",No,No,No
spam,"तुमच्या विमा पॉलिसीची मुदतपूर्ती रक्कम Rs.5,602 तयार आहे. पेमेंट मिळवण्यासाठी तुमची बँक पासबुक माहिती पाठवा.",No,No,No
spam,"PMAY अलर्ट: तुम्ही योजनेअंतर्गत Rs.9,348 साठी पात्र आहात. दावा करण्यासाठी तुमचा आधार आणि बँक खाते क्रमांक शेअर करा.",No,No,No
spam,"Ayushman Bharat: तुमचा शिष्यवृत्ती लाभ Rs.1,043 ट्रान्सफरसाठी तयार आहे. मिळवण्यासाठी तुमची बँक पासबुक माहिती सबमिट करा.",No,No,No
spam,"माफ करा, मी चुकून चुकीच्या नंबरवर Rs.97,952 ट्रान्सफर केले, हे तुमचे खाते वाटते. कृपया wllsbdey@okhdfcbank वर परत पाठवा.",No,No,No
spam,"मी चुकून तुमच्या Google Pay वर Rs.752 पाठवले, कृपया हे या UPI ID वर परत करा: muehye75@paytm",No,No,No
spam,"माफ करा, मी चुकून चुकीच्या नंबरवर Rs.72,666 ट्रान्सफर केले, हे तुमचे खाते वाटते. कृपया pdirr@paytm वर परत पाठवा.",No,No,No
spam,"अभिनंदन, Ayushman Bharat अंतर्गत तुमचा अर्ज Rs.703 साठी मंजूर झाला आहे. वितरणासाठी तुमची बँक माहिती पाठवा.",No,No,No
spam,"माफ करा, मी चुकून चुकीच्या नंबरवर Rs.9,665 ट्रान्सफर केले, हे तुमचे खाते वाटते. कृपया ykzlrd54@okicici वर परत पाठवा.",No,No,No
spam,"अभिनंदन, PM Kisan Samman Nidhi अंतर्गत तुमचा अर्ज Rs.744 साठी मंजूर झाला आहे. वितरणासाठी तुमची बँक माहिती पाठवा.",No,No,No
spam,"तुमचे Kotak Mahindra Bank पर्सनल लोन Rs.3,946 चे पूर्व-मंजूर आहे. प्रक्रियेसाठी तुमचे बँक खाते आणि आधार तपशील शेअर करा.",No,No,No
spam,"तुमचे Canara Bank पर्सनल लोन Rs.3,814 चे पूर्व-मंजूर आहे. प्रक्रियेसाठी तुमचे बँक खाते आणि आधार तपशील शेअर करा.",No,No,No
spam,"National Scholarship Portal: तुमचा शिष्यवृत्ती लाभ Rs.70,287 ट्रान्सफरसाठी तयार आहे. मिळवण्यासाठी तुमची बँक पासबुक माहिती सबमिट करा.",No,No,No
spam,"चुकून माझ्या खात्यातून तुमच्या खात्यात Rs.740 ट्रान्सफर झाले आहेत, लवकरात लवकर imdnfoaf78@ybl वर रिफंड करा.",No,No,No
spam,"तुम्हाला Infosys सोबत वर्क-फ्रॉम-होम जॉबसाठी निवडले आहे. Rs.22,688 चा जॉइनिंग बोनस मिळवण्यासाठी तुमची बँक माहिती शेअर करा.",No,No,No
spam,"मी चुकून तुमच्या Paytm वर Rs.1,437 पाठवले, कृपया हे या UPI ID वर परत करा: fymmoq@oksbi",No,No,No
spam,"मी चुकून तुमच्या Paytm वर Rs.777 पाठवले, कृपया हे या UPI ID वर परत करा: apykwgcf26@ybl",No,No,No
spam,"मी चुकून तुमच्या Amazon Pay वर Rs.683 पाठवले, कृपया हे या UPI ID वर परत करा: zhkaay87@axl",No,No,No
spam,"तुमचे Axis Bank पर्सनल लोन Rs.78,743 चे पूर्व-मंजूर आहे. प्रक्रियेसाठी तुमचे बँक खाते आणि आधार तपशील शेअर करा.",No,No,No
spam,"तुम्हाला Flipkart सोबत वर्क-फ्रॉम-होम जॉबसाठी निवडले आहे. Rs.63,783 चा जॉइनिंग बोनस मिळवण्यासाठी तुमची बँक माहिती शेअर करा.",No,No,No
spam,"हाय, मला वाटते मी दुसऱ्याला पेमेंट करताना चुकून तुम्हाला Rs.2,199 पाठवले. कृपया slrqrg82@oksbi वर परत पाठवा, धन्यवाद.",No,No,No
spam,"तुमचे ICICI Bank पर्सनल लोन Rs.13,366 चे पूर्व-मंजूर आहे. प्रक्रियेसाठी तुमचे बँक खाते आणि आधार तपशील शेअर करा.",No,No,No
spam,"तुमच्या विमा पॉलिसीची मुदतपूर्ती रक्कम Rs.81,252 तयार आहे. पेमेंट मिळवण्यासाठी तुमची बँक पासबुक माहिती पाठवा.",No,No,No
spam,तुमचे Bank of Baroda पर्सनल लोन Rs.871 चे पूर्व-मंजूर आहे. प्रक्रियेसाठी तुमचे बँक खाते आणि आधार तपशील शेअर करा.,No,No,No
spam,तुमचे Axis Bank पर्सनल लोन Rs.828 चे पूर्व-मंजूर आहे. प्रक्रियेसाठी तुमचे बँक खाते आणि आधार तपशील शेअर करा.,No,No,No
spam,"अभिनंदन, Ayushman Bharat अंतर्गत तुमचा अर्ज Rs.7,260 साठी मंजूर झाला आहे. वितरणासाठी तुमची बँक माहिती पाठवा.",No,No,No
spam,"हाय, मला वाटते मी दुसऱ्याला पेमेंट करताना चुकून तुम्हाला Rs.32,650 पाठवले. कृपया fgqljfqs@okhdfcbank वर परत पाठवा, धन्यवाद.",No,No,No
spam,"अभिनंदन, Ayushman Bharat अंतर्गत तुमचा अर्ज Rs.749 साठी मंजूर झाला आहे. वितरणासाठी तुमची बँक माहिती पाठवा.",No,No,No
spam,Post Matric Scholarship अलर्ट: तुम्ही योजनेअंतर्गत Rs.768 साठी पात्र आहात. दावा करण्यासाठी तुमचा आधार आणि बँक खाते क्रमांक शेअर करा.,No,No,No
spam,PM Ujjwala Yojana: तुमचा शिष्यवृत्ती लाभ Rs.696 ट्रान्सफरसाठी तयार आहे. मिळवण्यासाठी तुमची बँक पासबुक माहिती सबमिट करा.,No,No,No
spam,"हाय, मला वाटते मी दुसऱ्याला पेमेंट करताना चुकून तुम्हाला Rs.811 पाठवले. कृपया vdayzsy@okicici वर परत पाठवा, धन्यवाद.",No,No,No
spam,LPG Subsidy Scheme अलर्ट: तुम्ही योजनेअंतर्गत Rs.765 साठी पात्र आहात. दावा करण्यासाठी तुमचा आधार आणि बँक खाते क्रमांक शेअर करा.,No,No,No
spam,"मी चुकून तुमच्या Paytm वर Rs.3,286 पाठवले, कृपया हे या UPI ID वर परत करा: fhrywu28@ibl",No,No,No
spam,"मी चुकून तुमच्या Google Pay वर Rs.787 पाठवले, कृपया हे या UPI ID वर परत करा: bcmmk@paytm",No,No,No
spam,"अभिनंदन, State Scholarship Scheme अंतर्गत तुमचा अर्ज Rs.889 साठी मंजूर झाला आहे. वितरणासाठी तुमची बँक माहिती पाठवा.",No,No,No
spam,PM Ujjwala Yojana: तुमचा शिष्यवृत्ती लाभ Rs.769 ट्रान्सफरसाठी तयार आहे. मिळवण्यासाठी तुमची बँक पासबुक माहिती सबमिट करा.,No,No,No
spam,"हाय, मला वाटते मी दुसऱ्याला पेमेंट करताना चुकून तुम्हाला Rs.19,031 पाठवले. कृपया oyvom48@okicici वर परत पाठवा, धन्यवाद.",No,No,No
spam,"अभिनंदन, LPG Subsidy Scheme अंतर्गत तुमचा अर्ज Rs.8,204 साठी मंजूर झाला आहे. वितरणासाठी तुमची बँक माहिती पाठवा.",No,No,No
spam,"हाय, मला वाटते मी दुसऱ्याला पेमेंट करताना चुकून तुम्हाला Rs.5,056 पाठवले. कृपया rbraec@axl वर परत पाठवा, धन्यवाद.",No,No,No
spam,"मी चुकून तुमच्या Paytm वर Rs.98,594 पाठवले, कृपया हे या UPI ID वर परत करा: hhxkmyl@oksbi",No,No,No
spam,"चुकून माझ्या खात्यातून तुमच्या खात्यात Rs.82,029 ट्रान्सफर झाले आहेत, लवकरात लवकर jjxnr@ibl वर रिफंड करा.",No,No,No
spam,"माफ करा, मी चुकून चुकीच्या नंबरवर Rs.40,523 ट्रान्सफर केले, हे तुमचे खाते वाटते. कृपया kdtwx50@okicici वर परत पाठवा.",No,No,No
spam,"अभिनंदन, PM Ujjwala Yojana अंतर्गत तुमचा अर्ज Rs.3,800 साठी मंजूर झाला आहे. वितरणासाठी तुमची बँक माहिती पाठवा.",No,No,No
spam,"अभिनंदन, Ayushman Bharat अंतर्गत तुमचा अर्ज Rs.623 साठी मंजूर झाला आहे. वितरणासाठी तुमची बँक माहिती पाठवा.",No,No,No
spam,"हाय, मला वाटते मी दुसऱ्याला पेमेंट करताना चुकून तुम्हाला Rs.64,276 पाठवले. कृपया cudvqidf@ybl वर परत पाठवा, धन्यवाद.",No,No,No
spam,तुमचे SBI पर्सनल लोन Rs.985 चे पूर्व-मंजूर आहे. प्रक्रियेसाठी तुमचे बँक खाते आणि आधार तपशील शेअर करा.,No,No,No
spam,"मी चुकून तुमच्या Amazon Pay वर Rs.5,759 पाठवले, कृपया हे या UPI ID वर परत करा: bqgdsc@oksbi",No,No,No
spam,"तुमच्या विमा पॉलिसीची मुदतपूर्ती रक्कम Rs.5,381 तयार आहे. पेमेंट मिळवण्यासाठी तुमची बँक पासबुक माहिती पाठवा.",No,No,No
spam,"तुमचे SBI पर्सनल लोन Rs.7,325 चे पूर्व-मंजूर आहे. प्रक्रियेसाठी तुमचे बँक खाते आणि आधार तपशील शेअर करा.",No,No,No
spam,तुमचे Bank of Baroda पर्सनल लोन Rs.727 चे पूर्व-मंजूर आहे. प्रक्रियेसाठी तुमचे बँक खाते आणि आधार तपशील शेअर करा.,No,No,No
spam,"हाय, मला वाटते मी दुसऱ्याला पेमेंट करताना चुकून तुम्हाला Rs.5,345 पाठवले. कृपया ejhjr17@okicici वर परत पाठवा, धन्यवाद.",No,No,No
spam,"हाय, मला वाटते मी दुसऱ्याला पेमेंट करताना चुकून तुम्हाला Rs.7,071 पाठवले. कृपया ckhjjlq11@oksbi वर परत पाठवा, धन्यवाद.",No,No,No
spam,"मी चुकून तुमच्या Paytm वर Rs.592 पाठवले, कृपया हे या UPI ID वर परत करा: scnand@oksbi",No,No,No
spam,"माफ करा, मी चुकून चुकीच्या नंबरवर Rs.7,513 ट्रान्सफर केले, हे तुमचे खाते वाटते. कृपया vvdugox@ibl वर परत पाठवा.",No,No,No
spam,"हाय, मला वाटते मी दुसऱ्याला पेमेंट करताना चुकून तुम्हाला Rs.8,345 पाठवले. कृपया ztibht60@okhdfcbank वर परत पाठवा, धन्यवाद.",No,No,No
spam,"हाय, मला वाटते मी दुसऱ्याला पेमेंट करताना चुकून तुम्हाला Rs.655 पाठवले. कृपया nhxln@oksbi वर परत पाठवा, धन्यवाद.",No,No,No
spam,"Ayushman Bharat अलर्ट: तुम्ही योजनेअंतर्गत Rs.76,102 साठी पात्र आहात. दावा करण्यासाठी तुमचा आधार आणि बँक खाते क्रमांक शेअर करा.",No,No,No
spam,"माफ करा, मी चुकून चुकीच्या नंबरवर Rs.552 ट्रान्सफर केले, हे तुमचे खाते वाटते. कृपया qslkw@paytm वर परत पाठवा.",No,No,No
spam,"हाय, मला वाटते मी दुसऱ्याला पेमेंट करताना चुकून तुम्हाला Rs.3,974 पाठवले. कृपया ryesimk70@okhdfcbank वर परत पाठवा, धन्यवाद.",No,No,No
spam,"मी चुकून तुमच्या PhonePe वर Rs.41,455 पाठवले, कृपया हे या UPI ID वर परत करा: bemifpx96@axl",No,No,No
spam,National Scholarship Portal अलर्ट: तुम्ही योजनेअंतर्गत Rs.539 साठी पात्र आहात. दावा करण्यासाठी तुमचा आधार आणि बँक खाते क्रमांक शेअर करा.,No,No,No
spam,"अभिनंदन, LPG Subsidy Scheme अंतर्गत तुमचा अर्ज Rs.6,319 साठी मंजूर झाला आहे. वितरणासाठी तुमची बँक माहिती पाठवा.",No,No,No
spam,"मी चुकून तुमच्या Paytm वर Rs.537 पाठवले, कृपया हे या UPI ID वर परत करा: pptdklir30@okicici",No,No,No
spam,"चुकून माझ्या खात्यातून तुमच्या खात्यात Rs.80,328 ट्रान्सफर झाले आहेत, लवकरात लवकर aloxzyn@paytm वर रिफंड करा.",No,No,No
spam,"तुमचे Bank of Baroda पर्सनल लोन Rs.35,893 चे पूर्व-मंजूर आहे. प्रक्रियेसाठी तुमचे बँक खाते आणि आधार तपशील शेअर करा.",No,No,No
spam,Post Matric Scholarship: तुमचा शिष्यवृत्ती लाभ Rs.986 ट्रान्सफरसाठी तयार आहे. मिळवण्यासाठी तुमची बँक पासबुक माहिती सबमिट करा.,No,No,No
spam,तुमचे ICICI Bank पर्सनल लोन Rs.828 चे पूर्व-मंजूर आहे. प्रक्रियेसाठी तुमचे बँक खाते आणि आधार तपशील शेअर करा.,No,No,No
spam,"तुमच्या विमा पॉलिसीची मुदतपूर्ती रक्कम Rs.61,255 तयार आहे. पेमेंट मिळवण्यासाठी तुमची बँक पासबुक माहिती पाठवा.",No,No,No
spam,तुमच्या विमा पॉलिसीची मुदतपूर्ती रक्कम Rs.512 तयार आहे. पेमेंट मिळवण्यासाठी तुमची बँक पासबुक माहिती पाठवा.,No,No,No
spam,"चुकून माझ्या खात्यातून तुमच्या खात्यात Rs.1,611 ट्रान्सफर झाले आहेत, लवकरात लवकर hzcfh59@axl वर रिफंड करा.",No,No,No
spam,"State Scholarship Scheme: तुमचा शिष्यवृत्ती लाभ Rs.9,506 ट्रान्सफरसाठी तयार आहे. मिळवण्यासाठी तुमची बँक पासबुक माहिती सबमिट करा.",No,No,No
spam,"तुमच्या विमा पॉलिसीची मुदतपूर्ती रक्कम Rs.8,200 तयार आहे. पेमेंट मिळवण्यासाठी तुमची बँक पासबुक माहिती पाठवा.",No,No,No
spam,Post Matric Scholarship: तुमचा शिष्यवृत्ती लाभ Rs.706 ट्रान्सफरसाठी तयार आहे. मिळवण्यासाठी तुमची बँक पासबुक माहिती सबमिट करा.,No,No,No
spam,"Post Matric Scholarship अलर्ट: तुम्ही योजनेअंतर्गत Rs.27,139 साठी पात्र आहात. दावा करण्यासाठी तुमचा आधार आणि बँक खाते क्रमांक शेअर करा.",No,No,No
spam,"National Scholarship Portal अलर्ट: तुम्ही योजनेअंतर्गत Rs.8,205 साठी पात्र आहात. दावा करण्यासाठी तुमचा आधार आणि बँक खाते क्रमांक शेअर करा.",No,No,No
spam,"अभिनंदन, PM Ujjwala Yojana अंतर्गत तुमचा अर्ज Rs.3,390 साठी मंजूर झाला आहे. वितरणासाठी तुमची बँक माहिती पाठवा.",No,No,No
spam,"PMAY: तुमचा शिष्यवृत्ती लाभ Rs.33,841 ट्रान्सफरसाठी तयार आहे. मिळवण्यासाठी तुमची बँक पासबुक माहिती सबमिट करा.",No,No,No
spam,"माफ करा, मी चुकून चुकीच्या नंबरवर Rs.92,972 ट्रान्सफर केले, हे तुमचे खाते वाटते. कृपया swbkqje@ibl वर परत पाठवा.",No,No,No
spam,"हाय, मला वाटते मी दुसऱ्याला पेमेंट करताना चुकून तुम्हाला Rs.8,680 पाठवले. कृपया msjwh@axl वर परत पाठवा, धन्यवाद.",No,No,No
spam,"माफ करा, मी चुकून चुकीच्या नंबरवर Rs.2,694 ट्रान्सफर केले, हे तुमचे खाते वाटते. कृपया ntzqphnx32@okhdfcbank वर परत पाठवा.",No,No,No
spam,"Ayushman Bharat: तुमचा शिष्यवृत्ती लाभ Rs.38,316 ट्रान्सफरसाठी तयार आहे. मिळवण्यासाठी तुमची बँक पासबुक माहिती सबमिट करा.",No,No,No
spam,"PM Kisan Samman Nidhi: तुमचा शिष्यवृत्ती लाभ Rs.41,979 ट्रान्सफरसाठी तयार आहे. मिळवण्यासाठी तुमची बँक पासबुक माहिती सबमिट करा.",No,No,No
spam,"चुकून माझ्या खात्यातून तुमच्या खात्यात Rs.79,581 ट्रान्सफर झाले आहेत, लवकरात लवकर pugfwbyp@oksbi वर रिफंड करा.",No,No,No
spam,"तुम्हाला Amazon सोबत वर्क-फ्रॉम-होम जॉबसाठी निवडले आहे. Rs.8,832 चा जॉइनिंग बोनस मिळवण्यासाठी तुमची बँक माहिती शेअर करा.",No,No,No
spam,"PM Kisan Samman Nidhi: तुमचा शिष्यवृत्ती लाभ Rs.42,283 ट्रान्सफरसाठी तयार आहे. मिळवण्यासाठी तुमची बँक पासबुक माहिती सबमिट करा.",No,No,No
spam,"तुम्हाला Flipkart सोबत वर्क-फ्रॉम-होम जॉबसाठी निवडले आहे. Rs.96,724 चा जॉइनिंग बोनस मिळवण्यासाठी तुमची बँक माहिती शेअर करा.",No,No,No
spam,"Post Matric Scholarship: तुमचा शिष्यवृत्ती लाभ Rs.8,532 ट्रान्सफरसाठी तयार आहे. मिळवण्यासाठी तुमची बँक पासबुक माहिती सबमिट करा.",No,No,No
spam,"चुकून माझ्या खात्यातून तुमच्या खात्यात Rs.3,883 ट्रान्सफर झाले आहेत, लवकरात लवकर mvjlqum@axl वर रिफंड करा.",No,No,No
spam,"माफ करा, मी चुकून चुकीच्या नंबरवर Rs.37,513 ट्रान्सफर केले, हे तुमचे खाते वाटते. कृपया wlgdut26@oksbi वर परत पाठवा.",No,No,No
spam,"तुमच्या विमा पॉलिसीची मुदतपूर्ती रक्कम Rs.6,479 तयार आहे. पेमेंट मिळवण्यासाठी तुमची बँक पासबुक माहिती पाठवा.",No,No,No
spam,"तुमचे SBI पर्सनल लोन Rs.2,088 चे पूर्व-मंजूर आहे. प्रक्रियेसाठी तुमचे बँक खाते आणि आधार तपशील शेअर करा.",No,No,No
spam,"तुम्हाला Infosys सोबत वर्क-फ्रॉम-होम जॉबसाठी निवडले आहे. Rs.87,994 चा जॉइनिंग बोनस मिळवण्यासाठी तुमची बँक माहिती शेअर करा.",No,No,No
spam,"मी चुकून तुमच्या Amazon Pay वर Rs.55,576 पाठवले, कृपया हे या UPI ID वर परत करा: baqfqxmx@okicici",No,No,No
spam,"PMAY अलर्ट: तुम्ही योजनेअंतर्गत Rs.2,403 साठी पात्र आहात. दावा करण्यासाठी तुमचा आधार आणि बँक खाते क्रमांक शेअर करा.",No,No,No
spam,"माफ करा, मी चुकून चुकीच्या नंबरवर Rs.75,042 ट्रान्सफर केले, हे तुमचे खाते वाटते. कृपया dbscmft29@ybl वर परत पाठवा.",No,No,No
spam,"अभिनंदन, PM Ujjwala Yojana अंतर्गत तुमचा अर्ज Rs.8,199 साठी मंजूर झाला आहे. वितरणासाठी तुमची बँक माहिती पाठवा.",No,No,No
spam,"हाय, मला वाटते मी दुसऱ्याला पेमेंट करताना चुकून तुम्हाला Rs.984 पाठवले. कृपया nodswbf30@okhdfcbank वर परत पाठवा, धन्यवाद.",No,No,No
spam,"मी चुकून तुमच्या Google Pay वर Rs.6,528 पाठवले, कृपया हे या UPI ID वर परत करा: zrwnfoi24@paytm",No,No,No
spam,"तुमचे Axis Bank पर्सनल लोन Rs.1,828 चे पूर्व-मंजूर आहे. प्रक्रियेसाठी तुमचे बँक खाते आणि आधार तपशील शेअर करा.",No,No,No
spam,PMAY अलर्ट: तुम्ही योजनेअंतर्गत Rs.867 साठी पात्र आहात. दावा करण्यासाठी तुमचा आधार आणि बँक खाते क्रमांक शेअर करा.,No,No,No
spam,PM Kisan Samman Nidhi: तुमचा शिष्यवृत्ती लाभ Rs.788 ट्रान्सफरसाठी तयार आहे. मिळवण्यासाठी तुमची बँक पासबुक माहिती सबमिट करा.,No,No,No
spam,"तुमचे Bank of Baroda पर्सनल लोन Rs.86,666 चे पूर्व-मंजूर आहे. प्रक्रियेसाठी तुमचे बँक खाते आणि आधार तपशील शेअर करा.",No,No,No
spam,"तुमचे ICICI Bank पर्सनल लोन Rs.67,842 चे पूर्व-मंजूर आहे. प्रक्रियेसाठी तुमचे बँक खाते आणि आधार तपशील शेअर करा.",No,No,No
spam,"PM Ujjwala Yojana: तुमचा शिष्यवृत्ती लाभ Rs.3,767 ट्रान्सफरसाठी तयार आहे. मिळवण्यासाठी तुमची बँक पासबुक माहिती सबमिट करा.",No,No,No
spam,"मी चुकून तुमच्या PhonePe वर Rs.863 पाठवले, कृपया हे या UPI ID वर परत करा: kmjru41@okhdfcbank",No,No,No
spam,"PM Kisan Samman Nidhi अलर्ट: तुम्ही योजनेअंतर्गत Rs.86,971 साठी पात्र आहात. दावा करण्यासाठी तुमचा आधार आणि बँक खाते क्रमांक शेअर करा.",No,No,No
spam,"तुमचे HDFC Bank पर्सनल लोन Rs.2,354 चे पूर्व-मंजूर आहे. प्रक्रियेसाठी तुमचे बँक खाते आणि आधार तपशील शेअर करा.",No,No,No
spam,"अभिनंदन, Ayushman Bharat अंतर्गत तुमचा अर्ज Rs.607 साठी मंजूर झाला आहे. वितरणासाठी तुमची बँक माहिती पाठवा.",No,No,No
spam,"तुम्हाला Flipkart सोबत वर्क-फ्रॉम-होम जॉबसाठी निवडले आहे. Rs.47,897 चा जॉइनिंग बोनस मिळवण्यासाठी तुमची बँक माहिती शेअर करा.",No,No,No
spam,"माफ करा, मी चुकून चुकीच्या नंबरवर Rs.853 ट्रान्सफर केले, हे तुमचे खाते वाटते. कृपया hzpyyk57@axl वर परत पाठवा.",No,No,No
spam,"चुकून माझ्या खात्यातून तुमच्या खात्यात Rs.96,264 ट्रान्सफर झाले आहेत, लवकरात लवकर bdreepl@ybl वर रिफंड करा.",No,No,No
spam,"तुमच्या विमा पॉलिसीची मुदतपूर्ती रक्कम Rs.95,998 तयार आहे. पेमेंट मिळवण्यासाठी तुमची बँक पासबुक माहिती पाठवा.",No,No,No
spam,"तुम्हाला HCL सोबत वर्क-फ्रॉम-होम जॉबसाठी निवडले आहे. Rs.22,954 चा जॉइनिंग बोनस मिळवण्यासाठी तुमची बँक माहिती शेअर करा.",No,No,No
spam,"मी चुकून तुमच्या Amazon Pay वर Rs.9,294 पाठवले, कृपया हे या UPI ID वर परत करा: mmqruj@ybl",No,No,No
spam,"PM Kisan Samman Nidhi: तुमचा शिष्यवृत्ती लाभ Rs.63,561 ट्रान्सफरसाठी तयार आहे. मिळवण्यासाठी तुमची बँक पासबुक माहिती सबमिट करा.",No,No,No
spam,"तुम्हाला Infosys सोबत वर्क-फ्रॉम-होम जॉबसाठी निवडले आहे. Rs.8,007 चा जॉइनिंग बोनस मिळवण्यासाठी तुमची बँक माहिती शेअर करा.",No,No,No
spam,"तुमच्या विमा पॉलिसीची मुदतपूर्ती रक्कम Rs.32,411 तयार आहे. पेमेंट मिळवण्यासाठी तुमची बँक पासबुक माहिती पाठवा.",No,No,No
spam,"चुकून माझ्या खात्यातून तुमच्या खात्यात Rs.727 ट्रान्सफर झाले आहेत, लवकरात लवकर bgfsph@okicici वर रिफंड करा.",No,No,No
spam,"अभिनंदन, PMAY अंतर्गत तुमचा अर्ज Rs.37,970 साठी मंजूर झाला आहे. वितरणासाठी तुमची बँक माहिती पाठवा.",No,No,No
spam,"तुम्हाला Wipro सोबत वर्क-फ्रॉम-होम जॉबसाठी निवडले आहे. Rs.6,070 चा जॉइनिंग बोनस मिळवण्यासाठी तुमची बँक माहिती शेअर करा.",No,No,No
spam,"माफ करा, मी चुकून चुकीच्या नंबरवर Rs.1,092 ट्रान्सफर केले, हे तुमचे खाते वाटते. कृपया khagro95@paytm वर परत पाठवा.",No,No,No
spam,"PMAY अलर्ट: तुम्ही योजनेअंतर्गत Rs.85,028 साठी पात्र आहात. दावा करण्यासाठी तुमचा आधार आणि बँक खाते क्रमांक शेअर करा.",No,No,No
spam,"अभिनंदन, Ayushman Bharat अंतर्गत तुमचा अर्ज Rs.989 साठी मंजूर झाला आहे. वितरणासाठी तुमची बँक माहिती पाठवा.",No,No,No
spam,"मी चुकून तुमच्या PhonePe वर Rs.34,493 पाठवले, कृपया हे या UPI ID वर परत करा: curpsf40@paytm",No,No,No
spam,"चुकून माझ्या खात्यातून तुमच्या खात्यात Rs.2,743 ट्रान्सफर झाले आहेत, लवकरात लवकर cdemd79@ybl वर रिफंड करा.",No,No,No
spam,"तुमच्या विमा पॉलिसीची मुदतपूर्ती रक्कम Rs.2,154 तयार आहे. पेमेंट मिळवण्यासाठी तुमची बँक पासबुक माहिती पाठवा.",No,No,No
spam,"Post Matric Scholarship: तुमचा शिष्यवृत्ती लाभ Rs.47,548 ट्रान्सफरसाठी तयार आहे. मिळवण्यासाठी तुमची बँक पासबुक माहिती सबमिट करा.",No,No,No
spam,"अभिनंदन, PM Kisan Samman Nidhi अंतर्गत तुमचा अर्ज Rs.33,105 साठी मंजूर झाला आहे. वितरणासाठी तुमची बँक माहिती पाठवा.",No,No,No
spam,"मी चुकून तुमच्या Paytm वर Rs.51,984 पाठवले, कृपया हे या UPI ID वर परत करा: psfzojyi35@okhdfcbank",No,No,No
spam,"चुकून माझ्या खात्यातून तुमच्या खात्यात Rs.756 ट्रान्सफर झाले आहेत, लवकरात लवकर svnytvz@paytm वर रिफंड करा.",No,No,No
spam,"Post Matric Scholarship अलर्ट: तुम्ही योजनेअंतर्गत Rs.4,907 साठी पात्र आहात. दावा करण्यासाठी तुमचा आधार आणि बँक खाते क्रमांक शेअर करा.",No,No,No
spam,"PMAY अलर्ट: तुम्ही योजनेअंतर्गत Rs.5,286 साठी पात्र आहात. दावा करण्यासाठी तुमचा आधार आणि बँक खाते क्रमांक शेअर करा.",No,No,No
spam,"चुकून माझ्या खात्यातून तुमच्या खात्यात Rs.56,732 ट्रान्सफर झाले आहेत, लवकरात लवकर nbngc99@axl वर रिफंड करा.",No,No,No
spam,"तुम्हाला Reliance सोबत वर्क-फ्रॉम-होम जॉबसाठी निवडले आहे. Rs.7,377 चा जॉइनिंग बोनस मिळवण्यासाठी तुमची बँक माहिती शेअर करा.",No,No,No
spam,"चुकून माझ्या खात्यातून तुमच्या खात्यात Rs.582 ट्रान्सफर झाले आहेत, लवकरात लवकर zzjje@oksbi वर रिफंड करा.",No,No,No
spam,State Scholarship Scheme अलर्ट: तुम्ही योजनेअंतर्गत Rs.584 साठी पात्र आहात. दावा करण्यासाठी तुमचा आधार आणि बँक खाते क्रमांक शेअर करा.,No,No,No
spam,"हाय, मला वाटते मी दुसऱ्याला पेमेंट करताना चुकून तुम्हाला Rs.679 पाठवले. कृपया kqunwxx65@okhdfcbank वर परत पाठवा, धन्यवाद.",No,No,No
spam,"माफ करा, मी चुकून चुकीच्या नंबरवर Rs.659 ट्रान्सफर केले, हे तुमचे खाते वाटते. कृपया tknnudra@ybl वर परत पाठवा.",No,No,No
spam,"तुम्हाला Wipro सोबत वर्क-फ्रॉम-होम जॉबसाठी निवडले आहे. Rs.4,112 चा जॉइनिंग बोनस मिळवण्यासाठी तुमची बँक माहिती शेअर करा.",No,No,No
spam,"अभिनंदन, Ayushman Bharat अंतर्गत तुमचा अर्ज Rs.1,943 साठी मंजूर झाला आहे. वितरणासाठी तुमची बँक माहिती पाठवा.",No,No,No
spam,"Post Matric Scholarship: तुमचा शिष्यवृत्ती लाभ Rs.8,232 ट्रान्सफरसाठी तयार आहे. मिळवण्यासाठी तुमची बँक पासबुक माहिती सबमिट करा.",No,No,No
spam,"अभिनंदन, PM Kisan Samman Nidhi अंतर्गत तुमचा अर्ज Rs.721 साठी मंजूर झाला आहे. वितरणासाठी तुमची बँक माहिती पाठवा.",No,No,No
spam,"तुमच्या विमा पॉलिसीची मुदतपूर्ती रक्कम Rs.1,246 तयार आहे. पेमेंट मिळवण्यासाठी तुमची बँक पासबुक माहिती पाठवा.",No,No,No
spam,"मी चुकून तुमच्या Amazon Pay वर Rs.34,294 पाठवले, कृपया हे या UPI ID वर परत करा: ulgyw39@ybl",No,No,No
spam,"अभिनंदन, National Scholarship Portal अंतर्गत तुमचा अर्ज Rs.559 साठी मंजूर झाला आहे. वितरणासाठी तुमची बँक माहिती पाठवा.",No,No,No
spam,"हाय, मला वाटते मी दुसऱ्याला पेमेंट करताना चुकून तुम्हाला Rs.11,266 पाठवले. कृपया oveiqi19@okicici वर परत पाठवा, धन्यवाद.",No,No,No
spam,"चुकून माझ्या खात्यातून तुमच्या खात्यात Rs.715 ट्रान्सफर झाले आहेत, लवकरात लवकर xbrma51@axl वर रिफंड करा.",No,No,No
spam,"तुमचे HDFC Bank पर्सनल लोन Rs.81,877 चे पूर्व-मंजूर आहे. प्रक्रियेसाठी तुमचे बँक खाते आणि आधार तपशील शेअर करा.",No,No,No
spam,"Post Matric Scholarship: तुमचा शिष्यवृत्ती लाभ Rs.20,044 ट्रान्सफरसाठी तयार आहे. मिळवण्यासाठी तुमची बँक पासबुक माहिती सबमिट करा.",No,No,No
spam,"PMAY अलर्ट: तुम्ही योजनेअंतर्गत Rs.7,504 साठी पात्र आहात. दावा करण्यासाठी तुमचा आधार आणि बँक खाते क्रमांक शेअर करा.",No,No,No
spam,"हाय, मला वाटते मी दुसऱ्याला पेमेंट करताना चुकून तुम्हाला Rs.1,125 पाठवले. कृपया pqort47@okhdfcbank वर परत पाठवा, धन्यवाद.",No,No,No
spam,"तुम्हाला Wipro सोबत वर्क-फ्रॉम-होम जॉबसाठी निवडले आहे. Rs.21,079 चा जॉइनिंग बोनस मिळवण्यासाठी तुमची बँक माहिती शेअर करा.",No,No,No
spam,"तुमचे ICICI Bank पर्सनल लोन Rs.12,792 चे पूर्व-मंजूर आहे. प्रक्रियेसाठी तुमचे बँक खाते आणि आधार तपशील शेअर करा.",No,No,No
spam,"हाय, मला वाटते मी दुसऱ्याला पेमेंट करताना चुकून तुम्हाला Rs.27,175 पाठवले. कृपया nvowp@paytm वर परत पाठवा, धन्यवाद.",No,No,No
spam,"तुमच्या विमा पॉलिसीची मुदतपूर्ती रक्कम Rs.2,061 तयार आहे. पेमेंट मिळवण्यासाठी तुमची बँक पासबुक माहिती पाठवा.",No,No,No
spam,"अभिनंदन, State Scholarship Scheme अंतर्गत तुमचा अर्ज Rs.38,533 साठी मंजूर झाला आहे. वितरणासाठी तुमची बँक माहिती पाठवा.",No,No,No
spam,"मी चुकून तुमच्या PhonePe वर Rs.3,822 पाठवले, कृपया हे या UPI ID वर परत करा: jpqkfm@oksbi",No,No,No
spam,"हाय, मला वाटते मी दुसऱ्याला पेमेंट करताना चुकून तुम्हाला Rs.8,820 पाठवले. कृपया jxrcfwze@axl वर परत पाठवा, धन्यवाद.",No,No,No
spam,"हाय, मला वाटते मी दुसऱ्याला पेमेंट करताना चुकून तुम्हाला Rs.2,504 पाठवले. कृपया tpvbc59@paytm वर परत पाठवा, धन्यवाद.",No,No,No
spam,PMAY अलर्ट: तुम्ही योजनेअंतर्गत Rs.989 साठी पात्र आहात. दावा करण्यासाठी तुमचा आधार आणि बँक खाते क्रमांक शेअर करा.,No,No,No
spam,"तुमच्या विमा पॉलिसीची मुदतपूर्ती रक्कम Rs.4,727 तयार आहे. पेमेंट मिळवण्यासाठी तुमची बँक पासबुक माहिती पाठवा.",No,No,No
spam,"State Scholarship Scheme अलर्ट: तुम्ही योजनेअंतर्गत Rs.52,264 साठी पात्र आहात. दावा करण्यासाठी तुमचा आधार आणि बँक खाते क्रमांक शेअर करा.",No,No,No
spam,"तुम्हाला HCL सोबत वर्क-फ्रॉम-होम जॉबसाठी निवडले आहे. Rs.82,065 चा जॉइनिंग बोनस मिळवण्यासाठी तुमची बँक माहिती शेअर करा.",No,No,No
spam,"माफ करा, मी चुकून चुकीच्या नंबरवर Rs.2,339 ट्रान्सफर केले, हे तुमचे खाते वाटते. कृपया rmwerzto77@axl वर परत पाठवा.",No,No,No
spam,"हाय, मला वाटते मी दुसऱ्याला पेमेंट करताना चुकून तुम्हाला Rs.19,297 पाठवले. कृपया mehmodmt@ibl वर परत पाठवा, धन्यवाद.",No,No,No
spam,"अभिनंदन, LPG Subsidy Scheme अंतर्गत तुमचा अर्ज Rs.8,791 साठी मंजूर झाला आहे. वितरणासाठी तुमची बँक माहिती पाठवा.",No,No,No
spam,"State Scholarship Scheme अलर्ट: तुम्ही योजनेअंतर्गत Rs.87,734 साठी पात्र आहात. दावा करण्यासाठी तुमचा आधार आणि बँक खाते क्रमांक शेअर करा.",No,No,No
spam,"PM Ujjwala Yojana: तुमचा शिष्यवृत्ती लाभ Rs.3,694 ट्रान्सफरसाठी तयार आहे. मिळवण्यासाठी तुमची बँक पासबुक माहिती सबमिट करा.",No,No,No
spam,Post Matric Scholarship: तुमचा शिष्यवृत्ती लाभ Rs.839 ट्रान्सफरसाठी तयार आहे. मिळवण्यासाठी तुमची बँक पासबुक माहिती सबमिट करा.,No,No,No
spam,"PMAY: तुमचा शिष्यवृत्ती लाभ Rs.29,779 ट्रान्सफरसाठी तयार आहे. मिळवण्यासाठी तुमची बँक पासबुक माहिती सबमिट करा.",No,No,No
spam,"मी चुकून तुमच्या PhonePe वर Rs.9,902 पाठवले, कृपया हे या UPI ID वर परत करा: lvpfhj@axl",No,No,No
spam,"मी चुकून तुमच्या Paytm वर Rs.567 पाठवले, कृपया हे या UPI ID वर परत करा: iwewab99@ibl",No,No,No
spam,"चुकून माझ्या खात्यातून तुमच्या खात्यात Rs.1,291 ट्रान्सफर झाले आहेत, लवकरात लवकर ajqtbpoa74@axl वर रिफंड करा.",No,No,No
spam,LPG Subsidy Scheme अलर्ट: तुम्ही योजनेअंतर्गत Rs.983 साठी पात्र आहात. दावा करण्यासाठी तुमचा आधार आणि बँक खाते क्रमांक शेअर करा.,No,No,No
spam,"अभिनंदन, Post Matric Scholarship अंतर्गत तुमचा अर्ज Rs.1,842 साठी मंजूर झाला आहे. वितरणासाठी तुमची बँक माहिती पाठवा.",No,No,No
spam,"मी चुकून तुमच्या Paytm वर Rs.777 पाठवले, कृपया हे या UPI ID वर परत करा: nerva@okhdfcbank",No,No,No
spam,"तुमचे SBI पर्सनल लोन Rs.53,046 चे पूर्व-मंजूर आहे. प्रक्रियेसाठी तुमचे बँक खाते आणि आधार तपशील शेअर करा.",No,No,No
spam,"तुमचे Axis Bank पर्सनल लोन Rs.7,594 चे पूर्व-मंजूर आहे. प्रक्रियेसाठी तुमचे बँक खाते आणि आधार तपशील शेअर करा.",No,No,No
spam,"चुकून माझ्या खात्यातून तुमच्या खात्यात Rs.97,621 ट्रान्सफर झाले आहेत, लवकरात लवकर udjrmve@axl वर रिफंड करा.",No,No,No
spam,"माफ करा, मी चुकून चुकीच्या नंबरवर Rs.966 ट्रान्सफर केले, हे तुमचे खाते वाटते. कृपया zkgyxiku@ybl वर परत पाठवा.",No,No,No
spam,"तुमचे HDFC Bank पर्सनल लोन Rs.41,334 चे पूर्व-मंजूर आहे. प्रक्रियेसाठी तुमचे बँक खाते आणि आधार तपशील शेअर करा.",No,No,No
spam,"तुमचे Axis Bank पर्सनल लोन Rs.6,162 चे पूर्व-मंजूर आहे. प्रक्रियेसाठी तुमचे बँक खाते आणि आधार तपशील शेअर करा.",No,No,No
spam,"तुम्हाला Flipkart सोबत वर्क-फ्रॉम-होम जॉबसाठी निवडले आहे. Rs.67,755 चा जॉइनिंग बोनस मिळवण्यासाठी तुमची बँक माहिती शेअर करा.",No,No,No
spam,"Post Matric Scholarship अलर्ट: तुम्ही योजनेअंतर्गत Rs.4,908 साठी पात्र आहात. दावा करण्यासाठी तुमचा आधार आणि बँक खाते क्रमांक शेअर करा.",No,No,No
spam,"हाय, मला वाटते मी दुसऱ्याला पेमेंट करताना चुकून तुम्हाला Rs.37,842 पाठवले. कृपया rzrxevgv92@okicici वर परत पाठवा, धन्यवाद.",No,No,No
spam,"हाय, मला वाटते मी दुसऱ्याला पेमेंट करताना चुकून तुम्हाला Rs.58,311 पाठवले. कृपया ypvgslvr@okicici वर परत पाठवा, धन्यवाद.",No,No,No
spam,"चुकून माझ्या खात्यातून तुमच्या खात्यात Rs.92,826 ट्रान्सफर झाले आहेत, लवकरात लवकर mpcifkjk95@axl वर रिफंड करा.",No,No,No
spam,"PM Ujjwala Yojana: तुमचा शिष्यवृत्ती लाभ Rs.38,548 ट्रान्सफरसाठी तयार आहे. मिळवण्यासाठी तुमची बँक पासबुक माहिती सबमिट करा.",No,No,No
spam,"हाय, मला वाटते मी दुसऱ्याला पेमेंट करताना चुकून तुम्हाला Rs.9,655 पाठवले. कृपया lgzdfu46@oksbi वर परत पाठवा, धन्यवाद.",No,No,No
spam,"अभिनंदन, Post Matric Scholarship अंतर्गत तुमचा अर्ज Rs.5,798 साठी मंजूर झाला आहे. वितरणासाठी तुमची बँक माहिती पाठवा.",No,No,No
spam,"हाय, मला वाटते मी दुसऱ्याला पेमेंट करताना चुकून तुम्हाला Rs.8,387 पाठवले. कृपया plryo67@oksbi वर परत पाठवा, धन्यवाद.",No,No,No
spam,Ayushman Bharat: तुमचा शिष्यवृत्ती लाभ Rs.502 ट्रान्सफरसाठी तयार आहे. मिळवण्यासाठी तुमची बँक पासबुक माहिती सबमिट करा.,No,No,No
spam,"तुम्हाला Flipkart सोबत वर्क-फ्रॉम-होम जॉबसाठी निवडले आहे. Rs.22,581 चा जॉइनिंग बोनस मिळवण्यासाठी तुमची बँक माहिती शेअर करा.",No,No,No
spam,"चुकून माझ्या खात्यातून तुमच्या खात्यात Rs.93,281 ट्रान्सफर झाले आहेत, लवकरात लवकर wzgrfju48@axl वर रिफंड करा.",No,No,No
spam,"चुकून माझ्या खात्यातून तुमच्या खात्यात Rs.3,263 ट्रान्सफर झाले आहेत, लवकरात लवकर xuwkpg@axl वर रिफंड करा.",No,No,No
spam,"हाय, मला वाटते मी दुसऱ्याला पेमेंट करताना चुकून तुम्हाला Rs.2,698 पाठवले. कृपया qsrnhyhk29@ibl वर परत पाठवा, धन्यवाद.",No,No,No
spam,"तुम्हाला Wipro सोबत वर्क-फ्रॉम-होम जॉबसाठी निवडले आहे. Rs.76,778 चा जॉइनिंग बोनस मिळवण्यासाठी तुमची बँक माहिती शेअर करा.",No,No,No
spam,"तुमचे Kotak Mahindra Bank पर्सनल लोन Rs.37,486 चे पूर्व-मंजूर आहे. प्रक्रियेसाठी तुमचे बँक खाते आणि आधार तपशील शेअर करा.",No,No,No
spam,"चुकून माझ्या खात्यातून तुमच्या खात्यात Rs.596 ट्रान्सफर झाले आहेत, लवकरात लवकर yyyikjh@okicici वर रिफंड करा.",No,No,No
spam,"माफ करा, मी चुकून चुकीच्या नंबरवर Rs.2,209 ट्रान्सफर केले, हे तुमचे खाते वाटते. कृपया vbjupvnd11@oksbi वर परत पाठवा.",No,No,No
spam,"चुकून माझ्या खात्यातून तुमच्या खात्यात Rs.75,118 ट्रान्सफर झाले आहेत, लवकरात लवकर kxfbgo58@okhdfcbank वर रिफंड करा.",No,No,No
spam,"तुमच्या विमा पॉलिसीची मुदतपूर्ती रक्कम Rs.61,252 तयार आहे. पेमेंट मिळवण्यासाठी तुमची बँक पासबुक माहिती पाठवा.",No,No,No
spam,"माफ करा, मी चुकून चुकीच्या नंबरवर Rs.79,304 ट्रान्सफर केले, हे तुमचे खाते वाटते. कृपया kqtrlqtb78@okhdfcbank वर परत पाठवा.",No,No,No
spam,"हाय, मला वाटते मी दुसऱ्याला पेमेंट करताना चुकून तुम्हाला Rs.5,879 पाठवले. कृपया jtmbzd@okhdfcbank वर परत पाठवा, धन्यवाद.",No,No,No
spam,National Scholarship Portal अलर्ट: तुम्ही योजनेअंतर्गत Rs.991 साठी पात्र आहात. दावा करण्यासाठी तुमचा आधार आणि बँक खाते क्रमांक शेअर करा.,No,No,No
spam,"चुकून माझ्या खात्यातून तुमच्या खात्यात Rs.740 ट्रान्सफर झाले आहेत, लवकरात लवकर liyfk24@okicici वर रिफंड करा.",No,No,No
spam,तुमचे SBI पर्सनल लोन Rs.625 चे पूर्व-मंजूर आहे. प्रक्रियेसाठी तुमचे बँक खाते आणि आधार तपशील शेअर करा.,No,No,No
spam,"PM Ujjwala Yojana अलर्ट: तुम्ही योजनेअंतर्गत Rs.2,179 साठी पात्र आहात. दावा करण्यासाठी तुमचा आधार आणि बँक खाते क्रमांक शेअर करा.",No,No,No
spam,"हाय, मला वाटते मी दुसऱ्याला पेमेंट करताना चुकून तुम्हाला Rs.652 पाठवले. कृपया dbgkzsd@paytm वर परत पाठवा, धन्यवाद.",No,No,No
spam,"अभिनंदन, National Scholarship Portal अंतर्गत तुमचा अर्ज Rs.574 साठी मंजूर झाला आहे. वितरणासाठी तुमची बँक माहिती पाठवा.",No,No,No
spam,"माफ करा, मी चुकून चुकीच्या नंबरवर Rs.65,129 ट्रान्सफर केले, हे तुमचे खाते वाटते. कृपया kbeud@oksbi वर परत पाठवा.",No,No,No
spam,"तुमचे Axis Bank पर्सनल लोन Rs.4,007 चे पूर्व-मंजूर आहे. प्रक्रियेसाठी तुमचे बँक खाते आणि आधार तपशील शेअर करा.",No,No,No
spam,"हाय, मला वाटते मी दुसऱ्याला पेमेंट करताना चुकून तुम्हाला Rs.1,813 पाठवले. कृपया xwuxitp44@ybl वर परत पाठवा, धन्यवाद.",No,No,No
spam,"तुम्हाला Wipro सोबत वर्क-फ्रॉम-होम जॉबसाठी निवडले आहे. Rs.8,023 चा जॉइनिंग बोनस मिळवण्यासाठी तुमची बँक माहिती शेअर करा.",No,No,No
spam,Post Matric Scholarship अलर्ट: तुम्ही योजनेअंतर्गत Rs.633 साठी पात्र आहात. दावा करण्यासाठी तुमचा आधार आणि बँक खाते क्रमांक शेअर करा.,No,No,No
spam,"तुमचे SBI पर्सनल लोन Rs.3,892 चे पूर्व-मंजूर आहे. प्रक्रियेसाठी तुमचे बँक खाते आणि आधार तपशील शेअर करा.",No,No,No
spam,"तुमच्या विमा पॉलिसीची मुदतपूर्ती रक्कम Rs.91,050 तयार आहे. पेमेंट मिळवण्यासाठी तुमची बँक पासबुक माहिती पाठवा.",No,No,No
spam,"तुम्हाला HCL सोबत वर्क-फ्रॉम-होम जॉबसाठी निवडले आहे. Rs.18,198 चा जॉइनिंग बोनस मिळवण्यासाठी तुमची बँक माहिती शेअर करा.",No,No,No
spam,"तुमचे SBI पर्सनल लोन Rs.51,488 चे पूर्व-मंजूर आहे. प्रक्रियेसाठी तुमचे बँक खाते आणि आधार तपशील शेअर करा.",No,No,No
spam,"चुकून माझ्या खात्यातून तुमच्या खात्यात Rs.77,432 ट्रान्सफर झाले आहेत, लवकरात लवकर ilwijmkq@oksbi वर रिफंड करा.",No,No,No
spam,Post Matric Scholarship: तुमचा शिष्यवृत्ती लाभ Rs.615 ट्रान्सफरसाठी तयार आहे. मिळवण्यासाठी तुमची बँक पासबुक माहिती सबमिट करा.,No,No,No
spam,"मी चुकून तुमच्या Amazon Pay वर Rs.642 पाठवले, कृपया हे या UPI ID वर परत करा: vhammbvz@okhdfcbank",No,No,No
spam,"LPG Subsidy Scheme अलर्ट: तुम्ही योजनेअंतर्गत Rs.5,933 साठी पात्र आहात. दावा करण्यासाठी तुमचा आधार आणि बँक खाते क्रमांक शेअर करा.",No,No,No
spam,"तुमचे Canara Bank पर्सनल लोन Rs.83,582 चे पूर्व-मंजूर आहे. प्रक्रियेसाठी तुमचे बँक खाते आणि आधार तपशील शेअर करा.",No,No,No
spam,National Scholarship Portal: तुमचा शिष्यवृत्ती लाभ Rs.567 ट्रान्सफरसाठी तयार आहे. मिळवण्यासाठी तुमची बँक पासबुक माहिती सबमिट करा.,No,No,No
spam,"तुमचे ICICI Bank पर्सनल लोन Rs.58,546 चे पूर्व-मंजूर आहे. प्रक्रियेसाठी तुमचे बँक खाते आणि आधार तपशील शेअर करा.",No,No,No
spam,"माफ करा, मी चुकून चुकीच्या नंबरवर Rs.6,553 ट्रान्सफर केले, हे तुमचे खाते वाटते. कृपया ypddqhg@axl वर परत पाठवा.",No,No,No
spam,Post Matric Scholarship: तुमचा शिष्यवृत्ती लाभ Rs.710 ट्रान्सफरसाठी तयार आहे. मिळवण्यासाठी तुमची बँक पासबुक माहिती सबमिट करा.,No,No,No
spam,"तुमचे HDFC Bank पर्सनल लोन Rs.43,038 चे पूर्व-मंजूर आहे. प्रक्रियेसाठी तुमचे बँक खाते आणि आधार तपशील शेअर करा.",No,No,No
spam,"National Scholarship Portal: तुमचा शिष्यवृत्ती लाभ Rs.40,389 ट्रान्सफरसाठी तयार आहे. मिळवण्यासाठी तुमची बँक पासबुक माहिती सबमिट करा.",No,No,No
spam,"अभिनंदन, National Scholarship Portal अंतर्गत तुमचा अर्ज Rs.722 साठी मंजूर झाला आहे. वितरणासाठी तुमची बँक माहिती पाठवा.",No,No,No
spam,"अभिनंदन, Ayushman Bharat अंतर्गत तुमचा अर्ज Rs.949 साठी मंजूर झाला आहे. वितरणासाठी तुमची बँक माहिती पाठवा.",No,No,No
spam,"अभिनंदन, Post Matric Scholarship अंतर्गत तुमचा अर्ज Rs.41,059 साठी मंजूर झाला आहे. वितरणासाठी तुमची बँक माहिती पाठवा.",No,No,No
spam,"चुकून माझ्या खात्यातून तुमच्या खात्यात Rs.14,927 ट्रान्सफर झाले आहेत, लवकरात लवकर qglotf@okicici वर रिफंड करा.",No,No,No
spam,"Post Matric Scholarship अलर्ट: तुम्ही योजनेअंतर्गत Rs.38,263 साठी पात्र आहात. दावा करण्यासाठी तुमचा आधार आणि बँक खाते क्रमांक शेअर करा.",No,No,No
spam,"National Scholarship Portal अलर्ट: तुम्ही योजनेअंतर्गत Rs.47,334 साठी पात्र आहात. दावा करण्यासाठी तुमचा आधार आणि बँक खाते क्रमांक शेअर करा.",No,No,No
spam,"मी चुकून तुमच्या Amazon Pay वर Rs.47,855 पाठवले, कृपया हे या UPI ID वर परत करा: ybhlu@ybl",No,No,No
spam,"PM Ujjwala Yojana: तुमचा शिष्यवृत्ती लाभ Rs.1,783 ट्रान्सफरसाठी तयार आहे. मिळवण्यासाठी तुमची बँक पासबुक माहिती सबमिट करा.",No,No,No
spam,"माफ करा, मी चुकून चुकीच्या नंबरवर Rs.833 ट्रान्सफर केले, हे तुमचे खाते वाटते. कृपया jksrkxsm80@okhdfcbank वर परत पाठवा.",No,No,No
spam,"अभिनंदन, PM Kisan Samman Nidhi अंतर्गत तुमचा अर्ज Rs.5,042 साठी मंजूर झाला आहे. वितरणासाठी तुमची बँक माहिती पाठवा.",No,No,No
spam,"हाय, मला वाटते मी दुसऱ्याला पेमेंट करताना चुकून तुम्हाला Rs.81,915 पाठवले. कृपया cugegs@okicici वर परत पाठवा, धन्यवाद.",No,No,No
spam,"तुमचे Kotak Mahindra Bank पर्सनल लोन Rs.9,904 चे पूर्व-मंजूर आहे. प्रक्रियेसाठी तुमचे बँक खाते आणि आधार तपशील शेअर करा.",No,No,No
spam,"अभिनंदन, PM Kisan Samman Nidhi अंतर्गत तुमचा अर्ज Rs.572 साठी मंजूर झाला आहे. वितरणासाठी तुमची बँक माहिती पाठवा.",No,No,No
spam,"हाय, मला वाटते मी दुसऱ्याला पेमेंट करताना चुकून तुम्हाला Rs.4,074 पाठवले. कृपया pvocym@oksbi वर परत पाठवा, धन्यवाद.",No,No,No
spam,"माफ करा, मी चुकून चुकीच्या नंबरवर Rs.774 ट्रान्सफर केले, हे तुमचे खाते वाटते. कृपया oeijrq84@ibl वर परत पाठवा.",No,No,No
spam,"चुकून माझ्या खात्यातून तुमच्या खात्यात Rs.562 ट्रान्सफर झाले आहेत, लवकरात लवकर fqtodozn@ibl वर रिफंड करा.",No,No,No
spam,"मी चुकून तुमच्या Amazon Pay वर Rs.49,063 पाठवले, कृपया हे या UPI ID वर परत करा: gfrynaug38@oksbi",No,No,No
spam,तुमचे ICICI Bank पर्सनल लोन Rs.587 चे पूर्व-मंजूर आहे. प्रक्रियेसाठी तुमचे बँक खाते आणि आधार तपशील शेअर करा.,No,No,No
spam,"चुकून माझ्या खात्यातून तुमच्या खात्यात Rs.667 ट्रान्सफर झाले आहेत, लवकरात लवकर prqcs25@ybl वर रिफंड करा.",No,No,No
spam,"तुम्हाला HCL सोबत वर्क-फ्रॉम-होम जॉबसाठी निवडले आहे. Rs.7,877 चा जॉइनिंग बोनस मिळवण्यासाठी तुमची बँक माहिती शेअर करा.",No,No,No
spam,"Post Matric Scholarship: तुमचा शिष्यवृत्ती लाभ Rs.2,350 ट्रान्सफरसाठी तयार आहे. मिळवण्यासाठी तुमची बँक पासबुक माहिती सबमिट करा.",No,No,No
spam,"मी चुकून तुमच्या Amazon Pay वर Rs.8,600 पाठवले, कृपया हे या UPI ID वर परत करा: vlbfy@okhdfcbank",No,No,No
spam,"तुमचे HDFC Bank पर्सनल लोन Rs.39,507 चे पूर्व-मंजूर आहे. प्रक्रियेसाठी तुमचे बँक खाते आणि आधार तपशील शेअर करा.",No,No,No
spam,"माफ करा, मी चुकून चुकीच्या नंबरवर Rs.7,236 ट्रान्सफर केले, हे तुमचे खाते वाटते. कृपया ebgxult18@oksbi वर परत पाठवा.",No,No,No
spam,"माफ करा, मी चुकून चुकीच्या नंबरवर Rs.47,650 ट्रान्सफर केले, हे तुमचे खाते वाटते. कृपया xmvjo24@axl वर परत पाठवा.",No,No,No
spam,"माफ करा, मी चुकून चुकीच्या नंबरवर Rs.3,151 ट्रान्सफर केले, हे तुमचे खाते वाटते. कृपया yfmimy@ybl वर परत पाठवा.",No,No,No
spam,"तुमचे Axis Bank पर्सनल लोन Rs.1,589 चे पूर्व-मंजूर आहे. प्रक्रियेसाठी तुमचे बँक खाते आणि आधार तपशील शेअर करा.",No,No,No
spam,"माफ करा, मी चुकून चुकीच्या नंबरवर Rs.28,753 ट्रान्सफर केले, हे तुमचे खाते वाटते. कृपया anccsslq60@okicici वर परत पाठवा.",No,No,No
spam,"चुकून माझ्या खात्यातून तुमच्या खात्यात Rs.85,825 ट्रान्सफर झाले आहेत, लवकरात लवकर ipdhjwez96@axl वर रिफंड करा.",No,No,No
spam,"LPG Subsidy Scheme अलर्ट: तुम्ही योजनेअंतर्गत Rs.6,270 साठी पात्र आहात. दावा करण्यासाठी तुमचा आधार आणि बँक खाते क्रमांक शेअर करा.",No,No,No
spam,"अभिनंदन, PM Ujjwala Yojana अंतर्गत तुमचा अर्ज Rs.9,269 साठी मंजूर झाला आहे. वितरणासाठी तुमची बँक माहिती पाठवा.",No,No,No
spam,"तुमचे Canara Bank पर्सनल लोन Rs.33,548 चे पूर्व-मंजूर आहे. प्रक्रियेसाठी तुमचे बँक खाते आणि आधार तपशील शेअर करा.",No,No,No
spam,"हाय, मला वाटते मी दुसऱ्याला पेमेंट करताना चुकून तुम्हाला Rs.580 पाठवले. कृपया eeocwyw@ibl वर परत पाठवा, धन्यवाद.",No,No,No
spam,तुमचे Canara Bank पर्सनल लोन Rs.995 चे पूर्व-मंजूर आहे. प्रक्रियेसाठी तुमचे बँक खाते आणि आधार तपशील शेअर करा.,No,No,No
spam,"तुम्हाला Flipkart सोबत वर्क-फ्रॉम-होम जॉबसाठी निवडले आहे. Rs.85,052 चा जॉइनिंग बोनस मिळवण्यासाठी तुमची बँक माहिती शेअर करा.",No,No,No
spam,"PMAY: तुमचा शिष्यवृत्ती लाभ Rs.8,089 ट्रान्सफरसाठी तयार आहे. मिळवण्यासाठी तुमची बँक पासबुक माहिती सबमिट करा.",No,No,No
spam,"माफ करा, मी चुकून चुकीच्या नंबरवर Rs.998 ट्रान्सफर केले, हे तुमचे खाते वाटते. कृपया likmfw@oksbi वर परत पाठवा.",No,No,No
spam,"तुम्हाला Infosys सोबत वर्क-फ्रॉम-होम जॉबसाठी निवडले आहे. Rs.99,664 चा जॉइनिंग बोनस मिळवण्यासाठी तुमची बँक माहिती शेअर करा.",No,No,No
spam,"Post Matric Scholarship अलर्ट: तुम्ही योजनेअंतर्गत Rs.64,683 साठी पात्र आहात. दावा करण्यासाठी तुमचा आधार आणि बँक खाते क्रमांक शेअर करा.",No,No,No
spam,LPG Subsidy Scheme अलर्ट: तुम्ही योजनेअंतर्गत Rs.660 साठी पात्र आहात. दावा करण्यासाठी तुमचा आधार आणि बँक खाते क्रमांक शेअर करा.,No,No,No
spam,"चुकून माझ्या खात्यातून तुमच्या खात्यात Rs.81,671 ट्रान्सफर झाले आहेत, लवकरात लवकर vsblxeb97@okicici वर रिफंड करा.",No,No,No
spam,"मी चुकून तुमच्या Paytm वर Rs.5,802 पाठवले, कृपया हे या UPI ID वर परत करा: ysmjn18@okicici",No,No,No
spam,"National Scholarship Portal अलर्ट: तुम्ही योजनेअंतर्गत Rs.67,578 साठी पात्र आहात. दावा करण्यासाठी तुमचा आधार आणि बँक खाते क्रमांक शेअर करा.",No,No,No
spam,"माफ करा, मी चुकून चुकीच्या नंबरवर Rs.601 ट्रान्सफर केले, हे तुमचे खाते वाटते. कृपया ujzfld@paytm वर परत पाठवा.",No,No,No
spam,तुमच्या विमा पॉलिसीची मुदतपूर्ती रक्कम Rs.855 तयार आहे. पेमेंट मिळवण्यासाठी तुमची बँक पासबुक माहिती पाठवा.,No,No,No
spam,"हाय, मला वाटते मी दुसऱ्याला पेमेंट करताना चुकून तुम्हाला Rs.41,121 पाठवले. कृपया thacjb@ybl वर परत पाठवा, धन्यवाद.",No,No,No
spam,"हाय, मला वाटते मी दुसऱ्याला पेमेंट करताना चुकून तुम्हाला Rs.4,232 पाठवले. कृपया cmsep49@axl वर परत पाठवा, धन्यवाद.",No,No,No
spam,"मी चुकून तुमच्या Amazon Pay वर Rs.50,029 पाठवले, कृपया हे या UPI ID वर परत करा: ecbpjpf38@paytm",No,No,No
spam,"मी चुकून तुमच्या Amazon Pay वर Rs.971 पाठवले, कृपया हे या UPI ID वर परत करा: mgfjqtxl@okhdfcbank",No,No,No
spam,"चुकून माझ्या खात्यातून तुमच्या खात्यात Rs.2,094 ट्रान्सफर झाले आहेत, लवकरात लवकर biecp62@okicici वर रिफंड करा.",No,No,No
spam,"तुमचे HDFC Bank पर्सनल लोन Rs.4,541 चे पूर्व-मंजूर आहे. प्रक्रियेसाठी तुमचे बँक खाते आणि आधार तपशील शेअर करा.",No,No,No
spam,"अभिनंदन, PM Kisan Samman Nidhi अंतर्गत तुमचा अर्ज Rs.4,123 साठी मंजूर झाला आहे. वितरणासाठी तुमची बँक माहिती पाठवा.",No,No,No
spam,"मी चुकून तुमच्या Google Pay वर Rs.47,478 पाठवले, कृपया हे या UPI ID वर परत करा: aynfnb62@oksbi",No,No,No
spam,"हाय, मला वाटते मी दुसऱ्याला पेमेंट करताना चुकून तुम्हाला Rs.500 पाठवले. कृपया vatixik@axl वर परत पाठवा, धन्यवाद.",No,No,No
spam,"हाय, मला वाटते मी दुसऱ्याला पेमेंट करताना चुकून तुम्हाला Rs.56,759 पाठवले. कृपया zpopypaw@axl वर परत पाठवा, धन्यवाद.",No,No,No
spam,"तुम्हाला Flipkart सोबत वर्क-फ्रॉम-होम जॉबसाठी निवडले आहे. Rs.56,555 चा जॉइनिंग बोनस मिळवण्यासाठी तुमची बँक माहिती शेअर करा.",No,No,No
spam,"अभिनंदन, National Scholarship Portal अंतर्गत तुमचा अर्ज Rs.42,977 साठी मंजूर झाला आहे. वितरणासाठी तुमची बँक माहिती पाठवा.",No,No,No
spam,"तुमच्या विमा पॉलिसीची मुदतपूर्ती रक्कम Rs.4,304 तयार आहे. पेमेंट मिळवण्यासाठी तुमची बँक पासबुक माहिती पाठवा.",No,No,No
spam,"तुम्हाला Reliance सोबत वर्क-फ्रॉम-होम जॉबसाठी निवडले आहे. Rs.8,193 चा जॉइनिंग बोनस मिळवण्यासाठी तुमची बँक माहिती शेअर करा.",No,No,No
spam,"हाय, मला वाटते मी दुसऱ्याला पेमेंट करताना चुकून तुम्हाला Rs.7,339 पाठवले. कृपया mlkqhcf@oksbi वर परत पाठवा, धन्यवाद.",No,No,No
spam,"तुमच्या विमा पॉलिसीची मुदतपूर्ती रक्कम Rs.14,087 तयार आहे. पेमेंट मिळवण्यासाठी तुमची बँक पासबुक माहिती पाठवा.",No,No,No
spam,तुम्हाला TCS सोबत वर्क-फ्रॉम-होम जॉबसाठी निवडले आहे. Rs.532 चा जॉइनिंग बोनस मिळवण्यासाठी तुमची बँक माहिती शेअर करा.,No,No,No
spam,"PM Ujjwala Yojana: तुमचा शिष्यवृत्ती लाभ Rs.3,132 ट्रान्सफरसाठी तयार आहे. मिळवण्यासाठी तुमची बँक पासबुक माहिती सबमिट करा.",No,No,No
spam,तुमच्या विमा पॉलिसीची मुदतपूर्ती रक्कम Rs.821 तयार आहे. पेमेंट मिळवण्यासाठी तुमची बँक पासबुक माहिती पाठवा.,No,No,No
spam,"मी चुकून तुमच्या Google Pay वर Rs.91,448 पाठवले, कृपया हे या UPI ID वर परत करा: afkquazv50@axl",No,No,No
spam,"माफ करा, मी चुकून चुकीच्या नंबरवर Rs.5,061 ट्रान्सफर केले, हे तुमचे खाते वाटते. कृपया yvfqjy26@oksbi वर परत पाठवा.",No,No,No
spam,"PM Kisan Samman Nidhi अलर्ट: तुम्ही योजनेअंतर्गत Rs.6,503 साठी पात्र आहात. दावा करण्यासाठी तुमचा आधार आणि बँक खाते क्रमांक शेअर करा.",No,No,No
spam,"State Scholarship Scheme अलर्ट: तुम्ही योजनेअंतर्गत Rs.3,506 साठी पात्र आहात. दावा करण्यासाठी तुमचा आधार आणि बँक खाते क्रमांक शेअर करा.",No,No,No
spam,"माफ करा, मी चुकून चुकीच्या नंबरवर Rs.65,126 ट्रान्सफर केले, हे तुमचे खाते वाटते. कृपया uekiqk42@ibl वर परत पाठवा.",No,No,No
spam,"तुमचे Canara Bank पर्सनल लोन Rs.65,657 चे पूर्व-मंजूर आहे. प्रक्रियेसाठी तुमचे बँक खाते आणि आधार तपशील शेअर करा.",No,No,No
spam,"मी चुकून तुमच्या Amazon Pay वर Rs.83,821 पाठवले, कृपया हे या UPI ID वर परत करा: hccls@ybl",No,No,No
spam,"हाय, मला वाटते मी दुसऱ्याला पेमेंट करताना चुकून तुम्हाला Rs.6,086 पाठवले. कृपया pnntyr@paytm वर परत पाठवा, धन्यवाद.",No,No,No
spam,"PM Ujjwala Yojana अलर्ट: तुम्ही योजनेअंतर्गत Rs.65,339 साठी पात्र आहात. दावा करण्यासाठी तुमचा आधार आणि बँक खाते क्रमांक शेअर करा.",No,No,No
spam,"तुमच्या विमा पॉलिसीची मुदतपूर्ती रक्कम Rs.8,565 तयार आहे. पेमेंट मिळवण्यासाठी तुमची बँक पासबुक माहिती पाठवा.",No,No,No
spam,"Ayushman Bharat: तुमचा शिष्यवृत्ती लाभ Rs.9,621 ट्रान्सफरसाठी तयार आहे. मिळवण्यासाठी तुमची बँक पासबुक माहिती सबमिट करा.",No,No,No
spam,"अभिनंदन, PM Kisan Samman Nidhi अंतर्गत तुमचा अर्ज Rs.835 साठी मंजूर झाला आहे. वितरणासाठी तुमची बँक माहिती पाठवा.",No,No,No
spam,"हाय, मला वाटते मी दुसऱ्याला पेमेंट करताना चुकून तुम्हाला Rs.6,078 पाठवले. कृपया qcukrqy15@oksbi वर परत पाठवा, धन्यवाद.",No,No,No
spam,"मी चुकून तुमच्या Paytm वर Rs.673 पाठवले, कृपया हे या UPI ID वर परत करा: vhnlvg@paytm",No,No,No
spam,"माफ करा, मी चुकून चुकीच्या नंबरवर Rs.67,145 ट्रान्सफर केले, हे तुमचे खाते वाटते. कृपया weefam@okicici वर परत पाठवा.",No,No,No
spam,"तुमच्या विमा पॉलिसीची मुदतपूर्ती रक्कम Rs.8,472 तयार आहे. पेमेंट मिळवण्यासाठी तुमची बँक पासबुक माहिती पाठवा.",No,No,No
spam,तुम्हाला Reliance सोबत वर्क-फ्रॉम-होम जॉबसाठी निवडले आहे. Rs.553 चा जॉइनिंग बोनस मिळवण्यासाठी तुमची बँक माहिती शेअर करा.,No,No,No
spam,"तुमचे HDFC Bank पर्सनल लोन Rs.7,806 चे पूर्व-मंजूर आहे. प्रक्रियेसाठी तुमचे बँक खाते आणि आधार तपशील शेअर करा.",No,No,No
spam,LPG Subsidy Scheme अलर्ट: तुम्ही योजनेअंतर्गत Rs.682 साठी पात्र आहात. दावा करण्यासाठी तुमचा आधार आणि बँक खाते क्रमांक शेअर करा.,No,No,No
spam,"तुमचे Kotak Mahindra Bank पर्सनल लोन Rs.6,157 चे पूर्व-मंजूर आहे. प्रक्रियेसाठी तुमचे बँक खाते आणि आधार तपशील शेअर करा.",No,No,No
spam,"माफ करा, मी चुकून चुकीच्या नंबरवर Rs.88,869 ट्रान्सफर केले, हे तुमचे खाते वाटते. कृपया qkqse@axl वर परत पाठवा.",No,No,No
spam,"हाय, मला वाटते मी दुसऱ्याला पेमेंट करताना चुकून तुम्हाला Rs.5,444 पाठवले. कृपया bqzghx@ybl वर परत पाठवा, धन्यवाद.",No,No,No
spam,"चुकून माझ्या खात्यातून तुमच्या खात्यात Rs.683 ट्रान्सफर झाले आहेत, लवकरात लवकर wiachmid@okicici वर रिफंड करा.",No,No,No
spam,"तुमच्या विमा पॉलिसीची मुदतपूर्ती रक्कम Rs.9,465 तयार आहे. पेमेंट मिळवण्यासाठी तुमची बँक पासबुक माहिती पाठवा.",No,No,No
spam,State Scholarship Scheme अलर्ट: तुम्ही योजनेअंतर्गत Rs.760 साठी पात्र आहात. दावा करण्यासाठी तुमचा आधार आणि बँक खाते क्रमांक शेअर करा.,No,No,No
spam,"हाय, मला वाटते मी दुसऱ्याला पेमेंट करताना चुकून तुम्हाला Rs.9,742 पाठवले. कृपया vifmatcj61@ybl वर परत पाठवा, धन्यवाद.",No,No,No
spam,"मी चुकून तुमच्या Amazon Pay वर Rs.39,845 पाठवले, कृपया हे या UPI ID वर परत करा: caqgembt67@oksbi",No,No,No
spam,"मी चुकून तुमच्या Google Pay वर Rs.598 पाठवले, कृपया हे या UPI ID वर परत करा: wvqfwspk53@axl",No,No,No
spam,"मी चुकून तुमच्या Paytm वर Rs.9,871 पाठवले, कृपया हे या UPI ID वर परत करा: volaids81@oksbi",No,No,No
spam,"तुमचे ICICI Bank पर्सनल लोन Rs.6,380 चे पूर्व-मंजूर आहे. प्रक्रियेसाठी तुमचे बँक खाते आणि आधार तपशील शेअर करा.",No,No,No
spam,"अभिनंदन, PM Ujjwala Yojana अंतर्गत तुमचा अर्ज Rs.35,161 साठी मंजूर झाला आहे. वितरणासाठी तुमची बँक माहिती पाठवा.",No,No,No
spam,Post Matric Scholarship अलर्ट: तुम्ही योजनेअंतर्गत Rs.829 साठी पात्र आहात. दावा करण्यासाठी तुमचा आधार आणि बँक खाते क्रमांक शेअर करा.,No,No,No
spam,"PM Ujjwala Yojana अलर्ट: तुम्ही योजनेअंतर्गत Rs.66,401 साठी पात्र आहात. दावा करण्यासाठी तुमचा आधार आणि बँक खाते क्रमांक शेअर करा.",No,No,No
spam,"अभिनंदन, PM Kisan Samman Nidhi अंतर्गत तुमचा अर्ज Rs.6,109 साठी मंजूर झाला आहे. वितरणासाठी तुमची बँक माहिती पाठवा.",No,No,No
spam,"Ayushman Bharat: तुमचा शिष्यवृत्ती लाभ Rs.9,117 ट्रान्सफरसाठी तयार आहे. मिळवण्यासाठी तुमची बँक पासबुक माहिती सबमिट करा.",No,No,No
spam,"अभिनंदन, PM Ujjwala Yojana अंतर्गत तुमचा अर्ज Rs.577 साठी मंजूर झाला आहे. वितरणासाठी तुमची बँक माहिती पाठवा.",No,No,No
spam,"चुकून माझ्या खात्यातून तुमच्या खात्यात Rs.13,677 ट्रान्सफर झाले आहेत, लवकरात लवकर frfvwuhj@ibl वर रिफंड करा.",No,No,No
spam,State Scholarship Scheme अलर्ट: तुम्ही योजनेअंतर्गत Rs.542 साठी पात्र आहात. दावा करण्यासाठी तुमचा आधार आणि बँक खाते क्रमांक शेअर करा.,No,No,No
spam,"माफ करा, मी चुकून चुकीच्या नंबरवर Rs.6,804 ट्रान्सफर केले, हे तुमचे खाते वाटते. कृपया qsxaoi@oksbi वर परत पाठवा.",No,No,No
spam,"तुम्हाला Amazon सोबत वर्क-फ्रॉम-होम जॉबसाठी निवडले आहे. Rs.9,273 चा जॉइनिंग बोनस मिळवण्यासाठी तुमची बँक माहिती शेअर करा.",No,No,No
spam,"हाय, मला वाटते मी दुसऱ्याला पेमेंट करताना चुकून तुम्हाला Rs.945 पाठवले. कृपया odgma28@ybl वर परत पाठवा, धन्यवाद.",No,No,No
spam,"हाय, मला वाटते मी दुसऱ्याला पेमेंट करताना चुकून तुम्हाला Rs.37,099 पाठवले. कृपया zlrybjgr@okhdfcbank वर परत पाठवा, धन्यवाद.",No,No,No
spam,तुमचे ICICI Bank पर्सनल लोन Rs.756 चे पूर्व-मंजूर आहे. प्रक्रियेसाठी तुमचे बँक खाते आणि आधार तपशील शेअर करा.,No,No,No
spam,"हाय, मला वाटते मी दुसऱ्याला पेमेंट करताना चुकून तुम्हाला Rs.647 पाठवले. कृपया kzuhbjx59@paytm वर परत पाठवा, धन्यवाद.",No,No,No
spam,"हाय, मला वाटते मी दुसऱ्याला पेमेंट करताना चुकून तुम्हाला Rs.876 पाठवले. कृपया mejqtfjs@oksbi वर परत पाठवा, धन्यवाद.",No,No,No
spam,"हाय, मला वाटते मी दुसऱ्याला पेमेंट करताना चुकून तुम्हाला Rs.671 पाठवले. कृपया weqwgzwj@ibl वर परत पाठवा, धन्यवाद.",No,No,No
spam,"हाय, मला वाटते मी दुसऱ्याला पेमेंट करताना चुकून तुम्हाला Rs.915 पाठवले. कृपया jrhckugl74@oksbi वर परत पाठवा, धन्यवाद.",No,No,No
spam,"हाय, मला वाटते मी दुसऱ्याला पेमेंट करताना चुकून तुम्हाला Rs.879 पाठवले. कृपया oqxnyopv@oksbi वर परत पाठवा, धन्यवाद.",No,No,No
spam,"PM Ujjwala Yojana अलर्ट: तुम्ही योजनेअंतर्गत Rs.1,407 साठी पात्र आहात. दावा करण्यासाठी तुमचा आधार आणि बँक खाते क्रमांक शेअर करा.",No,No,No
spam,"हाय, मला वाटते मी दुसऱ्याला पेमेंट करताना चुकून तुम्हाला Rs.1,117 पाठवले. कृपया lafyi@ibl वर परत पाठवा, धन्यवाद.",No,No,No
spam,"अभिनंदन, National Scholarship Portal अंतर्गत तुमचा अर्ज Rs.595 साठी मंजूर झाला आहे. वितरणासाठी तुमची बँक माहिती पाठवा.",No,No,No
spam,"मी चुकून तुमच्या Google Pay वर Rs.95,033 पाठवले, कृपया हे या UPI ID वर परत करा: gavwade13@okicici",No,No,No
spam,"National Scholarship Portal अलर्ट: तुम्ही योजनेअंतर्गत Rs.4,998 साठी पात्र आहात. दावा करण्यासाठी तुमचा आधार आणि बँक खाते क्रमांक शेअर करा.",No,No,No
spam,"माफ करा, मी चुकून चुकीच्या नंबरवर Rs.7,973 ट्रान्सफर केले, हे तुमचे खाते वाटते. कृपया nqrfmlg@oksbi वर परत पाठवा.",No,No,No
spam,"चुकून माझ्या खात्यातून तुमच्या खात्यात Rs.727 ट्रान्सफर झाले आहेत, लवकरात लवकर mwozz@okhdfcbank वर रिफंड करा.",No,No,No
spam,"हाय, मला वाटते मी दुसऱ्याला पेमेंट करताना चुकून तुम्हाला Rs.946 पाठवले. कृपया lyouswhw36@oksbi वर परत पाठवा, धन्यवाद.",No,No,No
spam,Post Matric Scholarship: तुमचा शिष्यवृत्ती लाभ Rs.993 ट्रान्सफरसाठी तयार आहे. मिळवण्यासाठी तुमची बँक पासबुक माहिती सबमिट करा.,No,No,No
spam,"हाय, मला वाटते मी दुसऱ्याला पेमेंट करताना चुकून तुम्हाला Rs.779 पाठवले. कृपया pstte@oksbi वर परत पाठवा, धन्यवाद.",No,No,No
spam,"चुकून माझ्या खात्यातून तुमच्या खात्यात Rs.840 ट्रान्सफर झाले आहेत, लवकरात लवकर itpkj@oksbi वर रिफंड करा.",No,No,No
spam,"PM Ujjwala Yojana: तुमचा शिष्यवृत्ती लाभ Rs.88,369 ट्रान्सफरसाठी तयार आहे. मिळवण्यासाठी तुमची बँक पासबुक माहिती सबमिट करा.",No,No,No
spam,"तुम्हाला Wipro सोबत वर्क-फ्रॉम-होम जॉबसाठी निवडले आहे. Rs.6,887 चा जॉइनिंग बोनस मिळवण्यासाठी तुमची बँक माहिती शेअर करा.",No,No,No
spam,"LPG Subsidy Scheme अलर्ट: तुम्ही योजनेअंतर्गत Rs.2,637 साठी पात्र आहात. दावा करण्यासाठी तुमचा आधार आणि बँक खाते क्रमांक शेअर करा.",No,No,No
spam,तुम्हाला Infosys सोबत वर्क-फ्रॉम-होम जॉबसाठी निवडले आहे. Rs.880 चा जॉइनिंग बोनस मिळवण्यासाठी तुमची बँक माहिती शेअर करा.,No,No,No
spam,"चुकून माझ्या खात्यातून तुमच्या खात्यात Rs.870 ट्रान्सफर झाले आहेत, लवकरात लवकर wsvsm28@okhdfcbank वर रिफंड करा.",No,No,No
spam,"तुमच्या विमा पॉलिसीची मुदतपूर्ती रक्कम Rs.2,103 तयार आहे. पेमेंट मिळवण्यासाठी तुमची बँक पासबुक माहिती पाठवा.",No,No,No
spam,"हाय, मला वाटते मी दुसऱ्याला पेमेंट करताना चुकून तुम्हाला Rs.679 पाठवले. कृपया mgsiwstn@ybl वर परत पाठवा, धन्यवाद.",No,No,No
spam,"हाय, मला वाटते मी दुसऱ्याला पेमेंट करताना चुकून तुम्हाला Rs.667 पाठवले. कृपया vmwoafu@ybl वर परत पाठवा, धन्यवाद.",No,No,No
spam,"मी चुकून तुमच्या PhonePe वर Rs.781 पाठवले, कृपया हे या UPI ID वर परत करा: jeoholnb@okhdfcbank",No,No,No
spam,"तुमच्या विमा पॉलिसीची मुदतपूर्ती रक्कम Rs.1,139 तयार आहे. पेमेंट मिळवण्यासाठी तुमची बँक पासबुक माहिती पाठवा.",No,No,No
spam,"चुकून माझ्या खात्यातून तुमच्या खात्यात Rs.7,628 ट्रान्सफर झाले आहेत, लवकरात लवकर qejnwap@ibl वर रिफंड करा.",No,No,No
spam,"तुम्हाला Reliance सोबत वर्क-फ्रॉम-होम जॉबसाठी निवडले आहे. Rs.37,513 चा जॉइनिंग बोनस मिळवण्यासाठी तुमची बँक माहिती शेअर करा.",No,No,No
spam,"तुम्हाला Wipro सोबत वर्क-फ्रॉम-होम जॉबसाठी निवडले आहे. Rs.1,079 चा जॉइनिंग बोनस मिळवण्यासाठी तुमची बँक माहिती शेअर करा.",No,No,No
spam,National Scholarship Portal: तुमचा शिष्यवृत्ती लाभ Rs.574 ट्रान्सफरसाठी तयार आहे. मिळवण्यासाठी तुमची बँक पासबुक माहिती सबमिट करा.,No,No,No
spam,PM Ujjwala Yojana: तुमचा शिष्यवृत्ती लाभ Rs.510 ट्रान्सफरसाठी तयार आहे. मिळवण्यासाठी तुमची बँक पासबुक माहिती सबमिट करा.,No,No,No
spam,"तुम्हाला HCL सोबत वर्क-फ्रॉम-होम जॉबसाठी निवडले आहे. Rs.90,348 चा जॉइनिंग बोनस मिळवण्यासाठी तुमची बँक माहिती शेअर करा.",No,No,No
spam,"हाय, मला वाटते मी दुसऱ्याला पेमेंट करताना चुकून तुम्हाला Rs.3,828 पाठवले. कृपया vwqyccoc@ybl वर परत पाठवा, धन्यवाद.",No,No,No
spam,"माफ करा, मी चुकून चुकीच्या नंबरवर Rs.79,992 ट्रान्सफर केले, हे तुमचे खाते वाटते. कृपया bnjqgv58@ibl वर परत पाठवा.",No,No,No
spam,"चुकून माझ्या खात्यातून तुमच्या खात्यात Rs.533 ट्रान्सफर झाले आहेत, लवकरात लवकर fidacr38@okicici वर रिफंड करा.",No,No,No
spam,"माफ करा, मी चुकून चुकीच्या नंबरवर Rs.2,343 ट्रान्सफर केले, हे तुमचे खाते वाटते. कृपया hezqxt@okicici वर परत पाठवा.",No,No,No
spam,"हाय, मला वाटते मी दुसऱ्याला पेमेंट करताना चुकून तुम्हाला Rs.32,288 पाठवले. कृपया qdwnhx71@paytm वर परत पाठवा, धन्यवाद.",No,No,No
spam,"अभिनंदन, PM Kisan Samman Nidhi अंतर्गत तुमचा अर्ज Rs.689 साठी मंजूर झाला आहे. वितरणासाठी तुमची बँक माहिती पाठवा.",No,No,No
spam,"अभिनंदन, LPG Subsidy Scheme अंतर्गत तुमचा अर्ज Rs.15,406 साठी मंजूर झाला आहे. वितरणासाठी तुमची बँक माहिती पाठवा.",No,No,No
spam,तुमच्या विमा पॉलिसीची मुदतपूर्ती रक्कम Rs.868 तयार आहे. पेमेंट मिळवण्यासाठी तुमची बँक पासबुक माहिती पाठवा.,No,No,No
spam,"मी चुकून तुमच्या PhonePe वर Rs.1,777 पाठवले, कृपया हे या UPI ID वर परत करा: yfznel48@ybl",No,No,No
spam,"चुकून माझ्या खात्यातून तुमच्या खात्यात Rs.8,952 ट्रान्सफर झाले आहेत, लवकरात लवकर lrrmuqyp@okicici वर रिफंड करा.",No,No,No
spam,तुमचे Kotak Mahindra Bank पर्सनल लोन Rs.561 चे पूर्व-मंजूर आहे. प्रक्रियेसाठी तुमचे बँक खाते आणि आधार तपशील शेअर करा.,No,No,No
spam,"तुम्हाला TCS सोबत वर्क-फ्रॉम-होम जॉबसाठी निवडले आहे. Rs.3,367 चा जॉइनिंग बोनस मिळवण्यासाठी तुमची बँक माहिती शेअर करा.",No,No,No
spam,"हाय, मला वाटते मी दुसऱ्याला पेमेंट करताना चुकून तुम्हाला Rs.74,971 पाठवले. कृपया khxcels82@paytm वर परत पाठवा, धन्यवाद.",No,No,No
spam,तुमच्या विमा पॉलिसीची मुदतपूर्ती रक्कम Rs.848 तयार आहे. पेमेंट मिळवण्यासाठी तुमची बँक पासबुक माहिती पाठवा.,No,No,No
spam,"हाय, मला वाटते मी दुसऱ्याला पेमेंट करताना चुकून तुम्हाला Rs.22,250 पाठवले. कृपया kkvhx@ibl वर परत पाठवा, धन्यवाद.",No,No,No
spam,"अभिनंदन, PMAY अंतर्गत तुमचा अर्ज Rs.57,114 साठी मंजूर झाला आहे. वितरणासाठी तुमची बँक माहिती पाठवा.",No,No,No
spam,"माफ करा, मी चुकून चुकीच्या नंबरवर Rs.32,513 ट्रान्सफर केले, हे तुमचे खाते वाटते. कृपया sojwdkw@ibl वर परत पाठवा.",No,No,No
spam,"तुम्हाला Reliance सोबत वर्क-फ्रॉम-होम जॉबसाठी निवडले आहे. Rs.95,081 चा जॉइनिंग बोनस मिळवण्यासाठी तुमची बँक माहिती शेअर करा.",No,No,No
spam,"LPG Subsidy Scheme अलर्ट: तुम्ही योजनेअंतर्गत Rs.4,708 साठी पात्र आहात. दावा करण्यासाठी तुमचा आधार आणि बँक खाते क्रमांक शेअर करा.",No,No,No
spam,"मी चुकून तुमच्या Google Pay वर Rs.986 पाठवले, कृपया हे या UPI ID वर परत करा: ahodvmxl@ybl",No,No,No
spam,"हाय, मला वाटते मी दुसऱ्याला पेमेंट करताना चुकून तुम्हाला Rs.4,733 पाठवले. कृपया ngtukxck49@oksbi वर परत पाठवा, धन्यवाद.",No,No,No
spam,PMAY: तुमचा शिष्यवृत्ती लाभ Rs.588 ट्रान्सफरसाठी तयार आहे. मिळवण्यासाठी तुमची बँक पासबुक माहिती सबमिट करा.,No,No,No
spam,"अभिनंदन, State Scholarship Scheme अंतर्गत तुमचा अर्ज Rs.971 साठी मंजूर झाला आहे. वितरणासाठी तुमची बँक माहिती पाठवा.",No,No,No
spam,"चुकून माझ्या खात्यातून तुमच्या खात्यात Rs.32,670 ट्रान्सफर झाले आहेत, लवकरात लवकर bvhknfn17@paytm वर रिफंड करा.",No,No,No
spam,"चुकून माझ्या खात्यातून तुमच्या खात्यात Rs.7,743 ट्रान्सफर झाले आहेत, लवकरात लवकर ckmohini55@axl वर रिफंड करा.",No,No,No
spam,"हाय, मला वाटते मी दुसऱ्याला पेमेंट करताना चुकून तुम्हाला Rs.3,508 पाठवले. कृपया moocyv19@ybl वर परत पाठवा, धन्यवाद.",No,No,No
spam,"अभिनंदन, PM Kisan Samman Nidhi अंतर्गत तुमचा अर्ज Rs.5,064 साठी मंजूर झाला आहे. वितरणासाठी तुमची बँक माहिती पाठवा.",No,No,No
spam,"तुमचे SBI पर्सनल लोन Rs.13,094 चे पूर्व-मंजूर आहे. प्रक्रियेसाठी तुमचे बँक खाते आणि आधार तपशील शेअर करा.",No,No,No
spam,"मी चुकून तुमच्या PhonePe वर Rs.8,524 पाठवले, कृपया हे या UPI ID वर परत करा: pogyd@ybl",No,No,No
spam,"PMAY: तुमचा शिष्यवृत्ती लाभ Rs.44,423 ट्रान्सफरसाठी तयार आहे. मिळवण्यासाठी तुमची बँक पासबुक माहिती सबमिट करा.",No,No,No
spam,"PMAY: तुमचा शिष्यवृत्ती लाभ Rs.3,955 ट्रान्सफरसाठी तयार आहे. मिळवण्यासाठी तुमची बँक पासबुक माहिती सबमिट करा.",No,No,No
spam,"अभिनंदन, State Scholarship Scheme अंतर्गत तुमचा अर्ज Rs.84,913 साठी मंजूर झाला आहे. वितरणासाठी तुमची बँक माहिती पाठवा.",No,No,No
spam,"माफ करा, मी चुकून चुकीच्या नंबरवर Rs.833 ट्रान्सफर केले, हे तुमचे खाते वाटते. कृपया mvdsnv95@paytm वर परत पाठवा.",No,No,No
spam,तुम्हाला Reliance सोबत वर्क-फ्रॉम-होम जॉबसाठी निवडले आहे. Rs.936 चा जॉइनिंग बोनस मिळवण्यासाठी तुमची बँक माहिती शेअर करा.,No,No,No
spam,"माफ करा, मी चुकून चुकीच्या नंबरवर Rs.9,804 ट्रान्सफर केले, हे तुमचे खाते वाटते. कृपया lozkyzh89@okicici वर परत पाठवा.",No,No,No
spam,"मी चुकून तुमच्या Google Pay वर Rs.81,201 पाठवले, कृपया हे या UPI ID वर परत करा: hyfmxm76@paytm",No,No,No
spam,"State Scholarship Scheme अलर्ट: तुम्ही योजनेअंतर्गत Rs.50,637 साठी पात्र आहात. दावा करण्यासाठी तुमचा आधार आणि बँक खाते क्रमांक शेअर करा.",No,No,No
spam,"माफ करा, मी चुकून चुकीच्या नंबरवर Rs.3,066 ट्रान्सफर केले, हे तुमचे खाते वाटते. कृपया daivrjw60@okhdfcbank वर परत पाठवा.",No,No,No
spam,"माफ करा, मी चुकून चुकीच्या नंबरवर Rs.80,241 ट्रान्सफर केले, हे तुमचे खाते वाटते. कृपया ebkdija38@ibl वर परत पाठवा.",No,No,No
spam,"तुम्हाला Wipro सोबत वर्क-फ्रॉम-होम जॉबसाठी निवडले आहे. Rs.63,411 चा जॉइनिंग बोनस मिळवण्यासाठी तुमची बँक माहिती शेअर करा.",No,No,No
spam,"अभिनंदन, PM Kisan Samman Nidhi अंतर्गत तुमचा अर्ज Rs.2,995 साठी मंजूर झाला आहे. वितरणासाठी तुमची बँक माहिती पाठवा.",No,No,No
spam,तुमच्या विमा पॉलिसीची मुदतपूर्ती रक्कम Rs.730 तयार आहे. पेमेंट मिळवण्यासाठी तुमची बँक पासबुक माहिती पाठवा.,No,No,No
spam,"हाय, मला वाटते मी दुसऱ्याला पेमेंट करताना चुकून तुम्हाला Rs.4,655 पाठवले. कृपया xsqcta@okhdfcbank वर परत पाठवा, धन्यवाद.",No,No,No
spam,"तुम्हाला TCS सोबत वर्क-फ्रॉम-होम जॉबसाठी निवडले आहे. Rs.47,646 चा जॉइनिंग बोनस मिळवण्यासाठी तुमची बँक माहिती शेअर करा.",No,No,No
spam,"तुमचे Canara Bank पर्सनल लोन Rs.62,943 चे पूर्व-मंजूर आहे. प्रक्रियेसाठी तुमचे बँक खाते आणि आधार तपशील शेअर करा.",No,No,No
spam,"माफ करा, मी चुकून चुकीच्या नंबरवर Rs.74,731 ट्रान्सफर केले, हे तुमचे खाते वाटते. कृपया rtroigh@ibl वर परत पाठवा.",No,No,No
spam,"माफ करा, मी चुकून चुकीच्या नंबरवर Rs.5,292 ट्रान्सफर केले, हे तुमचे खाते वाटते. कृपया ifcjbjqh@oksbi वर परत पाठवा.",No,No,No
spam,"तुम्हाला Wipro सोबत वर्क-फ्रॉम-होम जॉबसाठी निवडले आहे. Rs.57,203 चा जॉइनिंग बोनस मिळवण्यासाठी तुमची बँक माहिती शेअर करा.",No,No,No
spam,"तुमचे Bank of Baroda पर्सनल लोन Rs.63,399 चे पूर्व-मंजूर आहे. प्रक्रियेसाठी तुमचे बँक खाते आणि आधार तपशील शेअर करा.",No,No,No
spam,"अभिनंदन, PMAY अंतर्गत तुमचा अर्ज Rs.529 साठी मंजूर झाला आहे. वितरणासाठी तुमची बँक माहिती पाठवा.",No,No,No
spam,"चुकून माझ्या खात्यातून तुमच्या खात्यात Rs.723 ट्रान्सफर झाले आहेत, लवकरात लवकर kcfzbmrq@axl वर रिफंड करा.",No,No,No
spam,"अभिनंदन, Post Matric Scholarship अंतर्गत तुमचा अर्ज Rs.74,794 साठी मंजूर झाला आहे. वितरणासाठी तुमची बँक माहिती पाठवा.",No,No,No
spam,तुमचे SBI पर्सनल लोन Rs.661 चे पूर्व-मंजूर आहे. प्रक्रियेसाठी तुमचे बँक खाते आणि आधार तपशील शेअर करा.,No,No,No
spam,"हाय, मला वाटते मी दुसऱ्याला पेमेंट करताना चुकून तुम्हाला Rs.76,720 पाठवले. कृपया xwlmtwwk96@axl वर परत पाठवा, धन्यवाद.",No,No,No
spam,"अभिनंदन, PM Kisan Samman Nidhi अंतर्गत तुमचा अर्ज Rs.97,313 साठी मंजूर झाला आहे. वितरणासाठी तुमची बँक माहिती पाठवा.",No,No,No
spam,"हाय, मला वाटते मी दुसऱ्याला पेमेंट करताना चुकून तुम्हाला Rs.19,665 पाठवले. कृपया ebnbki94@ibl वर परत पाठवा, धन्यवाद.",No,No,No
spam,"हाय, मला वाटते मी दुसऱ्याला पेमेंट करताना चुकून तुम्हाला Rs.796 पाठवले. कृपया ntlnn@okicici वर परत पाठवा, धन्यवाद.",No,No,No
spam,"माफ करा, मी चुकून चुकीच्या नंबरवर Rs.578 ट्रान्सफर केले, हे तुमचे खाते वाटते. कृपया gdcgmkw@okicici वर परत पाठवा.",No,No,No
spam,"चुकून माझ्या खात्यातून तुमच्या खात्यात Rs.51,284 ट्रान्सफर झाले आहेत, लवकरात लवकर ktxztldq@ybl वर रिफंड करा.",No,No,No
spam,"माफ करा, मी चुकून चुकीच्या नंबरवर Rs.47,510 ट्रान्सफर केले, हे तुमचे खाते वाटते. कृपया lyxwanju@axl वर परत पाठवा.",No,No,No
spam,"चुकून माझ्या खात्यातून तुमच्या खात्यात Rs.11,471 ट्रान्सफर झाले आहेत, लवकरात लवकर lnjma16@axl वर रिफंड करा.",No,No,No
spam,"State Scholarship Scheme अलर्ट: तुम्ही योजनेअंतर्गत Rs.66,623 साठी पात्र आहात. दावा करण्यासाठी तुमचा आधार आणि बँक खाते क्रमांक शेअर करा.",No,No,No
spam,"तुमच्या विमा पॉलिसीची मुदतपूर्ती रक्कम Rs.14,385 तयार आहे. पेमेंट मिळवण्यासाठी तुमची बँक पासबुक माहिती पाठवा.",No,No,No
spam,"हाय, मला वाटते मी दुसऱ्याला पेमेंट करताना चुकून तुम्हाला Rs.1,559 पाठवले. कृपया sjdzjmom@axl वर परत पाठवा, धन्यवाद.",No,No,No
spam,"अभिनंदन, National Scholarship Portal अंतर्गत तुमचा अर्ज Rs.1,628 साठी मंजूर झाला आहे. वितरणासाठी तुमची बँक माहिती पाठवा.",No,No,No
spam,"तुम्हाला HCL सोबत वर्क-फ्रॉम-होम जॉबसाठी निवडले आहे. Rs.1,446 चा जॉइनिंग बोनस मिळवण्यासाठी तुमची बँक माहिती शेअर करा.",No,No,No
spam,"PM Kisan Samman Nidhi अलर्ट: तुम्ही योजनेअंतर्गत Rs.79,659 साठी पात्र आहात. दावा करण्यासाठी तुमचा आधार आणि बँक खाते क्रमांक शेअर करा.",No,No,No
spam,"हाय, मला वाटते मी दुसऱ्याला पेमेंट करताना चुकून तुम्हाला Rs.6,972 पाठवले. कृपया upbzs@axl वर परत पाठवा, धन्यवाद.",No,No,No
spam,"तुमचे Kotak Mahindra Bank पर्सनल लोन Rs.53,875 चे पूर्व-मंजूर आहे. प्रक्रियेसाठी तुमचे बँक खाते आणि आधार तपशील शेअर करा.",No,No,No
spam,तुमचे Canara Bank पर्सनल लोन Rs.745 चे पूर्व-मंजूर आहे. प्रक्रियेसाठी तुमचे बँक खाते आणि आधार तपशील शेअर करा.,No,No,No
spam,"अभिनंदन, PM Kisan Samman Nidhi अंतर्गत तुमचा अर्ज Rs.7,881 साठी मंजूर झाला आहे. वितरणासाठी तुमची बँक माहिती पाठवा.",No,No,No
spam,"अभिनंदन, National Scholarship Portal अंतर्गत तुमचा अर्ज Rs.904 साठी मंजूर झाला आहे. वितरणासाठी तुमची बँक माहिती पाठवा.",No,No,No
spam,"तुमच्या विमा पॉलिसीची मुदतपूर्ती रक्कम Rs.4,329 तयार आहे. पेमेंट मिळवण्यासाठी तुमची बँक पासबुक माहिती पाठवा.",No,No,No
spam,"चुकून माझ्या खात्यातून तुमच्या खात्यात Rs.5,185 ट्रान्सफर झाले आहेत, लवकरात लवकर wkehgoce@ybl वर रिफंड करा.",No,No,No
spam,"तुमचे Canara Bank पर्सनल लोन Rs.3,754 चे पूर्व-मंजूर आहे. प्रक्रियेसाठी तुमचे बँक खाते आणि आधार तपशील शेअर करा.",No,No,No
spam,"माफ करा, मी चुकून चुकीच्या नंबरवर Rs.20,499 ट्रान्सफर केले, हे तुमचे खाते वाटते. कृपया trsfa@paytm वर परत पाठवा.",No,No,No
spam,"अभिनंदन, Post Matric Scholarship अंतर्गत तुमचा अर्ज Rs.5,051 साठी मंजूर झाला आहे. वितरणासाठी तुमची बँक माहिती पाठवा.",No,No,No
spam,PM Kisan Samman Nidhi: तुमचा शिष्यवृत्ती लाभ Rs.836 ट्रान्सफरसाठी तयार आहे. मिळवण्यासाठी तुमची बँक पासबुक माहिती सबमिट करा.,No,No,No
spam,"PM Ujjwala Yojana अलर्ट: तुम्ही योजनेअंतर्गत Rs.7,175 साठी पात्र आहात. दावा करण्यासाठी तुमचा आधार आणि बँक खाते क्रमांक शेअर करा.",No,No,No
spam,"LPG Subsidy Scheme अलर्ट: तुम्ही योजनेअंतर्गत Rs.64,489 साठी पात्र आहात. दावा करण्यासाठी तुमचा आधार आणि बँक खाते क्रमांक शेअर करा.",No,No,No
spam,"तुमच्या विमा पॉलिसीची मुदतपूर्ती रक्कम Rs.55,706 तयार आहे. पेमेंट मिळवण्यासाठी तुमची बँक पासबुक माहिती पाठवा.",No,No,No
spam,"माफ करा, मी चुकून चुकीच्या नंबरवर Rs.74,190 ट्रान्सफर केले, हे तुमचे खाते वाटते. कृपया iytdhpw@axl वर परत पाठवा.",No,No,No
spam,"हाय, मला वाटते मी दुसऱ्याला पेमेंट करताना चुकून तुम्हाला Rs.773 पाठवले. कृपया ctneb25@okicici वर परत पाठवा, धन्यवाद.",No,No,No
spam,"हाय, मला वाटते मी दुसऱ्याला पेमेंट करताना चुकून तुम्हाला Rs.97,475 पाठवले. कृपया hmnzblsv@paytm वर परत पाठवा, धन्यवाद.",No,No,No
spam,तुमचे Kotak Mahindra Bank पर्सनल लोन Rs.728 चे पूर्व-मंजूर आहे. प्रक्रियेसाठी तुमचे बँक खाते आणि आधार तपशील शेअर करा.,No,No,No
spam,Ayushman Bharat अलर्ट: तुम्ही योजनेअंतर्गत Rs.679 साठी पात्र आहात. दावा करण्यासाठी तुमचा आधार आणि बँक खाते क्रमांक शेअर करा.,No,No,No
spam,"मी चुकून तुमच्या PhonePe वर Rs.16,133 पाठवले, कृपया हे या UPI ID वर परत करा: yxcguxso@okhdfcbank",No,No,No
spam,"माफ करा, मी चुकून चुकीच्या नंबरवर Rs.70,331 ट्रान्सफर केले, हे तुमचे खाते वाटते. कृपया uarlyslq@okicici वर परत पाठवा.",No,No,No
spam,"चुकून माझ्या खात्यातून तुमच्या खात्यात Rs.6,813 ट्रान्सफर झाले आहेत, लवकरात लवकर dcdiph61@okhdfcbank वर रिफंड करा.",No,No,No
spam,"मी चुकून तुमच्या Google Pay वर Rs.68,080 पाठवले, कृपया हे या UPI ID वर परत करा: vonly@ybl",No,No,No
spam,"माफ करा, मी चुकून चुकीच्या नंबरवर Rs.945 ट्रान्सफर केले, हे तुमचे खाते वाटते. कृपया gxvmp@ibl वर परत पाठवा.",No,No,No
spam,"तुमचे Kotak Mahindra Bank पर्सनल लोन Rs.1,414 चे पूर्व-मंजूर आहे. प्रक्रियेसाठी तुमचे बँक खाते आणि आधार तपशील शेअर करा.",No,No,No
spam,National Scholarship Portal: तुमचा शिष्यवृत्ती लाभ Rs.952 ट्रान्सफरसाठी तयार आहे. मिळवण्यासाठी तुमची बँक पासबुक माहिती सबमिट करा.,No,No,No
spam,Ayushman Bharat: तुमचा शिष्यवृत्ती लाभ Rs.638 ट्रान्सफरसाठी तयार आहे. मिळवण्यासाठी तुमची बँक पासबुक माहिती सबमिट करा.,No,No,No
spam,"अभिनंदन, LPG Subsidy Scheme अंतर्गत तुमचा अर्ज Rs.577 साठी मंजूर झाला आहे. वितरणासाठी तुमची बँक माहिती पाठवा.",No,No,No
spam,"माफ करा, मी चुकून चुकीच्या नंबरवर Rs.7,779 ट्रान्सफर केले, हे तुमचे खाते वाटते. कृपया aecvg@okhdfcbank वर परत पाठवा.",No,No,No
spam,"तुमचे Kotak Mahindra Bank पर्सनल लोन Rs.2,744 चे पूर्व-मंजूर आहे. प्रक्रियेसाठी तुमचे बँक खाते आणि आधार तपशील शेअर करा.",No,No,No
spam,"अभिनंदन, PM Ujjwala Yojana अंतर्गत तुमचा अर्ज Rs.30,260 साठी मंजूर झाला आहे. वितरणासाठी तुमची बँक माहिती पाठवा.",No,No,No
spam,"माफ करा, मी चुकून चुकीच्या नंबरवर Rs.72,070 ट्रान्सफर केले, हे तुमचे खाते वाटते. कृपया ispqyg54@oksbi वर परत पाठवा.",No,No,No
spam,"मी चुकून तुमच्या PhonePe वर Rs.2,404 पाठवले, कृपया हे या UPI ID वर परत करा: covotfls@okicici",No,No,No
spam,"माफ करा, मी चुकून चुकीच्या नंबरवर Rs.5,639 ट्रान्सफर केले, हे तुमचे खाते वाटते. कृपया jznonqv69@axl वर परत पाठवा.",No,No,No
spam,"PM Ujjwala Yojana: तुमचा शिष्यवृत्ती लाभ Rs.4,831 ट्रान्सफरसाठी तयार आहे. मिळवण्यासाठी तुमची बँक पासबुक माहिती सबमिट करा.",No,No,No
spam,"मी चुकून तुमच्या Amazon Pay वर Rs.64,894 पाठवले, कृपया हे या UPI ID वर परत करा: vsblztq35@oksbi",No,No,No
spam,"चुकून माझ्या खात्यातून तुमच्या खात्यात Rs.939 ट्रान्सफर झाले आहेत, लवकरात लवकर qfeele88@axl वर रिफंड करा.",No,No,No
spam,"मी चुकून तुमच्या PhonePe वर Rs.837 पाठवले, कृपया हे या UPI ID वर परत करा: tpmuqyj75@axl",No,No,No
spam,"Post Matric Scholarship अलर्ट: तुम्ही योजनेअंतर्गत Rs.4,478 साठी पात्र आहात. दावा करण्यासाठी तुमचा आधार आणि बँक खाते क्रमांक शेअर करा.",No,No,No
spam,"मी चुकून तुमच्या PhonePe वर Rs.823 पाठवले, कृपया हे या UPI ID वर परत करा: ruhfe94@ybl",No,No,No
spam,"Post Matric Scholarship: तुमचा शिष्यवृत्ती लाभ Rs.9,957 ट्रान्सफरसाठी तयार आहे. मिळवण्यासाठी तुमची बँक पासबुक माहिती सबमिट करा.",No,No,No
spam,"National Scholarship Portal: तुमचा शिष्यवृत्ती लाभ Rs.9,676 ट्रान्सफरसाठी तयार आहे. मिळवण्यासाठी तुमची बँक पासबुक माहिती सबमिट करा.",No,No,No
spam,तुमचे Axis Bank पर्सनल लोन Rs.941 चे पूर्व-मंजूर आहे. प्रक्रियेसाठी तुमचे बँक खाते आणि आधार तपशील शेअर करा.,No,No,No
spam,"तुमचे ICICI Bank पर्सनल लोन Rs.7,166 चे पूर्व-मंजूर आहे. प्रक्रियेसाठी तुमचे बँक खाते आणि आधार तपशील शेअर करा.",No,No,No
spam,"Ayushman Bharat: तुमचा शिष्यवृत्ती लाभ Rs.6,379 ट्रान्सफरसाठी तयार आहे. मिळवण्यासाठी तुमची बँक पासबुक माहिती सबमिट करा.",No,No,No
spam,"चुकून माझ्या खात्यातून तुमच्या खात्यात Rs.5,422 ट्रान्सफर झाले आहेत, लवकरात लवकर mcdvhz@axl वर रिफंड करा.",No,No,No
spam,"अभिनंदन, National Scholarship Portal अंतर्गत तुमचा अर्ज Rs.7,665 साठी मंजूर झाला आहे. वितरणासाठी तुमची बँक माहिती पाठवा.",No,No,No
spam,"अभिनंदन, Post Matric Scholarship अंतर्गत तुमचा अर्ज Rs.13,858 साठी मंजूर झाला आहे. वितरणासाठी तुमची बँक माहिती पाठवा.",No,No,No
spam,"मी चुकून तुमच्या Paytm वर Rs.929 पाठवले, कृपया हे या UPI ID वर परत करा: wymhd70@oksbi",No,No,No
spam,"हाय, मला वाटते मी दुसऱ्याला पेमेंट करताना चुकून तुम्हाला Rs.23,556 पाठवले. कृपया heutd@ibl वर परत पाठवा, धन्यवाद.",No,No,No
spam,"PM Ujjwala Yojana: तुमचा शिष्यवृत्ती लाभ Rs.96,545 ट्रान्सफरसाठी तयार आहे. मिळवण्यासाठी तुमची बँक पासबुक माहिती सबमिट करा.",No,No,No
spam,"तुम्हाला Infosys सोबत वर्क-फ्रॉम-होम जॉबसाठी निवडले आहे. Rs.7,874 चा जॉइनिंग बोनस मिळवण्यासाठी तुमची बँक माहिती शेअर करा.",No,No,No
spam,"माफ करा, मी चुकून चुकीच्या नंबरवर Rs.647 ट्रान्सफर केले, हे तुमचे खाते वाटते. कृपया kytgaje20@axl वर परत पाठवा.",No,No,No
spam,"अभिनंदन, State Scholarship Scheme अंतर्गत तुमचा अर्ज Rs.26,113 साठी मंजूर झाला आहे. वितरणासाठी तुमची बँक माहिती पाठवा.",No,No,No
spam,तुम्हाला Infosys सोबत वर्क-फ्रॉम-होम जॉबसाठी निवडले आहे. Rs.744 चा जॉइनिंग बोनस मिळवण्यासाठी तुमची बँक माहिती शेअर करा.,No,No,No
spam,"State Scholarship Scheme: तुमचा शिष्यवृत्ती लाभ Rs.48,488 ट्रान्सफरसाठी तयार आहे. मिळवण्यासाठी तुमची बँक पासबुक माहिती सबमिट करा.",No,No,No
spam,"हाय, मला वाटते मी दुसऱ्याला पेमेंट करताना चुकून तुम्हाला Rs.821 पाठवले. कृपया ljyed@okhdfcbank वर परत पाठवा, धन्यवाद.",No,No,No
spam,National Scholarship Portal अलर्ट: तुम्ही योजनेअंतर्गत Rs.880 साठी पात्र आहात. दावा करण्यासाठी तुमचा आधार आणि बँक खाते क्रमांक शेअर करा.,No,No,No
spam,"चुकून माझ्या खात्यातून तुमच्या खात्यात Rs.718 ट्रान्सफर झाले आहेत, लवकरात लवकर salqn@paytm वर रिफंड करा.",No,No,No
spam,"मी चुकून तुमच्या Google Pay वर Rs.879 पाठवले, कृपया हे या UPI ID वर परत करा: flcixdpa32@okhdfcbank",No,No,No
spam,"मी चुकून तुमच्या Paytm वर Rs.30,319 पाठवले, कृपया हे या UPI ID वर परत करा: gxvpmac@okhdfcbank",No,No,No
spam,PM Kisan Samman Nidhi अलर्ट: तुम्ही योजनेअंतर्गत Rs.668 साठी पात्र आहात. दावा करण्यासाठी तुमचा आधार आणि बँक खाते क्रमांक शेअर करा.,No,No,No
spam,"Ayushman Bharat अलर्ट: तुम्ही योजनेअंतर्गत Rs.20,628 साठी पात्र आहात. दावा करण्यासाठी तुमचा आधार आणि बँक खाते क्रमांक शेअर करा.",No,No,No
spam,"PM Ujjwala Yojana: तुमचा शिष्यवृत्ती लाभ Rs.24,149 ट्रान्सफरसाठी तयार आहे. मिळवण्यासाठी तुमची बँक पासबुक माहिती सबमिट करा.",No,No,No
spam,"मी चुकून तुमच्या Amazon Pay वर Rs.69,539 पाठवले, कृपया हे या UPI ID वर परत करा: mcfptu67@oksbi",No,No,No
spam,"तुम्हाला Amazon सोबत वर्क-फ्रॉम-होम जॉबसाठी निवडले आहे. Rs.89,982 चा जॉइनिंग बोनस मिळवण्यासाठी तुमची बँक माहिती शेअर करा.",No,No,No
spam,"तुम्हाला Amazon सोबत वर्क-फ्रॉम-होम जॉबसाठी निवडले आहे. Rs.6,675 चा जॉइनिंग बोनस मिळवण्यासाठी तुमची बँक माहिती शेअर करा.",No,No,No
spam,"माफ करा, मी चुकून चुकीच्या नंबरवर Rs.702 ट्रान्सफर केले, हे तुमचे खाते वाटते. कृपया ibtno68@okhdfcbank वर परत पाठवा.",No,No,No
spam,"माफ करा, मी चुकून चुकीच्या नंबरवर Rs.4,860 ट्रान्सफर केले, हे तुमचे खाते वाटते. कृपया pjdmu15@ibl वर परत पाठवा.",No,No,No
spam,"अभिनंदन, LPG Subsidy Scheme अंतर्गत तुमचा अर्ज Rs.6,572 साठी मंजूर झाला आहे. वितरणासाठी तुमची बँक माहिती पाठवा.",No,No,No
spam,"हाय, मला वाटते मी दुसऱ्याला पेमेंट करताना चुकून तुम्हाला Rs.49,317 पाठवले. कृपया veahnio14@oksbi वर परत पाठवा, धन्यवाद.",No,No,No
spam,"PM Ujjwala Yojana अलर्ट: तुम्ही योजनेअंतर्गत Rs.64,908 साठी पात्र आहात. दावा करण्यासाठी तुमचा आधार आणि बँक खाते क्रमांक शेअर करा.",No,No,No
spam,"मी चुकून तुमच्या Amazon Pay वर Rs.5,010 पाठवले, कृपया हे या UPI ID वर परत करा: rwpeel53@paytm",No,No,No
spam,"तुमच्या विमा पॉलिसीची मुदतपूर्ती रक्कम Rs.79,519 तयार आहे. पेमेंट मिळवण्यासाठी तुमची बँक पासबुक माहिती पाठवा.",No,No,No
spam,"मी चुकून तुमच्या Google Pay वर Rs.41,597 पाठवले, कृपया हे या UPI ID वर परत करा: xitmlj@okhdfcbank",No,No,No
spam,"चुकून माझ्या खात्यातून तुमच्या खात्यात Rs.764 ट्रान्सफर झाले आहेत, लवकरात लवकर blbbhlo83@okicici वर रिफंड करा.",No,No,No
spam,"चुकून माझ्या खात्यातून तुमच्या खात्यात Rs.2,814 ट्रान्सफर झाले आहेत, लवकरात लवकर bhtwnsp@okicici वर रिफंड करा.",No,No,No
spam,तुमचे HDFC Bank पर्सनल लोन Rs.561 चे पूर्व-मंजूर आहे. प्रक्रियेसाठी तुमचे बँक खाते आणि आधार तपशील शेअर करा.,No,No,No
spam,"चुकून माझ्या खात्यातून तुमच्या खात्यात Rs.5,233 ट्रान्सफर झाले आहेत, लवकरात लवकर ejukjdi72@okhdfcbank वर रिफंड करा.",No,No,No
spam,"तुमच्या विमा पॉलिसीची मुदतपूर्ती रक्कम Rs.2,970 तयार आहे. पेमेंट मिळवण्यासाठी तुमची बँक पासबुक माहिती पाठवा.",No,No,No
spam,"अभिनंदन, PM Ujjwala Yojana अंतर्गत तुमचा अर्ज Rs.53,945 साठी मंजूर झाला आहे. वितरणासाठी तुमची बँक माहिती पाठवा.",No,No,No
spam,"तुमचे ICICI Bank पर्सनल लोन Rs.36,764 चे पूर्व-मंजूर आहे. प्रक्रियेसाठी तुमचे बँक खाते आणि आधार तपशील शेअर करा.",No,No,No
spam,"हाय, मला वाटते मी दुसऱ्याला पेमेंट करताना चुकून तुम्हाला Rs.726 पाठवले. कृपया knbfac@axl वर परत पाठवा, धन्यवाद.",No,No,No
spam,"माफ करा, मी चुकून चुकीच्या नंबरवर Rs.19,021 ट्रान्सफर केले, हे तुमचे खाते वाटते. कृपया kvkwcs84@okhdfcbank वर परत पाठवा.",No,No,No
spam,"चुकून माझ्या खात्यातून तुमच्या खात्यात Rs.6,121 ट्रान्सफर झाले आहेत, लवकरात लवकर ockwtb68@paytm वर रिफंड करा.",No,No,No
spam,"चुकून माझ्या खात्यातून तुमच्या खात्यात Rs.39,815 ट्रान्सफर झाले आहेत, लवकरात लवकर swyvuyq@ibl वर रिफंड करा.",No,No,No
spam,"Ayushman Bharat: तुमचा शिष्यवृत्ती लाभ Rs.64,782 ट्रान्सफरसाठी तयार आहे. मिळवण्यासाठी तुमची बँक पासबुक माहिती सबमिट करा.",No,No,No
spam,"माफ करा, मी चुकून चुकीच्या नंबरवर Rs.9,523 ट्रान्सफर केले, हे तुमचे खाते वाटते. कृपया odavdk@axl वर परत पाठवा.",No,No,No
spam,"PM Kisan Samman Nidhi अलर्ट: तुम्ही योजनेअंतर्गत Rs.60,771 साठी पात्र आहात. दावा करण्यासाठी तुमचा आधार आणि बँक खाते क्रमांक शेअर करा.",No,No,No
spam,"PMAY: तुमचा शिष्यवृत्ती लाभ Rs.91,388 ट्रान्सफरसाठी तयार आहे. मिळवण्यासाठी तुमची बँक पासबुक माहिती सबमिट करा.",No,No,No
spam,"मी चुकून तुमच्या Amazon Pay वर Rs.5,937 पाठवले, कृपया हे या UPI ID वर परत करा: oejfhacn74@oksbi",No,No,No
spam,"State Scholarship Scheme: तुमचा शिष्यवृत्ती लाभ Rs.7,786 ट्रान्सफरसाठी तयार आहे. मिळवण्यासाठी तुमची बँक पासबुक माहिती सबमिट करा.",No,No,No
spam,"तुम्हाला Infosys सोबत वर्क-फ्रॉम-होम जॉबसाठी निवडले आहे. Rs.71,267 चा जॉइनिंग बोनस मिळवण्यासाठी तुमची बँक माहिती शेअर करा.",No,No,No
spam,"माफ करा, मी चुकून चुकीच्या नंबरवर Rs.719 ट्रान्सफर केले, हे तुमचे खाते वाटते. कृपया vblyvlw10@ybl वर परत पाठवा.",No,No,No
spam,"चुकून माझ्या खात्यातून तुमच्या खात्यात Rs.3,153 ट्रान्सफर झाले आहेत, लवकरात लवकर meadfj@ibl वर रिफंड करा.",No,No,No
spam,"PM Ujjwala Yojana: तुमचा शिष्यवृत्ती लाभ Rs.9,287 ट्रान्सफरसाठी तयार आहे. मिळवण्यासाठी तुमची बँक पासबुक माहिती सबमिट करा.",No,No,No
spam,"तुमच्या विमा पॉलिसीची मुदतपूर्ती रक्कम Rs.50,075 तयार आहे. पेमेंट मिळवण्यासाठी तुमची बँक पासबुक माहिती पाठवा.",No,No,No
spam,"PMAY: तुमचा शिष्यवृत्ती लाभ Rs.53,780 ट्रान्सफरसाठी तयार आहे. मिळवण्यासाठी तुमची बँक पासबुक माहिती सबमिट करा.",No,No,No
spam,"LPG Subsidy Scheme: तुमचा शिष्यवृत्ती लाभ Rs.21,621 ट्रान्सफरसाठी तयार आहे. मिळवण्यासाठी तुमची बँक पासबुक माहिती सबमिट करा.",No,No,No
spam,"हाय, मला वाटते मी दुसऱ्याला पेमेंट करताना चुकून तुम्हाला Rs.8,314 पाठवले. कृपया rqsgbd91@oksbi वर परत पाठवा, धन्यवाद.",No,No,No
spam,"PM Kisan Samman Nidhi: तुमचा शिष्यवृत्ती लाभ Rs.73,373 ट्रान्सफरसाठी तयार आहे. मिळवण्यासाठी तुमची बँक पासबुक माहिती सबमिट करा.",No,No,No
spam,LPG Subsidy Scheme: तुमचा शिष्यवृत्ती लाभ Rs.513 ट्रान्सफरसाठी तयार आहे. मिळवण्यासाठी तुमची बँक पासबुक माहिती सबमिट करा.,No,No,No
spam,"तुम्हाला Wipro सोबत वर्क-फ्रॉम-होम जॉबसाठी निवडले आहे. Rs.79,235 चा जॉइनिंग बोनस मिळवण्यासाठी तुमची बँक माहिती शेअर करा.",No,No,No
spam,"अभिनंदन, PMAY अंतर्गत तुमचा अर्ज Rs.515 साठी मंजूर झाला आहे. वितरणासाठी तुमची बँक माहिती पाठवा.",No,No,No
spam,"चुकून माझ्या खात्यातून तुमच्या खात्यात Rs.9,381 ट्रान्सफर झाले आहेत, लवकरात लवकर zkeodex64@axl वर रिफंड करा.",No,No,No
spam,"तुम्हाला Infosys सोबत वर्क-फ्रॉम-होम जॉबसाठी निवडले आहे. Rs.64,996 चा जॉइनिंग बोनस मिळवण्यासाठी तुमची बँक माहिती शेअर करा.",No,No,No
spam,"चुकून माझ्या खात्यातून तुमच्या खात्यात Rs.983 ट्रान्सफर झाले आहेत, लवकरात लवकर qdmot@axl वर रिफंड करा.",No,No,No
spam,"माफ करा, मी चुकून चुकीच्या नंबरवर Rs.6,661 ट्रान्सफर केले, हे तुमचे खाते वाटते. कृपया ckpxa28@okicici वर परत पाठवा.",No,No,No
spam,"तुमच्या विमा पॉलिसीची मुदतपूर्ती रक्कम Rs.26,796 तयार आहे. पेमेंट मिळवण्यासाठी तुमची बँक पासबुक माहिती पाठवा.",No,No,No
spam,"मी चुकून तुमच्या Amazon Pay वर Rs.72,583 पाठवले, कृपया हे या UPI ID वर परत करा: mpprs@okicici",No,No,No
spam,तुम्हाला Flipkart सोबत वर्क-फ्रॉम-होम जॉबसाठी निवडले आहे. Rs.528 चा जॉइनिंग बोनस मिळवण्यासाठी तुमची बँक माहिती शेअर करा.,No,No,No
spam,तुमचे Kotak Mahindra Bank पर्सनल लोन Rs.523 चे पूर्व-मंजूर आहे. प्रक्रियेसाठी तुमचे बँक खाते आणि आधार तपशील शेअर करा.,No,No,No
spam,"माफ करा, मी चुकून चुकीच्या नंबरवर Rs.65,465 ट्रान्सफर केले, हे तुमचे खाते वाटते. कृपया dbizmst94@okhdfcbank वर परत पाठवा.",No,No,No
spam,"हाय, मला वाटते मी दुसऱ्याला पेमेंट करताना चुकून तुम्हाला Rs.3,395 पाठवले. कृपया foesexhe87@paytm वर परत पाठवा, धन्यवाद.",No,No,No
spam,"मी चुकून तुमच्या Paytm वर Rs.45,941 पाठवले, कृपया हे या UPI ID वर परत करा: vxhopjcg74@okhdfcbank",No,No,No
spam,"चुकून माझ्या खात्यातून तुमच्या खात्यात Rs.91,697 ट्रान्सफर झाले आहेत, लवकरात लवकर myfanlbq@oksbi वर रिफंड करा.",No,No,No
spam,"हाय, मला वाटते मी दुसऱ्याला पेमेंट करताना चुकून तुम्हाला Rs.31,799 पाठवले. कृपया hyavtezw15@oksbi वर परत पाठवा, धन्यवाद.",No,No,No
spam,"माफ करा, मी चुकून चुकीच्या नंबरवर Rs.48,505 ट्रान्सफर केले, हे तुमचे खाते वाटते. कृपया pbycwri66@paytm वर परत पाठवा.",No,No,No
spam,"PMAY: तुमचा शिष्यवृत्ती लाभ Rs.71,058 ट्रान्सफरसाठी तयार आहे. मिळवण्यासाठी तुमची बँक पासबुक माहिती सबमिट करा.",No,No,No
spam,"PM Ujjwala Yojana: तुमचा शिष्यवृत्ती लाभ Rs.2,185 ट्रान्सफरसाठी तयार आहे. मिळवण्यासाठी तुमची बँक पासबुक माहिती सबमिट करा.",No,No,No
spam,"माफ करा, मी चुकून चुकीच्या नंबरवर Rs.81,134 ट्रान्सफर केले, हे तुमचे खाते वाटते. कृपया rvgvloy@ybl वर परत पाठवा.",No,No,No
spam,"हाय, मला वाटते मी दुसऱ्याला पेमेंट करताना चुकून तुम्हाला Rs.846 पाठवले. कृपया dvphgb@ibl वर परत पाठवा, धन्यवाद.",No,No,No
spam,"अभिनंदन, PM Kisan Samman Nidhi अंतर्गत तुमचा अर्ज Rs.3,447 साठी मंजूर झाला आहे. वितरणासाठी तुमची बँक माहिती पाठवा.",No,No,No
spam,PMAY अलर्ट: तुम्ही योजनेअंतर्गत Rs.840 साठी पात्र आहात. दावा करण्यासाठी तुमचा आधार आणि बँक खाते क्रमांक शेअर करा.,No,No,No
spam,"मी चुकून तुमच्या PhonePe वर Rs.9,096 पाठवले, कृपया हे या UPI ID वर परत करा: xbyan@oksbi",No,No,No
spam,तुमच्या विमा पॉलिसीची मुदतपूर्ती रक्कम Rs.809 तयार आहे. पेमेंट मिळवण्यासाठी तुमची बँक पासबुक माहिती पाठवा.,No,No,No
spam,"Ayushman Bharat अलर्ट: तुम्ही योजनेअंतर्गत Rs.78,058 साठी पात्र आहात. दावा करण्यासाठी तुमचा आधार आणि बँक खाते क्रमांक शेअर करा.",No,No,No
spam,"हाय, मला वाटते मी दुसऱ्याला पेमेंट करताना चुकून तुम्हाला Rs.91,724 पाठवले. कृपया osgbgoib@okhdfcbank वर परत पाठवा, धन्यवाद.",No,No,No
spam,Ayushman Bharat: तुमचा शिष्यवृत्ती लाभ Rs.682 ट्रान्सफरसाठी तयार आहे. मिळवण्यासाठी तुमची बँक पासबुक माहिती सबमिट करा.,No,No,No
spam,"चुकून माझ्या खात्यातून तुमच्या खात्यात Rs.5,305 ट्रान्सफर झाले आहेत, लवकरात लवकर vwavve59@paytm वर रिफंड करा.",No,No,No
spam,"तुम्हाला TCS सोबत वर्क-फ्रॉम-होम जॉबसाठी निवडले आहे. Rs.15,882 चा जॉइनिंग बोनस मिळवण्यासाठी तुमची बँक माहिती शेअर करा.",No,No,No
spam,"हाय, मला वाटते मी दुसऱ्याला पेमेंट करताना चुकून तुम्हाला Rs.846 पाठवले. कृपया wzaxlaj75@axl वर परत पाठवा, धन्यवाद.",No,No,No
spam,"PM Kisan Samman Nidhi अलर्ट: तुम्ही योजनेअंतर्गत Rs.5,770 साठी पात्र आहात. दावा करण्यासाठी तुमचा आधार आणि बँक खाते क्रमांक शेअर करा.",No,No,No
spam,"माफ करा, मी चुकून चुकीच्या नंबरवर Rs.86,132 ट्रान्सफर केले, हे तुमचे खाते वाटते. कृपया uofxiqyp@oksbi वर परत पाठवा.",No,No,No
spam,"हाय, मला वाटते मी दुसऱ्याला पेमेंट करताना चुकून तुम्हाला Rs.5,144 पाठवले. कृपया ztunxyy@oksbi वर परत पाठवा, धन्यवाद.",No,No,No
spam,"अभिनंदन, PMAY अंतर्गत तुमचा अर्ज Rs.888 साठी मंजूर झाला आहे. वितरणासाठी तुमची बँक माहिती पाठवा.",No,No,No
spam,"मी चुकून तुमच्या Amazon Pay वर Rs.12,383 पाठवले, कृपया हे या UPI ID वर परत करा: merjg@okicici",No,No,No
spam,तुम्हाला Flipkart सोबत वर्क-फ्रॉम-होम जॉबसाठी निवडले आहे. Rs.659 चा जॉइनिंग बोनस मिळवण्यासाठी तुमची बँक माहिती शेअर करा.,No,No,No
spam,"माफ करा, मी चुकून चुकीच्या नंबरवर Rs.527 ट्रान्सफर केले, हे तुमचे खाते वाटते. कृपया nzmuajz@okicici वर परत पाठवा.",No,No,No
spam,"माफ करा, मी चुकून चुकीच्या नंबरवर Rs.1,351 ट्रान्सफर केले, हे तुमचे खाते वाटते. कृपया ttejfgjl30@ibl वर परत पाठवा.",No,No,No
spam,"माफ करा, मी चुकून चुकीच्या नंबरवर Rs.89,857 ट्रान्सफर केले, हे तुमचे खाते वाटते. कृपया vnaghpft@ybl वर परत पाठवा.",No,No,No
spam,"तुम्हाला Wipro सोबत वर्क-फ्रॉम-होम जॉबसाठी निवडले आहे. Rs.58,446 चा जॉइनिंग बोनस मिळवण्यासाठी तुमची बँक माहिती शेअर करा.",No,No,No
spam,PM Ujjwala Yojana: तुमचा शिष्यवृत्ती लाभ Rs.579 ट्रान्सफरसाठी तयार आहे. मिळवण्यासाठी तुमची बँक पासबुक माहिती सबमिट करा.,No,No,No
spam,"PM Kisan Samman Nidhi अलर्ट: तुम्ही योजनेअंतर्गत Rs.87,592 साठी पात्र आहात. दावा करण्यासाठी तुमचा आधार आणि बँक खाते क्रमांक शेअर करा.",No,No,No
spam,"मी चुकून तुमच्या Google Pay वर Rs.5,475 पाठवले, कृपया हे या UPI ID वर परत करा: kvrwzzfh@oksbi",No,No,No
spam,"तुमचे Punjab National Bank पर्सनल लोन Rs.2,991 चे पूर्व-मंजूर आहे. प्रक्रियेसाठी तुमचे बँक खाते आणि आधार तपशील शेअर करा.",No,No,No
spam,तुम्हाला Amazon सोबत वर्क-फ्रॉम-होम जॉबसाठी निवडले आहे. Rs.532 चा जॉइनिंग बोनस मिळवण्यासाठी तुमची बँक माहिती शेअर करा.,No,No,No
spam,तुमचे Punjab National Bank पर्सनल लोन Rs.860 चे पूर्व-मंजूर आहे. प्रक्रियेसाठी तुमचे बँक खाते आणि आधार तपशील शेअर करा.,No,No,No
spam,तुम्हाला Amazon सोबत वर्क-फ्रॉम-होम जॉबसाठी निवडले आहे. Rs.763 चा जॉइनिंग बोनस मिळवण्यासाठी तुमची बँक माहिती शेअर करा.,No,No,No
spam,"चुकून माझ्या खात्यातून तुमच्या खात्यात Rs.913 ट्रान्सफर झाले आहेत, लवकरात लवकर tdtcomd@okicici वर रिफंड करा.",No,No,No
spam,"चुकून माझ्या खात्यातून तुमच्या खात्यात Rs.8,158 ट्रान्सफर झाले आहेत, लवकरात लवकर jlqak@ybl वर रिफंड करा.",No,No,No
spam,State Scholarship Scheme: तुमचा शिष्यवृत्ती लाभ Rs.611 ट्रान्सफरसाठी तयार आहे. मिळवण्यासाठी तुमची बँक पासबुक माहिती सबमिट करा.,No,No,No
spam,"तुमच्या विमा पॉलिसीची मुदतपूर्ती रक्कम Rs.4,059 तयार आहे. पेमेंट मिळवण्यासाठी तुमची बँक पासबुक माहिती पाठवा.",No,No,No
spam,"अभिनंदन, PMAY अंतर्गत तुमचा अर्ज Rs.21,209 साठी मंजूर झाला आहे. वितरणासाठी तुमची बँक माहिती पाठवा.",No,No,No
spam,"माफ करा, मी चुकून चुकीच्या नंबरवर Rs.2,918 ट्रान्सफर केले, हे तुमचे खाते वाटते. कृपया sxfxs72@ibl वर परत पाठवा.",No,No,No
spam,"तुमच्या विमा पॉलिसीची मुदतपूर्ती रक्कम Rs.5,485 तयार आहे. पेमेंट मिळवण्यासाठी तुमची बँक पासबुक माहिती पाठवा.",No,No,No
spam,"Ayushman Bharat अलर्ट: तुम्ही योजनेअंतर्गत Rs.12,043 साठी पात्र आहात. दावा करण्यासाठी तुमचा आधार आणि बँक खाते क्रमांक शेअर करा.",No,No,No
spam,Ayushman Bharat: तुमचा शिष्यवृत्ती लाभ Rs.567 ट्रान्सफरसाठी तयार आहे. मिळवण्यासाठी तुमची बँक पासबुक माहिती सबमिट करा.,No,No,No
spam,"मी चुकून तुमच्या Paytm वर Rs.790 पाठवले, कृपया हे या UPI ID वर परत करा: wpnemcg17@ybl",No,No,No
spam,तुमचे Kotak Mahindra Bank पर्सनल लोन Rs.710 चे पूर्व-मंजूर आहे. प्रक्रियेसाठी तुमचे बँक खाते आणि आधार तपशील शेअर करा.,No,No,No
spam,"Ayushman Bharat: तुमचा शिष्यवृत्ती लाभ Rs.4,017 ट्रान्सफरसाठी तयार आहे. मिळवण्यासाठी तुमची बँक पासबुक माहिती सबमिट करा.",No,No,No
spam,"माफ करा, मी चुकून चुकीच्या नंबरवर Rs.5,513 ट्रान्सफर केले, हे तुमचे खाते वाटते. कृपया ljihk96@axl वर परत पाठवा.",No,No,No
spam,तुम्हाला TCS सोबत वर्क-फ्रॉम-होम जॉबसाठी निवडले आहे. Rs.748 चा जॉइनिंग बोनस मिळवण्यासाठी तुमची बँक माहिती शेअर करा.,No,No,No
spam,LPG Subsidy Scheme अलर्ट: तुम्ही योजनेअंतर्गत Rs.757 साठी पात्र आहात. दावा करण्यासाठी तुमचा आधार आणि बँक खाते क्रमांक शेअर करा.,No,No,No
spam,तुमचे HDFC Bank पर्सनल लोन Rs.763 चे पूर्व-मंजूर आहे. प्रक्रियेसाठी तुमचे बँक खाते आणि आधार तपशील शेअर करा.,No,No,No
spam,"PM Ujjwala Yojana अलर्ट: तुम्ही योजनेअंतर्गत Rs.8,338 साठी पात्र आहात. दावा करण्यासाठी तुमचा आधार आणि बँक खाते क्रमांक शेअर करा.",No,No,No
spam,"तुमच्या विमा पॉलिसीची मुदतपूर्ती रक्कम Rs.5,803 तयार आहे. पेमेंट मिळवण्यासाठी तुमची बँक पासबुक माहिती पाठवा.",No,No,No
spam,"हाय, मला वाटते मी दुसऱ्याला पेमेंट करताना चुकून तुम्हाला Rs.598 पाठवले. कृपया lxfuxqn45@okicici वर परत पाठवा, धन्यवाद.",No,No,No
spam,"माफ करा, मी चुकून चुकीच्या नंबरवर Rs.60,667 ट्रान्सफर केले, हे तुमचे खाते वाटते. कृपया msatz@oksbi वर परत पाठवा.",No,No,No
spam,तुम्हाला HCL सोबत वर्क-फ्रॉम-होम जॉबसाठी निवडले आहे. Rs.763 चा जॉइनिंग बोनस मिळवण्यासाठी तुमची बँक माहिती शेअर करा.,No,No,No
spam,"माफ करा, मी चुकून चुकीच्या नंबरवर Rs.14,280 ट्रान्सफर केले, हे तुमचे खाते वाटते. कृपया ogofe@okhdfcbank वर परत पाठवा.",No,No,No
spam,"माफ करा, मी चुकून चुकीच्या नंबरवर Rs.650 ट्रान्सफर केले, हे तुमचे खाते वाटते. कृपया pbymclvy@ybl वर परत पाठवा.",No,No,No
spam,"Post Matric Scholarship: तुमचा शिष्यवृत्ती लाभ Rs.76,334 ट्रान्सफरसाठी तयार आहे. मिळवण्यासाठी तुमची बँक पासबुक माहिती सबमिट करा.",No,No,No
spam,"अभिनंदन, Post Matric Scholarship अंतर्गत तुमचा अर्ज Rs.856 साठी मंजूर झाला आहे. वितरणासाठी तुमची बँक माहिती पाठवा.",No,No,No
spam,"PMAY: तुमचा शिष्यवृत्ती लाभ Rs.7,942 ट्रान्सफरसाठी तयार आहे. मिळवण्यासाठी तुमची बँक पासबुक माहिती सबमिट करा.",No,No,No
spam,"माफ करा, मी चुकून चुकीच्या नंबरवर Rs.31,723 ट्रान्सफर केले, हे तुमचे खाते वाटते. कृपया wetyx@ybl वर परत पाठवा.",No,No,No
spam,"तुम्हाला Infosys सोबत वर्क-फ्रॉम-होम जॉबसाठी निवडले आहे. Rs.79,915 चा जॉइनिंग बोनस मिळवण्यासाठी तुमची बँक माहिती शेअर करा.",No,No,No
spam,"PM Kisan Samman Nidhi अलर्ट: तुम्ही योजनेअंतर्गत Rs.54,921 साठी पात्र आहात. दावा करण्यासाठी तुमचा आधार आणि बँक खाते क्रमांक शेअर करा.",No,No,No
spam,"मी चुकून तुमच्या Paytm वर Rs.7,477 पाठवले, कृपया हे या UPI ID वर परत करा: tmzbu41@axl",No,No,No
spam,"चुकून माझ्या खात्यातून तुमच्या खात्यात Rs.2,253 ट्रान्सफर झाले आहेत, लवकरात लवकर gsras76@oksbi वर रिफंड करा.",No,No,No
spam,"PM Ujjwala Yojana अलर्ट: तुम्ही योजनेअंतर्गत Rs.8,615 साठी पात्र आहात. दावा करण्यासाठी तुमचा आधार आणि बँक खाते क्रमांक शेअर करा.",No,No,No
spam,"हाय, मला वाटते मी दुसऱ्याला पेमेंट करताना चुकून तुम्हाला Rs.823 पाठवले. कृपया jwxcrw61@ibl वर परत पाठवा, धन्यवाद.",No,No,No
spam,"तुमच्या विमा पॉलिसीची मुदतपूर्ती रक्कम Rs.70,799 तयार आहे. पेमेंट मिळवण्यासाठी तुमची बँक पासबुक माहिती पाठवा.",No,No,No
spam,"माफ करा, मी चुकून चुकीच्या नंबरवर Rs.983 ट्रान्सफर केले, हे तुमचे खाते वाटते. कृपया eciid82@okicici वर परत पाठवा.",No,No,No
spam,"मी चुकून तुमच्या Google Pay वर Rs.82,128 पाठवले, कृपया हे या UPI ID वर परत करा: rakkzrbz@oksbi",No,No,No
spam,तुमच्या विमा पॉलिसीची मुदतपूर्ती रक्कम Rs.598 तयार आहे. पेमेंट मिळवण्यासाठी तुमची बँक पासबुक माहिती पाठवा.,No,No,No
spam,"अभिनंदन, Ayushman Bharat अंतर्गत तुमचा अर्ज Rs.84,488 साठी मंजूर झाला आहे. वितरणासाठी तुमची बँक माहिती पाठवा.",No,No,No
spam,"तुम्हाला Flipkart सोबत वर्क-फ्रॉम-होम जॉबसाठी निवडले आहे. Rs.9,576 चा जॉइनिंग बोनस मिळवण्यासाठी तुमची बँक माहिती शेअर करा.",No,No,No
spam,"तुमच्या विमा पॉलिसीची मुदतपूर्ती रक्कम Rs.4,278 तयार आहे. पेमेंट मिळवण्यासाठी तुमची बँक पासबुक माहिती पाठवा.",No,No,No
spam,तुम्हाला HCL सोबत वर्क-फ्रॉम-होम जॉबसाठी निवडले आहे. Rs.741 चा जॉइनिंग बोनस मिळवण्यासाठी तुमची बँक माहिती शेअर करा.,No,No,No
spam,"चुकून माझ्या खात्यातून तुमच्या खात्यात Rs.4,946 ट्रान्सफर झाले आहेत, लवकरात लवकर itlbwu30@okicici वर रिफंड करा.",No,No,No
spam,"माफ करा, मी चुकून चुकीच्या नंबरवर Rs.1,133 ट्रान्सफर केले, हे तुमचे खाते वाटते. कृपया lbwpb@okhdfcbank वर परत पाठवा.",No,No,No
spam,"तुमच्या विमा पॉलिसीची मुदतपूर्ती रक्कम Rs.9,521 तयार आहे. पेमेंट मिळवण्यासाठी तुमची बँक पासबुक माहिती पाठवा.",No,No,No
spam,PM Ujjwala Yojana अलर्ट: तुम्ही योजनेअंतर्गत Rs.746 साठी पात्र आहात. दावा करण्यासाठी तुमचा आधार आणि बँक खाते क्रमांक शेअर करा.,No,No,No
spam,"PM Kisan Samman Nidhi: तुमचा शिष्यवृत्ती लाभ Rs.5,160 ट्रान्सफरसाठी तयार आहे. मिळवण्यासाठी तुमची बँक पासबुक माहिती सबमिट करा.",No,No,No
spam,"मी चुकून तुमच्या PhonePe वर Rs.920 पाठवले, कृपया हे या UPI ID वर परत करा: etpuvvm69@okhdfcbank",No,No,No
spam,"मी चुकून तुमच्या Paytm वर Rs.67,885 पाठवले, कृपया हे या UPI ID वर परत करा: ualduzh65@ibl",No,No,No
spam,"तुमचे SBI पर्सनल लोन Rs.8,525 चे पूर्व-मंजूर आहे. प्रक्रियेसाठी तुमचे बँक खाते आणि आधार तपशील शेअर करा.",No,No,No
spam,तुमच्या विमा पॉलिसीची मुदतपूर्ती रक्कम Rs.872 तयार आहे. पेमेंट मिळवण्यासाठी तुमची बँक पासबुक माहिती पाठवा.,No,No,No
spam,"तुमच्या विमा पॉलिसीची मुदतपूर्ती रक्कम Rs.1,045 तयार आहे. पेमेंट मिळवण्यासाठी तुमची बँक पासबुक माहिती पाठवा.",No,No,No
spam,"Post Matric Scholarship: तुमचा शिष्यवृत्ती लाभ Rs.5,411 ट्रान्सफरसाठी तयार आहे. मिळवण्यासाठी तुमची बँक पासबुक माहिती सबमिट करा.",No,No,No
spam,"तुम्हाला HCL सोबत वर्क-फ्रॉम-होम जॉबसाठी निवडले आहे. Rs.8,969 चा जॉइनिंग बोनस मिळवण्यासाठी तुमची बँक माहिती शेअर करा.",No,No,No
spam,"माफ करा, मी चुकून चुकीच्या नंबरवर Rs.57,619 ट्रान्सफर केले, हे तुमचे खाते वाटते. कृपया dtfwl@okhdfcbank वर परत पाठवा.",No,No,No
spam,"मी चुकून तुमच्या Paytm वर Rs.1,049 पाठवले, कृपया हे या UPI ID वर परत करा: kvickdc@oksbi",No,No,No
spam,"अभिनंदन, LPG Subsidy Scheme अंतर्गत तुमचा अर्ज Rs.77,978 साठी मंजूर झाला आहे. वितरणासाठी तुमची बँक माहिती पाठवा.",No,No,No
spam,तुमच्या विमा पॉलिसीची मुदतपूर्ती रक्कम Rs.849 तयार आहे. पेमेंट मिळवण्यासाठी तुमची बँक पासबुक माहिती पाठवा.,No,No,No
spam,"अभिनंदन, PM Kisan Samman Nidhi अंतर्गत तुमचा अर्ज Rs.895 साठी मंजूर झाला आहे. वितरणासाठी तुमची बँक माहिती पाठवा.",No,No,No
spam,"चुकून माझ्या खात्यातून तुमच्या खात्यात Rs.80,400 ट्रान्सफर झाले आहेत, लवकरात लवकर dxuuv83@paytm वर रिफंड करा.",No,No,No
spam,"Post Matric Scholarship: तुमचा शिष्यवृत्ती लाभ Rs.2,999 ट्रान्सफरसाठी तयार आहे. मिळवण्यासाठी तुमची बँक पासबुक माहिती सबमिट करा.",No,No,No
spam,"चुकून माझ्या खात्यातून तुमच्या खात्यात Rs.46,089 ट्रान्सफर झाले आहेत, लवकरात लवकर zcumc@ibl वर रिफंड करा.",No,No,No
spam,"तुम्हाला HCL सोबत वर्क-फ्रॉम-होम जॉबसाठी निवडले आहे. Rs.66,127 चा जॉइनिंग बोनस मिळवण्यासाठी तुमची बँक माहिती शेअर करा.",No,No,No
spam,"मी चुकून तुमच्या Google Pay वर Rs.4,445 पाठवले, कृपया हे या UPI ID वर परत करा: tegyiaku@ybl",No,No,No
spam,तुम्हाला Amazon सोबत वर्क-फ्रॉम-होम जॉबसाठी निवडले आहे. Rs.833 चा जॉइनिंग बोनस मिळवण्यासाठी तुमची बँक माहिती शेअर करा.,No,No,No
spam,तुमच्या विमा पॉलिसीची मुदतपूर्ती रक्कम Rs.847 तयार आहे. पेमेंट मिळवण्यासाठी तुमची बँक पासबुक माहिती पाठवा.,No,No,No
spam,"माफ करा, मी चुकून चुकीच्या नंबरवर Rs.998 ट्रान्सफर केले, हे तुमचे खाते वाटते. कृपया mvnzn96@ybl वर परत पाठवा.",No,No,No
spam,तुमच्या विमा पॉलिसीची मुदतपूर्ती रक्कम Rs.716 तयार आहे. पेमेंट मिळवण्यासाठी तुमची बँक पासबुक माहिती पाठवा.,No,No,No
spam,"अभिनंदन, State Scholarship Scheme अंतर्गत तुमचा अर्ज Rs.639 साठी मंजूर झाला आहे. वितरणासाठी तुमची बँक माहिती पाठवा.",No,No,No
spam,"माफ करा, मी चुकून चुकीच्या नंबरवर Rs.717 ट्रान्सफर केले, हे तुमचे खाते वाटते. कृपया wlvouae10@ybl वर परत पाठवा.",No,No,No
spam,"अभिनंदन, State Scholarship Scheme अंतर्गत तुमचा अर्ज Rs.8,794 साठी मंजूर झाला आहे. वितरणासाठी तुमची बँक माहिती पाठवा.",No,No,No
spam,"मी चुकून तुमच्या Amazon Pay वर Rs.65,964 पाठवले, कृपया हे या UPI ID वर परत करा: felad79@okhdfcbank",No,No,No
spam,"Ayushman Bharat अलर्ट: तुम्ही योजनेअंतर्गत Rs.4,791 साठी पात्र आहात. दावा करण्यासाठी तुमचा आधार आणि बँक खाते क्रमांक शेअर करा.",No,No,No
spam,"तुमचे Bank of Baroda पर्सनल लोन Rs.6,340 चे पूर्व-मंजूर आहे. प्रक्रियेसाठी तुमचे बँक खाते आणि आधार तपशील शेअर करा.",No,No,No
spam,"Ayushman Bharat: तुमचा शिष्यवृत्ती लाभ Rs.74,323 ट्रान्सफरसाठी तयार आहे. मिळवण्यासाठी तुमची बँक पासबुक माहिती सबमिट करा.",No,No,No
spam,"State Scholarship Scheme अलर्ट: तुम्ही योजनेअंतर्गत Rs.1,389 साठी पात्र आहात. दावा करण्यासाठी तुमचा आधार आणि बँक खाते क्रमांक शेअर करा.",No,No,No
spam,LPG Subsidy Scheme: तुमचा शिष्यवृत्ती लाभ Rs.695 ट्रान्सफरसाठी तयार आहे. मिळवण्यासाठी तुमची बँक पासबुक माहिती सबमिट करा.,No,No,No
spam,LPG Subsidy Scheme अलर्ट: तुम्ही योजनेअंतर्गत Rs.638 साठी पात्र आहात. दावा करण्यासाठी तुमचा आधार आणि बँक खाते क्रमांक शेअर करा.,No,No,No
spam,"तुम्हाला Infosys सोबत वर्क-फ्रॉम-होम जॉबसाठी निवडले आहे. Rs.1,994 चा जॉइनिंग बोनस मिळवण्यासाठी तुमची बँक माहिती शेअर करा.",No,No,No
spam,"मी चुकून तुमच्या Amazon Pay वर Rs.5,099 पाठवले, कृपया हे या UPI ID वर परत करा: ryqmq44@ibl",No,No,No
spam,"हाय, मला वाटते मी दुसऱ्याला पेमेंट करताना चुकून तुम्हाला Rs.9,087 पाठवले. कृपया jgoxgcb65@ybl वर परत पाठवा, धन्यवाद.",No,No,No
spam,"तुमच्या विमा पॉलिसीची मुदतपूर्ती रक्कम Rs.5,740 तयार आहे. पेमेंट मिळवण्यासाठी तुमची बँक पासबुक माहिती पाठवा.",No,No,No
spam,"तुमचे ICICI Bank पर्सनल लोन Rs.19,730 चे पूर्व-मंजूर आहे. प्रक्रियेसाठी तुमचे बँक खाते आणि आधार तपशील शेअर करा.",No,No,No
spam,"मी चुकून तुमच्या Google Pay वर Rs.59,988 पाठवले, कृपया हे या UPI ID वर परत करा: kblsra73@okhdfcbank",No,No,No
spam,"तुमचे ICICI Bank पर्सनल लोन Rs.64,285 चे पूर्व-मंजूर आहे. प्रक्रियेसाठी तुमचे बँक खाते आणि आधार तपशील शेअर करा.",No,No,No
spam,"तुम्हाला Reliance सोबत वर्क-फ्रॉम-होम जॉबसाठी निवडले आहे. Rs.83,011 चा जॉइनिंग बोनस मिळवण्यासाठी तुमची बँक माहिती शेअर करा.",No,No,No
spam,"हाय, मला वाटते मी दुसऱ्याला पेमेंट करताना चुकून तुम्हाला Rs.79,865 पाठवले. कृपया fuobpmi34@ybl वर परत पाठवा, धन्यवाद.",No,No,No
spam,"मी चुकून तुमच्या PhonePe वर Rs.823 पाठवले, कृपया हे या UPI ID वर परत करा: ruuhk@okicici",No,No,No
spam,"हाय, मला वाटते मी दुसऱ्याला पेमेंट करताना चुकून तुम्हाला Rs.21,878 पाठवले. कृपया vhnqa40@okhdfcbank वर परत पाठवा, धन्यवाद.",No,No,No
spam,"तुमचे SBI पर्सनल लोन Rs.1,499 चे पूर्व-मंजूर आहे. प्रक्रियेसाठी तुमचे बँक खाते आणि आधार तपशील शेअर करा.",No,No,No
spam,"माफ करा, मी चुकून चुकीच्या नंबरवर Rs.1,757 ट्रान्सफर केले, हे तुमचे खाते वाटते. कृपया sexyy@okicici वर परत पाठवा.",No,No,No
spam,"तुमच्या विमा पॉलिसीची मुदतपूर्ती रक्कम Rs.6,553 तयार आहे. पेमेंट मिळवण्यासाठी तुमची बँक पासबुक माहिती पाठवा.",No,No,No
spam,"माफ करा, मी चुकून चुकीच्या नंबरवर Rs.23,378 ट्रान्सफर केले, हे तुमचे खाते वाटते. कृपया ahskbr@okhdfcbank वर परत पाठवा.",No,No,No
spam,"तुमच्या विमा पॉलिसीची मुदतपूर्ती रक्कम Rs.45,155 तयार आहे. पेमेंट मिळवण्यासाठी तुमची बँक पासबुक माहिती पाठवा.",No,No,No
spam,"मी चुकून तुमच्या Amazon Pay वर Rs.14,567 पाठवले, कृपया हे या UPI ID वर परत करा: ymchblic@ybl",No,No,No
spam,"चुकून माझ्या खात्यातून तुमच्या खात्यात Rs.3,213 ट्रान्सफर झाले आहेत, लवकरात लवकर pufpg51@okicici वर रिफंड करा.",No,No,No
spam,"तुमचे Punjab National Bank पर्सनल लोन Rs.7,193 चे पूर्व-मंजूर आहे. प्रक्रियेसाठी तुमचे बँक खाते आणि आधार तपशील शेअर करा.",No,No,No
spam,"हाय, मला वाटते मी दुसऱ्याला पेमेंट करताना चुकून तुम्हाला Rs.99,941 पाठवले. कृपया lehgxb73@ibl वर परत पाठवा, धन्यवाद.",No,No,No
spam,"हाय, मला वाटते मी दुसऱ्याला पेमेंट करताना चुकून तुम्हाला Rs.14,718 पाठवले. कृपया xbnvtage86@ibl वर परत पाठवा, धन्यवाद.",No,No,No
spam,"मी चुकून तुमच्या PhonePe वर Rs.805 पाठवले, कृपया हे या UPI ID वर परत करा: lyztbnm96@ibl",No,No,No
spam,"तुमचे Kotak Mahindra Bank पर्सनल लोन Rs.88,274 चे पूर्व-मंजूर आहे. प्रक्रियेसाठी तुमचे बँक खाते आणि आधार तपशील शेअर करा.",No,No,No
spam,"मी चुकून तुमच्या Google Pay वर Rs.66,048 पाठवले, कृपया हे या UPI ID वर परत करा: eypud@oksbi",No,No,No
spam,"तुमच्या विमा पॉलिसीची मुदतपूर्ती रक्कम Rs.44,404 तयार आहे. पेमेंट मिळवण्यासाठी तुमची बँक पासबुक माहिती पाठवा.",No,No,No
spam,"माफ करा, मी चुकून चुकीच्या नंबरवर Rs.1,092 ट्रान्सफर केले, हे तुमचे खाते वाटते. कृपया wvukmc@paytm वर परत पाठवा.",No,No,No
spam,तुम्हाला Reliance सोबत वर्क-फ्रॉम-होम जॉबसाठी निवडले आहे. Rs.882 चा जॉइनिंग बोनस मिळवण्यासाठी तुमची बँक माहिती शेअर करा.,No,No,No
spam,तुम्हाला Flipkart सोबत वर्क-फ्रॉम-होम जॉबसाठी निवडले आहे. Rs.663 चा जॉइनिंग बोनस मिळवण्यासाठी तुमची बँक माहिती शेअर करा.,No,No,No
spam,"माफ करा, मी चुकून चुकीच्या नंबरवर Rs.99,473 ट्रान्सफर केले, हे तुमचे खाते वाटते. कृपया yfhqadov28@ibl वर परत पाठवा.",No,No,No
spam,"हाय, मला वाटते मी दुसऱ्याला पेमेंट करताना चुकून तुम्हाला Rs.924 पाठवले. कृपया mnswhqpz@okicici वर परत पाठवा, धन्यवाद.",No,No,No
spam,PM Kisan Samman Nidhi: तुमचा शिष्यवृत्ती लाभ Rs.813 ट्रान्सफरसाठी तयार आहे. मिळवण्यासाठी तुमची बँक पासबुक माहिती सबमिट करा.,No,No,No
spam,"National Scholarship Portal अलर्ट: तुम्ही योजनेअंतर्गत Rs.6,185 साठी पात्र आहात. दावा करण्यासाठी तुमचा आधार आणि बँक खाते क्रमांक शेअर करा.",No,No,No
spam,"माफ करा, मी चुकून चुकीच्या नंबरवर Rs.962 ट्रान्सफर केले, हे तुमचे खाते वाटते. कृपया ujlrvplj@okicici वर परत पाठवा.",No,No,No
spam,"चुकून माझ्या खात्यातून तुमच्या खात्यात Rs.8,299 ट्रान्सफर झाले आहेत, लवकरात लवकर rraxawn@ybl वर रिफंड करा.",No,No,No
spam,"PMAY अलर्ट: तुम्ही योजनेअंतर्गत Rs.6,531 साठी पात्र आहात. दावा करण्यासाठी तुमचा आधार आणि बँक खाते क्रमांक शेअर करा.",No,No,No
spam,"तुम्हाला Wipro सोबत वर्क-फ्रॉम-होम जॉबसाठी निवडले आहे. Rs.2,288 चा जॉइनिंग बोनस मिळवण्यासाठी तुमची बँक माहिती शेअर करा.",No,No,No
spam,"तुम्हाला Infosys सोबत वर्क-फ्रॉम-होम जॉबसाठी निवडले आहे. Rs.32,791 चा जॉइनिंग बोनस मिळवण्यासाठी तुमची बँक माहिती शेअर करा.",No,No,No
spam,"तुम्हाला HCL सोबत वर्क-फ्रॉम-होम जॉबसाठी निवडले आहे. Rs.90,039 चा जॉइनिंग बोनस मिळवण्यासाठी तुमची बँक माहिती शेअर करा.",No,No,No
spam,"मी चुकून तुमच्या Amazon Pay वर Rs.821 पाठवले, कृपया हे या UPI ID वर परत करा: akgzsiz@ybl",No,No,No
spam,"माफ करा, मी चुकून चुकीच्या नंबरवर Rs.21,140 ट्रान्सफर केले, हे तुमचे खाते वाटते. कृपया fidwmlyp11@okicici वर परत पाठवा.",No,No,No
spam,"चुकून माझ्या खात्यातून तुमच्या खात्यात Rs.93,801 ट्रान्सफर झाले आहेत, लवकरात लवकर fijar92@okicici वर रिफंड करा.",No,No,No
spam,"माफ करा, मी चुकून चुकीच्या नंबरवर Rs.4,446 ट्रान्सफर केले, हे तुमचे खाते वाटते. कृपया xghlw56@ybl वर परत पाठवा.",No,No,No
spam,"State Scholarship Scheme: तुमचा शिष्यवृत्ती लाभ Rs.5,734 ट्रान्सफरसाठी तयार आहे. मिळवण्यासाठी तुमची बँक पासबुक माहिती सबमिट करा.",No,No,No
spam,"अभिनंदन, PM Ujjwala Yojana अंतर्गत तुमचा अर्ज Rs.16,367 साठी मंजूर झाला आहे. वितरणासाठी तुमची बँक माहिती पाठवा.",No,No,No
spam,"तुमच्या विमा पॉलिसीची मुदतपूर्ती रक्कम Rs.2,504 तयार आहे. पेमेंट मिळवण्यासाठी तुमची बँक पासबुक माहिती पाठवा.",No,No,No
spam,"हाय, मला वाटते मी दुसऱ्याला पेमेंट करताना चुकून तुम्हाला Rs.743 पाठवले. कृपया uhdfhn16@okhdfcbank वर परत पाठवा, धन्यवाद.",No,No,No
spam,"हाय, मला वाटते मी दुसऱ्याला पेमेंट करताना चुकून तुम्हाला Rs.8,467 पाठवले. कृपया rwjhi@ibl वर परत पाठवा, धन्यवाद.",No,No,No
spam,"Ayushman Bharat अलर्ट: तुम्ही योजनेअंतर्गत Rs.7,566 साठी पात्र आहात. दावा करण्यासाठी तुमचा आधार आणि बँक खाते क्रमांक शेअर करा.",No,No,No
spam,"तुम्हाला Wipro सोबत वर्क-फ्रॉम-होम जॉबसाठी निवडले आहे. Rs.97,409 चा जॉइनिंग बोनस मिळवण्यासाठी तुमची बँक माहिती शेअर करा.",No,No,No
spam,"तुमचे Axis Bank पर्सनल लोन Rs.6,471 चे पूर्व-मंजूर आहे. प्रक्रियेसाठी तुमचे बँक खाते आणि आधार तपशील शेअर करा.",No,No,No
spam,"LPG Subsidy Scheme: तुमचा शिष्यवृत्ती लाभ Rs.22,922 ट्रान्सफरसाठी तयार आहे. मिळवण्यासाठी तुमची बँक पासबुक माहिती सबमिट करा.",No,No,No
spam,"तुमच्या विमा पॉलिसीची मुदतपूर्ती रक्कम Rs.6,564 तयार आहे. पेमेंट मिळवण्यासाठी तुमची बँक पासबुक माहिती पाठवा.",No,No,No
spam,"मी चुकून तुमच्या Paytm वर Rs.779 पाठवले, कृपया हे या UPI ID वर परत करा: sbbudwm48@okicici",No,No,No
spam,"तुम्हाला Wipro सोबत वर्क-फ्रॉम-होम जॉबसाठी निवडले आहे. Rs.54,504 चा जॉइनिंग बोनस मिळवण्यासाठी तुमची बँक माहिती शेअर करा.",No,No,No
spam,"तुम्हाला HCL सोबत वर्क-फ्रॉम-होम जॉबसाठी निवडले आहे. Rs.3,509 चा जॉइनिंग बोनस मिळवण्यासाठी तुमची बँक माहिती शेअर करा.",No,No,No
spam,"PM Kisan Samman Nidhi अलर्ट: तुम्ही योजनेअंतर्गत Rs.60,926 साठी पात्र आहात. दावा करण्यासाठी तुमचा आधार आणि बँक खाते क्रमांक शेअर करा.",No,No,No
spam,"तुम्हाला Infosys सोबत वर्क-फ्रॉम-होम जॉबसाठी निवडले आहे. Rs.30,640 चा जॉइनिंग बोनस मिळवण्यासाठी तुमची बँक माहिती शेअर करा.",No,No,No
spam,"हाय, मला वाटते मी दुसऱ्याला पेमेंट करताना चुकून तुम्हाला Rs.976 पाठवले. कृपया ftgosanp58@oksbi वर परत पाठवा, धन्यवाद.",No,No,No
spam,"चुकून माझ्या खात्यातून तुमच्या खात्यात Rs.530 ट्रान्सफर झाले आहेत, लवकरात लवकर qzwfys@paytm वर रिफंड करा.",No,No,No
spam,"माफ करा, मी चुकून चुकीच्या नंबरवर Rs.6,990 ट्रान्सफर केले, हे तुमचे खाते वाटते. कृपया xczwt52@ybl वर परत पाठवा.",No,No,No
spam,"अभिनंदन, LPG Subsidy Scheme अंतर्गत तुमचा अर्ज Rs.23,629 साठी मंजूर झाला आहे. वितरणासाठी तुमची बँक माहिती पाठवा.",No,No,No
spam,"State Scholarship Scheme: तुमचा शिष्यवृत्ती लाभ Rs.4,905 ट्रान्सफरसाठी तयार आहे. मिळवण्यासाठी तुमची बँक पासबुक माहिती सबमिट करा.",No,No,No
spam,"मी चुकून तुमच्या Amazon Pay वर Rs.82,891 पाठवले, कृपया हे या UPI ID वर परत करा: ppgkphwr@ibl",No,No,No
spam,"PMAY: तुमचा शिष्यवृत्ती लाभ Rs.19,528 ट्रान्सफरसाठी तयार आहे. मिळवण्यासाठी तुमची बँक पासबुक माहिती सबमिट करा.",No,No,No
spam,"हाय, मला वाटते मी दुसऱ्याला पेमेंट करताना चुकून तुम्हाला Rs.80,037 पाठवले. कृपया meqlbev@ibl वर परत पाठवा, धन्यवाद.",No,No,No
spam,"मी चुकून तुमच्या PhonePe वर Rs.90,312 पाठवले, कृपया हे या UPI ID वर परत करा: gvbmjxd62@okhdfcbank",No,No,No
spam,"तुम्हाला Infosys सोबत वर्क-फ्रॉम-होम जॉबसाठी निवडले आहे. Rs.2,434 चा जॉइनिंग बोनस मिळवण्यासाठी तुमची बँक माहिती शेअर करा.",No,No,No
spam,तुमच्या विमा पॉलिसीची मुदतपूर्ती रक्कम Rs.525 तयार आहे. पेमेंट मिळवण्यासाठी तुमची बँक पासबुक माहिती पाठवा.,No,No,No
spam,"माफ करा, मी चुकून चुकीच्या नंबरवर Rs.38,642 ट्रान्सफर केले, हे तुमचे खाते वाटते. कृपया qshuew@ybl वर परत पाठवा.",No,No,No
spam,"तुमच्या विमा पॉलिसीची मुदतपूर्ती रक्कम Rs.96,544 तयार आहे. पेमेंट मिळवण्यासाठी तुमची बँक पासबुक माहिती पाठवा.",No,No,No
spam,"माफ करा, मी चुकून चुकीच्या नंबरवर Rs.661 ट्रान्सफर केले, हे तुमचे खाते वाटते. कृपया regzve@oksbi वर परत पाठवा.",No,No,No
spam,"PMAY: तुमचा शिष्यवृत्ती लाभ Rs.24,447 ट्रान्सफरसाठी तयार आहे. मिळवण्यासाठी तुमची बँक पासबुक माहिती सबमिट करा.",No,No,No
spam,"अभिनंदन, National Scholarship Portal अंतर्गत तुमचा अर्ज Rs.35,410 साठी मंजूर झाला आहे. वितरणासाठी तुमची बँक माहिती पाठवा.",No,No,No
spam,तुमच्या विमा पॉलिसीची मुदतपूर्ती रक्कम Rs.763 तयार आहे. पेमेंट मिळवण्यासाठी तुमची बँक पासबुक माहिती पाठवा.,No,No,No
spam,"मी चुकून तुमच्या Paytm वर Rs.867 पाठवले, कृपया हे या UPI ID वर परत करा: qlgdwkuv@ybl",No,No,No
spam,"तुम्हाला Infosys सोबत वर्क-फ्रॉम-होम जॉबसाठी निवडले आहे. Rs.7,073 चा जॉइनिंग बोनस मिळवण्यासाठी तुमची बँक माहिती शेअर करा.",No,No,No
spam,"अभिनंदन, PM Kisan Samman Nidhi अंतर्गत तुमचा अर्ज Rs.913 साठी मंजूर झाला आहे. वितरणासाठी तुमची बँक माहिती पाठवा.",No,No,No
spam,"मी चुकून तुमच्या PhonePe वर Rs.857 पाठवले, कृपया हे या UPI ID वर परत करा: brsjk@oksbi",No,No,No
spam,"अभिनंदन, Ayushman Bharat अंतर्गत तुमचा अर्ज Rs.3,018 साठी मंजूर झाला आहे. वितरणासाठी तुमची बँक माहिती पाठवा.",No,No,No
spam,"हाय, मला वाटते मी दुसऱ्याला पेमेंट करताना चुकून तुम्हाला Rs.54,387 पाठवले. कृपया zymmr@axl वर परत पाठवा, धन्यवाद.",No,No,No
spam,तुम्हाला Flipkart सोबत वर्क-फ्रॉम-होम जॉबसाठी निवडले आहे. Rs.976 चा जॉइनिंग बोनस मिळवण्यासाठी तुमची बँक माहिती शेअर करा.,No,No,No
spam,"चुकून माझ्या खात्यातून तुमच्या खात्यात Rs.543 ट्रान्सफर झाले आहेत, लवकरात लवकर xbrsbce57@oksbi वर रिफंड करा.",No,No,No
spam,"हाय, मला वाटते मी दुसऱ्याला पेमेंट करताना चुकून तुम्हाला Rs.4,189 पाठवले. कृपया ypvrxsnc39@oksbi वर परत पाठवा, धन्यवाद.",No,No,No
spam,Ayushman Bharat: तुमचा शिष्यवृत्ती लाभ Rs.720 ट्रान्सफरसाठी तयार आहे. मिळवण्यासाठी तुमची बँक पासबुक माहिती सबमिट करा.,No,No,No
spam,"अभिनंदन, Ayushman Bharat अंतर्गत तुमचा अर्ज Rs.95,871 साठी मंजूर झाला आहे. वितरणासाठी तुमची बँक माहिती पाठवा.",No,No,No
spam,"मी चुकून तुमच्या PhonePe वर Rs.37,131 पाठवले, कृपया हे या UPI ID वर परत करा: qwyxnz@ybl",No,No,No
spam,"हाय, मला वाटते मी दुसऱ्याला पेमेंट करताना चुकून तुम्हाला Rs.16,201 पाठवले. कृपया pjvkoxxs@oksbi वर परत पाठवा, धन्यवाद.",No,No,No
spam,"PMAY: तुमचा शिष्यवृत्ती लाभ Rs.43,706 ट्रान्सफरसाठी तयार आहे. मिळवण्यासाठी तुमची बँक पासबुक माहिती सबमिट करा.",No,No,No
spam,Ayushman Bharat अलर्ट: तुम्ही योजनेअंतर्गत Rs.584 साठी पात्र आहात. दावा करण्यासाठी तुमचा आधार आणि बँक खाते क्रमांक शेअर करा.,No,No,No
spam,"State Scholarship Scheme अलर्ट: तुम्ही योजनेअंतर्गत Rs.7,695 साठी पात्र आहात. दावा करण्यासाठी तुमचा आधार आणि बँक खाते क्रमांक शेअर करा.",No,No,No
spam,"माफ करा, मी चुकून चुकीच्या नंबरवर Rs.99,321 ट्रान्सफर केले, हे तुमचे खाते वाटते. कृपया cbhtg@okicici वर परत पाठवा.",No,No,No
spam,तुम्हाला Amazon सोबत वर्क-फ्रॉम-होम जॉबसाठी निवडले आहे. Rs.975 चा जॉइनिंग बोनस मिळवण्यासाठी तुमची बँक माहिती शेअर करा.,No,No,No
spam,"हाय, मला वाटते मी दुसऱ्याला पेमेंट करताना चुकून तुम्हाला Rs.7,862 पाठवले. कृपया teoqy82@axl वर परत पाठवा, धन्यवाद.",No,No,No
spam,"चुकून माझ्या खात्यातून तुमच्या खात्यात Rs.23,031 ट्रान्सफर झाले आहेत, लवकरात लवकर ifbqgwgo@axl वर रिफंड करा.",No,No,No
spam,"तुम्हाला Wipro सोबत वर्क-फ्रॉम-होम जॉबसाठी निवडले आहे. Rs.6,473 चा जॉइनिंग बोनस मिळवण्यासाठी तुमची बँक माहिती शेअर करा.",No,No,No
spam,"मी चुकून तुमच्या Amazon Pay वर Rs.87,690 पाठवले, कृपया हे या UPI ID वर परत करा: cudded42@okhdfcbank",No,No,No
spam,"PM Kisan Samman Nidhi अलर्ट: तुम्ही योजनेअंतर्गत Rs.32,739 साठी पात्र आहात. दावा करण्यासाठी तुमचा आधार आणि बँक खाते क्रमांक शेअर करा.",No,No,No
spam,"माफ करा, मी चुकून चुकीच्या नंबरवर Rs.53,289 ट्रान्सफर केले, हे तुमचे खाते वाटते. कृपया xxboyivr@axl वर परत पाठवा.",No,No,No
spam,तुम्हाला Infosys सोबत वर्क-फ्रॉम-होम जॉबसाठी निवडले आहे. Rs.719 चा जॉइनिंग बोनस मिळवण्यासाठी तुमची बँक माहिती शेअर करा.,No,No,No
spam,"मी चुकून तुमच्या Google Pay वर Rs.689 पाठवले, कृपया हे या UPI ID वर परत करा: ojhmeph@paytm",No,No,No
spam,Ayushman Bharat अलर्ट: तुम्ही योजनेअंतर्गत Rs.659 साठी पात्र आहात. दावा करण्यासाठी तुमचा आधार आणि बँक खाते क्रमांक शेअर करा.,No,No,No
spam,तुमचे Canara Bank पर्सनल लोन Rs.744 चे पूर्व-मंजूर आहे. प्रक्रियेसाठी तुमचे बँक खाते आणि आधार तपशील शेअर करा.,No,No,No
spam,"मी चुकून तुमच्या Paytm वर Rs.804 पाठवले, कृपया हे या UPI ID वर परत करा: awbgtfrg@okicici",No,No,No
spam,"PMAY अलर्ट: तुम्ही योजनेअंतर्गत Rs.7,343 साठी पात्र आहात. दावा करण्यासाठी तुमचा आधार आणि बँक खाते क्रमांक शेअर करा.",No,No,No
spam,"Post Matric Scholarship अलर्ट: तुम्ही योजनेअंतर्गत Rs.1,312 साठी पात्र आहात. दावा करण्यासाठी तुमचा आधार आणि बँक खाते क्रमांक शेअर करा.",No,No,No
spam,"State Scholarship Scheme: तुमचा शिष्यवृत्ती लाभ Rs.94,501 ट्रान्सफरसाठी तयार आहे. मिळवण्यासाठी तुमची बँक पासबुक माहिती सबमिट करा.",No,No,No
spam,"Post Matric Scholarship: तुमचा शिष्यवृत्ती लाभ Rs.85,880 ट्रान्सफरसाठी तयार आहे. मिळवण्यासाठी तुमची बँक पासबुक माहिती सबमिट करा.",No,No,No
spam,"तुमचे Punjab National Bank पर्सनल लोन Rs.90,571 चे पूर्व-मंजूर आहे. प्रक्रियेसाठी तुमचे बँक खाते आणि आधार तपशील शेअर करा.",No,No,No
spam,"माफ करा, मी चुकून चुकीच्या नंबरवर Rs.846 ट्रान्सफर केले, हे तुमचे खाते वाटते. कृपया ivrnzvu75@okhdfcbank वर परत पाठवा.",No,No,No
spam,"Ayushman Bharat अलर्ट: तुम्ही योजनेअंतर्गत Rs.8,508 साठी पात्र आहात. दावा करण्यासाठी तुमचा आधार आणि बँक खाते क्रमांक शेअर करा.",No,No,No
spam,"चुकून माझ्या खात्यातून तुमच्या खात्यात Rs.71,351 ट्रान्सफर झाले आहेत, लवकरात लवकर qdgvpcf@ibl वर रिफंड करा.",No,No,No
spam,"अभिनंदन, National Scholarship Portal अंतर्गत तुमचा अर्ज Rs.707 साठी मंजूर झाला आहे. वितरणासाठी तुमची बँक माहिती पाठवा.",No,No,No
spam,"PMAY: तुमचा शिष्यवृत्ती लाभ Rs.7,072 ट्रान्सफरसाठी तयार आहे. मिळवण्यासाठी तुमची बँक पासबुक माहिती सबमिट करा.",No,No,No
spam,"तुमच्या विमा पॉलिसीची मुदतपूर्ती रक्कम Rs.1,690 तयार आहे. पेमेंट मिळवण्यासाठी तुमची बँक पासबुक माहिती पाठवा.",No,No,No
spam,"तुमचे HDFC Bank पर्सनल लोन Rs.3,589 चे पूर्व-मंजूर आहे. प्रक्रियेसाठी तुमचे बँक खाते आणि आधार तपशील शेअर करा.",No,No,No
spam,"National Scholarship Portal: तुमचा शिष्यवृत्ती लाभ Rs.9,485 ट्रान्सफरसाठी तयार आहे. मिळवण्यासाठी तुमची बँक पासबुक माहिती सबमिट करा.",No,No,No
spam,"हाय, मला वाटते मी दुसऱ्याला पेमेंट करताना चुकून तुम्हाला Rs.2,106 पाठवले. कृपया dyfnl73@ibl वर परत पाठवा, धन्यवाद.",No,No,No
spam,"तुमचे SBI पर्सनल लोन Rs.43,027 चे पूर्व-मंजूर आहे. प्रक्रियेसाठी तुमचे बँक खाते आणि आधार तपशील शेअर करा.",No,No,No
spam,"तुमचे Kotak Mahindra Bank पर्सनल लोन Rs.46,892 चे पूर्व-मंजूर आहे. प्रक्रियेसाठी तुमचे बँक खाते आणि आधार तपशील शेअर करा.",No,No,No
spam,"माफ करा, मी चुकून चुकीच्या नंबरवर Rs.7,398 ट्रान्सफर केले, हे तुमचे खाते वाटते. कृपया ujlnj19@ybl वर परत पाठवा.",No,No,No
spam,"मी चुकून तुमच्या Google Pay वर Rs.8,496 पाठवले, कृपया हे या UPI ID वर परत करा: bvgtrrn@oksbi",No,No,No
spam,तुम्हाला Amazon सोबत वर्क-फ्रॉम-होम जॉबसाठी निवडले आहे. Rs.722 चा जॉइनिंग बोनस मिळवण्यासाठी तुमची बँक माहिती शेअर करा.,No,No,No
spam,"माफ करा, मी चुकून चुकीच्या नंबरवर Rs.767 ट्रान्सफर केले, हे तुमचे खाते वाटते. कृपया qqtvtl46@okicici वर परत पाठवा.",No,No,No
spam,"मी चुकून तुमच्या PhonePe वर Rs.59,037 पाठवले, कृपया हे या UPI ID वर परत करा: xofnek@ybl",No,No,No
spam,"तुमचे Kotak Mahindra Bank पर्सनल लोन Rs.7,939 चे पूर्व-मंजूर आहे. प्रक्रियेसाठी तुमचे बँक खाते आणि आधार तपशील शेअर करा.",No,No,No
spam,"तुमचे Kotak Mahindra Bank पर्सनल लोन Rs.2,548 चे पूर्व-मंजूर आहे. प्रक्रियेसाठी तुमचे बँक खाते आणि आधार तपशील शेअर करा.",No,No,No
spam,"तुमचे Canara Bank पर्सनल लोन Rs.1,646 चे पूर्व-मंजूर आहे. प्रक्रियेसाठी तुमचे बँक खाते आणि आधार तपशील शेअर करा.",No,No,No
spam,"हाय, मला वाटते मी दुसऱ्याला पेमेंट करताना चुकून तुम्हाला Rs.9,252 पाठवले. कृपया merjwsr82@oksbi वर परत पाठवा, धन्यवाद.",No,No,No
spam,"मी चुकून तुमच्या PhonePe वर Rs.659 पाठवले, कृपया हे या UPI ID वर परत करा: rrkzsv62@okicici",No,No,No
spam,"Ayushman Bharat अलर्ट: तुम्ही योजनेअंतर्गत Rs.22,160 साठी पात्र आहात. दावा करण्यासाठी तुमचा आधार आणि बँक खाते क्रमांक शेअर करा.",No,No,No
spam,"अभिनंदन, PM Kisan Samman Nidhi अंतर्गत तुमचा अर्ज Rs.60,469 साठी मंजूर झाला आहे. वितरणासाठी तुमची बँक माहिती पाठवा.",No,No,No
spam,"मी चुकून तुमच्या PhonePe वर Rs.789 पाठवले, कृपया हे या UPI ID वर परत करा: izejj@axl",No,No,No
spam,"मी चुकून तुमच्या Paytm वर Rs.50,094 पाठवले, कृपया हे या UPI ID वर परत करा: wvzptbpd@paytm",No,No,No
spam,"तुमच्या विमा पॉलिसीची मुदतपूर्ती रक्कम Rs.6,795 तयार आहे. पेमेंट मिळवण्यासाठी तुमची बँक पासबुक माहिती पाठवा.",No,No,No
spam,"अभिनंदन, PMAY अंतर्गत तुमचा अर्ज Rs.65,318 साठी मंजूर झाला आहे. वितरणासाठी तुमची बँक माहिती पाठवा.",No,No,No
spam,"National Scholarship Portal अलर्ट: तुम्ही योजनेअंतर्गत Rs.6,845 साठी पात्र आहात. दावा करण्यासाठी तुमचा आधार आणि बँक खाते क्रमांक शेअर करा.",No,No,No
spam,"हाय, मला वाटते मी दुसऱ्याला पेमेंट करताना चुकून तुम्हाला Rs.5,248 पाठवले. कृपया upmriq@okicici वर परत पाठवा, धन्यवाद.",No,No,No
spam,"अभिनंदन, PMAY अंतर्गत तुमचा अर्ज Rs.798 साठी मंजूर झाला आहे. वितरणासाठी तुमची बँक माहिती पाठवा.",No,No,No
spam,"तुम्हाला Infosys सोबत वर्क-फ्रॉम-होम जॉबसाठी निवडले आहे. Rs.48,227 चा जॉइनिंग बोनस मिळवण्यासाठी तुमची बँक माहिती शेअर करा.",No,No,No
spam,"अभिनंदन, State Scholarship Scheme अंतर्गत तुमचा अर्ज Rs.6,679 साठी मंजूर झाला आहे. वितरणासाठी तुमची बँक माहिती पाठवा.",No,No,No
spam,"चुकून माझ्या खात्यातून तुमच्या खात्यात Rs.698 ट्रान्सफर झाले आहेत, लवकरात लवकर dsvjh45@ybl वर रिफंड करा.",No,No,No
spam,"माफ करा, मी चुकून चुकीच्या नंबरवर Rs.580 ट्रान्सफर केले, हे तुमचे खाते वाटते. कृपया psdimxq56@ibl वर परत पाठवा.",No,No,No
spam,"तुमच्या विमा पॉलिसीची मुदतपूर्ती रक्कम Rs.63,822 तयार आहे. पेमेंट मिळवण्यासाठी तुमची बँक पासबुक माहिती पाठवा.",No,No,No
spam,"तुमचे Kotak Mahindra Bank पर्सनल लोन Rs.1,732 चे पूर्व-मंजूर आहे. प्रक्रियेसाठी तुमचे बँक खाते आणि आधार तपशील शेअर करा.",No,No,No
spam,"LPG Subsidy Scheme: तुमचा शिष्यवृत्ती लाभ Rs.34,350 ट्रान्सफरसाठी तयार आहे. मिळवण्यासाठी तुमची बँक पासबुक माहिती सबमिट करा.",No,No,No
spam,"तुम्हाला Reliance सोबत वर्क-फ्रॉम-होम जॉबसाठी निवडले आहे. Rs.9,808 चा जॉइनिंग बोनस मिळवण्यासाठी तुमची बँक माहिती शेअर करा.",No,No,No
spam,Ayushman Bharat: तुमचा शिष्यवृत्ती लाभ Rs.737 ट्रान्सफरसाठी तयार आहे. मिळवण्यासाठी तुमची बँक पासबुक माहिती सबमिट करा.,No,No,No
spam,"तुम्हाला Wipro सोबत वर्क-फ्रॉम-होम जॉबसाठी निवडले आहे. Rs.5,692 चा जॉइनिंग बोनस मिळवण्यासाठी तुमची बँक माहिती शेअर करा.",No,No,No
spam,"चुकून माझ्या खात्यातून तुमच्या खात्यात Rs.5,998 ट्रान्सफर झाले आहेत, लवकरात लवकर bjgedfz78@paytm वर रिफंड करा.",No,No,No
spam,"चुकून माझ्या खात्यातून तुमच्या खात्यात Rs.932 ट्रान्सफर झाले आहेत, लवकरात लवकर evioi@ibl वर रिफंड करा.",No,No,No
spam,"मी चुकून तुमच्या Amazon Pay वर Rs.919 पाठवले, कृपया हे या UPI ID वर परत करा: lmnhzi91@okhdfcbank",No,No,No
spam,"माफ करा, मी चुकून चुकीच्या नंबरवर Rs.592 ट्रान्सफर केले, हे तुमचे खाते वाटते. कृपया ifcnf@oksbi वर परत पाठवा.",No,No,No
spam,"मी चुकून तुमच्या Amazon Pay वर Rs.6,368 पाठवले, कृपया हे या UPI ID वर परत करा: lllvyk@paytm",No,No,No
spam,"तुमच्या विमा पॉलिसीची मुदतपूर्ती रक्कम Rs.6,822 तयार आहे. पेमेंट मिळवण्यासाठी तुमची बँक पासबुक माहिती पाठवा.",No,No,No
