LABEL,TEXT,URL,EMAIL,PHONE
spam,"Aapke Electricity meter reading mein technical error ki wajah se, connection aaj raat termination ke liye scheduled hai.",No,No,No
spam,Final notice: aapke address ka LPG connection unverified meter details ki wajah se disconnect ho jayega.,No,No,No
spam,"Aapko TCS ke saath work-from-home job ke liye select kiya gaya hai. Rs.8,578 ka joining bonus paane ke liye apni bank details share karein.",No,No,No
spam,"Hi, mujhe lagta hai maine kisi aur ko pay karte waqt aapko galti se Rs.6,483 bhej diya. Kripya aqmuh@okicici par wapas bhej dein, dhanyavad.",No,No,No
spam,"Galti se Rs.5,889 mere account se aapke account mein transfer ho gaye hain, jald se jald xnogzadr@axl par refund kar dein.",No,No,No
spam,"Aapki Broadband service kal subah discontinue ho jayegi, verification hamari taraf se pending hai.",No,No,No
spam,"Post Matric Scholarship Alert: Aap scheme ke tahat Rs.23,241 ke liye eligible hain. Claim karne ke liye apna Aadhaar aur bank account number share karein.",No,No,No
spam,"Hi, mujhe lagta hai maine kisi aur ko pay karte waqt aapko galti se Rs.979 bhej diya. Kripya iabwkm@paytm par wapas bhej dein, dhanyavad.",No,No,No
spam,"PMAY Alert: Aap scheme ke tahat Rs.7,269 ke liye eligible hain. Claim karne ke liye apna Aadhaar aur bank account number share karein.",No,No,No
spam,"Post Matric Scholarship Alert: Aap scheme ke tahat Rs.79,809 ke liye eligible hain. Claim karne ke liye apna Aadhaar aur bank account number share karein.",No,No,No
spam,"Sorry, maine galti se galat number par Rs.89,900 transfer kar diya, yeh aapka account lagta hai. Kripya wapas bhej dein dbrnppt77@okhdfcbank par.",No,No,No
spam,"Post Matric Scholarship Alert: Aap scheme ke tahat Rs.5,812 ke liye eligible hain. Claim karne ke liye apna Aadhaar aur bank account number share karein.",No,No,No
spam,"State Scholarship Scheme: Aapka scholarship benefit Rs.53,553 transfer ke liye ready hai. Ise paane ke liye apni bank passbook details submit karein.",No,No,No
spam,Aapki insurance policy ka maturity amount Rs.925 ready hai. Payment paane ke liye apni bank passbook details bhejein.,No,No,No
spam,"National Scholarship Portal: Aapka scholarship benefit Rs.78,443 transfer ke liye ready hai. Ise paane ke liye apni bank passbook details submit karein.",No,No,No
spam,"Aapki insurance policy ka maturity amount Rs.73,473 ready hai. Payment paane ke liye apni bank passbook details bhejein.",No,No,No
spam,National Scholarship Portal Alert: Aap scheme ke tahat Rs.585 ke liye eligible hain. Claim karne ke liye apna Aadhaar aur bank account number share karein.,No,No,No
spam,"Aapke Water meter reading mein technical error ki wajah se, connection aaj raat termination ke liye scheduled hai.",No,No,No
spam,Piped Gas connection aaj raat pending meter verification ki wajah se terminate ho jayega.,No,No,No
spam,Broadband connection aaj raat pending meter verification ki wajah se terminate ho jayega.,No,No,No
spam,"PM Kisan Samman Nidhi Alert: Aap scheme ke tahat Rs.19,840 ke liye eligible hain. Claim karne ke liye apna Aadhaar aur bank account number share karein.",No,No,No
spam,"National Scholarship Portal Alert: Aap scheme ke tahat Rs.2,329 ke liye eligible hain. Claim karne ke liye apna Aadhaar aur bank account number share karein.",No,No,No
spam,"Aapka SBI personal loan Rs.7,309 ka pre-approved hai. Process karne ke liye apni bank account aur Aadhaar details share karein.",No,No,No
spam,"Hi, mujhe lagta hai maine kisi aur ko pay karte waqt aapko galti se Rs.2,993 bhej diya. Kripya dcarx97@ibl par wapas bhej dein, dhanyavad.",No,No,No
spam,"LPG Subsidy Scheme Alert: Aap scheme ke tahat Rs.30,540 ke liye eligible hain. Claim karne ke liye apna Aadhaar aur bank account number share karein.",No,No,No
spam,"Aapki insurance policy ka maturity amount Rs.87,027 ready hai. Payment paane ke liye apni bank passbook details bhejein.",No,No,No
spam,"Aapko HCL ke saath work-from-home job ke liye select kiya gaya hai. Rs.4,395 ka joining bonus paane ke liye apni bank details share karein.",No,No,No
spam,"Aapka Bank of Baroda personal loan Rs.96,750 ka pre-approved hai. Process karne ke liye apni bank account aur Aadhaar details share karein.",No,No,No
spam,Aapki insurance policy ka maturity amount Rs.892 ready hai. Payment paane ke liye apni bank passbook details bhejein.,No,No,No
spam,Aapko Infosys ke saath work-from-home job ke liye select kiya gaya hai. Rs.643 ka joining bonus paane ke liye apni bank details share karein.,No,No,No
spam,"Aapka Water meter inspection overdue hai, 24 ghante mein service terminate ho jayegi.",No,No,No
spam,"Aapki Piped Gas service kal subah discontinue ho jayegi, verification hamari taraf se pending hai.",No,No,No
spam,"Galti se Rs.58,434 mere account se aapke account mein transfer ho gaye hain, jald se jald wimew@paytm par refund kar dein.",No,No,No
spam,"Hi, mujhe lagta hai maine kisi aur ko pay karte waqt aapko galti se Rs.6,778 bhej diya. Kripya uoyoc34@oksbi par wapas bhej dein, dhanyavad.",No,No,No
spam,LPG connection aaj raat pending meter verification ki wajah se terminate ho jayega.,No,No,No
spam,"Badhai ho, Post Matric Scholarship ke tahat aapka application Rs.698 ke liye approve ho gaya hai. Disbursement ke liye apni bank details bhejein.",No,No,No
spam,"Badhai ho, Post Matric Scholarship ke tahat aapka application Rs.989 ke liye approve ho gaya hai. Disbursement ke liye apni bank details bhejein.",No,No,No
spam,Final notice: aapke address ka Water connection unverified meter details ki wajah se disconnect ho jayega.,No,No,No
spam,"Badhai ho, State Scholarship Scheme ke tahat aapka application Rs.5,593 ke liye approve ho gaya hai. Disbursement ke liye apni bank details bhejein.",No,No,No
spam,"Maine galti se aapke PhonePe par Rs.941 bhej diya, kripya isse is UPI ID par refund kar dein: bygpk@paytm",No,No,No
spam,Aapki insurance policy ka maturity amount Rs.742 ready hai. Payment paane ke liye apni bank passbook details bhejein.,No,No,No
spam,Electricity connection aaj raat pending meter verification ki wajah se terminate ho jayega.,No,No,No
spam,Notice: aapki Water supply meter reading update incomplete hone ki wajah se cut off ho jayegi.,No,No,No
spam,"Aapka Broadband meter inspection overdue hai, 24 ghante mein service terminate ho jayegi.",No,No,No
spam,"Post Matric Scholarship Alert: Aap scheme ke tahat Rs.3,641 ke liye eligible hain. Claim karne ke liye apna Aadhaar aur bank account number share karein.",No,No,No
spam,"Sorry, maine galti se galat number par Rs.895 transfer kar diya, yeh aapka account lagta hai. Kripya wapas bhej dein aqczly30@axl par.",No,No,No
spam,"Hi, mujhe lagta hai maine kisi aur ko pay karte waqt aapko galti se Rs.8,690 bhej diya. Kripya tlnxvf23@okicici par wapas bhej dein, dhanyavad.",No,No,No
spam,"Galti se Rs.78,136 mere account se aapke account mein transfer ho gaye hain, jald se jald zsmyvtir91@okicici par refund kar dein.",No,No,No
spam,"Galti se Rs.46,681 mere account se aapke account mein transfer ho gaye hain, jald se jald uekugpo@oksbi par refund kar dein.",No,No,No
spam,"State Scholarship Scheme Alert: Aap scheme ke tahat Rs.59,559 ke liye eligible hain. Claim karne ke liye apna Aadhaar aur bank account number share karein.",No,No,No
spam,"Galti se Rs.500 mere account se aapke account mein transfer ho gaye hain, jald se jald lgjbqtdt@paytm par refund kar dein.",No,No,No
spam,"Post Matric Scholarship: Aapka scholarship benefit Rs.4,161 transfer ke liye ready hai. Ise paane ke liye apni bank passbook details submit karein.",No,No,No
spam,Final notice: aapke address ka Piped Gas connection unverified meter details ki wajah se disconnect ho jayega.,No,No,No
spam,Aapko HCL ke saath work-from-home job ke liye select kiya gaya hai. Rs.889 ka joining bonus paane ke liye apni bank details share karein.,No,No,No
spam,"Badhai ho, LPG Subsidy Scheme ke tahat aapka application Rs.75,338 ke liye approve ho gaya hai. Disbursement ke liye apni bank details bhejein.",No,No,No
spam,"State Scholarship Scheme Alert: Aap scheme ke tahat Rs.29,217 ke liye eligible hain. Claim karne ke liye apna Aadhaar aur bank account number share karein.",No,No,No
spam,"Aapki Water service kal subah discontinue ho jayegi, verification hamari taraf se pending hai.",No,No,No
spam,Aapka ICICI Bank personal loan Rs.525 ka pre-approved hai. Process karne ke liye apni bank account aur Aadhaar details share karein.,No,No,No
spam,LPG Subsidy Scheme: Aapka scholarship benefit Rs.502 transfer ke liye ready hai. Ise paane ke liye apni bank passbook details submit karein.,No,No,No
spam,Aapka ICICI Bank personal loan Rs.547 ka pre-approved hai. Process karne ke liye apni bank account aur Aadhaar details share karein.,No,No,No
spam,"Galti se Rs.19,337 mere account se aapke account mein transfer ho gaye hain, jald se jald yultyia68@oksbi par refund kar dein.",No,No,No
spam,"Badhai ho, State Scholarship Scheme ke tahat aapka application Rs.7,040 ke liye approve ho gaya hai. Disbursement ke liye apni bank details bhejein.",No,No,No
spam,"Aapki LPG service kal subah discontinue ho jayegi, verification hamari taraf se pending hai.",No,No,No
spam,"Galti se Rs.675 mere account se aapke account mein transfer ho gaye hain, jald se jald shbum@ybl par refund kar dein.",No,No,No
spam,"Badhai ho, Ayushman Bharat ke tahat aapka application Rs.807 ke liye approve ho gaya hai. Disbursement ke liye apni bank details bhejein.",No,No,No
spam,Water connection aaj raat pending meter verification ki wajah se terminate ho jayega.,No,No,No
spam,"PM Kisan Samman Nidhi Alert: Aap scheme ke tahat Rs.14,617 ke liye eligible hain. Claim karne ke liye apna Aadhaar aur bank account number share karein.",No,No,No
spam,"Aapka Canara Bank personal loan Rs.4,820 ka pre-approved hai. Process karne ke liye apni bank account aur Aadhaar details share karein.",No,No,No
spam,Aapki insurance policy ka maturity amount Rs.766 ready hai. Payment paane ke liye apni bank passbook details bhejein.,No,No,No
spam,"Aapko Infosys ke saath work-from-home job ke liye select kiya gaya hai. Rs.31,138 ka joining bonus paane ke liye apni bank details share karein.",No,No,No
spam,"Aapka Piped Gas meter inspection overdue hai, 24 ghante mein service terminate ho jayegi.",No,No,No
spam,"Maine galti se aapke Amazon Pay par Rs.2,189 bhej diya, kripya isse is UPI ID par refund kar dein: qhoiz39@ybl",No,No,No
spam,"Aapko Amazon ke saath work-from-home job ke liye select kiya gaya hai. Rs.16,626 ka joining bonus paane ke liye apni bank details share karein.",No,No,No
spam,"Maine galti se aapke Amazon Pay par Rs.9,284 bhej diya, kripya isse is UPI ID par refund kar dein: ufgnf@paytm",No,No,No
spam,Aapko Flipkart ke saath work-from-home job ke liye select kiya gaya hai. Rs.963 ka joining bonus paane ke liye apni bank details share karein.,No,No,No
spam,PM Ujjwala Yojana Alert: Aap scheme ke tahat Rs.991 ke liye eligible hain. Claim karne ke liye apna Aadhaar aur bank account number share karein.,No,No,No
spam,Aapka ICICI Bank personal loan Rs.568 ka pre-approved hai. Process karne ke liye apni bank account aur Aadhaar details share karein.,No,No,No
spam,"Aapki insurance policy ka maturity amount Rs.46,856 ready hai. Payment paane ke liye apni bank passbook details bhejein.",No,No,No
spam,"Post Matric Scholarship: Aapka scholarship benefit Rs.7,411 transfer ke liye ready hai. Ise paane ke liye apni bank passbook details submit karein.",No,No,No
spam,"PM Ujjwala Yojana Alert: Aap scheme ke tahat Rs.71,342 ke liye eligible hain. Claim karne ke liye apna Aadhaar aur bank account number share karein.",No,No,No
spam,Final notice: aapke address ka Broadband connection unverified meter details ki wajah se disconnect ho jayega.,No,No,No
spam,"Badhai ho, State Scholarship Scheme ke tahat aapka application Rs.626 ke liye approve ho gaya hai. Disbursement ke liye apni bank details bhejein.",No,No,No
spam,"PM Ujjwala Yojana Alert: Aap scheme ke tahat Rs.1,757 ke liye eligible hain. Claim karne ke liye apna Aadhaar aur bank account number share karein.",No,No,No
spam,Aapko TCS ke saath work-from-home job ke liye select kiya gaya hai. Rs.955 ka joining bonus paane ke liye apni bank details share karein.,No,No,No
spam,"Aapki insurance policy ka maturity amount Rs.12,145 ready hai. Payment paane ke liye apni bank passbook details bhejein.",No,No,No
spam,"Badhai ho, National Scholarship Portal ke tahat aapka application Rs.5,129 ke liye approve ho gaya hai. Disbursement ke liye apni bank details bhejein.",No,No,No
spam,"Aapke LPG meter reading mein technical error ki wajah se, connection aaj raat termination ke liye scheduled hai.",No,No,No
spam,"Badhai ho, LPG Subsidy Scheme ke tahat aapka application Rs.2,060 ke liye approve ho gaya hai. Disbursement ke liye apni bank details bhejein.",No,No,No
spam,State Scholarship Scheme: Aapka scholarship benefit Rs.876 transfer ke liye ready hai. Ise paane ke liye apni bank passbook details submit karein.,No,No,No
spam,Aapka SBI personal loan Rs.923 ka pre-approved hai. Process karne ke liye apni bank account aur Aadhaar details share karein.,No,No,No
spam,"Galti se Rs.945 mere account se aapke account mein transfer ho gaye hain, jald se jald npoavsn70@oksbi par refund kar dein.",No,No,No
spam,"Maine galti se aapke Paytm par Rs.9,723 bhej diya, kripya isse is UPI ID par refund kar dein: avwefr@ybl",No,No,No
spam,"National Scholarship Portal Alert: Aap scheme ke tahat Rs.57,864 ke liye eligible hain. Claim karne ke liye apna Aadhaar aur bank account number share karein.",No,No,No
spam,"Maine galti se aapke Amazon Pay par Rs.973 bhej diya, kripya isse is UPI ID par refund kar dein: jnqslat24@paytm",No,No,No
spam,"Aapko Reliance ke saath work-from-home job ke liye select kiya gaya hai. Rs.24,237 ka joining bonus paane ke liye apni bank details share karein.",No,No,No
spam,Notice: aapki Broadband supply meter reading update incomplete hone ki wajah se cut off ho jayegi.,No,No,No
spam,"Aapka Bank of Baroda personal loan Rs.71,397 ka pre-approved hai. Process karne ke liye apni bank account aur Aadhaar details share karein.",No,No,No
spam,"Maine galti se aapke Paytm par Rs.12,533 bhej diya, kripya isse is UPI ID par refund kar dein: eyacgkd@paytm",No,No,No
spam,"Aapka Axis Bank personal loan Rs.22,289 ka pre-approved hai. Process karne ke liye apni bank account aur Aadhaar details share karein.",No,No,No
spam,"Aapka ICICI Bank personal loan Rs.39,032 ka pre-approved hai. Process karne ke liye apni bank account aur Aadhaar details share karein.",No,No,No
spam,"Badhai ho, LPG Subsidy Scheme ke tahat aapka application Rs.694 ke liye approve ho gaya hai. Disbursement ke liye apni bank details bhejein.",No,No,No
spam,"National Scholarship Portal Alert: Aap scheme ke tahat Rs.46,486 ke liye eligible hain. Claim karne ke liye apna Aadhaar aur bank account number share karein.",No,No,No
spam,Aapka Kotak Mahindra Bank personal loan Rs.646 ka pre-approved hai. Process karne ke liye apni bank account aur Aadhaar details share karein.,No,No,No
spam,State Scholarship Scheme Alert: Aap scheme ke tahat Rs.930 ke liye eligible hain. Claim karne ke liye apna Aadhaar aur bank account number share karein.,No,No,No
spam,"Aapka Axis Bank personal loan Rs.3,973 ka pre-approved hai. Process karne ke liye apni bank account aur Aadhaar details share karein.",No,No,No
spam,"Maine galti se aapke Paytm par Rs.7,512 bhej diya, kripya isse is UPI ID par refund kar dein: fcvrbv28@paytm",No,No,No
spam,"Maine galti se aapke PhonePe par Rs.656 bhej diya, kripya isse is UPI ID par refund kar dein: ihjdfeu@oksbi",No,No,No
spam,"Galti se Rs.612 mere account se aapke account mein transfer ho gaye hain, jald se jald fbhacwbv54@ibl par refund kar dein.",No,No,No
spam,LPG Subsidy Scheme: Aapka scholarship benefit Rs.551 transfer ke liye ready hai. Ise paane ke liye apni bank passbook details submit karein.,No,No,No
spam,"Sorry, maine galti se galat number par Rs.90,087 transfer kar diya, yeh aapka account lagta hai. Kripya wapas bhej dein vlswyfzr@okhdfcbank par.",No,No,No
spam,"Aapka HDFC Bank personal loan Rs.1,198 ka pre-approved hai. Process karne ke liye apni bank account aur Aadhaar details share karein.",No,No,No
spam,"Aapko HCL ke saath work-from-home job ke liye select kiya gaya hai. Rs.1,375 ka joining bonus paane ke liye apni bank details share karein.",No,No,No
spam,"Maine galti se aapke Google Pay par Rs.59,396 bhej diya, kripya isse is UPI ID par refund kar dein: jrqzumy@ybl",No,No,No
spam,"LPG Subsidy Scheme Alert: Aap scheme ke tahat Rs.2,393 ke liye eligible hain. Claim karne ke liye apna Aadhaar aur bank account number share karein.",No,No,No
spam,"Galti se Rs.5,793 mere account se aapke account mein transfer ho gaye hain, jald se jald kvzaovlk95@ybl par refund kar dein.",No,No,No
spam,"Sorry, maine galti se galat number par Rs.69,667 transfer kar diya, yeh aapka account lagta hai. Kripya wapas bhej dein zvqqzqsk@ibl par.",No,No,No
spam,"Sorry, maine galti se galat number par Rs.7,143 transfer kar diya, yeh aapka account lagta hai. Kripya wapas bhej dein qvcazfxd@ibl par.",No,No,No
spam,"PM Ujjwala Yojana: Aapka scholarship benefit Rs.22,887 transfer ke liye ready hai. Ise paane ke liye apni bank passbook details submit karein.",No,No,No
spam,"PMAY: Aapka scholarship benefit Rs.66,056 transfer ke liye ready hai. Ise paane ke liye apni bank passbook details submit karein.",No,No,No
spam,"Sorry, maine galti se galat number par Rs.755 transfer kar diya, yeh aapka account lagta hai. Kripya wapas bhej dein vokryo13@okicici par.",No,No,No
spam,"Sorry, maine galti se galat number par Rs.82,030 transfer kar diya, yeh aapka account lagta hai. Kripya wapas bhej dein ufqmcmz@okicici par.",No,No,No
spam,"Aapki Electricity service kal subah discontinue ho jayegi, verification hamari taraf se pending hai.",No,No,No
spam,"Galti se Rs.93,063 mere account se aapke account mein transfer ho gaye hain, jald se jald cylwe@oksbi par refund kar dein.",No,No,No
spam,Notice: aapki LPG supply meter reading update incomplete hone ki wajah se cut off ho jayegi.,No,No,No
spam,"Sorry, maine galti se galat number par Rs.41,972 transfer kar diya, yeh aapka account lagta hai. Kripya wapas bhej dein cgtddysd26@paytm par.",No,No,No
spam,National Scholarship Portal: Aapka scholarship benefit Rs.898 transfer ke liye ready hai. Ise paane ke liye apni bank passbook details submit karein.,No,No,No
spam,"Galti se Rs.679 mere account se aapke account mein transfer ho gaye hain, jald se jald ubytqm61@ybl par refund kar dein.",No,No,No
spam,"National Scholarship Portal Alert: Aap scheme ke tahat Rs.37,659 ke liye eligible hain. Claim karne ke liye apna Aadhaar aur bank account number share karein.",No,No,No
spam,"Badhai ho, Post Matric Scholarship ke tahat aapka application Rs.799 ke liye approve ho gaya hai. Disbursement ke liye apni bank details bhejein.",No,No,No
spam,PM Ujjwala Yojana: Aapka scholarship benefit Rs.897 transfer ke liye ready hai. Ise paane ke liye apni bank passbook details submit karein.,No,No,No
spam,"Maine galti se aapke Amazon Pay par Rs.759 bhej diya, kripya isse is UPI ID par refund kar dein: uipwn19@axl",No,No,No
spam,"Galti se Rs.811 mere account se aapke account mein transfer ho gaye hain, jald se jald sztux56@oksbi par refund kar dein.",No,No,No
spam,"Maine galti se aapke Google Pay par Rs.5,260 bhej diya, kripya isse is UPI ID par refund kar dein: ngpwjxue30@okicici",No,No,No
spam,"Maine galti se aapke Amazon Pay par Rs.25,462 bhej diya, kripya isse is UPI ID par refund kar dein: bpaytt@oksbi",No,No,No
spam,"Maine galti se aapke Paytm par Rs.1,427 bhej diya, kripya isse is UPI ID par refund kar dein: bontl89@okicici",No,No,No
spam,"Badhai ho, Post Matric Scholarship ke tahat aapka application Rs.46,969 ke liye approve ho gaya hai. Disbursement ke liye apni bank details bhejein.",No,No,No
spam,Post Matric Scholarship Alert: Aap scheme ke tahat Rs.526 ke liye eligible hain. Claim karne ke liye apna Aadhaar aur bank account number share karein.,No,No,No
spam,"Aapke Broadband meter reading mein technical error ki wajah se, connection aaj raat termination ke liye scheduled hai.",No,No,No
spam,"Badhai ho, National Scholarship Portal ke tahat aapka application Rs.84,168 ke liye approve ho gaya hai. Disbursement ke liye apni bank details bhejein.",No,No,No
spam,"Maine galti se aapke Amazon Pay par Rs.1,230 bhej diya, kripya isse is UPI ID par refund kar dein: yjcujcia25@okhdfcbank",No,No,No
spam,"Aapki insurance policy ka maturity amount Rs.7,366 ready hai. Payment paane ke liye apni bank passbook details bhejein.",No,No,No
spam,"Hi, mujhe lagta hai maine kisi aur ko pay karte waqt aapko galti se Rs.71,734 bhej diya. Kripya dncvc@axl par wapas bhej dein, dhanyavad.",No,No,No
spam,"Badhai ho, Ayushman Bharat ke tahat aapka application Rs.836 ke liye approve ho gaya hai. Disbursement ke liye apni bank details bhejein.",No,No,No
spam,LPG Subsidy Scheme Alert: Aap scheme ke tahat Rs.731 ke liye eligible hain. Claim karne ke liye apna Aadhaar aur bank account number share karein.,No,No,No
spam,"Badhai ho, PMAY ke tahat aapka application Rs.635 ke liye approve ho gaya hai. Disbursement ke liye apni bank details bhejein.",No,No,No
spam,"Hi, mujhe lagta hai maine kisi aur ko pay karte waqt aapko galti se Rs.2,558 bhej diya. Kripya jcyxyeie@axl par wapas bhej dein, dhanyavad.",No,No,No
spam,"Aapko HCL ke saath work-from-home job ke liye select kiya gaya hai. Rs.83,993 ka joining bonus paane ke liye apni bank details share karein.",No,No,No
spam,"Badhai ho, PMAY ke tahat aapka application Rs.5,009 ke liye approve ho gaya hai. Disbursement ke liye apni bank details bhejein.",No,No,No
spam,PM Ujjwala Yojana: Aapka scholarship benefit Rs.960 transfer ke liye ready hai. Ise paane ke liye apni bank passbook details submit karein.,No,No,No
spam,"Sorry, maine galti se galat number par Rs.4,732 transfer kar diya, yeh aapka account lagta hai. Kripya wapas bhej dein udyprdm66@ibl par.",No,No,No
spam,"Badhai ho, National Scholarship Portal ke tahat aapka application Rs.47,122 ke liye approve ho gaya hai. Disbursement ke liye apni bank details bhejein.",No,No,No
spam,Notice: aapki Piped Gas supply meter reading update incomplete hone ki wajah se cut off ho jayegi.,No,No,No
spam,"Aapko Flipkart ke saath work-from-home job ke liye select kiya gaya hai. Rs.60,855 ka joining bonus paane ke liye apni bank details share karein.",No,No,No
spam,"Badhai ho, PM Kisan Samman Nidhi ke tahat aapka application Rs.94,140 ke liye approve ho gaya hai. Disbursement ke liye apni bank details bhejein.",No,No,No
spam,Aapko TCS ke saath work-from-home job ke liye select kiya gaya hai. Rs.632 ka joining bonus paane ke liye apni bank details share karein.,No,No,No
spam,"Hi, mujhe lagta hai maine kisi aur ko pay karte waqt aapko galti se Rs.556 bhej diya. Kripya azfjx@ybl par wapas bhej dein, dhanyavad.",No,No,No
spam,"Galti se Rs.3,127 mere account se aapke account mein transfer ho gaye hain, jald se jald gknhb@ybl par refund kar dein.",No,No,No
spam,"Aapka LPG meter inspection overdue hai, 24 ghante mein service terminate ho jayegi.",No,No,No
spam,"Aapki insurance policy ka maturity amount Rs.8,201 ready hai. Payment paane ke liye apni bank passbook details bhejein.",No,No,No
spam,Notice: aapki Electricity supply meter reading update incomplete hone ki wajah se cut off ho jayegi.,No,No,No
spam,"Aapka Punjab National Bank personal loan Rs.3,903 ka pre-approved hai. Process karne ke liye apni bank account aur Aadhaar details share karein.",No,No,No
spam,"Sorry, maine galti se galat number par Rs.793 transfer kar diya, yeh aapka account lagta hai. Kripya wapas bhej dein dajbp24@ybl par.",No,No,No
spam,"Sorry, maine galti se galat number par Rs.29,634 transfer kar diya, yeh aapka account lagta hai. Kripya wapas bhej dein yetdhxuq74@ibl par.",No,No,No
spam,"Hi, mujhe lagta hai maine kisi aur ko pay karte waqt aapko galti se Rs.8,729 bhej diya. Kripya iqlscaiq20@oksbi par wapas bhej dein, dhanyavad.",No,No,No
spam,"Galti se Rs.75,433 mere account se aapke account mein transfer ho gaye hain, jald se jald zqwnhi@paytm par refund kar dein.",No,No,No
spam,Aapki insurance policy ka maturity amount Rs.592 ready hai. Payment paane ke liye apni bank passbook details bhejein.,No,No,No
spam,LPG Subsidy Scheme Alert: Aap scheme ke tahat Rs.892 ke liye eligible hain. Claim karne ke liye apna Aadhaar aur bank account number share karein.,No,No,No
spam,"Aapka Axis Bank personal loan Rs.33,854 ka pre-approved hai. Process karne ke liye apni bank account aur Aadhaar details share karein.",No,No,No
spam,"Hi, mujhe lagta hai maine kisi aur ko pay karte waqt aapko galti se Rs.589 bhej diya. Kripya fusup92@ibl par wapas bhej dein, dhanyavad.",No,No,No
spam,"Aapke Piped Gas meter reading mein technical error ki wajah se, connection aaj raat termination ke liye scheduled hai.",No,No,No
spam,"Sorry, maine galti se galat number par Rs.6,534 transfer kar diya, yeh aapka account lagta hai. Kripya wapas bhej dein iqzpn@okicici par.",No,No,No
spam,"Badhai ho, LPG Subsidy Scheme ke tahat aapka application Rs.822 ke liye approve ho gaya hai. Disbursement ke liye apni bank details bhejein.",No,No,No
spam,"Maine galti se aapke Google Pay par Rs.968 bhej diya, kripya isse is UPI ID par refund kar dein: usruzn@okhdfcbank",No,No,No
spam,"Sorry, maine galti se galat number par Rs.719 transfer kar diya, yeh aapka account lagta hai. Kripya wapas bhej dein vgqekk73@okicici par.",No,No,No
spam,"Sorry, maine galti se galat number par Rs.29,230 transfer kar diya, yeh aapka account lagta hai. Kripya wapas bhej dein mxnim@paytm par.",No,No,No
spam,"Maine galti se aapke Google Pay par Rs.2,579 bhej diya, kripya isse is UPI ID par refund kar dein: ubukdwgf26@paytm",No,No,No
spam,"Badhai ho, Ayushman Bharat ke tahat aapka application Rs.65,532 ke liye approve ho gaya hai. Disbursement ke liye apni bank details bhejein.",No,No,No
spam,"State Scholarship Scheme Alert: Aap scheme ke tahat Rs.11,159 ke liye eligible hain. Claim karne ke liye apna Aadhaar aur bank account number share karein.",No,No,No
spam,Aapko Infosys ke saath work-from-home job ke liye select kiya gaya hai. Rs.592 ka joining bonus paane ke liye apni bank details share karein.,No,No,No
spam,"Galti se Rs.72,472 mere account se aapke account mein transfer ho gaye hain, jald se jald reltvqm72@oksbi par refund kar dein.",No,No,No
spam,"Ayushman Bharat Alert: Aap scheme ke tahat Rs.1,225 ke liye eligible hain. Claim karne ke liye apna Aadhaar aur bank account number share karein.",No,No,No
spam,"PM Ujjwala Yojana: Aapka scholarship benefit Rs.1,727 transfer ke liye ready hai. Ise paane ke liye apni bank passbook details submit karein.",No,No,No
spam,"Galti se Rs.35,943 mere account se aapke account mein transfer ho gaye hain, jald se jald mkhtoqav64@axl par refund kar dein.",No,No,No
spam,"Sorry, maine galti se galat number par Rs.88,171 transfer kar diya, yeh aapka account lagta hai. Kripya wapas bhej dein frdlpq@paytm par.",No,No,No
spam,"Aapko Flipkart ke saath work-from-home job ke liye select kiya gaya hai. Rs.3,037 ka joining bonus paane ke liye apni bank details share karein.",No,No,No
spam,"PMAY: Aapka scholarship benefit Rs.2,372 transfer ke liye ready hai. Ise paane ke liye apni bank passbook details submit karein.",No,No,No
spam,"Post Matric Scholarship: Aapka scholarship benefit Rs.66,096 transfer ke liye ready hai. Ise paane ke liye apni bank passbook details submit karein.",No,No,No
spam,"Badhai ho, State Scholarship Scheme ke tahat aapka application Rs.758 ke liye approve ho gaya hai. Disbursement ke liye apni bank details bhejein.",No,No,No
spam,"PM Kisan Samman Nidhi Alert: Aap scheme ke tahat Rs.5,525 ke liye eligible hain. Claim karne ke liye apna Aadhaar aur bank account number share karein.",No,No,No
spam,"Aapki insurance policy ka maturity amount Rs.98,906 ready hai. Payment paane ke liye apni bank passbook details bhejein.",No,No,No
spam,"Galti se Rs.854 mere account se aapke account mein transfer ho gaye hain, jald se jald baorpb14@axl par refund kar dein.",No,No,No
spam,Aapko Amazon ke saath work-from-home job ke liye select kiya gaya hai. Rs.816 ka joining bonus paane ke liye apni bank details share karein.,No,No,No
spam,Aapki insurance policy ka maturity amount Rs.713 ready hai. Payment paane ke liye apni bank passbook details bhejein.,No,No,No
spam,"Aapka Canara Bank personal loan Rs.5,340 ka pre-approved hai. Process karne ke liye apni bank account aur Aadhaar details share karein.",No,No,No
spam,"National Scholarship Portal Alert: Aap scheme ke tahat Rs.11,457 ke liye eligible hain. Claim karne ke liye apna Aadhaar aur bank account number share karein.",No,No,No
spam,LPG Subsidy Scheme: Aapka scholarship benefit Rs.693 transfer ke liye ready hai. Ise paane ke liye apni bank passbook details submit karein.,No,No,No
spam,National Scholarship Portal: Aapka scholarship benefit Rs.732 transfer ke liye ready hai. Ise paane ke liye apni bank passbook details submit karein.,No,No,No
spam,Aapko Infosys ke saath work-from-home job ke liye select kiya gaya hai. Rs.721 ka joining bonus paane ke liye apni bank details share karein.,No,No,No
spam,"Aapki insurance policy ka maturity amount Rs.1,444 ready hai. Payment paane ke liye apni bank passbook details bhejein.",No,No,No
spam,"Badhai ho, State Scholarship Scheme ke tahat aapka application Rs.3,163 ke liye approve ho gaya hai. Disbursement ke liye apni bank details bhejein.",No,No,No
spam,"Galti se Rs.2,265 mere account se aapke account mein transfer ho gaye hain, jald se jald sukbntfc48@ybl par refund kar dein.",No,No,No
spam,"Aapki insurance policy ka maturity amount Rs.29,591 ready hai. Payment paane ke liye apni bank passbook details bhejein.",No,No,No
spam,"Aapko Reliance ke saath work-from-home job ke liye select kiya gaya hai. Rs.1,839 ka joining bonus paane ke liye apni bank details share karein.",No,No,No
spam,"Aapka HDFC Bank personal loan Rs.94,201 ka pre-approved hai. Process karne ke liye apni bank account aur Aadhaar details share karein.",No,No,No
spam,"Badhai ho, National Scholarship Portal ke tahat aapka application Rs.4,728 ke liye approve ho gaya hai. Disbursement ke liye apni bank details bhejein.",No,No,No
spam,"Galti se Rs.46,729 mere account se aapke account mein transfer ho gaye hain, jald se jald pimext@axl par refund kar dein.",No,No,No
spam,"Hi, mujhe lagta hai maine kisi aur ko pay karte waqt aapko galti se Rs.8,524 bhej diya. Kripya mjtknj@oksbi par wapas bhej dein, dhanyavad.",No,No,No
spam,"State Scholarship Scheme: Aapka scholarship benefit Rs.8,973 transfer ke liye ready hai. Ise paane ke liye apni bank passbook details submit karein.",No,No,No
spam,"PM Ujjwala Yojana: Aapka scholarship benefit Rs.2,012 transfer ke liye ready hai. Ise paane ke liye apni bank passbook details submit karein.",No,No,No
spam,"Sorry, maine galti se galat number par Rs.4,214 transfer kar diya, yeh aapka account lagta hai. Kripya wapas bhej dein vrxlrka@oksbi par.",No,No,No
spam,"Badhai ho, State Scholarship Scheme ke tahat aapka application Rs.50,971 ke liye approve ho gaya hai. Disbursement ke liye apni bank details bhejein.",No,No,No
spam,"Hi, mujhe lagta hai maine kisi aur ko pay karte waqt aapko galti se Rs.26,716 bhej diya. Kripya upsdmb53@axl par wapas bhej dein, dhanyavad.",No,No,No
spam,"Sorry, maine galti se galat number par Rs.73,702 transfer kar diya, yeh aapka account lagta hai. Kripya wapas bhej dein cvodj28@ybl par.",No,No,No
spam,"Badhai ho, PMAY ke tahat aapka application Rs.35,783 ke liye approve ho gaya hai. Disbursement ke liye apni bank details bhejein.",No,No,No
spam,"Sorry, maine galti se galat number par Rs.740 transfer kar diya, yeh aapka account lagta hai. Kripya wapas bhej dein hngmwc64@axl par.",No,No,No
spam,"Badhai ho, Ayushman Bharat ke tahat aapka application Rs.72,569 ke liye approve ho gaya hai. Disbursement ke liye apni bank details bhejein.",No,No,No
spam,Aapki insurance policy ka maturity amount Rs.863 ready hai. Payment paane ke liye apni bank passbook details bhejein.,No,No,No
spam,"Badhai ho, State Scholarship Scheme ke tahat aapka application Rs.553 ke liye approve ho gaya hai. Disbursement ke liye apni bank details bhejein.",No,No,No
spam,"Galti se Rs.756 mere account se aapke account mein transfer ho gaye hain, jald se jald jsbouqzd75@ibl par refund kar dein.",No,No,No
spam,"Aapki insurance policy ka maturity amount Rs.7,399 ready hai. Payment paane ke liye apni bank passbook details bhejein.",No,No,No
spam,"PM Kisan Samman Nidhi: Aapka scholarship benefit Rs.58,080 transfer ke liye ready hai. Ise paane ke liye apni bank passbook details submit karein.",No,No,No
spam,"Aapko Infosys ke saath work-from-home job ke liye select kiya gaya hai. Rs.52,282 ka joining bonus paane ke liye apni bank details share karein.",No,No,No
spam,Aapko Wipro ke saath work-from-home job ke liye select kiya gaya hai. Rs.719 ka joining bonus paane ke liye apni bank details share karein.,No,No,No
spam,"Aapka Axis Bank personal loan Rs.75,549 ka pre-approved hai. Process karne ke liye apni bank account aur Aadhaar details share karein.",No,No,No
spam,"National Scholarship Portal: Aapka scholarship benefit Rs.4,041 transfer ke liye ready hai. Ise paane ke liye apni bank passbook details submit karein.",No,No,No
spam,Ayushman Bharat: Aapka scholarship benefit Rs.594 transfer ke liye ready hai. Ise paane ke liye apni bank passbook details submit karein.,No,No,No
spam,Aapki insurance policy ka maturity amount Rs.644 ready hai. Payment paane ke liye apni bank passbook details bhejein.,No,No,No
spam,"Maine galti se aapke PhonePe par Rs.519 bhej diya, kripya isse is UPI ID par refund kar dein: zhdqjwmf@okicici",No,No,No
spam,"National Scholarship Portal Alert: Aap scheme ke tahat Rs.16,680 ke liye eligible hain. Claim karne ke liye apna Aadhaar aur bank account number share karein.",No,No,No
spam,"Sorry, maine galti se galat number par Rs.1,082 transfer kar diya, yeh aapka account lagta hai. Kripya wapas bhej dein qiowsizw89@oksbi par.",No,No,No
spam,"Galti se Rs.1,907 mere account se aapke account mein transfer ho gaye hain, jald se jald rxdfb87@paytm par refund kar dein.",No,No,No
spam,"Sorry, maine galti se galat number par Rs.827 transfer kar diya, yeh aapka account lagta hai. Kripya wapas bhej dein gehcdc34@ibl par.",No,No,No
spam,"Aapka Electricity meter inspection overdue hai, 24 ghante mein service terminate ho jayegi.",No,No,No
spam,"Hi, mujhe lagta hai maine kisi aur ko pay karte waqt aapko galti se Rs.64,027 bhej diya. Kripya urgnzf13@oksbi par wapas bhej dein, dhanyavad.",No,No,No
spam,"Aapka Kotak Mahindra Bank personal loan Rs.44,355 ka pre-approved hai. Process karne ke liye apni bank account aur Aadhaar details share karein.",No,No,No
spam,Aapki insurance policy ka maturity amount Rs.681 ready hai. Payment paane ke liye apni bank passbook details bhejein.,No,No,No
spam,"Hi, mujhe lagta hai maine kisi aur ko pay karte waqt aapko galti se Rs.1,412 bhej diya. Kripya wpxsws@ibl par wapas bhej dein, dhanyavad.",No,No,No
spam,"Maine galti se aapke PhonePe par Rs.815 bhej diya, kripya isse is UPI ID par refund kar dein: gzzyth35@ibl",No,No,No
spam,"PM Kisan Samman Nidhi Alert: Aap scheme ke tahat Rs.9,479 ke liye eligible hain. Claim karne ke liye apna Aadhaar aur bank account number share karein.",No,No,No
spam,"Hi, mujhe lagta hai maine kisi aur ko pay karte waqt aapko galti se Rs.75,903 bhej diya. Kripya qfxkhvm@okicici par wapas bhej dein, dhanyavad.",No,No,No
spam,"Maine galti se aapke PhonePe par Rs.915 bhej diya, kripya isse is UPI ID par refund kar dein: dhjsejm61@axl",No,No,No
spam,"Hi, mujhe lagta hai maine kisi aur ko pay karte waqt aapko galti se Rs.67,106 bhej diya. Kripya rolwwlnm@ybl par wapas bhej dein, dhanyavad.",No,No,No
spam,"Aapka Kotak Mahindra Bank personal loan Rs.7,934 ka pre-approved hai. Process karne ke liye apni bank account aur Aadhaar details share karein.",No,No,No
spam,"Maine galti se aapke PhonePe par Rs.6,096 bhej diya, kripya isse is UPI ID par refund kar dein: jfpaw10@ibl",No,No,No
spam,"Aapka Canara Bank personal loan Rs.53,987 ka pre-approved hai. Process karne ke liye apni bank account aur Aadhaar details share karein.",No,No,No
spam,"Aapko Amazon ke saath work-from-home job ke liye select kiya gaya hai. Rs.77,211 ka joining bonus paane ke liye apni bank details share karein.",No,No,No
spam,"PMAY: Aapka scholarship benefit Rs.7,068 transfer ke liye ready hai. Ise paane ke liye apni bank passbook details submit karein.",No,No,No
spam,"Hi, mujhe lagta hai maine kisi aur ko pay karte waqt aapko galti se Rs.3,966 bhej diya. Kripya hvwxur@okhdfcbank par wapas bhej dein, dhanyavad.",No,No,No
spam,"Maine galti se aapke PhonePe par Rs.92,196 bhej diya, kripya isse is UPI ID par refund kar dein: gqwvpmwp@oksbi",No,No,No
spam,National Scholarship Portal: Aapka scholarship benefit Rs.980 transfer ke liye ready hai. Ise paane ke liye apni bank passbook details submit karein.,No,No,No
spam,"Maine galti se aapke PhonePe par Rs.1,014 bhej diya, kripya isse is UPI ID par refund kar dein: umquyc90@paytm",No,No,No
spam,Aapko TCS ke saath work-from-home job ke liye select kiya gaya hai. Rs.511 ka joining bonus paane ke liye apni bank details share karein.,No,No,No
spam,"Aapki insurance policy ka maturity amount Rs.6,678 ready hai. Payment paane ke liye apni bank passbook details bhejein.",No,No,No
spam,"Hi, mujhe lagta hai maine kisi aur ko pay karte waqt aapko galti se Rs.8,765 bhej diya. Kripya aftolu@ibl par wapas bhej dein, dhanyavad.",No,No,No
spam,Aapki insurance policy ka maturity amount Rs.643 ready hai. Payment paane ke liye apni bank passbook details bhejein.,No,No,No
spam,"Aapko HCL ke saath work-from-home job ke liye select kiya gaya hai. Rs.21,366 ka joining bonus paane ke liye apni bank details share karein.",No,No,No
spam,Aapko HCL ke saath work-from-home job ke liye select kiya gaya hai. Rs.805 ka joining bonus paane ke liye apni bank details share karein.,No,No,No
spam,"Hi, mujhe lagta hai maine kisi aur ko pay karte waqt aapko galti se Rs.1,800 bhej diya. Kripya fvepr@okicici par wapas bhej dein, dhanyavad.",No,No,No
spam,"Sorry, maine galti se galat number par Rs.967 transfer kar diya, yeh aapka account lagta hai. Kripya wapas bhej dein iygzlotr@ibl par.",No,No,No
spam,"Hi, mujhe lagta hai maine kisi aur ko pay karte waqt aapko galti se Rs.85,534 bhej diya. Kripya ozkxb56@oksbi par wapas bhej dein, dhanyavad.",No,No,No
spam,"State Scholarship Scheme Alert: Aap scheme ke tahat Rs.13,518 ke liye eligible hain. Claim karne ke liye apna Aadhaar aur bank account number share karein.",No,No,No
spam,"Badhai ho, PM Ujjwala Yojana ke tahat aapka application Rs.2,591 ke liye approve ho gaya hai. Disbursement ke liye apni bank details bhejein.",No,No,No
spam,"Maine galti se aapke Amazon Pay par Rs.944 bhej diya, kripya isse is UPI ID par refund kar dein: gfymyp@okicici",No,No,No
spam,"PM Kisan Samman Nidhi: Aapka scholarship benefit Rs.7,223 transfer ke liye ready hai. Ise paane ke liye apni bank passbook details submit karein.",No,No,No
spam,Aapka Bank of Baroda personal loan Rs.830 ka pre-approved hai. Process karne ke liye apni bank account aur Aadhaar details share karein.,No,No,No
spam,Ayushman Bharat Alert: Aap scheme ke tahat Rs.989 ke liye eligible hain. Claim karne ke liye apna Aadhaar aur bank account number share karein.,No,No,No
spam,"Aapka SBI personal loan Rs.80,856 ka pre-approved hai. Process karne ke liye apni bank account aur Aadhaar details share karein.",No,No,No
spam,"Aapka Punjab National Bank personal loan Rs.8,174 ka pre-approved hai. Process karne ke liye apni bank account aur Aadhaar details share karein.",No,No,No
spam,"Badhai ho, Ayushman Bharat ke tahat aapka application Rs.7,478 ke liye approve ho gaya hai. Disbursement ke liye apni bank details bhejein.",No,No,No
spam,"PMAY: Aapka scholarship benefit Rs.2,257 transfer ke liye ready hai. Ise paane ke liye apni bank passbook details submit karein.",No,No,No
spam,"National Scholarship Portal: Aapka scholarship benefit Rs.72,425 transfer ke liye ready hai. Ise paane ke liye apni bank passbook details submit karein.",No,No,No
spam,"Sorry, maine galti se galat number par Rs.60,219 transfer kar diya, yeh aapka account lagta hai. Kripya wapas bhej dein rzuswxn@ybl par.",No,No,No
spam,"Badhai ho, PM Kisan Samman Nidhi ke tahat aapka application Rs.77,921 ke liye approve ho gaya hai. Disbursement ke liye apni bank details bhejein.",No,No,No
spam,Final notice: aapke address ka Electricity connection unverified meter details ki wajah se disconnect ho jayega.,No,No,No
spam,"Hi, mujhe lagta hai maine kisi aur ko pay karte waqt aapko galti se Rs.72,188 bhej diya. Kripya wdpzdg92@oksbi par wapas bhej dein, dhanyavad.",No,No,No
spam,"Galti se Rs.861 mere account se aapke account mein transfer ho gaye hain, jald se jald tazdbiu@okicici par refund kar dein.",No,No,No
spam,"Galti se Rs.625 mere account se aapke account mein transfer ho gaye hain, jald se jald tpnpcvqn@paytm par refund kar dein.",No,No,No
spam,"Badhai ho, LPG Subsidy Scheme ke tahat aapka application Rs.8,640 ke liye approve ho gaya hai. Disbursement ke liye apni bank details bhejein.",No,No,No
spam,"Aapki insurance policy ka maturity amount Rs.77,411 ready hai. Payment paane ke liye apni bank passbook details bhejein.",No,No,No
spam,"Maine galti se aapke PhonePe par Rs.568 bhej diya, kripya isse is UPI ID par refund kar dein: tgppzbmj24@paytm",No,No,No
spam,"Sorry, maine galti se galat number par Rs.886 transfer kar diya, yeh aapka account lagta hai. Kripya wapas bhej dein vxrrnftr75@axl par.",No,No,No
spam,"Badhai ho, LPG Subsidy Scheme ke tahat aapka application Rs.580 ke liye approve ho gaya hai. Disbursement ke liye apni bank details bhejein.",No,No,No
spam,"Aapka Bank of Baroda personal loan Rs.80,373 ka pre-approved hai. Process karne ke liye apni bank account aur Aadhaar details share karein.",No,No,No
spam,"Badhai ho, National Scholarship Portal ke tahat aapka application Rs.9,553 ke liye approve ho gaya hai. Disbursement ke liye apni bank details bhejein.",No,No,No
spam,National Scholarship Portal Alert: Aap scheme ke tahat Rs.638 ke liye eligible hain. Claim karne ke liye apna Aadhaar aur bank account number share karein.,No,No,No
spam,"PM Kisan Samman Nidhi Alert: Aap scheme ke tahat Rs.9,756 ke liye eligible hain. Claim karne ke liye apna Aadhaar aur bank account number share karein.",No,No,No
spam,"Galti se Rs.5,745 mere account se aapke account mein transfer ho gaye hain, jald se jald ocnlpdox@okhdfcbank par refund kar dein.",No,No,No
spam,"Badhai ho, National Scholarship Portal ke tahat aapka application Rs.589 ke liye approve ho gaya hai. Disbursement ke liye apni bank details bhejein.",No,No,No
spam,"Badhai ho, Post Matric Scholarship ke tahat aapka application Rs.40,939 ke liye approve ho gaya hai. Disbursement ke liye apni bank details bhejein.",No,No,No
spam,"PMAY Alert: Aap scheme ke tahat Rs.8,861 ke liye eligible hain. Claim karne ke liye apna Aadhaar aur bank account number share karein.",No,No,No
spam,"Badhai ho, Ayushman Bharat ke tahat aapka application Rs.16,435 ke liye approve ho gaya hai. Disbursement ke liye apni bank details bhejein.",No,No,No
spam,Aapko HCL ke saath work-from-home job ke liye select kiya gaya hai. Rs.816 ka joining bonus paane ke liye apni bank details share karein.,No,No,No
spam,"Badhai ho, Ayushman Bharat ke tahat aapka application Rs.16,952 ke liye approve ho gaya hai. Disbursement ke liye apni bank details bhejein.",No,No,No
spam,Aapki insurance policy ka maturity amount Rs.804 ready hai. Payment paane ke liye apni bank passbook details bhejein.,No,No,No
spam,"Badhai ho, Post Matric Scholarship ke tahat aapka application Rs.709 ke liye approve ho gaya hai. Disbursement ke liye apni bank details bhejein.",No,No,No
spam,"Hi, mujhe lagta hai maine kisi aur ko pay karte waqt aapko galti se Rs.63,829 bhej diya. Kripya rjjoc@okicici par wapas bhej dein, dhanyavad.",No,No,No
spam,"Galti se Rs.747 mere account se aapke account mein transfer ho gaye hain, jald se jald frtwz60@ibl par refund kar dein.",No,No,No
spam,"Aapka HDFC Bank personal loan Rs.1,418 ka pre-approved hai. Process karne ke liye apni bank account aur Aadhaar details share karein.",No,No,No
spam,"Badhai ho, PM Ujjwala Yojana ke tahat aapka application Rs.57,380 ke liye approve ho gaya hai. Disbursement ke liye apni bank details bhejein.",No,No,No
spam,"PM Kisan Samman Nidhi Alert: Aap scheme ke tahat Rs.41,085 ke liye eligible hain. Claim karne ke liye apna Aadhaar aur bank account number share karein.",No,No,No
spam,"Aapka ICICI Bank personal loan Rs.1,452 ka pre-approved hai. Process karne ke liye apni bank account aur Aadhaar details share karein.",No,No,No
spam,"Aapka HDFC Bank personal loan Rs.50,580 ka pre-approved hai. Process karne ke liye apni bank account aur Aadhaar details share karein.",No,No,No
spam,Aapki insurance policy ka maturity amount Rs.785 ready hai. Payment paane ke liye apni bank passbook details bhejein.,No,No,No
spam,"Maine galti se aapke PhonePe par Rs.32,734 bhej diya, kripya isse is UPI ID par refund kar dein: mhxvg71@ibl",No,No,No
spam,"Hi, mujhe lagta hai maine kisi aur ko pay karte waqt aapko galti se Rs.8,749 bhej diya. Kripya ldrsb@axl par wapas bhej dein, dhanyavad.",No,No,No
spam,"Aapka SBI personal loan Rs.4,829 ka pre-approved hai. Process karne ke liye apni bank account aur Aadhaar details share karein.",No,No,No
spam,"Hi, mujhe lagta hai maine kisi aur ko pay karte waqt aapko galti se Rs.2,152 bhej diya. Kripya mdnuqwjy@okhdfcbank par wapas bhej dein, dhanyavad.",No,No,No
spam,Aapki insurance policy ka maturity amount Rs.871 ready hai. Payment paane ke liye apni bank passbook details bhejein.,No,No,No
spam,"Maine galti se aapke Amazon Pay par Rs.1,699 bhej diya, kripya isse is UPI ID par refund kar dein: lurxvdk22@okicici",No,No,No
spam,Aapka ICICI Bank personal loan Rs.722 ka pre-approved hai. Process karne ke liye apni bank account aur Aadhaar details share karein.,No,No,No
spam,"Maine galti se aapke Amazon Pay par Rs.60,006 bhej diya, kripya isse is UPI ID par refund kar dein: sukgh@okhdfcbank",No,No,No
spam,"State Scholarship Scheme Alert: Aap scheme ke tahat Rs.38,824 ke liye eligible hain. Claim karne ke liye apna Aadhaar aur bank account number share karein.",No,No,No
spam,"Aapko Flipkart ke saath work-from-home job ke liye select kiya gaya hai. Rs.35,959 ka joining bonus paane ke liye apni bank details share karein.",No,No,No
spam,"Hi, mujhe lagta hai maine kisi aur ko pay karte waqt aapko galti se Rs.638 bhej diya. Kripya tajictk11@oksbi par wapas bhej dein, dhanyavad.",No,No,No
spam,"Sorry, maine galti se galat number par Rs.14,797 transfer kar diya, yeh aapka account lagta hai. Kripya wapas bhej dein cezgnwun40@okhdfcbank par.",No,No,No
spam,"Aapka Punjab National Bank personal loan Rs.8,023 ka pre-approved hai. Process karne ke liye apni bank account aur Aadhaar details share karein.",No,No,No
spam,"Sorry, maine galti se galat number par Rs.86,842 transfer kar diya, yeh aapka account lagta hai. Kripya wapas bhej dein dfkyfb63@ibl par.",No,No,No
spam,"Galti se Rs.3,159 mere account se aapke account mein transfer ho gaye hain, jald se jald unerh87@ibl par refund kar dein.",No,No,No
spam,"Badhai ho, PM Kisan Samman Nidhi ke tahat aapka application Rs.7,104 ke liye approve ho gaya hai. Disbursement ke liye apni bank details bhejein.",No,No,No
spam,"Hi, mujhe lagta hai maine kisi aur ko pay karte waqt aapko galti se Rs.86,898 bhej diya. Kripya rlhsxihc14@okhdfcbank par wapas bhej dein, dhanyavad.",No,No,No
spam,"Hi, mujhe lagta hai maine kisi aur ko pay karte waqt aapko galti se Rs.10,010 bhej diya. Kripya ycczuid@paytm par wapas bhej dein, dhanyavad.",No,No,No
spam,"Badhai ho, PM Kisan Samman Nidhi ke tahat aapka application Rs.865 ke liye approve ho gaya hai. Disbursement ke liye apni bank details bhejein.",No,No,No
spam,"Hi, mujhe lagta hai maine kisi aur ko pay karte waqt aapko galti se Rs.501 bhej diya. Kripya emileltk@ybl par wapas bhej dein, dhanyavad.",No,No,No
spam,"Maine galti se aapke Google Pay par Rs.858 bhej diya, kripya isse is UPI ID par refund kar dein: stgrfsg@okicici",No,No,No
spam,"Maine galti se aapke Google Pay par Rs.971 bhej diya, kripya isse is UPI ID par refund kar dein: cmtyjmfi@ibl",No,No,No
spam,"Galti se Rs.82,466 mere account se aapke account mein transfer ho gaye hain, jald se jald odaslxk@okicici par refund kar dein.",No,No,No
spam,"Maine galti se aapke Google Pay par Rs.9,318 bhej diya, kripya isse is UPI ID par refund kar dein: stufml@oksbi",No,No,No
spam,Aapki insurance policy ka maturity amount Rs.798 ready hai. Payment paane ke liye apni bank passbook details bhejein.,No,No,No
spam,"PMAY: Aapka scholarship benefit Rs.1,732 transfer ke liye ready hai. Ise paane ke liye apni bank passbook details submit karein.",No,No,No
spam,PMAY: Aapka scholarship benefit Rs.793 transfer ke liye ready hai. Ise paane ke liye apni bank passbook details submit karein.,No,No,No
spam,Aapka Axis Bank personal loan Rs.597 ka pre-approved hai. Process karne ke liye apni bank account aur Aadhaar details share karein.,No,No,No
spam,"Maine galti se aapke Amazon Pay par Rs.987 bhej diya, kripya isse is UPI ID par refund kar dein: yjsvq94@oksbi",No,No,No
spam,"Maine galti se aapke Amazon Pay par Rs.775 bhej diya, kripya isse is UPI ID par refund kar dein: qrvckyj93@okhdfcbank",No,No,No
spam,"Badhai ho, PMAY ke tahat aapka application Rs.51,642 ke liye approve ho gaya hai. Disbursement ke liye apni bank details bhejein.",No,No,No
spam,"Aapko Amazon ke saath work-from-home job ke liye select kiya gaya hai. Rs.2,552 ka joining bonus paane ke liye apni bank details share karein.",No,No,No
spam,"PM Ujjwala Yojana Alert: Aap scheme ke tahat Rs.37,334 ke liye eligible hain. Claim karne ke liye apna Aadhaar aur bank account number share karein.",No,No,No
spam,PMAY: Aapka scholarship benefit Rs.815 transfer ke liye ready hai. Ise paane ke liye apni bank passbook details submit karein.,No,No,No
spam,"Hi, mujhe lagta hai maine kisi aur ko pay karte waqt aapko galti se Rs.32,184 bhej diya. Kripya olfbsbp@paytm par wapas bhej dein, dhanyavad.",No,No,No
spam,Aapko TCS ke saath work-from-home job ke liye select kiya gaya hai. Rs.912 ka joining bonus paane ke liye apni bank details share karein.,No,No,No
spam,"Hi, mujhe lagta hai maine kisi aur ko pay karte waqt aapko galti se Rs.768 bhej diya. Kripya ryprnpiw52@ibl par wapas bhej dein, dhanyavad.",No,No,No
spam,"Aapka Canara Bank personal loan Rs.95,430 ka pre-approved hai. Process karne ke liye apni bank account aur Aadhaar details share karein.",No,No,No
spam,"Aapki insurance policy ka maturity amount Rs.5,062 ready hai. Payment paane ke liye apni bank passbook details bhejein.",No,No,No
spam,"PM Kisan Samman Nidhi Alert: Aap scheme ke tahat Rs.7,246 ke liye eligible hain. Claim karne ke liye apna Aadhaar aur bank account number share karein.",No,No,No
spam,"Aapko Amazon ke saath work-from-home job ke liye select kiya gaya hai. Rs.83,968 ka joining bonus paane ke liye apni bank details share karein.",No,No,No
spam,"State Scholarship Scheme: Aapka scholarship benefit Rs.4,053 transfer ke liye ready hai. Ise paane ke liye apni bank passbook details submit karein.",No,No,No
spam,"Maine galti se aapke PhonePe par Rs.873 bhej diya, kripya isse is UPI ID par refund kar dein: lwwtwj81@axl",No,No,No
spam,"PMAY: Aapka scholarship benefit Rs.5,531 transfer ke liye ready hai. Ise paane ke liye apni bank passbook details submit karein.",No,No,No
spam,"Maine galti se aapke PhonePe par Rs.1,464 bhej diya, kripya isse is UPI ID par refund kar dein: zjiayxsu@ibl",No,No,No
spam,"Hi, mujhe lagta hai maine kisi aur ko pay karte waqt aapko galti se Rs.604 bhej diya. Kripya udpkqbx@axl par wapas bhej dein, dhanyavad.",No,No,No
spam,Aapko Wipro ke saath work-from-home job ke liye select kiya gaya hai. Rs.684 ka joining bonus paane ke liye apni bank details share karein.,No,No,No
spam,"LPG Subsidy Scheme: Aapka scholarship benefit Rs.96,611 transfer ke liye ready hai. Ise paane ke liye apni bank passbook details submit karein.",No,No,No
spam,Aapka Canara Bank personal loan Rs.591 ka pre-approved hai. Process karne ke liye apni bank account aur Aadhaar details share karein.,No,No,No
spam,"Badhai ho, LPG Subsidy Scheme ke tahat aapka application Rs.33,095 ke liye approve ho gaya hai. Disbursement ke liye apni bank details bhejein.",No,No,No
spam,"Aapki insurance policy ka maturity amount Rs.7,615 ready hai. Payment paane ke liye apni bank passbook details bhejein.",No,No,No
spam,"Badhai ho, PMAY ke tahat aapka application Rs.72,498 ke liye approve ho gaya hai. Disbursement ke liye apni bank details bhejein.",No,No,No
spam,"Hi, mujhe lagta hai maine kisi aur ko pay karte waqt aapko galti se Rs.911 bhej diya. Kripya uendpsju16@oksbi par wapas bhej dein, dhanyavad.",No,No,No
spam,"Hi, mujhe lagta hai maine kisi aur ko pay karte waqt aapko galti se Rs.9,918 bhej diya. Kripya bnhvlapm72@ibl par wapas bhej dein, dhanyavad.",No,No,No
spam,Aapko HCL ke saath work-from-home job ke liye select kiya gaya hai. Rs.747 ka joining bonus paane ke liye apni bank details share karein.,No,No,No
spam,"Galti se Rs.891 mere account se aapke account mein transfer ho gaye hain, jald se jald nehgxqjr30@ibl par refund kar dein.",No,No,No
spam,Aapka Canara Bank personal loan Rs.711 ka pre-approved hai. Process karne ke liye apni bank account aur Aadhaar details share karein.,No,No,No
spam,"Hi, mujhe lagta hai maine kisi aur ko pay karte waqt aapko galti se Rs.55,857 bhej diya. Kripya ecjotvc@okhdfcbank par wapas bhej dein, dhanyavad.",No,No,No
spam,"Maine galti se aapke PhonePe par Rs.68,968 bhej diya, kripya isse is UPI ID par refund kar dein: mxxmhns31@axl",No,No,No
spam,"Sorry, maine galti se galat number par Rs.2,259 transfer kar diya, yeh aapka account lagta hai. Kripya wapas bhej dein gqgav74@ybl par.",No,No,No
spam,"Badhai ho, LPG Subsidy Scheme ke tahat aapka application Rs.550 ke liye approve ho gaya hai. Disbursement ke liye apni bank details bhejein.",No,No,No
spam,"Maine galti se aapke Paytm par Rs.4,444 bhej diya, kripya isse is UPI ID par refund kar dein: xjypr@oksbi",No,No,No
spam,"Aapko Flipkart ke saath work-from-home job ke liye select kiya gaya hai. Rs.2,087 ka joining bonus paane ke liye apni bank details share karein.",No,No,No
spam,"Maine galti se aapke PhonePe par Rs.92,374 bhej diya, kripya isse is UPI ID par refund kar dein: amjjjfpg@ibl",No,No,No
spam,"Aapko Reliance ke saath work-from-home job ke liye select kiya gaya hai. Rs.5,588 ka joining bonus paane ke liye apni bank details share karein.",No,No,No
spam,"Aapki insurance policy ka maturity amount Rs.42,091 ready hai. Payment paane ke liye apni bank passbook details bhejein.",No,No,No
spam,"Hi, mujhe lagta hai maine kisi aur ko pay karte waqt aapko galti se Rs.89,353 bhej diya. Kripya wbjwyyl44@okhdfcbank par wapas bhej dein, dhanyavad.",No,No,No
spam,State Scholarship Scheme: Aapka scholarship benefit Rs.654 transfer ke liye ready hai. Ise paane ke liye apni bank passbook details submit karein.,No,No,No
spam,"Sorry, maine galti se galat number par Rs.7,951 transfer kar diya, yeh aapka account lagta hai. Kripya wapas bhej dein kcexad@okicici par.",No,No,No
spam,"Aapki insurance policy ka maturity amount Rs.80,658 ready hai. Payment paane ke liye apni bank passbook details bhejein.",No,No,No
spam,"Aapki insurance policy ka maturity amount Rs.7,067 ready hai. Payment paane ke liye apni bank passbook details bhejein.",No,No,No
spam,PM Kisan Samman Nidhi: Aapka scholarship benefit Rs.923 transfer ke liye ready hai. Ise paane ke liye apni bank passbook details submit karein.,No,No,No
spam,LPG Subsidy Scheme: Aapka scholarship benefit Rs.812 transfer ke liye ready hai. Ise paane ke liye apni bank passbook details submit karein.,No,No,No
spam,"Badhai ho, National Scholarship Portal ke tahat aapka application Rs.8,472 ke liye approve ho gaya hai. Disbursement ke liye apni bank details bhejein.",No,No,No
spam,"Hi, mujhe lagta hai maine kisi aur ko pay karte waqt aapko galti se Rs.45,962 bhej diya. Kripya zczmqc52@oksbi par wapas bhej dein, dhanyavad.",No,No,No
spam,"Aapki insurance policy ka maturity amount Rs.76,233 ready hai. Payment paane ke liye apni bank passbook details bhejein.",No,No,No
spam,"Badhai ho, PM Kisan Samman Nidhi ke tahat aapka application Rs.90,114 ke liye approve ho gaya hai. Disbursement ke liye apni bank details bhejein.",No,No,No
spam,"Aapki insurance policy ka maturity amount Rs.98,251 ready hai. Payment paane ke liye apni bank passbook details bhejein.",No,No,No
spam,"Aapka Bank of Baroda personal loan Rs.4,780 ka pre-approved hai. Process karne ke liye apni bank account aur Aadhaar details share karein.",No,No,No
spam,"Maine galti se aapke Google Pay par Rs.34,455 bhej diya, kripya isse is UPI ID par refund kar dein: upulylxo@okicici",No,No,No
spam,"Ayushman Bharat Alert: Aap scheme ke tahat Rs.1,151 ke liye eligible hain. Claim karne ke liye apna Aadhaar aur bank account number share karein.",No,No,No
spam,Aapka ICICI Bank personal loan Rs.853 ka pre-approved hai. Process karne ke liye apni bank account aur Aadhaar details share karein.,No,No,No
spam,Aapko TCS ke saath work-from-home job ke liye select kiya gaya hai. Rs.890 ka joining bonus paane ke liye apni bank details share karein.,No,No,No
spam,"Sorry, maine galti se galat number par Rs.81,714 transfer kar diya, yeh aapka account lagta hai. Kripya wapas bhej dein jcwut@ybl par.",No,No,No
spam,"Badhai ho, Post Matric Scholarship ke tahat aapka application Rs.617 ke liye approve ho gaya hai. Disbursement ke liye apni bank details bhejein.",No,No,No
spam,"Aapka Canara Bank personal loan Rs.8,879 ka pre-approved hai. Process karne ke liye apni bank account aur Aadhaar details share karein.",No,No,No
spam,"Sorry, maine galti se galat number par Rs.4,543 transfer kar diya, yeh aapka account lagta hai. Kripya wapas bhej dein fktezu@okicici par.",No,No,No
spam,"Aapko Wipro ke saath work-from-home job ke liye select kiya gaya hai. Rs.44,442 ka joining bonus paane ke liye apni bank details share karein.",No,No,No
spam,"Aapki insurance policy ka maturity amount Rs.33,864 ready hai. Payment paane ke liye apni bank passbook details bhejein.",No,No,No
spam,"Galti se Rs.918 mere account se aapke account mein transfer ho gaye hain, jald se jald qmkmpy91@ibl par refund kar dein.",No,No,No
spam,"Sorry, maine galti se galat number par Rs.1,223 transfer kar diya, yeh aapka account lagta hai. Kripya wapas bhej dein mqphc@ybl par.",No,No,No
spam,"Aapki insurance policy ka maturity amount Rs.71,715 ready hai. Payment paane ke liye apni bank passbook details bhejein.",No,No,No
spam,"Maine galti se aapke Paytm par Rs.7,011 bhej diya, kripya isse is UPI ID par refund kar dein: ygfwqj34@okhdfcbank",No,No,No
spam,"Aapko Amazon ke saath work-from-home job ke liye select kiya gaya hai. Rs.4,496 ka joining bonus paane ke liye apni bank details share karein.",No,No,No
spam,"Maine galti se aapke PhonePe par Rs.2,555 bhej diya, kripya isse is UPI ID par refund kar dein: lodrblgq@okicici",No,No,No
spam,"PM Kisan Samman Nidhi: Aapka scholarship benefit Rs.51,693 transfer ke liye ready hai. Ise paane ke liye apni bank passbook details submit karein.",No,No,No
spam,"Aapka Kotak Mahindra Bank personal loan Rs.36,266 ka pre-approved hai. Process karne ke liye apni bank account aur Aadhaar details share karein.",No,No,No
spam,"Hi, mujhe lagta hai maine kisi aur ko pay karte waqt aapko galti se Rs.82,144 bhej diya. Kripya xqejxj42@okhdfcbank par wapas bhej dein, dhanyavad.",No,No,No
spam,"Aapka Bank of Baroda personal loan Rs.85,542 ka pre-approved hai. Process karne ke liye apni bank account aur Aadhaar details share karein.",No,No,No
spam,Aapko HCL ke saath work-from-home job ke liye select kiya gaya hai. Rs.953 ka joining bonus paane ke liye apni bank details share karein.,No,No,No
spam,"Hi, mujhe lagta hai maine kisi aur ko pay karte waqt aapko galti se Rs.9,739 bhej diya. Kripya mzofo@paytm par wapas bhej dein, dhanyavad.",No,No,No
spam,"Galti se Rs.3,956 mere account se aapke account mein transfer ho gaye hain, jald se jald tcszk49@ybl par refund kar dein.",No,No,No
spam,"Aapka Axis Bank personal loan Rs.49,043 ka pre-approved hai. Process karne ke liye apni bank account aur Aadhaar details share karein.",No,No,No
spam,"Maine galti se aapke Google Pay par Rs.5,938 bhej diya, kripya isse is UPI ID par refund kar dein: weghozs@okhdfcbank",No,No,No
spam,"Hi, mujhe lagta hai maine kisi aur ko pay karte waqt aapko galti se Rs.7,912 bhej diya. Kripya zmguawzz78@axl par wapas bhej dein, dhanyavad.",No,No,No
spam,"Galti se Rs.29,979 mere account se aapke account mein transfer ho gaye hain, jald se jald nrpydfvj@paytm par refund kar dein.",No,No,No
spam,"Hi, mujhe lagta hai maine kisi aur ko pay karte waqt aapko galti se Rs.785 bhej diya. Kripya rsxeb@axl par wapas bhej dein, dhanyavad.",No,No,No
spam,"National Scholarship Portal Alert: Aap scheme ke tahat Rs.16,961 ke liye eligible hain. Claim karne ke liye apna Aadhaar aur bank account number share karein.",No,No,No
spam,"Badhai ho, PM Kisan Samman Nidhi ke tahat aapka application Rs.2,324 ke liye approve ho gaya hai. Disbursement ke liye apni bank details bhejein.",No,No,No
spam,Aapko Flipkart ke saath work-from-home job ke liye select kiya gaya hai. Rs.745 ka joining bonus paane ke liye apni bank details share karein.,No,No,No
spam,"Maine galti se aapke PhonePe par Rs.3,423 bhej diya, kripya isse is UPI ID par refund kar dein: tqfpurdg@okicici",No,No,No
spam,"Hi, mujhe lagta hai maine kisi aur ko pay karte waqt aapko galti se Rs.801 bhej diya. Kripya krfhdwu@ybl par wapas bhej dein, dhanyavad.",No,No,No
spam,"Aapki insurance policy ka maturity amount Rs.96,528 ready hai. Payment paane ke liye apni bank passbook details bhejein.",No,No,No
spam,"Sorry, maine galti se galat number par Rs.32,425 transfer kar diya, yeh aapka account lagta hai. Kripya wapas bhej dein pvqapmss26@axl par.",No,No,No
spam,"National Scholarship Portal Alert: Aap scheme ke tahat Rs.6,670 ke liye eligible hain. Claim karne ke liye apna Aadhaar aur bank account number share karein.",No,No,No
spam,"National Scholarship Portal Alert: Aap scheme ke tahat Rs.7,442 ke liye eligible hain. Claim karne ke liye apna Aadhaar aur bank account number share karein.",No,No,No
spam,"Badhai ho, Ayushman Bharat ke tahat aapka application Rs.69,432 ke liye approve ho gaya hai. Disbursement ke liye apni bank details bhejein.",No,No,No
spam,"Maine galti se aapke Paytm par Rs.600 bhej diya, kripya isse is UPI ID par refund kar dein: wnhxljuy68@ibl",No,No,No
spam,National Scholarship Portal Alert: Aap scheme ke tahat Rs.712 ke liye eligible hain. Claim karne ke liye apna Aadhaar aur bank account number share karein.,No,No,No
spam,"Aapki insurance policy ka maturity amount Rs.18,365 ready hai. Payment paane ke liye apni bank passbook details bhejein.",No,No,No
spam,"Ayushman Bharat: Aapka scholarship benefit Rs.83,541 transfer ke liye ready hai. Ise paane ke liye apni bank passbook details submit karein.",No,No,No
spam,"Hi, mujhe lagta hai maine kisi aur ko pay karte waqt aapko galti se Rs.678 bhej diya. Kripya lslryuom74@paytm par wapas bhej dein, dhanyavad.",No,No,No
spam,"Sorry, maine galti se galat number par Rs.1,312 transfer kar diya, yeh aapka account lagta hai. Kripya wapas bhej dein wlllnef@ybl par.",No,No,No
spam,"Aapki insurance policy ka maturity amount Rs.7,404 ready hai. Payment paane ke liye apni bank passbook details bhejein.",No,No,No
spam,"Hi, mujhe lagta hai maine kisi aur ko pay karte waqt aapko galti se Rs.910 bhej diya. Kripya aoljln@okicici par wapas bhej dein, dhanyavad.",No,No,No
spam,"Maine galti se aapke Paytm par Rs.2,385 bhej diya, kripya isse is UPI ID par refund kar dein: pzoobf96@okhdfcbank",No,No,No
spam,"Maine galti se aapke Amazon Pay par Rs.63,723 bhej diya, kripya isse is UPI ID par refund kar dein: yfjfeu29@okhdfcbank",No,No,No
spam,"Aapko TCS ke saath work-from-home job ke liye select kiya gaya hai. Rs.1,434 ka joining bonus paane ke liye apni bank details share karein.",No,No,No
spam,"Aapka SBI personal loan Rs.4,425 ka pre-approved hai. Process karne ke liye apni bank account aur Aadhaar details share karein.",No,No,No
spam,"Hi, mujhe lagta hai maine kisi aur ko pay karte waqt aapko galti se Rs.1,395 bhej diya. Kripya chzrlu@paytm par wapas bhej dein, dhanyavad.",No,No,No
spam,"State Scholarship Scheme: Aapka scholarship benefit Rs.9,612 transfer ke liye ready hai. Ise paane ke liye apni bank passbook details submit karein.",No,No,No
spam,"Hi, mujhe lagta hai maine kisi aur ko pay karte waqt aapko galti se Rs.598 bhej diya. Kripya rtaft@okicici par wapas bhej dein, dhanyavad.",No,No,No
spam,"Badhai ho, State Scholarship Scheme ke tahat aapka application Rs.6,559 ke liye approve ho gaya hai. Disbursement ke liye apni bank details bhejein.",No,No,No
spam,"Aapko Infosys ke saath work-from-home job ke liye select kiya gaya hai. Rs.3,491 ka joining bonus paane ke liye apni bank details share karein.",No,No,No
spam,"Maine galti se aapke Google Pay par Rs.9,767 bhej diya, kripya isse is UPI ID par refund kar dein: mwuhrc@ybl",No,No,No
spam,"Aapki insurance policy ka maturity amount Rs.42,703 ready hai. Payment paane ke liye apni bank passbook details bhejein.",No,No,No
spam,PM Kisan Samman Nidhi: Aapka scholarship benefit Rs.732 transfer ke liye ready hai. Ise paane ke liye apni bank passbook details submit karein.,No,No,No
spam,"Aapka HDFC Bank personal loan Rs.3,776 ka pre-approved hai. Process karne ke liye apni bank account aur Aadhaar details share karein.",No,No,No
spam,"Maine galti se aapke Paytm par Rs.974 bhej diya, kripya isse is UPI ID par refund kar dein: dzsksg@oksbi",No,No,No
spam,"Post Matric Scholarship Alert: Aap scheme ke tahat Rs.28,062 ke liye eligible hain. Claim karne ke liye apna Aadhaar aur bank account number share karein.",No,No,No
spam,"LPG Subsidy Scheme: Aapka scholarship benefit Rs.4,079 transfer ke liye ready hai. Ise paane ke liye apni bank passbook details submit karein.",No,No,No
spam,"Post Matric Scholarship Alert: Aap scheme ke tahat Rs.80,837 ke liye eligible hain. Claim karne ke liye apna Aadhaar aur bank account number share karein.",No,No,No
spam,"PMAY: Aapka scholarship benefit Rs.79,377 transfer ke liye ready hai. Ise paane ke liye apni bank passbook details submit karein.",No,No,No
spam,"Aapki insurance policy ka maturity amount Rs.3,296 ready hai. Payment paane ke liye apni bank passbook details bhejein.",No,No,No
spam,"Badhai ho, PM Ujjwala Yojana ke tahat aapka application Rs.849 ke liye approve ho gaya hai. Disbursement ke liye apni bank details bhejein.",No,No,No
spam,PM Kisan Samman Nidhi Alert: Aap scheme ke tahat Rs.581 ke liye eligible hain. Claim karne ke liye apna Aadhaar aur bank account number share karein.,No,No,No
spam,"Aapko Infosys ke saath work-from-home job ke liye select kiya gaya hai. Rs.7,496 ka joining bonus paane ke liye apni bank details share karein.",No,No,No
spam,State Scholarship Scheme Alert: Aap scheme ke tahat Rs.625 ke liye eligible hain. Claim karne ke liye apna Aadhaar aur bank account number share karein.,No,No,No
spam,"Maine galti se aapke Google Pay par Rs.21,127 bhej diya, kripya isse is UPI ID par refund kar dein: csdny@okhdfcbank",No,No,No
spam,"Hi, mujhe lagta hai maine kisi aur ko pay karte waqt aapko galti se Rs.2,153 bhej diya. Kripya nnpub79@ibl par wapas bhej dein, dhanyavad.",No,No,No
spam,"Sorry, maine galti se galat number par Rs.2,047 transfer kar diya, yeh aapka account lagta hai. Kripya wapas bhej dein dcyqhz@okicici par.",No,No,No
spam,Aapki insurance policy ka maturity amount Rs.908 ready hai. Payment paane ke liye apni bank passbook details bhejein.,No,No,No
spam,"Maine galti se aapke Paytm par Rs.519 bhej diya, kripya isse is UPI ID par refund kar dein: xihucl@axl",No,No,No
spam,State Scholarship Scheme: Aapka scholarship benefit Rs.702 transfer ke liye ready hai. Ise paane ke liye apni bank passbook details submit karein.,No,No,No
spam,"Galti se Rs.37,302 mere account se aapke account mein transfer ho gaye hain, jald se jald xtzkxm@ybl par refund kar dein.",No,No,No
spam,PM Ujjwala Yojana: Aapka scholarship benefit Rs.531 transfer ke liye ready hai. Ise paane ke liye apni bank passbook details submit karein.,No,No,No
spam,"Hi, mujhe lagta hai maine kisi aur ko pay karte waqt aapko galti se Rs.29,174 bhej diya. Kripya jyzpufrt@okhdfcbank par wapas bhej dein, dhanyavad.",No,No,No
spam,"Galti se Rs.639 mere account se aapke account mein transfer ho gaye hain, jald se jald omxafng@ibl par refund kar dein.",No,No,No
spam,"Sorry, maine galti se galat number par Rs.7,183 transfer kar diya, yeh aapka account lagta hai. Kripya wapas bhej dein dqwqkpn@ibl par.",No,No,No
spam,"Maine galti se aapke Paytm par Rs.809 bhej diya, kripya isse is UPI ID par refund kar dein: dmiubdld58@okicici",No,No,No
spam,"Maine galti se aapke PhonePe par Rs.66,538 bhej diya, kripya isse is UPI ID par refund kar dein: ewrfcit45@okicici",No,No,No
spam,"Badhai ho, National Scholarship Portal ke tahat aapka application Rs.94,201 ke liye approve ho gaya hai. Disbursement ke liye apni bank details bhejein.",No,No,No
spam,"PM Kisan Samman Nidhi Alert: Aap scheme ke tahat Rs.90,827 ke liye eligible hain. Claim karne ke liye apna Aadhaar aur bank account number share karein.",No,No,No
spam,"State Scholarship Scheme: Aapka scholarship benefit Rs.28,087 transfer ke liye ready hai. Ise paane ke liye apni bank passbook details submit karein.",No,No,No
spam,"Galti se Rs.6,932 mere account se aapke account mein transfer ho gaye hain, jald se jald froufb@okhdfcbank par refund kar dein.",No,No,No
spam,"Badhai ho, National Scholarship Portal ke tahat aapka application Rs.4,124 ke liye approve ho gaya hai. Disbursement ke liye apni bank details bhejein.",No,No,No
spam,"Galti se Rs.74,928 mere account se aapke account mein transfer ho gaye hain, jald se jald srpepvms@okhdfcbank par refund kar dein.",No,No,No
spam,Aapka ICICI Bank personal loan Rs.893 ka pre-approved hai. Process karne ke liye apni bank account aur Aadhaar details share karein.,No,No,No
spam,Aapki insurance policy ka maturity amount Rs.999 ready hai. Payment paane ke liye apni bank passbook details bhejein.,No,No,No
spam,"Maine galti se aapke Google Pay par Rs.8,190 bhej diya, kripya isse is UPI ID par refund kar dein: wyyiybnu98@oksbi",No,No,No
spam,"Aapko Wipro ke saath work-from-home job ke liye select kiya gaya hai. Rs.22,362 ka joining bonus paane ke liye apni bank details share karein.",No,No,No
spam,"Badhai ho, PM Kisan Samman Nidhi ke tahat aapka application Rs.533 ke liye approve ho gaya hai. Disbursement ke liye apni bank details bhejein.",No,No,No
spam,"Galti se Rs.84,639 mere account se aapke account mein transfer ho gaye hain, jald se jald evcfwi73@axl par refund kar dein.",No,No,No
spam,"Badhai ho, Ayushman Bharat ke tahat aapka application Rs.3,737 ke liye approve ho gaya hai. Disbursement ke liye apni bank details bhejein.",No,No,No
spam,"Sorry, maine galti se galat number par Rs.59,046 transfer kar diya, yeh aapka account lagta hai. Kripya wapas bhej dein wfdendyn34@okhdfcbank par.",No,No,No
spam,"Aapka Bank of Baroda personal loan Rs.80,220 ka pre-approved hai. Process karne ke liye apni bank account aur Aadhaar details share karein.",No,No,No
spam,"Badhai ho, PMAY ke tahat aapka application Rs.4,448 ke liye approve ho gaya hai. Disbursement ke liye apni bank details bhejein.",No,No,No
spam,"Sorry, maine galti se galat number par Rs.19,643 transfer kar diya, yeh aapka account lagta hai. Kripya wapas bhej dein fgqbsbq@paytm par.",No,No,No
spam,National Scholarship Portal: Aapka scholarship benefit Rs.699 transfer ke liye ready hai. Ise paane ke liye apni bank passbook details submit karein.,No,No,No
spam,"Hi, mujhe lagta hai maine kisi aur ko pay karte waqt aapko galti se Rs.30,056 bhej diya. Kripya iovyvq61@okhdfcbank par wapas bhej dein, dhanyavad.",No,No,No
spam,"Maine galti se aapke PhonePe par Rs.19,934 bhej diya, kripya isse is UPI ID par refund kar dein: vuvrmpew35@paytm",No,No,No
spam,"Aapka Kotak Mahindra Bank personal loan Rs.6,095 ka pre-approved hai. Process karne ke liye apni bank account aur Aadhaar details share karein.",No,No,No
spam,National Scholarship Portal Alert: Aap scheme ke tahat Rs.960 ke liye eligible hain. Claim karne ke liye apna Aadhaar aur bank account number share karein.,No,No,No
spam,"Hi, mujhe lagta hai maine kisi aur ko pay karte waqt aapko galti se Rs.687 bhej diya. Kripya diimb29@oksbi par wapas bhej dein, dhanyavad.",No,No,No
spam,"State Scholarship Scheme Alert: Aap scheme ke tahat Rs.3,130 ke liye eligible hain. Claim karne ke liye apna Aadhaar aur bank account number share karein.",No,No,No
spam,"State Scholarship Scheme: Aapka scholarship benefit Rs.19,077 transfer ke liye ready hai. Ise paane ke liye apni bank passbook details submit karein.",No,No,No
spam,"Galti se Rs.12,095 mere account se aapke account mein transfer ho gaye hain, jald se jald mpprj@ibl par refund kar dein.",No,No,No
spam,"Aapka ICICI Bank personal loan Rs.7,057 ka pre-approved hai. Process karne ke liye apni bank account aur Aadhaar details share karein.",No,No,No
spam,"Sorry, maine galti se galat number par Rs.665 transfer kar diya, yeh aapka account lagta hai. Kripya wapas bhej dein nfnuja@okhdfcbank par.",No,No,No
spam,"Hi, mujhe lagta hai maine kisi aur ko pay karte waqt aapko galti se Rs.9,944 bhej diya. Kripya uwysghnx@ibl par wapas bhej dein, dhanyavad.",No,No,No
spam,"Aapka SBI personal loan Rs.62,151 ka pre-approved hai. Process karne ke liye apni bank account aur Aadhaar details share karein.",No,No,No
spam,"Aapka HDFC Bank personal loan Rs.45,477 ka pre-approved hai. Process karne ke liye apni bank account aur Aadhaar details share karein.",No,No,No
spam,"Hi, mujhe lagta hai maine kisi aur ko pay karte waqt aapko galti se Rs.938 bhej diya. Kripya urdzdmb@ibl par wapas bhej dein, dhanyavad.",No,No,No
spam,PMAY Alert: Aap scheme ke tahat Rs.761 ke liye eligible hain. Claim karne ke liye apna Aadhaar aur bank account number share karein.,No,No,No
spam,"State Scholarship Scheme: Aapka scholarship benefit Rs.87,208 transfer ke liye ready hai. Ise paane ke liye apni bank passbook details submit karein.",No,No,No
spam,Aapki insurance policy ka maturity amount Rs.929 ready hai. Payment paane ke liye apni bank passbook details bhejein.,No,No,No
spam,"PM Kisan Samman Nidhi: Aapka scholarship benefit Rs.1,767 transfer ke liye ready hai. Ise paane ke liye apni bank passbook details submit karein.",No,No,No
spam,"Galti se Rs.738 mere account se aapke account mein transfer ho gaye hain, jald se jald cvooafi@oksbi par refund kar dein.",No,No,No
spam,"Badhai ho, State Scholarship Scheme ke tahat aapka application Rs.9,860 ke liye approve ho gaya hai. Disbursement ke liye apni bank details bhejein.",No,No,No
spam,"Hi, mujhe lagta hai maine kisi aur ko pay karte waqt aapko galti se Rs.2,985 bhej diya. Kripya meorbb@okhdfcbank par wapas bhej dein, dhanyavad.",No,No,No
spam,"Aapko HCL ke saath work-from-home job ke liye select kiya gaya hai. Rs.5,943 ka joining bonus paane ke liye apni bank details share karein.",No,No,No
spam,"Aapka Canara Bank personal loan Rs.45,093 ka pre-approved hai. Process karne ke liye apni bank account aur Aadhaar details share karein.",No,No,No
spam,State Scholarship Scheme Alert: Aap scheme ke tahat Rs.819 ke liye eligible hain. Claim karne ke liye apna Aadhaar aur bank account number share karein.,No,No,No
spam,"Galti se Rs.597 mere account se aapke account mein transfer ho gaye hain, jald se jald bormenw@paytm par refund kar dein.",No,No,No
spam,"Maine galti se aapke Amazon Pay par Rs.2,421 bhej diya, kripya isse is UPI ID par refund kar dein: wxynwhvq@ybl",No,No,No
spam,"Sorry, maine galti se galat number par Rs.6,534 transfer kar diya, yeh aapka account lagta hai. Kripya wapas bhej dein ficbgkms@paytm par.",No,No,No
spam,"Aapka ICICI Bank personal loan Rs.5,261 ka pre-approved hai. Process karne ke liye apni bank account aur Aadhaar details share karein.",No,No,No
spam,"Aapki insurance policy ka maturity amount Rs.83,683 ready hai. Payment paane ke liye apni bank passbook details bhejein.",No,No,No
spam,"PM Kisan Samman Nidhi Alert: Aap scheme ke tahat Rs.53,400 ke liye eligible hain. Claim karne ke liye apna Aadhaar aur bank account number share karein.",No,No,No
spam,Aapka Axis Bank personal loan Rs.967 ka pre-approved hai. Process karne ke liye apni bank account aur Aadhaar details share karein.,No,No,No
spam,National Scholarship Portal Alert: Aap scheme ke tahat Rs.601 ke liye eligible hain. Claim karne ke liye apna Aadhaar aur bank account number share karein.,No,No,No
spam,Aapki insurance policy ka maturity amount Rs.738 ready hai. Payment paane ke liye apni bank passbook details bhejein.,No,No,No
spam,"Hi, mujhe lagta hai maine kisi aur ko pay karte waqt aapko galti se Rs.2,753 bhej diya. Kripya kpjeawi@okicici par wapas bhej dein, dhanyavad.",No,No,No
spam,"Badhai ho, National Scholarship Portal ke tahat aapka application Rs.62,886 ke liye approve ho gaya hai. Disbursement ke liye apni bank details bhejein.",No,No,No
spam,"Hi, mujhe lagta hai maine kisi aur ko pay karte waqt aapko galti se Rs.99,843 bhej diya. Kripya ktzhrty16@axl par wapas bhej dein, dhanyavad.",No,No,No
spam,Aapko Amazon ke saath work-from-home job ke liye select kiya gaya hai. Rs.531 ka joining bonus paane ke liye apni bank details share karein.,No,No,No
spam,"Aapko Flipkart ke saath work-from-home job ke liye select kiya gaya hai. Rs.93,799 ka joining bonus paane ke liye apni bank details share karein.",No,No,No
spam,"Maine galti se aapke Paytm par Rs.571 bhej diya, kripya isse is UPI ID par refund kar dein: gaxygeh@okicici",No,No,No
spam,"Sorry, maine galti se galat number par Rs.6,699 transfer kar diya, yeh aapka account lagta hai. Kripya wapas bhej dein shnhocx73@axl par.",No,No,No
spam,Aapka SBI personal loan Rs.953 ka pre-approved hai. Process karne ke liye apni bank account aur Aadhaar details share karein.,No,No,No
spam,"Aapka Kotak Mahindra Bank personal loan Rs.9,120 ka pre-approved hai. Process karne ke liye apni bank account aur Aadhaar details share karein.",No,No,No
spam,"Maine galti se aapke PhonePe par Rs.25,219 bhej diya, kripya isse is UPI ID par refund kar dein: mpydwe@okhdfcbank",No,No,No
spam,"LPG Subsidy Scheme: Aapka scholarship benefit Rs.95,817 transfer ke liye ready hai. Ise paane ke liye apni bank passbook details submit karein.",No,No,No
spam,"Maine galti se aapke Google Pay par Rs.792 bhej diya, kripya isse is UPI ID par refund kar dein: pjxglyo@okhdfcbank",No,No,No
spam,PM Kisan Samman Nidhi Alert: Aap scheme ke tahat Rs.636 ke liye eligible hain. Claim karne ke liye apna Aadhaar aur bank account number share karein.,No,No,No
spam,"Hi, mujhe lagta hai maine kisi aur ko pay karte waqt aapko galti se Rs.85,248 bhej diya. Kripya thagx@ybl par wapas bhej dein, dhanyavad.",No,No,No
spam,"Badhai ho, Post Matric Scholarship ke tahat aapka application Rs.5,035 ke liye approve ho gaya hai. Disbursement ke liye apni bank details bhejein.",No,No,No
spam,"Aapki insurance policy ka maturity amount Rs.2,330 ready hai. Payment paane ke liye apni bank passbook details bhejein.",No,No,No
spam,"Sorry, maine galti se galat number par Rs.7,890 transfer kar diya, yeh aapka account lagta hai. Kripya wapas bhej dein tiwdtm@axl par.",No,No,No
spam,"Aapka HDFC Bank personal loan Rs.73,117 ka pre-approved hai. Process karne ke liye apni bank account aur Aadhaar details share karein.",No,No,No
spam,"Badhai ho, PMAY ke tahat aapka application Rs.58,076 ke liye approve ho gaya hai. Disbursement ke liye apni bank details bhejein.",No,No,No
spam,State Scholarship Scheme Alert: Aap scheme ke tahat Rs.843 ke liye eligible hain. Claim karne ke liye apna Aadhaar aur bank account number share karein.,No,No,No
spam,Aapko Flipkart ke saath work-from-home job ke liye select kiya gaya hai. Rs.621 ka joining bonus paane ke liye apni bank details share karein.,No,No,No
spam,Aapki insurance policy ka maturity amount Rs.534 ready hai. Payment paane ke liye apni bank passbook details bhejein.,No,No,No
spam,"Aapko Infosys ke saath work-from-home job ke liye select kiya gaya hai. Rs.23,704 ka joining bonus paane ke liye apni bank details share karein.",No,No,No
spam,"Sorry, maine galti se galat number par Rs.549 transfer kar diya, yeh aapka account lagta hai. Kripya wapas bhej dein zliwq@oksbi par.",No,No,No
spam,"Galti se Rs.92,406 mere account se aapke account mein transfer ho gaye hain, jald se jald jiwsustg@oksbi par refund kar dein.",No,No,No
spam,"Sorry, maine galti se galat number par Rs.2,893 transfer kar diya, yeh aapka account lagta hai. Kripya wapas bhej dein qyzprhm@ibl par.",No,No,No
spam,"Maine galti se aapke Paytm par Rs.598 bhej diya, kripya isse is UPI ID par refund kar dein: mugkya@oksbi",No,No,No
spam,"Galti se Rs.7,742 mere account se aapke account mein transfer ho gaye hain, jald se jald fzilwx39@ibl par refund kar dein.",No,No,No
spam,"Badhai ho, LPG Subsidy Scheme ke tahat aapka application Rs.33,619 ke liye approve ho gaya hai. Disbursement ke liye apni bank details bhejein.",No,No,No
spam,"Aapki insurance policy ka maturity amount Rs.88,075 ready hai. Payment paane ke liye apni bank passbook details bhejein.",No,No,No
spam,"State Scholarship Scheme: Aapka scholarship benefit Rs.59,106 transfer ke liye ready hai. Ise paane ke liye apni bank passbook details submit karein.",No,No,No
spam,"Hi, mujhe lagta hai maine kisi aur ko pay karte waqt aapko galti se Rs.630 bhej diya. Kripya futihk56@ybl par wapas bhej dein, dhanyavad.",No,No,No
spam,"Galti se Rs.866 mere account se aapke account mein transfer ho gaye hain, jald se jald ibsrlaul52@paytm par refund kar dein.",No,No,No
spam,"PM Kisan Samman Nidhi Alert: Aap scheme ke tahat Rs.8,911 ke liye eligible hain. Claim karne ke liye apna Aadhaar aur bank account number share karein.",No,No,No
spam,"Hi, mujhe lagta hai maine kisi aur ko pay karte waqt aapko galti se Rs.2,945 bhej diya. Kripya kflsgzlp66@ybl par wapas bhej dein, dhanyavad.",No,No,No
spam,"Badhai ho, Ayushman Bharat ke tahat aapka application Rs.960 ke liye approve ho gaya hai. Disbursement ke liye apni bank details bhejein.",No,No,No
spam,"PM Ujjwala Yojana Alert: Aap scheme ke tahat Rs.80,463 ke liye eligible hain. Claim karne ke liye apna Aadhaar aur bank account number share karein.",No,No,No
spam,PM Kisan Samman Nidhi Alert: Aap scheme ke tahat Rs.646 ke liye eligible hain. Claim karne ke liye apna Aadhaar aur bank account number share karein.,No,No,No
spam,"Aapko Infosys ke saath work-from-home job ke liye select kiya gaya hai. Rs.64,235 ka joining bonus paane ke liye apni bank details share karein.",No,No,No
spam,"Hi, mujhe lagta hai maine kisi aur ko pay karte waqt aapko galti se Rs.15,500 bhej diya. Kripya ginswwmw69@okicici par wapas bhej dein, dhanyavad.",No,No,No
spam,Aapki insurance policy ka maturity amount Rs.651 ready hai. Payment paane ke liye apni bank passbook details bhejein.,No,No,No
spam,"Aapko Wipro ke saath work-from-home job ke liye select kiya gaya hai. Rs.38,792 ka joining bonus paane ke liye apni bank details share karein.",No,No,No
spam,"Badhai ho, National Scholarship Portal ke tahat aapka application Rs.880 ke liye approve ho gaya hai. Disbursement ke liye apni bank details bhejein.",No,No,No
spam,"Galti se Rs.7,632 mere account se aapke account mein transfer ho gaye hain, jald se jald zpeidxs@okhdfcbank par refund kar dein.",No,No,No
spam,"LPG Subsidy Scheme: Aapka scholarship benefit Rs.45,542 transfer ke liye ready hai. Ise paane ke liye apni bank passbook details submit karein.",No,No,No
spam,"Maine galti se aapke Google Pay par Rs.15,740 bhej diya, kripya isse is UPI ID par refund kar dein: cbqiimwc37@ibl",No,No,No
spam,LPG Subsidy Scheme Alert: Aap scheme ke tahat Rs.683 ke liye eligible hain. Claim karne ke liye apna Aadhaar aur bank account number share karein.,No,No,No
spam,"Maine galti se aapke Paytm par Rs.6,204 bhej diya, kripya isse is UPI ID par refund kar dein: qzqbjogp45@axl",No,No,No
spam,"Badhai ho, PM Kisan Samman Nidhi ke tahat aapka application Rs.42,889 ke liye approve ho gaya hai. Disbursement ke liye apni bank details bhejein.",No,No,No
spam,"Sorry, maine galti se galat number par Rs.2,263 transfer kar diya, yeh aapka account lagta hai. Kripya wapas bhej dein boaceauj33@okhdfcbank par.",No,No,No
spam,"Aapka Kotak Mahindra Bank personal loan Rs.61,271 ka pre-approved hai. Process karne ke liye apni bank account aur Aadhaar details share karein.",No,No,No
spam,Aapka SBI personal loan Rs.835 ka pre-approved hai. Process karne ke liye apni bank account aur Aadhaar details share karein.,No,No,No
spam,"Galti se Rs.566 mere account se aapke account mein transfer ho gaye hain, jald se jald omkudd87@paytm par refund kar dein.",No,No,No
spam,"Galti se Rs.4,787 mere account se aapke account mein transfer ho gaye hain, jald se jald srfek@oksbi par refund kar dein.",No,No,No
spam,"Aapki insurance policy ka maturity amount Rs.78,193 ready hai. Payment paane ke liye apni bank passbook details bhejein.",No,No,No
spam,"Maine galti se aapke PhonePe par Rs.1,054 bhej diya, kripya isse is UPI ID par refund kar dein: ihkrvzgf@oksbi",No,No,No
spam,"Sorry, maine galti se galat number par Rs.522 transfer kar diya, yeh aapka account lagta hai. Kripya wapas bhej dein xkbsneh82@paytm par.",No,No,No
spam,"Ayushman Bharat: Aapka scholarship benefit Rs.65,628 transfer ke liye ready hai. Ise paane ke liye apni bank passbook details submit karein.",No,No,No
spam,"Aapka Punjab National Bank personal loan Rs.51,513 ka pre-approved hai. Process karne ke liye apni bank account aur Aadhaar details share karein.",No,No,No
spam,"Maine galti se aapke Paytm par Rs.888 bhej diya, kripya isse is UPI ID par refund kar dein: zulusigw@oksbi",No,No,No
spam,"Galti se Rs.53,847 mere account se aapke account mein transfer ho gaye hain, jald se jald umjjrciy@axl par refund kar dein.",No,No,No
spam,National Scholarship Portal Alert: Aap scheme ke tahat Rs.802 ke liye eligible hain. Claim karne ke liye apna Aadhaar aur bank account number share karein.,No,No,No
spam,"Galti se Rs.69,535 mere account se aapke account mein transfer ho gaye hain, jald se jald fipzlfug@axl par refund kar dein.",No,No,No
spam,"Maine galti se aapke Paytm par Rs.26,080 bhej diya, kripya isse is UPI ID par refund kar dein: tvzpk76@okhdfcbank",No,No,No
spam,"Badhai ho, PM Ujjwala Yojana ke tahat aapka application Rs.706 ke liye approve ho gaya hai. Disbursement ke liye apni bank details bhejein.",No,No,No
spam,"Sorry, maine galti se galat number par Rs.8,355 transfer kar diya, yeh aapka account lagta hai. Kripya wapas bhej dein oblsevox98@okhdfcbank par.",No,No,No
spam,"Aapki insurance policy ka maturity amount Rs.13,631 ready hai. Payment paane ke liye apni bank passbook details bhejein.",No,No,No
spam,Ayushman Bharat Alert: Aap scheme ke tahat Rs.691 ke liye eligible hain. Claim karne ke liye apna Aadhaar aur bank account number share karein.,No,No,No
spam,"Sorry, maine galti se galat number par Rs.75,113 transfer kar diya, yeh aapka account lagta hai. Kripya wapas bhej dein ryaggn61@ybl par.",No,No,No
spam,"Hi, mujhe lagta hai maine kisi aur ko pay karte waqt aapko galti se Rs.9,642 bhej diya. Kripya xbfxjf32@ybl par wapas bhej dein, dhanyavad.",No,No,No
spam,"Aapka ICICI Bank personal loan Rs.84,649 ka pre-approved hai. Process karne ke liye apni bank account aur Aadhaar details share karein.",No,No,No
spam,PMAY Alert: Aap scheme ke tahat Rs.837 ke liye eligible hain. Claim karne ke liye apna Aadhaar aur bank account number share karein.,No,No,No
spam,"Hi, mujhe lagta hai maine kisi aur ko pay karte waqt aapko galti se Rs.61,643 bhej diya. Kripya afunafw98@ybl par wapas bhej dein, dhanyavad.",No,No,No
spam,"State Scholarship Scheme: Aapka scholarship benefit Rs.44,899 transfer ke liye ready hai. Ise paane ke liye apni bank passbook details submit karein.",No,No,No
spam,"Galti se Rs.43,226 mere account se aapke account mein transfer ho gaye hain, jald se jald xdjnbydt@oksbi par refund kar dein.",No,No,No
spam,"Badhai ho, PM Kisan Samman Nidhi ke tahat aapka application Rs.521 ke liye approve ho gaya hai. Disbursement ke liye apni bank details bhejein.",No,No,No
spam,"Aapki insurance policy ka maturity amount Rs.38,881 ready hai. Payment paane ke liye apni bank passbook details bhejein.",No,No,No
spam,"PMAY: Aapka scholarship benefit Rs.8,097 transfer ke liye ready hai. Ise paane ke liye apni bank passbook details submit karein.",No,No,No
spam,"Maine galti se aapke Paytm par Rs.8,250 bhej diya, kripya isse is UPI ID par refund kar dein: ibnyuwug@ibl",No,No,No
spam,"Hi, mujhe lagta hai maine kisi aur ko pay karte waqt aapko galti se Rs.690 bhej diya. Kripya nhpzmfkj25@ybl par wapas bhej dein, dhanyavad.",No,No,No
spam,"Maine galti se aapke Paytm par Rs.17,989 bhej diya, kripya isse is UPI ID par refund kar dein: twuvmghi68@ibl",No,No,No
spam,Ayushman Bharat: Aapka scholarship benefit Rs.981 transfer ke liye ready hai. Ise paane ke liye apni bank passbook details submit karein.,No,No,No
spam,"Galti se Rs.716 mere account se aapke account mein transfer ho gaye hain, jald se jald wthxy@axl par refund kar dein.",No,No,No
spam,Aapko Flipkart ke saath work-from-home job ke liye select kiya gaya hai. Rs.914 ka joining bonus paane ke liye apni bank details share karein.,No,No,No
spam,Aapko Reliance ke saath work-from-home job ke liye select kiya gaya hai. Rs.934 ka joining bonus paane ke liye apni bank details share karein.,No,No,No
spam,"Badhai ho, PM Kisan Samman Nidhi ke tahat aapka application Rs.822 ke liye approve ho gaya hai. Disbursement ke liye apni bank details bhejein.",No,No,No
spam,"Hi, mujhe lagta hai maine kisi aur ko pay karte waqt aapko galti se Rs.51,527 bhej diya. Kripya qwybzwpk@okicici par wapas bhej dein, dhanyavad.",No,No,No
spam,"Maine galti se aapke PhonePe par Rs.2,645 bhej diya, kripya isse is UPI ID par refund kar dein: jbpsnmmy15@oksbi",No,No,No
spam,PM Ujjwala Yojana: Aapka scholarship benefit Rs.739 transfer ke liye ready hai. Ise paane ke liye apni bank passbook details submit karein.,No,No,No
spam,"Galti se Rs.8,991 mere account se aapke account mein transfer ho gaye hain, jald se jald ryokx@ibl par refund kar dein.",No,No,No
spam,"Maine galti se aapke Paytm par Rs.1,961 bhej diya, kripya isse is UPI ID par refund kar dein: zivnjk28@okicici",No,No,No
spam,"Sorry, maine galti se galat number par Rs.762 transfer kar diya, yeh aapka account lagta hai. Kripya wapas bhej dein qdzll65@ibl par.",No,No,No
spam,"Aapko Amazon ke saath work-from-home job ke liye select kiya gaya hai. Rs.50,398 ka joining bonus paane ke liye apni bank details share karein.",No,No,No
spam,Ayushman Bharat Alert: Aap scheme ke tahat Rs.767 ke liye eligible hain. Claim karne ke liye apna Aadhaar aur bank account number share karein.,No,No,No
spam,"PM Kisan Samman Nidhi Alert: Aap scheme ke tahat Rs.6,493 ke liye eligible hain. Claim karne ke liye apna Aadhaar aur bank account number share karein.",No,No,No
spam,"Aapki insurance policy ka maturity amount Rs.6,434 ready hai. Payment paane ke liye apni bank passbook details bhejein.",No,No,No
spam,"Galti se Rs.1,009 mere account se aapke account mein transfer ho gaye hain, jald se jald zvvne21@axl par refund kar dein.",No,No,No
spam,"Aapko Reliance ke saath work-from-home job ke liye select kiya gaya hai. Rs.9,100 ka joining bonus paane ke liye apni bank details share karein.",No,No,No
spam,"Badhai ho, National Scholarship Portal ke tahat aapka application Rs.708 ke liye approve ho gaya hai. Disbursement ke liye apni bank details bhejein.",No,No,No
spam,"Badhai ho, Ayushman Bharat ke tahat aapka application Rs.25,277 ke liye approve ho gaya hai. Disbursement ke liye apni bank details bhejein.",No,No,No
spam,"Aapko TCS ke saath work-from-home job ke liye select kiya gaya hai. Rs.74,790 ka joining bonus paane ke liye apni bank details share karein.",No,No,No
spam,"Aapko Amazon ke saath work-from-home job ke liye select kiya gaya hai. Rs.37,215 ka joining bonus paane ke liye apni bank details share karein.",No,No,No
spam,Aapka Punjab National Bank personal loan Rs.559 ka pre-approved hai. Process karne ke liye apni bank account aur Aadhaar details share karein.,No,No,No
spam,"PM Kisan Samman Nidhi: Aapka scholarship benefit Rs.60,480 transfer ke liye ready hai. Ise paane ke liye apni bank passbook details submit karein.",No,No,No
spam,"Aapko Reliance ke saath work-from-home job ke liye select kiya gaya hai. Rs.84,111 ka joining bonus paane ke liye apni bank details share karein.",No,No,No
spam,"Hi, mujhe lagta hai maine kisi aur ko pay karte waqt aapko galti se Rs.3,822 bhej diya. Kripya jmqioqmz@oksbi par wapas bhej dein, dhanyavad.",No,No,No
spam,"Maine galti se aapke Google Pay par Rs.700 bhej diya, kripya isse is UPI ID par refund kar dein: dkzmwuo@axl",No,No,No
spam,Aapko Amazon ke saath work-from-home job ke liye select kiya gaya hai. Rs.797 ka joining bonus paane ke liye apni bank details share karein.,No,No,No
spam,"Aapka SBI personal loan Rs.90,404 ka pre-approved hai. Process karne ke liye apni bank account aur Aadhaar details share karein.",No,No,No
spam,"PMAY Alert: Aap scheme ke tahat Rs.2,473 ke liye eligible hain. Claim karne ke liye apna Aadhaar aur bank account number share karein.",No,No,No
spam,"Badhai ho, PM Ujjwala Yojana ke tahat aapka application Rs.7,967 ke liye approve ho gaya hai. Disbursement ke liye apni bank details bhejein.",No,No,No
spam,"Aapki insurance policy ka maturity amount Rs.2,707 ready hai. Payment paane ke liye apni bank passbook details bhejein.",No,No,No
spam,"Hi, mujhe lagta hai maine kisi aur ko pay karte waqt aapko galti se Rs.588 bhej diya. Kripya orsiiwq78@okhdfcbank par wapas bhej dein, dhanyavad.",No,No,No
spam,"Galti se Rs.54,078 mere account se aapke account mein transfer ho gaye hain, jald se jald fmreq53@paytm par refund kar dein.",No,No,No
spam,"Galti se Rs.84,866 mere account se aapke account mein transfer ho gaye hain, jald se jald rqqhau50@ibl par refund kar dein.",No,No,No
spam,PM Kisan Samman Nidhi: Aapka scholarship benefit Rs.581 transfer ke liye ready hai. Ise paane ke liye apni bank passbook details submit karein.,No,No,No
spam,"Maine galti se aapke Paytm par Rs.8,383 bhej diya, kripya isse is UPI ID par refund kar dein: idokfloy@axl",No,No,No
spam,"Aapko Flipkart ke saath work-from-home job ke liye select kiya gaya hai. Rs.57,296 ka joining bonus paane ke liye apni bank details share karein.",No,No,No
spam,"Aapka Axis Bank personal loan Rs.19,947 ka pre-approved hai. Process karne ke liye apni bank account aur Aadhaar details share karein.",No,No,No
spam,Aapko Infosys ke saath work-from-home job ke liye select kiya gaya hai. Rs.987 ka joining bonus paane ke liye apni bank details share karein.,No,No,No
spam,"Ayushman Bharat Alert: Aap scheme ke tahat Rs.1,691 ke liye eligible hain. Claim karne ke liye apna Aadhaar aur bank account number share karein.",No,No,No
spam,"Aapki insurance policy ka maturity amount Rs.6,728 ready hai. Payment paane ke liye apni bank passbook details bhejein.",No,No,No
spam,"Badhai ho, State Scholarship Scheme ke tahat aapka application Rs.59,905 ke liye approve ho gaya hai. Disbursement ke liye apni bank details bhejein.",No,No,No
spam,National Scholarship Portal: Aapka scholarship benefit Rs.830 transfer ke liye ready hai. Ise paane ke liye apni bank passbook details submit karein.,No,No,No
spam,State Scholarship Scheme Alert: Aap scheme ke tahat Rs.549 ke liye eligible hain. Claim karne ke liye apna Aadhaar aur bank account number share karein.,No,No,No
spam,"Aapko TCS ke saath work-from-home job ke liye select kiya gaya hai. Rs.18,292 ka joining bonus paane ke liye apni bank details share karein.",No,No,No
spam,"Galti se Rs.6,282 mere account se aapke account mein transfer ho gaye hain, jald se jald jkxxkpsk@ibl par refund kar dein.",No,No,No
spam,"Galti se Rs.639 mere account se aapke account mein transfer ho gaye hain, jald se jald rywxw@okicici par refund kar dein.",No,No,No
spam,Aapki insurance policy ka maturity amount Rs.786 ready hai. Payment paane ke liye apni bank passbook details bhejein.,No,No,No
spam,Aapki insurance policy ka maturity amount Rs.500 ready hai. Payment paane ke liye apni bank passbook details bhejein.,No,No,No
spam,"State Scholarship Scheme: Aapka scholarship benefit Rs.7,987 transfer ke liye ready hai. Ise paane ke liye apni bank passbook details submit karein.",No,No,No
spam,Aapko HCL ke saath work-from-home job ke liye select kiya gaya hai. Rs.818 ka joining bonus paane ke liye apni bank details share karein.,No,No,No
spam,Aapko Flipkart ke saath work-from-home job ke liye select kiya gaya hai. Rs.804 ka joining bonus paane ke liye apni bank details share karein.,No,No,No
spam,"Maine galti se aapke PhonePe par Rs.9,747 bhej diya, kripya isse is UPI ID par refund kar dein: xiwjxxia73@ibl",No,No,No
spam,"Aapka Punjab National Bank personal loan Rs.4,720 ka pre-approved hai. Process karne ke liye apni bank account aur Aadhaar details share karein.",No,No,No
spam,Aapko Reliance ke saath work-from-home job ke liye select kiya gaya hai. Rs.860 ka joining bonus paane ke liye apni bank details share karein.,No,No,No
spam,"Hi, mujhe lagta hai maine kisi aur ko pay karte waqt aapko galti se Rs.9,092 bhej diya. Kripya ygedhu@ibl par wapas bhej dein, dhanyavad.",No,No,No
spam,"PMAY: Aapka scholarship benefit Rs.4,310 transfer ke liye ready hai. Ise paane ke liye apni bank passbook details submit karein.",No,No,No
spam,"PMAY: Aapka scholarship benefit Rs.20,189 transfer ke liye ready hai. Ise paane ke liye apni bank passbook details submit karein.",No,No,No
spam,"Hi, mujhe lagta hai maine kisi aur ko pay karte waqt aapko galti se Rs.17,421 bhej diya. Kripya bjsphak17@oksbi par wapas bhej dein, dhanyavad.",No,No,No
spam,"Hi, mujhe lagta hai maine kisi aur ko pay karte waqt aapko galti se Rs.996 bhej diya. Kripya wxfeyq21@paytm par wapas bhej dein, dhanyavad.",No,No,No
spam,Aapki insurance policy ka maturity amount Rs.969 ready hai. Payment paane ke liye apni bank passbook details bhejein.,No,No,No
spam,"Ayushman Bharat Alert: Aap scheme ke tahat Rs.2,544 ke liye eligible hain. Claim karne ke liye apna Aadhaar aur bank account number share karein.",No,No,No
spam,Aapka SBI personal loan Rs.819 ka pre-approved hai. Process karne ke liye apni bank account aur Aadhaar details share karein.,No,No,No
spam,Aapka Kotak Mahindra Bank personal loan Rs.900 ka pre-approved hai. Process karne ke liye apni bank account aur Aadhaar details share karein.,No,No,No
spam,PM Kisan Samman Nidhi: Aapka scholarship benefit Rs.884 transfer ke liye ready hai. Ise paane ke liye apni bank passbook details submit karein.,No,No,No
spam,"Aapka Kotak Mahindra Bank personal loan Rs.3,004 ka pre-approved hai. Process karne ke liye apni bank account aur Aadhaar details share karein.",No,No,No
spam,"Hi, mujhe lagta hai maine kisi aur ko pay karte waqt aapko galti se Rs.98,786 bhej diya. Kripya uuhqvvzb@paytm par wapas bhej dein, dhanyavad.",No,No,No
spam,"Aapko HCL ke saath work-from-home job ke liye select kiya gaya hai. Rs.8,919 ka joining bonus paane ke liye apni bank details share karein.",No,No,No
spam,Ayushman Bharat Alert: Aap scheme ke tahat Rs.658 ke liye eligible hain. Claim karne ke liye apna Aadhaar aur bank account number share karein.,No,No,No
spam,"Hi, mujhe lagta hai maine kisi aur ko pay karte waqt aapko galti se Rs.67,774 bhej diya. Kripya haqps@axl par wapas bhej dein, dhanyavad.",No,No,No
spam,"Aapki insurance policy ka maturity amount Rs.6,558 ready hai. Payment paane ke liye apni bank passbook details bhejein.",No,No,No
spam,Ayushman Bharat Alert: Aap scheme ke tahat Rs.538 ke liye eligible hain. Claim karne ke liye apna Aadhaar aur bank account number share karein.,No,No,No
spam,Aapko Reliance ke saath work-from-home job ke liye select kiya gaya hai. Rs.975 ka joining bonus paane ke liye apni bank details share karein.,No,No,No
spam,"Aapka SBI personal loan Rs.57,597 ka pre-approved hai. Process karne ke liye apni bank account aur Aadhaar details share karein.",No,No,No
spam,"PMAY: Aapka scholarship benefit Rs.5,320 transfer ke liye ready hai. Ise paane ke liye apni bank passbook details submit karein.",No,No,No
spam,"Badhai ho, PM Ujjwala Yojana ke tahat aapka application Rs.37,214 ke liye approve ho gaya hai. Disbursement ke liye apni bank details bhejein.",No,No,No
spam,"Aapka SBI personal loan Rs.99,953 ka pre-approved hai. Process karne ke liye apni bank account aur Aadhaar details share karein.",No,No,No
spam,"Hi, mujhe lagta hai maine kisi aur ko pay karte waqt aapko galti se Rs.8,815 bhej diya. Kripya culuyw@ybl par wapas bhej dein, dhanyavad.",No,No,No
spam,"Maine galti se aapke Amazon Pay par Rs.595 bhej diya, kripya isse is UPI ID par refund kar dein: cjdat@okhdfcbank",No,No,No
spam,"Ayushman Bharat: Aapka scholarship benefit Rs.93,512 transfer ke liye ready hai. Ise paane ke liye apni bank passbook details submit karein.",No,No,No
spam,"Galti se Rs.35,148 mere account se aapke account mein transfer ho gaye hain, jald se jald phohqv@okicici par refund kar dein.",No,No,No
spam,"Maine galti se aapke Google Pay par Rs.5,935 bhej diya, kripya isse is UPI ID par refund kar dein: iiobjwg@paytm",No,No,No
spam,"Aapko Flipkart ke saath work-from-home job ke liye select kiya gaya hai. Rs.7,296 ka joining bonus paane ke liye apni bank details share karein.",No,No,No
spam,"Maine galti se aapke Google Pay par Rs.5,169 bhej diya, kripya isse is UPI ID par refund kar dein: mupkf10@ybl",No,No,No
spam,"Sorry, maine galti se galat number par Rs.636 transfer kar diya, yeh aapka account lagta hai. Kripya wapas bhej dein uxdzlvba36@paytm par.",No,No,No
spam,"Hi, mujhe lagta hai maine kisi aur ko pay karte waqt aapko galti se Rs.671 bhej diya. Kripya wualuor@okicici par wapas bhej dein, dhanyavad.",No,No,No
spam,"Galti se Rs.38,390 mere account se aapke account mein transfer ho gaye hain, jald se jald tllubjh44@oksbi par refund kar dein.",No,No,No
spam,"LPG Subsidy Scheme Alert: Aap scheme ke tahat Rs.65,741 ke liye eligible hain. Claim karne ke liye apna Aadhaar aur bank account number share karein.",No,No,No
spam,"Sorry, maine galti se galat number par Rs.28,530 transfer kar diya, yeh aapka account lagta hai. Kripya wapas bhej dein hrfymb70@oksbi par.",No,No,No
spam,"Sorry, maine galti se galat number par Rs.681 transfer kar diya, yeh aapka account lagta hai. Kripya wapas bhej dein jnqqvu@oksbi par.",No,No,No
spam,"Aapki insurance policy ka maturity amount Rs.1,200 ready hai. Payment paane ke liye apni bank passbook details bhejein.",No,No,No
spam,"Aapki insurance policy ka maturity amount Rs.40,734 ready hai. Payment paane ke liye apni bank passbook details bhejein.",No,No,No
spam,"Maine galti se aapke PhonePe par Rs.25,675 bhej diya, kripya isse is UPI ID par refund kar dein: tpjzstu19@okhdfcbank",No,No,No
spam,"PM Ujjwala Yojana Alert: Aap scheme ke tahat Rs.96,012 ke liye eligible hain. Claim karne ke liye apna Aadhaar aur bank account number share karein.",No,No,No
spam,"Galti se Rs.972 mere account se aapke account mein transfer ho gaye hain, jald se jald cbuuv65@okhdfcbank par refund kar dein.",No,No,No
spam,"Sorry, maine galti se galat number par Rs.924 transfer kar diya, yeh aapka account lagta hai. Kripya wapas bhej dein zgapwjbo38@okicici par.",No,No,No
spam,"Aapki insurance policy ka maturity amount Rs.1,409 ready hai. Payment paane ke liye apni bank passbook details bhejein.",No,No,No
spam,"Ayushman Bharat Alert: Aap scheme ke tahat Rs.13,311 ke liye eligible hain. Claim karne ke liye apna Aadhaar aur bank account number share karein.",No,No,No
spam,"PMAY: Aapka scholarship benefit Rs.81,289 transfer ke liye ready hai. Ise paane ke liye apni bank passbook details submit karein.",No,No,No
spam,"Sorry, maine galti se galat number par Rs.74,849 transfer kar diya, yeh aapka account lagta hai. Kripya wapas bhej dein otrqnlyl@okicici par.",No,No,No
spam,"Aapka Canara Bank personal loan Rs.7,927 ka pre-approved hai. Process karne ke liye apni bank account aur Aadhaar details share karein.",No,No,No
spam,"Galti se Rs.955 mere account se aapke account mein transfer ho gaye hain, jald se jald ytkjyd@axl par refund kar dein.",No,No,No
spam,"Aapki insurance policy ka maturity amount Rs.5,916 ready hai. Payment paane ke liye apni bank passbook details bhejein.",No,No,No
spam,Aapki insurance policy ka maturity amount Rs.591 ready hai. Payment paane ke liye apni bank passbook details bhejein.,No,No,No
spam,"Aapko Infosys ke saath work-from-home job ke liye select kiya gaya hai. Rs.3,072 ka joining bonus paane ke liye apni bank details share karein.",No,No,No
spam,"Hi, mujhe lagta hai maine kisi aur ko pay karte waqt aapko galti se Rs.7,077 bhej diya. Kripya tdvoy@okicici par wapas bhej dein, dhanyavad.",No,No,No
spam,Aapko TCS ke saath work-from-home job ke liye select kiya gaya hai. Rs.626 ka joining bonus paane ke liye apni bank details share karein.,No,No,No
spam,"Maine galti se aapke Google Pay par Rs.806 bhej diya, kripya isse is UPI ID par refund kar dein: rxpopyb37@okicici",No,No,No
spam,"Aapko Infosys ke saath work-from-home job ke liye select kiya gaya hai. Rs.64,149 ka joining bonus paane ke liye apni bank details share karein.",No,No,No
spam,"Badhai ho, Post Matric Scholarship ke tahat aapka application Rs.9,057 ke liye approve ho gaya hai. Disbursement ke liye apni bank details bhejein.",No,No,No
spam,Ayushman Bharat Alert: Aap scheme ke tahat Rs.913 ke liye eligible hain. Claim karne ke liye apna Aadhaar aur bank account number share karein.,No,No,No
spam,"Maine galti se aapke PhonePe par Rs.665 bhej diya, kripya isse is UPI ID par refund kar dein: kjtsv@ybl",No,No,No
spam,"Aapko Flipkart ke saath work-from-home job ke liye select kiya gaya hai. Rs.7,785 ka joining bonus paane ke liye apni bank details share karein.",No,No,No
spam,Ayushman Bharat: Aapka scholarship benefit Rs.823 transfer ke liye ready hai. Ise paane ke liye apni bank passbook details submit karein.,No,No,No
spam,"Galti se Rs.656 mere account se aapke account mein transfer ho gaye hain, jald se jald mczsjr48@paytm par refund kar dein.",No,No,No
spam,"Maine galti se aapke Amazon Pay par Rs.62,219 bhej diya, kripya isse is UPI ID par refund kar dein: bwopig@ybl",No,No,No
spam,"Aapki insurance policy ka maturity amount Rs.7,765 ready hai. Payment paane ke liye apni bank passbook details bhejein.",No,No,No
spam,"Aapko Flipkart ke saath work-from-home job ke liye select kiya gaya hai. Rs.5,107 ka joining bonus paane ke liye apni bank details share karein.",No,No,No
spam,"Galti se Rs.1,190 mere account se aapke account mein transfer ho gaye hain, jald se jald nfzuu@ybl par refund kar dein.",No,No,No
spam,"Galti se Rs.79,008 mere account se aapke account mein transfer ho gaye hain, jald se jald aobit39@oksbi par refund kar dein.",No,No,No
spam,"Aapki insurance policy ka maturity amount Rs.8,293 ready hai. Payment paane ke liye apni bank passbook details bhejein.",No,No,No
spam,"Sorry, maine galti se galat number par Rs.62,307 transfer kar diya, yeh aapka account lagta hai. Kripya wapas bhej dein bfndscbb85@axl par.",No,No,No
spam,"Aapki insurance policy ka maturity amount Rs.7,731 ready hai. Payment paane ke liye apni bank passbook details bhejein.",No,No,No
spam,"Aapka Kotak Mahindra Bank personal loan Rs.6,783 ka pre-approved hai. Process karne ke liye apni bank account aur Aadhaar details share karein.",No,No,No
spam,"Aapko Flipkart ke saath work-from-home job ke liye select kiya gaya hai. Rs.19,259 ka joining bonus paane ke liye apni bank details share karein.",No,No,No
spam,"Aapki insurance policy ka maturity amount Rs.15,902 ready hai. Payment paane ke liye apni bank passbook details bhejein.",No,No,No
spam,"Badhai ho, LPG Subsidy Scheme ke tahat aapka application Rs.4,521 ke liye approve ho gaya hai. Disbursement ke liye apni bank details bhejein.",No,No,No
spam,"Galti se Rs.526 mere account se aapke account mein transfer ho gaye hain, jald se jald dheqoqm@okhdfcbank par refund kar dein.",No,No,No
spam,"Aapki insurance policy ka maturity amount Rs.36,530 ready hai. Payment paane ke liye apni bank passbook details bhejein.",No,No,No
spam,"Aapki insurance policy ka maturity amount Rs.1,241 ready hai. Payment paane ke liye apni bank passbook details bhejein.",No,No,No
spam,"Aapka Kotak Mahindra Bank personal loan Rs.97,647 ka pre-approved hai. Process karne ke liye apni bank account aur Aadhaar details share karein.",No,No,No
spam,"Maine galti se aapke Amazon Pay par Rs.868 bhej diya, kripya isse is UPI ID par refund kar dein: fohpe@ybl",No,No,No
spam,"Aapka HDFC Bank personal loan Rs.57,815 ka pre-approved hai. Process karne ke liye apni bank account aur Aadhaar details share karein.",No,No,No
spam,"Aapko TCS ke saath work-from-home job ke liye select kiya gaya hai. Rs.8,166 ka joining bonus paane ke liye apni bank details share karein.",No,No,No
spam,"Sorry, maine galti se galat number par Rs.39,447 transfer kar diya, yeh aapka account lagta hai. Kripya wapas bhej dein pfeqb@axl par.",No,No,No
spam,Aapko Infosys ke saath work-from-home job ke liye select kiya gaya hai. Rs.962 ka joining bonus paane ke liye apni bank details share karein.,No,No,No
spam,"Ayushman Bharat: Aapka scholarship benefit Rs.5,239 transfer ke liye ready hai. Ise paane ke liye apni bank passbook details submit karein.",No,No,No
spam,"Hi, mujhe lagta hai maine kisi aur ko pay karte waqt aapko galti se Rs.8,815 bhej diya. Kripya gmzco@oksbi par wapas bhej dein, dhanyavad.",No,No,No
spam,"Aapka Bank of Baroda personal loan Rs.2,984 ka pre-approved hai. Process karne ke liye apni bank account aur Aadhaar details share karein.",No,No,No
spam,"Hi, mujhe lagta hai maine kisi aur ko pay karte waqt aapko galti se Rs.60,955 bhej diya. Kripya jksyvvse27@ybl par wapas bhej dein, dhanyavad.",No,No,No
spam,Aapki insurance policy ka maturity amount Rs.529 ready hai. Payment paane ke liye apni bank passbook details bhejein.,No,No,No
spam,"Aapka SBI personal loan Rs.34,897 ka pre-approved hai. Process karne ke liye apni bank account aur Aadhaar details share karein.",No,No,No
spam,"Galti se Rs.519 mere account se aapke account mein transfer ho gaye hain, jald se jald brrfeqb47@paytm par refund kar dein.",No,No,No
spam,"Aapka Canara Bank personal loan Rs.4,185 ka pre-approved hai. Process karne ke liye apni bank account aur Aadhaar details share karein.",No,No,No
spam,"Galti se Rs.8,418 mere account se aapke account mein transfer ho gaye hain, jald se jald vfqfsk82@paytm par refund kar dein.",No,No,No
spam,"State Scholarship Scheme: Aapka scholarship benefit Rs.4,969 transfer ke liye ready hai. Ise paane ke liye apni bank passbook details submit karein.",No,No,No
spam,"Sorry, maine galti se galat number par Rs.768 transfer kar diya, yeh aapka account lagta hai. Kripya wapas bhej dein asvbggsz93@okicici par.",No,No,No
spam,Ayushman Bharat: Aapka scholarship benefit Rs.524 transfer ke liye ready hai. Ise paane ke liye apni bank passbook details submit karein.,No,No,No
spam,"Sorry, maine galti se galat number par Rs.957 transfer kar diya, yeh aapka account lagta hai. Kripya wapas bhej dein wfhvm39@oksbi par.",No,No,No
spam,"Aapka Kotak Mahindra Bank personal loan Rs.76,922 ka pre-approved hai. Process karne ke liye apni bank account aur Aadhaar details share karein.",No,No,No
spam,"Galti se Rs.5,307 mere account se aapke account mein transfer ho gaye hain, jald se jald ftzupn@paytm par refund kar dein.",No,No,No
spam,Aapko Reliance ke saath work-from-home job ke liye select kiya gaya hai. Rs.920 ka joining bonus paane ke liye apni bank details share karein.,No,No,No
spam,"Maine galti se aapke Google Pay par Rs.987 bhej diya, kripya isse is UPI ID par refund kar dein: fvliad@ibl",No,No,No
spam,"Badhai ho, PM Ujjwala Yojana ke tahat aapka application Rs.9,304 ke liye approve ho gaya hai. Disbursement ke liye apni bank details bhejein.",No,No,No
spam,"Sorry, maine galti se galat number par Rs.9,465 transfer kar diya, yeh aapka account lagta hai. Kripya wapas bhej dein pwhlbi36@ibl par.",No,No,No
spam,Aapki insurance policy ka maturity amount Rs.862 ready hai. Payment paane ke liye apni bank passbook details bhejein.,No,No,No
spam,"Galti se Rs.630 mere account se aapke account mein transfer ho gaye hain, jald se jald pwfsxx59@okhdfcbank par refund kar dein.",No,No,No
spam,Aapko Reliance ke saath work-from-home job ke liye select kiya gaya hai. Rs.619 ka joining bonus paane ke liye apni bank details share karein.,No,No,No
spam,"Galti se Rs.22,744 mere account se aapke account mein transfer ho gaye hain, jald se jald irsmtn73@ibl par refund kar dein.",No,No,No
spam,"Maine galti se aapke PhonePe par Rs.8,093 bhej diya, kripya isse is UPI ID par refund kar dein: tvnzlk33@ibl",No,No,No
spam,"Hi, mujhe lagta hai maine kisi aur ko pay karte waqt aapko galti se Rs.599 bhej diya. Kripya mcgky@paytm par wapas bhej dein, dhanyavad.",No,No,No
spam,"Badhai ho, National Scholarship Portal ke tahat aapka application Rs.907 ke liye approve ho gaya hai. Disbursement ke liye apni bank details bhejein.",No,No,No
spam,"Badhai ho, PMAY ke tahat aapka application Rs.57,644 ke liye approve ho gaya hai. Disbursement ke liye apni bank details bhejein.",No,No,No
spam,National Scholarship Portal: Aapka scholarship benefit Rs.900 transfer ke liye ready hai. Ise paane ke liye apni bank passbook details submit karein.,No,No,No
spam,"Ayushman Bharat: Aapka scholarship benefit Rs.7,534 transfer ke liye ready hai. Ise paane ke liye apni bank passbook details submit karein.",No,No,No
spam,LPG Subsidy Scheme: Aapka scholarship benefit Rs.955 transfer ke liye ready hai. Ise paane ke liye apni bank passbook details submit karein.,No,No,No
spam,"Badhai ho, Ayushman Bharat ke tahat aapka application Rs.2,856 ke liye approve ho gaya hai. Disbursement ke liye apni bank details bhejein.",No,No,No
spam,"Badhai ho, Ayushman Bharat ke tahat aapka application Rs.971 ke liye approve ho gaya hai. Disbursement ke liye apni bank details bhejein.",No,No,No
spam,"Badhai ho, LPG Subsidy Scheme ke tahat aapka application Rs.551 ke liye approve ho gaya hai. Disbursement ke liye apni bank details bhejein.",No,No,No
spam,"Badhai ho, Ayushman Bharat ke tahat aapka application Rs.3,109 ke liye approve ho gaya hai. Disbursement ke liye apni bank details bhejein.",No,No,No
spam,"Ayushman Bharat: Aapka scholarship benefit Rs.15,994 transfer ke liye ready hai. Ise paane ke liye apni bank passbook details submit karein.",No,No,No
spam,"Sorry, maine galti se galat number par Rs.2,341 transfer kar diya, yeh aapka account lagta hai. Kripya wapas bhej dein kadev@okicici par.",No,No,No
spam,"Maine galti se aapke Amazon Pay par Rs.9,848 bhej diya, kripya isse is UPI ID par refund kar dein: wghgmip80@ibl",No,No,No
spam,"Hi, mujhe lagta hai maine kisi aur ko pay karte waqt aapko galti se Rs.7,939 bhej diya. Kripya rcfncnnp60@oksbi par wapas bhej dein, dhanyavad.",No,No,No
spam,Aapki insurance policy ka maturity amount Rs.954 ready hai. Payment paane ke liye apni bank passbook details bhejein.,No,No,No
spam,"Galti se Rs.84,785 mere account se aapke account mein transfer ho gaye hain, jald se jald bjzgp@oksbi par refund kar dein.",No,No,No
spam,"Galti se Rs.39,289 mere account se aapke account mein transfer ho gaye hain, jald se jald giobv@ibl par refund kar dein.",No,No,No
spam,"Aapki insurance policy ka maturity amount Rs.5,745 ready hai. Payment paane ke liye apni bank passbook details bhejein.",No,No,No
spam,Aapki insurance policy ka maturity amount Rs.510 ready hai. Payment paane ke liye apni bank passbook details bhejein.,No,No,No
spam,PMAY: Aapka scholarship benefit Rs.770 transfer ke liye ready hai. Ise paane ke liye apni bank passbook details submit karein.,No,No,No
spam,"Aapki insurance policy ka maturity amount Rs.24,205 ready hai. Payment paane ke liye apni bank passbook details bhejein.",No,No,No
spam,"Maine galti se aapke PhonePe par Rs.88,252 bhej diya, kripya isse is UPI ID par refund kar dein: rsralk95@axl",No,No,No
spam,"National Scholarship Portal Alert: Aap scheme ke tahat Rs.4,269 ke liye eligible hain. Claim karne ke liye apna Aadhaar aur bank account number share karein.",No,No,No
spam,"Badhai ho, Post Matric Scholarship ke tahat aapka application Rs.843 ke liye approve ho gaya hai. Disbursement ke liye apni bank details bhejein.",No,No,No
spam,"Hi, mujhe lagta hai maine kisi aur ko pay karte waqt aapko galti se Rs.682 bhej diya. Kripya wpcdjm@oksbi par wapas bhej dein, dhanyavad.",No,No,No
spam,"Galti se Rs.50,986 mere account se aapke account mein transfer ho gaye hain, jald se jald ibyrnjp72@axl par refund kar dein.",No,No,No
spam,"Aapka Kotak Mahindra Bank personal loan Rs.5,326 ka pre-approved hai. Process karne ke liye apni bank account aur Aadhaar details share karein.",No,No,No
spam,Aapka Axis Bank personal loan Rs.776 ka pre-approved hai. Process karne ke liye apni bank account aur Aadhaar details share karein.,No,No,No
spam,"Badhai ho, PM Kisan Samman Nidhi ke tahat aapka application Rs.49,776 ke liye approve ho gaya hai. Disbursement ke liye apni bank details bhejein.",No,No,No
spam,"Badhai ho, Ayushman Bharat ke tahat aapka application Rs.7,038 ke liye approve ho gaya hai. Disbursement ke liye apni bank details bhejein.",No,No,No
spam,"Sorry, maine galti se galat number par Rs.60,946 transfer kar diya, yeh aapka account lagta hai. Kripya wapas bhej dein zuxzbar87@ibl par.",No,No,No
spam,Aapka ICICI Bank personal loan Rs.890 ka pre-approved hai. Process karne ke liye apni bank account aur Aadhaar details share karein.,No,No,No
spam,Aapka Canara Bank personal loan Rs.735 ka pre-approved hai. Process karne ke liye apni bank account aur Aadhaar details share karein.,No,No,No
spam,"Aapka ICICI Bank personal loan Rs.2,660 ka pre-approved hai. Process karne ke liye apni bank account aur Aadhaar details share karein.",No,No,No
spam,"Hi, mujhe lagta hai maine kisi aur ko pay karte waqt aapko galti se Rs.46,037 bhej diya. Kripya vcwewy66@paytm par wapas bhej dein, dhanyavad.",No,No,No
spam,"Sorry, maine galti se galat number par Rs.4,377 transfer kar diya, yeh aapka account lagta hai. Kripya wapas bhej dein sxshzrwl@oksbi par.",No,No,No
spam,"Aapki insurance policy ka maturity amount Rs.28,742 ready hai. Payment paane ke liye apni bank passbook details bhejein.",No,No,No
spam,LPG Subsidy Scheme Alert: Aap scheme ke tahat Rs.901 ke liye eligible hain. Claim karne ke liye apna Aadhaar aur bank account number share karein.,No,No,No
spam,"PMAY Alert: Aap scheme ke tahat Rs.94,634 ke liye eligible hain. Claim karne ke liye apna Aadhaar aur bank account number share karein.",No,No,No
spam,"Aapki insurance policy ka maturity amount Rs.6,283 ready hai. Payment paane ke liye apni bank passbook details bhejein.",No,No,No
spam,"Badhai ho, PMAY ke tahat aapka application Rs.1,902 ke liye approve ho gaya hai. Disbursement ke liye apni bank details bhejein.",No,No,No
spam,"National Scholarship Portal: Aapka scholarship benefit Rs.6,852 transfer ke liye ready hai. Ise paane ke liye apni bank passbook details submit karein.",No,No,No
spam,"Aapki insurance policy ka maturity amount Rs.3,484 ready hai. Payment paane ke liye apni bank passbook details bhejein.",No,No,No
spam,"Sorry, maine galti se galat number par Rs.797 transfer kar diya, yeh aapka account lagta hai. Kripya wapas bhej dein nnpstbnh@okicici par.",No,No,No
spam,"Hi, mujhe lagta hai maine kisi aur ko pay karte waqt aapko galti se Rs.73,619 bhej diya. Kripya uxamvep93@axl par wapas bhej dein, dhanyavad.",No,No,No
spam,"Hi, mujhe lagta hai maine kisi aur ko pay karte waqt aapko galti se Rs.71,504 bhej diya. Kripya mssigqg@oksbi par wapas bhej dein, dhanyavad.",No,No,No
spam,"PM Ujjwala Yojana: Aapka scholarship benefit Rs.4,551 transfer ke liye ready hai. Ise paane ke liye apni bank passbook details submit karein.",No,No,No
spam,"Post Matric Scholarship: Aapka scholarship benefit Rs.16,390 transfer ke liye ready hai. Ise paane ke liye apni bank passbook details submit karein.",No,No,No
spam,"Hi, mujhe lagta hai maine kisi aur ko pay karte waqt aapko galti se Rs.48,758 bhej diya. Kripya cmsbagwq18@oksbi par wapas bhej dein, dhanyavad.",No,No,No
spam,"State Scholarship Scheme Alert: Aap scheme ke tahat Rs.94,512 ke liye eligible hain. Claim karne ke liye apna Aadhaar aur bank account number share karein.",No,No,No
spam,"Galti se Rs.621 mere account se aapke account mein transfer ho gaye hain, jald se jald jcdtuv74@okicici par refund kar dein.",No,No,No
spam,"Aapki insurance policy ka maturity amount Rs.30,510 ready hai. Payment paane ke liye apni bank passbook details bhejein.",No,No,No
spam,"State Scholarship Scheme: Aapka scholarship benefit Rs.5,432 transfer ke liye ready hai. Ise paane ke liye apni bank passbook details submit karein.",No,No,No
spam,"Badhai ho, Post Matric Scholarship ke tahat aapka application Rs.983 ke liye approve ho gaya hai. Disbursement ke liye apni bank details bhejein.",No,No,No
spam,"Aapka HDFC Bank personal loan Rs.9,968 ka pre-approved hai. Process karne ke liye apni bank account aur Aadhaar details share karein.",No,No,No
spam,"Sorry, maine galti se galat number par Rs.937 transfer kar diya, yeh aapka account lagta hai. Kripya wapas bhej dein ebony@axl par.",No,No,No
spam,"Galti se Rs.5,772 mere account se aapke account mein transfer ho gaye hain, jald se jald pyeun@okhdfcbank par refund kar dein.",No,No,No
spam,"Aapko TCS ke saath work-from-home job ke liye select kiya gaya hai. Rs.54,685 ka joining bonus paane ke liye apni bank details share karein.",No,No,No
spam,"Aapka ICICI Bank personal loan Rs.7,139 ka pre-approved hai. Process karne ke liye apni bank account aur Aadhaar details share karein.",No,No,No
spam,"Sorry, maine galti se galat number par Rs.61,839 transfer kar diya, yeh aapka account lagta hai. Kripya wapas bhej dein wocsjsaa58@okhdfcbank par.",No,No,No
spam,"Galti se Rs.1,879 mere account se aapke account mein transfer ho gaye hain, jald se jald dlbwrnzy@ibl par refund kar dein.",No,No,No
spam,"Aapka Punjab National Bank personal loan Rs.1,465 ka pre-approved hai. Process karne ke liye apni bank account aur Aadhaar details share karein.",No,No,No
spam,"Aapko Flipkart ke saath work-from-home job ke liye select kiya gaya hai. Rs.29,922 ka joining bonus paane ke liye apni bank details share karein.",No,No,No
spam,"Hi, mujhe lagta hai maine kisi aur ko pay karte waqt aapko galti se Rs.13,779 bhej diya. Kripya thscllfx@okicici par wapas bhej dein, dhanyavad.",No,No,No
spam,State Scholarship Scheme Alert: Aap scheme ke tahat Rs.735 ke liye eligible hain. Claim karne ke liye apna Aadhaar aur bank account number share karein.,No,No,No
spam,Aapki insurance policy ka maturity amount Rs.774 ready hai. Payment paane ke liye apni bank passbook details bhejein.,No,No,No
spam,"PM Kisan Samman Nidhi Alert: Aap scheme ke tahat Rs.2,065 ke liye eligible hain. Claim karne ke liye apna Aadhaar aur bank account number share karein.",No,No,No
spam,"Sorry, maine galti se galat number par Rs.3,802 transfer kar diya, yeh aapka account lagta hai. Kripya wapas bhej dein ltonsj@ybl par.",No,No,No
spam,"Hi, mujhe lagta hai maine kisi aur ko pay karte waqt aapko galti se Rs.6,290 bhej diya. Kripya jndbu66@oksbi par wapas bhej dein, dhanyavad.",No,No,No
spam,"Badhai ho, Ayushman Bharat ke tahat aapka application Rs.99,993 ke liye approve ho gaya hai. Disbursement ke liye apni bank details bhejein.",No,No,No
spam,"Badhai ho, PM Ujjwala Yojana ke tahat aapka application Rs.49,014 ke liye approve ho gaya hai. Disbursement ke liye apni bank details bhejein.",No,No,No
spam,"Galti se Rs.560 mere account se aapke account mein transfer ho gaye hain, jald se jald vopmtkq@paytm par refund kar dein.",No,No,No
spam,"Aapka Canara Bank personal loan Rs.83,579 ka pre-approved hai. Process karne ke liye apni bank account aur Aadhaar details share karein.",No,No,No
spam,"Sorry, maine galti se galat number par Rs.26,962 transfer kar diya, yeh aapka account lagta hai. Kripya wapas bhej dein mcgnp30@okhdfcbank par.",No,No,No
spam,"Aapko Wipro ke saath work-from-home job ke liye select kiya gaya hai. Rs.8,775 ka joining bonus paane ke liye apni bank details share karein.",No,No,No
spam,"State Scholarship Scheme Alert: Aap scheme ke tahat Rs.7,179 ke liye eligible hain. Claim karne ke liye apna Aadhaar aur bank account number share karein.",No,No,No
spam,PM Ujjwala Yojana: Aapka scholarship benefit Rs.857 transfer ke liye ready hai. Ise paane ke liye apni bank passbook details submit karein.,No,No,No
spam,"Galti se Rs.8,140 mere account se aapke account mein transfer ho gaye hain, jald se jald cqsts75@ibl par refund kar dein.",No,No,No
spam,Post Matric Scholarship: Aapka scholarship benefit Rs.916 transfer ke liye ready hai. Ise paane ke liye apni bank passbook details submit karein.,No,No,No
spam,LPG Subsidy Scheme Alert: Aap scheme ke tahat Rs.509 ke liye eligible hain. Claim karne ke liye apna Aadhaar aur bank account number share karein.,No,No,No
spam,Post Matric Scholarship Alert: Aap scheme ke tahat Rs.988 ke liye eligible hain. Claim karne ke liye apna Aadhaar aur bank account number share karein.,No,No,No
spam,"Aapko Flipkart ke saath work-from-home job ke liye select kiya gaya hai. Rs.6,081 ka joining bonus paane ke liye apni bank details share karein.",No,No,No
spam,"Sorry, maine galti se galat number par Rs.605 transfer kar diya, yeh aapka account lagta hai. Kripya wapas bhej dein wmihbp@okhdfcbank par.",No,No,No
spam,"Aapki insurance policy ka maturity amount Rs.79,486 ready hai. Payment paane ke liye apni bank passbook details bhejein.",No,No,No
spam,"Hi, mujhe lagta hai maine kisi aur ko pay karte waqt aapko galti se Rs.6,561 bhej diya. Kripya vzmprpr@okicici par wapas bhej dein, dhanyavad.",No,No,No
spam,"PM Ujjwala Yojana: Aapka scholarship benefit Rs.44,748 transfer ke liye ready hai. Ise paane ke liye apni bank passbook details submit karein.",No,No,No
spam,"Hi, mujhe lagta hai maine kisi aur ko pay karte waqt aapko galti se Rs.99,360 bhej diya. Kripya fewkbct48@paytm par wapas bhej dein, dhanyavad.",No,No,No
spam,"PMAY: Aapka scholarship benefit Rs.4,262 transfer ke liye ready hai. Ise paane ke liye apni bank passbook details submit karein.",No,No,No
spam,"Aapko Wipro ke saath work-from-home job ke liye select kiya gaya hai. Rs.20,693 ka joining bonus paane ke liye apni bank details share karein.",No,No,No
spam,"Hi, mujhe lagta hai maine kisi aur ko pay karte waqt aapko galti se Rs.3,706 bhej diya. Kripya eztyjnr18@ybl par wapas bhej dein, dhanyavad.",No,No,No
spam,"LPG Subsidy Scheme: Aapka scholarship benefit Rs.1,164 transfer ke liye ready hai. Ise paane ke liye apni bank passbook details submit karein.",No,No,No
spam,"Hi, mujhe lagta hai maine kisi aur ko pay karte waqt aapko galti se Rs.2,767 bhej diya. Kripya quipl70@ibl par wapas bhej dein, dhanyavad.",No,No,No
spam,"Ayushman Bharat: Aapka scholarship benefit Rs.82,896 transfer ke liye ready hai. Ise paane ke liye apni bank passbook details submit karein.",No,No,No
spam,"Hi, mujhe lagta hai maine kisi aur ko pay karte waqt aapko galti se Rs.79,362 bhej diya. Kripya hxpwbdrx@ibl par wapas bhej dein, dhanyavad.",No,No,No
spam,"Hi, mujhe lagta hai maine kisi aur ko pay karte waqt aapko galti se Rs.72,565 bhej diya. Kripya zwhrmne42@axl par wapas bhej dein, dhanyavad.",No,No,No
spam,"Galti se Rs.34,876 mere account se aapke account mein transfer ho gaye hain, jald se jald syzmrqqz15@ybl par refund kar dein.",No,No,No
spam,"Badhai ho, Post Matric Scholarship ke tahat aapka application Rs.2,757 ke liye approve ho gaya hai. Disbursement ke liye apni bank details bhejein.",No,No,No
spam,"Hi, mujhe lagta hai maine kisi aur ko pay karte waqt aapko galti se Rs.9,469 bhej diya. Kripya yuhyqkk20@axl par wapas bhej dein, dhanyavad.",No,No,No
spam,"Maine galti se aapke Google Pay par Rs.18,324 bhej diya, kripya isse is UPI ID par refund kar dein: whlfh@ibl",No,No,No
spam,"Aapki insurance policy ka maturity amount Rs.8,106 ready hai. Payment paane ke liye apni bank passbook details bhejein.",No,No,No
spam,LPG Subsidy Scheme: Aapka scholarship benefit Rs.598 transfer ke liye ready hai. Ise paane ke liye apni bank passbook details submit karein.,No,No,No
spam,"Galti se Rs.4,337 mere account se aapke account mein transfer ho gaye hain, jald se jald afwafo50@oksbi par refund kar dein.",No,No,No
spam,"Aapko Infosys ke saath work-from-home job ke liye select kiya gaya hai. Rs.16,562 ka joining bonus paane ke liye apni bank details share karein.",No,No,No
spam,"Badhai ho, National Scholarship Portal ke tahat aapka application Rs.813 ke liye approve ho gaya hai. Disbursement ke liye apni bank details bhejein.",No,No,No
spam,"Aapki insurance policy ka maturity amount Rs.37,691 ready hai. Payment paane ke liye apni bank passbook details bhejein.",No,No,No
spam,"Galti se Rs.959 mere account se aapke account mein transfer ho gaye hain, jald se jald fhhnpz32@axl par refund kar dein.",No,No,No
spam,"Aapka Bank of Baroda personal loan Rs.3,939 ka pre-approved hai. Process karne ke liye apni bank account aur Aadhaar details share karein.",No,No,No
spam,"LPG Subsidy Scheme: Aapka scholarship benefit Rs.75,901 transfer ke liye ready hai. Ise paane ke liye apni bank passbook details submit karein.",No,No,No
spam,PM Kisan Samman Nidhi: Aapka scholarship benefit Rs.675 transfer ke liye ready hai. Ise paane ke liye apni bank passbook details submit karein.,No,No,No
spam,"Hi, mujhe lagta hai maine kisi aur ko pay karte waqt aapko galti se Rs.6,932 bhej diya. Kripya itbwoom@ybl par wapas bhej dein, dhanyavad.",No,No,No
spam,"PM Kisan Samman Nidhi Alert: Aap scheme ke tahat Rs.5,046 ke liye eligible hain. Claim karne ke liye apna Aadhaar aur bank account number share karein.",No,No,No
spam,"Maine galti se aapke PhonePe par Rs.850 bhej diya, kripya isse is UPI ID par refund kar dein: vgnjuqpg@ybl",No,No,No
spam,"Aapka Kotak Mahindra Bank personal loan Rs.98,580 ka pre-approved hai. Process karne ke liye apni bank account aur Aadhaar details share karein.",No,No,No
spam,Aapki insurance policy ka maturity amount Rs.671 ready hai. Payment paane ke liye apni bank passbook details bhejein.,No,No,No
spam,"Galti se Rs.91,788 mere account se aapke account mein transfer ho gaye hain, jald se jald udagzy@okhdfcbank par refund kar dein.",No,No,No
spam,"Hi, mujhe lagta hai maine kisi aur ko pay karte waqt aapko galti se Rs.3,922 bhej diya. Kripya oygjtgay@paytm par wapas bhej dein, dhanyavad.",No,No,No
spam,"Aapko HCL ke saath work-from-home job ke liye select kiya gaya hai. Rs.8,010 ka joining bonus paane ke liye apni bank details share karein.",No,No,No
spam,"Maine galti se aapke Paytm par Rs.677 bhej diya, kripya isse is UPI ID par refund kar dein: wfvvutrw17@okhdfcbank",No,No,No
spam,"Badhai ho, LPG Subsidy Scheme ke tahat aapka application Rs.2,703 ke liye approve ho gaya hai. Disbursement ke liye apni bank details bhejein.",No,No,No
spam,Aapko HCL ke saath work-from-home job ke liye select kiya gaya hai. Rs.822 ka joining bonus paane ke liye apni bank details share karein.,No,No,No
spam,"State Scholarship Scheme: Aapka scholarship benefit Rs.48,467 transfer ke liye ready hai. Ise paane ke liye apni bank passbook details submit karein.",No,No,No
spam,"Hi, mujhe lagta hai maine kisi aur ko pay karte waqt aapko galti se Rs.811 bhej diya. Kripya qkrivv@okicici par wapas bhej dein, dhanyavad.",No,No,No
spam,Aapka ICICI Bank personal loan Rs.677 ka pre-approved hai. Process karne ke liye apni bank account aur Aadhaar details share karein.,No,No,No
spam,Post Matric Scholarship Alert: Aap scheme ke tahat Rs.872 ke liye eligible hain. Claim karne ke liye apna Aadhaar aur bank account number share karein.,No,No,No
spam,"Aapki insurance policy ka maturity amount Rs.56,997 ready hai. Payment paane ke liye apni bank passbook details bhejein.",No,No,No
spam,"Hi, mujhe lagta hai maine kisi aur ko pay karte waqt aapko galti se Rs.3,369 bhej diya. Kripya iaqjthf98@paytm par wapas bhej dein, dhanyavad.",No,No,No
spam,"Aapko Reliance ke saath work-from-home job ke liye select kiya gaya hai. Rs.9,828 ka joining bonus paane ke liye apni bank details share karein.",No,No,No
spam,"Sorry, maine galti se galat number par Rs.514 transfer kar diya, yeh aapka account lagta hai. Kripya wapas bhej dein eaaitz90@oksbi par.",No,No,No
spam,"Hi, mujhe lagta hai maine kisi aur ko pay karte waqt aapko galti se Rs.7,371 bhej diya. Kripya grnmxwnn58@paytm par wapas bhej dein, dhanyavad.",No,No,No
spam,"Aapki insurance policy ka maturity amount Rs.55,466 ready hai. Payment paane ke liye apni bank passbook details bhejein.",No,No,No
spam,Aapko Reliance ke saath work-from-home job ke liye select kiya gaya hai. Rs.913 ka joining bonus paane ke liye apni bank details share karein.,No,No,No
spam,"Sorry, maine galti se galat number par Rs.22,468 transfer kar diya, yeh aapka account lagta hai. Kripya wapas bhej dein albew56@oksbi par.",No,No,No
spam,"Sorry, maine galti se galat number par Rs.45,384 transfer kar diya, yeh aapka account lagta hai. Kripya wapas bhej dein cijxkhyf@axl par.",No,No,No
spam,"Hi, mujhe lagta hai maine kisi aur ko pay karte waqt aapko galti se Rs.648 bhej diya. Kripya rccjn78@paytm par wapas bhej dein, dhanyavad.",No,No,No
spam,"Galti se Rs.731 mere account se aapke account mein transfer ho gaye hain, jald se jald akvuucw67@okicici par refund kar dein.",No,No,No
spam,"Hi, mujhe lagta hai maine kisi aur ko pay karte waqt aapko galti se Rs.767 bhej diya. Kripya fippb@paytm par wapas bhej dein, dhanyavad.",No,No,No
spam,"Aapki insurance policy ka maturity amount Rs.1,504 ready hai. Payment paane ke liye apni bank passbook details bhejein.",No,No,No
spam,"Galti se Rs.9,541 mere account se aapke account mein transfer ho gaye hain, jald se jald zsnxdw20@ybl par refund kar dein.",No,No,No
spam,"Aapka Canara Bank personal loan Rs.9,521 ka pre-approved hai. Process karne ke liye apni bank account aur Aadhaar details share karein.",No,No,No
spam,"Aapka SBI personal loan Rs.9,801 ka pre-approved hai. Process karne ke liye apni bank account aur Aadhaar details share karein.",No,No,No
spam,"Aapki insurance policy ka maturity amount Rs.55,852 ready hai. Payment paane ke liye apni bank passbook details bhejein.",No,No,No
spam,"Badhai ho, LPG Subsidy Scheme ke tahat aapka application Rs.5,080 ke liye approve ho gaya hai. Disbursement ke liye apni bank details bhejein.",No,No,No
spam,"Hi, mujhe lagta hai maine kisi aur ko pay karte waqt aapko galti se Rs.5,975 bhej diya. Kripya ckiwyva38@okicici par wapas bhej dein, dhanyavad.",No,No,No
spam,PMAY Alert: Aap scheme ke tahat Rs.800 ke liye eligible hain. Claim karne ke liye apna Aadhaar aur bank account number share karein.,No,No,No
spam,"Hi, mujhe lagta hai maine kisi aur ko pay karte waqt aapko galti se Rs.6,679 bhej diya. Kripya zfpzez32@ybl par wapas bhej dein, dhanyavad.",No,No,No
spam,"Aapko Infosys ke saath work-from-home job ke liye select kiya gaya hai. Rs.8,922 ka joining bonus paane ke liye apni bank details share karein.",No,No,No
spam,PM Kisan Samman Nidhi Alert: Aap scheme ke tahat Rs.952 ke liye eligible hain. Claim karne ke liye apna Aadhaar aur bank account number share karein.,No,No,No
spam,"Aapki insurance policy ka maturity amount Rs.3,789 ready hai. Payment paane ke liye apni bank passbook details bhejein.",No,No,No
spam,"Aapka HDFC Bank personal loan Rs.7,295 ka pre-approved hai. Process karne ke liye apni bank account aur Aadhaar details share karein.",No,No,No
spam,"Hi, mujhe lagta hai maine kisi aur ko pay karte waqt aapko galti se Rs.759 bhej diya. Kripya aodxxez@oksbi par wapas bhej dein, dhanyavad.",No,No,No
spam,"Aapka SBI personal loan Rs.2,788 ka pre-approved hai. Process karne ke liye apni bank account aur Aadhaar details share karein.",No,No,No
spam,"Galti se Rs.81,230 mere account se aapke account mein transfer ho gaye hain, jald se jald stqsgaqf@okhdfcbank par refund kar dein.",No,No,No
spam,"Badhai ho, Post Matric Scholarship ke tahat aapka application Rs.7,191 ke liye approve ho gaya hai. Disbursement ke liye apni bank details bhejein.",No,No,No
spam,"LPG Subsidy Scheme: Aapka scholarship benefit Rs.2,804 transfer ke liye ready hai. Ise paane ke liye apni bank passbook details submit karein.",No,No,No
spam,"Aapko Amazon ke saath work-from-home job ke liye select kiya gaya hai. Rs.63,366 ka joining bonus paane ke liye apni bank details share karein.",No,No,No
spam,"Ayushman Bharat: Aapka scholarship benefit Rs.2,015 transfer ke liye ready hai. Ise paane ke liye apni bank passbook details submit karein.",No,No,No
spam,"Galti se Rs.23,938 mere account se aapke account mein transfer ho gaye hain, jald se jald cpytqk59@ibl par refund kar dein.",No,No,No
spam,"Sorry, maine galti se galat number par Rs.4,329 transfer kar diya, yeh aapka account lagta hai. Kripya wapas bhej dein sujetes@okhdfcbank par.",No,No,No
spam,"Post Matric Scholarship: Aapka scholarship benefit Rs.3,708 transfer ke liye ready hai. Ise paane ke liye apni bank passbook details submit karein.",No,No,No
spam,"Sorry, maine galti se galat number par Rs.6,429 transfer kar diya, yeh aapka account lagta hai. Kripya wapas bhej dein fyaee49@axl par.",No,No,No
spam,"Hi, mujhe lagta hai maine kisi aur ko pay karte waqt aapko galti se Rs.654 bhej diya. Kripya rgkwtun93@axl par wapas bhej dein, dhanyavad.",No,No,No
spam,"Aapki insurance policy ka maturity amount Rs.2,085 ready hai. Payment paane ke liye apni bank passbook details bhejein.",No,No,No
spam,"Ayushman Bharat: Aapka scholarship benefit Rs.55,246 transfer ke liye ready hai. Ise paane ke liye apni bank passbook details submit karein.",No,No,No
spam,"Aapki insurance policy ka maturity amount Rs.60,977 ready hai. Payment paane ke liye apni bank passbook details bhejein.",No,No,No
spam,PMAY Alert: Aap scheme ke tahat Rs.707 ke liye eligible hain. Claim karne ke liye apna Aadhaar aur bank account number share karein.,No,No,No
spam,"Maine galti se aapke Paytm par Rs.746 bhej diya, kripya isse is UPI ID par refund kar dein: urzvmuf@oksbi",No,No,No
spam,"Aapko HCL ke saath work-from-home job ke liye select kiya gaya hai. Rs.7,904 ka joining bonus paane ke liye apni bank details share karein.",No,No,No
spam,Post Matric Scholarship: Aapka scholarship benefit Rs.896 transfer ke liye ready hai. Ise paane ke liye apni bank passbook details submit karein.,No,No,No
spam,"Sorry, maine galti se galat number par Rs.85,047 transfer kar diya, yeh aapka account lagta hai. Kripya wapas bhej dein frdqvdwj@axl par.",No,No,No
spam,"Sorry, maine galti se galat number par Rs.36,352 transfer kar diya, yeh aapka account lagta hai. Kripya wapas bhej dein vlsljvm@paytm par.",No,No,No
spam,Aapka ICICI Bank personal loan Rs.999 ka pre-approved hai. Process karne ke liye apni bank account aur Aadhaar details share karein.,No,No,No
spam,"Sorry, maine galti se galat number par Rs.3,170 transfer kar diya, yeh aapka account lagta hai. Kripya wapas bhej dein bovczuni@paytm par.",No,No,No
spam,"PMAY Alert: Aap scheme ke tahat Rs.54,801 ke liye eligible hain. Claim karne ke liye apna Aadhaar aur bank account number share karein.",No,No,No
spam,"Sorry, maine galti se galat number par Rs.952 transfer kar diya, yeh aapka account lagta hai. Kripya wapas bhej dein wcqtuen55@oksbi par.",No,No,No
spam,"Hi, mujhe lagta hai maine kisi aur ko pay karte waqt aapko galti se Rs.884 bhej diya. Kripya vsemvojx30@okhdfcbank par wapas bhej dein, dhanyavad.",No,No,No
spam,"Sorry, maine galti se galat number par Rs.79,003 transfer kar diya, yeh aapka account lagta hai. Kripya wapas bhej dein ahzoyhjz34@oksbi par.",No,No,No
spam,"Galti se Rs.41,899 mere account se aapke account mein transfer ho gaye hain, jald se jald tenkaxn62@ibl par refund kar dein.",No,No,No
spam,"Badhai ho, PM Kisan Samman Nidhi ke tahat aapka application Rs.4,476 ke liye approve ho gaya hai. Disbursement ke liye apni bank details bhejein.",No,No,No
spam,LPG Subsidy Scheme: Aapka scholarship benefit Rs.794 transfer ke liye ready hai. Ise paane ke liye apni bank passbook details submit karein.,No,No,No
spam,"PM Kisan Samman Nidhi Alert: Aap scheme ke tahat Rs.2,716 ke liye eligible hain. Claim karne ke liye apna Aadhaar aur bank account number share karein.",No,No,No
spam,"Hi, mujhe lagta hai maine kisi aur ko pay karte waqt aapko galti se Rs.40,965 bhej diya. Kripya elwtjp@ibl par wapas bhej dein, dhanyavad.",No,No,No
spam,"Hi, mujhe lagta hai maine kisi aur ko pay karte waqt aapko galti se Rs.736 bhej diya. Kripya iackj@okhdfcbank par wapas bhej dein, dhanyavad.",No,No,No
spam,"Aapka Kotak Mahindra Bank personal loan Rs.5,293 ka pre-approved hai. Process karne ke liye apni bank account aur Aadhaar details share karein.",No,No,No
spam,State Scholarship Scheme Alert: Aap scheme ke tahat Rs.578 ke liye eligible hain. Claim karne ke liye apna Aadhaar aur bank account number share karein.,No,No,No
spam,"Badhai ho, National Scholarship Portal ke tahat aapka application Rs.61,066 ke liye approve ho gaya hai. Disbursement ke liye apni bank details bhejein.",No,No,No
spam,Aapka HDFC Bank personal loan Rs.961 ka pre-approved hai. Process karne ke liye apni bank account aur Aadhaar details share karein.,No,No,No
spam,"LPG Subsidy Scheme Alert: Aap scheme ke tahat Rs.17,052 ke liye eligible hain. Claim karne ke liye apna Aadhaar aur bank account number share karein.",No,No,No
spam,"Sorry, maine galti se galat number par Rs.74,924 transfer kar diya, yeh aapka account lagta hai. Kripya wapas bhej dein fmcub43@okicici par.",No,No,No
spam,"Badhai ho, PM Ujjwala Yojana ke tahat aapka application Rs.765 ke liye approve ho gaya hai. Disbursement ke liye apni bank details bhejein.",No,No,No
spam,"Aapko Reliance ke saath work-from-home job ke liye select kiya gaya hai. Rs.1,363 ka joining bonus paane ke liye apni bank details share karein.",No,No,No
spam,"Aapki insurance policy ka maturity amount Rs.92,809 ready hai. Payment paane ke liye apni bank passbook details bhejein.",No,No,No
spam,"Hi, mujhe lagta hai maine kisi aur ko pay karte waqt aapko galti se Rs.931 bhej diya. Kripya vnttsuot71@axl par wapas bhej dein, dhanyavad.",No,No,No
spam,"Aapka Kotak Mahindra Bank personal loan Rs.71,430 ka pre-approved hai. Process karne ke liye apni bank account aur Aadhaar details share karein.",No,No,No
spam,Post Matric Scholarship: Aapka scholarship benefit Rs.836 transfer ke liye ready hai. Ise paane ke liye apni bank passbook details submit karein.,No,No,No
spam,"Hi, mujhe lagta hai maine kisi aur ko pay karte waqt aapko galti se Rs.781 bhej diya. Kripya tjxpsx85@oksbi par wapas bhej dein, dhanyavad.",No,No,No
spam,"Aapki insurance policy ka maturity amount Rs.2,536 ready hai. Payment paane ke liye apni bank passbook details bhejein.",No,No,No
spam,Aapka Kotak Mahindra Bank personal loan Rs.567 ka pre-approved hai. Process karne ke liye apni bank account aur Aadhaar details share karein.,No,No,No
spam,"Galti se Rs.42,024 mere account se aapke account mein transfer ho gaye hain, jald se jald lwoxqpj30@ybl par refund kar dein.",No,No,No
spam,"Aapki insurance policy ka maturity amount Rs.2,606 ready hai. Payment paane ke liye apni bank passbook details bhejein.",No,No,No
spam,"Galti se Rs.23,879 mere account se aapke account mein transfer ho gaye hain, jald se jald jeffrtfk@okhdfcbank par refund kar dein.",No,No,No
spam,"Badhai ho, PM Ujjwala Yojana ke tahat aapka application Rs.5,556 ke liye approve ho gaya hai. Disbursement ke liye apni bank details bhejein.",No,No,No
spam,"Aapko TCS ke saath work-from-home job ke liye select kiya gaya hai. Rs.47,359 ka joining bonus paane ke liye apni bank details share karein.",No,No,No
spam,"PMAY: Aapka scholarship benefit Rs.24,972 transfer ke liye ready hai. Ise paane ke liye apni bank passbook details submit karein.",No,No,No
spam,"LPG Subsidy Scheme: Aapka scholarship benefit Rs.99,820 transfer ke liye ready hai. Ise paane ke liye apni bank passbook details submit karein.",No,No,No
spam,"State Scholarship Scheme: Aapka scholarship benefit Rs.42,007 transfer ke liye ready hai. Ise paane ke liye apni bank passbook details submit karein.",No,No,No
spam,"Ayushman Bharat Alert: Aap scheme ke tahat Rs.6,236 ke liye eligible hain. Claim karne ke liye apna Aadhaar aur bank account number share karein.",No,No,No
spam,"Hi, mujhe lagta hai maine kisi aur ko pay karte waqt aapko galti se Rs.3,628 bhej diya. Kripya qztnvfr91@axl par wapas bhej dein, dhanyavad.",No,No,No
spam,"Aapko Reliance ke saath work-from-home job ke liye select kiya gaya hai. Rs.89,183 ka joining bonus paane ke liye apni bank details share karein.",No,No,No
spam,"Badhai ho, National Scholarship Portal ke tahat aapka application Rs.607 ke liye approve ho gaya hai. Disbursement ke liye apni bank details bhejein.",No,No,No
spam,"Sorry, maine galti se galat number par Rs.685 transfer kar diya, yeh aapka account lagta hai. Kripya wapas bhej dein hmdgiudr@ybl par.",No,No,No
spam,Post Matric Scholarship: Aapka scholarship benefit Rs.517 transfer ke liye ready hai. Ise paane ke liye apni bank passbook details submit karein.,No,No,No
spam,"LPG Subsidy Scheme: Aapka scholarship benefit Rs.20,035 transfer ke liye ready hai. Ise paane ke liye apni bank passbook details submit karein.",No,No,No
spam,"Hi, mujhe lagta hai maine kisi aur ko pay karte waqt aapko galti se Rs.15,724 bhej diya. Kripya buwyler@ybl par wapas bhej dein, dhanyavad.",No,No,No
spam,"Maine galti se aapke Paytm par Rs.5,385 bhej diya, kripya isse is UPI ID par refund kar dein: yucls@axl",No,No,No
spam,"Ayushman Bharat Alert: Aap scheme ke tahat Rs.5,738 ke liye eligible hain. Claim karne ke liye apna Aadhaar aur bank account number share karein.",No,No,No
spam,"Maine galti se aapke PhonePe par Rs.1,482 bhej diya, kripya isse is UPI ID par refund kar dein: jrpgb20@paytm",No,No,No
spam,"Galti se Rs.961 mere account se aapke account mein transfer ho gaye hain, jald se jald iqdtmb@ybl par refund kar dein.",No,No,No
spam,"Hi, mujhe lagta hai maine kisi aur ko pay karte waqt aapko galti se Rs.16,397 bhej diya. Kripya dufvhhm@okicici par wapas bhej dein, dhanyavad.",No,No,No
spam,"Galti se Rs.5,825 mere account se aapke account mein transfer ho gaye hain, jald se jald iqydxu75@ibl par refund kar dein.",No,No,No
spam,"Badhai ho, State Scholarship Scheme ke tahat aapka application Rs.50,824 ke liye approve ho gaya hai. Disbursement ke liye apni bank details bhejein.",No,No,No
spam,"Aapko Infosys ke saath work-from-home job ke liye select kiya gaya hai. Rs.3,178 ka joining bonus paane ke liye apni bank details share karein.",No,No,No
spam,PMAY Alert: Aap scheme ke tahat Rs.843 ke liye eligible hain. Claim karne ke liye apna Aadhaar aur bank account number share karein.,No,No,No
spam,"Badhai ho, Ayushman Bharat ke tahat aapka application Rs.3,998 ke liye approve ho gaya hai. Disbursement ke liye apni bank details bhejein.",No,No,No
spam,Aapko Wipro ke saath work-from-home job ke liye select kiya gaya hai. Rs.983 ka joining bonus paane ke liye apni bank details share karein.,No,No,No
spam,"Maine galti se aapke Amazon Pay par Rs.971 bhej diya, kripya isse is UPI ID par refund kar dein: uzwexqa@paytm",No,No,No
spam,"Hi, mujhe lagta hai maine kisi aur ko pay karte waqt aapko galti se Rs.781 bhej diya. Kripya ehmquq92@okicici par wapas bhej dein, dhanyavad.",No,No,No
spam,"Hi, mujhe lagta hai maine kisi aur ko pay karte waqt aapko galti se Rs.937 bhej diya. Kripya espryw@ybl par wapas bhej dein, dhanyavad.",No,No,No
spam,"State Scholarship Scheme: Aapka scholarship benefit Rs.4,531 transfer ke liye ready hai. Ise paane ke liye apni bank passbook details submit karein.",No,No,No
spam,"Badhai ho, Ayushman Bharat ke tahat aapka application Rs.586 ke liye approve ho gaya hai. Disbursement ke liye apni bank details bhejein.",No,No,No
spam,"Galti se Rs.31,689 mere account se aapke account mein transfer ho gaye hain, jald se jald qlmywbfe@ibl par refund kar dein.",No,No,No
spam,"National Scholarship Portal: Aapka scholarship benefit Rs.8,513 transfer ke liye ready hai. Ise paane ke liye apni bank passbook details submit karein.",No,No,No
spam,"Aapko Flipkart ke saath work-from-home job ke liye select kiya gaya hai. Rs.45,293 ka joining bonus paane ke liye apni bank details share karein.",No,No,No
spam,"Badhai ho, National Scholarship Portal ke tahat aapka application Rs.563 ke liye approve ho gaya hai. Disbursement ke liye apni bank details bhejein.",No,No,No
spam,"Hi, mujhe lagta hai maine kisi aur ko pay karte waqt aapko galti se Rs.80,645 bhej diya. Kripya vpnmmoo@axl par wapas bhej dein, dhanyavad.",No,No,No
spam,"Hi, mujhe lagta hai maine kisi aur ko pay karte waqt aapko galti se Rs.688 bhej diya. Kripya tlyxsun@ibl par wapas bhej dein, dhanyavad.",No,No,No
spam,"Galti se Rs.84,092 mere account se aapke account mein transfer ho gaye hain, jald se jald bykiwdt20@okicici par refund kar dein.",No,No,No
spam,"Maine galti se aapke Paytm par Rs.17,891 bhej diya, kripya isse is UPI ID par refund kar dein: lgwnjta@paytm",No,No,No
spam,"Aapka HDFC Bank personal loan Rs.43,364 ka pre-approved hai. Process karne ke liye apni bank account aur Aadhaar details share karein.",No,No,No
spam,"Badhai ho, National Scholarship Portal ke tahat aapka application Rs.881 ke liye approve ho gaya hai. Disbursement ke liye apni bank details bhejein.",No,No,No
spam,"Hi, mujhe lagta hai maine kisi aur ko pay karte waqt aapko galti se Rs.65,610 bhej diya. Kripya qbzay46@axl par wapas bhej dein, dhanyavad.",No,No,No
spam,"Badhai ho, Post Matric Scholarship ke tahat aapka application Rs.518 ke liye approve ho gaya hai. Disbursement ke liye apni bank details bhejein.",No,No,No
spam,"Hi, mujhe lagta hai maine kisi aur ko pay karte waqt aapko galti se Rs.8,677 bhej diya. Kripya zpuxieem88@ibl par wapas bhej dein, dhanyavad.",No,No,No
spam,"Sorry, maine galti se galat number par Rs.1,404 transfer kar diya, yeh aapka account lagta hai. Kripya wapas bhej dein owwtfzom@okhdfcbank par.",No,No,No
spam,"Badhai ho, PMAY ke tahat aapka application Rs.704 ke liye approve ho gaya hai. Disbursement ke liye apni bank details bhejein.",No,No,No
spam,"Aapki insurance policy ka maturity amount Rs.58,213 ready hai. Payment paane ke liye apni bank passbook details bhejein.",No,No,No
spam,"Galti se Rs.935 mere account se aapke account mein transfer ho gaye hain, jald se jald fahnl@oksbi par refund kar dein.",No,No,No
spam,Post Matric Scholarship Alert: Aap scheme ke tahat Rs.741 ke liye eligible hain. Claim karne ke liye apna Aadhaar aur bank account number share karein.,No,No,No
spam,"PM Ujjwala Yojana: Aapka scholarship benefit Rs.55,986 transfer ke liye ready hai. Ise paane ke liye apni bank passbook details submit karein.",No,No,No
spam,"Badhai ho, National Scholarship Portal ke tahat aapka application Rs.1,187 ke liye approve ho gaya hai. Disbursement ke liye apni bank details bhejein.",No,No,No
spam,Ayushman Bharat: Aapka scholarship benefit Rs.645 transfer ke liye ready hai. Ise paane ke liye apni bank passbook details submit karein.,No,No,No
spam,Aapko Wipro ke saath work-from-home job ke liye select kiya gaya hai. Rs.907 ka joining bonus paane ke liye apni bank details share karein.,No,No,No
spam,"Aapka SBI personal loan Rs.97,784 ka pre-approved hai. Process karne ke liye apni bank account aur Aadhaar details share karein.",No,No,No
spam,"LPG Subsidy Scheme Alert: Aap scheme ke tahat Rs.1,184 ke liye eligible hain. Claim karne ke liye apna Aadhaar aur bank account number share karein.",No,No,No
spam,"Galti se Rs.47,304 mere account se aapke account mein transfer ho gaye hain, jald se jald dvfqh@oksbi par refund kar dein.",No,No,No
spam,"Sorry, maine galti se galat number par Rs.7,119 transfer kar diya, yeh aapka account lagta hai. Kripya wapas bhej dein oszsmhe@ibl par.",No,No,No
spam,"LPG Subsidy Scheme Alert: Aap scheme ke tahat Rs.87,055 ke liye eligible hain. Claim karne ke liye apna Aadhaar aur bank account number share karein.",No,No,No
spam,"Hi, mujhe lagta hai maine kisi aur ko pay karte waqt aapko galti se Rs.553 bhej diya. Kripya wjpojcr@oksbi par wapas bhej dein, dhanyavad.",No,No,No
spam,"Badhai ho, PMAY ke tahat aapka application Rs.1,827 ke liye approve ho gaya hai. Disbursement ke liye apni bank details bhejein.",No,No,No
spam,PMAY: Aapka scholarship benefit Rs.568 transfer ke liye ready hai. Ise paane ke liye apni bank passbook details submit karein.,No,No,No
spam,"Hi, mujhe lagta hai maine kisi aur ko pay karte waqt aapko galti se Rs.975 bhej diya. Kripya ufwlmxs@ibl par wapas bhej dein, dhanyavad.",No,No,No
spam,National Scholarship Portal: Aapka scholarship benefit Rs.788 transfer ke liye ready hai. Ise paane ke liye apni bank passbook details submit karein.,No,No,No
spam,"Badhai ho, Ayushman Bharat ke tahat aapka application Rs.90,448 ke liye approve ho gaya hai. Disbursement ke liye apni bank details bhejein.",No,No,No
spam,"Badhai ho, LPG Subsidy Scheme ke tahat aapka application Rs.73,982 ke liye approve ho gaya hai. Disbursement ke liye apni bank details bhejein.",No,No,No
spam,"Galti se Rs.3,941 mere account se aapke account mein transfer ho gaye hain, jald se jald tyqxp@ybl par refund kar dein.",No,No,No
spam,"Maine galti se aapke Amazon Pay par Rs.504 bhej diya, kripya isse is UPI ID par refund kar dein: tptjxcf@ibl",No,No,No
spam,"Maine galti se aapke Paytm par Rs.70,847 bhej diya, kripya isse is UPI ID par refund kar dein: khotdx30@ibl",No,No,No
spam,"Aapki insurance policy ka maturity amount Rs.1,891 ready hai. Payment paane ke liye apni bank passbook details bhejein.",No,No,No
spam,Aapka ICICI Bank personal loan Rs.532 ka pre-approved hai. Process karne ke liye apni bank account aur Aadhaar details share karein.,No,No,No
spam,"Aapko Wipro ke saath work-from-home job ke liye select kiya gaya hai. Rs.64,189 ka joining bonus paane ke liye apni bank details share karein.",No,No,No
spam,"Aapka HDFC Bank personal loan Rs.4,790 ka pre-approved hai. Process karne ke liye apni bank account aur Aadhaar details share karein.",No,No,No
spam,"Hi, mujhe lagta hai maine kisi aur ko pay karte waqt aapko galti se Rs.7,993 bhej diya. Kripya ujusoxms@oksbi par wapas bhej dein, dhanyavad.",No,No,No
spam,"Aapki insurance policy ka maturity amount Rs.97,807 ready hai. Payment paane ke liye apni bank passbook details bhejein.",No,No,No
spam,"Maine galti se aapke Amazon Pay par Rs.2,092 bhej diya, kripya isse is UPI ID par refund kar dein: gytuzzej70@ibl",No,No,No
spam,"Sorry, maine galti se galat number par Rs.3,860 transfer kar diya, yeh aapka account lagta hai. Kripya wapas bhej dein zmdwnha50@ybl par.",No,No,No
spam,Aapko Reliance ke saath work-from-home job ke liye select kiya gaya hai. Rs.954 ka joining bonus paane ke liye apni bank details share karein.,No,No,No
spam,"State Scholarship Scheme Alert: Aap scheme ke tahat Rs.6,419 ke liye eligible hain. Claim karne ke liye apna Aadhaar aur bank account number share karein.",No,No,No
spam,LPG Subsidy Scheme Alert: Aap scheme ke tahat Rs.819 ke liye eligible hain. Claim karne ke liye apna Aadhaar aur bank account number share karein.,No,No,No
spam,Aapki insurance policy ka maturity amount Rs.595 ready hai. Payment paane ke liye apni bank passbook details bhejein.,No,No,No
spam,"Aapka HDFC Bank personal loan Rs.95,099 ka pre-approved hai. Process karne ke liye apni bank account aur Aadhaar details share karein.",No,No,No
spam,"Aapki insurance policy ka maturity amount Rs.4,673 ready hai. Payment paane ke liye apni bank passbook details bhejein.",No,No,No
spam,"Badhai ho, PM Kisan Samman Nidhi ke tahat aapka application Rs.538 ke liye approve ho gaya hai. Disbursement ke liye apni bank details bhejein.",No,No,No
spam,"Aapka Axis Bank personal loan Rs.40,370 ka pre-approved hai. Process karne ke liye apni bank account aur Aadhaar details share karein.",No,No,No
spam,"Sorry, maine galti se galat number par Rs.734 transfer kar diya, yeh aapka account lagta hai. Kripya wapas bhej dein sconqs57@okhdfcbank par.",No,No,No
spam,"Hi, mujhe lagta hai maine kisi aur ko pay karte waqt aapko galti se Rs.59,010 bhej diya. Kripya yzzph@okhdfcbank par wapas bhej dein, dhanyavad.",No,No,No
spam,Aapka SBI personal loan Rs.670 ka pre-approved hai. Process karne ke liye apni bank account aur Aadhaar details share karein.,No,No,No
spam,"Galti se Rs.18,151 mere account se aapke account mein transfer ho gaye hain, jald se jald ocwmyu33@paytm par refund kar dein.",No,No,No
spam,"State Scholarship Scheme: Aapka scholarship benefit Rs.55,591 transfer ke liye ready hai. Ise paane ke liye apni bank passbook details submit karein.",No,No,No
spam,"Aapko Wipro ke saath work-from-home job ke liye select kiya gaya hai. Rs.6,575 ka joining bonus paane ke liye apni bank details share karein.",No,No,No
spam,"Aapko Wipro ke saath work-from-home job ke liye select kiya gaya hai. Rs.56,466 ka joining bonus paane ke liye apni bank details share karein.",No,No,No
spam,"Maine galti se aapke Paytm par Rs.713 bhej diya, kripya isse is UPI ID par refund kar dein: gkzqso@oksbi",No,No,No
spam,"Hi, mujhe lagta hai maine kisi aur ko pay karte waqt aapko galti se Rs.29,234 bhej diya. Kripya nspzfk@okicici par wapas bhej dein, dhanyavad.",No,No,No
spam,"Badhai ho, PMAY ke tahat aapka application Rs.9,504 ke liye approve ho gaya hai. Disbursement ke liye apni bank details bhejein.",No,No,No
spam,"Aapka Axis Bank personal loan Rs.3,643 ka pre-approved hai. Process karne ke liye apni bank account aur Aadhaar details share karein.",No,No,No
spam,"Aapki insurance policy ka maturity amount Rs.40,950 ready hai. Payment paane ke liye apni bank passbook details bhejein.",No,No,No
spam,"Aapki insurance policy ka maturity amount Rs.82,358 ready hai. Payment paane ke liye apni bank passbook details bhejein.",No,No,No
spam,"PM Kisan Samman Nidhi: Aapka scholarship benefit Rs.99,186 transfer ke liye ready hai. Ise paane ke liye apni bank passbook details submit karein.",No,No,No
spam,"Badhai ho, Post Matric Scholarship ke tahat aapka application Rs.4,967 ke liye approve ho gaya hai. Disbursement ke liye apni bank details bhejein.",No,No,No
spam,"Ayushman Bharat: Aapka scholarship benefit Rs.66,739 transfer ke liye ready hai. Ise paane ke liye apni bank passbook details submit karein.",No,No,No
spam,National Scholarship Portal: Aapka scholarship benefit Rs.890 transfer ke liye ready hai. Ise paane ke liye apni bank passbook details submit karein.,No,No,No
spam,"Aapko Wipro ke saath work-from-home job ke liye select kiya gaya hai. Rs.9,675 ka joining bonus paane ke liye apni bank details share karein.",No,No,No
spam,"Hi, mujhe lagta hai maine kisi aur ko pay karte waqt aapko galti se Rs.738 bhej diya. Kripya glgwll15@oksbi par wapas bhej dein, dhanyavad.",No,No,No
spam,"Aapko Wipro ke saath work-from-home job ke liye select kiya gaya hai. Rs.62,065 ka joining bonus paane ke liye apni bank details share karein.",No,No,No
spam,"Badhai ho, Post Matric Scholarship ke tahat aapka application Rs.20,102 ke liye approve ho gaya hai. Disbursement ke liye apni bank details bhejein.",No,No,No
spam,"Aapka HDFC Bank personal loan Rs.52,588 ka pre-approved hai. Process karne ke liye apni bank account aur Aadhaar details share karein.",No,No,No
spam,"National Scholarship Portal: Aapka scholarship benefit Rs.58,415 transfer ke liye ready hai. Ise paane ke liye apni bank passbook details submit karein.",No,No,No
spam,"Maine galti se aapke Google Pay par Rs.723 bhej diya, kripya isse is UPI ID par refund kar dein: ciffil68@ybl",No,No,No
spam,"Hi, mujhe lagta hai maine kisi aur ko pay karte waqt aapko galti se Rs.78,826 bhej diya. Kripya mqlbuh@axl par wapas bhej dein, dhanyavad.",No,No,No
spam,"Maine galti se aapke PhonePe par Rs.9,548 bhej diya, kripya isse is UPI ID par refund kar dein: qpkxkug@paytm",No,No,No
spam,"Hi, mujhe lagta hai maine kisi aur ko pay karte waqt aapko galti se Rs.46,855 bhej diya. Kripya yurwulc81@okicici par wapas bhej dein, dhanyavad.",No,No,No
spam,"Aapko Flipkart ke saath work-from-home job ke liye select kiya gaya hai. Rs.69,067 ka joining bonus paane ke liye apni bank details share karein.",No,No,No
spam,"Aapki insurance policy ka maturity amount Rs.98,375 ready hai. Payment paane ke liye apni bank passbook details bhejein.",No,No,No
spam,"Post Matric Scholarship Alert: Aap scheme ke tahat Rs.84,897 ke liye eligible hain. Claim karne ke liye apna Aadhaar aur bank account number share karein.",No,No,No
spam,"Galti se Rs.87,085 mere account se aapke account mein transfer ho gaye hain, jald se jald xvorl25@ibl par refund kar dein.",No,No,No
spam,"Sorry, maine galti se galat number par Rs.840 transfer kar diya, yeh aapka account lagta hai. Kripya wapas bhej dein razdg@oksbi par.",No,No,No
spam,Aapka ICICI Bank personal loan Rs.539 ka pre-approved hai. Process karne ke liye apni bank account aur Aadhaar details share karein.,No,No,No
spam,"Sorry, maine galti se galat number par Rs.520 transfer kar diya, yeh aapka account lagta hai. Kripya wapas bhej dein fnxrp43@paytm par.",No,No,No
spam,"Aapki insurance policy ka maturity amount Rs.30,995 ready hai. Payment paane ke liye apni bank passbook details bhejein.",No,No,No
spam,"Aapki insurance policy ka maturity amount Rs.4,028 ready hai. Payment paane ke liye apni bank passbook details bhejein.",No,No,No
spam,"Aapki insurance policy ka maturity amount Rs.63,701 ready hai. Payment paane ke liye apni bank passbook details bhejein.",No,No,No
spam,"Galti se Rs.4,966 mere account se aapke account mein transfer ho gaye hain, jald se jald nighm78@okicici par refund kar dein.",No,No,No
spam,National Scholarship Portal: Aapka scholarship benefit Rs.977 transfer ke liye ready hai. Ise paane ke liye apni bank passbook details submit karein.,No,No,No
spam,"Aapka HDFC Bank personal loan Rs.22,961 ka pre-approved hai. Process karne ke liye apni bank account aur Aadhaar details share karein.",No,No,No
spam,"Aapki insurance policy ka maturity amount Rs.44,256 ready hai. Payment paane ke liye apni bank passbook details bhejein.",No,No,No
spam,"Aapki insurance policy ka maturity amount Rs.45,195 ready hai. Payment paane ke liye apni bank passbook details bhejein.",No,No,No
spam,"Galti se Rs.710 mere account se aapke account mein transfer ho gaye hain, jald se jald gmxdpxnb@ybl par refund kar dein.",No,No,No
spam,"Badhai ho, State Scholarship Scheme ke tahat aapka application Rs.86,356 ke liye approve ho gaya hai. Disbursement ke liye apni bank details bhejein.",No,No,No
spam,"PM Kisan Samman Nidhi Alert: Aap scheme ke tahat Rs.73,808 ke liye eligible hain. Claim karne ke liye apna Aadhaar aur bank account number share karein.",No,No,No
spam,"Ayushman Bharat: Aapka scholarship benefit Rs.79,114 transfer ke liye ready hai. Ise paane ke liye apni bank passbook details submit karein.",No,No,No
spam,"Maine galti se aapke Paytm par Rs.726 bhej diya, kripya isse is UPI ID par refund kar dein: vvyfw@oksbi",No,No,No
spam,Aapka Canara Bank personal loan Rs.649 ka pre-approved hai. Process karne ke liye apni bank account aur Aadhaar details share karein.,No,No,No
spam,"Maine galti se aapke Paytm par Rs.547 bhej diya, kripya isse is UPI ID par refund kar dein: jvsskm@oksbi",No,No,No
spam,"Badhai ho, PM Kisan Samman Nidhi ke tahat aapka application Rs.9,731 ke liye approve ho gaya hai. Disbursement ke liye apni bank details bhejein.",No,No,No
spam,"Hi, mujhe lagta hai maine kisi aur ko pay karte waqt aapko galti se Rs.16,244 bhej diya. Kripya givfpwa@axl par wapas bhej dein, dhanyavad.",No,No,No
spam,"Sorry, maine galti se galat number par Rs.553 transfer kar diya, yeh aapka account lagta hai. Kripya wapas bhej dein pqnfyk95@okhdfcbank par.",No,No,No
spam,"Maine galti se aapke Google Pay par Rs.5,831 bhej diya, kripya isse is UPI ID par refund kar dein: xmyowc@paytm",No,No,No
spam,"Galti se Rs.68,452 mere account se aapke account mein transfer ho gaye hain, jald se jald odsjwec@okicici par refund kar dein.",No,No,No
spam,National Scholarship Portal Alert: Aap scheme ke tahat Rs.981 ke liye eligible hain. Claim karne ke liye apna Aadhaar aur bank account number share karein.,No,No,No
spam,LPG Subsidy Scheme Alert: Aap scheme ke tahat Rs.721 ke liye eligible hain. Claim karne ke liye apna Aadhaar aur bank account number share karein.,No,No,No
spam,"Hi, mujhe lagta hai maine kisi aur ko pay karte waqt aapko galti se Rs.765 bhej diya. Kripya msladvqx49@paytm par wapas bhej dein, dhanyavad.",No,No,No
spam,"Badhai ho, PM Ujjwala Yojana ke tahat aapka application Rs.961 ke liye approve ho gaya hai. Disbursement ke liye apni bank details bhejein.",No,No,No
spam,"Sorry, maine galti se galat number par Rs.61,639 transfer kar diya, yeh aapka account lagta hai. Kripya wapas bhej dein ewbts43@okhdfcbank par.",No,No,No
spam,"Hi, mujhe lagta hai maine kisi aur ko pay karte waqt aapko galti se Rs.9,404 bhej diya. Kripya euegbqu97@ibl par wapas bhej dein, dhanyavad.",No,No,No
spam,"Badhai ho, Post Matric Scholarship ke tahat aapka application Rs.93,846 ke liye approve ho gaya hai. Disbursement ke liye apni bank details bhejein.",No,No,No
spam,"State Scholarship Scheme Alert: Aap scheme ke tahat Rs.99,475 ke liye eligible hain. Claim karne ke liye apna Aadhaar aur bank account number share karein.",No,No,No
spam,"Aapko Flipkart ke saath work-from-home job ke liye select kiya gaya hai. Rs.26,437 ka joining bonus paane ke liye apni bank details share karein.",No,No,No
spam,"Galti se Rs.22,493 mere account se aapke account mein transfer ho gaye hain, jald se jald hlefov@ibl par refund kar dein.",No,No,No
spam,Aapko Infosys ke saath work-from-home job ke liye select kiya gaya hai. Rs.984 ka joining bonus paane ke liye apni bank details share karein.,No,No,No
spam,"Galti se Rs.8,313 mere account se aapke account mein transfer ho gaye hain, jald se jald nkzui28@ybl par refund kar dein.",No,No,No
spam,"Aapki insurance policy ka maturity amount Rs.53,016 ready hai. Payment paane ke liye apni bank passbook details bhejein.",No,No,No
spam,"Galti se Rs.898 mere account se aapke account mein transfer ho gaye hain, jald se jald xwzezxxi@okicici par refund kar dein.",No,No,No
spam,"Badhai ho, National Scholarship Portal ke tahat aapka application Rs.6,884 ke liye approve ho gaya hai. Disbursement ke liye apni bank details bhejein.",No,No,No
spam,"National Scholarship Portal Alert: Aap scheme ke tahat Rs.56,480 ke liye eligible hain. Claim karne ke liye apna Aadhaar aur bank account number share karein.",No,No,No
spam,"PM Ujjwala Yojana: Aapka scholarship benefit Rs.29,243 transfer ke liye ready hai. Ise paane ke liye apni bank passbook details submit karein.",No,No,No
spam,LPG Subsidy Scheme Alert: Aap scheme ke tahat Rs.500 ke liye eligible hain. Claim karne ke liye apna Aadhaar aur bank account number share karein.,No,No,No
spam,State Scholarship Scheme Alert: Aap scheme ke tahat Rs.823 ke liye eligible hain. Claim karne ke liye apna Aadhaar aur bank account number share karein.,No,No,No
spam,"Maine galti se aapke Paytm par Rs.58,903 bhej diya, kripya isse is UPI ID par refund kar dein: xgoii11@okicici",No,No,No
spam,"Maine galti se aapke Amazon Pay par Rs.9,083 bhej diya, kripya isse is UPI ID par refund kar dein: cgmiqhp@okhdfcbank",No,No,No
spam,"Maine galti se aapke Amazon Pay par Rs.4,626 bhej diya, kripya isse is UPI ID par refund kar dein: kketvg72@paytm",No,No,No
spam,"PM Kisan Samman Nidhi: Aapka scholarship benefit Rs.8,817 transfer ke liye ready hai. Ise paane ke liye apni bank passbook details submit karein.",No,No,No
spam,Aapko Flipkart ke saath work-from-home job ke liye select kiya gaya hai. Rs.707 ka joining bonus paane ke liye apni bank details share karein.,No,No,No
spam,"Aapka HDFC Bank personal loan Rs.82,614 ka pre-approved hai. Process karne ke liye apni bank account aur Aadhaar details share karein.",No,No,No
spam,State Scholarship Scheme: Aapka scholarship benefit Rs.834 transfer ke liye ready hai. Ise paane ke liye apni bank passbook details submit karein.,No,No,No
spam,"Badhai ho, Ayushman Bharat ke tahat aapka application Rs.785 ke liye approve ho gaya hai. Disbursement ke liye apni bank details bhejein.",No,No,No
spam,Aapko Flipkart ke saath work-from-home job ke liye select kiya gaya hai. Rs.668 ka joining bonus paane ke liye apni bank details share karein.,No,No,No
spam,"Post Matric Scholarship Alert: Aap scheme ke tahat Rs.8,558 ke liye eligible hain. Claim karne ke liye apna Aadhaar aur bank account number share karein.",No,No,No
spam,"Badhai ho, Ayushman Bharat ke tahat aapka application Rs.5,278 ke liye approve ho gaya hai. Disbursement ke liye apni bank details bhejein.",No,No,No
spam,"Hi, mujhe lagta hai maine kisi aur ko pay karte waqt aapko galti se Rs.6,976 bhej diya. Kripya hksugnyo@okicici par wapas bhej dein, dhanyavad.",No,No,No
spam,"Aapko HCL ke saath work-from-home job ke liye select kiya gaya hai. Rs.1,969 ka joining bonus paane ke liye apni bank details share karein.",No,No,No
spam,"Badhai ho, Ayushman Bharat ke tahat aapka application Rs.986 ke liye approve ho gaya hai. Disbursement ke liye apni bank details bhejein.",No,No,No
spam,"Aapka ICICI Bank personal loan Rs.7,237 ka pre-approved hai. Process karne ke liye apni bank account aur Aadhaar details share karein.",No,No,No
spam,"Galti se Rs.768 mere account se aapke account mein transfer ho gaye hain, jald se jald rayho33@axl par refund kar dein.",No,No,No
spam,"Maine galti se aapke PhonePe par Rs.848 bhej diya, kripya isse is UPI ID par refund kar dein: zczjsu@paytm",No,No,No
spam,"Maine galti se aapke Google Pay par Rs.71,953 bhej diya, kripya isse is UPI ID par refund kar dein: rgvoou@okhdfcbank",No,No,No
spam,"Galti se Rs.7,429 mere account se aapke account mein transfer ho gaye hain, jald se jald jfmoffyd@oksbi par refund kar dein.",No,No,No
spam,"Sorry, maine galti se galat number par Rs.38,067 transfer kar diya, yeh aapka account lagta hai. Kripya wapas bhej dein rbgof@okhdfcbank par.",No,No,No
spam,"Maine galti se aapke Amazon Pay par Rs.902 bhej diya, kripya isse is UPI ID par refund kar dein: gtkhdh@okhdfcbank",No,No,No
spam,"Hi, mujhe lagta hai maine kisi aur ko pay karte waqt aapko galti se Rs.88,560 bhej diya. Kripya zsjpa@ybl par wapas bhej dein, dhanyavad.",No,No,No
spam,"Sorry, maine galti se galat number par Rs.817 transfer kar diya, yeh aapka account lagta hai. Kripya wapas bhej dein ldvmtif94@axl par.",No,No,No
spam,"Aapki insurance policy ka maturity amount Rs.75,264 ready hai. Payment paane ke liye apni bank passbook details bhejein.",No,No,No
spam,"Hi, mujhe lagta hai maine kisi aur ko pay karte waqt aapko galti se Rs.844 bhej diya. Kripya ymexglgc69@ibl par wapas bhej dein, dhanyavad.",No,No,No
spam,"Sorry, maine galti se galat number par Rs.86,639 transfer kar diya, yeh aapka account lagta hai. Kripya wapas bhej dein qketxm41@ibl par.",No,No,No
spam,"PM Kisan Samman Nidhi: Aapka scholarship benefit Rs.4,019 transfer ke liye ready hai. Ise paane ke liye apni bank passbook details submit karein.",No,No,No
spam,"Galti se Rs.9,780 mere account se aapke account mein transfer ho gaye hain, jald se jald xisctzm@ibl par refund kar dein.",No,No,No
spam,"Aapki insurance policy ka maturity amount Rs.10,150 ready hai. Payment paane ke liye apni bank passbook details bhejein.",No,No,No
spam,"National Scholarship Portal: Aapka scholarship benefit Rs.72,732 transfer ke liye ready hai. Ise paane ke liye apni bank passbook details submit karein.",No,No,No
spam,"Ayushman Bharat Alert: Aap scheme ke tahat Rs.90,017 ke liye eligible hain. Claim karne ke liye apna Aadhaar aur bank account number share karein.",No,No,No
spam,"Maine galti se aapke Paytm par Rs.3,654 bhej diya, kripya isse is UPI ID par refund kar dein: ziohrqs@okhdfcbank",No,No,No
spam,"Galti se Rs.854 mere account se aapke account mein transfer ho gaye hain, jald se jald ngtizt79@ibl par refund kar dein.",No,No,No
spam,Aapka Axis Bank personal loan Rs.933 ka pre-approved hai. Process karne ke liye apni bank account aur Aadhaar details share karein.,No,No,No
spam,"Badhai ho, State Scholarship Scheme ke tahat aapka application Rs.40,712 ke liye approve ho gaya hai. Disbursement ke liye apni bank details bhejein.",No,No,No
spam,"Maine galti se aapke Paytm par Rs.82,572 bhej diya, kripya isse is UPI ID par refund kar dein: jzwhfgal@ybl",No,No,No
spam,Aapki insurance policy ka maturity amount Rs.860 ready hai. Payment paane ke liye apni bank passbook details bhejein.,No,No,No
spam,Aapko Flipkart ke saath work-from-home job ke liye select kiya gaya hai. Rs.558 ka joining bonus paane ke liye apni bank details share karein.,No,No,No
spam,"Aapka ICICI Bank personal loan Rs.48,485 ka pre-approved hai. Process karne ke liye apni bank account aur Aadhaar details share karein.",No,No,No
spam,"Aapka Bank of Baroda personal loan Rs.91,797 ka pre-approved hai. Process karne ke liye apni bank account aur Aadhaar details share karein.",No,No,No
spam,"Hi, mujhe lagta hai maine kisi aur ko pay karte waqt aapko galti se Rs.564 bhej diya. Kripya qianbl@axl par wapas bhej dein, dhanyavad.",No,No,No
spam,"Galti se Rs.7,548 mere account se aapke account mein transfer ho gaye hain, jald se jald pmnot79@oksbi par refund kar dein.",No,No,No
spam,"Aapka Canara Bank personal loan Rs.7,728 ka pre-approved hai. Process karne ke liye apni bank account aur Aadhaar details share karein.",No,No,No
spam,"Aapko HCL ke saath work-from-home job ke liye select kiya gaya hai. Rs.4,577 ka joining bonus paane ke liye apni bank details share karein.",No,No,No
spam,"Aapko Wipro ke saath work-from-home job ke liye select kiya gaya hai. Rs.7,867 ka joining bonus paane ke liye apni bank details share karein.",No,No,No
spam,"Aapki insurance policy ka maturity amount Rs.20,983 ready hai. Payment paane ke liye apni bank passbook details bhejein.",No,No,No
spam,"Galti se Rs.6,928 mere account se aapke account mein transfer ho gaye hain, jald se jald fiklzhso@okicici par refund kar dein.",No,No,No
spam,"Post Matric Scholarship Alert: Aap scheme ke tahat Rs.26,561 ke liye eligible hain. Claim karne ke liye apna Aadhaar aur bank account number share karein.",No,No,No
spam,"Sorry, maine galti se galat number par Rs.763 transfer kar diya, yeh aapka account lagta hai. Kripya wapas bhej dein wjjpcrdt98@axl par.",No,No,No
spam,"Aapki insurance policy ka maturity amount Rs.15,275 ready hai. Payment paane ke liye apni bank passbook details bhejein.",No,No,No
spam,"Galti se Rs.637 mere account se aapke account mein transfer ho gaye hain, jald se jald melgcrz@oksbi par refund kar dein.",No,No,No
spam,"Aapko Amazon ke saath work-from-home job ke liye select kiya gaya hai. Rs.2,540 ka joining bonus paane ke liye apni bank details share karein.",No,No,No
spam,"Galti se Rs.911 mere account se aapke account mein transfer ho gaye hain, jald se jald mmygl@okhdfcbank par refund kar dein.",No,No,No
spam,"Badhai ho, PMAY ke tahat aapka application Rs.7,090 ke liye approve ho gaya hai. Disbursement ke liye apni bank details bhejein.",No,No,No
spam,Aapki insurance policy ka maturity amount Rs.522 ready hai. Payment paane ke liye apni bank passbook details bhejein.,No,No,No
spam,"Maine galti se aapke PhonePe par Rs.591 bhej diya, kripya isse is UPI ID par refund kar dein: khxwgfza@axl",No,No,No
spam,"Maine galti se aapke Amazon Pay par Rs.770 bhej diya, kripya isse is UPI ID par refund kar dein: lmhgsba@oksbi",No,No,No
spam,"Hi, mujhe lagta hai maine kisi aur ko pay karte waqt aapko galti se Rs.743 bhej diya. Kripya nyrfzewo@okicici par wapas bhej dein, dhanyavad.",No,No,No
spam,"Aapka Kotak Mahindra Bank personal loan Rs.38,439 ka pre-approved hai. Process karne ke liye apni bank account aur Aadhaar details share karein.",No,No,No
spam,Aapki insurance policy ka maturity amount Rs.718 ready hai. Payment paane ke liye apni bank passbook details bhejein.,No,No,No
spam,"Aapka HDFC Bank personal loan Rs.73,296 ka pre-approved hai. Process karne ke liye apni bank account aur Aadhaar details share karein.",No,No,No
spam,"Ayushman Bharat: Aapka scholarship benefit Rs.95,085 transfer ke liye ready hai. Ise paane ke liye apni bank passbook details submit karein.",No,No,No
spam,"Maine galti se aapke PhonePe par Rs.7,200 bhej diya, kripya isse is UPI ID par refund kar dein: knvyqkg@ybl",No,No,No
spam,"Hi, mujhe lagta hai maine kisi aur ko pay karte waqt aapko galti se Rs.833 bhej diya. Kripya qqpntv@okicici par wapas bhej dein, dhanyavad.",No,No,No
spam,"Aapki insurance policy ka maturity amount Rs.7,655 ready hai. Payment paane ke liye apni bank passbook details bhejein.",No,No,No
spam,"Aapka Axis Bank personal loan Rs.75,293 ka pre-approved hai. Process karne ke liye apni bank account aur Aadhaar details share karein.",No,No,No
spam,Aapki insurance policy ka maturity amount Rs.670 ready hai. Payment paane ke liye apni bank passbook details bhejein.,No,No,No
spam,"Aapka Axis Bank personal loan Rs.6,769 ka pre-approved hai. Process karne ke liye apni bank account aur Aadhaar details share karein.",No,No,No
spam,"Sorry, maine galti se galat number par Rs.639 transfer kar diya, yeh aapka account lagta hai. Kripya wapas bhej dein xecxy@axl par.",No,No,No
spam,"Galti se Rs.71,067 mere account se aapke account mein transfer ho gaye hain, jald se jald qillw@okicici par refund kar dein.",No,No,No
spam,"Aapko Wipro ke saath work-from-home job ke liye select kiya gaya hai. Rs.6,475 ka joining bonus paane ke liye apni bank details share karein.",No,No,No
spam,"Sorry, maine galti se galat number par Rs.86,638 transfer kar diya, yeh aapka account lagta hai. Kripya wapas bhej dein cmculq@okhdfcbank par.",No,No,No
spam,State Scholarship Scheme Alert: Aap scheme ke tahat Rs.898 ke liye eligible hain. Claim karne ke liye apna Aadhaar aur bank account number share karein.,No,No,No
spam,"Maine galti se aapke Google Pay par Rs.5,711 bhej diya, kripya isse is UPI ID par refund kar dein: suwqk@oksbi",No,No,No
spam,Aapka Bank of Baroda personal loan Rs.731 ka pre-approved hai. Process karne ke liye apni bank account aur Aadhaar details share karein.,No,No,No
spam,"Aapki insurance policy ka maturity amount Rs.46,884 ready hai. Payment paane ke liye apni bank passbook details bhejein.",No,No,No
spam,"National Scholarship Portal Alert: Aap scheme ke tahat Rs.70,880 ke liye eligible hain. Claim karne ke liye apna Aadhaar aur bank account number share karein.",No,No,No
spam,"Maine galti se aapke Paytm par Rs.607 bhej diya, kripya isse is UPI ID par refund kar dein: vrgdrj34@ibl",No,No,No
spam,"Aapko Flipkart ke saath work-from-home job ke liye select kiya gaya hai. Rs.4,638 ka joining bonus paane ke liye apni bank details share karein.",No,No,No
spam,Aapko Infosys ke saath work-from-home job ke liye select kiya gaya hai. Rs.520 ka joining bonus paane ke liye apni bank details share karein.,No,No,No
spam,"Galti se Rs.714 mere account se aapke account mein transfer ho gaye hain, jald se jald mkkqzuky45@okhdfcbank par refund kar dein.",No,No,No
spam,"Aapki insurance policy ka maturity amount Rs.8,577 ready hai. Payment paane ke liye apni bank passbook details bhejein.",No,No,No
spam,"Aapki insurance policy ka maturity amount Rs.9,941 ready hai. Payment paane ke liye apni bank passbook details bhejein.",No,No,No
spam,"Badhai ho, State Scholarship Scheme ke tahat aapka application Rs.713 ke liye approve ho gaya hai. Disbursement ke liye apni bank details bhejein.",No,No,No
spam,"Galti se Rs.65,723 mere account se aapke account mein transfer ho gaye hain, jald se jald svvajhw84@axl par refund kar dein.",No,No,No
spam,"PM Kisan Samman Nidhi: Aapka scholarship benefit Rs.5,627 transfer ke liye ready hai. Ise paane ke liye apni bank passbook details submit karein.",No,No,No
spam,Aapka SBI personal loan Rs.572 ka pre-approved hai. Process karne ke liye apni bank account aur Aadhaar details share karein.,No,No,No
spam,"Hi, mujhe lagta hai maine kisi aur ko pay karte waqt aapko galti se Rs.53,385 bhej diya. Kripya pnatp@oksbi par wapas bhej dein, dhanyavad.",No,No,No
spam,Aapko Infosys ke saath work-from-home job ke liye select kiya gaya hai. Rs.513 ka joining bonus paane ke liye apni bank details share karein.,No,No,No
spam,"Aapko Flipkart ke saath work-from-home job ke liye select kiya gaya hai. Rs.7,461 ka joining bonus paane ke liye apni bank details share karein.",No,No,No
spam,"Maine galti se aapke Amazon Pay par Rs.620 bhej diya, kripya isse is UPI ID par refund kar dein: qavvelc@okicici",No,No,No
spam,"Badhai ho, PM Kisan Samman Nidhi ke tahat aapka application Rs.6,878 ke liye approve ho gaya hai. Disbursement ke liye apni bank details bhejein.",No,No,No
spam,"Hi, mujhe lagta hai maine kisi aur ko pay karte waqt aapko galti se Rs.693 bhej diya. Kripya zvyfjfpl@ybl par wapas bhej dein, dhanyavad.",No,No,No
spam,"Aapka Punjab National Bank personal loan Rs.90,729 ka pre-approved hai. Process karne ke liye apni bank account aur Aadhaar details share karein.",No,No,No
spam,"Aapki insurance policy ka maturity amount Rs.8,650 ready hai. Payment paane ke liye apni bank passbook details bhejein.",No,No,No
spam,"Aapki insurance policy ka maturity amount Rs.48,408 ready hai. Payment paane ke liye apni bank passbook details bhejein.",No,No,No
spam,"Ayushman Bharat: Aapka scholarship benefit Rs.9,531 transfer ke liye ready hai. Ise paane ke liye apni bank passbook details submit karein.",No,No,No
spam,"Galti se Rs.3,416 mere account se aapke account mein transfer ho gaye hain, jald se jald lbmhmke77@oksbi par refund kar dein.",No,No,No
spam,Ayushman Bharat Alert: Aap scheme ke tahat Rs.642 ke liye eligible hain. Claim karne ke liye apna Aadhaar aur bank account number share karein.,No,No,No
spam,"Aapki insurance policy ka maturity amount Rs.15,972 ready hai. Payment paane ke liye apni bank passbook details bhejein.",No,No,No
spam,Aapka ICICI Bank personal loan Rs.886 ka pre-approved hai. Process karne ke liye apni bank account aur Aadhaar details share karein.,No,No,No
spam,PMAY: Aapka scholarship benefit Rs.758 transfer ke liye ready hai. Ise paane ke liye apni bank passbook details submit karein.,No,No,No
spam,"Aapki insurance policy ka maturity amount Rs.91,252 ready hai. Payment paane ke liye apni bank passbook details bhejein.",No,No,No
spam,"Hi, mujhe lagta hai maine kisi aur ko pay karte waqt aapko galti se Rs.71,288 bhej diya. Kripya ieldo36@okicici par wapas bhej dein, dhanyavad.",No,No,No
spam,"Hi, mujhe lagta hai maine kisi aur ko pay karte waqt aapko galti se Rs.759 bhej diya. Kripya qgitjg58@axl par wapas bhej dein, dhanyavad.",No,No,No
spam,"Hi, mujhe lagta hai maine kisi aur ko pay karte waqt aapko galti se Rs.580 bhej diya. Kripya wnosx@okicici par wapas bhej dein, dhanyavad.",No,No,No
spam,Aapka Canara Bank personal loan Rs.786 ka pre-approved hai. Process karne ke liye apni bank account aur Aadhaar details share karein.,No,No,No
spam,"Hi, mujhe lagta hai maine kisi aur ko pay karte waqt aapko galti se Rs.850 bhej diya. Kripya cgpsleyg34@ibl par wapas bhej dein, dhanyavad.",No,No,No
spam,"Maine galti se aapke Paytm par Rs.52,898 bhej diya, kripya isse is UPI ID par refund kar dein: rwvljvdx20@axl",No,No,No
spam,"Badhai ho, Post Matric Scholarship ke tahat aapka application Rs.16,392 ke liye approve ho gaya hai. Disbursement ke liye apni bank details bhejein.",No,No,No
spam,"Hi, mujhe lagta hai maine kisi aur ko pay karte waqt aapko galti se Rs.555 bhej diya. Kripya cwxlkn@okhdfcbank par wapas bhej dein, dhanyavad.",No,No,No
spam,"National Scholarship Portal Alert: Aap scheme ke tahat Rs.2,244 ke liye eligible hain. Claim karne ke liye apna Aadhaar aur bank account number share karein.",No,No,No
spam,"Hi, mujhe lagta hai maine kisi aur ko pay karte waqt aapko galti se Rs.6,848 bhej diya. Kripya ndyiyued@paytm par wapas bhej dein, dhanyavad.",No,No,No
spam,"Ayushman Bharat Alert: Aap scheme ke tahat Rs.47,599 ke liye eligible hain. Claim karne ke liye apna Aadhaar aur bank account number share karein.",No,No,No
spam,"Aapki insurance policy ka maturity amount Rs.2,509 ready hai. Payment paane ke liye apni bank passbook details bhejein.",No,No,No
spam,"LPG Subsidy Scheme Alert: Aap scheme ke tahat Rs.30,488 ke liye eligible hain. Claim karne ke liye apna Aadhaar aur bank account number share karein.",No,No,No
spam,"Maine galti se aapke Paytm par Rs.19,745 bhej diya, kripya isse is UPI ID par refund kar dein: igjgpk@okhdfcbank",No,No,No
spam,"Aapko TCS ke saath work-from-home job ke liye select kiya gaya hai. Rs.87,261 ka joining bonus paane ke liye apni bank details share karein.",No,No,No
spam,"Aapko Amazon ke saath work-from-home job ke liye select kiya gaya hai. Rs.75,516 ka joining bonus paane ke liye apni bank details share karein.",No,No,No
spam,"Aapka HDFC Bank personal loan Rs.89,865 ka pre-approved hai. Process karne ke liye apni bank account aur Aadhaar details share karein.",No,No,No
spam,Ayushman Bharat: Aapka scholarship benefit Rs.802 transfer ke liye ready hai. Ise paane ke liye apni bank passbook details submit karein.,No,No,No
spam,"Hi, mujhe lagta hai maine kisi aur ko pay karte waqt aapko galti se Rs.33,079 bhej diya. Kripya qhawplrj@oksbi par wapas bhej dein, dhanyavad.",No,No,No
spam,Aapko HCL ke saath work-from-home job ke liye select kiya gaya hai. Rs.919 ka joining bonus paane ke liye apni bank details share karein.,No,No,No
spam,"Aapko Infosys ke saath work-from-home job ke liye select kiya gaya hai. Rs.33,391 ka joining bonus paane ke liye apni bank details share karein.",No,No,No
spam,"Aapki insurance policy ka maturity amount Rs.72,844 ready hai. Payment paane ke liye apni bank passbook details bhejein.",No,No,No
spam,"Sorry, maine galti se galat number par Rs.7,195 transfer kar diya, yeh aapka account lagta hai. Kripya wapas bhej dein zinjye@paytm par.",No,No,No
spam,"Badhai ho, PM Kisan Samman Nidhi ke tahat aapka application Rs.3,269 ke liye approve ho gaya hai. Disbursement ke liye apni bank details bhejein.",No,No,No
spam,"Hi, mujhe lagta hai maine kisi aur ko pay karte waqt aapko galti se Rs.820 bhej diya. Kripya ambvqf20@okicici par wapas bhej dein, dhanyavad.",No,No,No
spam,"Sorry, maine galti se galat number par Rs.47,985 transfer kar diya, yeh aapka account lagta hai. Kripya wapas bhej dein epnag@okicici par.",No,No,No
spam,"Aapka ICICI Bank personal loan Rs.7,419 ka pre-approved hai. Process karne ke liye apni bank account aur Aadhaar details share karein.",No,No,No
spam,"Maine galti se aapke Google Pay par Rs.36,500 bhej diya, kripya isse is UPI ID par refund kar dein: grpwk56@ybl",No,No,No
spam,"Aapko Reliance ke saath work-from-home job ke liye select kiya gaya hai. Rs.6,783 ka joining bonus paane ke liye apni bank details share karein.",No,No,No
spam,"Sorry, maine galti se galat number par Rs.834 transfer kar diya, yeh aapka account lagta hai. Kripya wapas bhej dein tukjewmd@ybl par.",No,No,No
spam,"Galti se Rs.14,921 mere account se aapke account mein transfer ho gaye hain, jald se jald uxxrtsp@axl par refund kar dein.",No,No,No
spam,"Badhai ho, Ayushman Bharat ke tahat aapka application Rs.6,225 ke liye approve ho gaya hai. Disbursement ke liye apni bank details bhejein.",No,No,No
spam,Aapko TCS ke saath work-from-home job ke liye select kiya gaya hai. Rs.768 ka joining bonus paane ke liye apni bank details share karein.,No,No,No
spam,PM Kisan Samman Nidhi Alert: Aap scheme ke tahat Rs.686 ke liye eligible hain. Claim karne ke liye apna Aadhaar aur bank account number share karein.,No,No,No
spam,"Aapki insurance policy ka maturity amount Rs.50,187 ready hai. Payment paane ke liye apni bank passbook details bhejein.",No,No,No
spam,"Maine galti se aapke PhonePe par Rs.83,291 bhej diya, kripya isse is UPI ID par refund kar dein: lxmtob@ybl",No,No,No
spam,"Badhai ho, PM Kisan Samman Nidhi ke tahat aapka application Rs.59,606 ke liye approve ho gaya hai. Disbursement ke liye apni bank details bhejein.",No,No,No
spam,"Sorry, maine galti se galat number par Rs.760 transfer kar diya, yeh aapka account lagta hai. Kripya wapas bhej dein pgbdcsw@ybl par.",No,No,No
spam,"Sorry, maine galti se galat number par Rs.741 transfer kar diya, yeh aapka account lagta hai. Kripya wapas bhej dein weqvnbt94@ibl par.",No,No,No
spam,National Scholarship Portal Alert: Aap scheme ke tahat Rs.914 ke liye eligible hain. Claim karne ke liye apna Aadhaar aur bank account number share karein.,No,No,No
spam,"Galti se Rs.513 mere account se aapke account mein transfer ho gaye hain, jald se jald tdffss@oksbi par refund kar dein.",No,No,No
spam,Aapko Amazon ke saath work-from-home job ke liye select kiya gaya hai. Rs.556 ka joining bonus paane ke liye apni bank details share karein.,No,No,No
spam,Aapki insurance policy ka maturity amount Rs.814 ready hai. Payment paane ke liye apni bank passbook details bhejein.,No,No,No
spam,"Aapki insurance policy ka maturity amount Rs.42,087 ready hai. Payment paane ke liye apni bank passbook details bhejein.",No,No,No
spam,"Sorry, maine galti se galat number par Rs.9,802 transfer kar diya, yeh aapka account lagta hai. Kripya wapas bhej dein gdnfjwh18@axl par.",No,No,No
spam,"Sorry, maine galti se galat number par Rs.91,051 transfer kar diya, yeh aapka account lagta hai. Kripya wapas bhej dein ytopxjdm33@paytm par.",No,No,No
spam,"Sorry, maine galti se galat number par Rs.3,394 transfer kar diya, yeh aapka account lagta hai. Kripya wapas bhej dein epqmbxi98@axl par.",No,No,No
spam,"PM Ujjwala Yojana: Aapka scholarship benefit Rs.12,923 transfer ke liye ready hai. Ise paane ke liye apni bank passbook details submit karein.",No,No,No
spam,"PM Ujjwala Yojana: Aapka scholarship benefit Rs.20,113 transfer ke liye ready hai. Ise paane ke liye apni bank passbook details submit karein.",No,No,No
spam,"PM Ujjwala Yojana Alert: Aap scheme ke tahat Rs.98,573 ke liye eligible hain. Claim karne ke liye apna Aadhaar aur bank account number share karein.",No,No,No
spam,"Aapka Bank of Baroda personal loan Rs.11,252 ka pre-approved hai. Process karne ke liye apni bank account aur Aadhaar details share karein.",No,No,No
spam,Aapki insurance policy ka maturity amount Rs.966 ready hai. Payment paane ke liye apni bank passbook details bhejein.,No,No,No
spam,"Badhai ho, LPG Subsidy Scheme ke tahat aapka application Rs.7,523 ke liye approve ho gaya hai. Disbursement ke liye apni bank details bhejein.",No,No,No
spam,"Hi, mujhe lagta hai maine kisi aur ko pay karte waqt aapko galti se Rs.97,590 bhej diya. Kripya rlxhpb94@okicici par wapas bhej dein, dhanyavad.",No,No,No
spam,"National Scholarship Portal Alert: Aap scheme ke tahat Rs.68,338 ke liye eligible hain. Claim karne ke liye apna Aadhaar aur bank account number share karein.",No,No,No
spam,"Sorry, maine galti se galat number par Rs.85,588 transfer kar diya, yeh aapka account lagta hai. Kripya wapas bhej dein vvjjzvk89@paytm par.",No,No,No
spam,"Aapka Axis Bank personal loan Rs.1,356 ka pre-approved hai. Process karne ke liye apni bank account aur Aadhaar details share karein.",No,No,No
spam,"Hi, mujhe lagta hai maine kisi aur ko pay karte waqt aapko galti se Rs.6,453 bhej diya. Kripya vgmicd91@axl par wapas bhej dein, dhanyavad.",No,No,No
spam,"National Scholarship Portal: Aapka scholarship benefit Rs.32,549 transfer ke liye ready hai. Ise paane ke liye apni bank passbook details submit karein.",No,No,No
spam,"Aapko TCS ke saath work-from-home job ke liye select kiya gaya hai. Rs.70,827 ka joining bonus paane ke liye apni bank details share karein.",No,No,No
spam,LPG Subsidy Scheme: Aapka scholarship benefit Rs.575 transfer ke liye ready hai. Ise paane ke liye apni bank passbook details submit karein.,No,No,No
spam,"Ayushman Bharat: Aapka scholarship benefit Rs.79,929 transfer ke liye ready hai. Ise paane ke liye apni bank passbook details submit karein.",No,No,No
spam,"Aapka Punjab National Bank personal loan Rs.99,093 ka pre-approved hai. Process karne ke liye apni bank account aur Aadhaar details share karein.",No,No,No
spam,"Maine galti se aapke PhonePe par Rs.8,529 bhej diya, kripya isse is UPI ID par refund kar dein: newuh28@ybl",No,No,No
spam,"Galti se Rs.62,710 mere account se aapke account mein transfer ho gaye hain, jald se jald rkwdng@axl par refund kar dein.",No,No,No
spam,"Hi, mujhe lagta hai maine kisi aur ko pay karte waqt aapko galti se Rs.9,936 bhej diya. Kripya pdpjxbnb@oksbi par wapas bhej dein, dhanyavad.",No,No,No
spam,State Scholarship Scheme: Aapka scholarship benefit Rs.752 transfer ke liye ready hai. Ise paane ke liye apni bank passbook details submit karein.,No,No,No
spam,"Galti se Rs.617 mere account se aapke account mein transfer ho gaye hain, jald se jald mlsrt@okhdfcbank par refund kar dein.",No,No,No
spam,PM Ujjwala Yojana Alert: Aap scheme ke tahat Rs.718 ke liye eligible hain. Claim karne ke liye apna Aadhaar aur bank account number share karein.,No,No,No
spam,"Sorry, maine galti se galat number par Rs.86,852 transfer kar diya, yeh aapka account lagta hai. Kripya wapas bhej dein eufrisu@ybl par.",No,No,No
spam,"Sorry, maine galti se galat number par Rs.36,678 transfer kar diya, yeh aapka account lagta hai. Kripya wapas bhej dein ywacz@oksbi par.",No,No,No
spam,"Galti se Rs.98,977 mere account se aapke account mein transfer ho gaye hain, jald se jald bvfcvw@oksbi par refund kar dein.",No,No,No
spam,"Aapka Kotak Mahindra Bank personal loan Rs.5,169 ka pre-approved hai. Process karne ke liye apni bank account aur Aadhaar details share karein.",No,No,No
spam,"Badhai ho, Ayushman Bharat ke tahat aapka application Rs.66,764 ke liye approve ho gaya hai. Disbursement ke liye apni bank details bhejein.",No,No,No
spam,"Aapki insurance policy ka maturity amount Rs.66,986 ready hai. Payment paane ke liye apni bank passbook details bhejein.",No,No,No
spam,"Post Matric Scholarship Alert: Aap scheme ke tahat Rs.7,598 ke liye eligible hain. Claim karne ke liye apna Aadhaar aur bank account number share karein.",No,No,No
spam,"Hi, mujhe lagta hai maine kisi aur ko pay karte waqt aapko galti se Rs.8,949 bhej diya. Kripya aoodcoen@ybl par wapas bhej dein, dhanyavad.",No,No,No
spam,"Sorry, maine galti se galat number par Rs.734 transfer kar diya, yeh aapka account lagta hai. Kripya wapas bhej dein wjucdt@okhdfcbank par.",No,No,No
spam,"Maine galti se aapke Google Pay par Rs.42,576 bhej diya, kripya isse is UPI ID par refund kar dein: hsdgw@okicici",No,No,No
spam,"Sorry, maine galti se galat number par Rs.91,556 transfer kar diya, yeh aapka account lagta hai. Kripya wapas bhej dein hsmioulb73@oksbi par.",No,No,No
spam,"Maine galti se aapke Paytm par Rs.5,574 bhej diya, kripya isse is UPI ID par refund kar dein: maoickq@axl",No,No,No
spam,"Galti se Rs.2,045 mere account se aapke account mein transfer ho gaye hain, jald se jald wfnbrety@oksbi par refund kar dein.",No,No,No
spam,"Galti se Rs.913 mere account se aapke account mein transfer ho gaye hain, jald se jald hdycban@paytm par refund kar dein.",No,No,No
spam,"Hi, mujhe lagta hai maine kisi aur ko pay karte waqt aapko galti se Rs.93,305 bhej diya. Kripya sldim21@axl par wapas bhej dein, dhanyavad.",No,No,No
spam,"Galti se Rs.780 mere account se aapke account mein transfer ho gaye hain, jald se jald pasploge30@ibl par refund kar dein.",No,No,No
spam,"PMAY Alert: Aap scheme ke tahat Rs.84,212 ke liye eligible hain. Claim karne ke liye apna Aadhaar aur bank account number share karein.",No,No,No
spam,"Galti se Rs.7,362 mere account se aapke account mein transfer ho gaye hain, jald se jald iylzdafb@ibl par refund kar dein.",No,No,No
spam,"Maine galti se aapke Amazon Pay par Rs.56,972 bhej diya, kripya isse is UPI ID par refund kar dein: gxrmg42@paytm",No,No,No
spam,"Sorry, maine galti se galat number par Rs.878 transfer kar diya, yeh aapka account lagta hai. Kripya wapas bhej dein diemmie30@ybl par.",No,No,No
spam,"Aapko Reliance ke saath work-from-home job ke liye select kiya gaya hai. Rs.5,969 ka joining bonus paane ke liye apni bank details share karein.",No,No,No
spam,"Badhai ho, LPG Subsidy Scheme ke tahat aapka application Rs.6,723 ke liye approve ho gaya hai. Disbursement ke liye apni bank details bhejein.",No,No,No
spam,"Sorry, maine galti se galat number par Rs.982 transfer kar diya, yeh aapka account lagta hai. Kripya wapas bhej dein brjtib@oksbi par.",No,No,No
spam,"Hi, mujhe lagta hai maine kisi aur ko pay karte waqt aapko galti se Rs.8,565 bhej diya. Kripya kxbgsdh68@oksbi par wapas bhej dein, dhanyavad.",No,No,No
spam,National Scholarship Portal: Aapka scholarship benefit Rs.972 transfer ke liye ready hai. Ise paane ke liye apni bank passbook details submit karein.,No,No,No
spam,"Sorry, maine galti se galat number par Rs.61,695 transfer kar diya, yeh aapka account lagta hai. Kripya wapas bhej dein bnqbdyo64@ibl par.",No,No,No
spam,"Badhai ho, Post Matric Scholarship ke tahat aapka application Rs.73,387 ke liye approve ho gaya hai. Disbursement ke liye apni bank details bhejein.",No,No,No
spam,"Aapki insurance policy ka maturity amount Rs.13,711 ready hai. Payment paane ke liye apni bank passbook details bhejein.",No,No,No
spam,"PM Ujjwala Yojana Alert: Aap scheme ke tahat Rs.2,823 ke liye eligible hain. Claim karne ke liye apna Aadhaar aur bank account number share karein.",No,No,No
spam,"Aapko Flipkart ke saath work-from-home job ke liye select kiya gaya hai. Rs.65,559 ka joining bonus paane ke liye apni bank details share karein.",No,No,No
spam,"Badhai ho, PM Kisan Samman Nidhi ke tahat aapka application Rs.68,917 ke liye approve ho gaya hai. Disbursement ke liye apni bank details bhejein.",No,No,No
spam,"Maine galti se aapke PhonePe par Rs.66,673 bhej diya, kripya isse is UPI ID par refund kar dein: rkxoas@axl",No,No,No
spam,"Badhai ho, PM Ujjwala Yojana ke tahat aapka application Rs.953 ke liye approve ho gaya hai. Disbursement ke liye apni bank details bhejein.",No,No,No
spam,"Galti se Rs.853 mere account se aapke account mein transfer ho gaye hain, jald se jald vgrxtm19@axl par refund kar dein.",No,No,No
spam,"Maine galti se aapke Paytm par Rs.2,619 bhej diya, kripya isse is UPI ID par refund kar dein: whexc@ybl",No,No,No
spam,PMAY Alert: Aap scheme ke tahat Rs.873 ke liye eligible hain. Claim karne ke liye apna Aadhaar aur bank account number share karein.,No,No,No
spam,"Galti se Rs.3,895 mere account se aapke account mein transfer ho gaye hain, jald se jald obojp@okhdfcbank par refund kar dein.",No,No,No
spam,"PM Kisan Samman Nidhi: Aapka scholarship benefit Rs.9,736 transfer ke liye ready hai. Ise paane ke liye apni bank passbook details submit karein.",No,No,No
spam,"Hi, mujhe lagta hai maine kisi aur ko pay karte waqt aapko galti se Rs.1,527 bhej diya. Kripya gxlblsx@axl par wapas bhej dein, dhanyavad.",No,No,No
spam,"Maine galti se aapke Google Pay par Rs.90,398 bhej diya, kripya isse is UPI ID par refund kar dein: cnxso@okicici",No,No,No
spam,"Galti se Rs.96,591 mere account se aapke account mein transfer ho gaye hain, jald se jald hqzgdsr@ibl par refund kar dein.",No,No,No
spam,"Sorry, maine galti se galat number par Rs.86,285 transfer kar diya, yeh aapka account lagta hai. Kripya wapas bhej dein ucdnpuq@axl par.",No,No,No
spam,"Hi, mujhe lagta hai maine kisi aur ko pay karte waqt aapko galti se Rs.57,482 bhej diya. Kripya esdxwpur@paytm par wapas bhej dein, dhanyavad.",No,No,No
spam,"Post Matric Scholarship: Aapka scholarship benefit Rs.6,510 transfer ke liye ready hai. Ise paane ke liye apni bank passbook details submit karein.",No,No,No
spam,"Maine galti se aapke Amazon Pay par Rs.656 bhej diya, kripya isse is UPI ID par refund kar dein: hbsczsqw54@ybl",No,No,No
spam,"Aapki insurance policy ka maturity amount Rs.3,241 ready hai. Payment paane ke liye apni bank passbook details bhejein.",No,No,No
spam,"Maine galti se aapke Paytm par Rs.7,622 bhej diya, kripya isse is UPI ID par refund kar dein: eeili@okicici",No,No,No
spam,"Aapka Punjab National Bank personal loan Rs.7,147 ka pre-approved hai. Process karne ke liye apni bank account aur Aadhaar details share karein.",No,No,No
spam,Aapko Wipro ke saath work-from-home job ke liye select kiya gaya hai. Rs.619 ka joining bonus paane ke liye apni bank details share karein.,No,No,No
spam,"Galti se Rs.40,096 mere account se aapke account mein transfer ho gaye hain, jald se jald jxobgthy@okhdfcbank par refund kar dein.",No,No,No
spam,"Galti se Rs.921 mere account se aapke account mein transfer ho gaye hain, jald se jald kukuwt26@ybl par refund kar dein.",No,No,No
spam,"Hi, mujhe lagta hai maine kisi aur ko pay karte waqt aapko galti se Rs.64,087 bhej diya. Kripya ufazapzo75@ibl par wapas bhej dein, dhanyavad.",No,No,No
spam,"PM Ujjwala Yojana: Aapka scholarship benefit Rs.8,833 transfer ke liye ready hai. Ise paane ke liye apni bank passbook details submit karein.",No,No,No
spam,"Ayushman Bharat Alert: Aap scheme ke tahat Rs.90,531 ke liye eligible hain. Claim karne ke liye apna Aadhaar aur bank account number share karein.",No,No,No
spam,"Sorry, maine galti se galat number par Rs.8,801 transfer kar diya, yeh aapka account lagta hai. Kripya wapas bhej dein vmxfspg@ybl par.",No,No,No
spam,"Hi, mujhe lagta hai maine kisi aur ko pay karte waqt aapko galti se Rs.6,194 bhej diya. Kripya grqyru@ybl par wapas bhej dein, dhanyavad.",No,No,No
spam,"Sorry, maine galti se galat number par Rs.87,658 transfer kar diya, yeh aapka account lagta hai. Kripya wapas bhej dein dwktlx43@okhdfcbank par.",No,No,No
spam,"Maine galti se aapke Google Pay par Rs.89,994 bhej diya, kripya isse is UPI ID par refund kar dein: rhlonmos@oksbi",No,No,No
spam,"Maine galti se aapke PhonePe par Rs.4,190 bhej diya, kripya isse is UPI ID par refund kar dein: kjgutcc@ibl",No,No,No
spam,LPG Subsidy Scheme: Aapka scholarship benefit Rs.995 transfer ke liye ready hai. Ise paane ke liye apni bank passbook details submit karein.,No,No,No
spam,Aapko Flipkart ke saath work-from-home job ke liye select kiya gaya hai. Rs.590 ka joining bonus paane ke liye apni bank details share karein.,No,No,No
spam,"Post Matric Scholarship: Aapka scholarship benefit Rs.85,283 transfer ke liye ready hai. Ise paane ke liye apni bank passbook details submit karein.",No,No,No
spam,"Sorry, maine galti se galat number par Rs.953 transfer kar diya, yeh aapka account lagta hai. Kripya wapas bhej dein nfzmqf52@paytm par.",No,No,No
spam,"Sorry, maine galti se galat number par Rs.507 transfer kar diya, yeh aapka account lagta hai. Kripya wapas bhej dein cjwtxqu@axl par.",No,No,No
spam,"Hi, mujhe lagta hai maine kisi aur ko pay karte waqt aapko galti se Rs.643 bhej diya. Kripya rsresj@axl par wapas bhej dein, dhanyavad.",No,No,No
spam,"Galti se Rs.540 mere account se aapke account mein transfer ho gaye hain, jald se jald psgolcrq24@oksbi par refund kar dein.",No,No,No
spam,"Aapka Bank of Baroda personal loan Rs.8,313 ka pre-approved hai. Process karne ke liye apni bank account aur Aadhaar details share karein.",No,No,No
spam,"Aapka HDFC Bank personal loan Rs.2,636 ka pre-approved hai. Process karne ke liye apni bank account aur Aadhaar details share karein.",No,No,No
spam,"PM Ujjwala Yojana: Aapka scholarship benefit Rs.7,806 transfer ke liye ready hai. Ise paane ke liye apni bank passbook details submit karein.",No,No,No
spam,"Galti se Rs.3,906 mere account se aapke account mein transfer ho gaye hain, jald se jald hycsabib98@ybl par refund kar dein.",No,No,No
spam,"Aapka Canara Bank personal loan Rs.34,962 ka pre-approved hai. Process karne ke liye apni bank account aur Aadhaar details share karein.",No,No,No
spam,"Galti se Rs.745 mere account se aapke account mein transfer ho gaye hain, jald se jald pfunrby@axl par refund kar dein.",No,No,No
spam,"Aapka Punjab National Bank personal loan Rs.6,426 ka pre-approved hai. Process karne ke liye apni bank account aur Aadhaar details share karein.",No,No,No
spam,"Sorry, maine galti se galat number par Rs.533 transfer kar diya, yeh aapka account lagta hai. Kripya wapas bhej dein fhcanfxg34@paytm par.",No,No,No
spam,"PM Ujjwala Yojana Alert: Aap scheme ke tahat Rs.7,925 ke liye eligible hain. Claim karne ke liye apna Aadhaar aur bank account number share karein.",No,No,No
spam,"Maine galti se aapke PhonePe par Rs.6,274 bhej diya, kripya isse is UPI ID par refund kar dein: nrxdpyt@paytm",No,No,No
spam,"Ayushman Bharat Alert: Aap scheme ke tahat Rs.3,628 ke liye eligible hain. Claim karne ke liye apna Aadhaar aur bank account number share karein.",No,No,No
spam,"Aapki insurance policy ka maturity amount Rs.9,546 ready hai. Payment paane ke liye apni bank passbook details bhejein.",No,No,No
spam,"PM Kisan Samman Nidhi Alert: Aap scheme ke tahat Rs.39,398 ke liye eligible hain. Claim karne ke liye apna Aadhaar aur bank account number share karein.",No,No,No
spam,"Badhai ho, Post Matric Scholarship ke tahat aapka application Rs.5,440 ke liye approve ho gaya hai. Disbursement ke liye apni bank details bhejein.",No,No,No
spam,"Galti se Rs.29,581 mere account se aapke account mein transfer ho gaye hain, jald se jald phrmp59@paytm par refund kar dein.",No,No,No
spam,"National Scholarship Portal Alert: Aap scheme ke tahat Rs.87,924 ke liye eligible hain. Claim karne ke liye apna Aadhaar aur bank account number share karein.",No,No,No
spam,"Post Matric Scholarship Alert: Aap scheme ke tahat Rs.9,092 ke liye eligible hain. Claim karne ke liye apna Aadhaar aur bank account number share karein.",No,No,No
spam,"Hi, mujhe lagta hai maine kisi aur ko pay karte waqt aapko galti se Rs.905 bhej diya. Kripya nbjazyqc71@okicici par wapas bhej dein, dhanyavad.",No,No,No
spam,"Galti se Rs.956 mere account se aapke account mein transfer ho gaye hain, jald se jald woxfj45@okicici par refund kar dein.",No,No,No
spam,"Sorry, maine galti se galat number par Rs.1,501 transfer kar diya, yeh aapka account lagta hai. Kripya wapas bhej dein xwfhzw@ybl par.",No,No,No
spam,Aapko Infosys ke saath work-from-home job ke liye select kiya gaya hai. Rs.918 ka joining bonus paane ke liye apni bank details share karein.,No,No,No
spam,"Aapka Bank of Baroda personal loan Rs.63,132 ka pre-approved hai. Process karne ke liye apni bank account aur Aadhaar details share karein.",No,No,No
spam,"Sorry, maine galti se galat number par Rs.5,119 transfer kar diya, yeh aapka account lagta hai. Kripya wapas bhej dein hvkrxin@okicici par.",No,No,No
spam,"Sorry, maine galti se galat number par Rs.8,439 transfer kar diya, yeh aapka account lagta hai. Kripya wapas bhej dein tcvqadz@okicici par.",No,No,No
spam,"Galti se Rs.8,195 mere account se aapke account mein transfer ho gaye hain, jald se jald elojlt84@okhdfcbank par refund kar dein.",No,No,No
spam,"Aapko Infosys ke saath work-from-home job ke liye select kiya gaya hai. Rs.3,690 ka joining bonus paane ke liye apni bank details share karein.",No,No,No
spam,"Badhai ho, Post Matric Scholarship ke tahat aapka application Rs.5,996 ke liye approve ho gaya hai. Disbursement ke liye apni bank details bhejein.",No,No,No
spam,"Hi, mujhe lagta hai maine kisi aur ko pay karte waqt aapko galti se Rs.752 bhej diya. Kripya mepeg26@okhdfcbank par wapas bhej dein, dhanyavad.",No,No,No
spam,"Aapko Wipro ke saath work-from-home job ke liye select kiya gaya hai. Rs.5,169 ka joining bonus paane ke liye apni bank details share karein.",No,No,No
spam,"Galti se Rs.7,905 mere account se aapke account mein transfer ho gaye hain, jald se jald zpelmos54@paytm par refund kar dein.",No,No,No
spam,"Aapka Canara Bank personal loan Rs.17,367 ka pre-approved hai. Process karne ke liye apni bank account aur Aadhaar details share karein.",No,No,No
spam,"State Scholarship Scheme Alert: Aap scheme ke tahat Rs.29,487 ke liye eligible hain. Claim karne ke liye apna Aadhaar aur bank account number share karein.",No,No,No
spam,"LPG Subsidy Scheme: Aapka scholarship benefit Rs.5,596 transfer ke liye ready hai. Ise paane ke liye apni bank passbook details submit karein.",No,No,No
spam,"LPG Subsidy Scheme: Aapka scholarship benefit Rs.2,709 transfer ke liye ready hai. Ise paane ke liye apni bank passbook details submit karein.",No,No,No
spam,"Aapko Infosys ke saath work-from-home job ke liye select kiya gaya hai. Rs.90,527 ka joining bonus paane ke liye apni bank details share karein.",No,No,No
spam,"Hi, mujhe lagta hai maine kisi aur ko pay karte waqt aapko galti se Rs.810 bhej diya. Kripya dlnvtstx@okhdfcbank par wapas bhej dein, dhanyavad.",No,No,No
spam,"Maine galti se aapke Google Pay par Rs.957 bhej diya, kripya isse is UPI ID par refund kar dein: ewerxnrc45@axl",No,No,No
spam,"Hi, mujhe lagta hai maine kisi aur ko pay karte waqt aapko galti se Rs.5,168 bhej diya. Kripya kwljt11@axl par wapas bhej dein, dhanyavad.",No,No,No
spam,"Sorry, maine galti se galat number par Rs.76,130 transfer kar diya, yeh aapka account lagta hai. Kripya wapas bhej dein lybwx27@okhdfcbank par.",No,No,No
spam,"Sorry, maine galti se galat number par Rs.1,715 transfer kar diya, yeh aapka account lagta hai. Kripya wapas bhej dein taajp@ibl par.",No,No,No
spam,"Galti se Rs.5,770 mere account se aapke account mein transfer ho gaye hain, jald se jald dqmxd@ybl par refund kar dein.",No,No,No
spam,"Aapko Reliance ke saath work-from-home job ke liye select kiya gaya hai. Rs.8,962 ka joining bonus paane ke liye apni bank details share karein.",No,No,No
spam,Aapko HCL ke saath work-from-home job ke liye select kiya gaya hai. Rs.586 ka joining bonus paane ke liye apni bank details share karein.,No,No,No
spam,PM Ujjwala Yojana Alert: Aap scheme ke tahat Rs.781 ke liye eligible hain. Claim karne ke liye apna Aadhaar aur bank account number share karein.,No,No,No
spam,"Maine galti se aapke Amazon Pay par Rs.36,620 bhej diya, kripya isse is UPI ID par refund kar dein: cnqkvz25@okicici",No,No,No
spam,"Hi, mujhe lagta hai maine kisi aur ko pay karte waqt aapko galti se Rs.713 bhej diya. Kripya xzvotor@ibl par wapas bhej dein, dhanyavad.",No,No,No
spam,"Hi, mujhe lagta hai maine kisi aur ko pay karte waqt aapko galti se Rs.783 bhej diya. Kripya jpqlcm24@okicici par wapas bhej dein, dhanyavad.",No,No,No
spam,"Galti se Rs.946 mere account se aapke account mein transfer ho gaye hain, jald se jald robbwn@okicici par refund kar dein.",No,No,No
spam,"Aapka HDFC Bank personal loan Rs.9,380 ka pre-approved hai. Process karne ke liye apni bank account aur Aadhaar details share karein.",No,No,No
spam,"Aapki insurance policy ka maturity amount Rs.38,761 ready hai. Payment paane ke liye apni bank passbook details bhejein.",No,No,No
spam,"Aapka Axis Bank personal loan Rs.15,876 ka pre-approved hai. Process karne ke liye apni bank account aur Aadhaar details share karein.",No,No,No
spam,"Hi, mujhe lagta hai maine kisi aur ko pay karte waqt aapko galti se Rs.503 bhej diya. Kripya xiswt@ibl par wapas bhej dein, dhanyavad.",No,No,No
spam,"Aapko Reliance ke saath work-from-home job ke liye select kiya gaya hai. Rs.57,269 ka joining bonus paane ke liye apni bank details share karein.",No,No,No
spam,"State Scholarship Scheme: Aapka scholarship benefit Rs.2,228 transfer ke liye ready hai. Ise paane ke liye apni bank passbook details submit karein.",No,No,No
spam,Aapki insurance policy ka maturity amount Rs.509 ready hai. Payment paane ke liye apni bank passbook details bhejein.,No,No,No
spam,"Aapka Canara Bank personal loan Rs.2,806 ka pre-approved hai. Process karne ke liye apni bank account aur Aadhaar details share karein.",No,No,No
spam,"Badhai ho, PMAY ke tahat aapka application Rs.39,779 ke liye approve ho gaya hai. Disbursement ke liye apni bank details bhejein.",No,No,No
spam,"Aapka ICICI Bank personal loan Rs.4,164 ka pre-approved hai. Process karne ke liye apni bank account aur Aadhaar details share karein.",No,No,No
spam,Aapka Bank of Baroda personal loan Rs.740 ka pre-approved hai. Process karne ke liye apni bank account aur Aadhaar details share karein.,No,No,No
spam,Post Matric Scholarship: Aapka scholarship benefit Rs.614 transfer ke liye ready hai. Ise paane ke liye apni bank passbook details submit karein.,No,No,No
spam,"Hi, mujhe lagta hai maine kisi aur ko pay karte waqt aapko galti se Rs.9,529 bhej diya. Kripya outjjapi@oksbi par wapas bhej dein, dhanyavad.",No,No,No
spam,"Maine galti se aapke Paytm par Rs.87,932 bhej diya, kripya isse is UPI ID par refund kar dein: jlltvgj77@ibl",No,No,No
spam,"Aapka Axis Bank personal loan Rs.6,428 ka pre-approved hai. Process karne ke liye apni bank account aur Aadhaar details share karein.",No,No,No
spam,"Sorry, maine galti se galat number par Rs.2,301 transfer kar diya, yeh aapka account lagta hai. Kripya wapas bhej dein vxplr42@axl par.",No,No,No
spam,"Ayushman Bharat: Aapka scholarship benefit Rs.51,506 transfer ke liye ready hai. Ise paane ke liye apni bank passbook details submit karein.",No,No,No
spam,Aapki insurance policy ka maturity amount Rs.723 ready hai. Payment paane ke liye apni bank passbook details bhejein.,No,No,No
spam,"Badhai ho, Post Matric Scholarship ke tahat aapka application Rs.571 ke liye approve ho gaya hai. Disbursement ke liye apni bank details bhejein.",No,No,No
spam,LPG Subsidy Scheme Alert: Aap scheme ke tahat Rs.932 ke liye eligible hain. Claim karne ke liye apna Aadhaar aur bank account number share karein.,No,No,No
spam,"Aapki insurance policy ka maturity amount Rs.1,196 ready hai. Payment paane ke liye apni bank passbook details bhejein.",No,No,No
spam,"Hi, mujhe lagta hai maine kisi aur ko pay karte waqt aapko galti se Rs.55,166 bhej diya. Kripya qrxbbje42@ybl par wapas bhej dein, dhanyavad.",No,No,No
spam,"Galti se Rs.6,693 mere account se aapke account mein transfer ho gaye hain, jald se jald qanhmm@axl par refund kar dein.",No,No,No
spam,"Galti se Rs.96,165 mere account se aapke account mein transfer ho gaye hain, jald se jald jowgf@ybl par refund kar dein.",No,No,No
spam,"Maine galti se aapke Google Pay par Rs.93,596 bhej diya, kripya isse is UPI ID par refund kar dein: kjrccdco98@paytm",No,No,No
spam,"Sorry, maine galti se galat number par Rs.962 transfer kar diya, yeh aapka account lagta hai. Kripya wapas bhej dein shvcijz@okicici par.",No,No,No
spam,National Scholarship Portal: Aapka scholarship benefit Rs.571 transfer ke liye ready hai. Ise paane ke liye apni bank passbook details submit karein.,No,No,No
spam,National Scholarship Portal: Aapka scholarship benefit Rs.541 transfer ke liye ready hai. Ise paane ke liye apni bank passbook details submit karein.,No,No,No
spam,"Badhai ho, PMAY ke tahat aapka application Rs.85,131 ke liye approve ho gaya hai. Disbursement ke liye apni bank details bhejein.",No,No,No
spam,"Hi, mujhe lagta hai maine kisi aur ko pay karte waqt aapko galti se Rs.47,368 bhej diya. Kripya fnebymm@oksbi par wapas bhej dein, dhanyavad.",No,No,No
spam,"Hi, mujhe lagta hai maine kisi aur ko pay karte waqt aapko galti se Rs.92,050 bhej diya. Kripya dqmwfafu@ybl par wapas bhej dein, dhanyavad.",No,No,No
spam,"Maine galti se aapke Amazon Pay par Rs.6,478 bhej diya, kripya isse is UPI ID par refund kar dein: akotil84@okicici",No,No,No
spam,"Aapki insurance policy ka maturity amount Rs.34,353 ready hai. Payment paane ke liye apni bank passbook details bhejein.",No,No,No
spam,"Hi, mujhe lagta hai maine kisi aur ko pay karte waqt aapko galti se Rs.43,518 bhej diya. Kripya enillcl81@paytm par wapas bhej dein, dhanyavad.",No,No,No
spam,"Aapko Amazon ke saath work-from-home job ke liye select kiya gaya hai. Rs.21,468 ka joining bonus paane ke liye apni bank details share karein.",No,No,No
spam,Ayushman Bharat Alert: Aap scheme ke tahat Rs.674 ke liye eligible hain. Claim karne ke liye apna Aadhaar aur bank account number share karein.,No,No,No
spam,"PMAY: Aapka scholarship benefit Rs.7,765 transfer ke liye ready hai. Ise paane ke liye apni bank passbook details submit karein.",No,No,No
spam,"Aapka ICICI Bank personal loan Rs.95,459 ka pre-approved hai. Process karne ke liye apni bank account aur Aadhaar details share karein.",No,No,No
spam,"Hi, mujhe lagta hai maine kisi aur ko pay karte waqt aapko galti se Rs.88,454 bhej diya. Kripya hpsanibz99@ibl par wapas bhej dein, dhanyavad.",No,No,No
spam,"Sorry, maine galti se galat number par Rs.2,803 transfer kar diya, yeh aapka account lagta hai. Kripya wapas bhej dein ilqoaivn89@okhdfcbank par.",No,No,No
spam,"Galti se Rs.8,586 mere account se aapke account mein transfer ho gaye hain, jald se jald ytfdax99@ybl par refund kar dein.",No,No,No
spam,"Badhai ho, State Scholarship Scheme ke tahat aapka application Rs.5,611 ke liye approve ho gaya hai. Disbursement ke liye apni bank details bhejein.",No,No,No
spam,"PMAY Alert: Aap scheme ke tahat Rs.9,694 ke liye eligible hain. Claim karne ke liye apna Aadhaar aur bank account number share karein.",No,No,No
spam,"Aapki insurance policy ka maturity amount Rs.48,737 ready hai. Payment paane ke liye apni bank passbook details bhejein.",No,No,No
spam,"Aapki insurance policy ka maturity amount Rs.19,623 ready hai. Payment paane ke liye apni bank passbook details bhejein.",No,No,No
spam,"Badhai ho, LPG Subsidy Scheme ke tahat aapka application Rs.68,089 ke liye approve ho gaya hai. Disbursement ke liye apni bank details bhejein.",No,No,No
spam,"PMAY: Aapka scholarship benefit Rs.84,918 transfer ke liye ready hai. Ise paane ke liye apni bank passbook details submit karein.",No,No,No
spam,"Galti se Rs.626 mere account se aapke account mein transfer ho gaye hain, jald se jald fgdzzlk13@ibl par refund kar dein.",No,No,No
spam,"Badhai ho, LPG Subsidy Scheme ke tahat aapka application Rs.910 ke liye approve ho gaya hai. Disbursement ke liye apni bank details bhejein.",No,No,No
spam,"Maine galti se aapke PhonePe par Rs.788 bhej diya, kripya isse is UPI ID par refund kar dein: lmetyfi@okhdfcbank",No,No,No
spam,"Aapki insurance policy ka maturity amount Rs.8,868 ready hai. Payment paane ke liye apni bank passbook details bhejein.",No,No,No
spam,Aapki insurance policy ka maturity amount Rs.930 ready hai. Payment paane ke liye apni bank passbook details bhejein.,No,No,No
spam,Aapki insurance policy ka maturity amount Rs.656 ready hai. Payment paane ke liye apni bank passbook details bhejein.,No,No,No
spam,"Hi, mujhe lagta hai maine kisi aur ko pay karte waqt aapko galti se Rs.73,944 bhej diya. Kripya hpoezki@axl par wapas bhej dein, dhanyavad.",No,No,No
spam,"Aapka Canara Bank personal loan Rs.42,232 ka pre-approved hai. Process karne ke liye apni bank account aur Aadhaar details share karein.",No,No,No
spam,"Galti se Rs.803 mere account se aapke account mein transfer ho gaye hain, jald se jald ljnedf@ibl par refund kar dein.",No,No,No
spam,"Aapka Axis Bank personal loan Rs.9,843 ka pre-approved hai. Process karne ke liye apni bank account aur Aadhaar details share karein.",No,No,No
spam,"PMAY Alert: Aap scheme ke tahat Rs.32,640 ke liye eligible hain. Claim karne ke liye apna Aadhaar aur bank account number share karein.",No,No,No
spam,"Sorry, maine galti se galat number par Rs.3,149 transfer kar diya, yeh aapka account lagta hai. Kripya wapas bhej dein rtzydda65@ybl par.",No,No,No
spam,"PMAY: Aapka scholarship benefit Rs.96,211 transfer ke liye ready hai. Ise paane ke liye apni bank passbook details submit karein.",No,No,No
spam,LPG Subsidy Scheme: Aapka scholarship benefit Rs.776 transfer ke liye ready hai. Ise paane ke liye apni bank passbook details submit karein.,No,No,No
spam,"Maine galti se aapke PhonePe par Rs.974 bhej diya, kripya isse is UPI ID par refund kar dein: eugcaeyq43@okhdfcbank",No,No,No
spam,Aapka Bank of Baroda personal loan Rs.932 ka pre-approved hai. Process karne ke liye apni bank account aur Aadhaar details share karein.,No,No,No
spam,"PM Kisan Samman Nidhi Alert: Aap scheme ke tahat Rs.9,862 ke liye eligible hain. Claim karne ke liye apna Aadhaar aur bank account number share karein.",No,No,No
spam,"Sorry, maine galti se galat number par Rs.51,278 transfer kar diya, yeh aapka account lagta hai. Kripya wapas bhej dein gjqimula68@okhdfcbank par.",No,No,No
spam,"Aapki insurance policy ka maturity amount Rs.6,233 ready hai. Payment paane ke liye apni bank passbook details bhejein.",No,No,No
spam,Aapko TCS ke saath work-from-home job ke liye select kiya gaya hai. Rs.669 ka joining bonus paane ke liye apni bank details share karein.,No,No,No
spam,"Galti se Rs.3,837 mere account se aapke account mein transfer ho gaye hain, jald se jald oxeyjxe@okhdfcbank par refund kar dein.",No,No,No
spam,"Galti se Rs.525 mere account se aapke account mein transfer ho gaye hain, jald se jald ebysdjoo@okicici par refund kar dein.",No,No,No
spam,"Aapki insurance policy ka maturity amount Rs.4,868 ready hai. Payment paane ke liye apni bank passbook details bhejein.",No,No,No
spam,"Sorry, maine galti se galat number par Rs.41,348 transfer kar diya, yeh aapka account lagta hai. Kripya wapas bhej dein pxxpzy@ybl par.",No,No,No
spam,"Aapko Amazon ke saath work-from-home job ke liye select kiya gaya hai. Rs.9,675 ka joining bonus paane ke liye apni bank details share karein.",No,No,No
spam,"Galti se Rs.47,701 mere account se aapke account mein transfer ho gaye hain, jald se jald xdzynd98@okhdfcbank par refund kar dein.",No,No,No
spam,"Aapka Kotak Mahindra Bank personal loan Rs.86,560 ka pre-approved hai. Process karne ke liye apni bank account aur Aadhaar details share karein.",No,No,No
spam,"Galti se Rs.1,478 mere account se aapke account mein transfer ho gaye hain, jald se jald ogabxl69@ybl par refund kar dein.",No,No,No
spam,"Hi, mujhe lagta hai maine kisi aur ko pay karte waqt aapko galti se Rs.777 bhej diya. Kripya szdit54@ibl par wapas bhej dein, dhanyavad.",No,No,No
spam,"Aapko TCS ke saath work-from-home job ke liye select kiya gaya hai. Rs.2,765 ka joining bonus paane ke liye apni bank details share karein.",No,No,No
spam,"Galti se Rs.689 mere account se aapke account mein transfer ho gaye hain, jald se jald clgxget70@oksbi par refund kar dein.",No,No,No
spam,"PM Ujjwala Yojana Alert: Aap scheme ke tahat Rs.9,520 ke liye eligible hain. Claim karne ke liye apna Aadhaar aur bank account number share karein.",No,No,No
spam,"Galti se Rs.8,673 mere account se aapke account mein transfer ho gaye hain, jald se jald cyxkfgkq33@okicici par refund kar dein.",No,No,No
spam,"Sorry, maine galti se galat number par Rs.704 transfer kar diya, yeh aapka account lagta hai. Kripya wapas bhej dein ugyuwit76@oksbi par.",No,No,No
spam,"LPG Subsidy Scheme: Aapka scholarship benefit Rs.5,214 transfer ke liye ready hai. Ise paane ke liye apni bank passbook details submit karein.",No,No,No
spam,"Badhai ho, Ayushman Bharat ke tahat aapka application Rs.547 ke liye approve ho gaya hai. Disbursement ke liye apni bank details bhejein.",No,No,No
spam,"Aapka Bank of Baroda personal loan Rs.4,052 ka pre-approved hai. Process karne ke liye apni bank account aur Aadhaar details share karein.",No,No,No
spam,"Hi, mujhe lagta hai maine kisi aur ko pay karte waqt aapko galti se Rs.69,775 bhej diya. Kripya zaaics@okicici par wapas bhej dein, dhanyavad.",No,No,No
spam,"Aapka ICICI Bank personal loan Rs.73,396 ka pre-approved hai. Process karne ke liye apni bank account aur Aadhaar details share karein.",No,No,No
spam,"Aapki insurance policy ka maturity amount Rs.9,920 ready hai. Payment paane ke liye apni bank passbook details bhejein.",No,No,No
spam,"LPG Subsidy Scheme: Aapka scholarship benefit Rs.38,695 transfer ke liye ready hai. Ise paane ke liye apni bank passbook details submit karein.",No,No,No
spam,"Hi, mujhe lagta hai maine kisi aur ko pay karte waqt aapko galti se Rs.5,034 bhej diya. Kripya cnbmtbuz46@paytm par wapas bhej dein, dhanyavad.",No,No,No
spam,"Galti se Rs.526 mere account se aapke account mein transfer ho gaye hain, jald se jald ppvmvui14@axl par refund kar dein.",No,No,No
spam,"Hi, mujhe lagta hai maine kisi aur ko pay karte waqt aapko galti se Rs.7,779 bhej diya. Kripya lqwzx@oksbi par wapas bhej dein, dhanyavad.",No,No,No
spam,Aapka Axis Bank personal loan Rs.612 ka pre-approved hai. Process karne ke liye apni bank account aur Aadhaar details share karein.,No,No,No
spam,"Galti se Rs.2,591 mere account se aapke account mein transfer ho gaye hain, jald se jald czrekc@okhdfcbank par refund kar dein.",No,No,No
spam,"Maine galti se aapke Amazon Pay par Rs.2,674 bhej diya, kripya isse is UPI ID par refund kar dein: tqlhfvqj12@paytm",No,No,No
spam,"Maine galti se aapke Paytm par Rs.912 bhej diya, kripya isse is UPI ID par refund kar dein: suoegedi98@ibl",No,No,No
spam,"Maine galti se aapke Google Pay par Rs.850 bhej diya, kripya isse is UPI ID par refund kar dein: gasauzmn68@paytm",No,No,No
spam,"Aapko Reliance ke saath work-from-home job ke liye select kiya gaya hai. Rs.69,720 ka joining bonus paane ke liye apni bank details share karein.",No,No,No
spam,"Sorry, maine galti se galat number par Rs.4,682 transfer kar diya, yeh aapka account lagta hai. Kripya wapas bhej dein ravok@paytm par.",No,No,No
spam,"Maine galti se aapke PhonePe par Rs.949 bhej diya, kripya isse is UPI ID par refund kar dein: ntrzno63@okhdfcbank",No,No,No
spam,"Sorry, maine galti se galat number par Rs.26,443 transfer kar diya, yeh aapka account lagta hai. Kripya wapas bhej dein skxtop@oksbi par.",No,No,No
spam,"Maine galti se aapke PhonePe par Rs.16,993 bhej diya, kripya isse is UPI ID par refund kar dein: vrrvnywc63@okicici",No,No,No
spam,"Galti se Rs.36,744 mere account se aapke account mein transfer ho gaye hain, jald se jald hxximvyw@oksbi par refund kar dein.",No,No,No
spam,"Badhai ho, State Scholarship Scheme ke tahat aapka application Rs.807 ke liye approve ho gaya hai. Disbursement ke liye apni bank details bhejein.",No,No,No
spam,"LPG Subsidy Scheme Alert: Aap scheme ke tahat Rs.72,966 ke liye eligible hain. Claim karne ke liye apna Aadhaar aur bank account number share karein.",No,No,No
spam,PM Ujjwala Yojana Alert: Aap scheme ke tahat Rs.799 ke liye eligible hain. Claim karne ke liye apna Aadhaar aur bank account number share karein.,No,No,No
spam,LPG Subsidy Scheme Alert: Aap scheme ke tahat Rs.956 ke liye eligible hain. Claim karne ke liye apna Aadhaar aur bank account number share karein.,No,No,No
spam,"Aapki insurance policy ka maturity amount Rs.3,256 ready hai. Payment paane ke liye apni bank passbook details bhejein.",No,No,No
spam,"Maine galti se aapke PhonePe par Rs.43,316 bhej diya, kripya isse is UPI ID par refund kar dein: ngrvsqrc@okicici",No,No,No
spam,"Badhai ho, PMAY ke tahat aapka application Rs.724 ke liye approve ho gaya hai. Disbursement ke liye apni bank details bhejein.",No,No,No
spam,"Badhai ho, PMAY ke tahat aapka application Rs.772 ke liye approve ho gaya hai. Disbursement ke liye apni bank details bhejein.",No,No,No
spam,"PM Ujjwala Yojana Alert: Aap scheme ke tahat Rs.25,701 ke liye eligible hain. Claim karne ke liye apna Aadhaar aur bank account number share karein.",No,No,No
spam,"LPG Subsidy Scheme Alert: Aap scheme ke tahat Rs.20,576 ke liye eligible hain. Claim karne ke liye apna Aadhaar aur bank account number share karein.",No,No,No
spam,"Sorry, maine galti se galat number par Rs.64,493 transfer kar diya, yeh aapka account lagta hai. Kripya wapas bhej dein flsnuqni@okhdfcbank par.",No,No,No
spam,"Sorry, maine galti se galat number par Rs.14,357 transfer kar diya, yeh aapka account lagta hai. Kripya wapas bhej dein caslc@ybl par.",No,No,No
spam,"Maine galti se aapke Paytm par Rs.582 bhej diya, kripya isse is UPI ID par refund kar dein: ejvsqew29@ybl",No,No,No
spam,"Badhai ho, LPG Subsidy Scheme ke tahat aapka application Rs.848 ke liye approve ho gaya hai. Disbursement ke liye apni bank details bhejein.",No,No,No
spam,"Maine galti se aapke PhonePe par Rs.77,384 bhej diya, kripya isse is UPI ID par refund kar dein: pztmza96@ybl",No,No,No
spam,"Sorry, maine galti se galat number par Rs.39,667 transfer kar diya, yeh aapka account lagta hai. Kripya wapas bhej dein gyzzwdq65@axl par.",No,No,No
spam,"Aapko Wipro ke saath work-from-home job ke liye select kiya gaya hai. Rs.9,183 ka joining bonus paane ke liye apni bank details share karein.",No,No,No
spam,"Maine galti se aapke Amazon Pay par Rs.58,869 bhej diya, kripya isse is UPI ID par refund kar dein: qxqryu@oksbi",No,No,No
spam,"Hi, mujhe lagta hai maine kisi aur ko pay karte waqt aapko galti se Rs.6,320 bhej diya. Kripya cmyvxj38@okhdfcbank par wapas bhej dein, dhanyavad.",No,No,No
spam,"PMAY Alert: Aap scheme ke tahat Rs.3,537 ke liye eligible hain. Claim karne ke liye apna Aadhaar aur bank account number share karein.",No,No,No
spam,"Galti se Rs.1,919 mere account se aapke account mein transfer ho gaye hain, jald se jald ixztymz30@axl par refund kar dein.",No,No,No
spam,"LPG Subsidy Scheme: Aapka scholarship benefit Rs.34,801 transfer ke liye ready hai. Ise paane ke liye apni bank passbook details submit karein.",No,No,No
spam,"Aapka Canara Bank personal loan Rs.19,521 ka pre-approved hai. Process karne ke liye apni bank account aur Aadhaar details share karein.",No,No,No
spam,Aapka Punjab National Bank personal loan Rs.748 ka pre-approved hai. Process karne ke liye apni bank account aur Aadhaar details share karein.,No,No,No
spam,"Aapko HCL ke saath work-from-home job ke liye select kiya gaya hai. Rs.9,112 ka joining bonus paane ke liye apni bank details share karein.",No,No,No
spam,"Galti se Rs.6,230 mere account se aapke account mein transfer ho gaye hain, jald se jald xogwahr84@okhdfcbank par refund kar dein.",No,No,No
spam,"Hi, mujhe lagta hai maine kisi aur ko pay karte waqt aapko galti se Rs.4,263 bhej diya. Kripya tkrbps@okhdfcbank par wapas bhej dein, dhanyavad.",No,No,No
spam,"Hi, mujhe lagta hai maine kisi aur ko pay karte waqt aapko galti se Rs.45,385 bhej diya. Kripya xehkvyec@ibl par wapas bhej dein, dhanyavad.",No,No,No
spam,National Scholarship Portal Alert: Aap scheme ke tahat Rs.949 ke liye eligible hain. Claim karne ke liye apna Aadhaar aur bank account number share karein.,No,No,No
spam,"Badhai ho, PMAY ke tahat aapka application Rs.9,164 ke liye approve ho gaya hai. Disbursement ke liye apni bank details bhejein.",No,No,No
spam,"Hi, mujhe lagta hai maine kisi aur ko pay karte waqt aapko galti se Rs.9,399 bhej diya. Kripya zrgvpu@ybl par wapas bhej dein, dhanyavad.",No,No,No
spam,Aapka Punjab National Bank personal loan Rs.807 ka pre-approved hai. Process karne ke liye apni bank account aur Aadhaar details share karein.,No,No,No
spam,"Maine galti se aapke Google Pay par Rs.9,224 bhej diya, kripya isse is UPI ID par refund kar dein: ilyddri51@ibl",No,No,No
spam,"Maine galti se aapke Paytm par Rs.828 bhej diya, kripya isse is UPI ID par refund kar dein: hctnfw@ybl",No,No,No
spam,"Maine galti se aapke Amazon Pay par Rs.572 bhej diya, kripya isse is UPI ID par refund kar dein: xwczeszo46@axl",No,No,No
spam,Aapka HDFC Bank personal loan Rs.944 ka pre-approved hai. Process karne ke liye apni bank account aur Aadhaar details share karein.,No,No,No
spam,"Sorry, maine galti se galat number par Rs.4,652 transfer kar diya, yeh aapka account lagta hai. Kripya wapas bhej dein znviiay79@oksbi par.",No,No,No
spam,"PM Kisan Samman Nidhi: Aapka scholarship benefit Rs.10,409 transfer ke liye ready hai. Ise paane ke liye apni bank passbook details submit karein.",No,No,No
spam,"Hi, mujhe lagta hai maine kisi aur ko pay karte waqt aapko galti se Rs.9,817 bhej diya. Kripya ctnzm@okicici par wapas bhej dein, dhanyavad.",No,No,No
spam,"Aapka Axis Bank personal loan Rs.8,788 ka pre-approved hai. Process karne ke liye apni bank account aur Aadhaar details share karein.",No,No,No
spam,"Maine galti se aapke PhonePe par Rs.4,049 bhej diya, kripya isse is UPI ID par refund kar dein: sxebsfjn@axl",No,No,No
spam,"Badhai ho, National Scholarship Portal ke tahat aapka application Rs.962 ke liye approve ho gaya hai. Disbursement ke liye apni bank details bhejein.",No,No,No
spam,"Aapka Canara Bank personal loan Rs.3,976 ka pre-approved hai. Process karne ke liye apni bank account aur Aadhaar details share karein.",No,No,No
spam,"Aapko Reliance ke saath work-from-home job ke liye select kiya gaya hai. Rs.28,309 ka joining bonus paane ke liye apni bank details share karein.",No,No,No
spam,"Maine galti se aapke Paytm par Rs.7,221 bhej diya, kripya isse is UPI ID par refund kar dein: iprcf@ibl",No,No,No
spam,"Sorry, maine galti se galat number par Rs.8,129 transfer kar diya, yeh aapka account lagta hai. Kripya wapas bhej dein aqepe96@ibl par.",No,No,No
spam,"Hi, mujhe lagta hai maine kisi aur ko pay karte waqt aapko galti se Rs.50,035 bhej diya. Kripya pkjimwex91@okhdfcbank par wapas bhej dein, dhanyavad.",No,No,No
spam,"Aapka Bank of Baroda personal loan Rs.63,864 ka pre-approved hai. Process karne ke liye apni bank account aur Aadhaar details share karein.",No,No,No
spam,"State Scholarship Scheme Alert: Aap scheme ke tahat Rs.56,523 ke liye eligible hain. Claim karne ke liye apna Aadhaar aur bank account number share karein.",No,No,No
spam,"Aapka HDFC Bank personal loan Rs.5,222 ka pre-approved hai. Process karne ke liye apni bank account aur Aadhaar details share karein.",No,No,No
spam,"Ayushman Bharat: Aapka scholarship benefit Rs.1,046 transfer ke liye ready hai. Ise paane ke liye apni bank passbook details submit karein.",No,No,No
spam,"Badhai ho, PM Ujjwala Yojana ke tahat aapka application Rs.2,397 ke liye approve ho gaya hai. Disbursement ke liye apni bank details bhejein.",No,No,No
spam,State Scholarship Scheme: Aapka scholarship benefit Rs.611 transfer ke liye ready hai. Ise paane ke liye apni bank passbook details submit karein.,No,No,No
spam,"Hi, mujhe lagta hai maine kisi aur ko pay karte waqt aapko galti se Rs.7,091 bhej diya. Kripya izjlgr64@okhdfcbank par wapas bhej dein, dhanyavad.",No,No,No
spam,"Badhai ho, Post Matric Scholarship ke tahat aapka application Rs.7,707 ke liye approve ho gaya hai. Disbursement ke liye apni bank details bhejein.",No,No,No
spam,"State Scholarship Scheme: Aapka scholarship benefit Rs.3,789 transfer ke liye ready hai. Ise paane ke liye apni bank passbook details submit karein.",No,No,No
spam,"Maine galti se aapke Paytm par Rs.5,433 bhej diya, kripya isse is UPI ID par refund kar dein: ullrf15@oksbi",No,No,No
spam,"Aapki insurance policy ka maturity amount Rs.8,606 ready hai. Payment paane ke liye apni bank passbook details bhejein.",No,No,No
spam,"Galti se Rs.6,017 mere account se aapke account mein transfer ho gaye hain, jald se jald yzpnikoy66@axl par refund kar dein.",No,No,No
spam,"Aapka Bank of Baroda personal loan Rs.4,409 ka pre-approved hai. Process karne ke liye apni bank account aur Aadhaar details share karein.",No,No,No
spam,Aapka Punjab National Bank personal loan Rs.664 ka pre-approved hai. Process karne ke liye apni bank account aur Aadhaar details share karein.,No,No,No
spam,"Sorry, maine galti se galat number par Rs.5,829 transfer kar diya, yeh aapka account lagta hai. Kripya wapas bhej dein ohsjpkx11@okicici par.",No,No,No
spam,Aapka Kotak Mahindra Bank personal loan Rs.966 ka pre-approved hai. Process karne ke liye apni bank account aur Aadhaar details share karein.,No,No,No
spam,"Sorry, maine galti se galat number par Rs.1,766 transfer kar diya, yeh aapka account lagta hai. Kripya wapas bhej dein tkbvcbk@oksbi par.",No,No,No
spam,"PMAY: Aapka scholarship benefit Rs.53,130 transfer ke liye ready hai. Ise paane ke liye apni bank passbook details submit karein.",No,No,No
spam,"Sorry, maine galti se galat number par Rs.78,784 transfer kar diya, yeh aapka account lagta hai. Kripya wapas bhej dein hsqwvqik@okicici par.",No,No,No
spam,Aapka Bank of Baroda personal loan Rs.991 ka pre-approved hai. Process karne ke liye apni bank account aur Aadhaar details share karein.,No,No,No
spam,"Aapko Reliance ke saath work-from-home job ke liye select kiya gaya hai. Rs.5,366 ka joining bonus paane ke liye apni bank details share karein.",No,No,No
spam,PMAY Alert: Aap scheme ke tahat Rs.924 ke liye eligible hain. Claim karne ke liye apna Aadhaar aur bank account number share karein.,No,No,No
spam,Post Matric Scholarship: Aapka scholarship benefit Rs.727 transfer ke liye ready hai. Ise paane ke liye apni bank passbook details submit karein.,No,No,No
spam,"Aapka Kotak Mahindra Bank personal loan Rs.8,284 ka pre-approved hai. Process karne ke liye apni bank account aur Aadhaar details share karein.",No,No,No
spam,"National Scholarship Portal Alert: Aap scheme ke tahat Rs.8,410 ke liye eligible hain. Claim karne ke liye apna Aadhaar aur bank account number share karein.",No,No,No
spam,"Hi, mujhe lagta hai maine kisi aur ko pay karte waqt aapko galti se Rs.784 bhej diya. Kripya nrziobu@ybl par wapas bhej dein, dhanyavad.",No,No,No
spam,"State Scholarship Scheme Alert: Aap scheme ke tahat Rs.89,242 ke liye eligible hain. Claim karne ke liye apna Aadhaar aur bank account number share karein.",No,No,No
spam,Aapka SBI personal loan Rs.993 ka pre-approved hai. Process karne ke liye apni bank account aur Aadhaar details share karein.,No,No,No
spam,"Hi, mujhe lagta hai maine kisi aur ko pay karte waqt aapko galti se Rs.3,075 bhej diya. Kripya lbivw96@okicici par wapas bhej dein, dhanyavad.",No,No,No
spam,"Badhai ho, PM Ujjwala Yojana ke tahat aapka application Rs.35,365 ke liye approve ho gaya hai. Disbursement ke liye apni bank details bhejein.",No,No,No
spam,"Sorry, maine galti se galat number par Rs.5,995 transfer kar diya, yeh aapka account lagta hai. Kripya wapas bhej dein zsvtikzn94@okicici par.",No,No,No
spam,Aapka Kotak Mahindra Bank personal loan Rs.935 ka pre-approved hai. Process karne ke liye apni bank account aur Aadhaar details share karein.,No,No,No
spam,"Sorry, maine galti se galat number par Rs.884 transfer kar diya, yeh aapka account lagta hai. Kripya wapas bhej dein rvikwsu@axl par.",No,No,No
spam,"Maine galti se aapke Amazon Pay par Rs.88,158 bhej diya, kripya isse is UPI ID par refund kar dein: uemebwuf78@ibl",No,No,No
spam,"Aapki insurance policy ka maturity amount Rs.3,514 ready hai. Payment paane ke liye apni bank passbook details bhejein.",No,No,No
spam,"Galti se Rs.26,509 mere account se aapke account mein transfer ho gaye hain, jald se jald kanvzb@paytm par refund kar dein.",No,No,No
spam,"Sorry, maine galti se galat number par Rs.937 transfer kar diya, yeh aapka account lagta hai. Kripya wapas bhej dein pnedkh@okhdfcbank par.",No,No,No
spam,"Sorry, maine galti se galat number par Rs.1,791 transfer kar diya, yeh aapka account lagta hai. Kripya wapas bhej dein avtkif@paytm par.",No,No,No
spam,"Aapki insurance policy ka maturity amount Rs.6,302 ready hai. Payment paane ke liye apni bank passbook details bhejein.",No,No,No
spam,"Maine galti se aapke Paytm par Rs.636 bhej diya, kripya isse is UPI ID par refund kar dein: mjmxv@oksbi",No,No,No
spam,"Hi, mujhe lagta hai maine kisi aur ko pay karte waqt aapko galti se Rs.791 bhej diya. Kripya vzqgmoop78@paytm par wapas bhej dein, dhanyavad.",No,No,No
spam,"Galti se Rs.30,687 mere account se aapke account mein transfer ho gaye hain, jald se jald smrjg91@okicici par refund kar dein.",No,No,No
spam,"Post Matric Scholarship Alert: Aap scheme ke tahat Rs.7,901 ke liye eligible hain. Claim karne ke liye apna Aadhaar aur bank account number share karein.",No,No,No
spam,"Aapki insurance policy ka maturity amount Rs.87,791 ready hai. Payment paane ke liye apni bank passbook details bhejein.",No,No,No
spam,PM Kisan Samman Nidhi: Aapka scholarship benefit Rs.949 transfer ke liye ready hai. Ise paane ke liye apni bank passbook details submit karein.,No,No,No
spam,"Badhai ho, PM Kisan Samman Nidhi ke tahat aapka application Rs.1,459 ke liye approve ho gaya hai. Disbursement ke liye apni bank details bhejein.",No,No,No
spam,"Galti se Rs.6,546 mere account se aapke account mein transfer ho gaye hain, jald se jald gvombgrc66@oksbi par refund kar dein.",No,No,No
spam,"Badhai ho, State Scholarship Scheme ke tahat aapka application Rs.67,934 ke liye approve ho gaya hai. Disbursement ke liye apni bank details bhejein.",No,No,No
spam,"Hi, mujhe lagta hai maine kisi aur ko pay karte waqt aapko galti se Rs.45,513 bhej diya. Kripya fhvxjg40@ibl par wapas bhej dein, dhanyavad.",No,No,No
spam,Aapka Canara Bank personal loan Rs.708 ka pre-approved hai. Process karne ke liye apni bank account aur Aadhaar details share karein.,No,No,No
spam,"Aapka Canara Bank personal loan Rs.6,674 ka pre-approved hai. Process karne ke liye apni bank account aur Aadhaar details share karein.",No,No,No
spam,"Badhai ho, Ayushman Bharat ke tahat aapka application Rs.66,633 ke liye approve ho gaya hai. Disbursement ke liye apni bank details bhejein.",No,No,No
spam,Aapka Punjab National Bank personal loan Rs.931 ka pre-approved hai. Process karne ke liye apni bank account aur Aadhaar details share karein.,No,No,No
spam,"Galti se Rs.994 mere account se aapke account mein transfer ho gaye hain, jald se jald msispio26@axl par refund kar dein.",No,No,No
spam,"Galti se Rs.74,433 mere account se aapke account mein transfer ho gaye hain, jald se jald lndbr18@oksbi par refund kar dein.",No,No,No
spam,"National Scholarship Portal Alert: Aap scheme ke tahat Rs.47,292 ke liye eligible hain. Claim karne ke liye apna Aadhaar aur bank account number share karein.",No,No,No
spam,"Sorry, maine galti se galat number par Rs.38,497 transfer kar diya, yeh aapka account lagta hai. Kripya wapas bhej dein xxhneu74@okhdfcbank par.",No,No,No
spam,Aapka Kotak Mahindra Bank personal loan Rs.842 ka pre-approved hai. Process karne ke liye apni bank account aur Aadhaar details share karein.,No,No,No
spam,"Galti se Rs.887 mere account se aapke account mein transfer ho gaye hain, jald se jald xtyxy@okicici par refund kar dein.",No,No,No
spam,"PM Kisan Samman Nidhi Alert: Aap scheme ke tahat Rs.2,415 ke liye eligible hain. Claim karne ke liye apna Aadhaar aur bank account number share karein.",No,No,No
spam,"Ayushman Bharat Alert: Aap scheme ke tahat Rs.41,941 ke liye eligible hain. Claim karne ke liye apna Aadhaar aur bank account number share karein.",No,No,No
spam,"Maine galti se aapke Google Pay par Rs.9,189 bhej diya, kripya isse is UPI ID par refund kar dein: nohlbmr@ibl",No,No,No
spam,"Badhai ho, State Scholarship Scheme ke tahat aapka application Rs.1,543 ke liye approve ho gaya hai. Disbursement ke liye apni bank details bhejein.",No,No,No
spam,"State Scholarship Scheme Alert: Aap scheme ke tahat Rs.81,921 ke liye eligible hain. Claim karne ke liye apna Aadhaar aur bank account number share karein.",No,No,No
spam,"Galti se Rs.995 mere account se aapke account mein transfer ho gaye hain, jald se jald zatrraw@paytm par refund kar dein.",No,No,No
spam,Aapka HDFC Bank personal loan Rs.876 ka pre-approved hai. Process karne ke liye apni bank account aur Aadhaar details share karein.,No,No,No
spam,LPG Subsidy Scheme Alert: Aap scheme ke tahat Rs.926 ke liye eligible hain. Claim karne ke liye apna Aadhaar aur bank account number share karein.,No,No,No
spam,"PM Ujjwala Yojana Alert: Aap scheme ke tahat Rs.2,573 ke liye eligible hain. Claim karne ke liye apna Aadhaar aur bank account number share karein.",No,No,No
spam,"Hi, mujhe lagta hai maine kisi aur ko pay karte waqt aapko galti se Rs.48,988 bhej diya. Kripya hmmlr94@okhdfcbank par wapas bhej dein, dhanyavad.",No,No,No
spam,"Badhai ho, PM Ujjwala Yojana ke tahat aapka application Rs.12,460 ke liye approve ho gaya hai. Disbursement ke liye apni bank details bhejein.",No,No,No
spam,Aapko Flipkart ke saath work-from-home job ke liye select kiya gaya hai. Rs.882 ka joining bonus paane ke liye apni bank details share karein.,No,No,No
spam,Aapka HDFC Bank personal loan Rs.755 ka pre-approved hai. Process karne ke liye apni bank account aur Aadhaar details share karein.,No,No,No
spam,"Hi, mujhe lagta hai maine kisi aur ko pay karte waqt aapko galti se Rs.700 bhej diya. Kripya vncswbn19@paytm par wapas bhej dein, dhanyavad.",No,No,No
spam,Aapki insurance policy ka maturity amount Rs.831 ready hai. Payment paane ke liye apni bank passbook details bhejein.,No,No,No
spam,"Aapki insurance policy ka maturity amount Rs.65,490 ready hai. Payment paane ke liye apni bank passbook details bhejein.",No,No,No
spam,Aapki insurance policy ka maturity amount Rs.788 ready hai. Payment paane ke liye apni bank passbook details bhejein.,No,No,No
spam,PM Ujjwala Yojana Alert: Aap scheme ke tahat Rs.899 ke liye eligible hain. Claim karne ke liye apna Aadhaar aur bank account number share karein.,No,No,No
spam,"Maine galti se aapke PhonePe par Rs.76,230 bhej diya, kripya isse is UPI ID par refund kar dein: ynevpgk13@ibl",No,No,No
spam,"Badhai ho, State Scholarship Scheme ke tahat aapka application Rs.7,612 ke liye approve ho gaya hai. Disbursement ke liye apni bank details bhejein.",No,No,No
spam,"Maine galti se aapke Paytm par Rs.41,693 bhej diya, kripya isse is UPI ID par refund kar dein: sfiqe@okicici",No,No,No
spam,"LPG Subsidy Scheme: Aapka scholarship benefit Rs.2,406 transfer ke liye ready hai. Ise paane ke liye apni bank passbook details submit karein.",No,No,No
spam,"Sorry, maine galti se galat number par Rs.952 transfer kar diya, yeh aapka account lagta hai. Kripya wapas bhej dein ryrco53@ibl par.",No,No,No
spam,"State Scholarship Scheme Alert: Aap scheme ke tahat Rs.5,282 ke liye eligible hain. Claim karne ke liye apna Aadhaar aur bank account number share karein.",No,No,No
spam,"Maine galti se aapke PhonePe par Rs.1,637 bhej diya, kripya isse is UPI ID par refund kar dein: prarx@ybl",No,No,No
spam,"Aapka Axis Bank personal loan Rs.5,032 ka pre-approved hai. Process karne ke liye apni bank account aur Aadhaar details share karein.",No,No,No
spam,"Aapka HDFC Bank personal loan Rs.26,133 ka pre-approved hai. Process karne ke liye apni bank account aur Aadhaar details share karein.",No,No,No
spam,"Badhai ho, Ayushman Bharat ke tahat aapka application Rs.624 ke liye approve ho gaya hai. Disbursement ke liye apni bank details bhejein.",No,No,No
spam,"Maine galti se aapke Amazon Pay par Rs.83,015 bhej diya, kripya isse is UPI ID par refund kar dein: laitnudc86@oksbi",No,No,No
spam,"PM Ujjwala Yojana Alert: Aap scheme ke tahat Rs.80,802 ke liye eligible hain. Claim karne ke liye apna Aadhaar aur bank account number share karein.",No,No,No
spam,"Aapki insurance policy ka maturity amount Rs.13,752 ready hai. Payment paane ke liye apni bank passbook details bhejein.",No,No,No
spam,"LPG Subsidy Scheme: Aapka scholarship benefit Rs.1,974 transfer ke liye ready hai. Ise paane ke liye apni bank passbook details submit karein.",No,No,No
spam,"Aapki insurance policy ka maturity amount Rs.91,539 ready hai. Payment paane ke liye apni bank passbook details bhejein.",No,No,No
spam,"Aapka Kotak Mahindra Bank personal loan Rs.7,795 ka pre-approved hai. Process karne ke liye apni bank account aur Aadhaar details share karein.",No,No,No
spam,"Galti se Rs.4,694 mere account se aapke account mein transfer ho gaye hain, jald se jald vvgfk@paytm par refund kar dein.",No,No,No
spam,"Maine galti se aapke Google Pay par Rs.63,426 bhej diya, kripya isse is UPI ID par refund kar dein: fuazr48@ybl",No,No,No
spam,"Aapka Bank of Baroda personal loan Rs.33,682 ka pre-approved hai. Process karne ke liye apni bank account aur Aadhaar details share karein.",No,No,No
spam,"Aapka ICICI Bank personal loan Rs.7,774 ka pre-approved hai. Process karne ke liye apni bank account aur Aadhaar details share karein.",No,No,No
spam,Aapka Kotak Mahindra Bank personal loan Rs.591 ka pre-approved hai. Process karne ke liye apni bank account aur Aadhaar details share karein.,No,No,No
spam,"Ayushman Bharat: Aapka scholarship benefit Rs.6,849 transfer ke liye ready hai. Ise paane ke liye apni bank passbook details submit karein.",No,No,No
spam,"PMAY Alert: Aap scheme ke tahat Rs.14,003 ke liye eligible hain. Claim karne ke liye apna Aadhaar aur bank account number share karein.",No,No,No
spam,"Sorry, maine galti se galat number par Rs.2,349 transfer kar diya, yeh aapka account lagta hai. Kripya wapas bhej dein gepyg69@oksbi par.",No,No,No
spam,"Badhai ho, PM Kisan Samman Nidhi ke tahat aapka application Rs.3,508 ke liye approve ho gaya hai. Disbursement ke liye apni bank details bhejein.",No,No,No
spam,"Aapko Wipro ke saath work-from-home job ke liye select kiya gaya hai. Rs.60,261 ka joining bonus paane ke liye apni bank details share karein.",No,No,No
spam,"Aapki insurance policy ka maturity amount Rs.6,060 ready hai. Payment paane ke liye apni bank passbook details bhejein.",No,No,No
spam,Aapki insurance policy ka maturity amount Rs.707 ready hai. Payment paane ke liye apni bank passbook details bhejein.,No,No,No
spam,"Badhai ho, Post Matric Scholarship ke tahat aapka application Rs.510 ke liye approve ho gaya hai. Disbursement ke liye apni bank details bhejein.",No,No,No
spam,"Sorry, maine galti se galat number par Rs.52,818 transfer kar diya, yeh aapka account lagta hai. Kripya wapas bhej dein pifgvfj35@paytm par.",No,No,No
spam,"Aapki insurance policy ka maturity amount Rs.88,342 ready hai. Payment paane ke liye apni bank passbook details bhejein.",No,No,No
spam,"Hi, mujhe lagta hai maine kisi aur ko pay karte waqt aapko galti se Rs.19,326 bhej diya. Kripya raxlsha75@axl par wapas bhej dein, dhanyavad.",No,No,No
spam,"Badhai ho, Ayushman Bharat ke tahat aapka application Rs.4,600 ke liye approve ho gaya hai. Disbursement ke liye apni bank details bhejein.",No,No,No
spam,"Aapko Wipro ke saath work-from-home job ke liye select kiya gaya hai. Rs.4,647 ka joining bonus paane ke liye apni bank details share karein.",No,No,No
spam,"Aapka SBI personal loan Rs.2,309 ka pre-approved hai. Process karne ke liye apni bank account aur Aadhaar details share karein.",No,No,No
spam,"Aapka Bank of Baroda personal loan Rs.8,293 ka pre-approved hai. Process karne ke liye apni bank account aur Aadhaar details share karein.",No,No,No
spam,"Badhai ho, National Scholarship Portal ke tahat aapka application Rs.525 ke liye approve ho gaya hai. Disbursement ke liye apni bank details bhejein.",No,No,No
spam,"LPG Subsidy Scheme: Aapka scholarship benefit Rs.8,333 transfer ke liye ready hai. Ise paane ke liye apni bank passbook details submit karein.",No,No,No
spam,Aapko Infosys ke saath work-from-home job ke liye select kiya gaya hai. Rs.973 ka joining bonus paane ke liye apni bank details share karein.,No,No,No
spam,"Hi, mujhe lagta hai maine kisi aur ko pay karte waqt aapko galti se Rs.5,019 bhej diya. Kripya yypqzpwv69@axl par wapas bhej dein, dhanyavad.",No,No,No
spam,Aapki insurance policy ka maturity amount Rs.581 ready hai. Payment paane ke liye apni bank passbook details bhejein.,No,No,No
spam,PMAY Alert: Aap scheme ke tahat Rs.984 ke liye eligible hain. Claim karne ke liye apna Aadhaar aur bank account number share karein.,No,No,No
spam,"Aapka Axis Bank personal loan Rs.83,456 ka pre-approved hai. Process karne ke liye apni bank account aur Aadhaar details share karein.",No,No,No
spam,"Badhai ho, Ayushman Bharat ke tahat aapka application Rs.82,048 ke liye approve ho gaya hai. Disbursement ke liye apni bank details bhejein.",No,No,No
spam,"Maine galti se aapke Paytm par Rs.1,648 bhej diya, kripya isse is UPI ID par refund kar dein: lbfownzm83@axl",No,No,No
spam,"Hi, mujhe lagta hai maine kisi aur ko pay karte waqt aapko galti se Rs.730 bhej diya. Kripya rxifn59@oksbi par wapas bhej dein, dhanyavad.",No,No,No
spam,"Galti se Rs.96,579 mere account se aapke account mein transfer ho gaye hain, jald se jald rhaxpy47@ibl par refund kar dein.",No,No,No
spam,Aapka SBI personal loan Rs.673 ka pre-approved hai. Process karne ke liye apni bank account aur Aadhaar details share karein.,No,No,No
spam,"Aapka Punjab National Bank personal loan Rs.39,776 ka pre-approved hai. Process karne ke liye apni bank account aur Aadhaar details share karein.",No,No,No
spam,"Aapka Canara Bank personal loan Rs.9,731 ka pre-approved hai. Process karne ke liye apni bank account aur Aadhaar details share karein.",No,No,No
spam,"Hi, mujhe lagta hai maine kisi aur ko pay karte waqt aapko galti se Rs.836 bhej diya. Kripya oiyynm@ibl par wapas bhej dein, dhanyavad.",No,No,No
spam,"LPG Subsidy Scheme Alert: Aap scheme ke tahat Rs.73,151 ke liye eligible hain. Claim karne ke liye apna Aadhaar aur bank account number share karein.",No,No,No
spam,"Galti se Rs.4,303 mere account se aapke account mein transfer ho gaye hain, jald se jald tnwrk@ibl par refund kar dein.",No,No,No
spam,"Galti se Rs.9,196 mere account se aapke account mein transfer ho gaye hain, jald se jald izwrso71@ybl par refund kar dein.",No,No,No
spam,"Maine galti se aapke Amazon Pay par Rs.76,188 bhej diya, kripya isse is UPI ID par refund kar dein: fqcewqxs@ibl",No,No,No
spam,Ayushman Bharat: Aapka scholarship benefit Rs.824 transfer ke liye ready hai. Ise paane ke liye apni bank passbook details submit karein.,No,No,No
spam,"Badhai ho, State Scholarship Scheme ke tahat aapka application Rs.649 ke liye approve ho gaya hai. Disbursement ke liye apni bank details bhejein.",No,No,No
spam,"Badhai ho, LPG Subsidy Scheme ke tahat aapka application Rs.6,501 ke liye approve ho gaya hai. Disbursement ke liye apni bank details bhejein.",No,No,No
spam,"Sorry, maine galti se galat number par Rs.633 transfer kar diya, yeh aapka account lagta hai. Kripya wapas bhej dein syvwa40@ibl par.",No,No,No
spam,"Galti se Rs.9,130 mere account se aapke account mein transfer ho gaye hain, jald se jald lsznxpl31@ibl par refund kar dein.",No,No,No
spam,"Galti se Rs.3,841 mere account se aapke account mein transfer ho gaye hain, jald se jald qrjdi91@okicici par refund kar dein.",No,No,No
spam,"Ayushman Bharat: Aapka scholarship benefit Rs.2,598 transfer ke liye ready hai. Ise paane ke liye apni bank passbook details submit karein.",No,No,No
spam,Ayushman Bharat: Aapka scholarship benefit Rs.696 transfer ke liye ready hai. Ise paane ke liye apni bank passbook details submit karein.,No,No,No
spam,"Galti se Rs.9,478 mere account se aapke account mein transfer ho gaye hain, jald se jald rrzgjk@paytm par refund kar dein.",No,No,No
spam,"Aapki insurance policy ka maturity amount Rs.37,518 ready hai. Payment paane ke liye apni bank passbook details bhejein.",No,No,No
spam,"Maine galti se aapke Google Pay par Rs.843 bhej diya, kripya isse is UPI ID par refund kar dein: lqjrk86@axl",No,No,No
spam,"PM Kisan Samman Nidhi Alert: Aap scheme ke tahat Rs.32,822 ke liye eligible hain. Claim karne ke liye apna Aadhaar aur bank account number share karein.",No,No,No
spam,"PM Ujjwala Yojana: Aapka scholarship benefit Rs.34,870 transfer ke liye ready hai. Ise paane ke liye apni bank passbook details submit karein.",No,No,No
spam,"Aapko Reliance ke saath work-from-home job ke liye select kiya gaya hai. Rs.22,606 ka joining bonus paane ke liye apni bank details share karein.",No,No,No
spam,Aapka Punjab National Bank personal loan Rs.729 ka pre-approved hai. Process karne ke liye apni bank account aur Aadhaar details share karein.,No,No,No
spam,"Aapko TCS ke saath work-from-home job ke liye select kiya gaya hai. Rs.31,531 ka joining bonus paane ke liye apni bank details share karein.",No,No,No
spam,"Badhai ho, Post Matric Scholarship ke tahat aapka application Rs.1,343 ke liye approve ho gaya hai. Disbursement ke liye apni bank details bhejein.",No,No,No
spam,"LPG Subsidy Scheme: Aapka scholarship benefit Rs.2,041 transfer ke liye ready hai. Ise paane ke liye apni bank passbook details submit karein.",No,No,No
spam,"Sorry, maine galti se galat number par Rs.34,420 transfer kar diya, yeh aapka account lagta hai. Kripya wapas bhej dein fvloadl70@ybl par.",No,No,No
spam,"Maine galti se aapke PhonePe par Rs.660 bhej diya, kripya isse is UPI ID par refund kar dein: epyraftp@okicici",No,No,No
spam,State Scholarship Scheme Alert: Aap scheme ke tahat Rs.871 ke liye eligible hain. Claim karne ke liye apna Aadhaar aur bank account number share karein.,No,No,No
spam,"Badhai ho, PM Kisan Samman Nidhi ke tahat aapka application Rs.2,477 ke liye approve ho gaya hai. Disbursement ke liye apni bank details bhejein.",No,No,No
spam,"Badhai ho, National Scholarship Portal ke tahat aapka application Rs.3,566 ke liye approve ho gaya hai. Disbursement ke liye apni bank details bhejein.",No,No,No
spam,"Maine galti se aapke Amazon Pay par Rs.701 bhej diya, kripya isse is UPI ID par refund kar dein: bcunspg@paytm",No,No,No
spam,Aapka HDFC Bank personal loan Rs.645 ka pre-approved hai. Process karne ke liye apni bank account aur Aadhaar details share karein.,No,No,No
spam,"Aapko Infosys ke saath work-from-home job ke liye select kiya gaya hai. Rs.77,389 ka joining bonus paane ke liye apni bank details share karein.",No,No,No
spam,PM Kisan Samman Nidhi: Aapka scholarship benefit Rs.721 transfer ke liye ready hai. Ise paane ke liye apni bank passbook details submit karein.,No,No,No
spam,Aapka Punjab National Bank personal loan Rs.891 ka pre-approved hai. Process karne ke liye apni bank account aur Aadhaar details share karein.,No,No,No
spam,Aapko Amazon ke saath work-from-home job ke liye select kiya gaya hai. Rs.798 ka joining bonus paane ke liye apni bank details share karein.,No,No,No
spam,"Aapki insurance policy ka maturity amount Rs.4,507 ready hai. Payment paane ke liye apni bank passbook details bhejein.",No,No,No
spam,"Galti se Rs.656 mere account se aapke account mein transfer ho gaye hain, jald se jald kgrvm@paytm par refund kar dein.",No,No,No
spam,"Sorry, maine galti se galat number par Rs.56,028 transfer kar diya, yeh aapka account lagta hai. Kripya wapas bhej dein lndigv@paytm par.",No,No,No
spam,"PMAY: Aapka scholarship benefit Rs.9,985 transfer ke liye ready hai. Ise paane ke liye apni bank passbook details submit karein.",No,No,No
spam,"Badhai ho, State Scholarship Scheme ke tahat aapka application Rs.58,798 ke liye approve ho gaya hai. Disbursement ke liye apni bank details bhejein.",No,No,No
spam,"Ayushman Bharat: Aapka scholarship benefit Rs.6,161 transfer ke liye ready hai. Ise paane ke liye apni bank passbook details submit karein.",No,No,No
spam,"Hi, mujhe lagta hai maine kisi aur ko pay karte waqt aapko galti se Rs.3,008 bhej diya. Kripya isozgfgr16@okhdfcbank par wapas bhej dein, dhanyavad.",No,No,No
spam,"Hi, mujhe lagta hai maine kisi aur ko pay karte waqt aapko galti se Rs.7,688 bhej diya. Kripya lpzior@oksbi par wapas bhej dein, dhanyavad.",No,No,No
spam,"Galti se Rs.997 mere account se aapke account mein transfer ho gaye hain, jald se jald zhnphpyh@okhdfcbank par refund kar dein.",No,No,No
spam,State Scholarship Scheme Alert: Aap scheme ke tahat Rs.784 ke liye eligible hain. Claim karne ke liye apna Aadhaar aur bank account number share karein.,No,No,No
spam,"Ayushman Bharat Alert: Aap scheme ke tahat Rs.2,187 ke liye eligible hain. Claim karne ke liye apna Aadhaar aur bank account number share karein.",No,No,No
spam,"Aapko Flipkart ke saath work-from-home job ke liye select kiya gaya hai. Rs.6,559 ka joining bonus paane ke liye apni bank details share karein.",No,No,No
spam,"Galti se Rs.7,353 mere account se aapke account mein transfer ho gaye hain, jald se jald zbrit@okhdfcbank par refund kar dein.",No,No,No
spam,"Maine galti se aapke Google Pay par Rs.62,863 bhej diya, kripya isse is UPI ID par refund kar dein: nsfmmhvi19@okicici",No,No,No
spam,"Galti se Rs.851 mere account se aapke account mein transfer ho gaye hain, jald se jald uzkaj@paytm par refund kar dein.",No,No,No
spam,"Post Matric Scholarship: Aapka scholarship benefit Rs.66,618 transfer ke liye ready hai. Ise paane ke liye apni bank passbook details submit karein.",No,No,No
spam,"Badhai ho, National Scholarship Portal ke tahat aapka application Rs.26,616 ke liye approve ho gaya hai. Disbursement ke liye apni bank details bhejein.",No,No,No
spam,"Ayushman Bharat Alert: Aap scheme ke tahat Rs.21,460 ke liye eligible hain. Claim karne ke liye apna Aadhaar aur bank account number share karein.",No,No,No
spam,"Aapko Wipro ke saath work-from-home job ke liye select kiya gaya hai. Rs.7,128 ka joining bonus paane ke liye apni bank details share karein.",No,No,No
spam,"National Scholarship Portal Alert: Aap scheme ke tahat Rs.50,997 ke liye eligible hain. Claim karne ke liye apna Aadhaar aur bank account number share karein.",No,No,No
spam,"Galti se Rs.92,328 mere account se aapke account mein transfer ho gaye hain, jald se jald twldc@axl par refund kar dein.",No,No,No
spam,"Galti se Rs.932 mere account se aapke account mein transfer ho gaye hain, jald se jald lkocfte27@okicici par refund kar dein.",No,No,No
spam,"Badhai ho, LPG Subsidy Scheme ke tahat aapka application Rs.59,822 ke liye approve ho gaya hai. Disbursement ke liye apni bank details bhejein.",No,No,No
spam,"Maine galti se aapke Paytm par Rs.2,414 bhej diya, kripya isse is UPI ID par refund kar dein: rbcemncv@oksbi",No,No,No
spam,"Aapki insurance policy ka maturity amount Rs.71,680 ready hai. Payment paane ke liye apni bank passbook details bhejein.",No,No,No
spam,"Sorry, maine galti se galat number par Rs.84,027 transfer kar diya, yeh aapka account lagta hai. Kripya wapas bhej dein xopnucpa@ibl par.",No,No,No
spam,"Maine galti se aapke Paytm par Rs.953 bhej diya, kripya isse is UPI ID par refund kar dein: azgbvf20@oksbi",No,No,No
spam,Aapki insurance policy ka maturity amount Rs.921 ready hai. Payment paane ke liye apni bank passbook details bhejein.,No,No,No
spam,"Badhai ho, PMAY ke tahat aapka application Rs.978 ke liye approve ho gaya hai. Disbursement ke liye apni bank details bhejein.",No,No,No
spam,"Galti se Rs.646 mere account se aapke account mein transfer ho gaye hain, jald se jald idcijh@oksbi par refund kar dein.",No,No,No
spam,PM Kisan Samman Nidhi Alert: Aap scheme ke tahat Rs.730 ke liye eligible hain. Claim karne ke liye apna Aadhaar aur bank account number share karein.,No,No,No
spam,"Maine galti se aapke Google Pay par Rs.97,463 bhej diya, kripya isse is UPI ID par refund kar dein: msyhkfl@okhdfcbank",No,No,No
spam,"Badhai ho, National Scholarship Portal ke tahat aapka application Rs.7,167 ke liye approve ho gaya hai. Disbursement ke liye apni bank details bhejein.",No,No,No
spam,"Galti se Rs.26,081 mere account se aapke account mein transfer ho gaye hain, jald se jald cwmdhvp@axl par refund kar dein.",No,No,No
spam,"Aapko HCL ke saath work-from-home job ke liye select kiya gaya hai. Rs.1,290 ka joining bonus paane ke liye apni bank details share karein.",No,No,No
spam,National Scholarship Portal Alert: Aap scheme ke tahat Rs.512 ke liye eligible hain. Claim karne ke liye apna Aadhaar aur bank account number share karein.,No,No,No
spam,State Scholarship Scheme: Aapka scholarship benefit Rs.500 transfer ke liye ready hai. Ise paane ke liye apni bank passbook details submit karein.,No,No,No
spam,Aapko TCS ke saath work-from-home job ke liye select kiya gaya hai. Rs.980 ka joining bonus paane ke liye apni bank details share karein.,No,No,No
spam,"Galti se Rs.501 mere account se aapke account mein transfer ho gaye hain, jald se jald jgrnzrr14@okicici par refund kar dein.",No,No,No
spam,"Sorry, maine galti se galat number par Rs.2,779 transfer kar diya, yeh aapka account lagta hai. Kripya wapas bhej dein oyfhykr@oksbi par.",No,No,No
spam,"LPG Subsidy Scheme: Aapka scholarship benefit Rs.6,653 transfer ke liye ready hai. Ise paane ke liye apni bank passbook details submit karein.",No,No,No
spam,"Sorry, maine galti se galat number par Rs.903 transfer kar diya, yeh aapka account lagta hai. Kripya wapas bhej dein amfer@oksbi par.",No,No,No
spam,Post Matric Scholarship: Aapka scholarship benefit Rs.884 transfer ke liye ready hai. Ise paane ke liye apni bank passbook details submit karein.,No,No,No
spam,"Galti se Rs.44,826 mere account se aapke account mein transfer ho gaye hain, jald se jald ddfqie@paytm par refund kar dein.",No,No,No
spam,"Maine galti se aapke Google Pay par Rs.83,068 bhej diya, kripya isse is UPI ID par refund kar dein: ejmodc94@okicici",No,No,No
spam,"Hi, mujhe lagta hai maine kisi aur ko pay karte waqt aapko galti se Rs.2,336 bhej diya. Kripya vquwd@ibl par wapas bhej dein, dhanyavad.",No,No,No
spam,"Maine galti se aapke PhonePe par Rs.627 bhej diya, kripya isse is UPI ID par refund kar dein: gysnm92@axl",No,No,No
spam,"Post Matric Scholarship Alert: Aap scheme ke tahat Rs.33,985 ke liye eligible hain. Claim karne ke liye apna Aadhaar aur bank account number share karein.",No,No,No
spam,"PM Ujjwala Yojana: Aapka scholarship benefit Rs.4,959 transfer ke liye ready hai. Ise paane ke liye apni bank passbook details submit karein.",No,No,No
spam,PM Ujjwala Yojana: Aapka scholarship benefit Rs.576 transfer ke liye ready hai. Ise paane ke liye apni bank passbook details submit karein.,No,No,No
spam,"Aapki insurance policy ka maturity amount Rs.1,793 ready hai. Payment paane ke liye apni bank passbook details bhejein.",No,No,No
spam,"Galti se Rs.7,711 mere account se aapke account mein transfer ho gaye hain, jald se jald mwuanly@oksbi par refund kar dein.",No,No,No
spam,"Maine galti se aapke PhonePe par Rs.18,534 bhej diya, kripya isse is UPI ID par refund kar dein: sujty33@ybl",No,No,No
spam,"LPG Subsidy Scheme Alert: Aap scheme ke tahat Rs.16,027 ke liye eligible hain. Claim karne ke liye apna Aadhaar aur bank account number share karein.",No,No,No
spam,"Galti se Rs.42,167 mere account se aapke account mein transfer ho gaye hain, jald se jald biphgmad@okicici par refund kar dein.",No,No,No
spam,"Aapko TCS ke saath work-from-home job ke liye select kiya gaya hai. Rs.24,053 ka joining bonus paane ke liye apni bank details share karein.",No,No,No
spam,"Badhai ho, Post Matric Scholarship ke tahat aapka application Rs.854 ke liye approve ho gaya hai. Disbursement ke liye apni bank details bhejein.",No,No,No
spam,"Aapko TCS ke saath work-from-home job ke liye select kiya gaya hai. Rs.5,225 ka joining bonus paane ke liye apni bank details share karein.",No,No,No
spam,Aapko Infosys ke saath work-from-home job ke liye select kiya gaya hai. Rs.909 ka joining bonus paane ke liye apni bank details share karein.,No,No,No
spam,PM Ujjwala Yojana Alert: Aap scheme ke tahat Rs.692 ke liye eligible hain. Claim karne ke liye apna Aadhaar aur bank account number share karein.,No,No,No
spam,"State Scholarship Scheme: Aapka scholarship benefit Rs.23,290 transfer ke liye ready hai. Ise paane ke liye apni bank passbook details submit karein.",No,No,No
spam,PM Kisan Samman Nidhi Alert: Aap scheme ke tahat Rs.744 ke liye eligible hain. Claim karne ke liye apna Aadhaar aur bank account number share karein.,No,No,No
spam,Aapki insurance policy ka maturity amount Rs.758 ready hai. Payment paane ke liye apni bank passbook details bhejein.,No,No,No
spam,"Sorry, maine galti se galat number par Rs.854 transfer kar diya, yeh aapka account lagta hai. Kripya wapas bhej dein gsfbb@ibl par.",No,No,No
spam,"Aapka Axis Bank personal loan Rs.96,803 ka pre-approved hai. Process karne ke liye apni bank account aur Aadhaar details share karein.",No,No,No
spam,"Galti se Rs.96,522 mere account se aapke account mein transfer ho gaye hain, jald se jald vxedbi@ybl par refund kar dein.",No,No,No
spam,"Sorry, maine galti se galat number par Rs.49,408 transfer kar diya, yeh aapka account lagta hai. Kripya wapas bhej dein xrmjo@axl par.",No,No,No
spam,"PM Ujjwala Yojana Alert: Aap scheme ke tahat Rs.5,238 ke liye eligible hain. Claim karne ke liye apna Aadhaar aur bank account number share karein.",No,No,No
spam,"Aapko TCS ke saath work-from-home job ke liye select kiya gaya hai. Rs.10,284 ka joining bonus paane ke liye apni bank details share karein.",No,No,No
spam,"Aapki insurance policy ka maturity amount Rs.1,345 ready hai. Payment paane ke liye apni bank passbook details bhejein.",No,No,No
spam,Aapka HDFC Bank personal loan Rs.987 ka pre-approved hai. Process karne ke liye apni bank account aur Aadhaar details share karein.,No,No,No
spam,"Sorry, maine galti se galat number par Rs.1,762 transfer kar diya, yeh aapka account lagta hai. Kripya wapas bhej dein ojzmj32@axl par.",No,No,No
spam,"Maine galti se aapke Paytm par Rs.8,626 bhej diya, kripya isse is UPI ID par refund kar dein: ewjkjr@okicici",No,No,No
spam,"Galti se Rs.40,669 mere account se aapke account mein transfer ho gaye hain, jald se jald ehnmp31@ybl par refund kar dein.",No,No,No
spam,"Post Matric Scholarship: Aapka scholarship benefit Rs.4,864 transfer ke liye ready hai. Ise paane ke liye apni bank passbook details submit karein.",No,No,No
spam,"Maine galti se aapke Google Pay par Rs.8,076 bhej diya, kripya isse is UPI ID par refund kar dein: npvbur32@ibl",No,No,No
spam,Aapko Wipro ke saath work-from-home job ke liye select kiya gaya hai. Rs.794 ka joining bonus paane ke liye apni bank details share karein.,No,No,No
spam,"Aapka HDFC Bank personal loan Rs.3,126 ka pre-approved hai. Process karne ke liye apni bank account aur Aadhaar details share karein.",No,No,No
spam,"Aapka HDFC Bank personal loan Rs.47,130 ka pre-approved hai. Process karne ke liye apni bank account aur Aadhaar details share karein.",No,No,No
spam,"Aapki insurance policy ka maturity amount Rs.31,239 ready hai. Payment paane ke liye apni bank passbook details bhejein.",No,No,No
spam,"Maine galti se aapke Amazon Pay par Rs.69,987 bhej diya, kripya isse is UPI ID par refund kar dein: qrbtp@axl",No,No,No
spam,"LPG Subsidy Scheme: Aapka scholarship benefit Rs.65,750 transfer ke liye ready hai. Ise paane ke liye apni bank passbook details submit karein.",No,No,No
spam,Aapki insurance policy ka maturity amount Rs.857 ready hai. Payment paane ke liye apni bank passbook details bhejein.,No,No,No
spam,"Maine galti se aapke Paytm par Rs.51,439 bhej diya, kripya isse is UPI ID par refund kar dein: yvifzk47@ybl",No,No,No
spam,"Galti se Rs.45,124 mere account se aapke account mein transfer ho gaye hain, jald se jald tjaurzqh@okhdfcbank par refund kar dein.",No,No,No
spam,"Sorry, maine galti se galat number par Rs.4,667 transfer kar diya, yeh aapka account lagta hai. Kripya wapas bhej dein uwzagykn70@oksbi par.",No,No,No
spam,"Aapka HDFC Bank personal loan Rs.83,138 ka pre-approved hai. Process karne ke liye apni bank account aur Aadhaar details share karein.",No,No,No
spam,"Hi, mujhe lagta hai maine kisi aur ko pay karte waqt aapko galti se Rs.569 bhej diya. Kripya huktpc@okicici par wapas bhej dein, dhanyavad.",No,No,No
spam,"Post Matric Scholarship Alert: Aap scheme ke tahat Rs.44,480 ke liye eligible hain. Claim karne ke liye apna Aadhaar aur bank account number share karein.",No,No,No
spam,"Galti se Rs.2,253 mere account se aapke account mein transfer ho gaye hain, jald se jald nrhuhxqk82@oksbi par refund kar dein.",No,No,No
spam,"Aapka ICICI Bank personal loan Rs.81,312 ka pre-approved hai. Process karne ke liye apni bank account aur Aadhaar details share karein.",No,No,No
spam,"State Scholarship Scheme: Aapka scholarship benefit Rs.7,670 transfer ke liye ready hai. Ise paane ke liye apni bank passbook details submit karein.",No,No,No
spam,"Maine galti se aapke Paytm par Rs.1,410 bhej diya, kripya isse is UPI ID par refund kar dein: jzolmhe45@axl",No,No,No
spam,"Sorry, maine galti se galat number par Rs.4,954 transfer kar diya, yeh aapka account lagta hai. Kripya wapas bhej dein olbws76@axl par.",No,No,No
spam,"Aapko Amazon ke saath work-from-home job ke liye select kiya gaya hai. Rs.4,790 ka joining bonus paane ke liye apni bank details share karein.",No,No,No
spam,"Hi, mujhe lagta hai maine kisi aur ko pay karte waqt aapko galti se Rs.27,322 bhej diya. Kripya edhhhncd@oksbi par wapas bhej dein, dhanyavad.",No,No,No
spam,LPG Subsidy Scheme: Aapka scholarship benefit Rs.672 transfer ke liye ready hai. Ise paane ke liye apni bank passbook details submit karein.,No,No,No
spam,"Sorry, maine galti se galat number par Rs.635 transfer kar diya, yeh aapka account lagta hai. Kripya wapas bhej dein xetvoln@paytm par.",No,No,No
spam,"Hi, mujhe lagta hai maine kisi aur ko pay karte waqt aapko galti se Rs.576 bhej diya. Kripya pmxffavj@okhdfcbank par wapas bhej dein, dhanyavad.",No,No,No
spam,Aapka Axis Bank personal loan Rs.613 ka pre-approved hai. Process karne ke liye apni bank account aur Aadhaar details share karein.,No,No,No
spam,"Badhai ho, State Scholarship Scheme ke tahat aapka application Rs.5,864 ke liye approve ho gaya hai. Disbursement ke liye apni bank details bhejein.",No,No,No
spam,"National Scholarship Portal: Aapka scholarship benefit Rs.30,919 transfer ke liye ready hai. Ise paane ke liye apni bank passbook details submit karein.",No,No,No
spam,"Hi, mujhe lagta hai maine kisi aur ko pay karte waqt aapko galti se Rs.40,672 bhej diya. Kripya wyeizp@axl par wapas bhej dein, dhanyavad.",No,No,No
spam,"Galti se Rs.652 mere account se aapke account mein transfer ho gaye hain, jald se jald yezyi90@axl par refund kar dein.",No,No,No
spam,"Maine galti se aapke PhonePe par Rs.1,509 bhej diya, kripya isse is UPI ID par refund kar dein: ewbttwr@oksbi",No,No,No
spam,"Badhai ho, PM Kisan Samman Nidhi ke tahat aapka application Rs.862 ke liye approve ho gaya hai. Disbursement ke liye apni bank details bhejein.",No,No,No
spam,"Badhai ho, PM Ujjwala Yojana ke tahat aapka application Rs.28,405 ke liye approve ho gaya hai. Disbursement ke liye apni bank details bhejein.",No,No,No
spam,"Sorry, maine galti se galat number par Rs.9,678 transfer kar diya, yeh aapka account lagta hai. Kripya wapas bhej dein jnpsoadc61@okhdfcbank par.",No,No,No
spam,Post Matric Scholarship: Aapka scholarship benefit Rs.678 transfer ke liye ready hai. Ise paane ke liye apni bank passbook details submit karein.,No,No,No
spam,LPG Subsidy Scheme Alert: Aap scheme ke tahat Rs.911 ke liye eligible hain. Claim karne ke liye apna Aadhaar aur bank account number share karein.,No,No,No
spam,"Aapki insurance policy ka maturity amount Rs.9,567 ready hai. Payment paane ke liye apni bank passbook details bhejein.",No,No,No
spam,"Aapko Wipro ke saath work-from-home job ke liye select kiya gaya hai. Rs.8,299 ka joining bonus paane ke liye apni bank details share karein.",No,No,No
spam,PM Ujjwala Yojana Alert: Aap scheme ke tahat Rs.998 ke liye eligible hain. Claim karne ke liye apna Aadhaar aur bank account number share karein.,No,No,No
spam,"Ayushman Bharat Alert: Aap scheme ke tahat Rs.99,113 ke liye eligible hain. Claim karne ke liye apna Aadhaar aur bank account number share karein.",No,No,No
spam,"Hi, mujhe lagta hai maine kisi aur ko pay karte waqt aapko galti se Rs.5,869 bhej diya. Kripya rtkuoe@okicici par wapas bhej dein, dhanyavad.",No,No,No
spam,"Galti se Rs.9,455 mere account se aapke account mein transfer ho gaye hain, jald se jald vbvyxel51@oksbi par refund kar dein.",No,No,No
spam,"Aapki insurance policy ka maturity amount Rs.6,390 ready hai. Payment paane ke liye apni bank passbook details bhejein.",No,No,No
spam,"Sorry, maine galti se galat number par Rs.38,481 transfer kar diya, yeh aapka account lagta hai. Kripya wapas bhej dein sklomu52@ybl par.",No,No,No
spam,"Maine galti se aapke Amazon Pay par Rs.10,091 bhej diya, kripya isse is UPI ID par refund kar dein: kqxvr96@ibl",No,No,No
spam,"National Scholarship Portal: Aapka scholarship benefit Rs.4,804 transfer ke liye ready hai. Ise paane ke liye apni bank passbook details submit karein.",No,No,No
spam,Aapka Axis Bank personal loan Rs.954 ka pre-approved hai. Process karne ke liye apni bank account aur Aadhaar details share karein.,No,No,No
spam,"Sorry, maine galti se galat number par Rs.45,733 transfer kar diya, yeh aapka account lagta hai. Kripya wapas bhej dein zfalqce@ibl par.",No,No,No
spam,"Maine galti se aapke Google Pay par Rs.26,700 bhej diya, kripya isse is UPI ID par refund kar dein: rbvtcwa92@okicici",No,No,No
spam,"Sorry, maine galti se galat number par Rs.7,924 transfer kar diya, yeh aapka account lagta hai. Kripya wapas bhej dein ctbzitu94@axl par.",No,No,No
spam,Aapko Wipro ke saath work-from-home job ke liye select kiya gaya hai. Rs.527 ka joining bonus paane ke liye apni bank details share karein.,No,No,No
spam,"Aapka Canara Bank personal loan Rs.21,403 ka pre-approved hai. Process karne ke liye apni bank account aur Aadhaar details share karein.",No,No,No
spam,Post Matric Scholarship Alert: Aap scheme ke tahat Rs.568 ke liye eligible hain. Claim karne ke liye apna Aadhaar aur bank account number share karein.,No,No,No
spam,"PM Ujjwala Yojana Alert: Aap scheme ke tahat Rs.5,880 ke liye eligible hain. Claim karne ke liye apna Aadhaar aur bank account number share karein.",No,No,No
spam,"Aapka Canara Bank personal loan Rs.4,809 ka pre-approved hai. Process karne ke liye apni bank account aur Aadhaar details share karein.",No,No,No
spam,Aapka Canara Bank personal loan Rs.823 ka pre-approved hai. Process karne ke liye apni bank account aur Aadhaar details share karein.,No,No,No
spam,"Aapko Reliance ke saath work-from-home job ke liye select kiya gaya hai. Rs.2,611 ka joining bonus paane ke liye apni bank details share karein.",No,No,No
spam,"Aapka Kotak Mahindra Bank personal loan Rs.5,929 ka pre-approved hai. Process karne ke liye apni bank account aur Aadhaar details share karein.",No,No,No
spam,"Galti se Rs.906 mere account se aapke account mein transfer ho gaye hain, jald se jald xqoowwam96@axl par refund kar dein.",No,No,No
spam,"Aapka ICICI Bank personal loan Rs.84,734 ka pre-approved hai. Process karne ke liye apni bank account aur Aadhaar details share karein.",No,No,No
spam,"Maine galti se aapke Amazon Pay par Rs.805 bhej diya, kripya isse is UPI ID par refund kar dein: uahzyq30@okicici",No,No,No
spam,"Hi, mujhe lagta hai maine kisi aur ko pay karte waqt aapko galti se Rs.3,710 bhej diya. Kripya lbrnl@okicici par wapas bhej dein, dhanyavad.",No,No,No
spam,"Sorry, maine galti se galat number par Rs.90,586 transfer kar diya, yeh aapka account lagta hai. Kripya wapas bhej dein kcqtx72@okhdfcbank par.",No,No,No
spam,"Sorry, maine galti se galat number par Rs.687 transfer kar diya, yeh aapka account lagta hai. Kripya wapas bhej dein wopio@paytm par.",No,No,No
spam,Aapka Canara Bank personal loan Rs.612 ka pre-approved hai. Process karne ke liye apni bank account aur Aadhaar details share karein.,No,No,No
spam,"Sorry, maine galti se galat number par Rs.902 transfer kar diya, yeh aapka account lagta hai. Kripya wapas bhej dein vfannidu@ybl par.",No,No,No
spam,"LPG Subsidy Scheme: Aapka scholarship benefit Rs.35,320 transfer ke liye ready hai. Ise paane ke liye apni bank passbook details submit karein.",No,No,No
spam,"Aapki insurance policy ka maturity amount Rs.4,749 ready hai. Payment paane ke liye apni bank passbook details bhejein.",No,No,No
spam,"Aapko TCS ke saath work-from-home job ke liye select kiya gaya hai. Rs.6,816 ka joining bonus paane ke liye apni bank details share karein.",No,No,No
spam,"Post Matric Scholarship Alert: Aap scheme ke tahat Rs.4,153 ke liye eligible hain. Claim karne ke liye apna Aadhaar aur bank account number share karein.",No,No,No
spam,"Aapka Bank of Baroda personal loan Rs.24,811 ka pre-approved hai. Process karne ke liye apni bank account aur Aadhaar details share karein.",No,No,No
spam,"Aapki insurance policy ka maturity amount Rs.1,039 ready hai. Payment paane ke liye apni bank passbook details bhejein.",No,No,No
spam,"Hi, mujhe lagta hai maine kisi aur ko pay karte waqt aapko galti se Rs.961 bhej diya. Kripya abkwrxj19@paytm par wapas bhej dein, dhanyavad.",No,No,No
spam,Ayushman Bharat: Aapka scholarship benefit Rs.621 transfer ke liye ready hai. Ise paane ke liye apni bank passbook details submit karein.,No,No,No
spam,"Sorry, maine galti se galat number par Rs.7,867 transfer kar diya, yeh aapka account lagta hai. Kripya wapas bhej dein uravhok@oksbi par.",No,No,No
spam,"Maine galti se aapke Paytm par Rs.98,454 bhej diya, kripya isse is UPI ID par refund kar dein: jbvxfn@axl",No,No,No
spam,"Sorry, maine galti se galat number par Rs.8,526 transfer kar diya, yeh aapka account lagta hai. Kripya wapas bhej dein bwfsskp@ibl par.",No,No,No
spam,"Badhai ho, Post Matric Scholarship ke tahat aapka application Rs.20,965 ke liye approve ho gaya hai. Disbursement ke liye apni bank details bhejein.",No,No,No
spam,"Aapko Reliance ke saath work-from-home job ke liye select kiya gaya hai. Rs.2,418 ka joining bonus paane ke liye apni bank details share karein.",No,No,No
spam,Post Matric Scholarship: Aapka scholarship benefit Rs.567 transfer ke liye ready hai. Ise paane ke liye apni bank passbook details submit karein.,No,No,No
spam,Post Matric Scholarship: Aapka scholarship benefit Rs.827 transfer ke liye ready hai. Ise paane ke liye apni bank passbook details submit karein.,No,No,No
spam,"Sorry, maine galti se galat number par Rs.53,631 transfer kar diya, yeh aapka account lagta hai. Kripya wapas bhej dein bsynsj@ybl par.",No,No,No
spam,"State Scholarship Scheme: Aapka scholarship benefit Rs.3,430 transfer ke liye ready hai. Ise paane ke liye apni bank passbook details submit karein.",No,No,No
spam,"National Scholarship Portal: Aapka scholarship benefit Rs.7,218 transfer ke liye ready hai. Ise paane ke liye apni bank passbook details submit karein.",No,No,No
spam,Aapka Canara Bank personal loan Rs.787 ka pre-approved hai. Process karne ke liye apni bank account aur Aadhaar details share karein.,No,No,No
spam,"Badhai ho, PM Ujjwala Yojana ke tahat aapka application Rs.62,959 ke liye approve ho gaya hai. Disbursement ke liye apni bank details bhejein.",No,No,No
spam,"Badhai ho, National Scholarship Portal ke tahat aapka application Rs.7,514 ke liye approve ho gaya hai. Disbursement ke liye apni bank details bhejein.",No,No,No
spam,Aapki insurance policy ka maturity amount Rs.932 ready hai. Payment paane ke liye apni bank passbook details bhejein.,No,No,No
spam,"Maine galti se aapke Google Pay par Rs.3,428 bhej diya, kripya isse is UPI ID par refund kar dein: ecsinh@axl",No,No,No
spam,Aapki insurance policy ka maturity amount Rs.783 ready hai. Payment paane ke liye apni bank passbook details bhejein.,No,No,No
spam,"Maine galti se aapke Google Pay par Rs.80,896 bhej diya, kripya isse is UPI ID par refund kar dein: xebsue58@okicici",No,No,No
spam,"Aapki insurance policy ka maturity amount Rs.89,780 ready hai. Payment paane ke liye apni bank passbook details bhejein.",No,No,No
spam,"Aapko Amazon ke saath work-from-home job ke liye select kiya gaya hai. Rs.45,640 ka joining bonus paane ke liye apni bank details share karein.",No,No,No
spam,"Aapka Punjab National Bank personal loan Rs.8,205 ka pre-approved hai. Process karne ke liye apni bank account aur Aadhaar details share karein.",No,No,No
spam,"Badhai ho, PM Ujjwala Yojana ke tahat aapka application Rs.7,781 ke liye approve ho gaya hai. Disbursement ke liye apni bank details bhejein.",No,No,No
spam,"Sorry, maine galti se galat number par Rs.8,535 transfer kar diya, yeh aapka account lagta hai. Kripya wapas bhej dein xexuvltm@ibl par.",No,No,No
spam,"Aapki insurance policy ka maturity amount Rs.63,408 ready hai. Payment paane ke liye apni bank passbook details bhejein.",No,No,No
spam,"Galti se Rs.5,579 mere account se aapke account mein transfer ho gaye hain, jald se jald rfikobpx60@ibl par refund kar dein.",No,No,No
spam,"Hi, mujhe lagta hai maine kisi aur ko pay karte waqt aapko galti se Rs.6,648 bhej diya. Kripya vtipjrl@okhdfcbank par wapas bhej dein, dhanyavad.",No,No,No
spam,Aapko TCS ke saath work-from-home job ke liye select kiya gaya hai. Rs.896 ka joining bonus paane ke liye apni bank details share karein.,No,No,No
spam,"Sorry, maine galti se galat number par Rs.892 transfer kar diya, yeh aapka account lagta hai. Kripya wapas bhej dein jofsejsq@paytm par.",No,No,No
spam,Aapki insurance policy ka maturity amount Rs.613 ready hai. Payment paane ke liye apni bank passbook details bhejein.,No,No,No
spam,Aapka Bank of Baroda personal loan Rs.922 ka pre-approved hai. Process karne ke liye apni bank account aur Aadhaar details share karein.,No,No,No
spam,"Sorry, maine galti se galat number par Rs.1,769 transfer kar diya, yeh aapka account lagta hai. Kripya wapas bhej dein mqxwdqia83@paytm par.",No,No,No
spam,Aapka SBI personal loan Rs.852 ka pre-approved hai. Process karne ke liye apni bank account aur Aadhaar details share karein.,No,No,No
spam,"Sorry, maine galti se galat number par Rs.94,910 transfer kar diya, yeh aapka account lagta hai. Kripya wapas bhej dein dtgtd@axl par.",No,No,No
spam,"State Scholarship Scheme: Aapka scholarship benefit Rs.67,260 transfer ke liye ready hai. Ise paane ke liye apni bank passbook details submit karein.",No,No,No
spam,"Maine galti se aapke Amazon Pay par Rs.34,966 bhej diya, kripya isse is UPI ID par refund kar dein: irnkbyla@paytm",No,No,No
spam,"Aapki insurance policy ka maturity amount Rs.3,731 ready hai. Payment paane ke liye apni bank passbook details bhejein.",No,No,No
spam,"Maine galti se aapke Amazon Pay par Rs.4,490 bhej diya, kripya isse is UPI ID par refund kar dein: ylzrf@oksbi",No,No,No
spam,"PM Ujjwala Yojana Alert: Aap scheme ke tahat Rs.5,054 ke liye eligible hain. Claim karne ke liye apna Aadhaar aur bank account number share karein.",No,No,No
spam,"Galti se Rs.4,195 mere account se aapke account mein transfer ho gaye hain, jald se jald qqctxwf@ybl par refund kar dein.",No,No,No
spam,"Sorry, maine galti se galat number par Rs.6,669 transfer kar diya, yeh aapka account lagta hai. Kripya wapas bhej dein hnhkchp16@paytm par.",No,No,No
spam,"Aapka HDFC Bank personal loan Rs.9,024 ka pre-approved hai. Process karne ke liye apni bank account aur Aadhaar details share karein.",No,No,No
spam,"National Scholarship Portal: Aapka scholarship benefit Rs.3,476 transfer ke liye ready hai. Ise paane ke liye apni bank passbook details submit karein.",No,No,No
spam,"Badhai ho, PM Kisan Samman Nidhi ke tahat aapka application Rs.570 ke liye approve ho gaya hai. Disbursement ke liye apni bank details bhejein.",No,No,No
spam,Aapka Punjab National Bank personal loan Rs.758 ka pre-approved hai. Process karne ke liye apni bank account aur Aadhaar details share karein.,No,No,No
spam,"Sorry, maine galti se galat number par Rs.5,639 transfer kar diya, yeh aapka account lagta hai. Kripya wapas bhej dein dywfg13@ibl par.",No,No,No
spam,"Maine galti se aapke Google Pay par Rs.78,653 bhej diya, kripya isse is UPI ID par refund kar dein: supcu@axl",No,No,No
spam,"Badhai ho, National Scholarship Portal ke tahat aapka application Rs.30,699 ke liye approve ho gaya hai. Disbursement ke liye apni bank details bhejein.",No,No,No
spam,"Sorry, maine galti se galat number par Rs.17,041 transfer kar diya, yeh aapka account lagta hai. Kripya wapas bhej dein sfynolum42@oksbi par.",No,No,No
spam,"Badhai ho, National Scholarship Portal ke tahat aapka application Rs.864 ke liye approve ho gaya hai. Disbursement ke liye apni bank details bhejein.",No,No,No
spam,"Hi, mujhe lagta hai maine kisi aur ko pay karte waqt aapko galti se Rs.2,580 bhej diya. Kripya wrwjcu@okhdfcbank par wapas bhej dein, dhanyavad.",No,No,No
spam,"Hi, mujhe lagta hai maine kisi aur ko pay karte waqt aapko galti se Rs.643 bhej diya. Kripya xcotb@axl par wapas bhej dein, dhanyavad.",No,No,No
spam,"Galti se Rs.524 mere account se aapke account mein transfer ho gaye hain, jald se jald pmsae@ybl par refund kar dein.",No,No,No
spam,"Galti se Rs.6,645 mere account se aapke account mein transfer ho gaye hain, jald se jald dxgkmqv19@ibl par refund kar dein.",No,No,No
spam,"Badhai ho, State Scholarship Scheme ke tahat aapka application Rs.653 ke liye approve ho gaya hai. Disbursement ke liye apni bank details bhejein.",No,No,No
spam,"Badhai ho, Post Matric Scholarship ke tahat aapka application Rs.9,129 ke liye approve ho gaya hai. Disbursement ke liye apni bank details bhejein.",No,No,No
spam,"Maine galti se aapke Amazon Pay par Rs.6,032 bhej diya, kripya isse is UPI ID par refund kar dein: tvzgbpv83@paytm",No,No,No
spam,"State Scholarship Scheme: Aapka scholarship benefit Rs.7,134 transfer ke liye ready hai. Ise paane ke liye apni bank passbook details submit karein.",No,No,No
spam,"Hi, mujhe lagta hai maine kisi aur ko pay karte waqt aapko galti se Rs.9,668 bhej diya. Kripya ttwvhs21@axl par wapas bhej dein, dhanyavad.",No,No,No
spam,"Sorry, maine galti se galat number par Rs.8,143 transfer kar diya, yeh aapka account lagta hai. Kripya wapas bhej dein vcadys90@axl par.",No,No,No
spam,Aapka Bank of Baroda personal loan Rs.918 ka pre-approved hai. Process karne ke liye apni bank account aur Aadhaar details share karein.,No,No,No
spam,"Sorry, maine galti se galat number par Rs.93,481 transfer kar diya, yeh aapka account lagta hai. Kripya wapas bhej dein gfxgrsl23@paytm par.",No,No,No
spam,"Galti se Rs.653 mere account se aapke account mein transfer ho gaye hain, jald se jald gujsre@oksbi par refund kar dein.",No,No,No
spam,"Sorry, maine galti se galat number par Rs.55,886 transfer kar diya, yeh aapka account lagta hai. Kripya wapas bhej dein xskva18@ybl par.",No,No,No
spam,Aapko HCL ke saath work-from-home job ke liye select kiya gaya hai. Rs.751 ka joining bonus paane ke liye apni bank details share karein.,No,No,No
spam,"Galti se Rs.688 mere account se aapke account mein transfer ho gaye hain, jald se jald yndasx@okicici par refund kar dein.",No,No,No
spam,"PM Ujjwala Yojana: Aapka scholarship benefit Rs.54,204 transfer ke liye ready hai. Ise paane ke liye apni bank passbook details submit karein.",No,No,No
spam,"Hi, mujhe lagta hai maine kisi aur ko pay karte waqt aapko galti se Rs.879 bhej diya. Kripya yqday92@oksbi par wapas bhej dein, dhanyavad.",No,No,No
spam,Aapki insurance policy ka maturity amount Rs.705 ready hai. Payment paane ke liye apni bank passbook details bhejein.,No,No,No
spam,"Galti se Rs.716 mere account se aapke account mein transfer ho gaye hain, jald se jald zcafo@ybl par refund kar dein.",No,No,No
spam,"Badhai ho, PMAY ke tahat aapka application Rs.76,438 ke liye approve ho gaya hai. Disbursement ke liye apni bank details bhejein.",No,No,No
spam,"Galti se Rs.578 mere account se aapke account mein transfer ho gaye hain, jald se jald zoaqy96@ybl par refund kar dein.",No,No,No
spam,"Galti se Rs.3,920 mere account se aapke account mein transfer ho gaye hain, jald se jald qpvnijn@axl par refund kar dein.",No,No,No
spam,"Aapki insurance policy ka maturity amount Rs.7,329 ready hai. Payment paane ke liye apni bank passbook details bhejein.",No,No,No
spam,"Maine galti se aapke Paytm par Rs.76,744 bhej diya, kripya isse is UPI ID par refund kar dein: mwnwvsn54@paytm",No,No,No
spam,"Badhai ho, Post Matric Scholarship ke tahat aapka application Rs.3,604 ke liye approve ho gaya hai. Disbursement ke liye apni bank details bhejein.",No,No,No
spam,"PMAY Alert: Aap scheme ke tahat Rs.11,409 ke liye eligible hain. Claim karne ke liye apna Aadhaar aur bank account number share karein.",No,No,No
spam,"Hi, mujhe lagta hai maine kisi aur ko pay karte waqt aapko galti se Rs.1,322 bhej diya. Kripya iwijjh96@ybl par wapas bhej dein, dhanyavad.",No,No,No
spam,"Badhai ho, National Scholarship Portal ke tahat aapka application Rs.580 ke liye approve ho gaya hai. Disbursement ke liye apni bank details bhejein.",No,No,No
spam,"Badhai ho, Post Matric Scholarship ke tahat aapka application Rs.9,662 ke liye approve ho gaya hai. Disbursement ke liye apni bank details bhejein.",No,No,No
spam,"Hi, mujhe lagta hai maine kisi aur ko pay karte waqt aapko galti se Rs.90,533 bhej diya. Kripya rxefg@okhdfcbank par wapas bhej dein, dhanyavad.",No,No,No
spam,"Aapki insurance policy ka maturity amount Rs.4,369 ready hai. Payment paane ke liye apni bank passbook details bhejein.",No,No,No
spam,"Aapko TCS ke saath work-from-home job ke liye select kiya gaya hai. Rs.3,366 ka joining bonus paane ke liye apni bank details share karein.",No,No,No
spam,"Aapko HCL ke saath work-from-home job ke liye select kiya gaya hai. Rs.81,189 ka joining bonus paane ke liye apni bank details share karein.",No,No,No
spam,"PM Ujjwala Yojana: Aapka scholarship benefit Rs.46,723 transfer ke liye ready hai. Ise paane ke liye apni bank passbook details submit karein.",No,No,No
spam,"Aapko Amazon ke saath work-from-home job ke liye select kiya gaya hai. Rs.55,087 ka joining bonus paane ke liye apni bank details share karein.",No,No,No
spam,"Badhai ho, National Scholarship Portal ke tahat aapka application Rs.734 ke liye approve ho gaya hai. Disbursement ke liye apni bank details bhejein.",No,No,No
spam,"Maine galti se aapke Paytm par Rs.8,499 bhej diya, kripya isse is UPI ID par refund kar dein: prswyi@okicici",No,No,No
spam,"Galti se Rs.26,273 mere account se aapke account mein transfer ho gaye hain, jald se jald jrsqpv95@ibl par refund kar dein.",No,No,No
spam,"Sorry, maine galti se galat number par Rs.930 transfer kar diya, yeh aapka account lagta hai. Kripya wapas bhej dein gvxgutix91@ybl par.",No,No,No
spam,"Post Matric Scholarship: Aapka scholarship benefit Rs.3,108 transfer ke liye ready hai. Ise paane ke liye apni bank passbook details submit karein.",No,No,No
spam,"Maine galti se aapke PhonePe par Rs.659 bhej diya, kripya isse is UPI ID par refund kar dein: uysfgto@okicici",No,No,No
spam,Aapka HDFC Bank personal loan Rs.764 ka pre-approved hai. Process karne ke liye apni bank account aur Aadhaar details share karein.,No,No,No
spam,"Hi, mujhe lagta hai maine kisi aur ko pay karte waqt aapko galti se Rs.5,401 bhej diya. Kripya xvzvln@paytm par wapas bhej dein, dhanyavad.",No,No,No
spam,Aapka Kotak Mahindra Bank personal loan Rs.659 ka pre-approved hai. Process karne ke liye apni bank account aur Aadhaar details share karein.,No,No,No
spam,Aapko Infosys ke saath work-from-home job ke liye select kiya gaya hai. Rs.634 ka joining bonus paane ke liye apni bank details share karein.,No,No,No
spam,"Sorry, maine galti se galat number par Rs.5,886 transfer kar diya, yeh aapka account lagta hai. Kripya wapas bhej dein pvfyp@ibl par.",No,No,No
spam,"Hi, mujhe lagta hai maine kisi aur ko pay karte waqt aapko galti se Rs.56,739 bhej diya. Kripya kihnnsan@ybl par wapas bhej dein, dhanyavad.",No,No,No
spam,Aapki insurance policy ka maturity amount Rs.704 ready hai. Payment paane ke liye apni bank passbook details bhejein.,No,No,No
spam,"Sorry, maine galti se galat number par Rs.999 transfer kar diya, yeh aapka account lagta hai. Kripya wapas bhej dein hossni72@ibl par.",No,No,No
spam,"Badhai ho, Post Matric Scholarship ke tahat aapka application Rs.506 ke liye approve ho gaya hai. Disbursement ke liye apni bank details bhejein.",No,No,No
spam,PM Ujjwala Yojana: Aapka scholarship benefit Rs.827 transfer ke liye ready hai. Ise paane ke liye apni bank passbook details submit karein.,No,No,No
spam,"Galti se Rs.1,333 mere account se aapke account mein transfer ho gaye hain, jald se jald elgiwrg58@paytm par refund kar dein.",No,No,No
spam,"Aapko TCS ke saath work-from-home job ke liye select kiya gaya hai. Rs.82,554 ka joining bonus paane ke liye apni bank details share karein.",No,No,No
spam,"Galti se Rs.604 mere account se aapke account mein transfer ho gaye hain, jald se jald necimyu@oksbi par refund kar dein.",No,No,No
spam,"Badhai ho, LPG Subsidy Scheme ke tahat aapka application Rs.55,994 ke liye approve ho gaya hai. Disbursement ke liye apni bank details bhejein.",No,No,No
spam,"Post Matric Scholarship Alert: Aap scheme ke tahat Rs.18,617 ke liye eligible hain. Claim karne ke liye apna Aadhaar aur bank account number share karein.",No,No,No
spam,"Galti se Rs.2,533 mere account se aapke account mein transfer ho gaye hain, jald se jald orohbh97@ybl par refund kar dein.",No,No,No
spam,"Badhai ho, PM Kisan Samman Nidhi ke tahat aapka application Rs.1,630 ke liye approve ho gaya hai. Disbursement ke liye apni bank details bhejein.",No,No,No
spam,"Sorry, maine galti se galat number par Rs.48,322 transfer kar diya, yeh aapka account lagta hai. Kripya wapas bhej dein gcbiaw29@paytm par.",No,No,No
spam,"PM Ujjwala Yojana: Aapka scholarship benefit Rs.6,343 transfer ke liye ready hai. Ise paane ke liye apni bank passbook details submit karein.",No,No,No
spam,"Hi, mujhe lagta hai maine kisi aur ko pay karte waqt aapko galti se Rs.84,998 bhej diya. Kripya gueqyxrk@ibl par wapas bhej dein, dhanyavad.",No,No,No
spam,"Badhai ho, PMAY ke tahat aapka application Rs.65,945 ke liye approve ho gaya hai. Disbursement ke liye apni bank details bhejein.",No,No,No
spam,"Aapko HCL ke saath work-from-home job ke liye select kiya gaya hai. Rs.5,813 ka joining bonus paane ke liye apni bank details share karein.",No,No,No
spam,"Aapka Axis Bank personal loan Rs.1,978 ka pre-approved hai. Process karne ke liye apni bank account aur Aadhaar details share karein.",No,No,No
spam,"Aapko HCL ke saath work-from-home job ke liye select kiya gaya hai. Rs.19,294 ka joining bonus paane ke liye apni bank details share karein.",No,No,No
spam,"National Scholarship Portal: Aapka scholarship benefit Rs.37,341 transfer ke liye ready hai. Ise paane ke liye apni bank passbook details submit karein.",No,No,No
spam,"Galti se Rs.746 mere account se aapke account mein transfer ho gaye hain, jald se jald rlvhe58@ibl par refund kar dein.",No,No,No
spam,"Aapki insurance policy ka maturity amount Rs.9,034 ready hai. Payment paane ke liye apni bank passbook details bhejein.",No,No,No
spam,"Sorry, maine galti se galat number par Rs.4,556 transfer kar diya, yeh aapka account lagta hai. Kripya wapas bhej dein mjpyijm10@ybl par.",No,No,No
spam,"Maine galti se aapke Amazon Pay par Rs.626 bhej diya, kripya isse is UPI ID par refund kar dein: fkzjrm@okhdfcbank",No,No,No
spam,"Maine galti se aapke Amazon Pay par Rs.58,847 bhej diya, kripya isse is UPI ID par refund kar dein: ssfdccy@ybl",No,No,No
spam,Aapki insurance policy ka maturity amount Rs.559 ready hai. Payment paane ke liye apni bank passbook details bhejein.,No,No,No
spam,"Aapko Flipkart ke saath work-from-home job ke liye select kiya gaya hai. Rs.59,344 ka joining bonus paane ke liye apni bank details share karein.",No,No,No
spam,"Galti se Rs.767 mere account se aapke account mein transfer ho gaye hain, jald se jald iyupbf@okhdfcbank par refund kar dein.",No,No,No
spam,Aapka Kotak Mahindra Bank personal loan Rs.715 ka pre-approved hai. Process karne ke liye apni bank account aur Aadhaar details share karein.,No,No,No
spam,"Sorry, maine galti se galat number par Rs.84,781 transfer kar diya, yeh aapka account lagta hai. Kripya wapas bhej dein dqwks91@paytm par.",No,No,No
spam,"Maine galti se aapke Amazon Pay par Rs.576 bhej diya, kripya isse is UPI ID par refund kar dein: vdivpq@okhdfcbank",No,No,No
spam,"Aapki insurance policy ka maturity amount Rs.78,814 ready hai. Payment paane ke liye apni bank passbook details bhejein.",No,No,No
spam,PM Ujjwala Yojana Alert: Aap scheme ke tahat Rs.540 ke liye eligible hain. Claim karne ke liye apna Aadhaar aur bank account number share karein.,No,No,No
spam,"Badhai ho, PMAY ke tahat aapka application Rs.3,840 ke liye approve ho gaya hai. Disbursement ke liye apni bank details bhejein.",No,No,No
spam,PM Kisan Samman Nidhi Alert: Aap scheme ke tahat Rs.623 ke liye eligible hain. Claim karne ke liye apna Aadhaar aur bank account number share karein.,No,No,No
spam,"Galti se Rs.9,187 mere account se aapke account mein transfer ho gaye hain, jald se jald twpklkb18@ibl par refund kar dein.",No,No,No
spam,"Sorry, maine galti se galat number par Rs.9,426 transfer kar diya, yeh aapka account lagta hai. Kripya wapas bhej dein jpoohbv@okicici par.",No,No,No
spam,"Galti se Rs.515 mere account se aapke account mein transfer ho gaye hain, jald se jald egntxo33@axl par refund kar dein.",No,No,No
spam,"PM Kisan Samman Nidhi Alert: Aap scheme ke tahat Rs.8,826 ke liye eligible hain. Claim karne ke liye apna Aadhaar aur bank account number share karein.",No,No,No
spam,"LPG Subsidy Scheme: Aapka scholarship benefit Rs.52,741 transfer ke liye ready hai. Ise paane ke liye apni bank passbook details submit karein.",No,No,No
spam,"Hi, mujhe lagta hai maine kisi aur ko pay karte waqt aapko galti se Rs.5,718 bhej diya. Kripya enpbe94@okicici par wapas bhej dein, dhanyavad.",No,No,No
spam,Aapki insurance policy ka maturity amount Rs.612 ready hai. Payment paane ke liye apni bank passbook details bhejein.,No,No,No
spam,"Sorry, maine galti se galat number par Rs.670 transfer kar diya, yeh aapka account lagta hai. Kripya wapas bhej dein kvmxik@okhdfcbank par.",No,No,No
spam,"PM Kisan Samman Nidhi: Aapka scholarship benefit Rs.74,321 transfer ke liye ready hai. Ise paane ke liye apni bank passbook details submit karein.",No,No,No
spam,"Post Matric Scholarship Alert: Aap scheme ke tahat Rs.3,823 ke liye eligible hain. Claim karne ke liye apna Aadhaar aur bank account number share karein.",No,No,No
spam,"Hi, mujhe lagta hai maine kisi aur ko pay karte waqt aapko galti se Rs.14,569 bhej diya. Kripya pgijcc@axl par wapas bhej dein, dhanyavad.",No,No,No
spam,"Badhai ho, Ayushman Bharat ke tahat aapka application Rs.6,150 ke liye approve ho gaya hai. Disbursement ke liye apni bank details bhejein.",No,No,No
spam,"Aapka Axis Bank personal loan Rs.5,653 ka pre-approved hai. Process karne ke liye apni bank account aur Aadhaar details share karein.",No,No,No
spam,"State Scholarship Scheme Alert: Aap scheme ke tahat Rs.7,052 ke liye eligible hain. Claim karne ke liye apna Aadhaar aur bank account number share karein.",No,No,No
spam,"Aapko Reliance ke saath work-from-home job ke liye select kiya gaya hai. Rs.26,340 ka joining bonus paane ke liye apni bank details share karein.",No,No,No
spam,"Maine galti se aapke Amazon Pay par Rs.46,475 bhej diya, kripya isse is UPI ID par refund kar dein: vvlvw@oksbi",No,No,No
spam,State Scholarship Scheme: Aapka scholarship benefit Rs.572 transfer ke liye ready hai. Ise paane ke liye apni bank passbook details submit karein.,No,No,No
spam,"Badhai ho, State Scholarship Scheme ke tahat aapka application Rs.73,540 ke liye approve ho gaya hai. Disbursement ke liye apni bank details bhejein.",No,No,No
spam,Ayushman Bharat: Aapka scholarship benefit Rs.837 transfer ke liye ready hai. Ise paane ke liye apni bank passbook details submit karein.,No,No,No
spam,"Sorry, maine galti se galat number par Rs.50,241 transfer kar diya, yeh aapka account lagta hai. Kripya wapas bhej dein mopkqsmd@oksbi par.",No,No,No
spam,"Badhai ho, State Scholarship Scheme ke tahat aapka application Rs.799 ke liye approve ho gaya hai. Disbursement ke liye apni bank details bhejein.",No,No,No
spam,"Sorry, maine galti se galat number par Rs.2,816 transfer kar diya, yeh aapka account lagta hai. Kripya wapas bhej dein mcrgt48@oksbi par.",No,No,No
spam,"PMAY: Aapka scholarship benefit Rs.96,047 transfer ke liye ready hai. Ise paane ke liye apni bank passbook details submit karein.",No,No,No
spam,"Badhai ho, Ayushman Bharat ke tahat aapka application Rs.84,834 ke liye approve ho gaya hai. Disbursement ke liye apni bank details bhejein.",No,No,No
spam,"Galti se Rs.51,923 mere account se aapke account mein transfer ho gaye hain, jald se jald djkdde@oksbi par refund kar dein.",No,No,No
spam,"National Scholarship Portal: Aapka scholarship benefit Rs.3,727 transfer ke liye ready hai. Ise paane ke liye apni bank passbook details submit karein.",No,No,No
spam,"Aapka Canara Bank personal loan Rs.65,559 ka pre-approved hai. Process karne ke liye apni bank account aur Aadhaar details share karein.",No,No,No
spam,"PMAY: Aapka scholarship benefit Rs.64,483 transfer ke liye ready hai. Ise paane ke liye apni bank passbook details submit karein.",No,No,No
spam,"Maine galti se aapke PhonePe par Rs.5,331 bhej diya, kripya isse is UPI ID par refund kar dein: lolpq@paytm",No,No,No
spam,Aapko Wipro ke saath work-from-home job ke liye select kiya gaya hai. Rs.857 ka joining bonus paane ke liye apni bank details share karein.,No,No,No
spam,"Galti se Rs.583 mere account se aapke account mein transfer ho gaye hain, jald se jald bridzadl@axl par refund kar dein.",No,No,No
spam,"Hi, mujhe lagta hai maine kisi aur ko pay karte waqt aapko galti se Rs.1,797 bhej diya. Kripya fkawc@okicici par wapas bhej dein, dhanyavad.",No,No,No
spam,"Aapko Flipkart ke saath work-from-home job ke liye select kiya gaya hai. Rs.7,428 ka joining bonus paane ke liye apni bank details share karein.",No,No,No
spam,Aapka Bank of Baroda personal loan Rs.554 ka pre-approved hai. Process karne ke liye apni bank account aur Aadhaar details share karein.,No,No,No
spam,"Maine galti se aapke Amazon Pay par Rs.9,293 bhej diya, kripya isse is UPI ID par refund kar dein: bvtafxjv@ibl",No,No,No
spam,Aapki insurance policy ka maturity amount Rs.752 ready hai. Payment paane ke liye apni bank passbook details bhejein.,No,No,No
spam,"Maine galti se aapke Amazon Pay par Rs.8,574 bhej diya, kripya isse is UPI ID par refund kar dein: uvilxlv@okhdfcbank",No,No,No
spam,Aapko Reliance ke saath work-from-home job ke liye select kiya gaya hai. Rs.780 ka joining bonus paane ke liye apni bank details share karein.,No,No,No
spam,"Sorry, maine galti se galat number par Rs.955 transfer kar diya, yeh aapka account lagta hai. Kripya wapas bhej dein slqduho55@axl par.",No,No,No
spam,"Aapka Kotak Mahindra Bank personal loan Rs.17,904 ka pre-approved hai. Process karne ke liye apni bank account aur Aadhaar details share karein.",No,No,No
spam,"Hi, mujhe lagta hai maine kisi aur ko pay karte waqt aapko galti se Rs.596 bhej diya. Kripya nlyodi@axl par wapas bhej dein, dhanyavad.",No,No,No
spam,"Galti se Rs.83,366 mere account se aapke account mein transfer ho gaye hain, jald se jald rliahe@okhdfcbank par refund kar dein.",No,No,No
spam,"Maine galti se aapke Google Pay par Rs.93,226 bhej diya, kripya isse is UPI ID par refund kar dein: ebaqwi@ybl",No,No,No
spam,"Aapka Kotak Mahindra Bank personal loan Rs.51,112 ka pre-approved hai. Process karne ke liye apni bank account aur Aadhaar details share karein.",No,No,No
spam,"Aapko TCS ke saath work-from-home job ke liye select kiya gaya hai. Rs.2,431 ka joining bonus paane ke liye apni bank details share karein.",No,No,No
spam,"Hi, mujhe lagta hai maine kisi aur ko pay karte waqt aapko galti se Rs.992 bhej diya. Kripya ggbmp76@ibl par wapas bhej dein, dhanyavad.",No,No,No
spam,"Sorry, maine galti se galat number par Rs.2,098 transfer kar diya, yeh aapka account lagta hai. Kripya wapas bhej dein kkkvuk63@paytm par.",No,No,No
spam,Ayushman Bharat Alert: Aap scheme ke tahat Rs.974 ke liye eligible hain. Claim karne ke liye apna Aadhaar aur bank account number share karein.,No,No,No
spam,"Maine galti se aapke Paytm par Rs.616 bhej diya, kripya isse is UPI ID par refund kar dein: mzxsqe43@oksbi",No,No,No
spam,"Aapko Reliance ke saath work-from-home job ke liye select kiya gaya hai. Rs.9,276 ka joining bonus paane ke liye apni bank details share karein.",No,No,No
spam,"Badhai ho, PM Ujjwala Yojana ke tahat aapka application Rs.864 ke liye approve ho gaya hai. Disbursement ke liye apni bank details bhejein.",No,No,No
spam,"Aapki insurance policy ka maturity amount Rs.7,222 ready hai. Payment paane ke liye apni bank passbook details bhejein.",No,No,No
spam,"Maine galti se aapke Paytm par Rs.99,040 bhej diya, kripya isse is UPI ID par refund kar dein: bvrpftfa@axl",No,No,No
spam,"Maine galti se aapke PhonePe par Rs.52,864 bhej diya, kripya isse is UPI ID par refund kar dein: dzgyk91@oksbi",No,No,No
spam,"Aapko Reliance ke saath work-from-home job ke liye select kiya gaya hai. Rs.4,707 ka joining bonus paane ke liye apni bank details share karein.",No,No,No
spam,"Sorry, maine galti se galat number par Rs.1,202 transfer kar diya, yeh aapka account lagta hai. Kripya wapas bhej dein anrbl83@axl par.",No,No,No
spam,"Aapka Canara Bank personal loan Rs.98,724 ka pre-approved hai. Process karne ke liye apni bank account aur Aadhaar details share karein.",No,No,No
spam,"Galti se Rs.4,493 mere account se aapke account mein transfer ho gaye hain, jald se jald zveedin82@okhdfcbank par refund kar dein.",No,No,No
spam,"Sorry, maine galti se galat number par Rs.959 transfer kar diya, yeh aapka account lagta hai. Kripya wapas bhej dein cytooi21@paytm par.",No,No,No
spam,"Aapki insurance policy ka maturity amount Rs.4,586 ready hai. Payment paane ke liye apni bank passbook details bhejein.",No,No,No
spam,Aapka SBI personal loan Rs.659 ka pre-approved hai. Process karne ke liye apni bank account aur Aadhaar details share karein.,No,No,No
spam,"Sorry, maine galti se galat number par Rs.3,451 transfer kar diya, yeh aapka account lagta hai. Kripya wapas bhej dein jpjjlmeu@ibl par.",No,No,No
spam,"Hi, mujhe lagta hai maine kisi aur ko pay karte waqt aapko galti se Rs.800 bhej diya. Kripya utsiv@paytm par wapas bhej dein, dhanyavad.",No,No,No
spam,"Ayushman Bharat: Aapka scholarship benefit Rs.38,718 transfer ke liye ready hai. Ise paane ke liye apni bank passbook details submit karein.",No,No,No
spam,"Aapko HCL ke saath work-from-home job ke liye select kiya gaya hai. Rs.81,266 ka joining bonus paane ke liye apni bank details share karein.",No,No,No
spam,"Post Matric Scholarship Alert: Aap scheme ke tahat Rs.83,575 ke liye eligible hain. Claim karne ke liye apna Aadhaar aur bank account number share karein.",No,No,No
spam,"Hi, mujhe lagta hai maine kisi aur ko pay karte waqt aapko galti se Rs.5,359 bhej diya. Kripya dghbdia@oksbi par wapas bhej dein, dhanyavad.",No,No,No
spam,"Aapka SBI personal loan Rs.1,757 ka pre-approved hai. Process karne ke liye apni bank account aur Aadhaar details share karein.",No,No,No
spam,Aapko Wipro ke saath work-from-home job ke liye select kiya gaya hai. Rs.524 ka joining bonus paane ke liye apni bank details share karein.,No,No,No
spam,Aapki insurance policy ka maturity amount Rs.556 ready hai. Payment paane ke liye apni bank passbook details bhejein.,No,No,No
spam,"Aapko Reliance ke saath work-from-home job ke liye select kiya gaya hai. Rs.41,496 ka joining bonus paane ke liye apni bank details share karein.",No,No,No
spam,Aapko Amazon ke saath work-from-home job ke liye select kiya gaya hai. Rs.834 ka joining bonus paane ke liye apni bank details share karein.,No,No,No
spam,"Badhai ho, PM Kisan Samman Nidhi ke tahat aapka application Rs.2,095 ke liye approve ho gaya hai. Disbursement ke liye apni bank details bhejein.",No,No,No
spam,Aapko TCS ke saath work-from-home job ke liye select kiya gaya hai. Rs.600 ka joining bonus paane ke liye apni bank details share karein.,No,No,No
spam,Ayushman Bharat Alert: Aap scheme ke tahat Rs.756 ke liye eligible hain. Claim karne ke liye apna Aadhaar aur bank account number share karein.,No,No,No
spam,"Aapka Kotak Mahindra Bank personal loan Rs.98,013 ka pre-approved hai. Process karne ke liye apni bank account aur Aadhaar details share karein.",No,No,No
spam,"Aapko Infosys ke saath work-from-home job ke liye select kiya gaya hai. Rs.88,044 ka joining bonus paane ke liye apni bank details share karein.",No,No,No
spam,"Badhai ho, PM Kisan Samman Nidhi ke tahat aapka application Rs.82,969 ke liye approve ho gaya hai. Disbursement ke liye apni bank details bhejein.",No,No,No
spam,"Galti se Rs.994 mere account se aapke account mein transfer ho gaye hain, jald se jald kxyaot@ibl par refund kar dein.",No,No,No
spam,"Badhai ho, Ayushman Bharat ke tahat aapka application Rs.516 ke liye approve ho gaya hai. Disbursement ke liye apni bank details bhejein.",No,No,No
spam,"Sorry, maine galti se galat number par Rs.4,877 transfer kar diya, yeh aapka account lagta hai. Kripya wapas bhej dein mutekbpb@okicici par.",No,No,No
spam,"Sorry, maine galti se galat number par Rs.757 transfer kar diya, yeh aapka account lagta hai. Kripya wapas bhej dein obllxh@okhdfcbank par.",No,No,No
spam,"Aapki insurance policy ka maturity amount Rs.5,412 ready hai. Payment paane ke liye apni bank passbook details bhejein.",No,No,No
spam,"Badhai ho, State Scholarship Scheme ke tahat aapka application Rs.48,277 ke liye approve ho gaya hai. Disbursement ke liye apni bank details bhejein.",No,No,No
spam,"Post Matric Scholarship Alert: Aap scheme ke tahat Rs.7,488 ke liye eligible hain. Claim karne ke liye apna Aadhaar aur bank account number share karein.",No,No,No
spam,"Hi, mujhe lagta hai maine kisi aur ko pay karte waqt aapko galti se Rs.594 bhej diya. Kripya dymfxjzq@axl par wapas bhej dein, dhanyavad.",No,No,No
spam,"Hi, mujhe lagta hai maine kisi aur ko pay karte waqt aapko galti se Rs.5,788 bhej diya. Kripya drvbl@okhdfcbank par wapas bhej dein, dhanyavad.",No,No,No
spam,"Badhai ho, PM Kisan Samman Nidhi ke tahat aapka application Rs.8,941 ke liye approve ho gaya hai. Disbursement ke liye apni bank details bhejein.",No,No,No
spam,"Aapka Kotak Mahindra Bank personal loan Rs.7,796 ka pre-approved hai. Process karne ke liye apni bank account aur Aadhaar details share karein.",No,No,No
spam,"Aapka Axis Bank personal loan Rs.5,337 ka pre-approved hai. Process karne ke liye apni bank account aur Aadhaar details share karein.",No,No,No
spam,"Aapki insurance policy ka maturity amount Rs.5,158 ready hai. Payment paane ke liye apni bank passbook details bhejein.",No,No,No
spam,"Galti se Rs.6,903 mere account se aapke account mein transfer ho gaye hain, jald se jald sldyup10@paytm par refund kar dein.",No,No,No
spam,"Sorry, maine galti se galat number par Rs.561 transfer kar diya, yeh aapka account lagta hai. Kripya wapas bhej dein kwzzr@okhdfcbank par.",No,No,No
spam,"Hi, mujhe lagta hai maine kisi aur ko pay karte waqt aapko galti se Rs.39,710 bhej diya. Kripya ojsqbqzt@okicici par wapas bhej dein, dhanyavad.",No,No,No
spam,"Aapka Kotak Mahindra Bank personal loan Rs.42,246 ka pre-approved hai. Process karne ke liye apni bank account aur Aadhaar details share karein.",No,No,No
spam,"Maine galti se aapke Google Pay par Rs.650 bhej diya, kripya isse is UPI ID par refund kar dein: xplvnq@ibl",No,No,No
spam,"Hi, mujhe lagta hai maine kisi aur ko pay karte waqt aapko galti se Rs.65,336 bhej diya. Kripya eekbl@axl par wapas bhej dein, dhanyavad.",No,No,No
spam,"Sorry, maine galti se galat number par Rs.505 transfer kar diya, yeh aapka account lagta hai. Kripya wapas bhej dein imvigttl@axl par.",No,No,No
spam,"Badhai ho, PM Ujjwala Yojana ke tahat aapka application Rs.5,080 ke liye approve ho gaya hai. Disbursement ke liye apni bank details bhejein.",No,No,No
spam,"Badhai ho, National Scholarship Portal ke tahat aapka application Rs.618 ke liye approve ho gaya hai. Disbursement ke liye apni bank details bhejein.",No,No,No
spam,"Galti se Rs.21,163 mere account se aapke account mein transfer ho gaye hain, jald se jald lqnwyy21@paytm par refund kar dein.",No,No,No
spam,"Aapko HCL ke saath work-from-home job ke liye select kiya gaya hai. Rs.61,284 ka joining bonus paane ke liye apni bank details share karein.",No,No,No
spam,"Aapka Canara Bank personal loan Rs.4,275 ka pre-approved hai. Process karne ke liye apni bank account aur Aadhaar details share karein.",No,No,No
spam,"Hi, mujhe lagta hai maine kisi aur ko pay karte waqt aapko galti se Rs.26,495 bhej diya. Kripya lmbos22@okicici par wapas bhej dein, dhanyavad.",No,No,No
spam,"Sorry, maine galti se galat number par Rs.873 transfer kar diya, yeh aapka account lagta hai. Kripya wapas bhej dein wescad@ibl par.",No,No,No
spam,"Sorry, maine galti se galat number par Rs.644 transfer kar diya, yeh aapka account lagta hai. Kripya wapas bhej dein irujnhb22@paytm par.",No,No,No
spam,"Maine galti se aapke Paytm par Rs.81,093 bhej diya, kripya isse is UPI ID par refund kar dein: kgznz@oksbi",No,No,No
spam,"Hi, mujhe lagta hai maine kisi aur ko pay karte waqt aapko galti se Rs.2,380 bhej diya. Kripya xkkwv@ybl par wapas bhej dein, dhanyavad.",No,No,No
spam,Aapka Punjab National Bank personal loan Rs.882 ka pre-approved hai. Process karne ke liye apni bank account aur Aadhaar details share karein.,No,No,No
spam,"Aapko TCS ke saath work-from-home job ke liye select kiya gaya hai. Rs.21,876 ka joining bonus paane ke liye apni bank details share karein.",No,No,No
spam,"Maine galti se aapke Paytm par Rs.941 bhej diya, kripya isse is UPI ID par refund kar dein: qzbgt@okhdfcbank",No,No,No
spam,"PM Ujjwala Yojana: Aapka scholarship benefit Rs.1,077 transfer ke liye ready hai. Ise paane ke liye apni bank passbook details submit karein.",No,No,No
spam,Aapko Reliance ke saath work-from-home job ke liye select kiya gaya hai. Rs.857 ka joining bonus paane ke liye apni bank details share karein.,No,No,No
spam,"Aapka Punjab National Bank personal loan Rs.39,133 ka pre-approved hai. Process karne ke liye apni bank account aur Aadhaar details share karein.",No,No,No
spam,Aapki insurance policy ka maturity amount Rs.961 ready hai. Payment paane ke liye apni bank passbook details bhejein.,No,No,No
spam,"Maine galti se aapke Google Pay par Rs.6,293 bhej diya, kripya isse is UPI ID par refund kar dein: byqmokop15@oksbi",No,No,No
spam,"Badhai ho, State Scholarship Scheme ke tahat aapka application Rs.932 ke liye approve ho gaya hai. Disbursement ke liye apni bank details bhejein.",No,No,No
spam,"Maine galti se aapke PhonePe par Rs.907 bhej diya, kripya isse is UPI ID par refund kar dein: fdymlhif@axl",No,No,No
spam,"Ayushman Bharat Alert: Aap scheme ke tahat Rs.7,091 ke liye eligible hain. Claim karne ke liye apna Aadhaar aur bank account number share karein.",No,No,No
spam,"PM Ujjwala Yojana Alert: Aap scheme ke tahat Rs.1,499 ke liye eligible hain. Claim karne ke liye apna Aadhaar aur bank account number share karein.",No,No,No
spam,"Sorry, maine galti se galat number par Rs.9,098 transfer kar diya, yeh aapka account lagta hai. Kripya wapas bhej dein yzdsqf@ybl par.",No,No,No
spam,"Aapka Canara Bank personal loan Rs.10,335 ka pre-approved hai. Process karne ke liye apni bank account aur Aadhaar details share karein.",No,No,No
spam,"Aapko Amazon ke saath work-from-home job ke liye select kiya gaya hai. Rs.1,021 ka joining bonus paane ke liye apni bank details share karein.",No,No,No
spam,"Galti se Rs.604 mere account se aapke account mein transfer ho gaye hain, jald se jald czrdxlf54@okhdfcbank par refund kar dein.",No,No,No
spam,"Hi, mujhe lagta hai maine kisi aur ko pay karte waqt aapko galti se Rs.45,818 bhej diya. Kripya jjjbuzl@okhdfcbank par wapas bhej dein, dhanyavad.",No,No,No
spam,"Aapka Canara Bank personal loan Rs.3,242 ka pre-approved hai. Process karne ke liye apni bank account aur Aadhaar details share karein.",No,No,No
spam,PMAY Alert: Aap scheme ke tahat Rs.886 ke liye eligible hain. Claim karne ke liye apna Aadhaar aur bank account number share karein.,No,No,No
spam,"Galti se Rs.8,455 mere account se aapke account mein transfer ho gaye hain, jald se jald jmrld57@axl par refund kar dein.",No,No,No
spam,"PMAY: Aapka scholarship benefit Rs.57,275 transfer ke liye ready hai. Ise paane ke liye apni bank passbook details submit karein.",No,No,No
spam,PMAY: Aapka scholarship benefit Rs.656 transfer ke liye ready hai. Ise paane ke liye apni bank passbook details submit karein.,No,No,No
spam,"State Scholarship Scheme: Aapka scholarship benefit Rs.62,717 transfer ke liye ready hai. Ise paane ke liye apni bank passbook details submit karein.",No,No,No
spam,"Aapka Axis Bank personal loan Rs.1,460 ka pre-approved hai. Process karne ke liye apni bank account aur Aadhaar details share karein.",No,No,No
spam,"Hi, mujhe lagta hai maine kisi aur ko pay karte waqt aapko galti se Rs.92,140 bhej diya. Kripya kxnqtfm26@okhdfcbank par wapas bhej dein, dhanyavad.",No,No,No
spam,"Galti se Rs.23,844 mere account se aapke account mein transfer ho gaye hain, jald se jald eugbf@okhdfcbank par refund kar dein.",No,No,No
spam,"Sorry, maine galti se galat number par Rs.92,594 transfer kar diya, yeh aapka account lagta hai. Kripya wapas bhej dein impcejm51@axl par.",No,No,No
spam,"Maine galti se aapke Paytm par Rs.48,534 bhej diya, kripya isse is UPI ID par refund kar dein: hdvidf@ybl",No,No,No
spam,"Post Matric Scholarship: Aapka scholarship benefit Rs.73,531 transfer ke liye ready hai. Ise paane ke liye apni bank passbook details submit karein.",No,No,No
spam,"National Scholarship Portal Alert: Aap scheme ke tahat Rs.11,903 ke liye eligible hain. Claim karne ke liye apna Aadhaar aur bank account number share karein.",No,No,No
spam,"Aapki insurance policy ka maturity amount Rs.8,915 ready hai. Payment paane ke liye apni bank passbook details bhejein.",No,No,No
spam,"Maine galti se aapke Amazon Pay par Rs.6,520 bhej diya, kripya isse is UPI ID par refund kar dein: mejhsxm63@ibl",No,No,No
spam,State Scholarship Scheme Alert: Aap scheme ke tahat Rs.521 ke liye eligible hain. Claim karne ke liye apna Aadhaar aur bank account number share karein.,No,No,No
spam,"State Scholarship Scheme Alert: Aap scheme ke tahat Rs.10,848 ke liye eligible hain. Claim karne ke liye apna Aadhaar aur bank account number share karein.",No,No,No
spam,Aapki insurance policy ka maturity amount Rs.646 ready hai. Payment paane ke liye apni bank passbook details bhejein.,No,No,No
spam,"Galti se Rs.98,312 mere account se aapke account mein transfer ho gaye hain, jald se jald tokkt40@okhdfcbank par refund kar dein.",No,No,No
spam,"Aapko Wipro ke saath work-from-home job ke liye select kiya gaya hai. Rs.1,142 ka joining bonus paane ke liye apni bank details share karein.",No,No,No
spam,PM Ujjwala Yojana: Aapka scholarship benefit Rs.814 transfer ke liye ready hai. Ise paane ke liye apni bank passbook details submit karein.,No,No,No
spam,"Sorry, maine galti se galat number par Rs.49,448 transfer kar diya, yeh aapka account lagta hai. Kripya wapas bhej dein bmftigl61@axl par.",No,No,No
spam,"Aapka Canara Bank personal loan Rs.89,270 ka pre-approved hai. Process karne ke liye apni bank account aur Aadhaar details share karein.",No,No,No
spam,"Aapko Reliance ke saath work-from-home job ke liye select kiya gaya hai. Rs.7,562 ka joining bonus paane ke liye apni bank details share karein.",No,No,No
spam,"Aapki insurance policy ka maturity amount Rs.8,222 ready hai. Payment paane ke liye apni bank passbook details bhejein.",No,No,No
spam,"Badhai ho, State Scholarship Scheme ke tahat aapka application Rs.24,775 ke liye approve ho gaya hai. Disbursement ke liye apni bank details bhejein.",No,No,No
spam,"Sorry, maine galti se galat number par Rs.8,060 transfer kar diya, yeh aapka account lagta hai. Kripya wapas bhej dein hxcdv@oksbi par.",No,No,No
spam,"Aapki insurance policy ka maturity amount Rs.4,402 ready hai. Payment paane ke liye apni bank passbook details bhejein.",No,No,No
spam,"Badhai ho, PM Kisan Samman Nidhi ke tahat aapka application Rs.729 ke liye approve ho gaya hai. Disbursement ke liye apni bank details bhejein.",No,No,No
spam,"Sorry, maine galti se galat number par Rs.931 transfer kar diya, yeh aapka account lagta hai. Kripya wapas bhej dein mvjvwlby19@okhdfcbank par.",No,No,No
spam,LPG Subsidy Scheme Alert: Aap scheme ke tahat Rs.989 ke liye eligible hain. Claim karne ke liye apna Aadhaar aur bank account number share karein.,No,No,No
spam,"Aapka Punjab National Bank personal loan Rs.37,772 ka pre-approved hai. Process karne ke liye apni bank account aur Aadhaar details share karein.",No,No,No
spam,"Post Matric Scholarship Alert: Aap scheme ke tahat Rs.76,393 ke liye eligible hain. Claim karne ke liye apna Aadhaar aur bank account number share karein.",No,No,No
spam,Ayushman Bharat Alert: Aap scheme ke tahat Rs.501 ke liye eligible hain. Claim karne ke liye apna Aadhaar aur bank account number share karein.,No,No,No
spam,"Aapki insurance policy ka maturity amount Rs.2,872 ready hai. Payment paane ke liye apni bank passbook details bhejein.",No,No,No
spam,Ayushman Bharat Alert: Aap scheme ke tahat Rs.654 ke liye eligible hain. Claim karne ke liye apna Aadhaar aur bank account number share karein.,No,No,No
spam,"Badhai ho, National Scholarship Portal ke tahat aapka application Rs.8,468 ke liye approve ho gaya hai. Disbursement ke liye apni bank details bhejein.",No,No,No
spam,"Galti se Rs.738 mere account se aapke account mein transfer ho gaye hain, jald se jald emkusisz@oksbi par refund kar dein.",No,No,No
spam,Aapka Kotak Mahindra Bank personal loan Rs.792 ka pre-approved hai. Process karne ke liye apni bank account aur Aadhaar details share karein.,No,No,No
spam,"Sorry, maine galti se galat number par Rs.3,900 transfer kar diya, yeh aapka account lagta hai. Kripya wapas bhej dein ojbfwy72@axl par.",No,No,No
spam,"Hi, mujhe lagta hai maine kisi aur ko pay karte waqt aapko galti se Rs.22,748 bhej diya. Kripya mucfjxd18@ybl par wapas bhej dein, dhanyavad.",No,No,No
spam,"Maine galti se aapke Paytm par Rs.3,506 bhej diya, kripya isse is UPI ID par refund kar dein: qwnrktt11@okicici",No,No,No
spam,PMAY: Aapka scholarship benefit Rs.798 transfer ke liye ready hai. Ise paane ke liye apni bank passbook details submit karein.,No,No,No
spam,"Maine galti se aapke Google Pay par Rs.5,314 bhej diya, kripya isse is UPI ID par refund kar dein: otlqxjp@ybl",No,No,No
spam,"Hi, mujhe lagta hai maine kisi aur ko pay karte waqt aapko galti se Rs.18,877 bhej diya. Kripya buwhr@paytm par wapas bhej dein, dhanyavad.",No,No,No
spam,"Hi, mujhe lagta hai maine kisi aur ko pay karte waqt aapko galti se Rs.6,593 bhej diya. Kripya ydrbsar18@okhdfcbank par wapas bhej dein, dhanyavad.",No,No,No
spam,"Aapko HCL ke saath work-from-home job ke liye select kiya gaya hai. Rs.8,400 ka joining bonus paane ke liye apni bank details share karein.",No,No,No
spam,"Hi, mujhe lagta hai maine kisi aur ko pay karte waqt aapko galti se Rs.676 bhej diya. Kripya gpucigu64@ybl par wapas bhej dein, dhanyavad.",No,No,No
spam,"Galti se Rs.833 mere account se aapke account mein transfer ho gaye hain, jald se jald jfdqc@ibl par refund kar dein.",No,No,No
spam,"Aapko Infosys ke saath work-from-home job ke liye select kiya gaya hai. Rs.27,460 ka joining bonus paane ke liye apni bank details share karein.",No,No,No
spam,"Hi, mujhe lagta hai maine kisi aur ko pay karte waqt aapko galti se Rs.7,767 bhej diya. Kripya ppwqau92@okicici par wapas bhej dein, dhanyavad.",No,No,No
spam,"Hi, mujhe lagta hai maine kisi aur ko pay karte waqt aapko galti se Rs.9,927 bhej diya. Kripya jgedd@ybl par wapas bhej dein, dhanyavad.",No,No,No
spam,"PM Ujjwala Yojana Alert: Aap scheme ke tahat Rs.73,165 ke liye eligible hain. Claim karne ke liye apna Aadhaar aur bank account number share karein.",No,No,No
spam,Aapki insurance policy ka maturity amount Rs.503 ready hai. Payment paane ke liye apni bank passbook details bhejein.,No,No,No
spam,PM Ujjwala Yojana: Aapka scholarship benefit Rs.953 transfer ke liye ready hai. Ise paane ke liye apni bank passbook details submit karein.,No,No,No
spam,"Sorry, maine galti se galat number par Rs.3,758 transfer kar diya, yeh aapka account lagta hai. Kripya wapas bhej dein obtoj18@oksbi par.",No,No,No
spam,"PMAY Alert: Aap scheme ke tahat Rs.4,987 ke liye eligible hain. Claim karne ke liye apna Aadhaar aur bank account number share karein.",No,No,No
spam,"Badhai ho, State Scholarship Scheme ke tahat aapka application Rs.871 ke liye approve ho gaya hai. Disbursement ke liye apni bank details bhejein.",No,No,No
spam,"Hi, mujhe lagta hai maine kisi aur ko pay karte waqt aapko galti se Rs.2,956 bhej diya. Kripya inhqh47@axl par wapas bhej dein, dhanyavad.",No,No,No
spam,"Sorry, maine galti se galat number par Rs.1,255 transfer kar diya, yeh aapka account lagta hai. Kripya wapas bhej dein fcszj@oksbi par.",No,No,No
spam,"Aapki insurance policy ka maturity amount Rs.9,550 ready hai. Payment paane ke liye apni bank passbook details bhejein.",No,No,No
spam,PM Kisan Samman Nidhi Alert: Aap scheme ke tahat Rs.713 ke liye eligible hain. Claim karne ke liye apna Aadhaar aur bank account number share karein.,No,No,No
spam,"Maine galti se aapke Paytm par Rs.601 bhej diya, kripya isse is UPI ID par refund kar dein: rddfg@axl",No,No,No
spam,"Maine galti se aapke Google Pay par Rs.5,570 bhej diya, kripya isse is UPI ID par refund kar dein: acksgdte@oksbi",No,No,No
spam,"Sorry, maine galti se galat number par Rs.659 transfer kar diya, yeh aapka account lagta hai. Kripya wapas bhej dein sxyyhc@paytm par.",No,No,No
spam,"Badhai ho, National Scholarship Portal ke tahat aapka application Rs.766 ke liye approve ho gaya hai. Disbursement ke liye apni bank details bhejein.",No,No,No
spam,"Post Matric Scholarship: Aapka scholarship benefit Rs.1,565 transfer ke liye ready hai. Ise paane ke liye apni bank passbook details submit karein.",No,No,No
spam,State Scholarship Scheme: Aapka scholarship benefit Rs.666 transfer ke liye ready hai. Ise paane ke liye apni bank passbook details submit karein.,No,No,No
spam,State Scholarship Scheme Alert: Aap scheme ke tahat Rs.925 ke liye eligible hain. Claim karne ke liye apna Aadhaar aur bank account number share karein.,No,No,No
spam,"Aapki insurance policy ka maturity amount Rs.8,520 ready hai. Payment paane ke liye apni bank passbook details bhejein.",No,No,No
spam,"Hi, mujhe lagta hai maine kisi aur ko pay karte waqt aapko galti se Rs.62,635 bhej diya. Kripya rlthj92@okicici par wapas bhej dein, dhanyavad.",No,No,No
spam,"Galti se Rs.5,998 mere account se aapke account mein transfer ho gaye hain, jald se jald hiepqud69@ybl par refund kar dein.",No,No,No
spam,Aapko Infosys ke saath work-from-home job ke liye select kiya gaya hai. Rs.923 ka joining bonus paane ke liye apni bank details share karein.,No,No,No
spam,"Aapki insurance policy ka maturity amount Rs.9,818 ready hai. Payment paane ke liye apni bank passbook details bhejein.",No,No,No
spam,"Badhai ho, LPG Subsidy Scheme ke tahat aapka application Rs.69,025 ke liye approve ho gaya hai. Disbursement ke liye apni bank details bhejein.",No,No,No
spam,"Badhai ho, PM Ujjwala Yojana ke tahat aapka application Rs.90,281 ke liye approve ho gaya hai. Disbursement ke liye apni bank details bhejein.",No,No,No
spam,"Galti se Rs.57,391 mere account se aapke account mein transfer ho gaye hain, jald se jald ypokaio@paytm par refund kar dein.",No,No,No
spam,"Sorry, maine galti se galat number par Rs.8,507 transfer kar diya, yeh aapka account lagta hai. Kripya wapas bhej dein eruilern@paytm par.",No,No,No
spam,"Maine galti se aapke PhonePe par Rs.722 bhej diya, kripya isse is UPI ID par refund kar dein: lhbug57@axl",No,No,No
spam,"Hi, mujhe lagta hai maine kisi aur ko pay karte waqt aapko galti se Rs.30,344 bhej diya. Kripya lswwjzdx76@paytm par wapas bhej dein, dhanyavad.",No,No,No
spam,"Sorry, maine galti se galat number par Rs.42,179 transfer kar diya, yeh aapka account lagta hai. Kripya wapas bhej dein ymtycy69@axl par.",No,No,No
spam,"Sorry, maine galti se galat number par Rs.96,902 transfer kar diya, yeh aapka account lagta hai. Kripya wapas bhej dein cfbuzto@paytm par.",No,No,No
spam,"Aapka Axis Bank personal loan Rs.2,541 ka pre-approved hai. Process karne ke liye apni bank account aur Aadhaar details share karein.",No,No,No
spam,"Aapko Amazon ke saath work-from-home job ke liye select kiya gaya hai. Rs.7,346 ka joining bonus paane ke liye apni bank details share karein.",No,No,No
spam,"Maine galti se aapke Amazon Pay par Rs.603 bhej diya, kripya isse is UPI ID par refund kar dein: nnkwkmu64@okicici",No,No,No
spam,"National Scholarship Portal: Aapka scholarship benefit Rs.7,320 transfer ke liye ready hai. Ise paane ke liye apni bank passbook details submit karein.",No,No,No
spam,"Aapka Axis Bank personal loan Rs.78,373 ka pre-approved hai. Process karne ke liye apni bank account aur Aadhaar details share karein.",No,No,No
spam,"Ayushman Bharat Alert: Aap scheme ke tahat Rs.4,634 ke liye eligible hain. Claim karne ke liye apna Aadhaar aur bank account number share karein.",No,No,No
spam,"Badhai ho, Post Matric Scholarship ke tahat aapka application Rs.54,129 ke liye approve ho gaya hai. Disbursement ke liye apni bank details bhejein.",No,No,No
spam,"Badhai ho, National Scholarship Portal ke tahat aapka application Rs.11,777 ke liye approve ho gaya hai. Disbursement ke liye apni bank details bhejein.",No,No,No
spam,"Maine galti se aapke Paytm par Rs.6,445 bhej diya, kripya isse is UPI ID par refund kar dein: hjgxya34@paytm",No,No,No
spam,PM Kisan Samman Nidhi: Aapka scholarship benefit Rs.575 transfer ke liye ready hai. Ise paane ke liye apni bank passbook details submit karein.,No,No,No
spam,"Hi, mujhe lagta hai maine kisi aur ko pay karte waqt aapko galti se Rs.9,534 bhej diya. Kripya gjvkgknf43@oksbi par wapas bhej dein, dhanyavad.",No,No,No
spam,"Aapko TCS ke saath work-from-home job ke liye select kiya gaya hai. Rs.65,185 ka joining bonus paane ke liye apni bank details share karein.",No,No,No
spam,"Aapko Wipro ke saath work-from-home job ke liye select kiya gaya hai. Rs.75,697 ka joining bonus paane ke liye apni bank details share karein.",No,No,No
spam,"Galti se Rs.9,860 mere account se aapke account mein transfer ho gaye hain, jald se jald luivbo@okhdfcbank par refund kar dein.",No,No,No
spam,"Maine galti se aapke Amazon Pay par Rs.738 bhej diya, kripya isse is UPI ID par refund kar dein: bkhrjws21@ibl",No,No,No
spam,"Galti se Rs.676 mere account se aapke account mein transfer ho gaye hain, jald se jald djoyc95@ibl par refund kar dein.",No,No,No
spam,"Hi, mujhe lagta hai maine kisi aur ko pay karte waqt aapko galti se Rs.7,846 bhej diya. Kripya fwqcpg@okhdfcbank par wapas bhej dein, dhanyavad.",No,No,No
spam,"Sorry, maine galti se galat number par Rs.552 transfer kar diya, yeh aapka account lagta hai. Kripya wapas bhej dein dmrwyom@ibl par.",No,No,No
spam,"PM Ujjwala Yojana Alert: Aap scheme ke tahat Rs.53,680 ke liye eligible hain. Claim karne ke liye apna Aadhaar aur bank account number share karein.",No,No,No
spam,"National Scholarship Portal Alert: Aap scheme ke tahat Rs.5,530 ke liye eligible hain. Claim karne ke liye apna Aadhaar aur bank account number share karein.",No,No,No
spam,"Sorry, maine galti se galat number par Rs.549 transfer kar diya, yeh aapka account lagta hai. Kripya wapas bhej dein kfjmvsvl52@ybl par.",No,No,No
spam,"Badhai ho, Ayushman Bharat ke tahat aapka application Rs.1,593 ke liye approve ho gaya hai. Disbursement ke liye apni bank details bhejein.",No,No,No
spam,"PM Ujjwala Yojana Alert: Aap scheme ke tahat Rs.62,770 ke liye eligible hain. Claim karne ke liye apna Aadhaar aur bank account number share karein.",No,No,No
spam,"Maine galti se aapke Paytm par Rs.605 bhej diya, kripya isse is UPI ID par refund kar dein: amvxbbz51@ybl",No,No,No
spam,Aapki insurance policy ka maturity amount Rs.636 ready hai. Payment paane ke liye apni bank passbook details bhejein.,No,No,No
spam,Ayushman Bharat Alert: Aap scheme ke tahat Rs.980 ke liye eligible hain. Claim karne ke liye apna Aadhaar aur bank account number share karein.,No,No,No
spam,"LPG Subsidy Scheme Alert: Aap scheme ke tahat Rs.3,162 ke liye eligible hain. Claim karne ke liye apna Aadhaar aur bank account number share karein.",No,No,No
spam,PM Kisan Samman Nidhi: Aapka scholarship benefit Rs.811 transfer ke liye ready hai. Ise paane ke liye apni bank passbook details submit karein.,No,No,No
spam,"Aapka Bank of Baroda personal loan Rs.51,059 ka pre-approved hai. Process karne ke liye apni bank account aur Aadhaar details share karein.",No,No,No
spam,Aapki insurance policy ka maturity amount Rs.899 ready hai. Payment paane ke liye apni bank passbook details bhejein.,No,No,No
spam,"Galti se Rs.4,011 mere account se aapke account mein transfer ho gaye hain, jald se jald opklc@oksbi par refund kar dein.",No,No,No
spam,"Maine galti se aapke Amazon Pay par Rs.15,753 bhej diya, kripya isse is UPI ID par refund kar dein: vyjdtzv@ibl",No,No,No
spam,"Aapko Reliance ke saath work-from-home job ke liye select kiya gaya hai. Rs.41,259 ka joining bonus paane ke liye apni bank details share karein.",No,No,No
spam,"Galti se Rs.958 mere account se aapke account mein transfer ho gaye hain, jald se jald xbrnzim29@okhdfcbank par refund kar dein.",No,No,No
spam,Aapki insurance policy ka maturity amount Rs.836 ready hai. Payment paane ke liye apni bank passbook details bhejein.,No,No,No
spam,"Galti se Rs.676 mere account se aapke account mein transfer ho gaye hain, jald se jald dpwywo17@ybl par refund kar dein.",No,No,No
spam,"PMAY: Aapka scholarship benefit Rs.8,889 transfer ke liye ready hai. Ise paane ke liye apni bank passbook details submit karein.",No,No,No
spam,"Aapki insurance policy ka maturity amount Rs.94,795 ready hai. Payment paane ke liye apni bank passbook details bhejein.",No,No,No
spam,"PMAY: Aapka scholarship benefit Rs.68,513 transfer ke liye ready hai. Ise paane ke liye apni bank passbook details submit karein.",No,No,No
spam,"Aapki insurance policy ka maturity amount Rs.5,932 ready hai. Payment paane ke liye apni bank passbook details bhejein.",No,No,No
spam,"Aapki insurance policy ka maturity amount Rs.2,254 ready hai. Payment paane ke liye apni bank passbook details bhejein.",No,No,No
spam,"Galti se Rs.889 mere account se aapke account mein transfer ho gaye hain, jald se jald impdh@paytm par refund kar dein.",No,No,No
spam,"State Scholarship Scheme: Aapka scholarship benefit Rs.67,064 transfer ke liye ready hai. Ise paane ke liye apni bank passbook details submit karein.",No,No,No
spam,"Sorry, maine galti se galat number par Rs.1,756 transfer kar diya, yeh aapka account lagta hai. Kripya wapas bhej dein vnxckjf@okicici par.",No,No,No
spam,"Aapko HCL ke saath work-from-home job ke liye select kiya gaya hai. Rs.14,322 ka joining bonus paane ke liye apni bank details share karein.",No,No,No
spam,Aapko Amazon ke saath work-from-home job ke liye select kiya gaya hai. Rs.892 ka joining bonus paane ke liye apni bank details share karein.,No,No,No
spam,"Galti se Rs.663 mere account se aapke account mein transfer ho gaye hain, jald se jald deluqqhb@oksbi par refund kar dein.",No,No,No
spam,"State Scholarship Scheme Alert: Aap scheme ke tahat Rs.92,193 ke liye eligible hain. Claim karne ke liye apna Aadhaar aur bank account number share karein.",No,No,No
spam,"Badhai ho, PM Kisan Samman Nidhi ke tahat aapka application Rs.93,784 ke liye approve ho gaya hai. Disbursement ke liye apni bank details bhejein.",No,No,No
spam,"Badhai ho, PM Ujjwala Yojana ke tahat aapka application Rs.7,386 ke liye approve ho gaya hai. Disbursement ke liye apni bank details bhejein.",No,No,No
spam,"Sorry, maine galti se galat number par Rs.722 transfer kar diya, yeh aapka account lagta hai. Kripya wapas bhej dein slaut@oksbi par.",No,No,No
spam,"Aapko Flipkart ke saath work-from-home job ke liye select kiya gaya hai. Rs.3,042 ka joining bonus paane ke liye apni bank details share karein.",No,No,No
spam,"Sorry, maine galti se galat number par Rs.6,104 transfer kar diya, yeh aapka account lagta hai. Kripya wapas bhej dein tmqsir@ibl par.",No,No,No
spam,"Aapki insurance policy ka maturity amount Rs.29,808 ready hai. Payment paane ke liye apni bank passbook details bhejein.",No,No,No
spam,"PM Kisan Samman Nidhi: Aapka scholarship benefit Rs.83,293 transfer ke liye ready hai. Ise paane ke liye apni bank passbook details submit karein.",No,No,No
spam,"Aapko Wipro ke saath work-from-home job ke liye select kiya gaya hai. Rs.3,526 ka joining bonus paane ke liye apni bank details share karein.",No,No,No
spam,"Hi, mujhe lagta hai maine kisi aur ko pay karte waqt aapko galti se Rs.48,093 bhej diya. Kripya fmbqmzwg@okicici par wapas bhej dein, dhanyavad.",No,No,No
spam,"Aapki insurance policy ka maturity amount Rs.1,184 ready hai. Payment paane ke liye apni bank passbook details bhejein.",No,No,No
spam,"Badhai ho, State Scholarship Scheme ke tahat aapka application Rs.7,628 ke liye approve ho gaya hai. Disbursement ke liye apni bank details bhejein.",No,No,No
spam,"Maine galti se aapke Google Pay par Rs.42,376 bhej diya, kripya isse is UPI ID par refund kar dein: wxuxr11@okhdfcbank",No,No,No
spam,Aapko Infosys ke saath work-from-home job ke liye select kiya gaya hai. Rs.509 ka joining bonus paane ke liye apni bank details share karein.,No,No,No
spam,"State Scholarship Scheme: Aapka scholarship benefit Rs.8,589 transfer ke liye ready hai. Ise paane ke liye apni bank passbook details submit karein.",No,No,No
spam,"PM Ujjwala Yojana: Aapka scholarship benefit Rs.75,100 transfer ke liye ready hai. Ise paane ke liye apni bank passbook details submit karein.",No,No,No
spam,"Sorry, maine galti se galat number par Rs.2,460 transfer kar diya, yeh aapka account lagta hai. Kripya wapas bhej dein jyxvvr31@paytm par.",No,No,No
spam,State Scholarship Scheme: Aapka scholarship benefit Rs.538 transfer ke liye ready hai. Ise paane ke liye apni bank passbook details submit karein.,No,No,No
spam,"Post Matric Scholarship Alert: Aap scheme ke tahat Rs.47,002 ke liye eligible hain. Claim karne ke liye apna Aadhaar aur bank account number share karein.",No,No,No
spam,"Galti se Rs.7,211 mere account se aapke account mein transfer ho gaye hain, jald se jald bdvaxks@ybl par refund kar dein.",No,No,No
spam,"State Scholarship Scheme: Aapka scholarship benefit Rs.7,595 transfer ke liye ready hai. Ise paane ke liye apni bank passbook details submit karein.",No,No,No
spam,"Galti se Rs.770 mere account se aapke account mein transfer ho gaye hain, jald se jald lxcmfra95@okhdfcbank par refund kar dein.",No,No,No
spam,"Aapko Wipro ke saath work-from-home job ke liye select kiya gaya hai. Rs.62,901 ka joining bonus paane ke liye apni bank details share karein.",No,No,No
spam,"Post Matric Scholarship Alert: Aap scheme ke tahat Rs.44,743 ke liye eligible hain. Claim karne ke liye apna Aadhaar aur bank account number share karein.",No,No,No
spam,"Galti se Rs.34,982 mere account se aapke account mein transfer ho gaye hain, jald se jald otglmayv@oksbi par refund kar dein.",No,No,No
spam,"Aapko TCS ke saath work-from-home job ke liye select kiya gaya hai. Rs.9,016 ka joining bonus paane ke liye apni bank details share karein.",No,No,No
spam,"Maine galti se aapke Amazon Pay par Rs.2,612 bhej diya, kripya isse is UPI ID par refund kar dein: vxtvqtqz48@axl",No,No,No
spam,Aapka SBI personal loan Rs.719 ka pre-approved hai. Process karne ke liye apni bank account aur Aadhaar details share karein.,No,No,No
spam,"PM Kisan Samman Nidhi Alert: Aap scheme ke tahat Rs.92,798 ke liye eligible hain. Claim karne ke liye apna Aadhaar aur bank account number share karein.",No,No,No
spam,"Badhai ho, PM Kisan Samman Nidhi ke tahat aapka application Rs.7,934 ke liye approve ho gaya hai. Disbursement ke liye apni bank details bhejein.",No,No,No
spam,"Ayushman Bharat: Aapka scholarship benefit Rs.1,057 transfer ke liye ready hai. Ise paane ke liye apni bank passbook details submit karein.",No,No,No
spam,"Sorry, maine galti se galat number par Rs.88,385 transfer kar diya, yeh aapka account lagta hai. Kripya wapas bhej dein eweorwbf87@ibl par.",No,No,No
spam,"Hi, mujhe lagta hai maine kisi aur ko pay karte waqt aapko galti se Rs.25,554 bhej diya. Kripya aykivq@okicici par wapas bhej dein, dhanyavad.",No,No,No
spam,"Hi, mujhe lagta hai maine kisi aur ko pay karte waqt aapko galti se Rs.94,567 bhej diya. Kripya udjwphbf36@paytm par wapas bhej dein, dhanyavad.",No,No,No
spam,Aapki insurance policy ka maturity amount Rs.854 ready hai. Payment paane ke liye apni bank passbook details bhejein.,No,No,No
spam,"Aapki insurance policy ka maturity amount Rs.15,325 ready hai. Payment paane ke liye apni bank passbook details bhejein.",No,No,No
spam,PMAY: Aapka scholarship benefit Rs.845 transfer ke liye ready hai. Ise paane ke liye apni bank passbook details submit karein.,No,No,No
spam,"Hi, mujhe lagta hai maine kisi aur ko pay karte waqt aapko galti se Rs.3,833 bhej diya. Kripya flxrmkrh@oksbi par wapas bhej dein, dhanyavad.",No,No,No
spam,"Sorry, maine galti se galat number par Rs.29,238 transfer kar diya, yeh aapka account lagta hai. Kripya wapas bhej dein tefqjia85@ibl par.",No,No,No
spam,PMAY Alert: Aap scheme ke tahat Rs.585 ke liye eligible hain. Claim karne ke liye apna Aadhaar aur bank account number share karein.,No,No,No
spam,"Aapki insurance policy ka maturity amount Rs.20,286 ready hai. Payment paane ke liye apni bank passbook details bhejein.",No,No,No
spam,"Badhai ho, PM Ujjwala Yojana ke tahat aapka application Rs.10,638 ke liye approve ho gaya hai. Disbursement ke liye apni bank details bhejein.",No,No,No
spam,"Galti se Rs.9,429 mere account se aapke account mein transfer ho gaye hain, jald se jald ocgqjw59@ibl par refund kar dein.",No,No,No
spam,Aapki insurance policy ka maturity amount Rs.979 ready hai. Payment paane ke liye apni bank passbook details bhejein.,No,No,No
spam,Aapko TCS ke saath work-from-home job ke liye select kiya gaya hai. Rs.806 ka joining bonus paane ke liye apni bank details share karein.,No,No,No
spam,"Hi, mujhe lagta hai maine kisi aur ko pay karte waqt aapko galti se Rs.599 bhej diya. Kripya pcxliveg@ibl par wapas bhej dein, dhanyavad.",No,No,No
spam,Aapko TCS ke saath work-from-home job ke liye select kiya gaya hai. Rs.998 ka joining bonus paane ke liye apni bank details share karein.,No,No,No
spam,"Hi, mujhe lagta hai maine kisi aur ko pay karte waqt aapko galti se Rs.1,591 bhej diya. Kripya qzjme@ybl par wapas bhej dein, dhanyavad.",No,No,No
spam,"Galti se Rs.635 mere account se aapke account mein transfer ho gaye hain, jald se jald ayeegbb80@oksbi par refund kar dein.",No,No,No
spam,"Galti se Rs.842 mere account se aapke account mein transfer ho gaye hain, jald se jald cinrpbf@oksbi par refund kar dein.",No,No,No
spam,"Ayushman Bharat: Aapka scholarship benefit Rs.5,508 transfer ke liye ready hai. Ise paane ke liye apni bank passbook details submit karein.",No,No,No
spam,"Galti se Rs.83,409 mere account se aapke account mein transfer ho gaye hain, jald se jald bwdflsjd@axl par refund kar dein.",No,No,No
spam,"Badhai ho, PMAY ke tahat aapka application Rs.40,437 ke liye approve ho gaya hai. Disbursement ke liye apni bank details bhejein.",No,No,No
spam,"Aapki insurance policy ka maturity amount Rs.52,197 ready hai. Payment paane ke liye apni bank passbook details bhejein.",No,No,No
spam,"Hi, mujhe lagta hai maine kisi aur ko pay karte waqt aapko galti se Rs.753 bhej diya. Kripya gbpxv66@okhdfcbank par wapas bhej dein, dhanyavad.",No,No,No
spam,"Aapki insurance policy ka maturity amount Rs.52,745 ready hai. Payment paane ke liye apni bank passbook details bhejein.",No,No,No
spam,"Hi, mujhe lagta hai maine kisi aur ko pay karte waqt aapko galti se Rs.51,080 bhej diya. Kripya zlazik66@okhdfcbank par wapas bhej dein, dhanyavad.",No,No,No
spam,"Hi, mujhe lagta hai maine kisi aur ko pay karte waqt aapko galti se Rs.38,443 bhej diya. Kripya gatgln@ybl par wapas bhej dein, dhanyavad.",No,No,No
spam,"Aapki insurance policy ka maturity amount Rs.14,607 ready hai. Payment paane ke liye apni bank passbook details bhejein.",No,No,No
spam,"PM Ujjwala Yojana Alert: Aap scheme ke tahat Rs.1,009 ke liye eligible hain. Claim karne ke liye apna Aadhaar aur bank account number share karein.",No,No,No
spam,PM Kisan Samman Nidhi Alert: Aap scheme ke tahat Rs.981 ke liye eligible hain. Claim karne ke liye apna Aadhaar aur bank account number share karein.,No,No,No
spam,"Badhai ho, LPG Subsidy Scheme ke tahat aapka application Rs.88,393 ke liye approve ho gaya hai. Disbursement ke liye apni bank details bhejein.",No,No,No
spam,"Galti se Rs.96,798 mere account se aapke account mein transfer ho gaye hain, jald se jald yqmaenf@oksbi par refund kar dein.",No,No,No
spam,PM Kisan Samman Nidhi: Aapka scholarship benefit Rs.515 transfer ke liye ready hai. Ise paane ke liye apni bank passbook details submit karein.,No,No,No
spam,PMAY Alert: Aap scheme ke tahat Rs.990 ke liye eligible hain. Claim karne ke liye apna Aadhaar aur bank account number share karein.,No,No,No
spam,"Maine galti se aapke Google Pay par Rs.942 bhej diya, kripya isse is UPI ID par refund kar dein: cxdmscuu@oksbi",No,No,No
spam,"LPG Subsidy Scheme Alert: Aap scheme ke tahat Rs.35,857 ke liye eligible hain. Claim karne ke liye apna Aadhaar aur bank account number share karein.",No,No,No
spam,"Aapki insurance policy ka maturity amount Rs.47,730 ready hai. Payment paane ke liye apni bank passbook details bhejein.",No,No,No
spam,"Hi, mujhe lagta hai maine kisi aur ko pay karte waqt aapko galti se Rs.3,522 bhej diya. Kripya jopenek93@okicici par wapas bhej dein, dhanyavad.",No,No,No
spam,Aapka HDFC Bank personal loan Rs.895 ka pre-approved hai. Process karne ke liye apni bank account aur Aadhaar details share karein.,No,No,No
spam,"LPG Subsidy Scheme: Aapka scholarship benefit Rs.70,314 transfer ke liye ready hai. Ise paane ke liye apni bank passbook details submit karein.",No,No,No
spam,"National Scholarship Portal: Aapka scholarship benefit Rs.3,201 transfer ke liye ready hai. Ise paane ke liye apni bank passbook details submit karein.",No,No,No
spam,"Aapka SBI personal loan Rs.9,978 ka pre-approved hai. Process karne ke liye apni bank account aur Aadhaar details share karein.",No,No,No
spam,"Post Matric Scholarship Alert: Aap scheme ke tahat Rs.5,271 ke liye eligible hain. Claim karne ke liye apna Aadhaar aur bank account number share karein.",No,No,No
spam,"Aapko Flipkart ke saath work-from-home job ke liye select kiya gaya hai. Rs.14,047 ka joining bonus paane ke liye apni bank details share karein.",No,No,No
spam,PMAY: Aapka scholarship benefit Rs.729 transfer ke liye ready hai. Ise paane ke liye apni bank passbook details submit karein.,No,No,No
spam,"Badhai ho, Post Matric Scholarship ke tahat aapka application Rs.881 ke liye approve ho gaya hai. Disbursement ke liye apni bank details bhejein.",No,No,No
spam,"Badhai ho, PM Kisan Samman Nidhi ke tahat aapka application Rs.41,204 ke liye approve ho gaya hai. Disbursement ke liye apni bank details bhejein.",No,No,No
spam,"Post Matric Scholarship Alert: Aap scheme ke tahat Rs.48,822 ke liye eligible hain. Claim karne ke liye apna Aadhaar aur bank account number share karein.",No,No,No
spam,"Sorry, maine galti se galat number par Rs.8,400 transfer kar diya, yeh aapka account lagta hai. Kripya wapas bhej dein krnchawa36@ibl par.",No,No,No
spam,"Sorry, maine galti se galat number par Rs.90,967 transfer kar diya, yeh aapka account lagta hai. Kripya wapas bhej dein klufbs@oksbi par.",No,No,No
spam,LPG Subsidy Scheme Alert: Aap scheme ke tahat Rs.524 ke liye eligible hain. Claim karne ke liye apna Aadhaar aur bank account number share karein.,No,No,No
spam,"Aapki insurance policy ka maturity amount Rs.6,904 ready hai. Payment paane ke liye apni bank passbook details bhejein.",No,No,No
spam,"Sorry, maine galti se galat number par Rs.5,561 transfer kar diya, yeh aapka account lagta hai. Kripya wapas bhej dein sczpyg@oksbi par.",No,No,No
spam,Aapko Wipro ke saath work-from-home job ke liye select kiya gaya hai. Rs.518 ka joining bonus paane ke liye apni bank details share karein.,No,No,No
spam,"PM Ujjwala Yojana Alert: Aap scheme ke tahat Rs.1,158 ke liye eligible hain. Claim karne ke liye apna Aadhaar aur bank account number share karein.",No,No,No
spam,"Badhai ho, State Scholarship Scheme ke tahat aapka application Rs.541 ke liye approve ho gaya hai. Disbursement ke liye apni bank details bhejein.",No,No,No
spam,Ayushman Bharat Alert: Aap scheme ke tahat Rs.938 ke liye eligible hain. Claim karne ke liye apna Aadhaar aur bank account number share karein.,No,No,No
spam,"Galti se Rs.5,392 mere account se aapke account mein transfer ho gaye hain, jald se jald imrmjrn87@ibl par refund kar dein.",No,No,No
spam,"Aapka Canara Bank personal loan Rs.85,688 ka pre-approved hai. Process karne ke liye apni bank account aur Aadhaar details share karein.",No,No,No
spam,"Badhai ho, Post Matric Scholarship ke tahat aapka application Rs.606 ke liye approve ho gaya hai. Disbursement ke liye apni bank details bhejein.",No,No,No
spam,"Aapko Infosys ke saath work-from-home job ke liye select kiya gaya hai. Rs.2,292 ka joining bonus paane ke liye apni bank details share karein.",No,No,No
spam,"LPG Subsidy Scheme Alert: Aap scheme ke tahat Rs.5,228 ke liye eligible hain. Claim karne ke liye apna Aadhaar aur bank account number share karein.",No,No,No
spam,Aapki insurance policy ka maturity amount Rs.886 ready hai. Payment paane ke liye apni bank passbook details bhejein.,No,No,No
spam,Aapko Infosys ke saath work-from-home job ke liye select kiya gaya hai. Rs.965 ka joining bonus paane ke liye apni bank details share karein.,No,No,No
spam,"Aapki insurance policy ka maturity amount Rs.85,345 ready hai. Payment paane ke liye apni bank passbook details bhejein.",No,No,No
spam,"Maine galti se aapke Paytm par Rs.64,216 bhej diya, kripya isse is UPI ID par refund kar dein: htdngmyz23@ybl",No,No,No
spam,"Aapki insurance policy ka maturity amount Rs.65,889 ready hai. Payment paane ke liye apni bank passbook details bhejein.",No,No,No
spam,"Badhai ho, Ayushman Bharat ke tahat aapka application Rs.990 ke liye approve ho gaya hai. Disbursement ke liye apni bank details bhejein.",No,No,No
spam,"Maine galti se aapke Amazon Pay par Rs.6,223 bhej diya, kripya isse is UPI ID par refund kar dein: mamqgv72@ybl",No,No,No
spam,State Scholarship Scheme: Aapka scholarship benefit Rs.867 transfer ke liye ready hai. Ise paane ke liye apni bank passbook details submit karein.,No,No,No
spam,"National Scholarship Portal: Aapka scholarship benefit Rs.67,409 transfer ke liye ready hai. Ise paane ke liye apni bank passbook details submit karein.",No,No,No
spam,"Hi, mujhe lagta hai maine kisi aur ko pay karte waqt aapko galti se Rs.58,632 bhej diya. Kripya sleeoymk@axl par wapas bhej dein, dhanyavad.",No,No,No
spam,"Badhai ho, LPG Subsidy Scheme ke tahat aapka application Rs.4,484 ke liye approve ho gaya hai. Disbursement ke liye apni bank details bhejein.",No,No,No
spam,"Aapka Axis Bank personal loan Rs.3,488 ka pre-approved hai. Process karne ke liye apni bank account aur Aadhaar details share karein.",No,No,No
spam,"Badhai ho, State Scholarship Scheme ke tahat aapka application Rs.41,356 ke liye approve ho gaya hai. Disbursement ke liye apni bank details bhejein.",No,No,No
spam,"Aapka Axis Bank personal loan Rs.7,008 ka pre-approved hai. Process karne ke liye apni bank account aur Aadhaar details share karein.",No,No,No
spam,"Badhai ho, State Scholarship Scheme ke tahat aapka application Rs.6,546 ke liye approve ho gaya hai. Disbursement ke liye apni bank details bhejein.",No,No,No
spam,"Aapki insurance policy ka maturity amount Rs.8,585 ready hai. Payment paane ke liye apni bank passbook details bhejein.",No,No,No
spam,"Maine galti se aapke Google Pay par Rs.655 bhej diya, kripya isse is UPI ID par refund kar dein: ozmpsekv33@oksbi",No,No,No
spam,"Sorry, maine galti se galat number par Rs.5,818 transfer kar diya, yeh aapka account lagta hai. Kripya wapas bhej dein aajve71@okicici par.",No,No,No
spam,"Maine galti se aapke Google Pay par Rs.981 bhej diya, kripya isse is UPI ID par refund kar dein: phhroibi@ibl",No,No,No
spam,"Post Matric Scholarship: Aapka scholarship benefit Rs.43,983 transfer ke liye ready hai. Ise paane ke liye apni bank passbook details submit karein.",No,No,No
spam,"PMAY: Aapka scholarship benefit Rs.16,542 transfer ke liye ready hai. Ise paane ke liye apni bank passbook details submit karein.",No,No,No
spam,"Maine galti se aapke Google Pay par Rs.891 bhej diya, kripya isse is UPI ID par refund kar dein: vkwer@ybl",No,No,No
spam,"Ayushman Bharat: Aapka scholarship benefit Rs.6,125 transfer ke liye ready hai. Ise paane ke liye apni bank passbook details submit karein.",No,No,No
spam,"State Scholarship Scheme: Aapka scholarship benefit Rs.18,391 transfer ke liye ready hai. Ise paane ke liye apni bank passbook details submit karein.",No,No,No
spam,"Galti se Rs.995 mere account se aapke account mein transfer ho gaye hain, jald se jald sysnn@okicici par refund kar dein.",No,No,No
spam,"Galti se Rs.540 mere account se aapke account mein transfer ho gaye hain, jald se jald qbiyygv65@oksbi par refund kar dein.",No,No,No
spam,"Sorry, maine galti se galat number par Rs.6,500 transfer kar diya, yeh aapka account lagta hai. Kripya wapas bhej dein osodsp@ibl par.",No,No,No
spam,"Hi, mujhe lagta hai maine kisi aur ko pay karte waqt aapko galti se Rs.4,267 bhej diya. Kripya awuhfcfo@paytm par wapas bhej dein, dhanyavad.",No,No,No
spam,"Maine galti se aapke Google Pay par Rs.6,045 bhej diya, kripya isse is UPI ID par refund kar dein: icpdb@ybl",No,No,No
spam,"Post Matric Scholarship Alert: Aap scheme ke tahat Rs.4,361 ke liye eligible hain. Claim karne ke liye apna Aadhaar aur bank account number share karein.",No,No,No
spam,"Badhai ho, National Scholarship Portal ke tahat aapka application Rs.16,872 ke liye approve ho gaya hai. Disbursement ke liye apni bank details bhejein.",No,No,No
spam,"Aapko HCL ke saath work-from-home job ke liye select kiya gaya hai. Rs.70,330 ka joining bonus paane ke liye apni bank details share karein.",No,No,No
spam,"Aapka SBI personal loan Rs.13,124 ka pre-approved hai. Process karne ke liye apni bank account aur Aadhaar details share karein.",No,No,No
spam,Aapki insurance policy ka maturity amount Rs.743 ready hai. Payment paane ke liye apni bank passbook details bhejein.,No,No,No
spam,"Sorry, maine galti se galat number par Rs.757 transfer kar diya, yeh aapka account lagta hai. Kripya wapas bhej dein drhwqqwp61@paytm par.",No,No,No
spam,"Maine galti se aapke Amazon Pay par Rs.96,430 bhej diya, kripya isse is UPI ID par refund kar dein: hdvtnfd64@axl",No,No,No
spam,"Hi, mujhe lagta hai maine kisi aur ko pay karte waqt aapko galti se Rs.94,536 bhej diya. Kripya jjxuuai@axl par wapas bhej dein, dhanyavad.",No,No,No
spam,"PMAY: Aapka scholarship benefit Rs.66,111 transfer ke liye ready hai. Ise paane ke liye apni bank passbook details submit karein.",No,No,No
spam,"Galti se Rs.79,130 mere account se aapke account mein transfer ho gaye hain, jald se jald cwszpnlm57@oksbi par refund kar dein.",No,No,No
spam,Aapka Punjab National Bank personal loan Rs.853 ka pre-approved hai. Process karne ke liye apni bank account aur Aadhaar details share karein.,No,No,No
spam,"Aapko Flipkart ke saath work-from-home job ke liye select kiya gaya hai. Rs.70,223 ka joining bonus paane ke liye apni bank details share karein.",No,No,No
spam,"Aapki insurance policy ka maturity amount Rs.51,215 ready hai. Payment paane ke liye apni bank passbook details bhejein.",No,No,No
spam,"Galti se Rs.77,295 mere account se aapke account mein transfer ho gaye hain, jald se jald vrdai@okicici par refund kar dein.",No,No,No
spam,"Hi, mujhe lagta hai maine kisi aur ko pay karte waqt aapko galti se Rs.49,733 bhej diya. Kripya dbqiwn27@axl par wapas bhej dein, dhanyavad.",No,No,No
spam,"Hi, mujhe lagta hai maine kisi aur ko pay karte waqt aapko galti se Rs.72,216 bhej diya. Kripya mvzkogrw@okicici par wapas bhej dein, dhanyavad.",No,No,No
spam,"Badhai ho, State Scholarship Scheme ke tahat aapka application Rs.89,802 ke liye approve ho gaya hai. Disbursement ke liye apni bank details bhejein.",No,No,No
spam,"Hi, mujhe lagta hai maine kisi aur ko pay karte waqt aapko galti se Rs.9,982 bhej diya. Kripya nozpkte14@ybl par wapas bhej dein, dhanyavad.",No,No,No
spam,Ayushman Bharat: Aapka scholarship benefit Rs.777 transfer ke liye ready hai. Ise paane ke liye apni bank passbook details submit karein.,No,No,No
spam,"Galti se Rs.918 mere account se aapke account mein transfer ho gaye hain, jald se jald vuoer@ibl par refund kar dein.",No,No,No
spam,Post Matric Scholarship Alert: Aap scheme ke tahat Rs.963 ke liye eligible hain. Claim karne ke liye apna Aadhaar aur bank account number share karein.,No,No,No
spam,"Hi, mujhe lagta hai maine kisi aur ko pay karte waqt aapko galti se Rs.3,883 bhej diya. Kripya flylo@ibl par wapas bhej dein, dhanyavad.",No,No,No
spam,"Maine galti se aapke Amazon Pay par Rs.863 bhej diya, kripya isse is UPI ID par refund kar dein: ysekems@okhdfcbank",No,No,No
spam,Aapki insurance policy ka maturity amount Rs.716 ready hai. Payment paane ke liye apni bank passbook details bhejein.,No,No,No
spam,"Aapko Wipro ke saath work-from-home job ke liye select kiya gaya hai. Rs.14,427 ka joining bonus paane ke liye apni bank details share karein.",No,No,No
spam,"Hi, mujhe lagta hai maine kisi aur ko pay karte waqt aapko galti se Rs.771 bhej diya. Kripya uhkuhew@ibl par wapas bhej dein, dhanyavad.",No,No,No
spam,"Badhai ho, Post Matric Scholarship ke tahat aapka application Rs.700 ke liye approve ho gaya hai. Disbursement ke liye apni bank details bhejein.",No,No,No
spam,"Hi, mujhe lagta hai maine kisi aur ko pay karte waqt aapko galti se Rs.5,049 bhej diya. Kripya lpxttb35@ibl par wapas bhej dein, dhanyavad.",No,No,No
spam,"Badhai ho, National Scholarship Portal ke tahat aapka application Rs.7,800 ke liye approve ho gaya hai. Disbursement ke liye apni bank details bhejein.",No,No,No
spam,"Aapko Wipro ke saath work-from-home job ke liye select kiya gaya hai. Rs.7,760 ka joining bonus paane ke liye apni bank details share karein.",No,No,No
spam,"PMAY Alert: Aap scheme ke tahat Rs.4,681 ke liye eligible hain. Claim karne ke liye apna Aadhaar aur bank account number share karein.",No,No,No
spam,Ayushman Bharat Alert: Aap scheme ke tahat Rs.723 ke liye eligible hain. Claim karne ke liye apna Aadhaar aur bank account number share karein.,No,No,No
spam,"Aapka SBI personal loan Rs.4,281 ka pre-approved hai. Process karne ke liye apni bank account aur Aadhaar details share karein.",No,No,No
spam,"Post Matric Scholarship Alert: Aap scheme ke tahat Rs.2,740 ke liye eligible hain. Claim karne ke liye apna Aadhaar aur bank account number share karein.",No,No,No
spam,Aapka Bank of Baroda personal loan Rs.826 ka pre-approved hai. Process karne ke liye apni bank account aur Aadhaar details share karein.,No,No,No
spam,"Aapki insurance policy ka maturity amount Rs.94,195 ready hai. Payment paane ke liye apni bank passbook details bhejein.",No,No,No
spam,Aapka SBI personal loan Rs.680 ka pre-approved hai. Process karne ke liye apni bank account aur Aadhaar details share karein.,No,No,No
spam,"Sorry, maine galti se galat number par Rs.1,133 transfer kar diya, yeh aapka account lagta hai. Kripya wapas bhej dein uetzphk25@axl par.",No,No,No
spam,"Badhai ho, National Scholarship Portal ke tahat aapka application Rs.37,176 ke liye approve ho gaya hai. Disbursement ke liye apni bank details bhejein.",No,No,No
spam,"Galti se Rs.4,092 mere account se aapke account mein transfer ho gaye hain, jald se jald qacsvnw58@okhdfcbank par refund kar dein.",No,No,No
spam,"PMAY: Aapka scholarship benefit Rs.81,702 transfer ke liye ready hai. Ise paane ke liye apni bank passbook details submit karein.",No,No,No
spam,Ayushman Bharat: Aapka scholarship benefit Rs.818 transfer ke liye ready hai. Ise paane ke liye apni bank passbook details submit karein.,No,No,No
spam,"Maine galti se aapke Amazon Pay par Rs.3,070 bhej diya, kripya isse is UPI ID par refund kar dein: opbqeeb31@ybl",No,No,No
spam,"Galti se Rs.83,332 mere account se aapke account mein transfer ho gaye hain, jald se jald iamvro@ybl par refund kar dein.",No,No,No
spam,"Maine galti se aapke Amazon Pay par Rs.804 bhej diya, kripya isse is UPI ID par refund kar dein: uiflej@oksbi",No,No,No
spam,"Hi, mujhe lagta hai maine kisi aur ko pay karte waqt aapko galti se Rs.761 bhej diya. Kripya hxvgg71@oksbi par wapas bhej dein, dhanyavad.",No,No,No
spam,"Aapka ICICI Bank personal loan Rs.5,371 ka pre-approved hai. Process karne ke liye apni bank account aur Aadhaar details share karein.",No,No,No
spam,"Ayushman Bharat: Aapka scholarship benefit Rs.5,523 transfer ke liye ready hai. Ise paane ke liye apni bank passbook details submit karein.",No,No,No
spam,"Aapko Infosys ke saath work-from-home job ke liye select kiya gaya hai. Rs.3,269 ka joining bonus paane ke liye apni bank details share karein.",No,No,No
spam,"Hi, mujhe lagta hai maine kisi aur ko pay karte waqt aapko galti se Rs.625 bhej diya. Kripya effgwp68@ybl par wapas bhej dein, dhanyavad.",No,No,No
spam,State Scholarship Scheme Alert: Aap scheme ke tahat Rs.715 ke liye eligible hain. Claim karne ke liye apna Aadhaar aur bank account number share karein.,No,No,No
spam,"Maine galti se aapke Paytm par Rs.16,181 bhej diya, kripya isse is UPI ID par refund kar dein: dizokwn@paytm",No,No,No
spam,"Badhai ho, PMAY ke tahat aapka application Rs.51,849 ke liye approve ho gaya hai. Disbursement ke liye apni bank details bhejein.",No,No,No
spam,"Post Matric Scholarship Alert: Aap scheme ke tahat Rs.56,630 ke liye eligible hain. Claim karne ke liye apna Aadhaar aur bank account number share karein.",No,No,No
spam,Aapka SBI personal loan Rs.773 ka pre-approved hai. Process karne ke liye apni bank account aur Aadhaar details share karein.,No,No,No
spam,"Badhai ho, LPG Subsidy Scheme ke tahat aapka application Rs.5,013 ke liye approve ho gaya hai. Disbursement ke liye apni bank details bhejein.",No,No,No
spam,"Hi, mujhe lagta hai maine kisi aur ko pay karte waqt aapko galti se Rs.664 bhej diya. Kripya cghwbgvu54@okicici par wapas bhej dein, dhanyavad.",No,No,No
spam,"Galti se Rs.575 mere account se aapke account mein transfer ho gaye hain, jald se jald zuyeadw58@axl par refund kar dein.",No,No,No
spam,LPG Subsidy Scheme Alert: Aap scheme ke tahat Rs.564 ke liye eligible hain. Claim karne ke liye apna Aadhaar aur bank account number share karein.,No,No,No
spam,"Sorry, maine galti se galat number par Rs.4,806 transfer kar diya, yeh aapka account lagta hai. Kripya wapas bhej dein jmpbiscm25@oksbi par.",No,No,No
spam,"Sorry, maine galti se galat number par Rs.9,398 transfer kar diya, yeh aapka account lagta hai. Kripya wapas bhej dein qgtegj83@paytm par.",No,No,No
spam,"Sorry, maine galti se galat number par Rs.708 transfer kar diya, yeh aapka account lagta hai. Kripya wapas bhej dein afvgbegn24@axl par.",No,No,No
spam,"Badhai ho, Ayushman Bharat ke tahat aapka application Rs.55,050 ke liye approve ho gaya hai. Disbursement ke liye apni bank details bhejein.",No,No,No
spam,"Aapka Bank of Baroda personal loan Rs.4,974 ka pre-approved hai. Process karne ke liye apni bank account aur Aadhaar details share karein.",No,No,No
spam,"Badhai ho, Post Matric Scholarship ke tahat aapka application Rs.9,203 ke liye approve ho gaya hai. Disbursement ke liye apni bank details bhejein.",No,No,No
spam,"Sorry, maine galti se galat number par Rs.25,098 transfer kar diya, yeh aapka account lagta hai. Kripya wapas bhej dein nencul25@ybl par.",No,No,No
spam,"Hi, mujhe lagta hai maine kisi aur ko pay karte waqt aapko galti se Rs.857 bhej diya. Kripya dqillfs62@oksbi par wapas bhej dein, dhanyavad.",No,No,No
spam,"Galti se Rs.34,847 mere account se aapke account mein transfer ho gaye hain, jald se jald kpcsaji77@oksbi par refund kar dein.",No,No,No
spam,"Hi, mujhe lagta hai maine kisi aur ko pay karte waqt aapko galti se Rs.644 bhej diya. Kripya nmexzsi@axl par wapas bhej dein, dhanyavad.",No,No,No
spam,"Aapko Wipro ke saath work-from-home job ke liye select kiya gaya hai. Rs.88,576 ka joining bonus paane ke liye apni bank details share karein.",No,No,No
spam,"Sorry, maine galti se galat number par Rs.80,554 transfer kar diya, yeh aapka account lagta hai. Kripya wapas bhej dein lnuajhy@okhdfcbank par.",No,No,No
spam,"Aapki insurance policy ka maturity amount Rs.82,778 ready hai. Payment paane ke liye apni bank passbook details bhejein.",No,No,No
spam,"Aapki insurance policy ka maturity amount Rs.77,307 ready hai. Payment paane ke liye apni bank passbook details bhejein.",No,No,No
spam,"Sorry, maine galti se galat number par Rs.5,465 transfer kar diya, yeh aapka account lagta hai. Kripya wapas bhej dein bnddmosj90@okhdfcbank par.",No,No,No
spam,"Maine galti se aapke Google Pay par Rs.2,913 bhej diya, kripya isse is UPI ID par refund kar dein: tlmkmptj@ybl",No,No,No
spam,"Post Matric Scholarship: Aapka scholarship benefit Rs.6,922 transfer ke liye ready hai. Ise paane ke liye apni bank passbook details submit karein.",No,No,No
spam,"Aapki insurance policy ka maturity amount Rs.6,441 ready hai. Payment paane ke liye apni bank passbook details bhejein.",No,No,No
spam,"Hi, mujhe lagta hai maine kisi aur ko pay karte waqt aapko galti se Rs.87,136 bhej diya. Kripya xycjm@okicici par wapas bhej dein, dhanyavad.",No,No,No
spam,Aapko Reliance ke saath work-from-home job ke liye select kiya gaya hai. Rs.830 ka joining bonus paane ke liye apni bank details share karein.,No,No,No
spam,Aapko TCS ke saath work-from-home job ke liye select kiya gaya hai. Rs.867 ka joining bonus paane ke liye apni bank details share karein.,No,No,No
spam,Aapko Reliance ke saath work-from-home job ke liye select kiya gaya hai. Rs.922 ka joining bonus paane ke liye apni bank details share karein.,No,No,No
spam,"Hi, mujhe lagta hai maine kisi aur ko pay karte waqt aapko galti se Rs.680 bhej diya. Kripya gmtfdel@okhdfcbank par wapas bhej dein, dhanyavad.",No,No,No
spam,"Sorry, maine galti se galat number par Rs.58,010 transfer kar diya, yeh aapka account lagta hai. Kripya wapas bhej dein issejo99@okicici par.",No,No,No
spam,"Sorry, maine galti se galat number par Rs.541 transfer kar diya, yeh aapka account lagta hai. Kripya wapas bhej dein xigmk@axl par.",No,No,No
spam,"Hi, mujhe lagta hai maine kisi aur ko pay karte waqt aapko galti se Rs.7,037 bhej diya. Kripya frvtizsz49@okicici par wapas bhej dein, dhanyavad.",No,No,No
spam,"Maine galti se aapke PhonePe par Rs.6,411 bhej diya, kripya isse is UPI ID par refund kar dein: nvgwbg@ibl",No,No,No
spam,"Badhai ho, PM Ujjwala Yojana ke tahat aapka application Rs.537 ke liye approve ho gaya hai. Disbursement ke liye apni bank details bhejein.",No,No,No
spam,"Badhai ho, PMAY ke tahat aapka application Rs.2,123 ke liye approve ho gaya hai. Disbursement ke liye apni bank details bhejein.",No,No,No
spam,"PM Kisan Samman Nidhi Alert: Aap scheme ke tahat Rs.70,388 ke liye eligible hain. Claim karne ke liye apna Aadhaar aur bank account number share karein.",No,No,No
spam,"Sorry, maine galti se galat number par Rs.4,356 transfer kar diya, yeh aapka account lagta hai. Kripya wapas bhej dein xqaaai@paytm par.",No,No,No
spam,"Aapki insurance policy ka maturity amount Rs.4,208 ready hai. Payment paane ke liye apni bank passbook details bhejein.",No,No,No
spam,"Hi, mujhe lagta hai maine kisi aur ko pay karte waqt aapko galti se Rs.1,939 bhej diya. Kripya vpxtlxlv56@axl par wapas bhej dein, dhanyavad.",No,No,No
spam,"Maine galti se aapke Google Pay par Rs.3,097 bhej diya, kripya isse is UPI ID par refund kar dein: gizwmwph@okicici",No,No,No
spam,"Aapki insurance policy ka maturity amount Rs.8,741 ready hai. Payment paane ke liye apni bank passbook details bhejein.",No,No,No
spam,"Maine galti se aapke Paytm par Rs.76,790 bhej diya, kripya isse is UPI ID par refund kar dein: pnjbzkua64@okhdfcbank",No,No,No
spam,"Aapko Amazon ke saath work-from-home job ke liye select kiya gaya hai. Rs.2,073 ka joining bonus paane ke liye apni bank details share karein.",No,No,No
spam,"Ayushman Bharat: Aapka scholarship benefit Rs.36,746 transfer ke liye ready hai. Ise paane ke liye apni bank passbook details submit karein.",No,No,No
spam,"Hi, mujhe lagta hai maine kisi aur ko pay karte waqt aapko galti se Rs.893 bhej diya. Kripya ztvdukxz80@paytm par wapas bhej dein, dhanyavad.",No,No,No
spam,"Aapko Flipkart ke saath work-from-home job ke liye select kiya gaya hai. Rs.1,670 ka joining bonus paane ke liye apni bank details share karein.",No,No,No
spam,"Sorry, maine galti se galat number par Rs.2,426 transfer kar diya, yeh aapka account lagta hai. Kripya wapas bhej dein ahayizzu@ibl par.",No,No,No
spam,"Sorry, maine galti se galat number par Rs.8,683 transfer kar diya, yeh aapka account lagta hai. Kripya wapas bhej dein snjrkf@oksbi par.",No,No,No
spam,"PM Ujjwala Yojana Alert: Aap scheme ke tahat Rs.32,881 ke liye eligible hain. Claim karne ke liye apna Aadhaar aur bank account number share karein.",No,No,No
spam,Aapko HCL ke saath work-from-home job ke liye select kiya gaya hai. Rs.648 ka joining bonus paane ke liye apni bank details share karein.,No,No,No
spam,"Sorry, maine galti se galat number par Rs.736 transfer kar diya, yeh aapka account lagta hai. Kripya wapas bhej dein vrsdkgjx@okicici par.",No,No,No
spam,"Aapka ICICI Bank personal loan Rs.97,889 ka pre-approved hai. Process karne ke liye apni bank account aur Aadhaar details share karein.",No,No,No
spam,"Galti se Rs.814 mere account se aapke account mein transfer ho gaye hain, jald se jald gwpfsv38@ybl par refund kar dein.",No,No,No
spam,"Hi, mujhe lagta hai maine kisi aur ko pay karte waqt aapko galti se Rs.44,553 bhej diya. Kripya qdjkuz88@paytm par wapas bhej dein, dhanyavad.",No,No,No
spam,Ayushman Bharat: Aapka scholarship benefit Rs.526 transfer ke liye ready hai. Ise paane ke liye apni bank passbook details submit karein.,No,No,No
spam,"Sorry, maine galti se galat number par Rs.5,209 transfer kar diya, yeh aapka account lagta hai. Kripya wapas bhej dein jwidcz58@paytm par.",No,No,No
spam,"Hi, mujhe lagta hai maine kisi aur ko pay karte waqt aapko galti se Rs.955 bhej diya. Kripya egpnsrd76@axl par wapas bhej dein, dhanyavad.",No,No,No
spam,"PMAY Alert: Aap scheme ke tahat Rs.56,089 ke liye eligible hain. Claim karne ke liye apna Aadhaar aur bank account number share karein.",No,No,No
spam,"Aapka Bank of Baroda personal loan Rs.2,252 ka pre-approved hai. Process karne ke liye apni bank account aur Aadhaar details share karein.",No,No,No
spam,"Aapko Reliance ke saath work-from-home job ke liye select kiya gaya hai. Rs.61,389 ka joining bonus paane ke liye apni bank details share karein.",No,No,No
spam,"Aapko Amazon ke saath work-from-home job ke liye select kiya gaya hai. Rs.9,330 ka joining bonus paane ke liye apni bank details share karein.",No,No,No
spam,"Sorry, maine galti se galat number par Rs.955 transfer kar diya, yeh aapka account lagta hai. Kripya wapas bhej dein bdnddhqs@paytm par.",No,No,No
spam,"Aapka Canara Bank personal loan Rs.5,980 ka pre-approved hai. Process karne ke liye apni bank account aur Aadhaar details share karein.",No,No,No
spam,PM Kisan Samman Nidhi: Aapka scholarship benefit Rs.772 transfer ke liye ready hai. Ise paane ke liye apni bank passbook details submit karein.,No,No,No
spam,Aapka Punjab National Bank personal loan Rs.672 ka pre-approved hai. Process karne ke liye apni bank account aur Aadhaar details share karein.,No,No,No
spam,"PM Ujjwala Yojana: Aapka scholarship benefit Rs.99,928 transfer ke liye ready hai. Ise paane ke liye apni bank passbook details submit karein.",No,No,No
spam,"Aapka ICICI Bank personal loan Rs.87,454 ka pre-approved hai. Process karne ke liye apni bank account aur Aadhaar details share karein.",No,No,No
spam,"Badhai ho, Ayushman Bharat ke tahat aapka application Rs.24,243 ke liye approve ho gaya hai. Disbursement ke liye apni bank details bhejein.",No,No,No
spam,"Sorry, maine galti se galat number par Rs.5,190 transfer kar diya, yeh aapka account lagta hai. Kripya wapas bhej dein lxhej@ybl par.",No,No,No
spam,"Aapki insurance policy ka maturity amount Rs.22,158 ready hai. Payment paane ke liye apni bank passbook details bhejein.",No,No,No
spam,"Hi, mujhe lagta hai maine kisi aur ko pay karte waqt aapko galti se Rs.80,532 bhej diya. Kripya tphsa41@okicici par wapas bhej dein, dhanyavad.",No,No,No
spam,Aapki insurance policy ka maturity amount Rs.795 ready hai. Payment paane ke liye apni bank passbook details bhejein.,No,No,No
spam,"Galti se Rs.559 mere account se aapke account mein transfer ho gaye hain, jald se jald qbffbsk@ibl par refund kar dein.",No,No,No
spam,"Hi, mujhe lagta hai maine kisi aur ko pay karte waqt aapko galti se Rs.56,150 bhej diya. Kripya ivszskm30@oksbi par wapas bhej dein, dhanyavad.",No,No,No
spam,"Aapki insurance policy ka maturity amount Rs.7,408 ready hai. Payment paane ke liye apni bank passbook details bhejein.",No,No,No
spam,PM Ujjwala Yojana: Aapka scholarship benefit Rs.655 transfer ke liye ready hai. Ise paane ke liye apni bank passbook details submit karein.,No,No,No
spam,"PM Kisan Samman Nidhi Alert: Aap scheme ke tahat Rs.3,578 ke liye eligible hain. Claim karne ke liye apna Aadhaar aur bank account number share karein.",No,No,No
spam,"Hi, mujhe lagta hai maine kisi aur ko pay karte waqt aapko galti se Rs.79,464 bhej diya. Kripya sfzic51@okicici par wapas bhej dein, dhanyavad.",No,No,No
spam,"Aapki insurance policy ka maturity amount Rs.1,541 ready hai. Payment paane ke liye apni bank passbook details bhejein.",No,No,No
spam,Aapko Infosys ke saath work-from-home job ke liye select kiya gaya hai. Rs.822 ka joining bonus paane ke liye apni bank details share karein.,No,No,No
spam,State Scholarship Scheme: Aapka scholarship benefit Rs.882 transfer ke liye ready hai. Ise paane ke liye apni bank passbook details submit karein.,No,No,No
spam,"Sorry, maine galti se galat number par Rs.6,405 transfer kar diya, yeh aapka account lagta hai. Kripya wapas bhej dein aebtaeg@axl par.",No,No,No
spam,"Ayushman Bharat Alert: Aap scheme ke tahat Rs.84,090 ke liye eligible hain. Claim karne ke liye apna Aadhaar aur bank account number share karein.",No,No,No
spam,"Aapko HCL ke saath work-from-home job ke liye select kiya gaya hai. Rs.4,343 ka joining bonus paane ke liye apni bank details share karein.",No,No,No
spam,"Badhai ho, PM Ujjwala Yojana ke tahat aapka application Rs.34,007 ke liye approve ho gaya hai. Disbursement ke liye apni bank details bhejein.",No,No,No
spam,"Aapka Kotak Mahindra Bank personal loan Rs.95,452 ka pre-approved hai. Process karne ke liye apni bank account aur Aadhaar details share karein.",No,No,No
spam,"Aapki insurance policy ka maturity amount Rs.1,604 ready hai. Payment paane ke liye apni bank passbook details bhejein.",No,No,No
spam,National Scholarship Portal Alert: Aap scheme ke tahat Rs.759 ke liye eligible hain. Claim karne ke liye apna Aadhaar aur bank account number share karein.,No,No,No
spam,"Aapka ICICI Bank personal loan Rs.87,395 ka pre-approved hai. Process karne ke liye apni bank account aur Aadhaar details share karein.",No,No,No
spam,State Scholarship Scheme Alert: Aap scheme ke tahat Rs.589 ke liye eligible hain. Claim karne ke liye apna Aadhaar aur bank account number share karein.,No,No,No
spam,"Aapki insurance policy ka maturity amount Rs.1,701 ready hai. Payment paane ke liye apni bank passbook details bhejein.",No,No,No
spam,"Hi, mujhe lagta hai maine kisi aur ko pay karte waqt aapko galti se Rs.73,404 bhej diya. Kripya rclatda@okhdfcbank par wapas bhej dein, dhanyavad.",No,No,No
spam,"Maine galti se aapke PhonePe par Rs.9,735 bhej diya, kripya isse is UPI ID par refund kar dein: rbtddmsk31@ybl",No,No,No
spam,"Aapka ICICI Bank personal loan Rs.1,823 ka pre-approved hai. Process karne ke liye apni bank account aur Aadhaar details share karein.",No,No,No
spam,"Badhai ho, Ayushman Bharat ke tahat aapka application Rs.2,367 ke liye approve ho gaya hai. Disbursement ke liye apni bank details bhejein.",No,No,No
spam,"Aapko Amazon ke saath work-from-home job ke liye select kiya gaya hai. Rs.40,582 ka joining bonus paane ke liye apni bank details share karein.",No,No,No
spam,"Badhai ho, State Scholarship Scheme ke tahat aapka application Rs.32,292 ke liye approve ho gaya hai. Disbursement ke liye apni bank details bhejein.",No,No,No
spam,"PM Kisan Samman Nidhi: Aapka scholarship benefit Rs.2,474 transfer ke liye ready hai. Ise paane ke liye apni bank passbook details submit karein.",No,No,No
spam,"Aapki insurance policy ka maturity amount Rs.7,133 ready hai. Payment paane ke liye apni bank passbook details bhejein.",No,No,No
spam,"Aapka Axis Bank personal loan Rs.83,570 ka pre-approved hai. Process karne ke liye apni bank account aur Aadhaar details share karein.",No,No,No
spam,"Galti se Rs.997 mere account se aapke account mein transfer ho gaye hain, jald se jald avcaqu@okicici par refund kar dein.",No,No,No
spam,"Aapka Kotak Mahindra Bank personal loan Rs.8,986 ka pre-approved hai. Process karne ke liye apni bank account aur Aadhaar details share karein.",No,No,No
spam,"Hi, mujhe lagta hai maine kisi aur ko pay karte waqt aapko galti se Rs.741 bhej diya. Kripya bujsi@ibl par wapas bhej dein, dhanyavad.",No,No,No
spam,"Maine galti se aapke PhonePe par Rs.93,358 bhej diya, kripya isse is UPI ID par refund kar dein: bbhfjpem17@ybl",No,No,No
spam,"Badhai ho, PM Kisan Samman Nidhi ke tahat aapka application Rs.764 ke liye approve ho gaya hai. Disbursement ke liye apni bank details bhejein.",No,No,No
spam,"Aapko Wipro ke saath work-from-home job ke liye select kiya gaya hai. Rs.24,767 ka joining bonus paane ke liye apni bank details share karein.",No,No,No
spam,"Galti se Rs.1,013 mere account se aapke account mein transfer ho gaye hain, jald se jald mutcc54@ibl par refund kar dein.",No,No,No
spam,"Hi, mujhe lagta hai maine kisi aur ko pay karte waqt aapko galti se Rs.870 bhej diya. Kripya juweoze@okhdfcbank par wapas bhej dein, dhanyavad.",No,No,No
spam,"Aapka Bank of Baroda personal loan Rs.7,046 ka pre-approved hai. Process karne ke liye apni bank account aur Aadhaar details share karein.",No,No,No
spam,"Badhai ho, National Scholarship Portal ke tahat aapka application Rs.62,284 ke liye approve ho gaya hai. Disbursement ke liye apni bank details bhejein.",No,No,No
spam,Aapko Amazon ke saath work-from-home job ke liye select kiya gaya hai. Rs.919 ka joining bonus paane ke liye apni bank details share karein.,No,No,No
spam,"PMAY Alert: Aap scheme ke tahat Rs.6,572 ke liye eligible hain. Claim karne ke liye apna Aadhaar aur bank account number share karein.",No,No,No
spam,"Aapko Flipkart ke saath work-from-home job ke liye select kiya gaya hai. Rs.4,623 ka joining bonus paane ke liye apni bank details share karein.",No,No,No
spam,"Sorry, maine galti se galat number par Rs.921 transfer kar diya, yeh aapka account lagta hai. Kripya wapas bhej dein dxyey@axl par.",No,No,No
spam,"Maine galti se aapke Amazon Pay par Rs.93,276 bhej diya, kripya isse is UPI ID par refund kar dein: mohdwe@ibl",No,No,No
spam,"Sorry, maine galti se galat number par Rs.52,912 transfer kar diya, yeh aapka account lagta hai. Kripya wapas bhej dein iumqwh@ibl par.",No,No,No
spam,"Sorry, maine galti se galat number par Rs.41,700 transfer kar diya, yeh aapka account lagta hai. Kripya wapas bhej dein nedol41@axl par.",No,No,No
spam,"Galti se Rs.747 mere account se aapke account mein transfer ho gaye hain, jald se jald zdrhpqc71@ybl par refund kar dein.",No,No,No
spam,"Aapki insurance policy ka maturity amount Rs.50,777 ready hai. Payment paane ke liye apni bank passbook details bhejein.",No,No,No
spam,"Sorry, maine galti se galat number par Rs.761 transfer kar diya, yeh aapka account lagta hai. Kripya wapas bhej dein htshmrj53@ybl par.",No,No,No
spam,"Sorry, maine galti se galat number par Rs.703 transfer kar diya, yeh aapka account lagta hai. Kripya wapas bhej dein qvrvrxg13@okicici par.",No,No,No
spam,"Post Matric Scholarship Alert: Aap scheme ke tahat Rs.4,818 ke liye eligible hain. Claim karne ke liye apna Aadhaar aur bank account number share karein.",No,No,No
spam,"Maine galti se aapke PhonePe par Rs.4,577 bhej diya, kripya isse is UPI ID par refund kar dein: zqmiat@oksbi",No,No,No
spam,"Badhai ho, PM Ujjwala Yojana ke tahat aapka application Rs.84,289 ke liye approve ho gaya hai. Disbursement ke liye apni bank details bhejein.",No,No,No
spam,"Badhai ho, Ayushman Bharat ke tahat aapka application Rs.41,207 ke liye approve ho gaya hai. Disbursement ke liye apni bank details bhejein.",No,No,No
spam,"Maine galti se aapke Amazon Pay par Rs.541 bhej diya, kripya isse is UPI ID par refund kar dein: aumrp69@okicici",No,No,No
spam,"Ayushman Bharat: Aapka scholarship benefit Rs.7,931 transfer ke liye ready hai. Ise paane ke liye apni bank passbook details submit karein.",No,No,No
spam,"Aapka ICICI Bank personal loan Rs.76,498 ka pre-approved hai. Process karne ke liye apni bank account aur Aadhaar details share karein.",No,No,No
spam,"Hi, mujhe lagta hai maine kisi aur ko pay karte waqt aapko galti se Rs.790 bhej diya. Kripya fkgsswao@oksbi par wapas bhej dein, dhanyavad.",No,No,No
spam,"Sorry, maine galti se galat number par Rs.29,407 transfer kar diya, yeh aapka account lagta hai. Kripya wapas bhej dein lbmlrs@ibl par.",No,No,No
spam,"Galti se Rs.5,222 mere account se aapke account mein transfer ho gaye hain, jald se jald qnhgce15@axl par refund kar dein.",No,No,No
spam,"Aapko Wipro ke saath work-from-home job ke liye select kiya gaya hai. Rs.42,818 ka joining bonus paane ke liye apni bank details share karein.",No,No,No
spam,"Badhai ho, LPG Subsidy Scheme ke tahat aapka application Rs.981 ke liye approve ho gaya hai. Disbursement ke liye apni bank details bhejein.",No,No,No
spam,"Maine galti se aapke Paytm par Rs.1,478 bhej diya, kripya isse is UPI ID par refund kar dein: jhwaaint57@axl",No,No,No
spam,"Aapka Kotak Mahindra Bank personal loan Rs.7,753 ka pre-approved hai. Process karne ke liye apni bank account aur Aadhaar details share karein.",No,No,No
spam,"Badhai ho, State Scholarship Scheme ke tahat aapka application Rs.657 ke liye approve ho gaya hai. Disbursement ke liye apni bank details bhejein.",No,No,No
spam,"Aapko Flipkart ke saath work-from-home job ke liye select kiya gaya hai. Rs.1,431 ka joining bonus paane ke liye apni bank details share karein.",No,No,No
spam,"Maine galti se aapke Paytm par Rs.12,552 bhej diya, kripya isse is UPI ID par refund kar dein: icffkow54@ybl",No,No,No
spam,"Badhai ho, PM Kisan Samman Nidhi ke tahat aapka application Rs.19,933 ke liye approve ho gaya hai. Disbursement ke liye apni bank details bhejein.",No,No,No
spam,"State Scholarship Scheme Alert: Aap scheme ke tahat Rs.27,473 ke liye eligible hain. Claim karne ke liye apna Aadhaar aur bank account number share karein.",No,No,No
spam,"PM Kisan Samman Nidhi Alert: Aap scheme ke tahat Rs.8,647 ke liye eligible hain. Claim karne ke liye apna Aadhaar aur bank account number share karein.",No,No,No
spam,"Ayushman Bharat: Aapka scholarship benefit Rs.3,610 transfer ke liye ready hai. Ise paane ke liye apni bank passbook details submit karein.",No,No,No
spam,"Post Matric Scholarship Alert: Aap scheme ke tahat Rs.89,553 ke liye eligible hain. Claim karne ke liye apna Aadhaar aur bank account number share karein.",No,No,No
spam,"Galti se Rs.45,622 mere account se aapke account mein transfer ho gaye hain, jald se jald kshtz@ybl par refund kar dein.",No,No,No
spam,Post Matric Scholarship Alert: Aap scheme ke tahat Rs.848 ke liye eligible hain. Claim karne ke liye apna Aadhaar aur bank account number share karein.,No,No,No
spam,"PMAY: Aapka scholarship benefit Rs.4,978 transfer ke liye ready hai. Ise paane ke liye apni bank passbook details submit karein.",No,No,No
spam,"Aapko Flipkart ke saath work-from-home job ke liye select kiya gaya hai. Rs.3,108 ka joining bonus paane ke liye apni bank details share karein.",No,No,No
spam,Aapko Amazon ke saath work-from-home job ke liye select kiya gaya hai. Rs.623 ka joining bonus paane ke liye apni bank details share karein.,No,No,No
spam,"Maine galti se aapke Paytm par Rs.551 bhej diya, kripya isse is UPI ID par refund kar dein: nbnmhqkf@ibl",No,No,No
spam,"Maine galti se aapke Google Pay par Rs.843 bhej diya, kripya isse is UPI ID par refund kar dein: xzvuluf77@oksbi",No,No,No
spam,Aapka SBI personal loan Rs.865 ka pre-approved hai. Process karne ke liye apni bank account aur Aadhaar details share karein.,No,No,No
spam,"Badhai ho, National Scholarship Portal ke tahat aapka application Rs.24,994 ke liye approve ho gaya hai. Disbursement ke liye apni bank details bhejein.",No,No,No
spam,"Aapka SBI personal loan Rs.68,583 ka pre-approved hai. Process karne ke liye apni bank account aur Aadhaar details share karein.",No,No,No
spam,"Aapko Amazon ke saath work-from-home job ke liye select kiya gaya hai. Rs.40,869 ka joining bonus paane ke liye apni bank details share karein.",No,No,No
spam,"Galti se Rs.6,444 mere account se aapke account mein transfer ho gaye hain, jald se jald lbdote22@axl par refund kar dein.",No,No,No
spam,"Sorry, maine galti se galat number par Rs.817 transfer kar diya, yeh aapka account lagta hai. Kripya wapas bhej dein hkqqrc50@okicici par.",No,No,No
spam,"Galti se Rs.598 mere account se aapke account mein transfer ho gaye hain, jald se jald szvxx85@okicici par refund kar dein.",No,No,No
spam,"Sorry, maine galti se galat number par Rs.84,739 transfer kar diya, yeh aapka account lagta hai. Kripya wapas bhej dein fcdzu29@okhdfcbank par.",No,No,No
spam,"Badhai ho, National Scholarship Portal ke tahat aapka application Rs.929 ke liye approve ho gaya hai. Disbursement ke liye apni bank details bhejein.",No,No,No
spam,"Aapko Wipro ke saath work-from-home job ke liye select kiya gaya hai. Rs.92,306 ka joining bonus paane ke liye apni bank details share karein.",No,No,No
spam,"Galti se Rs.7,364 mere account se aapke account mein transfer ho gaye hain, jald se jald rdwsptyw22@okhdfcbank par refund kar dein.",No,No,No
spam,Post Matric Scholarship: Aapka scholarship benefit Rs.978 transfer ke liye ready hai. Ise paane ke liye apni bank passbook details submit karein.,No,No,No
spam,"Maine galti se aapke Paytm par Rs.561 bhej diya, kripya isse is UPI ID par refund kar dein: zudpsrza29@okhdfcbank",No,No,No
spam,"Ayushman Bharat: Aapka scholarship benefit Rs.1,629 transfer ke liye ready hai. Ise paane ke liye apni bank passbook details submit karein.",No,No,No
spam,"Maine galti se aapke Paytm par Rs.546 bhej diya, kripya isse is UPI ID par refund kar dein: rpafhn@axl",No,No,No
spam,"Aapka SBI personal loan Rs.9,355 ka pre-approved hai. Process karne ke liye apni bank account aur Aadhaar details share karein.",No,No,No
spam,"Badhai ho, State Scholarship Scheme ke tahat aapka application Rs.7,683 ke liye approve ho gaya hai. Disbursement ke liye apni bank details bhejein.",No,No,No
spam,"Post Matric Scholarship: Aapka scholarship benefit Rs.9,809 transfer ke liye ready hai. Ise paane ke liye apni bank passbook details submit karein.",No,No,No
spam,"Sorry, maine galti se galat number par Rs.945 transfer kar diya, yeh aapka account lagta hai. Kripya wapas bhej dein hhisdlsx@paytm par.",No,No,No
spam,Ayushman Bharat: Aapka scholarship benefit Rs.681 transfer ke liye ready hai. Ise paane ke liye apni bank passbook details submit karein.,No,No,No
spam,"Sorry, maine galti se galat number par Rs.623 transfer kar diya, yeh aapka account lagta hai. Kripya wapas bhej dein idxlu11@paytm par.",No,No,No
spam,"Badhai ho, PM Kisan Samman Nidhi ke tahat aapka application Rs.916 ke liye approve ho gaya hai. Disbursement ke liye apni bank details bhejein.",No,No,No
spam,Ayushman Bharat Alert: Aap scheme ke tahat Rs.988 ke liye eligible hain. Claim karne ke liye apna Aadhaar aur bank account number share karein.,No,No,No
spam,"Maine galti se aapke Paytm par Rs.538 bhej diya, kripya isse is UPI ID par refund kar dein: prnbwsv37@ibl",No,No,No
spam,"Badhai ho, National Scholarship Portal ke tahat aapka application Rs.54,140 ke liye approve ho gaya hai. Disbursement ke liye apni bank details bhejein.",No,No,No
spam,"Maine galti se aapke Google Pay par Rs.87,268 bhej diya, kripya isse is UPI ID par refund kar dein: ckpihyti18@oksbi",No,No,No
spam,Aapko Infosys ke saath work-from-home job ke liye select kiya gaya hai. Rs.898 ka joining bonus paane ke liye apni bank details share karein.,No,No,No
spam,PM Ujjwala Yojana: Aapka scholarship benefit Rs.629 transfer ke liye ready hai. Ise paane ke liye apni bank passbook details submit karein.,No,No,No
spam,"Badhai ho, State Scholarship Scheme ke tahat aapka application Rs.6,584 ke liye approve ho gaya hai. Disbursement ke liye apni bank details bhejein.",No,No,No
spam,"Aapki insurance policy ka maturity amount Rs.14,769 ready hai. Payment paane ke liye apni bank passbook details bhejein.",No,No,No
spam,"Galti se Rs.84,844 mere account se aapke account mein transfer ho gaye hain, jald se jald uhulxhew87@okhdfcbank par refund kar dein.",No,No,No
spam,Aapki insurance policy ka maturity amount Rs.688 ready hai. Payment paane ke liye apni bank passbook details bhejein.,No,No,No
spam,"Badhai ho, Ayushman Bharat ke tahat aapka application Rs.801 ke liye approve ho gaya hai. Disbursement ke liye apni bank details bhejein.",No,No,No
spam,"PMAY: Aapka scholarship benefit Rs.21,003 transfer ke liye ready hai. Ise paane ke liye apni bank passbook details submit karein.",No,No,No
spam,"PM Ujjwala Yojana: Aapka scholarship benefit Rs.3,895 transfer ke liye ready hai. Ise paane ke liye apni bank passbook details submit karein.",No,No,No
spam,State Scholarship Scheme Alert: Aap scheme ke tahat Rs.986 ke liye eligible hain. Claim karne ke liye apna Aadhaar aur bank account number share karein.,No,No,No
spam,Ayushman Bharat: Aapka scholarship benefit Rs.889 transfer ke liye ready hai. Ise paane ke liye apni bank passbook details submit karein.,No,No,No
spam,"Aapko Wipro ke saath work-from-home job ke liye select kiya gaya hai. Rs.87,109 ka joining bonus paane ke liye apni bank details share karein.",No,No,No
spam,"Aapki insurance policy ka maturity amount Rs.28,415 ready hai. Payment paane ke liye apni bank passbook details bhejein.",No,No,No
spam,"Sorry, maine galti se galat number par Rs.6,321 transfer kar diya, yeh aapka account lagta hai. Kripya wapas bhej dein rkdapw@ibl par.",No,No,No
spam,"PM Kisan Samman Nidhi Alert: Aap scheme ke tahat Rs.52,019 ke liye eligible hain. Claim karne ke liye apna Aadhaar aur bank account number share karein.",No,No,No
spam,Ayushman Bharat: Aapka scholarship benefit Rs.737 transfer ke liye ready hai. Ise paane ke liye apni bank passbook details submit karein.,No,No,No
spam,"Maine galti se aapke PhonePe par Rs.8,722 bhej diya, kripya isse is UPI ID par refund kar dein: bmyvttfk@paytm",No,No,No
spam,"Ayushman Bharat: Aapka scholarship benefit Rs.34,030 transfer ke liye ready hai. Ise paane ke liye apni bank passbook details submit karein.",No,No,No
spam,Aapko Infosys ke saath work-from-home job ke liye select kiya gaya hai. Rs.800 ka joining bonus paane ke liye apni bank details share karein.,No,No,No
spam,Aapki insurance policy ka maturity amount Rs.883 ready hai. Payment paane ke liye apni bank passbook details bhejein.,No,No,No
spam,"Badhai ho, National Scholarship Portal ke tahat aapka application Rs.60,821 ke liye approve ho gaya hai. Disbursement ke liye apni bank details bhejein.",No,No,No
spam,State Scholarship Scheme: Aapka scholarship benefit Rs.797 transfer ke liye ready hai. Ise paane ke liye apni bank passbook details submit karein.,No,No,No
spam,"Hi, mujhe lagta hai maine kisi aur ko pay karte waqt aapko galti se Rs.877 bhej diya. Kripya djidcwh@okhdfcbank par wapas bhej dein, dhanyavad.",No,No,No
spam,"Maine galti se aapke Amazon Pay par Rs.20,268 bhej diya, kripya isse is UPI ID par refund kar dein: ttxbp@axl",No,No,No
spam,Aapka SBI personal loan Rs.851 ka pre-approved hai. Process karne ke liye apni bank account aur Aadhaar details share karein.,No,No,No
spam,Aapki insurance policy ka maturity amount Rs.907 ready hai. Payment paane ke liye apni bank passbook details bhejein.,No,No,No
spam,"Hi, mujhe lagta hai maine kisi aur ko pay karte waqt aapko galti se Rs.1,977 bhej diya. Kripya lhljxd@axl par wapas bhej dein, dhanyavad.",No,No,No
spam,"Sorry, maine galti se galat number par Rs.855 transfer kar diya, yeh aapka account lagta hai. Kripya wapas bhej dein vdbrt@oksbi par.",No,No,No
spam,"Maine galti se aapke Google Pay par Rs.5,327 bhej diya, kripya isse is UPI ID par refund kar dein: jhzbky@oksbi",No,No,No
spam,"Maine galti se aapke PhonePe par Rs.868 bhej diya, kripya isse is UPI ID par refund kar dein: vybhfbor@okicici",No,No,No
spam,"Hi, mujhe lagta hai maine kisi aur ko pay karte waqt aapko galti se Rs.661 bhej diya. Kripya gpreyp94@ybl par wapas bhej dein, dhanyavad.",No,No,No
spam,PM Ujjwala Yojana Alert: Aap scheme ke tahat Rs.863 ke liye eligible hain. Claim karne ke liye apna Aadhaar aur bank account number share karein.,No,No,No
spam,National Scholarship Portal Alert: Aap scheme ke tahat Rs.513 ke liye eligible hain. Claim karne ke liye apna Aadhaar aur bank account number share karein.,No,No,No
spam,"Maine galti se aapke Google Pay par Rs.56,452 bhej diya, kripya isse is UPI ID par refund kar dein: pedzujvi89@okhdfcbank",No,No,No
spam,"Aapka SBI personal loan Rs.39,795 ka pre-approved hai. Process karne ke liye apni bank account aur Aadhaar details share karein.",No,No,No
spam,PMAY Alert: Aap scheme ke tahat Rs.836 ke liye eligible hain. Claim karne ke liye apna Aadhaar aur bank account number share karein.,No,No,No
spam,"Galti se Rs.84,248 mere account se aapke account mein transfer ho gaye hain, jald se jald ydhkikh59@axl par refund kar dein.",No,No,No
spam,"PM Kisan Samman Nidhi Alert: Aap scheme ke tahat Rs.5,226 ke liye eligible hain. Claim karne ke liye apna Aadhaar aur bank account number share karein.",No,No,No
spam,"Badhai ho, LPG Subsidy Scheme ke tahat aapka application Rs.9,199 ke liye approve ho gaya hai. Disbursement ke liye apni bank details bhejein.",No,No,No
spam,"Sorry, maine galti se galat number par Rs.619 transfer kar diya, yeh aapka account lagta hai. Kripya wapas bhej dein cjubzn@axl par.",No,No,No
spam,"State Scholarship Scheme Alert: Aap scheme ke tahat Rs.55,182 ke liye eligible hain. Claim karne ke liye apna Aadhaar aur bank account number share karein.",No,No,No
spam,"Aapko Reliance ke saath work-from-home job ke liye select kiya gaya hai. Rs.91,570 ka joining bonus paane ke liye apni bank details share karein.",No,No,No
spam,"National Scholarship Portal: Aapka scholarship benefit Rs.47,250 transfer ke liye ready hai. Ise paane ke liye apni bank passbook details submit karein.",No,No,No
spam,"Aapko Amazon ke saath work-from-home job ke liye select kiya gaya hai. Rs.7,714 ka joining bonus paane ke liye apni bank details share karein.",No,No,No
spam,"Sorry, maine galti se galat number par Rs.708 transfer kar diya, yeh aapka account lagta hai. Kripya wapas bhej dein gaoskfs42@ibl par.",No,No,No
spam,"Badhai ho, LPG Subsidy Scheme ke tahat aapka application Rs.909 ke liye approve ho gaya hai. Disbursement ke liye apni bank details bhejein.",No,No,No
spam,"Aapka SBI personal loan Rs.7,751 ka pre-approved hai. Process karne ke liye apni bank account aur Aadhaar details share karein.",No,No,No
spam,"Aapko Wipro ke saath work-from-home job ke liye select kiya gaya hai. Rs.19,276 ka joining bonus paane ke liye apni bank details share karein.",No,No,No
spam,"Maine galti se aapke PhonePe par Rs.14,617 bhej diya, kripya isse is UPI ID par refund kar dein: djmzdonw29@okhdfcbank",No,No,No
spam,"Hi, mujhe lagta hai maine kisi aur ko pay karte waqt aapko galti se Rs.6,395 bhej diya. Kripya jxaafjit65@ybl par wapas bhej dein, dhanyavad.",No,No,No
spam,"Aapko HCL ke saath work-from-home job ke liye select kiya gaya hai. Rs.9,422 ka joining bonus paane ke liye apni bank details share karein.",No,No,No
spam,"Hi, mujhe lagta hai maine kisi aur ko pay karte waqt aapko galti se Rs.8,172 bhej diya. Kripya yrvey88@okicici par wapas bhej dein, dhanyavad.",No,No,No
spam,"PMAY: Aapka scholarship benefit Rs.3,889 transfer ke liye ready hai. Ise paane ke liye apni bank passbook details submit karein.",No,No,No
spam,"Aapka SBI personal loan Rs.9,727 ka pre-approved hai. Process karne ke liye apni bank account aur Aadhaar details share karein.",No,No,No
spam,"Sorry, maine galti se galat number par Rs.4,219 transfer kar diya, yeh aapka account lagta hai. Kripya wapas bhej dein tcthnje67@oksbi par.",No,No,No
spam,"Maine galti se aapke Google Pay par Rs.4,943 bhej diya, kripya isse is UPI ID par refund kar dein: jevxo@axl",No,No,No
spam,Post Matric Scholarship Alert: Aap scheme ke tahat Rs.754 ke liye eligible hain. Claim karne ke liye apna Aadhaar aur bank account number share karein.,No,No,No
spam,"Galti se Rs.856 mere account se aapke account mein transfer ho gaye hain, jald se jald hbjhfhfs80@okhdfcbank par refund kar dein.",No,No,No
spam,PM Kisan Samman Nidhi: Aapka scholarship benefit Rs.672 transfer ke liye ready hai. Ise paane ke liye apni bank passbook details submit karein.,No,No,No
spam,"Aapka Bank of Baroda personal loan Rs.7,846 ka pre-approved hai. Process karne ke liye apni bank account aur Aadhaar details share karein.",No,No,No
spam,"Maine galti se aapke Google Pay par Rs.1,855 bhej diya, kripya isse is UPI ID par refund kar dein: bhgmwtm@oksbi",No,No,No
spam,"Hi, mujhe lagta hai maine kisi aur ko pay karte waqt aapko galti se Rs.517 bhej diya. Kripya vaygrvp@paytm par wapas bhej dein, dhanyavad.",No,No,No
spam,"Badhai ho, State Scholarship Scheme ke tahat aapka application Rs.14,352 ke liye approve ho gaya hai. Disbursement ke liye apni bank details bhejein.",No,No,No
spam,"PM Ujjwala Yojana Alert: Aap scheme ke tahat Rs.4,698 ke liye eligible hain. Claim karne ke liye apna Aadhaar aur bank account number share karein.",No,No,No
spam,"Badhai ho, National Scholarship Portal ke tahat aapka application Rs.1,928 ke liye approve ho gaya hai. Disbursement ke liye apni bank details bhejein.",No,No,No
spam,Aapka Punjab National Bank personal loan Rs.808 ka pre-approved hai. Process karne ke liye apni bank account aur Aadhaar details share karein.,No,No,No
spam,"Ayushman Bharat Alert: Aap scheme ke tahat Rs.85,297 ke liye eligible hain. Claim karne ke liye apna Aadhaar aur bank account number share karein.",No,No,No
spam,"Aapko Infosys ke saath work-from-home job ke liye select kiya gaya hai. Rs.44,366 ka joining bonus paane ke liye apni bank details share karein.",No,No,No
spam,"Galti se Rs.64,954 mere account se aapke account mein transfer ho gaye hain, jald se jald kxjorl37@axl par refund kar dein.",No,No,No
spam,"Badhai ho, National Scholarship Portal ke tahat aapka application Rs.17,603 ke liye approve ho gaya hai. Disbursement ke liye apni bank details bhejein.",No,No,No
spam,Post Matric Scholarship: Aapka scholarship benefit Rs.932 transfer ke liye ready hai. Ise paane ke liye apni bank passbook details submit karein.,No,No,No
spam,"Maine galti se aapke Amazon Pay par Rs.34,035 bhej diya, kripya isse is UPI ID par refund kar dein: zrpfl67@okhdfcbank",No,No,No
spam,"Aapko TCS ke saath work-from-home job ke liye select kiya gaya hai. Rs.64,734 ka joining bonus paane ke liye apni bank details share karein.",No,No,No
spam,"Badhai ho, State Scholarship Scheme ke tahat aapka application Rs.954 ke liye approve ho gaya hai. Disbursement ke liye apni bank details bhejein.",No,No,No
spam,"Galti se Rs.60,965 mere account se aapke account mein transfer ho gaye hain, jald se jald rfyykpv@paytm par refund kar dein.",No,No,No
spam,"Aapki insurance policy ka maturity amount Rs.3,088 ready hai. Payment paane ke liye apni bank passbook details bhejein.",No,No,No
spam,"Hi, mujhe lagta hai maine kisi aur ko pay karte waqt aapko galti se Rs.725 bhej diya. Kripya pwvmqc79@paytm par wapas bhej dein, dhanyavad.",No,No,No
spam,"Badhai ho, LPG Subsidy Scheme ke tahat aapka application Rs.85,955 ke liye approve ho gaya hai. Disbursement ke liye apni bank details bhejein.",No,No,No
spam,"Aapki insurance policy ka maturity amount Rs.32,639 ready hai. Payment paane ke liye apni bank passbook details bhejein.",No,No,No
spam,"Hi, mujhe lagta hai maine kisi aur ko pay karte waqt aapko galti se Rs.504 bhej diya. Kripya gfmpvewj83@ybl par wapas bhej dein, dhanyavad.",No,No,No
spam,"Sorry, maine galti se galat number par Rs.663 transfer kar diya, yeh aapka account lagta hai. Kripya wapas bhej dein cicaoyn@axl par.",No,No,No
spam,"Sorry, maine galti se galat number par Rs.828 transfer kar diya, yeh aapka account lagta hai. Kripya wapas bhej dein zgjvbt@oksbi par.",No,No,No
spam,"Post Matric Scholarship: Aapka scholarship benefit Rs.48,304 transfer ke liye ready hai. Ise paane ke liye apni bank passbook details submit karein.",No,No,No
spam,"Aapki insurance policy ka maturity amount Rs.46,476 ready hai. Payment paane ke liye apni bank passbook details bhejein.",No,No,No
spam,"Aapka ICICI Bank personal loan Rs.35,665 ka pre-approved hai. Process karne ke liye apni bank account aur Aadhaar details share karein.",No,No,No
spam,"Aapki insurance policy ka maturity amount Rs.80,390 ready hai. Payment paane ke liye apni bank passbook details bhejein.",No,No,No
spam,"Sorry, maine galti se galat number par Rs.3,143 transfer kar diya, yeh aapka account lagta hai. Kripya wapas bhej dein ocvaoy@ybl par.",No,No,No
spam,"Sorry, maine galti se galat number par Rs.64,117 transfer kar diya, yeh aapka account lagta hai. Kripya wapas bhej dein mqryb99@ybl par.",No,No,No
spam,"Aapka SBI personal loan Rs.51,945 ka pre-approved hai. Process karne ke liye apni bank account aur Aadhaar details share karein.",No,No,No
spam,"Sorry, maine galti se galat number par Rs.9,508 transfer kar diya, yeh aapka account lagta hai. Kripya wapas bhej dein snbwiby@okhdfcbank par.",No,No,No
spam,"Galti se Rs.19,667 mere account se aapke account mein transfer ho gaye hain, jald se jald anliubhw41@ibl par refund kar dein.",No,No,No
spam,"Sorry, maine galti se galat number par Rs.2,970 transfer kar diya, yeh aapka account lagta hai. Kripya wapas bhej dein xpqkfbi16@paytm par.",No,No,No
spam,"Badhai ho, Post Matric Scholarship ke tahat aapka application Rs.8,034 ke liye approve ho gaya hai. Disbursement ke liye apni bank details bhejein.",No,No,No
spam,"Badhai ho, State Scholarship Scheme ke tahat aapka application Rs.8,511 ke liye approve ho gaya hai. Disbursement ke liye apni bank details bhejein.",No,No,No
spam,Aapko HCL ke saath work-from-home job ke liye select kiya gaya hai. Rs.801 ka joining bonus paane ke liye apni bank details share karein.,No,No,No
spam,"Aapki insurance policy ka maturity amount Rs.41,990 ready hai. Payment paane ke liye apni bank passbook details bhejein.",No,No,No
spam,"Aapko Amazon ke saath work-from-home job ke liye select kiya gaya hai. Rs.87,850 ka joining bonus paane ke liye apni bank details share karein.",No,No,No
spam,"Sorry, maine galti se galat number par Rs.6,238 transfer kar diya, yeh aapka account lagta hai. Kripya wapas bhej dein qkoxe@axl par.",No,No,No
spam,"Hi, mujhe lagta hai maine kisi aur ko pay karte waqt aapko galti se Rs.4,846 bhej diya. Kripya ljafa77@ybl par wapas bhej dein, dhanyavad.",No,No,No
spam,Aapki insurance policy ka maturity amount Rs.711 ready hai. Payment paane ke liye apni bank passbook details bhejein.,No,No,No
spam,"Hi, mujhe lagta hai maine kisi aur ko pay karte waqt aapko galti se Rs.57,504 bhej diya. Kripya siyfqerg@okicici par wapas bhej dein, dhanyavad.",No,No,No
spam,"Maine galti se aapke Google Pay par Rs.46,489 bhej diya, kripya isse is UPI ID par refund kar dein: ehyhykp@ybl",No,No,No
spam,Post Matric Scholarship: Aapka scholarship benefit Rs.643 transfer ke liye ready hai. Ise paane ke liye apni bank passbook details submit karein.,No,No,No
spam,"Aapka Punjab National Bank personal loan Rs.3,643 ka pre-approved hai. Process karne ke liye apni bank account aur Aadhaar details share karein.",No,No,No
spam,"Hi, mujhe lagta hai maine kisi aur ko pay karte waqt aapko galti se Rs.57,058 bhej diya. Kripya wjoqqx51@ybl par wapas bhej dein, dhanyavad.",No,No,No
spam,"Aapka Kotak Mahindra Bank personal loan Rs.9,774 ka pre-approved hai. Process karne ke liye apni bank account aur Aadhaar details share karein.",No,No,No
spam,Aapka Canara Bank personal loan Rs.677 ka pre-approved hai. Process karne ke liye apni bank account aur Aadhaar details share karein.,No,No,No
spam,"Badhai ho, State Scholarship Scheme ke tahat aapka application Rs.57,399 ke liye approve ho gaya hai. Disbursement ke liye apni bank details bhejein.",No,No,No
spam,"Aapka HDFC Bank personal loan Rs.3,297 ka pre-approved hai. Process karne ke liye apni bank account aur Aadhaar details share karein.",No,No,No
spam,"Sorry, maine galti se galat number par Rs.532 transfer kar diya, yeh aapka account lagta hai. Kripya wapas bhej dein sdqgh94@okicici par.",No,No,No
spam,"Maine galti se aapke Google Pay par Rs.17,285 bhej diya, kripya isse is UPI ID par refund kar dein: zbthk76@okhdfcbank",No,No,No
spam,Aapki insurance policy ka maturity amount Rs.986 ready hai. Payment paane ke liye apni bank passbook details bhejein.,No,No,No
spam,"Maine galti se aapke Paytm par Rs.880 bhej diya, kripya isse is UPI ID par refund kar dein: vbopw@ybl",No,No,No
spam,PM Kisan Samman Nidhi: Aapka scholarship benefit Rs.794 transfer ke liye ready hai. Ise paane ke liye apni bank passbook details submit karein.,No,No,No
spam,"Hi, mujhe lagta hai maine kisi aur ko pay karte waqt aapko galti se Rs.890 bhej diya. Kripya sucwn@okicici par wapas bhej dein, dhanyavad.",No,No,No
spam,State Scholarship Scheme Alert: Aap scheme ke tahat Rs.913 ke liye eligible hain. Claim karne ke liye apna Aadhaar aur bank account number share karein.,No,No,No
spam,"Maine galti se aapke Amazon Pay par Rs.50,231 bhej diya, kripya isse is UPI ID par refund kar dein: gmybapu93@ibl",No,No,No
spam,"Maine galti se aapke Paytm par Rs.23,911 bhej diya, kripya isse is UPI ID par refund kar dein: hymhq@ybl",No,No,No
spam,"Sorry, maine galti se galat number par Rs.26,366 transfer kar diya, yeh aapka account lagta hai. Kripya wapas bhej dein xesyvo@ibl par.",No,No,No
spam,Aapki insurance policy ka maturity amount Rs.800 ready hai. Payment paane ke liye apni bank passbook details bhejein.,No,No,No
spam,"Post Matric Scholarship: Aapka scholarship benefit Rs.3,334 transfer ke liye ready hai. Ise paane ke liye apni bank passbook details submit karein.",No,No,No
spam,"Aapka Axis Bank personal loan Rs.4,240 ka pre-approved hai. Process karne ke liye apni bank account aur Aadhaar details share karein.",No,No,No
spam,"Galti se Rs.881 mere account se aapke account mein transfer ho gaye hain, jald se jald nnunqjef98@okicici par refund kar dein.",No,No,No
spam,"Aapki insurance policy ka maturity amount Rs.46,854 ready hai. Payment paane ke liye apni bank passbook details bhejein.",No,No,No
spam,Aapka Bank of Baroda personal loan Rs.856 ka pre-approved hai. Process karne ke liye apni bank account aur Aadhaar details share karein.,No,No,No
spam,"Hi, mujhe lagta hai maine kisi aur ko pay karte waqt aapko galti se Rs.703 bhej diya. Kripya alkqeo@paytm par wapas bhej dein, dhanyavad.",No,No,No
spam,Post Matric Scholarship: Aapka scholarship benefit Rs.563 transfer ke liye ready hai. Ise paane ke liye apni bank passbook details submit karein.,No,No,No
spam,"Aapko Infosys ke saath work-from-home job ke liye select kiya gaya hai. Rs.3,115 ka joining bonus paane ke liye apni bank details share karein.",No,No,No
spam,"Aapki insurance policy ka maturity amount Rs.4,970 ready hai. Payment paane ke liye apni bank passbook details bhejein.",No,No,No
spam,National Scholarship Portal: Aapka scholarship benefit Rs.682 transfer ke liye ready hai. Ise paane ke liye apni bank passbook details submit karein.,No,No,No
spam,State Scholarship Scheme Alert: Aap scheme ke tahat Rs.850 ke liye eligible hain. Claim karne ke liye apna Aadhaar aur bank account number share karein.,No,No,No
spam,PMAY: Aapka scholarship benefit Rs.703 transfer ke liye ready hai. Ise paane ke liye apni bank passbook details submit karein.,No,No,No
spam,"Galti se Rs.38,181 mere account se aapke account mein transfer ho gaye hain, jald se jald hpawu36@ibl par refund kar dein.",No,No,No
spam,Aapko Amazon ke saath work-from-home job ke liye select kiya gaya hai. Rs.561 ka joining bonus paane ke liye apni bank details share karein.,No,No,No
spam,"Badhai ho, State Scholarship Scheme ke tahat aapka application Rs.504 ke liye approve ho gaya hai. Disbursement ke liye apni bank details bhejein.",No,No,No
spam,"Maine galti se aapke PhonePe par Rs.657 bhej diya, kripya isse is UPI ID par refund kar dein: hfmkpltt31@axl",No,No,No
spam,Ayushman Bharat Alert: Aap scheme ke tahat Rs.527 ke liye eligible hain. Claim karne ke liye apna Aadhaar aur bank account number share karein.,No,No,No
spam,"Hi, mujhe lagta hai maine kisi aur ko pay karte waqt aapko galti se Rs.3,829 bhej diya. Kripya xlare@okicici par wapas bhej dein, dhanyavad.",No,No,No
spam,Aapka Axis Bank personal loan Rs.738 ka pre-approved hai. Process karne ke liye apni bank account aur Aadhaar details share karein.,No,No,No
spam,"Aapki insurance policy ka maturity amount Rs.6,972 ready hai. Payment paane ke liye apni bank passbook details bhejein.",No,No,No
spam,Aapko HCL ke saath work-from-home job ke liye select kiya gaya hai. Rs.931 ka joining bonus paane ke liye apni bank details share karein.,No,No,No
spam,"Galti se Rs.886 mere account se aapke account mein transfer ho gaye hain, jald se jald ztfyxvw60@axl par refund kar dein.",No,No,No
spam,"National Scholarship Portal: Aapka scholarship benefit Rs.4,643 transfer ke liye ready hai. Ise paane ke liye apni bank passbook details submit karein.",No,No,No
spam,"Galti se Rs.645 mere account se aapke account mein transfer ho gaye hain, jald se jald yspfbl@okicici par refund kar dein.",No,No,No
spam,"Aapki insurance policy ka maturity amount Rs.7,903 ready hai. Payment paane ke liye apni bank passbook details bhejein.",No,No,No
spam,"PM Kisan Samman Nidhi: Aapka scholarship benefit Rs.9,285 transfer ke liye ready hai. Ise paane ke liye apni bank passbook details submit karein.",No,No,No
spam,"Sorry, maine galti se galat number par Rs.599 transfer kar diya, yeh aapka account lagta hai. Kripya wapas bhej dein sncfuc20@okhdfcbank par.",No,No,No
spam,"Galti se Rs.4,937 mere account se aapke account mein transfer ho gaye hain, jald se jald szdxirbg@ybl par refund kar dein.",No,No,No
spam,Aapko Wipro ke saath work-from-home job ke liye select kiya gaya hai. Rs.626 ka joining bonus paane ke liye apni bank details share karein.,No,No,No
spam,"Sorry, maine galti se galat number par Rs.7,011 transfer kar diya, yeh aapka account lagta hai. Kripya wapas bhej dein pgoojs19@axl par.",No,No,No
spam,"Hi, mujhe lagta hai maine kisi aur ko pay karte waqt aapko galti se Rs.707 bhej diya. Kripya eswgq48@oksbi par wapas bhej dein, dhanyavad.",No,No,No
spam,"Hi, mujhe lagta hai maine kisi aur ko pay karte waqt aapko galti se Rs.5,547 bhej diya. Kripya sbagvgt80@ybl par wapas bhej dein, dhanyavad.",No,No,No
spam,"Sorry, maine galti se galat number par Rs.46,854 transfer kar diya, yeh aapka account lagta hai. Kripya wapas bhej dein cjlfog@oksbi par.",No,No,No
spam,"Hi, mujhe lagta hai maine kisi aur ko pay karte waqt aapko galti se Rs.885 bhej diya. Kripya muzkgeb52@okicici par wapas bhej dein, dhanyavad.",No,No,No
spam,"Badhai ho, PM Kisan Samman Nidhi ke tahat aapka application Rs.662 ke liye approve ho gaya hai. Disbursement ke liye apni bank details bhejein.",No,No,No
spam,"Aapka Bank of Baroda personal loan Rs.3,814 ka pre-approved hai. Process karne ke liye apni bank account aur Aadhaar details share karein.",No,No,No
spam,"Aapka Axis Bank personal loan Rs.14,058 ka pre-approved hai. Process karne ke liye apni bank account aur Aadhaar details share karein.",No,No,No
spam,"Badhai ho, LPG Subsidy Scheme ke tahat aapka application Rs.888 ke liye approve ho gaya hai. Disbursement ke liye apni bank details bhejein.",No,No,No
spam,"Galti se Rs.59,974 mere account se aapke account mein transfer ho gaye hain, jald se jald lanrhi75@oksbi par refund kar dein.",No,No,No
spam,National Scholarship Portal Alert: Aap scheme ke tahat Rs.758 ke liye eligible hain. Claim karne ke liye apna Aadhaar aur bank account number share karein.,No,No,No
spam,Post Matric Scholarship: Aapka scholarship benefit Rs.831 transfer ke liye ready hai. Ise paane ke liye apni bank passbook details submit karein.,No,No,No
spam,"Aapko Flipkart ke saath work-from-home job ke liye select kiya gaya hai. Rs.6,645 ka joining bonus paane ke liye apni bank details share karein.",No,No,No
spam,PMAY Alert: Aap scheme ke tahat Rs.862 ke liye eligible hain. Claim karne ke liye apna Aadhaar aur bank account number share karein.,No,No,No
spam,"Aapko TCS ke saath work-from-home job ke liye select kiya gaya hai. Rs.67,790 ka joining bonus paane ke liye apni bank details share karein.",No,No,No
spam,"Galti se Rs.933 mere account se aapke account mein transfer ho gaye hain, jald se jald yshrwume@oksbi par refund kar dein.",No,No,No
spam,"Sorry, maine galti se galat number par Rs.7,012 transfer kar diya, yeh aapka account lagta hai. Kripya wapas bhej dein paklsoou67@axl par.",No,No,No
spam,"National Scholarship Portal Alert: Aap scheme ke tahat Rs.35,424 ke liye eligible hain. Claim karne ke liye apna Aadhaar aur bank account number share karein.",No,No,No
spam,"Hi, mujhe lagta hai maine kisi aur ko pay karte waqt aapko galti se Rs.3,062 bhej diya. Kripya fogflv@axl par wapas bhej dein, dhanyavad.",No,No,No
spam,"Aapki insurance policy ka maturity amount Rs.8,499 ready hai. Payment paane ke liye apni bank passbook details bhejein.",No,No,No
spam,"Aapka Bank of Baroda personal loan Rs.94,025 ka pre-approved hai. Process karne ke liye apni bank account aur Aadhaar details share karein.",No,No,No
spam,"Aapka Punjab National Bank personal loan Rs.5,896 ka pre-approved hai. Process karne ke liye apni bank account aur Aadhaar details share karein.",No,No,No
spam,"Aapka HDFC Bank personal loan Rs.77,004 ka pre-approved hai. Process karne ke liye apni bank account aur Aadhaar details share karein.",No,No,No
spam,"Aapko Flipkart ke saath work-from-home job ke liye select kiya gaya hai. Rs.30,820 ka joining bonus paane ke liye apni bank details share karein.",No,No,No
spam,Aapko HCL ke saath work-from-home job ke liye select kiya gaya hai. Rs.585 ka joining bonus paane ke liye apni bank details share karein.,No,No,No
spam,Ayushman Bharat Alert: Aap scheme ke tahat Rs.647 ke liye eligible hain. Claim karne ke liye apna Aadhaar aur bank account number share karein.,No,No,No
spam,PM Kisan Samman Nidhi: Aapka scholarship benefit Rs.527 transfer ke liye ready hai. Ise paane ke liye apni bank passbook details submit karein.,No,No,No
spam,"Ayushman Bharat: Aapka scholarship benefit Rs.89,097 transfer ke liye ready hai. Ise paane ke liye apni bank passbook details submit karein.",No,No,No
spam,"Aapko Reliance ke saath work-from-home job ke liye select kiya gaya hai. Rs.7,671 ka joining bonus paane ke liye apni bank details share karein.",No,No,No
spam,"Aapka ICICI Bank personal loan Rs.21,221 ka pre-approved hai. Process karne ke liye apni bank account aur Aadhaar details share karein.",No,No,No
spam,"Post Matric Scholarship: Aapka scholarship benefit Rs.6,762 transfer ke liye ready hai. Ise paane ke liye apni bank passbook details submit karein.",No,No,No
spam,State Scholarship Scheme: Aapka scholarship benefit Rs.689 transfer ke liye ready hai. Ise paane ke liye apni bank passbook details submit karein.,No,No,No
spam,"Maine galti se aapke Amazon Pay par Rs.696 bhej diya, kripya isse is UPI ID par refund kar dein: vtqcygvm22@ibl",No,No,No
spam,"Post Matric Scholarship Alert: Aap scheme ke tahat Rs.9,652 ke liye eligible hain. Claim karne ke liye apna Aadhaar aur bank account number share karein.",No,No,No
spam,"Sorry, maine galti se galat number par Rs.55,674 transfer kar diya, yeh aapka account lagta hai. Kripya wapas bhej dein wvlabra95@axl par.",No,No,No
spam,"Hi, mujhe lagta hai maine kisi aur ko pay karte waqt aapko galti se Rs.3,437 bhej diya. Kripya bkbfbja81@axl par wapas bhej dein, dhanyavad.",No,No,No
spam,"Badhai ho, PMAY ke tahat aapka application Rs.56,418 ke liye approve ho gaya hai. Disbursement ke liye apni bank details bhejein.",No,No,No
spam,"Badhai ho, PMAY ke tahat aapka application Rs.45,826 ke liye approve ho gaya hai. Disbursement ke liye apni bank details bhejein.",No,No,No
spam,"PM Kisan Samman Nidhi Alert: Aap scheme ke tahat Rs.3,489 ke liye eligible hain. Claim karne ke liye apna Aadhaar aur bank account number share karein.",No,No,No
spam,"Aapko Wipro ke saath work-from-home job ke liye select kiya gaya hai. Rs.2,970 ka joining bonus paane ke liye apni bank details share karein.",No,No,No
spam,"Maine galti se aapke Google Pay par Rs.34,392 bhej diya, kripya isse is UPI ID par refund kar dein: geezzqlj52@okhdfcbank",No,No,No
spam,"Hi, mujhe lagta hai maine kisi aur ko pay karte waqt aapko galti se Rs.11,307 bhej diya. Kripya ywnzd@okhdfcbank par wapas bhej dein, dhanyavad.",No,No,No
spam,"Badhai ho, Post Matric Scholarship ke tahat aapka application Rs.9,435 ke liye approve ho gaya hai. Disbursement ke liye apni bank details bhejein.",No,No,No
spam,"Aapko Infosys ke saath work-from-home job ke liye select kiya gaya hai. Rs.29,176 ka joining bonus paane ke liye apni bank details share karein.",No,No,No
spam,"PM Ujjwala Yojana: Aapka scholarship benefit Rs.95,197 transfer ke liye ready hai. Ise paane ke liye apni bank passbook details submit karein.",No,No,No
spam,"Badhai ho, Post Matric Scholarship ke tahat aapka application Rs.53,847 ke liye approve ho gaya hai. Disbursement ke liye apni bank details bhejein.",No,No,No
spam,Aapki insurance policy ka maturity amount Rs.821 ready hai. Payment paane ke liye apni bank passbook details bhejein.,No,No,No
spam,"Sorry, maine galti se galat number par Rs.10,057 transfer kar diya, yeh aapka account lagta hai. Kripya wapas bhej dein afskfad59@ibl par.",No,No,No
spam,LPG Subsidy Scheme: Aapka scholarship benefit Rs.589 transfer ke liye ready hai. Ise paane ke liye apni bank passbook details submit karein.,No,No,No
spam,"Maine galti se aapke PhonePe par Rs.8,305 bhej diya, kripya isse is UPI ID par refund kar dein: valeb93@axl",No,No,No
spam,"Aapki insurance policy ka maturity amount Rs.12,511 ready hai. Payment paane ke liye apni bank passbook details bhejein.",No,No,No
spam,"Aapki insurance policy ka maturity amount Rs.5,837 ready hai. Payment paane ke liye apni bank passbook details bhejein.",No,No,No
spam,"Hi, mujhe lagta hai maine kisi aur ko pay karte waqt aapko galti se Rs.7,999 bhej diya. Kripya gyujvx@ybl par wapas bhej dein, dhanyavad.",No,No,No
spam,"Hi, mujhe lagta hai maine kisi aur ko pay karte waqt aapko galti se Rs.8,181 bhej diya. Kripya cqpfvk97@ibl par wapas bhej dein, dhanyavad.",No,No,No
spam,"Maine galti se aapke Google Pay par Rs.23,754 bhej diya, kripya isse is UPI ID par refund kar dein: nlmwwc16@paytm",No,No,No
spam,"National Scholarship Portal Alert: Aap scheme ke tahat Rs.9,532 ke liye eligible hain. Claim karne ke liye apna Aadhaar aur bank account number share karein.",No,No,No
spam,"PMAY Alert: Aap scheme ke tahat Rs.12,568 ke liye eligible hain. Claim karne ke liye apna Aadhaar aur bank account number share karein.",No,No,No
spam,"Maine galti se aapke Google Pay par Rs.21,413 bhej diya, kripya isse is UPI ID par refund kar dein: ykkzk90@ybl",No,No,No
spam,LPG Subsidy Scheme Alert: Aap scheme ke tahat Rs.869 ke liye eligible hain. Claim karne ke liye apna Aadhaar aur bank account number share karein.,No,No,No
spam,"Galti se Rs.2,277 mere account se aapke account mein transfer ho gaye hain, jald se jald iseojrko@axl par refund kar dein.",No,No,No
spam,Aapka Axis Bank personal loan Rs.763 ka pre-approved hai. Process karne ke liye apni bank account aur Aadhaar details share karein.,No,No,No
spam,"Badhai ho, PM Kisan Samman Nidhi ke tahat aapka application Rs.737 ke liye approve ho gaya hai. Disbursement ke liye apni bank details bhejein.",No,No,No
spam,"Sorry, maine galti se galat number par Rs.691 transfer kar diya, yeh aapka account lagta hai. Kripya wapas bhej dein gutgco@paytm par.",No,No,No
spam,"Ayushman Bharat: Aapka scholarship benefit Rs.76,986 transfer ke liye ready hai. Ise paane ke liye apni bank passbook details submit karein.",No,No,No
spam,"Maine galti se aapke Paytm par Rs.2,893 bhej diya, kripya isse is UPI ID par refund kar dein: hrjwdf@ybl",No,No,No
spam,"Sorry, maine galti se galat number par Rs.748 transfer kar diya, yeh aapka account lagta hai. Kripya wapas bhej dein xymejv90@okicici par.",No,No,No
spam,"Hi, mujhe lagta hai maine kisi aur ko pay karte waqt aapko galti se Rs.890 bhej diya. Kripya uzhvnvfu@okicici par wapas bhej dein, dhanyavad.",No,No,No
spam,"Galti se Rs.4,719 mere account se aapke account mein transfer ho gaye hain, jald se jald bnovu47@paytm par refund kar dein.",No,No,No
spam,"PM Ujjwala Yojana: Aapka scholarship benefit Rs.3,798 transfer ke liye ready hai. Ise paane ke liye apni bank passbook details submit karein.",No,No,No
spam,"Badhai ho, PMAY ke tahat aapka application Rs.1,123 ke liye approve ho gaya hai. Disbursement ke liye apni bank details bhejein.",No,No,No
spam,"Aapko Wipro ke saath work-from-home job ke liye select kiya gaya hai. Rs.14,791 ka joining bonus paane ke liye apni bank details share karein.",No,No,No
spam,"Galti se Rs.834 mere account se aapke account mein transfer ho gaye hain, jald se jald tbbldhi@okhdfcbank par refund kar dein.",No,No,No
spam,"Sorry, maine galti se galat number par Rs.44,037 transfer kar diya, yeh aapka account lagta hai. Kripya wapas bhej dein bzkkx39@okicici par.",No,No,No
spam,Aapki insurance policy ka maturity amount Rs.940 ready hai. Payment paane ke liye apni bank passbook details bhejein.,No,No,No
spam,"Aapka HDFC Bank personal loan Rs.4,469 ka pre-approved hai. Process karne ke liye apni bank account aur Aadhaar details share karein.",No,No,No
spam,"Aapko Flipkart ke saath work-from-home job ke liye select kiya gaya hai. Rs.6,577 ka joining bonus paane ke liye apni bank details share karein.",No,No,No
spam,"Sorry, maine galti se galat number par Rs.651 transfer kar diya, yeh aapka account lagta hai. Kripya wapas bhej dein yxnsgmk@ybl par.",No,No,No
spam,"LPG Subsidy Scheme Alert: Aap scheme ke tahat Rs.9,536 ke liye eligible hain. Claim karne ke liye apna Aadhaar aur bank account number share karein.",No,No,No
spam,"Ayushman Bharat: Aapka scholarship benefit Rs.1,839 transfer ke liye ready hai. Ise paane ke liye apni bank passbook details submit karein.",No,No,No
spam,"Galti se Rs.559 mere account se aapke account mein transfer ho gaye hain, jald se jald zbiovl43@axl par refund kar dein.",No,No,No
spam,"Ayushman Bharat Alert: Aap scheme ke tahat Rs.9,617 ke liye eligible hain. Claim karne ke liye apna Aadhaar aur bank account number share karein.",No,No,No
spam,Aapko Amazon ke saath work-from-home job ke liye select kiya gaya hai. Rs.550 ka joining bonus paane ke liye apni bank details share karein.,No,No,No
spam,"Badhai ho, PM Ujjwala Yojana ke tahat aapka application Rs.6,940 ke liye approve ho gaya hai. Disbursement ke liye apni bank details bhejein.",No,No,No
spam,"Galti se Rs.12,653 mere account se aapke account mein transfer ho gaye hain, jald se jald obydahc@okicici par refund kar dein.",No,No,No
spam,"Badhai ho, LPG Subsidy Scheme ke tahat aapka application Rs.906 ke liye approve ho gaya hai. Disbursement ke liye apni bank details bhejein.",No,No,No
spam,"Aapka Axis Bank personal loan Rs.6,215 ka pre-approved hai. Process karne ke liye apni bank account aur Aadhaar details share karein.",No,No,No
spam,"Hi, mujhe lagta hai maine kisi aur ko pay karte waqt aapko galti se Rs.985 bhej diya. Kripya ffcbz37@axl par wapas bhej dein, dhanyavad.",No,No,No
spam,"Hi, mujhe lagta hai maine kisi aur ko pay karte waqt aapko galti se Rs.633 bhej diya. Kripya ocnbdxbp27@okicici par wapas bhej dein, dhanyavad.",No,No,No
spam,"Aapka HDFC Bank personal loan Rs.3,636 ka pre-approved hai. Process karne ke liye apni bank account aur Aadhaar details share karein.",No,No,No
spam,"Galti se Rs.1,365 mere account se aapke account mein transfer ho gaye hain, jald se jald itqhu10@okicici par refund kar dein.",No,No,No
spam,"Galti se Rs.2,229 mere account se aapke account mein transfer ho gaye hain, jald se jald okppkghv@okhdfcbank par refund kar dein.",No,No,No
spam,"Badhai ho, State Scholarship Scheme ke tahat aapka application Rs.78,306 ke liye approve ho gaya hai. Disbursement ke liye apni bank details bhejein.",No,No,No
spam,"Post Matric Scholarship: Aapka scholarship benefit Rs.9,519 transfer ke liye ready hai. Ise paane ke liye apni bank passbook details submit karein.",No,No,No
spam,"State Scholarship Scheme Alert: Aap scheme ke tahat Rs.24,609 ke liye eligible hain. Claim karne ke liye apna Aadhaar aur bank account number share karein.",No,No,No
spam,"Post Matric Scholarship: Aapka scholarship benefit Rs.56,892 transfer ke liye ready hai. Ise paane ke liye apni bank passbook details submit karein.",No,No,No
spam,"LPG Subsidy Scheme Alert: Aap scheme ke tahat Rs.27,174 ke liye eligible hain. Claim karne ke liye apna Aadhaar aur bank account number share karein.",No,No,No
spam,"Galti se Rs.1,506 mere account se aapke account mein transfer ho gaye hain, jald se jald tksbk97@okicici par refund kar dein.",No,No,No
spam,"Aapka Bank of Baroda personal loan Rs.18,453 ka pre-approved hai. Process karne ke liye apni bank account aur Aadhaar details share karein.",No,No,No
spam,"Sorry, maine galti se galat number par Rs.46,066 transfer kar diya, yeh aapka account lagta hai. Kripya wapas bhej dein emjhkxs92@oksbi par.",No,No,No
spam,Aapko Flipkart ke saath work-from-home job ke liye select kiya gaya hai. Rs.534 ka joining bonus paane ke liye apni bank details share karein.,No,No,No
spam,Post Matric Scholarship Alert: Aap scheme ke tahat Rs.524 ke liye eligible hain. Claim karne ke liye apna Aadhaar aur bank account number share karein.,No,No,No
spam,"Aapka Kotak Mahindra Bank personal loan Rs.23,697 ka pre-approved hai. Process karne ke liye apni bank account aur Aadhaar details share karein.",No,No,No
spam,"State Scholarship Scheme Alert: Aap scheme ke tahat Rs.1,480 ke liye eligible hain. Claim karne ke liye apna Aadhaar aur bank account number share karein.",No,No,No
spam,"Hi, mujhe lagta hai maine kisi aur ko pay karte waqt aapko galti se Rs.51,067 bhej diya. Kripya tzsmha39@okicici par wapas bhej dein, dhanyavad.",No,No,No
spam,Aapki insurance policy ka maturity amount Rs.884 ready hai. Payment paane ke liye apni bank passbook details bhejein.,No,No,No
spam,"Aapka SBI personal loan Rs.44,435 ka pre-approved hai. Process karne ke liye apni bank account aur Aadhaar details share karein.",No,No,No
spam,"Sorry, maine galti se galat number par Rs.5,131 transfer kar diya, yeh aapka account lagta hai. Kripya wapas bhej dein tmjtovw26@axl par.",No,No,No
spam,LPG Subsidy Scheme: Aapka scholarship benefit Rs.757 transfer ke liye ready hai. Ise paane ke liye apni bank passbook details submit karein.,No,No,No
spam,"Maine galti se aapke Paytm par Rs.9,406 bhej diya, kripya isse is UPI ID par refund kar dein: gpvoo80@okicici",No,No,No
spam,National Scholarship Portal: Aapka scholarship benefit Rs.707 transfer ke liye ready hai. Ise paane ke liye apni bank passbook details submit karein.,No,No,No
spam,"Hi, mujhe lagta hai maine kisi aur ko pay karte waqt aapko galti se Rs.4,988 bhej diya. Kripya npyuji@ybl par wapas bhej dein, dhanyavad.",No,No,No
spam,"LPG Subsidy Scheme Alert: Aap scheme ke tahat Rs.5,308 ke liye eligible hain. Claim karne ke liye apna Aadhaar aur bank account number share karein.",No,No,No
spam,Aapka Axis Bank personal loan Rs.609 ka pre-approved hai. Process karne ke liye apni bank account aur Aadhaar details share karein.,No,No,No
spam,"Aapki insurance policy ka maturity amount Rs.42,016 ready hai. Payment paane ke liye apni bank passbook details bhejein.",No,No,No
spam,"Galti se Rs.43,573 mere account se aapke account mein transfer ho gaye hain, jald se jald kpopcosx81@ibl par refund kar dein.",No,No,No
spam,"Sorry, maine galti se galat number par Rs.21,918 transfer kar diya, yeh aapka account lagta hai. Kripya wapas bhej dein sbuaheq@oksbi par.",No,No,No
spam,"PMAY: Aapka scholarship benefit Rs.8,834 transfer ke liye ready hai. Ise paane ke liye apni bank passbook details submit karein.",No,No,No
spam,"Galti se Rs.931 mere account se aapke account mein transfer ho gaye hain, jald se jald oczcn@axl par refund kar dein.",No,No,No
spam,"Aapka ICICI Bank personal loan Rs.4,417 ka pre-approved hai. Process karne ke liye apni bank account aur Aadhaar details share karein.",No,No,No
spam,"Aapki insurance policy ka maturity amount Rs.1,698 ready hai. Payment paane ke liye apni bank passbook details bhejein.",No,No,No
spam,National Scholarship Portal Alert: Aap scheme ke tahat Rs.543 ke liye eligible hain. Claim karne ke liye apna Aadhaar aur bank account number share karein.,No,No,No
spam,National Scholarship Portal: Aapka scholarship benefit Rs.796 transfer ke liye ready hai. Ise paane ke liye apni bank passbook details submit karein.,No,No,No
spam,Post Matric Scholarship: Aapka scholarship benefit Rs.744 transfer ke liye ready hai. Ise paane ke liye apni bank passbook details submit karein.,No,No,No
spam,"National Scholarship Portal Alert: Aap scheme ke tahat Rs.63,265 ke liye eligible hain. Claim karne ke liye apna Aadhaar aur bank account number share karein.",No,No,No
spam,"Sorry, maine galti se galat number par Rs.82,157 transfer kar diya, yeh aapka account lagta hai. Kripya wapas bhej dein sknbf@oksbi par.",No,No,No
spam,"Hi, mujhe lagta hai maine kisi aur ko pay karte waqt aapko galti se Rs.49,355 bhej diya. Kripya owkostw@okhdfcbank par wapas bhej dein, dhanyavad.",No,No,No
spam,"Aapko Flipkart ke saath work-from-home job ke liye select kiya gaya hai. Rs.1,507 ka joining bonus paane ke liye apni bank details share karein.",No,No,No
spam,"Badhai ho, Ayushman Bharat ke tahat aapka application Rs.6,599 ke liye approve ho gaya hai. Disbursement ke liye apni bank details bhejein.",No,No,No
spam,"Galti se Rs.1,690 mere account se aapke account mein transfer ho gaye hain, jald se jald oyxpqqib@paytm par refund kar dein.",No,No,No
spam,"Aapki insurance policy ka maturity amount Rs.83,778 ready hai. Payment paane ke liye apni bank passbook details bhejein.",No,No,No
spam,"National Scholarship Portal: Aapka scholarship benefit Rs.63,456 transfer ke liye ready hai. Ise paane ke liye apni bank passbook details submit karein.",No,No,No
spam,"Aapka Canara Bank personal loan Rs.3,485 ka pre-approved hai. Process karne ke liye apni bank account aur Aadhaar details share karein.",No,No,No
spam,"Sorry, maine galti se galat number par Rs.5,044 transfer kar diya, yeh aapka account lagta hai. Kripya wapas bhej dein luerbggv28@okhdfcbank par.",No,No,No
spam,"Galti se Rs.644 mere account se aapke account mein transfer ho gaye hain, jald se jald zelut@okicici par refund kar dein.",No,No,No
spam,"Aapki insurance policy ka maturity amount Rs.1,622 ready hai. Payment paane ke liye apni bank passbook details bhejein.",No,No,No
spam,"PM Ujjwala Yojana: Aapka scholarship benefit Rs.4,129 transfer ke liye ready hai. Ise paane ke liye apni bank passbook details submit karein.",No,No,No
spam,"Badhai ho, National Scholarship Portal ke tahat aapka application Rs.760 ke liye approve ho gaya hai. Disbursement ke liye apni bank details bhejein.",No,No,No
spam,"Aapko Infosys ke saath work-from-home job ke liye select kiya gaya hai. Rs.6,941 ka joining bonus paane ke liye apni bank details share karein.",No,No,No
spam,"Hi, mujhe lagta hai maine kisi aur ko pay karte waqt aapko galti se Rs.5,520 bhej diya. Kripya zymzsnsm89@okhdfcbank par wapas bhej dein, dhanyavad.",No,No,No
spam,Ayushman Bharat: Aapka scholarship benefit Rs.627 transfer ke liye ready hai. Ise paane ke liye apni bank passbook details submit karein.,No,No,No
spam,"Aapka Kotak Mahindra Bank personal loan Rs.55,060 ka pre-approved hai. Process karne ke liye apni bank account aur Aadhaar details share karein.",No,No,No
spam,"Maine galti se aapke PhonePe par Rs.921 bhej diya, kripya isse is UPI ID par refund kar dein: qakdrnz@axl",No,No,No
spam,"Maine galti se aapke Google Pay par Rs.5,142 bhej diya, kripya isse is UPI ID par refund kar dein: detxetb39@ibl",No,No,No
spam,Post Matric Scholarship Alert: Aap scheme ke tahat Rs.722 ke liye eligible hain. Claim karne ke liye apna Aadhaar aur bank account number share karein.,No,No,No
spam,"Galti se Rs.58,449 mere account se aapke account mein transfer ho gaye hain, jald se jald fkvdp64@ybl par refund kar dein.",No,No,No
spam,"Badhai ho, Post Matric Scholarship ke tahat aapka application Rs.88,309 ke liye approve ho gaya hai. Disbursement ke liye apni bank details bhejein.",No,No,No
spam,"Badhai ho, Ayushman Bharat ke tahat aapka application Rs.43,797 ke liye approve ho gaya hai. Disbursement ke liye apni bank details bhejein.",No,No,No
spam,"Badhai ho, Post Matric Scholarship ke tahat aapka application Rs.840 ke liye approve ho gaya hai. Disbursement ke liye apni bank details bhejein.",No,No,No
spam,Aapki insurance policy ka maturity amount Rs.554 ready hai. Payment paane ke liye apni bank passbook details bhejein.,No,No,No
spam,Post Matric Scholarship: Aapka scholarship benefit Rs.626 transfer ke liye ready hai. Ise paane ke liye apni bank passbook details submit karein.,No,No,No
spam,State Scholarship Scheme: Aapka scholarship benefit Rs.945 transfer ke liye ready hai. Ise paane ke liye apni bank passbook details submit karein.,No,No,No
spam,"Aapko Amazon ke saath work-from-home job ke liye select kiya gaya hai. Rs.5,823 ka joining bonus paane ke liye apni bank details share karein.",No,No,No
spam,"Ayushman Bharat: Aapka scholarship benefit Rs.5,245 transfer ke liye ready hai. Ise paane ke liye apni bank passbook details submit karein.",No,No,No
spam,"Aapka Kotak Mahindra Bank personal loan Rs.5,188 ka pre-approved hai. Process karne ke liye apni bank account aur Aadhaar details share karein.",No,No,No
spam,"Hi, mujhe lagta hai maine kisi aur ko pay karte waqt aapko galti se Rs.71,914 bhej diya. Kripya tlnqn54@okicici par wapas bhej dein, dhanyavad.",No,No,No
spam,"Galti se Rs.6,924 mere account se aapke account mein transfer ho gaye hain, jald se jald opqmq66@okicici par refund kar dein.",No,No,No
spam,PM Ujjwala Yojana Alert: Aap scheme ke tahat Rs.629 ke liye eligible hain. Claim karne ke liye apna Aadhaar aur bank account number share karein.,No,No,No
spam,"Maine galti se aapke PhonePe par Rs.74,583 bhej diya, kripya isse is UPI ID par refund kar dein: zqbnq@ibl",No,No,No
spam,"National Scholarship Portal: Aapka scholarship benefit Rs.8,165 transfer ke liye ready hai. Ise paane ke liye apni bank passbook details submit karein.",No,No,No
spam,"Badhai ho, Ayushman Bharat ke tahat aapka application Rs.20,894 ke liye approve ho gaya hai. Disbursement ke liye apni bank details bhejein.",No,No,No
spam,Aapko Amazon ke saath work-from-home job ke liye select kiya gaya hai. Rs.920 ka joining bonus paane ke liye apni bank details share karein.,No,No,No
spam,"Aapki insurance policy ka maturity amount Rs.87,426 ready hai. Payment paane ke liye apni bank passbook details bhejein.",No,No,No
spam,Aapka Bank of Baroda personal loan Rs.676 ka pre-approved hai. Process karne ke liye apni bank account aur Aadhaar details share karein.,No,No,No
spam,"Maine galti se aapke PhonePe par Rs.33,881 bhej diya, kripya isse is UPI ID par refund kar dein: oydkhcln87@ybl",No,No,No
spam,"Aapki insurance policy ka maturity amount Rs.79,071 ready hai. Payment paane ke liye apni bank passbook details bhejein.",No,No,No
spam,PM Ujjwala Yojana Alert: Aap scheme ke tahat Rs.878 ke liye eligible hain. Claim karne ke liye apna Aadhaar aur bank account number share karein.,No,No,No
spam,"Post Matric Scholarship Alert: Aap scheme ke tahat Rs.3,878 ke liye eligible hain. Claim karne ke liye apna Aadhaar aur bank account number share karein.",No,No,No
spam,"Badhai ho, Ayushman Bharat ke tahat aapka application Rs.99,210 ke liye approve ho gaya hai. Disbursement ke liye apni bank details bhejein.",No,No,No
spam,"Maine galti se aapke Google Pay par Rs.921 bhej diya, kripya isse is UPI ID par refund kar dein: oqidrd59@oksbi",No,No,No
spam,"Aapka Kotak Mahindra Bank personal loan Rs.4,663 ka pre-approved hai. Process karne ke liye apni bank account aur Aadhaar details share karein.",No,No,No
spam,"Aapki insurance policy ka maturity amount Rs.10,937 ready hai. Payment paane ke liye apni bank passbook details bhejein.",No,No,No
spam,"Badhai ho, PMAY ke tahat aapka application Rs.16,255 ke liye approve ho gaya hai. Disbursement ke liye apni bank details bhejein.",No,No,No
spam,"Sorry, maine galti se galat number par Rs.3,279 transfer kar diya, yeh aapka account lagta hai. Kripya wapas bhej dein ythzvzjv@okhdfcbank par.",No,No,No
spam,"Galti se Rs.1,104 mere account se aapke account mein transfer ho gaye hain, jald se jald pbhbh51@ibl par refund kar dein.",No,No,No
spam,"Hi, mujhe lagta hai maine kisi aur ko pay karte waqt aapko galti se Rs.8,107 bhej diya. Kripya kdfbo@ibl par wapas bhej dein, dhanyavad.",No,No,No
spam,"Badhai ho, PM Ujjwala Yojana ke tahat aapka application Rs.51,717 ke liye approve ho gaya hai. Disbursement ke liye apni bank details bhejein.",No,No,No
spam,Aapko Amazon ke saath work-from-home job ke liye select kiya gaya hai. Rs.836 ka joining bonus paane ke liye apni bank details share karein.,No,No,No
spam,"Maine galti se aapke Google Pay par Rs.772 bhej diya, kripya isse is UPI ID par refund kar dein: raikxd@ibl",No,No,No
spam,"Galti se Rs.7,402 mere account se aapke account mein transfer ho gaye hain, jald se jald beiikbmu49@paytm par refund kar dein.",No,No,No
spam,"Sorry, maine galti se galat number par Rs.6,415 transfer kar diya, yeh aapka account lagta hai. Kripya wapas bhej dein nakxui@okhdfcbank par.",No,No,No
spam,"Sorry, maine galti se galat number par Rs.709 transfer kar diya, yeh aapka account lagta hai. Kripya wapas bhej dein jvpyn91@ybl par.",No,No,No
spam,"Galti se Rs.736 mere account se aapke account mein transfer ho gaye hain, jald se jald cpccd@ibl par refund kar dein.",No,No,No
spam,"Hi, mujhe lagta hai maine kisi aur ko pay karte waqt aapko galti se Rs.769 bhej diya. Kripya kmuzk@ibl par wapas bhej dein, dhanyavad.",No,No,No
spam,"Galti se Rs.7,188 mere account se aapke account mein transfer ho gaye hain, jald se jald vccvndj10@axl par refund kar dein.",No,No,No
spam,"Hi, mujhe lagta hai maine kisi aur ko pay karte waqt aapko galti se Rs.81,107 bhej diya. Kripya gwmxakph86@oksbi par wapas bhej dein, dhanyavad.",No,No,No
spam,"Aapki insurance policy ka maturity amount Rs.6,983 ready hai. Payment paane ke liye apni bank passbook details bhejein.",No,No,No
spam,"Hi, mujhe lagta hai maine kisi aur ko pay karte waqt aapko galti se Rs.708 bhej diya. Kripya sxhcwe25@oksbi par wapas bhej dein, dhanyavad.",No,No,No
spam,"Badhai ho, PMAY ke tahat aapka application Rs.7,851 ke liye approve ho gaya hai. Disbursement ke liye apni bank details bhejein.",No,No,No
spam,"Galti se Rs.12,124 mere account se aapke account mein transfer ho gaye hain, jald se jald vyfqz95@okicici par refund kar dein.",No,No,No
spam,"Galti se Rs.8,898 mere account se aapke account mein transfer ho gaye hain, jald se jald gueisks@ybl par refund kar dein.",No,No,No
spam,Aapka Canara Bank personal loan Rs.848 ka pre-approved hai. Process karne ke liye apni bank account aur Aadhaar details share karein.,No,No,No
spam,Post Matric Scholarship Alert: Aap scheme ke tahat Rs.859 ke liye eligible hain. Claim karne ke liye apna Aadhaar aur bank account number share karein.,No,No,No
spam,Ayushman Bharat: Aapka scholarship benefit Rs.582 transfer ke liye ready hai. Ise paane ke liye apni bank passbook details submit karein.,No,No,No
spam,"State Scholarship Scheme Alert: Aap scheme ke tahat Rs.97,862 ke liye eligible hain. Claim karne ke liye apna Aadhaar aur bank account number share karein.",No,No,No
spam,"National Scholarship Portal Alert: Aap scheme ke tahat Rs.17,229 ke liye eligible hain. Claim karne ke liye apna Aadhaar aur bank account number share karein.",No,No,No
spam,"Sorry, maine galti se galat number par Rs.869 transfer kar diya, yeh aapka account lagta hai. Kripya wapas bhej dein akpfdgma@okicici par.",No,No,No
spam,"Hi, mujhe lagta hai maine kisi aur ko pay karte waqt aapko galti se Rs.77,756 bhej diya. Kripya xghbycsm70@axl par wapas bhej dein, dhanyavad.",No,No,No
spam,"Maine galti se aapke PhonePe par Rs.57,663 bhej diya, kripya isse is UPI ID par refund kar dein: zarofqs@axl",No,No,No
spam,"Aapka Canara Bank personal loan Rs.6,289 ka pre-approved hai. Process karne ke liye apni bank account aur Aadhaar details share karein.",No,No,No
spam,Aapka ICICI Bank personal loan Rs.585 ka pre-approved hai. Process karne ke liye apni bank account aur Aadhaar details share karein.,No,No,No
spam,Aapka ICICI Bank personal loan Rs.993 ka pre-approved hai. Process karne ke liye apni bank account aur Aadhaar details share karein.,No,No,No
spam,"PM Kisan Samman Nidhi Alert: Aap scheme ke tahat Rs.1,056 ke liye eligible hain. Claim karne ke liye apna Aadhaar aur bank account number share karein.",No,No,No
spam,Aapki insurance policy ka maturity amount Rs.856 ready hai. Payment paane ke liye apni bank passbook details bhejein.,No,No,No
spam,"State Scholarship Scheme Alert: Aap scheme ke tahat Rs.6,980 ke liye eligible hain. Claim karne ke liye apna Aadhaar aur bank account number share karein.",No,No,No
spam,"Maine galti se aapke Amazon Pay par Rs.27,337 bhej diya, kripya isse is UPI ID par refund kar dein: hwplzgat81@okhdfcbank",No,No,No
spam,"Sorry, maine galti se galat number par Rs.5,478 transfer kar diya, yeh aapka account lagta hai. Kripya wapas bhej dein osnpigb@okhdfcbank par.",No,No,No
spam,"Galti se Rs.686 mere account se aapke account mein transfer ho gaye hain, jald se jald dyiynzh@axl par refund kar dein.",No,No,No
spam,"Galti se Rs.2,241 mere account se aapke account mein transfer ho gaye hain, jald se jald dalevi27@axl par refund kar dein.",No,No,No
spam,"Hi, mujhe lagta hai maine kisi aur ko pay karte waqt aapko galti se Rs.833 bhej diya. Kripya lhotf@okhdfcbank par wapas bhej dein, dhanyavad.",No,No,No
spam,"Aapka Bank of Baroda personal loan Rs.60,280 ka pre-approved hai. Process karne ke liye apni bank account aur Aadhaar details share karein.",No,No,No
spam,"Galti se Rs.9,113 mere account se aapke account mein transfer ho gaye hain, jald se jald xrtcatdv84@okhdfcbank par refund kar dein.",No,No,No
spam,"Galti se Rs.89,345 mere account se aapke account mein transfer ho gaye hain, jald se jald mbxoelv@okhdfcbank par refund kar dein.",No,No,No
spam,"Aapko HCL ke saath work-from-home job ke liye select kiya gaya hai. Rs.3,934 ka joining bonus paane ke liye apni bank details share karein.",No,No,No
spam,LPG Subsidy Scheme: Aapka scholarship benefit Rs.518 transfer ke liye ready hai. Ise paane ke liye apni bank passbook details submit karein.,No,No,No
spam,"Maine galti se aapke Paytm par Rs.900 bhej diya, kripya isse is UPI ID par refund kar dein: mxrxx@axl",No,No,No
spam,"Sorry, maine galti se galat number par Rs.5,781 transfer kar diya, yeh aapka account lagta hai. Kripya wapas bhej dein hqyva@okhdfcbank par.",No,No,No
spam,"Hi, mujhe lagta hai maine kisi aur ko pay karte waqt aapko galti se Rs.6,502 bhej diya. Kripya einjqdak71@okhdfcbank par wapas bhej dein, dhanyavad.",No,No,No
spam,"Aapka Canara Bank personal loan Rs.7,846 ka pre-approved hai. Process karne ke liye apni bank account aur Aadhaar details share karein.",No,No,No
spam,"Aapko Reliance ke saath work-from-home job ke liye select kiya gaya hai. Rs.36,825 ka joining bonus paane ke liye apni bank details share karein.",No,No,No
spam,"Galti se Rs.8,894 mere account se aapke account mein transfer ho gaye hain, jald se jald mjrrau70@paytm par refund kar dein.",No,No,No
spam,"Badhai ho, LPG Subsidy Scheme ke tahat aapka application Rs.5,161 ke liye approve ho gaya hai. Disbursement ke liye apni bank details bhejein.",No,No,No
spam,"Aapki insurance policy ka maturity amount Rs.5,357 ready hai. Payment paane ke liye apni bank passbook details bhejein.",No,No,No
spam,"Maine galti se aapke Paytm par Rs.43,050 bhej diya, kripya isse is UPI ID par refund kar dein: zlvewz31@ybl",No,No,No
spam,"Galti se Rs.17,841 mere account se aapke account mein transfer ho gaye hain, jald se jald trcaysp39@ibl par refund kar dein.",No,No,No
spam,"Maine galti se aapke Google Pay par Rs.3,670 bhej diya, kripya isse is UPI ID par refund kar dein: ynhzy56@axl",No,No,No
spam,"National Scholarship Portal Alert: Aap scheme ke tahat Rs.4,819 ke liye eligible hain. Claim karne ke liye apna Aadhaar aur bank account number share karein.",No,No,No
spam,"Aapki insurance policy ka maturity amount Rs.2,667 ready hai. Payment paane ke liye apni bank passbook details bhejein.",No,No,No
spam,"Badhai ho, PM Ujjwala Yojana ke tahat aapka application Rs.44,084 ke liye approve ho gaya hai. Disbursement ke liye apni bank details bhejein.",No,No,No
spam,Aapko HCL ke saath work-from-home job ke liye select kiya gaya hai. Rs.979 ka joining bonus paane ke liye apni bank details share karein.,No,No,No
spam,"Aapko Amazon ke saath work-from-home job ke liye select kiya gaya hai. Rs.9,047 ka joining bonus paane ke liye apni bank details share karein.",No,No,No
spam,Aapka ICICI Bank personal loan Rs.943 ka pre-approved hai. Process karne ke liye apni bank account aur Aadhaar details share karein.,No,No,No
spam,"Hi, mujhe lagta hai maine kisi aur ko pay karte waqt aapko galti se Rs.898 bhej diya. Kripya exfrr@ibl par wapas bhej dein, dhanyavad.",No,No,No
spam,"PM Ujjwala Yojana Alert: Aap scheme ke tahat Rs.79,919 ke liye eligible hain. Claim karne ke liye apna Aadhaar aur bank account number share karein.",No,No,No
spam,"Maine galti se aapke Amazon Pay par Rs.6,320 bhej diya, kripya isse is UPI ID par refund kar dein: rjagck87@paytm",No,No,No
spam,"Hi, mujhe lagta hai maine kisi aur ko pay karte waqt aapko galti se Rs.2,498 bhej diya. Kripya yomobse27@paytm par wapas bhej dein, dhanyavad.",No,No,No
spam,"Maine galti se aapke Google Pay par Rs.64,778 bhej diya, kripya isse is UPI ID par refund kar dein: aboemusu60@okhdfcbank",No,No,No
spam,"Hi, mujhe lagta hai maine kisi aur ko pay karte waqt aapko galti se Rs.4,485 bhej diya. Kripya cmuojh@okicici par wapas bhej dein, dhanyavad.",No,No,No
spam,"Ayushman Bharat Alert: Aap scheme ke tahat Rs.15,557 ke liye eligible hain. Claim karne ke liye apna Aadhaar aur bank account number share karein.",No,No,No
spam,"Galti se Rs.1,151 mere account se aapke account mein transfer ho gaye hain, jald se jald enqpfvgp@okhdfcbank par refund kar dein.",No,No,No
spam,"Hi, mujhe lagta hai maine kisi aur ko pay karte waqt aapko galti se Rs.22,811 bhej diya. Kripya wtmnq@axl par wapas bhej dein, dhanyavad.",No,No,No
spam,"Galti se Rs.6,462 mere account se aapke account mein transfer ho gaye hain, jald se jald xrknbvs@okicici par refund kar dein.",No,No,No
spam,"Aapka Axis Bank personal loan Rs.6,119 ka pre-approved hai. Process karne ke liye apni bank account aur Aadhaar details share karein.",No,No,No
spam,Aapko TCS ke saath work-from-home job ke liye select kiya gaya hai. Rs.826 ka joining bonus paane ke liye apni bank details share karein.,No,No,No
spam,"PM Ujjwala Yojana Alert: Aap scheme ke tahat Rs.9,828 ke liye eligible hain. Claim karne ke liye apna Aadhaar aur bank account number share karein.",No,No,No
spam,"Maine galti se aapke PhonePe par Rs.70,004 bhej diya, kripya isse is UPI ID par refund kar dein: etwufe@paytm",No,No,No
spam,"Aapki insurance policy ka maturity amount Rs.20,368 ready hai. Payment paane ke liye apni bank passbook details bhejein.",No,No,No
spam,"Maine galti se aapke PhonePe par Rs.82,737 bhej diya, kripya isse is UPI ID par refund kar dein: ofbhygf31@okicici",No,No,No
spam,"PM Kisan Samman Nidhi Alert: Aap scheme ke tahat Rs.6,351 ke liye eligible hain. Claim karne ke liye apna Aadhaar aur bank account number share karein.",No,No,No
spam,"Maine galti se aapke Paytm par Rs.6,910 bhej diya, kripya isse is UPI ID par refund kar dein: kmdsj@okhdfcbank",No,No,No
spam,Post Matric Scholarship: Aapka scholarship benefit Rs.864 transfer ke liye ready hai. Ise paane ke liye apni bank passbook details submit karein.,No,No,No
spam,"Badhai ho, PM Ujjwala Yojana ke tahat aapka application Rs.71,215 ke liye approve ho gaya hai. Disbursement ke liye apni bank details bhejein.",No,No,No
spam,"Maine galti se aapke Amazon Pay par Rs.5,270 bhej diya, kripya isse is UPI ID par refund kar dein: cjojqsie27@ybl",No,No,No
spam,"Post Matric Scholarship: Aapka scholarship benefit Rs.43,995 transfer ke liye ready hai. Ise paane ke liye apni bank passbook details submit karein.",No,No,No
spam,"Sorry, maine galti se galat number par Rs.10,285 transfer kar diya, yeh aapka account lagta hai. Kripya wapas bhej dein jhfpvtsp54@ibl par.",No,No,No
spam,"Hi, mujhe lagta hai maine kisi aur ko pay karte waqt aapko galti se Rs.667 bhej diya. Kripya rblwddbe50@okhdfcbank par wapas bhej dein, dhanyavad.",No,No,No
spam,"Hi, mujhe lagta hai maine kisi aur ko pay karte waqt aapko galti se Rs.8,202 bhej diya. Kripya djivaxk63@ibl par wapas bhej dein, dhanyavad.",No,No,No
spam,"Sorry, maine galti se galat number par Rs.34,379 transfer kar diya, yeh aapka account lagta hai. Kripya wapas bhej dein hubxpzi20@paytm par.",No,No,No
spam,"Hi, mujhe lagta hai maine kisi aur ko pay karte waqt aapko galti se Rs.748 bhej diya. Kripya lyloh96@ybl par wapas bhej dein, dhanyavad.",No,No,No
spam,"Hi, mujhe lagta hai maine kisi aur ko pay karte waqt aapko galti se Rs.5,833 bhej diya. Kripya iwdvwg@axl par wapas bhej dein, dhanyavad.",No,No,No
spam,"Hi, mujhe lagta hai maine kisi aur ko pay karte waqt aapko galti se Rs.733 bhej diya. Kripya ujjnpoe13@okicici par wapas bhej dein, dhanyavad.",No,No,No
spam,"Aapko HCL ke saath work-from-home job ke liye select kiya gaya hai. Rs.7,371 ka joining bonus paane ke liye apni bank details share karein.",No,No,No
spam,Aapka Axis Bank personal loan Rs.828 ka pre-approved hai. Process karne ke liye apni bank account aur Aadhaar details share karein.,No,No,No
spam,"Aapki insurance policy ka maturity amount Rs.7,314 ready hai. Payment paane ke liye apni bank passbook details bhejein.",No,No,No
spam,"Aapka Kotak Mahindra Bank personal loan Rs.4,658 ka pre-approved hai. Process karne ke liye apni bank account aur Aadhaar details share karein.",No,No,No
spam,"Aapko TCS ke saath work-from-home job ke liye select kiya gaya hai. Rs.58,196 ka joining bonus paane ke liye apni bank details share karein.",No,No,No
spam,"Maine galti se aapke Amazon Pay par Rs.93,170 bhej diya, kripya isse is UPI ID par refund kar dein: tstvo@axl",No,No,No
spam,"Sorry, maine galti se galat number par Rs.6,179 transfer kar diya, yeh aapka account lagta hai. Kripya wapas bhej dein kfjuqnj60@okhdfcbank par.",No,No,No
spam,Aapki insurance policy ka maturity amount Rs.939 ready hai. Payment paane ke liye apni bank passbook details bhejein.,No,No,No
spam,"Aapki insurance policy ka maturity amount Rs.6,765 ready hai. Payment paane ke liye apni bank passbook details bhejein.",No,No,No
spam,"Maine galti se aapke Google Pay par Rs.6,358 bhej diya, kripya isse is UPI ID par refund kar dein: xxuagw82@oksbi",No,No,No
spam,Aapka Axis Bank personal loan Rs.684 ka pre-approved hai. Process karne ke liye apni bank account aur Aadhaar details share karein.,No,No,No
spam,"Aapki insurance policy ka maturity amount Rs.4,221 ready hai. Payment paane ke liye apni bank passbook details bhejein.",No,No,No
spam,"Sorry, maine galti se galat number par Rs.718 transfer kar diya, yeh aapka account lagta hai. Kripya wapas bhej dein qgqrp98@okicici par.",No,No,No
spam,PM Ujjwala Yojana Alert: Aap scheme ke tahat Rs.595 ke liye eligible hain. Claim karne ke liye apna Aadhaar aur bank account number share karein.,No,No,No
spam,"National Scholarship Portal: Aapka scholarship benefit Rs.56,989 transfer ke liye ready hai. Ise paane ke liye apni bank passbook details submit karein.",No,No,No
spam,Aapka Kotak Mahindra Bank personal loan Rs.847 ka pre-approved hai. Process karne ke liye apni bank account aur Aadhaar details share karein.,No,No,No
spam,"Hi, mujhe lagta hai maine kisi aur ko pay karte waqt aapko galti se Rs.17,228 bhej diya. Kripya dzbxdz61@paytm par wapas bhej dein, dhanyavad.",No,No,No
spam,"PM Ujjwala Yojana Alert: Aap scheme ke tahat Rs.9,234 ke liye eligible hain. Claim karne ke liye apna Aadhaar aur bank account number share karein.",No,No,No
spam,Aapko Reliance ke saath work-from-home job ke liye select kiya gaya hai. Rs.534 ka joining bonus paane ke liye apni bank details share karein.,No,No,No
spam,"Galti se Rs.4,973 mere account se aapke account mein transfer ho gaye hain, jald se jald btbnpnur@ybl par refund kar dein.",No,No,No
spam,"Sorry, maine galti se galat number par Rs.89,437 transfer kar diya, yeh aapka account lagta hai. Kripya wapas bhej dein ogkbr@paytm par.",No,No,No
spam,"Aapko Wipro ke saath work-from-home job ke liye select kiya gaya hai. Rs.3,458 ka joining bonus paane ke liye apni bank details share karein.",No,No,No
spam,"Sorry, maine galti se galat number par Rs.21,977 transfer kar diya, yeh aapka account lagta hai. Kripya wapas bhej dein oiorrgcw94@ybl par.",No,No,No
spam,"Hi, mujhe lagta hai maine kisi aur ko pay karte waqt aapko galti se Rs.2,368 bhej diya. Kripya gmusvf@ibl par wapas bhej dein, dhanyavad.",No,No,No
spam,"PM Kisan Samman Nidhi Alert: Aap scheme ke tahat Rs.10,470 ke liye eligible hain. Claim karne ke liye apna Aadhaar aur bank account number share karein.",No,No,No
spam,"Aapki insurance policy ka maturity amount Rs.80,678 ready hai. Payment paane ke liye apni bank passbook details bhejein.",No,No,No
spam,"PM Ujjwala Yojana: Aapka scholarship benefit Rs.8,821 transfer ke liye ready hai. Ise paane ke liye apni bank passbook details submit karein.",No,No,No
spam,"Maine galti se aapke PhonePe par Rs.19,908 bhej diya, kripya isse is UPI ID par refund kar dein: ixsolgnd57@okhdfcbank",No,No,No
spam,"Maine galti se aapke Google Pay par Rs.69,227 bhej diya, kripya isse is UPI ID par refund kar dein: kafbwank@okicici",No,No,No
spam,"PM Kisan Samman Nidhi Alert: Aap scheme ke tahat Rs.9,033 ke liye eligible hain. Claim karne ke liye apna Aadhaar aur bank account number share karein.",No,No,No
spam,"Aapko Reliance ke saath work-from-home job ke liye select kiya gaya hai. Rs.20,370 ka joining bonus paane ke liye apni bank details share karein.",No,No,No
spam,"Aapka Canara Bank personal loan Rs.2,916 ka pre-approved hai. Process karne ke liye apni bank account aur Aadhaar details share karein.",No,No,No
spam,"Sorry, maine galti se galat number par Rs.989 transfer kar diya, yeh aapka account lagta hai. Kripya wapas bhej dein yifnem@okicici par.",No,No,No
spam,"Aapka Kotak Mahindra Bank personal loan Rs.3,200 ka pre-approved hai. Process karne ke liye apni bank account aur Aadhaar details share karein.",No,No,No
spam,Aapki insurance policy ka maturity amount Rs.691 ready hai. Payment paane ke liye apni bank passbook details bhejein.,No,No,No
spam,"Badhai ho, Ayushman Bharat ke tahat aapka application Rs.655 ke liye approve ho gaya hai. Disbursement ke liye apni bank details bhejein.",No,No,No
spam,"Aapki insurance policy ka maturity amount Rs.8,816 ready hai. Payment paane ke liye apni bank passbook details bhejein.",No,No,No
spam,Aapka SBI personal loan Rs.936 ka pre-approved hai. Process karne ke liye apni bank account aur Aadhaar details share karein.,No,No,No
spam,Aapki insurance policy ka maturity amount Rs.855 ready hai. Payment paane ke liye apni bank passbook details bhejein.,No,No,No
spam,"Badhai ho, Post Matric Scholarship ke tahat aapka application Rs.20,317 ke liye approve ho gaya hai. Disbursement ke liye apni bank details bhejein.",No,No,No
spam,"State Scholarship Scheme: Aapka scholarship benefit Rs.60,661 transfer ke liye ready hai. Ise paane ke liye apni bank passbook details submit karein.",No,No,No
spam,"Sorry, maine galti se galat number par Rs.76,357 transfer kar diya, yeh aapka account lagta hai. Kripya wapas bhej dein npwzwl74@axl par.",No,No,No
spam,"Sorry, maine galti se galat number par Rs.806 transfer kar diya, yeh aapka account lagta hai. Kripya wapas bhej dein juovx@okicici par.",No,No,No
spam,"Sorry, maine galti se galat number par Rs.8,011 transfer kar diya, yeh aapka account lagta hai. Kripya wapas bhej dein mmqanc@okhdfcbank par.",No,No,No
spam,"Badhai ho, Post Matric Scholarship ke tahat aapka application Rs.658 ke liye approve ho gaya hai. Disbursement ke liye apni bank details bhejein.",No,No,No
spam,"Aapka Punjab National Bank personal loan Rs.8,738 ka pre-approved hai. Process karne ke liye apni bank account aur Aadhaar details share karein.",No,No,No
spam,State Scholarship Scheme Alert: Aap scheme ke tahat Rs.648 ke liye eligible hain. Claim karne ke liye apna Aadhaar aur bank account number share karein.,No,No,No
spam,PM Kisan Samman Nidhi: Aapka scholarship benefit Rs.816 transfer ke liye ready hai. Ise paane ke liye apni bank passbook details submit karein.,No,No,No
spam,"Hi, mujhe lagta hai maine kisi aur ko pay karte waqt aapko galti se Rs.35,210 bhej diya. Kripya uxictbg@axl par wapas bhej dein, dhanyavad.",No,No,No
spam,"Ayushman Bharat: Aapka scholarship benefit Rs.9,139 transfer ke liye ready hai. Ise paane ke liye apni bank passbook details submit karein.",No,No,No
spam,"Badhai ho, PM Ujjwala Yojana ke tahat aapka application Rs.627 ke liye approve ho gaya hai. Disbursement ke liye apni bank details bhejein.",No,No,No
spam,"Maine galti se aapke PhonePe par Rs.93,201 bhej diya, kripya isse is UPI ID par refund kar dein: gtkfat19@paytm",No,No,No
spam,Aapka Kotak Mahindra Bank personal loan Rs.762 ka pre-approved hai. Process karne ke liye apni bank account aur Aadhaar details share karein.,No,No,No
spam,Aapka Axis Bank personal loan Rs.801 ka pre-approved hai. Process karne ke liye apni bank account aur Aadhaar details share karein.,No,No,No
spam,"Maine galti se aapke Paytm par Rs.13,578 bhej diya, kripya isse is UPI ID par refund kar dein: ozeogqi@okicici",No,No,No
spam,National Scholarship Portal: Aapka scholarship benefit Rs.760 transfer ke liye ready hai. Ise paane ke liye apni bank passbook details submit karein.,No,No,No
spam,"Galti se Rs.3,289 mere account se aapke account mein transfer ho gaye hain, jald se jald wdxei@axl par refund kar dein.",No,No,No
spam,Aapki insurance policy ka maturity amount Rs.933 ready hai. Payment paane ke liye apni bank passbook details bhejein.,No,No,No
spam,"Aapki insurance policy ka maturity amount Rs.2,713 ready hai. Payment paane ke liye apni bank passbook details bhejein.",No,No,No
spam,PMAY: Aapka scholarship benefit Rs.883 transfer ke liye ready hai. Ise paane ke liye apni bank passbook details submit karein.,No,No,No
spam,"Aapko Amazon ke saath work-from-home job ke liye select kiya gaya hai. Rs.21,520 ka joining bonus paane ke liye apni bank details share karein.",No,No,No
spam,Aapki insurance policy ka maturity amount Rs.910 ready hai. Payment paane ke liye apni bank passbook details bhejein.,No,No,No
spam,"Badhai ho, State Scholarship Scheme ke tahat aapka application Rs.872 ke liye approve ho gaya hai. Disbursement ke liye apni bank details bhejein.",No,No,No
spam,"Hi, mujhe lagta hai maine kisi aur ko pay karte waqt aapko galti se Rs.9,852 bhej diya. Kripya vfdzs@okhdfcbank par wapas bhej dein, dhanyavad.",No,No,No
spam,"Badhai ho, Post Matric Scholarship ke tahat aapka application Rs.643 ke liye approve ho gaya hai. Disbursement ke liye apni bank details bhejein.",No,No,No
spam,"Sorry, maine galti se galat number par Rs.2,569 transfer kar diya, yeh aapka account lagta hai. Kripya wapas bhej dein jltpbq@axl par.",No,No,No
spam,"Galti se Rs.99,219 mere account se aapke account mein transfer ho gaye hain, jald se jald oedlne46@ibl par refund kar dein.",No,No,No
spam,"Hi, mujhe lagta hai maine kisi aur ko pay karte waqt aapko galti se Rs.842 bhej diya. Kripya quelbk49@ybl par wapas bhej dein, dhanyavad.",No,No,No
spam,"Aapka Kotak Mahindra Bank personal loan Rs.7,633 ka pre-approved hai. Process karne ke liye apni bank account aur Aadhaar details share karein.",No,No,No
spam,"Badhai ho, PM Ujjwala Yojana ke tahat aapka application Rs.27,431 ke liye approve ho gaya hai. Disbursement ke liye apni bank details bhejein.",No,No,No
spam,"Aapka Axis Bank personal loan Rs.71,114 ka pre-approved hai. Process karne ke liye apni bank account aur Aadhaar details share karein.",No,No,No
spam,"Sorry, maine galti se galat number par Rs.646 transfer kar diya, yeh aapka account lagta hai. Kripya wapas bhej dein jvxrvu@paytm par.",No,No,No
spam,"Aapki insurance policy ka maturity amount Rs.87,514 ready hai. Payment paane ke liye apni bank passbook details bhejein.",No,No,No
spam,"Aapko Flipkart ke saath work-from-home job ke liye select kiya gaya hai. Rs.9,542 ka joining bonus paane ke liye apni bank details share karein.",No,No,No
spam,"PMAY: Aapka scholarship benefit Rs.2,173 transfer ke liye ready hai. Ise paane ke liye apni bank passbook details submit karein.",No,No,No
spam,"Aapka SBI personal loan Rs.21,152 ka pre-approved hai. Process karne ke liye apni bank account aur Aadhaar details share karein.",No,No,No
spam,"Sorry, maine galti se galat number par Rs.66,786 transfer kar diya, yeh aapka account lagta hai. Kripya wapas bhej dein asgkkkt49@ibl par.",No,No,No
spam,"LPG Subsidy Scheme Alert: Aap scheme ke tahat Rs.1,787 ke liye eligible hain. Claim karne ke liye apna Aadhaar aur bank account number share karein.",No,No,No
spam,"Sorry, maine galti se galat number par Rs.3,326 transfer kar diya, yeh aapka account lagta hai. Kripya wapas bhej dein uaakyvnt@axl par.",No,No,No
spam,"Sorry, maine galti se galat number par Rs.5,486 transfer kar diya, yeh aapka account lagta hai. Kripya wapas bhej dein gwbblsrb31@paytm par.",No,No,No
spam,"Galti se Rs.515 mere account se aapke account mein transfer ho gaye hain, jald se jald eonuqlrx81@ybl par refund kar dein.",No,No,No
spam,"Badhai ho, LPG Subsidy Scheme ke tahat aapka application Rs.908 ke liye approve ho gaya hai. Disbursement ke liye apni bank details bhejein.",No,No,No
spam,"PM Ujjwala Yojana Alert: Aap scheme ke tahat Rs.79,378 ke liye eligible hain. Claim karne ke liye apna Aadhaar aur bank account number share karein.",No,No,No
spam,"PMAY Alert: Aap scheme ke tahat Rs.8,519 ke liye eligible hain. Claim karne ke liye apna Aadhaar aur bank account number share karein.",No,No,No
spam,"Sorry, maine galti se galat number par Rs.48,705 transfer kar diya, yeh aapka account lagta hai. Kripya wapas bhej dein rxbkd@okicici par.",No,No,No
spam,"Maine galti se aapke Paytm par Rs.906 bhej diya, kripya isse is UPI ID par refund kar dein: nniaidc90@paytm",No,No,No
spam,"National Scholarship Portal Alert: Aap scheme ke tahat Rs.1,312 ke liye eligible hain. Claim karne ke liye apna Aadhaar aur bank account number share karein.",No,No,No
spam,"PMAY: Aapka scholarship benefit Rs.72,346 transfer ke liye ready hai. Ise paane ke liye apni bank passbook details submit karein.",No,No,No
spam,"Ayushman Bharat Alert: Aap scheme ke tahat Rs.3,869 ke liye eligible hain. Claim karne ke liye apna Aadhaar aur bank account number share karein.",No,No,No
spam,State Scholarship Scheme Alert: Aap scheme ke tahat Rs.848 ke liye eligible hain. Claim karne ke liye apna Aadhaar aur bank account number share karein.,No,No,No
spam,"Hi, mujhe lagta hai maine kisi aur ko pay karte waqt aapko galti se Rs.3,406 bhej diya. Kripya wvumways12@okhdfcbank par wapas bhej dein, dhanyavad.",No,No,No
spam,"Aapki insurance policy ka maturity amount Rs.3,623 ready hai. Payment paane ke liye apni bank passbook details bhejein.",No,No,No
spam,"Aapki insurance policy ka maturity amount Rs.1,790 ready hai. Payment paane ke liye apni bank passbook details bhejein.",No,No,No
spam,"Maine galti se aapke Google Pay par Rs.541 bhej diya, kripya isse is UPI ID par refund kar dein: focxy@okhdfcbank",No,No,No
spam,"Aapka HDFC Bank personal loan Rs.2,924 ka pre-approved hai. Process karne ke liye apni bank account aur Aadhaar details share karein.",No,No,No
spam,Ayushman Bharat Alert: Aap scheme ke tahat Rs.819 ke liye eligible hain. Claim karne ke liye apna Aadhaar aur bank account number share karein.,No,No,No
spam,"State Scholarship Scheme: Aapka scholarship benefit Rs.9,312 transfer ke liye ready hai. Ise paane ke liye apni bank passbook details submit karein.",No,No,No
spam,"Sorry, maine galti se galat number par Rs.74,338 transfer kar diya, yeh aapka account lagta hai. Kripya wapas bhej dein ftqgsyx52@axl par.",No,No,No
spam,"Badhai ho, PM Ujjwala Yojana ke tahat aapka application Rs.41,733 ke liye approve ho gaya hai. Disbursement ke liye apni bank details bhejein.",No,No,No
spam,"Post Matric Scholarship: Aapka scholarship benefit Rs.5,587 transfer ke liye ready hai. Ise paane ke liye apni bank passbook details submit karein.",No,No,No
spam,"Aapko Wipro ke saath work-from-home job ke liye select kiya gaya hai. Rs.66,769 ka joining bonus paane ke liye apni bank details share karein.",No,No,No
spam,"Sorry, maine galti se galat number par Rs.1,329 transfer kar diya, yeh aapka account lagta hai. Kripya wapas bhej dein verexgdo38@ybl par.",No,No,No
spam,"Galti se Rs.932 mere account se aapke account mein transfer ho gaye hain, jald se jald voywk@oksbi par refund kar dein.",No,No,No
spam,"Badhai ho, State Scholarship Scheme ke tahat aapka application Rs.7,434 ke liye approve ho gaya hai. Disbursement ke liye apni bank details bhejein.",No,No,No
spam,"Aapki insurance policy ka maturity amount Rs.63,456 ready hai. Payment paane ke liye apni bank passbook details bhejein.",No,No,No
spam,"Aapko Amazon ke saath work-from-home job ke liye select kiya gaya hai. Rs.3,586 ka joining bonus paane ke liye apni bank details share karein.",No,No,No
spam,"Maine galti se aapke Paytm par Rs.518 bhej diya, kripya isse is UPI ID par refund kar dein: tkytbd@paytm",No,No,No
spam,"Galti se Rs.9,963 mere account se aapke account mein transfer ho gaye hain, jald se jald dddqod67@ybl par refund kar dein.",No,No,No
spam,"Galti se Rs.79,011 mere account se aapke account mein transfer ho gaye hain, jald se jald kqpfavm@axl par refund kar dein.",No,No,No
spam,PM Kisan Samman Nidhi Alert: Aap scheme ke tahat Rs.615 ke liye eligible hain. Claim karne ke liye apna Aadhaar aur bank account number share karein.,No,No,No
spam,LPG Subsidy Scheme Alert: Aap scheme ke tahat Rs.848 ke liye eligible hain. Claim karne ke liye apna Aadhaar aur bank account number share karein.,No,No,No
spam,Post Matric Scholarship Alert: Aap scheme ke tahat Rs.933 ke liye eligible hain. Claim karne ke liye apna Aadhaar aur bank account number share karein.,No,No,No
spam,Aapko Reliance ke saath work-from-home job ke liye select kiya gaya hai. Rs.733 ka joining bonus paane ke liye apni bank details share karein.,No,No,No
spam,"Galti se Rs.54,528 mere account se aapke account mein transfer ho gaye hain, jald se jald puopo50@okicici par refund kar dein.",No,No,No
spam,"Aapko Reliance ke saath work-from-home job ke liye select kiya gaya hai. Rs.9,094 ka joining bonus paane ke liye apni bank details share karein.",No,No,No
spam,"Maine galti se aapke Google Pay par Rs.2,991 bhej diya, kripya isse is UPI ID par refund kar dein: ixseb@paytm",No,No,No
spam,"Sorry, maine galti se galat number par Rs.588 transfer kar diya, yeh aapka account lagta hai. Kripya wapas bhej dein msaqay87@axl par.",No,No,No
spam,"Galti se Rs.7,471 mere account se aapke account mein transfer ho gaye hain, jald se jald ztfbw99@ybl par refund kar dein.",No,No,No
spam,PMAY: Aapka scholarship benefit Rs.683 transfer ke liye ready hai. Ise paane ke liye apni bank passbook details submit karein.,No,No,No
spam,"Aapki insurance policy ka maturity amount Rs.55,834 ready hai. Payment paane ke liye apni bank passbook details bhejein.",No,No,No
spam,"Post Matric Scholarship Alert: Aap scheme ke tahat Rs.19,574 ke liye eligible hain. Claim karne ke liye apna Aadhaar aur bank account number share karein.",No,No,No
spam,"Sorry, maine galti se galat number par Rs.85,784 transfer kar diya, yeh aapka account lagta hai. Kripya wapas bhej dein yxvuo@ibl par.",No,No,No
spam,"LPG Subsidy Scheme: Aapka scholarship benefit Rs.87,449 transfer ke liye ready hai. Ise paane ke liye apni bank passbook details submit karein.",No,No,No
spam,"Aapka HDFC Bank personal loan Rs.7,718 ka pre-approved hai. Process karne ke liye apni bank account aur Aadhaar details share karein.",No,No,No
spam,"Galti se Rs.31,315 mere account se aapke account mein transfer ho gaye hain, jald se jald eidprk30@oksbi par refund kar dein.",No,No,No
spam,"Galti se Rs.4,494 mere account se aapke account mein transfer ho gaye hain, jald se jald cjcrvep41@ybl par refund kar dein.",No,No,No
spam,"Sorry, maine galti se galat number par Rs.6,752 transfer kar diya, yeh aapka account lagta hai. Kripya wapas bhej dein mpvxzti@oksbi par.",No,No,No
spam,"PM Ujjwala Yojana Alert: Aap scheme ke tahat Rs.6,384 ke liye eligible hain. Claim karne ke liye apna Aadhaar aur bank account number share karein.",No,No,No
spam,"Galti se Rs.1,050 mere account se aapke account mein transfer ho gaye hain, jald se jald devtjrq84@okicici par refund kar dein.",No,No,No
spam,"Post Matric Scholarship Alert: Aap scheme ke tahat Rs.72,906 ke liye eligible hain. Claim karne ke liye apna Aadhaar aur bank account number share karein.",No,No,No
spam,"Sorry, maine galti se galat number par Rs.638 transfer kar diya, yeh aapka account lagta hai. Kripya wapas bhej dein zrrhjmk94@axl par.",No,No,No
spam,"Aapki insurance policy ka maturity amount Rs.32,934 ready hai. Payment paane ke liye apni bank passbook details bhejein.",No,No,No
spam,"Hi, mujhe lagta hai maine kisi aur ko pay karte waqt aapko galti se Rs.916 bhej diya. Kripya ezmhmj@ibl par wapas bhej dein, dhanyavad.",No,No,No
spam,"Sorry, maine galti se galat number par Rs.84,771 transfer kar diya, yeh aapka account lagta hai. Kripya wapas bhej dein srgvppf@okicici par.",No,No,No
spam,Aapko TCS ke saath work-from-home job ke liye select kiya gaya hai. Rs.840 ka joining bonus paane ke liye apni bank details share karein.,No,No,No
spam,"Sorry, maine galti se galat number par Rs.8,017 transfer kar diya, yeh aapka account lagta hai. Kripya wapas bhej dein cjmwbrg@okicici par.",No,No,No
spam,"Aapka Punjab National Bank personal loan Rs.1,011 ka pre-approved hai. Process karne ke liye apni bank account aur Aadhaar details share karein.",No,No,No
spam,"Maine galti se aapke PhonePe par Rs.59,661 bhej diya, kripya isse is UPI ID par refund kar dein: pmgvyolk@oksbi",No,No,No
spam,"Aapki insurance policy ka maturity amount Rs.21,092 ready hai. Payment paane ke liye apni bank passbook details bhejein.",No,No,No
spam,"Maine galti se aapke Google Pay par Rs.44,150 bhej diya, kripya isse is UPI ID par refund kar dein: mhtwtboh43@paytm",No,No,No
spam,"Galti se Rs.797 mere account se aapke account mein transfer ho gaye hain, jald se jald frnggogc@paytm par refund kar dein.",No,No,No
spam,"Badhai ho, LPG Subsidy Scheme ke tahat aapka application Rs.967 ke liye approve ho gaya hai. Disbursement ke liye apni bank details bhejein.",No,No,No
spam,"Maine galti se aapke PhonePe par Rs.43,626 bhej diya, kripya isse is UPI ID par refund kar dein: kqmgld22@ybl",No,No,No
spam,"National Scholarship Portal Alert: Aap scheme ke tahat Rs.1,410 ke liye eligible hain. Claim karne ke liye apna Aadhaar aur bank account number share karein.",No,No,No
spam,"PMAY Alert: Aap scheme ke tahat Rs.42,462 ke liye eligible hain. Claim karne ke liye apna Aadhaar aur bank account number share karein.",No,No,No
spam,"Hi, mujhe lagta hai maine kisi aur ko pay karte waqt aapko galti se Rs.924 bhej diya. Kripya rozergg61@ybl par wapas bhej dein, dhanyavad.",No,No,No
spam,"Aapko TCS ke saath work-from-home job ke liye select kiya gaya hai. Rs.7,414 ka joining bonus paane ke liye apni bank details share karein.",No,No,No
spam,"PM Kisan Samman Nidhi Alert: Aap scheme ke tahat Rs.43,258 ke liye eligible hain. Claim karne ke liye apna Aadhaar aur bank account number share karein.",No,No,No
spam,"Aapka ICICI Bank personal loan Rs.98,404 ka pre-approved hai. Process karne ke liye apni bank account aur Aadhaar details share karein.",No,No,No
spam,"Aapko TCS ke saath work-from-home job ke liye select kiya gaya hai. Rs.56,644 ka joining bonus paane ke liye apni bank details share karein.",No,No,No
spam,"Badhai ho, PM Kisan Samman Nidhi ke tahat aapka application Rs.848 ke liye approve ho gaya hai. Disbursement ke liye apni bank details bhejein.",No,No,No
spam,"Galti se Rs.924 mere account se aapke account mein transfer ho gaye hain, jald se jald cuhqogkz@ybl par refund kar dein.",No,No,No
spam,"Hi, mujhe lagta hai maine kisi aur ko pay karte waqt aapko galti se Rs.803 bhej diya. Kripya bwrasm@ybl par wapas bhej dein, dhanyavad.",No,No,No
spam,"National Scholarship Portal Alert: Aap scheme ke tahat Rs.66,769 ke liye eligible hain. Claim karne ke liye apna Aadhaar aur bank account number share karein.",No,No,No
spam,"Aapko Flipkart ke saath work-from-home job ke liye select kiya gaya hai. Rs.6,710 ka joining bonus paane ke liye apni bank details share karein.",No,No,No
spam,"PM Ujjwala Yojana Alert: Aap scheme ke tahat Rs.44,726 ke liye eligible hain. Claim karne ke liye apna Aadhaar aur bank account number share karein.",No,No,No
spam,"Aapka Bank of Baroda personal loan Rs.6,718 ka pre-approved hai. Process karne ke liye apni bank account aur Aadhaar details share karein.",No,No,No
spam,"Badhai ho, PM Kisan Samman Nidhi ke tahat aapka application Rs.974 ke liye approve ho gaya hai. Disbursement ke liye apni bank details bhejein.",No,No,No
spam,"Sorry, maine galti se galat number par Rs.787 transfer kar diya, yeh aapka account lagta hai. Kripya wapas bhej dein rlqkims@okicici par.",No,No,No
spam,"Sorry, maine galti se galat number par Rs.677 transfer kar diya, yeh aapka account lagta hai. Kripya wapas bhej dein phymp18@okicici par.",No,No,No
spam,"Badhai ho, Ayushman Bharat ke tahat aapka application Rs.640 ke liye approve ho gaya hai. Disbursement ke liye apni bank details bhejein.",No,No,No
spam,Post Matric Scholarship Alert: Aap scheme ke tahat Rs.711 ke liye eligible hain. Claim karne ke liye apna Aadhaar aur bank account number share karein.,No,No,No
spam,Aapka Axis Bank personal loan Rs.691 ka pre-approved hai. Process karne ke liye apni bank account aur Aadhaar details share karein.,No,No,No
spam,Aapko Amazon ke saath work-from-home job ke liye select kiya gaya hai. Rs.639 ka joining bonus paane ke liye apni bank details share karein.,No,No,No
spam,"Aapko HCL ke saath work-from-home job ke liye select kiya gaya hai. Rs.9,251 ka joining bonus paane ke liye apni bank details share karein.",No,No,No
spam,"Maine galti se aapke PhonePe par Rs.922 bhej diya, kripya isse is UPI ID par refund kar dein: soxehwcq@ibl",No,No,No
spam,"Aapko Infosys ke saath work-from-home job ke liye select kiya gaya hai. Rs.61,479 ka joining bonus paane ke liye apni bank details share karein.",No,No,No
spam,"Maine galti se aapke Google Pay par Rs.3,195 bhej diya, kripya isse is UPI ID par refund kar dein: qykwznbx66@okicici",No,No,No
spam,"Aapka Axis Bank personal loan Rs.4,424 ka pre-approved hai. Process karne ke liye apni bank account aur Aadhaar details share karein.",No,No,No
spam,"Maine galti se aapke PhonePe par Rs.780 bhej diya, kripya isse is UPI ID par refund kar dein: nafjdcai@okhdfcbank",No,No,No
spam,"Galti se Rs.75,667 mere account se aapke account mein transfer ho gaye hain, jald se jald aonwqef32@ibl par refund kar dein.",No,No,No
spam,"Badhai ho, PMAY ke tahat aapka application Rs.54,137 ke liye approve ho gaya hai. Disbursement ke liye apni bank details bhejein.",No,No,No
spam,"Sorry, maine galti se galat number par Rs.8,053 transfer kar diya, yeh aapka account lagta hai. Kripya wapas bhej dein islsun53@ibl par.",No,No,No
spam,"National Scholarship Portal Alert: Aap scheme ke tahat Rs.24,671 ke liye eligible hain. Claim karne ke liye apna Aadhaar aur bank account number share karein.",No,No,No
spam,Aapko Infosys ke saath work-from-home job ke liye select kiya gaya hai. Rs.933 ka joining bonus paane ke liye apni bank details share karein.,No,No,No
spam,"Badhai ho, PM Ujjwala Yojana ke tahat aapka application Rs.96,813 ke liye approve ho gaya hai. Disbursement ke liye apni bank details bhejein.",No,No,No
spam,"Galti se Rs.7,874 mere account se aapke account mein transfer ho gaye hain, jald se jald aljxtc@paytm par refund kar dein.",No,No,No
spam,"Aapko Amazon ke saath work-from-home job ke liye select kiya gaya hai. Rs.9,563 ka joining bonus paane ke liye apni bank details share karein.",No,No,No
spam,"Hi, mujhe lagta hai maine kisi aur ko pay karte waqt aapko galti se Rs.11,371 bhej diya. Kripya ypblyjs63@okicici par wapas bhej dein, dhanyavad.",No,No,No
spam,"Badhai ho, Ayushman Bharat ke tahat aapka application Rs.697 ke liye approve ho gaya hai. Disbursement ke liye apni bank details bhejein.",No,No,No
spam,"Aapko Amazon ke saath work-from-home job ke liye select kiya gaya hai. Rs.14,685 ka joining bonus paane ke liye apni bank details share karein.",No,No,No
spam,"Maine galti se aapke Amazon Pay par Rs.39,106 bhej diya, kripya isse is UPI ID par refund kar dein: zsrwetty@ibl",No,No,No
spam,"Aapka Axis Bank personal loan Rs.64,655 ka pre-approved hai. Process karne ke liye apni bank account aur Aadhaar details share karein.",No,No,No
spam,"Aapki insurance policy ka maturity amount Rs.1,340 ready hai. Payment paane ke liye apni bank passbook details bhejein.",No,No,No
spam,"Aapko Wipro ke saath work-from-home job ke liye select kiya gaya hai. Rs.3,157 ka joining bonus paane ke liye apni bank details share karein.",No,No,No
spam,"Post Matric Scholarship Alert: Aap scheme ke tahat Rs.34,834 ke liye eligible hain. Claim karne ke liye apna Aadhaar aur bank account number share karein.",No,No,No
spam,"Ayushman Bharat: Aapka scholarship benefit Rs.4,608 transfer ke liye ready hai. Ise paane ke liye apni bank passbook details submit karein.",No,No,No
spam,"Hi, mujhe lagta hai maine kisi aur ko pay karte waqt aapko galti se Rs.667 bhej diya. Kripya ubktbvbj62@ibl par wapas bhej dein, dhanyavad.",No,No,No
spam,"Galti se Rs.43,228 mere account se aapke account mein transfer ho gaye hain, jald se jald bjemg@axl par refund kar dein.",No,No,No
spam,"Maine galti se aapke PhonePe par Rs.58,612 bhej diya, kripya isse is UPI ID par refund kar dein: vxdknamd@paytm",No,No,No
spam,"PMAY Alert: Aap scheme ke tahat Rs.26,742 ke liye eligible hain. Claim karne ke liye apna Aadhaar aur bank account number share karein.",No,No,No
spam,"Sorry, maine galti se galat number par Rs.6,398 transfer kar diya, yeh aapka account lagta hai. Kripya wapas bhej dein oczcp@oksbi par.",No,No,No
spam,"Aapko Amazon ke saath work-from-home job ke liye select kiya gaya hai. Rs.4,996 ka joining bonus paane ke liye apni bank details share karein.",No,No,No
spam,"Galti se Rs.648 mere account se aapke account mein transfer ho gaye hain, jald se jald ccmtzn@ibl par refund kar dein.",No,No,No
spam,"Hi, mujhe lagta hai maine kisi aur ko pay karte waqt aapko galti se Rs.1,915 bhej diya. Kripya hdaenytg45@paytm par wapas bhej dein, dhanyavad.",No,No,No
spam,State Scholarship Scheme Alert: Aap scheme ke tahat Rs.961 ke liye eligible hain. Claim karne ke liye apna Aadhaar aur bank account number share karein.,No,No,No
spam,"Maine galti se aapke Paytm par Rs.1,914 bhej diya, kripya isse is UPI ID par refund kar dein: rezyovd@paytm",No,No,No
spam,"Badhai ho, State Scholarship Scheme ke tahat aapka application Rs.65,879 ke liye approve ho gaya hai. Disbursement ke liye apni bank details bhejein.",No,No,No
spam,"Maine galti se aapke PhonePe par Rs.826 bhej diya, kripya isse is UPI ID par refund kar dein: biklwtbl49@ybl",No,No,No
spam,"Aapka Punjab National Bank personal loan Rs.51,494 ka pre-approved hai. Process karne ke liye apni bank account aur Aadhaar details share karein.",No,No,No
spam,"State Scholarship Scheme: Aapka scholarship benefit Rs.2,416 transfer ke liye ready hai. Ise paane ke liye apni bank passbook details submit karein.",No,No,No
spam,"Galti se Rs.594 mere account se aapke account mein transfer ho gaye hain, jald se jald ihwezq@ybl par refund kar dein.",No,No,No
spam,"State Scholarship Scheme: Aapka scholarship benefit Rs.7,859 transfer ke liye ready hai. Ise paane ke liye apni bank passbook details submit karein.",No,No,No
spam,"Maine galti se aapke Amazon Pay par Rs.98,489 bhej diya, kripya isse is UPI ID par refund kar dein: vvygoh91@ibl",No,No,No
spam,Post Matric Scholarship: Aapka scholarship benefit Rs.679 transfer ke liye ready hai. Ise paane ke liye apni bank passbook details submit karein.,No,No,No
spam,Aapko Amazon ke saath work-from-home job ke liye select kiya gaya hai. Rs.696 ka joining bonus paane ke liye apni bank details share karein.,No,No,No
spam,"Maine galti se aapke Paytm par Rs.6,887 bhej diya, kripya isse is UPI ID par refund kar dein: dejbjhgt@ibl",No,No,No
spam,"Aapki insurance policy ka maturity amount Rs.2,685 ready hai. Payment paane ke liye apni bank passbook details bhejein.",No,No,No
spam,Ayushman Bharat: Aapka scholarship benefit Rs.692 transfer ke liye ready hai. Ise paane ke liye apni bank passbook details submit karein.,No,No,No
spam,"Aapka Punjab National Bank personal loan Rs.4,780 ka pre-approved hai. Process karne ke liye apni bank account aur Aadhaar details share karein.",No,No,No
spam,"Sorry, maine galti se galat number par Rs.892 transfer kar diya, yeh aapka account lagta hai. Kripya wapas bhej dein ifilk@paytm par.",No,No,No
spam,"Hi, mujhe lagta hai maine kisi aur ko pay karte waqt aapko galti se Rs.2,007 bhej diya. Kripya rwtgo@paytm par wapas bhej dein, dhanyavad.",No,No,No
spam,"PMAY: Aapka scholarship benefit Rs.18,636 transfer ke liye ready hai. Ise paane ke liye apni bank passbook details submit karein.",No,No,No
spam,"Aapka HDFC Bank personal loan Rs.4,675 ka pre-approved hai. Process karne ke liye apni bank account aur Aadhaar details share karein.",No,No,No
spam,"Badhai ho, Post Matric Scholarship ke tahat aapka application Rs.59,972 ke liye approve ho gaya hai. Disbursement ke liye apni bank details bhejein.",No,No,No
spam,"State Scholarship Scheme: Aapka scholarship benefit Rs.2,292 transfer ke liye ready hai. Ise paane ke liye apni bank passbook details submit karein.",No,No,No
spam,"Sorry, maine galti se galat number par Rs.48,370 transfer kar diya, yeh aapka account lagta hai. Kripya wapas bhej dein cnetzcjs@okhdfcbank par.",No,No,No
spam,"Badhai ho, National Scholarship Portal ke tahat aapka application Rs.7,413 ke liye approve ho gaya hai. Disbursement ke liye apni bank details bhejein.",No,No,No
spam,"Aapko TCS ke saath work-from-home job ke liye select kiya gaya hai. Rs.4,302 ka joining bonus paane ke liye apni bank details share karein.",No,No,No
spam,"Sorry, maine galti se galat number par Rs.7,686 transfer kar diya, yeh aapka account lagta hai. Kripya wapas bhej dein babnkt@ibl par.",No,No,No
spam,"Ayushman Bharat: Aapka scholarship benefit Rs.8,772 transfer ke liye ready hai. Ise paane ke liye apni bank passbook details submit karein.",No,No,No
spam,"Hi, mujhe lagta hai maine kisi aur ko pay karte waqt aapko galti se Rs.4,984 bhej diya. Kripya ytnsnlp@paytm par wapas bhej dein, dhanyavad.",No,No,No
spam,"PMAY: Aapka scholarship benefit Rs.25,367 transfer ke liye ready hai. Ise paane ke liye apni bank passbook details submit karein.",No,No,No
spam,PM Kisan Samman Nidhi Alert: Aap scheme ke tahat Rs.953 ke liye eligible hain. Claim karne ke liye apna Aadhaar aur bank account number share karein.,No,No,No
spam,"PMAY Alert: Aap scheme ke tahat Rs.1,603 ke liye eligible hain. Claim karne ke liye apna Aadhaar aur bank account number share karein.",No,No,No
spam,"Sorry, maine galti se galat number par Rs.16,183 transfer kar diya, yeh aapka account lagta hai. Kripya wapas bhej dein hnykjtft26@ybl par.",No,No,No
spam,"Maine galti se aapke Paytm par Rs.7,209 bhej diya, kripya isse is UPI ID par refund kar dein: hyeqdgf@axl",No,No,No
spam,"Aapka HDFC Bank personal loan Rs.7,080 ka pre-approved hai. Process karne ke liye apni bank account aur Aadhaar details share karein.",No,No,No
spam,"Galti se Rs.769 mere account se aapke account mein transfer ho gaye hain, jald se jald wfwbq18@okhdfcbank par refund kar dein.",No,No,No
spam,"Badhai ho, National Scholarship Portal ke tahat aapka application Rs.3,707 ke liye approve ho gaya hai. Disbursement ke liye apni bank details bhejein.",No,No,No
spam,Aapka Kotak Mahindra Bank personal loan Rs.980 ka pre-approved hai. Process karne ke liye apni bank account aur Aadhaar details share karein.,No,No,No
spam,"Aapki insurance policy ka maturity amount Rs.62,727 ready hai. Payment paane ke liye apni bank passbook details bhejein.",No,No,No
spam,Ayushman Bharat: Aapka scholarship benefit Rs.721 transfer ke liye ready hai. Ise paane ke liye apni bank passbook details submit karein.,No,No,No
spam,"Aapka ICICI Bank personal loan Rs.3,142 ka pre-approved hai. Process karne ke liye apni bank account aur Aadhaar details share karein.",No,No,No
spam,"Aapki insurance policy ka maturity amount Rs.7,792 ready hai. Payment paane ke liye apni bank passbook details bhejein.",No,No,No
spam,"Galti se Rs.973 mere account se aapke account mein transfer ho gaye hain, jald se jald fsjamow@okhdfcbank par refund kar dein.",No,No,No
spam,"Aapka Punjab National Bank personal loan Rs.85,571 ka pre-approved hai. Process karne ke liye apni bank account aur Aadhaar details share karein.",No,No,No
spam,"Aapka ICICI Bank personal loan Rs.6,838 ka pre-approved hai. Process karne ke liye apni bank account aur Aadhaar details share karein.",No,No,No
spam,"Aapka HDFC Bank personal loan Rs.87,059 ka pre-approved hai. Process karne ke liye apni bank account aur Aadhaar details share karein.",No,No,No
spam,"Hi, mujhe lagta hai maine kisi aur ko pay karte waqt aapko galti se Rs.7,499 bhej diya. Kripya mbinvfwx52@ibl par wapas bhej dein, dhanyavad.",No,No,No
spam,"Aapki insurance policy ka maturity amount Rs.58,870 ready hai. Payment paane ke liye apni bank passbook details bhejein.",No,No,No
spam,Post Matric Scholarship: Aapka scholarship benefit Rs.632 transfer ke liye ready hai. Ise paane ke liye apni bank passbook details submit karein.,No,No,No
spam,"Aapki insurance policy ka maturity amount Rs.74,483 ready hai. Payment paane ke liye apni bank passbook details bhejein.",No,No,No
spam,"Maine galti se aapke PhonePe par Rs.571 bhej diya, kripya isse is UPI ID par refund kar dein: yuawtmpg40@ybl",No,No,No
spam,Aapka ICICI Bank personal loan Rs.845 ka pre-approved hai. Process karne ke liye apni bank account aur Aadhaar details share karein.,No,No,No
spam,"Hi, mujhe lagta hai maine kisi aur ko pay karte waqt aapko galti se Rs.543 bhej diya. Kripya vyazn@paytm par wapas bhej dein, dhanyavad.",No,No,No
spam,"Aapko TCS ke saath work-from-home job ke liye select kiya gaya hai. Rs.2,641 ka joining bonus paane ke liye apni bank details share karein.",No,No,No
spam,"Maine galti se aapke PhonePe par Rs.71,886 bhej diya, kripya isse is UPI ID par refund kar dein: birnybft@ibl",No,No,No
spam,"Maine galti se aapke Amazon Pay par Rs.5,265 bhej diya, kripya isse is UPI ID par refund kar dein: kjain@oksbi",No,No,No
spam,"PM Ujjwala Yojana: Aapka scholarship benefit Rs.1,037 transfer ke liye ready hai. Ise paane ke liye apni bank passbook details submit karein.",No,No,No
spam,"Badhai ho, National Scholarship Portal ke tahat aapka application Rs.638 ke liye approve ho gaya hai. Disbursement ke liye apni bank details bhejein.",No,No,No
spam,"Sorry, maine galti se galat number par Rs.63,559 transfer kar diya, yeh aapka account lagta hai. Kripya wapas bhej dein mzyqjxw12@ibl par.",No,No,No
spam,"LPG Subsidy Scheme: Aapka scholarship benefit Rs.48,795 transfer ke liye ready hai. Ise paane ke liye apni bank passbook details submit karein.",No,No,No
spam,"Badhai ho, PM Ujjwala Yojana ke tahat aapka application Rs.580 ke liye approve ho gaya hai. Disbursement ke liye apni bank details bhejein.",No,No,No
spam,"Galti se Rs.541 mere account se aapke account mein transfer ho gaye hain, jald se jald nadpy@okhdfcbank par refund kar dein.",No,No,No
spam,"Badhai ho, PM Kisan Samman Nidhi ke tahat aapka application Rs.939 ke liye approve ho gaya hai. Disbursement ke liye apni bank details bhejein.",No,No,No
spam,Aapka SBI personal loan Rs.772 ka pre-approved hai. Process karne ke liye apni bank account aur Aadhaar details share karein.,No,No,No
spam,"Aapki insurance policy ka maturity amount Rs.67,398 ready hai. Payment paane ke liye apni bank passbook details bhejein.",No,No,No
spam,"Sorry, maine galti se galat number par Rs.22,929 transfer kar diya, yeh aapka account lagta hai. Kripya wapas bhej dein ckryr@oksbi par.",No,No,No
spam,"Sorry, maine galti se galat number par Rs.6,897 transfer kar diya, yeh aapka account lagta hai. Kripya wapas bhej dein pnhfop@ybl par.",No,No,No
spam,"Aapki insurance policy ka maturity amount Rs.94,857 ready hai. Payment paane ke liye apni bank passbook details bhejein.",No,No,No
spam,Aapki insurance policy ka maturity amount Rs.663 ready hai. Payment paane ke liye apni bank passbook details bhejein.,No,No,No
spam,"PM Ujjwala Yojana: Aapka scholarship benefit Rs.7,461 transfer ke liye ready hai. Ise paane ke liye apni bank passbook details submit karein.",No,No,No
spam,"Badhai ho, State Scholarship Scheme ke tahat aapka application Rs.3,306 ke liye approve ho gaya hai. Disbursement ke liye apni bank details bhejein.",No,No,No
spam,"Ayushman Bharat: Aapka scholarship benefit Rs.9,154 transfer ke liye ready hai. Ise paane ke liye apni bank passbook details submit karein.",No,No,No
spam,Aapko Reliance ke saath work-from-home job ke liye select kiya gaya hai. Rs.916 ka joining bonus paane ke liye apni bank details share karein.,No,No,No
spam,"Hi, mujhe lagta hai maine kisi aur ko pay karte waqt aapko galti se Rs.792 bhej diya. Kripya qfpoqsr@okicici par wapas bhej dein, dhanyavad.",No,No,No
spam,"Aapka Punjab National Bank personal loan Rs.68,498 ka pre-approved hai. Process karne ke liye apni bank account aur Aadhaar details share karein.",No,No,No
spam,"Galti se Rs.853 mere account se aapke account mein transfer ho gaye hain, jald se jald meprrii61@oksbi par refund kar dein.",No,No,No
spam,"Aapki insurance policy ka maturity amount Rs.32,524 ready hai. Payment paane ke liye apni bank passbook details bhejein.",No,No,No
spam,"Galti se Rs.9,051 mere account se aapke account mein transfer ho gaye hain, jald se jald uzqqax60@axl par refund kar dein.",No,No,No
spam,"PM Kisan Samman Nidhi: Aapka scholarship benefit Rs.37,377 transfer ke liye ready hai. Ise paane ke liye apni bank passbook details submit karein.",No,No,No
spam,PMAY Alert: Aap scheme ke tahat Rs.810 ke liye eligible hain. Claim karne ke liye apna Aadhaar aur bank account number share karein.,No,No,No
spam,"Aapki insurance policy ka maturity amount Rs.4,325 ready hai. Payment paane ke liye apni bank passbook details bhejein.",No,No,No
spam,"Sorry, maine galti se galat number par Rs.504 transfer kar diya, yeh aapka account lagta hai. Kripya wapas bhej dein prejhrg82@ybl par.",No,No,No
spam,"Aapki insurance policy ka maturity amount Rs.64,841 ready hai. Payment paane ke liye apni bank passbook details bhejein.",No,No,No
spam,"Badhai ho, National Scholarship Portal ke tahat aapka application Rs.94,343 ke liye approve ho gaya hai. Disbursement ke liye apni bank details bhejein.",No,No,No
spam,"Sorry, maine galti se galat number par Rs.863 transfer kar diya, yeh aapka account lagta hai. Kripya wapas bhej dein dcyrecmk@okicici par.",No,No,No
spam,"Aapko HCL ke saath work-from-home job ke liye select kiya gaya hai. Rs.6,390 ka joining bonus paane ke liye apni bank details share karein.",No,No,No
spam,"Galti se Rs.5,711 mere account se aapke account mein transfer ho gaye hain, jald se jald lwjzop53@oksbi par refund kar dein.",No,No,No
spam,"Aapki insurance policy ka maturity amount Rs.8,054 ready hai. Payment paane ke liye apni bank passbook details bhejein.",No,No,No
spam,"Aapka ICICI Bank personal loan Rs.9,515 ka pre-approved hai. Process karne ke liye apni bank account aur Aadhaar details share karein.",No,No,No
spam,Ayushman Bharat: Aapka scholarship benefit Rs.638 transfer ke liye ready hai. Ise paane ke liye apni bank passbook details submit karein.,No,No,No
spam,"Badhai ho, PM Ujjwala Yojana ke tahat aapka application Rs.1,249 ke liye approve ho gaya hai. Disbursement ke liye apni bank details bhejein.",No,No,No
spam,"Hi, mujhe lagta hai maine kisi aur ko pay karte waqt aapko galti se Rs.525 bhej diya. Kripya nnrafzos@oksbi par wapas bhej dein, dhanyavad.",No,No,No
spam,"PM Ujjwala Yojana: Aapka scholarship benefit Rs.3,752 transfer ke liye ready hai. Ise paane ke liye apni bank passbook details submit karein.",No,No,No
spam,Aapki insurance policy ka maturity amount Rs.924 ready hai. Payment paane ke liye apni bank passbook details bhejein.,No,No,No
spam,Aapko Infosys ke saath work-from-home job ke liye select kiya gaya hai. Rs.501 ka joining bonus paane ke liye apni bank details share karein.,No,No,No
spam,"Galti se Rs.18,427 mere account se aapke account mein transfer ho gaye hain, jald se jald sntzmyua26@okhdfcbank par refund kar dein.",No,No,No
spam,"PM Kisan Samman Nidhi: Aapka scholarship benefit Rs.5,337 transfer ke liye ready hai. Ise paane ke liye apni bank passbook details submit karein.",No,No,No
spam,"Hi, mujhe lagta hai maine kisi aur ko pay karte waqt aapko galti se Rs.15,393 bhej diya. Kripya satrvey@okhdfcbank par wapas bhej dein, dhanyavad.",No,No,No
spam,"State Scholarship Scheme: Aapka scholarship benefit Rs.67,144 transfer ke liye ready hai. Ise paane ke liye apni bank passbook details submit karein.",No,No,No
spam,"PM Kisan Samman Nidhi Alert: Aap scheme ke tahat Rs.8,332 ke liye eligible hain. Claim karne ke liye apna Aadhaar aur bank account number share karein.",No,No,No
spam,"Aapka Punjab National Bank personal loan Rs.15,824 ka pre-approved hai. Process karne ke liye apni bank account aur Aadhaar details share karein.",No,No,No
spam,"Aapki insurance policy ka maturity amount Rs.7,136 ready hai. Payment paane ke liye apni bank passbook details bhejein.",No,No,No
spam,"Badhai ho, PM Kisan Samman Nidhi ke tahat aapka application Rs.743 ke liye approve ho gaya hai. Disbursement ke liye apni bank details bhejein.",No,No,No
spam,"Maine galti se aapke Paytm par Rs.639 bhej diya, kripya isse is UPI ID par refund kar dein: ombepw@axl",No,No,No
spam,"Badhai ho, PM Kisan Samman Nidhi ke tahat aapka application Rs.786 ke liye approve ho gaya hai. Disbursement ke liye apni bank details bhejein.",No,No,No
spam,"Maine galti se aapke Amazon Pay par Rs.27,566 bhej diya, kripya isse is UPI ID par refund kar dein: kgkzqikm@paytm",No,No,No
spam,"Aapka ICICI Bank personal loan Rs.6,344 ka pre-approved hai. Process karne ke liye apni bank account aur Aadhaar details share karein.",No,No,No
spam,"LPG Subsidy Scheme Alert: Aap scheme ke tahat Rs.85,869 ke liye eligible hain. Claim karne ke liye apna Aadhaar aur bank account number share karein.",No,No,No
spam,Aapka HDFC Bank personal loan Rs.691 ka pre-approved hai. Process karne ke liye apni bank account aur Aadhaar details share karein.,No,No,No
spam,"Aapka Axis Bank personal loan Rs.2,172 ka pre-approved hai. Process karne ke liye apni bank account aur Aadhaar details share karein.",No,No,No
spam,"Hi, mujhe lagta hai maine kisi aur ko pay karte waqt aapko galti se Rs.5,971 bhej diya. Kripya fpvvmi@okhdfcbank par wapas bhej dein, dhanyavad.",No,No,No
spam,"Sorry, maine galti se galat number par Rs.70,703 transfer kar diya, yeh aapka account lagta hai. Kripya wapas bhej dein dfgtjvwx@ybl par.",No,No,No
spam,"Hi, mujhe lagta hai maine kisi aur ko pay karte waqt aapko galti se Rs.661 bhej diya. Kripya vuxko@paytm par wapas bhej dein, dhanyavad.",No,No,No
spam,"Sorry, maine galti se galat number par Rs.55,169 transfer kar diya, yeh aapka account lagta hai. Kripya wapas bhej dein qfbkxhz@axl par.",No,No,No
spam,"Hi, mujhe lagta hai maine kisi aur ko pay karte waqt aapko galti se Rs.503 bhej diya. Kripya pamjqxo@ybl par wapas bhej dein, dhanyavad.",No,No,No
spam,"Badhai ho, LPG Subsidy Scheme ke tahat aapka application Rs.882 ke liye approve ho gaya hai. Disbursement ke liye apni bank details bhejein.",No,No,No
spam,LPG Subsidy Scheme Alert: Aap scheme ke tahat Rs.599 ke liye eligible hain. Claim karne ke liye apna Aadhaar aur bank account number share karein.,No,No,No
spam,"Badhai ho, Ayushman Bharat ke tahat aapka application Rs.5,368 ke liye approve ho gaya hai. Disbursement ke liye apni bank details bhejein.",No,No,No
spam,"Aapki insurance policy ka maturity amount Rs.52,953 ready hai. Payment paane ke liye apni bank passbook details bhejein.",No,No,No
spam,"PMAY Alert: Aap scheme ke tahat Rs.29,186 ke liye eligible hain. Claim karne ke liye apna Aadhaar aur bank account number share karein.",No,No,No
spam,"Sorry, maine galti se galat number par Rs.5,141 transfer kar diya, yeh aapka account lagta hai. Kripya wapas bhej dein acazb73@okhdfcbank par.",No,No,No
spam,"Aapka ICICI Bank personal loan Rs.2,980 ka pre-approved hai. Process karne ke liye apni bank account aur Aadhaar details share karein.",No,No,No
spam,"Aapki insurance policy ka maturity amount Rs.4,722 ready hai. Payment paane ke liye apni bank passbook details bhejein.",No,No,No
spam,"Aapko Wipro ke saath work-from-home job ke liye select kiya gaya hai. Rs.44,409 ka joining bonus paane ke liye apni bank details share karein.",No,No,No
spam,Aapka Canara Bank personal loan Rs.799 ka pre-approved hai. Process karne ke liye apni bank account aur Aadhaar details share karein.,No,No,No
spam,"Aapko Infosys ke saath work-from-home job ke liye select kiya gaya hai. Rs.96,819 ka joining bonus paane ke liye apni bank details share karein.",No,No,No
spam,"Sorry, maine galti se galat number par Rs.8,633 transfer kar diya, yeh aapka account lagta hai. Kripya wapas bhej dein unshpl@paytm par.",No,No,No
spam,PMAY Alert: Aap scheme ke tahat Rs.777 ke liye eligible hain. Claim karne ke liye apna Aadhaar aur bank account number share karein.,No,No,No
spam,"Sorry, maine galti se galat number par Rs.25,034 transfer kar diya, yeh aapka account lagta hai. Kripya wapas bhej dein fwthznji83@axl par.",No,No,No
spam,"Sorry, maine galti se galat number par Rs.5,578 transfer kar diya, yeh aapka account lagta hai. Kripya wapas bhej dein tydxtvw23@paytm par.",No,No,No
spam,"Badhai ho, PM Ujjwala Yojana ke tahat aapka application Rs.61,509 ke liye approve ho gaya hai. Disbursement ke liye apni bank details bhejein.",No,No,No
spam,"Maine galti se aapke PhonePe par Rs.3,394 bhej diya, kripya isse is UPI ID par refund kar dein: zktzb46@paytm",No,No,No
spam,"Aapka Canara Bank personal loan Rs.9,894 ka pre-approved hai. Process karne ke liye apni bank account aur Aadhaar details share karein.",No,No,No
spam,"Hi, mujhe lagta hai maine kisi aur ko pay karte waqt aapko galti se Rs.42,147 bhej diya. Kripya afvao30@axl par wapas bhej dein, dhanyavad.",No,No,No
spam,"Badhai ho, Post Matric Scholarship ke tahat aapka application Rs.3,673 ke liye approve ho gaya hai. Disbursement ke liye apni bank details bhejein.",No,No,No
spam,"Aapka Canara Bank personal loan Rs.61,441 ka pre-approved hai. Process karne ke liye apni bank account aur Aadhaar details share karein.",No,No,No
spam,"Post Matric Scholarship Alert: Aap scheme ke tahat Rs.58,102 ke liye eligible hain. Claim karne ke liye apna Aadhaar aur bank account number share karein.",No,No,No
spam,"Aapka SBI personal loan Rs.4,102 ka pre-approved hai. Process karne ke liye apni bank account aur Aadhaar details share karein.",No,No,No
spam,PM Kisan Samman Nidhi Alert: Aap scheme ke tahat Rs.849 ke liye eligible hain. Claim karne ke liye apna Aadhaar aur bank account number share karein.,No,No,No
spam,"Badhai ho, State Scholarship Scheme ke tahat aapka application Rs.804 ke liye approve ho gaya hai. Disbursement ke liye apni bank details bhejein.",No,No,No
spam,"Aapka Bank of Baroda personal loan Rs.2,271 ka pre-approved hai. Process karne ke liye apni bank account aur Aadhaar details share karein.",No,No,No
spam,LPG Subsidy Scheme Alert: Aap scheme ke tahat Rs.665 ke liye eligible hain. Claim karne ke liye apna Aadhaar aur bank account number share karein.,No,No,No
spam,"Badhai ho, LPG Subsidy Scheme ke tahat aapka application Rs.3,239 ke liye approve ho gaya hai. Disbursement ke liye apni bank details bhejein.",No,No,No
spam,"Galti se Rs.4,049 mere account se aapke account mein transfer ho gaye hain, jald se jald znxovw@okhdfcbank par refund kar dein.",No,No,No
spam,"Aapko Wipro ke saath work-from-home job ke liye select kiya gaya hai. Rs.25,846 ka joining bonus paane ke liye apni bank details share karein.",No,No,No
spam,"Maine galti se aapke Amazon Pay par Rs.47,049 bhej diya, kripya isse is UPI ID par refund kar dein: bttti@ibl",No,No,No
spam,"Maine galti se aapke PhonePe par Rs.6,701 bhej diya, kripya isse is UPI ID par refund kar dein: pmkkhfda16@oksbi",No,No,No
spam,"Badhai ho, PM Kisan Samman Nidhi ke tahat aapka application Rs.10,785 ke liye approve ho gaya hai. Disbursement ke liye apni bank details bhejein.",No,No,No
spam,"LPG Subsidy Scheme Alert: Aap scheme ke tahat Rs.67,717 ke liye eligible hain. Claim karne ke liye apna Aadhaar aur bank account number share karein.",No,No,No
spam,"Galti se Rs.576 mere account se aapke account mein transfer ho gaye hain, jald se jald jghtjmz@ibl par refund kar dein.",No,No,No
spam,"Badhai ho, LPG Subsidy Scheme ke tahat aapka application Rs.935 ke liye approve ho gaya hai. Disbursement ke liye apni bank details bhejein.",No,No,No
spam,"Maine galti se aapke Google Pay par Rs.873 bhej diya, kripya isse is UPI ID par refund kar dein: eqvphph27@paytm",No,No,No
spam,"State Scholarship Scheme Alert: Aap scheme ke tahat Rs.31,956 ke liye eligible hain. Claim karne ke liye apna Aadhaar aur bank account number share karein.",No,No,No
spam,"Maine galti se aapke PhonePe par Rs.1,007 bhej diya, kripya isse is UPI ID par refund kar dein: ucloq70@ibl",No,No,No
spam,"Badhai ho, State Scholarship Scheme ke tahat aapka application Rs.632 ke liye approve ho gaya hai. Disbursement ke liye apni bank details bhejein.",No,No,No
spam,"Hi, mujhe lagta hai maine kisi aur ko pay karte waqt aapko galti se Rs.94,876 bhej diya. Kripya vkbcghb@ybl par wapas bhej dein, dhanyavad.",No,No,No
spam,"PMAY Alert: Aap scheme ke tahat Rs.84,216 ke liye eligible hain. Claim karne ke liye apna Aadhaar aur bank account number share karein.",No,No,No
spam,"Galti se Rs.612 mere account se aapke account mein transfer ho gaye hain, jald se jald ayqogpl@ybl par refund kar dein.",No,No,No
spam,"Galti se Rs.762 mere account se aapke account mein transfer ho gaye hain, jald se jald npzxsfbc@okhdfcbank par refund kar dein.",No,No,No
spam,"Ayushman Bharat: Aapka scholarship benefit Rs.91,238 transfer ke liye ready hai. Ise paane ke liye apni bank passbook details submit karein.",No,No,No
spam,"PM Kisan Samman Nidhi: Aapka scholarship benefit Rs.88,598 transfer ke liye ready hai. Ise paane ke liye apni bank passbook details submit karein.",No,No,No
spam,"LPG Subsidy Scheme: Aapka scholarship benefit Rs.3,355 transfer ke liye ready hai. Ise paane ke liye apni bank passbook details submit karein.",No,No,No
spam,"Galti se Rs.52,827 mere account se aapke account mein transfer ho gaye hain, jald se jald nrzngmj15@okicici par refund kar dein.",No,No,No
spam,"Badhai ho, National Scholarship Portal ke tahat aapka application Rs.3,851 ke liye approve ho gaya hai. Disbursement ke liye apni bank details bhejein.",No,No,No
spam,"Galti se Rs.2,648 mere account se aapke account mein transfer ho gaye hain, jald se jald jcjfkgei79@axl par refund kar dein.",No,No,No
spam,Aapki insurance policy ka maturity amount Rs.806 ready hai. Payment paane ke liye apni bank passbook details bhejein.,No,No,No
spam,"Hi, mujhe lagta hai maine kisi aur ko pay karte waqt aapko galti se Rs.21,957 bhej diya. Kripya uedsugi@axl par wapas bhej dein, dhanyavad.",No,No,No
spam,Aapki insurance policy ka maturity amount Rs.661 ready hai. Payment paane ke liye apni bank passbook details bhejein.,No,No,No
spam,"Maine galti se aapke Google Pay par Rs.88,818 bhej diya, kripya isse is UPI ID par refund kar dein: ukvcvura96@okicici",No,No,No
spam,Aapka ICICI Bank personal loan Rs.540 ka pre-approved hai. Process karne ke liye apni bank account aur Aadhaar details share karein.,No,No,No
spam,National Scholarship Portal: Aapka scholarship benefit Rs.522 transfer ke liye ready hai. Ise paane ke liye apni bank passbook details submit karein.,No,No,No
spam,"Sorry, maine galti se galat number par Rs.17,019 transfer kar diya, yeh aapka account lagta hai. Kripya wapas bhej dein qgyxsdb@ybl par.",No,No,No
spam,"Aapka Bank of Baroda personal loan Rs.69,473 ka pre-approved hai. Process karne ke liye apni bank account aur Aadhaar details share karein.",No,No,No
spam,Aapka Bank of Baroda personal loan Rs.836 ka pre-approved hai. Process karne ke liye apni bank account aur Aadhaar details share karein.,No,No,No
spam,"Aapki insurance policy ka maturity amount Rs.48,306 ready hai. Payment paane ke liye apni bank passbook details bhejein.",No,No,No
spam,"Post Matric Scholarship: Aapka scholarship benefit Rs.28,335 transfer ke liye ready hai. Ise paane ke liye apni bank passbook details submit karein.",No,No,No
spam,"Badhai ho, PM Ujjwala Yojana ke tahat aapka application Rs.617 ke liye approve ho gaya hai. Disbursement ke liye apni bank details bhejein.",No,No,No
spam,"Maine galti se aapke PhonePe par Rs.671 bhej diya, kripya isse is UPI ID par refund kar dein: gqbkgttt@axl",No,No,No
spam,"Sorry, maine galti se galat number par Rs.34,856 transfer kar diya, yeh aapka account lagta hai. Kripya wapas bhej dein wuxgr52@okicici par.",No,No,No
spam,Aapka HDFC Bank personal loan Rs.834 ka pre-approved hai. Process karne ke liye apni bank account aur Aadhaar details share karein.,No,No,No
spam,PM Ujjwala Yojana Alert: Aap scheme ke tahat Rs.528 ke liye eligible hain. Claim karne ke liye apna Aadhaar aur bank account number share karein.,No,No,No
spam,Aapka Axis Bank personal loan Rs.855 ka pre-approved hai. Process karne ke liye apni bank account aur Aadhaar details share karein.,No,No,No
spam,"Galti se Rs.9,702 mere account se aapke account mein transfer ho gaye hain, jald se jald csxfi@ibl par refund kar dein.",No,No,No
spam,"Maine galti se aapke Paytm par Rs.4,512 bhej diya, kripya isse is UPI ID par refund kar dein: ytrdovqr54@paytm",No,No,No
spam,"Galti se Rs.873 mere account se aapke account mein transfer ho gaye hain, jald se jald jsvulv62@paytm par refund kar dein.",No,No,No
spam,"Badhai ho, National Scholarship Portal ke tahat aapka application Rs.2,436 ke liye approve ho gaya hai. Disbursement ke liye apni bank details bhejein.",No,No,No
spam,"Badhai ho, PM Ujjwala Yojana ke tahat aapka application Rs.655 ke liye approve ho gaya hai. Disbursement ke liye apni bank details bhejein.",No,No,No
spam,"Maine galti se aapke Google Pay par Rs.969 bhej diya, kripya isse is UPI ID par refund kar dein: dmponhtg68@axl",No,No,No
spam,"LPG Subsidy Scheme Alert: Aap scheme ke tahat Rs.95,439 ke liye eligible hain. Claim karne ke liye apna Aadhaar aur bank account number share karein.",No,No,No
spam,PM Ujjwala Yojana: Aapka scholarship benefit Rs.779 transfer ke liye ready hai. Ise paane ke liye apni bank passbook details submit karein.,No,No,No
spam,"Aapka ICICI Bank personal loan Rs.40,750 ka pre-approved hai. Process karne ke liye apni bank account aur Aadhaar details share karein.",No,No,No
spam,"Sorry, maine galti se galat number par Rs.2,070 transfer kar diya, yeh aapka account lagta hai. Kripya wapas bhej dein nevcmj83@paytm par.",No,No,No
spam,"Galti se Rs.782 mere account se aapke account mein transfer ho gaye hain, jald se jald klktn25@axl par refund kar dein.",No,No,No
spam,Aapka SBI personal loan Rs.672 ka pre-approved hai. Process karne ke liye apni bank account aur Aadhaar details share karein.,No,No,No
spam,"PM Ujjwala Yojana Alert: Aap scheme ke tahat Rs.57,438 ke liye eligible hain. Claim karne ke liye apna Aadhaar aur bank account number share karein.",No,No,No
spam,"Aapko HCL ke saath work-from-home job ke liye select kiya gaya hai. Rs.25,956 ka joining bonus paane ke liye apni bank details share karein.",No,No,No
spam,"Maine galti se aapke Amazon Pay par Rs.545 bhej diya, kripya isse is UPI ID par refund kar dein: wpncvyn@okicici",No,No,No
spam,"PMAY: Aapka scholarship benefit Rs.26,100 transfer ke liye ready hai. Ise paane ke liye apni bank passbook details submit karein.",No,No,No
spam,"Sorry, maine galti se galat number par Rs.808 transfer kar diya, yeh aapka account lagta hai. Kripya wapas bhej dein hdulvz41@oksbi par.",No,No,No
spam,"Hi, mujhe lagta hai maine kisi aur ko pay karte waqt aapko galti se Rs.99,160 bhej diya. Kripya qtrdtyw51@axl par wapas bhej dein, dhanyavad.",No,No,No
spam,"PMAY Alert: Aap scheme ke tahat Rs.67,602 ke liye eligible hain. Claim karne ke liye apna Aadhaar aur bank account number share karein.",No,No,No
spam,"Aapka Canara Bank personal loan Rs.87,390 ka pre-approved hai. Process karne ke liye apni bank account aur Aadhaar details share karein.",No,No,No
spam,"Galti se Rs.3,613 mere account se aapke account mein transfer ho gaye hain, jald se jald qynygdcb46@okhdfcbank par refund kar dein.",No,No,No
spam,"Aapko Reliance ke saath work-from-home job ke liye select kiya gaya hai. Rs.21,407 ka joining bonus paane ke liye apni bank details share karein.",No,No,No
spam,"National Scholarship Portal: Aapka scholarship benefit Rs.4,019 transfer ke liye ready hai. Ise paane ke liye apni bank passbook details submit karein.",No,No,No
spam,"Sorry, maine galti se galat number par Rs.23,653 transfer kar diya, yeh aapka account lagta hai. Kripya wapas bhej dein xtrlg@oksbi par.",No,No,No
spam,"Galti se Rs.796 mere account se aapke account mein transfer ho gaye hain, jald se jald medltwn@ibl par refund kar dein.",No,No,No
spam,"Maine galti se aapke PhonePe par Rs.3,261 bhej diya, kripya isse is UPI ID par refund kar dein: jeter54@axl",No,No,No
spam,"Badhai ho, State Scholarship Scheme ke tahat aapka application Rs.659 ke liye approve ho gaya hai. Disbursement ke liye apni bank details bhejein.",No,No,No
spam,"Galti se Rs.9,357 mere account se aapke account mein transfer ho gaye hain, jald se jald dzjkz@ybl par refund kar dein.",No,No,No
spam,"Maine galti se aapke Paytm par Rs.56,699 bhej diya, kripya isse is UPI ID par refund kar dein: zpnyws@oksbi",No,No,No
spam,Aapki insurance policy ka maturity amount Rs.828 ready hai. Payment paane ke liye apni bank passbook details bhejein.,No,No,No
spam,"Aapki insurance policy ka maturity amount Rs.9,098 ready hai. Payment paane ke liye apni bank passbook details bhejein.",No,No,No
spam,"Badhai ho, PM Kisan Samman Nidhi ke tahat aapka application Rs.593 ke liye approve ho gaya hai. Disbursement ke liye apni bank details bhejein.",No,No,No
spam,"Maine galti se aapke Paytm par Rs.29,353 bhej diya, kripya isse is UPI ID par refund kar dein: beasj@okicici",No,No,No
spam,"Galti se Rs.792 mere account se aapke account mein transfer ho gaye hain, jald se jald fpockfue56@ibl par refund kar dein.",No,No,No
spam,"Aapko Amazon ke saath work-from-home job ke liye select kiya gaya hai. Rs.65,595 ka joining bonus paane ke liye apni bank details share karein.",No,No,No
spam,"Aapki insurance policy ka maturity amount Rs.7,778 ready hai. Payment paane ke liye apni bank passbook details bhejein.",No,No,No
spam,PM Kisan Samman Nidhi Alert: Aap scheme ke tahat Rs.935 ke liye eligible hain. Claim karne ke liye apna Aadhaar aur bank account number share karein.,No,No,No
spam,"National Scholarship Portal: Aapka scholarship benefit Rs.24,953 transfer ke liye ready hai. Ise paane ke liye apni bank passbook details submit karein.",No,No,No
spam,"Aapka SBI personal loan Rs.80,988 ka pre-approved hai. Process karne ke liye apni bank account aur Aadhaar details share karein.",No,No,No
spam,"Ayushman Bharat Alert: Aap scheme ke tahat Rs.8,184 ke liye eligible hain. Claim karne ke liye apna Aadhaar aur bank account number share karein.",No,No,No
spam,"Badhai ho, LPG Subsidy Scheme ke tahat aapka application Rs.801 ke liye approve ho gaya hai. Disbursement ke liye apni bank details bhejein.",No,No,No
spam,"Hi, mujhe lagta hai maine kisi aur ko pay karte waqt aapko galti se Rs.54,909 bhej diya. Kripya gqigvu@okicici par wapas bhej dein, dhanyavad.",No,No,No
spam,Aapka Canara Bank personal loan Rs.959 ka pre-approved hai. Process karne ke liye apni bank account aur Aadhaar details share karein.,No,No,No
spam,"LPG Subsidy Scheme Alert: Aap scheme ke tahat Rs.8,681 ke liye eligible hain. Claim karne ke liye apna Aadhaar aur bank account number share karein.",No,No,No
spam,Aapko Flipkart ke saath work-from-home job ke liye select kiya gaya hai. Rs.880 ka joining bonus paane ke liye apni bank details share karein.,No,No,No
spam,"Badhai ho, Post Matric Scholarship ke tahat aapka application Rs.836 ke liye approve ho gaya hai. Disbursement ke liye apni bank details bhejein.",No,No,No
spam,"Galti se Rs.95,691 mere account se aapke account mein transfer ho gaye hain, jald se jald yghsfy12@okicici par refund kar dein.",No,No,No
spam,"Badhai ho, National Scholarship Portal ke tahat aapka application Rs.27,510 ke liye approve ho gaya hai. Disbursement ke liye apni bank details bhejein.",No,No,No
spam,PM Kisan Samman Nidhi: Aapka scholarship benefit Rs.865 transfer ke liye ready hai. Ise paane ke liye apni bank passbook details submit karein.,No,No,No
spam,"Sorry, maine galti se galat number par Rs.83,984 transfer kar diya, yeh aapka account lagta hai. Kripya wapas bhej dein mizwikjy61@okhdfcbank par.",No,No,No
spam,"Galti se Rs.72,759 mere account se aapke account mein transfer ho gaye hain, jald se jald oexngkmz98@axl par refund kar dein.",No,No,No
spam,"Aapko Amazon ke saath work-from-home job ke liye select kiya gaya hai. Rs.6,826 ka joining bonus paane ke liye apni bank details share karein.",No,No,No
spam,"State Scholarship Scheme Alert: Aap scheme ke tahat Rs.46,548 ke liye eligible hain. Claim karne ke liye apna Aadhaar aur bank account number share karein.",No,No,No
spam,"Galti se Rs.30,648 mere account se aapke account mein transfer ho gaye hain, jald se jald cwlqkgju@axl par refund kar dein.",No,No,No
spam,"Galti se Rs.69,484 mere account se aapke account mein transfer ho gaye hain, jald se jald tslyto31@ibl par refund kar dein.",No,No,No
spam,"Aapko Reliance ke saath work-from-home job ke liye select kiya gaya hai. Rs.34,131 ka joining bonus paane ke liye apni bank details share karein.",No,No,No
spam,Aapko Reliance ke saath work-from-home job ke liye select kiya gaya hai. Rs.863 ka joining bonus paane ke liye apni bank details share karein.,No,No,No
spam,"Aapki insurance policy ka maturity amount Rs.2,985 ready hai. Payment paane ke liye apni bank passbook details bhejein.",No,No,No
spam,Aapka Bank of Baroda personal loan Rs.848 ka pre-approved hai. Process karne ke liye apni bank account aur Aadhaar details share karein.,No,No,No
spam,"Sorry, maine galti se galat number par Rs.5,325 transfer kar diya, yeh aapka account lagta hai. Kripya wapas bhej dein olehgm59@ibl par.",No,No,No
spam,"Aapko Infosys ke saath work-from-home job ke liye select kiya gaya hai. Rs.4,351 ka joining bonus paane ke liye apni bank details share karein.",No,No,No
spam,"Sorry, maine galti se galat number par Rs.700 transfer kar diya, yeh aapka account lagta hai. Kripya wapas bhej dein fmglrw@okhdfcbank par.",No,No,No
spam,"Aapko Reliance ke saath work-from-home job ke liye select kiya gaya hai. Rs.2,722 ka joining bonus paane ke liye apni bank details share karein.",No,No,No
spam,PMAY Alert: Aap scheme ke tahat Rs.720 ke liye eligible hain. Claim karne ke liye apna Aadhaar aur bank account number share karein.,No,No,No
spam,"Badhai ho, PM Ujjwala Yojana ke tahat aapka application Rs.4,611 ke liye approve ho gaya hai. Disbursement ke liye apni bank details bhejein.",No,No,No
spam,"Maine galti se aapke PhonePe par Rs.9,500 bhej diya, kripya isse is UPI ID par refund kar dein: cahmkcxi@ybl",No,No,No
spam,"PM Kisan Samman Nidhi Alert: Aap scheme ke tahat Rs.82,076 ke liye eligible hain. Claim karne ke liye apna Aadhaar aur bank account number share karein.",No,No,No
spam,"Hi, mujhe lagta hai maine kisi aur ko pay karte waqt aapko galti se Rs.872 bhej diya. Kripya okaxvjjc@okhdfcbank par wapas bhej dein, dhanyavad.",No,No,No
spam,Aapka Kotak Mahindra Bank personal loan Rs.676 ka pre-approved hai. Process karne ke liye apni bank account aur Aadhaar details share karein.,No,No,No
spam,"Aapki insurance policy ka maturity amount Rs.28,038 ready hai. Payment paane ke liye apni bank passbook details bhejein.",No,No,No
spam,"Sorry, maine galti se galat number par Rs.558 transfer kar diya, yeh aapka account lagta hai. Kripya wapas bhej dein kjwnqmat@ibl par.",No,No,No
spam,"Aapki insurance policy ka maturity amount Rs.25,371 ready hai. Payment paane ke liye apni bank passbook details bhejein.",No,No,No
spam,"Aapka Kotak Mahindra Bank personal loan Rs.7,185 ka pre-approved hai. Process karne ke liye apni bank account aur Aadhaar details share karein.",No,No,No
spam,Aapka Axis Bank personal loan Rs.878 ka pre-approved hai. Process karne ke liye apni bank account aur Aadhaar details share karein.,No,No,No
spam,"Aapka SBI personal loan Rs.30,810 ka pre-approved hai. Process karne ke liye apni bank account aur Aadhaar details share karein.",No,No,No
spam,"Maine galti se aapke PhonePe par Rs.96,597 bhej diya, kripya isse is UPI ID par refund kar dein: wdmeaca@paytm",No,No,No
spam,"Sorry, maine galti se galat number par Rs.518 transfer kar diya, yeh aapka account lagta hai. Kripya wapas bhej dein zbssvfvb@ybl par.",No,No,No
spam,"Aapka SBI personal loan Rs.3,431 ka pre-approved hai. Process karne ke liye apni bank account aur Aadhaar details share karein.",No,No,No
spam,"National Scholarship Portal Alert: Aap scheme ke tahat Rs.4,463 ke liye eligible hain. Claim karne ke liye apna Aadhaar aur bank account number share karein.",No,No,No
spam,"Aapko Flipkart ke saath work-from-home job ke liye select kiya gaya hai. Rs.1,918 ka joining bonus paane ke liye apni bank details share karein.",No,No,No
spam,"Hi, mujhe lagta hai maine kisi aur ko pay karte waqt aapko galti se Rs.33,595 bhej diya. Kripya tsmugjzr75@okicici par wapas bhej dein, dhanyavad.",No,No,No
spam,"Galti se Rs.879 mere account se aapke account mein transfer ho gaye hain, jald se jald hetpshg92@paytm par refund kar dein.",No,No,No
spam,"Aapki insurance policy ka maturity amount Rs.6,381 ready hai. Payment paane ke liye apni bank passbook details bhejein.",No,No,No
spam,Post Matric Scholarship Alert: Aap scheme ke tahat Rs.757 ke liye eligible hain. Claim karne ke liye apna Aadhaar aur bank account number share karein.,No,No,No
spam,"Galti se Rs.645 mere account se aapke account mein transfer ho gaye hain, jald se jald jjkfyk@oksbi par refund kar dein.",No,No,No
spam,"Aapki insurance policy ka maturity amount Rs.7,747 ready hai. Payment paane ke liye apni bank passbook details bhejein.",No,No,No
spam,"Galti se Rs.2,547 mere account se aapke account mein transfer ho gaye hain, jald se jald oqhbqmf78@ibl par refund kar dein.",No,No,No
spam,"State Scholarship Scheme Alert: Aap scheme ke tahat Rs.99,436 ke liye eligible hain. Claim karne ke liye apna Aadhaar aur bank account number share karein.",No,No,No
spam,"Aapka Punjab National Bank personal loan Rs.4,371 ka pre-approved hai. Process karne ke liye apni bank account aur Aadhaar details share karein.",No,No,No
spam,"Maine galti se aapke PhonePe par Rs.92,879 bhej diya, kripya isse is UPI ID par refund kar dein: tgyoeg@okhdfcbank",No,No,No
spam,"Sorry, maine galti se galat number par Rs.39,543 transfer kar diya, yeh aapka account lagta hai. Kripya wapas bhej dein rqqvqssd65@axl par.",No,No,No
spam,"Badhai ho, State Scholarship Scheme ke tahat aapka application Rs.968 ke liye approve ho gaya hai. Disbursement ke liye apni bank details bhejein.",No,No,No
spam,"Sorry, maine galti se galat number par Rs.26,176 transfer kar diya, yeh aapka account lagta hai. Kripya wapas bhej dein dqwawraw85@ibl par.",No,No,No
spam,"Aapko Reliance ke saath work-from-home job ke liye select kiya gaya hai. Rs.3,892 ka joining bonus paane ke liye apni bank details share karein.",No,No,No
spam,"Sorry, maine galti se galat number par Rs.4,554 transfer kar diya, yeh aapka account lagta hai. Kripya wapas bhej dein vefwnhs@oksbi par.",No,No,No
spam,"Aapka Punjab National Bank personal loan Rs.68,372 ka pre-approved hai. Process karne ke liye apni bank account aur Aadhaar details share karein.",No,No,No
spam,"Maine galti se aapke Paytm par Rs.59,624 bhej diya, kripya isse is UPI ID par refund kar dein: iwargp99@okicici",No,No,No
spam,"Aapki insurance policy ka maturity amount Rs.8,019 ready hai. Payment paane ke liye apni bank passbook details bhejein.",No,No,No
spam,"Galti se Rs.8,598 mere account se aapke account mein transfer ho gaye hain, jald se jald wpdkt63@paytm par refund kar dein.",No,No,No
spam,Aapko Infosys ke saath work-from-home job ke liye select kiya gaya hai. Rs.640 ka joining bonus paane ke liye apni bank details share karein.,No,No,No
spam,"Aapki insurance policy ka maturity amount Rs.7,045 ready hai. Payment paane ke liye apni bank passbook details bhejein.",No,No,No
spam,State Scholarship Scheme Alert: Aap scheme ke tahat Rs.900 ke liye eligible hain. Claim karne ke liye apna Aadhaar aur bank account number share karein.,No,No,No
spam,Aapka Punjab National Bank personal loan Rs.974 ka pre-approved hai. Process karne ke liye apni bank account aur Aadhaar details share karein.,No,No,No
spam,"Aapka Axis Bank personal loan Rs.79,354 ka pre-approved hai. Process karne ke liye apni bank account aur Aadhaar details share karein.",No,No,No
spam,"Maine galti se aapke Paytm par Rs.20,659 bhej diya, kripya isse is UPI ID par refund kar dein: dkfjljgd59@okicici",No,No,No
spam,PM Kisan Samman Nidhi Alert: Aap scheme ke tahat Rs.977 ke liye eligible hain. Claim karne ke liye apna Aadhaar aur bank account number share karein.,No,No,No
spam,"State Scholarship Scheme Alert: Aap scheme ke tahat Rs.62,094 ke liye eligible hain. Claim karne ke liye apna Aadhaar aur bank account number share karein.",No,No,No
spam,"Galti se Rs.901 mere account se aapke account mein transfer ho gaye hain, jald se jald rdyidmg@okhdfcbank par refund kar dein.",No,No,No
spam,"Aapki insurance policy ka maturity amount Rs.6,037 ready hai. Payment paane ke liye apni bank passbook details bhejein.",No,No,No
spam,Aapki insurance policy ka maturity amount Rs.519 ready hai. Payment paane ke liye apni bank passbook details bhejein.,No,No,No
spam,"Sorry, maine galti se galat number par Rs.8,858 transfer kar diya, yeh aapka account lagta hai. Kripya wapas bhej dein fizpi18@okhdfcbank par.",No,No,No
spam,National Scholarship Portal Alert: Aap scheme ke tahat Rs.989 ke liye eligible hain. Claim karne ke liye apna Aadhaar aur bank account number share karein.,No,No,No
spam,Aapko Amazon ke saath work-from-home job ke liye select kiya gaya hai. Rs.609 ka joining bonus paane ke liye apni bank details share karein.,No,No,No
spam,"Aapko Flipkart ke saath work-from-home job ke liye select kiya gaya hai. Rs.45,757 ka joining bonus paane ke liye apni bank details share karein.",No,No,No
spam,"Maine galti se aapke PhonePe par Rs.5,756 bhej diya, kripya isse is UPI ID par refund kar dein: cicibn@axl",No,No,No
spam,"Maine galti se aapke PhonePe par Rs.826 bhej diya, kripya isse is UPI ID par refund kar dein: yhrdq11@okhdfcbank",No,No,No
spam,"Hi, mujhe lagta hai maine kisi aur ko pay karte waqt aapko galti se Rs.6,158 bhej diya. Kripya yprysbzd11@okhdfcbank par wapas bhej dein, dhanyavad.",No,No,No
spam,"Ayushman Bharat Alert: Aap scheme ke tahat Rs.50,387 ke liye eligible hain. Claim karne ke liye apna Aadhaar aur bank account number share karein.",No,No,No
spam,"Badhai ho, LPG Subsidy Scheme ke tahat aapka application Rs.7,674 ke liye approve ho gaya hai. Disbursement ke liye apni bank details bhejein.",No,No,No
spam,"Badhai ho, Ayushman Bharat ke tahat aapka application Rs.83,360 ke liye approve ho gaya hai. Disbursement ke liye apni bank details bhejein.",No,No,No
spam,"Maine galti se aapke Paytm par Rs.5,442 bhej diya, kripya isse is UPI ID par refund kar dein: fnrgyxdu@axl",No,No,No
spam,"Badhai ho, PM Kisan Samman Nidhi ke tahat aapka application Rs.500 ke liye approve ho gaya hai. Disbursement ke liye apni bank details bhejein.",No,No,No
spam,"Badhai ho, LPG Subsidy Scheme ke tahat aapka application Rs.9,145 ke liye approve ho gaya hai. Disbursement ke liye apni bank details bhejein.",No,No,No
spam,PM Ujjwala Yojana Alert: Aap scheme ke tahat Rs.575 ke liye eligible hain. Claim karne ke liye apna Aadhaar aur bank account number share karein.,No,No,No
spam,Aapko HCL ke saath work-from-home job ke liye select kiya gaya hai. Rs.601 ka joining bonus paane ke liye apni bank details share karein.,No,No,No
spam,"Aapka HDFC Bank personal loan Rs.6,215 ka pre-approved hai. Process karne ke liye apni bank account aur Aadhaar details share karein.",No,No,No
spam,"State Scholarship Scheme Alert: Aap scheme ke tahat Rs.78,327 ke liye eligible hain. Claim karne ke liye apna Aadhaar aur bank account number share karein.",No,No,No
spam,Aapki insurance policy ka maturity amount Rs.994 ready hai. Payment paane ke liye apni bank passbook details bhejein.,No,No,No
spam,Aapki insurance policy ka maturity amount Rs.982 ready hai. Payment paane ke liye apni bank passbook details bhejein.,No,No,No
spam,"PMAY Alert: Aap scheme ke tahat Rs.9,111 ke liye eligible hain. Claim karne ke liye apna Aadhaar aur bank account number share karein.",No,No,No
spam,"Badhai ho, State Scholarship Scheme ke tahat aapka application Rs.715 ke liye approve ho gaya hai. Disbursement ke liye apni bank details bhejein.",No,No,No
spam,"State Scholarship Scheme Alert: Aap scheme ke tahat Rs.19,817 ke liye eligible hain. Claim karne ke liye apna Aadhaar aur bank account number share karein.",No,No,No
spam,"Badhai ho, PMAY ke tahat aapka application Rs.3,534 ke liye approve ho gaya hai. Disbursement ke liye apni bank details bhejein.",No,No,No
spam,"Hi, mujhe lagta hai maine kisi aur ko pay karte waqt aapko galti se Rs.777 bhej diya. Kripya ctcwr80@ibl par wapas bhej dein, dhanyavad.",No,No,No
spam,"Galti se Rs.70,465 mere account se aapke account mein transfer ho gaye hain, jald se jald ajrxuw60@oksbi par refund kar dein.",No,No,No
spam,Aapko Infosys ke saath work-from-home job ke liye select kiya gaya hai. Rs.735 ka joining bonus paane ke liye apni bank details share karein.,No,No,No
spam,"Galti se Rs.3,133 mere account se aapke account mein transfer ho gaye hain, jald se jald hbwkahlp@axl par refund kar dein.",No,No,No
spam,"Aapko Flipkart ke saath work-from-home job ke liye select kiya gaya hai. Rs.44,517 ka joining bonus paane ke liye apni bank details share karein.",No,No,No
spam,"Badhai ho, State Scholarship Scheme ke tahat aapka application Rs.509 ke liye approve ho gaya hai. Disbursement ke liye apni bank details bhejein.",No,No,No
spam,"Ayushman Bharat: Aapka scholarship benefit Rs.78,541 transfer ke liye ready hai. Ise paane ke liye apni bank passbook details submit karein.",No,No,No
spam,Aapki insurance policy ka maturity amount Rs.709 ready hai. Payment paane ke liye apni bank passbook details bhejein.,No,No,No
spam,"Aapki insurance policy ka maturity amount Rs.53,409 ready hai. Payment paane ke liye apni bank passbook details bhejein.",No,No,No
spam,"Galti se Rs.7,930 mere account se aapke account mein transfer ho gaye hain, jald se jald saupghnf@axl par refund kar dein.",No,No,No
spam,"PMAY Alert: Aap scheme ke tahat Rs.92,093 ke liye eligible hain. Claim karne ke liye apna Aadhaar aur bank account number share karein.",No,No,No
spam,"Hi, mujhe lagta hai maine kisi aur ko pay karte waqt aapko galti se Rs.72,364 bhej diya. Kripya knndiv@ibl par wapas bhej dein, dhanyavad.",No,No,No
spam,"National Scholarship Portal Alert: Aap scheme ke tahat Rs.3,404 ke liye eligible hain. Claim karne ke liye apna Aadhaar aur bank account number share karein.",No,No,No
spam,"Sorry, maine galti se galat number par Rs.949 transfer kar diya, yeh aapka account lagta hai. Kripya wapas bhej dein nusuy82@ybl par.",No,No,No
spam,"Galti se Rs.6,343 mere account se aapke account mein transfer ho gaye hain, jald se jald utrgw@oksbi par refund kar dein.",No,No,No
spam,"Aapko HCL ke saath work-from-home job ke liye select kiya gaya hai. Rs.62,618 ka joining bonus paane ke liye apni bank details share karein.",No,No,No
spam,"Galti se Rs.714 mere account se aapke account mein transfer ho gaye hain, jald se jald agdbsx@paytm par refund kar dein.",No,No,No
spam,"Hi, mujhe lagta hai maine kisi aur ko pay karte waqt aapko galti se Rs.77,530 bhej diya. Kripya agogbf55@paytm par wapas bhej dein, dhanyavad.",No,No,No
spam,"Badhai ho, PM Kisan Samman Nidhi ke tahat aapka application Rs.43,033 ke liye approve ho gaya hai. Disbursement ke liye apni bank details bhejein.",No,No,No
spam,"Sorry, maine galti se galat number par Rs.77,097 transfer kar diya, yeh aapka account lagta hai. Kripya wapas bhej dein jnizu81@oksbi par.",No,No,No
spam,"Sorry, maine galti se galat number par Rs.1,693 transfer kar diya, yeh aapka account lagta hai. Kripya wapas bhej dein vpeyaqu@axl par.",No,No,No
spam,"Badhai ho, Ayushman Bharat ke tahat aapka application Rs.3,743 ke liye approve ho gaya hai. Disbursement ke liye apni bank details bhejein.",No,No,No
spam,Aapki insurance policy ka maturity amount Rs.776 ready hai. Payment paane ke liye apni bank passbook details bhejein.,No,No,No
spam,"Aapka Canara Bank personal loan Rs.4,936 ka pre-approved hai. Process karne ke liye apni bank account aur Aadhaar details share karein.",No,No,No
spam,"Hi, mujhe lagta hai maine kisi aur ko pay karte waqt aapko galti se Rs.42,200 bhej diya. Kripya ilboytom29@axl par wapas bhej dein, dhanyavad.",No,No,No
spam,"Hi, mujhe lagta hai maine kisi aur ko pay karte waqt aapko galti se Rs.47,883 bhej diya. Kripya ktvugyis44@okicici par wapas bhej dein, dhanyavad.",No,No,No
spam,"Sorry, maine galti se galat number par Rs.9,001 transfer kar diya, yeh aapka account lagta hai. Kripya wapas bhej dein oswty@axl par.",No,No,No
spam,"Aapki insurance policy ka maturity amount Rs.2,299 ready hai. Payment paane ke liye apni bank passbook details bhejein.",No,No,No
spam,"Sorry, maine galti se galat number par Rs.38,585 transfer kar diya, yeh aapka account lagta hai. Kripya wapas bhej dein nkendsa72@okicici par.",No,No,No
spam,"PM Ujjwala Yojana Alert: Aap scheme ke tahat Rs.49,832 ke liye eligible hain. Claim karne ke liye apna Aadhaar aur bank account number share karein.",No,No,No
spam,"Hi, mujhe lagta hai maine kisi aur ko pay karte waqt aapko galti se Rs.7,758 bhej diya. Kripya lszvubmj@okicici par wapas bhej dein, dhanyavad.",No,No,No
spam,"Maine galti se aapke PhonePe par Rs.733 bhej diya, kripya isse is UPI ID par refund kar dein: ziaamh@okhdfcbank",No,No,No
spam,"Aapko TCS ke saath work-from-home job ke liye select kiya gaya hai. Rs.4,386 ka joining bonus paane ke liye apni bank details share karein.",No,No,No
spam,"Sorry, maine galti se galat number par Rs.25,115 transfer kar diya, yeh aapka account lagta hai. Kripya wapas bhej dein ckmwe55@ibl par.",No,No,No
spam,"Badhai ho, State Scholarship Scheme ke tahat aapka application Rs.3,276 ke liye approve ho gaya hai. Disbursement ke liye apni bank details bhejein.",No,No,No
spam,"Sorry, maine galti se galat number par Rs.6,866 transfer kar diya, yeh aapka account lagta hai. Kripya wapas bhej dein cpuhspz25@okhdfcbank par.",No,No,No
spam,"Badhai ho, LPG Subsidy Scheme ke tahat aapka application Rs.577 ke liye approve ho gaya hai. Disbursement ke liye apni bank details bhejein.",No,No,No
spam,State Scholarship Scheme: Aapka scholarship benefit Rs.849 transfer ke liye ready hai. Ise paane ke liye apni bank passbook details submit karein.,No,No,No
spam,Aapko TCS ke saath work-from-home job ke liye select kiya gaya hai. Rs.645 ka joining bonus paane ke liye apni bank details share karein.,No,No,No
spam,"Aapki insurance policy ka maturity amount Rs.79,235 ready hai. Payment paane ke liye apni bank passbook details bhejein.",No,No,No
spam,"Hi, mujhe lagta hai maine kisi aur ko pay karte waqt aapko galti se Rs.849 bhej diya. Kripya ljxiya@ibl par wapas bhej dein, dhanyavad.",No,No,No
spam,Aapka Kotak Mahindra Bank personal loan Rs.668 ka pre-approved hai. Process karne ke liye apni bank account aur Aadhaar details share karein.,No,No,No
spam,"Aapka Punjab National Bank personal loan Rs.66,253 ka pre-approved hai. Process karne ke liye apni bank account aur Aadhaar details share karein.",No,No,No
spam,"Aapki insurance policy ka maturity amount Rs.94,473 ready hai. Payment paane ke liye apni bank passbook details bhejein.",No,No,No
spam,"Badhai ho, PM Ujjwala Yojana ke tahat aapka application Rs.610 ke liye approve ho gaya hai. Disbursement ke liye apni bank details bhejein.",No,No,No
spam,"Aapka ICICI Bank personal loan Rs.2,601 ka pre-approved hai. Process karne ke liye apni bank account aur Aadhaar details share karein.",No,No,No
spam,"Hi, mujhe lagta hai maine kisi aur ko pay karte waqt aapko galti se Rs.86,090 bhej diya. Kripya mzyahu@ibl par wapas bhej dein, dhanyavad.",No,No,No
spam,"Aapko Flipkart ke saath work-from-home job ke liye select kiya gaya hai. Rs.79,650 ka joining bonus paane ke liye apni bank details share karein.",No,No,No
spam,"Aapka ICICI Bank personal loan Rs.9,686 ka pre-approved hai. Process karne ke liye apni bank account aur Aadhaar details share karein.",No,No,No
spam,"Hi, mujhe lagta hai maine kisi aur ko pay karte waqt aapko galti se Rs.619 bhej diya. Kripya byyqqtg@paytm par wapas bhej dein, dhanyavad.",No,No,No
spam,"Badhai ho, Post Matric Scholarship ke tahat aapka application Rs.2,624 ke liye approve ho gaya hai. Disbursement ke liye apni bank details bhejein.",No,No,No
spam,Post Matric Scholarship Alert: Aap scheme ke tahat Rs.570 ke liye eligible hain. Claim karne ke liye apna Aadhaar aur bank account number share karein.,No,No,No
spam,Aapko TCS ke saath work-from-home job ke liye select kiya gaya hai. Rs.856 ka joining bonus paane ke liye apni bank details share karein.,No,No,No
spam,"Badhai ho, Post Matric Scholarship ke tahat aapka application Rs.8,387 ke liye approve ho gaya hai. Disbursement ke liye apni bank details bhejein.",No,No,No
spam,"Aapko Wipro ke saath work-from-home job ke liye select kiya gaya hai. Rs.7,928 ka joining bonus paane ke liye apni bank details share karein.",No,No,No
spam,"Hi, mujhe lagta hai maine kisi aur ko pay karte waqt aapko galti se Rs.703 bhej diya. Kripya fqarkpb@paytm par wapas bhej dein, dhanyavad.",No,No,No
spam,"Aapko HCL ke saath work-from-home job ke liye select kiya gaya hai. Rs.8,683 ka joining bonus paane ke liye apni bank details share karein.",No,No,No
spam,"Badhai ho, LPG Subsidy Scheme ke tahat aapka application Rs.963 ke liye approve ho gaya hai. Disbursement ke liye apni bank details bhejein.",No,No,No
spam,"Hi, mujhe lagta hai maine kisi aur ko pay karte waqt aapko galti se Rs.4,049 bhej diya. Kripya eboqapz@oksbi par wapas bhej dein, dhanyavad.",No,No,No
spam,"Hi, mujhe lagta hai maine kisi aur ko pay karte waqt aapko galti se Rs.9,220 bhej diya. Kripya ikvuo@ybl par wapas bhej dein, dhanyavad.",No,No,No
spam,"Sorry, maine galti se galat number par Rs.69,468 transfer kar diya, yeh aapka account lagta hai. Kripya wapas bhej dein lsfxapm@paytm par.",No,No,No
spam,"National Scholarship Portal Alert: Aap scheme ke tahat Rs.24,613 ke liye eligible hain. Claim karne ke liye apna Aadhaar aur bank account number share karein.",No,No,No
spam,"Badhai ho, PMAY ke tahat aapka application Rs.2,049 ke liye approve ho gaya hai. Disbursement ke liye apni bank details bhejein.",No,No,No
spam,"Galti se Rs.528 mere account se aapke account mein transfer ho gaye hain, jald se jald aljdz41@axl par refund kar dein.",No,No,No
spam,PM Ujjwala Yojana Alert: Aap scheme ke tahat Rs.530 ke liye eligible hain. Claim karne ke liye apna Aadhaar aur bank account number share karein.,No,No,No
spam,"Galti se Rs.14,198 mere account se aapke account mein transfer ho gaye hain, jald se jald nqevtrvq71@oksbi par refund kar dein.",No,No,No
spam,"Sorry, maine galti se galat number par Rs.9,958 transfer kar diya, yeh aapka account lagta hai. Kripya wapas bhej dein aqwgpgl37@oksbi par.",No,No,No
spam,"Maine galti se aapke Google Pay par Rs.25,767 bhej diya, kripya isse is UPI ID par refund kar dein: tetxiabt@paytm",No,No,No
spam,"Sorry, maine galti se galat number par Rs.45,873 transfer kar diya, yeh aapka account lagta hai. Kripya wapas bhej dein czhoioan@okhdfcbank par.",No,No,No
spam,Aapka Punjab National Bank personal loan Rs.658 ka pre-approved hai. Process karne ke liye apni bank account aur Aadhaar details share karein.,No,No,No
spam,"Maine galti se aapke Amazon Pay par Rs.7,836 bhej diya, kripya isse is UPI ID par refund kar dein: xduuh@oksbi",No,No,No
spam,"Aapko TCS ke saath work-from-home job ke liye select kiya gaya hai. Rs.7,927 ka joining bonus paane ke liye apni bank details share karein.",No,No,No
spam,"PM Ujjwala Yojana Alert: Aap scheme ke tahat Rs.27,113 ke liye eligible hain. Claim karne ke liye apna Aadhaar aur bank account number share karein.",No,No,No
spam,"Hi, mujhe lagta hai maine kisi aur ko pay karte waqt aapko galti se Rs.986 bhej diya. Kripya hfrzi@ybl par wapas bhej dein, dhanyavad.",No,No,No
spam,"Aapki insurance policy ka maturity amount Rs.15,322 ready hai. Payment paane ke liye apni bank passbook details bhejein.",No,No,No
spam,"Maine galti se aapke Paytm par Rs.36,356 bhej diya, kripya isse is UPI ID par refund kar dein: tzgwge40@paytm",No,No,No
spam,"Hi, mujhe lagta hai maine kisi aur ko pay karte waqt aapko galti se Rs.32,301 bhej diya. Kripya zhdcgaa90@okhdfcbank par wapas bhej dein, dhanyavad.",No,No,No
spam,"PM Kisan Samman Nidhi Alert: Aap scheme ke tahat Rs.8,597 ke liye eligible hain. Claim karne ke liye apna Aadhaar aur bank account number share karein.",No,No,No
spam,"Aapki insurance policy ka maturity amount Rs.44,625 ready hai. Payment paane ke liye apni bank passbook details bhejein.",No,No,No
spam,"State Scholarship Scheme: Aapka scholarship benefit Rs.60,338 transfer ke liye ready hai. Ise paane ke liye apni bank passbook details submit karein.",No,No,No
spam,Aapko Flipkart ke saath work-from-home job ke liye select kiya gaya hai. Rs.924 ka joining bonus paane ke liye apni bank details share karein.,No,No,No
spam,Aapko Flipkart ke saath work-from-home job ke liye select kiya gaya hai. Rs.671 ka joining bonus paane ke liye apni bank details share karein.,No,No,No
spam,"Sorry, maine galti se galat number par Rs.83,544 transfer kar diya, yeh aapka account lagta hai. Kripya wapas bhej dein maqcib@oksbi par.",No,No,No
spam,"Galti se Rs.88,100 mere account se aapke account mein transfer ho gaye hain, jald se jald xidfo41@oksbi par refund kar dein.",No,No,No
spam,"Sorry, maine galti se galat number par Rs.68,597 transfer kar diya, yeh aapka account lagta hai. Kripya wapas bhej dein pxlbvz85@axl par.",No,No,No
spam,"Sorry, maine galti se galat number par Rs.66,829 transfer kar diya, yeh aapka account lagta hai. Kripya wapas bhej dein hkuqw89@oksbi par.",No,No,No
spam,"Hi, mujhe lagta hai maine kisi aur ko pay karte waqt aapko galti se Rs.6,603 bhej diya. Kripya cfjabbbr84@paytm par wapas bhej dein, dhanyavad.",No,No,No
spam,Aapko TCS ke saath work-from-home job ke liye select kiya gaya hai. Rs.815 ka joining bonus paane ke liye apni bank details share karein.,No,No,No
spam,"Badhai ho, PM Kisan Samman Nidhi ke tahat aapka application Rs.22,433 ke liye approve ho gaya hai. Disbursement ke liye apni bank details bhejein.",No,No,No
spam,Aapko TCS ke saath work-from-home job ke liye select kiya gaya hai. Rs.873 ka joining bonus paane ke liye apni bank details share karein.,No,No,No
spam,"Aapka Bank of Baroda personal loan Rs.71,310 ka pre-approved hai. Process karne ke liye apni bank account aur Aadhaar details share karein.",No,No,No
spam,"Badhai ho, PMAY ke tahat aapka application Rs.977 ke liye approve ho gaya hai. Disbursement ke liye apni bank details bhejein.",No,No,No
spam,"Galti se Rs.973 mere account se aapke account mein transfer ho gaye hain, jald se jald dlzohq@ybl par refund kar dein.",No,No,No
spam,"Aapka Bank of Baroda personal loan Rs.7,085 ka pre-approved hai. Process karne ke liye apni bank account aur Aadhaar details share karein.",No,No,No
spam,"Galti se Rs.1,509 mere account se aapke account mein transfer ho gaye hain, jald se jald gamcqe53@oksbi par refund kar dein.",No,No,No
spam,"Galti se Rs.932 mere account se aapke account mein transfer ho gaye hain, jald se jald sdxrnyh39@okicici par refund kar dein.",No,No,No
spam,Aapki insurance policy ka maturity amount Rs.635 ready hai. Payment paane ke liye apni bank passbook details bhejein.,No,No,No
spam,"Galti se Rs.829 mere account se aapke account mein transfer ho gaye hain, jald se jald tqloexlb72@paytm par refund kar dein.",No,No,No
spam,"Aapko HCL ke saath work-from-home job ke liye select kiya gaya hai. Rs.29,133 ka joining bonus paane ke liye apni bank details share karein.",No,No,No
spam,"Maine galti se aapke Amazon Pay par Rs.649 bhej diya, kripya isse is UPI ID par refund kar dein: aiblm40@paytm",No,No,No
spam,"Maine galti se aapke PhonePe par Rs.84,383 bhej diya, kripya isse is UPI ID par refund kar dein: kyftrjq@axl",No,No,No
spam,State Scholarship Scheme: Aapka scholarship benefit Rs.577 transfer ke liye ready hai. Ise paane ke liye apni bank passbook details submit karein.,No,No,No
spam,Aapka SBI personal loan Rs.602 ka pre-approved hai. Process karne ke liye apni bank account aur Aadhaar details share karein.,No,No,No
spam,"Maine galti se aapke PhonePe par Rs.860 bhej diya, kripya isse is UPI ID par refund kar dein: gpfvfov14@axl",No,No,No
spam,"Sorry, maine galti se galat number par Rs.857 transfer kar diya, yeh aapka account lagta hai. Kripya wapas bhej dein saaiswvj81@ibl par.",No,No,No
spam,"Maine galti se aapke Amazon Pay par Rs.825 bhej diya, kripya isse is UPI ID par refund kar dein: pskjgbm49@oksbi",No,No,No
spam,"Post Matric Scholarship Alert: Aap scheme ke tahat Rs.1,795 ke liye eligible hain. Claim karne ke liye apna Aadhaar aur bank account number share karein.",No,No,No
spam,"Aapka Bank of Baroda personal loan Rs.55,951 ka pre-approved hai. Process karne ke liye apni bank account aur Aadhaar details share karein.",No,No,No
spam,"Badhai ho, State Scholarship Scheme ke tahat aapka application Rs.557 ke liye approve ho gaya hai. Disbursement ke liye apni bank details bhejein.",No,No,No
spam,"PMAY: Aapka scholarship benefit Rs.99,862 transfer ke liye ready hai. Ise paane ke liye apni bank passbook details submit karein.",No,No,No
spam,"Galti se Rs.56,699 mere account se aapke account mein transfer ho gaye hain, jald se jald cizanyli82@paytm par refund kar dein.",No,No,No
spam,"Maine galti se aapke Paytm par Rs.19,673 bhej diya, kripya isse is UPI ID par refund kar dein: plzyf@paytm",No,No,No
spam,"Sorry, maine galti se galat number par Rs.3,252 transfer kar diya, yeh aapka account lagta hai. Kripya wapas bhej dein wgoytwv32@paytm par.",No,No,No
spam,"Sorry, maine galti se galat number par Rs.903 transfer kar diya, yeh aapka account lagta hai. Kripya wapas bhej dein rmmgwwl16@ybl par.",No,No,No
spam,"Maine galti se aapke PhonePe par Rs.783 bhej diya, kripya isse is UPI ID par refund kar dein: pmzlgjkk@axl",No,No,No
spam,Aapko Wipro ke saath work-from-home job ke liye select kiya gaya hai. Rs.835 ka joining bonus paane ke liye apni bank details share karein.,No,No,No
spam,Aapka ICICI Bank personal loan Rs.826 ka pre-approved hai. Process karne ke liye apni bank account aur Aadhaar details share karein.,No,No,No
spam,"PMAY: Aapka scholarship benefit Rs.34,859 transfer ke liye ready hai. Ise paane ke liye apni bank passbook details submit karein.",No,No,No
spam,"Galti se Rs.20,987 mere account se aapke account mein transfer ho gaye hain, jald se jald zxxdkwe29@okicici par refund kar dein.",No,No,No
spam,"Maine galti se aapke Google Pay par Rs.40,027 bhej diya, kripya isse is UPI ID par refund kar dein: locxwstf17@oksbi",No,No,No
spam,"Badhai ho, National Scholarship Portal ke tahat aapka application Rs.695 ke liye approve ho gaya hai. Disbursement ke liye apni bank details bhejein.",No,No,No
spam,Aapki insurance policy ka maturity amount Rs.717 ready hai. Payment paane ke liye apni bank passbook details bhejein.,No,No,No
spam,"Sorry, maine galti se galat number par Rs.7,114 transfer kar diya, yeh aapka account lagta hai. Kripya wapas bhej dein czvwa11@okhdfcbank par.",No,No,No
spam,"Aapko Wipro ke saath work-from-home job ke liye select kiya gaya hai. Rs.48,071 ka joining bonus paane ke liye apni bank details share karein.",No,No,No
spam,"Aapko Infosys ke saath work-from-home job ke liye select kiya gaya hai. Rs.2,240 ka joining bonus paane ke liye apni bank details share karein.",No,No,No
spam,"Aapko Amazon ke saath work-from-home job ke liye select kiya gaya hai. Rs.92,874 ka joining bonus paane ke liye apni bank details share karein.",No,No,No
spam,"Badhai ho, State Scholarship Scheme ke tahat aapka application Rs.49,957 ke liye approve ho gaya hai. Disbursement ke liye apni bank details bhejein.",No,No,No
spam,"Sorry, maine galti se galat number par Rs.745 transfer kar diya, yeh aapka account lagta hai. Kripya wapas bhej dein zwknd@oksbi par.",No,No,No
spam,"Hi, mujhe lagta hai maine kisi aur ko pay karte waqt aapko galti se Rs.4,311 bhej diya. Kripya dlvng67@ibl par wapas bhej dein, dhanyavad.",No,No,No
spam,"Post Matric Scholarship: Aapka scholarship benefit Rs.2,399 transfer ke liye ready hai. Ise paane ke liye apni bank passbook details submit karein.",No,No,No
spam,"Aapka Canara Bank personal loan Rs.2,896 ka pre-approved hai. Process karne ke liye apni bank account aur Aadhaar details share karein.",No,No,No
spam,"Aapka Canara Bank personal loan Rs.5,266 ka pre-approved hai. Process karne ke liye apni bank account aur Aadhaar details share karein.",No,No,No
spam,National Scholarship Portal Alert: Aap scheme ke tahat Rs.629 ke liye eligible hain. Claim karne ke liye apna Aadhaar aur bank account number share karein.,No,No,No
spam,"Sorry, maine galti se galat number par Rs.96,104 transfer kar diya, yeh aapka account lagta hai. Kripya wapas bhej dein ghvszhet71@ibl par.",No,No,No
spam,"Aapko HCL ke saath work-from-home job ke liye select kiya gaya hai. Rs.26,643 ka joining bonus paane ke liye apni bank details share karein.",No,No,No
spam,Ayushman Bharat Alert: Aap scheme ke tahat Rs.730 ke liye eligible hain. Claim karne ke liye apna Aadhaar aur bank account number share karein.,No,No,No
spam,"National Scholarship Portal Alert: Aap scheme ke tahat Rs.88,078 ke liye eligible hain. Claim karne ke liye apna Aadhaar aur bank account number share karein.",No,No,No
spam,"Sorry, maine galti se galat number par Rs.781 transfer kar diya, yeh aapka account lagta hai. Kripya wapas bhej dein gmynglb@ybl par.",No,No,No
spam,Aapka HDFC Bank personal loan Rs.530 ka pre-approved hai. Process karne ke liye apni bank account aur Aadhaar details share karein.,No,No,No
spam,"Sorry, maine galti se galat number par Rs.24,331 transfer kar diya, yeh aapka account lagta hai. Kripya wapas bhej dein ysjyc97@oksbi par.",No,No,No
spam,"Aapki insurance policy ka maturity amount Rs.9,720 ready hai. Payment paane ke liye apni bank passbook details bhejein.",No,No,No
spam,"Maine galti se aapke Paytm par Rs.885 bhej diya, kripya isse is UPI ID par refund kar dein: yxurnh81@okicici",No,No,No
spam,"Hi, mujhe lagta hai maine kisi aur ko pay karte waqt aapko galti se Rs.961 bhej diya. Kripya dtxsl@okhdfcbank par wapas bhej dein, dhanyavad.",No,No,No
spam,"State Scholarship Scheme: Aapka scholarship benefit Rs.58,809 transfer ke liye ready hai. Ise paane ke liye apni bank passbook details submit karein.",No,No,No
spam,"National Scholarship Portal: Aapka scholarship benefit Rs.7,423 transfer ke liye ready hai. Ise paane ke liye apni bank passbook details submit karein.",No,No,No
spam,"Post Matric Scholarship: Aapka scholarship benefit Rs.1,333 transfer ke liye ready hai. Ise paane ke liye apni bank passbook details submit karein.",No,No,No
spam,"Sorry, maine galti se galat number par Rs.782 transfer kar diya, yeh aapka account lagta hai. Kripya wapas bhej dein wbxbvl@ibl par.",No,No,No
spam,"Maine galti se aapke PhonePe par Rs.15,363 bhej diya, kripya isse is UPI ID par refund kar dein: wjvoxplc@paytm",No,No,No
spam,"State Scholarship Scheme: Aapka scholarship benefit Rs.8,683 transfer ke liye ready hai. Ise paane ke liye apni bank passbook details submit karein.",No,No,No
spam,Aapka Kotak Mahindra Bank personal loan Rs.808 ka pre-approved hai. Process karne ke liye apni bank account aur Aadhaar details share karein.,No,No,No
spam,"Ayushman Bharat: Aapka scholarship benefit Rs.4,917 transfer ke liye ready hai. Ise paane ke liye apni bank passbook details submit karein.",No,No,No
spam,"Aapka Bank of Baroda personal loan Rs.60,510 ka pre-approved hai. Process karne ke liye apni bank account aur Aadhaar details share karein.",No,No,No
spam,"Badhai ho, PM Kisan Samman Nidhi ke tahat aapka application Rs.55,389 ke liye approve ho gaya hai. Disbursement ke liye apni bank details bhejein.",No,No,No
spam,Ayushman Bharat: Aapka scholarship benefit Rs.797 transfer ke liye ready hai. Ise paane ke liye apni bank passbook details submit karein.,No,No,No
spam,"Galti se Rs.3,067 mere account se aapke account mein transfer ho gaye hain, jald se jald ckedsf13@okicici par refund kar dein.",No,No,No
spam,PMAY Alert: Aap scheme ke tahat Rs.796 ke liye eligible hain. Claim karne ke liye apna Aadhaar aur bank account number share karein.,No,No,No
spam,"Maine galti se aapke Google Pay par Rs.29,154 bhej diya, kripya isse is UPI ID par refund kar dein: cmiuocw35@okhdfcbank",No,No,No
spam,"Maine galti se aapke Amazon Pay par Rs.9,039 bhej diya, kripya isse is UPI ID par refund kar dein: cborque44@ybl",No,No,No
spam,"Maine galti se aapke PhonePe par Rs.9,902 bhej diya, kripya isse is UPI ID par refund kar dein: gffigcu16@oksbi",No,No,No
spam,"National Scholarship Portal: Aapka scholarship benefit Rs.1,349 transfer ke liye ready hai. Ise paane ke liye apni bank passbook details submit karein.",No,No,No
spam,"Aapko Flipkart ke saath work-from-home job ke liye select kiya gaya hai. Rs.8,247 ka joining bonus paane ke liye apni bank details share karein.",No,No,No
spam,PMAY Alert: Aap scheme ke tahat Rs.531 ke liye eligible hain. Claim karne ke liye apna Aadhaar aur bank account number share karein.,No,No,No
spam,Aapka Bank of Baroda personal loan Rs.898 ka pre-approved hai. Process karne ke liye apni bank account aur Aadhaar details share karein.,No,No,No
spam,"Galti se Rs.3,779 mere account se aapke account mein transfer ho gaye hain, jald se jald ptsbgoji10@paytm par refund kar dein.",No,No,No
spam,"Sorry, maine galti se galat number par Rs.14,759 transfer kar diya, yeh aapka account lagta hai. Kripya wapas bhej dein dufywap40@ibl par.",No,No,No
spam,"PM Kisan Samman Nidhi Alert: Aap scheme ke tahat Rs.2,694 ke liye eligible hain. Claim karne ke liye apna Aadhaar aur bank account number share karein.",No,No,No
spam,"Aapka Canara Bank personal loan Rs.9,429 ka pre-approved hai. Process karne ke liye apni bank account aur Aadhaar details share karein.",No,No,No
spam,"Hi, mujhe lagta hai maine kisi aur ko pay karte waqt aapko galti se Rs.616 bhej diya. Kripya ojbzff@okhdfcbank par wapas bhej dein, dhanyavad.",No,No,No
spam,Aapki insurance policy ka maturity amount Rs.724 ready hai. Payment paane ke liye apni bank passbook details bhejein.,No,No,No
spam,Ayushman Bharat: Aapka scholarship benefit Rs.591 transfer ke liye ready hai. Ise paane ke liye apni bank passbook details submit karein.,No,No,No
spam,"State Scholarship Scheme: Aapka scholarship benefit Rs.2,042 transfer ke liye ready hai. Ise paane ke liye apni bank passbook details submit karein.",No,No,No
spam,"Badhai ho, PM Ujjwala Yojana ke tahat aapka application Rs.543 ke liye approve ho gaya hai. Disbursement ke liye apni bank details bhejein.",No,No,No
spam,"Badhai ho, National Scholarship Portal ke tahat aapka application Rs.62,259 ke liye approve ho gaya hai. Disbursement ke liye apni bank details bhejein.",No,No,No
spam,"Galti se Rs.10,534 mere account se aapke account mein transfer ho gaye hain, jald se jald aljlmdl47@axl par refund kar dein.",No,No,No
spam,"Sorry, maine galti se galat number par Rs.4,594 transfer kar diya, yeh aapka account lagta hai. Kripya wapas bhej dein ecrknbpb72@ibl par.",No,No,No
spam,"State Scholarship Scheme: Aapka scholarship benefit Rs.88,496 transfer ke liye ready hai. Ise paane ke liye apni bank passbook details submit karein.",No,No,No
spam,"Aapka SBI personal loan Rs.87,356 ka pre-approved hai. Process karne ke liye apni bank account aur Aadhaar details share karein.",No,No,No
spam,"Aapko HCL ke saath work-from-home job ke liye select kiya gaya hai. Rs.4,964 ka joining bonus paane ke liye apni bank details share karein.",No,No,No
spam,"Sorry, maine galti se galat number par Rs.52,683 transfer kar diya, yeh aapka account lagta hai. Kripya wapas bhej dein wljyd@okicici par.",No,No,No
spam,"State Scholarship Scheme Alert: Aap scheme ke tahat Rs.57,809 ke liye eligible hain. Claim karne ke liye apna Aadhaar aur bank account number share karein.",No,No,No
spam,"Aapka Punjab National Bank personal loan Rs.42,451 ka pre-approved hai. Process karne ke liye apni bank account aur Aadhaar details share karein.",No,No,No
spam,"Maine galti se aapke Google Pay par Rs.6,835 bhej diya, kripya isse is UPI ID par refund kar dein: pubftwz@oksbi",No,No,No
spam,"Galti se Rs.21,053 mere account se aapke account mein transfer ho gaye hain, jald se jald nfpusw22@axl par refund kar dein.",No,No,No
spam,"Aapko Reliance ke saath work-from-home job ke liye select kiya gaya hai. Rs.1,350 ka joining bonus paane ke liye apni bank details share karein.",No,No,No
spam,Aapki insurance policy ka maturity amount Rs.622 ready hai. Payment paane ke liye apni bank passbook details bhejein.,No,No,No
spam,"Maine galti se aapke Paytm par Rs.5,780 bhej diya, kripya isse is UPI ID par refund kar dein: rrsgxvxf@ibl",No,No,No
spam,"Aapka Kotak Mahindra Bank personal loan Rs.9,200 ka pre-approved hai. Process karne ke liye apni bank account aur Aadhaar details share karein.",No,No,No
spam,"Badhai ho, State Scholarship Scheme ke tahat aapka application Rs.3,952 ke liye approve ho gaya hai. Disbursement ke liye apni bank details bhejein.",No,No,No
spam,"Sorry, maine galti se galat number par Rs.780 transfer kar diya, yeh aapka account lagta hai. Kripya wapas bhej dein ktpet64@ibl par.",No,No,No
spam,"Sorry, maine galti se galat number par Rs.955 transfer kar diya, yeh aapka account lagta hai. Kripya wapas bhej dein poybmoh66@axl par.",No,No,No
spam,"Hi, mujhe lagta hai maine kisi aur ko pay karte waqt aapko galti se Rs.7,882 bhej diya. Kripya yqmied40@okhdfcbank par wapas bhej dein, dhanyavad.",No,No,No
spam,"Aapko Wipro ke saath work-from-home job ke liye select kiya gaya hai. Rs.26,075 ka joining bonus paane ke liye apni bank details share karein.",No,No,No
spam,"State Scholarship Scheme: Aapka scholarship benefit Rs.81,423 transfer ke liye ready hai. Ise paane ke liye apni bank passbook details submit karein.",No,No,No
spam,Aapko Reliance ke saath work-from-home job ke liye select kiya gaya hai. Rs.618 ka joining bonus paane ke liye apni bank details share karein.,No,No,No
spam,"Galti se Rs.55,009 mere account se aapke account mein transfer ho gaye hain, jald se jald geuvmoov@okhdfcbank par refund kar dein.",No,No,No
spam,"Aapko TCS ke saath work-from-home job ke liye select kiya gaya hai. Rs.3,202 ka joining bonus paane ke liye apni bank details share karein.",No,No,No
spam,"Badhai ho, State Scholarship Scheme ke tahat aapka application Rs.961 ke liye approve ho gaya hai. Disbursement ke liye apni bank details bhejein.",No,No,No
spam,Aapki insurance policy ka maturity amount Rs.922 ready hai. Payment paane ke liye apni bank passbook details bhejein.,No,No,No
spam,"Sorry, maine galti se galat number par Rs.35,578 transfer kar diya, yeh aapka account lagta hai. Kripya wapas bhej dein xauqy@paytm par.",No,No,No
spam,"Galti se Rs.38,730 mere account se aapke account mein transfer ho gaye hain, jald se jald ompxpo62@paytm par refund kar dein.",No,No,No
spam,"Badhai ho, LPG Subsidy Scheme ke tahat aapka application Rs.569 ke liye approve ho gaya hai. Disbursement ke liye apni bank details bhejein.",No,No,No
spam,"Galti se Rs.1,643 mere account se aapke account mein transfer ho gaye hain, jald se jald rsjwg81@ybl par refund kar dein.",No,No,No
spam,"Hi, mujhe lagta hai maine kisi aur ko pay karte waqt aapko galti se Rs.9,389 bhej diya. Kripya idljum66@okicici par wapas bhej dein, dhanyavad.",No,No,No
spam,"Maine galti se aapke Paytm par Rs.58,201 bhej diya, kripya isse is UPI ID par refund kar dein: sllfy@oksbi",No,No,No
spam,Aapka Kotak Mahindra Bank personal loan Rs.585 ka pre-approved hai. Process karne ke liye apni bank account aur Aadhaar details share karein.,No,No,No
spam,"Hi, mujhe lagta hai maine kisi aur ko pay karte waqt aapko galti se Rs.3,880 bhej diya. Kripya moddoovm@paytm par wapas bhej dein, dhanyavad.",No,No,No
spam,"Galti se Rs.963 mere account se aapke account mein transfer ho gaye hain, jald se jald jwbuzpn61@ibl par refund kar dein.",No,No,No
spam,Aapko Amazon ke saath work-from-home job ke liye select kiya gaya hai. Rs.754 ka joining bonus paane ke liye apni bank details share karein.,No,No,No
spam,"Maine galti se aapke Amazon Pay par Rs.1,034 bhej diya, kripya isse is UPI ID par refund kar dein: hfnxsyef@ybl",No,No,No
spam,"Aapka SBI personal loan Rs.57,847 ka pre-approved hai. Process karne ke liye apni bank account aur Aadhaar details share karein.",No,No,No
spam,"Aapka HDFC Bank personal loan Rs.22,530 ka pre-approved hai. Process karne ke liye apni bank account aur Aadhaar details share karein.",No,No,No
spam,"Badhai ho, PM Kisan Samman Nidhi ke tahat aapka application Rs.573 ke liye approve ho gaya hai. Disbursement ke liye apni bank details bhejein.",No,No,No
spam,"Galti se Rs.8,690 mere account se aapke account mein transfer ho gaye hain, jald se jald vmdnjz@okhdfcbank par refund kar dein.",No,No,No
spam,Aapko HCL ke saath work-from-home job ke liye select kiya gaya hai. Rs.635 ka joining bonus paane ke liye apni bank details share karein.,No,No,No
spam,"Post Matric Scholarship Alert: Aap scheme ke tahat Rs.50,313 ke liye eligible hain. Claim karne ke liye apna Aadhaar aur bank account number share karein.",No,No,No
spam,"Hi, mujhe lagta hai maine kisi aur ko pay karte waqt aapko galti se Rs.560 bhej diya. Kripya casrqyli@okicici par wapas bhej dein, dhanyavad.",No,No,No
spam,"Galti se Rs.70,772 mere account se aapke account mein transfer ho gaye hain, jald se jald eksamuts32@okicici par refund kar dein.",No,No,No
spam,"Maine galti se aapke Amazon Pay par Rs.4,650 bhej diya, kripya isse is UPI ID par refund kar dein: mzfymmi92@oksbi",No,No,No
spam,"Aapka ICICI Bank personal loan Rs.7,190 ka pre-approved hai. Process karne ke liye apni bank account aur Aadhaar details share karein.",No,No,No
spam,"Aapki insurance policy ka maturity amount Rs.61,564 ready hai. Payment paane ke liye apni bank passbook details bhejein.",No,No,No
spam,"Sorry, maine galti se galat number par Rs.932 transfer kar diya, yeh aapka account lagta hai. Kripya wapas bhej dein evthc45@ibl par.",No,No,No
spam,"State Scholarship Scheme: Aapka scholarship benefit Rs.32,281 transfer ke liye ready hai. Ise paane ke liye apni bank passbook details submit karein.",No,No,No
spam,"Maine galti se aapke Amazon Pay par Rs.85,403 bhej diya, kripya isse is UPI ID par refund kar dein: kvmgtpie@axl",No,No,No
spam,LPG Subsidy Scheme Alert: Aap scheme ke tahat Rs.529 ke liye eligible hain. Claim karne ke liye apna Aadhaar aur bank account number share karein.,No,No,No
spam,"Maine galti se aapke Google Pay par Rs.1,650 bhej diya, kripya isse is UPI ID par refund kar dein: fhwfvz64@okhdfcbank",No,No,No
spam,Aapki insurance policy ka maturity amount Rs.600 ready hai. Payment paane ke liye apni bank passbook details bhejein.,No,No,No
spam,"LPG Subsidy Scheme: Aapka scholarship benefit Rs.38,548 transfer ke liye ready hai. Ise paane ke liye apni bank passbook details submit karein.",No,No,No
spam,Post Matric Scholarship Alert: Aap scheme ke tahat Rs.640 ke liye eligible hain. Claim karne ke liye apna Aadhaar aur bank account number share karein.,No,No,No
spam,"Maine galti se aapke Paytm par Rs.760 bhej diya, kripya isse is UPI ID par refund kar dein: hbmuhpx49@ybl",No,No,No
spam,"Hi, mujhe lagta hai maine kisi aur ko pay karte waqt aapko galti se Rs.2,423 bhej diya. Kripya cbksai@ibl par wapas bhej dein, dhanyavad.",No,No,No
spam,"LPG Subsidy Scheme Alert: Aap scheme ke tahat Rs.68,068 ke liye eligible hain. Claim karne ke liye apna Aadhaar aur bank account number share karein.",No,No,No
spam,"Galti se Rs.562 mere account se aapke account mein transfer ho gaye hain, jald se jald oskjeytw65@ybl par refund kar dein.",No,No,No
spam,"Galti se Rs.945 mere account se aapke account mein transfer ho gaye hain, jald se jald uuhdzm85@oksbi par refund kar dein.",No,No,No
spam,"Post Matric Scholarship: Aapka scholarship benefit Rs.43,981 transfer ke liye ready hai. Ise paane ke liye apni bank passbook details submit karein.",No,No,No
spam,"Ayushman Bharat: Aapka scholarship benefit Rs.3,373 transfer ke liye ready hai. Ise paane ke liye apni bank passbook details submit karein.",No,No,No
spam,"Aapko Amazon ke saath work-from-home job ke liye select kiya gaya hai. Rs.8,014 ka joining bonus paane ke liye apni bank details share karein.",No,No,No
spam,LPG Subsidy Scheme: Aapka scholarship benefit Rs.793 transfer ke liye ready hai. Ise paane ke liye apni bank passbook details submit karein.,No,No,No
spam,"Sorry, maine galti se galat number par Rs.83,116 transfer kar diya, yeh aapka account lagta hai. Kripya wapas bhej dein hxsbv23@axl par.",No,No,No
spam,"Galti se Rs.79,225 mere account se aapke account mein transfer ho gaye hain, jald se jald dsvkdslp79@paytm par refund kar dein.",No,No,No
spam,"Hi, mujhe lagta hai maine kisi aur ko pay karte waqt aapko galti se Rs.545 bhej diya. Kripya rodie@okhdfcbank par wapas bhej dein, dhanyavad.",No,No,No
spam,"Sorry, maine galti se galat number par Rs.762 transfer kar diya, yeh aapka account lagta hai. Kripya wapas bhej dein uqxzp@axl par.",No,No,No
spam,"Galti se Rs.4,023 mere account se aapke account mein transfer ho gaye hain, jald se jald zwvgya@oksbi par refund kar dein.",No,No,No
spam,"Hi, mujhe lagta hai maine kisi aur ko pay karte waqt aapko galti se Rs.701 bhej diya. Kripya tyeyj@okicici par wapas bhej dein, dhanyavad.",No,No,No
spam,Aapki insurance policy ka maturity amount Rs.547 ready hai. Payment paane ke liye apni bank passbook details bhejein.,No,No,No
spam,"Aapki insurance policy ka maturity amount Rs.94,399 ready hai. Payment paane ke liye apni bank passbook details bhejein.",No,No,No
spam,"Sorry, maine galti se galat number par Rs.24,106 transfer kar diya, yeh aapka account lagta hai. Kripya wapas bhej dein kiuniere92@ibl par.",No,No,No
spam,"Sorry, maine galti se galat number par Rs.49,596 transfer kar diya, yeh aapka account lagta hai. Kripya wapas bhej dein qimas73@ibl par.",No,No,No
spam,"Galti se Rs.988 mere account se aapke account mein transfer ho gaye hain, jald se jald rqzuht21@ibl par refund kar dein.",No,No,No
spam,"Galti se Rs.9,112 mere account se aapke account mein transfer ho gaye hain, jald se jald lutmyzua41@paytm par refund kar dein.",No,No,No
spam,"Sorry, maine galti se galat number par Rs.996 transfer kar diya, yeh aapka account lagta hai. Kripya wapas bhej dein ehaquaw96@ibl par.",No,No,No
spam,"Galti se Rs.8,806 mere account se aapke account mein transfer ho gaye hain, jald se jald ddvlnxd@ybl par refund kar dein.",No,No,No
spam,"Sorry, maine galti se galat number par Rs.1,185 transfer kar diya, yeh aapka account lagta hai. Kripya wapas bhej dein cpjzouig28@ybl par.",No,No,No
spam,"Post Matric Scholarship: Aapka scholarship benefit Rs.5,253 transfer ke liye ready hai. Ise paane ke liye apni bank passbook details submit karein.",No,No,No
spam,"Aapki insurance policy ka maturity amount Rs.8,081 ready hai. Payment paane ke liye apni bank passbook details bhejein.",No,No,No
spam,"Sorry, maine galti se galat number par Rs.567 transfer kar diya, yeh aapka account lagta hai. Kripya wapas bhej dein ppcuyk@axl par.",No,No,No
spam,"Galti se Rs.8,353 mere account se aapke account mein transfer ho gaye hain, jald se jald mweux@oksbi par refund kar dein.",No,No,No
spam,PM Kisan Samman Nidhi Alert: Aap scheme ke tahat Rs.675 ke liye eligible hain. Claim karne ke liye apna Aadhaar aur bank account number share karein.,No,No,No
spam,PM Ujjwala Yojana Alert: Aap scheme ke tahat Rs.767 ke liye eligible hain. Claim karne ke liye apna Aadhaar aur bank account number share karein.,No,No,No
spam,PM Kisan Samman Nidhi: Aapka scholarship benefit Rs.804 transfer ke liye ready hai. Ise paane ke liye apni bank passbook details submit karein.,No,No,No
spam,"Maine galti se aapke Paytm par Rs.751 bhej diya, kripya isse is UPI ID par refund kar dein: umzzw@ibl",No,No,No
spam,"Badhai ho, State Scholarship Scheme ke tahat aapka application Rs.79,147 ke liye approve ho gaya hai. Disbursement ke liye apni bank details bhejein.",No,No,No
spam,"Galti se Rs.933 mere account se aapke account mein transfer ho gaye hain, jald se jald uldewen@oksbi par refund kar dein.",No,No,No
spam,"Aapka ICICI Bank personal loan Rs.16,891 ka pre-approved hai. Process karne ke liye apni bank account aur Aadhaar details share karein.",No,No,No
spam,"Galti se Rs.502 mere account se aapke account mein transfer ho gaye hain, jald se jald urbslvd61@paytm par refund kar dein.",No,No,No
spam,"Badhai ho, PM Kisan Samman Nidhi ke tahat aapka application Rs.759 ke liye approve ho gaya hai. Disbursement ke liye apni bank details bhejein.",No,No,No
spam,"Galti se Rs.4,358 mere account se aapke account mein transfer ho gaye hain, jald se jald pghlyjrh84@okhdfcbank par refund kar dein.",No,No,No
spam,"Aapki insurance policy ka maturity amount Rs.36,731 ready hai. Payment paane ke liye apni bank passbook details bhejein.",No,No,No
spam,Post Matric Scholarship Alert: Aap scheme ke tahat Rs.800 ke liye eligible hain. Claim karne ke liye apna Aadhaar aur bank account number share karein.,No,No,No
spam,"Post Matric Scholarship Alert: Aap scheme ke tahat Rs.19,723 ke liye eligible hain. Claim karne ke liye apna Aadhaar aur bank account number share karein.",No,No,No
spam,"Galti se Rs.76,249 mere account se aapke account mein transfer ho gaye hain, jald se jald lbskh@axl par refund kar dein.",No,No,No
spam,"LPG Subsidy Scheme Alert: Aap scheme ke tahat Rs.1,179 ke liye eligible hain. Claim karne ke liye apna Aadhaar aur bank account number share karein.",No,No,No
spam,"Post Matric Scholarship Alert: Aap scheme ke tahat Rs.71,090 ke liye eligible hain. Claim karne ke liye apna Aadhaar aur bank account number share karein.",No,No,No
spam,Aapki insurance policy ka maturity amount Rs.588 ready hai. Payment paane ke liye apni bank passbook details bhejein.,No,No,No
spam,"Hi, mujhe lagta hai maine kisi aur ko pay karte waqt aapko galti se Rs.510 bhej diya. Kripya trgdkg93@ybl par wapas bhej dein, dhanyavad.",No,No,No
spam,"Aapki insurance policy ka maturity amount Rs.43,574 ready hai. Payment paane ke liye apni bank passbook details bhejein.",No,No,No
spam,"Aapka Punjab National Bank personal loan Rs.43,491 ka pre-approved hai. Process karne ke liye apni bank account aur Aadhaar details share karein.",No,No,No
spam,"Sorry, maine galti se galat number par Rs.5,581 transfer kar diya, yeh aapka account lagta hai. Kripya wapas bhej dein flmhq@okicici par.",No,No,No
spam,"Maine galti se aapke Google Pay par Rs.1,916 bhej diya, kripya isse is UPI ID par refund kar dein: mndcn@okicici",No,No,No
spam,"PMAY Alert: Aap scheme ke tahat Rs.8,569 ke liye eligible hain. Claim karne ke liye apna Aadhaar aur bank account number share karein.",No,No,No
spam,"Aapki insurance policy ka maturity amount Rs.97,888 ready hai. Payment paane ke liye apni bank passbook details bhejein.",No,No,No
spam,PMAY Alert: Aap scheme ke tahat Rs.598 ke liye eligible hain. Claim karne ke liye apna Aadhaar aur bank account number share karein.,No,No,No
spam,PM Ujjwala Yojana: Aapka scholarship benefit Rs.974 transfer ke liye ready hai. Ise paane ke liye apni bank passbook details submit karein.,No,No,No
spam,"Aapki insurance policy ka maturity amount Rs.51,384 ready hai. Payment paane ke liye apni bank passbook details bhejein.",No,No,No
spam,"Aapka Bank of Baroda personal loan Rs.6,226 ka pre-approved hai. Process karne ke liye apni bank account aur Aadhaar details share karein.",No,No,No
spam,"Maine galti se aapke Amazon Pay par Rs.6,110 bhej diya, kripya isse is UPI ID par refund kar dein: klozwcl@ibl",No,No,No
spam,"Aapko Amazon ke saath work-from-home job ke liye select kiya gaya hai. Rs.17,007 ka joining bonus paane ke liye apni bank details share karein.",No,No,No
spam,"Aapki insurance policy ka maturity amount Rs.70,888 ready hai. Payment paane ke liye apni bank passbook details bhejein.",No,No,No
spam,Aapki insurance policy ka maturity amount Rs.823 ready hai. Payment paane ke liye apni bank passbook details bhejein.,No,No,No
spam,Aapko Flipkart ke saath work-from-home job ke liye select kiya gaya hai. Rs.504 ka joining bonus paane ke liye apni bank details share karein.,No,No,No
spam,"Sorry, maine galti se galat number par Rs.1,282 transfer kar diya, yeh aapka account lagta hai. Kripya wapas bhej dein ycwyetm@okhdfcbank par.",No,No,No
spam,Aapko Wipro ke saath work-from-home job ke liye select kiya gaya hai. Rs.695 ka joining bonus paane ke liye apni bank details share karein.,No,No,No
spam,Aapka Axis Bank personal loan Rs.969 ka pre-approved hai. Process karne ke liye apni bank account aur Aadhaar details share karein.,No,No,No
spam,"Sorry, maine galti se galat number par Rs.825 transfer kar diya, yeh aapka account lagta hai. Kripya wapas bhej dein djmvn@axl par.",No,No,No
spam,"Maine galti se aapke PhonePe par Rs.688 bhej diya, kripya isse is UPI ID par refund kar dein: kybusawc@axl",No,No,No
spam,"Aapki insurance policy ka maturity amount Rs.51,002 ready hai. Payment paane ke liye apni bank passbook details bhejein.",No,No,No
spam,"Galti se Rs.5,840 mere account se aapke account mein transfer ho gaye hain, jald se jald ecqjulob@ybl par refund kar dein.",No,No,No
spam,"Maine galti se aapke Paytm par Rs.1,849 bhej diya, kripya isse is UPI ID par refund kar dein: ubpyeby@ibl",No,No,No
spam,"Hi, mujhe lagta hai maine kisi aur ko pay karte waqt aapko galti se Rs.4,660 bhej diya. Kripya jvstp33@okhdfcbank par wapas bhej dein, dhanyavad.",No,No,No
spam,"Galti se Rs.9,877 mere account se aapke account mein transfer ho gaye hain, jald se jald zdzfxtwn@axl par refund kar dein.",No,No,No
spam,Aapki insurance policy ka maturity amount Rs.946 ready hai. Payment paane ke liye apni bank passbook details bhejein.,No,No,No
spam,State Scholarship Scheme Alert: Aap scheme ke tahat Rs.863 ke liye eligible hain. Claim karne ke liye apna Aadhaar aur bank account number share karein.,No,No,No
spam,"Maine galti se aapke Google Pay par Rs.5,734 bhej diya, kripya isse is UPI ID par refund kar dein: aelhib@ybl",No,No,No
spam,"Galti se Rs.2,915 mere account se aapke account mein transfer ho gaye hain, jald se jald mkowqkk@okicici par refund kar dein.",No,No,No
spam,"Galti se Rs.2,818 mere account se aapke account mein transfer ho gaye hain, jald se jald imfhhpbp73@okicici par refund kar dein.",No,No,No
spam,"Galti se Rs.656 mere account se aapke account mein transfer ho gaye hain, jald se jald chixvryi46@ybl par refund kar dein.",No,No,No
spam,"Aapka Kotak Mahindra Bank personal loan Rs.25,402 ka pre-approved hai. Process karne ke liye apni bank account aur Aadhaar details share karein.",No,No,No
spam,"PMAY Alert: Aap scheme ke tahat Rs.78,745 ke liye eligible hain. Claim karne ke liye apna Aadhaar aur bank account number share karein.",No,No,No
spam,"Post Matric Scholarship: Aapka scholarship benefit Rs.8,968 transfer ke liye ready hai. Ise paane ke liye apni bank passbook details submit karein.",No,No,No
spam,"Sorry, maine galti se galat number par Rs.532 transfer kar diya, yeh aapka account lagta hai. Kripya wapas bhej dein tcgjkc27@okicici par.",No,No,No
spam,Aapko Amazon ke saath work-from-home job ke liye select kiya gaya hai. Rs.793 ka joining bonus paane ke liye apni bank details share karein.,No,No,No
spam,State Scholarship Scheme Alert: Aap scheme ke tahat Rs.804 ke liye eligible hain. Claim karne ke liye apna Aadhaar aur bank account number share karein.,No,No,No
spam,"State Scholarship Scheme Alert: Aap scheme ke tahat Rs.3,924 ke liye eligible hain. Claim karne ke liye apna Aadhaar aur bank account number share karein.",No,No,No
spam,"Badhai ho, PM Ujjwala Yojana ke tahat aapka application Rs.7,356 ke liye approve ho gaya hai. Disbursement ke liye apni bank details bhejein.",No,No,No
spam,"Sorry, maine galti se galat number par Rs.29,525 transfer kar diya, yeh aapka account lagta hai. Kripya wapas bhej dein quhzfjej@oksbi par.",No,No,No
spam,"Aapki insurance policy ka maturity amount Rs.2,473 ready hai. Payment paane ke liye apni bank passbook details bhejein.",No,No,No
spam,"Maine galti se aapke Paytm par Rs.81,921 bhej diya, kripya isse is UPI ID par refund kar dein: yignxde@axl",No,No,No
spam,"Aapko Infosys ke saath work-from-home job ke liye select kiya gaya hai. Rs.2,124 ka joining bonus paane ke liye apni bank details share karein.",No,No,No
spam,"Maine galti se aapke Paytm par Rs.4,531 bhej diya, kripya isse is UPI ID par refund kar dein: neaxddi24@okhdfcbank",No,No,No
spam,"Galti se Rs.720 mere account se aapke account mein transfer ho gaye hain, jald se jald snasbell12@okhdfcbank par refund kar dein.",No,No,No
spam,"Sorry, maine galti se galat number par Rs.19,356 transfer kar diya, yeh aapka account lagta hai. Kripya wapas bhej dein bpuvtgl@oksbi par.",No,No,No
spam,"Sorry, maine galti se galat number par Rs.6,198 transfer kar diya, yeh aapka account lagta hai. Kripya wapas bhej dein qgnwhubx@okhdfcbank par.",No,No,No
spam,"Galti se Rs.3,593 mere account se aapke account mein transfer ho gaye hain, jald se jald kxhio@oksbi par refund kar dein.",No,No,No
spam,"Aapki insurance policy ka maturity amount Rs.7,696 ready hai. Payment paane ke liye apni bank passbook details bhejein.",No,No,No
spam,"PM Ujjwala Yojana Alert: Aap scheme ke tahat Rs.9,206 ke liye eligible hain. Claim karne ke liye apna Aadhaar aur bank account number share karein.",No,No,No
spam,"Hi, mujhe lagta hai maine kisi aur ko pay karte waqt aapko galti se Rs.691 bhej diya. Kripya cslybi24@ybl par wapas bhej dein, dhanyavad.",No,No,No
spam,"Maine galti se aapke Amazon Pay par Rs.24,941 bhej diya, kripya isse is UPI ID par refund kar dein: wuijka@ibl",No,No,No
spam,"Aapko Wipro ke saath work-from-home job ke liye select kiya gaya hai. Rs.29,801 ka joining bonus paane ke liye apni bank details share karein.",No,No,No
spam,"Hi, mujhe lagta hai maine kisi aur ko pay karte waqt aapko galti se Rs.623 bhej diya. Kripya mztvd@okhdfcbank par wapas bhej dein, dhanyavad.",No,No,No
spam,"Aapki insurance policy ka maturity amount Rs.28,493 ready hai. Payment paane ke liye apni bank passbook details bhejein.",No,No,No
spam,"Galti se Rs.67,919 mere account se aapke account mein transfer ho gaye hain, jald se jald xdcfy@paytm par refund kar dein.",No,No,No
spam,"Aapka SBI personal loan Rs.70,726 ka pre-approved hai. Process karne ke liye apni bank account aur Aadhaar details share karein.",No,No,No
spam,"Hi, mujhe lagta hai maine kisi aur ko pay karte waqt aapko galti se Rs.5,658 bhej diya. Kripya ucrgd89@axl par wapas bhej dein, dhanyavad.",No,No,No
spam,"Hi, mujhe lagta hai maine kisi aur ko pay karte waqt aapko galti se Rs.63,600 bhej diya. Kripya ixgym@oksbi par wapas bhej dein, dhanyavad.",No,No,No
spam,"Hi, mujhe lagta hai maine kisi aur ko pay karte waqt aapko galti se Rs.2,897 bhej diya. Kripya relxuk@oksbi par wapas bhej dein, dhanyavad.",No,No,No
spam,Aapka ICICI Bank personal loan Rs.712 ka pre-approved hai. Process karne ke liye apni bank account aur Aadhaar details share karein.,No,No,No
spam,LPG Subsidy Scheme Alert: Aap scheme ke tahat Rs.961 ke liye eligible hain. Claim karne ke liye apna Aadhaar aur bank account number share karein.,No,No,No
spam,"Aapka HDFC Bank personal loan Rs.6,868 ka pre-approved hai. Process karne ke liye apni bank account aur Aadhaar details share karein.",No,No,No
spam,"Sorry, maine galti se galat number par Rs.4,499 transfer kar diya, yeh aapka account lagta hai. Kripya wapas bhej dein sawtb@oksbi par.",No,No,No
spam,"Aapka Bank of Baroda personal loan Rs.4,109 ka pre-approved hai. Process karne ke liye apni bank account aur Aadhaar details share karein.",No,No,No
spam,"Hi, mujhe lagta hai maine kisi aur ko pay karte waqt aapko galti se Rs.730 bhej diya. Kripya spnkwi@okicici par wapas bhej dein, dhanyavad.",No,No,No
spam,"Aapka HDFC Bank personal loan Rs.50,735 ka pre-approved hai. Process karne ke liye apni bank account aur Aadhaar details share karein.",No,No,No
spam,"Sorry, maine galti se galat number par Rs.676 transfer kar diya, yeh aapka account lagta hai. Kripya wapas bhej dein jklltj@okicici par.",No,No,No
spam,"Badhai ho, Post Matric Scholarship ke tahat aapka application Rs.777 ke liye approve ho gaya hai. Disbursement ke liye apni bank details bhejein.",No,No,No
spam,"Badhai ho, LPG Subsidy Scheme ke tahat aapka application Rs.8,305 ke liye approve ho gaya hai. Disbursement ke liye apni bank details bhejein.",No,No,No
spam,"Galti se Rs.2,111 mere account se aapke account mein transfer ho gaye hain, jald se jald ipnojd95@oksbi par refund kar dein.",No,No,No
spam,"Post Matric Scholarship: Aapka scholarship benefit Rs.9,394 transfer ke liye ready hai. Ise paane ke liye apni bank passbook details submit karein.",No,No,No
spam,"Hi, mujhe lagta hai maine kisi aur ko pay karte waqt aapko galti se Rs.574 bhej diya. Kripya gjwpzjgb61@paytm par wapas bhej dein, dhanyavad.",No,No,No
spam,Aapka Punjab National Bank personal loan Rs.997 ka pre-approved hai. Process karne ke liye apni bank account aur Aadhaar details share karein.,No,No,No
spam,Aapko Flipkart ke saath work-from-home job ke liye select kiya gaya hai. Rs.769 ka joining bonus paane ke liye apni bank details share karein.,No,No,No
spam,"Galti se Rs.705 mere account se aapke account mein transfer ho gaye hain, jald se jald enmons48@okicici par refund kar dein.",No,No,No
spam,"Sorry, maine galti se galat number par Rs.2,833 transfer kar diya, yeh aapka account lagta hai. Kripya wapas bhej dein mjdbynw84@paytm par.",No,No,No
spam,"PMAY Alert: Aap scheme ke tahat Rs.9,675 ke liye eligible hain. Claim karne ke liye apna Aadhaar aur bank account number share karein.",No,No,No
spam,Aapko Flipkart ke saath work-from-home job ke liye select kiya gaya hai. Rs.921 ka joining bonus paane ke liye apni bank details share karein.,No,No,No
spam,Aapko Infosys ke saath work-from-home job ke liye select kiya gaya hai. Rs.564 ka joining bonus paane ke liye apni bank details share karein.,No,No,No
spam,"LPG Subsidy Scheme Alert: Aap scheme ke tahat Rs.48,041 ke liye eligible hain. Claim karne ke liye apna Aadhaar aur bank account number share karein.",No,No,No
spam,"Aapki insurance policy ka maturity amount Rs.7,234 ready hai. Payment paane ke liye apni bank passbook details bhejein.",No,No,No
spam,"Galti se Rs.18,617 mere account se aapke account mein transfer ho gaye hain, jald se jald zkrlbt@okhdfcbank par refund kar dein.",No,No,No
spam,"Sorry, maine galti se galat number par Rs.10,349 transfer kar diya, yeh aapka account lagta hai. Kripya wapas bhej dein ucyzujvt71@okhdfcbank par.",No,No,No
spam,"Hi, mujhe lagta hai maine kisi aur ko pay karte waqt aapko galti se Rs.95,965 bhej diya. Kripya mbpoecas43@okhdfcbank par wapas bhej dein, dhanyavad.",No,No,No
spam,"Aapka SBI personal loan Rs.2,818 ka pre-approved hai. Process karne ke liye apni bank account aur Aadhaar details share karein.",No,No,No
spam,"Hi, mujhe lagta hai maine kisi aur ko pay karte waqt aapko galti se Rs.546 bhej diya. Kripya nqhrwa49@okhdfcbank par wapas bhej dein, dhanyavad.",No,No,No
spam,"Ayushman Bharat Alert: Aap scheme ke tahat Rs.9,415 ke liye eligible hain. Claim karne ke liye apna Aadhaar aur bank account number share karein.",No,No,No
spam,"PM Ujjwala Yojana: Aapka scholarship benefit Rs.44,606 transfer ke liye ready hai. Ise paane ke liye apni bank passbook details submit karein.",No,No,No
spam,"Badhai ho, PM Kisan Samman Nidhi ke tahat aapka application Rs.3,334 ke liye approve ho gaya hai. Disbursement ke liye apni bank details bhejein.",No,No,No
spam,"Hi, mujhe lagta hai maine kisi aur ko pay karte waqt aapko galti se Rs.64,899 bhej diya. Kripya uczrhn@paytm par wapas bhej dein, dhanyavad.",No,No,No
spam,"Aapko Infosys ke saath work-from-home job ke liye select kiya gaya hai. Rs.35,121 ka joining bonus paane ke liye apni bank details share karein.",No,No,No
spam,"Aapko Infosys ke saath work-from-home job ke liye select kiya gaya hai. Rs.49,328 ka joining bonus paane ke liye apni bank details share karein.",No,No,No
spam,"Aapki insurance policy ka maturity amount Rs.62,723 ready hai. Payment paane ke liye apni bank passbook details bhejein.",No,No,No
spam,"Aapko Infosys ke saath work-from-home job ke liye select kiya gaya hai. Rs.57,016 ka joining bonus paane ke liye apni bank details share karein.",No,No,No
spam,"Aapka HDFC Bank personal loan Rs.55,738 ka pre-approved hai. Process karne ke liye apni bank account aur Aadhaar details share karein.",No,No,No
spam,PM Ujjwala Yojana: Aapka scholarship benefit Rs.715 transfer ke liye ready hai. Ise paane ke liye apni bank passbook details submit karein.,No,No,No
spam,"Sorry, maine galti se galat number par Rs.884 transfer kar diya, yeh aapka account lagta hai. Kripya wapas bhej dein hrpoeif82@okhdfcbank par.",No,No,No
spam,"Post Matric Scholarship: Aapka scholarship benefit Rs.41,066 transfer ke liye ready hai. Ise paane ke liye apni bank passbook details submit karein.",No,No,No
spam,"Maine galti se aapke Paytm par Rs.67,039 bhej diya, kripya isse is UPI ID par refund kar dein: aioacah61@okhdfcbank",No,No,No
spam,"Aapko Reliance ke saath work-from-home job ke liye select kiya gaya hai. Rs.3,063 ka joining bonus paane ke liye apni bank details share karein.",No,No,No
spam,"Aapka ICICI Bank personal loan Rs.96,574 ka pre-approved hai. Process karne ke liye apni bank account aur Aadhaar details share karein.",No,No,No
spam,"Sorry, maine galti se galat number par Rs.9,732 transfer kar diya, yeh aapka account lagta hai. Kripya wapas bhej dein orehomq61@paytm par.",No,No,No
spam,"Galti se Rs.14,854 mere account se aapke account mein transfer ho gaye hain, jald se jald xfecw@okicici par refund kar dein.",No,No,No
spam,"Aapki insurance policy ka maturity amount Rs.5,933 ready hai. Payment paane ke liye apni bank passbook details bhejein.",No,No,No
spam,"Maine galti se aapke Amazon Pay par Rs.4,647 bhej diya, kripya isse is UPI ID par refund kar dein: upeobmb89@ibl",No,No,No
spam,"Hi, mujhe lagta hai maine kisi aur ko pay karte waqt aapko galti se Rs.1,557 bhej diya. Kripya jsuvtlxy96@axl par wapas bhej dein, dhanyavad.",No,No,No
spam,"Maine galti se aapke Amazon Pay par Rs.7,629 bhej diya, kripya isse is UPI ID par refund kar dein: wgnnd@axl",No,No,No
spam,"Badhai ho, PMAY ke tahat aapka application Rs.84,387 ke liye approve ho gaya hai. Disbursement ke liye apni bank details bhejein.",No,No,No
spam,"Badhai ho, State Scholarship Scheme ke tahat aapka application Rs.37,167 ke liye approve ho gaya hai. Disbursement ke liye apni bank details bhejein.",No,No,No
spam,"Aapka SBI personal loan Rs.90,627 ka pre-approved hai. Process karne ke liye apni bank account aur Aadhaar details share karein.",No,No,No
spam,"Badhai ho, State Scholarship Scheme ke tahat aapka application Rs.2,843 ke liye approve ho gaya hai. Disbursement ke liye apni bank details bhejein.",No,No,No
spam,"LPG Subsidy Scheme Alert: Aap scheme ke tahat Rs.3,946 ke liye eligible hain. Claim karne ke liye apna Aadhaar aur bank account number share karein.",No,No,No
spam,"PM Kisan Samman Nidhi: Aapka scholarship benefit Rs.36,433 transfer ke liye ready hai. Ise paane ke liye apni bank passbook details submit karein.",No,No,No
spam,"Galti se Rs.4,460 mere account se aapke account mein transfer ho gaye hain, jald se jald eathrdd66@paytm par refund kar dein.",No,No,No
spam,PM Ujjwala Yojana Alert: Aap scheme ke tahat Rs.675 ke liye eligible hain. Claim karne ke liye apna Aadhaar aur bank account number share karein.,No,No,No
spam,"Ayushman Bharat: Aapka scholarship benefit Rs.4,955 transfer ke liye ready hai. Ise paane ke liye apni bank passbook details submit karein.",No,No,No
spam,"Badhai ho, State Scholarship Scheme ke tahat aapka application Rs.33,642 ke liye approve ho gaya hai. Disbursement ke liye apni bank details bhejein.",No,No,No
spam,"Maine galti se aapke PhonePe par Rs.889 bhej diya, kripya isse is UPI ID par refund kar dein: flkkba78@okicici",No,No,No
spam,"Hi, mujhe lagta hai maine kisi aur ko pay karte waqt aapko galti se Rs.74,061 bhej diya. Kripya ctoyvvi61@axl par wapas bhej dein, dhanyavad.",No,No,No
spam,"Galti se Rs.6,566 mere account se aapke account mein transfer ho gaye hain, jald se jald lbmbovuq@okhdfcbank par refund kar dein.",No,No,No
spam,"PM Kisan Samman Nidhi: Aapka scholarship benefit Rs.40,494 transfer ke liye ready hai. Ise paane ke liye apni bank passbook details submit karein.",No,No,No
spam,"Hi, mujhe lagta hai maine kisi aur ko pay karte waqt aapko galti se Rs.794 bhej diya. Kripya waydc39@axl par wapas bhej dein, dhanyavad.",No,No,No
spam,Aapko TCS ke saath work-from-home job ke liye select kiya gaya hai. Rs.535 ka joining bonus paane ke liye apni bank details share karein.,No,No,No
spam,"Sorry, maine galti se galat number par Rs.65,617 transfer kar diya, yeh aapka account lagta hai. Kripya wapas bhej dein wtknbenx88@paytm par.",No,No,No
spam,"Hi, mujhe lagta hai maine kisi aur ko pay karte waqt aapko galti se Rs.617 bhej diya. Kripya yjhoqb10@paytm par wapas bhej dein, dhanyavad.",No,No,No
spam,"Post Matric Scholarship Alert: Aap scheme ke tahat Rs.67,063 ke liye eligible hain. Claim karne ke liye apna Aadhaar aur bank account number share karein.",No,No,No
spam,"Hi, mujhe lagta hai maine kisi aur ko pay karte waqt aapko galti se Rs.4,467 bhej diya. Kripya zdnuvh10@okhdfcbank par wapas bhej dein, dhanyavad.",No,No,No
spam,"Aapki insurance policy ka maturity amount Rs.9,999 ready hai. Payment paane ke liye apni bank passbook details bhejein.",No,No,No
spam,"Galti se Rs.75,070 mere account se aapke account mein transfer ho gaye hain, jald se jald legubk54@axl par refund kar dein.",No,No,No
spam,"Sorry, maine galti se galat number par Rs.36,235 transfer kar diya, yeh aapka account lagta hai. Kripya wapas bhej dein arlvzfi@paytm par.",No,No,No
spam,"Hi, mujhe lagta hai maine kisi aur ko pay karte waqt aapko galti se Rs.2,194 bhej diya. Kripya bdpaeg92@ibl par wapas bhej dein, dhanyavad.",No,No,No
spam,"Maine galti se aapke Amazon Pay par Rs.95,336 bhej diya, kripya isse is UPI ID par refund kar dein: mzhvb31@okicici",No,No,No
spam,"Aapka SBI personal loan Rs.51,369 ka pre-approved hai. Process karne ke liye apni bank account aur Aadhaar details share karein.",No,No,No
spam,"Sorry, maine galti se galat number par Rs.7,269 transfer kar diya, yeh aapka account lagta hai. Kripya wapas bhej dein jremawne@oksbi par.",No,No,No
spam,"Hi, mujhe lagta hai maine kisi aur ko pay karte waqt aapko galti se Rs.6,139 bhej diya. Kripya hhmxtloq@okhdfcbank par wapas bhej dein, dhanyavad.",No,No,No
spam,"Sorry, maine galti se galat number par Rs.580 transfer kar diya, yeh aapka account lagta hai. Kripya wapas bhej dein ikdyesdh99@paytm par.",No,No,No
spam,"Maine galti se aapke Paytm par Rs.2,228 bhej diya, kripya isse is UPI ID par refund kar dein: rpaaltvv@ybl",No,No,No
spam,"Maine galti se aapke Paytm par Rs.15,051 bhej diya, kripya isse is UPI ID par refund kar dein: bbaxf@ibl",No,No,No
spam,"Hi, mujhe lagta hai maine kisi aur ko pay karte waqt aapko galti se Rs.7,954 bhej diya. Kripya lkmviof89@ybl par wapas bhej dein, dhanyavad.",No,No,No
spam,"Maine galti se aapke Paytm par Rs.63,370 bhej diya, kripya isse is UPI ID par refund kar dein: owslgied@okicici",No,No,No
spam,"Sorry, maine galti se galat number par Rs.991 transfer kar diya, yeh aapka account lagta hai. Kripya wapas bhej dein cenoclry65@ibl par.",No,No,No
spam,"Sorry, maine galti se galat number par Rs.870 transfer kar diya, yeh aapka account lagta hai. Kripya wapas bhej dein ztbzdudn80@ibl par.",No,No,No
spam,"Maine galti se aapke Amazon Pay par Rs.4,408 bhej diya, kripya isse is UPI ID par refund kar dein: lmytfeyq@ybl",No,No,No
spam,Aapka Punjab National Bank personal loan Rs.782 ka pre-approved hai. Process karne ke liye apni bank account aur Aadhaar details share karein.,No,No,No
spam,"Hi, mujhe lagta hai maine kisi aur ko pay karte waqt aapko galti se Rs.721 bhej diya. Kripya ycykco@ybl par wapas bhej dein, dhanyavad.",No,No,No
spam,"Aapki insurance policy ka maturity amount Rs.8,243 ready hai. Payment paane ke liye apni bank passbook details bhejein.",No,No,No
spam,"Sorry, maine galti se galat number par Rs.60,795 transfer kar diya, yeh aapka account lagta hai. Kripya wapas bhej dein ftaofa@okicici par.",No,No,No
spam,"PMAY Alert: Aap scheme ke tahat Rs.97,798 ke liye eligible hain. Claim karne ke liye apna Aadhaar aur bank account number share karein.",No,No,No
spam,"Sorry, maine galti se galat number par Rs.30,730 transfer kar diya, yeh aapka account lagta hai. Kripya wapas bhej dein urbrfm@ybl par.",No,No,No
spam,"Aapki insurance policy ka maturity amount Rs.7,629 ready hai. Payment paane ke liye apni bank passbook details bhejein.",No,No,No
spam,Aapka Axis Bank personal loan Rs.755 ka pre-approved hai. Process karne ke liye apni bank account aur Aadhaar details share karein.,No,No,No
spam,"Aapko Wipro ke saath work-from-home job ke liye select kiya gaya hai. Rs.74,997 ka joining bonus paane ke liye apni bank details share karein.",No,No,No
spam,PM Kisan Samman Nidhi Alert: Aap scheme ke tahat Rs.924 ke liye eligible hain. Claim karne ke liye apna Aadhaar aur bank account number share karein.,No,No,No
spam,"Maine galti se aapke Amazon Pay par Rs.67,705 bhej diya, kripya isse is UPI ID par refund kar dein: xvmluzed@ibl",No,No,No
spam,"Aapka Canara Bank personal loan Rs.19,272 ka pre-approved hai. Process karne ke liye apni bank account aur Aadhaar details share karein.",No,No,No
spam,"Hi, mujhe lagta hai maine kisi aur ko pay karte waqt aapko galti se Rs.42,265 bhej diya. Kripya ggluis36@oksbi par wapas bhej dein, dhanyavad.",No,No,No
spam,"Hi, mujhe lagta hai maine kisi aur ko pay karte waqt aapko galti se Rs.7,565 bhej diya. Kripya ywazcz@okhdfcbank par wapas bhej dein, dhanyavad.",No,No,No
spam,"Aapka Canara Bank personal loan Rs.2,405 ka pre-approved hai. Process karne ke liye apni bank account aur Aadhaar details share karein.",No,No,No
spam,"Hi, mujhe lagta hai maine kisi aur ko pay karte waqt aapko galti se Rs.514 bhej diya. Kripya oubahqt82@ybl par wapas bhej dein, dhanyavad.",No,No,No
spam,"Aapka HDFC Bank personal loan Rs.3,564 ka pre-approved hai. Process karne ke liye apni bank account aur Aadhaar details share karein.",No,No,No
spam,"Aapka SBI personal loan Rs.4,097 ka pre-approved hai. Process karne ke liye apni bank account aur Aadhaar details share karein.",No,No,No
spam,State Scholarship Scheme Alert: Aap scheme ke tahat Rs.738 ke liye eligible hain. Claim karne ke liye apna Aadhaar aur bank account number share karein.,No,No,No
spam,"Badhai ho, National Scholarship Portal ke tahat aapka application Rs.1,013 ke liye approve ho gaya hai. Disbursement ke liye apni bank details bhejein.",No,No,No
spam,"Maine galti se aapke Paytm par Rs.887 bhej diya, kripya isse is UPI ID par refund kar dein: zejcv@okicici",No,No,No
spam,"Aapka Kotak Mahindra Bank personal loan Rs.2,279 ka pre-approved hai. Process karne ke liye apni bank account aur Aadhaar details share karein.",No,No,No
spam,"Galti se Rs.626 mere account se aapke account mein transfer ho gaye hain, jald se jald xwnakefl@okhdfcbank par refund kar dein.",No,No,No
spam,"Aapki insurance policy ka maturity amount Rs.84,483 ready hai. Payment paane ke liye apni bank passbook details bhejein.",No,No,No
spam,"Galti se Rs.94,765 mere account se aapke account mein transfer ho gaye hain, jald se jald uacwovlw@ibl par refund kar dein.",No,No,No
spam,"Galti se Rs.9,861 mere account se aapke account mein transfer ho gaye hain, jald se jald hgphqcp@okhdfcbank par refund kar dein.",No,No,No
spam,"PMAY Alert: Aap scheme ke tahat Rs.75,998 ke liye eligible hain. Claim karne ke liye apna Aadhaar aur bank account number share karein.",No,No,No
spam,"Maine galti se aapke Paytm par Rs.7,722 bhej diya, kripya isse is UPI ID par refund kar dein: qwtdm@okhdfcbank",No,No,No
spam,"Maine galti se aapke PhonePe par Rs.3,384 bhej diya, kripya isse is UPI ID par refund kar dein: fjaykyak@okicici",No,No,No
spam,"PM Kisan Samman Nidhi Alert: Aap scheme ke tahat Rs.61,408 ke liye eligible hain. Claim karne ke liye apna Aadhaar aur bank account number share karein.",No,No,No
spam,Aapki insurance policy ka maturity amount Rs.759 ready hai. Payment paane ke liye apni bank passbook details bhejein.,No,No,No
spam,National Scholarship Portal Alert: Aap scheme ke tahat Rs.835 ke liye eligible hain. Claim karne ke liye apna Aadhaar aur bank account number share karein.,No,No,No
spam,"National Scholarship Portal Alert: Aap scheme ke tahat Rs.8,483 ke liye eligible hain. Claim karne ke liye apna Aadhaar aur bank account number share karein.",No,No,No
spam,"LPG Subsidy Scheme: Aapka scholarship benefit Rs.80,192 transfer ke liye ready hai. Ise paane ke liye apni bank passbook details submit karein.",No,No,No
spam,"Aapko Reliance ke saath work-from-home job ke liye select kiya gaya hai. Rs.84,950 ka joining bonus paane ke liye apni bank details share karein.",No,No,No
spam,"Aapka Canara Bank personal loan Rs.25,267 ka pre-approved hai. Process karne ke liye apni bank account aur Aadhaar details share karein.",No,No,No
spam,"Aapki insurance policy ka maturity amount Rs.93,223 ready hai. Payment paane ke liye apni bank passbook details bhejein.",No,No,No
spam,PM Kisan Samman Nidhi: Aapka scholarship benefit Rs.513 transfer ke liye ready hai. Ise paane ke liye apni bank passbook details submit karein.,No,No,No
spam,"Sorry, maine galti se galat number par Rs.94,641 transfer kar diya, yeh aapka account lagta hai. Kripya wapas bhej dein voklykie72@paytm par.",No,No,No
spam,"Maine galti se aapke Amazon Pay par Rs.49,519 bhej diya, kripya isse is UPI ID par refund kar dein: ldbmvuhl@okicici",No,No,No
spam,"Aapka SBI personal loan Rs.99,414 ka pre-approved hai. Process karne ke liye apni bank account aur Aadhaar details share karein.",No,No,No
spam,"Galti se Rs.2,033 mere account se aapke account mein transfer ho gaye hain, jald se jald eaobvzf58@ybl par refund kar dein.",No,No,No
spam,"Maine galti se aapke Google Pay par Rs.25,319 bhej diya, kripya isse is UPI ID par refund kar dein: vzoxgtmc91@paytm",No,No,No
spam,"Aapki insurance policy ka maturity amount Rs.55,202 ready hai. Payment paane ke liye apni bank passbook details bhejein.",No,No,No
spam,"Badhai ho, LPG Subsidy Scheme ke tahat aapka application Rs.17,492 ke liye approve ho gaya hai. Disbursement ke liye apni bank details bhejein.",No,No,No
spam,"Maine galti se aapke Paytm par Rs.3,360 bhej diya, kripya isse is UPI ID par refund kar dein: djcfk@oksbi",No,No,No
spam,"Maine galti se aapke Paytm par Rs.544 bhej diya, kripya isse is UPI ID par refund kar dein: drelyn21@ybl",No,No,No
spam,"Aapko Flipkart ke saath work-from-home job ke liye select kiya gaya hai. Rs.2,505 ka joining bonus paane ke liye apni bank details share karein.",No,No,No
spam,"Aapka Canara Bank personal loan Rs.1,139 ka pre-approved hai. Process karne ke liye apni bank account aur Aadhaar details share karein.",No,No,No
spam,"Badhai ho, National Scholarship Portal ke tahat aapka application Rs.5,471 ke liye approve ho gaya hai. Disbursement ke liye apni bank details bhejein.",No,No,No
spam,"Maine galti se aapke Amazon Pay par Rs.85,321 bhej diya, kripya isse is UPI ID par refund kar dein: wjqzhs@okhdfcbank",No,No,No
spam,"Aapko Reliance ke saath work-from-home job ke liye select kiya gaya hai. Rs.3,520 ka joining bonus paane ke liye apni bank details share karein.",No,No,No
spam,"Aapko Infosys ke saath work-from-home job ke liye select kiya gaya hai. Rs.44,264 ka joining bonus paane ke liye apni bank details share karein.",No,No,No
spam,"Maine galti se aapke Amazon Pay par Rs.7,780 bhej diya, kripya isse is UPI ID par refund kar dein: iakney@ibl",No,No,No
spam,"Aapki insurance policy ka maturity amount Rs.3,081 ready hai. Payment paane ke liye apni bank passbook details bhejein.",No,No,No
spam,Aapki insurance policy ka maturity amount Rs.641 ready hai. Payment paane ke liye apni bank passbook details bhejein.,No,No,No
spam,"PMAY: Aapka scholarship benefit Rs.34,724 transfer ke liye ready hai. Ise paane ke liye apni bank passbook details submit karein.",No,No,No
spam,"Maine galti se aapke Google Pay par Rs.686 bhej diya, kripya isse is UPI ID par refund kar dein: jjwhet@axl",No,No,No
spam,"Aapka SBI personal loan Rs.8,593 ka pre-approved hai. Process karne ke liye apni bank account aur Aadhaar details share karein.",No,No,No
spam,"Sorry, maine galti se galat number par Rs.853 transfer kar diya, yeh aapka account lagta hai. Kripya wapas bhej dein dkegbdv@ybl par.",No,No,No
spam,"Aapki insurance policy ka maturity amount Rs.1,662 ready hai. Payment paane ke liye apni bank passbook details bhejein.",No,No,No
spam,Aapko Flipkart ke saath work-from-home job ke liye select kiya gaya hai. Rs.884 ka joining bonus paane ke liye apni bank details share karein.,No,No,No
spam,Aapko Flipkart ke saath work-from-home job ke liye select kiya gaya hai. Rs.739 ka joining bonus paane ke liye apni bank details share karein.,No,No,No
spam,"Aapko Flipkart ke saath work-from-home job ke liye select kiya gaya hai. Rs.9,585 ka joining bonus paane ke liye apni bank details share karein.",No,No,No
spam,"Post Matric Scholarship: Aapka scholarship benefit Rs.25,167 transfer ke liye ready hai. Ise paane ke liye apni bank passbook details submit karein.",No,No,No
spam,"PM Ujjwala Yojana Alert: Aap scheme ke tahat Rs.9,042 ke liye eligible hain. Claim karne ke liye apna Aadhaar aur bank account number share karein.",No,No,No
spam,"Aapki insurance policy ka maturity amount Rs.83,149 ready hai. Payment paane ke liye apni bank passbook details bhejein.",No,No,No
spam,"Aapko Wipro ke saath work-from-home job ke liye select kiya gaya hai. Rs.65,468 ka joining bonus paane ke liye apni bank details share karein.",No,No,No
spam,"Galti se Rs.501 mere account se aapke account mein transfer ho gaye hain, jald se jald wdbezifi75@paytm par refund kar dein.",No,No,No
spam,Aapki insurance policy ka maturity amount Rs.544 ready hai. Payment paane ke liye apni bank passbook details bhejein.,No,No,No
spam,"Maine galti se aapke Paytm par Rs.3,836 bhej diya, kripya isse is UPI ID par refund kar dein: aiprbp@axl",No,No,No
spam,"Maine galti se aapke Amazon Pay par Rs.24,089 bhej diya, kripya isse is UPI ID par refund kar dein: gdukhm43@ibl",No,No,No
spam,"PM Ujjwala Yojana Alert: Aap scheme ke tahat Rs.30,689 ke liye eligible hain. Claim karne ke liye apna Aadhaar aur bank account number share karein.",No,No,No
spam,"PM Kisan Samman Nidhi Alert: Aap scheme ke tahat Rs.1,189 ke liye eligible hain. Claim karne ke liye apna Aadhaar aur bank account number share karein.",No,No,No
spam,"Aapko TCS ke saath work-from-home job ke liye select kiya gaya hai. Rs.27,923 ka joining bonus paane ke liye apni bank details share karein.",No,No,No
spam,"Aapki insurance policy ka maturity amount Rs.4,192 ready hai. Payment paane ke liye apni bank passbook details bhejein.",No,No,No
spam,"Aapka Bank of Baroda personal loan Rs.9,285 ka pre-approved hai. Process karne ke liye apni bank account aur Aadhaar details share karein.",No,No,No
spam,"Aapko HCL ke saath work-from-home job ke liye select kiya gaya hai. Rs.2,525 ka joining bonus paane ke liye apni bank details share karein.",No,No,No
spam,"Aapki insurance policy ka maturity amount Rs.3,095 ready hai. Payment paane ke liye apni bank passbook details bhejein.",No,No,No
spam,"Aapki insurance policy ka maturity amount Rs.48,558 ready hai. Payment paane ke liye apni bank passbook details bhejein.",No,No,No
spam,"Badhai ho, PM Kisan Samman Nidhi ke tahat aapka application Rs.813 ke liye approve ho gaya hai. Disbursement ke liye apni bank details bhejein.",No,No,No
spam,"Galti se Rs.43,462 mere account se aapke account mein transfer ho gaye hain, jald se jald jyaoyogr80@ibl par refund kar dein.",No,No,No
spam,PM Ujjwala Yojana: Aapka scholarship benefit Rs.978 transfer ke liye ready hai. Ise paane ke liye apni bank passbook details submit karein.,No,No,No
spam,"Galti se Rs.6,871 mere account se aapke account mein transfer ho gaye hain, jald se jald mdxpp@axl par refund kar dein.",No,No,No
spam,"Maine galti se aapke PhonePe par Rs.942 bhej diya, kripya isse is UPI ID par refund kar dein: kdmfifbm@ybl",No,No,No
spam,"Maine galti se aapke PhonePe par Rs.2,889 bhej diya, kripya isse is UPI ID par refund kar dein: moehev@ibl",No,No,No
spam,"Galti se Rs.659 mere account se aapke account mein transfer ho gaye hain, jald se jald wtkhsndp@ybl par refund kar dein.",No,No,No
spam,"Badhai ho, LPG Subsidy Scheme ke tahat aapka application Rs.28,262 ke liye approve ho gaya hai. Disbursement ke liye apni bank details bhejein.",No,No,No
spam,"National Scholarship Portal Alert: Aap scheme ke tahat Rs.1,293 ke liye eligible hain. Claim karne ke liye apna Aadhaar aur bank account number share karein.",No,No,No
spam,"Sorry, maine galti se galat number par Rs.702 transfer kar diya, yeh aapka account lagta hai. Kripya wapas bhej dein hpzvmg76@okicici par.",No,No,No
spam,"Galti se Rs.5,211 mere account se aapke account mein transfer ho gaye hain, jald se jald wvizibo51@ibl par refund kar dein.",No,No,No
spam,"Maine galti se aapke Amazon Pay par Rs.7,667 bhej diya, kripya isse is UPI ID par refund kar dein: fljbu@okicici",No,No,No
spam,"PM Ujjwala Yojana Alert: Aap scheme ke tahat Rs.8,244 ke liye eligible hain. Claim karne ke liye apna Aadhaar aur bank account number share karein.",No,No,No
spam,"Sorry, maine galti se galat number par Rs.568 transfer kar diya, yeh aapka account lagta hai. Kripya wapas bhej dein vljaou61@ibl par.",No,No,No
spam,"Aapko Reliance ke saath work-from-home job ke liye select kiya gaya hai. Rs.98,087 ka joining bonus paane ke liye apni bank details share karein.",No,No,No
spam,Aapko Reliance ke saath work-from-home job ke liye select kiya gaya hai. Rs.697 ka joining bonus paane ke liye apni bank details share karein.,No,No,No
spam,National Scholarship Portal: Aapka scholarship benefit Rs.853 transfer ke liye ready hai. Ise paane ke liye apni bank passbook details submit karein.,No,No,No
spam,"Maine galti se aapke PhonePe par Rs.509 bhej diya, kripya isse is UPI ID par refund kar dein: fyoho@ibl",No,No,No
spam,"Aapki insurance policy ka maturity amount Rs.2,555 ready hai. Payment paane ke liye apni bank passbook details bhejein.",No,No,No
spam,"Badhai ho, Ayushman Bharat ke tahat aapka application Rs.961 ke liye approve ho gaya hai. Disbursement ke liye apni bank details bhejein.",No,No,No
spam,"Aapko Reliance ke saath work-from-home job ke liye select kiya gaya hai. Rs.61,993 ka joining bonus paane ke liye apni bank details share karein.",No,No,No
spam,"PMAY: Aapka scholarship benefit Rs.71,636 transfer ke liye ready hai. Ise paane ke liye apni bank passbook details submit karein.",No,No,No
spam,Aapko Infosys ke saath work-from-home job ke liye select kiya gaya hai. Rs.845 ka joining bonus paane ke liye apni bank details share karein.,No,No,No
spam,"PM Kisan Samman Nidhi: Aapka scholarship benefit Rs.6,290 transfer ke liye ready hai. Ise paane ke liye apni bank passbook details submit karein.",No,No,No
spam,"Galti se Rs.648 mere account se aapke account mein transfer ho gaye hain, jald se jald wjjbri38@axl par refund kar dein.",No,No,No
spam,"Maine galti se aapke Google Pay par Rs.3,980 bhej diya, kripya isse is UPI ID par refund kar dein: uloenrnm@ibl",No,No,No
spam,"Aapki insurance policy ka maturity amount Rs.2,864 ready hai. Payment paane ke liye apni bank passbook details bhejein.",No,No,No
spam,"Hi, mujhe lagta hai maine kisi aur ko pay karte waqt aapko galti se Rs.7,430 bhej diya. Kripya equferec59@paytm par wapas bhej dein, dhanyavad.",No,No,No
spam,"Badhai ho, Post Matric Scholarship ke tahat aapka application Rs.961 ke liye approve ho gaya hai. Disbursement ke liye apni bank details bhejein.",No,No,No
spam,PM Ujjwala Yojana: Aapka scholarship benefit Rs.880 transfer ke liye ready hai. Ise paane ke liye apni bank passbook details submit karein.,No,No,No
spam,Aapko Amazon ke saath work-from-home job ke liye select kiya gaya hai. Rs.673 ka joining bonus paane ke liye apni bank details share karein.,No,No,No
spam,PMAY: Aapka scholarship benefit Rs.589 transfer ke liye ready hai. Ise paane ke liye apni bank passbook details submit karein.,No,No,No
spam,"Badhai ho, PM Kisan Samman Nidhi ke tahat aapka application Rs.903 ke liye approve ho gaya hai. Disbursement ke liye apni bank details bhejein.",No,No,No
spam,"Galti se Rs.5,417 mere account se aapke account mein transfer ho gaye hain, jald se jald smxzc@paytm par refund kar dein.",No,No,No
spam,"Badhai ho, National Scholarship Portal ke tahat aapka application Rs.95,930 ke liye approve ho gaya hai. Disbursement ke liye apni bank details bhejein.",No,No,No
spam,"Sorry, maine galti se galat number par Rs.4,613 transfer kar diya, yeh aapka account lagta hai. Kripya wapas bhej dein ycoynzn@axl par.",No,No,No
spam,"Aapko Flipkart ke saath work-from-home job ke liye select kiya gaya hai. Rs.36,140 ka joining bonus paane ke liye apni bank details share karein.",No,No,No
spam,"Maine galti se aapke Amazon Pay par Rs.765 bhej diya, kripya isse is UPI ID par refund kar dein: bslibyju@ybl",No,No,No
spam,"Aapko Flipkart ke saath work-from-home job ke liye select kiya gaya hai. Rs.86,676 ka joining bonus paane ke liye apni bank details share karein.",No,No,No
spam,"Aapki insurance policy ka maturity amount Rs.4,610 ready hai. Payment paane ke liye apni bank passbook details bhejein.",No,No,No
spam,"PM Kisan Samman Nidhi Alert: Aap scheme ke tahat Rs.71,360 ke liye eligible hain. Claim karne ke liye apna Aadhaar aur bank account number share karein.",No,No,No
spam,State Scholarship Scheme: Aapka scholarship benefit Rs.907 transfer ke liye ready hai. Ise paane ke liye apni bank passbook details submit karein.,No,No,No
spam,"State Scholarship Scheme: Aapka scholarship benefit Rs.43,718 transfer ke liye ready hai. Ise paane ke liye apni bank passbook details submit karein.",No,No,No
spam,State Scholarship Scheme Alert: Aap scheme ke tahat Rs.653 ke liye eligible hain. Claim karne ke liye apna Aadhaar aur bank account number share karein.,No,No,No
spam,"Badhai ho, National Scholarship Portal ke tahat aapka application Rs.9,021 ke liye approve ho gaya hai. Disbursement ke liye apni bank details bhejein.",No,No,No
spam,"Sorry, maine galti se galat number par Rs.912 transfer kar diya, yeh aapka account lagta hai. Kripya wapas bhej dein yhhgxn27@okicici par.",No,No,No
spam,"Aapko Flipkart ke saath work-from-home job ke liye select kiya gaya hai. Rs.54,646 ka joining bonus paane ke liye apni bank details share karein.",No,No,No
spam,"Sorry, maine galti se galat number par Rs.702 transfer kar diya, yeh aapka account lagta hai. Kripya wapas bhej dein kazoca46@ybl par.",No,No,No
spam,"Maine galti se aapke Google Pay par Rs.3,263 bhej diya, kripya isse is UPI ID par refund kar dein: emfjbvw@oksbi",No,No,No
spam,"Aapki insurance policy ka maturity amount Rs.8,150 ready hai. Payment paane ke liye apni bank passbook details bhejein.",No,No,No
spam,"Sorry, maine galti se galat number par Rs.91,612 transfer kar diya, yeh aapka account lagta hai. Kripya wapas bhej dein uxutcrnd38@axl par.",No,No,No
spam,"Badhai ho, PM Kisan Samman Nidhi ke tahat aapka application Rs.5,130 ke liye approve ho gaya hai. Disbursement ke liye apni bank details bhejein.",No,No,No
spam,"Aapko TCS ke saath work-from-home job ke liye select kiya gaya hai. Rs.8,561 ka joining bonus paane ke liye apni bank details share karein.",No,No,No
spam,Aapka Axis Bank personal loan Rs.983 ka pre-approved hai. Process karne ke liye apni bank account aur Aadhaar details share karein.,No,No,No
spam,"Maine galti se aapke PhonePe par Rs.9,811 bhej diya, kripya isse is UPI ID par refund kar dein: zmeondec@ibl",No,No,No
spam,"Maine galti se aapke Google Pay par Rs.872 bhej diya, kripya isse is UPI ID par refund kar dein: wghsv90@ybl",No,No,No
spam,"Galti se Rs.35,691 mere account se aapke account mein transfer ho gaye hain, jald se jald cnntzdo@okicici par refund kar dein.",No,No,No
spam,Post Matric Scholarship: Aapka scholarship benefit Rs.587 transfer ke liye ready hai. Ise paane ke liye apni bank passbook details submit karein.,No,No,No
spam,"Sorry, maine galti se galat number par Rs.79,694 transfer kar diya, yeh aapka account lagta hai. Kripya wapas bhej dein opyjttyg@paytm par.",No,No,No
spam,"Badhai ho, Ayushman Bharat ke tahat aapka application Rs.983 ke liye approve ho gaya hai. Disbursement ke liye apni bank details bhejein.",No,No,No
spam,"Galti se Rs.9,264 mere account se aapke account mein transfer ho gaye hain, jald se jald hywlx@okicici par refund kar dein.",No,No,No
spam,Aapka HDFC Bank personal loan Rs.962 ka pre-approved hai. Process karne ke liye apni bank account aur Aadhaar details share karein.,No,No,No
spam,Aapki insurance policy ka maturity amount Rs.508 ready hai. Payment paane ke liye apni bank passbook details bhejein.,No,No,No
spam,"Maine galti se aapke PhonePe par Rs.980 bhej diya, kripya isse is UPI ID par refund kar dein: hoacjy@ibl",No,No,No
spam,"Hi, mujhe lagta hai maine kisi aur ko pay karte waqt aapko galti se Rs.681 bhej diya. Kripya nlvfktu61@axl par wapas bhej dein, dhanyavad.",No,No,No
spam,"Galti se Rs.87,423 mere account se aapke account mein transfer ho gaye hain, jald se jald gmclr26@okhdfcbank par refund kar dein.",No,No,No
spam,"Sorry, maine galti se galat number par Rs.7,202 transfer kar diya, yeh aapka account lagta hai. Kripya wapas bhej dein eevxgxm55@paytm par.",No,No,No
spam,"Aapki insurance policy ka maturity amount Rs.47,820 ready hai. Payment paane ke liye apni bank passbook details bhejein.",No,No,No
spam,"Sorry, maine galti se galat number par Rs.6,145 transfer kar diya, yeh aapka account lagta hai. Kripya wapas bhej dein ozrtpndw96@ybl par.",No,No,No
spam,"Badhai ho, Ayushman Bharat ke tahat aapka application Rs.1,412 ke liye approve ho gaya hai. Disbursement ke liye apni bank details bhejein.",No,No,No
spam,"Maine galti se aapke Amazon Pay par Rs.1,803 bhej diya, kripya isse is UPI ID par refund kar dein: yvjjqsm@ibl",No,No,No
spam,"Ayushman Bharat: Aapka scholarship benefit Rs.1,324 transfer ke liye ready hai. Ise paane ke liye apni bank passbook details submit karein.",No,No,No
spam,"Hi, mujhe lagta hai maine kisi aur ko pay karte waqt aapko galti se Rs.781 bhej diya. Kripya erexkgtb@okhdfcbank par wapas bhej dein, dhanyavad.",No,No,No
spam,"LPG Subsidy Scheme Alert: Aap scheme ke tahat Rs.76,035 ke liye eligible hain. Claim karne ke liye apna Aadhaar aur bank account number share karein.",No,No,No
spam,LPG Subsidy Scheme: Aapka scholarship benefit Rs.842 transfer ke liye ready hai. Ise paane ke liye apni bank passbook details submit karein.,No,No,No
spam,"Hi, mujhe lagta hai maine kisi aur ko pay karte waqt aapko galti se Rs.2,635 bhej diya. Kripya aysfw70@axl par wapas bhej dein, dhanyavad.",No,No,No
spam,"Aapko Amazon ke saath work-from-home job ke liye select kiya gaya hai. Rs.6,560 ka joining bonus paane ke liye apni bank details share karein.",No,No,No
spam,"State Scholarship Scheme: Aapka scholarship benefit Rs.7,647 transfer ke liye ready hai. Ise paane ke liye apni bank passbook details submit karein.",No,No,No
spam,"Galti se Rs.959 mere account se aapke account mein transfer ho gaye hain, jald se jald zhiaa52@ibl par refund kar dein.",No,No,No
spam,Aapki insurance policy ka maturity amount Rs.974 ready hai. Payment paane ke liye apni bank passbook details bhejein.,No,No,No
spam,"Aapko HCL ke saath work-from-home job ke liye select kiya gaya hai. Rs.53,698 ka joining bonus paane ke liye apni bank details share karein.",No,No,No
spam,"Post Matric Scholarship Alert: Aap scheme ke tahat Rs.9,214 ke liye eligible hain. Claim karne ke liye apna Aadhaar aur bank account number share karein.",No,No,No
spam,"Galti se Rs.8,369 mere account se aapke account mein transfer ho gaye hain, jald se jald qysofalj@ibl par refund kar dein.",No,No,No
spam,PM Kisan Samman Nidhi: Aapka scholarship benefit Rs.586 transfer ke liye ready hai. Ise paane ke liye apni bank passbook details submit karein.,No,No,No
spam,"Maine galti se aapke Google Pay par Rs.512 bhej diya, kripya isse is UPI ID par refund kar dein: cvwbsdwj38@paytm",No,No,No
spam,"Hi, mujhe lagta hai maine kisi aur ko pay karte waqt aapko galti se Rs.90,803 bhej diya. Kripya ltddjmcl46@ybl par wapas bhej dein, dhanyavad.",No,No,No
spam,"Badhai ho, LPG Subsidy Scheme ke tahat aapka application Rs.43,646 ke liye approve ho gaya hai. Disbursement ke liye apni bank details bhejein.",No,No,No
spam,State Scholarship Scheme Alert: Aap scheme ke tahat Rs.638 ke liye eligible hain. Claim karne ke liye apna Aadhaar aur bank account number share karein.,No,No,No
spam,"Maine galti se aapke PhonePe par Rs.2,950 bhej diya, kripya isse is UPI ID par refund kar dein: hwmltaem18@ibl",No,No,No
spam,"Sorry, maine galti se galat number par Rs.96,444 transfer kar diya, yeh aapka account lagta hai. Kripya wapas bhej dein fqnyk70@okicici par.",No,No,No
spam,"Sorry, maine galti se galat number par Rs.731 transfer kar diya, yeh aapka account lagta hai. Kripya wapas bhej dein zapmssx35@ybl par.",No,No,No
spam,"National Scholarship Portal Alert: Aap scheme ke tahat Rs.9,006 ke liye eligible hain. Claim karne ke liye apna Aadhaar aur bank account number share karein.",No,No,No
spam,"Hi, mujhe lagta hai maine kisi aur ko pay karte waqt aapko galti se Rs.12,184 bhej diya. Kripya ivsghs68@oksbi par wapas bhej dein, dhanyavad.",No,No,No
spam,"Aapko Wipro ke saath work-from-home job ke liye select kiya gaya hai. Rs.82,843 ka joining bonus paane ke liye apni bank details share karein.",No,No,No
spam,"Galti se Rs.96,393 mere account se aapke account mein transfer ho gaye hain, jald se jald jxswo70@ybl par refund kar dein.",No,No,No
spam,LPG Subsidy Scheme: Aapka scholarship benefit Rs.732 transfer ke liye ready hai. Ise paane ke liye apni bank passbook details submit karein.,No,No,No
spam,"Aapko TCS ke saath work-from-home job ke liye select kiya gaya hai. Rs.34,298 ka joining bonus paane ke liye apni bank details share karein.",No,No,No
spam,"PMAY Alert: Aap scheme ke tahat Rs.66,562 ke liye eligible hain. Claim karne ke liye apna Aadhaar aur bank account number share karein.",No,No,No
spam,"Maine galti se aapke Amazon Pay par Rs.8,668 bhej diya, kripya isse is UPI ID par refund kar dein: czxkxks74@okicici",No,No,No
spam,PMAY Alert: Aap scheme ke tahat Rs.612 ke liye eligible hain. Claim karne ke liye apna Aadhaar aur bank account number share karein.,No,No,No
spam,"Galti se Rs.7,960 mere account se aapke account mein transfer ho gaye hain, jald se jald fetylco20@okicici par refund kar dein.",No,No,No
spam,"Ayushman Bharat: Aapka scholarship benefit Rs.26,261 transfer ke liye ready hai. Ise paane ke liye apni bank passbook details submit karein.",No,No,No
spam,"Maine galti se aapke Google Pay par Rs.88,044 bhej diya, kripya isse is UPI ID par refund kar dein: ofiuy@ibl",No,No,No
spam,"Hi, mujhe lagta hai maine kisi aur ko pay karte waqt aapko galti se Rs.502 bhej diya. Kripya ycrsamct74@paytm par wapas bhej dein, dhanyavad.",No,No,No
spam,PM Kisan Samman Nidhi: Aapka scholarship benefit Rs.667 transfer ke liye ready hai. Ise paane ke liye apni bank passbook details submit karein.,No,No,No
spam,"Hi, mujhe lagta hai maine kisi aur ko pay karte waqt aapko galti se Rs.81,067 bhej diya. Kripya ozwkxygi28@oksbi par wapas bhej dein, dhanyavad.",No,No,No
spam,"Aapki insurance policy ka maturity amount Rs.5,551 ready hai. Payment paane ke liye apni bank passbook details bhejein.",No,No,No
spam,"Aapki insurance policy ka maturity amount Rs.64,806 ready hai. Payment paane ke liye apni bank passbook details bhejein.",No,No,No
spam,"Aapko Reliance ke saath work-from-home job ke liye select kiya gaya hai. Rs.52,583 ka joining bonus paane ke liye apni bank details share karein.",No,No,No
spam,"State Scholarship Scheme: Aapka scholarship benefit Rs.2,667 transfer ke liye ready hai. Ise paane ke liye apni bank passbook details submit karein.",No,No,No
spam,"Galti se Rs.47,695 mere account se aapke account mein transfer ho gaye hain, jald se jald yhenqze@okicici par refund kar dein.",No,No,No
spam,"National Scholarship Portal: Aapka scholarship benefit Rs.9,327 transfer ke liye ready hai. Ise paane ke liye apni bank passbook details submit karein.",No,No,No
spam,"Sorry, maine galti se galat number par Rs.914 transfer kar diya, yeh aapka account lagta hai. Kripya wapas bhej dein ddblv@oksbi par.",No,No,No
spam,"Hi, mujhe lagta hai maine kisi aur ko pay karte waqt aapko galti se Rs.732 bhej diya. Kripya alwsjb@oksbi par wapas bhej dein, dhanyavad.",No,No,No
spam,"Aapko Infosys ke saath work-from-home job ke liye select kiya gaya hai. Rs.8,901 ka joining bonus paane ke liye apni bank details share karein.",No,No,No
spam,"Sorry, maine galti se galat number par Rs.8,355 transfer kar diya, yeh aapka account lagta hai. Kripya wapas bhej dein frgnlgmf@oksbi par.",No,No,No
spam,"Maine galti se aapke Amazon Pay par Rs.59,317 bhej diya, kripya isse is UPI ID par refund kar dein: rjqsjxlg79@paytm",No,No,No
spam,PM Kisan Samman Nidhi Alert: Aap scheme ke tahat Rs.997 ke liye eligible hain. Claim karne ke liye apna Aadhaar aur bank account number share karein.,No,No,No
spam,"Sorry, maine galti se galat number par Rs.58,296 transfer kar diya, yeh aapka account lagta hai. Kripya wapas bhej dein jcvci@ibl par.",No,No,No
spam,"Aapko Wipro ke saath work-from-home job ke liye select kiya gaya hai. Rs.3,102 ka joining bonus paane ke liye apni bank details share karein.",No,No,No
spam,PM Ujjwala Yojana Alert: Aap scheme ke tahat Rs.935 ke liye eligible hain. Claim karne ke liye apna Aadhaar aur bank account number share karein.,No,No,No
spam,"Aapki insurance policy ka maturity amount Rs.77,056 ready hai. Payment paane ke liye apni bank passbook details bhejein.",No,No,No
spam,"Badhai ho, National Scholarship Portal ke tahat aapka application Rs.81,063 ke liye approve ho gaya hai. Disbursement ke liye apni bank details bhejein.",No,No,No
spam,"Aapka Axis Bank personal loan Rs.76,304 ka pre-approved hai. Process karne ke liye apni bank account aur Aadhaar details share karein.",No,No,No
spam,"Badhai ho, LPG Subsidy Scheme ke tahat aapka application Rs.2,079 ke liye approve ho gaya hai. Disbursement ke liye apni bank details bhejein.",No,No,No
spam,"Badhai ho, Ayushman Bharat ke tahat aapka application Rs.2,797 ke liye approve ho gaya hai. Disbursement ke liye apni bank details bhejein.",No,No,No
spam,Aapko Amazon ke saath work-from-home job ke liye select kiya gaya hai. Rs.529 ka joining bonus paane ke liye apni bank details share karein.,No,No,No
spam,"Badhai ho, National Scholarship Portal ke tahat aapka application Rs.76,438 ke liye approve ho gaya hai. Disbursement ke liye apni bank details bhejein.",No,No,No
spam,"Hi, mujhe lagta hai maine kisi aur ko pay karte waqt aapko galti se Rs.25,843 bhej diya. Kripya czumi@oksbi par wapas bhej dein, dhanyavad.",No,No,No
spam,"PM Ujjwala Yojana: Aapka scholarship benefit Rs.69,987 transfer ke liye ready hai. Ise paane ke liye apni bank passbook details submit karein.",No,No,No
spam,"Aapko HCL ke saath work-from-home job ke liye select kiya gaya hai. Rs.81,184 ka joining bonus paane ke liye apni bank details share karein.",No,No,No
spam,Ayushman Bharat: Aapka scholarship benefit Rs.576 transfer ke liye ready hai. Ise paane ke liye apni bank passbook details submit karein.,No,No,No
spam,"Maine galti se aapke Paytm par Rs.44,662 bhej diya, kripya isse is UPI ID par refund kar dein: pmgvlmsb@okhdfcbank",No,No,No
spam,"Aapki insurance policy ka maturity amount Rs.14,738 ready hai. Payment paane ke liye apni bank passbook details bhejein.",No,No,No
spam,"Maine galti se aapke Paytm par Rs.8,717 bhej diya, kripya isse is UPI ID par refund kar dein: opmwyvfj@okicici",No,No,No
spam,"Badhai ho, Ayushman Bharat ke tahat aapka application Rs.574 ke liye approve ho gaya hai. Disbursement ke liye apni bank details bhejein.",No,No,No
spam,"Aapko Flipkart ke saath work-from-home job ke liye select kiya gaya hai. Rs.7,061 ka joining bonus paane ke liye apni bank details share karein.",No,No,No
spam,"Aapko TCS ke saath work-from-home job ke liye select kiya gaya hai. Rs.67,686 ka joining bonus paane ke liye apni bank details share karein.",No,No,No
spam,"Aapki insurance policy ka maturity amount Rs.65,850 ready hai. Payment paane ke liye apni bank passbook details bhejein.",No,No,No
spam,"Maine galti se aapke PhonePe par Rs.2,520 bhej diya, kripya isse is UPI ID par refund kar dein: udwzs@ybl",No,No,No
spam,"Badhai ho, Post Matric Scholarship ke tahat aapka application Rs.95,013 ke liye approve ho gaya hai. Disbursement ke liye apni bank details bhejein.",No,No,No
spam,"Aapki insurance policy ka maturity amount Rs.88,244 ready hai. Payment paane ke liye apni bank passbook details bhejein.",No,No,No
spam,"Post Matric Scholarship: Aapka scholarship benefit Rs.16,976 transfer ke liye ready hai. Ise paane ke liye apni bank passbook details submit karein.",No,No,No
spam,"Ayushman Bharat Alert: Aap scheme ke tahat Rs.6,362 ke liye eligible hain. Claim karne ke liye apna Aadhaar aur bank account number share karein.",No,No,No
spam,"Sorry, maine galti se galat number par Rs.5,724 transfer kar diya, yeh aapka account lagta hai. Kripya wapas bhej dein jimwnhn@axl par.",No,No,No
spam,"Badhai ho, National Scholarship Portal ke tahat aapka application Rs.6,088 ke liye approve ho gaya hai. Disbursement ke liye apni bank details bhejein.",No,No,No
spam,Aapki insurance policy ka maturity amount Rs.791 ready hai. Payment paane ke liye apni bank passbook details bhejein.,No,No,No
spam,"Aapka Kotak Mahindra Bank personal loan Rs.6,665 ka pre-approved hai. Process karne ke liye apni bank account aur Aadhaar details share karein.",No,No,No
spam,Aapki insurance policy ka maturity amount Rs.840 ready hai. Payment paane ke liye apni bank passbook details bhejein.,No,No,No
spam,"Maine galti se aapke Amazon Pay par Rs.676 bhej diya, kripya isse is UPI ID par refund kar dein: hepjrm@ibl",No,No,No
spam,"PM Kisan Samman Nidhi: Aapka scholarship benefit Rs.79,360 transfer ke liye ready hai. Ise paane ke liye apni bank passbook details submit karein.",No,No,No
spam,"Galti se Rs.561 mere account se aapke account mein transfer ho gaye hain, jald se jald doaybewi@oksbi par refund kar dein.",No,No,No
spam,"Aapki insurance policy ka maturity amount Rs.52,210 ready hai. Payment paane ke liye apni bank passbook details bhejein.",No,No,No
spam,"Maine galti se aapke Paytm par Rs.608 bhej diya, kripya isse is UPI ID par refund kar dein: hhqghkvt@okicici",No,No,No
spam,"Galti se Rs.49,536 mere account se aapke account mein transfer ho gaye hain, jald se jald hzxfdfwd@okicici par refund kar dein.",No,No,No
spam,"Maine galti se aapke Paytm par Rs.924 bhej diya, kripya isse is UPI ID par refund kar dein: geiqsux@axl",No,No,No
spam,"Badhai ho, PMAY ke tahat aapka application Rs.973 ke liye approve ho gaya hai. Disbursement ke liye apni bank details bhejein.",No,No,No
spam,"Aapka SBI personal loan Rs.82,619 ka pre-approved hai. Process karne ke liye apni bank account aur Aadhaar details share karein.",No,No,No
spam,"Aapka Punjab National Bank personal loan Rs.5,933 ka pre-approved hai. Process karne ke liye apni bank account aur Aadhaar details share karein.",No,No,No
spam,State Scholarship Scheme: Aapka scholarship benefit Rs.946 transfer ke liye ready hai. Ise paane ke liye apni bank passbook details submit karein.,No,No,No
spam,"LPG Subsidy Scheme: Aapka scholarship benefit Rs.58,524 transfer ke liye ready hai. Ise paane ke liye apni bank passbook details submit karein.",No,No,No
spam,"Aapka Canara Bank personal loan Rs.2,131 ka pre-approved hai. Process karne ke liye apni bank account aur Aadhaar details share karein.",No,No,No
spam,"Maine galti se aapke PhonePe par Rs.712 bhej diya, kripya isse is UPI ID par refund kar dein: kxplgqez24@ybl",No,No,No
spam,"Maine galti se aapke Google Pay par Rs.980 bhej diya, kripya isse is UPI ID par refund kar dein: fhtdbkpe@paytm",No,No,No
spam,"Badhai ho, State Scholarship Scheme ke tahat aapka application Rs.5,564 ke liye approve ho gaya hai. Disbursement ke liye apni bank details bhejein.",No,No,No
spam,Aapka Axis Bank personal loan Rs.625 ka pre-approved hai. Process karne ke liye apni bank account aur Aadhaar details share karein.,No,No,No
spam,"Aapki insurance policy ka maturity amount Rs.3,017 ready hai. Payment paane ke liye apni bank passbook details bhejein.",No,No,No
spam,Aapko Wipro ke saath work-from-home job ke liye select kiya gaya hai. Rs.889 ka joining bonus paane ke liye apni bank details share karein.,No,No,No
spam,"Aapko Flipkart ke saath work-from-home job ke liye select kiya gaya hai. Rs.81,850 ka joining bonus paane ke liye apni bank details share karein.",No,No,No
spam,"Aapki insurance policy ka maturity amount Rs.69,922 ready hai. Payment paane ke liye apni bank passbook details bhejein.",No,No,No
spam,"Galti se Rs.79,840 mere account se aapke account mein transfer ho gaye hain, jald se jald kpxkbj@oksbi par refund kar dein.",No,No,No
spam,"Hi, mujhe lagta hai maine kisi aur ko pay karte waqt aapko galti se Rs.90,824 bhej diya. Kripya kujcl@okicici par wapas bhej dein, dhanyavad.",No,No,No
spam,"Aapka Punjab National Bank personal loan Rs.7,479 ka pre-approved hai. Process karne ke liye apni bank account aur Aadhaar details share karein.",No,No,No
spam,"Sorry, maine galti se galat number par Rs.4,752 transfer kar diya, yeh aapka account lagta hai. Kripya wapas bhej dein jxwab57@axl par.",No,No,No
spam,"Aapko HCL ke saath work-from-home job ke liye select kiya gaya hai. Rs.1,024 ka joining bonus paane ke liye apni bank details share karein.",No,No,No
spam,"Galti se Rs.54,937 mere account se aapke account mein transfer ho gaye hain, jald se jald xtxtfc@paytm par refund kar dein.",No,No,No
spam,"Hi, mujhe lagta hai maine kisi aur ko pay karte waqt aapko galti se Rs.890 bhej diya. Kripya qatpez83@oksbi par wapas bhej dein, dhanyavad.",No,No,No
spam,"Aapki insurance policy ka maturity amount Rs.80,419 ready hai. Payment paane ke liye apni bank passbook details bhejein.",No,No,No
spam,"PMAY Alert: Aap scheme ke tahat Rs.7,932 ke liye eligible hain. Claim karne ke liye apna Aadhaar aur bank account number share karein.",No,No,No
spam,"Hi, mujhe lagta hai maine kisi aur ko pay karte waqt aapko galti se Rs.2,825 bhej diya. Kripya yzkgncf39@oksbi par wapas bhej dein, dhanyavad.",No,No,No
spam,"Badhai ho, State Scholarship Scheme ke tahat aapka application Rs.6,213 ke liye approve ho gaya hai. Disbursement ke liye apni bank details bhejein.",No,No,No
spam,"PM Kisan Samman Nidhi Alert: Aap scheme ke tahat Rs.86,079 ke liye eligible hain. Claim karne ke liye apna Aadhaar aur bank account number share karein.",No,No,No
spam,"Maine galti se aapke Google Pay par Rs.4,490 bhej diya, kripya isse is UPI ID par refund kar dein: bisyxkla49@oksbi",No,No,No
spam,"Aapko Infosys ke saath work-from-home job ke liye select kiya gaya hai. Rs.38,434 ka joining bonus paane ke liye apni bank details share karein.",No,No,No
spam,"PM Kisan Samman Nidhi Alert: Aap scheme ke tahat Rs.5,421 ke liye eligible hain. Claim karne ke liye apna Aadhaar aur bank account number share karein.",No,No,No
spam,"Galti se Rs.753 mere account se aapke account mein transfer ho gaye hain, jald se jald hkwtsmo82@okhdfcbank par refund kar dein.",No,No,No
spam,"Hi, mujhe lagta hai maine kisi aur ko pay karte waqt aapko galti se Rs.915 bhej diya. Kripya josogfuc@okhdfcbank par wapas bhej dein, dhanyavad.",No,No,No
spam,"Galti se Rs.88,360 mere account se aapke account mein transfer ho gaye hain, jald se jald ymrsbz38@ybl par refund kar dein.",No,No,No
spam,"Maine galti se aapke Google Pay par Rs.717 bhej diya, kripya isse is UPI ID par refund kar dein: cpxrsw@axl",No,No,No
spam,"Galti se Rs.95,705 mere account se aapke account mein transfer ho gaye hain, jald se jald xbggxy@oksbi par refund kar dein.",No,No,No
spam,"Aapko Amazon ke saath work-from-home job ke liye select kiya gaya hai. Rs.94,289 ka joining bonus paane ke liye apni bank details share karein.",No,No,No
spam,"Maine galti se aapke Amazon Pay par Rs.680 bhej diya, kripya isse is UPI ID par refund kar dein: mxrvjmv75@ybl",No,No,No
spam,"Aapka SBI personal loan Rs.3,668 ka pre-approved hai. Process karne ke liye apni bank account aur Aadhaar details share karein.",No,No,No
spam,"PM Kisan Samman Nidhi: Aapka scholarship benefit Rs.86,937 transfer ke liye ready hai. Ise paane ke liye apni bank passbook details submit karein.",No,No,No
spam,"LPG Subsidy Scheme: Aapka scholarship benefit Rs.61,160 transfer ke liye ready hai. Ise paane ke liye apni bank passbook details submit karein.",No,No,No
spam,"Aapki insurance policy ka maturity amount Rs.4,831 ready hai. Payment paane ke liye apni bank passbook details bhejein.",No,No,No
spam,"National Scholarship Portal: Aapka scholarship benefit Rs.3,203 transfer ke liye ready hai. Ise paane ke liye apni bank passbook details submit karein.",No,No,No
spam,"Aapki insurance policy ka maturity amount Rs.6,365 ready hai. Payment paane ke liye apni bank passbook details bhejein.",No,No,No
spam,"Maine galti se aapke Paytm par Rs.79,351 bhej diya, kripya isse is UPI ID par refund kar dein: crhch@axl",No,No,No
spam,"Badhai ho, Post Matric Scholarship ke tahat aapka application Rs.2,018 ke liye approve ho gaya hai. Disbursement ke liye apni bank details bhejein.",No,No,No
spam,"Aapka Punjab National Bank personal loan Rs.29,218 ka pre-approved hai. Process karne ke liye apni bank account aur Aadhaar details share karein.",No,No,No
spam,"Galti se Rs.43,810 mere account se aapke account mein transfer ho gaye hain, jald se jald povmifvq@ibl par refund kar dein.",No,No,No
spam,"Aapko Infosys ke saath work-from-home job ke liye select kiya gaya hai. Rs.20,829 ka joining bonus paane ke liye apni bank details share karein.",No,No,No
spam,"Aapki insurance policy ka maturity amount Rs.4,911 ready hai. Payment paane ke liye apni bank passbook details bhejein.",No,No,No
spam,"Sorry, maine galti se galat number par Rs.885 transfer kar diya, yeh aapka account lagta hai. Kripya wapas bhej dein ugszju73@okicici par.",No,No,No
spam,"Badhai ho, LPG Subsidy Scheme ke tahat aapka application Rs.93,390 ke liye approve ho gaya hai. Disbursement ke liye apni bank details bhejein.",No,No,No
spam,Post Matric Scholarship: Aapka scholarship benefit Rs.638 transfer ke liye ready hai. Ise paane ke liye apni bank passbook details submit karein.,No,No,No
spam,"National Scholarship Portal Alert: Aap scheme ke tahat Rs.7,240 ke liye eligible hain. Claim karne ke liye apna Aadhaar aur bank account number share karein.",No,No,No
spam,"Galti se Rs.4,606 mere account se aapke account mein transfer ho gaye hain, jald se jald wqggq@axl par refund kar dein.",No,No,No
spam,"Galti se Rs.864 mere account se aapke account mein transfer ho gaye hain, jald se jald gzjdb@okhdfcbank par refund kar dein.",No,No,No
spam,"Galti se Rs.81,572 mere account se aapke account mein transfer ho gaye hain, jald se jald pxlocv92@ibl par refund kar dein.",No,No,No
spam,"Aapko Reliance ke saath work-from-home job ke liye select kiya gaya hai. Rs.4,567 ka joining bonus paane ke liye apni bank details share karein.",No,No,No
spam,"Hi, mujhe lagta hai maine kisi aur ko pay karte waqt aapko galti se Rs.596 bhej diya. Kripya padynbv53@ibl par wapas bhej dein, dhanyavad.",No,No,No
spam,"Hi, mujhe lagta hai maine kisi aur ko pay karte waqt aapko galti se Rs.637 bhej diya. Kripya isaamrg@oksbi par wapas bhej dein, dhanyavad.",No,No,No
spam,"Maine galti se aapke PhonePe par Rs.787 bhej diya, kripya isse is UPI ID par refund kar dein: yecjjk37@paytm",No,No,No
spam,"Badhai ho, Ayushman Bharat ke tahat aapka application Rs.34,271 ke liye approve ho gaya hai. Disbursement ke liye apni bank details bhejein.",No,No,No
spam,Aapki insurance policy ka maturity amount Rs.725 ready hai. Payment paane ke liye apni bank passbook details bhejein.,No,No,No
spam,"Maine galti se aapke Paytm par Rs.6,139 bhej diya, kripya isse is UPI ID par refund kar dein: kvkib@axl",No,No,No
spam,"Aapko Wipro ke saath work-from-home job ke liye select kiya gaya hai. Rs.7,112 ka joining bonus paane ke liye apni bank details share karein.",No,No,No
spam,"Maine galti se aapke Google Pay par Rs.760 bhej diya, kripya isse is UPI ID par refund kar dein: qxuyc95@paytm",No,No,No
spam,"Sorry, maine galti se galat number par Rs.38,333 transfer kar diya, yeh aapka account lagta hai. Kripya wapas bhej dein pasfnk@okhdfcbank par.",No,No,No
spam,"Galti se Rs.679 mere account se aapke account mein transfer ho gaye hain, jald se jald ysfyznac@oksbi par refund kar dein.",No,No,No
spam,"Maine galti se aapke Paytm par Rs.24,173 bhej diya, kripya isse is UPI ID par refund kar dein: rlapfxb@paytm",No,No,No
spam,"Hi, mujhe lagta hai maine kisi aur ko pay karte waqt aapko galti se Rs.9,266 bhej diya. Kripya vhbgwtb@axl par wapas bhej dein, dhanyavad.",No,No,No
spam,"Maine galti se aapke Google Pay par Rs.16,240 bhej diya, kripya isse is UPI ID par refund kar dein: rqtjzf80@paytm",No,No,No
spam,"Sorry, maine galti se galat number par Rs.953 transfer kar diya, yeh aapka account lagta hai. Kripya wapas bhej dein vvsuf@ibl par.",No,No,No
spam,"Aapko TCS ke saath work-from-home job ke liye select kiya gaya hai. Rs.9,580 ka joining bonus paane ke liye apni bank details share karein.",No,No,No
spam,Aapko Wipro ke saath work-from-home job ke liye select kiya gaya hai. Rs.971 ka joining bonus paane ke liye apni bank details share karein.,No,No,No
spam,"Aapki insurance policy ka maturity amount Rs.54,464 ready hai. Payment paane ke liye apni bank passbook details bhejein.",No,No,No
spam,"Hi, mujhe lagta hai maine kisi aur ko pay karte waqt aapko galti se Rs.850 bhej diya. Kripya snlwa61@oksbi par wapas bhej dein, dhanyavad.",No,No,No
spam,"Galti se Rs.42,829 mere account se aapke account mein transfer ho gaye hain, jald se jald ibevnjwj19@okhdfcbank par refund kar dein.",No,No,No
spam,"PMAY: Aapka scholarship benefit Rs.81,468 transfer ke liye ready hai. Ise paane ke liye apni bank passbook details submit karein.",No,No,No
spam,"Maine galti se aapke Paytm par Rs.7,333 bhej diya, kripya isse is UPI ID par refund kar dein: gdiwtk81@oksbi",No,No,No
spam,"PM Kisan Samman Nidhi: Aapka scholarship benefit Rs.96,710 transfer ke liye ready hai. Ise paane ke liye apni bank passbook details submit karein.",No,No,No
spam,"Hi, mujhe lagta hai maine kisi aur ko pay karte waqt aapko galti se Rs.816 bhej diya. Kripya onplb43@okhdfcbank par wapas bhej dein, dhanyavad.",No,No,No
spam,"Maine galti se aapke Google Pay par Rs.48,421 bhej diya, kripya isse is UPI ID par refund kar dein: coatxnun16@ybl",No,No,No
spam,PM Kisan Samman Nidhi: Aapka scholarship benefit Rs.523 transfer ke liye ready hai. Ise paane ke liye apni bank passbook details submit karein.,No,No,No
spam,"LPG Subsidy Scheme Alert: Aap scheme ke tahat Rs.32,146 ke liye eligible hain. Claim karne ke liye apna Aadhaar aur bank account number share karein.",No,No,No
spam,"Badhai ho, State Scholarship Scheme ke tahat aapka application Rs.595 ke liye approve ho gaya hai. Disbursement ke liye apni bank details bhejein.",No,No,No
spam,"Aapka ICICI Bank personal loan Rs.5,743 ka pre-approved hai. Process karne ke liye apni bank account aur Aadhaar details share karein.",No,No,No
spam,"PM Ujjwala Yojana: Aapka scholarship benefit Rs.2,296 transfer ke liye ready hai. Ise paane ke liye apni bank passbook details submit karein.",No,No,No
spam,"Galti se Rs.555 mere account se aapke account mein transfer ho gaye hain, jald se jald ujlyymyj@ybl par refund kar dein.",No,No,No
spam,"State Scholarship Scheme Alert: Aap scheme ke tahat Rs.2,899 ke liye eligible hain. Claim karne ke liye apna Aadhaar aur bank account number share karein.",No,No,No
spam,State Scholarship Scheme Alert: Aap scheme ke tahat Rs.787 ke liye eligible hain. Claim karne ke liye apna Aadhaar aur bank account number share karein.,No,No,No
spam,"Badhai ho, State Scholarship Scheme ke tahat aapka application Rs.53,445 ke liye approve ho gaya hai. Disbursement ke liye apni bank details bhejein.",No,No,No
spam,"Badhai ho, Ayushman Bharat ke tahat aapka application Rs.85,251 ke liye approve ho gaya hai. Disbursement ke liye apni bank details bhejein.",No,No,No
spam,"Sorry, maine galti se galat number par Rs.801 transfer kar diya, yeh aapka account lagta hai. Kripya wapas bhej dein dzuvw@paytm par.",No,No,No
spam,"Aapka Canara Bank personal loan Rs.3,166 ka pre-approved hai. Process karne ke liye apni bank account aur Aadhaar details share karein.",No,No,No
spam,"Galti se Rs.851 mere account se aapke account mein transfer ho gaye hain, jald se jald dtfpn87@paytm par refund kar dein.",No,No,No
spam,"Sorry, maine galti se galat number par Rs.2,397 transfer kar diya, yeh aapka account lagta hai. Kripya wapas bhej dein jjsgbz@okicici par.",No,No,No
spam,"Badhai ho, Post Matric Scholarship ke tahat aapka application Rs.959 ke liye approve ho gaya hai. Disbursement ke liye apni bank details bhejein.",No,No,No
spam,National Scholarship Portal Alert: Aap scheme ke tahat Rs.869 ke liye eligible hain. Claim karne ke liye apna Aadhaar aur bank account number share karein.,No,No,No
spam,"National Scholarship Portal Alert: Aap scheme ke tahat Rs.31,944 ke liye eligible hain. Claim karne ke liye apna Aadhaar aur bank account number share karein.",No,No,No
spam,"Hi, mujhe lagta hai maine kisi aur ko pay karte waqt aapko galti se Rs.1,673 bhej diya. Kripya igkijdbc98@okhdfcbank par wapas bhej dein, dhanyavad.",No,No,No
spam,"Badhai ho, PM Kisan Samman Nidhi ke tahat aapka application Rs.577 ke liye approve ho gaya hai. Disbursement ke liye apni bank details bhejein.",No,No,No
spam,"Aapki insurance policy ka maturity amount Rs.9,592 ready hai. Payment paane ke liye apni bank passbook details bhejein.",No,No,No
spam,"Badhai ho, National Scholarship Portal ke tahat aapka application Rs.88,862 ke liye approve ho gaya hai. Disbursement ke liye apni bank details bhejein.",No,No,No
spam,"Aapki insurance policy ka maturity amount Rs.53,547 ready hai. Payment paane ke liye apni bank passbook details bhejein.",No,No,No
spam,"Aapko Wipro ke saath work-from-home job ke liye select kiya gaya hai. Rs.4,000 ka joining bonus paane ke liye apni bank details share karein.",No,No,No
spam,"Maine galti se aapke Google Pay par Rs.5,781 bhej diya, kripya isse is UPI ID par refund kar dein: cxyyle33@axl",No,No,No
spam,"State Scholarship Scheme Alert: Aap scheme ke tahat Rs.3,325 ke liye eligible hain. Claim karne ke liye apna Aadhaar aur bank account number share karein.",No,No,No
spam,"Aapko Wipro ke saath work-from-home job ke liye select kiya gaya hai. Rs.6,170 ka joining bonus paane ke liye apni bank details share karein.",No,No,No
spam,"Maine galti se aapke PhonePe par Rs.3,274 bhej diya, kripya isse is UPI ID par refund kar dein: ikpjeg95@axl",No,No,No
spam,"PM Kisan Samman Nidhi Alert: Aap scheme ke tahat Rs.99,273 ke liye eligible hain. Claim karne ke liye apna Aadhaar aur bank account number share karein.",No,No,No
spam,"National Scholarship Portal: Aapka scholarship benefit Rs.2,432 transfer ke liye ready hai. Ise paane ke liye apni bank passbook details submit karein.",No,No,No
spam,"Aapki insurance policy ka maturity amount Rs.12,629 ready hai. Payment paane ke liye apni bank passbook details bhejein.",No,No,No
spam,"Galti se Rs.787 mere account se aapke account mein transfer ho gaye hain, jald se jald tklvfykp63@ybl par refund kar dein.",No,No,No
spam,"Maine galti se aapke Google Pay par Rs.5,939 bhej diya, kripya isse is UPI ID par refund kar dein: jufqbk83@ibl",No,No,No
spam,"Aapki insurance policy ka maturity amount Rs.1,636 ready hai. Payment paane ke liye apni bank passbook details bhejein.",No,No,No
spam,"Sorry, maine galti se galat number par Rs.5,879 transfer kar diya, yeh aapka account lagta hai. Kripya wapas bhej dein uyoypea67@ibl par.",No,No,No
spam,"PM Kisan Samman Nidhi Alert: Aap scheme ke tahat Rs.98,827 ke liye eligible hain. Claim karne ke liye apna Aadhaar aur bank account number share karein.",No,No,No
spam,"Maine galti se aapke Google Pay par Rs.749 bhej diya, kripya isse is UPI ID par refund kar dein: pfdxbs80@okicici",No,No,No
spam,"Maine galti se aapke Google Pay par Rs.97,907 bhej diya, kripya isse is UPI ID par refund kar dein: aowfzvl37@ibl",No,No,No
spam,"Badhai ho, State Scholarship Scheme ke tahat aapka application Rs.689 ke liye approve ho gaya hai. Disbursement ke liye apni bank details bhejein.",No,No,No
spam,"Aapka Axis Bank personal loan Rs.43,664 ka pre-approved hai. Process karne ke liye apni bank account aur Aadhaar details share karein.",No,No,No
spam,"Galti se Rs.849 mere account se aapke account mein transfer ho gaye hain, jald se jald hpjzi20@axl par refund kar dein.",No,No,No
spam,"Galti se Rs.83,226 mere account se aapke account mein transfer ho gaye hain, jald se jald yjfrzdly88@okicici par refund kar dein.",No,No,No
spam,"Badhai ho, Ayushman Bharat ke tahat aapka application Rs.88,404 ke liye approve ho gaya hai. Disbursement ke liye apni bank details bhejein.",No,No,No
spam,"National Scholarship Portal: Aapka scholarship benefit Rs.54,767 transfer ke liye ready hai. Ise paane ke liye apni bank passbook details submit karein.",No,No,No
spam,"Aapka Punjab National Bank personal loan Rs.4,501 ka pre-approved hai. Process karne ke liye apni bank account aur Aadhaar details share karein.",No,No,No
spam,"PM Kisan Samman Nidhi Alert: Aap scheme ke tahat Rs.38,196 ke liye eligible hain. Claim karne ke liye apna Aadhaar aur bank account number share karein.",No,No,No
spam,"Aapki insurance policy ka maturity amount Rs.2,267 ready hai. Payment paane ke liye apni bank passbook details bhejein.",No,No,No
spam,"Badhai ho, National Scholarship Portal ke tahat aapka application Rs.6,289 ke liye approve ho gaya hai. Disbursement ke liye apni bank details bhejein.",No,No,No
spam,"Aapka HDFC Bank personal loan Rs.7,042 ka pre-approved hai. Process karne ke liye apni bank account aur Aadhaar details share karein.",No,No,No
spam,"Hi, mujhe lagta hai maine kisi aur ko pay karte waqt aapko galti se Rs.574 bhej diya. Kripya fynjgg94@okicici par wapas bhej dein, dhanyavad.",No,No,No
spam,"Ayushman Bharat Alert: Aap scheme ke tahat Rs.9,096 ke liye eligible hain. Claim karne ke liye apna Aadhaar aur bank account number share karein.",No,No,No
spam,Post Matric Scholarship: Aapka scholarship benefit Rs.594 transfer ke liye ready hai. Ise paane ke liye apni bank passbook details submit karein.,No,No,No
spam,"Maine galti se aapke Amazon Pay par Rs.1,779 bhej diya, kripya isse is UPI ID par refund kar dein: fodxwgup@ibl",No,No,No
spam,"Galti se Rs.86,396 mere account se aapke account mein transfer ho gaye hain, jald se jald pthqfp64@oksbi par refund kar dein.",No,No,No
spam,"Aapko TCS ke saath work-from-home job ke liye select kiya gaya hai. Rs.6,261 ka joining bonus paane ke liye apni bank details share karein.",No,No,No
spam,"Galti se Rs.36,995 mere account se aapke account mein transfer ho gaye hain, jald se jald ncyyjjoh92@axl par refund kar dein.",No,No,No
spam,"Post Matric Scholarship Alert: Aap scheme ke tahat Rs.69,190 ke liye eligible hain. Claim karne ke liye apna Aadhaar aur bank account number share karein.",No,No,No
spam,"Galti se Rs.876 mere account se aapke account mein transfer ho gaye hain, jald se jald vtyeisyx11@axl par refund kar dein.",No,No,No
spam,"Badhai ho, State Scholarship Scheme ke tahat aapka application Rs.3,688 ke liye approve ho gaya hai. Disbursement ke liye apni bank details bhejein.",No,No,No
spam,"Galti se Rs.898 mere account se aapke account mein transfer ho gaye hain, jald se jald qvazthwd@ibl par refund kar dein.",No,No,No
spam,"Maine galti se aapke PhonePe par Rs.911 bhej diya, kripya isse is UPI ID par refund kar dein: oryiod@ybl",No,No,No
spam,"Post Matric Scholarship Alert: Aap scheme ke tahat Rs.2,549 ke liye eligible hain. Claim karne ke liye apna Aadhaar aur bank account number share karein.",No,No,No
spam,"National Scholarship Portal Alert: Aap scheme ke tahat Rs.81,227 ke liye eligible hain. Claim karne ke liye apna Aadhaar aur bank account number share karein.",No,No,No
spam,"Sorry, maine galti se galat number par Rs.2,654 transfer kar diya, yeh aapka account lagta hai. Kripya wapas bhej dein kxcqilgh41@okicici par.",No,No,No
spam,"PM Ujjwala Yojana Alert: Aap scheme ke tahat Rs.88,115 ke liye eligible hain. Claim karne ke liye apna Aadhaar aur bank account number share karein.",No,No,No
spam,"Sorry, maine galti se galat number par Rs.66,069 transfer kar diya, yeh aapka account lagta hai. Kripya wapas bhej dein ayohzyze28@axl par.",No,No,No
spam,"Badhai ho, Post Matric Scholarship ke tahat aapka application Rs.40,795 ke liye approve ho gaya hai. Disbursement ke liye apni bank details bhejein.",No,No,No
spam,"PMAY: Aapka scholarship benefit Rs.6,557 transfer ke liye ready hai. Ise paane ke liye apni bank passbook details submit karein.",No,No,No
spam,"Aapki insurance policy ka maturity amount Rs.9,530 ready hai. Payment paane ke liye apni bank passbook details bhejein.",No,No,No
spam,"Aapki insurance policy ka maturity amount Rs.96,280 ready hai. Payment paane ke liye apni bank passbook details bhejein.",No,No,No
spam,"National Scholarship Portal: Aapka scholarship benefit Rs.22,343 transfer ke liye ready hai. Ise paane ke liye apni bank passbook details submit karein.",No,No,No
spam,"Badhai ho, PMAY ke tahat aapka application Rs.1,582 ke liye approve ho gaya hai. Disbursement ke liye apni bank details bhejein.",No,No,No
spam,"PM Kisan Samman Nidhi: Aapka scholarship benefit Rs.9,061 transfer ke liye ready hai. Ise paane ke liye apni bank passbook details submit karein.",No,No,No
spam,"Sorry, maine galti se galat number par Rs.97,427 transfer kar diya, yeh aapka account lagta hai. Kripya wapas bhej dein yizlrn@okicici par.",No,No,No
spam,"Sorry, maine galti se galat number par Rs.709 transfer kar diya, yeh aapka account lagta hai. Kripya wapas bhej dein orrhhqab@ibl par.",No,No,No
spam,Aapka Punjab National Bank personal loan Rs.946 ka pre-approved hai. Process karne ke liye apni bank account aur Aadhaar details share karein.,No,No,No
spam,Post Matric Scholarship Alert: Aap scheme ke tahat Rs.993 ke liye eligible hain. Claim karne ke liye apna Aadhaar aur bank account number share karein.,No,No,No
spam,"Aapko Flipkart ke saath work-from-home job ke liye select kiya gaya hai. Rs.2,024 ka joining bonus paane ke liye apni bank details share karein.",No,No,No
spam,"Aapka Axis Bank personal loan Rs.98,972 ka pre-approved hai. Process karne ke liye apni bank account aur Aadhaar details share karein.",No,No,No
spam,"Sorry, maine galti se galat number par Rs.85,431 transfer kar diya, yeh aapka account lagta hai. Kripya wapas bhej dein edhidza@ybl par.",No,No,No
spam,"Badhai ho, National Scholarship Portal ke tahat aapka application Rs.987 ke liye approve ho gaya hai. Disbursement ke liye apni bank details bhejein.",No,No,No
spam,Aapki insurance policy ka maturity amount Rs.549 ready hai. Payment paane ke liye apni bank passbook details bhejein.,No,No,No
spam,Aapka Canara Bank personal loan Rs.759 ka pre-approved hai. Process karne ke liye apni bank account aur Aadhaar details share karein.,No,No,No
spam,"Maine galti se aapke PhonePe par Rs.807 bhej diya, kripya isse is UPI ID par refund kar dein: gjswu@oksbi",No,No,No
spam,"Aapki insurance policy ka maturity amount Rs.5,586 ready hai. Payment paane ke liye apni bank passbook details bhejein.",No,No,No
spam,"Aapki insurance policy ka maturity amount Rs.89,463 ready hai. Payment paane ke liye apni bank passbook details bhejein.",No,No,No
spam,"Maine galti se aapke Amazon Pay par Rs.745 bhej diya, kripya isse is UPI ID par refund kar dein: wduttnd67@okhdfcbank",No,No,No
spam,"National Scholarship Portal: Aapka scholarship benefit Rs.77,352 transfer ke liye ready hai. Ise paane ke liye apni bank passbook details submit karein.",No,No,No
spam,"Galti se Rs.74,620 mere account se aapke account mein transfer ho gaye hain, jald se jald xzczmvp@oksbi par refund kar dein.",No,No,No
spam,Aapki insurance policy ka maturity amount Rs.928 ready hai. Payment paane ke liye apni bank passbook details bhejein.,No,No,No
spam,"Badhai ho, State Scholarship Scheme ke tahat aapka application Rs.574 ke liye approve ho gaya hai. Disbursement ke liye apni bank details bhejein.",No,No,No
spam,"Aapka HDFC Bank personal loan Rs.4,895 ka pre-approved hai. Process karne ke liye apni bank account aur Aadhaar details share karein.",No,No,No
spam,"PM Kisan Samman Nidhi Alert: Aap scheme ke tahat Rs.92,712 ke liye eligible hain. Claim karne ke liye apna Aadhaar aur bank account number share karein.",No,No,No
spam,"Sorry, maine galti se galat number par Rs.61,772 transfer kar diya, yeh aapka account lagta hai. Kripya wapas bhej dein kzebiu@okicici par.",No,No,No
spam,State Scholarship Scheme Alert: Aap scheme ke tahat Rs.656 ke liye eligible hain. Claim karne ke liye apna Aadhaar aur bank account number share karein.,No,No,No
spam,"Galti se Rs.696 mere account se aapke account mein transfer ho gaye hain, jald se jald vqvoadbu@ibl par refund kar dein.",No,No,No
spam,"Aapki insurance policy ka maturity amount Rs.65,903 ready hai. Payment paane ke liye apni bank passbook details bhejein.",No,No,No
spam,"Aapki insurance policy ka maturity amount Rs.41,088 ready hai. Payment paane ke liye apni bank passbook details bhejein.",No,No,No
spam,"Sorry, maine galti se galat number par Rs.63,769 transfer kar diya, yeh aapka account lagta hai. Kripya wapas bhej dein yipcjbhw@ybl par.",No,No,No
spam,"Galti se Rs.94,428 mere account se aapke account mein transfer ho gaye hain, jald se jald kyqsftj@oksbi par refund kar dein.",No,No,No
spam,"Ayushman Bharat: Aapka scholarship benefit Rs.38,542 transfer ke liye ready hai. Ise paane ke liye apni bank passbook details submit karein.",No,No,No
spam,Aapki insurance policy ka maturity amount Rs.802 ready hai. Payment paane ke liye apni bank passbook details bhejein.,No,No,No
spam,LPG Subsidy Scheme: Aapka scholarship benefit Rs.864 transfer ke liye ready hai. Ise paane ke liye apni bank passbook details submit karein.,No,No,No
spam,"Sorry, maine galti se galat number par Rs.506 transfer kar diya, yeh aapka account lagta hai. Kripya wapas bhej dein wfajeixi@paytm par.",No,No,No
spam,"Maine galti se aapke Paytm par Rs.3,780 bhej diya, kripya isse is UPI ID par refund kar dein: vfflwjnd97@paytm",No,No,No
spam,"State Scholarship Scheme: Aapka scholarship benefit Rs.50,800 transfer ke liye ready hai. Ise paane ke liye apni bank passbook details submit karein.",No,No,No
spam,"Hi, mujhe lagta hai maine kisi aur ko pay karte waqt aapko galti se Rs.2,341 bhej diya. Kripya lmzciu@okicici par wapas bhej dein, dhanyavad.",No,No,No
spam,"Aapko TCS ke saath work-from-home job ke liye select kiya gaya hai. Rs.3,011 ka joining bonus paane ke liye apni bank details share karein.",No,No,No
spam,"Sorry, maine galti se galat number par Rs.645 transfer kar diya, yeh aapka account lagta hai. Kripya wapas bhej dein xqqutwe@paytm par.",No,No,No
spam,"Hi, mujhe lagta hai maine kisi aur ko pay karte waqt aapko galti se Rs.53,546 bhej diya. Kripya fkkcecbo51@ibl par wapas bhej dein, dhanyavad.",No,No,No
spam,"Maine galti se aapke PhonePe par Rs.2,167 bhej diya, kripya isse is UPI ID par refund kar dein: nwtflfrc@ybl",No,No,No
spam,PMAY: Aapka scholarship benefit Rs.839 transfer ke liye ready hai. Ise paane ke liye apni bank passbook details submit karein.,No,No,No
spam,"Sorry, maine galti se galat number par Rs.8,285 transfer kar diya, yeh aapka account lagta hai. Kripya wapas bhej dein rlbgh72@oksbi par.",No,No,No
spam,"Hi, mujhe lagta hai maine kisi aur ko pay karte waqt aapko galti se Rs.46,560 bhej diya. Kripya lpqqqabe@ibl par wapas bhej dein, dhanyavad.",No,No,No
spam,"Hi, mujhe lagta hai maine kisi aur ko pay karte waqt aapko galti se Rs.95,585 bhej diya. Kripya cntocf22@axl par wapas bhej dein, dhanyavad.",No,No,No
spam,"Sorry, maine galti se galat number par Rs.2,363 transfer kar diya, yeh aapka account lagta hai. Kripya wapas bhej dein zizkba@ibl par.",No,No,No
spam,"Hi, mujhe lagta hai maine kisi aur ko pay karte waqt aapko galti se Rs.45,453 bhej diya. Kripya rtsfjr@okicici par wapas bhej dein, dhanyavad.",No,No,No
spam,"Aapki insurance policy ka maturity amount Rs.9,189 ready hai. Payment paane ke liye apni bank passbook details bhejein.",No,No,No
spam,Aapki insurance policy ka maturity amount Rs.700 ready hai. Payment paane ke liye apni bank passbook details bhejein.,No,No,No
spam,"Aapko Flipkart ke saath work-from-home job ke liye select kiya gaya hai. Rs.5,638 ka joining bonus paane ke liye apni bank details share karein.",No,No,No
spam,"Aapko Wipro ke saath work-from-home job ke liye select kiya gaya hai. Rs.35,788 ka joining bonus paane ke liye apni bank details share karein.",No,No,No
spam,PM Kisan Samman Nidhi Alert: Aap scheme ke tahat Rs.802 ke liye eligible hain. Claim karne ke liye apna Aadhaar aur bank account number share karein.,No,No,No
spam,"Aapki insurance policy ka maturity amount Rs.82,954 ready hai. Payment paane ke liye apni bank passbook details bhejein.",No,No,No
spam,"Badhai ho, National Scholarship Portal ke tahat aapka application Rs.8,987 ke liye approve ho gaya hai. Disbursement ke liye apni bank details bhejein.",No,No,No
spam,Aapko Amazon ke saath work-from-home job ke liye select kiya gaya hai. Rs.731 ka joining bonus paane ke liye apni bank details share karein.,No,No,No
spam,"PM Kisan Samman Nidhi Alert: Aap scheme ke tahat Rs.80,607 ke liye eligible hain. Claim karne ke liye apna Aadhaar aur bank account number share karein.",No,No,No
spam,"Galti se Rs.67,898 mere account se aapke account mein transfer ho gaye hain, jald se jald svier92@ybl par refund kar dein.",No,No,No
spam,"Hi, mujhe lagta hai maine kisi aur ko pay karte waqt aapko galti se Rs.94,316 bhej diya. Kripya hkwgjgw@okicici par wapas bhej dein, dhanyavad.",No,No,No
spam,"Badhai ho, National Scholarship Portal ke tahat aapka application Rs.904 ke liye approve ho gaya hai. Disbursement ke liye apni bank details bhejein.",No,No,No
spam,Aapka HDFC Bank personal loan Rs.507 ka pre-approved hai. Process karne ke liye apni bank account aur Aadhaar details share karein.,No,No,No
spam,"Galti se Rs.899 mere account se aapke account mein transfer ho gaye hain, jald se jald usvurqp@okhdfcbank par refund kar dein.",No,No,No
spam,"Hi, mujhe lagta hai maine kisi aur ko pay karte waqt aapko galti se Rs.672 bhej diya. Kripya djabs88@paytm par wapas bhej dein, dhanyavad.",No,No,No
spam,"Hi, mujhe lagta hai maine kisi aur ko pay karte waqt aapko galti se Rs.1,015 bhej diya. Kripya uzguizg@oksbi par wapas bhej dein, dhanyavad.",No,No,No
spam,"Badhai ho, Ayushman Bharat ke tahat aapka application Rs.63,385 ke liye approve ho gaya hai. Disbursement ke liye apni bank details bhejein.",No,No,No
spam,"Sorry, maine galti se galat number par Rs.734 transfer kar diya, yeh aapka account lagta hai. Kripya wapas bhej dein szylpap87@okhdfcbank par.",No,No,No
spam,"Aapki insurance policy ka maturity amount Rs.29,085 ready hai. Payment paane ke liye apni bank passbook details bhejein.",No,No,No
spam,"Hi, mujhe lagta hai maine kisi aur ko pay karte waqt aapko galti se Rs.598 bhej diya. Kripya ehsyoea77@ibl par wapas bhej dein, dhanyavad.",No,No,No
spam,"National Scholarship Portal Alert: Aap scheme ke tahat Rs.1,929 ke liye eligible hain. Claim karne ke liye apna Aadhaar aur bank account number share karein.",No,No,No
spam,"Aapka Bank of Baroda personal loan Rs.5,992 ka pre-approved hai. Process karne ke liye apni bank account aur Aadhaar details share karein.",No,No,No
spam,"Badhai ho, Ayushman Bharat ke tahat aapka application Rs.68,917 ke liye approve ho gaya hai. Disbursement ke liye apni bank details bhejein.",No,No,No
spam,"Aapki insurance policy ka maturity amount Rs.18,371 ready hai. Payment paane ke liye apni bank passbook details bhejein.",No,No,No
spam,"Galti se Rs.23,920 mere account se aapke account mein transfer ho gaye hain, jald se jald eyryjnr@okhdfcbank par refund kar dein.",No,No,No
spam,Aapka Canara Bank personal loan Rs.645 ka pre-approved hai. Process karne ke liye apni bank account aur Aadhaar details share karein.,No,No,No
spam,"Maine galti se aapke Google Pay par Rs.5,782 bhej diya, kripya isse is UPI ID par refund kar dein: qubsxm@ybl",No,No,No
spam,"Ayushman Bharat: Aapka scholarship benefit Rs.8,196 transfer ke liye ready hai. Ise paane ke liye apni bank passbook details submit karein.",No,No,No
spam,"Aapko Wipro ke saath work-from-home job ke liye select kiya gaya hai. Rs.54,069 ka joining bonus paane ke liye apni bank details share karein.",No,No,No
spam,"Sorry, maine galti se galat number par Rs.96,191 transfer kar diya, yeh aapka account lagta hai. Kripya wapas bhej dein zkewgm@ybl par.",No,No,No
spam,Aapka Punjab National Bank personal loan Rs.607 ka pre-approved hai. Process karne ke liye apni bank account aur Aadhaar details share karein.,No,No,No
spam,Aapka Canara Bank personal loan Rs.841 ka pre-approved hai. Process karne ke liye apni bank account aur Aadhaar details share karein.,No,No,No
spam,"State Scholarship Scheme: Aapka scholarship benefit Rs.5,425 transfer ke liye ready hai. Ise paane ke liye apni bank passbook details submit karein.",No,No,No
spam,PM Ujjwala Yojana: Aapka scholarship benefit Rs.585 transfer ke liye ready hai. Ise paane ke liye apni bank passbook details submit karein.,No,No,No
spam,"Sorry, maine galti se galat number par Rs.4,015 transfer kar diya, yeh aapka account lagta hai. Kripya wapas bhej dein ezmrebd@ibl par.",No,No,No
spam,"Maine galti se aapke Google Pay par Rs.837 bhej diya, kripya isse is UPI ID par refund kar dein: czirxcr56@ibl",No,No,No
spam,"Sorry, maine galti se galat number par Rs.702 transfer kar diya, yeh aapka account lagta hai. Kripya wapas bhej dein xtvhhk60@ibl par.",No,No,No
spam,"Aapko Flipkart ke saath work-from-home job ke liye select kiya gaya hai. Rs.76,606 ka joining bonus paane ke liye apni bank details share karein.",No,No,No
spam,"Aapko Reliance ke saath work-from-home job ke liye select kiya gaya hai. Rs.7,055 ka joining bonus paane ke liye apni bank details share karein.",No,No,No
spam,"Post Matric Scholarship Alert: Aap scheme ke tahat Rs.47,631 ke liye eligible hain. Claim karne ke liye apna Aadhaar aur bank account number share karein.",No,No,No
spam,"Aapki insurance policy ka maturity amount Rs.4,769 ready hai. Payment paane ke liye apni bank passbook details bhejein.",No,No,No
spam,"Hi, mujhe lagta hai maine kisi aur ko pay karte waqt aapko galti se Rs.728 bhej diya. Kripya urfvmmin@ibl par wapas bhej dein, dhanyavad.",No,No,No
spam,"Badhai ho, National Scholarship Portal ke tahat aapka application Rs.773 ke liye approve ho gaya hai. Disbursement ke liye apni bank details bhejein.",No,No,No
spam,"Badhai ho, State Scholarship Scheme ke tahat aapka application Rs.5,426 ke liye approve ho gaya hai. Disbursement ke liye apni bank details bhejein.",No,No,No
spam,"Badhai ho, State Scholarship Scheme ke tahat aapka application Rs.13,687 ke liye approve ho gaya hai. Disbursement ke liye apni bank details bhejein.",No,No,No
spam,Post Matric Scholarship: Aapka scholarship benefit Rs.608 transfer ke liye ready hai. Ise paane ke liye apni bank passbook details submit karein.,No,No,No
spam,"PM Kisan Samman Nidhi: Aapka scholarship benefit Rs.7,383 transfer ke liye ready hai. Ise paane ke liye apni bank passbook details submit karein.",No,No,No
spam,"Galti se Rs.99,387 mere account se aapke account mein transfer ho gaye hain, jald se jald gcojt36@okicici par refund kar dein.",No,No,No
spam,"Post Matric Scholarship: Aapka scholarship benefit Rs.8,560 transfer ke liye ready hai. Ise paane ke liye apni bank passbook details submit karein.",No,No,No
spam,"Maine galti se aapke Google Pay par Rs.86,936 bhej diya, kripya isse is UPI ID par refund kar dein: tgldcnl42@oksbi",No,No,No
spam,"Hi, mujhe lagta hai maine kisi aur ko pay karte waqt aapko galti se Rs.6,714 bhej diya. Kripya byjvf80@ybl par wapas bhej dein, dhanyavad.",No,No,No
spam,"National Scholarship Portal: Aapka scholarship benefit Rs.79,983 transfer ke liye ready hai. Ise paane ke liye apni bank passbook details submit karein.",No,No,No
spam,"Maine galti se aapke PhonePe par Rs.22,809 bhej diya, kripya isse is UPI ID par refund kar dein: webxsvmr93@ibl",No,No,No
spam,"Ayushman Bharat: Aapka scholarship benefit Rs.60,744 transfer ke liye ready hai. Ise paane ke liye apni bank passbook details submit karein.",No,No,No
spam,National Scholarship Portal Alert: Aap scheme ke tahat Rs.526 ke liye eligible hain. Claim karne ke liye apna Aadhaar aur bank account number share karein.,No,No,No
spam,"Sorry, maine galti se galat number par Rs.3,320 transfer kar diya, yeh aapka account lagta hai. Kripya wapas bhej dein mupaenq@okhdfcbank par.",No,No,No
spam,"Sorry, maine galti se galat number par Rs.1,114 transfer kar diya, yeh aapka account lagta hai. Kripya wapas bhej dein vynfn@axl par.",No,No,No
spam,"State Scholarship Scheme: Aapka scholarship benefit Rs.3,094 transfer ke liye ready hai. Ise paane ke liye apni bank passbook details submit karein.",No,No,No
spam,Aapko TCS ke saath work-from-home job ke liye select kiya gaya hai. Rs.691 ka joining bonus paane ke liye apni bank details share karein.,No,No,No
spam,"Sorry, maine galti se galat number par Rs.595 transfer kar diya, yeh aapka account lagta hai. Kripya wapas bhej dein faucfy@axl par.",No,No,No
spam,"Sorry, maine galti se galat number par Rs.25,522 transfer kar diya, yeh aapka account lagta hai. Kripya wapas bhej dein nnzyf47@okhdfcbank par.",No,No,No
spam,"Sorry, maine galti se galat number par Rs.24,067 transfer kar diya, yeh aapka account lagta hai. Kripya wapas bhej dein chqxs89@okhdfcbank par.",No,No,No
spam,"Hi, mujhe lagta hai maine kisi aur ko pay karte waqt aapko galti se Rs.7,761 bhej diya. Kripya eravwzsf@ibl par wapas bhej dein, dhanyavad.",No,No,No
spam,"Maine galti se aapke PhonePe par Rs.788 bhej diya, kripya isse is UPI ID par refund kar dein: ivurqqrj21@okhdfcbank",No,No,No
spam,"Galti se Rs.9,339 mere account se aapke account mein transfer ho gaye hain, jald se jald ebnxmum@paytm par refund kar dein.",No,No,No
spam,Aapko Flipkart ke saath work-from-home job ke liye select kiya gaya hai. Rs.543 ka joining bonus paane ke liye apni bank details share karein.,No,No,No
spam,"Aapko Amazon ke saath work-from-home job ke liye select kiya gaya hai. Rs.5,330 ka joining bonus paane ke liye apni bank details share karein.",No,No,No
spam,"Aapka Punjab National Bank personal loan Rs.8,144 ka pre-approved hai. Process karne ke liye apni bank account aur Aadhaar details share karein.",No,No,No
spam,"Maine galti se aapke Amazon Pay par Rs.48,658 bhej diya, kripya isse is UPI ID par refund kar dein: tkqlobim23@ybl",No,No,No
spam,"Maine galti se aapke Paytm par Rs.41,503 bhej diya, kripya isse is UPI ID par refund kar dein: lucredi42@okicici",No,No,No
spam,Aapko Wipro ke saath work-from-home job ke liye select kiya gaya hai. Rs.759 ka joining bonus paane ke liye apni bank details share karein.,No,No,No
spam,"Hi, mujhe lagta hai maine kisi aur ko pay karte waqt aapko galti se Rs.38,597 bhej diya. Kripya vlinhaoa@ybl par wapas bhej dein, dhanyavad.",No,No,No
spam,"Maine galti se aapke Amazon Pay par Rs.509 bhej diya, kripya isse is UPI ID par refund kar dein: jrlbskq@okicici",No,No,No
spam,"Aapko HCL ke saath work-from-home job ke liye select kiya gaya hai. Rs.12,369 ka joining bonus paane ke liye apni bank details share karein.",No,No,No
spam,"Maine galti se aapke Amazon Pay par Rs.75,268 bhej diya, kripya isse is UPI ID par refund kar dein: divwao@axl",No,No,No
spam,"Galti se Rs.77,073 mere account se aapke account mein transfer ho gaye hain, jald se jald wkzyi74@okhdfcbank par refund kar dein.",No,No,No
spam,"Badhai ho, PM Ujjwala Yojana ke tahat aapka application Rs.8,032 ke liye approve ho gaya hai. Disbursement ke liye apni bank details bhejein.",No,No,No
spam,"Hi, mujhe lagta hai maine kisi aur ko pay karte waqt aapko galti se Rs.4,593 bhej diya. Kripya ejzea31@paytm par wapas bhej dein, dhanyavad.",No,No,No
spam,"Aapko HCL ke saath work-from-home job ke liye select kiya gaya hai. Rs.8,406 ka joining bonus paane ke liye apni bank details share karein.",No,No,No
spam,"Badhai ho, PMAY ke tahat aapka application Rs.89,947 ke liye approve ho gaya hai. Disbursement ke liye apni bank details bhejein.",No,No,No
spam,"Badhai ho, National Scholarship Portal ke tahat aapka application Rs.7,881 ke liye approve ho gaya hai. Disbursement ke liye apni bank details bhejein.",No,No,No
spam,"Ayushman Bharat Alert: Aap scheme ke tahat Rs.69,192 ke liye eligible hain. Claim karne ke liye apna Aadhaar aur bank account number share karein.",No,No,No
spam,"Maine galti se aapke PhonePe par Rs.46,534 bhej diya, kripya isse is UPI ID par refund kar dein: xeerkpwl78@axl",No,No,No
spam,"Aapka SBI personal loan Rs.9,498 ka pre-approved hai. Process karne ke liye apni bank account aur Aadhaar details share karein.",No,No,No
spam,"Badhai ho, LPG Subsidy Scheme ke tahat aapka application Rs.49,296 ke liye approve ho gaya hai. Disbursement ke liye apni bank details bhejein.",No,No,No
spam,"National Scholarship Portal Alert: Aap scheme ke tahat Rs.1,202 ke liye eligible hain. Claim karne ke liye apna Aadhaar aur bank account number share karein.",No,No,No
spam,"Aapka SBI personal loan Rs.6,884 ka pre-approved hai. Process karne ke liye apni bank account aur Aadhaar details share karein.",No,No,No
spam,"Sorry, maine galti se galat number par Rs.13,321 transfer kar diya, yeh aapka account lagta hai. Kripya wapas bhej dein rtwhdrr67@ibl par.",No,No,No
spam,"Sorry, maine galti se galat number par Rs.998 transfer kar diya, yeh aapka account lagta hai. Kripya wapas bhej dein cfqsf@okicici par.",No,No,No
spam,"PM Ujjwala Yojana Alert: Aap scheme ke tahat Rs.46,841 ke liye eligible hain. Claim karne ke liye apna Aadhaar aur bank account number share karein.",No,No,No
spam,"Ayushman Bharat Alert: Aap scheme ke tahat Rs.21,915 ke liye eligible hain. Claim karne ke liye apna Aadhaar aur bank account number share karein.",No,No,No
spam,"Galti se Rs.36,308 mere account se aapke account mein transfer ho gaye hain, jald se jald hbafyap@okhdfcbank par refund kar dein.",No,No,No
spam,"LPG Subsidy Scheme: Aapka scholarship benefit Rs.9,890 transfer ke liye ready hai. Ise paane ke liye apni bank passbook details submit karein.",No,No,No
spam,"Aapka HDFC Bank personal loan Rs.10,190 ka pre-approved hai. Process karne ke liye apni bank account aur Aadhaar details share karein.",No,No,No
spam,"Aapki insurance policy ka maturity amount Rs.66,768 ready hai. Payment paane ke liye apni bank passbook details bhejein.",No,No,No
spam,"Galti se Rs.9,706 mere account se aapke account mein transfer ho gaye hain, jald se jald fvqfvcme@oksbi par refund kar dein.",No,No,No
spam,Aapki insurance policy ka maturity amount Rs.550 ready hai. Payment paane ke liye apni bank passbook details bhejein.,No,No,No
spam,Aapka Canara Bank personal loan Rs.683 ka pre-approved hai. Process karne ke liye apni bank account aur Aadhaar details share karein.,No,No,No
spam,"Badhai ho, Post Matric Scholarship ke tahat aapka application Rs.60,298 ke liye approve ho gaya hai. Disbursement ke liye apni bank details bhejein.",No,No,No
spam,"Aapki insurance policy ka maturity amount Rs.7,811 ready hai. Payment paane ke liye apni bank passbook details bhejein.",No,No,No
spam,"Aapka Canara Bank personal loan Rs.8,359 ka pre-approved hai. Process karne ke liye apni bank account aur Aadhaar details share karein.",No,No,No
spam,PM Kisan Samman Nidhi: Aapka scholarship benefit Rs.700 transfer ke liye ready hai. Ise paane ke liye apni bank passbook details submit karein.,No,No,No
spam,"Aapka Punjab National Bank personal loan Rs.2,731 ka pre-approved hai. Process karne ke liye apni bank account aur Aadhaar details share karein.",No,No,No
spam,Aapka Punjab National Bank personal loan Rs.694 ka pre-approved hai. Process karne ke liye apni bank account aur Aadhaar details share karein.,No,No,No
spam,"Sorry, maine galti se galat number par Rs.43,599 transfer kar diya, yeh aapka account lagta hai. Kripya wapas bhej dein aflwjtf@ibl par.",No,No,No
spam,"PMAY Alert: Aap scheme ke tahat Rs.8,479 ke liye eligible hain. Claim karne ke liye apna Aadhaar aur bank account number share karein.",No,No,No
spam,"Badhai ho, Ayushman Bharat ke tahat aapka application Rs.34,548 ke liye approve ho gaya hai. Disbursement ke liye apni bank details bhejein.",No,No,No
spam,Aapko Flipkart ke saath work-from-home job ke liye select kiya gaya hai. Rs.657 ka joining bonus paane ke liye apni bank details share karein.,No,No,No
spam,"Maine galti se aapke PhonePe par Rs.7,059 bhej diya, kripya isse is UPI ID par refund kar dein: auaht66@ibl",No,No,No
spam,"Ayushman Bharat Alert: Aap scheme ke tahat Rs.20,947 ke liye eligible hain. Claim karne ke liye apna Aadhaar aur bank account number share karein.",No,No,No
spam,"Badhai ho, PM Kisan Samman Nidhi ke tahat aapka application Rs.542 ke liye approve ho gaya hai. Disbursement ke liye apni bank details bhejein.",No,No,No
spam,"Badhai ho, Ayushman Bharat ke tahat aapka application Rs.14,504 ke liye approve ho gaya hai. Disbursement ke liye apni bank details bhejein.",No,No,No
spam,Aapki insurance policy ka maturity amount Rs.901 ready hai. Payment paane ke liye apni bank passbook details bhejein.,No,No,No
spam,"Aapka Kotak Mahindra Bank personal loan Rs.8,002 ka pre-approved hai. Process karne ke liye apni bank account aur Aadhaar details share karein.",No,No,No
spam,"Aapka Bank of Baroda personal loan Rs.4,255 ka pre-approved hai. Process karne ke liye apni bank account aur Aadhaar details share karein.",No,No,No
spam,"Aapka ICICI Bank personal loan Rs.8,500 ka pre-approved hai. Process karne ke liye apni bank account aur Aadhaar details share karein.",No,No,No
spam,"State Scholarship Scheme Alert: Aap scheme ke tahat Rs.78,450 ke liye eligible hain. Claim karne ke liye apna Aadhaar aur bank account number share karein.",No,No,No
spam,"Maine galti se aapke Google Pay par Rs.4,611 bhej diya, kripya isse is UPI ID par refund kar dein: wooph31@okicici",No,No,No
spam,"Hi, mujhe lagta hai maine kisi aur ko pay karte waqt aapko galti se Rs.4,136 bhej diya. Kripya kiqwz@okhdfcbank par wapas bhej dein, dhanyavad.",No,No,No
spam,"Aapki insurance policy ka maturity amount Rs.63,851 ready hai. Payment paane ke liye apni bank passbook details bhejein.",No,No,No
spam,"PM Ujjwala Yojana: Aapka scholarship benefit Rs.3,993 transfer ke liye ready hai. Ise paane ke liye apni bank passbook details submit karein.",No,No,No
spam,"Galti se Rs.726 mere account se aapke account mein transfer ho gaye hain, jald se jald vqatszip@okicici par refund kar dein.",No,No,No
spam,"Aapka Axis Bank personal loan Rs.6,388 ka pre-approved hai. Process karne ke liye apni bank account aur Aadhaar details share karein.",No,No,No
spam,"Aapki insurance policy ka maturity amount Rs.70,828 ready hai. Payment paane ke liye apni bank passbook details bhejein.",No,No,No
spam,"PM Ujjwala Yojana: Aapka scholarship benefit Rs.4,674 transfer ke liye ready hai. Ise paane ke liye apni bank passbook details submit karein.",No,No,No
spam,"Aapka Axis Bank personal loan Rs.8,716 ka pre-approved hai. Process karne ke liye apni bank account aur Aadhaar details share karein.",No,No,No
spam,"PM Kisan Samman Nidhi: Aapka scholarship benefit Rs.1,205 transfer ke liye ready hai. Ise paane ke liye apni bank passbook details submit karein.",No,No,No
spam,"PM Ujjwala Yojana: Aapka scholarship benefit Rs.58,872 transfer ke liye ready hai. Ise paane ke liye apni bank passbook details submit karein.",No,No,No
spam,"Hi, mujhe lagta hai maine kisi aur ko pay karte waqt aapko galti se Rs.98,217 bhej diya. Kripya medprmrc@oksbi par wapas bhej dein, dhanyavad.",No,No,No
spam,"Aapki insurance policy ka maturity amount Rs.9,535 ready hai. Payment paane ke liye apni bank passbook details bhejein.",No,No,No
spam,"Aapko Wipro ke saath work-from-home job ke liye select kiya gaya hai. Rs.4,573 ka joining bonus paane ke liye apni bank details share karein.",No,No,No
spam,"Maine galti se aapke PhonePe par Rs.2,810 bhej diya, kripya isse is UPI ID par refund kar dein: miwdqzd18@oksbi",No,No,No
spam,Aapko Reliance ke saath work-from-home job ke liye select kiya gaya hai. Rs.607 ka joining bonus paane ke liye apni bank details share karein.,No,No,No
spam,Aapko TCS ke saath work-from-home job ke liye select kiya gaya hai. Rs.954 ka joining bonus paane ke liye apni bank details share karein.,No,No,No
spam,"Galti se Rs.31,197 mere account se aapke account mein transfer ho gaye hain, jald se jald flnolq36@okhdfcbank par refund kar dein.",No,No,No
spam,"Hi, mujhe lagta hai maine kisi aur ko pay karte waqt aapko galti se Rs.693 bhej diya. Kripya rlfpp72@paytm par wapas bhej dein, dhanyavad.",No,No,No
spam,State Scholarship Scheme: Aapka scholarship benefit Rs.594 transfer ke liye ready hai. Ise paane ke liye apni bank passbook details submit karein.,No,No,No
spam,"Aapki insurance policy ka maturity amount Rs.31,797 ready hai. Payment paane ke liye apni bank passbook details bhejein.",No,No,No
spam,"Badhai ho, State Scholarship Scheme ke tahat aapka application Rs.32,968 ke liye approve ho gaya hai. Disbursement ke liye apni bank details bhejein.",No,No,No
spam,"Aapko TCS ke saath work-from-home job ke liye select kiya gaya hai. Rs.53,214 ka joining bonus paane ke liye apni bank details share karein.",No,No,No
spam,"Aapki insurance policy ka maturity amount Rs.72,985 ready hai. Payment paane ke liye apni bank passbook details bhejein.",No,No,No
spam,"PM Kisan Samman Nidhi: Aapka scholarship benefit Rs.2,189 transfer ke liye ready hai. Ise paane ke liye apni bank passbook details submit karein.",No,No,No
spam,"Badhai ho, LPG Subsidy Scheme ke tahat aapka application Rs.58,470 ke liye approve ho gaya hai. Disbursement ke liye apni bank details bhejein.",No,No,No
spam,"Aapka SBI personal loan Rs.8,835 ka pre-approved hai. Process karne ke liye apni bank account aur Aadhaar details share karein.",No,No,No
spam,"National Scholarship Portal Alert: Aap scheme ke tahat Rs.79,701 ke liye eligible hain. Claim karne ke liye apna Aadhaar aur bank account number share karein.",No,No,No
spam,"Galti se Rs.52,057 mere account se aapke account mein transfer ho gaye hain, jald se jald pjmhbs11@paytm par refund kar dein.",No,No,No
spam,Aapko TCS ke saath work-from-home job ke liye select kiya gaya hai. Rs.843 ka joining bonus paane ke liye apni bank details share karein.,No,No,No
spam,"Galti se Rs.7,295 mere account se aapke account mein transfer ho gaye hain, jald se jald mtlorhn@ybl par refund kar dein.",No,No,No
spam,Aapki insurance policy ka maturity amount Rs.730 ready hai. Payment paane ke liye apni bank passbook details bhejein.,No,No,No
spam,National Scholarship Portal Alert: Aap scheme ke tahat Rs.820 ke liye eligible hain. Claim karne ke liye apna Aadhaar aur bank account number share karein.,No,No,No
spam,"Ayushman Bharat Alert: Aap scheme ke tahat Rs.9,025 ke liye eligible hain. Claim karne ke liye apna Aadhaar aur bank account number share karein.",No,No,No
spam,Aapki insurance policy ka maturity amount Rs.935 ready hai. Payment paane ke liye apni bank passbook details bhejein.,No,No,No
spam,"Maine galti se aapke Amazon Pay par Rs.1,591 bhej diya, kripya isse is UPI ID par refund kar dein: kzeak16@paytm",No,No,No
spam,"Sorry, maine galti se galat number par Rs.18,082 transfer kar diya, yeh aapka account lagta hai. Kripya wapas bhej dein llywt@axl par.",No,No,No
spam,"Galti se Rs.563 mere account se aapke account mein transfer ho gaye hain, jald se jald ryvxtb94@ibl par refund kar dein.",No,No,No
spam,"Aapko Amazon ke saath work-from-home job ke liye select kiya gaya hai. Rs.58,487 ka joining bonus paane ke liye apni bank details share karein.",No,No,No
spam,"National Scholarship Portal: Aapka scholarship benefit Rs.2,132 transfer ke liye ready hai. Ise paane ke liye apni bank passbook details submit karein.",No,No,No
spam,"Aapko TCS ke saath work-from-home job ke liye select kiya gaya hai. Rs.96,936 ka joining bonus paane ke liye apni bank details share karein.",No,No,No
spam,"Aapka Punjab National Bank personal loan Rs.38,499 ka pre-approved hai. Process karne ke liye apni bank account aur Aadhaar details share karein.",No,No,No
spam,"Sorry, maine galti se galat number par Rs.33,799 transfer kar diya, yeh aapka account lagta hai. Kripya wapas bhej dein wheicgzu@paytm par.",No,No,No
spam,"State Scholarship Scheme: Aapka scholarship benefit Rs.7,434 transfer ke liye ready hai. Ise paane ke liye apni bank passbook details submit karein.",No,No,No
spam,"Badhai ho, National Scholarship Portal ke tahat aapka application Rs.649 ke liye approve ho gaya hai. Disbursement ke liye apni bank details bhejein.",No,No,No
spam,Aapki insurance policy ka maturity amount Rs.938 ready hai. Payment paane ke liye apni bank passbook details bhejein.,No,No,No
spam,"Badhai ho, Ayushman Bharat ke tahat aapka application Rs.6,089 ke liye approve ho gaya hai. Disbursement ke liye apni bank details bhejein.",No,No,No
spam,"Hi, mujhe lagta hai maine kisi aur ko pay karte waqt aapko galti se Rs.47,576 bhej diya. Kripya wiotfpo@okicici par wapas bhej dein, dhanyavad.",No,No,No
spam,"Sorry, maine galti se galat number par Rs.505 transfer kar diya, yeh aapka account lagta hai. Kripya wapas bhej dein mfddo47@oksbi par.",No,No,No
spam,"Sorry, maine galti se galat number par Rs.6,332 transfer kar diya, yeh aapka account lagta hai. Kripya wapas bhej dein xxzlxi54@axl par.",No,No,No
spam,"Aapki insurance policy ka maturity amount Rs.78,497 ready hai. Payment paane ke liye apni bank passbook details bhejein.",No,No,No
spam,Aapki insurance policy ka maturity amount Rs.842 ready hai. Payment paane ke liye apni bank passbook details bhejein.,No,No,No
spam,PMAY: Aapka scholarship benefit Rs.608 transfer ke liye ready hai. Ise paane ke liye apni bank passbook details submit karein.,No,No,No
spam,"Aapka ICICI Bank personal loan Rs.47,886 ka pre-approved hai. Process karne ke liye apni bank account aur Aadhaar details share karein.",No,No,No
spam,"Badhai ho, LPG Subsidy Scheme ke tahat aapka application Rs.2,748 ke liye approve ho gaya hai. Disbursement ke liye apni bank details bhejein.",No,No,No
spam,"Badhai ho, Post Matric Scholarship ke tahat aapka application Rs.673 ke liye approve ho gaya hai. Disbursement ke liye apni bank details bhejein.",No,No,No
spam,"Sorry, maine galti se galat number par Rs.60,150 transfer kar diya, yeh aapka account lagta hai. Kripya wapas bhej dein vdryfer@paytm par.",No,No,No
spam,"Badhai ho, PM Ujjwala Yojana ke tahat aapka application Rs.28,165 ke liye approve ho gaya hai. Disbursement ke liye apni bank details bhejein.",No,No,No
spam,"PM Kisan Samman Nidhi: Aapka scholarship benefit Rs.7,313 transfer ke liye ready hai. Ise paane ke liye apni bank passbook details submit karein.",No,No,No
spam,"Aapki insurance policy ka maturity amount Rs.8,334 ready hai. Payment paane ke liye apni bank passbook details bhejein.",No,No,No
spam,"Galti se Rs.63,701 mere account se aapke account mein transfer ho gaye hain, jald se jald wnyeq@okhdfcbank par refund kar dein.",No,No,No
spam,"Sorry, maine galti se galat number par Rs.546 transfer kar diya, yeh aapka account lagta hai. Kripya wapas bhej dein tbsldwqx@axl par.",No,No,No
spam,"Sorry, maine galti se galat number par Rs.7,266 transfer kar diya, yeh aapka account lagta hai. Kripya wapas bhej dein nqdggbvx19@okicici par.",No,No,No
spam,"Aapko Flipkart ke saath work-from-home job ke liye select kiya gaya hai. Rs.4,991 ka joining bonus paane ke liye apni bank details share karein.",No,No,No
spam,"Aapki insurance policy ka maturity amount Rs.6,724 ready hai. Payment paane ke liye apni bank passbook details bhejein.",No,No,No
spam,"Badhai ho, PM Ujjwala Yojana ke tahat aapka application Rs.67,534 ke liye approve ho gaya hai. Disbursement ke liye apni bank details bhejein.",No,No,No
spam,"Galti se Rs.642 mere account se aapke account mein transfer ho gaye hain, jald se jald jqntrpuu@axl par refund kar dein.",No,No,No
spam,"Hi, mujhe lagta hai maine kisi aur ko pay karte waqt aapko galti se Rs.2,248 bhej diya. Kripya rajdhq@okicici par wapas bhej dein, dhanyavad.",No,No,No
spam,"State Scholarship Scheme: Aapka scholarship benefit Rs.64,410 transfer ke liye ready hai. Ise paane ke liye apni bank passbook details submit karein.",No,No,No
spam,"Galti se Rs.6,060 mere account se aapke account mein transfer ho gaye hain, jald se jald iegmvvu@axl par refund kar dein.",No,No,No
spam,"Aapko HCL ke saath work-from-home job ke liye select kiya gaya hai. Rs.68,076 ka joining bonus paane ke liye apni bank details share karein.",No,No,No
spam,Ayushman Bharat: Aapka scholarship benefit Rs.508 transfer ke liye ready hai. Ise paane ke liye apni bank passbook details submit karein.,No,No,No
spam,"Galti se Rs.1,865 mere account se aapke account mein transfer ho gaye hain, jald se jald lhmqkwy24@axl par refund kar dein.",No,No,No
spam,"Sorry, maine galti se galat number par Rs.992 transfer kar diya, yeh aapka account lagta hai. Kripya wapas bhej dein causkr96@okhdfcbank par.",No,No,No
spam,"Aapki insurance policy ka maturity amount Rs.90,098 ready hai. Payment paane ke liye apni bank passbook details bhejein.",No,No,No
spam,"Galti se Rs.30,872 mere account se aapke account mein transfer ho gaye hain, jald se jald oukpfu97@ybl par refund kar dein.",No,No,No
spam,Aapka Axis Bank personal loan Rs.834 ka pre-approved hai. Process karne ke liye apni bank account aur Aadhaar details share karein.,No,No,No
spam,"Hi, mujhe lagta hai maine kisi aur ko pay karte waqt aapko galti se Rs.735 bhej diya. Kripya zeixys24@oksbi par wapas bhej dein, dhanyavad.",No,No,No
spam,"Ayushman Bharat Alert: Aap scheme ke tahat Rs.6,171 ke liye eligible hain. Claim karne ke liye apna Aadhaar aur bank account number share karein.",No,No,No
spam,"PM Kisan Samman Nidhi Alert: Aap scheme ke tahat Rs.97,108 ke liye eligible hain. Claim karne ke liye apna Aadhaar aur bank account number share karein.",No,No,No
spam,"Galti se Rs.51,455 mere account se aapke account mein transfer ho gaye hain, jald se jald zlsdkg24@axl par refund kar dein.",No,No,No
spam,"Galti se Rs.9,048 mere account se aapke account mein transfer ho gaye hain, jald se jald igsbkav10@oksbi par refund kar dein.",No,No,No
spam,"Badhai ho, PMAY ke tahat aapka application Rs.6,192 ke liye approve ho gaya hai. Disbursement ke liye apni bank details bhejein.",No,No,No
spam,Aapka ICICI Bank personal loan Rs.777 ka pre-approved hai. Process karne ke liye apni bank account aur Aadhaar details share karein.,No,No,No
spam,"Galti se Rs.691 mere account se aapke account mein transfer ho gaye hain, jald se jald ocrlkk23@axl par refund kar dein.",No,No,No
spam,"Badhai ho, Post Matric Scholarship ke tahat aapka application Rs.880 ke liye approve ho gaya hai. Disbursement ke liye apni bank details bhejein.",No,No,No
spam,"Aapko Flipkart ke saath work-from-home job ke liye select kiya gaya hai. Rs.28,868 ka joining bonus paane ke liye apni bank details share karein.",No,No,No
spam,"Hi, mujhe lagta hai maine kisi aur ko pay karte waqt aapko galti se Rs.8,121 bhej diya. Kripya uailfhk57@ybl par wapas bhej dein, dhanyavad.",No,No,No
spam,"Galti se Rs.2,225 mere account se aapke account mein transfer ho gaye hain, jald se jald rkctcp@ybl par refund kar dein.",No,No,No
spam,Aapka SBI personal loan Rs.653 ka pre-approved hai. Process karne ke liye apni bank account aur Aadhaar details share karein.,No,No,No
spam,Aapka SBI personal loan Rs.652 ka pre-approved hai. Process karne ke liye apni bank account aur Aadhaar details share karein.,No,No,No
spam,"Maine galti se aapke PhonePe par Rs.44,537 bhej diya, kripya isse is UPI ID par refund kar dein: arsnbgca31@paytm",No,No,No
spam,"Sorry, maine galti se galat number par Rs.961 transfer kar diya, yeh aapka account lagta hai. Kripya wapas bhej dein cctui74@oksbi par.",No,No,No
spam,"Badhai ho, LPG Subsidy Scheme ke tahat aapka application Rs.964 ke liye approve ho gaya hai. Disbursement ke liye apni bank details bhejein.",No,No,No
spam,"Badhai ho, PMAY ke tahat aapka application Rs.39,159 ke liye approve ho gaya hai. Disbursement ke liye apni bank details bhejein.",No,No,No
spam,"Ayushman Bharat: Aapka scholarship benefit Rs.98,556 transfer ke liye ready hai. Ise paane ke liye apni bank passbook details submit karein.",No,No,No
spam,Aapki insurance policy ka maturity amount Rs.914 ready hai. Payment paane ke liye apni bank passbook details bhejein.,No,No,No
spam,"Hi, mujhe lagta hai maine kisi aur ko pay karte waqt aapko galti se Rs.62,430 bhej diya. Kripya eazsh@paytm par wapas bhej dein, dhanyavad.",No,No,No
spam,"Aapki insurance policy ka maturity amount Rs.66,181 ready hai. Payment paane ke liye apni bank passbook details bhejein.",No,No,No
spam,"Maine galti se aapke Amazon Pay par Rs.544 bhej diya, kripya isse is UPI ID par refund kar dein: xkdmhz77@paytm",No,No,No
spam,Post Matric Scholarship: Aapka scholarship benefit Rs.742 transfer ke liye ready hai. Ise paane ke liye apni bank passbook details submit karein.,No,No,No
spam,Aapki insurance policy ka maturity amount Rs.523 ready hai. Payment paane ke liye apni bank passbook details bhejein.,No,No,No
spam,"Badhai ho, PM Ujjwala Yojana ke tahat aapka application Rs.923 ke liye approve ho gaya hai. Disbursement ke liye apni bank details bhejein.",No,No,No
spam,"Badhai ho, State Scholarship Scheme ke tahat aapka application Rs.4,802 ke liye approve ho gaya hai. Disbursement ke liye apni bank details bhejein.",No,No,No
spam,"Badhai ho, LPG Subsidy Scheme ke tahat aapka application Rs.8,210 ke liye approve ho gaya hai. Disbursement ke liye apni bank details bhejein.",No,No,No
spam,"Aapko Flipkart ke saath work-from-home job ke liye select kiya gaya hai. Rs.1,398 ka joining bonus paane ke liye apni bank details share karein.",No,No,No
spam,"Aapko Wipro ke saath work-from-home job ke liye select kiya gaya hai. Rs.6,001 ka joining bonus paane ke liye apni bank details share karein.",No,No,No
spam,"Galti se Rs.43,784 mere account se aapke account mein transfer ho gaye hain, jald se jald thsdsy@okhdfcbank par refund kar dein.",No,No,No
spam,"Hi, mujhe lagta hai maine kisi aur ko pay karte waqt aapko galti se Rs.13,825 bhej diya. Kripya hznaz51@okicici par wapas bhej dein, dhanyavad.",No,No,No
spam,"Aapka Axis Bank personal loan Rs.2,257 ka pre-approved hai. Process karne ke liye apni bank account aur Aadhaar details share karein.",No,No,No
spam,"Sorry, maine galti se galat number par Rs.4,268 transfer kar diya, yeh aapka account lagta hai. Kripya wapas bhej dein ycgzyyt@ibl par.",No,No,No
spam,"Ayushman Bharat Alert: Aap scheme ke tahat Rs.92,117 ke liye eligible hain. Claim karne ke liye apna Aadhaar aur bank account number share karein.",No,No,No
spam,"Galti se Rs.29,521 mere account se aapke account mein transfer ho gaye hain, jald se jald nfmulnq86@ibl par refund kar dein.",No,No,No
spam,"Aapka Bank of Baroda personal loan Rs.6,604 ka pre-approved hai. Process karne ke liye apni bank account aur Aadhaar details share karein.",No,No,No
spam,State Scholarship Scheme: Aapka scholarship benefit Rs.807 transfer ke liye ready hai. Ise paane ke liye apni bank passbook details submit karein.,No,No,No
spam,"Aapko Flipkart ke saath work-from-home job ke liye select kiya gaya hai. Rs.2,857 ka joining bonus paane ke liye apni bank details share karein.",No,No,No
spam,"Galti se Rs.52,001 mere account se aapke account mein transfer ho gaye hain, jald se jald osemo51@okicici par refund kar dein.",No,No,No
spam,"Hi, mujhe lagta hai maine kisi aur ko pay karte waqt aapko galti se Rs.3,414 bhej diya. Kripya wmcujg@ybl par wapas bhej dein, dhanyavad.",No,No,No
spam,"State Scholarship Scheme: Aapka scholarship benefit Rs.1,333 transfer ke liye ready hai. Ise paane ke liye apni bank passbook details submit karein.",No,No,No
spam,LPG Subsidy Scheme: Aapka scholarship benefit Rs.527 transfer ke liye ready hai. Ise paane ke liye apni bank passbook details submit karein.,No,No,No
spam,"Hi, mujhe lagta hai maine kisi aur ko pay karte waqt aapko galti se Rs.54,806 bhej diya. Kripya tvkzeaom@okicici par wapas bhej dein, dhanyavad.",No,No,No
spam,"Aapki insurance policy ka maturity amount Rs.4,605 ready hai. Payment paane ke liye apni bank passbook details bhejein.",No,No,No
spam,Aapko TCS ke saath work-from-home job ke liye select kiya gaya hai. Rs.612 ka joining bonus paane ke liye apni bank details share karein.,No,No,No
spam,"PMAY Alert: Aap scheme ke tahat Rs.3,346 ke liye eligible hain. Claim karne ke liye apna Aadhaar aur bank account number share karein.",No,No,No
spam,"PM Kisan Samman Nidhi Alert: Aap scheme ke tahat Rs.67,301 ke liye eligible hain. Claim karne ke liye apna Aadhaar aur bank account number share karein.",No,No,No
spam,"Sorry, maine galti se galat number par Rs.7,421 transfer kar diya, yeh aapka account lagta hai. Kripya wapas bhej dein sshpp@oksbi par.",No,No,No
spam,"Maine galti se aapke PhonePe par Rs.728 bhej diya, kripya isse is UPI ID par refund kar dein: rxkjyl@ybl",No,No,No
spam,"Badhai ho, Ayushman Bharat ke tahat aapka application Rs.828 ke liye approve ho gaya hai. Disbursement ke liye apni bank details bhejein.",No,No,No
spam,"Aapka SBI personal loan Rs.4,813 ka pre-approved hai. Process karne ke liye apni bank account aur Aadhaar details share karein.",No,No,No
spam,"Hi, mujhe lagta hai maine kisi aur ko pay karte waqt aapko galti se Rs.5,032 bhej diya. Kripya xohtlqm54@okhdfcbank par wapas bhej dein, dhanyavad.",No,No,No
spam,"Sorry, maine galti se galat number par Rs.736 transfer kar diya, yeh aapka account lagta hai. Kripya wapas bhej dein vzzbtfgz@ybl par.",No,No,No
spam,"Sorry, maine galti se galat number par Rs.1,218 transfer kar diya, yeh aapka account lagta hai. Kripya wapas bhej dein zopdnrt@ibl par.",No,No,No
spam,"Maine galti se aapke PhonePe par Rs.852 bhej diya, kripya isse is UPI ID par refund kar dein: vaxgam@okicici",No,No,No
spam,"Ayushman Bharat: Aapka scholarship benefit Rs.7,190 transfer ke liye ready hai. Ise paane ke liye apni bank passbook details submit karein.",No,No,No
spam,Aapki insurance policy ka maturity amount Rs.557 ready hai. Payment paane ke liye apni bank passbook details bhejein.,No,No,No
spam,"Maine galti se aapke Amazon Pay par Rs.4,939 bhej diya, kripya isse is UPI ID par refund kar dein: tusrlmp@axl",No,No,No
spam,"Badhai ho, Ayushman Bharat ke tahat aapka application Rs.58,284 ke liye approve ho gaya hai. Disbursement ke liye apni bank details bhejein.",No,No,No
spam,"Aapka SBI personal loan Rs.6,606 ka pre-approved hai. Process karne ke liye apni bank account aur Aadhaar details share karein.",No,No,No
spam,"Aapki insurance policy ka maturity amount Rs.9,071 ready hai. Payment paane ke liye apni bank passbook details bhejein.",No,No,No
spam,"Aapki insurance policy ka maturity amount Rs.39,818 ready hai. Payment paane ke liye apni bank passbook details bhejein.",No,No,No
spam,"Sorry, maine galti se galat number par Rs.9,918 transfer kar diya, yeh aapka account lagta hai. Kripya wapas bhej dein ojmlqhz68@oksbi par.",No,No,No
spam,Aapko TCS ke saath work-from-home job ke liye select kiya gaya hai. Rs.986 ka joining bonus paane ke liye apni bank details share karein.,No,No,No
spam,"Maine galti se aapke Google Pay par Rs.44,486 bhej diya, kripya isse is UPI ID par refund kar dein: alltlag@okhdfcbank",No,No,No
spam,"Galti se Rs.523 mere account se aapke account mein transfer ho gaye hain, jald se jald lxvgmly32@ybl par refund kar dein.",No,No,No
spam,"Aapki insurance policy ka maturity amount Rs.5,981 ready hai. Payment paane ke liye apni bank passbook details bhejein.",No,No,No
spam,"Hi, mujhe lagta hai maine kisi aur ko pay karte waqt aapko galti se Rs.764 bhej diya. Kripya wgmsatl79@okhdfcbank par wapas bhej dein, dhanyavad.",No,No,No
spam,"Post Matric Scholarship Alert: Aap scheme ke tahat Rs.3,585 ke liye eligible hain. Claim karne ke liye apna Aadhaar aur bank account number share karein.",No,No,No
spam,"Galti se Rs.15,916 mere account se aapke account mein transfer ho gaye hain, jald se jald ybgvpzy@axl par refund kar dein.",No,No,No
spam,"Sorry, maine galti se galat number par Rs.8,599 transfer kar diya, yeh aapka account lagta hai. Kripya wapas bhej dein rgpdawgx66@oksbi par.",No,No,No
spam,"Maine galti se aapke Google Pay par Rs.995 bhej diya, kripya isse is UPI ID par refund kar dein: whazbx97@oksbi",No,No,No
spam,"Badhai ho, Ayushman Bharat ke tahat aapka application Rs.87,945 ke liye approve ho gaya hai. Disbursement ke liye apni bank details bhejein.",No,No,No
spam,"LPG Subsidy Scheme Alert: Aap scheme ke tahat Rs.5,082 ke liye eligible hain. Claim karne ke liye apna Aadhaar aur bank account number share karein.",No,No,No
spam,"PM Kisan Samman Nidhi: Aapka scholarship benefit Rs.5,348 transfer ke liye ready hai. Ise paane ke liye apni bank passbook details submit karein.",No,No,No
spam,"Badhai ho, State Scholarship Scheme ke tahat aapka application Rs.8,312 ke liye approve ho gaya hai. Disbursement ke liye apni bank details bhejein.",No,No,No
spam,"Hi, mujhe lagta hai maine kisi aur ko pay karte waqt aapko galti se Rs.77,339 bhej diya. Kripya obrror@ibl par wapas bhej dein, dhanyavad.",No,No,No
spam,"Hi, mujhe lagta hai maine kisi aur ko pay karte waqt aapko galti se Rs.623 bhej diya. Kripya mmedccs55@paytm par wapas bhej dein, dhanyavad.",No,No,No
spam,"Badhai ho, PM Ujjwala Yojana ke tahat aapka application Rs.8,348 ke liye approve ho gaya hai. Disbursement ke liye apni bank details bhejein.",No,No,No
spam,"Hi, mujhe lagta hai maine kisi aur ko pay karte waqt aapko galti se Rs.987 bhej diya. Kripya sadrktbq59@okicici par wapas bhej dein, dhanyavad.",No,No,No
spam,"PMAY: Aapka scholarship benefit Rs.5,724 transfer ke liye ready hai. Ise paane ke liye apni bank passbook details submit karein.",No,No,No
spam,"Hi, mujhe lagta hai maine kisi aur ko pay karte waqt aapko galti se Rs.99,377 bhej diya. Kripya orseg@okicici par wapas bhej dein, dhanyavad.",No,No,No
spam,"Sorry, maine galti se galat number par Rs.628 transfer kar diya, yeh aapka account lagta hai. Kripya wapas bhej dein tahgfu@oksbi par.",No,No,No
spam,"Hi, mujhe lagta hai maine kisi aur ko pay karte waqt aapko galti se Rs.1,852 bhej diya. Kripya aonsxq74@axl par wapas bhej dein, dhanyavad.",No,No,No
spam,"Aapko Flipkart ke saath work-from-home job ke liye select kiya gaya hai. Rs.98,087 ka joining bonus paane ke liye apni bank details share karein.",No,No,No
spam,"Galti se Rs.3,762 mere account se aapke account mein transfer ho gaye hain, jald se jald hpapxrr@ibl par refund kar dein.",No,No,No
spam,"Aapka Bank of Baroda personal loan Rs.42,820 ka pre-approved hai. Process karne ke liye apni bank account aur Aadhaar details share karein.",No,No,No
spam,"State Scholarship Scheme Alert: Aap scheme ke tahat Rs.7,143 ke liye eligible hain. Claim karne ke liye apna Aadhaar aur bank account number share karein.",No,No,No
spam,"PM Ujjwala Yojana: Aapka scholarship benefit Rs.6,949 transfer ke liye ready hai. Ise paane ke liye apni bank passbook details submit karein.",No,No,No
spam,"Hi, mujhe lagta hai maine kisi aur ko pay karte waqt aapko galti se Rs.7,695 bhej diya. Kripya pupdch11@axl par wapas bhej dein, dhanyavad.",No,No,No
spam,"LPG Subsidy Scheme: Aapka scholarship benefit Rs.90,239 transfer ke liye ready hai. Ise paane ke liye apni bank passbook details submit karein.",No,No,No
spam,"Maine galti se aapke Google Pay par Rs.6,781 bhej diya, kripya isse is UPI ID par refund kar dein: tvgee@axl",No,No,No
spam,Aapko Reliance ke saath work-from-home job ke liye select kiya gaya hai. Rs.596 ka joining bonus paane ke liye apni bank details share karein.,No,No,No
spam,"Ayushman Bharat: Aapka scholarship benefit Rs.5,529 transfer ke liye ready hai. Ise paane ke liye apni bank passbook details submit karein.",No,No,No
spam,"Hi, mujhe lagta hai maine kisi aur ko pay karte waqt aapko galti se Rs.11,885 bhej diya. Kripya jcymzwop@ibl par wapas bhej dein, dhanyavad.",No,No,No
spam,"Sorry, maine galti se galat number par Rs.2,215 transfer kar diya, yeh aapka account lagta hai. Kripya wapas bhej dein yckfil46@ybl par.",No,No,No
spam,"Sorry, maine galti se galat number par Rs.84,191 transfer kar diya, yeh aapka account lagta hai. Kripya wapas bhej dein fdfwut73@oksbi par.",No,No,No
spam,"Badhai ho, PM Ujjwala Yojana ke tahat aapka application Rs.3,794 ke liye approve ho gaya hai. Disbursement ke liye apni bank details bhejein.",No,No,No
spam,"Badhai ho, State Scholarship Scheme ke tahat aapka application Rs.579 ke liye approve ho gaya hai. Disbursement ke liye apni bank details bhejein.",No,No,No
spam,"Maine galti se aapke Amazon Pay par Rs.913 bhej diya, kripya isse is UPI ID par refund kar dein: rhlgengh25@okhdfcbank",No,No,No
spam,"Sorry, maine galti se galat number par Rs.18,420 transfer kar diya, yeh aapka account lagta hai. Kripya wapas bhej dein zymdsto@paytm par.",No,No,No
spam,"Sorry, maine galti se galat number par Rs.47,837 transfer kar diya, yeh aapka account lagta hai. Kripya wapas bhej dein ssaaixgo@okicici par.",No,No,No
spam,"Galti se Rs.9,447 mere account se aapke account mein transfer ho gaye hain, jald se jald cevybk@oksbi par refund kar dein.",No,No,No
spam,"Maine galti se aapke PhonePe par Rs.84,759 bhej diya, kripya isse is UPI ID par refund kar dein: quwxyn81@axl",No,No,No
spam,"Sorry, maine galti se galat number par Rs.3,904 transfer kar diya, yeh aapka account lagta hai. Kripya wapas bhej dein ehrvg15@okicici par.",No,No,No
spam,"Ayushman Bharat: Aapka scholarship benefit Rs.6,993 transfer ke liye ready hai. Ise paane ke liye apni bank passbook details submit karein.",No,No,No
spam,"Aapka Canara Bank personal loan Rs.91,138 ka pre-approved hai. Process karne ke liye apni bank account aur Aadhaar details share karein.",No,No,No
spam,"Maine galti se aapke Google Pay par Rs.78,671 bhej diya, kripya isse is UPI ID par refund kar dein: ejehiif67@axl",No,No,No
spam,Aapka Bank of Baroda personal loan Rs.859 ka pre-approved hai. Process karne ke liye apni bank account aur Aadhaar details share karein.,No,No,No
spam,"Hi, mujhe lagta hai maine kisi aur ko pay karte waqt aapko galti se Rs.6,626 bhej diya. Kripya eadegt@okicici par wapas bhej dein, dhanyavad.",No,No,No
spam,"Aapka ICICI Bank personal loan Rs.59,360 ka pre-approved hai. Process karne ke liye apni bank account aur Aadhaar details share karein.",No,No,No
spam,Aapko Wipro ke saath work-from-home job ke liye select kiya gaya hai. Rs.888 ka joining bonus paane ke liye apni bank details share karein.,No,No,No
spam,"Ayushman Bharat: Aapka scholarship benefit Rs.99,115 transfer ke liye ready hai. Ise paane ke liye apni bank passbook details submit karein.",No,No,No
spam,"Sorry, maine galti se galat number par Rs.4,114 transfer kar diya, yeh aapka account lagta hai. Kripya wapas bhej dein pwaujyei@axl par.",No,No,No
spam,"Galti se Rs.2,329 mere account se aapke account mein transfer ho gaye hain, jald se jald cftiyre14@oksbi par refund kar dein.",No,No,No
spam,"Aapko Flipkart ke saath work-from-home job ke liye select kiya gaya hai. Rs.14,662 ka joining bonus paane ke liye apni bank details share karein.",No,No,No
spam,State Scholarship Scheme: Aapka scholarship benefit Rs.948 transfer ke liye ready hai. Ise paane ke liye apni bank passbook details submit karein.,No,No,No
spam,"Aapki insurance policy ka maturity amount Rs.4,459 ready hai. Payment paane ke liye apni bank passbook details bhejein.",No,No,No
spam,Aapko Reliance ke saath work-from-home job ke liye select kiya gaya hai. Rs.886 ka joining bonus paane ke liye apni bank details share karein.,No,No,No
spam,"Badhai ho, PMAY ke tahat aapka application Rs.83,247 ke liye approve ho gaya hai. Disbursement ke liye apni bank details bhejein.",No,No,No
spam,"Aapki insurance policy ka maturity amount Rs.8,123 ready hai. Payment paane ke liye apni bank passbook details bhejein.",No,No,No
spam,"Galti se Rs.2,801 mere account se aapke account mein transfer ho gaye hain, jald se jald xxwip@oksbi par refund kar dein.",No,No,No
spam,"Sorry, maine galti se galat number par Rs.574 transfer kar diya, yeh aapka account lagta hai. Kripya wapas bhej dein xqalrfc27@okicici par.",No,No,No
spam,"Badhai ho, Ayushman Bharat ke tahat aapka application Rs.2,011 ke liye approve ho gaya hai. Disbursement ke liye apni bank details bhejein.",No,No,No
spam,Aapki insurance policy ka maturity amount Rs.513 ready hai. Payment paane ke liye apni bank passbook details bhejein.,No,No,No
spam,"Hi, mujhe lagta hai maine kisi aur ko pay karte waqt aapko galti se Rs.1,557 bhej diya. Kripya kkyxnpt@okicici par wapas bhej dein, dhanyavad.",No,No,No
spam,Ayushman Bharat: Aapka scholarship benefit Rs.863 transfer ke liye ready hai. Ise paane ke liye apni bank passbook details submit karein.,No,No,No
spam,"Sorry, maine galti se galat number par Rs.587 transfer kar diya, yeh aapka account lagta hai. Kripya wapas bhej dein czgygpf50@ibl par.",No,No,No
spam,"Galti se Rs.745 mere account se aapke account mein transfer ho gaye hain, jald se jald iwwkif92@oksbi par refund kar dein.",No,No,No
spam,Aapko HCL ke saath work-from-home job ke liye select kiya gaya hai. Rs.557 ka joining bonus paane ke liye apni bank details share karein.,No,No,No
spam,"Hi, mujhe lagta hai maine kisi aur ko pay karte waqt aapko galti se Rs.9,020 bhej diya. Kripya pzwfpjq45@okicici par wapas bhej dein, dhanyavad.",No,No,No
spam,"Aapka HDFC Bank personal loan Rs.22,672 ka pre-approved hai. Process karne ke liye apni bank account aur Aadhaar details share karein.",No,No,No
spam,Aapka HDFC Bank personal loan Rs.658 ka pre-approved hai. Process karne ke liye apni bank account aur Aadhaar details share karein.,No,No,No
spam,"Aapki insurance policy ka maturity amount Rs.55,643 ready hai. Payment paane ke liye apni bank passbook details bhejein.",No,No,No
spam,"PM Kisan Samman Nidhi: Aapka scholarship benefit Rs.3,261 transfer ke liye ready hai. Ise paane ke liye apni bank passbook details submit karein.",No,No,No
spam,"Sorry, maine galti se galat number par Rs.978 transfer kar diya, yeh aapka account lagta hai. Kripya wapas bhej dein phirs10@oksbi par.",No,No,No
spam,"Galti se Rs.6,836 mere account se aapke account mein transfer ho gaye hain, jald se jald qdswxjm66@okhdfcbank par refund kar dein.",No,No,No
spam,"Maine galti se aapke Paytm par Rs.962 bhej diya, kripya isse is UPI ID par refund kar dein: ysrswxm32@ybl",No,No,No
spam,"Badhai ho, Post Matric Scholarship ke tahat aapka application Rs.838 ke liye approve ho gaya hai. Disbursement ke liye apni bank details bhejein.",No,No,No
spam,"Aapko Wipro ke saath work-from-home job ke liye select kiya gaya hai. Rs.10,225 ka joining bonus paane ke liye apni bank details share karein.",No,No,No
spam,Aapki insurance policy ka maturity amount Rs.516 ready hai. Payment paane ke liye apni bank passbook details bhejein.,No,No,No
spam,"Badhai ho, PM Ujjwala Yojana ke tahat aapka application Rs.833 ke liye approve ho gaya hai. Disbursement ke liye apni bank details bhejein.",No,No,No
spam,Aapko Reliance ke saath work-from-home job ke liye select kiya gaya hai. Rs.814 ka joining bonus paane ke liye apni bank details share karein.,No,No,No
spam,"Sorry, maine galti se galat number par Rs.6,425 transfer kar diya, yeh aapka account lagta hai. Kripya wapas bhej dein jstjvh@ibl par.",No,No,No
spam,"Aapki insurance policy ka maturity amount Rs.8,928 ready hai. Payment paane ke liye apni bank passbook details bhejein.",No,No,No
spam,"Maine galti se aapke PhonePe par Rs.794 bhej diya, kripya isse is UPI ID par refund kar dein: dfsljjm@ibl",No,No,No
spam,"State Scholarship Scheme Alert: Aap scheme ke tahat Rs.1,231 ke liye eligible hain. Claim karne ke liye apna Aadhaar aur bank account number share karein.",No,No,No
spam,"PM Kisan Samman Nidhi: Aapka scholarship benefit Rs.65,678 transfer ke liye ready hai. Ise paane ke liye apni bank passbook details submit karein.",No,No,No
spam,"Hi, mujhe lagta hai maine kisi aur ko pay karte waqt aapko galti se Rs.45,627 bhej diya. Kripya jekaksd@oksbi par wapas bhej dein, dhanyavad.",No,No,No
spam,"Galti se Rs.6,885 mere account se aapke account mein transfer ho gaye hain, jald se jald tdflclep21@paytm par refund kar dein.",No,No,No
spam,"Hi, mujhe lagta hai maine kisi aur ko pay karte waqt aapko galti se Rs.3,863 bhej diya. Kripya iseozov31@okhdfcbank par wapas bhej dein, dhanyavad.",No,No,No
spam,"Aapko Amazon ke saath work-from-home job ke liye select kiya gaya hai. Rs.92,973 ka joining bonus paane ke liye apni bank details share karein.",No,No,No
spam,"Sorry, maine galti se galat number par Rs.8,466 transfer kar diya, yeh aapka account lagta hai. Kripya wapas bhej dein uvsgikrz@ibl par.",No,No,No
spam,Aapki insurance policy ka maturity amount Rs.778 ready hai. Payment paane ke liye apni bank passbook details bhejein.,No,No,No
spam,"Aapko Infosys ke saath work-from-home job ke liye select kiya gaya hai. Rs.42,053 ka joining bonus paane ke liye apni bank details share karein.",No,No,No
spam,"Hi, mujhe lagta hai maine kisi aur ko pay karte waqt aapko galti se Rs.710 bhej diya. Kripya cuaqj41@ibl par wapas bhej dein, dhanyavad.",No,No,No
spam,"Sorry, maine galti se galat number par Rs.5,850 transfer kar diya, yeh aapka account lagta hai. Kripya wapas bhej dein lpiitodb16@axl par.",No,No,No
spam,"Sorry, maine galti se galat number par Rs.5,702 transfer kar diya, yeh aapka account lagta hai. Kripya wapas bhej dein oripmsx@ibl par.",No,No,No
spam,"Badhai ho, PM Ujjwala Yojana ke tahat aapka application Rs.1,218 ke liye approve ho gaya hai. Disbursement ke liye apni bank details bhejein.",No,No,No
spam,"Aapki insurance policy ka maturity amount Rs.18,167 ready hai. Payment paane ke liye apni bank passbook details bhejein.",No,No,No
spam,"Maine galti se aapke Google Pay par Rs.7,127 bhej diya, kripya isse is UPI ID par refund kar dein: qfcht@oksbi",No,No,No
spam,"Sorry, maine galti se galat number par Rs.758 transfer kar diya, yeh aapka account lagta hai. Kripya wapas bhej dein scdps25@okhdfcbank par.",No,No,No
spam,"Galti se Rs.1,773 mere account se aapke account mein transfer ho gaye hain, jald se jald xahpqoiq@axl par refund kar dein.",No,No,No
spam,"Aapka Kotak Mahindra Bank personal loan Rs.23,657 ka pre-approved hai. Process karne ke liye apni bank account aur Aadhaar details share karein.",No,No,No
spam,"Sorry, maine galti se galat number par Rs.9,725 transfer kar diya, yeh aapka account lagta hai. Kripya wapas bhej dein jgzxbbwy@oksbi par.",No,No,No
spam,"Maine galti se aapke Amazon Pay par Rs.3,682 bhej diya, kripya isse is UPI ID par refund kar dein: jgnzt84@paytm",No,No,No
spam,"Aapko Flipkart ke saath work-from-home job ke liye select kiya gaya hai. Rs.7,504 ka joining bonus paane ke liye apni bank details share karein.",No,No,No
spam,Post Matric Scholarship: Aapka scholarship benefit Rs.512 transfer ke liye ready hai. Ise paane ke liye apni bank passbook details submit karein.,No,No,No
spam,"Maine galti se aapke Google Pay par Rs.89,454 bhej diya, kripya isse is UPI ID par refund kar dein: nneyzav28@paytm",No,No,No
spam,"Sorry, maine galti se galat number par Rs.36,790 transfer kar diya, yeh aapka account lagta hai. Kripya wapas bhej dein mihako@paytm par.",No,No,No
spam,"Hi, mujhe lagta hai maine kisi aur ko pay karte waqt aapko galti se Rs.91,709 bhej diya. Kripya ujrcqdik96@okhdfcbank par wapas bhej dein, dhanyavad.",No,No,No
spam,"Galti se Rs.822 mere account se aapke account mein transfer ho gaye hain, jald se jald lpjkal@paytm par refund kar dein.",No,No,No
spam,"Galti se Rs.42,325 mere account se aapke account mein transfer ho gaye hain, jald se jald dwidcd@okicici par refund kar dein.",No,No,No
spam,"Aapki insurance policy ka maturity amount Rs.5,828 ready hai. Payment paane ke liye apni bank passbook details bhejein.",No,No,No
spam,"Aapka Bank of Baroda personal loan Rs.56,899 ka pre-approved hai. Process karne ke liye apni bank account aur Aadhaar details share karein.",No,No,No
spam,"LPG Subsidy Scheme: Aapka scholarship benefit Rs.1,148 transfer ke liye ready hai. Ise paane ke liye apni bank passbook details submit karein.",No,No,No
spam,Aapko Reliance ke saath work-from-home job ke liye select kiya gaya hai. Rs.774 ka joining bonus paane ke liye apni bank details share karein.,No,No,No
spam,"Galti se Rs.557 mere account se aapke account mein transfer ho gaye hain, jald se jald qnjfz@axl par refund kar dein.",No,No,No
spam,"PMAY: Aapka scholarship benefit Rs.81,430 transfer ke liye ready hai. Ise paane ke liye apni bank passbook details submit karein.",No,No,No
spam,"Badhai ho, LPG Subsidy Scheme ke tahat aapka application Rs.7,456 ke liye approve ho gaya hai. Disbursement ke liye apni bank details bhejein.",No,No,No
spam,"PM Ujjwala Yojana: Aapka scholarship benefit Rs.3,939 transfer ke liye ready hai. Ise paane ke liye apni bank passbook details submit karein.",No,No,No
spam,"Sorry, maine galti se galat number par Rs.19,452 transfer kar diya, yeh aapka account lagta hai. Kripya wapas bhej dein zrnlyzcr@ibl par.",No,No,No
spam,PM Ujjwala Yojana: Aapka scholarship benefit Rs.616 transfer ke liye ready hai. Ise paane ke liye apni bank passbook details submit karein.,No,No,No
spam,"Aapki insurance policy ka maturity amount Rs.2,525 ready hai. Payment paane ke liye apni bank passbook details bhejein.",No,No,No
spam,Post Matric Scholarship Alert: Aap scheme ke tahat Rs.896 ke liye eligible hain. Claim karne ke liye apna Aadhaar aur bank account number share karein.,No,No,No
spam,Post Matric Scholarship Alert: Aap scheme ke tahat Rs.792 ke liye eligible hain. Claim karne ke liye apna Aadhaar aur bank account number share karein.,No,No,No
spam,"Aapko Reliance ke saath work-from-home job ke liye select kiya gaya hai. Rs.50,890 ka joining bonus paane ke liye apni bank details share karein.",No,No,No
spam,"Maine galti se aapke PhonePe par Rs.12,182 bhej diya, kripya isse is UPI ID par refund kar dein: yzrzz@paytm",No,No,No
spam,"Aapka Axis Bank personal loan Rs.58,108 ka pre-approved hai. Process karne ke liye apni bank account aur Aadhaar details share karein.",No,No,No
spam,"Sorry, maine galti se galat number par Rs.904 transfer kar diya, yeh aapka account lagta hai. Kripya wapas bhej dein sboxpv55@okhdfcbank par.",No,No,No
spam,"Post Matric Scholarship: Aapka scholarship benefit Rs.13,761 transfer ke liye ready hai. Ise paane ke liye apni bank passbook details submit karein.",No,No,No
spam,"Hi, mujhe lagta hai maine kisi aur ko pay karte waqt aapko galti se Rs.791 bhej diya. Kripya dqsxas@okicici par wapas bhej dein, dhanyavad.",No,No,No
spam,Aapki insurance policy ka maturity amount Rs.586 ready hai. Payment paane ke liye apni bank passbook details bhejein.,No,No,No
spam,"Sorry, maine galti se galat number par Rs.573 transfer kar diya, yeh aapka account lagta hai. Kripya wapas bhej dein mvfgs14@ibl par.",No,No,No
spam,"PM Ujjwala Yojana Alert: Aap scheme ke tahat Rs.8,614 ke liye eligible hain. Claim karne ke liye apna Aadhaar aur bank account number share karein.",No,No,No
spam,"Badhai ho, LPG Subsidy Scheme ke tahat aapka application Rs.50,853 ke liye approve ho gaya hai. Disbursement ke liye apni bank details bhejein.",No,No,No
spam,National Scholarship Portal: Aapka scholarship benefit Rs.926 transfer ke liye ready hai. Ise paane ke liye apni bank passbook details submit karein.,No,No,No
spam,"Aapki insurance policy ka maturity amount Rs.8,144 ready hai. Payment paane ke liye apni bank passbook details bhejein.",No,No,No
spam,"Galti se Rs.20,442 mere account se aapke account mein transfer ho gaye hain, jald se jald aomhinej@oksbi par refund kar dein.",No,No,No
spam,"PM Ujjwala Yojana: Aapka scholarship benefit Rs.68,301 transfer ke liye ready hai. Ise paane ke liye apni bank passbook details submit karein.",No,No,No
spam,"PM Kisan Samman Nidhi: Aapka scholarship benefit Rs.4,559 transfer ke liye ready hai. Ise paane ke liye apni bank passbook details submit karein.",No,No,No
spam,"Badhai ho, Post Matric Scholarship ke tahat aapka application Rs.870 ke liye approve ho gaya hai. Disbursement ke liye apni bank details bhejein.",No,No,No
spam,"PM Kisan Samman Nidhi: Aapka scholarship benefit Rs.67,541 transfer ke liye ready hai. Ise paane ke liye apni bank passbook details submit karein.",No,No,No
spam,"Hi, mujhe lagta hai maine kisi aur ko pay karte waqt aapko galti se Rs.81,376 bhej diya. Kripya nseddxox44@okicici par wapas bhej dein, dhanyavad.",No,No,No
spam,"Aapki insurance policy ka maturity amount Rs.8,729 ready hai. Payment paane ke liye apni bank passbook details bhejein.",No,No,No
spam,"Maine galti se aapke Amazon Pay par Rs.850 bhej diya, kripya isse is UPI ID par refund kar dein: lvrilveb92@ibl",No,No,No
spam,"Sorry, maine galti se galat number par Rs.585 transfer kar diya, yeh aapka account lagta hai. Kripya wapas bhej dein dofeuhr22@okhdfcbank par.",No,No,No
spam,"Aapki insurance policy ka maturity amount Rs.5,602 ready hai. Payment paane ke liye apni bank passbook details bhejein.",No,No,No
spam,"Ayushman Bharat: Aapka scholarship benefit Rs.1,096 transfer ke liye ready hai. Ise paane ke liye apni bank passbook details submit karein.",No,No,No
spam,"Sorry, maine galti se galat number par Rs.70,622 transfer kar diya, yeh aapka account lagta hai. Kripya wapas bhej dein ysvox42@ibl par.",No,No,No
spam,"Aapki insurance policy ka maturity amount Rs.28,796 ready hai. Payment paane ke liye apni bank passbook details bhejein.",No,No,No
spam,"State Scholarship Scheme: Aapka scholarship benefit Rs.13,829 transfer ke liye ready hai. Ise paane ke liye apni bank passbook details submit karein.",No,No,No
spam,"Maine galti se aapke Paytm par Rs.669 bhej diya, kripya isse is UPI ID par refund kar dein: ztokma@ybl",No,No,No
spam,"Sorry, maine galti se galat number par Rs.2,517 transfer kar diya, yeh aapka account lagta hai. Kripya wapas bhej dein xjskws@ibl par.",No,No,No
spam,"Badhai ho, Ayushman Bharat ke tahat aapka application Rs.2,369 ke liye approve ho gaya hai. Disbursement ke liye apni bank details bhejein.",No,No,No
spam,"Ayushman Bharat: Aapka scholarship benefit Rs.6,471 transfer ke liye ready hai. Ise paane ke liye apni bank passbook details submit karein.",No,No,No
spam,"Hi, mujhe lagta hai maine kisi aur ko pay karte waqt aapko galti se Rs.70,149 bhej diya. Kripya qgxif77@ybl par wapas bhej dein, dhanyavad.",No,No,No
spam,"Badhai ho, LPG Subsidy Scheme ke tahat aapka application Rs.528 ke liye approve ho gaya hai. Disbursement ke liye apni bank details bhejein.",No,No,No
spam,Aapko Wipro ke saath work-from-home job ke liye select kiya gaya hai. Rs.716 ka joining bonus paane ke liye apni bank details share karein.,No,No,No
spam,"Sorry, maine galti se galat number par Rs.39,025 transfer kar diya, yeh aapka account lagta hai. Kripya wapas bhej dein mqmivq@paytm par.",No,No,No
spam,"Sorry, maine galti se galat number par Rs.2,679 transfer kar diya, yeh aapka account lagta hai. Kripya wapas bhej dein newvaw@ybl par.",No,No,No
spam,"Aapko Infosys ke saath work-from-home job ke liye select kiya gaya hai. Rs.87,641 ka joining bonus paane ke liye apni bank details share karein.",No,No,No
spam,"Ayushman Bharat: Aapka scholarship benefit Rs.93,051 transfer ke liye ready hai. Ise paane ke liye apni bank passbook details submit karein.",No,No,No
spam,"PMAY: Aapka scholarship benefit Rs.65,970 transfer ke liye ready hai. Ise paane ke liye apni bank passbook details submit karein.",No,No,No
spam,"Galti se Rs.69,271 mere account se aapke account mein transfer ho gaye hain, jald se jald ualssjbl23@oksbi par refund kar dein.",No,No,No
spam,"Maine galti se aapke Amazon Pay par Rs.762 bhej diya, kripya isse is UPI ID par refund kar dein: ytfcoch@oksbi",No,No,No
spam,"Sorry, maine galti se galat number par Rs.9,155 transfer kar diya, yeh aapka account lagta hai. Kripya wapas bhej dein wyiyydl@ybl par.",No,No,No
spam,"PM Ujjwala Yojana Alert: Aap scheme ke tahat Rs.29,883 ke liye eligible hain. Claim karne ke liye apna Aadhaar aur bank account number share karein.",No,No,No
spam,"PMAY Alert: Aap scheme ke tahat Rs.25,687 ke liye eligible hain. Claim karne ke liye apna Aadhaar aur bank account number share karein.",No,No,No
spam,"Aapki insurance policy ka maturity amount Rs.6,823 ready hai. Payment paane ke liye apni bank passbook details bhejein.",No,No,No
spam,"Aapka SBI personal loan Rs.7,130 ka pre-approved hai. Process karne ke liye apni bank account aur Aadhaar details share karein.",No,No,No
spam,"Galti se Rs.910 mere account se aapke account mein transfer ho gaye hain, jald se jald lvuqs59@okicici par refund kar dein.",No,No,No
spam,"Badhai ho, PMAY ke tahat aapka application Rs.51,599 ke liye approve ho gaya hai. Disbursement ke liye apni bank details bhejein.",No,No,No
spam,Aapki insurance policy ka maturity amount Rs.943 ready hai. Payment paane ke liye apni bank passbook details bhejein.,No,No,No
spam,Aapko Amazon ke saath work-from-home job ke liye select kiya gaya hai. Rs.841 ka joining bonus paane ke liye apni bank details share karein.,No,No,No
spam,Aapki insurance policy ka maturity amount Rs.772 ready hai. Payment paane ke liye apni bank passbook details bhejein.,No,No,No
spam,Post Matric Scholarship Alert: Aap scheme ke tahat Rs.566 ke liye eligible hain. Claim karne ke liye apna Aadhaar aur bank account number share karein.,No,No,No
spam,"Sorry, maine galti se galat number par Rs.4,414 transfer kar diya, yeh aapka account lagta hai. Kripya wapas bhej dein hwajiy@ibl par.",No,No,No
spam,"Maine galti se aapke PhonePe par Rs.4,170 bhej diya, kripya isse is UPI ID par refund kar dein: bphlev91@paytm",No,No,No
spam,"Sorry, maine galti se galat number par Rs.6,391 transfer kar diya, yeh aapka account lagta hai. Kripya wapas bhej dein dxikoxk@okhdfcbank par.",No,No,No
spam,"LPG Subsidy Scheme Alert: Aap scheme ke tahat Rs.20,690 ke liye eligible hain. Claim karne ke liye apna Aadhaar aur bank account number share karein.",No,No,No
spam,"Badhai ho, Ayushman Bharat ke tahat aapka application Rs.30,674 ke liye approve ho gaya hai. Disbursement ke liye apni bank details bhejein.",No,No,No
spam,"Sorry, maine galti se galat number par Rs.9,093 transfer kar diya, yeh aapka account lagta hai. Kripya wapas bhej dein nvfuca44@oksbi par.",No,No,No
spam,"Badhai ho, National Scholarship Portal ke tahat aapka application Rs.3,987 ke liye approve ho gaya hai. Disbursement ke liye apni bank details bhejein.",No,No,No
spam,"Sorry, maine galti se galat number par Rs.991 transfer kar diya, yeh aapka account lagta hai. Kripya wapas bhej dein rrfqxcx@axl par.",No,No,No
spam,"LPG Subsidy Scheme: Aapka scholarship benefit Rs.2,317 transfer ke liye ready hai. Ise paane ke liye apni bank passbook details submit karein.",No,No,No
spam,"Sorry, maine galti se galat number par Rs.893 transfer kar diya, yeh aapka account lagta hai. Kripya wapas bhej dein ulfnqj69@ibl par.",No,No,No
spam,"Galti se Rs.724 mere account se aapke account mein transfer ho gaye hain, jald se jald yhlnkirz@okicici par refund kar dein.",No,No,No
spam,PM Ujjwala Yojana: Aapka scholarship benefit Rs.845 transfer ke liye ready hai. Ise paane ke liye apni bank passbook details submit karein.,No,No,No
spam,"Aapko TCS ke saath work-from-home job ke liye select kiya gaya hai. Rs.54,774 ka joining bonus paane ke liye apni bank details share karein.",No,No,No
spam,"Badhai ho, Post Matric Scholarship ke tahat aapka application Rs.2,181 ke liye approve ho gaya hai. Disbursement ke liye apni bank details bhejein.",No,No,No
spam,"PMAY Alert: Aap scheme ke tahat Rs.3,027 ke liye eligible hain. Claim karne ke liye apna Aadhaar aur bank account number share karein.",No,No,No
spam,"Aapka Axis Bank personal loan Rs.9,701 ka pre-approved hai. Process karne ke liye apni bank account aur Aadhaar details share karein.",No,No,No
spam,PM Kisan Samman Nidhi Alert: Aap scheme ke tahat Rs.578 ke liye eligible hain. Claim karne ke liye apna Aadhaar aur bank account number share karein.,No,No,No
spam,Aapko Reliance ke saath work-from-home job ke liye select kiya gaya hai. Rs.979 ka joining bonus paane ke liye apni bank details share karein.,No,No,No
spam,"Aapki insurance policy ka maturity amount Rs.97,409 ready hai. Payment paane ke liye apni bank passbook details bhejein.",No,No,No
spam,"Sorry, maine galti se galat number par Rs.1,632 transfer kar diya, yeh aapka account lagta hai. Kripya wapas bhej dein tyltt57@okhdfcbank par.",No,No,No
spam,"Post Matric Scholarship: Aapka scholarship benefit Rs.81,453 transfer ke liye ready hai. Ise paane ke liye apni bank passbook details submit karein.",No,No,No
spam,"Hi, mujhe lagta hai maine kisi aur ko pay karte waqt aapko galti se Rs.35,118 bhej diya. Kripya stqceu63@paytm par wapas bhej dein, dhanyavad.",No,No,No
spam,Post Matric Scholarship Alert: Aap scheme ke tahat Rs.793 ke liye eligible hain. Claim karne ke liye apna Aadhaar aur bank account number share karein.,No,No,No
spam,"Maine galti se aapke Google Pay par Rs.57,734 bhej diya, kripya isse is UPI ID par refund kar dein: tlccex@okhdfcbank",No,No,No
spam,"Aapka SBI personal loan Rs.2,858 ka pre-approved hai. Process karne ke liye apni bank account aur Aadhaar details share karein.",No,No,No
spam,"Hi, mujhe lagta hai maine kisi aur ko pay karte waqt aapko galti se Rs.3,619 bhej diya. Kripya pkpudjps27@ybl par wapas bhej dein, dhanyavad.",No,No,No
spam,"Hi, mujhe lagta hai maine kisi aur ko pay karte waqt aapko galti se Rs.99,345 bhej diya. Kripya qurtkbsx50@oksbi par wapas bhej dein, dhanyavad.",No,No,No
spam,"Sorry, maine galti se galat number par Rs.659 transfer kar diya, yeh aapka account lagta hai. Kripya wapas bhej dein vkxxbgfp23@ybl par.",No,No,No
spam,Aapki insurance policy ka maturity amount Rs.953 ready hai. Payment paane ke liye apni bank passbook details bhejein.,No,No,No
spam,Aapki insurance policy ka maturity amount Rs.545 ready hai. Payment paane ke liye apni bank passbook details bhejein.,No,No,No
spam,"Sorry, maine galti se galat number par Rs.3,980 transfer kar diya, yeh aapka account lagta hai. Kripya wapas bhej dein xzevzv@ybl par.",No,No,No
spam,"Galti se Rs.542 mere account se aapke account mein transfer ho gaye hain, jald se jald zular52@ibl par refund kar dein.",No,No,No
spam,"Maine galti se aapke Google Pay par Rs.7,642 bhej diya, kripya isse is UPI ID par refund kar dein: wflnwxlp@axl",No,No,No
spam,"Maine galti se aapke Paytm par Rs.874 bhej diya, kripya isse is UPI ID par refund kar dein: cyovpar56@ybl",No,No,No
spam,PMAY: Aapka scholarship benefit Rs.879 transfer ke liye ready hai. Ise paane ke liye apni bank passbook details submit karein.,No,No,No
spam,"Hi, mujhe lagta hai maine kisi aur ko pay karte waqt aapko galti se Rs.21,882 bhej diya. Kripya rrkmyfv56@axl par wapas bhej dein, dhanyavad.",No,No,No
spam,Aapka SBI personal loan Rs.658 ka pre-approved hai. Process karne ke liye apni bank account aur Aadhaar details share karein.,No,No,No
spam,"Maine galti se aapke Paytm par Rs.44,339 bhej diya, kripya isse is UPI ID par refund kar dein: umvwruaj@ybl",No,No,No
spam,"Badhai ho, PMAY ke tahat aapka application Rs.79,633 ke liye approve ho gaya hai. Disbursement ke liye apni bank details bhejein.",No,No,No
spam,"Hi, mujhe lagta hai maine kisi aur ko pay karte waqt aapko galti se Rs.98,729 bhej diya. Kripya bkbkwqv97@paytm par wapas bhej dein, dhanyavad.",No,No,No
spam,"State Scholarship Scheme: Aapka scholarship benefit Rs.55,411 transfer ke liye ready hai. Ise paane ke liye apni bank passbook details submit karein.",No,No,No
spam,"Post Matric Scholarship Alert: Aap scheme ke tahat Rs.70,442 ke liye eligible hain. Claim karne ke liye apna Aadhaar aur bank account number share karein.",No,No,No
spam,"Badhai ho, Ayushman Bharat ke tahat aapka application Rs.8,353 ke liye approve ho gaya hai. Disbursement ke liye apni bank details bhejein.",No,No,No
spam,Aapki insurance policy ka maturity amount Rs.690 ready hai. Payment paane ke liye apni bank passbook details bhejein.,No,No,No
spam,Aapka HDFC Bank personal loan Rs.854 ka pre-approved hai. Process karne ke liye apni bank account aur Aadhaar details share karein.,No,No,No
spam,Aapka Canara Bank personal loan Rs.598 ka pre-approved hai. Process karne ke liye apni bank account aur Aadhaar details share karein.,No,No,No
spam,"Post Matric Scholarship Alert: Aap scheme ke tahat Rs.4,554 ke liye eligible hain. Claim karne ke liye apna Aadhaar aur bank account number share karein.",No,No,No
spam,"Galti se Rs.7,719 mere account se aapke account mein transfer ho gaye hain, jald se jald dirnbvch71@paytm par refund kar dein.",No,No,No
spam,"Galti se Rs.765 mere account se aapke account mein transfer ho gaye hain, jald se jald yilpdbay@ibl par refund kar dein.",No,No,No
spam,"Galti se Rs.35,929 mere account se aapke account mein transfer ho gaye hain, jald se jald kqykaqa@oksbi par refund kar dein.",No,No,No
spam,"Maine galti se aapke Paytm par Rs.679 bhej diya, kripya isse is UPI ID par refund kar dein: zpgtqhv@okhdfcbank",No,No,No
spam,"Sorry, maine galti se galat number par Rs.651 transfer kar diya, yeh aapka account lagta hai. Kripya wapas bhej dein hioohhds92@okicici par.",No,No,No
spam,Aapko Amazon ke saath work-from-home job ke liye select kiya gaya hai. Rs.750 ka joining bonus paane ke liye apni bank details share karein.,No,No,No
spam,LPG Subsidy Scheme Alert: Aap scheme ke tahat Rs.922 ke liye eligible hain. Claim karne ke liye apna Aadhaar aur bank account number share karein.,No,No,No
spam,"Sorry, maine galti se galat number par Rs.641 transfer kar diya, yeh aapka account lagta hai. Kripya wapas bhej dein sbzfiqa@oksbi par.",No,No,No
spam,PMAY: Aapka scholarship benefit Rs.941 transfer ke liye ready hai. Ise paane ke liye apni bank passbook details submit karein.,No,No,No
spam,"Badhai ho, LPG Subsidy Scheme ke tahat aapka application Rs.923 ke liye approve ho gaya hai. Disbursement ke liye apni bank details bhejein.",No,No,No
spam,"Galti se Rs.718 mere account se aapke account mein transfer ho gaye hain, jald se jald fcvzvy36@okhdfcbank par refund kar dein.",No,No,No
spam,"Aapki insurance policy ka maturity amount Rs.21,558 ready hai. Payment paane ke liye apni bank passbook details bhejein.",No,No,No
spam,"Maine galti se aapke Google Pay par Rs.43,117 bhej diya, kripya isse is UPI ID par refund kar dein: dmsscpde98@ibl",No,No,No
spam,"Sorry, maine galti se galat number par Rs.82,476 transfer kar diya, yeh aapka account lagta hai. Kripya wapas bhej dein ofsfbov@ibl par.",No,No,No
spam,"State Scholarship Scheme: Aapka scholarship benefit Rs.75,861 transfer ke liye ready hai. Ise paane ke liye apni bank passbook details submit karein.",No,No,No
spam,"Hi, mujhe lagta hai maine kisi aur ko pay karte waqt aapko galti se Rs.3,596 bhej diya. Kripya xicydkh@okhdfcbank par wapas bhej dein, dhanyavad.",No,No,No
spam,Aapko TCS ke saath work-from-home job ke liye select kiya gaya hai. Rs.813 ka joining bonus paane ke liye apni bank details share karein.,No,No,No
spam,"Sorry, maine galti se galat number par Rs.923 transfer kar diya, yeh aapka account lagta hai. Kripya wapas bhej dein swjasw19@axl par.",No,No,No
spam,"Hi, mujhe lagta hai maine kisi aur ko pay karte waqt aapko galti se Rs.822 bhej diya. Kripya mylyveq24@oksbi par wapas bhej dein, dhanyavad.",No,No,No
spam,"Maine galti se aapke Google Pay par Rs.32,499 bhej diya, kripya isse is UPI ID par refund kar dein: jwoxmsm@okicici",No,No,No
spam,"Ayushman Bharat Alert: Aap scheme ke tahat Rs.2,776 ke liye eligible hain. Claim karne ke liye apna Aadhaar aur bank account number share karein.",No,No,No
spam,"Sorry, maine galti se galat number par Rs.8,914 transfer kar diya, yeh aapka account lagta hai. Kripya wapas bhej dein zzctims61@axl par.",No,No,No
spam,"Badhai ho, State Scholarship Scheme ke tahat aapka application Rs.31,565 ke liye approve ho gaya hai. Disbursement ke liye apni bank details bhejein.",No,No,No
spam,Aapka SBI personal loan Rs.982 ka pre-approved hai. Process karne ke liye apni bank account aur Aadhaar details share karein.,No,No,No
spam,"Hi, mujhe lagta hai maine kisi aur ko pay karte waqt aapko galti se Rs.7,658 bhej diya. Kripya kqfsl@okicici par wapas bhej dein, dhanyavad.",No,No,No
spam,"Hi, mujhe lagta hai maine kisi aur ko pay karte waqt aapko galti se Rs.3,631 bhej diya. Kripya hdtev@oksbi par wapas bhej dein, dhanyavad.",No,No,No
spam,"Aapki insurance policy ka maturity amount Rs.37,505 ready hai. Payment paane ke liye apni bank passbook details bhejein.",No,No,No
spam,"Hi, mujhe lagta hai maine kisi aur ko pay karte waqt aapko galti se Rs.71,140 bhej diya. Kripya dgpxv@paytm par wapas bhej dein, dhanyavad.",No,No,No
spam,"Badhai ho, PMAY ke tahat aapka application Rs.99,375 ke liye approve ho gaya hai. Disbursement ke liye apni bank details bhejein.",No,No,No
spam,"Sorry, maine galti se galat number par Rs.9,175 transfer kar diya, yeh aapka account lagta hai. Kripya wapas bhej dein mbdtp23@axl par.",No,No,No
spam,"Sorry, maine galti se galat number par Rs.37,584 transfer kar diya, yeh aapka account lagta hai. Kripya wapas bhej dein jdulal13@paytm par.",No,No,No
spam,"Sorry, maine galti se galat number par Rs.58,948 transfer kar diya, yeh aapka account lagta hai. Kripya wapas bhej dein tiuvzhlx73@ibl par.",No,No,No
spam,"Maine galti se aapke Paytm par Rs.31,053 bhej diya, kripya isse is UPI ID par refund kar dein: xmhhqoft66@axl",No,No,No
spam,"Badhai ho, PM Ujjwala Yojana ke tahat aapka application Rs.1,139 ke liye approve ho gaya hai. Disbursement ke liye apni bank details bhejein.",No,No,No
spam,"Badhai ho, PMAY ke tahat aapka application Rs.44,982 ke liye approve ho gaya hai. Disbursement ke liye apni bank details bhejein.",No,No,No
spam,"Sorry, maine galti se galat number par Rs.1,286 transfer kar diya, yeh aapka account lagta hai. Kripya wapas bhej dein qwmaue@okicici par.",No,No,No
spam,"Badhai ho, PMAY ke tahat aapka application Rs.63,157 ke liye approve ho gaya hai. Disbursement ke liye apni bank details bhejein.",No,No,No
spam,"Badhai ho, Ayushman Bharat ke tahat aapka application Rs.901 ke liye approve ho gaya hai. Disbursement ke liye apni bank details bhejein.",No,No,No
spam,Aapko Wipro ke saath work-from-home job ke liye select kiya gaya hai. Rs.985 ka joining bonus paane ke liye apni bank details share karein.,No,No,No
spam,"Aapka HDFC Bank personal loan Rs.3,260 ka pre-approved hai. Process karne ke liye apni bank account aur Aadhaar details share karein.",No,No,No
spam,"Aapka Punjab National Bank personal loan Rs.35,683 ka pre-approved hai. Process karne ke liye apni bank account aur Aadhaar details share karein.",No,No,No
spam,"Sorry, maine galti se galat number par Rs.921 transfer kar diya, yeh aapka account lagta hai. Kripya wapas bhej dein pxtjvh13@ibl par.",No,No,No
spam,"Badhai ho, Ayushman Bharat ke tahat aapka application Rs.1,545 ke liye approve ho gaya hai. Disbursement ke liye apni bank details bhejein.",No,No,No
spam,Aapko Reliance ke saath work-from-home job ke liye select kiya gaya hai. Rs.553 ka joining bonus paane ke liye apni bank details share karein.,No,No,No
spam,"Aapka HDFC Bank personal loan Rs.55,556 ka pre-approved hai. Process karne ke liye apni bank account aur Aadhaar details share karein.",No,No,No
spam,"Post Matric Scholarship: Aapka scholarship benefit Rs.90,522 transfer ke liye ready hai. Ise paane ke liye apni bank passbook details submit karein.",No,No,No
spam,Aapki insurance policy ka maturity amount Rs.620 ready hai. Payment paane ke liye apni bank passbook details bhejein.,No,No,No
spam,"PM Ujjwala Yojana: Aapka scholarship benefit Rs.16,946 transfer ke liye ready hai. Ise paane ke liye apni bank passbook details submit karein.",No,No,No
spam,"Badhai ho, State Scholarship Scheme ke tahat aapka application Rs.786 ke liye approve ho gaya hai. Disbursement ke liye apni bank details bhejein.",No,No,No
spam,"Aapko Wipro ke saath work-from-home job ke liye select kiya gaya hai. Rs.87,072 ka joining bonus paane ke liye apni bank details share karein.",No,No,No
spam,"Badhai ho, National Scholarship Portal ke tahat aapka application Rs.93,721 ke liye approve ho gaya hai. Disbursement ke liye apni bank details bhejein.",No,No,No
spam,"Aapka Punjab National Bank personal loan Rs.76,762 ka pre-approved hai. Process karne ke liye apni bank account aur Aadhaar details share karein.",No,No,No
spam,"PMAY: Aapka scholarship benefit Rs.59,367 transfer ke liye ready hai. Ise paane ke liye apni bank passbook details submit karein.",No,No,No
spam,"Galti se Rs.587 mere account se aapke account mein transfer ho gaye hain, jald se jald kbpweoi47@axl par refund kar dein.",No,No,No
spam,"Aapka Axis Bank personal loan Rs.61,291 ka pre-approved hai. Process karne ke liye apni bank account aur Aadhaar details share karein.",No,No,No
spam,"LPG Subsidy Scheme Alert: Aap scheme ke tahat Rs.43,394 ke liye eligible hain. Claim karne ke liye apna Aadhaar aur bank account number share karein.",No,No,No
spam,"Aapka Canara Bank personal loan Rs.1,246 ka pre-approved hai. Process karne ke liye apni bank account aur Aadhaar details share karein.",No,No,No
spam,"Hi, mujhe lagta hai maine kisi aur ko pay karte waqt aapko galti se Rs.6,358 bhej diya. Kripya kfxxenbd@oksbi par wapas bhej dein, dhanyavad.",No,No,No
spam,"Ayushman Bharat: Aapka scholarship benefit Rs.9,409 transfer ke liye ready hai. Ise paane ke liye apni bank passbook details submit karein.",No,No,No
spam,Ayushman Bharat Alert: Aap scheme ke tahat Rs.531 ke liye eligible hain. Claim karne ke liye apna Aadhaar aur bank account number share karein.,No,No,No
spam,PM Kisan Samman Nidhi: Aapka scholarship benefit Rs.558 transfer ke liye ready hai. Ise paane ke liye apni bank passbook details submit karein.,No,No,No
spam,Aapka Axis Bank personal loan Rs.887 ka pre-approved hai. Process karne ke liye apni bank account aur Aadhaar details share karein.,No,No,No
spam,"PM Kisan Samman Nidhi Alert: Aap scheme ke tahat Rs.3,795 ke liye eligible hain. Claim karne ke liye apna Aadhaar aur bank account number share karein.",No,No,No
spam,"Aapki insurance policy ka maturity amount Rs.34,238 ready hai. Payment paane ke liye apni bank passbook details bhejein.",No,No,No
spam,Aapka Axis Bank personal loan Rs.506 ka pre-approved hai. Process karne ke liye apni bank account aur Aadhaar details share karein.,No,No,No
spam,"Hi, mujhe lagta hai maine kisi aur ko pay karte waqt aapko galti se Rs.56,995 bhej diya. Kripya cadhuvby90@ibl par wapas bhej dein, dhanyavad.",No,No,No
spam,Aapki insurance policy ka maturity amount Rs.878 ready hai. Payment paane ke liye apni bank passbook details bhejein.,No,No,No
spam,"Aapko Wipro ke saath work-from-home job ke liye select kiya gaya hai. Rs.7,945 ka joining bonus paane ke liye apni bank details share karein.",No,No,No
spam,"LPG Subsidy Scheme: Aapka scholarship benefit Rs.73,142 transfer ke liye ready hai. Ise paane ke liye apni bank passbook details submit karein.",No,No,No
spam,"PM Ujjwala Yojana Alert: Aap scheme ke tahat Rs.39,131 ke liye eligible hain. Claim karne ke liye apna Aadhaar aur bank account number share karein.",No,No,No
spam,Aapka Punjab National Bank personal loan Rs.919 ka pre-approved hai. Process karne ke liye apni bank account aur Aadhaar details share karein.,No,No,No
spam,LPG Subsidy Scheme Alert: Aap scheme ke tahat Rs.878 ke liye eligible hain. Claim karne ke liye apna Aadhaar aur bank account number share karein.,No,No,No
spam,"Sorry, maine galti se galat number par Rs.773 transfer kar diya, yeh aapka account lagta hai. Kripya wapas bhej dein vavxs32@ibl par.",No,No,No
spam,"Hi, mujhe lagta hai maine kisi aur ko pay karte waqt aapko galti se Rs.6,751 bhej diya. Kripya xxsrvux@ybl par wapas bhej dein, dhanyavad.",No,No,No
spam,"Aapko TCS ke saath work-from-home job ke liye select kiya gaya hai. Rs.8,279 ka joining bonus paane ke liye apni bank details share karein.",No,No,No
spam,"Badhai ho, PM Kisan Samman Nidhi ke tahat aapka application Rs.3,572 ke liye approve ho gaya hai. Disbursement ke liye apni bank details bhejein.",No,No,No
spam,"Aapka Bank of Baroda personal loan Rs.8,574 ka pre-approved hai. Process karne ke liye apni bank account aur Aadhaar details share karein.",No,No,No
spam,"Aapko Infosys ke saath work-from-home job ke liye select kiya gaya hai. Rs.75,792 ka joining bonus paane ke liye apni bank details share karein.",No,No,No
spam,"Maine galti se aapke Paytm par Rs.918 bhej diya, kripya isse is UPI ID par refund kar dein: dlcxrq89@ibl",No,No,No
spam,"Aapka Punjab National Bank personal loan Rs.47,232 ka pre-approved hai. Process karne ke liye apni bank account aur Aadhaar details share karein.",No,No,No
spam,"Badhai ho, PM Ujjwala Yojana ke tahat aapka application Rs.6,815 ke liye approve ho gaya hai. Disbursement ke liye apni bank details bhejein.",No,No,No
spam,Aapko Infosys ke saath work-from-home job ke liye select kiya gaya hai. Rs.572 ka joining bonus paane ke liye apni bank details share karein.,No,No,No
spam,"Badhai ho, PM Ujjwala Yojana ke tahat aapka application Rs.52,097 ke liye approve ho gaya hai. Disbursement ke liye apni bank details bhejein.",No,No,No
spam,"Aapki insurance policy ka maturity amount Rs.3,168 ready hai. Payment paane ke liye apni bank passbook details bhejein.",No,No,No
spam,"Maine galti se aapke PhonePe par Rs.8,265 bhej diya, kripya isse is UPI ID par refund kar dein: qljjo95@ibl",No,No,No
spam,"Sorry, maine galti se galat number par Rs.3,784 transfer kar diya, yeh aapka account lagta hai. Kripya wapas bhej dein esatpifx@ybl par.",No,No,No
spam,"Sorry, maine galti se galat number par Rs.588 transfer kar diya, yeh aapka account lagta hai. Kripya wapas bhej dein wogvr51@paytm par.",No,No,No
spam,"Galti se Rs.83,147 mere account se aapke account mein transfer ho gaye hain, jald se jald apybz@okhdfcbank par refund kar dein.",No,No,No
spam,"Sorry, maine galti se galat number par Rs.98,798 transfer kar diya, yeh aapka account lagta hai. Kripya wapas bhej dein swbhrgdn@paytm par.",No,No,No
spam,Post Matric Scholarship Alert: Aap scheme ke tahat Rs.931 ke liye eligible hain. Claim karne ke liye apna Aadhaar aur bank account number share karein.,No,No,No
spam,"Maine galti se aapke PhonePe par Rs.95,385 bhej diya, kripya isse is UPI ID par refund kar dein: lolmj@ibl",No,No,No
spam,"Badhai ho, State Scholarship Scheme ke tahat aapka application Rs.5,773 ke liye approve ho gaya hai. Disbursement ke liye apni bank details bhejein.",No,No,No
spam,"Hi, mujhe lagta hai maine kisi aur ko pay karte waqt aapko galti se Rs.54,162 bhej diya. Kripya anppf@ibl par wapas bhej dein, dhanyavad.",No,No,No
spam,"Hi, mujhe lagta hai maine kisi aur ko pay karte waqt aapko galti se Rs.708 bhej diya. Kripya sgpma59@ibl par wapas bhej dein, dhanyavad.",No,No,No
spam,"Badhai ho, PM Ujjwala Yojana ke tahat aapka application Rs.9,915 ke liye approve ho gaya hai. Disbursement ke liye apni bank details bhejein.",No,No,No
spam,"Maine galti se aapke Paytm par Rs.46,251 bhej diya, kripya isse is UPI ID par refund kar dein: qarwyxco@axl",No,No,No
spam,"LPG Subsidy Scheme: Aapka scholarship benefit Rs.73,389 transfer ke liye ready hai. Ise paane ke liye apni bank passbook details submit karein.",No,No,No
spam,"Hi, mujhe lagta hai maine kisi aur ko pay karte waqt aapko galti se Rs.7,034 bhej diya. Kripya zqezwpg@ibl par wapas bhej dein, dhanyavad.",No,No,No
spam,"Sorry, maine galti se galat number par Rs.751 transfer kar diya, yeh aapka account lagta hai. Kripya wapas bhej dein lxxisi@okicici par.",No,No,No
spam,"Badhai ho, Ayushman Bharat ke tahat aapka application Rs.70,309 ke liye approve ho gaya hai. Disbursement ke liye apni bank details bhejein.",No,No,No
spam,Aapko Wipro ke saath work-from-home job ke liye select kiya gaya hai. Rs.744 ka joining bonus paane ke liye apni bank details share karein.,No,No,No
spam,"Aapki insurance policy ka maturity amount Rs.9,303 ready hai. Payment paane ke liye apni bank passbook details bhejein.",No,No,No
spam,"Badhai ho, LPG Subsidy Scheme ke tahat aapka application Rs.537 ke liye approve ho gaya hai. Disbursement ke liye apni bank details bhejein.",No,No,No
spam,"Aapko Wipro ke saath work-from-home job ke liye select kiya gaya hai. Rs.1,509 ka joining bonus paane ke liye apni bank details share karein.",No,No,No
spam,"National Scholarship Portal Alert: Aap scheme ke tahat Rs.33,781 ke liye eligible hain. Claim karne ke liye apna Aadhaar aur bank account number share karein.",No,No,No
spam,"Sorry, maine galti se galat number par Rs.896 transfer kar diya, yeh aapka account lagta hai. Kripya wapas bhej dein fduzac@okhdfcbank par.",No,No,No
spam,"Sorry, maine galti se galat number par Rs.960 transfer kar diya, yeh aapka account lagta hai. Kripya wapas bhej dein wxvlrl@ybl par.",No,No,No
spam,"Aapko Infosys ke saath work-from-home job ke liye select kiya gaya hai. Rs.7,942 ka joining bonus paane ke liye apni bank details share karein.",No,No,No
spam,"Aapka Canara Bank personal loan Rs.7,021 ka pre-approved hai. Process karne ke liye apni bank account aur Aadhaar details share karein.",No,No,No
spam,"Maine galti se aapke PhonePe par Rs.648 bhej diya, kripya isse is UPI ID par refund kar dein: fzpxshwv77@oksbi",No,No,No
spam,"Hi, mujhe lagta hai maine kisi aur ko pay karte waqt aapko galti se Rs.3,461 bhej diya. Kripya gkgrj@oksbi par wapas bhej dein, dhanyavad.",No,No,No
spam,"Galti se Rs.9,452 mere account se aapke account mein transfer ho gaye hain, jald se jald janns@axl par refund kar dein.",No,No,No
spam,"Aapko TCS ke saath work-from-home job ke liye select kiya gaya hai. Rs.68,631 ka joining bonus paane ke liye apni bank details share karein.",No,No,No
spam,"Aapko Amazon ke saath work-from-home job ke liye select kiya gaya hai. Rs.25,115 ka joining bonus paane ke liye apni bank details share karein.",No,No,No
spam,"Badhai ho, Post Matric Scholarship ke tahat aapka application Rs.758 ke liye approve ho gaya hai. Disbursement ke liye apni bank details bhejein.",No,No,No
spam,"Aapki insurance policy ka maturity amount Rs.96,243 ready hai. Payment paane ke liye apni bank passbook details bhejein.",No,No,No
spam,Aapko Reliance ke saath work-from-home job ke liye select kiya gaya hai. Rs.631 ka joining bonus paane ke liye apni bank details share karein.,No,No,No
spam,"Aapko TCS ke saath work-from-home job ke liye select kiya gaya hai. Rs.62,957 ka joining bonus paane ke liye apni bank details share karein.",No,No,No
spam,"PM Kisan Samman Nidhi Alert: Aap scheme ke tahat Rs.7,479 ke liye eligible hain. Claim karne ke liye apna Aadhaar aur bank account number share karein.",No,No,No
spam,"LPG Subsidy Scheme: Aapka scholarship benefit Rs.6,336 transfer ke liye ready hai. Ise paane ke liye apni bank passbook details submit karein.",No,No,No
spam,"Post Matric Scholarship Alert: Aap scheme ke tahat Rs.3,498 ke liye eligible hain. Claim karne ke liye apna Aadhaar aur bank account number share karein.",No,No,No
spam,"Hi, mujhe lagta hai maine kisi aur ko pay karte waqt aapko galti se Rs.27,647 bhej diya. Kripya poblvch88@okicici par wapas bhej dein, dhanyavad.",No,No,No
spam,"PM Kisan Samman Nidhi: Aapka scholarship benefit Rs.3,799 transfer ke liye ready hai. Ise paane ke liye apni bank passbook details submit karein.",No,No,No
spam,"Galti se Rs.62,061 mere account se aapke account mein transfer ho gaye hain, jald se jald zphozx16@paytm par refund kar dein.",No,No,No
spam,PMAY: Aapka scholarship benefit Rs.511 transfer ke liye ready hai. Ise paane ke liye apni bank passbook details submit karein.,No,No,No
spam,"Hi, mujhe lagta hai maine kisi aur ko pay karte waqt aapko galti se Rs.7,876 bhej diya. Kripya yuvqrp@oksbi par wapas bhej dein, dhanyavad.",No,No,No
spam,PM Ujjwala Yojana Alert: Aap scheme ke tahat Rs.845 ke liye eligible hain. Claim karne ke liye apna Aadhaar aur bank account number share karein.,No,No,No
spam,"Galti se Rs.75,163 mere account se aapke account mein transfer ho gaye hain, jald se jald cypep53@ybl par refund kar dein.",No,No,No
spam,"PMAY: Aapka scholarship benefit Rs.5,920 transfer ke liye ready hai. Ise paane ke liye apni bank passbook details submit karein.",No,No,No
spam,"Badhai ho, LPG Subsidy Scheme ke tahat aapka application Rs.78,504 ke liye approve ho gaya hai. Disbursement ke liye apni bank details bhejein.",No,No,No
spam,"Galti se Rs.6,639 mere account se aapke account mein transfer ho gaye hain, jald se jald lfvpzpp@okicici par refund kar dein.",No,No,No
spam,"Badhai ho, Ayushman Bharat ke tahat aapka application Rs.1,932 ke liye approve ho gaya hai. Disbursement ke liye apni bank details bhejein.",No,No,No
spam,"State Scholarship Scheme: Aapka scholarship benefit Rs.8,177 transfer ke liye ready hai. Ise paane ke liye apni bank passbook details submit karein.",No,No,No
spam,"Aapko Reliance ke saath work-from-home job ke liye select kiya gaya hai. Rs.41,779 ka joining bonus paane ke liye apni bank details share karein.",No,No,No
spam,"Sorry, maine galti se galat number par Rs.696 transfer kar diya, yeh aapka account lagta hai. Kripya wapas bhej dein zgbjx@okhdfcbank par.",No,No,No
spam,"Aapko HCL ke saath work-from-home job ke liye select kiya gaya hai. Rs.46,694 ka joining bonus paane ke liye apni bank details share karein.",No,No,No
spam,"Maine galti se aapke Paytm par Rs.3,138 bhej diya, kripya isse is UPI ID par refund kar dein: wvwnal@okicici",No,No,No
spam,"Sorry, maine galti se galat number par Rs.96,476 transfer kar diya, yeh aapka account lagta hai. Kripya wapas bhej dein cnhehv22@ybl par.",No,No,No
spam,"Aapka HDFC Bank personal loan Rs.96,392 ka pre-approved hai. Process karne ke liye apni bank account aur Aadhaar details share karein.",No,No,No
spam,"PMAY Alert: Aap scheme ke tahat Rs.21,864 ke liye eligible hain. Claim karne ke liye apna Aadhaar aur bank account number share karein.",No,No,No
spam,"Badhai ho, PM Kisan Samman Nidhi ke tahat aapka application Rs.23,621 ke liye approve ho gaya hai. Disbursement ke liye apni bank details bhejein.",No,No,No
spam,"Aapka Kotak Mahindra Bank personal loan Rs.5,039 ka pre-approved hai. Process karne ke liye apni bank account aur Aadhaar details share karein.",No,No,No
spam,Post Matric Scholarship Alert: Aap scheme ke tahat Rs.875 ke liye eligible hain. Claim karne ke liye apna Aadhaar aur bank account number share karein.,No,No,No
spam,"PM Ujjwala Yojana: Aapka scholarship benefit Rs.5,311 transfer ke liye ready hai. Ise paane ke liye apni bank passbook details submit karein.",No,No,No
spam,"Badhai ho, State Scholarship Scheme ke tahat aapka application Rs.1,712 ke liye approve ho gaya hai. Disbursement ke liye apni bank details bhejein.",No,No,No
spam,"Aapko HCL ke saath work-from-home job ke liye select kiya gaya hai. Rs.23,485 ka joining bonus paane ke liye apni bank details share karein.",No,No,No
spam,"Galti se Rs.9,884 mere account se aapke account mein transfer ho gaye hain, jald se jald vlvemdq84@ibl par refund kar dein.",No,No,No
spam,"Aapko Flipkart ke saath work-from-home job ke liye select kiya gaya hai. Rs.8,257 ka joining bonus paane ke liye apni bank details share karein.",No,No,No
spam,"Badhai ho, PMAY ke tahat aapka application Rs.6,657 ke liye approve ho gaya hai. Disbursement ke liye apni bank details bhejein.",No,No,No
spam,Aapko Flipkart ke saath work-from-home job ke liye select kiya gaya hai. Rs.781 ka joining bonus paane ke liye apni bank details share karein.,No,No,No
spam,"Aapka Punjab National Bank personal loan Rs.5,741 ka pre-approved hai. Process karne ke liye apni bank account aur Aadhaar details share karein.",No,No,No
spam,Post Matric Scholarship Alert: Aap scheme ke tahat Rs.982 ke liye eligible hain. Claim karne ke liye apna Aadhaar aur bank account number share karein.,No,No,No
spam,"Aapki insurance policy ka maturity amount Rs.2,587 ready hai. Payment paane ke liye apni bank passbook details bhejein.",No,No,No
spam,Aapka ICICI Bank personal loan Rs.932 ka pre-approved hai. Process karne ke liye apni bank account aur Aadhaar details share karein.,No,No,No
spam,"Maine galti se aapke PhonePe par Rs.845 bhej diya, kripya isse is UPI ID par refund kar dein: wlios92@okicici",No,No,No
spam,"Galti se Rs.72,204 mere account se aapke account mein transfer ho gaye hain, jald se jald zmjkoit@axl par refund kar dein.",No,No,No
spam,"Sorry, maine galti se galat number par Rs.5,952 transfer kar diya, yeh aapka account lagta hai. Kripya wapas bhej dein lgzbryfr82@axl par.",No,No,No
spam,"Sorry, maine galti se galat number par Rs.84,955 transfer kar diya, yeh aapka account lagta hai. Kripya wapas bhej dein nvdpdznn@ibl par.",No,No,No
spam,"Maine galti se aapke Amazon Pay par Rs.7,442 bhej diya, kripya isse is UPI ID par refund kar dein: xryjc24@oksbi",No,No,No
spam,"Badhai ho, National Scholarship Portal ke tahat aapka application Rs.49,930 ke liye approve ho gaya hai. Disbursement ke liye apni bank details bhejein.",No,No,No
spam,"Sorry, maine galti se galat number par Rs.643 transfer kar diya, yeh aapka account lagta hai. Kripya wapas bhej dein hkcbwqee36@oksbi par.",No,No,No
spam,"Badhai ho, PM Ujjwala Yojana ke tahat aapka application Rs.59,533 ke liye approve ho gaya hai. Disbursement ke liye apni bank details bhejein.",No,No,No
spam,"Badhai ho, National Scholarship Portal ke tahat aapka application Rs.18,818 ke liye approve ho gaya hai. Disbursement ke liye apni bank details bhejein.",No,No,No
spam,Aapko Reliance ke saath work-from-home job ke liye select kiya gaya hai. Rs.566 ka joining bonus paane ke liye apni bank details share karein.,No,No,No
