LABEL,TEXT,URL,EMAIL,PHONE
spam,बधाई हो! आपका Spotify खाता एक फ्री स्मार्टफोन (Rs.500) के लिए चुना गया है। अभी दावा करें: http://lucky-winner-alert.co/kv8bh,yes,No,No
spam,Jio लकी ड्रॉ: आपने एक फ्री शॉपिंग वाउचर जीता है! एक्सपायर होने से पहले अभी कॉल करें 7573191195।,No,No,yes
spam,Amazon Prime Video आज 100 लकी कस्टमर्स को फ्री सोने का सिक्का दे रहा है। अपना पाने के लिए तुरंत कॉल करें 9526953370।,No,No,yes
spam,Amazon Prime Video आज 100 लकी कस्टमर्स को फ्री स्मार्टवॉच दे रहा है। अपना पाने के लिए तुरंत कॉल करें 9303315184।,No,No,yes
spam,Goibibo लकी ड्रॉ: आपने एक फ्री स्मार्टफोन जीता है! एक्सपायर होने से पहले अभी कॉल करें 6710743899।,No,No,yes
spam,"1mg फ्लैश सेल: सब कुछ 90% छूट, सिर्फ कुछ पीस बचे हैं! अभी ऑर्डर करने के लिए BUY रिप्लाई करें।",No,No,No
spam,Vi लकी ड्रॉ: आपने एक फ्री स्मार्टवॉच जीता है! एक्सपायर होने से पहले अभी कॉल करें 7731406101।,No,No,yes
spam,आप Titan के एनिवर्सरी कॉन्टेस्ट के लकी विनर हैं। Rs.150 का प्राइज पाने के लिए अपनी बैंक विवरण साझा करें।,No,No,No
spam,Spotify आज 100 लकी कस्टमर्स को फ्री स्मार्टफोन दे रहा है। अपना पाने के लिए तुरंत कॉल करें 7329502915।,No,No,yes
spam,बधाई हो! आपका Decathlon खाता एक फ्री स्मार्टफोन (Rs.250) के लिए चुना गया है। अभी दावा करें: http://prize-verify.info/q24gc,yes,No,No
spam,"Domino's कस्टमर सर्विस: आपका Rs.50 का रिफंड पेंडिंग है, दावा करने के लिए क्लिक करें: http://lucky-winner-alert.co/jufxe",yes,No,No
spam,"Jio फ्लैश सेल: सब कुछ 90% छूट, सिर्फ कुछ पीस बचे हैं! अभी ऑर्डर करने के लिए BUY रिप्लाई करें।",No,No,No
spam,Unacademy लकी ड्रॉ: आपने एक फ्री गिफ्ट हैम्पर जीता है! एक्सपायर होने से पहले अभी कॉल करें 8251370314।,No,No,yes
spam,"Amazon कस्टमर सर्विस: आपका Rs.300 का रिफंड पेंडिंग है, दावा करने के लिए क्लिक करें: http://offer4u-claim.online/t6pl7",yes,No,No
spam,बधाई हो! आपका IndiGo खाता एक फ्री शॉपिंग वाउचर (Rs.500) के लिए चुना गया है। अभी दावा करें: http://prize-verify.info/rjq5y,yes,No,No
spam,बधाई हो! आपका Flipkart खाता एक फ्री शॉपिंग वाउचर (Rs.250) के लिए चुना गया है। अभी दावा करें: http://gift-redeem-now.co.in/ockrs,yes,No,No
spam,बधाई हो! आपका Amazon Prime Video खाता एक फ्री स्मार्टफोन (Rs.200) के लिए चुना गया है। अभी दावा करें: http://offer4u-claim.online/ssup3,yes,No,No
spam,Axis Bank लकी ड्रॉ: आपने एक फ्री गिफ्ट हैम्पर जीता है! एक्सपायर होने से पहले अभी कॉल करें 8204556009।,No,No,yes
spam,बधाई हो! आपका Paytm खाता एक फ्री स्मार्टफोन (Rs.100) के लिए चुना गया है। अभी दावा करें: http://lucky-winner-alert.co/popyx,yes,No,No
spam,बधाई हो! आपका Unacademy खाता एक फ्री स्मार्टफोन (Rs.100) के लिए चुना गया है। अभी दावा करें: http://offer4u-claim.online/x1950,yes,No,No
spam,"Flipkart फ्लैश सेल: सब कुछ 90% छूट, सिर्फ कुछ पीस बचे हैं! अभी ऑर्डर करने के लिए BUY रिप्लाई करें।",No,No,No
spam,Airtel आज 100 लकी कस्टमर्स को फ्री सोने का सिक्का दे रहा है। अपना पाने के लिए तुरंत कॉल करें 7404942204।,No,No,yes
spam,1mg आज 100 लकी कस्टमर्स को फ्री गिफ्ट हैम्पर दे रहा है। अपना पाने के लिए तुरंत कॉल करें 8978464301।,No,No,yes
spam,Vi लकी ड्रॉ: आपने एक फ्री गिफ्ट हैम्पर जीता है! एक्सपायर होने से पहले अभी कॉल करें 6542651935।,No,No,yes
spam,आप Amazon Prime Video के एनिवर्सरी कॉन्टेस्ट के लकी विनर हैं। Rs.500 का प्राइज पाने के लिए अपनी बैंक विवरण साझा करें।,No,No,No
spam,CRED लकी ड्रॉ: आपने एक फ्री स्मार्टवॉच जीता है! एक्सपायर होने से पहले अभी कॉल करें 6716821558।,No,No,yes
spam,"Zomato फ्लैश सेल: सब कुछ 90% छूट, सिर्फ कुछ पीस बचे हैं! अभी ऑर्डर करने के लिए BUY रिप्लाई करें।",No,No,No
spam,बधाई हो! आपका Policybazaar खाता एक फ्री सोने का सिक्का (Rs.150) के लिए चुना गया है। अभी दावा करें: http://offer4u-claim.online/xkiyz,yes,No,No
spam,Disney+ Hotstar लकी ड्रॉ: आपने एक फ्री गिफ्ट हैम्पर जीता है! एक्सपायर होने से पहले अभी कॉल करें 9892185757।,No,No,yes
spam,"HDFC Bank कस्टमर सर्विस: आपका Rs.300 का रिफंड पेंडिंग है, दावा करने के लिए क्लिक करें: http://gift-redeem-now.co.in/eu89c",yes,No,No
spam,बधाई हो! आपका redBus खाता एक फ्री शॉपिंग वाउचर (Rs.50) के लिए चुना गया है। अभी दावा करें: http://prize-verify.info/cedv7,yes,No,No
spam,"Airtel फ्लैश सेल: सब कुछ 90% छूट, सिर्फ कुछ पीस बचे हैं! अभी ऑर्डर करने के लिए BUY रिप्लाई करें।",No,No,No
spam,IRCTC लकी ड्रॉ: आपने एक फ्री सोने का सिक्का जीता है! एक्सपायर होने से पहले अभी कॉल करें 9636689277।,No,No,yes
spam,आप Decathlon के एनिवर्सरी कॉन्टेस्ट के लकी विनर हैं। Rs.500 का प्राइज पाने के लिए अपनी बैंक विवरण साझा करें।,No,No,No
spam,"Goibibo कस्टमर सर्विस: आपका Rs.250 का रिफंड पेंडिंग है, दावा करने के लिए क्लिक करें: http://gift-redeem-now.co.in/arila",yes,No,No
spam,Meesho आज 100 लकी कस्टमर्स को फ्री स्मार्टफोन दे रहा है। अपना पाने के लिए तुरंत कॉल करें 9428282784।,No,No,yes
spam,आप Ola के एनिवर्सरी कॉन्टेस्ट के लकी विनर हैं। Rs.100 का प्राइज पाने के लिए अपनी बैंक विवरण साझा करें।,No,No,No
spam,ICICI Bank आज 100 लकी कस्टमर्स को फ्री सोने का सिक्का दे रहा है। अपना पाने के लिए तुरंत कॉल करें 8236371534।,No,No,yes
spam,"MakeMyTrip कस्टमर सर्विस: आपका Rs.300 का रिफंड पेंडिंग है, दावा करने के लिए क्लिक करें: http://prize-verify.info/8jnun",yes,No,No
spam,Unacademy लकी ड्रॉ: आपने एक फ्री शॉपिंग वाउचर जीता है! एक्सपायर होने से पहले अभी कॉल करें 7988519944।,No,No,yes
spam,"CRED फ्लैश सेल: सब कुछ 90% छूट, सिर्फ कुछ पीस बचे हैं! अभी ऑर्डर करने के लिए BUY रिप्लाई करें।",No,No,No
spam,Lenskart लकी ड्रॉ: आपने एक फ्री शॉपिंग वाउचर जीता है! एक्सपायर होने से पहले अभी कॉल करें 6173401388।,No,No,yes
spam,बधाई हो! आपका Paytm खाता एक फ्री सोने का सिक्का (Rs.50) के लिए चुना गया है। अभी दावा करें: http://bonus-cashout.xyz/cqg4x,yes,No,No
spam,1mg आज 100 लकी कस्टमर्स को फ्री स्मार्टफोन दे रहा है। अपना पाने के लिए तुरंत कॉल करें 9537355544।,No,No,yes
spam,आप Pepperfry के एनिवर्सरी कॉन्टेस्ट के लकी विनर हैं। Rs.250 का प्राइज पाने के लिए अपनी बैंक विवरण साझा करें।,No,No,No
spam,बधाई हो! आपका Paytm खाता एक फ्री गिफ्ट हैम्पर (Rs.150) के लिए चुना गया है। अभी दावा करें: http://offer4u-claim.online/cqloj,yes,No,No
spam,Amazon आज 100 लकी कस्टमर्स को फ्री सोने का सिक्का दे रहा है। अपना पाने के लिए तुरंत कॉल करें 8863392914।,No,No,yes
spam,Pepperfry लकी ड्रॉ: आपने एक फ्री स्मार्टवॉच जीता है! एक्सपायर होने से पहले अभी कॉल करें 9972251619।,No,No,yes
spam,बधाई हो! आपका Uber खाता एक फ्री स्मार्टफोन (Rs.200) के लिए चुना गया है। अभी दावा करें: http://offer4u-claim.online/rguao,yes,No,No
spam,आप Unacademy के एनिवर्सरी कॉन्टेस्ट के लकी विनर हैं। Rs.50 का प्राइज पाने के लिए अपनी बैंक विवरण साझा करें।,No,No,No
spam,आप Swiggy के एनिवर्सरी कॉन्टेस्ट के लकी विनर हैं। Rs.100 का प्राइज पाने के लिए अपनी बैंक विवरण साझा करें।,No,No,No
spam,Amazon Prime Video लकी ड्रॉ: आपने एक फ्री गिफ्ट हैम्पर जीता है! एक्सपायर होने से पहले अभी कॉल करें 9253836385।,No,No,yes
spam,"Disney+ Hotstar फ्लैश सेल: सब कुछ 90% छूट, सिर्फ कुछ पीस बचे हैं! अभी ऑर्डर करने के लिए BUY रिप्लाई करें।",No,No,No
spam,आप Policybazaar के एनिवर्सरी कॉन्टेस्ट के लकी विनर हैं। Rs.150 का प्राइज पाने के लिए अपनी बैंक विवरण साझा करें।,No,No,No
spam,IndiGo लकी ड्रॉ: आपने एक फ्री सोने का सिक्का जीता है! एक्सपायर होने से पहले अभी कॉल करें 7935566276।,No,No,yes
spam,बधाई हो! आपका cult.fit खाता एक फ्री स्मार्टफोन (Rs.250) के लिए चुना गया है। अभी दावा करें: http://reward-claim24.xyz/rnzt3,yes,No,No
spam,बधाई हो! आपका BYJU'S खाता एक फ्री गिफ्ट हैम्पर (Rs.500) के लिए चुना गया है। अभी दावा करें: http://gift-redeem-now.co.in/pi9vs,yes,No,No
spam,PhonePe लकी ड्रॉ: आपने एक फ्री स्मार्टवॉच जीता है! एक्सपायर होने से पहले अभी कॉल करें 8439406251।,No,No,yes
spam,बधाई हो! आपका Goibibo खाता एक फ्री शॉपिंग वाउचर (Rs.300) के लिए चुना गया है। अभी दावा करें: http://bonus-cashout.xyz/0mkd8,yes,No,No
spam,Paytm लकी ड्रॉ: आपने एक फ्री स्मार्टफोन जीता है! एक्सपायर होने से पहले अभी कॉल करें 7617150363।,No,No,yes
spam,"Flipkart कस्टमर सर्विस: आपका Rs.300 का रिफंड पेंडिंग है, दावा करने के लिए क्लिक करें: http://bonus-cashout.xyz/aihuj",yes,No,No
spam,ICICI Bank आज 100 लकी कस्टमर्स को फ्री शॉपिंग वाउचर दे रहा है। अपना पाने के लिए तुरंत कॉल करें 7166546378।,No,No,yes
spam,"Titan फ्लैश सेल: सब कुछ 90% छूट, सिर्फ कुछ पीस बचे हैं! अभी ऑर्डर करने के लिए BUY रिप्लाई करें।",No,No,No
spam,Ajio आज 100 लकी कस्टमर्स को फ्री स्मार्टफोन दे रहा है। अपना पाने के लिए तुरंत कॉल करें 6966084160।,No,No,yes
spam,Zomato लकी ड्रॉ: आपने एक फ्री स्मार्टफोन जीता है! एक्सपायर होने से पहले अभी कॉल करें 6707733863।,No,No,yes
spam,"Lenskart फ्लैश सेल: सब कुछ 90% छूट, सिर्फ कुछ पीस बचे हैं! अभी ऑर्डर करने के लिए BUY रिप्लाई करें।",No,No,No
spam,Lenskart आज 100 लकी कस्टमर्स को फ्री गिफ्ट हैम्पर दे रहा है। अपना पाने के लिए तुरंत कॉल करें 8896493414।,No,No,yes
spam,Airtel लकी ड्रॉ: आपने एक फ्री शॉपिंग वाउचर जीता है! एक्सपायर होने से पहले अभी कॉल करें 6011642902।,No,No,yes
spam,"Swiggy फ्लैश सेल: सब कुछ 90% छूट, सिर्फ कुछ पीस बचे हैं! अभी ऑर्डर करने के लिए BUY रिप्लाई करें।",No,No,No
spam,"Amazon कस्टमर सर्विस: आपका Rs.200 का रिफंड पेंडिंग है, दावा करने के लिए क्लिक करें: http://bonus-cashout.xyz/0cb7w",yes,No,No
spam,Pepperfry आज 100 लकी कस्टमर्स को फ्री स्मार्टवॉच दे रहा है। अपना पाने के लिए तुरंत कॉल करें 8306459822।,No,No,yes
spam,"PharmEasy कस्टमर सर्विस: आपका Rs.300 का रिफंड पेंडिंग है, दावा करने के लिए क्लिक करें: http://bonus-cashout.xyz/2vuse",yes,No,No
spam,"Myntra फ्लैश सेल: सब कुछ 90% छूट, सिर्फ कुछ पीस बचे हैं! अभी ऑर्डर करने के लिए BUY रिप्लाई करें।",No,No,No
spam,"IndiGo कस्टमर सर्विस: आपका Rs.500 का रिफंड पेंडिंग है, दावा करने के लिए क्लिक करें: http://reward-claim24.xyz/du8l3",yes,No,No
spam,Vi लकी ड्रॉ: आपने एक फ्री शॉपिंग वाउचर जीता है! एक्सपायर होने से पहले अभी कॉल करें 9569035747।,No,No,yes
spam,आप Lenskart के एनिवर्सरी कॉन्टेस्ट के लकी विनर हैं। Rs.300 का प्राइज पाने के लिए अपनी बैंक विवरण साझा करें।,No,No,No
spam,बधाई हो! आपका Myntra खाता एक फ्री शॉपिंग वाउचर (Rs.150) के लिए चुना गया है। अभी दावा करें: http://bonus-cashout.xyz/rff8q,yes,No,No
spam,आप boAt के एनिवर्सरी कॉन्टेस्ट के लकी विनर हैं। Rs.300 का प्राइज पाने के लिए अपनी बैंक विवरण साझा करें।,No,No,No
spam,cult.fit आज 100 लकी कस्टमर्स को फ्री शॉपिंग वाउचर दे रहा है। अपना पाने के लिए तुरंत कॉल करें 7397333722।,No,No,yes
spam,बधाई हो! आपका boAt खाता एक फ्री सोने का सिक्का (Rs.100) के लिए चुना गया है। अभी दावा करें: http://reward-claim24.xyz/wkmjs,yes,No,No
spam,Titan लकी ड्रॉ: आपने एक फ्री स्मार्टफोन जीता है! एक्सपायर होने से पहले अभी कॉल करें 8588347782।,No,No,yes
spam,"Goibibo फ्लैश सेल: सब कुछ 90% छूट, सिर्फ कुछ पीस बचे हैं! अभी ऑर्डर करने के लिए BUY रिप्लाई करें।",No,No,No
spam,"Flipkart कस्टमर सर्विस: आपका Rs.100 का रिफंड पेंडिंग है, दावा करने के लिए क्लिक करें: http://bonus-cashout.xyz/wtezf",yes,No,No
spam,"Jio कस्टमर सर्विस: आपका Rs.200 का रिफंड पेंडिंग है, दावा करने के लिए क्लिक करें: http://prize-verify.info/vmmsq",yes,No,No
spam,Nykaa लकी ड्रॉ: आपने एक फ्री स्मार्टवॉच जीता है! एक्सपायर होने से पहले अभी कॉल करें 9050584088।,No,No,yes
spam,Paytm आज 100 लकी कस्टमर्स को फ्री स्मार्टफोन दे रहा है। अपना पाने के लिए तुरंत कॉल करें 7564680121।,No,No,yes
spam,PhonePe आज 100 लकी कस्टमर्स को फ्री सोने का सिक्का दे रहा है। अपना पाने के लिए तुरंत कॉल करें 8286516632।,No,No,yes
spam,आप Ola के एनिवर्सरी कॉन्टेस्ट के लकी विनर हैं। Rs.200 का प्राइज पाने के लिए अपनी बैंक विवरण साझा करें।,No,No,No
spam,BYJU'S लकी ड्रॉ: आपने एक फ्री गिफ्ट हैम्पर जीता है! एक्सपायर होने से पहले अभी कॉल करें 7319994670।,No,No,yes
spam,आप Vi के एनिवर्सरी कॉन्टेस्ट के लकी विनर हैं। Rs.250 का प्राइज पाने के लिए अपनी बैंक विवरण साझा करें।,No,No,No
spam,Ola आज 100 लकी कस्टमर्स को फ्री सोने का सिक्का दे रहा है। अपना पाने के लिए तुरंत कॉल करें 9345722134।,No,No,yes
spam,"Policybazaar फ्लैश सेल: सब कुछ 90% छूट, सिर्फ कुछ पीस बचे हैं! अभी ऑर्डर करने के लिए BUY रिप्लाई करें।",No,No,No
spam,आप IndiGo के एनिवर्सरी कॉन्टेस्ट के लकी विनर हैं। Rs.50 का प्राइज पाने के लिए अपनी बैंक विवरण साझा करें।,No,No,No
spam,आप redBus के एनिवर्सरी कॉन्टेस्ट के लकी विनर हैं। Rs.300 का प्राइज पाने के लिए अपनी बैंक विवरण साझा करें।,No,No,No
spam,boAt लकी ड्रॉ: आपने एक फ्री शॉपिंग वाउचर जीता है! एक्सपायर होने से पहले अभी कॉल करें 8320974987।,No,No,yes
spam,बधाई हो! आपका redBus खाता एक फ्री स्मार्टवॉच (Rs.200) के लिए चुना गया है। अभी दावा करें: http://prize-verify.info/q37q2,yes,No,No
spam,"Nykaa फ्लैश सेल: सब कुछ 90% छूट, सिर्फ कुछ पीस बचे हैं! अभी ऑर्डर करने के लिए BUY रिप्लाई करें।",No,No,No
spam,BYJU'S लकी ड्रॉ: आपने एक फ्री स्मार्टफोन जीता है! एक्सपायर होने से पहले अभी कॉल करें 7797174206।,No,No,yes
spam,Disney+ Hotstar लकी ड्रॉ: आपने एक फ्री स्मार्टवॉच जीता है! एक्सपायर होने से पहले अभी कॉल करें 8717334506।,No,No,yes
spam,"Blinkit कस्टमर सर्विस: आपका Rs.300 का रिफंड पेंडिंग है, दावा करने के लिए क्लिक करें: http://bonus-cashout.xyz/4rqni",yes,No,No
spam,आप Vi के एनिवर्सरी कॉन्टेस्ट के लकी विनर हैं। Rs.100 का प्राइज पाने के लिए अपनी बैंक विवरण साझा करें।,No,No,No
spam,"ICICI Bank कस्टमर सर्विस: आपका Rs.100 का रिफंड पेंडिंग है, दावा करने के लिए क्लिक करें: http://gift-redeem-now.co.in/9nsjv",yes,No,No
spam,Axis Bank लकी ड्रॉ: आपने एक फ्री शॉपिंग वाउचर जीता है! एक्सपायर होने से पहले अभी कॉल करें 9563923765।,No,No,yes
spam,Zepto आज 100 लकी कस्टमर्स को फ्री शॉपिंग वाउचर दे रहा है। अपना पाने के लिए तुरंत कॉल करें 8069388679।,No,No,yes
spam,"SBI Card कस्टमर सर्विस: आपका Rs.50 का रिफंड पेंडिंग है, दावा करने के लिए क्लिक करें: http://gift-redeem-now.co.in/rp39h",yes,No,No
spam,बधाई हो! आपका Zomato खाता एक फ्री स्मार्टफोन (Rs.200) के लिए चुना गया है। अभी दावा करें: http://offer4u-claim.online/4l80l,yes,No,No
spam,आप Lenskart के एनिवर्सरी कॉन्टेस्ट के लकी विनर हैं। Rs.100 का प्राइज पाने के लिए अपनी बैंक विवरण साझा करें।,No,No,No
spam,Flipkart आज 100 लकी कस्टमर्स को फ्री सोने का सिक्का दे रहा है। अपना पाने के लिए तुरंत कॉल करें 8028463391।,No,No,yes
spam,आप Pepperfry के एनिवर्सरी कॉन्टेस्ट के लकी विनर हैं। Rs.100 का प्राइज पाने के लिए अपनी बैंक विवरण साझा करें।,No,No,No
spam,आप Netflix के एनिवर्सरी कॉन्टेस्ट के लकी विनर हैं। Rs.200 का प्राइज पाने के लिए अपनी बैंक विवरण साझा करें।,No,No,No
spam,बधाई हो! आपका Zepto खाता एक फ्री स्मार्टवॉच (Rs.250) के लिए चुना गया है। अभी दावा करें: http://lucky-winner-alert.co/diq8s,yes,No,No
spam,Domino's लकी ड्रॉ: आपने एक फ्री स्मार्टफोन जीता है! एक्सपायर होने से पहले अभी कॉल करें 6701341879।,No,No,yes
spam,"MakeMyTrip कस्टमर सर्विस: आपका Rs.50 का रिफंड पेंडिंग है, दावा करने के लिए क्लिक करें: http://reward-claim24.xyz/sn7tx",yes,No,No
spam,"Ajio कस्टमर सर्विस: आपका Rs.300 का रिफंड पेंडिंग है, दावा करने के लिए क्लिक करें: http://prize-verify.info/ogxup",yes,No,No
spam,"cult.fit कस्टमर सर्विस: आपका Rs.200 का रिफंड पेंडिंग है, दावा करने के लिए क्लिक करें: http://reward-claim24.xyz/06sxi",yes,No,No
spam,Myntra आज 100 लकी कस्टमर्स को फ्री सोने का सिक्का दे रहा है। अपना पाने के लिए तुरंत कॉल करें 8327566406।,No,No,yes
spam,"SBI Card फ्लैश सेल: सब कुछ 90% छूट, सिर्फ कुछ पीस बचे हैं! अभी ऑर्डर करने के लिए BUY रिप्लाई करें।",No,No,No
spam,"BigBasket कस्टमर सर्विस: आपका Rs.150 का रिफंड पेंडिंग है, दावा करने के लिए क्लिक करें: http://reward-claim24.xyz/sca7d",yes,No,No
spam,बधाई हो! आपका Blinkit खाता एक फ्री स्मार्टवॉच (Rs.300) के लिए चुना गया है। अभी दावा करें: http://prize-verify.info/0ce1n,yes,No,No
spam,Policybazaar आज 100 लकी कस्टमर्स को फ्री स्मार्टवॉच दे रहा है। अपना पाने के लिए तुरंत कॉल करें 8924722880।,No,No,yes
spam,"Domino's फ्लैश सेल: सब कुछ 90% छूट, सिर्फ कुछ पीस बचे हैं! अभी ऑर्डर करने के लिए BUY रिप्लाई करें।",No,No,No
spam,"Netflix फ्लैश सेल: सब कुछ 90% छूट, सिर्फ कुछ पीस बचे हैं! अभी ऑर्डर करने के लिए BUY रिप्लाई करें।",No,No,No
spam,"BookMyShow फ्लैश सेल: सब कुछ 90% छूट, सिर्फ कुछ पीस बचे हैं! अभी ऑर्डर करने के लिए BUY रिप्लाई करें।",No,No,No
spam,Myntra लकी ड्रॉ: आपने एक फ्री गिफ्ट हैम्पर जीता है! एक्सपायर होने से पहले अभी कॉल करें 9419848919।,No,No,yes
spam,"BYJU'S फ्लैश सेल: सब कुछ 90% छूट, सिर्फ कुछ पीस बचे हैं! अभी ऑर्डर करने के लिए BUY रिप्लाई करें।",No,No,No
spam,Blinkit आज 100 लकी कस्टमर्स को फ्री स्मार्टवॉच दे रहा है। अपना पाने के लिए तुरंत कॉल करें 8274652333।,No,No,yes
spam,आप PhonePe के एनिवर्सरी कॉन्टेस्ट के लकी विनर हैं। Rs.100 का प्राइज पाने के लिए अपनी बैंक विवरण साझा करें।,No,No,No
spam,"PharmEasy कस्टमर सर्विस: आपका Rs.50 का रिफंड पेंडिंग है, दावा करने के लिए क्लिक करें: http://bonus-cashout.xyz/484hm",yes,No,No
spam,आप redBus के एनिवर्सरी कॉन्टेस्ट के लकी विनर हैं। Rs.150 का प्राइज पाने के लिए अपनी बैंक विवरण साझा करें।,No,No,No
spam,आप Amazon के एनिवर्सरी कॉन्टेस्ट के लकी विनर हैं। Rs.300 का प्राइज पाने के लिए अपनी बैंक विवरण साझा करें।,No,No,No
spam,"Paytm फ्लैश सेल: सब कुछ 90% छूट, सिर्फ कुछ पीस बचे हैं! अभी ऑर्डर करने के लिए BUY रिप्लाई करें।",No,No,No
spam,बधाई हो! आपका Domino's खाता एक फ्री स्मार्टवॉच (Rs.300) के लिए चुना गया है। अभी दावा करें: http://bonus-cashout.xyz/bkb5c,yes,No,No
spam,"Vi फ्लैश सेल: सब कुछ 90% छूट, सिर्फ कुछ पीस बचे हैं! अभी ऑर्डर करने के लिए BUY रिप्लाई करें।",No,No,No
spam,Nykaa आज 100 लकी कस्टमर्स को फ्री स्मार्टफोन दे रहा है। अपना पाने के लिए तुरंत कॉल करें 6414298300।,No,No,yes
spam,"Zomato कस्टमर सर्विस: आपका Rs.100 का रिफंड पेंडिंग है, दावा करने के लिए क्लिक करें: http://offer4u-claim.online/1ok11",yes,No,No
spam,बधाई हो! आपका Goibibo खाता एक फ्री सोने का सिक्का (Rs.300) के लिए चुना गया है। अभी दावा करें: http://gift-redeem-now.co.in/zeevi,yes,No,No
spam,Amazon Prime Video लकी ड्रॉ: आपने एक फ्री स्मार्टवॉच जीता है! एक्सपायर होने से पहले अभी कॉल करें 8688683581।,No,No,yes
spam,Unacademy आज 100 लकी कस्टमर्स को फ्री स्मार्टफोन दे रहा है। अपना पाने के लिए तुरंत कॉल करें 6694540140।,No,No,yes
spam,आप cult.fit के एनिवर्सरी कॉन्टेस्ट के लकी विनर हैं। Rs.200 का प्राइज पाने के लिए अपनी बैंक विवरण साझा करें।,No,No,No
spam,"Ola कस्टमर सर्विस: आपका Rs.300 का रिफंड पेंडिंग है, दावा करने के लिए क्लिक करें: http://gift-redeem-now.co.in/9wt00",yes,No,No
spam,"Zepto फ्लैश सेल: सब कुछ 90% छूट, सिर्फ कुछ पीस बचे हैं! अभी ऑर्डर करने के लिए BUY रिप्लाई करें।",No,No,No
spam,Axis Bank लकी ड्रॉ: आपने एक फ्री स्मार्टफोन जीता है! एक्सपायर होने से पहले अभी कॉल करें 7778908017।,No,No,yes
spam,बधाई हो! आपका Tanishq खाता एक फ्री गिफ्ट हैम्पर (Rs.150) के लिए चुना गया है। अभी दावा करें: http://lucky-winner-alert.co/kj61y,yes,No,No
spam,1mg लकी ड्रॉ: आपने एक फ्री गिफ्ट हैम्पर जीता है! एक्सपायर होने से पहले अभी कॉल करें 7932884160।,No,No,yes
spam,बधाई हो! आपका Amazon Prime Video खाता एक फ्री गिफ्ट हैम्पर (Rs.50) के लिए चुना गया है। अभी दावा करें: http://prize-verify.info/4p6qh,yes,No,No
spam,Goibibo आज 100 लकी कस्टमर्स को फ्री स्मार्टफोन दे रहा है। अपना पाने के लिए तुरंत कॉल करें 6928588481।,No,No,yes
spam,Paytm आज 100 लकी कस्टमर्स को फ्री सोने का सिक्का दे रहा है। अपना पाने के लिए तुरंत कॉल करें 7097261757।,No,No,yes
spam,Spotify आज 100 लकी कस्टमर्स को फ्री स्मार्टवॉच दे रहा है। अपना पाने के लिए तुरंत कॉल करें 6021087616।,No,No,yes
spam,आप ICICI Bank के एनिवर्सरी कॉन्टेस्ट के लकी विनर हैं। Rs.200 का प्राइज पाने के लिए अपनी बैंक विवरण साझा करें।,No,No,No
spam,आप PhonePe के एनिवर्सरी कॉन्टेस्ट के लकी विनर हैं। Rs.200 का प्राइज पाने के लिए अपनी बैंक विवरण साझा करें।,No,No,No
spam,बधाई हो! आपका ICICI Bank खाता एक फ्री स्मार्टवॉच (Rs.150) के लिए चुना गया है। अभी दावा करें: http://offer4u-claim.online/e37ch,yes,No,No
spam,"Axis Bank फ्लैश सेल: सब कुछ 90% छूट, सिर्फ कुछ पीस बचे हैं! अभी ऑर्डर करने के लिए BUY रिप्लाई करें।",No,No,No
spam,Nykaa आज 100 लकी कस्टमर्स को फ्री स्मार्टवॉच दे रहा है। अपना पाने के लिए तुरंत कॉल करें 7609168221।,No,No,yes
spam,"Ola कस्टमर सर्विस: आपका Rs.200 का रिफंड पेंडिंग है, दावा करने के लिए क्लिक करें: http://prize-verify.info/1mqbk",yes,No,No
spam,Meesho लकी ड्रॉ: आपने एक फ्री शॉपिंग वाउचर जीता है! एक्सपायर होने से पहले अभी कॉल करें 8465367860।,No,No,yes
spam,PharmEasy लकी ड्रॉ: आपने एक फ्री सोने का सिक्का जीता है! एक्सपायर होने से पहले अभी कॉल करें 9167115356।,No,No,yes
spam,बधाई हो! आपका Netflix खाता एक फ्री गिफ्ट हैम्पर (Rs.300) के लिए चुना गया है। अभी दावा करें: http://gift-redeem-now.co.in/sm39p,yes,No,No
spam,Disney+ Hotstar लकी ड्रॉ: आपने एक फ्री सोने का सिक्का जीता है! एक्सपायर होने से पहले अभी कॉल करें 8233429062।,No,No,yes
spam,आप ICICI Bank के एनिवर्सरी कॉन्टेस्ट के लकी विनर हैं। Rs.100 का प्राइज पाने के लिए अपनी बैंक विवरण साझा करें।,No,No,No
spam,आप Decathlon के एनिवर्सरी कॉन्टेस्ट के लकी विनर हैं। Rs.200 का प्राइज पाने के लिए अपनी बैंक विवरण साझा करें।,No,No,No
spam,Airtel आज 100 लकी कस्टमर्स को फ्री शॉपिंग वाउचर दे रहा है। अपना पाने के लिए तुरंत कॉल करें 9979977842।,No,No,yes
spam,बधाई हो! आपका Zomato खाता एक फ्री सोने का सिक्का (Rs.50) के लिए चुना गया है। अभी दावा करें: http://prize-verify.info/dbwgn,yes,No,No
spam,बधाई हो! आपका Domino's खाता एक फ्री स्मार्टवॉच (Rs.250) के लिए चुना गया है। अभी दावा करें: http://lucky-winner-alert.co/n2n4g,yes,No,No
spam,"Meesho कस्टमर सर्विस: आपका Rs.50 का रिफंड पेंडिंग है, दावा करने के लिए क्लिक करें: http://prize-verify.info/w8u11",yes,No,No
spam,बधाई हो! आपका Amazon खाता एक फ्री सोने का सिक्का (Rs.150) के लिए चुना गया है। अभी दावा करें: http://gift-redeem-now.co.in/1yu2c,yes,No,No
spam,बधाई हो! आपका Nykaa खाता एक फ्री शॉपिंग वाउचर (Rs.250) के लिए चुना गया है। अभी दावा करें: http://prize-verify.info/ikgkw,yes,No,No
spam,"Amazon Prime Video कस्टमर सर्विस: आपका Rs.50 का रिफंड पेंडिंग है, दावा करने के लिए क्लिक करें: http://prize-verify.info/b0k4o",yes,No,No
spam,Axis Bank लकी ड्रॉ: आपने एक फ्री गिफ्ट हैम्पर जीता है! एक्सपायर होने से पहले अभी कॉल करें 6177138307।,No,No,yes
spam,Paytm आज 100 लकी कस्टमर्स को फ्री गिफ्ट हैम्पर दे रहा है। अपना पाने के लिए तुरंत कॉल करें 8417248614।,No,No,yes
spam,आप PharmEasy के एनिवर्सरी कॉन्टेस्ट के लकी विनर हैं। Rs.250 का प्राइज पाने के लिए अपनी बैंक विवरण साझा करें।,No,No,No
spam,1mg आज 100 लकी कस्टमर्स को फ्री गिफ्ट हैम्पर दे रहा है। अपना पाने के लिए तुरंत कॉल करें 8444479762।,No,No,yes
spam,"redBus फ्लैश सेल: सब कुछ 90% छूट, सिर्फ कुछ पीस बचे हैं! अभी ऑर्डर करने के लिए BUY रिप्लाई करें।",No,No,No
spam,PhonePe लकी ड्रॉ: आपने एक फ्री सोने का सिक्का जीता है! एक्सपायर होने से पहले अभी कॉल करें 9557058950।,No,No,yes
spam,"MakeMyTrip कस्टमर सर्विस: आपका Rs.500 का रिफंड पेंडिंग है, दावा करने के लिए क्लिक करें: http://offer4u-claim.online/17l29",yes,No,No
spam,HDFC Bank लकी ड्रॉ: आपने एक फ्री स्मार्टवॉच जीता है! एक्सपायर होने से पहले अभी कॉल करें 8833525526।,No,No,yes
spam,आप Spotify के एनिवर्सरी कॉन्टेस्ट के लकी विनर हैं। Rs.300 का प्राइज पाने के लिए अपनी बैंक विवरण साझा करें।,No,No,No
spam,बधाई हो! आपका Spotify खाता एक फ्री स्मार्टफोन (Rs.300) के लिए चुना गया है। अभी दावा करें: http://prize-verify.info/uzk5q,yes,No,No
spam,आप MakeMyTrip के एनिवर्सरी कॉन्टेस्ट के लकी विनर हैं। Rs.150 का प्राइज पाने के लिए अपनी बैंक विवरण साझा करें।,No,No,No
spam,"IndiGo कस्टमर सर्विस: आपका Rs.500 का रिफंड पेंडिंग है, दावा करने के लिए क्लिक करें: http://offer4u-claim.online/mgbit",yes,No,No
spam,आप Goibibo के एनिवर्सरी कॉन्टेस्ट के लकी विनर हैं। Rs.300 का प्राइज पाने के लिए अपनी बैंक विवरण साझा करें।,No,No,No
spam,Pepperfry लकी ड्रॉ: आपने एक फ्री गिफ्ट हैम्पर जीता है! एक्सपायर होने से पहले अभी कॉल करें 8609049634।,No,No,yes
spam,"Vi कस्टमर सर्विस: आपका Rs.150 का रिफंड पेंडिंग है, दावा करने के लिए क्लिक करें: http://offer4u-claim.online/6jzva",yes,No,No
spam,Flipkart आज 100 लकी कस्टमर्स को फ्री गिफ्ट हैम्पर दे रहा है। अपना पाने के लिए तुरंत कॉल करें 8239940180।,No,No,yes
spam,बधाई हो! आपका CRED खाता एक फ्री स्मार्टवॉच (Rs.500) के लिए चुना गया है। अभी दावा करें: http://offer4u-claim.online/fyrm7,yes,No,No
spam,Nykaa आज 100 लकी कस्टमर्स को फ्री गिफ्ट हैम्पर दे रहा है। अपना पाने के लिए तुरंत कॉल करें 7032681199।,No,No,yes
spam,"Amazon फ्लैश सेल: सब कुछ 90% छूट, सिर्फ कुछ पीस बचे हैं! अभी ऑर्डर करने के लिए BUY रिप्लाई करें।",No,No,No
spam,PhonePe लकी ड्रॉ: आपने एक फ्री सोने का सिक्का जीता है! एक्सपायर होने से पहले अभी कॉल करें 6271337168।,No,No,yes
spam,"cult.fit कस्टमर सर्विस: आपका Rs.100 का रिफंड पेंडिंग है, दावा करने के लिए क्लिक करें: http://gift-redeem-now.co.in/0l3kl",yes,No,No
spam,बधाई हो! आपका Goibibo खाता एक फ्री स्मार्टवॉच (Rs.250) के लिए चुना गया है। अभी दावा करें: http://offer4u-claim.online/o2aoe,yes,No,No
spam,HDFC Bank लकी ड्रॉ: आपने एक फ्री सोने का सिक्का जीता है! एक्सपायर होने से पहले अभी कॉल करें 8148461498।,No,No,yes
spam,Jio लकी ड्रॉ: आपने एक फ्री गिफ्ट हैम्पर जीता है! एक्सपायर होने से पहले अभी कॉल करें 7644220175।,No,No,yes
spam,बधाई हो! आपका MakeMyTrip खाता एक फ्री स्मार्टवॉच (Rs.500) के लिए चुना गया है। अभी दावा करें: http://offer4u-claim.online/vlqpr,yes,No,No
spam,PhonePe आज 100 लकी कस्टमर्स को फ्री शॉपिंग वाउचर दे रहा है। अपना पाने के लिए तुरंत कॉल करें 7954915711।,No,No,yes
spam,बधाई हो! आपका ICICI Bank खाता एक फ्री गिफ्ट हैम्पर (Rs.150) के लिए चुना गया है। अभी दावा करें: http://prize-verify.info/npomm,yes,No,No
spam,आप Paytm के एनिवर्सरी कॉन्टेस्ट के लकी विनर हैं। Rs.300 का प्राइज पाने के लिए अपनी बैंक विवरण साझा करें।,No,No,No
spam,"Spotify कस्टमर सर्विस: आपका Rs.200 का रिफंड पेंडिंग है, दावा करने के लिए क्लिक करें: http://bonus-cashout.xyz/2bdm7",yes,No,No
spam,"1mg कस्टमर सर्विस: आपका Rs.100 का रिफंड पेंडिंग है, दावा करने के लिए क्लिक करें: http://reward-claim24.xyz/6p5ry",yes,No,No
spam,"cult.fit फ्लैश सेल: सब कुछ 90% छूट, सिर्फ कुछ पीस बचे हैं! अभी ऑर्डर करने के लिए BUY रिप्लाई करें।",No,No,No
spam,"Spotify फ्लैश सेल: सब कुछ 90% छूट, सिर्फ कुछ पीस बचे हैं! अभी ऑर्डर करने के लिए BUY रिप्लाई करें।",No,No,No
spam,आप BYJU'S के एनिवर्सरी कॉन्टेस्ट के लकी विनर हैं। Rs.50 का प्राइज पाने के लिए अपनी बैंक विवरण साझा करें।,No,No,No
spam,Decathlon आज 100 लकी कस्टमर्स को फ्री सोने का सिक्का दे रहा है। अपना पाने के लिए तुरंत कॉल करें 8639349939।,No,No,yes
spam,"Amazon Prime Video कस्टमर सर्विस: आपका Rs.100 का रिफंड पेंडिंग है, दावा करने के लिए क्लिक करें: http://gift-redeem-now.co.in/0lrv3",yes,No,No
spam,Zepto लकी ड्रॉ: आपने एक फ्री स्मार्टवॉच जीता है! एक्सपायर होने से पहले अभी कॉल करें 8173421955।,No,No,yes
spam,आप Uber के एनिवर्सरी कॉन्टेस्ट के लकी विनर हैं। Rs.250 का प्राइज पाने के लिए अपनी बैंक विवरण साझा करें।,No,No,No
spam,आप Blinkit के एनिवर्सरी कॉन्टेस्ट के लकी विनर हैं। Rs.250 का प्राइज पाने के लिए अपनी बैंक विवरण साझा करें।,No,No,No
spam,"Meesho फ्लैश सेल: सब कुछ 90% छूट, सिर्फ कुछ पीस बचे हैं! अभी ऑर्डर करने के लिए BUY रिप्लाई करें।",No,No,No
spam,Paytm लकी ड्रॉ: आपने एक फ्री स्मार्टवॉच जीता है! एक्सपायर होने से पहले अभी कॉल करें 8550393588।,No,No,yes
spam,"IndiGo कस्टमर सर्विस: आपका Rs.150 का रिफंड पेंडिंग है, दावा करने के लिए क्लिक करें: http://offer4u-claim.online/artpw",yes,No,No
spam,बधाई हो! आपका Axis Bank खाता एक फ्री गिफ्ट हैम्पर (Rs.250) के लिए चुना गया है। अभी दावा करें: http://offer4u-claim.online/sm4v0,yes,No,No
spam,"BigBasket कस्टमर सर्विस: आपका Rs.200 का रिफंड पेंडिंग है, दावा करने के लिए क्लिक करें: http://gift-redeem-now.co.in/li5e3",yes,No,No
spam,आप Spotify के एनिवर्सरी कॉन्टेस्ट के लकी विनर हैं। Rs.250 का प्राइज पाने के लिए अपनी बैंक विवरण साझा करें।,No,No,No
spam,आप Amazon के एनिवर्सरी कॉन्टेस्ट के लकी विनर हैं। Rs.200 का प्राइज पाने के लिए अपनी बैंक विवरण साझा करें।,No,No,No
spam,Flipkart लकी ड्रॉ: आपने एक फ्री सोने का सिक्का जीता है! एक्सपायर होने से पहले अभी कॉल करें 8724171205।,No,No,yes
spam,बधाई हो! आपका Ajio खाता एक फ्री स्मार्टफोन (Rs.50) के लिए चुना गया है। अभी दावा करें: http://prize-verify.info/jgt4v,yes,No,No
spam,"redBus कस्टमर सर्विस: आपका Rs.500 का रिफंड पेंडिंग है, दावा करने के लिए क्लिक करें: http://offer4u-claim.online/h9zbv",yes,No,No
spam,"Goibibo कस्टमर सर्विस: आपका Rs.100 का रिफंड पेंडिंग है, दावा करने के लिए क्लिक करें: http://lucky-winner-alert.co/35img",yes,No,No
spam,आप BYJU'S के एनिवर्सरी कॉन्टेस्ट के लकी विनर हैं। Rs.100 का प्राइज पाने के लिए अपनी बैंक विवरण साझा करें।,No,No,No
spam,बधाई हो! आपका Flipkart खाता एक फ्री स्मार्टफोन (Rs.300) के लिए चुना गया है। अभी दावा करें: http://prize-verify.info/7auve,yes,No,No
spam,आप 1mg के एनिवर्सरी कॉन्टेस्ट के लकी विनर हैं। Rs.200 का प्राइज पाने के लिए अपनी बैंक विवरण साझा करें।,No,No,No
spam,"Ola कस्टमर सर्विस: आपका Rs.100 का रिफंड पेंडिंग है, दावा करने के लिए क्लिक करें: http://gift-redeem-now.co.in/wx9r8",yes,No,No
spam,आप boAt के एनिवर्सरी कॉन्टेस्ट के लकी विनर हैं। Rs.50 का प्राइज पाने के लिए अपनी बैंक विवरण साझा करें।,No,No,No
spam,IndiGo आज 100 लकी कस्टमर्स को फ्री स्मार्टवॉच दे रहा है। अपना पाने के लिए तुरंत कॉल करें 9037007561।,No,No,yes
spam,"Goibibo कस्टमर सर्विस: आपका Rs.300 का रिफंड पेंडिंग है, दावा करने के लिए क्लिक करें: http://gift-redeem-now.co.in/wiupl",yes,No,No
spam,आप Ajio के एनिवर्सरी कॉन्टेस्ट के लकी विनर हैं। Rs.100 का प्राइज पाने के लिए अपनी बैंक विवरण साझा करें।,No,No,No
spam,आप CRED के एनिवर्सरी कॉन्टेस्ट के लकी विनर हैं। Rs.150 का प्राइज पाने के लिए अपनी बैंक विवरण साझा करें।,No,No,No
spam,आप Amazon के एनिवर्सरी कॉन्टेस्ट के लकी विनर हैं। Rs.100 का प्राइज पाने के लिए अपनी बैंक विवरण साझा करें।,No,No,No
spam,Myntra लकी ड्रॉ: आपने एक फ्री स्मार्टवॉच जीता है! एक्सपायर होने से पहले अभी कॉल करें 9638511978।,No,No,yes
spam,cult.fit लकी ड्रॉ: आपने एक फ्री सोने का सिक्का जीता है! एक्सपायर होने से पहले अभी कॉल करें 8836662952।,No,No,yes
spam,"Policybazaar कस्टमर सर्विस: आपका Rs.50 का रिफंड पेंडिंग है, दावा करने के लिए क्लिक करें: http://prize-verify.info/17vtq",yes,No,No
spam,बधाई हो! आपका Goibibo खाता एक फ्री स्मार्टफोन (Rs.200) के लिए चुना गया है। अभी दावा करें: http://bonus-cashout.xyz/zapho,yes,No,No
spam,"Amazon कस्टमर सर्विस: आपका Rs.300 का रिफंड पेंडिंग है, दावा करने के लिए क्लिक करें: http://offer4u-claim.online/o0c1z",yes,No,No
spam,बधाई हो! आपका SBI Card खाता एक फ्री शॉपिंग वाउचर (Rs.300) के लिए चुना गया है। अभी दावा करें: http://prize-verify.info/3u2xd,yes,No,No
spam,Ola लकी ड्रॉ: आपने एक फ्री स्मार्टफोन जीता है! एक्सपायर होने से पहले अभी कॉल करें 9161656473।,No,No,yes
spam,आप Myntra के एनिवर्सरी कॉन्टेस्ट के लकी विनर हैं। Rs.50 का प्राइज पाने के लिए अपनी बैंक विवरण साझा करें।,No,No,No
spam,आप Zomato के एनिवर्सरी कॉन्टेस्ट के लकी विनर हैं। Rs.500 का प्राइज पाने के लिए अपनी बैंक विवरण साझा करें।,No,No,No
spam,"Ola कस्टमर सर्विस: आपका Rs.100 का रिफंड पेंडिंग है, दावा करने के लिए क्लिक करें: http://gift-redeem-now.co.in/16we1",yes,No,No
spam,आप BookMyShow के एनिवर्सरी कॉन्टेस्ट के लकी विनर हैं। Rs.250 का प्राइज पाने के लिए अपनी बैंक विवरण साझा करें।,No,No,No
spam,Swiggy आज 100 लकी कस्टमर्स को फ्री स्मार्टवॉच दे रहा है। अपना पाने के लिए तुरंत कॉल करें 6381276569।,No,No,yes
spam,आप Flipkart के एनिवर्सरी कॉन्टेस्ट के लकी विनर हैं। Rs.100 का प्राइज पाने के लिए अपनी बैंक विवरण साझा करें।,No,No,No
spam,BigBasket आज 100 लकी कस्टमर्स को फ्री सोने का सिक्का दे रहा है। अपना पाने के लिए तुरंत कॉल करें 7177840539।,No,No,yes
spam,"Ajio कस्टमर सर्विस: आपका Rs.100 का रिफंड पेंडिंग है, दावा करने के लिए क्लिक करें: http://reward-claim24.xyz/8gx2q",yes,No,No
spam,"Uber फ्लैश सेल: सब कुछ 90% छूट, सिर्फ कुछ पीस बचे हैं! अभी ऑर्डर करने के लिए BUY रिप्लाई करें।",No,No,No
spam,IRCTC लकी ड्रॉ: आपने एक फ्री सोने का सिक्का जीता है! एक्सपायर होने से पहले अभी कॉल करें 7125545847।,No,No,yes
spam,आप Flipkart के एनिवर्सरी कॉन्टेस्ट के लकी विनर हैं। Rs.50 का प्राइज पाने के लिए अपनी बैंक विवरण साझा करें।,No,No,No
spam,"boAt कस्टमर सर्विस: आपका Rs.300 का रिफंड पेंडिंग है, दावा करने के लिए क्लिक करें: http://prize-verify.info/es1f2",yes,No,No
spam,बधाई हो! आपका Lenskart खाता एक फ्री गिफ्ट हैम्पर (Rs.150) के लिए चुना गया है। अभी दावा करें: http://prize-verify.info/sw996,yes,No,No
spam,Flipkart आज 100 लकी कस्टमर्स को फ्री सोने का सिक्का दे रहा है। अपना पाने के लिए तुरंत कॉल करें 8702328117।,No,No,yes
spam,"Ajio फ्लैश सेल: सब कुछ 90% छूट, सिर्फ कुछ पीस बचे हैं! अभी ऑर्डर करने के लिए BUY रिप्लाई करें।",No,No,No
spam,Vi आज 100 लकी कस्टमर्स को फ्री सोने का सिक्का दे रहा है। अपना पाने के लिए तुरंत कॉल करें 7050460820।,No,No,yes
spam,ICICI Bank लकी ड्रॉ: आपने एक फ्री शॉपिंग वाउचर जीता है! एक्सपायर होने से पहले अभी कॉल करें 7318898589।,No,No,yes
spam,Flipkart लकी ड्रॉ: आपने एक फ्री सोने का सिक्का जीता है! एक्सपायर होने से पहले अभी कॉल करें 9905057040।,No,No,yes
spam,"boAt फ्लैश सेल: सब कुछ 90% छूट, सिर्फ कुछ पीस बचे हैं! अभी ऑर्डर करने के लिए BUY रिप्लाई करें।",No,No,No
spam,Tanishq लकी ड्रॉ: आपने एक फ्री शॉपिंग वाउचर जीता है! एक्सपायर होने से पहले अभी कॉल करें 9789681659।,No,No,yes
spam,आप Goibibo के एनिवर्सरी कॉन्टेस्ट के लकी विनर हैं। Rs.250 का प्राइज पाने के लिए अपनी बैंक विवरण साझा करें।,No,No,No
spam,आप Zepto के एनिवर्सरी कॉन्टेस्ट के लकी विनर हैं। Rs.300 का प्राइज पाने के लिए अपनी बैंक विवरण साझा करें।,No,No,No
spam,बधाई हो! आपका PhonePe खाता एक फ्री गिफ्ट हैम्पर (Rs.500) के लिए चुना गया है। अभी दावा करें: http://offer4u-claim.online/sqkl5,yes,No,No
spam,बधाई हो! आपका Axis Bank खाता एक फ्री शॉपिंग वाउचर (Rs.500) के लिए चुना गया है। अभी दावा करें: http://lucky-winner-alert.co/3iosm,yes,No,No
spam,बधाई हो! आपका Axis Bank खाता एक फ्री स्मार्टवॉच (Rs.100) के लिए चुना गया है। अभी दावा करें: http://reward-claim24.xyz/afen9,yes,No,No
spam,"Blinkit फ्लैश सेल: सब कुछ 90% छूट, सिर्फ कुछ पीस बचे हैं! अभी ऑर्डर करने के लिए BUY रिप्लाई करें।",No,No,No
spam,बधाई हो! आपका Amazon Prime Video खाता एक फ्री स्मार्टफोन (Rs.150) के लिए चुना गया है। अभी दावा करें: http://reward-claim24.xyz/5gp7z,yes,No,No
spam,"IRCTC कस्टमर सर्विस: आपका Rs.500 का रिफंड पेंडिंग है, दावा करने के लिए क्लिक करें: http://reward-claim24.xyz/yo3h6",yes,No,No
spam,"Lenskart कस्टमर सर्विस: आपका Rs.200 का रिफंड पेंडिंग है, दावा करने के लिए क्लिक करें: http://lucky-winner-alert.co/lfjlu",yes,No,No
spam,Titan आज 100 लकी कस्टमर्स को फ्री स्मार्टवॉच दे रहा है। अपना पाने के लिए तुरंत कॉल करें 6050263717।,No,No,yes
spam,आप Zomato के एनिवर्सरी कॉन्टेस्ट के लकी विनर हैं। Rs.100 का प्राइज पाने के लिए अपनी बैंक विवरण साझा करें।,No,No,No
spam,आप redBus के एनिवर्सरी कॉन्टेस्ट के लकी विनर हैं। Rs.100 का प्राइज पाने के लिए अपनी बैंक विवरण साझा करें।,No,No,No
spam,आप BYJU'S के एनिवर्सरी कॉन्टेस्ट के लकी विनर हैं। Rs.300 का प्राइज पाने के लिए अपनी बैंक विवरण साझा करें।,No,No,No
spam,आप Policybazaar के एनिवर्सरी कॉन्टेस्ट के लकी विनर हैं। Rs.300 का प्राइज पाने के लिए अपनी बैंक विवरण साझा करें।,No,No,No
spam,Zomato लकी ड्रॉ: आपने एक फ्री स्मार्टवॉच जीता है! एक्सपायर होने से पहले अभी कॉल करें 7285449370।,No,No,yes
spam,"Unacademy फ्लैश सेल: सब कुछ 90% छूट, सिर्फ कुछ पीस बचे हैं! अभी ऑर्डर करने के लिए BUY रिप्लाई करें।",No,No,No
spam,Flipkart आज 100 लकी कस्टमर्स को फ्री स्मार्टवॉच दे रहा है। अपना पाने के लिए तुरंत कॉल करें 7477179894।,No,No,yes
spam,बधाई हो! आपका SBI Card खाता एक फ्री स्मार्टवॉच (Rs.200) के लिए चुना गया है। अभी दावा करें: http://gift-redeem-now.co.in/tjhai,yes,No,No
spam,Zepto लकी ड्रॉ: आपने एक फ्री स्मार्टवॉच जीता है! एक्सपायर होने से पहले अभी कॉल करें 6468605290।,No,No,yes
spam,Myntra आज 100 लकी कस्टमर्स को फ्री शॉपिंग वाउचर दे रहा है। अपना पाने के लिए तुरंत कॉल करें 8202031737।,No,No,yes
spam,Airtel आज 100 लकी कस्टमर्स को फ्री गिफ्ट हैम्पर दे रहा है। अपना पाने के लिए तुरंत कॉल करें 8990881541।,No,No,yes
spam,"PhonePe कस्टमर सर्विस: आपका Rs.150 का रिफंड पेंडिंग है, दावा करने के लिए क्लिक करें: http://gift-redeem-now.co.in/acylo",yes,No,No
spam,बधाई हो! आपका Titan खाता एक फ्री गिफ्ट हैम्पर (Rs.250) के लिए चुना गया है। अभी दावा करें: http://bonus-cashout.xyz/wvp2h,yes,No,No
spam,बधाई हो! आपका SBI Card खाता एक फ्री स्मार्टवॉच (Rs.500) के लिए चुना गया है। अभी दावा करें: http://bonus-cashout.xyz/uu95z,yes,No,No
spam,बधाई हो! आपका BookMyShow खाता एक फ्री सोने का सिक्का (Rs.150) के लिए चुना गया है। अभी दावा करें: http://gift-redeem-now.co.in/mfcrn,yes,No,No
spam,Zomato आज 100 लकी कस्टमर्स को फ्री गिफ्ट हैम्पर दे रहा है। अपना पाने के लिए तुरंत कॉल करें 8370638975।,No,No,yes
spam,आप Ajio के एनिवर्सरी कॉन्टेस्ट के लकी विनर हैं। Rs.200 का प्राइज पाने के लिए अपनी बैंक विवरण साझा करें।,No,No,No
spam,Meesho आज 100 लकी कस्टमर्स को फ्री स्मार्टफोन दे रहा है। अपना पाने के लिए तुरंत कॉल करें 6367060381।,No,No,yes
spam,BigBasket लकी ड्रॉ: आपने एक फ्री स्मार्टवॉच जीता है! एक्सपायर होने से पहले अभी कॉल करें 8952655370।,No,No,yes
spam,"ICICI Bank कस्टमर सर्विस: आपका Rs.300 का रिफंड पेंडिंग है, दावा करने के लिए क्लिक करें: http://offer4u-claim.online/jx7y7",yes,No,No
spam,"Amazon Prime Video फ्लैश सेल: सब कुछ 90% छूट, सिर्फ कुछ पीस बचे हैं! अभी ऑर्डर करने के लिए BUY रिप्लाई करें।",No,No,No
spam,Pepperfry आज 100 लकी कस्टमर्स को फ्री सोने का सिक्का दे रहा है। अपना पाने के लिए तुरंत कॉल करें 6872141394।,No,No,yes
spam,"HDFC Bank फ्लैश सेल: सब कुछ 90% छूट, सिर्फ कुछ पीस बचे हैं! अभी ऑर्डर करने के लिए BUY रिप्लाई करें।",No,No,No
spam,Ajio लकी ड्रॉ: आपने एक फ्री सोने का सिक्का जीता है! एक्सपायर होने से पहले अभी कॉल करें 9921149778।,No,No,yes
spam,बधाई हो! आपका Decathlon खाता एक फ्री स्मार्टवॉच (Rs.100) के लिए चुना गया है। अभी दावा करें: http://prize-verify.info/haft2,yes,No,No
spam,boAt आज 100 लकी कस्टमर्स को फ्री गिफ्ट हैम्पर दे रहा है। अपना पाने के लिए तुरंत कॉल करें 8491069943।,No,No,yes
spam,Policybazaar आज 100 लकी कस्टमर्स को फ्री शॉपिंग वाउचर दे रहा है। अपना पाने के लिए तुरंत कॉल करें 7490665887।,No,No,yes
spam,बधाई हो! आपका SBI Card खाता एक फ्री सोने का सिक्का (Rs.250) के लिए चुना गया है। अभी दावा करें: http://reward-claim24.xyz/ykjwy,yes,No,No
spam,बधाई हो! आपका Airtel खाता एक फ्री सोने का सिक्का (Rs.150) के लिए चुना गया है। अभी दावा करें: http://offer4u-claim.online/fsx0g,yes,No,No
spam,MakeMyTrip लकी ड्रॉ: आपने एक फ्री शॉपिंग वाउचर जीता है! एक्सपायर होने से पहले अभी कॉल करें 7158671586।,No,No,yes
spam,बधाई हो! आपका Jio खाता एक फ्री गिफ्ट हैम्पर (Rs.250) के लिए चुना गया है। अभी दावा करें: http://bonus-cashout.xyz/g3j5b,yes,No,No
spam,आप Policybazaar के एनिवर्सरी कॉन्टेस्ट के लकी विनर हैं। Rs.100 का प्राइज पाने के लिए अपनी बैंक विवरण साझा करें।,No,No,No
spam,"ICICI Bank फ्लैश सेल: सब कुछ 90% छूट, सिर्फ कुछ पीस बचे हैं! अभी ऑर्डर करने के लिए BUY रिप्लाई करें।",No,No,No
spam,BigBasket आज 100 लकी कस्टमर्स को फ्री स्मार्टवॉच दे रहा है। अपना पाने के लिए तुरंत कॉल करें 7226365770।,No,No,yes
spam,"Zomato कस्टमर सर्विस: आपका Rs.100 का रिफंड पेंडिंग है, दावा करने के लिए क्लिक करें: http://lucky-winner-alert.co/owx74",yes,No,No
spam,Jio लकी ड्रॉ: आपने एक फ्री स्मार्टवॉच जीता है! एक्सपायर होने से पहले अभी कॉल करें 9456177119।,No,No,yes
spam,बधाई हो! आपका Tanishq खाता एक फ्री स्मार्टफोन (Rs.250) के लिए चुना गया है। अभी दावा करें: http://offer4u-claim.online/yutos,yes,No,No
spam,"Myntra कस्टमर सर्विस: आपका Rs.300 का रिफंड पेंडिंग है, दावा करने के लिए क्लिक करें: http://reward-claim24.xyz/97adv",yes,No,No
spam,बधाई हो! आपका boAt खाता एक फ्री गिफ्ट हैम्पर (Rs.150) के लिए चुना गया है। अभी दावा करें: http://prize-verify.info/6wny0,yes,No,No
spam,आप CRED के एनिवर्सरी कॉन्टेस्ट के लकी विनर हैं। Rs.250 का प्राइज पाने के लिए अपनी बैंक विवरण साझा करें।,No,No,No
spam,Disney+ Hotstar आज 100 लकी कस्टमर्स को फ्री स्मार्टफोन दे रहा है। अपना पाने के लिए तुरंत कॉल करें 6849315233।,No,No,yes
spam,आप Meesho के एनिवर्सरी कॉन्टेस्ट के लकी विनर हैं। Rs.250 का प्राइज पाने के लिए अपनी बैंक विवरण साझा करें।,No,No,No
spam,Zomato आज 100 लकी कस्टमर्स को फ्री स्मार्टवॉच दे रहा है। अपना पाने के लिए तुरंत कॉल करें 9716352300।,No,No,yes
spam,Titan लकी ड्रॉ: आपने एक फ्री स्मार्टवॉच जीता है! एक्सपायर होने से पहले अभी कॉल करें 9908195279।,No,No,yes
spam,BYJU'S लकी ड्रॉ: आपने एक फ्री स्मार्टवॉच जीता है! एक्सपायर होने से पहले अभी कॉल करें 6967403414।,No,No,yes
spam,HDFC Bank आज 100 लकी कस्टमर्स को फ्री शॉपिंग वाउचर दे रहा है। अपना पाने के लिए तुरंत कॉल करें 9345223781।,No,No,yes
spam,"Goibibo कस्टमर सर्विस: आपका Rs.250 का रिफंड पेंडिंग है, दावा करने के लिए क्लिक करें: http://gift-redeem-now.co.in/75ebr",yes,No,No
spam,boAt आज 100 लकी कस्टमर्स को फ्री शॉपिंग वाउचर दे रहा है। अपना पाने के लिए तुरंत कॉल करें 8824245449।,No,No,yes
spam,बधाई हो! आपका redBus खाता एक फ्री सोने का सिक्का (Rs.500) के लिए चुना गया है। अभी दावा करें: http://reward-claim24.xyz/dnnlp,yes,No,No
spam,Jio आज 100 लकी कस्टमर्स को फ्री स्मार्टफोन दे रहा है। अपना पाने के लिए तुरंत कॉल करें 9992829550।,No,No,yes
spam,Ola आज 100 लकी कस्टमर्स को फ्री गिफ्ट हैम्पर दे रहा है। अपना पाने के लिए तुरंत कॉल करें 9637769359।,No,No,yes
spam,CRED आज 100 लकी कस्टमर्स को फ्री शॉपिंग वाउचर दे रहा है। अपना पाने के लिए तुरंत कॉल करें 6917191687।,No,No,yes
spam,Goibibo लकी ड्रॉ: आपने एक फ्री सोने का सिक्का जीता है! एक्सपायर होने से पहले अभी कॉल करें 8347693060।,No,No,yes
spam,आप Airtel के एनिवर्सरी कॉन्टेस्ट के लकी विनर हैं। Rs.250 का प्राइज पाने के लिए अपनी बैंक विवरण साझा करें।,No,No,No
spam,Titan आज 100 लकी कस्टमर्स को फ्री शॉपिंग वाउचर दे रहा है। अपना पाने के लिए तुरंत कॉल करें 9243181873।,No,No,yes
spam,"Titan कस्टमर सर्विस: आपका Rs.200 का रिफंड पेंडिंग है, दावा करने के लिए क्लिक करें: http://offer4u-claim.online/cdsu7",yes,No,No
spam,"Jio कस्टमर सर्विस: आपका Rs.500 का रिफंड पेंडिंग है, दावा करने के लिए क्लिक करें: http://lucky-winner-alert.co/ljj06",yes,No,No
spam,आप Zomato के एनिवर्सरी कॉन्टेस्ट के लकी विनर हैं। Rs.250 का प्राइज पाने के लिए अपनी बैंक विवरण साझा करें।,No,No,No
spam,PhonePe लकी ड्रॉ: आपने एक फ्री गिफ्ट हैम्पर जीता है! एक्सपायर होने से पहले अभी कॉल करें 8699756541।,No,No,yes
spam,बधाई हो! आपका Ajio खाता एक फ्री शॉपिंग वाउचर (Rs.150) के लिए चुना गया है। अभी दावा करें: http://offer4u-claim.online/vmsxx,yes,No,No
spam,बधाई हो! आपका Lenskart खाता एक फ्री स्मार्टफोन (Rs.200) के लिए चुना गया है। अभी दावा करें: http://prize-verify.info/gn2zb,yes,No,No
spam,Jio लकी ड्रॉ: आपने एक फ्री स्मार्टफोन जीता है! एक्सपायर होने से पहले अभी कॉल करें 9123631276।,No,No,yes
spam,बधाई हो! आपका Unacademy खाता एक फ्री स्मार्टफोन (Rs.150) के लिए चुना गया है। अभी दावा करें: http://lucky-winner-alert.co/lw6d9,yes,No,No
spam,Tanishq लकी ड्रॉ: आपने एक फ्री सोने का सिक्का जीता है! एक्सपायर होने से पहले अभी कॉल करें 6770117605।,No,No,yes
spam,Vi लकी ड्रॉ: आपने एक फ्री गिफ्ट हैम्पर जीता है! एक्सपायर होने से पहले अभी कॉल करें 6803818211।,No,No,yes
spam,आप Swiggy के एनिवर्सरी कॉन्टेस्ट के लकी विनर हैं। Rs.50 का प्राइज पाने के लिए अपनी बैंक विवरण साझा करें।,No,No,No
spam,आप cult.fit के एनिवर्सरी कॉन्टेस्ट के लकी विनर हैं। Rs.50 का प्राइज पाने के लिए अपनी बैंक विवरण साझा करें।,No,No,No
spam,Titan आज 100 लकी कस्टमर्स को फ्री सोने का सिक्का दे रहा है। अपना पाने के लिए तुरंत कॉल करें 9622108735।,No,No,yes
spam,आप Vi के एनिवर्सरी कॉन्टेस्ट के लकी विनर हैं। Rs.200 का प्राइज पाने के लिए अपनी बैंक विवरण साझा करें।,No,No,No
spam,बधाई हो! आपका IndiGo खाता एक फ्री सोने का सिक्का (Rs.50) के लिए चुना गया है। अभी दावा करें: http://lucky-winner-alert.co/xoz2z,yes,No,No
spam,"Nykaa कस्टमर सर्विस: आपका Rs.250 का रिफंड पेंडिंग है, दावा करने के लिए क्लिक करें: http://prize-verify.info/khubc",yes,No,No
spam,आप Pepperfry के एनिवर्सरी कॉन्टेस्ट के लकी विनर हैं। Rs.300 का प्राइज पाने के लिए अपनी बैंक विवरण साझा करें।,No,No,No
spam,"SBI Card कस्टमर सर्विस: आपका Rs.100 का रिफंड पेंडिंग है, दावा करने के लिए क्लिक करें: http://gift-redeem-now.co.in/h6vkp",yes,No,No
spam,"Jio कस्टमर सर्विस: आपका Rs.300 का रिफंड पेंडिंग है, दावा करने के लिए क्लिक करें: http://offer4u-claim.online/w0lon",yes,No,No
spam,"Netflix कस्टमर सर्विस: आपका Rs.200 का रिफंड पेंडिंग है, दावा करने के लिए क्लिक करें: http://bonus-cashout.xyz/rw8kj",yes,No,No
spam,बधाई हो! आपका Myntra खाता एक फ्री शॉपिंग वाउचर (Rs.100) के लिए चुना गया है। अभी दावा करें: http://reward-claim24.xyz/1sote,yes,No,No
spam,आप Ajio के एनिवर्सरी कॉन्टेस्ट के लकी विनर हैं। Rs.150 का प्राइज पाने के लिए अपनी बैंक विवरण साझा करें।,No,No,No
spam,आप IndiGo के एनिवर्सरी कॉन्टेस्ट के लकी विनर हैं। Rs.250 का प्राइज पाने के लिए अपनी बैंक विवरण साझा करें।,No,No,No
spam,"Zomato कस्टमर सर्विस: आपका Rs.200 का रिफंड पेंडिंग है, दावा करने के लिए क्लिक करें: http://prize-verify.info/l0dzb",yes,No,No
spam,"Airtel कस्टमर सर्विस: आपका Rs.250 का रिफंड पेंडिंग है, दावा करने के लिए क्लिक करें: http://offer4u-claim.online/11tuc",yes,No,No
spam,Decathlon लकी ड्रॉ: आपने एक फ्री सोने का सिक्का जीता है! एक्सपायर होने से पहले अभी कॉल करें 7344393801।,No,No,yes
spam,"HDFC Bank कस्टमर सर्विस: आपका Rs.50 का रिफंड पेंडिंग है, दावा करने के लिए क्लिक करें: http://bonus-cashout.xyz/gin8s",yes,No,No
spam,redBus लकी ड्रॉ: आपने एक फ्री स्मार्टवॉच जीता है! एक्सपायर होने से पहले अभी कॉल करें 6914483762।,No,No,yes
spam,"Amazon कस्टमर सर्विस: आपका Rs.100 का रिफंड पेंडिंग है, दावा करने के लिए क्लिक करें: http://offer4u-claim.online/8qp9n",yes,No,No
spam,आप Blinkit के एनिवर्सरी कॉन्टेस्ट के लकी विनर हैं। Rs.150 का प्राइज पाने के लिए अपनी बैंक विवरण साझा करें।,No,No,No
spam,Jio आज 100 लकी कस्टमर्स को फ्री गिफ्ट हैम्पर दे रहा है। अपना पाने के लिए तुरंत कॉल करें 8840757148।,No,No,yes
spam,बधाई हो! आपका Paytm खाता एक फ्री गिफ्ट हैम्पर (Rs.300) के लिए चुना गया है। अभी दावा करें: http://lucky-winner-alert.co/kbld8,yes,No,No
spam,बधाई हो! आपका Goibibo खाता एक फ्री सोने का सिक्का (Rs.100) के लिए चुना गया है। अभी दावा करें: http://bonus-cashout.xyz/bla1b,yes,No,No
spam,"Lenskart कस्टमर सर्विस: आपका Rs.50 का रिफंड पेंडिंग है, दावा करने के लिए क्लिक करें: http://reward-claim24.xyz/9tv9a",yes,No,No
spam,आप Domino's के एनिवर्सरी कॉन्टेस्ट के लकी विनर हैं। Rs.150 का प्राइज पाने के लिए अपनी बैंक विवरण साझा करें।,No,No,No
spam,बधाई हो! आपका Flipkart खाता एक फ्री शॉपिंग वाउचर (Rs.50) के लिए चुना गया है। अभी दावा करें: http://lucky-winner-alert.co/4ipcc,yes,No,No
spam,"Unacademy कस्टमर सर्विस: आपका Rs.50 का रिफंड पेंडिंग है, दावा करने के लिए क्लिक करें: http://reward-claim24.xyz/nml5h",yes,No,No
spam,आप Ola के एनिवर्सरी कॉन्टेस्ट के लकी विनर हैं। Rs.500 का प्राइज पाने के लिए अपनी बैंक विवरण साझा करें।,No,No,No
spam,Decathlon आज 100 लकी कस्टमर्स को फ्री शॉपिंग वाउचर दे रहा है। अपना पाने के लिए तुरंत कॉल करें 9727174715।,No,No,yes
spam,आप BigBasket के एनिवर्सरी कॉन्टेस्ट के लकी विनर हैं। Rs.500 का प्राइज पाने के लिए अपनी बैंक विवरण साझा करें।,No,No,No
spam,बधाई हो! आपका Zepto खाता एक फ्री सोने का सिक्का (Rs.150) के लिए चुना गया है। अभी दावा करें: http://reward-claim24.xyz/3b8vn,yes,No,No
spam,"boAt कस्टमर सर्विस: आपका Rs.150 का रिफंड पेंडिंग है, दावा करने के लिए क्लिक करें: http://reward-claim24.xyz/ap26y",yes,No,No
spam,Titan आज 100 लकी कस्टमर्स को फ्री शॉपिंग वाउचर दे रहा है। अपना पाने के लिए तुरंत कॉल करें 6691494600।,No,No,yes
spam,बधाई हो! आपका Vi खाता एक फ्री स्मार्टवॉच (Rs.500) के लिए चुना गया है। अभी दावा करें: http://gift-redeem-now.co.in/cq13w,yes,No,No
spam,आप Paytm के एनिवर्सरी कॉन्टेस्ट के लकी विनर हैं। Rs.250 का प्राइज पाने के लिए अपनी बैंक विवरण साझा करें।,No,No,No
spam,"Paytm कस्टमर सर्विस: आपका Rs.500 का रिफंड पेंडिंग है, दावा करने के लिए क्लिक करें: http://bonus-cashout.xyz/kaodv",yes,No,No
spam,"Axis Bank कस्टमर सर्विस: आपका Rs.500 का रिफंड पेंडिंग है, दावा करने के लिए क्लिक करें: http://offer4u-claim.online/kzpre",yes,No,No
spam,"BigBasket फ्लैश सेल: सब कुछ 90% छूट, सिर्फ कुछ पीस बचे हैं! अभी ऑर्डर करने के लिए BUY रिप्लाई करें।",No,No,No
spam,Tanishq लकी ड्रॉ: आपने एक फ्री शॉपिंग वाउचर जीता है! एक्सपायर होने से पहले अभी कॉल करें 7989710263।,No,No,yes
spam,"Titan कस्टमर सर्विस: आपका Rs.200 का रिफंड पेंडिंग है, दावा करने के लिए क्लिक करें: http://lucky-winner-alert.co/acpy3",yes,No,No
spam,"IRCTC फ्लैश सेल: सब कुछ 90% छूट, सिर्फ कुछ पीस बचे हैं! अभी ऑर्डर करने के लिए BUY रिप्लाई करें।",No,No,No
spam,आप BookMyShow के एनिवर्सरी कॉन्टेस्ट के लकी विनर हैं। Rs.300 का प्राइज पाने के लिए अपनी बैंक विवरण साझा करें।,No,No,No
spam,"PharmEasy कस्टमर सर्विस: आपका Rs.200 का रिफंड पेंडिंग है, दावा करने के लिए क्लिक करें: http://prize-verify.info/5m3eo",yes,No,No
spam,बधाई हो! आपका Pepperfry खाता एक फ्री सोने का सिक्का (Rs.200) के लिए चुना गया है। अभी दावा करें: http://offer4u-claim.online/zhk87,yes,No,No
spam,Amazon लकी ड्रॉ: आपने एक फ्री स्मार्टफोन जीता है! एक्सपायर होने से पहले अभी कॉल करें 6606851808।,No,No,yes
spam,redBus आज 100 लकी कस्टमर्स को फ्री शॉपिंग वाउचर दे रहा है। अपना पाने के लिए तुरंत कॉल करें 8751791934।,No,No,yes
spam,Ola आज 100 लकी कस्टमर्स को फ्री गिफ्ट हैम्पर दे रहा है। अपना पाने के लिए तुरंत कॉल करें 8953747751।,No,No,yes
spam,ICICI Bank लकी ड्रॉ: आपने एक फ्री सोने का सिक्का जीता है! एक्सपायर होने से पहले अभी कॉल करें 8626371799।,No,No,yes
spam,Unacademy आज 100 लकी कस्टमर्स को फ्री सोने का सिक्का दे रहा है। अपना पाने के लिए तुरंत कॉल करें 7460110346।,No,No,yes
spam,"Airtel कस्टमर सर्विस: आपका Rs.200 का रिफंड पेंडिंग है, दावा करने के लिए क्लिक करें: http://offer4u-claim.online/5lrcg",yes,No,No
spam,Meesho आज 100 लकी कस्टमर्स को फ्री सोने का सिक्का दे रहा है। अपना पाने के लिए तुरंत कॉल करें 9284746549।,No,No,yes
spam,Axis Bank लकी ड्रॉ: आपने एक फ्री गिफ्ट हैम्पर जीता है! एक्सपायर होने से पहले अभी कॉल करें 9700300781।,No,No,yes
spam,Amazon लकी ड्रॉ: आपने एक फ्री स्मार्टवॉच जीता है! एक्सपायर होने से पहले अभी कॉल करें 6573539661।,No,No,yes
spam,Myntra आज 100 लकी कस्टमर्स को फ्री स्मार्टफोन दे रहा है। अपना पाने के लिए तुरंत कॉल करें 8335092895।,No,No,yes
spam,आप PharmEasy के एनिवर्सरी कॉन्टेस्ट के लकी विनर हैं। Rs.50 का प्राइज पाने के लिए अपनी बैंक विवरण साझा करें।,No,No,No
spam,आप Policybazaar के एनिवर्सरी कॉन्टेस्ट के लकी विनर हैं। Rs.250 का प्राइज पाने के लिए अपनी बैंक विवरण साझा करें।,No,No,No
spam,"ICICI Bank कस्टमर सर्विस: आपका Rs.300 का रिफंड पेंडिंग है, दावा करने के लिए क्लिक करें: http://prize-verify.info/wbfbl",yes,No,No
spam,बधाई हो! आपका Swiggy खाता एक फ्री स्मार्टफोन (Rs.500) के लिए चुना गया है। अभी दावा करें: http://bonus-cashout.xyz/utwxr,yes,No,No
spam,"Ola कस्टमर सर्विस: आपका Rs.200 का रिफंड पेंडिंग है, दावा करने के लिए क्लिक करें: http://lucky-winner-alert.co/gsti3",yes,No,No
spam,आप Netflix के एनिवर्सरी कॉन्टेस्ट के लकी विनर हैं। Rs.500 का प्राइज पाने के लिए अपनी बैंक विवरण साझा करें।,No,No,No
spam,बधाई हो! आपका Decathlon खाता एक फ्री शॉपिंग वाउचर (Rs.100) के लिए चुना गया है। अभी दावा करें: http://offer4u-claim.online/mm7tb,yes,No,No
spam,बधाई हो! आपका Zomato खाता एक फ्री शॉपिंग वाउचर (Rs.200) के लिए चुना गया है। अभी दावा करें: http://bonus-cashout.xyz/n67sn,yes,No,No
spam,"Decathlon फ्लैश सेल: सब कुछ 90% छूट, सिर्फ कुछ पीस बचे हैं! अभी ऑर्डर करने के लिए BUY रिप्लाई करें।",No,No,No
spam,आप Goibibo के एनिवर्सरी कॉन्टेस्ट के लकी विनर हैं। Rs.500 का प्राइज पाने के लिए अपनी बैंक विवरण साझा करें।,No,No,No
spam,IndiGo लकी ड्रॉ: आपने एक फ्री स्मार्टफोन जीता है! एक्सपायर होने से पहले अभी कॉल करें 9879849949।,No,No,yes
spam,बधाई हो! आपका Blinkit खाता एक फ्री सोने का सिक्का (Rs.50) के लिए चुना गया है। अभी दावा करें: http://gift-redeem-now.co.in/avpob,yes,No,No
spam,बधाई हो! आपका Airtel खाता एक फ्री शॉपिंग वाउचर (Rs.500) के लिए चुना गया है। अभी दावा करें: http://prize-verify.info/hp2s0,yes,No,No
spam,"Zepto कस्टमर सर्विस: आपका Rs.500 का रिफंड पेंडिंग है, दावा करने के लिए क्लिक करें: http://prize-verify.info/f1ifm",yes,No,No
spam,HDFC Bank आज 100 लकी कस्टमर्स को फ्री स्मार्टफोन दे रहा है। अपना पाने के लिए तुरंत कॉल करें 6218132055।,No,No,yes
spam,बधाई हो! आपका Zomato खाता एक फ्री शॉपिंग वाउचर (Rs.150) के लिए चुना गया है। अभी दावा करें: http://gift-redeem-now.co.in/zppw6,yes,No,No
spam,आप Airtel के एनिवर्सरी कॉन्टेस्ट के लकी विनर हैं। Rs.50 का प्राइज पाने के लिए अपनी बैंक विवरण साझा करें।,No,No,No
spam,बधाई हो! आपका Lenskart खाता एक फ्री गिफ्ट हैम्पर (Rs.250) के लिए चुना गया है। अभी दावा करें: http://reward-claim24.xyz/k6vy9,yes,No,No
spam,बधाई हो! आपका Myntra खाता एक फ्री स्मार्टवॉच (Rs.500) के लिए चुना गया है। अभी दावा करें: http://reward-claim24.xyz/o5i6a,yes,No,No
spam,Titan आज 100 लकी कस्टमर्स को फ्री स्मार्टवॉच दे रहा है। अपना पाने के लिए तुरंत कॉल करें 9393553149।,No,No,yes
spam,Flipkart लकी ड्रॉ: आपने एक फ्री स्मार्टफोन जीता है! एक्सपायर होने से पहले अभी कॉल करें 7167889131।,No,No,yes
spam,Pepperfry लकी ड्रॉ: आपने एक फ्री शॉपिंग वाउचर जीता है! एक्सपायर होने से पहले अभी कॉल करें 8489961747।,No,No,yes
spam,Pepperfry आज 100 लकी कस्टमर्स को फ्री शॉपिंग वाउचर दे रहा है। अपना पाने के लिए तुरंत कॉल करें 7352999585।,No,No,yes
spam,Swiggy आज 100 लकी कस्टमर्स को फ्री स्मार्टफोन दे रहा है। अपना पाने के लिए तुरंत कॉल करें 6881507601।,No,No,yes
spam,आप cult.fit के एनिवर्सरी कॉन्टेस्ट के लकी विनर हैं। Rs.500 का प्राइज पाने के लिए अपनी बैंक विवरण साझा करें।,No,No,No
spam,PhonePe आज 100 लकी कस्टमर्स को फ्री गिफ्ट हैम्पर दे रहा है। अपना पाने के लिए तुरंत कॉल करें 9862991620।,No,No,yes
spam,"Tanishq फ्लैश सेल: सब कुछ 90% छूट, सिर्फ कुछ पीस बचे हैं! अभी ऑर्डर करने के लिए BUY रिप्लाई करें।",No,No,No
spam,बधाई हो! आपका HDFC Bank खाता एक फ्री सोने का सिक्का (Rs.250) के लिए चुना गया है। अभी दावा करें: http://reward-claim24.xyz/hmf8l,yes,No,No
spam,Decathlon लकी ड्रॉ: आपने एक फ्री सोने का सिक्का जीता है! एक्सपायर होने से पहले अभी कॉल करें 6750340484।,No,No,yes
spam,"Airtel कस्टमर सर्विस: आपका Rs.200 का रिफंड पेंडिंग है, दावा करने के लिए क्लिक करें: http://offer4u-claim.online/aho0u",yes,No,No
spam,बधाई हो! आपका Netflix खाता एक फ्री स्मार्टवॉच (Rs.500) के लिए चुना गया है। अभी दावा करें: http://bonus-cashout.xyz/ruul9,yes,No,No
spam,Swiggy आज 100 लकी कस्टमर्स को फ्री गिफ्ट हैम्पर दे रहा है। अपना पाने के लिए तुरंत कॉल करें 7311727860।,No,No,yes
spam,Pepperfry लकी ड्रॉ: आपने एक फ्री शॉपिंग वाउचर जीता है! एक्सपायर होने से पहले अभी कॉल करें 8530325194।,No,No,yes
spam,"Titan कस्टमर सर्विस: आपका Rs.50 का रिफंड पेंडिंग है, दावा करने के लिए क्लिक करें: http://offer4u-claim.online/g3luo",yes,No,No
spam,Axis Bank आज 100 लकी कस्टमर्स को फ्री स्मार्टफोन दे रहा है। अपना पाने के लिए तुरंत कॉल करें 8219830050।,No,No,yes
spam,बधाई हो! आपका Paytm खाता एक फ्री स्मार्टवॉच (Rs.50) के लिए चुना गया है। अभी दावा करें: http://lucky-winner-alert.co/qojlj,yes,No,No
spam,आप Swiggy के एनिवर्सरी कॉन्टेस्ट के लकी विनर हैं। Rs.200 का प्राइज पाने के लिए अपनी बैंक विवरण साझा करें।,No,No,No
spam,बधाई हो! आपका redBus खाता एक फ्री स्मार्टफोन (Rs.100) के लिए चुना गया है। अभी दावा करें: http://reward-claim24.xyz/d9s93,yes,No,No
spam,Airtel आज 100 लकी कस्टमर्स को फ्री सोने का सिक्का दे रहा है। अपना पाने के लिए तुरंत कॉल करें 8299255574।,No,No,yes
spam,"Flipkart कस्टमर सर्विस: आपका Rs.200 का रिफंड पेंडिंग है, दावा करने के लिए क्लिक करें: http://lucky-winner-alert.co/c8baj",yes,No,No
spam,Ajio आज 100 लकी कस्टमर्स को फ्री सोने का सिक्का दे रहा है। अपना पाने के लिए तुरंत कॉल करें 9635214377।,No,No,yes
spam,"Pepperfry कस्टमर सर्विस: आपका Rs.250 का रिफंड पेंडिंग है, दावा करने के लिए क्लिक करें: http://gift-redeem-now.co.in/xnd7b",yes,No,No
spam,Meesho आज 100 लकी कस्टमर्स को फ्री स्मार्टफोन दे रहा है। अपना पाने के लिए तुरंत कॉल करें 8197029399।,No,No,yes
spam,IndiGo लकी ड्रॉ: आपने एक फ्री सोने का सिक्का जीता है! एक्सपायर होने से पहले अभी कॉल करें 8565384062।,No,No,yes
spam,"ICICI Bank कस्टमर सर्विस: आपका Rs.150 का रिफंड पेंडिंग है, दावा करने के लिए क्लिक करें: http://bonus-cashout.xyz/hstv5",yes,No,No
spam,"1mg कस्टमर सर्विस: आपका Rs.300 का रिफंड पेंडिंग है, दावा करने के लिए क्लिक करें: http://gift-redeem-now.co.in/y1j9e",yes,No,No
spam,"PharmEasy कस्टमर सर्विस: आपका Rs.300 का रिफंड पेंडिंग है, दावा करने के लिए क्लिक करें: http://reward-claim24.xyz/5thfl",yes,No,No
spam,Spotify आज 100 लकी कस्टमर्स को फ्री शॉपिंग वाउचर दे रहा है। अपना पाने के लिए तुरंत कॉल करें 6393190134।,No,No,yes
spam,Titan लकी ड्रॉ: आपने एक फ्री स्मार्टफोन जीता है! एक्सपायर होने से पहले अभी कॉल करें 7705806353।,No,No,yes
spam,बधाई हो! आपका PhonePe खाता एक फ्री शॉपिंग वाउचर (Rs.300) के लिए चुना गया है। अभी दावा करें: http://reward-claim24.xyz/4z7l0,yes,No,No
spam,"Axis Bank कस्टमर सर्विस: आपका Rs.500 का रिफंड पेंडिंग है, दावा करने के लिए क्लिक करें: http://offer4u-claim.online/v1524",yes,No,No
spam,CRED आज 100 लकी कस्टमर्स को फ्री स्मार्टवॉच दे रहा है। अपना पाने के लिए तुरंत कॉल करें 9127223857।,No,No,yes
spam,बधाई हो! आपका boAt खाता एक फ्री स्मार्टफोन (Rs.500) के लिए चुना गया है। अभी दावा करें: http://reward-claim24.xyz/2wx45,yes,No,No
spam,बधाई हो! आपका MakeMyTrip खाता एक फ्री सोने का सिक्का (Rs.50) के लिए चुना गया है। अभी दावा करें: http://reward-claim24.xyz/6uuws,yes,No,No
spam,"Spotify कस्टमर सर्विस: आपका Rs.250 का रिफंड पेंडिंग है, दावा करने के लिए क्लिक करें: http://offer4u-claim.online/c3thg",yes,No,No
spam,बधाई हो! आपका Netflix खाता एक फ्री शॉपिंग वाउचर (Rs.300) के लिए चुना गया है। अभी दावा करें: http://gift-redeem-now.co.in/xrynq,yes,No,No
spam,आप cult.fit के एनिवर्सरी कॉन्टेस्ट के लकी विनर हैं। Rs.100 का प्राइज पाने के लिए अपनी बैंक विवरण साझा करें।,No,No,No
spam,"ICICI Bank कस्टमर सर्विस: आपका Rs.250 का रिफंड पेंडिंग है, दावा करने के लिए क्लिक करें: http://reward-claim24.xyz/a6sqo",yes,No,No
spam,बधाई हो! आपका Policybazaar खाता एक फ्री शॉपिंग वाउचर (Rs.150) के लिए चुना गया है। अभी दावा करें: http://offer4u-claim.online/pkls5,yes,No,No
spam,"IndiGo फ्लैश सेल: सब कुछ 90% छूट, सिर्फ कुछ पीस बचे हैं! अभी ऑर्डर करने के लिए BUY रिप्लाई करें।",No,No,No
spam,Pepperfry लकी ड्रॉ: आपने एक फ्री शॉपिंग वाउचर जीता है! एक्सपायर होने से पहले अभी कॉल करें 9805946950।,No,No,yes
spam,Netflix आज 100 लकी कस्टमर्स को फ्री शॉपिंग वाउचर दे रहा है। अपना पाने के लिए तुरंत कॉल करें 8977435300।,No,No,yes
spam,BigBasket लकी ड्रॉ: आपने एक फ्री स्मार्टफोन जीता है! एक्सपायर होने से पहले अभी कॉल करें 7383719358।,No,No,yes
spam,cult.fit आज 100 लकी कस्टमर्स को फ्री सोने का सिक्का दे रहा है। अपना पाने के लिए तुरंत कॉल करें 9270397126।,No,No,yes
spam,"Lenskart कस्टमर सर्विस: आपका Rs.300 का रिफंड पेंडिंग है, दावा करने के लिए क्लिक करें: http://lucky-winner-alert.co/9ciqz",yes,No,No
spam,आप Zepto के एनिवर्सरी कॉन्टेस्ट के लकी विनर हैं। Rs.150 का प्राइज पाने के लिए अपनी बैंक विवरण साझा करें।,No,No,No
spam,cult.fit लकी ड्रॉ: आपने एक फ्री स्मार्टफोन जीता है! एक्सपायर होने से पहले अभी कॉल करें 9436332540।,No,No,yes
spam,Decathlon आज 100 लकी कस्टमर्स को फ्री शॉपिंग वाउचर दे रहा है। अपना पाने के लिए तुरंत कॉल करें 7722748042।,No,No,yes
spam,बधाई हो! आपका Blinkit खाता एक फ्री सोने का सिक्का (Rs.300) के लिए चुना गया है। अभी दावा करें: http://offer4u-claim.online/6zmjp,yes,No,No
spam,"Vi कस्टमर सर्विस: आपका Rs.150 का रिफंड पेंडिंग है, दावा करने के लिए क्लिक करें: http://gift-redeem-now.co.in/uqioh",yes,No,No
spam,बधाई हो! आपका Amazon खाता एक फ्री गिफ्ट हैम्पर (Rs.150) के लिए चुना गया है। अभी दावा करें: http://prize-verify.info/2h13l,yes,No,No
spam,"Ola फ्लैश सेल: सब कुछ 90% छूट, सिर्फ कुछ पीस बचे हैं! अभी ऑर्डर करने के लिए BUY रिप्लाई करें।",No,No,No
spam,"Jio कस्टमर सर्विस: आपका Rs.300 का रिफंड पेंडिंग है, दावा करने के लिए क्लिक करें: http://reward-claim24.xyz/x8ttr",yes,No,No
spam,Ajio आज 100 लकी कस्टमर्स को फ्री सोने का सिक्का दे रहा है। अपना पाने के लिए तुरंत कॉल करें 7250714266।,No,No,yes
spam,Spotify लकी ड्रॉ: आपने एक फ्री स्मार्टवॉच जीता है! एक्सपायर होने से पहले अभी कॉल करें 8576719400।,No,No,yes
spam,"Disney+ Hotstar कस्टमर सर्विस: आपका Rs.100 का रिफंड पेंडिंग है, दावा करने के लिए क्लिक करें: http://prize-verify.info/syeef",yes,No,No
spam,Spotify लकी ड्रॉ: आपने एक फ्री शॉपिंग वाउचर जीता है! एक्सपायर होने से पहले अभी कॉल करें 9234828987।,No,No,yes
spam,Domino's लकी ड्रॉ: आपने एक फ्री गिफ्ट हैम्पर जीता है! एक्सपायर होने से पहले अभी कॉल करें 9589412980।,No,No,yes
spam,Myntra लकी ड्रॉ: आपने एक फ्री सोने का सिक्का जीता है! एक्सपायर होने से पहले अभी कॉल करें 6786172505।,No,No,yes
spam,Airtel आज 100 लकी कस्टमर्स को फ्री सोने का सिक्का दे रहा है। अपना पाने के लिए तुरंत कॉल करें 7856997483।,No,No,yes
spam,बधाई हो! आपका Pepperfry खाता एक फ्री सोने का सिक्का (Rs.300) के लिए चुना गया है। अभी दावा करें: http://prize-verify.info/0fpbr,yes,No,No
spam,बधाई हो! आपका Unacademy खाता एक फ्री सोने का सिक्का (Rs.150) के लिए चुना गया है। अभी दावा करें: http://offer4u-claim.online/sre6y,yes,No,No
spam,Blinkit आज 100 लकी कस्टमर्स को फ्री स्मार्टफोन दे रहा है। अपना पाने के लिए तुरंत कॉल करें 8485264469।,No,No,yes
spam,बधाई हो! आपका Tanishq खाता एक फ्री स्मार्टवॉच (Rs.500) के लिए चुना गया है। अभी दावा करें: http://reward-claim24.xyz/ynjw5,yes,No,No
spam,Vi आज 100 लकी कस्टमर्स को फ्री शॉपिंग वाउचर दे रहा है। अपना पाने के लिए तुरंत कॉल करें 6612793506।,No,No,yes
spam,बधाई हो! आपका Zepto खाता एक फ्री गिफ्ट हैम्पर (Rs.50) के लिए चुना गया है। अभी दावा करें: http://offer4u-claim.online/rf8zw,yes,No,No
spam,Flipkart आज 100 लकी कस्टमर्स को फ्री स्मार्टफोन दे रहा है। अपना पाने के लिए तुरंत कॉल करें 7026652969।,No,No,yes
spam,Meesho लकी ड्रॉ: आपने एक फ्री शॉपिंग वाउचर जीता है! एक्सपायर होने से पहले अभी कॉल करें 7117015283।,No,No,yes
spam,बधाई हो! आपका HDFC Bank खाता एक फ्री स्मार्टवॉच (Rs.100) के लिए चुना गया है। अभी दावा करें: http://reward-claim24.xyz/q0l0z,yes,No,No
spam,Decathlon लकी ड्रॉ: आपने एक फ्री गिफ्ट हैम्पर जीता है! एक्सपायर होने से पहले अभी कॉल करें 7488577335।,No,No,yes
spam,आप 1mg के एनिवर्सरी कॉन्टेस्ट के लकी विनर हैं। Rs.150 का प्राइज पाने के लिए अपनी बैंक विवरण साझा करें।,No,No,No
spam,आप Disney+ Hotstar के एनिवर्सरी कॉन्टेस्ट के लकी विनर हैं। Rs.150 का प्राइज पाने के लिए अपनी बैंक विवरण साझा करें।,No,No,No
spam,"Airtel कस्टमर सर्विस: आपका Rs.500 का रिफंड पेंडिंग है, दावा करने के लिए क्लिक करें: http://bonus-cashout.xyz/ndgfc",yes,No,No
spam,बधाई हो! आपका Jio खाता एक फ्री सोने का सिक्का (Rs.500) के लिए चुना गया है। अभी दावा करें: http://bonus-cashout.xyz/pf4xp,yes,No,No
spam,Netflix आज 100 लकी कस्टमर्स को फ्री स्मार्टफोन दे रहा है। अपना पाने के लिए तुरंत कॉल करें 9247202628।,No,No,yes
spam,आप Nykaa के एनिवर्सरी कॉन्टेस्ट के लकी विनर हैं। Rs.500 का प्राइज पाने के लिए अपनी बैंक विवरण साझा करें।,No,No,No
spam,बधाई हो! आपका IndiGo खाता एक फ्री शॉपिंग वाउचर (Rs.200) के लिए चुना गया है। अभी दावा करें: http://reward-claim24.xyz/fa4o1,yes,No,No
spam,आप Flipkart के एनिवर्सरी कॉन्टेस्ट के लकी विनर हैं। Rs.500 का प्राइज पाने के लिए अपनी बैंक विवरण साझा करें।,No,No,No
spam,Spotify आज 100 लकी कस्टमर्स को फ्री सोने का सिक्का दे रहा है। अपना पाने के लिए तुरंत कॉल करें 9040119326।,No,No,yes
spam,बधाई हो! आपका Ola खाता एक फ्री स्मार्टफोन (Rs.250) के लिए चुना गया है। अभी दावा करें: http://gift-redeem-now.co.in/5d8db,yes,No,No
spam,बधाई हो! आपका Swiggy खाता एक फ्री गिफ्ट हैम्पर (Rs.500) के लिए चुना गया है। अभी दावा करें: http://lucky-winner-alert.co/hdjp5,yes,No,No
spam,Amazon Prime Video लकी ड्रॉ: आपने एक फ्री स्मार्टफोन जीता है! एक्सपायर होने से पहले अभी कॉल करें 6064006876।,No,No,yes
spam,IRCTC लकी ड्रॉ: आपने एक फ्री गिफ्ट हैम्पर जीता है! एक्सपायर होने से पहले अभी कॉल करें 9642807657।,No,No,yes
spam,Airtel आज 100 लकी कस्टमर्स को फ्री शॉपिंग वाउचर दे रहा है। अपना पाने के लिए तुरंत कॉल करें 7055751763।,No,No,yes
spam,Tanishq आज 100 लकी कस्टमर्स को फ्री गिफ्ट हैम्पर दे रहा है। अपना पाने के लिए तुरंत कॉल करें 9119038253।,No,No,yes
spam,"redBus कस्टमर सर्विस: आपका Rs.250 का रिफंड पेंडिंग है, दावा करने के लिए क्लिक करें: http://offer4u-claim.online/6pkxf",yes,No,No
spam,आप Amazon के एनिवर्सरी कॉन्टेस्ट के लकी विनर हैं। Rs.250 का प्राइज पाने के लिए अपनी बैंक विवरण साझा करें।,No,No,No
spam,आप Disney+ Hotstar के एनिवर्सरी कॉन्टेस्ट के लकी विनर हैं। Rs.300 का प्राइज पाने के लिए अपनी बैंक विवरण साझा करें।,No,No,No
spam,Policybazaar आज 100 लकी कस्टमर्स को फ्री स्मार्टफोन दे रहा है। अपना पाने के लिए तुरंत कॉल करें 9157652470।,No,No,yes
spam,Ola आज 100 लकी कस्टमर्स को फ्री सोने का सिक्का दे रहा है। अपना पाने के लिए तुरंत कॉल करें 6208266744।,No,No,yes
spam,Titan आज 100 लकी कस्टमर्स को फ्री गिफ्ट हैम्पर दे रहा है। अपना पाने के लिए तुरंत कॉल करें 7807146163।,No,No,yes
spam,आप Uber के एनिवर्सरी कॉन्टेस्ट के लकी विनर हैं। Rs.200 का प्राइज पाने के लिए अपनी बैंक विवरण साझा करें।,No,No,No
spam,आप Amazon के एनिवर्सरी कॉन्टेस्ट के लकी विनर हैं। Rs.500 का प्राइज पाने के लिए अपनी बैंक विवरण साझा करें।,No,No,No
spam,Lenskart लकी ड्रॉ: आपने एक फ्री स्मार्टफोन जीता है! एक्सपायर होने से पहले अभी कॉल करें 7983259594।,No,No,yes
spam,आप HDFC Bank के एनिवर्सरी कॉन्टेस्ट के लकी विनर हैं। Rs.50 का प्राइज पाने के लिए अपनी बैंक विवरण साझा करें।,No,No,No
spam,"cult.fit कस्टमर सर्विस: आपका Rs.500 का रिफंड पेंडिंग है, दावा करने के लिए क्लिक करें: http://bonus-cashout.xyz/ov42n",yes,No,No
spam,Lenskart लकी ड्रॉ: आपने एक फ्री शॉपिंग वाउचर जीता है! एक्सपायर होने से पहले अभी कॉल करें 7753928175।,No,No,yes
spam,redBus आज 100 लकी कस्टमर्स को फ्री स्मार्टफोन दे रहा है। अपना पाने के लिए तुरंत कॉल करें 8120918512।,No,No,yes
spam,ICICI Bank लकी ड्रॉ: आपने एक फ्री स्मार्टफोन जीता है! एक्सपायर होने से पहले अभी कॉल करें 8253965562।,No,No,yes
spam,CRED लकी ड्रॉ: आपने एक फ्री गिफ्ट हैम्पर जीता है! एक्सपायर होने से पहले अभी कॉल करें 7892563280।,No,No,yes
spam,"Flipkart कस्टमर सर्विस: आपका Rs.100 का रिफंड पेंडिंग है, दावा करने के लिए क्लिक करें: http://offer4u-claim.online/sg2bi",yes,No,No
spam,बधाई हो! आपका PharmEasy खाता एक फ्री स्मार्टवॉच (Rs.300) के लिए चुना गया है। अभी दावा करें: http://gift-redeem-now.co.in/2h1to,yes,No,No
spam,Unacademy लकी ड्रॉ: आपने एक फ्री स्मार्टफोन जीता है! एक्सपायर होने से पहले अभी कॉल करें 8427654748।,No,No,yes
spam,आप Spotify के एनिवर्सरी कॉन्टेस्ट के लकी विनर हैं। Rs.150 का प्राइज पाने के लिए अपनी बैंक विवरण साझा करें।,No,No,No
spam,"Zepto कस्टमर सर्विस: आपका Rs.100 का रिफंड पेंडिंग है, दावा करने के लिए क्लिक करें: http://offer4u-claim.online/sluqb",yes,No,No
spam,Nykaa आज 100 लकी कस्टमर्स को फ्री स्मार्टवॉच दे रहा है। अपना पाने के लिए तुरंत कॉल करें 8164244861।,No,No,yes
spam,"Unacademy कस्टमर सर्विस: आपका Rs.150 का रिफंड पेंडिंग है, दावा करने के लिए क्लिक करें: http://lucky-winner-alert.co/rywgl",yes,No,No
spam,आप Zepto के एनिवर्सरी कॉन्टेस्ट के लकी विनर हैं। Rs.500 का प्राइज पाने के लिए अपनी बैंक विवरण साझा करें।,No,No,No
spam,आप Swiggy के एनिवर्सरी कॉन्टेस्ट के लकी विनर हैं। Rs.500 का प्राइज पाने के लिए अपनी बैंक विवरण साझा करें।,No,No,No
spam,Blinkit आज 100 लकी कस्टमर्स को फ्री स्मार्टवॉच दे रहा है। अपना पाने के लिए तुरंत कॉल करें 9492932604।,No,No,yes
spam,आप BookMyShow के एनिवर्सरी कॉन्टेस्ट के लकी विनर हैं। Rs.150 का प्राइज पाने के लिए अपनी बैंक विवरण साझा करें।,No,No,No
spam,IndiGo लकी ड्रॉ: आपने एक फ्री गिफ्ट हैम्पर जीता है! एक्सपायर होने से पहले अभी कॉल करें 7802995028।,No,No,yes
spam,आप BookMyShow के एनिवर्सरी कॉन्टेस्ट के लकी विनर हैं। Rs.500 का प्राइज पाने के लिए अपनी बैंक विवरण साझा करें।,No,No,No
spam,बधाई हो! आपका Zepto खाता एक फ्री गिफ्ट हैम्पर (Rs.50) के लिए चुना गया है। अभी दावा करें: http://lucky-winner-alert.co/em8gl,yes,No,No
spam,बधाई हो! आपका Vi खाता एक फ्री सोने का सिक्का (Rs.250) के लिए चुना गया है। अभी दावा करें: http://lucky-winner-alert.co/qwsyt,yes,No,No
spam,आप 1mg के एनिवर्सरी कॉन्टेस्ट के लकी विनर हैं। Rs.500 का प्राइज पाने के लिए अपनी बैंक विवरण साझा करें।,No,No,No
spam,"Pepperfry फ्लैश सेल: सब कुछ 90% छूट, सिर्फ कुछ पीस बचे हैं! अभी ऑर्डर करने के लिए BUY रिप्लाई करें।",No,No,No
spam,Policybazaar आज 100 लकी कस्टमर्स को फ्री शॉपिंग वाउचर दे रहा है। अपना पाने के लिए तुरंत कॉल करें 6831274237।,No,No,yes
spam,आप Jio के एनिवर्सरी कॉन्टेस्ट के लकी विनर हैं। Rs.50 का प्राइज पाने के लिए अपनी बैंक विवरण साझा करें।,No,No,No
spam,"Ola कस्टमर सर्विस: आपका Rs.300 का रिफंड पेंडिंग है, दावा करने के लिए क्लिक करें: http://lucky-winner-alert.co/wwnhh",yes,No,No
spam,बधाई हो! आपका Ola खाता एक फ्री सोने का सिक्का (Rs.100) के लिए चुना गया है। अभी दावा करें: http://offer4u-claim.online/5viyq,yes,No,No
spam,"redBus कस्टमर सर्विस: आपका Rs.150 का रिफंड पेंडिंग है, दावा करने के लिए क्लिक करें: http://prize-verify.info/blt48",yes,No,No
spam,redBus आज 100 लकी कस्टमर्स को फ्री सोने का सिक्का दे रहा है। अपना पाने के लिए तुरंत कॉल करें 7032083521।,No,No,yes
spam,Amazon Prime Video आज 100 लकी कस्टमर्स को फ्री गिफ्ट हैम्पर दे रहा है। अपना पाने के लिए तुरंत कॉल करें 8062249892।,No,No,yes
spam,Lenskart लकी ड्रॉ: आपने एक फ्री गिफ्ट हैम्पर जीता है! एक्सपायर होने से पहले अभी कॉल करें 7011846135।,No,No,yes
spam,"Jio कस्टमर सर्विस: आपका Rs.50 का रिफंड पेंडिंग है, दावा करने के लिए क्लिक करें: http://prize-verify.info/82voc",yes,No,No
spam,SBI Card आज 100 लकी कस्टमर्स को फ्री गिफ्ट हैम्पर दे रहा है। अपना पाने के लिए तुरंत कॉल करें 6208642708।,No,No,yes
spam,बधाई हो! आपका Policybazaar खाता एक फ्री गिफ्ट हैम्पर (Rs.200) के लिए चुना गया है। अभी दावा करें: http://bonus-cashout.xyz/yzkb1,yes,No,No
spam,आप Blinkit के एनिवर्सरी कॉन्टेस्ट के लकी विनर हैं। Rs.100 का प्राइज पाने के लिए अपनी बैंक विवरण साझा करें।,No,No,No
spam,"Nykaa कस्टमर सर्विस: आपका Rs.200 का रिफंड पेंडिंग है, दावा करने के लिए क्लिक करें: http://bonus-cashout.xyz/qklyi",yes,No,No
spam,बधाई हो! आपका Ajio खाता एक फ्री स्मार्टवॉच (Rs.50) के लिए चुना गया है। अभी दावा करें: http://gift-redeem-now.co.in/316il,yes,No,No
spam,"Meesho कस्टमर सर्विस: आपका Rs.100 का रिफंड पेंडिंग है, दावा करने के लिए क्लिक करें: http://lucky-winner-alert.co/tl5q2",yes,No,No
spam,Uber लकी ड्रॉ: आपने एक फ्री शॉपिंग वाउचर जीता है! एक्सपायर होने से पहले अभी कॉल करें 9630716974।,No,No,yes
spam,Policybazaar लकी ड्रॉ: आपने एक फ्री सोने का सिक्का जीता है! एक्सपायर होने से पहले अभी कॉल करें 8357958349।,No,No,yes
spam,आप CRED के एनिवर्सरी कॉन्टेस्ट के लकी विनर हैं। Rs.100 का प्राइज पाने के लिए अपनी बैंक विवरण साझा करें।,No,No,No
spam,Swiggy लकी ड्रॉ: आपने एक फ्री गिफ्ट हैम्पर जीता है! एक्सपायर होने से पहले अभी कॉल करें 8715973697।,No,No,yes
spam,आप HDFC Bank के एनिवर्सरी कॉन्टेस्ट के लकी विनर हैं। Rs.250 का प्राइज पाने के लिए अपनी बैंक विवरण साझा करें।,No,No,No
spam,Flipkart लकी ड्रॉ: आपने एक फ्री सोने का सिक्का जीता है! एक्सपायर होने से पहले अभी कॉल करें 6143679370।,No,No,yes
spam,बधाई हो! आपका Spotify खाता एक फ्री सोने का सिक्का (Rs.300) के लिए चुना गया है। अभी दावा करें: http://offer4u-claim.online/86s7o,yes,No,No
spam,Uber आज 100 लकी कस्टमर्स को फ्री शॉपिंग वाउचर दे रहा है। अपना पाने के लिए तुरंत कॉल करें 9007542929।,No,No,yes
spam,Zepto लकी ड्रॉ: आपने एक फ्री स्मार्टवॉच जीता है! एक्सपायर होने से पहले अभी कॉल करें 9748294266।,No,No,yes
spam,बधाई हो! आपका boAt खाता एक फ्री स्मार्टवॉच (Rs.100) के लिए चुना गया है। अभी दावा करें: http://lucky-winner-alert.co/9jo58,yes,No,No
spam,बधाई हो! आपका MakeMyTrip खाता एक फ्री गिफ्ट हैम्पर (Rs.150) के लिए चुना गया है। अभी दावा करें: http://bonus-cashout.xyz/b4zxe,yes,No,No
spam,आप redBus के एनिवर्सरी कॉन्टेस्ट के लकी विनर हैं। Rs.50 का प्राइज पाने के लिए अपनी बैंक विवरण साझा करें।,No,No,No
spam,आप BigBasket के एनिवर्सरी कॉन्टेस्ट के लकी विनर हैं। Rs.300 का प्राइज पाने के लिए अपनी बैंक विवरण साझा करें।,No,No,No
spam,Tanishq लकी ड्रॉ: आपने एक फ्री गिफ्ट हैम्पर जीता है! एक्सपायर होने से पहले अभी कॉल करें 8530242552।,No,No,yes
spam,Meesho लकी ड्रॉ: आपने एक फ्री सोने का सिक्का जीता है! एक्सपायर होने से पहले अभी कॉल करें 7835079003।,No,No,yes
spam,बधाई हो! आपका Goibibo खाता एक फ्री स्मार्टवॉच (Rs.150) के लिए चुना गया है। अभी दावा करें: http://reward-claim24.xyz/v78pw,yes,No,No
spam,बधाई हो! आपका Pepperfry खाता एक फ्री सोने का सिक्का (Rs.300) के लिए चुना गया है। अभी दावा करें: http://prize-verify.info/i950g,yes,No,No
spam,बधाई हो! आपका Jio खाता एक फ्री शॉपिंग वाउचर (Rs.500) के लिए चुना गया है। अभी दावा करें: http://reward-claim24.xyz/lksjv,yes,No,No
spam,बधाई हो! आपका redBus खाता एक फ्री स्मार्टफोन (Rs.150) के लिए चुना गया है। अभी दावा करें: http://prize-verify.info/7bft2,yes,No,No
spam,बधाई हो! आपका Ajio खाता एक फ्री शॉपिंग वाउचर (Rs.100) के लिए चुना गया है। अभी दावा करें: http://bonus-cashout.xyz/3esq8,yes,No,No
spam,Zepto आज 100 लकी कस्टमर्स को फ्री स्मार्टफोन दे रहा है। अपना पाने के लिए तुरंत कॉल करें 9442148337।,No,No,yes
spam,बधाई हो! आपका Flipkart खाता एक फ्री स्मार्टवॉच (Rs.150) के लिए चुना गया है। अभी दावा करें: http://lucky-winner-alert.co/4ex6n,yes,No,No
spam,आप Decathlon के एनिवर्सरी कॉन्टेस्ट के लकी विनर हैं। Rs.300 का प्राइज पाने के लिए अपनी बैंक विवरण साझा करें।,No,No,No
spam,Unacademy आज 100 लकी कस्टमर्स को फ्री सोने का सिक्का दे रहा है। अपना पाने के लिए तुरंत कॉल करें 9908326403।,No,No,yes
spam,ICICI Bank आज 100 लकी कस्टमर्स को फ्री गिफ्ट हैम्पर दे रहा है। अपना पाने के लिए तुरंत कॉल करें 7050098252।,No,No,yes
spam,ICICI Bank आज 100 लकी कस्टमर्स को फ्री स्मार्टफोन दे रहा है। अपना पाने के लिए तुरंत कॉल करें 7731572490।,No,No,yes
spam,Disney+ Hotstar आज 100 लकी कस्टमर्स को फ्री शॉपिंग वाउचर दे रहा है। अपना पाने के लिए तुरंत कॉल करें 6324689205।,No,No,yes
spam,MakeMyTrip लकी ड्रॉ: आपने एक फ्री सोने का सिक्का जीता है! एक्सपायर होने से पहले अभी कॉल करें 6225721060।,No,No,yes
spam,BigBasket आज 100 लकी कस्टमर्स को फ्री स्मार्टफोन दे रहा है। अपना पाने के लिए तुरंत कॉल करें 9379293917।,No,No,yes
spam,"Pepperfry कस्टमर सर्विस: आपका Rs.150 का रिफंड पेंडिंग है, दावा करने के लिए क्लिक करें: http://offer4u-claim.online/n2kwv",yes,No,No
spam,IndiGo लकी ड्रॉ: आपने एक फ्री सोने का सिक्का जीता है! एक्सपायर होने से पहले अभी कॉल करें 6034569507।,No,No,yes
spam,ICICI Bank आज 100 लकी कस्टमर्स को फ्री सोने का सिक्का दे रहा है। अपना पाने के लिए तुरंत कॉल करें 7595124926।,No,No,yes
spam,Titan लकी ड्रॉ: आपने एक फ्री शॉपिंग वाउचर जीता है! एक्सपायर होने से पहले अभी कॉल करें 6448787218।,No,No,yes
spam,Blinkit लकी ड्रॉ: आपने एक फ्री गिफ्ट हैम्पर जीता है! एक्सपायर होने से पहले अभी कॉल करें 9303059458।,No,No,yes
spam,Zomato लकी ड्रॉ: आपने एक फ्री स्मार्टफोन जीता है! एक्सपायर होने से पहले अभी कॉल करें 6799223653।,No,No,yes
spam,Zomato लकी ड्रॉ: आपने एक फ्री सोने का सिक्का जीता है! एक्सपायर होने से पहले अभी कॉल करें 6445100845।,No,No,yes
spam,Zomato आज 100 लकी कस्टमर्स को फ्री शॉपिंग वाउचर दे रहा है। अपना पाने के लिए तुरंत कॉल करें 7402175505।,No,No,yes
spam,BookMyShow लकी ड्रॉ: आपने एक फ्री स्मार्टफोन जीता है! एक्सपायर होने से पहले अभी कॉल करें 8693906586।,No,No,yes
spam,Netflix आज 100 लकी कस्टमर्स को फ्री स्मार्टफोन दे रहा है। अपना पाने के लिए तुरंत कॉल करें 8941148052।,No,No,yes
spam,आप Swiggy के एनिवर्सरी कॉन्टेस्ट के लकी विनर हैं। Rs.250 का प्राइज पाने के लिए अपनी बैंक विवरण साझा करें।,No,No,No
spam,Blinkit लकी ड्रॉ: आपने एक फ्री गिफ्ट हैम्पर जीता है! एक्सपायर होने से पहले अभी कॉल करें 8993300650।,No,No,yes
spam,Myntra लकी ड्रॉ: आपने एक फ्री सोने का सिक्का जीता है! एक्सपायर होने से पहले अभी कॉल करें 9342836208।,No,No,yes
spam,आप Ola के एनिवर्सरी कॉन्टेस्ट के लकी विनर हैं। Rs.250 का प्राइज पाने के लिए अपनी बैंक विवरण साझा करें।,No,No,No
spam,आप Pepperfry के एनिवर्सरी कॉन्टेस्ट के लकी विनर हैं। Rs.150 का प्राइज पाने के लिए अपनी बैंक विवरण साझा करें।,No,No,No
spam,बधाई हो! आपका Amazon खाता एक फ्री शॉपिंग वाउचर (Rs.250) के लिए चुना गया है। अभी दावा करें: http://gift-redeem-now.co.in/8omio,yes,No,No
spam,"Jio कस्टमर सर्विस: आपका Rs.50 का रिफंड पेंडिंग है, दावा करने के लिए क्लिक करें: http://prize-verify.info/60r8m",yes,No,No
spam,Goibibo लकी ड्रॉ: आपने एक फ्री स्मार्टवॉच जीता है! एक्सपायर होने से पहले अभी कॉल करें 7531297236।,No,No,yes
spam,Amazon Prime Video लकी ड्रॉ: आपने एक फ्री सोने का सिक्का जीता है! एक्सपायर होने से पहले अभी कॉल करें 7644955649।,No,No,yes
spam,बधाई हो! आपका Decathlon खाता एक फ्री स्मार्टफोन (Rs.50) के लिए चुना गया है। अभी दावा करें: http://offer4u-claim.online/o5v72,yes,No,No
spam,1mg लकी ड्रॉ: आपने एक फ्री शॉपिंग वाउचर जीता है! एक्सपायर होने से पहले अभी कॉल करें 7373710818।,No,No,yes
spam,आप Tanishq के एनिवर्सरी कॉन्टेस्ट के लकी विनर हैं। Rs.150 का प्राइज पाने के लिए अपनी बैंक विवरण साझा करें।,No,No,No
spam,"Airtel कस्टमर सर्विस: आपका Rs.300 का रिफंड पेंडिंग है, दावा करने के लिए क्लिक करें: http://lucky-winner-alert.co/mvhsu",yes,No,No
spam,"Airtel कस्टमर सर्विस: आपका Rs.300 का रिफंड पेंडिंग है, दावा करने के लिए क्लिक करें: http://prize-verify.info/mz3vy",yes,No,No
spam,Paytm आज 100 लकी कस्टमर्स को फ्री स्मार्टफोन दे रहा है। अपना पाने के लिए तुरंत कॉल करें 7751262464।,No,No,yes
spam,Lenskart लकी ड्रॉ: आपने एक फ्री गिफ्ट हैम्पर जीता है! एक्सपायर होने से पहले अभी कॉल करें 6719728965।,No,No,yes
spam,बधाई हो! आपका BYJU'S खाता एक फ्री गिफ्ट हैम्पर (Rs.150) के लिए चुना गया है। अभी दावा करें: http://offer4u-claim.online/xtc1r,yes,No,No
spam,ICICI Bank आज 100 लकी कस्टमर्स को फ्री शॉपिंग वाउचर दे रहा है। अपना पाने के लिए तुरंत कॉल करें 6998451359।,No,No,yes
spam,बधाई हो! आपका Decathlon खाता एक फ्री स्मार्टफोन (Rs.500) के लिए चुना गया है। अभी दावा करें: http://offer4u-claim.online/a0j5j,yes,No,No
spam,PhonePe आज 100 लकी कस्टमर्स को फ्री स्मार्टफोन दे रहा है। अपना पाने के लिए तुरंत कॉल करें 7381706966।,No,No,yes
spam,आप 1mg के एनिवर्सरी कॉन्टेस्ट के लकी विनर हैं। Rs.300 का प्राइज पाने के लिए अपनी बैंक विवरण साझा करें।,No,No,No
spam,बधाई हो! आपका Meesho खाता एक फ्री सोने का सिक्का (Rs.50) के लिए चुना गया है। अभी दावा करें: http://bonus-cashout.xyz/s1hsq,yes,No,No
spam,आप Decathlon के एनिवर्सरी कॉन्टेस्ट के लकी विनर हैं। Rs.50 का प्राइज पाने के लिए अपनी बैंक विवरण साझा करें।,No,No,No
spam,आप Titan के एनिवर्सरी कॉन्टेस्ट के लकी विनर हैं। Rs.500 का प्राइज पाने के लिए अपनी बैंक विवरण साझा करें।,No,No,No
spam,PhonePe लकी ड्रॉ: आपने एक फ्री शॉपिंग वाउचर जीता है! एक्सपायर होने से पहले अभी कॉल करें 7203495800।,No,No,yes
spam,HDFC Bank लकी ड्रॉ: आपने एक फ्री सोने का सिक्का जीता है! एक्सपायर होने से पहले अभी कॉल करें 9519954282।,No,No,yes
spam,"PhonePe फ्लैश सेल: सब कुछ 90% छूट, सिर्फ कुछ पीस बचे हैं! अभी ऑर्डर करने के लिए BUY रिप्लाई करें।",No,No,No
spam,"Goibibo कस्टमर सर्विस: आपका Rs.50 का रिफंड पेंडिंग है, दावा करने के लिए क्लिक करें: http://gift-redeem-now.co.in/i9f33",yes,No,No
spam,बधाई हो! आपका Amazon Prime Video खाता एक फ्री स्मार्टफोन (Rs.100) के लिए चुना गया है। अभी दावा करें: http://gift-redeem-now.co.in/zthta,yes,No,No
spam,आप Vi के एनिवर्सरी कॉन्टेस्ट के लकी विनर हैं। Rs.500 का प्राइज पाने के लिए अपनी बैंक विवरण साझा करें।,No,No,No
spam,HDFC Bank आज 100 लकी कस्टमर्स को फ्री स्मार्टफोन दे रहा है। अपना पाने के लिए तुरंत कॉल करें 6734565209।,No,No,yes
spam,IndiGo लकी ड्रॉ: आपने एक फ्री गिफ्ट हैम्पर जीता है! एक्सपायर होने से पहले अभी कॉल करें 8093933604।,No,No,yes
spam,आप SBI Card के एनिवर्सरी कॉन्टेस्ट के लकी विनर हैं। Rs.300 का प्राइज पाने के लिए अपनी बैंक विवरण साझा करें।,No,No,No
spam,"ICICI Bank कस्टमर सर्विस: आपका Rs.200 का रिफंड पेंडिंग है, दावा करने के लिए क्लिक करें: http://bonus-cashout.xyz/6hqby",yes,No,No
spam,"Zomato कस्टमर सर्विस: आपका Rs.500 का रिफंड पेंडिंग है, दावा करने के लिए क्लिक करें: http://lucky-winner-alert.co/33egh",yes,No,No
spam,Tanishq लकी ड्रॉ: आपने एक फ्री स्मार्टवॉच जीता है! एक्सपायर होने से पहले अभी कॉल करें 6386974768।,No,No,yes
spam,आप Ajio के एनिवर्सरी कॉन्टेस्ट के लकी विनर हैं। Rs.250 का प्राइज पाने के लिए अपनी बैंक विवरण साझा करें।,No,No,No
spam,आप Uber के एनिवर्सरी कॉन्टेस्ट के लकी विनर हैं। Rs.50 का प्राइज पाने के लिए अपनी बैंक विवरण साझा करें।,No,No,No
spam,Uber आज 100 लकी कस्टमर्स को फ्री सोने का सिक्का दे रहा है। अपना पाने के लिए तुरंत कॉल करें 9832741676।,No,No,yes
spam,Paytm लकी ड्रॉ: आपने एक फ्री स्मार्टफोन जीता है! एक्सपायर होने से पहले अभी कॉल करें 9524025666।,No,No,yes
spam,बधाई हो! आपका Disney+ Hotstar खाता एक फ्री स्मार्टवॉच (Rs.100) के लिए चुना गया है। अभी दावा करें: http://gift-redeem-now.co.in/p9qrh,yes,No,No
spam,आप SBI Card के एनिवर्सरी कॉन्टेस्ट के लकी विनर हैं। Rs.100 का प्राइज पाने के लिए अपनी बैंक विवरण साझा करें।,No,No,No
spam,IRCTC लकी ड्रॉ: आपने एक फ्री शॉपिंग वाउचर जीता है! एक्सपायर होने से पहले अभी कॉल करें 7550503144।,No,No,yes
spam,"ICICI Bank कस्टमर सर्विस: आपका Rs.100 का रिफंड पेंडिंग है, दावा करने के लिए क्लिक करें: http://offer4u-claim.online/id902",yes,No,No
spam,बधाई हो! आपका Jio खाता एक फ्री शॉपिंग वाउचर (Rs.300) के लिए चुना गया है। अभी दावा करें: http://reward-claim24.xyz/mgnzc,yes,No,No
spam,Goibibo लकी ड्रॉ: आपने एक फ्री शॉपिंग वाउचर जीता है! एक्सपायर होने से पहले अभी कॉल करें 7532428873।,No,No,yes
spam,"Meesho कस्टमर सर्विस: आपका Rs.250 का रिफंड पेंडिंग है, दावा करने के लिए क्लिक करें: http://prize-verify.info/ls32y",yes,No,No
spam,Axis Bank आज 100 लकी कस्टमर्स को फ्री सोने का सिक्का दे रहा है। अपना पाने के लिए तुरंत कॉल करें 7038324889।,No,No,yes
spam,Ola लकी ड्रॉ: आपने एक फ्री स्मार्टवॉच जीता है! एक्सपायर होने से पहले अभी कॉल करें 9699106271।,No,No,yes
spam,PhonePe लकी ड्रॉ: आपने एक फ्री गिफ्ट हैम्पर जीता है! एक्सपायर होने से पहले अभी कॉल करें 8020854857।,No,No,yes
spam,आप Unacademy के एनिवर्सरी कॉन्टेस्ट के लकी विनर हैं। Rs.100 का प्राइज पाने के लिए अपनी बैंक विवरण साझा करें।,No,No,No
spam,Meesho लकी ड्रॉ: आपने एक फ्री स्मार्टफोन जीता है! एक्सपायर होने से पहले अभी कॉल करें 6812362308।,No,No,yes
spam,बधाई हो! आपका Tanishq खाता एक फ्री स्मार्टफोन (Rs.200) के लिए चुना गया है। अभी दावा करें: http://reward-claim24.xyz/57lo0,yes,No,No
spam,बधाई हो! आपका ICICI Bank खाता एक फ्री शॉपिंग वाउचर (Rs.50) के लिए चुना गया है। अभी दावा करें: http://prize-verify.info/gwhym,yes,No,No
spam,बधाई हो! आपका Disney+ Hotstar खाता एक फ्री सोने का सिक्का (Rs.200) के लिए चुना गया है। अभी दावा करें: http://bonus-cashout.xyz/kr5vb,yes,No,No
spam,Tanishq लकी ड्रॉ: आपने एक फ्री शॉपिंग वाउचर जीता है! एक्सपायर होने से पहले अभी कॉल करें 7652151266।,No,No,yes
spam,बधाई हो! आपका ICICI Bank खाता एक फ्री स्मार्टफोन (Rs.300) के लिए चुना गया है। अभी दावा करें: http://offer4u-claim.online/4e5rg,yes,No,No
spam,"PhonePe कस्टमर सर्विस: आपका Rs.300 का रिफंड पेंडिंग है, दावा करने के लिए क्लिक करें: http://offer4u-claim.online/gtn1d",yes,No,No
spam,Nykaa आज 100 लकी कस्टमर्स को फ्री स्मार्टफोन दे रहा है। अपना पाने के लिए तुरंत कॉल करें 6435025678।,No,No,yes
spam,बधाई हो! आपका Paytm खाता एक फ्री सोने का सिक्का (Rs.50) के लिए चुना गया है। अभी दावा करें: http://gift-redeem-now.co.in/k24h1,yes,No,No
spam,बधाई हो! आपका boAt खाता एक फ्री स्मार्टवॉच (Rs.50) के लिए चुना गया है। अभी दावा करें: http://gift-redeem-now.co.in/8a85b,yes,No,No
spam,Goibibo आज 100 लकी कस्टमर्स को फ्री गिफ्ट हैम्पर दे रहा है। अपना पाने के लिए तुरंत कॉल करें 9933673780।,No,No,yes
spam,Jio लकी ड्रॉ: आपने एक फ्री स्मार्टफोन जीता है! एक्सपायर होने से पहले अभी कॉल करें 6614366049।,No,No,yes
spam,बधाई हो! आपका Policybazaar खाता एक फ्री स्मार्टफोन (Rs.50) के लिए चुना गया है। अभी दावा करें: http://offer4u-claim.online/a0utg,yes,No,No
spam,Ola आज 100 लकी कस्टमर्स को फ्री गिफ्ट हैम्पर दे रहा है। अपना पाने के लिए तुरंत कॉल करें 8080428243।,No,No,yes
spam,Zepto आज 100 लकी कस्टमर्स को फ्री स्मार्टफोन दे रहा है। अपना पाने के लिए तुरंत कॉल करें 6229054359।,No,No,yes
spam,Policybazaar आज 100 लकी कस्टमर्स को फ्री स्मार्टवॉच दे रहा है। अपना पाने के लिए तुरंत कॉल करें 7674810226।,No,No,yes
spam,बधाई हो! आपका Flipkart खाता एक फ्री स्मार्टवॉच (Rs.50) के लिए चुना गया है। अभी दावा करें: http://gift-redeem-now.co.in/r0s5y,yes,No,No
spam,"SBI Card कस्टमर सर्विस: आपका Rs.150 का रिफंड पेंडिंग है, दावा करने के लिए क्लिक करें: http://prize-verify.info/la3to",yes,No,No
spam,"1mg कस्टमर सर्विस: आपका Rs.150 का रिफंड पेंडिंग है, दावा करने के लिए क्लिक करें: http://reward-claim24.xyz/fdeek",yes,No,No
spam,बधाई हो! आपका Amazon Prime Video खाता एक फ्री गिफ्ट हैम्पर (Rs.50) के लिए चुना गया है। अभी दावा करें: http://bonus-cashout.xyz/6p6z0,yes,No,No
spam,Decathlon आज 100 लकी कस्टमर्स को फ्री शॉपिंग वाउचर दे रहा है। अपना पाने के लिए तुरंत कॉल करें 8557293699।,No,No,yes
spam,बधाई हो! आपका Pepperfry खाता एक फ्री स्मार्टवॉच (Rs.300) के लिए चुना गया है। अभी दावा करें: http://bonus-cashout.xyz/scwvw,yes,No,No
spam,Decathlon लकी ड्रॉ: आपने एक फ्री स्मार्टफोन जीता है! एक्सपायर होने से पहले अभी कॉल करें 7442298365।,No,No,yes
spam,Zomato आज 100 लकी कस्टमर्स को फ्री गिफ्ट हैम्पर दे रहा है। अपना पाने के लिए तुरंत कॉल करें 9984230976।,No,No,yes
spam,आप cult.fit के एनिवर्सरी कॉन्टेस्ट के लकी विनर हैं। Rs.250 का प्राइज पाने के लिए अपनी बैंक विवरण साझा करें।,No,No,No
spam,बधाई हो! आपका Amazon Prime Video खाता एक फ्री सोने का सिक्का (Rs.50) के लिए चुना गया है। अभी दावा करें: http://offer4u-claim.online/wp671,yes,No,No
spam,ICICI Bank आज 100 लकी कस्टमर्स को फ्री शॉपिंग वाउचर दे रहा है। अपना पाने के लिए तुरंत कॉल करें 9988256440।,No,No,yes
spam,Flipkart लकी ड्रॉ: आपने एक फ्री स्मार्टवॉच जीता है! एक्सपायर होने से पहले अभी कॉल करें 8958787249।,No,No,yes
spam,"Paytm कस्टमर सर्विस: आपका Rs.300 का रिफंड पेंडिंग है, दावा करने के लिए क्लिक करें: http://bonus-cashout.xyz/hzwjz",yes,No,No
spam,बधाई हो! आपका BookMyShow खाता एक फ्री गिफ्ट हैम्पर (Rs.100) के लिए चुना गया है। अभी दावा करें: http://lucky-winner-alert.co/mddvg,yes,No,No
spam,बधाई हो! आपका PharmEasy खाता एक फ्री सोने का सिक्का (Rs.500) के लिए चुना गया है। अभी दावा करें: http://reward-claim24.xyz/1d63p,yes,No,No
spam,"SBI Card कस्टमर सर्विस: आपका Rs.100 का रिफंड पेंडिंग है, दावा करने के लिए क्लिक करें: http://reward-claim24.xyz/u70cc",yes,No,No
spam,बधाई हो! आपका HDFC Bank खाता एक फ्री स्मार्टफोन (Rs.100) के लिए चुना गया है। अभी दावा करें: http://lucky-winner-alert.co/cu0av,yes,No,No
spam,Meesho लकी ड्रॉ: आपने एक फ्री सोने का सिक्का जीता है! एक्सपायर होने से पहले अभी कॉल करें 6808277593।,No,No,yes
spam,"Disney+ Hotstar कस्टमर सर्विस: आपका Rs.200 का रिफंड पेंडिंग है, दावा करने के लिए क्लिक करें: http://lucky-winner-alert.co/4rwhn",yes,No,No
spam,Meesho लकी ड्रॉ: आपने एक फ्री स्मार्टफोन जीता है! एक्सपायर होने से पहले अभी कॉल करें 9791213494।,No,No,yes
spam,Tanishq आज 100 लकी कस्टमर्स को फ्री गिफ्ट हैम्पर दे रहा है। अपना पाने के लिए तुरंत कॉल करें 7863586918।,No,No,yes
spam,आप CRED के एनिवर्सरी कॉन्टेस्ट के लकी विनर हैं। Rs.200 का प्राइज पाने के लिए अपनी बैंक विवरण साझा करें।,No,No,No
spam,Goibibo आज 100 लकी कस्टमर्स को फ्री स्मार्टवॉच दे रहा है। अपना पाने के लिए तुरंत कॉल करें 8370251928।,No,No,yes
spam,आप Airtel के एनिवर्सरी कॉन्टेस्ट के लकी विनर हैं। Rs.300 का प्राइज पाने के लिए अपनी बैंक विवरण साझा करें।,No,No,No
spam,बधाई हो! आपका IRCTC खाता एक फ्री गिफ्ट हैम्पर (Rs.50) के लिए चुना गया है। अभी दावा करें: http://reward-claim24.xyz/bmhlp,yes,No,No
spam,Meesho लकी ड्रॉ: आपने एक फ्री स्मार्टफोन जीता है! एक्सपायर होने से पहले अभी कॉल करें 7467342770।,No,No,yes
spam,बधाई हो! आपका CRED खाता एक फ्री स्मार्टफोन (Rs.100) के लिए चुना गया है। अभी दावा करें: http://bonus-cashout.xyz/lg1ls,yes,No,No
spam,Flipkart आज 100 लकी कस्टमर्स को फ्री स्मार्टवॉच दे रहा है। अपना पाने के लिए तुरंत कॉल करें 7850267606।,No,No,yes
spam,Disney+ Hotstar लकी ड्रॉ: आपने एक फ्री स्मार्टफोन जीता है! एक्सपायर होने से पहले अभी कॉल करें 7368628565।,No,No,yes
spam,आप Tanishq के एनिवर्सरी कॉन्टेस्ट के लकी विनर हैं। Rs.300 का प्राइज पाने के लिए अपनी बैंक विवरण साझा करें।,No,No,No
spam,बधाई हो! आपका redBus खाता एक फ्री शॉपिंग वाउचर (Rs.50) के लिए चुना गया है। अभी दावा करें: http://bonus-cashout.xyz/wph7d,yes,No,No
spam,बधाई हो! आपका HDFC Bank खाता एक फ्री शॉपिंग वाउचर (Rs.50) के लिए चुना गया है। अभी दावा करें: http://lucky-winner-alert.co/2348u,yes,No,No
spam,"Vi कस्टमर सर्विस: आपका Rs.150 का रिफंड पेंडिंग है, दावा करने के लिए क्लिक करें: http://gift-redeem-now.co.in/fsb4d",yes,No,No
spam,BigBasket आज 100 लकी कस्टमर्स को फ्री शॉपिंग वाउचर दे रहा है। अपना पाने के लिए तुरंत कॉल करें 6300549910।,No,No,yes
spam,आप IRCTC के एनिवर्सरी कॉन्टेस्ट के लकी विनर हैं। Rs.100 का प्राइज पाने के लिए अपनी बैंक विवरण साझा करें।,No,No,No
spam,आप Netflix के एनिवर्सरी कॉन्टेस्ट के लकी विनर हैं। Rs.300 का प्राइज पाने के लिए अपनी बैंक विवरण साझा करें।,No,No,No
spam,Ola लकी ड्रॉ: आपने एक फ्री सोने का सिक्का जीता है! एक्सपायर होने से पहले अभी कॉल करें 8314070470।,No,No,yes
spam,बधाई हो! आपका Netflix खाता एक फ्री गिफ्ट हैम्पर (Rs.250) के लिए चुना गया है। अभी दावा करें: http://prize-verify.info/f885y,yes,No,No
spam,Myntra आज 100 लकी कस्टमर्स को फ्री गिफ्ट हैम्पर दे रहा है। अपना पाने के लिए तुरंत कॉल करें 6792840184।,No,No,yes
spam,"PharmEasy कस्टमर सर्विस: आपका Rs.150 का रिफंड पेंडिंग है, दावा करने के लिए क्लिक करें: http://bonus-cashout.xyz/qh9u3",yes,No,No
spam,Disney+ Hotstar आज 100 लकी कस्टमर्स को फ्री गिफ्ट हैम्पर दे रहा है। अपना पाने के लिए तुरंत कॉल करें 8495666580।,No,No,yes
spam,IndiGo आज 100 लकी कस्टमर्स को फ्री स्मार्टफोन दे रहा है। अपना पाने के लिए तुरंत कॉल करें 9866636721।,No,No,yes
spam,बधाई हो! आपका BYJU'S खाता एक फ्री गिफ्ट हैम्पर (Rs.500) के लिए चुना गया है। अभी दावा करें: http://lucky-winner-alert.co/at3w3,yes,No,No
spam,आप Decathlon के एनिवर्सरी कॉन्टेस्ट के लकी विनर हैं। Rs.250 का प्राइज पाने के लिए अपनी बैंक विवरण साझा करें।,No,No,No
spam,"BookMyShow कस्टमर सर्विस: आपका Rs.250 का रिफंड पेंडिंग है, दावा करने के लिए क्लिक करें: http://reward-claim24.xyz/hc8zv",yes,No,No
spam,SBI Card लकी ड्रॉ: आपने एक फ्री स्मार्टवॉच जीता है! एक्सपायर होने से पहले अभी कॉल करें 7562402323।,No,No,yes
spam,Goibibo आज 100 लकी कस्टमर्स को फ्री सोने का सिक्का दे रहा है। अपना पाने के लिए तुरंत कॉल करें 8449225891।,No,No,yes
spam,Titan लकी ड्रॉ: आपने एक फ्री स्मार्टवॉच जीता है! एक्सपायर होने से पहले अभी कॉल करें 6068316095।,No,No,yes
spam,"redBus कस्टमर सर्विस: आपका Rs.50 का रिफंड पेंडिंग है, दावा करने के लिए क्लिक करें: http://reward-claim24.xyz/9gyca",yes,No,No
spam,"Goibibo कस्टमर सर्विस: आपका Rs.300 का रिफंड पेंडिंग है, दावा करने के लिए क्लिक करें: http://reward-claim24.xyz/4jwr4",yes,No,No
spam,"cult.fit कस्टमर सर्विस: आपका Rs.300 का रिफंड पेंडिंग है, दावा करने के लिए क्लिक करें: http://gift-redeem-now.co.in/shzxi",yes,No,No
spam,cult.fit आज 100 लकी कस्टमर्स को फ्री स्मार्टवॉच दे रहा है। अपना पाने के लिए तुरंत कॉल करें 6396175976।,No,No,yes
spam,"Spotify कस्टमर सर्विस: आपका Rs.250 का रिफंड पेंडिंग है, दावा करने के लिए क्लिक करें: http://lucky-winner-alert.co/uk06p",yes,No,No
spam,"CRED कस्टमर सर्विस: आपका Rs.200 का रिफंड पेंडिंग है, दावा करने के लिए क्लिक करें: http://gift-redeem-now.co.in/j4fd0",yes,No,No
spam,"Domino's कस्टमर सर्विस: आपका Rs.200 का रिफंड पेंडिंग है, दावा करने के लिए क्लिक करें: http://gift-redeem-now.co.in/ohk0m",yes,No,No
spam,HDFC Bank लकी ड्रॉ: आपने एक फ्री गिफ्ट हैम्पर जीता है! एक्सपायर होने से पहले अभी कॉल करें 7187783492।,No,No,yes
spam,Zepto लकी ड्रॉ: आपने एक फ्री स्मार्टवॉच जीता है! एक्सपायर होने से पहले अभी कॉल करें 9929012202।,No,No,yes
spam,"PharmEasy कस्टमर सर्विस: आपका Rs.500 का रिफंड पेंडिंग है, दावा करने के लिए क्लिक करें: http://reward-claim24.xyz/6vn36",yes,No,No
spam,बधाई हो! आपका cult.fit खाता एक फ्री शॉपिंग वाउचर (Rs.50) के लिए चुना गया है। अभी दावा करें: http://prize-verify.info/uc2t6,yes,No,No
spam,Lenskart लकी ड्रॉ: आपने एक फ्री गिफ्ट हैम्पर जीता है! एक्सपायर होने से पहले अभी कॉल करें 7065055977।,No,No,yes
spam,बधाई हो! आपका Tanishq खाता एक फ्री शॉपिंग वाउचर (Rs.200) के लिए चुना गया है। अभी दावा करें: http://bonus-cashout.xyz/bcifw,yes,No,No
spam,Swiggy लकी ड्रॉ: आपने एक फ्री गिफ्ट हैम्पर जीता है! एक्सपायर होने से पहले अभी कॉल करें 6239230559।,No,No,yes
spam,आप Flipkart के एनिवर्सरी कॉन्टेस्ट के लकी विनर हैं। Rs.300 का प्राइज पाने के लिए अपनी बैंक विवरण साझा करें।,No,No,No
spam,IndiGo लकी ड्रॉ: आपने एक फ्री सोने का सिक्का जीता है! एक्सपायर होने से पहले अभी कॉल करें 9570514723।,No,No,yes
spam,"HDFC Bank कस्टमर सर्विस: आपका Rs.50 का रिफंड पेंडिंग है, दावा करने के लिए क्लिक करें: http://lucky-winner-alert.co/ndz0w",yes,No,No
spam,"Vi कस्टमर सर्विस: आपका Rs.250 का रिफंड पेंडिंग है, दावा करने के लिए क्लिक करें: http://bonus-cashout.xyz/ua48d",yes,No,No
spam,"cult.fit कस्टमर सर्विस: आपका Rs.300 का रिफंड पेंडिंग है, दावा करने के लिए क्लिक करें: http://offer4u-claim.online/u0rsj",yes,No,No
spam,Airtel लकी ड्रॉ: आपने एक फ्री स्मार्टफोन जीता है! एक्सपायर होने से पहले अभी कॉल करें 6592572989।,No,No,yes
spam,redBus आज 100 लकी कस्टमर्स को फ्री स्मार्टफोन दे रहा है। अपना पाने के लिए तुरंत कॉल करें 9642845126।,No,No,yes
spam,Nykaa आज 100 लकी कस्टमर्स को फ्री स्मार्टफोन दे रहा है। अपना पाने के लिए तुरंत कॉल करें 6737734947।,No,No,yes
spam,"Netflix कस्टमर सर्विस: आपका Rs.100 का रिफंड पेंडिंग है, दावा करने के लिए क्लिक करें: http://reward-claim24.xyz/ltw0g",yes,No,No
spam,आप Tanishq के एनिवर्सरी कॉन्टेस्ट के लकी विनर हैं। Rs.500 का प्राइज पाने के लिए अपनी बैंक विवरण साझा करें।,No,No,No
spam,आप Titan के एनिवर्सरी कॉन्टेस्ट के लकी विनर हैं। Rs.250 का प्राइज पाने के लिए अपनी बैंक विवरण साझा करें।,No,No,No
spam,"Ajio कस्टमर सर्विस: आपका Rs.150 का रिफंड पेंडिंग है, दावा करने के लिए क्लिक करें: http://offer4u-claim.online/ui1eu",yes,No,No
spam,"Uber कस्टमर सर्विस: आपका Rs.300 का रिफंड पेंडिंग है, दावा करने के लिए क्लिक करें: http://lucky-winner-alert.co/04nd3",yes,No,No
spam,Uber लकी ड्रॉ: आपने एक फ्री स्मार्टफोन जीता है! एक्सपायर होने से पहले अभी कॉल करें 9211834996।,No,No,yes
spam,"PhonePe कस्टमर सर्विस: आपका Rs.50 का रिफंड पेंडिंग है, दावा करने के लिए क्लिक करें: http://offer4u-claim.online/4ea1q",yes,No,No
spam,Netflix आज 100 लकी कस्टमर्स को फ्री स्मार्टवॉच दे रहा है। अपना पाने के लिए तुरंत कॉल करें 8318011122।,No,No,yes
spam,PhonePe आज 100 लकी कस्टमर्स को फ्री शॉपिंग वाउचर दे रहा है। अपना पाने के लिए तुरंत कॉल करें 7643366983।,No,No,yes
spam,Netflix आज 100 लकी कस्टमर्स को फ्री स्मार्टफोन दे रहा है। अपना पाने के लिए तुरंत कॉल करें 8977083057।,No,No,yes
spam,बधाई हो! आपका Zepto खाता एक फ्री शॉपिंग वाउचर (Rs.100) के लिए चुना गया है। अभी दावा करें: http://bonus-cashout.xyz/5wkmb,yes,No,No
spam,HDFC Bank आज 100 लकी कस्टमर्स को फ्री स्मार्टवॉच दे रहा है। अपना पाने के लिए तुरंत कॉल करें 8131304749।,No,No,yes
spam,Pepperfry आज 100 लकी कस्टमर्स को फ्री स्मार्टफोन दे रहा है। अपना पाने के लिए तुरंत कॉल करें 6110066382।,No,No,yes
spam,Tanishq आज 100 लकी कस्टमर्स को फ्री शॉपिंग वाउचर दे रहा है। अपना पाने के लिए तुरंत कॉल करें 7699933110।,No,No,yes
spam,बधाई हो! आपका Jio खाता एक फ्री स्मार्टफोन (Rs.100) के लिए चुना गया है। अभी दावा करें: http://offer4u-claim.online/rbclt,yes,No,No
spam,"Ola कस्टमर सर्विस: आपका Rs.500 का रिफंड पेंडिंग है, दावा करने के लिए क्लिक करें: http://reward-claim24.xyz/f2h07",yes,No,No
spam,Spotify आज 100 लकी कस्टमर्स को फ्री गिफ्ट हैम्पर दे रहा है। अपना पाने के लिए तुरंत कॉल करें 6476627183।,No,No,yes
spam,redBus लकी ड्रॉ: आपने एक फ्री सोने का सिक्का जीता है! एक्सपायर होने से पहले अभी कॉल करें 9488949282।,No,No,yes
spam,बधाई हो! आपका Unacademy खाता एक फ्री गिफ्ट हैम्पर (Rs.150) के लिए चुना गया है। अभी दावा करें: http://lucky-winner-alert.co/dr4up,yes,No,No
spam,Titan आज 100 लकी कस्टमर्स को फ्री सोने का सिक्का दे रहा है। अपना पाने के लिए तुरंत कॉल करें 6899079531।,No,No,yes
spam,Jio लकी ड्रॉ: आपने एक फ्री सोने का सिक्का जीता है! एक्सपायर होने से पहले अभी कॉल करें 6124004010।,No,No,yes
spam,बधाई हो! आपका Axis Bank खाता एक फ्री स्मार्टफोन (Rs.500) के लिए चुना गया है। अभी दावा करें: http://bonus-cashout.xyz/2ae25,yes,No,No
spam,Meesho लकी ड्रॉ: आपने एक फ्री गिफ्ट हैम्पर जीता है! एक्सपायर होने से पहले अभी कॉल करें 6805228382।,No,No,yes
spam,"Jio कस्टमर सर्विस: आपका Rs.250 का रिफंड पेंडिंग है, दावा करने के लिए क्लिक करें: http://gift-redeem-now.co.in/fj8kr",yes,No,No
spam,Swiggy आज 100 लकी कस्टमर्स को फ्री स्मार्टफोन दे रहा है। अपना पाने के लिए तुरंत कॉल करें 9404639815।,No,No,yes
spam,आप Flipkart के एनिवर्सरी कॉन्टेस्ट के लकी विनर हैं। Rs.250 का प्राइज पाने के लिए अपनी बैंक विवरण साझा करें।,No,No,No
spam,Tanishq आज 100 लकी कस्टमर्स को फ्री स्मार्टवॉच दे रहा है। अपना पाने के लिए तुरंत कॉल करें 7078155782।,No,No,yes
spam,Disney+ Hotstar लकी ड्रॉ: आपने एक फ्री स्मार्टवॉच जीता है! एक्सपायर होने से पहले अभी कॉल करें 7604743192।,No,No,yes
spam,CRED आज 100 लकी कस्टमर्स को फ्री शॉपिंग वाउचर दे रहा है। अपना पाने के लिए तुरंत कॉल करें 9328460485।,No,No,yes
spam,बधाई हो! आपका Unacademy खाता एक फ्री गिफ्ट हैम्पर (Rs.300) के लिए चुना गया है। अभी दावा करें: http://bonus-cashout.xyz/80la8,yes,No,No
spam,आप Domino's के एनिवर्सरी कॉन्टेस्ट के लकी विनर हैं। Rs.250 का प्राइज पाने के लिए अपनी बैंक विवरण साझा करें।,No,No,No
spam,आप SBI Card के एनिवर्सरी कॉन्टेस्ट के लकी विनर हैं। Rs.250 का प्राइज पाने के लिए अपनी बैंक विवरण साझा करें।,No,No,No
spam,Nykaa आज 100 लकी कस्टमर्स को फ्री स्मार्टवॉच दे रहा है। अपना पाने के लिए तुरंत कॉल करें 9697407199।,No,No,yes
spam,Airtel आज 100 लकी कस्टमर्स को फ्री सोने का सिक्का दे रहा है। अपना पाने के लिए तुरंत कॉल करें 6054213844।,No,No,yes
spam,Amazon Prime Video लकी ड्रॉ: आपने एक फ्री गिफ्ट हैम्पर जीता है! एक्सपायर होने से पहले अभी कॉल करें 9833439290।,No,No,yes
spam,बधाई हो! आपका Zepto खाता एक फ्री शॉपिंग वाउचर (Rs.100) के लिए चुना गया है। अभी दावा करें: http://lucky-winner-alert.co/4tq5h,yes,No,No
spam,बधाई हो! आपका Ola खाता एक फ्री स्मार्टवॉच (Rs.250) के लिए चुना गया है। अभी दावा करें: http://lucky-winner-alert.co/1ep34,yes,No,No
spam,Amazon लकी ड्रॉ: आपने एक फ्री शॉपिंग वाउचर जीता है! एक्सपायर होने से पहले अभी कॉल करें 8044405506।,No,No,yes
spam,Amazon आज 100 लकी कस्टमर्स को फ्री स्मार्टवॉच दे रहा है। अपना पाने के लिए तुरंत कॉल करें 6185844319।,No,No,yes
spam,BookMyShow लकी ड्रॉ: आपने एक फ्री गिफ्ट हैम्पर जीता है! एक्सपायर होने से पहले अभी कॉल करें 8463453737।,No,No,yes
spam,बधाई हो! आपका Paytm खाता एक फ्री स्मार्टफोन (Rs.300) के लिए चुना गया है। अभी दावा करें: http://bonus-cashout.xyz/wvlq0,yes,No,No
spam,"CRED कस्टमर सर्विस: आपका Rs.250 का रिफंड पेंडिंग है, दावा करने के लिए क्लिक करें: http://prize-verify.info/ia0gt",yes,No,No
spam,बधाई हो! आपका Ola खाता एक फ्री शॉपिंग वाउचर (Rs.500) के लिए चुना गया है। अभी दावा करें: http://gift-redeem-now.co.in/qyc4p,yes,No,No
spam,"Domino's कस्टमर सर्विस: आपका Rs.500 का रिफंड पेंडिंग है, दावा करने के लिए क्लिक करें: http://prize-verify.info/9kx3w",yes,No,No
spam,बधाई हो! आपका IndiGo खाता एक फ्री स्मार्टफोन (Rs.150) के लिए चुना गया है। अभी दावा करें: http://bonus-cashout.xyz/sspde,yes,No,No
spam,आप Policybazaar के एनिवर्सरी कॉन्टेस्ट के लकी विनर हैं। Rs.50 का प्राइज पाने के लिए अपनी बैंक विवरण साझा करें।,No,No,No
spam,"BookMyShow कस्टमर सर्विस: आपका Rs.200 का रिफंड पेंडिंग है, दावा करने के लिए क्लिक करें: http://prize-verify.info/r897d",yes,No,No
spam,"SBI Card कस्टमर सर्विस: आपका Rs.250 का रिफंड पेंडिंग है, दावा करने के लिए क्लिक करें: http://lucky-winner-alert.co/u1282",yes,No,No
spam,Decathlon लकी ड्रॉ: आपने एक फ्री स्मार्टवॉच जीता है! एक्सपायर होने से पहले अभी कॉल करें 7949380125।,No,No,yes
spam,"Spotify कस्टमर सर्विस: आपका Rs.500 का रिफंड पेंडिंग है, दावा करने के लिए क्लिक करें: http://lucky-winner-alert.co/c2l0e",yes,No,No
spam,BookMyShow लकी ड्रॉ: आपने एक फ्री शॉपिंग वाउचर जीता है! एक्सपायर होने से पहले अभी कॉल करें 7267808226।,No,No,yes
spam,PhonePe आज 100 लकी कस्टमर्स को फ्री स्मार्टवॉच दे रहा है। अपना पाने के लिए तुरंत कॉल करें 9857651860।,No,No,yes
spam,"Spotify कस्टमर सर्विस: आपका Rs.100 का रिफंड पेंडिंग है, दावा करने के लिए क्लिक करें: http://prize-verify.info/g8r7u",yes,No,No
spam,बधाई हो! आपका Netflix खाता एक फ्री सोने का सिक्का (Rs.100) के लिए चुना गया है। अभी दावा करें: http://lucky-winner-alert.co/mb2t5,yes,No,No
spam,Pepperfry आज 100 लकी कस्टमर्स को फ्री स्मार्टफोन दे रहा है। अपना पाने के लिए तुरंत कॉल करें 7874835848।,No,No,yes
spam,आप Axis Bank के एनिवर्सरी कॉन्टेस्ट के लकी विनर हैं। Rs.100 का प्राइज पाने के लिए अपनी बैंक विवरण साझा करें।,No,No,No
spam,"Paytm कस्टमर सर्विस: आपका Rs.150 का रिफंड पेंडिंग है, दावा करने के लिए क्लिक करें: http://prize-verify.info/wjp82",yes,No,No
spam,Flipkart लकी ड्रॉ: आपने एक फ्री स्मार्टफोन जीता है! एक्सपायर होने से पहले अभी कॉल करें 9926803340।,No,No,yes
spam,Decathlon लकी ड्रॉ: आपने एक फ्री गिफ्ट हैम्पर जीता है! एक्सपायर होने से पहले अभी कॉल करें 9058887173।,No,No,yes
spam,Amazon आज 100 लकी कस्टमर्स को फ्री गिफ्ट हैम्पर दे रहा है। अपना पाने के लिए तुरंत कॉल करें 6740182333।,No,No,yes
spam,"IndiGo कस्टमर सर्विस: आपका Rs.300 का रिफंड पेंडिंग है, दावा करने के लिए क्लिक करें: http://prize-verify.info/0j403",yes,No,No
spam,बधाई हो! आपका Blinkit खाता एक फ्री गिफ्ट हैम्पर (Rs.200) के लिए चुना गया है। अभी दावा करें: http://reward-claim24.xyz/pvi8m,yes,No,No
spam,"Policybazaar कस्टमर सर्विस: आपका Rs.50 का रिफंड पेंडिंग है, दावा करने के लिए क्लिक करें: http://reward-claim24.xyz/izvu2",yes,No,No
spam,आप Goibibo के एनिवर्सरी कॉन्टेस्ट के लकी विनर हैं। Rs.200 का प्राइज पाने के लिए अपनी बैंक विवरण साझा करें।,No,No,No
spam,बधाई हो! आपका SBI Card खाता एक फ्री स्मार्टफोन (Rs.500) के लिए चुना गया है। अभी दावा करें: http://gift-redeem-now.co.in/gy77a,yes,No,No
spam,IRCTC लकी ड्रॉ: आपने एक फ्री शॉपिंग वाउचर जीता है! एक्सपायर होने से पहले अभी कॉल करें 6648078499।,No,No,yes
spam,आप BigBasket के एनिवर्सरी कॉन्टेस्ट के लकी विनर हैं। Rs.200 का प्राइज पाने के लिए अपनी बैंक विवरण साझा करें।,No,No,No
spam,बधाई हो! आपका Ajio खाता एक फ्री स्मार्टफोन (Rs.150) के लिए चुना गया है। अभी दावा करें: http://reward-claim24.xyz/c60rd,yes,No,No
spam,Swiggy आज 100 लकी कस्टमर्स को फ्री शॉपिंग वाउचर दे रहा है। अपना पाने के लिए तुरंत कॉल करें 7088809338।,No,No,yes
spam,बधाई हो! आपका Airtel खाता एक फ्री सोने का सिक्का (Rs.200) के लिए चुना गया है। अभी दावा करें: http://gift-redeem-now.co.in/dvbv8,yes,No,No
spam,बधाई हो! आपका Disney+ Hotstar खाता एक फ्री स्मार्टफोन (Rs.200) के लिए चुना गया है। अभी दावा करें: http://bonus-cashout.xyz/a1jb6,yes,No,No
spam,Meesho आज 100 लकी कस्टमर्स को फ्री स्मार्टवॉच दे रहा है। अपना पाने के लिए तुरंत कॉल करें 9947381338।,No,No,yes
spam,"Amazon कस्टमर सर्विस: आपका Rs.100 का रिफंड पेंडिंग है, दावा करने के लिए क्लिक करें: http://gift-redeem-now.co.in/virm3",yes,No,No
spam,बधाई हो! आपका Decathlon खाता एक फ्री शॉपिंग वाउचर (Rs.200) के लिए चुना गया है। अभी दावा करें: http://lucky-winner-alert.co/3uscu,yes,No,No
spam,"Flipkart कस्टमर सर्विस: आपका Rs.250 का रिफंड पेंडिंग है, दावा करने के लिए क्लिक करें: http://bonus-cashout.xyz/mb4ka",yes,No,No
spam,redBus लकी ड्रॉ: आपने एक फ्री शॉपिंग वाउचर जीता है! एक्सपायर होने से पहले अभी कॉल करें 8092409684।,No,No,yes
spam,cult.fit आज 100 लकी कस्टमर्स को फ्री सोने का सिक्का दे रहा है। अपना पाने के लिए तुरंत कॉल करें 8828182034।,No,No,yes
spam,Ola लकी ड्रॉ: आपने एक फ्री गिफ्ट हैम्पर जीता है! एक्सपायर होने से पहले अभी कॉल करें 9288986816।,No,No,yes
spam,Flipkart लकी ड्रॉ: आपने एक फ्री शॉपिंग वाउचर जीता है! एक्सपायर होने से पहले अभी कॉल करें 9214834187।,No,No,yes
spam,Domino's आज 100 लकी कस्टमर्स को फ्री स्मार्टफोन दे रहा है। अपना पाने के लिए तुरंत कॉल करें 7698038122।,No,No,yes
spam,बधाई हो! आपका Policybazaar खाता एक फ्री गिफ्ट हैम्पर (Rs.300) के लिए चुना गया है। अभी दावा करें: http://lucky-winner-alert.co/b0tk8,yes,No,No
spam,Paytm लकी ड्रॉ: आपने एक फ्री स्मार्टवॉच जीता है! एक्सपायर होने से पहले अभी कॉल करें 7318852418।,No,No,yes
spam,IndiGo लकी ड्रॉ: आपने एक फ्री गिफ्ट हैम्पर जीता है! एक्सपायर होने से पहले अभी कॉल करें 6888116157।,No,No,yes
spam,cult.fit लकी ड्रॉ: आपने एक फ्री सोने का सिक्का जीता है! एक्सपायर होने से पहले अभी कॉल करें 6509877014।,No,No,yes
spam,बधाई हो! आपका SBI Card खाता एक फ्री गिफ्ट हैम्पर (Rs.250) के लिए चुना गया है। अभी दावा करें: http://bonus-cashout.xyz/tvag4,yes,No,No
spam,"Domino's कस्टमर सर्विस: आपका Rs.50 का रिफंड पेंडिंग है, दावा करने के लिए क्लिक करें: http://reward-claim24.xyz/xa5i2",yes,No,No
spam,"IndiGo कस्टमर सर्विस: आपका Rs.150 का रिफंड पेंडिंग है, दावा करने के लिए क्लिक करें: http://lucky-winner-alert.co/4kmj0",yes,No,No
spam,Axis Bank आज 100 लकी कस्टमर्स को फ्री स्मार्टवॉच दे रहा है। अपना पाने के लिए तुरंत कॉल करें 8060687677।,No,No,yes
spam,redBus आज 100 लकी कस्टमर्स को फ्री शॉपिंग वाउचर दे रहा है। अपना पाने के लिए तुरंत कॉल करें 8975649760।,No,No,yes
spam,Flipkart लकी ड्रॉ: आपने एक फ्री गिफ्ट हैम्पर जीता है! एक्सपायर होने से पहले अभी कॉल करें 8272771430।,No,No,yes
spam,Tanishq लकी ड्रॉ: आपने एक फ्री स्मार्टफोन जीता है! एक्सपायर होने से पहले अभी कॉल करें 9293095370।,No,No,yes
spam,Vi लकी ड्रॉ: आपने एक फ्री शॉपिंग वाउचर जीता है! एक्सपायर होने से पहले अभी कॉल करें 8695999889।,No,No,yes
spam,"Pepperfry कस्टमर सर्विस: आपका Rs.100 का रिफंड पेंडिंग है, दावा करने के लिए क्लिक करें: http://prize-verify.info/i4z4c",yes,No,No
spam,बधाई हो! आपका Zepto खाता एक फ्री स्मार्टवॉच (Rs.200) के लिए चुना गया है। अभी दावा करें: http://reward-claim24.xyz/brc8u,yes,No,No
spam,बधाई हो! आपका Policybazaar खाता एक फ्री स्मार्टवॉच (Rs.50) के लिए चुना गया है। अभी दावा करें: http://lucky-winner-alert.co/90an7,yes,No,No
spam,BYJU'S आज 100 लकी कस्टमर्स को फ्री स्मार्टवॉच दे रहा है। अपना पाने के लिए तुरंत कॉल करें 7445399959।,No,No,yes
spam,बधाई हो! आपका Amazon खाता एक फ्री स्मार्टफोन (Rs.500) के लिए चुना गया है। अभी दावा करें: http://prize-verify.info/5au8r,yes,No,No
spam,"Disney+ Hotstar कस्टमर सर्विस: आपका Rs.250 का रिफंड पेंडिंग है, दावा करने के लिए क्लिक करें: http://offer4u-claim.online/dxgm5",yes,No,No
spam,Ola आज 100 लकी कस्टमर्स को फ्री स्मार्टफोन दे रहा है। अपना पाने के लिए तुरंत कॉल करें 7431964015।,No,No,yes
spam,बधाई हो! आपका IRCTC खाता एक फ्री शॉपिंग वाउचर (Rs.50) के लिए चुना गया है। अभी दावा करें: http://offer4u-claim.online/x0jw7,yes,No,No
spam,आप Uber के एनिवर्सरी कॉन्टेस्ट के लकी विनर हैं। Rs.100 का प्राइज पाने के लिए अपनी बैंक विवरण साझा करें।,No,No,No
spam,"Zepto कस्टमर सर्विस: आपका Rs.300 का रिफंड पेंडिंग है, दावा करने के लिए क्लिक करें: http://lucky-winner-alert.co/30zys",yes,No,No
spam,Myntra आज 100 लकी कस्टमर्स को फ्री स्मार्टवॉच दे रहा है। अपना पाने के लिए तुरंत कॉल करें 6417865351।,No,No,yes
spam,आप HDFC Bank के एनिवर्सरी कॉन्टेस्ट के लकी विनर हैं। Rs.500 का प्राइज पाने के लिए अपनी बैंक विवरण साझा करें।,No,No,No
spam,Airtel लकी ड्रॉ: आपने एक फ्री स्मार्टवॉच जीता है! एक्सपायर होने से पहले अभी कॉल करें 7339325929।,No,No,yes
spam,Jio आज 100 लकी कस्टमर्स को फ्री गिफ्ट हैम्पर दे रहा है। अपना पाने के लिए तुरंत कॉल करें 7209703386।,No,No,yes
spam,boAt लकी ड्रॉ: आपने एक फ्री स्मार्टवॉच जीता है! एक्सपायर होने से पहले अभी कॉल करें 7595134885।,No,No,yes
spam,बधाई हो! आपका Amazon Prime Video खाता एक फ्री शॉपिंग वाउचर (Rs.50) के लिए चुना गया है। अभी दावा करें: http://bonus-cashout.xyz/36jqq,yes,No,No
spam,Disney+ Hotstar लकी ड्रॉ: आपने एक फ्री सोने का सिक्का जीता है! एक्सपायर होने से पहले अभी कॉल करें 7804016860।,No,No,yes
spam,"BigBasket कस्टमर सर्विस: आपका Rs.50 का रिफंड पेंडिंग है, दावा करने के लिए क्लिक करें: http://gift-redeem-now.co.in/ixpeh",yes,No,No
spam,बधाई हो! आपका Unacademy खाता एक फ्री सोने का सिक्का (Rs.100) के लिए चुना गया है। अभी दावा करें: http://gift-redeem-now.co.in/hvg9c,yes,No,No
spam,Swiggy लकी ड्रॉ: आपने एक फ्री स्मार्टफोन जीता है! एक्सपायर होने से पहले अभी कॉल करें 9570832584।,No,No,yes
spam,Zomato आज 100 लकी कस्टमर्स को फ्री गिफ्ट हैम्पर दे रहा है। अपना पाने के लिए तुरंत कॉल करें 9585210678।,No,No,yes
spam,MakeMyTrip आज 100 लकी कस्टमर्स को फ्री गिफ्ट हैम्पर दे रहा है। अपना पाने के लिए तुरंत कॉल करें 6914387343।,No,No,yes
spam,Goibibo आज 100 लकी कस्टमर्स को फ्री शॉपिंग वाउचर दे रहा है। अपना पाने के लिए तुरंत कॉल करें 6519026155।,No,No,yes
spam,आप PharmEasy के एनिवर्सरी कॉन्टेस्ट के लकी विनर हैं। Rs.100 का प्राइज पाने के लिए अपनी बैंक विवरण साझा करें।,No,No,No
spam,Amazon लकी ड्रॉ: आपने एक फ्री गिफ्ट हैम्पर जीता है! एक्सपायर होने से पहले अभी कॉल करें 9356790744।,No,No,yes
spam,आप Uber के एनिवर्सरी कॉन्टेस्ट के लकी विनर हैं। Rs.500 का प्राइज पाने के लिए अपनी बैंक विवरण साझा करें।,No,No,No
spam,आप ICICI Bank के एनिवर्सरी कॉन्टेस्ट के लकी विनर हैं। Rs.300 का प्राइज पाने के लिए अपनी बैंक विवरण साझा करें।,No,No,No
spam,आप Tanishq के एनिवर्सरी कॉन्टेस्ट के लकी विनर हैं। Rs.200 का प्राइज पाने के लिए अपनी बैंक विवरण साझा करें।,No,No,No
spam,Airtel आज 100 लकी कस्टमर्स को फ्री गिफ्ट हैम्पर दे रहा है। अपना पाने के लिए तुरंत कॉल करें 9886743260।,No,No,yes
spam,"Jio कस्टमर सर्विस: आपका Rs.500 का रिफंड पेंडिंग है, दावा करने के लिए क्लिक करें: http://offer4u-claim.online/xcrv7",yes,No,No
spam,"Blinkit कस्टमर सर्विस: आपका Rs.500 का रिफंड पेंडिंग है, दावा करने के लिए क्लिक करें: http://gift-redeem-now.co.in/0b4ds",yes,No,No
spam,Disney+ Hotstar लकी ड्रॉ: आपने एक फ्री स्मार्टफोन जीता है! एक्सपायर होने से पहले अभी कॉल करें 9525620256।,No,No,yes
spam,बधाई हो! आपका Flipkart खाता एक फ्री शॉपिंग वाउचर (Rs.150) के लिए चुना गया है। अभी दावा करें: http://gift-redeem-now.co.in/9w3a7,yes,No,No
spam,आप CRED के एनिवर्सरी कॉन्टेस्ट के लकी विनर हैं। Rs.50 का प्राइज पाने के लिए अपनी बैंक विवरण साझा करें।,No,No,No
spam,"Axis Bank कस्टमर सर्विस: आपका Rs.300 का रिफंड पेंडिंग है, दावा करने के लिए क्लिक करें: http://reward-claim24.xyz/2ooqz",yes,No,No
spam,Disney+ Hotstar आज 100 लकी कस्टमर्स को फ्री सोने का सिक्का दे रहा है। अपना पाने के लिए तुरंत कॉल करें 8498978887।,No,No,yes
spam,बधाई हो! आपका Pepperfry खाता एक फ्री सोने का सिक्का (Rs.50) के लिए चुना गया है। अभी दावा करें: http://gift-redeem-now.co.in/pdr99,yes,No,No
spam,"Nykaa कस्टमर सर्विस: आपका Rs.500 का रिफंड पेंडिंग है, दावा करने के लिए क्लिक करें: http://offer4u-claim.online/r6jdh",yes,No,No
spam,"Zomato कस्टमर सर्विस: आपका Rs.500 का रिफंड पेंडिंग है, दावा करने के लिए क्लिक करें: http://prize-verify.info/954rs",yes,No,No
spam,बधाई हो! आपका Goibibo खाता एक फ्री गिफ्ट हैम्पर (Rs.150) के लिए चुना गया है। अभी दावा करें: http://gift-redeem-now.co.in/opp74,yes,No,No
spam,"BYJU'S कस्टमर सर्विस: आपका Rs.250 का रिफंड पेंडिंग है, दावा करने के लिए क्लिक करें: http://bonus-cashout.xyz/ldusm",yes,No,No
spam,SBI Card आज 100 लकी कस्टमर्स को फ्री स्मार्टफोन दे रहा है। अपना पाने के लिए तुरंत कॉल करें 9078840908।,No,No,yes
spam,बधाई हो! आपका Decathlon खाता एक फ्री स्मार्टफोन (Rs.100) के लिए चुना गया है। अभी दावा करें: http://bonus-cashout.xyz/ho6gc,yes,No,No
spam,आप Spotify के एनिवर्सरी कॉन्टेस्ट के लकी विनर हैं। Rs.500 का प्राइज पाने के लिए अपनी बैंक विवरण साझा करें।,No,No,No
spam,"IndiGo कस्टमर सर्विस: आपका Rs.500 का रिफंड पेंडिंग है, दावा करने के लिए क्लिक करें: http://bonus-cashout.xyz/zhgmw",yes,No,No
spam,"Swiggy कस्टमर सर्विस: आपका Rs.50 का रिफंड पेंडिंग है, दावा करने के लिए क्लिक करें: http://lucky-winner-alert.co/2kb3z",yes,No,No
spam,आप Unacademy के एनिवर्सरी कॉन्टेस्ट के लकी विनर हैं। Rs.500 का प्राइज पाने के लिए अपनी बैंक विवरण साझा करें।,No,No,No
spam,Uber आज 100 लकी कस्टमर्स को फ्री सोने का सिक्का दे रहा है। अपना पाने के लिए तुरंत कॉल करें 8879704719।,No,No,yes
spam,बधाई हो! आपका Vi खाता एक फ्री शॉपिंग वाउचर (Rs.500) के लिए चुना गया है। अभी दावा करें: http://gift-redeem-now.co.in/1tqpi,yes,No,No
spam,Zepto आज 100 लकी कस्टमर्स को फ्री सोने का सिक्का दे रहा है। अपना पाने के लिए तुरंत कॉल करें 7415545679।,No,No,yes
spam,"1mg कस्टमर सर्विस: आपका Rs.500 का रिफंड पेंडिंग है, दावा करने के लिए क्लिक करें: http://bonus-cashout.xyz/64h46",yes,No,No
spam,बधाई हो! आपका MakeMyTrip खाता एक फ्री स्मार्टवॉच (Rs.300) के लिए चुना गया है। अभी दावा करें: http://offer4u-claim.online/4r079,yes,No,No
spam,Policybazaar लकी ड्रॉ: आपने एक फ्री शॉपिंग वाउचर जीता है! एक्सपायर होने से पहले अभी कॉल करें 9285198712।,No,No,yes
spam,"Tanishq कस्टमर सर्विस: आपका Rs.100 का रिफंड पेंडिंग है, दावा करने के लिए क्लिक करें: http://bonus-cashout.xyz/7d1ox",yes,No,No
spam,boAt आज 100 लकी कस्टमर्स को फ्री स्मार्टवॉच दे रहा है। अपना पाने के लिए तुरंत कॉल करें 7113077808।,No,No,yes
spam,Axis Bank आज 100 लकी कस्टमर्स को फ्री गिफ्ट हैम्पर दे रहा है। अपना पाने के लिए तुरंत कॉल करें 6240200036।,No,No,yes
spam,बधाई हो! आपका SBI Card खाता एक फ्री सोने का सिक्का (Rs.500) के लिए चुना गया है। अभी दावा करें: http://bonus-cashout.xyz/yr98k,yes,No,No
spam,Titan आज 100 लकी कस्टमर्स को फ्री शॉपिंग वाउचर दे रहा है। अपना पाने के लिए तुरंत कॉल करें 9307547275।,No,No,yes
spam,redBus लकी ड्रॉ: आपने एक फ्री गिफ्ट हैम्पर जीता है! एक्सपायर होने से पहले अभी कॉल करें 7622519639।,No,No,yes
spam,Jio लकी ड्रॉ: आपने एक फ्री सोने का सिक्का जीता है! एक्सपायर होने से पहले अभी कॉल करें 7060791157।,No,No,yes
spam,बधाई हो! आपका Blinkit खाता एक फ्री स्मार्टवॉच (Rs.250) के लिए चुना गया है। अभी दावा करें: http://offer4u-claim.online/pn8ju,yes,No,No
spam,"Lenskart कस्टमर सर्विस: आपका Rs.300 का रिफंड पेंडिंग है, दावा करने के लिए क्लिक करें: http://reward-claim24.xyz/ldryw",yes,No,No
spam,बधाई हो! आपका Zepto खाता एक फ्री गिफ्ट हैम्पर (Rs.100) के लिए चुना गया है। अभी दावा करें: http://gift-redeem-now.co.in/2gwc1,yes,No,No
spam,"Flipkart कस्टमर सर्विस: आपका Rs.200 का रिफंड पेंडिंग है, दावा करने के लिए क्लिक करें: http://lucky-winner-alert.co/1709t",yes,No,No
spam,redBus आज 100 लकी कस्टमर्स को फ्री स्मार्टफोन दे रहा है। अपना पाने के लिए तुरंत कॉल करें 9793370711।,No,No,yes
spam,Goibibo आज 100 लकी कस्टमर्स को फ्री गिफ्ट हैम्पर दे रहा है। अपना पाने के लिए तुरंत कॉल करें 7751194211।,No,No,yes
spam,Domino's आज 100 लकी कस्टमर्स को फ्री सोने का सिक्का दे रहा है। अपना पाने के लिए तुरंत कॉल करें 7268426782।,No,No,yes
spam,"Goibibo कस्टमर सर्विस: आपका Rs.500 का रिफंड पेंडिंग है, दावा करने के लिए क्लिक करें: http://reward-claim24.xyz/x41p3",yes,No,No
spam,Unacademy आज 100 लकी कस्टमर्स को फ्री सोने का सिक्का दे रहा है। अपना पाने के लिए तुरंत कॉल करें 9173217855।,No,No,yes
spam,Jio आज 100 लकी कस्टमर्स को फ्री स्मार्टवॉच दे रहा है। अपना पाने के लिए तुरंत कॉल करें 9563052404।,No,No,yes
spam,Unacademy आज 100 लकी कस्टमर्स को फ्री सोने का सिक्का दे रहा है। अपना पाने के लिए तुरंत कॉल करें 8268479194।,No,No,yes
spam,Unacademy लकी ड्रॉ: आपने एक फ्री स्मार्टवॉच जीता है! एक्सपायर होने से पहले अभी कॉल करें 6537283377।,No,No,yes
spam,Blinkit लकी ड्रॉ: आपने एक फ्री स्मार्टफोन जीता है! एक्सपायर होने से पहले अभी कॉल करें 9735863209।,No,No,yes
spam,"Ajio कस्टमर सर्विस: आपका Rs.300 का रिफंड पेंडिंग है, दावा करने के लिए क्लिक करें: http://reward-claim24.xyz/l965x",yes,No,No
spam,"Meesho कस्टमर सर्विस: आपका Rs.500 का रिफंड पेंडिंग है, दावा करने के लिए क्लिक करें: http://offer4u-claim.online/5qxvi",yes,No,No
spam,"Spotify कस्टमर सर्विस: आपका Rs.250 का रिफंड पेंडिंग है, दावा करने के लिए क्लिक करें: http://bonus-cashout.xyz/d7y7z",yes,No,No
spam,"BigBasket कस्टमर सर्विस: आपका Rs.300 का रिफंड पेंडिंग है, दावा करने के लिए क्लिक करें: http://gift-redeem-now.co.in/jqx3b",yes,No,No
spam,"MakeMyTrip फ्लैश सेल: सब कुछ 90% छूट, सिर्फ कुछ पीस बचे हैं! अभी ऑर्डर करने के लिए BUY रिप्लाई करें।",No,No,No
spam,CRED लकी ड्रॉ: आपने एक फ्री गिफ्ट हैम्पर जीता है! एक्सपायर होने से पहले अभी कॉल करें 9680374540।,No,No,yes
spam,Titan आज 100 लकी कस्टमर्स को फ्री स्मार्टफोन दे रहा है। अपना पाने के लिए तुरंत कॉल करें 9602992125।,No,No,yes
spam,"Tanishq कस्टमर सर्विस: आपका Rs.100 का रिफंड पेंडिंग है, दावा करने के लिए क्लिक करें: http://offer4u-claim.online/nr9me",yes,No,No
spam,"HDFC Bank कस्टमर सर्विस: आपका Rs.50 का रिफंड पेंडिंग है, दावा करने के लिए क्लिक करें: http://lucky-winner-alert.co/q4w9a",yes,No,No
spam,Amazon Prime Video आज 100 लकी कस्टमर्स को फ्री गिफ्ट हैम्पर दे रहा है। अपना पाने के लिए तुरंत कॉल करें 7779606446।,No,No,yes
spam,SBI Card आज 100 लकी कस्टमर्स को फ्री गिफ्ट हैम्पर दे रहा है। अपना पाने के लिए तुरंत कॉल करें 7217462957।,No,No,yes
spam,आप 1mg के एनिवर्सरी कॉन्टेस्ट के लकी विनर हैं। Rs.100 का प्राइज पाने के लिए अपनी बैंक विवरण साझा करें।,No,No,No
spam,Spotify लकी ड्रॉ: आपने एक फ्री स्मार्टवॉच जीता है! एक्सपायर होने से पहले अभी कॉल करें 8259375469।,No,No,yes
spam,Tanishq लकी ड्रॉ: आपने एक फ्री स्मार्टवॉच जीता है! एक्सपायर होने से पहले अभी कॉल करें 8171472722।,No,No,yes
spam,"Flipkart कस्टमर सर्विस: आपका Rs.250 का रिफंड पेंडिंग है, दावा करने के लिए क्लिक करें: http://lucky-winner-alert.co/rapxx",yes,No,No
spam,बधाई हो! आपका CRED खाता एक फ्री शॉपिंग वाउचर (Rs.100) के लिए चुना गया है। अभी दावा करें: http://offer4u-claim.online/dddb8,yes,No,No
spam,Disney+ Hotstar आज 100 लकी कस्टमर्स को फ्री सोने का सिक्का दे रहा है। अपना पाने के लिए तुरंत कॉल करें 7172617246।,No,No,yes
spam,बधाई हो! आपका Uber खाता एक फ्री स्मार्टवॉच (Rs.250) के लिए चुना गया है। अभी दावा करें: http://offer4u-claim.online/u8d2q,yes,No,No
spam,"IndiGo कस्टमर सर्विस: आपका Rs.100 का रिफंड पेंडिंग है, दावा करने के लिए क्लिक करें: http://lucky-winner-alert.co/ecv3e",yes,No,No
spam,आप Zomato के एनिवर्सरी कॉन्टेस्ट के लकी विनर हैं। Rs.50 का प्राइज पाने के लिए अपनी बैंक विवरण साझा करें।,No,No,No
spam,बधाई हो! आपका Goibibo खाता एक फ्री स्मार्टफोन (Rs.50) के लिए चुना गया है। अभी दावा करें: http://bonus-cashout.xyz/0557t,yes,No,No
spam,IRCTC लकी ड्रॉ: आपने एक फ्री स्मार्टफोन जीता है! एक्सपायर होने से पहले अभी कॉल करें 7704452977।,No,No,yes
spam,आप Jio के एनिवर्सरी कॉन्टेस्ट के लकी विनर हैं। Rs.250 का प्राइज पाने के लिए अपनी बैंक विवरण साझा करें।,No,No,No
spam,Lenskart आज 100 लकी कस्टमर्स को फ्री सोने का सिक्का दे रहा है। अपना पाने के लिए तुरंत कॉल करें 8460663547।,No,No,yes
spam,Jio आज 100 लकी कस्टमर्स को फ्री स्मार्टवॉच दे रहा है। अपना पाने के लिए तुरंत कॉल करें 9228995774।,No,No,yes
spam,Decathlon लकी ड्रॉ: आपने एक फ्री सोने का सिक्का जीता है! एक्सपायर होने से पहले अभी कॉल करें 6951136670।,No,No,yes
spam,Disney+ Hotstar आज 100 लकी कस्टमर्स को फ्री सोने का सिक्का दे रहा है। अपना पाने के लिए तुरंत कॉल करें 9038578129।,No,No,yes
spam,बधाई हो! आपका Amazon Prime Video खाता एक फ्री गिफ्ट हैम्पर (Rs.200) के लिए चुना गया है। अभी दावा करें: http://bonus-cashout.xyz/26mmg,yes,No,No
spam,BigBasket लकी ड्रॉ: आपने एक फ्री गिफ्ट हैम्पर जीता है! एक्सपायर होने से पहले अभी कॉल करें 8374100645।,No,No,yes
spam,Domino's लकी ड्रॉ: आपने एक फ्री गिफ्ट हैम्पर जीता है! एक्सपायर होने से पहले अभी कॉल करें 8572645214।,No,No,yes
spam,cult.fit आज 100 लकी कस्टमर्स को फ्री शॉपिंग वाउचर दे रहा है। अपना पाने के लिए तुरंत कॉल करें 8792026161।,No,No,yes
spam,Paytm लकी ड्रॉ: आपने एक फ्री स्मार्टफोन जीता है! एक्सपायर होने से पहले अभी कॉल करें 8982066269।,No,No,yes
spam,"BYJU'S कस्टमर सर्विस: आपका Rs.300 का रिफंड पेंडिंग है, दावा करने के लिए क्लिक करें: http://offer4u-claim.online/552lj",yes,No,No
spam,आप BigBasket के एनिवर्सरी कॉन्टेस्ट के लकी विनर हैं। Rs.100 का प्राइज पाने के लिए अपनी बैंक विवरण साझा करें।,No,No,No
spam,BYJU'S आज 100 लकी कस्टमर्स को फ्री स्मार्टवॉच दे रहा है। अपना पाने के लिए तुरंत कॉल करें 8877178760।,No,No,yes
spam,IndiGo लकी ड्रॉ: आपने एक फ्री स्मार्टवॉच जीता है! एक्सपायर होने से पहले अभी कॉल करें 8428041940।,No,No,yes
spam,"Lenskart कस्टमर सर्विस: आपका Rs.150 का रिफंड पेंडिंग है, दावा करने के लिए क्लिक करें: http://bonus-cashout.xyz/mbv76",yes,No,No
spam,Myntra लकी ड्रॉ: आपने एक फ्री शॉपिंग वाउचर जीता है! एक्सपायर होने से पहले अभी कॉल करें 6769227469।,No,No,yes
spam,बधाई हो! आपका Decathlon खाता एक फ्री स्मार्टफोन (Rs.250) के लिए चुना गया है। अभी दावा करें: http://reward-claim24.xyz/zxczp,yes,No,No
spam,बधाई हो! आपका BookMyShow खाता एक फ्री स्मार्टफोन (Rs.300) के लिए चुना गया है। अभी दावा करें: http://reward-claim24.xyz/xwb6p,yes,No,No
spam,बधाई हो! आपका IndiGo खाता एक फ्री गिफ्ट हैम्पर (Rs.150) के लिए चुना गया है। अभी दावा करें: http://bonus-cashout.xyz/mrd6l,yes,No,No
spam,Blinkit लकी ड्रॉ: आपने एक फ्री स्मार्टफोन जीता है! एक्सपायर होने से पहले अभी कॉल करें 9982017293।,No,No,yes
spam,Swiggy लकी ड्रॉ: आपने एक फ्री स्मार्टफोन जीता है! एक्सपायर होने से पहले अभी कॉल करें 7185703868।,No,No,yes
spam,Amazon Prime Video आज 100 लकी कस्टमर्स को फ्री शॉपिंग वाउचर दे रहा है। अपना पाने के लिए तुरंत कॉल करें 7366626071।,No,No,yes
spam,"Flipkart कस्टमर सर्विस: आपका Rs.500 का रिफंड पेंडिंग है, दावा करने के लिए क्लिक करें: http://gift-redeem-now.co.in/fxdtx",yes,No,No
spam,"Pepperfry कस्टमर सर्विस: आपका Rs.100 का रिफंड पेंडिंग है, दावा करने के लिए क्लिक करें: http://gift-redeem-now.co.in/78ihg",yes,No,No
spam,बधाई हो! आपका Axis Bank खाता एक फ्री शॉपिंग वाउचर (Rs.300) के लिए चुना गया है। अभी दावा करें: http://offer4u-claim.online/dzbuh,yes,No,No
spam,आप Meesho के एनिवर्सरी कॉन्टेस्ट के लकी विनर हैं। Rs.500 का प्राइज पाने के लिए अपनी बैंक विवरण साझा करें।,No,No,No
spam,बधाई हो! आपका Blinkit खाता एक फ्री स्मार्टवॉच (Rs.500) के लिए चुना गया है। अभी दावा करें: http://reward-claim24.xyz/m9t7h,yes,No,No
spam,IndiGo आज 100 लकी कस्टमर्स को फ्री शॉपिंग वाउचर दे रहा है। अपना पाने के लिए तुरंत कॉल करें 6080538231।,No,No,yes
spam,Tanishq आज 100 लकी कस्टमर्स को फ्री गिफ्ट हैम्पर दे रहा है। अपना पाने के लिए तुरंत कॉल करें 7506032937।,No,No,yes
spam,redBus आज 100 लकी कस्टमर्स को फ्री स्मार्टवॉच दे रहा है। अपना पाने के लिए तुरंत कॉल करें 6271379990।,No,No,yes
spam,PharmEasy लकी ड्रॉ: आपने एक फ्री गिफ्ट हैम्पर जीता है! एक्सपायर होने से पहले अभी कॉल करें 8122929197।,No,No,yes
spam,Swiggy आज 100 लकी कस्टमर्स को फ्री गिफ्ट हैम्पर दे रहा है। अपना पाने के लिए तुरंत कॉल करें 8631247139।,No,No,yes
spam,Amazon आज 100 लकी कस्टमर्स को फ्री स्मार्टफोन दे रहा है। अपना पाने के लिए तुरंत कॉल करें 7844635135।,No,No,yes
spam,बधाई हो! आपका Pepperfry खाता एक फ्री स्मार्टफोन (Rs.250) के लिए चुना गया है। अभी दावा करें: http://lucky-winner-alert.co/e35tj,yes,No,No
spam,Amazon Prime Video लकी ड्रॉ: आपने एक फ्री गिफ्ट हैम्पर जीता है! एक्सपायर होने से पहले अभी कॉल करें 8328364783।,No,No,yes
spam,Netflix लकी ड्रॉ: आपने एक फ्री स्मार्टवॉच जीता है! एक्सपायर होने से पहले अभी कॉल करें 6669739377।,No,No,yes
spam,"Titan कस्टमर सर्विस: आपका Rs.200 का रिफंड पेंडिंग है, दावा करने के लिए क्लिक करें: http://reward-claim24.xyz/x63td",yes,No,No
spam,बधाई हो! आपका Amazon खाता एक फ्री गिफ्ट हैम्पर (Rs.50) के लिए चुना गया है। अभी दावा करें: http://gift-redeem-now.co.in/yzwac,yes,No,No
spam,"Flipkart कस्टमर सर्विस: आपका Rs.150 का रिफंड पेंडिंग है, दावा करने के लिए क्लिक करें: http://offer4u-claim.online/to4a1",yes,No,No
spam,"Netflix कस्टमर सर्विस: आपका Rs.100 का रिफंड पेंडिंग है, दावा करने के लिए क्लिक करें: http://offer4u-claim.online/u8kmm",yes,No,No
spam,"Amazon Prime Video कस्टमर सर्विस: आपका Rs.150 का रिफंड पेंडिंग है, दावा करने के लिए क्लिक करें: http://offer4u-claim.online/rwcgf",yes,No,No
spam,Policybazaar आज 100 लकी कस्टमर्स को फ्री स्मार्टवॉच दे रहा है। अपना पाने के लिए तुरंत कॉल करें 8165138376।,No,No,yes
spam,Spotify आज 100 लकी कस्टमर्स को फ्री स्मार्टवॉच दे रहा है। अपना पाने के लिए तुरंत कॉल करें 9582946844।,No,No,yes
spam,आप Blinkit के एनिवर्सरी कॉन्टेस्ट के लकी विनर हैं। Rs.200 का प्राइज पाने के लिए अपनी बैंक विवरण साझा करें।,No,No,No
spam,Blinkit आज 100 लकी कस्टमर्स को फ्री स्मार्टफोन दे रहा है। अपना पाने के लिए तुरंत कॉल करें 8214191790।,No,No,yes
spam,Amazon Prime Video लकी ड्रॉ: आपने एक फ्री स्मार्टफोन जीता है! एक्सपायर होने से पहले अभी कॉल करें 8291287070।,No,No,yes
spam,बधाई हो! आपका Myntra खाता एक फ्री गिफ्ट हैम्पर (Rs.50) के लिए चुना गया है। अभी दावा करें: http://lucky-winner-alert.co/r4upz,yes,No,No
spam,BookMyShow आज 100 लकी कस्टमर्स को फ्री स्मार्टवॉच दे रहा है। अपना पाने के लिए तुरंत कॉल करें 7056867241।,No,No,yes
spam,"BookMyShow कस्टमर सर्विस: आपका Rs.50 का रिफंड पेंडिंग है, दावा करने के लिए क्लिक करें: http://gift-redeem-now.co.in/gmv7e",yes,No,No
spam,"Nykaa कस्टमर सर्विस: आपका Rs.100 का रिफंड पेंडिंग है, दावा करने के लिए क्लिक करें: http://reward-claim24.xyz/wcow9",yes,No,No
spam,बधाई हो! आपका Unacademy खाता एक फ्री स्मार्टफोन (Rs.100) के लिए चुना गया है। अभी दावा करें: http://prize-verify.info/l2h18,yes,No,No
spam,"Disney+ Hotstar कस्टमर सर्विस: आपका Rs.150 का रिफंड पेंडिंग है, दावा करने के लिए क्लिक करें: http://gift-redeem-now.co.in/vrvs3",yes,No,No
spam,आप Unacademy के एनिवर्सरी कॉन्टेस्ट के लकी विनर हैं। Rs.150 का प्राइज पाने के लिए अपनी बैंक विवरण साझा करें।,No,No,No
spam,Jio आज 100 लकी कस्टमर्स को फ्री गिफ्ट हैम्पर दे रहा है। अपना पाने के लिए तुरंत कॉल करें 7292729708।,No,No,yes
spam,Flipkart लकी ड्रॉ: आपने एक फ्री गिफ्ट हैम्पर जीता है! एक्सपायर होने से पहले अभी कॉल करें 8127287329।,No,No,yes
spam,"PharmEasy कस्टमर सर्विस: आपका Rs.300 का रिफंड पेंडिंग है, दावा करने के लिए क्लिक करें: http://offer4u-claim.online/q1hng",yes,No,No
spam,"Swiggy कस्टमर सर्विस: आपका Rs.500 का रिफंड पेंडिंग है, दावा करने के लिए क्लिक करें: http://gift-redeem-now.co.in/eseta",yes,No,No
spam,Policybazaar आज 100 लकी कस्टमर्स को फ्री स्मार्टफोन दे रहा है। अपना पाने के लिए तुरंत कॉल करें 6481385417।,No,No,yes
spam,आप SBI Card के एनिवर्सरी कॉन्टेस्ट के लकी विनर हैं। Rs.50 का प्राइज पाने के लिए अपनी बैंक विवरण साझा करें।,No,No,No
spam,आप Zomato के एनिवर्सरी कॉन्टेस्ट के लकी विनर हैं। Rs.300 का प्राइज पाने के लिए अपनी बैंक विवरण साझा करें।,No,No,No
spam,"Netflix कस्टमर सर्विस: आपका Rs.100 का रिफंड पेंडिंग है, दावा करने के लिए क्लिक करें: http://bonus-cashout.xyz/uhycu",yes,No,No
spam,आप IndiGo के एनिवर्सरी कॉन्टेस्ट के लकी विनर हैं। Rs.100 का प्राइज पाने के लिए अपनी बैंक विवरण साझा करें।,No,No,No
spam,Titan आज 100 लकी कस्टमर्स को फ्री गिफ्ट हैम्पर दे रहा है। अपना पाने के लिए तुरंत कॉल करें 7275528095।,No,No,yes
spam,आप PharmEasy के एनिवर्सरी कॉन्टेस्ट के लकी विनर हैं। Rs.300 का प्राइज पाने के लिए अपनी बैंक विवरण साझा करें।,No,No,No
spam,बधाई हो! आपका Uber खाता एक फ्री स्मार्टवॉच (Rs.200) के लिए चुना गया है। अभी दावा करें: http://reward-claim24.xyz/nlm4m,yes,No,No
spam,"BookMyShow कस्टमर सर्विस: आपका Rs.200 का रिफंड पेंडिंग है, दावा करने के लिए क्लिक करें: http://offer4u-claim.online/rvea5",yes,No,No
spam,बधाई हो! आपका Policybazaar खाता एक फ्री शॉपिंग वाउचर (Rs.150) के लिए चुना गया है। अभी दावा करें: http://reward-claim24.xyz/9yjex,yes,No,No
spam,MakeMyTrip लकी ड्रॉ: आपने एक फ्री स्मार्टवॉच जीता है! एक्सपायर होने से पहले अभी कॉल करें 8738919941।,No,No,yes
spam,Blinkit लकी ड्रॉ: आपने एक फ्री सोने का सिक्का जीता है! एक्सपायर होने से पहले अभी कॉल करें 7024803405।,No,No,yes
spam,बधाई हो! आपका Titan खाता एक फ्री गिफ्ट हैम्पर (Rs.150) के लिए चुना गया है। अभी दावा करें: http://offer4u-claim.online/jcpzo,yes,No,No
spam,BigBasket आज 100 लकी कस्टमर्स को फ्री गिफ्ट हैम्पर दे रहा है। अपना पाने के लिए तुरंत कॉल करें 8484550530।,No,No,yes
spam,बधाई हो! आपका Paytm खाता एक फ्री शॉपिंग वाउचर (Rs.100) के लिए चुना गया है। अभी दावा करें: http://gift-redeem-now.co.in/ztjuo,yes,No,No
spam,बधाई हो! आपका Swiggy खाता एक फ्री सोने का सिक्का (Rs.500) के लिए चुना गया है। अभी दावा करें: http://offer4u-claim.online/z1i1m,yes,No,No
spam,बधाई हो! आपका Swiggy खाता एक फ्री स्मार्टवॉच (Rs.300) के लिए चुना गया है। अभी दावा करें: http://gift-redeem-now.co.in/25031,yes,No,No
spam,Decathlon लकी ड्रॉ: आपने एक फ्री स्मार्टवॉच जीता है! एक्सपायर होने से पहले अभी कॉल करें 6672690164।,No,No,yes
spam,बधाई हो! आपका Paytm खाता एक फ्री गिफ्ट हैम्पर (Rs.150) के लिए चुना गया है। अभी दावा करें: http://gift-redeem-now.co.in/22zou,yes,No,No
spam,बधाई हो! आपका Amazon खाता एक फ्री सोने का सिक्का (Rs.200) के लिए चुना गया है। अभी दावा करें: http://reward-claim24.xyz/i3quv,yes,No,No
spam,बधाई हो! आपका Lenskart खाता एक फ्री स्मार्टफोन (Rs.250) के लिए चुना गया है। अभी दावा करें: http://offer4u-claim.online/gsao2,yes,No,No
spam,"Disney+ Hotstar कस्टमर सर्विस: आपका Rs.500 का रिफंड पेंडिंग है, दावा करने के लिए क्लिक करें: http://gift-redeem-now.co.in/114qj",yes,No,No
spam,"Vi कस्टमर सर्विस: आपका Rs.500 का रिफंड पेंडिंग है, दावा करने के लिए क्लिक करें: http://bonus-cashout.xyz/8joxu",yes,No,No
spam,बधाई हो! आपका 1mg खाता एक फ्री स्मार्टफोन (Rs.50) के लिए चुना गया है। अभी दावा करें: http://reward-claim24.xyz/wsxyx,yes,No,No
spam,बधाई हो! आपका PhonePe खाता एक फ्री शॉपिंग वाउचर (Rs.200) के लिए चुना गया है। अभी दावा करें: http://gift-redeem-now.co.in/3dkt9,yes,No,No
spam,बधाई हो! आपका BYJU'S खाता एक फ्री सोने का सिक्का (Rs.100) के लिए चुना गया है। अभी दावा करें: http://gift-redeem-now.co.in/ja54i,yes,No,No
spam,बधाई हो! आपका Unacademy खाता एक फ्री स्मार्टफोन (Rs.50) के लिए चुना गया है। अभी दावा करें: http://offer4u-claim.online/6biaq,yes,No,No
spam,Ajio लकी ड्रॉ: आपने एक फ्री स्मार्टवॉच जीता है! एक्सपायर होने से पहले अभी कॉल करें 7388939758।,No,No,yes
spam,Disney+ Hotstar आज 100 लकी कस्टमर्स को फ्री स्मार्टफोन दे रहा है। अपना पाने के लिए तुरंत कॉल करें 8785438267।,No,No,yes
spam,"Spotify कस्टमर सर्विस: आपका Rs.300 का रिफंड पेंडिंग है, दावा करने के लिए क्लिक करें: http://reward-claim24.xyz/9t155",yes,No,No
spam,Blinkit लकी ड्रॉ: आपने एक फ्री सोने का सिक्का जीता है! एक्सपायर होने से पहले अभी कॉल करें 7162428332।,No,No,yes
spam,BYJU'S आज 100 लकी कस्टमर्स को फ्री गिफ्ट हैम्पर दे रहा है। अपना पाने के लिए तुरंत कॉल करें 6825125536।,No,No,yes
spam,आप Airtel के एनिवर्सरी कॉन्टेस्ट के लकी विनर हैं। Rs.150 का प्राइज पाने के लिए अपनी बैंक विवरण साझा करें।,No,No,No
spam,"Ajio कस्टमर सर्विस: आपका Rs.100 का रिफंड पेंडिंग है, दावा करने के लिए क्लिक करें: http://offer4u-claim.online/4l14e",yes,No,No
spam,"BookMyShow कस्टमर सर्विस: आपका Rs.50 का रिफंड पेंडिंग है, दावा करने के लिए क्लिक करें: http://reward-claim24.xyz/8r561",yes,No,No
spam,बधाई हो! आपका Flipkart खाता एक फ्री सोने का सिक्का (Rs.500) के लिए चुना गया है। अभी दावा करें: http://lucky-winner-alert.co/446ob,yes,No,No
spam,बधाई हो! आपका Axis Bank खाता एक फ्री सोने का सिक्का (Rs.300) के लिए चुना गया है। अभी दावा करें: http://bonus-cashout.xyz/3q1lm,yes,No,No
spam,1mg आज 100 लकी कस्टमर्स को फ्री स्मार्टफोन दे रहा है। अपना पाने के लिए तुरंत कॉल करें 9231514237।,No,No,yes
spam,boAt आज 100 लकी कस्टमर्स को फ्री स्मार्टवॉच दे रहा है। अपना पाने के लिए तुरंत कॉल करें 9076180031।,No,No,yes
spam,Uber आज 100 लकी कस्टमर्स को फ्री गिफ्ट हैम्पर दे रहा है। अपना पाने के लिए तुरंत कॉल करें 6690186250।,No,No,yes
spam,"Meesho कस्टमर सर्विस: आपका Rs.500 का रिफंड पेंडिंग है, दावा करने के लिए क्लिक करें: http://bonus-cashout.xyz/7m69t",yes,No,No
spam,"Blinkit कस्टमर सर्विस: आपका Rs.500 का रिफंड पेंडिंग है, दावा करने के लिए क्लिक करें: http://lucky-winner-alert.co/02b1u",yes,No,No
spam,आप Myntra के एनिवर्सरी कॉन्टेस्ट के लकी विनर हैं। Rs.150 का प्राइज पाने के लिए अपनी बैंक विवरण साझा करें।,No,No,No
spam,बधाई हो! आपका Jio खाता एक फ्री स्मार्टवॉच (Rs.100) के लिए चुना गया है। अभी दावा करें: http://prize-verify.info/z9bn6,yes,No,No
spam,बधाई हो! आपका Pepperfry खाता एक फ्री स्मार्टवॉच (Rs.250) के लिए चुना गया है। अभी दावा करें: http://bonus-cashout.xyz/1gmh4,yes,No,No
spam,redBus आज 100 लकी कस्टमर्स को फ्री गिफ्ट हैम्पर दे रहा है। अपना पाने के लिए तुरंत कॉल करें 8804864897।,No,No,yes
spam,CRED आज 100 लकी कस्टमर्स को फ्री स्मार्टफोन दे रहा है। अपना पाने के लिए तुरंत कॉल करें 9362598654।,No,No,yes
spam,Nykaa आज 100 लकी कस्टमर्स को फ्री स्मार्टफोन दे रहा है। अपना पाने के लिए तुरंत कॉल करें 6525880140।,No,No,yes
spam,BigBasket आज 100 लकी कस्टमर्स को फ्री स्मार्टफोन दे रहा है। अपना पाने के लिए तुरंत कॉल करें 9903250387।,No,No,yes
spam,"Uber कस्टमर सर्विस: आपका Rs.150 का रिफंड पेंडिंग है, दावा करने के लिए क्लिक करें: http://lucky-winner-alert.co/e2tbn",yes,No,No
spam,"Tanishq कस्टमर सर्विस: आपका Rs.300 का रिफंड पेंडिंग है, दावा करने के लिए क्लिक करें: http://offer4u-claim.online/5svz8",yes,No,No
spam,आप Decathlon के एनिवर्सरी कॉन्टेस्ट के लकी विनर हैं। Rs.100 का प्राइज पाने के लिए अपनी बैंक विवरण साझा करें।,No,No,No
spam,बधाई हो! आपका Decathlon खाता एक फ्री स्मार्टफोन (Rs.300) के लिए चुना गया है। अभी दावा करें: http://gift-redeem-now.co.in/6z0bs,yes,No,No
spam,cult.fit आज 100 लकी कस्टमर्स को फ्री सोने का सिक्का दे रहा है। अपना पाने के लिए तुरंत कॉल करें 8256991952।,No,No,yes
spam,बधाई हो! आपका Ola खाता एक फ्री स्मार्टवॉच (Rs.100) के लिए चुना गया है। अभी दावा करें: http://reward-claim24.xyz/3m6uw,yes,No,No
spam,बधाई हो! आपका Domino's खाता एक फ्री स्मार्टफोन (Rs.50) के लिए चुना गया है। अभी दावा करें: http://gift-redeem-now.co.in/m9fqg,yes,No,No
spam,आप PharmEasy के एनिवर्सरी कॉन्टेस्ट के लकी विनर हैं। Rs.200 का प्राइज पाने के लिए अपनी बैंक विवरण साझा करें।,No,No,No
spam,Netflix आज 100 लकी कस्टमर्स को फ्री सोने का सिक्का दे रहा है। अपना पाने के लिए तुरंत कॉल करें 7417172598।,No,No,yes
spam,CRED लकी ड्रॉ: आपने एक फ्री स्मार्टवॉच जीता है! एक्सपायर होने से पहले अभी कॉल करें 9124709033।,No,No,yes
spam,Domino's लकी ड्रॉ: आपने एक फ्री सोने का सिक्का जीता है! एक्सपायर होने से पहले अभी कॉल करें 7298864128।,No,No,yes
spam,cult.fit आज 100 लकी कस्टमर्स को फ्री स्मार्टफोन दे रहा है। अपना पाने के लिए तुरंत कॉल करें 6424869082।,No,No,yes
spam,बधाई हो! आपका BigBasket खाता एक फ्री शॉपिंग वाउचर (Rs.200) के लिए चुना गया है। अभी दावा करें: http://reward-claim24.xyz/78rrq,yes,No,No
spam,Titan आज 100 लकी कस्टमर्स को फ्री शॉपिंग वाउचर दे रहा है। अपना पाने के लिए तुरंत कॉल करें 7732744860।,No,No,yes
spam,"Uber कस्टमर सर्विस: आपका Rs.200 का रिफंड पेंडिंग है, दावा करने के लिए क्लिक करें: http://prize-verify.info/7vy82",yes,No,No
spam,Axis Bank लकी ड्रॉ: आपने एक फ्री स्मार्टफोन जीता है! एक्सपायर होने से पहले अभी कॉल करें 7296075446।,No,No,yes
spam,बधाई हो! आपका BookMyShow खाता एक फ्री गिफ्ट हैम्पर (Rs.200) के लिए चुना गया है। अभी दावा करें: http://reward-claim24.xyz/67lyj,yes,No,No
spam,Nykaa लकी ड्रॉ: आपने एक फ्री गिफ्ट हैम्पर जीता है! एक्सपायर होने से पहले अभी कॉल करें 6614914678।,No,No,yes
spam,बधाई हो! आपका Amazon खाता एक फ्री स्मार्टवॉच (Rs.500) के लिए चुना गया है। अभी दावा करें: http://reward-claim24.xyz/ifbdh,yes,No,No
spam,"Zepto कस्टमर सर्विस: आपका Rs.150 का रिफंड पेंडिंग है, दावा करने के लिए क्लिक करें: http://bonus-cashout.xyz/mspyu",yes,No,No
spam,Domino's आज 100 लकी कस्टमर्स को फ्री स्मार्टवॉच दे रहा है। अपना पाने के लिए तुरंत कॉल करें 6166441093।,No,No,yes
spam,बधाई हो! आपका BYJU'S खाता एक फ्री शॉपिंग वाउचर (Rs.300) के लिए चुना गया है। अभी दावा करें: http://offer4u-claim.online/47i60,yes,No,No
spam,Ola आज 100 लकी कस्टमर्स को फ्री गिफ्ट हैम्पर दे रहा है। अपना पाने के लिए तुरंत कॉल करें 8169047955।,No,No,yes
spam,बधाई हो! आपका CRED खाता एक फ्री स्मार्टफोन (Rs.50) के लिए चुना गया है। अभी दावा करें: http://offer4u-claim.online/kiyfv,yes,No,No
spam,IndiGo आज 100 लकी कस्टमर्स को फ्री शॉपिंग वाउचर दे रहा है। अपना पाने के लिए तुरंत कॉल करें 6791345434।,No,No,yes
spam,Zomato आज 100 लकी कस्टमर्स को फ्री शॉपिंग वाउचर दे रहा है। अपना पाने के लिए तुरंत कॉल करें 6050418205।,No,No,yes
spam,बधाई हो! आपका Axis Bank खाता एक फ्री सोने का सिक्का (Rs.250) के लिए चुना गया है। अभी दावा करें: http://bonus-cashout.xyz/9an8b,yes,No,No
spam,"Tanishq कस्टमर सर्विस: आपका Rs.250 का रिफंड पेंडिंग है, दावा करने के लिए क्लिक करें: http://reward-claim24.xyz/50oy6",yes,No,No
spam,"IRCTC कस्टमर सर्विस: आपका Rs.200 का रिफंड पेंडिंग है, दावा करने के लिए क्लिक करें: http://reward-claim24.xyz/u2u1j",yes,No,No
spam,Uber आज 100 लकी कस्टमर्स को फ्री गिफ्ट हैम्पर दे रहा है। अपना पाने के लिए तुरंत कॉल करें 6060487289।,No,No,yes
spam,Amazon Prime Video लकी ड्रॉ: आपने एक फ्री सोने का सिक्का जीता है! एक्सपायर होने से पहले अभी कॉल करें 6908198221।,No,No,yes
spam,आप Myntra के एनिवर्सरी कॉन्टेस्ट के लकी विनर हैं। Rs.300 का प्राइज पाने के लिए अपनी बैंक विवरण साझा करें।,No,No,No
spam,"Domino's कस्टमर सर्विस: आपका Rs.200 का रिफंड पेंडिंग है, दावा करने के लिए क्लिक करें: http://reward-claim24.xyz/u4kmb",yes,No,No
spam,Lenskart लकी ड्रॉ: आपने एक फ्री स्मार्टफोन जीता है! एक्सपायर होने से पहले अभी कॉल करें 8400196440।,No,No,yes
spam,Blinkit आज 100 लकी कस्टमर्स को फ्री गिफ्ट हैम्पर दे रहा है। अपना पाने के लिए तुरंत कॉल करें 9240314269।,No,No,yes
spam,बधाई हो! आपका SBI Card खाता एक फ्री स्मार्टवॉच (Rs.200) के लिए चुना गया है। अभी दावा करें: http://gift-redeem-now.co.in/guvpd,yes,No,No
spam,BYJU'S लकी ड्रॉ: आपने एक फ्री स्मार्टवॉच जीता है! एक्सपायर होने से पहले अभी कॉल करें 9959406396।,No,No,yes
spam,"ICICI Bank कस्टमर सर्विस: आपका Rs.150 का रिफंड पेंडिंग है, दावा करने के लिए क्लिक करें: http://reward-claim24.xyz/abn2g",yes,No,No
spam,Amazon लकी ड्रॉ: आपने एक फ्री स्मार्टफोन जीता है! एक्सपायर होने से पहले अभी कॉल करें 6554037281।,No,No,yes
spam,Ola आज 100 लकी कस्टमर्स को फ्री स्मार्टवॉच दे रहा है। अपना पाने के लिए तुरंत कॉल करें 8973738717।,No,No,yes
spam,"BigBasket कस्टमर सर्विस: आपका Rs.500 का रिफंड पेंडिंग है, दावा करने के लिए क्लिक करें: http://gift-redeem-now.co.in/527bp",yes,No,No
spam,"Meesho कस्टमर सर्विस: आपका Rs.50 का रिफंड पेंडिंग है, दावा करने के लिए क्लिक करें: http://lucky-winner-alert.co/tw2ju",yes,No,No
spam,बधाई हो! आपका 1mg खाता एक फ्री शॉपिंग वाउचर (Rs.300) के लिए चुना गया है। अभी दावा करें: http://bonus-cashout.xyz/fdcyo,yes,No,No
spam,Lenskart लकी ड्रॉ: आपने एक फ्री गिफ्ट हैम्पर जीता है! एक्सपायर होने से पहले अभी कॉल करें 7992804232।,No,No,yes
spam,1mg लकी ड्रॉ: आपने एक फ्री गिफ्ट हैम्पर जीता है! एक्सपायर होने से पहले अभी कॉल करें 6900302983।,No,No,yes
spam,"Jio कस्टमर सर्विस: आपका Rs.100 का रिफंड पेंडिंग है, दावा करने के लिए क्लिक करें: http://bonus-cashout.xyz/4mt9q",yes,No,No
spam,बधाई हो! आपका CRED खाता एक फ्री सोने का सिक्का (Rs.500) के लिए चुना गया है। अभी दावा करें: http://reward-claim24.xyz/a9f7a,yes,No,No
spam,Vi लकी ड्रॉ: आपने एक फ्री स्मार्टफोन जीता है! एक्सपायर होने से पहले अभी कॉल करें 7569999099।,No,No,yes
spam,Netflix आज 100 लकी कस्टमर्स को फ्री स्मार्टफोन दे रहा है। अपना पाने के लिए तुरंत कॉल करें 9157722939।,No,No,yes
spam,बधाई हो! आपका Axis Bank खाता एक फ्री स्मार्टफोन (Rs.100) के लिए चुना गया है। अभी दावा करें: http://reward-claim24.xyz/5jq7p,yes,No,No
spam,Amazon Prime Video आज 100 लकी कस्टमर्स को फ्री शॉपिंग वाउचर दे रहा है। अपना पाने के लिए तुरंत कॉल करें 6106699658।,No,No,yes
spam,बधाई हो! आपका Zepto खाता एक फ्री स्मार्टफोन (Rs.200) के लिए चुना गया है। अभी दावा करें: http://bonus-cashout.xyz/f6evc,yes,No,No
spam,बधाई हो! आपका Titan खाता एक फ्री सोने का सिक्का (Rs.150) के लिए चुना गया है। अभी दावा करें: http://offer4u-claim.online/c4676,yes,No,No
spam,"1mg कस्टमर सर्विस: आपका Rs.250 का रिफंड पेंडिंग है, दावा करने के लिए क्लिक करें: http://lucky-winner-alert.co/6qz57",yes,No,No
spam,बधाई हो! आपका HDFC Bank खाता एक फ्री शॉपिंग वाउचर (Rs.500) के लिए चुना गया है। अभी दावा करें: http://offer4u-claim.online/oeret,yes,No,No
spam,"Blinkit कस्टमर सर्विस: आपका Rs.150 का रिफंड पेंडिंग है, दावा करने के लिए क्लिक करें: http://offer4u-claim.online/xzlap",yes,No,No
spam,"Nykaa कस्टमर सर्विस: आपका Rs.200 का रिफंड पेंडिंग है, दावा करने के लिए क्लिक करें: http://lucky-winner-alert.co/x0ikn",yes,No,No
spam,Decathlon लकी ड्रॉ: आपने एक फ्री स्मार्टवॉच जीता है! एक्सपायर होने से पहले अभी कॉल करें 7318840334।,No,No,yes
spam,बधाई हो! आपका Airtel खाता एक फ्री स्मार्टवॉच (Rs.500) के लिए चुना गया है। अभी दावा करें: http://bonus-cashout.xyz/etlo0,yes,No,No
spam,PhonePe आज 100 लकी कस्टमर्स को फ्री गिफ्ट हैम्पर दे रहा है। अपना पाने के लिए तुरंत कॉल करें 9545656949।,No,No,yes
spam,"Unacademy कस्टमर सर्विस: आपका Rs.200 का रिफंड पेंडिंग है, दावा करने के लिए क्लिक करें: http://prize-verify.info/tfmuq",yes,No,No
spam,IndiGo आज 100 लकी कस्टमर्स को फ्री स्मार्टफोन दे रहा है। अपना पाने के लिए तुरंत कॉल करें 7490368955।,No,No,yes
spam,"Zomato कस्टमर सर्विस: आपका Rs.150 का रिफंड पेंडिंग है, दावा करने के लिए क्लिक करें: http://lucky-winner-alert.co/hlu8e",yes,No,No
spam,आप Spotify के एनिवर्सरी कॉन्टेस्ट के लकी विनर हैं। Rs.50 का प्राइज पाने के लिए अपनी बैंक विवरण साझा करें।,No,No,No
spam,बधाई हो! आपका Paytm खाता एक फ्री स्मार्टवॉच (Rs.200) के लिए चुना गया है। अभी दावा करें: http://bonus-cashout.xyz/fj34b,yes,No,No
spam,ICICI Bank लकी ड्रॉ: आपने एक फ्री गिफ्ट हैम्पर जीता है! एक्सपायर होने से पहले अभी कॉल करें 6926184692।,No,No,yes
spam,आप Domino's के एनिवर्सरी कॉन्टेस्ट के लकी विनर हैं। Rs.500 का प्राइज पाने के लिए अपनी बैंक विवरण साझा करें।,No,No,No
spam,redBus आज 100 लकी कस्टमर्स को फ्री सोने का सिक्का दे रहा है। अपना पाने के लिए तुरंत कॉल करें 7335945083।,No,No,yes
spam,Paytm आज 100 लकी कस्टमर्स को फ्री गिफ्ट हैम्पर दे रहा है। अपना पाने के लिए तुरंत कॉल करें 6918340642।,No,No,yes
spam,बधाई हो! आपका Uber खाता एक फ्री स्मार्टफोन (Rs.150) के लिए चुना गया है। अभी दावा करें: http://reward-claim24.xyz/lsi3o,yes,No,No
spam,"Myntra कस्टमर सर्विस: आपका Rs.250 का रिफंड पेंडिंग है, दावा करने के लिए क्लिक करें: http://offer4u-claim.online/6f4dx",yes,No,No
spam,बधाई हो! आपका PharmEasy खाता एक फ्री स्मार्टवॉच (Rs.150) के लिए चुना गया है। अभी दावा करें: http://prize-verify.info/cd2ud,yes,No,No
spam,"Blinkit कस्टमर सर्विस: आपका Rs.250 का रिफंड पेंडिंग है, दावा करने के लिए क्लिक करें: http://gift-redeem-now.co.in/6ql7b",yes,No,No
spam,Meesho आज 100 लकी कस्टमर्स को फ्री सोने का सिक्का दे रहा है। अपना पाने के लिए तुरंत कॉल करें 7481558076।,No,No,yes
spam,बधाई हो! आपका Zepto खाता एक फ्री स्मार्टवॉच (Rs.150) के लिए चुना गया है। अभी दावा करें: http://bonus-cashout.xyz/m3lsd,yes,No,No
spam,Ola लकी ड्रॉ: आपने एक फ्री सोने का सिक्का जीता है! एक्सपायर होने से पहले अभी कॉल करें 6534603092।,No,No,yes
spam,Swiggy आज 100 लकी कस्टमर्स को फ्री गिफ्ट हैम्पर दे रहा है। अपना पाने के लिए तुरंत कॉल करें 7340587015।,No,No,yes
spam,"Domino's कस्टमर सर्विस: आपका Rs.100 का रिफंड पेंडिंग है, दावा करने के लिए क्लिक करें: http://gift-redeem-now.co.in/tecuw",yes,No,No
spam,बधाई हो! आपका BookMyShow खाता एक फ्री गिफ्ट हैम्पर (Rs.250) के लिए चुना गया है। अभी दावा करें: http://bonus-cashout.xyz/8q23j,yes,No,No
spam,Airtel लकी ड्रॉ: आपने एक फ्री सोने का सिक्का जीता है! एक्सपायर होने से पहले अभी कॉल करें 7761749373।,No,No,yes
spam,IndiGo लकी ड्रॉ: आपने एक फ्री शॉपिंग वाउचर जीता है! एक्सपायर होने से पहले अभी कॉल करें 7299353434।,No,No,yes
spam,SBI Card लकी ड्रॉ: आपने एक फ्री शॉपिंग वाउचर जीता है! एक्सपायर होने से पहले अभी कॉल करें 8800104527।,No,No,yes
spam,"Swiggy कस्टमर सर्विस: आपका Rs.200 का रिफंड पेंडिंग है, दावा करने के लिए क्लिक करें: http://bonus-cashout.xyz/corby",yes,No,No
spam,बधाई हो! आपका IRCTC खाता एक फ्री स्मार्टफोन (Rs.500) के लिए चुना गया है। अभी दावा करें: http://lucky-winner-alert.co/azj3r,yes,No,No
spam,Myntra आज 100 लकी कस्टमर्स को फ्री गिफ्ट हैम्पर दे रहा है। अपना पाने के लिए तुरंत कॉल करें 6728675029।,No,No,yes
spam,आप Zepto के एनिवर्सरी कॉन्टेस्ट के लकी विनर हैं। Rs.100 का प्राइज पाने के लिए अपनी बैंक विवरण साझा करें।,No,No,No
spam,"Vi कस्टमर सर्विस: आपका Rs.100 का रिफंड पेंडिंग है, दावा करने के लिए क्लिक करें: http://gift-redeem-now.co.in/wgxoe",yes,No,No
spam,"ICICI Bank कस्टमर सर्विस: आपका Rs.100 का रिफंड पेंडिंग है, दावा करने के लिए क्लिक करें: http://reward-claim24.xyz/pgo7g",yes,No,No
spam,Tanishq आज 100 लकी कस्टमर्स को फ्री स्मार्टवॉच दे रहा है। अपना पाने के लिए तुरंत कॉल करें 8520653452।,No,No,yes
spam,Tanishq आज 100 लकी कस्टमर्स को फ्री स्मार्टवॉच दे रहा है। अपना पाने के लिए तुरंत कॉल करें 7694805249।,No,No,yes
spam,"Zomato कस्टमर सर्विस: आपका Rs.250 का रिफंड पेंडिंग है, दावा करने के लिए क्लिक करें: http://reward-claim24.xyz/0ufxz",yes,No,No
spam,Uber आज 100 लकी कस्टमर्स को फ्री स्मार्टवॉच दे रहा है। अपना पाने के लिए तुरंत कॉल करें 9406320395।,No,No,yes
spam,Meesho लकी ड्रॉ: आपने एक फ्री गिफ्ट हैम्पर जीता है! एक्सपायर होने से पहले अभी कॉल करें 8436623867।,No,No,yes
spam,Ajio लकी ड्रॉ: आपने एक फ्री स्मार्टवॉच जीता है! एक्सपायर होने से पहले अभी कॉल करें 6941737248।,No,No,yes
spam,Spotify आज 100 लकी कस्टमर्स को फ्री स्मार्टफोन दे रहा है। अपना पाने के लिए तुरंत कॉल करें 8822632667।,No,No,yes
spam,Lenskart लकी ड्रॉ: आपने एक फ्री शॉपिंग वाउचर जीता है! एक्सपायर होने से पहले अभी कॉल करें 9052848032।,No,No,yes
spam,Netflix लकी ड्रॉ: आपने एक फ्री शॉपिंग वाउचर जीता है! एक्सपायर होने से पहले अभी कॉल करें 8308860578।,No,No,yes
spam,Goibibo आज 100 लकी कस्टमर्स को फ्री गिफ्ट हैम्पर दे रहा है। अपना पाने के लिए तुरंत कॉल करें 9388534078।,No,No,yes
spam,"Flipkart कस्टमर सर्विस: आपका Rs.250 का रिफंड पेंडिंग है, दावा करने के लिए क्लिक करें: http://gift-redeem-now.co.in/kckdx",yes,No,No
spam,आप Goibibo के एनिवर्सरी कॉन्टेस्ट के लकी विनर हैं। Rs.150 का प्राइज पाने के लिए अपनी बैंक विवरण साझा करें।,No,No,No
spam,Policybazaar लकी ड्रॉ: आपने एक फ्री शॉपिंग वाउचर जीता है! एक्सपायर होने से पहले अभी कॉल करें 9440898786।,No,No,yes
spam,Netflix लकी ड्रॉ: आपने एक फ्री शॉपिंग वाउचर जीता है! एक्सपायर होने से पहले अभी कॉल करें 6594356273।,No,No,yes
spam,बधाई हो! आपका Meesho खाता एक फ्री गिफ्ट हैम्पर (Rs.50) के लिए चुना गया है। अभी दावा करें: http://prize-verify.info/hwwha,yes,No,No
spam,BYJU'S लकी ड्रॉ: आपने एक फ्री सोने का सिक्का जीता है! एक्सपायर होने से पहले अभी कॉल करें 7180892135।,No,No,yes
spam,आप Amazon Prime Video के एनिवर्सरी कॉन्टेस्ट के लकी विनर हैं। Rs.50 का प्राइज पाने के लिए अपनी बैंक विवरण साझा करें।,No,No,No
spam,"Vi कस्टमर सर्विस: आपका Rs.200 का रिफंड पेंडिंग है, दावा करने के लिए क्लिक करें: http://gift-redeem-now.co.in/rjd36",yes,No,No
spam,Jio आज 100 लकी कस्टमर्स को फ्री शॉपिंग वाउचर दे रहा है। अपना पाने के लिए तुरंत कॉल करें 6830564917।,No,No,yes
spam,आप Amazon Prime Video के एनिवर्सरी कॉन्टेस्ट के लकी विनर हैं। Rs.150 का प्राइज पाने के लिए अपनी बैंक विवरण साझा करें।,No,No,No
spam,IRCTC लकी ड्रॉ: आपने एक फ्री स्मार्टवॉच जीता है! एक्सपायर होने से पहले अभी कॉल करें 9748160409।,No,No,yes
spam,बधाई हो! आपका Spotify खाता एक फ्री स्मार्टवॉच (Rs.50) के लिए चुना गया है। अभी दावा करें: http://bonus-cashout.xyz/mlcbu,yes,No,No
spam,Disney+ Hotstar आज 100 लकी कस्टमर्स को फ्री स्मार्टवॉच दे रहा है। अपना पाने के लिए तुरंत कॉल करें 7395308513।,No,No,yes
spam,बधाई हो! आपका Blinkit खाता एक फ्री गिफ्ट हैम्पर (Rs.50) के लिए चुना गया है। अभी दावा करें: http://reward-claim24.xyz/y0bz6,yes,No,No
spam,"PhonePe कस्टमर सर्विस: आपका Rs.300 का रिफंड पेंडिंग है, दावा करने के लिए क्लिक करें: http://gift-redeem-now.co.in/ankfw",yes,No,No
spam,बधाई हो! आपका Vi खाता एक फ्री सोने का सिक्का (Rs.250) के लिए चुना गया है। अभी दावा करें: http://bonus-cashout.xyz/eir8l,yes,No,No
spam,बधाई हो! आपका Pepperfry खाता एक फ्री शॉपिंग वाउचर (Rs.300) के लिए चुना गया है। अभी दावा करें: http://prize-verify.info/4mjr1,yes,No,No
spam,"Netflix कस्टमर सर्विस: आपका Rs.100 का रिफंड पेंडिंग है, दावा करने के लिए क्लिक करें: http://reward-claim24.xyz/6h69a",yes,No,No
spam,Meesho लकी ड्रॉ: आपने एक फ्री स्मार्टवॉच जीता है! एक्सपायर होने से पहले अभी कॉल करें 7415626034।,No,No,yes
spam,बधाई हो! आपका Myntra खाता एक फ्री स्मार्टफोन (Rs.250) के लिए चुना गया है। अभी दावा करें: http://offer4u-claim.online/9vou4,yes,No,No
spam,बधाई हो! आपका IndiGo खाता एक फ्री गिफ्ट हैम्पर (Rs.300) के लिए चुना गया है। अभी दावा करें: http://prize-verify.info/tgjs3,yes,No,No
spam,"Uber कस्टमर सर्विस: आपका Rs.100 का रिफंड पेंडिंग है, दावा करने के लिए क्लिक करें: http://gift-redeem-now.co.in/2yd6v",yes,No,No
spam,बधाई हो! आपका Decathlon खाता एक फ्री स्मार्टफोन (Rs.500) के लिए चुना गया है। अभी दावा करें: http://reward-claim24.xyz/kktez,yes,No,No
spam,बधाई हो! आपका boAt खाता एक फ्री गिफ्ट हैम्पर (Rs.50) के लिए चुना गया है। अभी दावा करें: http://lucky-winner-alert.co/7xxtp,yes,No,No
spam,Titan लकी ड्रॉ: आपने एक फ्री सोने का सिक्का जीता है! एक्सपायर होने से पहले अभी कॉल करें 7817324866।,No,No,yes
spam,आप Airtel के एनिवर्सरी कॉन्टेस्ट के लकी विनर हैं। Rs.200 का प्राइज पाने के लिए अपनी बैंक विवरण साझा करें।,No,No,No
spam,"Decathlon कस्टमर सर्विस: आपका Rs.500 का रिफंड पेंडिंग है, दावा करने के लिए क्लिक करें: http://reward-claim24.xyz/n274i",yes,No,No
spam,"boAt कस्टमर सर्विस: आपका Rs.100 का रिफंड पेंडिंग है, दावा करने के लिए क्लिक करें: http://reward-claim24.xyz/mue1w",yes,No,No
spam,"Myntra कस्टमर सर्विस: आपका Rs.500 का रिफंड पेंडिंग है, दावा करने के लिए क्लिक करें: http://gift-redeem-now.co.in/ygzaf",yes,No,No
spam,Paytm आज 100 लकी कस्टमर्स को फ्री स्मार्टफोन दे रहा है। अपना पाने के लिए तुरंत कॉल करें 9968573852।,No,No,yes
spam,Nykaa लकी ड्रॉ: आपने एक फ्री सोने का सिक्का जीता है! एक्सपायर होने से पहले अभी कॉल करें 8704106622।,No,No,yes
spam,"Amazon Prime Video कस्टमर सर्विस: आपका Rs.100 का रिफंड पेंडिंग है, दावा करने के लिए क्लिक करें: http://gift-redeem-now.co.in/6ggu6",yes,No,No
spam,IndiGo लकी ड्रॉ: आपने एक फ्री गिफ्ट हैम्पर जीता है! एक्सपायर होने से पहले अभी कॉल करें 8982256958।,No,No,yes
spam,बधाई हो! आपका Flipkart खाता एक फ्री गिफ्ट हैम्पर (Rs.150) के लिए चुना गया है। अभी दावा करें: http://bonus-cashout.xyz/jicdy,yes,No,No
spam,"Spotify कस्टमर सर्विस: आपका Rs.150 का रिफंड पेंडिंग है, दावा करने के लिए क्लिक करें: http://offer4u-claim.online/xj3ws",yes,No,No
spam,PharmEasy लकी ड्रॉ: आपने एक फ्री शॉपिंग वाउचर जीता है! एक्सपायर होने से पहले अभी कॉल करें 6211687764।,No,No,yes
spam,"Spotify कस्टमर सर्विस: आपका Rs.50 का रिफंड पेंडिंग है, दावा करने के लिए क्लिक करें: http://reward-claim24.xyz/7oy1d",yes,No,No
spam,ICICI Bank लकी ड्रॉ: आपने एक फ्री शॉपिंग वाउचर जीता है! एक्सपायर होने से पहले अभी कॉल करें 7864444796।,No,No,yes
spam,"Pepperfry कस्टमर सर्विस: आपका Rs.50 का रिफंड पेंडिंग है, दावा करने के लिए क्लिक करें: http://lucky-winner-alert.co/tbuvo",yes,No,No
spam,बधाई हो! आपका Jio खाता एक फ्री स्मार्टवॉच (Rs.300) के लिए चुना गया है। अभी दावा करें: http://reward-claim24.xyz/jq1mv,yes,No,No
spam,Amazon लकी ड्रॉ: आपने एक फ्री स्मार्टवॉच जीता है! एक्सपायर होने से पहले अभी कॉल करें 7472128756।,No,No,yes
spam,बधाई हो! आपका Zomato खाता एक फ्री गिफ्ट हैम्पर (Rs.250) के लिए चुना गया है। अभी दावा करें: http://lucky-winner-alert.co/6kr19,yes,No,No
spam,ICICI Bank लकी ड्रॉ: आपने एक फ्री सोने का सिक्का जीता है! एक्सपायर होने से पहले अभी कॉल करें 8281693914।,No,No,yes
spam,"Pepperfry कस्टमर सर्विस: आपका Rs.500 का रिफंड पेंडिंग है, दावा करने के लिए क्लिक करें: http://bonus-cashout.xyz/s4l9p",yes,No,No
spam,Policybazaar आज 100 लकी कस्टमर्स को फ्री गिफ्ट हैम्पर दे रहा है। अपना पाने के लिए तुरंत कॉल करें 9613872649।,No,No,yes
spam,बधाई हो! आपका Paytm खाता एक फ्री गिफ्ट हैम्पर (Rs.50) के लिए चुना गया है। अभी दावा करें: http://offer4u-claim.online/41ryz,yes,No,No
spam,"Axis Bank कस्टमर सर्विस: आपका Rs.100 का रिफंड पेंडिंग है, दावा करने के लिए क्लिक करें: http://gift-redeem-now.co.in/lb8g5",yes,No,No
spam,बधाई हो! आपका boAt खाता एक फ्री सोने का सिक्का (Rs.100) के लिए चुना गया है। अभी दावा करें: http://lucky-winner-alert.co/m1xnq,yes,No,No
spam,"Tanishq कस्टमर सर्विस: आपका Rs.250 का रिफंड पेंडिंग है, दावा करने के लिए क्लिक करें: http://offer4u-claim.online/hme09",yes,No,No
spam,बधाई हो! आपका PharmEasy खाता एक फ्री शॉपिंग वाउचर (Rs.100) के लिए चुना गया है। अभी दावा करें: http://prize-verify.info/8kyrx,yes,No,No
spam,आप Nykaa के एनिवर्सरी कॉन्टेस्ट के लकी विनर हैं। Rs.300 का प्राइज पाने के लिए अपनी बैंक विवरण साझा करें।,No,No,No
spam,बधाई हो! आपका Unacademy खाता एक फ्री गिफ्ट हैम्पर (Rs.100) के लिए चुना गया है। अभी दावा करें: http://bonus-cashout.xyz/z7vcn,yes,No,No
spam,बधाई हो! आपका Decathlon खाता एक फ्री शॉपिंग वाउचर (Rs.300) के लिए चुना गया है। अभी दावा करें: http://lucky-winner-alert.co/nxbdw,yes,No,No
spam,आप ICICI Bank के एनिवर्सरी कॉन्टेस्ट के लकी विनर हैं। Rs.150 का प्राइज पाने के लिए अपनी बैंक विवरण साझा करें।,No,No,No
spam,Pepperfry लकी ड्रॉ: आपने एक फ्री सोने का सिक्का जीता है! एक्सपायर होने से पहले अभी कॉल करें 9548091573।,No,No,yes
spam,PhonePe आज 100 लकी कस्टमर्स को फ्री शॉपिंग वाउचर दे रहा है। अपना पाने के लिए तुरंत कॉल करें 8257311155।,No,No,yes
spam,Policybazaar आज 100 लकी कस्टमर्स को फ्री सोने का सिक्का दे रहा है। अपना पाने के लिए तुरंत कॉल करें 9381252698।,No,No,yes
spam,Disney+ Hotstar आज 100 लकी कस्टमर्स को फ्री स्मार्टफोन दे रहा है। अपना पाने के लिए तुरंत कॉल करें 6287773828।,No,No,yes
spam,बधाई हो! आपका Airtel खाता एक फ्री शॉपिंग वाउचर (Rs.200) के लिए चुना गया है। अभी दावा करें: http://bonus-cashout.xyz/qcfmg,yes,No,No
spam,बधाई हो! आपका Spotify खाता एक फ्री शॉपिंग वाउचर (Rs.200) के लिए चुना गया है। अभी दावा करें: http://prize-verify.info/pgnn4,yes,No,No
spam,बधाई हो! आपका Netflix खाता एक फ्री स्मार्टफोन (Rs.150) के लिए चुना गया है। अभी दावा करें: http://prize-verify.info/7odxh,yes,No,No
spam,Ola लकी ड्रॉ: आपने एक फ्री शॉपिंग वाउचर जीता है! एक्सपायर होने से पहले अभी कॉल करें 9339218939।,No,No,yes
spam,आप boAt के एनिवर्सरी कॉन्टेस्ट के लकी विनर हैं। Rs.150 का प्राइज पाने के लिए अपनी बैंक विवरण साझा करें।,No,No,No
spam,आप IRCTC के एनिवर्सरी कॉन्टेस्ट के लकी विनर हैं। Rs.200 का प्राइज पाने के लिए अपनी बैंक विवरण साझा करें।,No,No,No
spam,Zomato लकी ड्रॉ: आपने एक फ्री शॉपिंग वाउचर जीता है! एक्सपायर होने से पहले अभी कॉल करें 8843708047।,No,No,yes
spam,बधाई हो! आपका Lenskart खाता एक फ्री गिफ्ट हैम्पर (Rs.500) के लिए चुना गया है। अभी दावा करें: http://lucky-winner-alert.co/lfufz,yes,No,No
spam,बधाई हो! आपका Flipkart खाता एक फ्री स्मार्टफोन (Rs.100) के लिए चुना गया है। अभी दावा करें: http://reward-claim24.xyz/buyjx,yes,No,No
spam,1mg आज 100 लकी कस्टमर्स को फ्री सोने का सिक्का दे रहा है। अपना पाने के लिए तुरंत कॉल करें 8712872538।,No,No,yes
spam,आप Uber के एनिवर्सरी कॉन्टेस्ट के लकी विनर हैं। Rs.150 का प्राइज पाने के लिए अपनी बैंक विवरण साझा करें।,No,No,No
spam,CRED आज 100 लकी कस्टमर्स को फ्री शॉपिंग वाउचर दे रहा है। अपना पाने के लिए तुरंत कॉल करें 7358215648।,No,No,yes
spam,"IRCTC कस्टमर सर्विस: आपका Rs.50 का रिफंड पेंडिंग है, दावा करने के लिए क्लिक करें: http://prize-verify.info/y28wr",yes,No,No
spam,Tanishq लकी ड्रॉ: आपने एक फ्री स्मार्टवॉच जीता है! एक्सपायर होने से पहले अभी कॉल करें 6223763909।,No,No,yes
spam,आप Amazon Prime Video के एनिवर्सरी कॉन्टेस्ट के लकी विनर हैं। Rs.100 का प्राइज पाने के लिए अपनी बैंक विवरण साझा करें।,No,No,No
spam,बधाई हो! आपका SBI Card खाता एक फ्री सोने का सिक्का (Rs.150) के लिए चुना गया है। अभी दावा करें: http://gift-redeem-now.co.in/30bqq,yes,No,No
spam,Domino's आज 100 लकी कस्टमर्स को फ्री स्मार्टफोन दे रहा है। अपना पाने के लिए तुरंत कॉल करें 6662631628।,No,No,yes
spam,"Uber कस्टमर सर्विस: आपका Rs.300 का रिफंड पेंडिंग है, दावा करने के लिए क्लिक करें: http://lucky-winner-alert.co/lq2ny",yes,No,No
spam,आप BYJU'S के एनिवर्सरी कॉन्टेस्ट के लकी विनर हैं। Rs.200 का प्राइज पाने के लिए अपनी बैंक विवरण साझा करें।,No,No,No
spam,Vi लकी ड्रॉ: आपने एक फ्री गिफ्ट हैम्पर जीता है! एक्सपायर होने से पहले अभी कॉल करें 9103591214।,No,No,yes
spam,Spotify आज 100 लकी कस्टमर्स को फ्री स्मार्टफोन दे रहा है। अपना पाने के लिए तुरंत कॉल करें 6486609781।,No,No,yes
spam,आप PhonePe के एनिवर्सरी कॉन्टेस्ट के लकी विनर हैं। Rs.300 का प्राइज पाने के लिए अपनी बैंक विवरण साझा करें।,No,No,No
spam,बधाई हो! आपका Amazon खाता एक फ्री स्मार्टवॉच (Rs.150) के लिए चुना गया है। अभी दावा करें: http://gift-redeem-now.co.in/m50c3,yes,No,No
spam,"Nykaa कस्टमर सर्विस: आपका Rs.50 का रिफंड पेंडिंग है, दावा करने के लिए क्लिक करें: http://offer4u-claim.online/ni2xo",yes,No,No
spam,"Blinkit कस्टमर सर्विस: आपका Rs.100 का रिफंड पेंडिंग है, दावा करने के लिए क्लिक करें: http://prize-verify.info/lxhfu",yes,No,No
spam,"Paytm कस्टमर सर्विस: आपका Rs.300 का रिफंड पेंडिंग है, दावा करने के लिए क्लिक करें: http://bonus-cashout.xyz/0mefs",yes,No,No
spam,"BookMyShow कस्टमर सर्विस: आपका Rs.50 का रिफंड पेंडिंग है, दावा करने के लिए क्लिक करें: http://lucky-winner-alert.co/n6wqa",yes,No,No
spam,बधाई हो! आपका Disney+ Hotstar खाता एक फ्री सोने का सिक्का (Rs.50) के लिए चुना गया है। अभी दावा करें: http://offer4u-claim.online/eyi7q,yes,No,No
spam,आप MakeMyTrip के एनिवर्सरी कॉन्टेस्ट के लकी विनर हैं। Rs.250 का प्राइज पाने के लिए अपनी बैंक विवरण साझा करें।,No,No,No
spam,बधाई हो! आपका Goibibo खाता एक फ्री स्मार्टवॉच (Rs.500) के लिए चुना गया है। अभी दावा करें: http://offer4u-claim.online/svh09,yes,No,No
spam,"Axis Bank कस्टमर सर्विस: आपका Rs.150 का रिफंड पेंडिंग है, दावा करने के लिए क्लिक करें: http://offer4u-claim.online/o93xu",yes,No,No
spam,आप Meesho के एनिवर्सरी कॉन्टेस्ट के लकी विनर हैं। Rs.150 का प्राइज पाने के लिए अपनी बैंक विवरण साझा करें।,No,No,No
spam,Decathlon आज 100 लकी कस्टमर्स को फ्री स्मार्टफोन दे रहा है। अपना पाने के लिए तुरंत कॉल करें 6944826301।,No,No,yes
spam,बधाई हो! आपका Amazon Prime Video खाता एक फ्री स्मार्टवॉच (Rs.100) के लिए चुना गया है। अभी दावा करें: http://lucky-winner-alert.co/36trp,yes,No,No
spam,ICICI Bank लकी ड्रॉ: आपने एक फ्री सोने का सिक्का जीता है! एक्सपायर होने से पहले अभी कॉल करें 8984284041।,No,No,yes
spam,Axis Bank लकी ड्रॉ: आपने एक फ्री स्मार्टफोन जीता है! एक्सपायर होने से पहले अभी कॉल करें 6776792901।,No,No,yes
spam,बधाई हो! आपका Uber खाता एक फ्री शॉपिंग वाउचर (Rs.100) के लिए चुना गया है। अभी दावा करें: http://lucky-winner-alert.co/444ib,yes,No,No
spam,Nykaa लकी ड्रॉ: आपने एक फ्री स्मार्टवॉच जीता है! एक्सपायर होने से पहले अभी कॉल करें 9760955433।,No,No,yes
spam,"Disney+ Hotstar कस्टमर सर्विस: आपका Rs.200 का रिफंड पेंडिंग है, दावा करने के लिए क्लिक करें: http://offer4u-claim.online/6mcpt",yes,No,No
spam,HDFC Bank आज 100 लकी कस्टमर्स को फ्री स्मार्टवॉच दे रहा है। अपना पाने के लिए तुरंत कॉल करें 9659629350।,No,No,yes
spam,"CRED कस्टमर सर्विस: आपका Rs.300 का रिफंड पेंडिंग है, दावा करने के लिए क्लिक करें: http://offer4u-claim.online/zif4u",yes,No,No
spam,Goibibo लकी ड्रॉ: आपने एक फ्री गिफ्ट हैम्पर जीता है! एक्सपायर होने से पहले अभी कॉल करें 6312883937।,No,No,yes
spam,"Paytm कस्टमर सर्विस: आपका Rs.150 का रिफंड पेंडिंग है, दावा करने के लिए क्लिक करें: http://offer4u-claim.online/ck95h",yes,No,No
spam,"Ola कस्टमर सर्विस: आपका Rs.500 का रिफंड पेंडिंग है, दावा करने के लिए क्लिक करें: http://prize-verify.info/yy8li",yes,No,No
spam,SBI Card लकी ड्रॉ: आपने एक फ्री सोने का सिक्का जीता है! एक्सपायर होने से पहले अभी कॉल करें 8467537915।,No,No,yes
spam,BookMyShow लकी ड्रॉ: आपने एक फ्री सोने का सिक्का जीता है! एक्सपायर होने से पहले अभी कॉल करें 8438675895।,No,No,yes
spam,"PharmEasy फ्लैश सेल: सब कुछ 90% छूट, सिर्फ कुछ पीस बचे हैं! अभी ऑर्डर करने के लिए BUY रिप्लाई करें।",No,No,No
spam,Zomato लकी ड्रॉ: आपने एक फ्री गिफ्ट हैम्पर जीता है! एक्सपायर होने से पहले अभी कॉल करें 7228008858।,No,No,yes
spam,Airtel आज 100 लकी कस्टमर्स को फ्री स्मार्टवॉच दे रहा है। अपना पाने के लिए तुरंत कॉल करें 9379384443।,No,No,yes
spam,Zepto लकी ड्रॉ: आपने एक फ्री शॉपिंग वाउचर जीता है! एक्सपायर होने से पहले अभी कॉल करें 7575608622।,No,No,yes
spam,Amazon आज 100 लकी कस्टमर्स को फ्री गिफ्ट हैम्पर दे रहा है। अपना पाने के लिए तुरंत कॉल करें 6359960772।,No,No,yes
spam,Airtel आज 100 लकी कस्टमर्स को फ्री स्मार्टवॉच दे रहा है। अपना पाने के लिए तुरंत कॉल करें 8344043017।,No,No,yes
spam,Goibibo आज 100 लकी कस्टमर्स को फ्री स्मार्टफोन दे रहा है। अपना पाने के लिए तुरंत कॉल करें 8178132107।,No,No,yes
spam,Jio लकी ड्रॉ: आपने एक फ्री सोने का सिक्का जीता है! एक्सपायर होने से पहले अभी कॉल करें 6634673540।,No,No,yes
spam,Flipkart आज 100 लकी कस्टमर्स को फ्री स्मार्टफोन दे रहा है। अपना पाने के लिए तुरंत कॉल करें 6789455126।,No,No,yes
spam,"Ola कस्टमर सर्विस: आपका Rs.300 का रिफंड पेंडिंग है, दावा करने के लिए क्लिक करें: http://bonus-cashout.xyz/izogb",yes,No,No
spam,Tanishq लकी ड्रॉ: आपने एक फ्री स्मार्टफोन जीता है! एक्सपायर होने से पहले अभी कॉल करें 7223996062।,No,No,yes
spam,"SBI Card कस्टमर सर्विस: आपका Rs.100 का रिफंड पेंडिंग है, दावा करने के लिए क्लिक करें: http://prize-verify.info/p8sl4",yes,No,No
spam,"Amazon कस्टमर सर्विस: आपका Rs.50 का रिफंड पेंडिंग है, दावा करने के लिए क्लिक करें: http://offer4u-claim.online/48c7u",yes,No,No
spam,"Decathlon कस्टमर सर्विस: आपका Rs.500 का रिफंड पेंडिंग है, दावा करने के लिए क्लिक करें: http://prize-verify.info/9qchd",yes,No,No
spam,"Flipkart कस्टमर सर्विस: आपका Rs.500 का रिफंड पेंडिंग है, दावा करने के लिए क्लिक करें: http://bonus-cashout.xyz/ydto0",yes,No,No
spam,Spotify लकी ड्रॉ: आपने एक फ्री स्मार्टफोन जीता है! एक्सपायर होने से पहले अभी कॉल करें 6561101914।,No,No,yes
spam,बधाई हो! आपका MakeMyTrip खाता एक फ्री गिफ्ट हैम्पर (Rs.100) के लिए चुना गया है। अभी दावा करें: http://bonus-cashout.xyz/gurzc,yes,No,No
spam,"Blinkit कस्टमर सर्विस: आपका Rs.300 का रिफंड पेंडिंग है, दावा करने के लिए क्लिक करें: http://reward-claim24.xyz/4n6ok",yes,No,No
spam,"Amazon कस्टमर सर्विस: आपका Rs.500 का रिफंड पेंडिंग है, दावा करने के लिए क्लिक करें: http://reward-claim24.xyz/avp50",yes,No,No
spam,बधाई हो! आपका Decathlon खाता एक फ्री सोने का सिक्का (Rs.250) के लिए चुना गया है। अभी दावा करें: http://reward-claim24.xyz/tru83,yes,No,No
spam,"boAt कस्टमर सर्विस: आपका Rs.200 का रिफंड पेंडिंग है, दावा करने के लिए क्लिक करें: http://prize-verify.info/q3t91",yes,No,No
spam,Disney+ Hotstar आज 100 लकी कस्टमर्स को फ्री शॉपिंग वाउचर दे रहा है। अपना पाने के लिए तुरंत कॉल करें 8435853024।,No,No,yes
spam,Zepto लकी ड्रॉ: आपने एक फ्री सोने का सिक्का जीता है! एक्सपायर होने से पहले अभी कॉल करें 8136246823।,No,No,yes
spam,बधाई हो! आपका Uber खाता एक फ्री शॉपिंग वाउचर (Rs.500) के लिए चुना गया है। अभी दावा करें: http://offer4u-claim.online/6sg19,yes,No,No
spam,बधाई हो! आपका Zepto खाता एक फ्री शॉपिंग वाउचर (Rs.50) के लिए चुना गया है। अभी दावा करें: http://bonus-cashout.xyz/rm4gr,yes,No,No
spam,आप boAt के एनिवर्सरी कॉन्टेस्ट के लकी विनर हैं। Rs.500 का प्राइज पाने के लिए अपनी बैंक विवरण साझा करें।,No,No,No
spam,"Flipkart कस्टमर सर्विस: आपका Rs.150 का रिफंड पेंडिंग है, दावा करने के लिए क्लिक करें: http://lucky-winner-alert.co/s1q8g",yes,No,No
spam,IRCTC आज 100 लकी कस्टमर्स को फ्री स्मार्टफोन दे रहा है। अपना पाने के लिए तुरंत कॉल करें 7406257015।,No,No,yes
spam,"Paytm कस्टमर सर्विस: आपका Rs.300 का रिफंड पेंडिंग है, दावा करने के लिए क्लिक करें: http://reward-claim24.xyz/tppci",yes,No,No
spam,"Domino's कस्टमर सर्विस: आपका Rs.100 का रिफंड पेंडिंग है, दावा करने के लिए क्लिक करें: http://bonus-cashout.xyz/lkmin",yes,No,No
spam,Nykaa आज 100 लकी कस्टमर्स को फ्री शॉपिंग वाउचर दे रहा है। अपना पाने के लिए तुरंत कॉल करें 8963145319।,No,No,yes
spam,"Uber कस्टमर सर्विस: आपका Rs.200 का रिफंड पेंडिंग है, दावा करने के लिए क्लिक करें: http://offer4u-claim.online/4wfca",yes,No,No
spam,"PharmEasy कस्टमर सर्विस: आपका Rs.300 का रिफंड पेंडिंग है, दावा करने के लिए क्लिक करें: http://reward-claim24.xyz/56j6o",yes,No,No
spam,"Disney+ Hotstar कस्टमर सर्विस: आपका Rs.300 का रिफंड पेंडिंग है, दावा करने के लिए क्लिक करें: http://bonus-cashout.xyz/0zoft",yes,No,No
spam,"Jio कस्टमर सर्विस: आपका Rs.200 का रिफंड पेंडिंग है, दावा करने के लिए क्लिक करें: http://offer4u-claim.online/dmb8j",yes,No,No
spam,"Zomato कस्टमर सर्विस: आपका Rs.250 का रिफंड पेंडिंग है, दावा करने के लिए क्लिक करें: http://gift-redeem-now.co.in/q9nzb",yes,No,No
spam,आप Jio के एनिवर्सरी कॉन्टेस्ट के लकी विनर हैं। Rs.150 का प्राइज पाने के लिए अपनी बैंक विवरण साझा करें।,No,No,No
spam,Titan लकी ड्रॉ: आपने एक फ्री शॉपिंग वाउचर जीता है! एक्सपायर होने से पहले अभी कॉल करें 6576068069।,No,No,yes
spam,आप Nykaa के एनिवर्सरी कॉन्टेस्ट के लकी विनर हैं। Rs.100 का प्राइज पाने के लिए अपनी बैंक विवरण साझा करें।,No,No,No
spam,बधाई हो! आपका Zomato खाता एक फ्री स्मार्टवॉच (Rs.300) के लिए चुना गया है। अभी दावा करें: http://offer4u-claim.online/2wiqs,yes,No,No
spam,"ICICI Bank कस्टमर सर्विस: आपका Rs.250 का रिफंड पेंडिंग है, दावा करने के लिए क्लिक करें: http://lucky-winner-alert.co/r11m4",yes,No,No
spam,आप Myntra के एनिवर्सरी कॉन्टेस्ट के लकी विनर हैं। Rs.500 का प्राइज पाने के लिए अपनी बैंक विवरण साझा करें।,No,No,No
spam,"Goibibo कस्टमर सर्विस: आपका Rs.100 का रिफंड पेंडिंग है, दावा करने के लिए क्लिक करें: http://lucky-winner-alert.co/mgprh",yes,No,No
spam,बधाई हो! आपका Amazon खाता एक फ्री स्मार्टफोन (Rs.500) के लिए चुना गया है। अभी दावा करें: http://bonus-cashout.xyz/zhwc4,yes,No,No
spam,बधाई हो! आपका Netflix खाता एक फ्री स्मार्टवॉच (Rs.150) के लिए चुना गया है। अभी दावा करें: http://prize-verify.info/bfrcz,yes,No,No
spam,"IndiGo कस्टमर सर्विस: आपका Rs.100 का रिफंड पेंडिंग है, दावा करने के लिए क्लिक करें: http://lucky-winner-alert.co/35rzl",yes,No,No
spam,बधाई हो! आपका Netflix खाता एक फ्री गिफ्ट हैम्पर (Rs.500) के लिए चुना गया है। अभी दावा करें: http://offer4u-claim.online/1j6t1,yes,No,No
spam,SBI Card आज 100 लकी कस्टमर्स को फ्री स्मार्टफोन दे रहा है। अपना पाने के लिए तुरंत कॉल करें 7679584805।,No,No,yes
spam,Nykaa लकी ड्रॉ: आपने एक फ्री गिफ्ट हैम्पर जीता है! एक्सपायर होने से पहले अभी कॉल करें 8251508548।,No,No,yes
spam,"Jio कस्टमर सर्विस: आपका Rs.250 का रिफंड पेंडिंग है, दावा करने के लिए क्लिक करें: http://reward-claim24.xyz/kmamm",yes,No,No
spam,"Netflix कस्टमर सर्विस: आपका Rs.200 का रिफंड पेंडिंग है, दावा करने के लिए क्लिक करें: http://reward-claim24.xyz/m7g2o",yes,No,No
spam,बधाई हो! आपका Nykaa खाता एक फ्री सोने का सिक्का (Rs.200) के लिए चुना गया है। अभी दावा करें: http://bonus-cashout.xyz/e6l10,yes,No,No
spam,बधाई हो! आपका PhonePe खाता एक फ्री सोने का सिक्का (Rs.250) के लिए चुना गया है। अभी दावा करें: http://prize-verify.info/7r8qe,yes,No,No
spam,Flipkart आज 100 लकी कस्टमर्स को फ्री सोने का सिक्का दे रहा है। अपना पाने के लिए तुरंत कॉल करें 8901731789।,No,No,yes
spam,CRED लकी ड्रॉ: आपने एक फ्री गिफ्ट हैम्पर जीता है! एक्सपायर होने से पहले अभी कॉल करें 6564374533।,No,No,yes
spam,बधाई हो! आपका Uber खाता एक फ्री स्मार्टफोन (Rs.250) के लिए चुना गया है। अभी दावा करें: http://gift-redeem-now.co.in/mp4f6,yes,No,No
spam,बधाई हो! आपका Amazon खाता एक फ्री स्मार्टफोन (Rs.150) के लिए चुना गया है। अभी दावा करें: http://offer4u-claim.online/cmxid,yes,No,No
spam,PhonePe आज 100 लकी कस्टमर्स को फ्री स्मार्टवॉच दे रहा है। अपना पाने के लिए तुरंत कॉल करें 9493567392।,No,No,yes
spam,PhonePe लकी ड्रॉ: आपने एक फ्री सोने का सिक्का जीता है! एक्सपायर होने से पहले अभी कॉल करें 8198917731।,No,No,yes
spam,1mg लकी ड्रॉ: आपने एक फ्री सोने का सिक्का जीता है! एक्सपायर होने से पहले अभी कॉल करें 6231966331।,No,No,yes
spam,IRCTC लकी ड्रॉ: आपने एक फ्री शॉपिंग वाउचर जीता है! एक्सपायर होने से पहले अभी कॉल करें 8356878416।,No,No,yes
spam,बधाई हो! आपका ICICI Bank खाता एक फ्री गिफ्ट हैम्पर (Rs.150) के लिए चुना गया है। अभी दावा करें: http://offer4u-claim.online/s3utd,yes,No,No
spam,Netflix आज 100 लकी कस्टमर्स को फ्री गिफ्ट हैम्पर दे रहा है। अपना पाने के लिए तुरंत कॉल करें 9595595452।,No,No,yes
spam,बधाई हो! आपका IRCTC खाता एक फ्री स्मार्टवॉच (Rs.150) के लिए चुना गया है। अभी दावा करें: http://bonus-cashout.xyz/13wfj,yes,No,No
spam,IRCTC लकी ड्रॉ: आपने एक फ्री शॉपिंग वाउचर जीता है! एक्सपायर होने से पहले अभी कॉल करें 6153116752।,No,No,yes
spam,Jio लकी ड्रॉ: आपने एक फ्री स्मार्टफोन जीता है! एक्सपायर होने से पहले अभी कॉल करें 6155080647।,No,No,yes
spam,Titan आज 100 लकी कस्टमर्स को फ्री स्मार्टफोन दे रहा है। अपना पाने के लिए तुरंत कॉल करें 9949577746।,No,No,yes
spam,Airtel लकी ड्रॉ: आपने एक फ्री सोने का सिक्का जीता है! एक्सपायर होने से पहले अभी कॉल करें 9395089038।,No,No,yes
spam,बधाई हो! आपका MakeMyTrip खाता एक फ्री गिफ्ट हैम्पर (Rs.300) के लिए चुना गया है। अभी दावा करें: http://offer4u-claim.online/yjrya,yes,No,No
spam,बधाई हो! आपका Meesho खाता एक फ्री सोने का सिक्का (Rs.250) के लिए चुना गया है। अभी दावा करें: http://prize-verify.info/14ksf,yes,No,No
spam,Meesho लकी ड्रॉ: आपने एक फ्री सोने का सिक्का जीता है! एक्सपायर होने से पहले अभी कॉल करें 8434043798।,No,No,yes
spam,Myntra लकी ड्रॉ: आपने एक फ्री सोने का सिक्का जीता है! एक्सपायर होने से पहले अभी कॉल करें 8020914636।,No,No,yes
spam,Swiggy लकी ड्रॉ: आपने एक फ्री स्मार्टफोन जीता है! एक्सपायर होने से पहले अभी कॉल करें 6488680062।,No,No,yes
spam,बधाई हो! आपका Zomato खाता एक फ्री स्मार्टवॉच (Rs.500) के लिए चुना गया है। अभी दावा करें: http://lucky-winner-alert.co/n626k,yes,No,No
spam,"Lenskart कस्टमर सर्विस: आपका Rs.50 का रिफंड पेंडिंग है, दावा करने के लिए क्लिक करें: http://bonus-cashout.xyz/tcihj",yes,No,No
spam,बधाई हो! आपका CRED खाता एक फ्री गिफ्ट हैम्पर (Rs.250) के लिए चुना गया है। अभी दावा करें: http://lucky-winner-alert.co/dd3f4,yes,No,No
spam,Blinkit लकी ड्रॉ: आपने एक फ्री सोने का सिक्का जीता है! एक्सपायर होने से पहले अभी कॉल करें 7662067175।,No,No,yes
spam,"Netflix कस्टमर सर्विस: आपका Rs.200 का रिफंड पेंडिंग है, दावा करने के लिए क्लिक करें: http://bonus-cashout.xyz/pm5vn",yes,No,No
spam,cult.fit आज 100 लकी कस्टमर्स को फ्री स्मार्टवॉच दे रहा है। अपना पाने के लिए तुरंत कॉल करें 7035995796।,No,No,yes
spam,Zepto आज 100 लकी कस्टमर्स को फ्री स्मार्टवॉच दे रहा है। अपना पाने के लिए तुरंत कॉल करें 8780797734।,No,No,yes
spam,आप HDFC Bank के एनिवर्सरी कॉन्टेस्ट के लकी विनर हैं। Rs.150 का प्राइज पाने के लिए अपनी बैंक विवरण साझा करें।,No,No,No
spam,PharmEasy आज 100 लकी कस्टमर्स को फ्री स्मार्टफोन दे रहा है। अपना पाने के लिए तुरंत कॉल करें 8912677047।,No,No,yes
spam,Paytm आज 100 लकी कस्टमर्स को फ्री सोने का सिक्का दे रहा है। अपना पाने के लिए तुरंत कॉल करें 7358848384।,No,No,yes
spam,आप Spotify के एनिवर्सरी कॉन्टेस्ट के लकी विनर हैं। Rs.100 का प्राइज पाने के लिए अपनी बैंक विवरण साझा करें।,No,No,No
spam,Policybazaar आज 100 लकी कस्टमर्स को फ्री स्मार्टफोन दे रहा है। अपना पाने के लिए तुरंत कॉल करें 7889878610।,No,No,yes
spam,"Amazon Prime Video कस्टमर सर्विस: आपका Rs.300 का रिफंड पेंडिंग है, दावा करने के लिए क्लिक करें: http://offer4u-claim.online/8ddk3",yes,No,No
spam,बधाई हो! आपका Ola खाता एक फ्री स्मार्टवॉच (Rs.50) के लिए चुना गया है। अभी दावा करें: http://gift-redeem-now.co.in/15i61,yes,No,No
spam,Ajio लकी ड्रॉ: आपने एक फ्री सोने का सिक्का जीता है! एक्सपायर होने से पहले अभी कॉल करें 8302688558।,No,No,yes
spam,बधाई हो! आपका Uber खाता एक फ्री गिफ्ट हैम्पर (Rs.50) के लिए चुना गया है। अभी दावा करें: http://gift-redeem-now.co.in/ti84n,yes,No,No
spam,"Lenskart कस्टमर सर्विस: आपका Rs.300 का रिफंड पेंडिंग है, दावा करने के लिए क्लिक करें: http://bonus-cashout.xyz/2cs4r",yes,No,No
spam,"ICICI Bank कस्टमर सर्विस: आपका Rs.500 का रिफंड पेंडिंग है, दावा करने के लिए क्लिक करें: http://offer4u-claim.online/7sc0w",yes,No,No
spam,बधाई हो! आपका Zomato खाता एक फ्री गिफ्ट हैम्पर (Rs.300) के लिए चुना गया है। अभी दावा करें: http://gift-redeem-now.co.in/vhnqm,yes,No,No
spam,BookMyShow आज 100 लकी कस्टमर्स को फ्री गिफ्ट हैम्पर दे रहा है। अपना पाने के लिए तुरंत कॉल करें 7683040687।,No,No,yes
spam,बधाई हो! आपका ICICI Bank खाता एक फ्री गिफ्ट हैम्पर (Rs.300) के लिए चुना गया है। अभी दावा करें: http://gift-redeem-now.co.in/xtfd9,yes,No,No
spam,Tanishq लकी ड्रॉ: आपने एक फ्री शॉपिंग वाउचर जीता है! एक्सपायर होने से पहले अभी कॉल करें 6333561504।,No,No,yes
spam,Blinkit आज 100 लकी कस्टमर्स को फ्री शॉपिंग वाउचर दे रहा है। अपना पाने के लिए तुरंत कॉल करें 6738326263।,No,No,yes
spam,बधाई हो! आपका SBI Card खाता एक फ्री शॉपिंग वाउचर (Rs.150) के लिए चुना गया है। अभी दावा करें: http://gift-redeem-now.co.in/ac64p,yes,No,No
spam,Blinkit लकी ड्रॉ: आपने एक फ्री सोने का सिक्का जीता है! एक्सपायर होने से पहले अभी कॉल करें 6230154845।,No,No,yes
spam,बधाई हो! आपका Zepto खाता एक फ्री स्मार्टफोन (Rs.50) के लिए चुना गया है। अभी दावा करें: http://gift-redeem-now.co.in/z8vxu,yes,No,No
spam,cult.fit आज 100 लकी कस्टमर्स को फ्री स्मार्टवॉच दे रहा है। अपना पाने के लिए तुरंत कॉल करें 9174550971।,No,No,yes
spam,"Goibibo कस्टमर सर्विस: आपका Rs.200 का रिफंड पेंडिंग है, दावा करने के लिए क्लिक करें: http://gift-redeem-now.co.in/ir0ht",yes,No,No
spam,Vi आज 100 लकी कस्टमर्स को फ्री शॉपिंग वाउचर दे रहा है। अपना पाने के लिए तुरंत कॉल करें 7393151933।,No,No,yes
spam,"MakeMyTrip कस्टमर सर्विस: आपका Rs.50 का रिफंड पेंडिंग है, दावा करने के लिए क्लिक करें: http://prize-verify.info/ylyyt",yes,No,No
spam,"Disney+ Hotstar कस्टमर सर्विस: आपका Rs.200 का रिफंड पेंडिंग है, दावा करने के लिए क्लिक करें: http://prize-verify.info/ir3mr",yes,No,No
spam,बधाई हो! आपका HDFC Bank खाता एक फ्री स्मार्टफोन (Rs.50) के लिए चुना गया है। अभी दावा करें: http://offer4u-claim.online/6t0ds,yes,No,No
spam,redBus आज 100 लकी कस्टमर्स को फ्री स्मार्टफोन दे रहा है। अपना पाने के लिए तुरंत कॉल करें 6291811171।,No,No,yes
spam,"Swiggy कस्टमर सर्विस: आपका Rs.500 का रिफंड पेंडिंग है, दावा करने के लिए क्लिक करें: http://lucky-winner-alert.co/jyc3k",yes,No,No
spam,Swiggy आज 100 लकी कस्टमर्स को फ्री शॉपिंग वाउचर दे रहा है। अपना पाने के लिए तुरंत कॉल करें 8901289765।,No,No,yes
spam,आप Lenskart के एनिवर्सरी कॉन्टेस्ट के लकी विनर हैं। Rs.150 का प्राइज पाने के लिए अपनी बैंक विवरण साझा करें।,No,No,No
spam,बधाई हो! आपका Ola खाता एक फ्री सोने का सिक्का (Rs.200) के लिए चुना गया है। अभी दावा करें: http://bonus-cashout.xyz/9abs0,yes,No,No
spam,Vi लकी ड्रॉ: आपने एक फ्री गिफ्ट हैम्पर जीता है! एक्सपायर होने से पहले अभी कॉल करें 6603097620।,No,No,yes
spam,BigBasket लकी ड्रॉ: आपने एक फ्री स्मार्टफोन जीता है! एक्सपायर होने से पहले अभी कॉल करें 8559001256।,No,No,yes
spam,Unacademy लकी ड्रॉ: आपने एक फ्री सोने का सिक्का जीता है! एक्सपायर होने से पहले अभी कॉल करें 9744090706।,No,No,yes
spam,Unacademy लकी ड्रॉ: आपने एक फ्री शॉपिंग वाउचर जीता है! एक्सपायर होने से पहले अभी कॉल करें 9519105075।,No,No,yes
spam,Meesho लकी ड्रॉ: आपने एक फ्री सोने का सिक्का जीता है! एक्सपायर होने से पहले अभी कॉल करें 6701749848।,No,No,yes
spam,बधाई हो! आपका Policybazaar खाता एक फ्री शॉपिंग वाउचर (Rs.300) के लिए चुना गया है। अभी दावा करें: http://lucky-winner-alert.co/tub0p,yes,No,No
spam,बधाई हो! आपका Flipkart खाता एक फ्री सोने का सिक्का (Rs.100) के लिए चुना गया है। अभी दावा करें: http://bonus-cashout.xyz/bjp4k,yes,No,No
spam,IndiGo आज 100 लकी कस्टमर्स को फ्री स्मार्टवॉच दे रहा है। अपना पाने के लिए तुरंत कॉल करें 7210013412।,No,No,yes
spam,BookMyShow लकी ड्रॉ: आपने एक फ्री शॉपिंग वाउचर जीता है! एक्सपायर होने से पहले अभी कॉल करें 9772522836।,No,No,yes
spam,Goibibo आज 100 लकी कस्टमर्स को फ्री शॉपिंग वाउचर दे रहा है। अपना पाने के लिए तुरंत कॉल करें 7583626092।,No,No,yes
spam,Ajio आज 100 लकी कस्टमर्स को फ्री सोने का सिक्का दे रहा है। अपना पाने के लिए तुरंत कॉल करें 6202352013।,No,No,yes
spam,बधाई हो! आपका Spotify खाता एक फ्री शॉपिंग वाउचर (Rs.500) के लिए चुना गया है। अभी दावा करें: http://reward-claim24.xyz/98q8g,yes,No,No
spam,आप Lenskart के एनिवर्सरी कॉन्टेस्ट के लकी विनर हैं। Rs.50 का प्राइज पाने के लिए अपनी बैंक विवरण साझा करें।,No,No,No
spam,आप Ajio के एनिवर्सरी कॉन्टेस्ट के लकी विनर हैं। Rs.300 का प्राइज पाने के लिए अपनी बैंक विवरण साझा करें।,No,No,No
spam,बधाई हो! आपका BigBasket खाता एक फ्री सोने का सिक्का (Rs.50) के लिए चुना गया है। अभी दावा करें: http://gift-redeem-now.co.in/b2dbe,yes,No,No
spam,बधाई हो! आपका Meesho खाता एक फ्री शॉपिंग वाउचर (Rs.250) के लिए चुना गया है। अभी दावा करें: http://gift-redeem-now.co.in/oa9a1,yes,No,No
spam,cult.fit लकी ड्रॉ: आपने एक फ्री गिफ्ट हैम्पर जीता है! एक्सपायर होने से पहले अभी कॉल करें 9286380427।,No,No,yes
spam,बधाई हो! आपका Blinkit खाता एक फ्री गिफ्ट हैम्पर (Rs.200) के लिए चुना गया है। अभी दावा करें: http://offer4u-claim.online/8u3do,yes,No,No
spam,आप Unacademy के एनिवर्सरी कॉन्टेस्ट के लकी विनर हैं। Rs.200 का प्राइज पाने के लिए अपनी बैंक विवरण साझा करें।,No,No,No
spam,Vi लकी ड्रॉ: आपने एक फ्री शॉपिंग वाउचर जीता है! एक्सपायर होने से पहले अभी कॉल करें 9777221283।,No,No,yes
spam,"Lenskart कस्टमर सर्विस: आपका Rs.250 का रिफंड पेंडिंग है, दावा करने के लिए क्लिक करें: http://gift-redeem-now.co.in/5j730",yes,No,No
spam,बधाई हो! आपका IndiGo खाता एक फ्री सोने का सिक्का (Rs.250) के लिए चुना गया है। अभी दावा करें: http://gift-redeem-now.co.in/u1r0v,yes,No,No
spam,बधाई हो! आपका Goibibo खाता एक फ्री स्मार्टवॉच (Rs.200) के लिए चुना गया है। अभी दावा करें: http://prize-verify.info/5znm2,yes,No,No
spam,Goibibo आज 100 लकी कस्टमर्स को फ्री सोने का सिक्का दे रहा है। अपना पाने के लिए तुरंत कॉल करें 7094846231।,No,No,yes
spam,बधाई हो! आपका Netflix खाता एक फ्री गिफ्ट हैम्पर (Rs.250) के लिए चुना गया है। अभी दावा करें: http://gift-redeem-now.co.in/d6xjp,yes,No,No
spam,"BYJU'S कस्टमर सर्विस: आपका Rs.50 का रिफंड पेंडिंग है, दावा करने के लिए क्लिक करें: http://offer4u-claim.online/i7nxb",yes,No,No
spam,Amazon Prime Video लकी ड्रॉ: आपने एक फ्री सोने का सिक्का जीता है! एक्सपायर होने से पहले अभी कॉल करें 9264537984।,No,No,yes
spam,"cult.fit कस्टमर सर्विस: आपका Rs.200 का रिफंड पेंडिंग है, दावा करने के लिए क्लिक करें: http://prize-verify.info/bk2xa",yes,No,No
spam,Axis Bank आज 100 लकी कस्टमर्स को फ्री शॉपिंग वाउचर दे रहा है। अपना पाने के लिए तुरंत कॉल करें 7624077627।,No,No,yes
spam,BYJU'S आज 100 लकी कस्टमर्स को फ्री शॉपिंग वाउचर दे रहा है। अपना पाने के लिए तुरंत कॉल करें 7590889704।,No,No,yes
spam,"Jio कस्टमर सर्विस: आपका Rs.50 का रिफंड पेंडिंग है, दावा करने के लिए क्लिक करें: http://bonus-cashout.xyz/w0i2r",yes,No,No
spam,बधाई हो! आपका ICICI Bank खाता एक फ्री सोने का सिक्का (Rs.150) के लिए चुना गया है। अभी दावा करें: http://lucky-winner-alert.co/ak4kb,yes,No,No
spam,Pepperfry आज 100 लकी कस्टमर्स को फ्री सोने का सिक्का दे रहा है। अपना पाने के लिए तुरंत कॉल करें 6131989264।,No,No,yes
spam,"Domino's कस्टमर सर्विस: आपका Rs.100 का रिफंड पेंडिंग है, दावा करने के लिए क्लिक करें: http://lucky-winner-alert.co/ltp7c",yes,No,No
spam,Axis Bank लकी ड्रॉ: आपने एक फ्री स्मार्टवॉच जीता है! एक्सपायर होने से पहले अभी कॉल करें 9285594982।,No,No,yes
spam,"Axis Bank कस्टमर सर्विस: आपका Rs.50 का रिफंड पेंडिंग है, दावा करने के लिए क्लिक करें: http://gift-redeem-now.co.in/toohu",yes,No,No
spam,HDFC Bank आज 100 लकी कस्टमर्स को फ्री शॉपिंग वाउचर दे रहा है। अपना पाने के लिए तुरंत कॉल करें 9521491738।,No,No,yes
spam,MakeMyTrip आज 100 लकी कस्टमर्स को फ्री स्मार्टवॉच दे रहा है। अपना पाने के लिए तुरंत कॉल करें 6443151457।,No,No,yes
spam,Amazon लकी ड्रॉ: आपने एक फ्री स्मार्टफोन जीता है! एक्सपायर होने से पहले अभी कॉल करें 9235269003।,No,No,yes
spam,Nykaa आज 100 लकी कस्टमर्स को फ्री शॉपिंग वाउचर दे रहा है। अपना पाने के लिए तुरंत कॉल करें 6307891213।,No,No,yes
spam,"Swiggy कस्टमर सर्विस: आपका Rs.200 का रिफंड पेंडिंग है, दावा करने के लिए क्लिक करें: http://bonus-cashout.xyz/6zlz3",yes,No,No
spam,Blinkit लकी ड्रॉ: आपने एक फ्री स्मार्टवॉच जीता है! एक्सपायर होने से पहले अभी कॉल करें 7886630746।,No,No,yes
spam,SBI Card लकी ड्रॉ: आपने एक फ्री स्मार्टफोन जीता है! एक्सपायर होने से पहले अभी कॉल करें 6447162799।,No,No,yes
spam,Nykaa आज 100 लकी कस्टमर्स को फ्री गिफ्ट हैम्पर दे रहा है। अपना पाने के लिए तुरंत कॉल करें 8447176929।,No,No,yes
spam,आप BookMyShow के एनिवर्सरी कॉन्टेस्ट के लकी विनर हैं। Rs.200 का प्राइज पाने के लिए अपनी बैंक विवरण साझा करें।,No,No,No
spam,Zepto लकी ड्रॉ: आपने एक फ्री स्मार्टफोन जीता है! एक्सपायर होने से पहले अभी कॉल करें 6322634486।,No,No,yes
spam,Paytm लकी ड्रॉ: आपने एक फ्री सोने का सिक्का जीता है! एक्सपायर होने से पहले अभी कॉल करें 8629938588।,No,No,yes
spam,Titan आज 100 लकी कस्टमर्स को फ्री गिफ्ट हैम्पर दे रहा है। अपना पाने के लिए तुरंत कॉल करें 6313903169।,No,No,yes
spam,बधाई हो! आपका boAt खाता एक फ्री स्मार्टवॉच (Rs.100) के लिए चुना गया है। अभी दावा करें: http://prize-verify.info/l6h7h,yes,No,No
spam,बधाई हो! आपका Swiggy खाता एक फ्री सोने का सिक्का (Rs.300) के लिए चुना गया है। अभी दावा करें: http://gift-redeem-now.co.in/rlaav,yes,No,No
spam,Airtel आज 100 लकी कस्टमर्स को फ्री स्मार्टफोन दे रहा है। अपना पाने के लिए तुरंत कॉल करें 9886217886।,No,No,yes
spam,बधाई हो! आपका Myntra खाता एक फ्री गिफ्ट हैम्पर (Rs.50) के लिए चुना गया है। अभी दावा करें: http://offer4u-claim.online/eqhqr,yes,No,No
spam,Titan लकी ड्रॉ: आपने एक फ्री सोने का सिक्का जीता है! एक्सपायर होने से पहले अभी कॉल करें 9547311624।,No,No,yes
spam,"Disney+ Hotstar कस्टमर सर्विस: आपका Rs.500 का रिफंड पेंडिंग है, दावा करने के लिए क्लिक करें: http://offer4u-claim.online/n2rj8",yes,No,No
spam,Zepto लकी ड्रॉ: आपने एक फ्री गिफ्ट हैम्पर जीता है! एक्सपायर होने से पहले अभी कॉल करें 6562117212।,No,No,yes
spam,"Blinkit कस्टमर सर्विस: आपका Rs.300 का रिफंड पेंडिंग है, दावा करने के लिए क्लिक करें: http://prize-verify.info/urvvs",yes,No,No
spam,बधाई हो! आपका Zomato खाता एक फ्री शॉपिंग वाउचर (Rs.300) के लिए चुना गया है। अभी दावा करें: http://offer4u-claim.online/loj9e,yes,No,No
spam,"Decathlon कस्टमर सर्विस: आपका Rs.250 का रिफंड पेंडिंग है, दावा करने के लिए क्लिक करें: http://offer4u-claim.online/5lkna",yes,No,No
spam,"Decathlon कस्टमर सर्विस: आपका Rs.100 का रिफंड पेंडिंग है, दावा करने के लिए क्लिक करें: http://lucky-winner-alert.co/wnnv7",yes,No,No
spam,"Spotify कस्टमर सर्विस: आपका Rs.250 का रिफंड पेंडिंग है, दावा करने के लिए क्लिक करें: http://prize-verify.info/425ux",yes,No,No
spam,आप Disney+ Hotstar के एनिवर्सरी कॉन्टेस्ट के लकी विनर हैं। Rs.200 का प्राइज पाने के लिए अपनी बैंक विवरण साझा करें।,No,No,No
spam,HDFC Bank आज 100 लकी कस्टमर्स को फ्री सोने का सिक्का दे रहा है। अपना पाने के लिए तुरंत कॉल करें 6288412833।,No,No,yes
spam,बधाई हो! आपका IndiGo खाता एक फ्री सोने का सिक्का (Rs.500) के लिए चुना गया है। अभी दावा करें: http://offer4u-claim.online/vijzr,yes,No,No
spam,बधाई हो! आपका PhonePe खाता एक फ्री शॉपिंग वाउचर (Rs.50) के लिए चुना गया है। अभी दावा करें: http://prize-verify.info/gm9y6,yes,No,No
spam,बधाई हो! आपका redBus खाता एक फ्री स्मार्टवॉच (Rs.300) के लिए चुना गया है। अभी दावा करें: http://lucky-winner-alert.co/hw15j,yes,No,No
spam,Nykaa आज 100 लकी कस्टमर्स को फ्री गिफ्ट हैम्पर दे रहा है। अपना पाने के लिए तुरंत कॉल करें 9938739818।,No,No,yes
spam,बधाई हो! आपका Amazon खाता एक फ्री स्मार्टवॉच (Rs.50) के लिए चुना गया है। अभी दावा करें: http://offer4u-claim.online/psoe5,yes,No,No
spam,"Policybazaar कस्टमर सर्विस: आपका Rs.50 का रिफंड पेंडिंग है, दावा करने के लिए क्लिक करें: http://prize-verify.info/rifah",yes,No,No
spam,बधाई हो! आपका PhonePe खाता एक फ्री शॉपिंग वाउचर (Rs.500) के लिए चुना गया है। अभी दावा करें: http://offer4u-claim.online/w3w44,yes,No,No
spam,बधाई हो! आपका BookMyShow खाता एक फ्री स्मार्टवॉच (Rs.50) के लिए चुना गया है। अभी दावा करें: http://offer4u-claim.online/vovlw,yes,No,No
spam,आप Zomato के एनिवर्सरी कॉन्टेस्ट के लकी विनर हैं। Rs.200 का प्राइज पाने के लिए अपनी बैंक विवरण साझा करें।,No,No,No
spam,बधाई हो! आपका Uber खाता एक फ्री गिफ्ट हैम्पर (Rs.150) के लिए चुना गया है। अभी दावा करें: http://prize-verify.info/vkb7y,yes,No,No
spam,SBI Card आज 100 लकी कस्टमर्स को फ्री गिफ्ट हैम्पर दे रहा है। अपना पाने के लिए तुरंत कॉल करें 7355542830।,No,No,yes
spam,आप Airtel के एनिवर्सरी कॉन्टेस्ट के लकी विनर हैं। Rs.100 का प्राइज पाने के लिए अपनी बैंक विवरण साझा करें।,No,No,No
spam,"Jio कस्टमर सर्विस: आपका Rs.50 का रिफंड पेंडिंग है, दावा करने के लिए क्लिक करें: http://offer4u-claim.online/jhgc0",yes,No,No
spam,BYJU'S आज 100 लकी कस्टमर्स को फ्री शॉपिंग वाउचर दे रहा है। अपना पाने के लिए तुरंत कॉल करें 9084989409।,No,No,yes
spam,"redBus कस्टमर सर्विस: आपका Rs.150 का रिफंड पेंडिंग है, दावा करने के लिए क्लिक करें: http://bonus-cashout.xyz/4r99l",yes,No,No
spam,आप Policybazaar के एनिवर्सरी कॉन्टेस्ट के लकी विनर हैं। Rs.500 का प्राइज पाने के लिए अपनी बैंक विवरण साझा करें।,No,No,No
spam,Domino's लकी ड्रॉ: आपने एक फ्री सोने का सिक्का जीता है! एक्सपायर होने से पहले अभी कॉल करें 9938904209।,No,No,yes
spam,Paytm लकी ड्रॉ: आपने एक फ्री सोने का सिक्का जीता है! एक्सपायर होने से पहले अभी कॉल करें 9312381320।,No,No,yes
spam,आप Meesho के एनिवर्सरी कॉन्टेस्ट के लकी विनर हैं। Rs.300 का प्राइज पाने के लिए अपनी बैंक विवरण साझा करें।,No,No,No
spam,"Jio कस्टमर सर्विस: आपका Rs.300 का रिफंड पेंडिंग है, दावा करने के लिए क्लिक करें: http://offer4u-claim.online/8w9lo",yes,No,No
spam,Policybazaar आज 100 लकी कस्टमर्स को फ्री स्मार्टफोन दे रहा है। अपना पाने के लिए तुरंत कॉल करें 9463053469।,No,No,yes
spam,"Blinkit कस्टमर सर्विस: आपका Rs.50 का रिफंड पेंडिंग है, दावा करने के लिए क्लिक करें: http://bonus-cashout.xyz/3gt2g",yes,No,No
spam,बधाई हो! आपका Blinkit खाता एक फ्री स्मार्टवॉच (Rs.300) के लिए चुना गया है। अभी दावा करें: http://gift-redeem-now.co.in/aisfg,yes,No,No
spam,boAt आज 100 लकी कस्टमर्स को फ्री सोने का सिक्का दे रहा है। अपना पाने के लिए तुरंत कॉल करें 7037084821।,No,No,yes
spam,बधाई हो! आपका IndiGo खाता एक फ्री गिफ्ट हैम्पर (Rs.200) के लिए चुना गया है। अभी दावा करें: http://reward-claim24.xyz/9e0o5,yes,No,No
spam,Ola आज 100 लकी कस्टमर्स को फ्री स्मार्टफोन दे रहा है। अपना पाने के लिए तुरंत कॉल करें 9314550607।,No,No,yes
spam,Axis Bank लकी ड्रॉ: आपने एक फ्री स्मार्टवॉच जीता है! एक्सपायर होने से पहले अभी कॉल करें 7294483334।,No,No,yes
spam,"Airtel कस्टमर सर्विस: आपका Rs.200 का रिफंड पेंडिंग है, दावा करने के लिए क्लिक करें: http://reward-claim24.xyz/ck5bf",yes,No,No
spam,Unacademy लकी ड्रॉ: आपने एक फ्री स्मार्टवॉच जीता है! एक्सपायर होने से पहले अभी कॉल करें 9159147523।,No,No,yes
spam,आप Titan के एनिवर्सरी कॉन्टेस्ट के लकी विनर हैं। Rs.100 का प्राइज पाने के लिए अपनी बैंक विवरण साझा करें।,No,No,No
spam,आप IRCTC के एनिवर्सरी कॉन्टेस्ट के लकी विनर हैं। Rs.500 का प्राइज पाने के लिए अपनी बैंक विवरण साझा करें।,No,No,No
spam,"BYJU'S कस्टमर सर्विस: आपका Rs.100 का रिफंड पेंडिंग है, दावा करने के लिए क्लिक करें: http://reward-claim24.xyz/tdhnd",yes,No,No
spam,बधाई हो! आपका Nykaa खाता एक फ्री स्मार्टवॉच (Rs.500) के लिए चुना गया है। अभी दावा करें: http://gift-redeem-now.co.in/0f9au,yes,No,No
spam,बधाई हो! आपका Disney+ Hotstar खाता एक फ्री सोने का सिक्का (Rs.150) के लिए चुना गया है। अभी दावा करें: http://prize-verify.info/7bdio,yes,No,No
spam,Uber आज 100 लकी कस्टमर्स को फ्री शॉपिंग वाउचर दे रहा है। अपना पाने के लिए तुरंत कॉल करें 6890504414।,No,No,yes
spam,"boAt कस्टमर सर्विस: आपका Rs.100 का रिफंड पेंडिंग है, दावा करने के लिए क्लिक करें: http://reward-claim24.xyz/nmivy",yes,No,No
spam,Flipkart आज 100 लकी कस्टमर्स को फ्री गिफ्ट हैम्पर दे रहा है। अपना पाने के लिए तुरंत कॉल करें 6716914705।,No,No,yes
spam,आप MakeMyTrip के एनिवर्सरी कॉन्टेस्ट के लकी विनर हैं। Rs.300 का प्राइज पाने के लिए अपनी बैंक विवरण साझा करें।,No,No,No
spam,"Zomato कस्टमर सर्विस: आपका Rs.250 का रिफंड पेंडिंग है, दावा करने के लिए क्लिक करें: http://prize-verify.info/sr2mg",yes,No,No
spam,"Decathlon कस्टमर सर्विस: आपका Rs.250 का रिफंड पेंडिंग है, दावा करने के लिए क्लिक करें: http://offer4u-claim.online/tm4cn",yes,No,No
spam,"Jio कस्टमर सर्विस: आपका Rs.300 का रिफंड पेंडिंग है, दावा करने के लिए क्लिक करें: http://lucky-winner-alert.co/1esxu",yes,No,No
spam,बधाई हो! आपका Netflix खाता एक फ्री गिफ्ट हैम्पर (Rs.150) के लिए चुना गया है। अभी दावा करें: http://lucky-winner-alert.co/2xyir,yes,No,No
spam,बधाई हो! आपका Jio खाता एक फ्री स्मार्टफोन (Rs.250) के लिए चुना गया है। अभी दावा करें: http://prize-verify.info/ac43x,yes,No,No
spam,IndiGo लकी ड्रॉ: आपने एक फ्री स्मार्टवॉच जीता है! एक्सपायर होने से पहले अभी कॉल करें 9208117110।,No,No,yes
spam,आप Policybazaar के एनिवर्सरी कॉन्टेस्ट के लकी विनर हैं। Rs.200 का प्राइज पाने के लिए अपनी बैंक विवरण साझा करें।,No,No,No
spam,बधाई हो! आपका Axis Bank खाता एक फ्री गिफ्ट हैम्पर (Rs.300) के लिए चुना गया है। अभी दावा करें: http://reward-claim24.xyz/vl92d,yes,No,No
spam,बधाई हो! आपका Uber खाता एक फ्री शॉपिंग वाउचर (Rs.250) के लिए चुना गया है। अभी दावा करें: http://reward-claim24.xyz/cn4dp,yes,No,No
spam,आप Axis Bank के एनिवर्सरी कॉन्टेस्ट के लकी विनर हैं। Rs.250 का प्राइज पाने के लिए अपनी बैंक विवरण साझा करें।,No,No,No
spam,"Decathlon कस्टमर सर्विस: आपका Rs.300 का रिफंड पेंडिंग है, दावा करने के लिए क्लिक करें: http://gift-redeem-now.co.in/s1lpo",yes,No,No
spam,SBI Card लकी ड्रॉ: आपने एक फ्री स्मार्टफोन जीता है! एक्सपायर होने से पहले अभी कॉल करें 9110038506।,No,No,yes
spam,"Nykaa कस्टमर सर्विस: आपका Rs.250 का रिफंड पेंडिंग है, दावा करने के लिए क्लिक करें: http://lucky-winner-alert.co/4m0ab",yes,No,No
spam,"Lenskart कस्टमर सर्विस: आपका Rs.150 का रिफंड पेंडिंग है, दावा करने के लिए क्लिक करें: http://offer4u-claim.online/vhcrs",yes,No,No
spam,Zomato लकी ड्रॉ: आपने एक फ्री शॉपिंग वाउचर जीता है! एक्सपायर होने से पहले अभी कॉल करें 7490801241।,No,No,yes
spam,Swiggy आज 100 लकी कस्टमर्स को फ्री स्मार्टवॉच दे रहा है। अपना पाने के लिए तुरंत कॉल करें 7227996174।,No,No,yes
spam,बधाई हो! आपका Ola खाता एक फ्री गिफ्ट हैम्पर (Rs.250) के लिए चुना गया है। अभी दावा करें: http://gift-redeem-now.co.in/owjqm,yes,No,No
spam,"Swiggy कस्टमर सर्विस: आपका Rs.250 का रिफंड पेंडिंग है, दावा करने के लिए क्लिक करें: http://bonus-cashout.xyz/1d276",yes,No,No
spam,"SBI Card कस्टमर सर्विस: आपका Rs.50 का रिफंड पेंडिंग है, दावा करने के लिए क्लिक करें: http://offer4u-claim.online/3q9mb",yes,No,No
spam,PhonePe लकी ड्रॉ: आपने एक फ्री गिफ्ट हैम्पर जीता है! एक्सपायर होने से पहले अभी कॉल करें 6184549141।,No,No,yes
spam,BigBasket आज 100 लकी कस्टमर्स को फ्री गिफ्ट हैम्पर दे रहा है। अपना पाने के लिए तुरंत कॉल करें 6615270861।,No,No,yes
spam,"cult.fit कस्टमर सर्विस: आपका Rs.100 का रिफंड पेंडिंग है, दावा करने के लिए क्लिक करें: http://reward-claim24.xyz/73iqw",yes,No,No
spam,बधाई हो! आपका Myntra खाता एक फ्री गिफ्ट हैम्पर (Rs.300) के लिए चुना गया है। अभी दावा करें: http://prize-verify.info/s4c4w,yes,No,No
spam,Uber लकी ड्रॉ: आपने एक फ्री गिफ्ट हैम्पर जीता है! एक्सपायर होने से पहले अभी कॉल करें 7307614901।,No,No,yes
spam,"Paytm कस्टमर सर्विस: आपका Rs.150 का रिफंड पेंडिंग है, दावा करने के लिए क्लिक करें: http://lucky-winner-alert.co/c2i9q",yes,No,No
spam,"Amazon कस्टमर सर्विस: आपका Rs.300 का रिफंड पेंडिंग है, दावा करने के लिए क्लिक करें: http://bonus-cashout.xyz/80coe",yes,No,No
spam,"Paytm कस्टमर सर्विस: आपका Rs.150 का रिफंड पेंडिंग है, दावा करने के लिए क्लिक करें: http://reward-claim24.xyz/ld8sk",yes,No,No
spam,आप Netflix के एनिवर्सरी कॉन्टेस्ट के लकी विनर हैं। Rs.250 का प्राइज पाने के लिए अपनी बैंक विवरण साझा करें।,No,No,No
spam,MakeMyTrip आज 100 लकी कस्टमर्स को फ्री शॉपिंग वाउचर दे रहा है। अपना पाने के लिए तुरंत कॉल करें 6255427207।,No,No,yes
spam,BigBasket लकी ड्रॉ: आपने एक फ्री स्मार्टफोन जीता है! एक्सपायर होने से पहले अभी कॉल करें 8186498093।,No,No,yes
spam,"Nykaa कस्टमर सर्विस: आपका Rs.250 का रिफंड पेंडिंग है, दावा करने के लिए क्लिक करें: http://offer4u-claim.online/yeila",yes,No,No
spam,Amazon आज 100 लकी कस्टमर्स को फ्री शॉपिंग वाउचर दे रहा है। अपना पाने के लिए तुरंत कॉल करें 6499660737।,No,No,yes
spam,आप Airtel के एनिवर्सरी कॉन्टेस्ट के लकी विनर हैं। Rs.500 का प्राइज पाने के लिए अपनी बैंक विवरण साझा करें।,No,No,No
spam,"redBus कस्टमर सर्विस: आपका Rs.200 का रिफंड पेंडिंग है, दावा करने के लिए क्लिक करें: http://reward-claim24.xyz/d4xkp",yes,No,No
spam,"Blinkit कस्टमर सर्विस: आपका Rs.500 का रिफंड पेंडिंग है, दावा करने के लिए क्लिक करें: http://bonus-cashout.xyz/daiak",yes,No,No
spam,बधाई हो! आपका Swiggy खाता एक फ्री स्मार्टफोन (Rs.150) के लिए चुना गया है। अभी दावा करें: http://lucky-winner-alert.co/ye124,yes,No,No
spam,बधाई हो! आपका Axis Bank खाता एक फ्री सोने का सिक्का (Rs.300) के लिए चुना गया है। अभी दावा करें: http://prize-verify.info/jh6mb,yes,No,No
spam,HDFC Bank आज 100 लकी कस्टमर्स को फ्री स्मार्टवॉच दे रहा है। अपना पाने के लिए तुरंत कॉल करें 9064253816।,No,No,yes
spam,Airtel लकी ड्रॉ: आपने एक फ्री सोने का सिक्का जीता है! एक्सपायर होने से पहले अभी कॉल करें 7253575319।,No,No,yes
spam,बधाई हो! आपका HDFC Bank खाता एक फ्री स्मार्टफोन (Rs.100) के लिए चुना गया है। अभी दावा करें: http://offer4u-claim.online/3qbn3,yes,No,No
spam,आप Swiggy के एनिवर्सरी कॉन्टेस्ट के लकी विनर हैं। Rs.150 का प्राइज पाने के लिए अपनी बैंक विवरण साझा करें।,No,No,No
spam,बधाई हो! आपका Zepto खाता एक फ्री स्मार्टफोन (Rs.500) के लिए चुना गया है। अभी दावा करें: http://lucky-winner-alert.co/kk3dz,yes,No,No
spam,बधाई हो! आपका BYJU'S खाता एक फ्री शॉपिंग वाउचर (Rs.300) के लिए चुना गया है। अभी दावा करें: http://reward-claim24.xyz/zpqgk,yes,No,No
spam,आप CRED के एनिवर्सरी कॉन्टेस्ट के लकी विनर हैं। Rs.500 का प्राइज पाने के लिए अपनी बैंक विवरण साझा करें।,No,No,No
spam,"Domino's कस्टमर सर्विस: आपका Rs.200 का रिफंड पेंडिंग है, दावा करने के लिए क्लिक करें: http://offer4u-claim.online/zhwjx",yes,No,No
spam,Uber लकी ड्रॉ: आपने एक फ्री स्मार्टफोन जीता है! एक्सपायर होने से पहले अभी कॉल करें 8193317495।,No,No,yes
spam,बधाई हो! आपका Zomato खाता एक फ्री गिफ्ट हैम्पर (Rs.50) के लिए चुना गया है। अभी दावा करें: http://prize-verify.info/fr3hg,yes,No,No
spam,बधाई हो! आपका Tanishq खाता एक फ्री सोने का सिक्का (Rs.150) के लिए चुना गया है। अभी दावा करें: http://reward-claim24.xyz/mzuh4,yes,No,No
spam,Axis Bank लकी ड्रॉ: आपने एक फ्री शॉपिंग वाउचर जीता है! एक्सपायर होने से पहले अभी कॉल करें 9794951585।,No,No,yes
spam,"Nykaa कस्टमर सर्विस: आपका Rs.500 का रिफंड पेंडिंग है, दावा करने के लिए क्लिक करें: http://reward-claim24.xyz/8cj5d",yes,No,No
spam,"CRED कस्टमर सर्विस: आपका Rs.100 का रिफंड पेंडिंग है, दावा करने के लिए क्लिक करें: http://bonus-cashout.xyz/91j9z",yes,No,No
spam,Axis Bank आज 100 लकी कस्टमर्स को फ्री स्मार्टफोन दे रहा है। अपना पाने के लिए तुरंत कॉल करें 9753055951।,No,No,yes
spam,बधाई हो! आपका Goibibo खाता एक फ्री शॉपिंग वाउचर (Rs.150) के लिए चुना गया है। अभी दावा करें: http://reward-claim24.xyz/40xcv,yes,No,No
spam,बधाई हो! आपका Domino's खाता एक फ्री शॉपिंग वाउचर (Rs.100) के लिए चुना गया है। अभी दावा करें: http://lucky-winner-alert.co/7v305,yes,No,No
spam,बधाई हो! आपका Airtel खाता एक फ्री सोने का सिक्का (Rs.200) के लिए चुना गया है। अभी दावा करें: http://gift-redeem-now.co.in/e6o9x,yes,No,No
spam,SBI Card लकी ड्रॉ: आपने एक फ्री गिफ्ट हैम्पर जीता है! एक्सपायर होने से पहले अभी कॉल करें 8571207123।,No,No,yes
spam,बधाई हो! आपका 1mg खाता एक फ्री स्मार्टवॉच (Rs.150) के लिए चुना गया है। अभी दावा करें: http://lucky-winner-alert.co/g7tw5,yes,No,No
spam,Flipkart आज 100 लकी कस्टमर्स को फ्री शॉपिंग वाउचर दे रहा है। अपना पाने के लिए तुरंत कॉल करें 6444546944।,No,No,yes
spam,बधाई हो! आपका Policybazaar खाता एक फ्री स्मार्टवॉच (Rs.300) के लिए चुना गया है। अभी दावा करें: http://reward-claim24.xyz/2mms7,yes,No,No
spam,Pepperfry लकी ड्रॉ: आपने एक फ्री सोने का सिक्का जीता है! एक्सपायर होने से पहले अभी कॉल करें 6570217437।,No,No,yes
spam,"Myntra कस्टमर सर्विस: आपका Rs.300 का रिफंड पेंडिंग है, दावा करने के लिए क्लिक करें: http://prize-verify.info/u609o",yes,No,No
spam,बधाई हो! आपका Ola खाता एक फ्री स्मार्टवॉच (Rs.100) के लिए चुना गया है। अभी दावा करें: http://bonus-cashout.xyz/tqr0j,yes,No,No
spam,बधाई हो! आपका 1mg खाता एक फ्री स्मार्टवॉच (Rs.200) के लिए चुना गया है। अभी दावा करें: http://gift-redeem-now.co.in/yia5b,yes,No,No
spam,Jio लकी ड्रॉ: आपने एक फ्री स्मार्टवॉच जीता है! एक्सपायर होने से पहले अभी कॉल करें 7926034758।,No,No,yes
spam,BookMyShow आज 100 लकी कस्टमर्स को फ्री स्मार्टफोन दे रहा है। अपना पाने के लिए तुरंत कॉल करें 7967070477।,No,No,yes
spam,BookMyShow आज 100 लकी कस्टमर्स को फ्री स्मार्टवॉच दे रहा है। अपना पाने के लिए तुरंत कॉल करें 7563919009।,No,No,yes
spam,बधाई हो! आपका Flipkart खाता एक फ्री गिफ्ट हैम्पर (Rs.500) के लिए चुना गया है। अभी दावा करें: http://prize-verify.info/z2ncd,yes,No,No
spam,ICICI Bank लकी ड्रॉ: आपने एक फ्री स्मार्टफोन जीता है! एक्सपायर होने से पहले अभी कॉल करें 8138541341।,No,No,yes
spam,बधाई हो! आपका Titan खाता एक फ्री स्मार्टवॉच (Rs.50) के लिए चुना गया है। अभी दावा करें: http://bonus-cashout.xyz/plzeg,yes,No,No
spam,Disney+ Hotstar आज 100 लकी कस्टमर्स को फ्री स्मार्टफोन दे रहा है। अपना पाने के लिए तुरंत कॉल करें 9019707492।,No,No,yes
spam,Ola आज 100 लकी कस्टमर्स को फ्री सोने का सिक्का दे रहा है। अपना पाने के लिए तुरंत कॉल करें 7046369752।,No,No,yes
spam,"Flipkart कस्टमर सर्विस: आपका Rs.300 का रिफंड पेंडिंग है, दावा करने के लिए क्लिक करें: http://prize-verify.info/i4tse",yes,No,No
spam,"Jio कस्टमर सर्विस: आपका Rs.50 का रिफंड पेंडिंग है, दावा करने के लिए क्लिक करें: http://bonus-cashout.xyz/2oigx",yes,No,No
spam,Axis Bank लकी ड्रॉ: आपने एक फ्री स्मार्टफोन जीता है! एक्सपायर होने से पहले अभी कॉल करें 8021286038।,No,No,yes
spam,Zomato आज 100 लकी कस्टमर्स को फ्री सोने का सिक्का दे रहा है। अपना पाने के लिए तुरंत कॉल करें 8936799301।,No,No,yes
spam,बधाई हो! आपका Tanishq खाता एक फ्री गिफ्ट हैम्पर (Rs.50) के लिए चुना गया है। अभी दावा करें: http://gift-redeem-now.co.in/a1rbm,yes,No,No
spam,बधाई हो! आपका Axis Bank खाता एक फ्री स्मार्टफोन (Rs.150) के लिए चुना गया है। अभी दावा करें: http://bonus-cashout.xyz/hxhcx,yes,No,No
spam,BookMyShow लकी ड्रॉ: आपने एक फ्री गिफ्ट हैम्पर जीता है! एक्सपायर होने से पहले अभी कॉल करें 7260352887।,No,No,yes
spam,Blinkit लकी ड्रॉ: आपने एक फ्री गिफ्ट हैम्पर जीता है! एक्सपायर होने से पहले अभी कॉल करें 6118343246।,No,No,yes
spam,BYJU'S लकी ड्रॉ: आपने एक फ्री स्मार्टफोन जीता है! एक्सपायर होने से पहले अभी कॉल करें 7659001822।,No,No,yes
spam,Meesho लकी ड्रॉ: आपने एक फ्री स्मार्टवॉच जीता है! एक्सपायर होने से पहले अभी कॉल करें 6924908326।,No,No,yes
spam,Zomato लकी ड्रॉ: आपने एक फ्री स्मार्टफोन जीता है! एक्सपायर होने से पहले अभी कॉल करें 9972535427।,No,No,yes
spam,Lenskart लकी ड्रॉ: आपने एक फ्री शॉपिंग वाउचर जीता है! एक्सपायर होने से पहले अभी कॉल करें 6095107242।,No,No,yes
spam,Zepto लकी ड्रॉ: आपने एक फ्री स्मार्टफोन जीता है! एक्सपायर होने से पहले अभी कॉल करें 9503103971।,No,No,yes
spam,IndiGo लकी ड्रॉ: आपने एक फ्री स्मार्टवॉच जीता है! एक्सपायर होने से पहले अभी कॉल करें 7222474881।,No,No,yes
spam,"HDFC Bank कस्टमर सर्विस: आपका Rs.100 का रिफंड पेंडिंग है, दावा करने के लिए क्लिक करें: http://reward-claim24.xyz/0twh1",yes,No,No
spam,बधाई हो! आपका Nykaa खाता एक फ्री स्मार्टफोन (Rs.150) के लिए चुना गया है। अभी दावा करें: http://reward-claim24.xyz/qc0rq,yes,No,No
spam,Zomato आज 100 लकी कस्टमर्स को फ्री स्मार्टवॉच दे रहा है। अपना पाने के लिए तुरंत कॉल करें 9609806187।,No,No,yes
spam,Uber आज 100 लकी कस्टमर्स को फ्री गिफ्ट हैम्पर दे रहा है। अपना पाने के लिए तुरंत कॉल करें 8862097924।,No,No,yes
spam,"Myntra कस्टमर सर्विस: आपका Rs.100 का रिफंड पेंडिंग है, दावा करने के लिए क्लिक करें: http://gift-redeem-now.co.in/3uy1q",yes,No,No
spam,"BookMyShow कस्टमर सर्विस: आपका Rs.500 का रिफंड पेंडिंग है, दावा करने के लिए क्लिक करें: http://lucky-winner-alert.co/8p005",yes,No,No
spam,बधाई हो! आपका Swiggy खाता एक फ्री स्मार्टवॉच (Rs.150) के लिए चुना गया है। अभी दावा करें: http://gift-redeem-now.co.in/ugrpq,yes,No,No
spam,BookMyShow आज 100 लकी कस्टमर्स को फ्री स्मार्टफोन दे रहा है। अपना पाने के लिए तुरंत कॉल करें 6502914839।,No,No,yes
spam,"Zepto कस्टमर सर्विस: आपका Rs.150 का रिफंड पेंडिंग है, दावा करने के लिए क्लिक करें: http://prize-verify.info/g794q",yes,No,No
spam,"PharmEasy कस्टमर सर्विस: आपका Rs.500 का रिफंड पेंडिंग है, दावा करने के लिए क्लिक करें: http://reward-claim24.xyz/z4w70",yes,No,No
spam,बधाई हो! आपका PharmEasy खाता एक फ्री स्मार्टफोन (Rs.150) के लिए चुना गया है। अभी दावा करें: http://bonus-cashout.xyz/hkyt5,yes,No,No
spam,PharmEasy लकी ड्रॉ: आपने एक फ्री स्मार्टफोन जीता है! एक्सपायर होने से पहले अभी कॉल करें 6345923007।,No,No,yes
spam,"CRED कस्टमर सर्विस: आपका Rs.500 का रिफंड पेंडिंग है, दावा करने के लिए क्लिक करें: http://gift-redeem-now.co.in/dcry9",yes,No,No
spam,Swiggy आज 100 लकी कस्टमर्स को फ्री स्मार्टफोन दे रहा है। अपना पाने के लिए तुरंत कॉल करें 8866981054।,No,No,yes
spam,बधाई हो! आपका Swiggy खाता एक फ्री गिफ्ट हैम्पर (Rs.100) के लिए चुना गया है। अभी दावा करें: http://lucky-winner-alert.co/brtv4,yes,No,No
spam,1mg लकी ड्रॉ: आपने एक फ्री स्मार्टफोन जीता है! एक्सपायर होने से पहले अभी कॉल करें 7941148622।,No,No,yes
spam,Myntra लकी ड्रॉ: आपने एक फ्री शॉपिंग वाउचर जीता है! एक्सपायर होने से पहले अभी कॉल करें 7856321495।,No,No,yes
spam,MakeMyTrip लकी ड्रॉ: आपने एक फ्री स्मार्टवॉच जीता है! एक्सपायर होने से पहले अभी कॉल करें 9167410638।,No,No,yes
spam,"Amazon Prime Video कस्टमर सर्विस: आपका Rs.200 का रिफंड पेंडिंग है, दावा करने के लिए क्लिक करें: http://gift-redeem-now.co.in/c5ls0",yes,No,No
spam,Netflix लकी ड्रॉ: आपने एक फ्री शॉपिंग वाउचर जीता है! एक्सपायर होने से पहले अभी कॉल करें 7946347803।,No,No,yes
spam,"Myntra कस्टमर सर्विस: आपका Rs.50 का रिफंड पेंडिंग है, दावा करने के लिए क्लिक करें: http://offer4u-claim.online/rm30o",yes,No,No
spam,बधाई हो! आपका Ola खाता एक फ्री स्मार्टवॉच (Rs.100) के लिए चुना गया है। अभी दावा करें: http://reward-claim24.xyz/uwou8,yes,No,No
spam,आप Ajio के एनिवर्सरी कॉन्टेस्ट के लकी विनर हैं। Rs.50 का प्राइज पाने के लिए अपनी बैंक विवरण साझा करें।,No,No,No
spam,boAt आज 100 लकी कस्टमर्स को फ्री स्मार्टवॉच दे रहा है। अपना पाने के लिए तुरंत कॉल करें 9523680180।,No,No,yes
spam,Zomato लकी ड्रॉ: आपने एक फ्री शॉपिंग वाउचर जीता है! एक्सपायर होने से पहले अभी कॉल करें 6267124993।,No,No,yes
spam,BYJU'S आज 100 लकी कस्टमर्स को फ्री शॉपिंग वाउचर दे रहा है। अपना पाने के लिए तुरंत कॉल करें 9479228018।,No,No,yes
spam,"Flipkart कस्टमर सर्विस: आपका Rs.300 का रिफंड पेंडिंग है, दावा करने के लिए क्लिक करें: http://lucky-winner-alert.co/afpm0",yes,No,No
spam,आप MakeMyTrip के एनिवर्सरी कॉन्टेस्ट के लकी विनर हैं। Rs.50 का प्राइज पाने के लिए अपनी बैंक विवरण साझा करें।,No,No,No
spam,Vi लकी ड्रॉ: आपने एक फ्री स्मार्टफोन जीता है! एक्सपायर होने से पहले अभी कॉल करें 9442203791।,No,No,yes
spam,आप Blinkit के एनिवर्सरी कॉन्टेस्ट के लकी विनर हैं। Rs.50 का प्राइज पाने के लिए अपनी बैंक विवरण साझा करें।,No,No,No
spam,बधाई हो! आपका Swiggy खाता एक फ्री सोने का सिक्का (Rs.300) के लिए चुना गया है। अभी दावा करें: http://offer4u-claim.online/ia00x,yes,No,No
spam,"Policybazaar कस्टमर सर्विस: आपका Rs.250 का रिफंड पेंडिंग है, दावा करने के लिए क्लिक करें: http://gift-redeem-now.co.in/nmzy4",yes,No,No
spam,Netflix आज 100 लकी कस्टमर्स को फ्री सोने का सिक्का दे रहा है। अपना पाने के लिए तुरंत कॉल करें 7395392183।,No,No,yes
spam,Amazon Prime Video आज 100 लकी कस्टमर्स को फ्री स्मार्टवॉच दे रहा है। अपना पाने के लिए तुरंत कॉल करें 8653709195।,No,No,yes
spam,बधाई हो! आपका Amazon Prime Video खाता एक फ्री सोने का सिक्का (Rs.150) के लिए चुना गया है। अभी दावा करें: http://prize-verify.info/vs69u,yes,No,No
spam,Domino's लकी ड्रॉ: आपने एक फ्री सोने का सिक्का जीता है! एक्सपायर होने से पहले अभी कॉल करें 7392437359।,No,No,yes
spam,PhonePe आज 100 लकी कस्टमर्स को फ्री स्मार्टवॉच दे रहा है। अपना पाने के लिए तुरंत कॉल करें 8609575717।,No,No,yes
spam,आप Myntra के एनिवर्सरी कॉन्टेस्ट के लकी विनर हैं। Rs.250 का प्राइज पाने के लिए अपनी बैंक विवरण साझा करें।,No,No,No
spam,cult.fit आज 100 लकी कस्टमर्स को फ्री सोने का सिक्का दे रहा है। अपना पाने के लिए तुरंत कॉल करें 6377973844।,No,No,yes
spam,Axis Bank आज 100 लकी कस्टमर्स को फ्री स्मार्टवॉच दे रहा है। अपना पाने के लिए तुरंत कॉल करें 7801095658।,No,No,yes
spam,बधाई हो! आपका Spotify खाता एक फ्री शॉपिंग वाउचर (Rs.500) के लिए चुना गया है। अभी दावा करें: http://prize-verify.info/0zy19,yes,No,No
spam,आप BookMyShow के एनिवर्सरी कॉन्टेस्ट के लकी विनर हैं। Rs.100 का प्राइज पाने के लिए अपनी बैंक विवरण साझा करें।,No,No,No
spam,"Policybazaar कस्टमर सर्विस: आपका Rs.300 का रिफंड पेंडिंग है, दावा करने के लिए क्लिक करें: http://offer4u-claim.online/cv9fk",yes,No,No
spam,"IRCTC कस्टमर सर्विस: आपका Rs.250 का रिफंड पेंडिंग है, दावा करने के लिए क्लिक करें: http://bonus-cashout.xyz/jzdei",yes,No,No
spam,"Jio कस्टमर सर्विस: आपका Rs.150 का रिफंड पेंडिंग है, दावा करने के लिए क्लिक करें: http://bonus-cashout.xyz/h9qkt",yes,No,No
spam,SBI Card आज 100 लकी कस्टमर्स को फ्री स्मार्टवॉच दे रहा है। अपना पाने के लिए तुरंत कॉल करें 9732568869।,No,No,yes
spam,HDFC Bank आज 100 लकी कस्टमर्स को फ्री स्मार्टफोन दे रहा है। अपना पाने के लिए तुरंत कॉल करें 7332677373।,No,No,yes
spam,बधाई हो! आपका Domino's खाता एक फ्री गिफ्ट हैम्पर (Rs.300) के लिए चुना गया है। अभी दावा करें: http://lucky-winner-alert.co/ijk7b,yes,No,No
spam,"Vi कस्टमर सर्विस: आपका Rs.200 का रिफंड पेंडिंग है, दावा करने के लिए क्लिक करें: http://lucky-winner-alert.co/y2v7q",yes,No,No
spam,"Spotify कस्टमर सर्विस: आपका Rs.300 का रिफंड पेंडिंग है, दावा करने के लिए क्लिक करें: http://bonus-cashout.xyz/4kra6",yes,No,No
spam,IRCTC आज 100 लकी कस्टमर्स को फ्री गिफ्ट हैम्पर दे रहा है। अपना पाने के लिए तुरंत कॉल करें 7386642016।,No,No,yes
spam,"Goibibo कस्टमर सर्विस: आपका Rs.300 का रिफंड पेंडिंग है, दावा करने के लिए क्लिक करें: http://reward-claim24.xyz/l0uae",yes,No,No
spam,बधाई हो! आपका Amazon Prime Video खाता एक फ्री शॉपिंग वाउचर (Rs.250) के लिए चुना गया है। अभी दावा करें: http://gift-redeem-now.co.in/q3yx5,yes,No,No
spam,BookMyShow लकी ड्रॉ: आपने एक फ्री शॉपिंग वाउचर जीता है! एक्सपायर होने से पहले अभी कॉल करें 9969352628।,No,No,yes
spam,"Decathlon कस्टमर सर्विस: आपका Rs.250 का रिफंड पेंडिंग है, दावा करने के लिए क्लिक करें: http://gift-redeem-now.co.in/ocj6e",yes,No,No
spam,Decathlon आज 100 लकी कस्टमर्स को फ्री शॉपिंग वाउचर दे रहा है। अपना पाने के लिए तुरंत कॉल करें 6305884613।,No,No,yes
spam,"ICICI Bank कस्टमर सर्विस: आपका Rs.200 का रिफंड पेंडिंग है, दावा करने के लिए क्लिक करें: http://prize-verify.info/jdjra",yes,No,No
spam,Flipkart आज 100 लकी कस्टमर्स को फ्री स्मार्टवॉच दे रहा है। अपना पाने के लिए तुरंत कॉल करें 9859087359।,No,No,yes
spam,Myntra लकी ड्रॉ: आपने एक फ्री स्मार्टवॉच जीता है! एक्सपायर होने से पहले अभी कॉल करें 8444217050।,No,No,yes
spam,"Blinkit कस्टमर सर्विस: आपका Rs.300 का रिफंड पेंडिंग है, दावा करने के लिए क्लिक करें: http://lucky-winner-alert.co/1or89",yes,No,No
spam,बधाई हो! आपका cult.fit खाता एक फ्री सोने का सिक्का (Rs.300) के लिए चुना गया है। अभी दावा करें: http://gift-redeem-now.co.in/omqyu,yes,No,No
spam,Ajio आज 100 लकी कस्टमर्स को फ्री स्मार्टवॉच दे रहा है। अपना पाने के लिए तुरंत कॉल करें 9322569135।,No,No,yes
spam,Zomato लकी ड्रॉ: आपने एक फ्री गिफ्ट हैम्पर जीता है! एक्सपायर होने से पहले अभी कॉल करें 7162330082।,No,No,yes
spam,बधाई हो! आपका Amazon Prime Video खाता एक फ्री सोने का सिक्का (Rs.250) के लिए चुना गया है। अभी दावा करें: http://prize-verify.info/lpuu9,yes,No,No
spam,बधाई हो! आपका Jio खाता एक फ्री स्मार्टफोन (Rs.200) के लिए चुना गया है। अभी दावा करें: http://prize-verify.info/k67dv,yes,No,No
spam,PhonePe आज 100 लकी कस्टमर्स को फ्री सोने का सिक्का दे रहा है। अपना पाने के लिए तुरंत कॉल करें 8356287717।,No,No,yes
spam,"Goibibo कस्टमर सर्विस: आपका Rs.200 का रिफंड पेंडिंग है, दावा करने के लिए क्लिक करें: http://gift-redeem-now.co.in/rcy0v",yes,No,No
spam,BYJU'S लकी ड्रॉ: आपने एक फ्री स्मार्टफोन जीता है! एक्सपायर होने से पहले अभी कॉल करें 9451032207।,No,No,yes
spam,redBus आज 100 लकी कस्टमर्स को फ्री स्मार्टवॉच दे रहा है। अपना पाने के लिए तुरंत कॉल करें 6887269100।,No,No,yes
spam,boAt लकी ड्रॉ: आपने एक फ्री स्मार्टवॉच जीता है! एक्सपायर होने से पहले अभी कॉल करें 9739460934।,No,No,yes
spam,"Swiggy कस्टमर सर्विस: आपका Rs.300 का रिफंड पेंडिंग है, दावा करने के लिए क्लिक करें: http://lucky-winner-alert.co/48jbe",yes,No,No
spam,1mg लकी ड्रॉ: आपने एक फ्री सोने का सिक्का जीता है! एक्सपायर होने से पहले अभी कॉल करें 6499038317।,No,No,yes
spam,MakeMyTrip लकी ड्रॉ: आपने एक फ्री स्मार्टवॉच जीता है! एक्सपायर होने से पहले अभी कॉल करें 6485180388।,No,No,yes
spam,Axis Bank आज 100 लकी कस्टमर्स को फ्री गिफ्ट हैम्पर दे रहा है। अपना पाने के लिए तुरंत कॉल करें 6714814278।,No,No,yes
spam,Policybazaar लकी ड्रॉ: आपने एक फ्री गिफ्ट हैम्पर जीता है! एक्सपायर होने से पहले अभी कॉल करें 7905600944।,No,No,yes
spam,आप Nykaa के एनिवर्सरी कॉन्टेस्ट के लकी विनर हैं। Rs.200 का प्राइज पाने के लिए अपनी बैंक विवरण साझा करें।,No,No,No
spam,आप Axis Bank के एनिवर्सरी कॉन्टेस्ट के लकी विनर हैं। Rs.200 का प्राइज पाने के लिए अपनी बैंक विवरण साझा करें।,No,No,No
spam,बधाई हो! आपका Swiggy खाता एक फ्री स्मार्टफोन (Rs.50) के लिए चुना गया है। अभी दावा करें: http://reward-claim24.xyz/p9lvm,yes,No,No
spam,Titan लकी ड्रॉ: आपने एक फ्री शॉपिंग वाउचर जीता है! एक्सपायर होने से पहले अभी कॉल करें 6481784321।,No,No,yes
spam,1mg लकी ड्रॉ: आपने एक फ्री स्मार्टवॉच जीता है! एक्सपायर होने से पहले अभी कॉल करें 7231904264।,No,No,yes
spam,HDFC Bank लकी ड्रॉ: आपने एक फ्री सोने का सिक्का जीता है! एक्सपायर होने से पहले अभी कॉल करें 8519661013।,No,No,yes
spam,"Vi कस्टमर सर्विस: आपका Rs.200 का रिफंड पेंडिंग है, दावा करने के लिए क्लिक करें: http://bonus-cashout.xyz/vi7bs",yes,No,No
spam,बधाई हो! आपका IndiGo खाता एक फ्री शॉपिंग वाउचर (Rs.250) के लिए चुना गया है। अभी दावा करें: http://prize-verify.info/r9d0f,yes,No,No
spam,Amazon Prime Video लकी ड्रॉ: आपने एक फ्री गिफ्ट हैम्पर जीता है! एक्सपायर होने से पहले अभी कॉल करें 9391330470।,No,No,yes
spam,बधाई हो! आपका Amazon Prime Video खाता एक फ्री गिफ्ट हैम्पर (Rs.150) के लिए चुना गया है। अभी दावा करें: http://lucky-winner-alert.co/3j2on,yes,No,No
spam,Lenskart आज 100 लकी कस्टमर्स को फ्री स्मार्टफोन दे रहा है। अपना पाने के लिए तुरंत कॉल करें 9955168456।,No,No,yes
spam,बधाई हो! आपका BYJU'S खाता एक फ्री शॉपिंग वाउचर (Rs.250) के लिए चुना गया है। अभी दावा करें: http://reward-claim24.xyz/f54d8,yes,No,No
spam,Goibibo आज 100 लकी कस्टमर्स को फ्री स्मार्टवॉच दे रहा है। अपना पाने के लिए तुरंत कॉल करें 6245894769।,No,No,yes
spam,"Paytm कस्टमर सर्विस: आपका Rs.50 का रिफंड पेंडिंग है, दावा करने के लिए क्लिक करें: http://gift-redeem-now.co.in/zek13",yes,No,No
spam,बधाई हो! आपका Zomato खाता एक फ्री स्मार्टफोन (Rs.500) के लिए चुना गया है। अभी दावा करें: http://reward-claim24.xyz/p2991,yes,No,No
spam,बधाई हो! आपका Pepperfry खाता एक फ्री सोने का सिक्का (Rs.200) के लिए चुना गया है। अभी दावा करें: http://offer4u-claim.online/il8hl,yes,No,No
spam,Myntra लकी ड्रॉ: आपने एक फ्री शॉपिंग वाउचर जीता है! एक्सपायर होने से पहले अभी कॉल करें 7115057005।,No,No,yes
spam,PhonePe आज 100 लकी कस्टमर्स को फ्री गिफ्ट हैम्पर दे रहा है। अपना पाने के लिए तुरंत कॉल करें 9184969856।,No,No,yes
spam,आप IRCTC के एनिवर्सरी कॉन्टेस्ट के लकी विनर हैं। Rs.250 का प्राइज पाने के लिए अपनी बैंक विवरण साझा करें।,No,No,No
spam,आप Meesho के एनिवर्सरी कॉन्टेस्ट के लकी विनर हैं। Rs.100 का प्राइज पाने के लिए अपनी बैंक विवरण साझा करें।,No,No,No
spam,Airtel लकी ड्रॉ: आपने एक फ्री शॉपिंग वाउचर जीता है! एक्सपायर होने से पहले अभी कॉल करें 6000577836।,No,No,yes
spam,HDFC Bank लकी ड्रॉ: आपने एक फ्री सोने का सिक्का जीता है! एक्सपायर होने से पहले अभी कॉल करें 9564132165।,No,No,yes
spam,SBI Card आज 100 लकी कस्टमर्स को फ्री स्मार्टफोन दे रहा है। अपना पाने के लिए तुरंत कॉल करें 8309033746।,No,No,yes
spam,BigBasket आज 100 लकी कस्टमर्स को फ्री स्मार्टवॉच दे रहा है। अपना पाने के लिए तुरंत कॉल करें 6259900848।,No,No,yes
spam,आप IndiGo के एनिवर्सरी कॉन्टेस्ट के लकी विनर हैं। Rs.150 का प्राइज पाने के लिए अपनी बैंक विवरण साझा करें।,No,No,No
spam,Netflix आज 100 लकी कस्टमर्स को फ्री सोने का सिक्का दे रहा है। अपना पाने के लिए तुरंत कॉल करें 7909508249।,No,No,yes
spam,1mg आज 100 लकी कस्टमर्स को फ्री सोने का सिक्का दे रहा है। अपना पाने के लिए तुरंत कॉल करें 9077916982।,No,No,yes
spam,Meesho आज 100 लकी कस्टमर्स को फ्री शॉपिंग वाउचर दे रहा है। अपना पाने के लिए तुरंत कॉल करें 6359868836।,No,No,yes
spam,आप Swiggy के एनिवर्सरी कॉन्टेस्ट के लकी विनर हैं। Rs.300 का प्राइज पाने के लिए अपनी बैंक विवरण साझा करें।,No,No,No
spam,Policybazaar आज 100 लकी कस्टमर्स को फ्री शॉपिंग वाउचर दे रहा है। अपना पाने के लिए तुरंत कॉल करें 8225810772।,No,No,yes
spam,बधाई हो! आपका Meesho खाता एक फ्री स्मार्टफोन (Rs.100) के लिए चुना गया है। अभी दावा करें: http://gift-redeem-now.co.in/xbsn4,yes,No,No
spam,IndiGo आज 100 लकी कस्टमर्स को फ्री स्मार्टफोन दे रहा है। अपना पाने के लिए तुरंत कॉल करें 7506534458।,No,No,yes
spam,बधाई हो! आपका IndiGo खाता एक फ्री शॉपिंग वाउचर (Rs.300) के लिए चुना गया है। अभी दावा करें: http://lucky-winner-alert.co/8xc57,yes,No,No
spam,बधाई हो! आपका cult.fit खाता एक फ्री स्मार्टफोन (Rs.150) के लिए चुना गया है। अभी दावा करें: http://reward-claim24.xyz/wouqx,yes,No,No
spam,Paytm आज 100 लकी कस्टमर्स को फ्री स्मार्टवॉच दे रहा है। अपना पाने के लिए तुरंत कॉल करें 7191584045।,No,No,yes
spam,बधाई हो! आपका 1mg खाता एक फ्री स्मार्टफोन (Rs.300) के लिए चुना गया है। अभी दावा करें: http://offer4u-claim.online/ntljp,yes,No,No
spam,BYJU'S आज 100 लकी कस्टमर्स को फ्री गिफ्ट हैम्पर दे रहा है। अपना पाने के लिए तुरंत कॉल करें 9055220621।,No,No,yes
spam,Pepperfry आज 100 लकी कस्टमर्स को फ्री सोने का सिक्का दे रहा है। अपना पाने के लिए तुरंत कॉल करें 7872080663।,No,No,yes
spam,Vi आज 100 लकी कस्टमर्स को फ्री सोने का सिक्का दे रहा है। अपना पाने के लिए तुरंत कॉल करें 6475263792।,No,No,yes
spam,BookMyShow लकी ड्रॉ: आपने एक फ्री सोने का सिक्का जीता है! एक्सपायर होने से पहले अभी कॉल करें 9403568328।,No,No,yes
spam,Zepto आज 100 लकी कस्टमर्स को फ्री शॉपिंग वाउचर दे रहा है। अपना पाने के लिए तुरंत कॉल करें 6177991004।,No,No,yes
spam,CRED लकी ड्रॉ: आपने एक फ्री स्मार्टफोन जीता है! एक्सपायर होने से पहले अभी कॉल करें 9229936809।,No,No,yes
spam,बधाई हो! आपका redBus खाता एक फ्री सोने का सिक्का (Rs.150) के लिए चुना गया है। अभी दावा करें: http://prize-verify.info/r7p94,yes,No,No
spam,"SBI Card कस्टमर सर्विस: आपका Rs.500 का रिफंड पेंडिंग है, दावा करने के लिए क्लिक करें: http://bonus-cashout.xyz/uqcb6",yes,No,No
spam,"1mg कस्टमर सर्विस: आपका Rs.100 का रिफंड पेंडिंग है, दावा करने के लिए क्लिक करें: http://offer4u-claim.online/7pqlp",yes,No,No
spam,आप Myntra के एनिवर्सरी कॉन्टेस्ट के लकी विनर हैं। Rs.200 का प्राइज पाने के लिए अपनी बैंक विवरण साझा करें।,No,No,No
spam,Decathlon लकी ड्रॉ: आपने एक फ्री शॉपिंग वाउचर जीता है! एक्सपायर होने से पहले अभी कॉल करें 8760565539।,No,No,yes
spam,आप PhonePe के एनिवर्सरी कॉन्टेस्ट के लकी विनर हैं। Rs.50 का प्राइज पाने के लिए अपनी बैंक विवरण साझा करें।,No,No,No
spam,IndiGo लकी ड्रॉ: आपने एक फ्री सोने का सिक्का जीता है! एक्सपायर होने से पहले अभी कॉल करें 7511724268।,No,No,yes
spam,"Lenskart कस्टमर सर्विस: आपका Rs.200 का रिफंड पेंडिंग है, दावा करने के लिए क्लिक करें: http://lucky-winner-alert.co/8ycs8",yes,No,No
spam,Netflix आज 100 लकी कस्टमर्स को फ्री गिफ्ट हैम्पर दे रहा है। अपना पाने के लिए तुरंत कॉल करें 9608209359।,No,No,yes
spam,Tanishq लकी ड्रॉ: आपने एक फ्री सोने का सिक्का जीता है! एक्सपायर होने से पहले अभी कॉल करें 9606394165।,No,No,yes
spam,"Nykaa कस्टमर सर्विस: आपका Rs.250 का रिफंड पेंडिंग है, दावा करने के लिए क्लिक करें: http://offer4u-claim.online/ewm6b",yes,No,No
spam,Goibibo लकी ड्रॉ: आपने एक फ्री शॉपिंग वाउचर जीता है! एक्सपायर होने से पहले अभी कॉल करें 9594237800।,No,No,yes
spam,Myntra आज 100 लकी कस्टमर्स को फ्री स्मार्टफोन दे रहा है। अपना पाने के लिए तुरंत कॉल करें 8381680477।,No,No,yes
spam,Flipkart आज 100 लकी कस्टमर्स को फ्री गिफ्ट हैम्पर दे रहा है। अपना पाने के लिए तुरंत कॉल करें 8385012908।,No,No,yes
spam,Pepperfry आज 100 लकी कस्टमर्स को फ्री सोने का सिक्का दे रहा है। अपना पाने के लिए तुरंत कॉल करें 6349879918।,No,No,yes
spam,"Amazon कस्टमर सर्विस: आपका Rs.500 का रिफंड पेंडिंग है, दावा करने के लिए क्लिक करें: http://offer4u-claim.online/wn2rh",yes,No,No
spam,आप ICICI Bank के एनिवर्सरी कॉन्टेस्ट के लकी विनर हैं। Rs.250 का प्राइज पाने के लिए अपनी बैंक विवरण साझा करें।,No,No,No
spam,बधाई हो! आपका Titan खाता एक फ्री स्मार्टवॉच (Rs.300) के लिए चुना गया है। अभी दावा करें: http://reward-claim24.xyz/1my7q,yes,No,No
spam,1mg लकी ड्रॉ: आपने एक फ्री शॉपिंग वाउचर जीता है! एक्सपायर होने से पहले अभी कॉल करें 7590842836।,No,No,yes
spam,आप Lenskart के एनिवर्सरी कॉन्टेस्ट के लकी विनर हैं। Rs.500 का प्राइज पाने के लिए अपनी बैंक विवरण साझा करें।,No,No,No
spam,"IRCTC कस्टमर सर्विस: आपका Rs.50 का रिफंड पेंडिंग है, दावा करने के लिए क्लिक करें: http://reward-claim24.xyz/o0dek",yes,No,No
spam,Nykaa लकी ड्रॉ: आपने एक फ्री सोने का सिक्का जीता है! एक्सपायर होने से पहले अभी कॉल करें 8553110656।,No,No,yes
spam,Spotify लकी ड्रॉ: आपने एक फ्री स्मार्टवॉच जीता है! एक्सपायर होने से पहले अभी कॉल करें 6472756166।,No,No,yes
spam,बधाई हो! आपका CRED खाता एक फ्री सोने का सिक्का (Rs.250) के लिए चुना गया है। अभी दावा करें: http://reward-claim24.xyz/7jo2t,yes,No,No
spam,"Spotify कस्टमर सर्विस: आपका Rs.100 का रिफंड पेंडिंग है, दावा करने के लिए क्लिक करें: http://lucky-winner-alert.co/kb9ys",yes,No,No
spam,आप Titan के एनिवर्सरी कॉन्टेस्ट के लकी विनर हैं। Rs.50 का प्राइज पाने के लिए अपनी बैंक विवरण साझा करें।,No,No,No
spam,आप Disney+ Hotstar के एनिवर्सरी कॉन्टेस्ट के लकी विनर हैं। Rs.250 का प्राइज पाने के लिए अपनी बैंक विवरण साझा करें।,No,No,No
spam,बधाई हो! आपका Domino's खाता एक फ्री शॉपिंग वाउचर (Rs.150) के लिए चुना गया है। अभी दावा करें: http://offer4u-claim.online/jgllb,yes,No,No
spam,"ICICI Bank कस्टमर सर्विस: आपका Rs.300 का रिफंड पेंडिंग है, दावा करने के लिए क्लिक करें: http://offer4u-claim.online/k0zhj",yes,No,No
spam,बधाई हो! आपका Axis Bank खाता एक फ्री गिफ्ट हैम्पर (Rs.200) के लिए चुना गया है। अभी दावा करें: http://bonus-cashout.xyz/5ehtk,yes,No,No
spam,बधाई हो! आपका Amazon Prime Video खाता एक फ्री शॉपिंग वाउचर (Rs.300) के लिए चुना गया है। अभी दावा करें: http://prize-verify.info/eruhn,yes,No,No
spam,"Lenskart कस्टमर सर्विस: आपका Rs.50 का रिफंड पेंडिंग है, दावा करने के लिए क्लिक करें: http://prize-verify.info/1cr6x",yes,No,No
spam,बधाई हो! आपका Decathlon खाता एक फ्री गिफ्ट हैम्पर (Rs.100) के लिए चुना गया है। अभी दावा करें: http://reward-claim24.xyz/l0sxs,yes,No,No
spam,बधाई हो! आपका BigBasket खाता एक फ्री शॉपिंग वाउचर (Rs.250) के लिए चुना गया है। अभी दावा करें: http://prize-verify.info/r65e2,yes,No,No
spam,Ajio आज 100 लकी कस्टमर्स को फ्री स्मार्टवॉच दे रहा है। अपना पाने के लिए तुरंत कॉल करें 9712607806।,No,No,yes
spam,बधाई हो! आपका Paytm खाता एक फ्री शॉपिंग वाउचर (Rs.100) के लिए चुना गया है। अभी दावा करें: http://gift-redeem-now.co.in/z50mw,yes,No,No
spam,Vi आज 100 लकी कस्टमर्स को फ्री स्मार्टवॉच दे रहा है। अपना पाने के लिए तुरंत कॉल करें 9943873838।,No,No,yes
spam,"MakeMyTrip कस्टमर सर्विस: आपका Rs.300 का रिफंड पेंडिंग है, दावा करने के लिए क्लिक करें: http://gift-redeem-now.co.in/4tnfp",yes,No,No
spam,"Domino's कस्टमर सर्विस: आपका Rs.300 का रिफंड पेंडिंग है, दावा करने के लिए क्लिक करें: http://bonus-cashout.xyz/7wbau",yes,No,No
spam,HDFC Bank आज 100 लकी कस्टमर्स को फ्री शॉपिंग वाउचर दे रहा है। अपना पाने के लिए तुरंत कॉल करें 6661318451।,No,No,yes
spam,Ola लकी ड्रॉ: आपने एक फ्री सोने का सिक्का जीता है! एक्सपायर होने से पहले अभी कॉल करें 6375671863।,No,No,yes
spam,"Unacademy कस्टमर सर्विस: आपका Rs.100 का रिफंड पेंडिंग है, दावा करने के लिए क्लिक करें: http://prize-verify.info/2fwqj",yes,No,No
spam,Nykaa लकी ड्रॉ: आपने एक फ्री स्मार्टवॉच जीता है! एक्सपायर होने से पहले अभी कॉल करें 7743520081।,No,No,yes
spam,"1mg कस्टमर सर्विस: आपका Rs.100 का रिफंड पेंडिंग है, दावा करने के लिए क्लिक करें: http://lucky-winner-alert.co/wc8b3",yes,No,No
spam,बधाई हो! आपका Amazon Prime Video खाता एक फ्री स्मार्टवॉच (Rs.250) के लिए चुना गया है। अभी दावा करें: http://prize-verify.info/bgeh2,yes,No,No
spam,बधाई हो! आपका Amazon Prime Video खाता एक फ्री सोने का सिक्का (Rs.300) के लिए चुना गया है। अभी दावा करें: http://offer4u-claim.online/cdb1w,yes,No,No
spam,आप IndiGo के एनिवर्सरी कॉन्टेस्ट के लकी विनर हैं। Rs.200 का प्राइज पाने के लिए अपनी बैंक विवरण साझा करें।,No,No,No
spam,"Titan कस्टमर सर्विस: आपका Rs.250 का रिफंड पेंडिंग है, दावा करने के लिए क्लिक करें: http://gift-redeem-now.co.in/kwtxl",yes,No,No
spam,"PharmEasy कस्टमर सर्विस: आपका Rs.250 का रिफंड पेंडिंग है, दावा करने के लिए क्लिक करें: http://prize-verify.info/1nzzf",yes,No,No
spam,Unacademy आज 100 लकी कस्टमर्स को फ्री गिफ्ट हैम्पर दे रहा है। अपना पाने के लिए तुरंत कॉल करें 6931340013।,No,No,yes
spam,आप Goibibo के एनिवर्सरी कॉन्टेस्ट के लकी विनर हैं। Rs.100 का प्राइज पाने के लिए अपनी बैंक विवरण साझा करें।,No,No,No
spam,बधाई हो! आपका Ola खाता एक फ्री स्मार्टफोन (Rs.500) के लिए चुना गया है। अभी दावा करें: http://gift-redeem-now.co.in/4qi2y,yes,No,No
spam,आप IndiGo के एनिवर्सरी कॉन्टेस्ट के लकी विनर हैं। Rs.300 का प्राइज पाने के लिए अपनी बैंक विवरण साझा करें।,No,No,No
spam,"Spotify कस्टमर सर्विस: आपका Rs.300 का रिफंड पेंडिंग है, दावा करने के लिए क्लिक करें: http://offer4u-claim.online/1zb3x",yes,No,No
spam,बधाई हो! आपका 1mg खाता एक फ्री स्मार्टवॉच (Rs.300) के लिए चुना गया है। अभी दावा करें: http://lucky-winner-alert.co/ma97i,yes,No,No
spam,"HDFC Bank कस्टमर सर्विस: आपका Rs.150 का रिफंड पेंडिंग है, दावा करने के लिए क्लिक करें: http://reward-claim24.xyz/n61cm",yes,No,No
spam,आप Disney+ Hotstar के एनिवर्सरी कॉन्टेस्ट के लकी विनर हैं। Rs.50 का प्राइज पाने के लिए अपनी बैंक विवरण साझा करें।,No,No,No
spam,Flipkart लकी ड्रॉ: आपने एक फ्री स्मार्टवॉच जीता है! एक्सपायर होने से पहले अभी कॉल करें 6443009270।,No,No,yes
spam,बधाई हो! आपका Airtel खाता एक फ्री सोने का सिक्का (Rs.50) के लिए चुना गया है। अभी दावा करें: http://lucky-winner-alert.co/l1ffg,yes,No,No
spam,Policybazaar आज 100 लकी कस्टमर्स को फ्री स्मार्टफोन दे रहा है। अपना पाने के लिए तुरंत कॉल करें 8540906894।,No,No,yes
spam,आप boAt के एनिवर्सरी कॉन्टेस्ट के लकी विनर हैं। Rs.200 का प्राइज पाने के लिए अपनी बैंक विवरण साझा करें।,No,No,No
spam,Myntra आज 100 लकी कस्टमर्स को फ्री स्मार्टफोन दे रहा है। अपना पाने के लिए तुरंत कॉल करें 8698702275।,No,No,yes
spam,Lenskart आज 100 लकी कस्टमर्स को फ्री गिफ्ट हैम्पर दे रहा है। अपना पाने के लिए तुरंत कॉल करें 8245942018।,No,No,yes
spam,Swiggy आज 100 लकी कस्टमर्स को फ्री स्मार्टफोन दे रहा है। अपना पाने के लिए तुरंत कॉल करें 8199000141।,No,No,yes
spam,Ajio आज 100 लकी कस्टमर्स को फ्री सोने का सिक्का दे रहा है। अपना पाने के लिए तुरंत कॉल करें 6471149029।,No,No,yes
spam,Disney+ Hotstar आज 100 लकी कस्टमर्स को फ्री स्मार्टवॉच दे रहा है। अपना पाने के लिए तुरंत कॉल करें 7873640756।,No,No,yes
spam,MakeMyTrip आज 100 लकी कस्टमर्स को फ्री स्मार्टवॉच दे रहा है। अपना पाने के लिए तुरंत कॉल करें 8684039558।,No,No,yes
spam,"Ajio कस्टमर सर्विस: आपका Rs.300 का रिफंड पेंडिंग है, दावा करने के लिए क्लिक करें: http://prize-verify.info/xe3ta",yes,No,No
spam,आप Zepto के एनिवर्सरी कॉन्टेस्ट के लकी विनर हैं। Rs.200 का प्राइज पाने के लिए अपनी बैंक विवरण साझा करें।,No,No,No
spam,आप Axis Bank के एनिवर्सरी कॉन्टेस्ट के लकी विनर हैं। Rs.150 का प्राइज पाने के लिए अपनी बैंक विवरण साझा करें।,No,No,No
spam,IRCTC आज 100 लकी कस्टमर्स को फ्री गिफ्ट हैम्पर दे रहा है। अपना पाने के लिए तुरंत कॉल करें 7819641266।,No,No,yes
spam,"Blinkit कस्टमर सर्विस: आपका Rs.500 का रिफंड पेंडिंग है, दावा करने के लिए क्लिक करें: http://offer4u-claim.online/zyj8x",yes,No,No
spam,Axis Bank आज 100 लकी कस्टमर्स को फ्री गिफ्ट हैम्पर दे रहा है। अपना पाने के लिए तुरंत कॉल करें 6788168974।,No,No,yes
spam,cult.fit लकी ड्रॉ: आपने एक फ्री सोने का सिक्का जीता है! एक्सपायर होने से पहले अभी कॉल करें 6722468717।,No,No,yes
spam,HDFC Bank लकी ड्रॉ: आपने एक फ्री सोने का सिक्का जीता है! एक्सपायर होने से पहले अभी कॉल करें 8424303617।,No,No,yes
spam,boAt लकी ड्रॉ: आपने एक फ्री गिफ्ट हैम्पर जीता है! एक्सपायर होने से पहले अभी कॉल करें 9067766495।,No,No,yes
spam,बधाई हो! आपका Amazon खाता एक फ्री स्मार्टफोन (Rs.500) के लिए चुना गया है। अभी दावा करें: http://bonus-cashout.xyz/wp95l,yes,No,No
spam,HDFC Bank आज 100 लकी कस्टमर्स को फ्री शॉपिंग वाउचर दे रहा है। अपना पाने के लिए तुरंत कॉल करें 9225679193।,No,No,yes
spam,"Netflix कस्टमर सर्विस: आपका Rs.500 का रिफंड पेंडिंग है, दावा करने के लिए क्लिक करें: http://prize-verify.info/odj6m",yes,No,No
spam,आप cult.fit के एनिवर्सरी कॉन्टेस्ट के लकी विनर हैं। Rs.150 का प्राइज पाने के लिए अपनी बैंक विवरण साझा करें।,No,No,No
spam,cult.fit आज 100 लकी कस्टमर्स को फ्री स्मार्टवॉच दे रहा है। अपना पाने के लिए तुरंत कॉल करें 6320621159।,No,No,yes
spam,बधाई हो! आपका BookMyShow खाता एक फ्री स्मार्टवॉच (Rs.500) के लिए चुना गया है। अभी दावा करें: http://gift-redeem-now.co.in/jtmks,yes,No,No
spam,"Airtel कस्टमर सर्विस: आपका Rs.300 का रिफंड पेंडिंग है, दावा करने के लिए क्लिक करें: http://offer4u-claim.online/3qm0k",yes,No,No
spam,"Jio कस्टमर सर्विस: आपका Rs.250 का रिफंड पेंडिंग है, दावा करने के लिए क्लिक करें: http://lucky-winner-alert.co/o7t1r",yes,No,No
spam,"Paytm कस्टमर सर्विस: आपका Rs.150 का रिफंड पेंडिंग है, दावा करने के लिए क्लिक करें: http://offer4u-claim.online/sbnxu",yes,No,No
spam,"Ajio कस्टमर सर्विस: आपका Rs.50 का रिफंड पेंडिंग है, दावा करने के लिए क्लिक करें: http://bonus-cashout.xyz/mwzo9",yes,No,No
spam,ICICI Bank आज 100 लकी कस्टमर्स को फ्री स्मार्टफोन दे रहा है। अपना पाने के लिए तुरंत कॉल करें 9893015797।,No,No,yes
spam,बधाई हो! आपका Paytm खाता एक फ्री स्मार्टफोन (Rs.200) के लिए चुना गया है। अभी दावा करें: http://reward-claim24.xyz/poz5f,yes,No,No
spam,"Tanishq कस्टमर सर्विस: आपका Rs.100 का रिफंड पेंडिंग है, दावा करने के लिए क्लिक करें: http://prize-verify.info/f14qe",yes,No,No
spam,बधाई हो! आपका ICICI Bank खाता एक फ्री स्मार्टफोन (Rs.100) के लिए चुना गया है। अभी दावा करें: http://reward-claim24.xyz/daioc,yes,No,No
spam,आप MakeMyTrip के एनिवर्सरी कॉन्टेस्ट के लकी विनर हैं। Rs.200 का प्राइज पाने के लिए अपनी बैंक विवरण साझा करें।,No,No,No
spam,"Meesho कस्टमर सर्विस: आपका Rs.200 का रिफंड पेंडिंग है, दावा करने के लिए क्लिक करें: http://reward-claim24.xyz/fpcax",yes,No,No
spam,"Jio कस्टमर सर्विस: आपका Rs.150 का रिफंड पेंडिंग है, दावा करने के लिए क्लिक करें: http://prize-verify.info/jjk0t",yes,No,No
spam,बधाई हो! आपका Decathlon खाता एक फ्री सोने का सिक्का (Rs.300) के लिए चुना गया है। अभी दावा करें: http://lucky-winner-alert.co/gxstu,yes,No,No
spam,MakeMyTrip आज 100 लकी कस्टमर्स को फ्री सोने का सिक्का दे रहा है। अपना पाने के लिए तुरंत कॉल करें 7772627255।,No,No,yes
spam,Ola लकी ड्रॉ: आपने एक फ्री स्मार्टफोन जीता है! एक्सपायर होने से पहले अभी कॉल करें 8893669653।,No,No,yes
spam,बधाई हो! आपका IndiGo खाता एक फ्री सोने का सिक्का (Rs.250) के लिए चुना गया है। अभी दावा करें: http://lucky-winner-alert.co/qazn7,yes,No,No
spam,"Jio कस्टमर सर्विस: आपका Rs.500 का रिफंड पेंडिंग है, दावा करने के लिए क्लिक करें: http://bonus-cashout.xyz/09zow",yes,No,No
spam,"Ola कस्टमर सर्विस: आपका Rs.50 का रिफंड पेंडिंग है, दावा करने के लिए क्लिक करें: http://lucky-winner-alert.co/oj63l",yes,No,No
spam,"Nykaa कस्टमर सर्विस: आपका Rs.250 का रिफंड पेंडिंग है, दावा करने के लिए क्लिक करें: http://bonus-cashout.xyz/2p8yq",yes,No,No
spam,"IRCTC कस्टमर सर्विस: आपका Rs.200 का रिफंड पेंडिंग है, दावा करने के लिए क्लिक करें: http://offer4u-claim.online/0eizh",yes,No,No
spam,Nykaa लकी ड्रॉ: आपने एक फ्री गिफ्ट हैम्पर जीता है! एक्सपायर होने से पहले अभी कॉल करें 6513741038।,No,No,yes
spam,"Blinkit कस्टमर सर्विस: आपका Rs.200 का रिफंड पेंडिंग है, दावा करने के लिए क्लिक करें: http://offer4u-claim.online/0et5r",yes,No,No
spam,"Zomato कस्टमर सर्विस: आपका Rs.300 का रिफंड पेंडिंग है, दावा करने के लिए क्लिक करें: http://reward-claim24.xyz/algom",yes,No,No
spam,Jio लकी ड्रॉ: आपने एक फ्री सोने का सिक्का जीता है! एक्सपायर होने से पहले अभी कॉल करें 8239366688।,No,No,yes
spam,Goibibo आज 100 लकी कस्टमर्स को फ्री स्मार्टवॉच दे रहा है। अपना पाने के लिए तुरंत कॉल करें 9222293802।,No,No,yes
spam,"Swiggy कस्टमर सर्विस: आपका Rs.500 का रिफंड पेंडिंग है, दावा करने के लिए क्लिक करें: http://lucky-winner-alert.co/aiskk",yes,No,No
spam,Amazon आज 100 लकी कस्टमर्स को फ्री स्मार्टवॉच दे रहा है। अपना पाने के लिए तुरंत कॉल करें 6443100373।,No,No,yes
spam,बधाई हो! आपका Titan खाता एक फ्री सोने का सिक्का (Rs.250) के लिए चुना गया है। अभी दावा करें: http://bonus-cashout.xyz/karut,yes,No,No
spam,Tanishq आज 100 लकी कस्टमर्स को फ्री स्मार्टफोन दे रहा है। अपना पाने के लिए तुरंत कॉल करें 7561800639।,No,No,yes
spam,IRCTC लकी ड्रॉ: आपने एक फ्री शॉपिंग वाउचर जीता है! एक्सपायर होने से पहले अभी कॉल करें 6048994503।,No,No,yes
spam,Jio लकी ड्रॉ: आपने एक फ्री स्मार्टफोन जीता है! एक्सपायर होने से पहले अभी कॉल करें 7475366701।,No,No,yes
spam,Axis Bank लकी ड्रॉ: आपने एक फ्री शॉपिंग वाउचर जीता है! एक्सपायर होने से पहले अभी कॉल करें 9858716952।,No,No,yes
spam,आप Ola के एनिवर्सरी कॉन्टेस्ट के लकी विनर हैं। Rs.50 का प्राइज पाने के लिए अपनी बैंक विवरण साझा करें।,No,No,No
spam,Ajio आज 100 लकी कस्टमर्स को फ्री सोने का सिक्का दे रहा है। अपना पाने के लिए तुरंत कॉल करें 7373748124।,No,No,yes
spam,"Meesho कस्टमर सर्विस: आपका Rs.250 का रिफंड पेंडिंग है, दावा करने के लिए क्लिक करें: http://prize-verify.info/373xd",yes,No,No
spam,Titan लकी ड्रॉ: आपने एक फ्री स्मार्टवॉच जीता है! एक्सपायर होने से पहले अभी कॉल करें 8949999723।,No,No,yes
spam,बधाई हो! आपका Nykaa खाता एक फ्री स्मार्टवॉच (Rs.300) के लिए चुना गया है। अभी दावा करें: http://reward-claim24.xyz/tak3t,yes,No,No
spam,बधाई हो! आपका HDFC Bank खाता एक फ्री शॉपिंग वाउचर (Rs.50) के लिए चुना गया है। अभी दावा करें: http://gift-redeem-now.co.in/g6k7o,yes,No,No
spam,"Nykaa कस्टमर सर्विस: आपका Rs.300 का रिफंड पेंडिंग है, दावा करने के लिए क्लिक करें: http://prize-verify.info/sf0p1",yes,No,No
spam,"Decathlon कस्टमर सर्विस: आपका Rs.200 का रिफंड पेंडिंग है, दावा करने के लिए क्लिक करें: http://offer4u-claim.online/andun",yes,No,No
spam,MakeMyTrip लकी ड्रॉ: आपने एक फ्री सोने का सिक्का जीता है! एक्सपायर होने से पहले अभी कॉल करें 6680554927।,No,No,yes
spam,Domino's आज 100 लकी कस्टमर्स को फ्री गिफ्ट हैम्पर दे रहा है। अपना पाने के लिए तुरंत कॉल करें 8618244921।,No,No,yes
spam,PhonePe आज 100 लकी कस्टमर्स को फ्री स्मार्टफोन दे रहा है। अपना पाने के लिए तुरंत कॉल करें 7338218267।,No,No,yes
spam,Ola आज 100 लकी कस्टमर्स को फ्री शॉपिंग वाउचर दे रहा है। अपना पाने के लिए तुरंत कॉल करें 8566947872।,No,No,yes
spam,1mg लकी ड्रॉ: आपने एक फ्री स्मार्टवॉच जीता है! एक्सपायर होने से पहले अभी कॉल करें 8770394832।,No,No,yes
spam,cult.fit लकी ड्रॉ: आपने एक फ्री स्मार्टफोन जीता है! एक्सपायर होने से पहले अभी कॉल करें 7177168981।,No,No,yes
spam,"Zepto कस्टमर सर्विस: आपका Rs.100 का रिफंड पेंडिंग है, दावा करने के लिए क्लिक करें: http://offer4u-claim.online/xmmmd",yes,No,No
spam,CRED लकी ड्रॉ: आपने एक फ्री सोने का सिक्का जीता है! एक्सपायर होने से पहले अभी कॉल करें 6713605054।,No,No,yes
spam,बधाई हो! आपका Ajio खाता एक फ्री शॉपिंग वाउचर (Rs.150) के लिए चुना गया है। अभी दावा करें: http://gift-redeem-now.co.in/ok6vz,yes,No,No
spam,Zepto आज 100 लकी कस्टमर्स को फ्री गिफ्ट हैम्पर दे रहा है। अपना पाने के लिए तुरंत कॉल करें 7330959713।,No,No,yes
spam,Swiggy आज 100 लकी कस्टमर्स को फ्री स्मार्टवॉच दे रहा है। अपना पाने के लिए तुरंत कॉल करें 9838480410।,No,No,yes
spam,SBI Card लकी ड्रॉ: आपने एक फ्री गिफ्ट हैम्पर जीता है! एक्सपायर होने से पहले अभी कॉल करें 7037030644।,No,No,yes
spam,BYJU'S लकी ड्रॉ: आपने एक फ्री शॉपिंग वाउचर जीता है! एक्सपायर होने से पहले अभी कॉल करें 9260216644।,No,No,yes
spam,ICICI Bank आज 100 लकी कस्टमर्स को फ्री स्मार्टवॉच दे रहा है। अपना पाने के लिए तुरंत कॉल करें 6352859221।,No,No,yes
spam,Goibibo आज 100 लकी कस्टमर्स को फ्री सोने का सिक्का दे रहा है। अपना पाने के लिए तुरंत कॉल करें 9190722474।,No,No,yes
spam,बधाई हो! आपका 1mg खाता एक फ्री शॉपिंग वाउचर (Rs.250) के लिए चुना गया है। अभी दावा करें: http://lucky-winner-alert.co/nll4k,yes,No,No
spam,Blinkit लकी ड्रॉ: आपने एक फ्री शॉपिंग वाउचर जीता है! एक्सपायर होने से पहले अभी कॉल करें 7564068128।,No,No,yes
spam,Amazon आज 100 लकी कस्टमर्स को फ्री गिफ्ट हैम्पर दे रहा है। अपना पाने के लिए तुरंत कॉल करें 8719119496।,No,No,yes
spam,BookMyShow आज 100 लकी कस्टमर्स को फ्री गिफ्ट हैम्पर दे रहा है। अपना पाने के लिए तुरंत कॉल करें 8897789550।,No,No,yes
spam,बधाई हो! आपका BookMyShow खाता एक फ्री स्मार्टफोन (Rs.300) के लिए चुना गया है। अभी दावा करें: http://offer4u-claim.online/zq4vw,yes,No,No
spam,"Titan कस्टमर सर्विस: आपका Rs.150 का रिफंड पेंडिंग है, दावा करने के लिए क्लिक करें: http://offer4u-claim.online/d7kx9",yes,No,No
spam,BookMyShow लकी ड्रॉ: आपने एक फ्री स्मार्टवॉच जीता है! एक्सपायर होने से पहले अभी कॉल करें 8462403091।,No,No,yes
spam,आप Paytm के एनिवर्सरी कॉन्टेस्ट के लकी विनर हैं। Rs.500 का प्राइज पाने के लिए अपनी बैंक विवरण साझा करें।,No,No,No
spam,बधाई हो! आपका Myntra खाता एक फ्री गिफ्ट हैम्पर (Rs.500) के लिए चुना गया है। अभी दावा करें: http://offer4u-claim.online/6p2cj,yes,No,No
spam,"cult.fit कस्टमर सर्विस: आपका Rs.100 का रिफंड पेंडिंग है, दावा करने के लिए क्लिक करें: http://reward-claim24.xyz/8a6ju",yes,No,No
spam,बधाई हो! आपका ICICI Bank खाता एक फ्री सोने का सिक्का (Rs.200) के लिए चुना गया है। अभी दावा करें: http://lucky-winner-alert.co/lujmr,yes,No,No
spam,बधाई हो! आपका boAt खाता एक फ्री शॉपिंग वाउचर (Rs.250) के लिए चुना गया है। अभी दावा करें: http://prize-verify.info/l5eh2,yes,No,No
spam,CRED लकी ड्रॉ: आपने एक फ्री स्मार्टवॉच जीता है! एक्सपायर होने से पहले अभी कॉल करें 8574840798।,No,No,yes
spam,बधाई हो! आपका Decathlon खाता एक फ्री सोने का सिक्का (Rs.500) के लिए चुना गया है। अभी दावा करें: http://prize-verify.info/fu0cd,yes,No,No
spam,आप IRCTC के एनिवर्सरी कॉन्टेस्ट के लकी विनर हैं। Rs.300 का प्राइज पाने के लिए अपनी बैंक विवरण साझा करें।,No,No,No
spam,आप Decathlon के एनिवर्सरी कॉन्टेस्ट के लकी विनर हैं। Rs.150 का प्राइज पाने के लिए अपनी बैंक विवरण साझा करें।,No,No,No
spam,बधाई हो! आपका boAt खाता एक फ्री स्मार्टफोन (Rs.500) के लिए चुना गया है। अभी दावा करें: http://offer4u-claim.online/2jx3c,yes,No,No
spam,"cult.fit कस्टमर सर्विस: आपका Rs.500 का रिफंड पेंडिंग है, दावा करने के लिए क्लिक करें: http://lucky-winner-alert.co/vw6um",yes,No,No
spam,Titan लकी ड्रॉ: आपने एक फ्री स्मार्टफोन जीता है! एक्सपायर होने से पहले अभी कॉल करें 6592545109।,No,No,yes
spam,Ola लकी ड्रॉ: आपने एक फ्री स्मार्टफोन जीता है! एक्सपायर होने से पहले अभी कॉल करें 6006303990।,No,No,yes
spam,"Domino's कस्टमर सर्विस: आपका Rs.250 का रिफंड पेंडिंग है, दावा करने के लिए क्लिक करें: http://bonus-cashout.xyz/dakcv",yes,No,No
spam,Blinkit आज 100 लकी कस्टमर्स को फ्री स्मार्टफोन दे रहा है। अपना पाने के लिए तुरंत कॉल करें 8940643191।,No,No,yes
spam,"Meesho कस्टमर सर्विस: आपका Rs.250 का रिफंड पेंडिंग है, दावा करने के लिए क्लिक करें: http://lucky-winner-alert.co/rksui",yes,No,No
spam,"Goibibo कस्टमर सर्विस: आपका Rs.250 का रिफंड पेंडिंग है, दावा करने के लिए क्लिक करें: http://offer4u-claim.online/b9jaf",yes,No,No
spam,MakeMyTrip आज 100 लकी कस्टमर्स को फ्री शॉपिंग वाउचर दे रहा है। अपना पाने के लिए तुरंत कॉल करें 8626444719।,No,No,yes
spam,CRED लकी ड्रॉ: आपने एक फ्री शॉपिंग वाउचर जीता है! एक्सपायर होने से पहले अभी कॉल करें 7535327258।,No,No,yes
spam,ICICI Bank आज 100 लकी कस्टमर्स को फ्री स्मार्टवॉच दे रहा है। अपना पाने के लिए तुरंत कॉल करें 9731904100।,No,No,yes
spam,Uber आज 100 लकी कस्टमर्स को फ्री शॉपिंग वाउचर दे रहा है। अपना पाने के लिए तुरंत कॉल करें 8670615927।,No,No,yes
spam,boAt आज 100 लकी कस्टमर्स को फ्री शॉपिंग वाउचर दे रहा है। अपना पाने के लिए तुरंत कॉल करें 9300933346।,No,No,yes
spam,बधाई हो! आपका PharmEasy खाता एक फ्री शॉपिंग वाउचर (Rs.500) के लिए चुना गया है। अभी दावा करें: http://reward-claim24.xyz/myatg,yes,No,No
spam,बधाई हो! आपका Domino's खाता एक फ्री स्मार्टवॉच (Rs.200) के लिए चुना गया है। अभी दावा करें: http://offer4u-claim.online/ii8zg,yes,No,No
spam,बधाई हो! आपका Myntra खाता एक फ्री सोने का सिक्का (Rs.150) के लिए चुना गया है। अभी दावा करें: http://prize-verify.info/g6ejs,yes,No,No
spam,बधाई हो! आपका Tanishq खाता एक फ्री गिफ्ट हैम्पर (Rs.50) के लिए चुना गया है। अभी दावा करें: http://offer4u-claim.online/gja9l,yes,No,No
spam,Goibibo आज 100 लकी कस्टमर्स को फ्री स्मार्टवॉच दे रहा है। अपना पाने के लिए तुरंत कॉल करें 7278658337।,No,No,yes
spam,बधाई हो! आपका redBus खाता एक फ्री स्मार्टफोन (Rs.50) के लिए चुना गया है। अभी दावा करें: http://bonus-cashout.xyz/499w0,yes,No,No
spam,Flipkart आज 100 लकी कस्टमर्स को फ्री शॉपिंग वाउचर दे रहा है। अपना पाने के लिए तुरंत कॉल करें 8739784502।,No,No,yes
spam,PharmEasy आज 100 लकी कस्टमर्स को फ्री सोने का सिक्का दे रहा है। अपना पाने के लिए तुरंत कॉल करें 6693667190।,No,No,yes
spam,HDFC Bank आज 100 लकी कस्टमर्स को फ्री शॉपिंग वाउचर दे रहा है। अपना पाने के लिए तुरंत कॉल करें 6622823362।,No,No,yes
spam,Meesho लकी ड्रॉ: आपने एक फ्री सोने का सिक्का जीता है! एक्सपायर होने से पहले अभी कॉल करें 6319814919।,No,No,yes
spam,"Pepperfry कस्टमर सर्विस: आपका Rs.250 का रिफंड पेंडिंग है, दावा करने के लिए क्लिक करें: http://lucky-winner-alert.co/y9378",yes,No,No
spam,बधाई हो! आपका ICICI Bank खाता एक फ्री स्मार्टवॉच (Rs.300) के लिए चुना गया है। अभी दावा करें: http://offer4u-claim.online/lv7ls,yes,No,No
spam,आप Amazon Prime Video के एनिवर्सरी कॉन्टेस्ट के लकी विनर हैं। Rs.200 का प्राइज पाने के लिए अपनी बैंक विवरण साझा करें।,No,No,No
spam,आप Pepperfry के एनिवर्सरी कॉन्टेस्ट के लकी विनर हैं। Rs.500 का प्राइज पाने के लिए अपनी बैंक विवरण साझा करें।,No,No,No
spam,बधाई हो! आपका BYJU'S खाता एक फ्री शॉपिंग वाउचर (Rs.50) के लिए चुना गया है। अभी दावा करें: http://lucky-winner-alert.co/jjhur,yes,No,No
spam,Policybazaar लकी ड्रॉ: आपने एक फ्री गिफ्ट हैम्पर जीता है! एक्सपायर होने से पहले अभी कॉल करें 7280610814।,No,No,yes
spam,"IRCTC कस्टमर सर्विस: आपका Rs.150 का रिफंड पेंडिंग है, दावा करने के लिए क्लिक करें: http://offer4u-claim.online/mytmo",yes,No,No
spam,Meesho आज 100 लकी कस्टमर्स को फ्री स्मार्टफोन दे रहा है। अपना पाने के लिए तुरंत कॉल करें 7587427673।,No,No,yes
spam,Zomato लकी ड्रॉ: आपने एक फ्री स्मार्टफोन जीता है! एक्सपायर होने से पहले अभी कॉल करें 7376119789।,No,No,yes
spam,Pepperfry आज 100 लकी कस्टमर्स को फ्री सोने का सिक्का दे रहा है। अपना पाने के लिए तुरंत कॉल करें 8292479395।,No,No,yes
spam,BookMyShow आज 100 लकी कस्टमर्स को फ्री शॉपिंग वाउचर दे रहा है। अपना पाने के लिए तुरंत कॉल करें 7421981286।,No,No,yes
spam,आप MakeMyTrip के एनिवर्सरी कॉन्टेस्ट के लकी विनर हैं। Rs.100 का प्राइज पाने के लिए अपनी बैंक विवरण साझा करें।,No,No,No
spam,Nykaa लकी ड्रॉ: आपने एक फ्री स्मार्टवॉच जीता है! एक्सपायर होने से पहले अभी कॉल करें 9195645480।,No,No,yes
spam,बधाई हो! आपका Amazon खाता एक फ्री स्मार्टवॉच (Rs.250) के लिए चुना गया है। अभी दावा करें: http://offer4u-claim.online/kqxge,yes,No,No
spam,Tanishq लकी ड्रॉ: आपने एक फ्री गिफ्ट हैम्पर जीता है! एक्सपायर होने से पहले अभी कॉल करें 6953536483।,No,No,yes
spam,बधाई हो! आपका Airtel खाता एक फ्री शॉपिंग वाउचर (Rs.100) के लिए चुना गया है। अभी दावा करें: http://prize-verify.info/0iwil,yes,No,No
spam,बधाई हो! आपका Titan खाता एक फ्री स्मार्टफोन (Rs.500) के लिए चुना गया है। अभी दावा करें: http://gift-redeem-now.co.in/foggg,yes,No,No
spam,cult.fit लकी ड्रॉ: आपने एक फ्री स्मार्टवॉच जीता है! एक्सपायर होने से पहले अभी कॉल करें 9786995087।,No,No,yes
spam,बधाई हो! आपका Pepperfry खाता एक फ्री शॉपिंग वाउचर (Rs.200) के लिए चुना गया है। अभी दावा करें: http://prize-verify.info/hw415,yes,No,No
spam,"cult.fit कस्टमर सर्विस: आपका Rs.150 का रिफंड पेंडिंग है, दावा करने के लिए क्लिक करें: http://lucky-winner-alert.co/ehhcq",yes,No,No
spam,Lenskart लकी ड्रॉ: आपने एक फ्री गिफ्ट हैम्पर जीता है! एक्सपायर होने से पहले अभी कॉल करें 9299587657।,No,No,yes
spam,Goibibo लकी ड्रॉ: आपने एक फ्री शॉपिंग वाउचर जीता है! एक्सपायर होने से पहले अभी कॉल करें 8513915194।,No,No,yes
spam,Nykaa आज 100 लकी कस्टमर्स को फ्री स्मार्टफोन दे रहा है। अपना पाने के लिए तुरंत कॉल करें 9951866479।,No,No,yes
spam,Vi आज 100 लकी कस्टमर्स को फ्री स्मार्टफोन दे रहा है। अपना पाने के लिए तुरंत कॉल करें 7794959155।,No,No,yes
spam,Meesho लकी ड्रॉ: आपने एक फ्री शॉपिंग वाउचर जीता है! एक्सपायर होने से पहले अभी कॉल करें 7894405611।,No,No,yes
spam,MakeMyTrip आज 100 लकी कस्टमर्स को फ्री सोने का सिक्का दे रहा है। अपना पाने के लिए तुरंत कॉल करें 8126995331।,No,No,yes
spam,Uber लकी ड्रॉ: आपने एक फ्री सोने का सिक्का जीता है! एक्सपायर होने से पहले अभी कॉल करें 9558478066।,No,No,yes
spam,बधाई हो! आपका redBus खाता एक फ्री स्मार्टफोन (Rs.50) के लिए चुना गया है। अभी दावा करें: http://gift-redeem-now.co.in/qcw9r,yes,No,No
spam,"Decathlon कस्टमर सर्विस: आपका Rs.500 का रिफंड पेंडिंग है, दावा करने के लिए क्लिक करें: http://gift-redeem-now.co.in/syv73",yes,No,No
spam,Blinkit लकी ड्रॉ: आपने एक फ्री गिफ्ट हैम्पर जीता है! एक्सपायर होने से पहले अभी कॉल करें 6433873846।,No,No,yes
spam,Netflix लकी ड्रॉ: आपने एक फ्री सोने का सिक्का जीता है! एक्सपायर होने से पहले अभी कॉल करें 8848160657।,No,No,yes
spam,IRCTC लकी ड्रॉ: आपने एक फ्री शॉपिंग वाउचर जीता है! एक्सपायर होने से पहले अभी कॉल करें 9725359303।,No,No,yes
spam,Goibibo लकी ड्रॉ: आपने एक फ्री गिफ्ट हैम्पर जीता है! एक्सपायर होने से पहले अभी कॉल करें 8920554536।,No,No,yes
spam,HDFC Bank लकी ड्रॉ: आपने एक फ्री शॉपिंग वाउचर जीता है! एक्सपायर होने से पहले अभी कॉल करें 9926861995।,No,No,yes
spam,"IRCTC कस्टमर सर्विस: आपका Rs.300 का रिफंड पेंडिंग है, दावा करने के लिए क्लिक करें: http://lucky-winner-alert.co/nyg9f",yes,No,No
spam,"Tanishq कस्टमर सर्विस: आपका Rs.250 का रिफंड पेंडिंग है, दावा करने के लिए क्लिक करें: http://reward-claim24.xyz/wusa1",yes,No,No
spam,Spotify लकी ड्रॉ: आपने एक फ्री गिफ्ट हैम्पर जीता है! एक्सपायर होने से पहले अभी कॉल करें 6795510305।,No,No,yes
spam,"Paytm कस्टमर सर्विस: आपका Rs.250 का रिफंड पेंडिंग है, दावा करने के लिए क्लिक करें: http://gift-redeem-now.co.in/md2v0",yes,No,No
spam,Pepperfry आज 100 लकी कस्टमर्स को फ्री सोने का सिक्का दे रहा है। अपना पाने के लिए तुरंत कॉल करें 8462824556।,No,No,yes
spam,Meesho लकी ड्रॉ: आपने एक फ्री सोने का सिक्का जीता है! एक्सपायर होने से पहले अभी कॉल करें 8187963394।,No,No,yes
spam,बधाई हो! आपका Airtel खाता एक फ्री शॉपिंग वाउचर (Rs.150) के लिए चुना गया है। अभी दावा करें: http://bonus-cashout.xyz/f6klw,yes,No,No
spam,बधाई हो! आपका Ola खाता एक फ्री स्मार्टवॉच (Rs.500) के लिए चुना गया है। अभी दावा करें: http://prize-verify.info/6kv3n,yes,No,No
spam,MakeMyTrip आज 100 लकी कस्टमर्स को फ्री स्मार्टवॉच दे रहा है। अपना पाने के लिए तुरंत कॉल करें 7270591476।,No,No,yes
spam,BYJU'S लकी ड्रॉ: आपने एक फ्री सोने का सिक्का जीता है! एक्सपायर होने से पहले अभी कॉल करें 9524817910।,No,No,yes
spam,BYJU'S लकी ड्रॉ: आपने एक फ्री सोने का सिक्का जीता है! एक्सपायर होने से पहले अभी कॉल करें 7371645123।,No,No,yes
spam,Uber आज 100 लकी कस्टमर्स को फ्री शॉपिंग वाउचर दे रहा है। अपना पाने के लिए तुरंत कॉल करें 6027305961।,No,No,yes
spam,बधाई हो! आपका PhonePe खाता एक फ्री सोने का सिक्का (Rs.100) के लिए चुना गया है। अभी दावा करें: http://reward-claim24.xyz/7jtai,yes,No,No
spam,1mg लकी ड्रॉ: आपने एक फ्री गिफ्ट हैम्पर जीता है! एक्सपायर होने से पहले अभी कॉल करें 8311966719।,No,No,yes
spam,"Disney+ Hotstar कस्टमर सर्विस: आपका Rs.250 का रिफंड पेंडिंग है, दावा करने के लिए क्लिक करें: http://offer4u-claim.online/6l84l",yes,No,No
spam,बधाई हो! आपका redBus खाता एक फ्री गिफ्ट हैम्पर (Rs.200) के लिए चुना गया है। अभी दावा करें: http://bonus-cashout.xyz/h8yw9,yes,No,No
spam,बधाई हो! आपका redBus खाता एक फ्री स्मार्टफोन (Rs.200) के लिए चुना गया है। अभी दावा करें: http://gift-redeem-now.co.in/2ldtn,yes,No,No
spam,आप Paytm के एनिवर्सरी कॉन्टेस्ट के लकी विनर हैं। Rs.50 का प्राइज पाने के लिए अपनी बैंक विवरण साझा करें।,No,No,No
spam,BookMyShow आज 100 लकी कस्टमर्स को फ्री शॉपिंग वाउचर दे रहा है। अपना पाने के लिए तुरंत कॉल करें 9634172624।,No,No,yes
spam,Myntra आज 100 लकी कस्टमर्स को फ्री शॉपिंग वाउचर दे रहा है। अपना पाने के लिए तुरंत कॉल करें 9096022621।,No,No,yes
spam,ICICI Bank आज 100 लकी कस्टमर्स को फ्री शॉपिंग वाउचर दे रहा है। अपना पाने के लिए तुरंत कॉल करें 7601858234।,No,No,yes
spam,Vi लकी ड्रॉ: आपने एक फ्री शॉपिंग वाउचर जीता है! एक्सपायर होने से पहले अभी कॉल करें 7518626173।,No,No,yes
spam,बधाई हो! आपका Uber खाता एक फ्री स्मार्टफोन (Rs.150) के लिए चुना गया है। अभी दावा करें: http://reward-claim24.xyz/8tdi9,yes,No,No
spam,Amazon लकी ड्रॉ: आपने एक फ्री गिफ्ट हैम्पर जीता है! एक्सपायर होने से पहले अभी कॉल करें 9131202922।,No,No,yes
spam,बधाई हो! आपका Nykaa खाता एक फ्री गिफ्ट हैम्पर (Rs.200) के लिए चुना गया है। अभी दावा करें: http://prize-verify.info/i9lya,yes,No,No
spam,बधाई हो! आपका Spotify खाता एक फ्री स्मार्टफोन (Rs.200) के लिए चुना गया है। अभी दावा करें: http://bonus-cashout.xyz/y5ioa,yes,No,No
spam,"Uber कस्टमर सर्विस: आपका Rs.300 का रिफंड पेंडिंग है, दावा करने के लिए क्लिक करें: http://gift-redeem-now.co.in/c9gr4",yes,No,No
spam,Paytm आज 100 लकी कस्टमर्स को फ्री गिफ्ट हैम्पर दे रहा है। अपना पाने के लिए तुरंत कॉल करें 8204417508।,No,No,yes
spam,आप PhonePe के एनिवर्सरी कॉन्टेस्ट के लकी विनर हैं। Rs.250 का प्राइज पाने के लिए अपनी बैंक विवरण साझा करें।,No,No,No
spam,Lenskart लकी ड्रॉ: आपने एक फ्री सोने का सिक्का जीता है! एक्सपायर होने से पहले अभी कॉल करें 6467589129।,No,No,yes
spam,आप Ajio के एनिवर्सरी कॉन्टेस्ट के लकी विनर हैं। Rs.500 का प्राइज पाने के लिए अपनी बैंक विवरण साझा करें।,No,No,No
spam,Decathlon आज 100 लकी कस्टमर्स को फ्री सोने का सिक्का दे रहा है। अपना पाने के लिए तुरंत कॉल करें 9959838038।,No,No,yes
spam,Flipkart आज 100 लकी कस्टमर्स को फ्री शॉपिंग वाउचर दे रहा है। अपना पाने के लिए तुरंत कॉल करें 9204207886।,No,No,yes
spam,Amazon Prime Video आज 100 लकी कस्टमर्स को फ्री सोने का सिक्का दे रहा है। अपना पाने के लिए तुरंत कॉल करें 8673885792।,No,No,yes
spam,"IRCTC कस्टमर सर्विस: आपका Rs.250 का रिफंड पेंडिंग है, दावा करने के लिए क्लिक करें: http://reward-claim24.xyz/jp0un",yes,No,No
spam,"Policybazaar कस्टमर सर्विस: आपका Rs.500 का रिफंड पेंडिंग है, दावा करने के लिए क्लिक करें: http://bonus-cashout.xyz/8c44r",yes,No,No
spam,"Myntra कस्टमर सर्विस: आपका Rs.50 का रिफंड पेंडिंग है, दावा करने के लिए क्लिक करें: http://offer4u-claim.online/v5u5o",yes,No,No
spam,बधाई हो! आपका MakeMyTrip खाता एक फ्री स्मार्टवॉच (Rs.100) के लिए चुना गया है। अभी दावा करें: http://reward-claim24.xyz/57cle,yes,No,No
spam,"Vi कस्टमर सर्विस: आपका Rs.500 का रिफंड पेंडिंग है, दावा करने के लिए क्लिक करें: http://bonus-cashout.xyz/uxtqf",yes,No,No
spam,बधाई हो! आपका Tanishq खाता एक फ्री स्मार्टफोन (Rs.50) के लिए चुना गया है। अभी दावा करें: http://lucky-winner-alert.co/46kxc,yes,No,No
spam,"Decathlon कस्टमर सर्विस: आपका Rs.50 का रिफंड पेंडिंग है, दावा करने के लिए क्लिक करें: http://offer4u-claim.online/smw6y",yes,No,No
spam,"PhonePe कस्टमर सर्विस: आपका Rs.50 का रिफंड पेंडिंग है, दावा करने के लिए क्लिक करें: http://lucky-winner-alert.co/nhpf8",yes,No,No
spam,"ICICI Bank कस्टमर सर्विस: आपका Rs.300 का रिफंड पेंडिंग है, दावा करने के लिए क्लिक करें: http://offer4u-claim.online/sxb92",yes,No,No
spam,आप Tanishq के एनिवर्सरी कॉन्टेस्ट के लकी विनर हैं। Rs.250 का प्राइज पाने के लिए अपनी बैंक विवरण साझा करें।,No,No,No
spam,BYJU'S आज 100 लकी कस्टमर्स को फ्री स्मार्टफोन दे रहा है। अपना पाने के लिए तुरंत कॉल करें 9948563804।,No,No,yes
spam,Policybazaar आज 100 लकी कस्टमर्स को फ्री स्मार्टवॉच दे रहा है। अपना पाने के लिए तुरंत कॉल करें 7535557780।,No,No,yes
spam,आप Lenskart के एनिवर्सरी कॉन्टेस्ट के लकी विनर हैं। Rs.250 का प्राइज पाने के लिए अपनी बैंक विवरण साझा करें।,No,No,No
spam,बधाई हो! आपका Netflix खाता एक फ्री स्मार्टफोन (Rs.200) के लिए चुना गया है। अभी दावा करें: http://reward-claim24.xyz/ehoei,yes,No,No
spam,"Pepperfry कस्टमर सर्विस: आपका Rs.100 का रिफंड पेंडिंग है, दावा करने के लिए क्लिक करें: http://offer4u-claim.online/at9ck",yes,No,No
spam,"Titan कस्टमर सर्विस: आपका Rs.100 का रिफंड पेंडिंग है, दावा करने के लिए क्लिक करें: http://reward-claim24.xyz/rge4v",yes,No,No
spam,"Blinkit कस्टमर सर्विस: आपका Rs.500 का रिफंड पेंडिंग है, दावा करने के लिए क्लिक करें: http://lucky-winner-alert.co/7hu3v",yes,No,No
spam,1mg लकी ड्रॉ: आपने एक फ्री गिफ्ट हैम्पर जीता है! एक्सपायर होने से पहले अभी कॉल करें 6858071236।,No,No,yes
spam,"ICICI Bank कस्टमर सर्विस: आपका Rs.100 का रिफंड पेंडिंग है, दावा करने के लिए क्लिक करें: http://bonus-cashout.xyz/0102p",yes,No,No
spam,Airtel आज 100 लकी कस्टमर्स को फ्री गिफ्ट हैम्पर दे रहा है। अपना पाने के लिए तुरंत कॉल करें 9761382089।,No,No,yes
spam,ICICI Bank आज 100 लकी कस्टमर्स को फ्री स्मार्टफोन दे रहा है। अपना पाने के लिए तुरंत कॉल करें 9522144736।,No,No,yes
spam,बधाई हो! आपका Vi खाता एक फ्री स्मार्टवॉच (Rs.500) के लिए चुना गया है। अभी दावा करें: http://prize-verify.info/8oi1l,yes,No,No
spam,"Axis Bank कस्टमर सर्विस: आपका Rs.100 का रिफंड पेंडिंग है, दावा करने के लिए क्लिक करें: http://prize-verify.info/45eb8",yes,No,No
spam,"IndiGo कस्टमर सर्विस: आपका Rs.200 का रिफंड पेंडिंग है, दावा करने के लिए क्लिक करें: http://gift-redeem-now.co.in/vem68",yes,No,No
spam,"Tanishq कस्टमर सर्विस: आपका Rs.100 का रिफंड पेंडिंग है, दावा करने के लिए क्लिक करें: http://offer4u-claim.online/g68pp",yes,No,No
spam,बधाई हो! आपका Blinkit खाता एक फ्री स्मार्टवॉच (Rs.50) के लिए चुना गया है। अभी दावा करें: http://bonus-cashout.xyz/1bgo9,yes,No,No
spam,"PhonePe कस्टमर सर्विस: आपका Rs.300 का रिफंड पेंडिंग है, दावा करने के लिए क्लिक करें: http://lucky-winner-alert.co/jugsp",yes,No,No
spam,"Paytm कस्टमर सर्विस: आपका Rs.250 का रिफंड पेंडिंग है, दावा करने के लिए क्लिक करें: http://reward-claim24.xyz/yh2ec",yes,No,No
spam,Unacademy आज 100 लकी कस्टमर्स को फ्री शॉपिंग वाउचर दे रहा है। अपना पाने के लिए तुरंत कॉल करें 6729050433।,No,No,yes
spam,BookMyShow आज 100 लकी कस्टमर्स को फ्री सोने का सिक्का दे रहा है। अपना पाने के लिए तुरंत कॉल करें 8759267197।,No,No,yes
spam,Axis Bank लकी ड्रॉ: आपने एक फ्री सोने का सिक्का जीता है! एक्सपायर होने से पहले अभी कॉल करें 6906350602।,No,No,yes
spam,बधाई हो! आपका HDFC Bank खाता एक फ्री शॉपिंग वाउचर (Rs.150) के लिए चुना गया है। अभी दावा करें: http://offer4u-claim.online/gbjxc,yes,No,No
spam,BYJU'S लकी ड्रॉ: आपने एक फ्री स्मार्टफोन जीता है! एक्सपायर होने से पहले अभी कॉल करें 9358752632।,No,No,yes
spam,बधाई हो! आपका Goibibo खाता एक फ्री स्मार्टवॉच (Rs.300) के लिए चुना गया है। अभी दावा करें: http://offer4u-claim.online/x23kt,yes,No,No
spam,Unacademy आज 100 लकी कस्टमर्स को फ्री गिफ्ट हैम्पर दे रहा है। अपना पाने के लिए तुरंत कॉल करें 6114430263।,No,No,yes
spam,आप BigBasket के एनिवर्सरी कॉन्टेस्ट के लकी विनर हैं। Rs.250 का प्राइज पाने के लिए अपनी बैंक विवरण साझा करें।,No,No,No
spam,बधाई हो! आपका Flipkart खाता एक फ्री गिफ्ट हैम्पर (Rs.300) के लिए चुना गया है। अभी दावा करें: http://bonus-cashout.xyz/ppinc,yes,No,No
spam,"Spotify कस्टमर सर्विस: आपका Rs.100 का रिफंड पेंडिंग है, दावा करने के लिए क्लिक करें: http://gift-redeem-now.co.in/7ipit",yes,No,No
spam,Lenskart आज 100 लकी कस्टमर्स को फ्री स्मार्टवॉच दे रहा है। अपना पाने के लिए तुरंत कॉल करें 9660819579।,No,No,yes
spam,"IndiGo कस्टमर सर्विस: आपका Rs.250 का रिफंड पेंडिंग है, दावा करने के लिए क्लिक करें: http://lucky-winner-alert.co/z95sj",yes,No,No
spam,Pepperfry आज 100 लकी कस्टमर्स को फ्री स्मार्टफोन दे रहा है। अपना पाने के लिए तुरंत कॉल करें 6141356219।,No,No,yes
spam,आप Meesho के एनिवर्सरी कॉन्टेस्ट के लकी विनर हैं। Rs.50 का प्राइज पाने के लिए अपनी बैंक विवरण साझा करें।,No,No,No
spam,BigBasket लकी ड्रॉ: आपने एक फ्री सोने का सिक्का जीता है! एक्सपायर होने से पहले अभी कॉल करें 8174629961।,No,No,yes
spam,"Jio कस्टमर सर्विस: आपका Rs.150 का रिफंड पेंडिंग है, दावा करने के लिए क्लिक करें: http://offer4u-claim.online/4k2ts",yes,No,No
spam,Decathlon लकी ड्रॉ: आपने एक फ्री स्मार्टवॉच जीता है! एक्सपायर होने से पहले अभी कॉल करें 7693375774।,No,No,yes
spam,"Myntra कस्टमर सर्विस: आपका Rs.150 का रिफंड पेंडिंग है, दावा करने के लिए क्लिक करें: http://bonus-cashout.xyz/a9c6o",yes,No,No
spam,बधाई हो! आपका Meesho खाता एक फ्री गिफ्ट हैम्पर (Rs.300) के लिए चुना गया है। अभी दावा करें: http://reward-claim24.xyz/nquhj,yes,No,No
spam,1mg लकी ड्रॉ: आपने एक फ्री गिफ्ट हैम्पर जीता है! एक्सपायर होने से पहले अभी कॉल करें 9213024253।,No,No,yes
spam,BookMyShow लकी ड्रॉ: आपने एक फ्री शॉपिंग वाउचर जीता है! एक्सपायर होने से पहले अभी कॉल करें 8424474758।,No,No,yes
spam,Ajio आज 100 लकी कस्टमर्स को फ्री शॉपिंग वाउचर दे रहा है। अपना पाने के लिए तुरंत कॉल करें 8799879267।,No,No,yes
spam,"Jio कस्टमर सर्विस: आपका Rs.100 का रिफंड पेंडिंग है, दावा करने के लिए क्लिक करें: http://prize-verify.info/c7tb7",yes,No,No
spam,"Uber कस्टमर सर्विस: आपका Rs.500 का रिफंड पेंडिंग है, दावा करने के लिए क्लिक करें: http://bonus-cashout.xyz/d7ih7",yes,No,No
spam,बधाई हो! आपका MakeMyTrip खाता एक फ्री सोने का सिक्का (Rs.500) के लिए चुना गया है। अभी दावा करें: http://reward-claim24.xyz/ygl18,yes,No,No
spam,बधाई हो! आपका Blinkit खाता एक फ्री स्मार्टफोन (Rs.100) के लिए चुना गया है। अभी दावा करें: http://prize-verify.info/44r6p,yes,No,No
spam,redBus आज 100 लकी कस्टमर्स को फ्री स्मार्टवॉच दे रहा है। अपना पाने के लिए तुरंत कॉल करें 9743573787।,No,No,yes
spam,"ICICI Bank कस्टमर सर्विस: आपका Rs.50 का रिफंड पेंडिंग है, दावा करने के लिए क्लिक करें: http://gift-redeem-now.co.in/yd6ty",yes,No,No
spam,आप Axis Bank के एनिवर्सरी कॉन्टेस्ट के लकी विनर हैं। Rs.50 का प्राइज पाने के लिए अपनी बैंक विवरण साझा करें।,No,No,No
spam,"IndiGo कस्टमर सर्विस: आपका Rs.150 का रिफंड पेंडिंग है, दावा करने के लिए क्लिक करें: http://prize-verify.info/842zm",yes,No,No
spam,आप Uber के एनिवर्सरी कॉन्टेस्ट के लकी विनर हैं। Rs.300 का प्राइज पाने के लिए अपनी बैंक विवरण साझा करें।,No,No,No
spam,"Pepperfry कस्टमर सर्विस: आपका Rs.200 का रिफंड पेंडिंग है, दावा करने के लिए क्लिक करें: http://prize-verify.info/f9qxw",yes,No,No
spam,Spotify आज 100 लकी कस्टमर्स को फ्री गिफ्ट हैम्पर दे रहा है। अपना पाने के लिए तुरंत कॉल करें 6771264626।,No,No,yes
spam,Tanishq लकी ड्रॉ: आपने एक फ्री स्मार्टवॉच जीता है! एक्सपायर होने से पहले अभी कॉल करें 9471679115।,No,No,yes
spam,Meesho लकी ड्रॉ: आपने एक फ्री सोने का सिक्का जीता है! एक्सपायर होने से पहले अभी कॉल करें 9073852509।,No,No,yes
spam,Uber लकी ड्रॉ: आपने एक फ्री शॉपिंग वाउचर जीता है! एक्सपायर होने से पहले अभी कॉल करें 6093633543।,No,No,yes
spam,बधाई हो! आपका Goibibo खाता एक फ्री शॉपिंग वाउचर (Rs.500) के लिए चुना गया है। अभी दावा करें: http://reward-claim24.xyz/gbq0h,yes,No,No
spam,बधाई हो! आपका BookMyShow खाता एक फ्री स्मार्टफोन (Rs.300) के लिए चुना गया है। अभी दावा करें: http://lucky-winner-alert.co/706hs,yes,No,No
spam,बधाई हो! आपका Meesho खाता एक फ्री शॉपिंग वाउचर (Rs.250) के लिए चुना गया है। अभी दावा करें: http://prize-verify.info/u6xfz,yes,No,No
spam,बधाई हो! आपका Airtel खाता एक फ्री शॉपिंग वाउचर (Rs.250) के लिए चुना गया है। अभी दावा करें: http://offer4u-claim.online/n7yjf,yes,No,No
spam,ICICI Bank आज 100 लकी कस्टमर्स को फ्री स्मार्टफोन दे रहा है। अपना पाने के लिए तुरंत कॉल करें 6073209859।,No,No,yes
spam,"redBus कस्टमर सर्विस: आपका Rs.50 का रिफंड पेंडिंग है, दावा करने के लिए क्लिक करें: http://offer4u-claim.online/7mljv",yes,No,No
spam,redBus आज 100 लकी कस्टमर्स को फ्री सोने का सिक्का दे रहा है। अपना पाने के लिए तुरंत कॉल करें 8221740015।,No,No,yes
spam,बधाई हो! आपका Paytm खाता एक फ्री गिफ्ट हैम्पर (Rs.300) के लिए चुना गया है। अभी दावा करें: http://offer4u-claim.online/xim50,yes,No,No
spam,"Ajio कस्टमर सर्विस: आपका Rs.150 का रिफंड पेंडिंग है, दावा करने के लिए क्लिक करें: http://lucky-winner-alert.co/rror1",yes,No,No
spam,Zepto आज 100 लकी कस्टमर्स को फ्री शॉपिंग वाउचर दे रहा है। अपना पाने के लिए तुरंत कॉल करें 7986572525।,No,No,yes
spam,बधाई हो! आपका Zomato खाता एक फ्री सोने का सिक्का (Rs.150) के लिए चुना गया है। अभी दावा करें: http://gift-redeem-now.co.in/pdo9y,yes,No,No
spam,आप HDFC Bank के एनिवर्सरी कॉन्टेस्ट के लकी विनर हैं। Rs.300 का प्राइज पाने के लिए अपनी बैंक विवरण साझा करें।,No,No,No
spam,बधाई हो! आपका Zepto खाता एक फ्री सोने का सिक्का (Rs.200) के लिए चुना गया है। अभी दावा करें: http://gift-redeem-now.co.in/wlu6v,yes,No,No
spam,boAt आज 100 लकी कस्टमर्स को फ्री गिफ्ट हैम्पर दे रहा है। अपना पाने के लिए तुरंत कॉल करें 8856147159।,No,No,yes
spam,बधाई हो! आपका Paytm खाता एक फ्री शॉपिंग वाउचर (Rs.250) के लिए चुना गया है। अभी दावा करें: http://offer4u-claim.online/hja3z,yes,No,No
spam,HDFC Bank लकी ड्रॉ: आपने एक फ्री स्मार्टवॉच जीता है! एक्सपायर होने से पहले अभी कॉल करें 6493262233।,No,No,yes
spam,redBus लकी ड्रॉ: आपने एक फ्री गिफ्ट हैम्पर जीता है! एक्सपायर होने से पहले अभी कॉल करें 6645494831।,No,No,yes
spam,"Myntra कस्टमर सर्विस: आपका Rs.500 का रिफंड पेंडिंग है, दावा करने के लिए क्लिक करें: http://bonus-cashout.xyz/6wxv8",yes,No,No
spam,"IndiGo कस्टमर सर्विस: आपका Rs.50 का रिफंड पेंडिंग है, दावा करने के लिए क्लिक करें: http://lucky-winner-alert.co/g0glw",yes,No,No
spam,Paytm लकी ड्रॉ: आपने एक फ्री स्मार्टवॉच जीता है! एक्सपायर होने से पहले अभी कॉल करें 6655168197।,No,No,yes
spam,बधाई हो! आपका 1mg खाता एक फ्री शॉपिंग वाउचर (Rs.100) के लिए चुना गया है। अभी दावा करें: http://bonus-cashout.xyz/185nq,yes,No,No
spam,"Ola कस्टमर सर्विस: आपका Rs.200 का रिफंड पेंडिंग है, दावा करने के लिए क्लिक करें: http://lucky-winner-alert.co/saawx",yes,No,No
spam,"BookMyShow कस्टमर सर्विस: आपका Rs.250 का रिफंड पेंडिंग है, दावा करने के लिए क्लिक करें: http://prize-verify.info/9dcde",yes,No,No
spam,Decathlon आज 100 लकी कस्टमर्स को फ्री स्मार्टफोन दे रहा है। अपना पाने के लिए तुरंत कॉल करें 8688811425।,No,No,yes
spam,cult.fit आज 100 लकी कस्टमर्स को फ्री सोने का सिक्का दे रहा है। अपना पाने के लिए तुरंत कॉल करें 9032678418।,No,No,yes
spam,BookMyShow लकी ड्रॉ: आपने एक फ्री गिफ्ट हैम्पर जीता है! एक्सपायर होने से पहले अभी कॉल करें 9938609112।,No,No,yes
spam,बधाई हो! आपका PhonePe खाता एक फ्री स्मार्टफोन (Rs.100) के लिए चुना गया है। अभी दावा करें: http://reward-claim24.xyz/hczg8,yes,No,No
spam,Disney+ Hotstar आज 100 लकी कस्टमर्स को फ्री गिफ्ट हैम्पर दे रहा है। अपना पाने के लिए तुरंत कॉल करें 6273431740।,No,No,yes
spam,Amazon लकी ड्रॉ: आपने एक फ्री गिफ्ट हैम्पर जीता है! एक्सपायर होने से पहले अभी कॉल करें 8550999717।,No,No,yes
spam,बधाई हो! आपका Nykaa खाता एक फ्री स्मार्टफोन (Rs.50) के लिए चुना गया है। अभी दावा करें: http://bonus-cashout.xyz/ke54x,yes,No,No
spam,आप Unacademy के एनिवर्सरी कॉन्टेस्ट के लकी विनर हैं। Rs.250 का प्राइज पाने के लिए अपनी बैंक विवरण साझा करें।,No,No,No
spam,"Goibibo कस्टमर सर्विस: आपका Rs.100 का रिफंड पेंडिंग है, दावा करने के लिए क्लिक करें: http://gift-redeem-now.co.in/jc4v2",yes,No,No
spam,"redBus कस्टमर सर्विस: आपका Rs.200 का रिफंड पेंडिंग है, दावा करने के लिए क्लिक करें: http://offer4u-claim.online/0i7uc",yes,No,No
spam,SBI Card लकी ड्रॉ: आपने एक फ्री गिफ्ट हैम्पर जीता है! एक्सपायर होने से पहले अभी कॉल करें 8377837930।,No,No,yes
spam,"Swiggy कस्टमर सर्विस: आपका Rs.200 का रिफंड पेंडिंग है, दावा करने के लिए क्लिक करें: http://lucky-winner-alert.co/gfdy3",yes,No,No
spam,Swiggy लकी ड्रॉ: आपने एक फ्री सोने का सिक्का जीता है! एक्सपायर होने से पहले अभी कॉल करें 7171230053।,No,No,yes
spam,"1mg कस्टमर सर्विस: आपका Rs.150 का रिफंड पेंडिंग है, दावा करने के लिए क्लिक करें: http://reward-claim24.xyz/vkvr7",yes,No,No
spam,MakeMyTrip आज 100 लकी कस्टमर्स को फ्री सोने का सिक्का दे रहा है। अपना पाने के लिए तुरंत कॉल करें 7120690626।,No,No,yes
spam,आप IndiGo के एनिवर्सरी कॉन्टेस्ट के लकी विनर हैं। Rs.500 का प्राइज पाने के लिए अपनी बैंक विवरण साझा करें।,No,No,No
spam,बधाई हो! आपका boAt खाता एक फ्री स्मार्टफोन (Rs.100) के लिए चुना गया है। अभी दावा करें: http://bonus-cashout.xyz/izgap,yes,No,No
spam,redBus आज 100 लकी कस्टमर्स को फ्री स्मार्टवॉच दे रहा है। अपना पाने के लिए तुरंत कॉल करें 7051319010।,No,No,yes
spam,Goibibo लकी ड्रॉ: आपने एक फ्री शॉपिंग वाउचर जीता है! एक्सपायर होने से पहले अभी कॉल करें 7485780534।,No,No,yes
spam,आप redBus के एनिवर्सरी कॉन्टेस्ट के लकी विनर हैं। Rs.250 का प्राइज पाने के लिए अपनी बैंक विवरण साझा करें।,No,No,No
spam,Airtel लकी ड्रॉ: आपने एक फ्री गिफ्ट हैम्पर जीता है! एक्सपायर होने से पहले अभी कॉल करें 8449382044।,No,No,yes
spam,आप CRED के एनिवर्सरी कॉन्टेस्ट के लकी विनर हैं। Rs.300 का प्राइज पाने के लिए अपनी बैंक विवरण साझा करें।,No,No,No
spam,Zomato लकी ड्रॉ: आपने एक फ्री सोने का सिक्का जीता है! एक्सपायर होने से पहले अभी कॉल करें 6663115331।,No,No,yes
spam,Swiggy आज 100 लकी कस्टमर्स को फ्री स्मार्टवॉच दे रहा है। अपना पाने के लिए तुरंत कॉल करें 8291656607।,No,No,yes
spam,"ICICI Bank कस्टमर सर्विस: आपका Rs.200 का रिफंड पेंडिंग है, दावा करने के लिए क्लिक करें: http://gift-redeem-now.co.in/srkiw",yes,No,No
spam,बधाई हो! आपका Ajio खाता एक फ्री स्मार्टफोन (Rs.250) के लिए चुना गया है। अभी दावा करें: http://lucky-winner-alert.co/x3916,yes,No,No
spam,बधाई हो! आपका PhonePe खाता एक फ्री सोने का सिक्का (Rs.200) के लिए चुना गया है। अभी दावा करें: http://offer4u-claim.online/qeee8,yes,No,No
spam,ICICI Bank आज 100 लकी कस्टमर्स को फ्री स्मार्टफोन दे रहा है। अपना पाने के लिए तुरंत कॉल करें 8393178527।,No,No,yes
spam,Airtel लकी ड्रॉ: आपने एक फ्री गिफ्ट हैम्पर जीता है! एक्सपायर होने से पहले अभी कॉल करें 7259747701।,No,No,yes
spam,बधाई हो! आपका redBus खाता एक फ्री शॉपिंग वाउचर (Rs.150) के लिए चुना गया है। अभी दावा करें: http://bonus-cashout.xyz/wy9kv,yes,No,No
spam,"IndiGo कस्टमर सर्विस: आपका Rs.250 का रिफंड पेंडिंग है, दावा करने के लिए क्लिक करें: http://prize-verify.info/o53zi",yes,No,No
spam,Nykaa लकी ड्रॉ: आपने एक फ्री शॉपिंग वाउचर जीता है! एक्सपायर होने से पहले अभी कॉल करें 7977353519।,No,No,yes
spam,"cult.fit कस्टमर सर्विस: आपका Rs.300 का रिफंड पेंडिंग है, दावा करने के लिए क्लिक करें: http://lucky-winner-alert.co/csmyi",yes,No,No
spam,बधाई हो! आपका redBus खाता एक फ्री शॉपिंग वाउचर (Rs.150) के लिए चुना गया है। अभी दावा करें: http://offer4u-claim.online/fvu2a,yes,No,No
spam,Goibibo लकी ड्रॉ: आपने एक फ्री गिफ्ट हैम्पर जीता है! एक्सपायर होने से पहले अभी कॉल करें 6267861888।,No,No,yes
spam,ICICI Bank आज 100 लकी कस्टमर्स को फ्री स्मार्टवॉच दे रहा है। अपना पाने के लिए तुरंत कॉल करें 6083261619।,No,No,yes
spam,Blinkit आज 100 लकी कस्टमर्स को फ्री शॉपिंग वाउचर दे रहा है। अपना पाने के लिए तुरंत कॉल करें 7691531779।,No,No,yes
spam,Vi आज 100 लकी कस्टमर्स को फ्री स्मार्टवॉच दे रहा है। अपना पाने के लिए तुरंत कॉल करें 6563756324।,No,No,yes
spam,"Goibibo कस्टमर सर्विस: आपका Rs.300 का रिफंड पेंडिंग है, दावा करने के लिए क्लिक करें: http://reward-claim24.xyz/cb7wm",yes,No,No
spam,"Unacademy कस्टमर सर्विस: आपका Rs.100 का रिफंड पेंडिंग है, दावा करने के लिए क्लिक करें: http://offer4u-claim.online/aqjqq",yes,No,No
spam,1mg आज 100 लकी कस्टमर्स को फ्री सोने का सिक्का दे रहा है। अपना पाने के लिए तुरंत कॉल करें 8836627318।,No,No,yes
spam,"Goibibo कस्टमर सर्विस: आपका Rs.250 का रिफंड पेंडिंग है, दावा करने के लिए क्लिक करें: http://reward-claim24.xyz/lz89n",yes,No,No
spam,Netflix आज 100 लकी कस्टमर्स को फ्री शॉपिंग वाउचर दे रहा है। अपना पाने के लिए तुरंत कॉल करें 7298498033।,No,No,yes
spam,Unacademy आज 100 लकी कस्टमर्स को फ्री स्मार्टफोन दे रहा है। अपना पाने के लिए तुरंत कॉल करें 7501517254।,No,No,yes
spam,Airtel आज 100 लकी कस्टमर्स को फ्री गिफ्ट हैम्पर दे रहा है। अपना पाने के लिए तुरंत कॉल करें 7537097886।,No,No,yes
spam,बधाई हो! आपका Flipkart खाता एक फ्री स्मार्टफोन (Rs.100) के लिए चुना गया है। अभी दावा करें: http://reward-claim24.xyz/oxpv2,yes,No,No
spam,Nykaa आज 100 लकी कस्टमर्स को फ्री शॉपिंग वाउचर दे रहा है। अपना पाने के लिए तुरंत कॉल करें 6583175881।,No,No,yes
spam,बधाई हो! आपका IndiGo खाता एक फ्री स्मार्टवॉच (Rs.250) के लिए चुना गया है। अभी दावा करें: http://bonus-cashout.xyz/p9ahu,yes,No,No
spam,बधाई हो! आपका boAt खाता एक फ्री शॉपिंग वाउचर (Rs.500) के लिए चुना गया है। अभी दावा करें: http://prize-verify.info/bvby7,yes,No,No
spam,"Domino's कस्टमर सर्विस: आपका Rs.200 का रिफंड पेंडिंग है, दावा करने के लिए क्लिक करें: http://prize-verify.info/w0pnp",yes,No,No
spam,Ajio लकी ड्रॉ: आपने एक फ्री गिफ्ट हैम्पर जीता है! एक्सपायर होने से पहले अभी कॉल करें 6320290847।,No,No,yes
spam,"cult.fit कस्टमर सर्विस: आपका Rs.200 का रिफंड पेंडिंग है, दावा करने के लिए क्लिक करें: http://bonus-cashout.xyz/uyk5w",yes,No,No
spam,बधाई हो! आपका Disney+ Hotstar खाता एक फ्री गिफ्ट हैम्पर (Rs.100) के लिए चुना गया है। अभी दावा करें: http://offer4u-claim.online/06ppo,yes,No,No
