LABEL,TEXT,URL,EMAIL,PHONE
spam,"By mistake Rs.27,079 got transferred to your account from mine, please refund at the earliest to gaqxcz12@axl.",No,No,No
spam,"By mistake Rs.98,568 got transferred to your account from mine, please refund at the earliest to eeivfc14@axl.",No,No,No
spam,"Hi, I think I sent Rs.28,671 to you by error while paying someone else. Please return it to UPI ID yezbk38@paytm, thank you.",No,No,No
spam,"Post Matric Scholarship Alert: You are eligible for Rs.71,074 under the scheme. Share your Aadhaar and bank account number to claim.",No,No,No
spam,"Due to a technical error in your Broadband meter reading, your connection is scheduled for termination tonight.",No,No,No
spam,Your insurance policy maturity amount of Rs.902 is ready. Send your bank passbook details to receive payment.,No,No,No
spam,LPG connection will be terminated tonight due to pending meter verification.,No,No,No
spam,"Hi, I think I sent Rs.42,453 to you by error while paying someone else. Please return it to UPI ID buhjdvct96@oksbi, thank you.",No,No,No
spam,Final notice: Broadband connection at your address will be disconnected due to unverified meter details.,No,No,No
spam,"Your insurance policy maturity amount of Rs.1,647 is ready. Send your bank passbook details to receive payment.",No,No,No
spam,Broadband connection will be terminated tonight due to pending meter verification.,No,No,No
spam,Your Punjab National Bank personal loan of Rs.509 is pre-approved. Share your bank account and Aadhaar details to process.,No,No,No
spam,"Your Water meter inspection is overdue, service will be terminated within 24 hours.",No,No,No
spam,"Hi, I think I sent Rs.523 to you by error while paying someone else. Please return it to UPI ID jpnxk@okhdfcbank, thank you.",No,No,No
spam,"Due to a technical error in your Electricity meter reading, your connection is scheduled for termination tonight.",No,No,No
spam,Final notice: Water connection at your address will be disconnected due to unverified meter details.,No,No,No
spam,"By mistake Rs.59,323 got transferred to your account from mine, please refund at the earliest to ewyaw@paytm.",No,No,No
spam,"Your Punjab National Bank personal loan of Rs.3,913 is pre-approved. Share your bank account and Aadhaar details to process.",No,No,No
spam,Notice: your Broadband supply will be cut off due to incomplete meter reading update.,No,No,No
spam,"Due to a technical error in your Piped Gas meter reading, your connection is scheduled for termination tonight.",No,No,No
spam,"I accidentally sent Rs.1,051 to your Google Pay by mistake. Please refund it to this UPI ID: nepludfk62@okhdfcbank",No,No,No
spam,"Due to a technical error in your LPG meter reading, your connection is scheduled for termination tonight.",No,No,No
spam,"I accidentally sent Rs.8,213 to your PhonePe by mistake. Please refund it to this UPI ID: msuwoeiv10@axl",No,No,No
spam,"You have been selected for a work-from-home job with Wipro. Share your bank details to receive the joining bonus of Rs.93,465.",No,No,No
spam,Your insurance policy maturity amount of Rs.698 is ready. Send your bank passbook details to receive payment.,No,No,No
spam,"Sorry, I transferred Rs.4,186 to the wrong number by mistake, this looks like your account. Kindly send it back to hwgcpzbz19@axl.",No,No,No
spam,PMAY Alert: You are eligible for Rs.858 under the scheme. Share your Aadhaar and bank account number to claim.,No,No,No
spam,Notice: your Piped Gas supply will be cut off due to incomplete meter reading update.,No,No,No
spam,PM Kisan Samman Nidhi Alert: You are eligible for Rs.853 under the scheme. Share your Aadhaar and bank account number to claim.,No,No,No
spam,National Scholarship Portal Alert: You are eligible for Rs.504 under the scheme. Share your Aadhaar and bank account number to claim.,No,No,No
spam,"Your LPG meter inspection is overdue, service will be terminated within 24 hours.",No,No,No
spam,"Your insurance policy maturity amount of Rs.80,189 is ready. Send your bank passbook details to receive payment.",No,No,No
spam,"Your Piped Gas service will be discontinued tomorrow morning, verification pending at our end.",No,No,No
spam,Final notice: LPG connection at your address will be disconnected due to unverified meter details.,No,No,No
spam,"Your Water service will be discontinued tomorrow morning, verification pending at our end.",No,No,No
spam,Final notice: Piped Gas connection at your address will be disconnected due to unverified meter details.,No,No,No
spam,PM Ujjwala Yojana: Your scholarship benefit of Rs.762 is ready for transfer. Submit your bank passbook details to receive it.,No,No,No
spam,"Congratulations, your application under LPG Subsidy Scheme has been approved for Rs.900. Send your bank details for disbursement.",No,No,No
spam,Your insurance policy maturity amount of Rs.559 is ready. Send your bank passbook details to receive payment.,No,No,No
spam,"I accidentally sent Rs.9,086 to your Paytm by mistake. Please refund it to this UPI ID: ayopmxmo@ybl",No,No,No
spam,"By mistake Rs.10,356 got transferred to your account from mine, please refund at the earliest to wsapc@oksbi.",No,No,No
spam,Notice: your Electricity supply will be cut off due to incomplete meter reading update.,No,No,No
spam,"You have been selected for a work-from-home job with TCS. Share your bank details to receive the joining bonus of Rs.74,672.",No,No,No
spam,"By mistake Rs.697 got transferred to your account from mine, please refund at the earliest to ikqzisk@axl.",No,No,No
spam,Your insurance policy maturity amount of Rs.735 is ready. Send your bank passbook details to receive payment.,No,No,No
spam,"Hi, I think I sent Rs.4,678 to you by error while paying someone else. Please return it to UPI ID nozwars@okicici, thank you.",No,No,No
spam,"Hi, I think I sent Rs.10,418 to you by error while paying someone else. Please return it to UPI ID zkxooq87@paytm, thank you.",No,No,No
spam,"By mistake Rs.9,122 got transferred to your account from mine, please refund at the earliest to xkyydqf48@ibl.",No,No,No
spam,"By mistake Rs.96,856 got transferred to your account from mine, please refund at the earliest to ethzdy@ibl.",No,No,No
spam,"I accidentally sent Rs.2,187 to your Google Pay by mistake. Please refund it to this UPI ID: xrgrxck@ybl",No,No,No
spam,"I accidentally sent Rs.9,257 to your PhonePe by mistake. Please refund it to this UPI ID: pimtbst@okicici",No,No,No
spam,"PM Kisan Samman Nidhi Alert: You are eligible for Rs.25,759 under the scheme. Share your Aadhaar and bank account number to claim.",No,No,No
spam,"Your Bank of Baroda personal loan of Rs.6,082 is pre-approved. Share your bank account and Aadhaar details to process.",No,No,No
spam,"National Scholarship Portal Alert: You are eligible for Rs.37,109 under the scheme. Share your Aadhaar and bank account number to claim.",No,No,No
spam,Your ICICI Bank personal loan of Rs.559 is pre-approved. Share your bank account and Aadhaar details to process.,No,No,No
spam,"Sorry, I transferred Rs.8,485 to the wrong number by mistake, this looks like your account. Kindly send it back to lsvapyaa@axl.",No,No,No
spam,You have been selected for a work-from-home job with Wipro. Share your bank details to receive the joining bonus of Rs.657.,No,No,No
spam,Notice: your LPG supply will be cut off due to incomplete meter reading update.,No,No,No
spam,"Hi, I think I sent Rs.32,218 to you by error while paying someone else. Please return it to UPI ID uiyaobkh51@okicici, thank you.",No,No,No
spam,"Due to a technical error in your Water meter reading, your connection is scheduled for termination tonight.",No,No,No
spam,"By mistake Rs.82,256 got transferred to your account from mine, please refund at the earliest to eofhbc43@axl.",No,No,No
spam,"Ayushman Bharat: Your scholarship benefit of Rs.8,322 is ready for transfer. Submit your bank passbook details to receive it.",No,No,No
spam,"Your LPG service will be discontinued tomorrow morning, verification pending at our end.",No,No,No
spam,Final notice: Electricity connection at your address will be disconnected due to unverified meter details.,No,No,No
spam,"Your insurance policy maturity amount of Rs.44,246 is ready. Send your bank passbook details to receive payment.",No,No,No
spam,Water connection will be terminated tonight due to pending meter verification.,No,No,No
spam,"Your ICICI Bank personal loan of Rs.12,667 is pre-approved. Share your bank account and Aadhaar details to process.",No,No,No
spam,Your insurance policy maturity amount of Rs.970 is ready. Send your bank passbook details to receive payment.,No,No,No
spam,"Congratulations, your application under State Scholarship Scheme has been approved for Rs.28,368. Send your bank details for disbursement.",No,No,No
spam,"Your ICICI Bank personal loan of Rs.52,441 is pre-approved. Share your bank account and Aadhaar details to process.",No,No,No
spam,"Your Punjab National Bank personal loan of Rs.9,099 is pre-approved. Share your bank account and Aadhaar details to process.",No,No,No
spam,I accidentally sent Rs.799 to your PhonePe by mistake. Please refund it to this UPI ID: jinhjq85@paytm,No,No,No
spam,"Sorry, I transferred Rs.3,961 to the wrong number by mistake, this looks like your account. Kindly send it back to antfw58@okhdfcbank.",No,No,No
spam,"National Scholarship Portal Alert: You are eligible for Rs.38,497 under the scheme. Share your Aadhaar and bank account number to claim.",No,No,No
spam,"I accidentally sent Rs.52,897 to your Amazon Pay by mistake. Please refund it to this UPI ID: jdeasvo55@ybl",No,No,No
spam,"By mistake Rs.816 got transferred to your account from mine, please refund at the earliest to imbupq@okicici.",No,No,No
spam,"By mistake Rs.625 got transferred to your account from mine, please refund at the earliest to xmadcdbg95@ybl.",No,No,No
spam,"Congratulations, your application under LPG Subsidy Scheme has been approved for Rs.7,113. Send your bank details for disbursement.",No,No,No
spam,"By mistake Rs.72,857 got transferred to your account from mine, please refund at the earliest to zxvqjnt17@axl.",No,No,No
spam,"You have been selected for a work-from-home job with Flipkart. Share your bank details to receive the joining bonus of Rs.16,533.",No,No,No
spam,"Your Punjab National Bank personal loan of Rs.8,437 is pre-approved. Share your bank account and Aadhaar details to process.",No,No,No
spam,"I accidentally sent Rs.59,737 to your PhonePe by mistake. Please refund it to this UPI ID: zpumym@okhdfcbank",No,No,No
spam,"Sorry, I transferred Rs.537 to the wrong number by mistake, this looks like your account. Kindly send it back to lkpahi91@ibl.",No,No,No
spam,"Your Broadband service will be discontinued tomorrow morning, verification pending at our end.",No,No,No
spam,"I accidentally sent Rs.3,908 to your Google Pay by mistake. Please refund it to this UPI ID: pqbezb65@oksbi",No,No,No
spam,Post Matric Scholarship Alert: You are eligible for Rs.849 under the scheme. Share your Aadhaar and bank account number to claim.,No,No,No
spam,I accidentally sent Rs.931 to your Google Pay by mistake. Please refund it to this UPI ID: srmtiv@ibl,No,No,No
spam,"Your insurance policy maturity amount of Rs.91,577 is ready. Send your bank passbook details to receive payment.",No,No,No
spam,"I accidentally sent Rs.99,350 to your Google Pay by mistake. Please refund it to this UPI ID: zsmoxapd76@okhdfcbank",No,No,No
spam,You have been selected for a work-from-home job with Amazon. Share your bank details to receive the joining bonus of Rs.772.,No,No,No
spam,"Congratulations, your application under State Scholarship Scheme has been approved for Rs.10,512. Send your bank details for disbursement.",No,No,No
spam,"Sorry, I transferred Rs.806 to the wrong number by mistake, this looks like your account. Kindly send it back to umxboxtx72@ybl.",No,No,No
spam,"Your insurance policy maturity amount of Rs.34,855 is ready. Send your bank passbook details to receive payment.",No,No,No
spam,"By mistake Rs.2,824 got transferred to your account from mine, please refund at the earliest to jovxt@paytm.",No,No,No
spam,"Your insurance policy maturity amount of Rs.5,508 is ready. Send your bank passbook details to receive payment.",No,No,No
spam,"By mistake Rs.4,326 got transferred to your account from mine, please refund at the earliest to gdyevyk22@paytm.",No,No,No
spam,Your ICICI Bank personal loan of Rs.586 is pre-approved. Share your bank account and Aadhaar details to process.,No,No,No
spam,Your Bank of Baroda personal loan of Rs.612 is pre-approved. Share your bank account and Aadhaar details to process.,No,No,No
spam,State Scholarship Scheme: Your scholarship benefit of Rs.727 is ready for transfer. Submit your bank passbook details to receive it.,No,No,No
spam,"Your insurance policy maturity amount of Rs.1,764 is ready. Send your bank passbook details to receive payment.",No,No,No
spam,PM Ujjwala Yojana: Your scholarship benefit of Rs.616 is ready for transfer. Submit your bank passbook details to receive it.,No,No,No
spam,"You have been selected for a work-from-home job with Amazon. Share your bank details to receive the joining bonus of Rs.3,063.",No,No,No
spam,PMAY: Your scholarship benefit of Rs.903 is ready for transfer. Submit your bank passbook details to receive it.,No,No,No
spam,"Sorry, I transferred Rs.2,851 to the wrong number by mistake, this looks like your account. Kindly send it back to vutgxqqt43@okicici.",No,No,No
spam,"Your insurance policy maturity amount of Rs.3,758 is ready. Send your bank passbook details to receive payment.",No,No,No
spam,Your insurance policy maturity amount of Rs.909 is ready. Send your bank passbook details to receive payment.,No,No,No
spam,"Hi, I think I sent Rs.647 to you by error while paying someone else. Please return it to UPI ID asnmbhht18@okhdfcbank, thank you.",No,No,No
spam,Your insurance policy maturity amount of Rs.635 is ready. Send your bank passbook details to receive payment.,No,No,No
spam,"Your Electricity service will be discontinued tomorrow morning, verification pending at our end.",No,No,No
spam,"I accidentally sent Rs.96,824 to your PhonePe by mistake. Please refund it to this UPI ID: xppuuc81@ybl",No,No,No
spam,"I accidentally sent Rs.1,493 to your PhonePe by mistake. Please refund it to this UPI ID: wyrvkref97@ybl",No,No,No
spam,"PM Ujjwala Yojana: Your scholarship benefit of Rs.21,017 is ready for transfer. Submit your bank passbook details to receive it.",No,No,No
spam,"Congratulations, your application under LPG Subsidy Scheme has been approved for Rs.5,437. Send your bank details for disbursement.",No,No,No
spam,"By mistake Rs.697 got transferred to your account from mine, please refund at the earliest to fmfjp97@ybl.",No,No,No
spam,"Congratulations, your application under PMAY has been approved for Rs.53,150. Send your bank details for disbursement.",No,No,No
spam,"Congratulations, your application under Ayushman Bharat has been approved for Rs.61,764. Send your bank details for disbursement.",No,No,No
spam,Post Matric Scholarship: Your scholarship benefit of Rs.948 is ready for transfer. Submit your bank passbook details to receive it.,No,No,No
spam,"Congratulations, your application under Post Matric Scholarship has been approved for Rs.65,468. Send your bank details for disbursement.",No,No,No
spam,"Hi, I think I sent Rs.40,804 to you by error while paying someone else. Please return it to UPI ID sbsimjdr77@paytm, thank you.",No,No,No
spam,"Sorry, I transferred Rs.37,666 to the wrong number by mistake, this looks like your account. Kindly send it back to pvzhee72@ibl.",No,No,No
spam,"Your insurance policy maturity amount of Rs.7,479 is ready. Send your bank passbook details to receive payment.",No,No,No
spam,"Congratulations, your application under State Scholarship Scheme has been approved for Rs.3,769. Send your bank details for disbursement.",No,No,No
spam,"You have been selected for a work-from-home job with Amazon. Share your bank details to receive the joining bonus of Rs.8,145.",No,No,No
spam,Your insurance policy maturity amount of Rs.955 is ready. Send your bank passbook details to receive payment.,No,No,No
spam,"Your Broadband meter inspection is overdue, service will be terminated within 24 hours.",No,No,No
spam,You have been selected for a work-from-home job with Wipro. Share your bank details to receive the joining bonus of Rs.720.,No,No,No
spam,"I accidentally sent Rs.42,541 to your Paytm by mistake. Please refund it to this UPI ID: ufchhhb29@ybl",No,No,No
spam,"Your insurance policy maturity amount of Rs.5,371 is ready. Send your bank passbook details to receive payment.",No,No,No
spam,Piped Gas connection will be terminated tonight due to pending meter verification.,No,No,No
spam,"Congratulations, your application under National Scholarship Portal has been approved for Rs.9,458. Send your bank details for disbursement.",No,No,No
spam,PM Kisan Samman Nidhi: Your scholarship benefit of Rs.911 is ready for transfer. Submit your bank passbook details to receive it.,No,No,No
spam,"Your Bank of Baroda personal loan of Rs.88,870 is pre-approved. Share your bank account and Aadhaar details to process.",No,No,No
spam,"By mistake Rs.42,568 got transferred to your account from mine, please refund at the earliest to frdljzvw59@axl.",No,No,No
spam,"I accidentally sent Rs.4,527 to your Paytm by mistake. Please refund it to this UPI ID: nmrved64@axl",No,No,No
spam,"Sorry, I transferred Rs.79,226 to the wrong number by mistake, this looks like your account. Kindly send it back to rgxeho@oksbi.",No,No,No
spam,Electricity connection will be terminated tonight due to pending meter verification.,No,No,No
spam,"Your insurance policy maturity amount of Rs.52,809 is ready. Send your bank passbook details to receive payment.",No,No,No
spam,"National Scholarship Portal: Your scholarship benefit of Rs.25,484 is ready for transfer. Submit your bank passbook details to receive it.",No,No,No
spam,"By mistake Rs.2,902 got transferred to your account from mine, please refund at the earliest to fkmwhuzv21@axl.",No,No,No
spam,"Congratulations, your application under Post Matric Scholarship has been approved for Rs.4,047. Send your bank details for disbursement.",No,No,No
spam,"Your ICICI Bank personal loan of Rs.4,203 is pre-approved. Share your bank account and Aadhaar details to process.",No,No,No
spam,"Congratulations, your application under PMAY has been approved for Rs.8,061. Send your bank details for disbursement.",No,No,No
spam,"Congratulations, your application under Post Matric Scholarship has been approved for Rs.8,794. Send your bank details for disbursement.",No,No,No
spam,Your insurance policy maturity amount of Rs.638 is ready. Send your bank passbook details to receive payment.,No,No,No
spam,"By mistake Rs.4,065 got transferred to your account from mine, please refund at the earliest to igfnxe@ybl.",No,No,No
spam,"Your Electricity meter inspection is overdue, service will be terminated within 24 hours.",No,No,No
spam,"PM Ujjwala Yojana Alert: You are eligible for Rs.48,759 under the scheme. Share your Aadhaar and bank account number to claim.",No,No,No
spam,I accidentally sent Rs.611 to your Amazon Pay by mistake. Please refund it to this UPI ID: orxoh15@ybl,No,No,No
spam,I accidentally sent Rs.949 to your Amazon Pay by mistake. Please refund it to this UPI ID: iarxpbw78@oksbi,No,No,No
spam,Your insurance policy maturity amount of Rs.716 is ready. Send your bank passbook details to receive payment.,No,No,No
spam,"LPG Subsidy Scheme: Your scholarship benefit of Rs.6,433 is ready for transfer. Submit your bank passbook details to receive it.",No,No,No
spam,"I accidentally sent Rs.8,934 to your PhonePe by mistake. Please refund it to this UPI ID: iaepqr35@oksbi",No,No,No
spam,"By mistake Rs.25,980 got transferred to your account from mine, please refund at the earliest to bxznroz@okicici.",No,No,No
spam,"I accidentally sent Rs.75,789 to your PhonePe by mistake. Please refund it to this UPI ID: dcwdhti66@ybl",No,No,No
spam,"You have been selected for a work-from-home job with HCL. Share your bank details to receive the joining bonus of Rs.80,766.",No,No,No
spam,"Congratulations, your application under Ayushman Bharat has been approved for Rs.840. Send your bank details for disbursement.",No,No,No
spam,"By mistake Rs.3,352 got transferred to your account from mine, please refund at the earliest to eoevyqnf49@ibl.",No,No,No
spam,"By mistake Rs.523 got transferred to your account from mine, please refund at the earliest to rmhfm@ibl.",No,No,No
spam,"I accidentally sent Rs.38,804 to your Amazon Pay by mistake. Please refund it to this UPI ID: eamqsad87@axl",No,No,No
spam,"PM Kisan Samman Nidhi Alert: You are eligible for Rs.4,630 under the scheme. Share your Aadhaar and bank account number to claim.",No,No,No
spam,"Hi, I think I sent Rs.20,430 to you by error while paying someone else. Please return it to UPI ID eqpqoww@ibl, thank you.",No,No,No
spam,"Hi, I think I sent Rs.919 to you by error while paying someone else. Please return it to UPI ID xudlowv91@ibl, thank you.",No,No,No
spam,"I accidentally sent Rs.2,532 to your Amazon Pay by mistake. Please refund it to this UPI ID: fifwgi@okhdfcbank",No,No,No
spam,"I accidentally sent Rs.9,841 to your PhonePe by mistake. Please refund it to this UPI ID: ynmni@oksbi",No,No,No
spam,"By mistake Rs.2,315 got transferred to your account from mine, please refund at the earliest to qdhyxja@okhdfcbank.",No,No,No
spam,"PM Kisan Samman Nidhi Alert: You are eligible for Rs.9,600 under the scheme. Share your Aadhaar and bank account number to claim.",No,No,No
spam,"LPG Subsidy Scheme: Your scholarship benefit of Rs.54,553 is ready for transfer. Submit your bank passbook details to receive it.",No,No,No
spam,"Sorry, I transferred Rs.749 to the wrong number by mistake, this looks like your account. Kindly send it back to lhmesh26@oksbi.",No,No,No
spam,"State Scholarship Scheme Alert: You are eligible for Rs.10,946 under the scheme. Share your Aadhaar and bank account number to claim.",No,No,No
spam,"Your insurance policy maturity amount of Rs.8,190 is ready. Send your bank passbook details to receive payment.",No,No,No
spam,"Your insurance policy maturity amount of Rs.70,185 is ready. Send your bank passbook details to receive payment.",No,No,No
spam,"Sorry, I transferred Rs.4,263 to the wrong number by mistake, this looks like your account. Kindly send it back to rhksbsa86@paytm.",No,No,No
spam,"Sorry, I transferred Rs.634 to the wrong number by mistake, this looks like your account. Kindly send it back to bnmnwynk36@axl.",No,No,No
spam,"Your insurance policy maturity amount of Rs.21,694 is ready. Send your bank passbook details to receive payment.",No,No,No
spam,"Sorry, I transferred Rs.61,183 to the wrong number by mistake, this looks like your account. Kindly send it back to inxvwa53@okicici.",No,No,No
spam,Your Kotak Mahindra Bank personal loan of Rs.856 is pre-approved. Share your bank account and Aadhaar details to process.,No,No,No
spam,"Your insurance policy maturity amount of Rs.6,589 is ready. Send your bank passbook details to receive payment.",No,No,No
spam,"Sorry, I transferred Rs.2,162 to the wrong number by mistake, this looks like your account. Kindly send it back to aufkdwed47@okicici.",No,No,No
spam,"Sorry, I transferred Rs.509 to the wrong number by mistake, this looks like your account. Kindly send it back to cyayjsjt@oksbi.",No,No,No
spam,"Hi, I think I sent Rs.50,145 to you by error while paying someone else. Please return it to UPI ID wwwanq59@paytm, thank you.",No,No,No
spam,"By mistake Rs.559 got transferred to your account from mine, please refund at the earliest to qofhl@okicici.",No,No,No
spam,"Congratulations, your application under LPG Subsidy Scheme has been approved for Rs.58,439. Send your bank details for disbursement.",No,No,No
spam,I accidentally sent Rs.726 to your Paytm by mistake. Please refund it to this UPI ID: frsiz@ibl,No,No,No
spam,"Hi, I think I sent Rs.5,375 to you by error while paying someone else. Please return it to UPI ID mnqwldit@axl, thank you.",No,No,No
spam,"Your ICICI Bank personal loan of Rs.56,332 is pre-approved. Share your bank account and Aadhaar details to process.",No,No,No
spam,"Congratulations, your application under PM Kisan Samman Nidhi has been approved for Rs.621. Send your bank details for disbursement.",No,No,No
spam,"I accidentally sent Rs.9,577 to your Paytm by mistake. Please refund it to this UPI ID: ofynsg41@ybl",No,No,No
spam,"Your Axis Bank personal loan of Rs.8,596 is pre-approved. Share your bank account and Aadhaar details to process.",No,No,No
spam,"By mistake Rs.555 got transferred to your account from mine, please refund at the earliest to qpzcavm73@ibl.",No,No,No
spam,"National Scholarship Portal Alert: You are eligible for Rs.6,154 under the scheme. Share your Aadhaar and bank account number to claim.",No,No,No
spam,Your SBI personal loan of Rs.893 is pre-approved. Share your bank account and Aadhaar details to process.,No,No,No
spam,Notice: your Water supply will be cut off due to incomplete meter reading update.,No,No,No
spam,"I accidentally sent Rs.1,490 to your Google Pay by mistake. Please refund it to this UPI ID: syvjlm@oksbi",No,No,No
spam,"Hi, I think I sent Rs.932 to you by error while paying someone else. Please return it to UPI ID khbhlgj@oksbi, thank you.",No,No,No
spam,I accidentally sent Rs.919 to your Paytm by mistake. Please refund it to this UPI ID: yygocza@ibl,No,No,No
spam,"PM Ujjwala Yojana: Your scholarship benefit of Rs.1,634 is ready for transfer. Submit your bank passbook details to receive it.",No,No,No
spam,"Congratulations, your application under Post Matric Scholarship has been approved for Rs.83,537. Send your bank details for disbursement.",No,No,No
spam,"You have been selected for a work-from-home job with Reliance. Share your bank details to receive the joining bonus of Rs.66,978.",No,No,No
spam,"Sorry, I transferred Rs.7,663 to the wrong number by mistake, this looks like your account. Kindly send it back to druyqr63@axl.",No,No,No
spam,Your insurance policy maturity amount of Rs.795 is ready. Send your bank passbook details to receive payment.,No,No,No
spam,"Hi, I think I sent Rs.65,099 to you by error while paying someone else. Please return it to UPI ID aqcatk60@okhdfcbank, thank you.",No,No,No
spam,"Your Canara Bank personal loan of Rs.9,499 is pre-approved. Share your bank account and Aadhaar details to process.",No,No,No
spam,"Post Matric Scholarship: Your scholarship benefit of Rs.19,204 is ready for transfer. Submit your bank passbook details to receive it.",No,No,No
spam,"You have been selected for a work-from-home job with Flipkart. Share your bank details to receive the joining bonus of Rs.8,304.",No,No,No
spam,PMAY: Your scholarship benefit of Rs.529 is ready for transfer. Submit your bank passbook details to receive it.,No,No,No
spam,"LPG Subsidy Scheme Alert: You are eligible for Rs.10,928 under the scheme. Share your Aadhaar and bank account number to claim.",No,No,No
spam,"Sorry, I transferred Rs.3,451 to the wrong number by mistake, this looks like your account. Kindly send it back to nimgehea@oksbi.",No,No,No
spam,"Sorry, I transferred Rs.29,103 to the wrong number by mistake, this looks like your account. Kindly send it back to egzkvj@okicici.",No,No,No
spam,"Sorry, I transferred Rs.75,078 to the wrong number by mistake, this looks like your account. Kindly send it back to iwbpcv@ibl.",No,No,No
spam,"I accidentally sent Rs.1,867 to your Amazon Pay by mistake. Please refund it to this UPI ID: mfpwrcy68@ibl",No,No,No
spam,"Hi, I think I sent Rs.40,706 to you by error while paying someone else. Please return it to UPI ID dhfaik@okhdfcbank, thank you.",No,No,No
spam,"By mistake Rs.16,890 got transferred to your account from mine, please refund at the earliest to qnjfmzfb41@ybl.",No,No,No
spam,"National Scholarship Portal Alert: You are eligible for Rs.6,601 under the scheme. Share your Aadhaar and bank account number to claim.",No,No,No
spam,"Your insurance policy maturity amount of Rs.5,158 is ready. Send your bank passbook details to receive payment.",No,No,No
spam,"Sorry, I transferred Rs.4,898 to the wrong number by mistake, this looks like your account. Kindly send it back to tjkpettd@oksbi.",No,No,No
spam,"Your Bank of Baroda personal loan of Rs.4,551 is pre-approved. Share your bank account and Aadhaar details to process.",No,No,No
spam,Your insurance policy maturity amount of Rs.950 is ready. Send your bank passbook details to receive payment.,No,No,No
spam,"Congratulations, your application under PM Ujjwala Yojana has been approved for Rs.91,550. Send your bank details for disbursement.",No,No,No
spam,"Congratulations, your application under PMAY has been approved for Rs.98,784. Send your bank details for disbursement.",No,No,No
spam,"You have been selected for a work-from-home job with Amazon. Share your bank details to receive the joining bonus of Rs.1,476.",No,No,No
spam,"Sorry, I transferred Rs.693 to the wrong number by mistake, this looks like your account. Kindly send it back to gtxqaf@okhdfcbank.",No,No,No
spam,"Sorry, I transferred Rs.747 to the wrong number by mistake, this looks like your account. Kindly send it back to obdit@okhdfcbank.",No,No,No
spam,"Hi, I think I sent Rs.1,620 to you by error while paying someone else. Please return it to UPI ID piwmwb@ybl, thank you.",No,No,No
spam,"Sorry, I transferred Rs.21,671 to the wrong number by mistake, this looks like your account. Kindly send it back to bgnxgwx84@okhdfcbank.",No,No,No
spam,"Sorry, I transferred Rs.1,459 to the wrong number by mistake, this looks like your account. Kindly send it back to edtnp@axl.",No,No,No
spam,"Congratulations, your application under State Scholarship Scheme has been approved for Rs.24,925. Send your bank details for disbursement.",No,No,No
spam,"Congratulations, your application under National Scholarship Portal has been approved for Rs.56,300. Send your bank details for disbursement.",No,No,No
spam,"Sorry, I transferred Rs.11,146 to the wrong number by mistake, this looks like your account. Kindly send it back to hzijxiza@axl.",No,No,No
spam,"Your Piped Gas meter inspection is overdue, service will be terminated within 24 hours.",No,No,No
spam,You have been selected for a work-from-home job with Reliance. Share your bank details to receive the joining bonus of Rs.532.,No,No,No
spam,"I accidentally sent Rs.95,521 to your Amazon Pay by mistake. Please refund it to this UPI ID: clbtrg53@okhdfcbank",No,No,No
spam,National Scholarship Portal: Your scholarship benefit of Rs.791 is ready for transfer. Submit your bank passbook details to receive it.,No,No,No
spam,"Your HDFC Bank personal loan of Rs.4,124 is pre-approved. Share your bank account and Aadhaar details to process.",No,No,No
spam,"You have been selected for a work-from-home job with Flipkart. Share your bank details to receive the joining bonus of Rs.39,682.",No,No,No
spam,"Congratulations, your application under LPG Subsidy Scheme has been approved for Rs.7,988. Send your bank details for disbursement.",No,No,No
spam,"Sorry, I transferred Rs.7,241 to the wrong number by mistake, this looks like your account. Kindly send it back to wdhxx@axl.",No,No,No
spam,"Hi, I think I sent Rs.58,517 to you by error while paying someone else. Please return it to UPI ID homqrglp27@okicici, thank you.",No,No,No
spam,I accidentally sent Rs.977 to your Paytm by mistake. Please refund it to this UPI ID: lannr28@ibl,No,No,No
spam,National Scholarship Portal Alert: You are eligible for Rs.981 under the scheme. Share your Aadhaar and bank account number to claim.,No,No,No
spam,"Congratulations, your application under LPG Subsidy Scheme has been approved for Rs.1,196. Send your bank details for disbursement.",No,No,No
spam,"Hi, I think I sent Rs.95,693 to you by error while paying someone else. Please return it to UPI ID stuobn@axl, thank you.",No,No,No
spam,I accidentally sent Rs.924 to your Amazon Pay by mistake. Please refund it to this UPI ID: closn@ibl,No,No,No
spam,"Hi, I think I sent Rs.7,464 to you by error while paying someone else. Please return it to UPI ID yofmgwdq@axl, thank you.",No,No,No
spam,National Scholarship Portal: Your scholarship benefit of Rs.509 is ready for transfer. Submit your bank passbook details to receive it.,No,No,No
spam,"Congratulations, your application under Post Matric Scholarship has been approved for Rs.1,714. Send your bank details for disbursement.",No,No,No
spam,"You have been selected for a work-from-home job with TCS. Share your bank details to receive the joining bonus of Rs.5,038.",No,No,No
spam,"Hi, I think I sent Rs.9,762 to you by error while paying someone else. Please return it to UPI ID ixlpmvef@okicici, thank you.",No,No,No
spam,"Congratulations, your application under Ayushman Bharat has been approved for Rs.921. Send your bank details for disbursement.",No,No,No
spam,Your Punjab National Bank personal loan of Rs.715 is pre-approved. Share your bank account and Aadhaar details to process.,No,No,No
spam,"Sorry, I transferred Rs.50,528 to the wrong number by mistake, this looks like your account. Kindly send it back to nvekrbg@ybl.",No,No,No
spam,Your insurance policy maturity amount of Rs.951 is ready. Send your bank passbook details to receive payment.,No,No,No
spam,"PMAY Alert: You are eligible for Rs.32,272 under the scheme. Share your Aadhaar and bank account number to claim.",No,No,No
spam,"By mistake Rs.18,183 got transferred to your account from mine, please refund at the earliest to tvvocncw@paytm.",No,No,No
spam,"Your Bank of Baroda personal loan of Rs.2,640 is pre-approved. Share your bank account and Aadhaar details to process.",No,No,No
spam,"You have been selected for a work-from-home job with Amazon. Share your bank details to receive the joining bonus of Rs.4,432.",No,No,No
spam,Your Kotak Mahindra Bank personal loan of Rs.561 is pre-approved. Share your bank account and Aadhaar details to process.,No,No,No
spam,"I accidentally sent Rs.90,557 to your Google Pay by mistake. Please refund it to this UPI ID: vbtiuuj31@oksbi",No,No,No
spam,"You have been selected for a work-from-home job with Amazon. Share your bank details to receive the joining bonus of Rs.3,342.",No,No,No
spam,"I accidentally sent Rs.41,377 to your Amazon Pay by mistake. Please refund it to this UPI ID: lhumxyh@okhdfcbank",No,No,No
spam,"LPG Subsidy Scheme: Your scholarship benefit of Rs.9,953 is ready for transfer. Submit your bank passbook details to receive it.",No,No,No
spam,"I accidentally sent Rs.5,554 to your Paytm by mistake. Please refund it to this UPI ID: iiuzjrlp57@ybl",No,No,No
spam,"You have been selected for a work-from-home job with HCL. Share your bank details to receive the joining bonus of Rs.2,143.",No,No,No
spam,You have been selected for a work-from-home job with Infosys. Share your bank details to receive the joining bonus of Rs.734.,No,No,No
spam,I accidentally sent Rs.858 to your PhonePe by mistake. Please refund it to this UPI ID: riwxzwc@paytm,No,No,No
spam,Your insurance policy maturity amount of Rs.552 is ready. Send your bank passbook details to receive payment.,No,No,No
spam,"You have been selected for a work-from-home job with HCL. Share your bank details to receive the joining bonus of Rs.7,905.",No,No,No
spam,Ayushman Bharat: Your scholarship benefit of Rs.624 is ready for transfer. Submit your bank passbook details to receive it.,No,No,No
spam,"Post Matric Scholarship Alert: You are eligible for Rs.97,666 under the scheme. Share your Aadhaar and bank account number to claim.",No,No,No
spam,"Sorry, I transferred Rs.2,713 to the wrong number by mistake, this looks like your account. Kindly send it back to hchuq@ibl.",No,No,No
spam,"By mistake Rs.5,844 got transferred to your account from mine, please refund at the earliest to wmdzhs38@paytm.",No,No,No
spam,"Sorry, I transferred Rs.9,170 to the wrong number by mistake, this looks like your account. Kindly send it back to phqku13@axl.",No,No,No
spam,"I accidentally sent Rs.3,542 to your Google Pay by mistake. Please refund it to this UPI ID: ivxulz67@axl",No,No,No
spam,"Hi, I think I sent Rs.966 to you by error while paying someone else. Please return it to UPI ID rqbonduu@paytm, thank you.",No,No,No
spam,"Your Punjab National Bank personal loan of Rs.7,578 is pre-approved. Share your bank account and Aadhaar details to process.",No,No,No
spam,"Sorry, I transferred Rs.570 to the wrong number by mistake, this looks like your account. Kindly send it back to ozdcwhjb@ybl.",No,No,No
spam,"Congratulations, your application under PMAY has been approved for Rs.526. Send your bank details for disbursement.",No,No,No
spam,"Sorry, I transferred Rs.60,796 to the wrong number by mistake, this looks like your account. Kindly send it back to zuxyybw79@okhdfcbank.",No,No,No
spam,"Hi, I think I sent Rs.790 to you by error while paying someone else. Please return it to UPI ID dusjlvi64@oksbi, thank you.",No,No,No
spam,"By mistake Rs.2,143 got transferred to your account from mine, please refund at the earliest to irbnrtt75@axl.",No,No,No
spam,"Your HDFC Bank personal loan of Rs.6,083 is pre-approved. Share your bank account and Aadhaar details to process.",No,No,No
spam,"I accidentally sent Rs.58,201 to your Google Pay by mistake. Please refund it to this UPI ID: kawca@oksbi",No,No,No
spam,"Congratulations, your application under PMAY has been approved for Rs.3,747. Send your bank details for disbursement.",No,No,No
spam,"Sorry, I transferred Rs.58,596 to the wrong number by mistake, this looks like your account. Kindly send it back to oduflzb78@oksbi.",No,No,No
spam,National Scholarship Portal: Your scholarship benefit of Rs.928 is ready for transfer. Submit your bank passbook details to receive it.,No,No,No
spam,"National Scholarship Portal Alert: You are eligible for Rs.5,837 under the scheme. Share your Aadhaar and bank account number to claim.",No,No,No
spam,"I accidentally sent Rs.65,448 to your PhonePe by mistake. Please refund it to this UPI ID: fmkdu@paytm",No,No,No
spam,"Your Punjab National Bank personal loan of Rs.18,237 is pre-approved. Share your bank account and Aadhaar details to process.",No,No,No
spam,"By mistake Rs.1,418 got transferred to your account from mine, please refund at the earliest to ecwgftz18@oksbi.",No,No,No
spam,"Hi, I think I sent Rs.603 to you by error while paying someone else. Please return it to UPI ID izgvfbq@okhdfcbank, thank you.",No,No,No
spam,"Hi, I think I sent Rs.34,060 to you by error while paying someone else. Please return it to UPI ID baegp62@ibl, thank you.",No,No,No
spam,I accidentally sent Rs.726 to your Paytm by mistake. Please refund it to this UPI ID: mmeoz97@paytm,No,No,No
spam,"I accidentally sent Rs.5,211 to your Google Pay by mistake. Please refund it to this UPI ID: vwdco@axl",No,No,No
spam,You have been selected for a work-from-home job with TCS. Share your bank details to receive the joining bonus of Rs.579.,No,No,No
spam,"Congratulations, your application under LPG Subsidy Scheme has been approved for Rs.3,381. Send your bank details for disbursement.",No,No,No
spam,"National Scholarship Portal: Your scholarship benefit of Rs.9,984 is ready for transfer. Submit your bank passbook details to receive it.",No,No,No
spam,"By mistake Rs.592 got transferred to your account from mine, please refund at the earliest to tbakvfg@okhdfcbank.",No,No,No
spam,"Hi, I think I sent Rs.593 to you by error while paying someone else. Please return it to UPI ID odmgjr29@okicici, thank you.",No,No,No
spam,Your insurance policy maturity amount of Rs.949 is ready. Send your bank passbook details to receive payment.,No,No,No
spam,"By mistake Rs.1,392 got transferred to your account from mine, please refund at the earliest to mrdjq@paytm.",No,No,No
spam,Your SBI personal loan of Rs.970 is pre-approved. Share your bank account and Aadhaar details to process.,No,No,No
spam,"Sorry, I transferred Rs.552 to the wrong number by mistake, this looks like your account. Kindly send it back to xuzrizti49@ybl.",No,No,No
spam,Your Kotak Mahindra Bank personal loan of Rs.576 is pre-approved. Share your bank account and Aadhaar details to process.,No,No,No
spam,"By mistake Rs.6,328 got transferred to your account from mine, please refund at the earliest to lljzadkd@okicici.",No,No,No
spam,"Congratulations, your application under LPG Subsidy Scheme has been approved for Rs.30,679. Send your bank details for disbursement.",No,No,No
spam,"Your ICICI Bank personal loan of Rs.2,231 is pre-approved. Share your bank account and Aadhaar details to process.",No,No,No
spam,National Scholarship Portal Alert: You are eligible for Rs.873 under the scheme. Share your Aadhaar and bank account number to claim.,No,No,No
spam,"I accidentally sent Rs.34,249 to your Google Pay by mistake. Please refund it to this UPI ID: xsdrazv22@okhdfcbank",No,No,No
spam,"I accidentally sent Rs.41,056 to your PhonePe by mistake. Please refund it to this UPI ID: yuqmpwud20@axl",No,No,No
spam,"By mistake Rs.705 got transferred to your account from mine, please refund at the earliest to lemis@paytm.",No,No,No
spam,"Your insurance policy maturity amount of Rs.72,031 is ready. Send your bank passbook details to receive payment.",No,No,No
spam,"By mistake Rs.8,489 got transferred to your account from mine, please refund at the earliest to zzfwqhop48@paytm.",No,No,No
spam,"Hi, I think I sent Rs.7,661 to you by error while paying someone else. Please return it to UPI ID ocvaqw@ibl, thank you.",No,No,No
spam,I accidentally sent Rs.772 to your Amazon Pay by mistake. Please refund it to this UPI ID: zkzzbmxt46@oksbi,No,No,No
spam,"Your insurance policy maturity amount of Rs.6,604 is ready. Send your bank passbook details to receive payment.",No,No,No
spam,"Your HDFC Bank personal loan of Rs.9,470 is pre-approved. Share your bank account and Aadhaar details to process.",No,No,No
spam,LPG Subsidy Scheme: Your scholarship benefit of Rs.774 is ready for transfer. Submit your bank passbook details to receive it.,No,No,No
spam,"Your Kotak Mahindra Bank personal loan of Rs.65,275 is pre-approved. Share your bank account and Aadhaar details to process.",No,No,No
spam,PM Kisan Samman Nidhi Alert: You are eligible for Rs.543 under the scheme. Share your Aadhaar and bank account number to claim.,No,No,No
spam,"Hi, I think I sent Rs.6,451 to you by error while paying someone else. Please return it to UPI ID fnajpfzy23@ibl, thank you.",No,No,No
spam,"You have been selected for a work-from-home job with Wipro. Share your bank details to receive the joining bonus of Rs.7,233.",No,No,No
spam,"Sorry, I transferred Rs.26,133 to the wrong number by mistake, this looks like your account. Kindly send it back to ozrupard@okicici.",No,No,No
spam,"You have been selected for a work-from-home job with Infosys. Share your bank details to receive the joining bonus of Rs.36,816.",No,No,No
spam,LPG Subsidy Scheme Alert: You are eligible for Rs.996 under the scheme. Share your Aadhaar and bank account number to claim.,No,No,No
spam,"I accidentally sent Rs.72,898 to your Amazon Pay by mistake. Please refund it to this UPI ID: nhaakdyf41@oksbi",No,No,No
spam,"Sorry, I transferred Rs.76,962 to the wrong number by mistake, this looks like your account. Kindly send it back to ubfos60@ibl.",No,No,No
spam,"Congratulations, your application under State Scholarship Scheme has been approved for Rs.52,188. Send your bank details for disbursement.",No,No,No
spam,"LPG Subsidy Scheme: Your scholarship benefit of Rs.6,011 is ready for transfer. Submit your bank passbook details to receive it.",No,No,No
spam,"Congratulations, your application under Post Matric Scholarship has been approved for Rs.927. Send your bank details for disbursement.",No,No,No
spam,"I accidentally sent Rs.5,887 to your PhonePe by mistake. Please refund it to this UPI ID: urxoglt65@okhdfcbank",No,No,No
spam,"National Scholarship Portal Alert: You are eligible for Rs.5,146 under the scheme. Share your Aadhaar and bank account number to claim.",No,No,No
spam,"Congratulations, your application under PMAY has been approved for Rs.641. Send your bank details for disbursement.",No,No,No
spam,"Hi, I think I sent Rs.920 to you by error while paying someone else. Please return it to UPI ID nelurodo93@axl, thank you.",No,No,No
spam,"I accidentally sent Rs.5,013 to your Google Pay by mistake. Please refund it to this UPI ID: gwydzc70@axl",No,No,No
spam,"Hi, I think I sent Rs.24,432 to you by error while paying someone else. Please return it to UPI ID abwelx67@oksbi, thank you.",No,No,No
spam,"You have been selected for a work-from-home job with TCS. Share your bank details to receive the joining bonus of Rs.30,911.",No,No,No
spam,You have been selected for a work-from-home job with TCS. Share your bank details to receive the joining bonus of Rs.705.,No,No,No
spam,"Hi, I think I sent Rs.630 to you by error while paying someone else. Please return it to UPI ID yacmt@ibl, thank you.",No,No,No
spam,"Your insurance policy maturity amount of Rs.71,851 is ready. Send your bank passbook details to receive payment.",No,No,No
spam,"Sorry, I transferred Rs.715 to the wrong number by mistake, this looks like your account. Kindly send it back to qkohof72@oksbi.",No,No,No
spam,"Congratulations, your application under PMAY has been approved for Rs.84,801. Send your bank details for disbursement.",No,No,No
spam,"Your insurance policy maturity amount of Rs.45,722 is ready. Send your bank passbook details to receive payment.",No,No,No
spam,"Sorry, I transferred Rs.812 to the wrong number by mistake, this looks like your account. Kindly send it back to xpoddsum@oksbi.",No,No,No
spam,"National Scholarship Portal Alert: You are eligible for Rs.1,616 under the scheme. Share your Aadhaar and bank account number to claim.",No,No,No
spam,"PM Ujjwala Yojana: Your scholarship benefit of Rs.2,592 is ready for transfer. Submit your bank passbook details to receive it.",No,No,No
spam,"By mistake Rs.69,742 got transferred to your account from mine, please refund at the earliest to whvdwxls13@ybl.",No,No,No
spam,I accidentally sent Rs.806 to your Amazon Pay by mistake. Please refund it to this UPI ID: lpaiz99@axl,No,No,No
spam,"Congratulations, your application under PMAY has been approved for Rs.25,882. Send your bank details for disbursement.",No,No,No
spam,"Your insurance policy maturity amount of Rs.20,358 is ready. Send your bank passbook details to receive payment.",No,No,No
spam,You have been selected for a work-from-home job with Amazon. Share your bank details to receive the joining bonus of Rs.621.,No,No,No
spam,"Congratulations, your application under PM Ujjwala Yojana has been approved for Rs.45,353. Send your bank details for disbursement.",No,No,No
spam,"Your insurance policy maturity amount of Rs.4,245 is ready. Send your bank passbook details to receive payment.",No,No,No
spam,PM Ujjwala Yojana Alert: You are eligible for Rs.649 under the scheme. Share your Aadhaar and bank account number to claim.,No,No,No
spam,"Your insurance policy maturity amount of Rs.40,403 is ready. Send your bank passbook details to receive payment.",No,No,No
spam,Your Axis Bank personal loan of Rs.552 is pre-approved. Share your bank account and Aadhaar details to process.,No,No,No
spam,"I accidentally sent Rs.47,904 to your Amazon Pay by mistake. Please refund it to this UPI ID: rfaxr36@axl",No,No,No
spam,"Congratulations, your application under PMAY has been approved for Rs.9,836. Send your bank details for disbursement.",No,No,No
spam,"Your insurance policy maturity amount of Rs.65,748 is ready. Send your bank passbook details to receive payment.",No,No,No
spam,"Sorry, I transferred Rs.27,500 to the wrong number by mistake, this looks like your account. Kindly send it back to njntie@okicici.",No,No,No
spam,"Your insurance policy maturity amount of Rs.2,685 is ready. Send your bank passbook details to receive payment.",No,No,No
spam,"By mistake Rs.37,091 got transferred to your account from mine, please refund at the earliest to cdrmbtv@okhdfcbank.",No,No,No
spam,"Your insurance policy maturity amount of Rs.86,142 is ready. Send your bank passbook details to receive payment.",No,No,No
spam,Your Punjab National Bank personal loan of Rs.804 is pre-approved. Share your bank account and Aadhaar details to process.,No,No,No
spam,"By mistake Rs.31,965 got transferred to your account from mine, please refund at the earliest to ultbevjd@ybl.",No,No,No
spam,"Hi, I think I sent Rs.2,841 to you by error while paying someone else. Please return it to UPI ID wrildqb79@axl, thank you.",No,No,No
spam,"Congratulations, your application under PM Kisan Samman Nidhi has been approved for Rs.7,951. Send your bank details for disbursement.",No,No,No
spam,"By mistake Rs.68,868 got transferred to your account from mine, please refund at the earliest to xsjydq@oksbi.",No,No,No
spam,"You have been selected for a work-from-home job with Wipro. Share your bank details to receive the joining bonus of Rs.4,822.",No,No,No
spam,"Your insurance policy maturity amount of Rs.5,259 is ready. Send your bank passbook details to receive payment.",No,No,No
spam,"PM Ujjwala Yojana: Your scholarship benefit of Rs.3,161 is ready for transfer. Submit your bank passbook details to receive it.",No,No,No
spam,"By mistake Rs.45,630 got transferred to your account from mine, please refund at the earliest to iopdirj54@ybl.",No,No,No
spam,"You have been selected for a work-from-home job with Flipkart. Share your bank details to receive the joining bonus of Rs.65,659.",No,No,No
spam,"Sorry, I transferred Rs.84,847 to the wrong number by mistake, this looks like your account. Kindly send it back to sbibtjv@axl.",No,No,No
spam,"LPG Subsidy Scheme Alert: You are eligible for Rs.32,208 under the scheme. Share your Aadhaar and bank account number to claim.",No,No,No
spam,"By mistake Rs.608 got transferred to your account from mine, please refund at the earliest to pyefsay@paytm.",No,No,No
spam,"Congratulations, your application under National Scholarship Portal has been approved for Rs.77,417. Send your bank details for disbursement.",No,No,No
spam,"Your Axis Bank personal loan of Rs.59,067 is pre-approved. Share your bank account and Aadhaar details to process.",No,No,No
spam,"Post Matric Scholarship Alert: You are eligible for Rs.51,480 under the scheme. Share your Aadhaar and bank account number to claim.",No,No,No
spam,Your Kotak Mahindra Bank personal loan of Rs.872 is pre-approved. Share your bank account and Aadhaar details to process.,No,No,No
spam,"Congratulations, your application under State Scholarship Scheme has been approved for Rs.989. Send your bank details for disbursement.",No,No,No
spam,"You have been selected for a work-from-home job with Reliance. Share your bank details to receive the joining bonus of Rs.2,105.",No,No,No
spam,I accidentally sent Rs.723 to your PhonePe by mistake. Please refund it to this UPI ID: xmztqg74@ybl,No,No,No
spam,"Sorry, I transferred Rs.5,482 to the wrong number by mistake, this looks like your account. Kindly send it back to asoie90@okhdfcbank.",No,No,No
spam,"Sorry, I transferred Rs.99,033 to the wrong number by mistake, this looks like your account. Kindly send it back to zpdxvgxq54@okicici.",No,No,No
spam,"Ayushman Bharat: Your scholarship benefit of Rs.2,464 is ready for transfer. Submit your bank passbook details to receive it.",No,No,No
spam,"Congratulations, your application under LPG Subsidy Scheme has been approved for Rs.21,697. Send your bank details for disbursement.",No,No,No
spam,Ayushman Bharat: Your scholarship benefit of Rs.792 is ready for transfer. Submit your bank passbook details to receive it.,No,No,No
spam,"Your Bank of Baroda personal loan of Rs.9,721 is pre-approved. Share your bank account and Aadhaar details to process.",No,No,No
spam,"PM Kisan Samman Nidhi: Your scholarship benefit of Rs.18,525 is ready for transfer. Submit your bank passbook details to receive it.",No,No,No
spam,I accidentally sent Rs.908 to your Amazon Pay by mistake. Please refund it to this UPI ID: xgooiv@oksbi,No,No,No
spam,"By mistake Rs.61,205 got transferred to your account from mine, please refund at the earliest to lgtrpx79@ibl.",No,No,No
spam,"PM Ujjwala Yojana: Your scholarship benefit of Rs.3,080 is ready for transfer. Submit your bank passbook details to receive it.",No,No,No
spam,"Sorry, I transferred Rs.40,613 to the wrong number by mistake, this looks like your account. Kindly send it back to qbjvsox@ibl.",No,No,No
spam,"By mistake Rs.94,915 got transferred to your account from mine, please refund at the earliest to hbzeghwu@oksbi.",No,No,No
spam,"I accidentally sent Rs.2,716 to your PhonePe by mistake. Please refund it to this UPI ID: wlruv@okhdfcbank",No,No,No
spam,"Congratulations, your application under LPG Subsidy Scheme has been approved for Rs.35,068. Send your bank details for disbursement.",No,No,No
spam,"Hi, I think I sent Rs.971 to you by error while paying someone else. Please return it to UPI ID nykacmi54@ybl, thank you.",No,No,No
spam,"By mistake Rs.9,457 got transferred to your account from mine, please refund at the earliest to vdndbtz66@axl.",No,No,No
spam,"Hi, I think I sent Rs.514 to you by error while paying someone else. Please return it to UPI ID yiwsvnj94@okicici, thank you.",No,No,No
spam,"Ayushman Bharat: Your scholarship benefit of Rs.73,588 is ready for transfer. Submit your bank passbook details to receive it.",No,No,No
spam,"I accidentally sent Rs.9,969 to your Paytm by mistake. Please refund it to this UPI ID: ewobx31@paytm",No,No,No
spam,Your Canara Bank personal loan of Rs.998 is pre-approved. Share your bank account and Aadhaar details to process.,No,No,No
spam,PMAY: Your scholarship benefit of Rs.559 is ready for transfer. Submit your bank passbook details to receive it.,No,No,No
spam,"Sorry, I transferred Rs.733 to the wrong number by mistake, this looks like your account. Kindly send it back to yvlaxs43@paytm.",No,No,No
spam,"By mistake Rs.724 got transferred to your account from mine, please refund at the earliest to vleznvhw@ybl.",No,No,No
spam,"I accidentally sent Rs.5,006 to your PhonePe by mistake. Please refund it to this UPI ID: slewsjfh@axl",No,No,No
spam,"By mistake Rs.716 got transferred to your account from mine, please refund at the earliest to kdyywh42@okhdfcbank.",No,No,No
spam,"Your insurance policy maturity amount of Rs.6,900 is ready. Send your bank passbook details to receive payment.",No,No,No
spam,"National Scholarship Portal Alert: You are eligible for Rs.65,272 under the scheme. Share your Aadhaar and bank account number to claim.",No,No,No
spam,"Congratulations, your application under PMAY has been approved for Rs.959. Send your bank details for disbursement.",No,No,No
spam,"PM Ujjwala Yojana Alert: You are eligible for Rs.9,441 under the scheme. Share your Aadhaar and bank account number to claim.",No,No,No
spam,I accidentally sent Rs.822 to your Amazon Pay by mistake. Please refund it to this UPI ID: xaenda77@paytm,No,No,No
spam,"Your ICICI Bank personal loan of Rs.8,920 is pre-approved. Share your bank account and Aadhaar details to process.",No,No,No
spam,"I accidentally sent Rs.39,497 to your Google Pay by mistake. Please refund it to this UPI ID: dacczole@paytm",No,No,No
spam,Your Axis Bank personal loan of Rs.935 is pre-approved. Share your bank account and Aadhaar details to process.,No,No,No
spam,"Sorry, I transferred Rs.9,738 to the wrong number by mistake, this looks like your account. Kindly send it back to cgyzyn@ibl.",No,No,No
spam,I accidentally sent Rs.935 to your Paytm by mistake. Please refund it to this UPI ID: ixblhf53@ibl,No,No,No
spam,"Your insurance policy maturity amount of Rs.89,843 is ready. Send your bank passbook details to receive payment.",No,No,No
spam,Your Punjab National Bank personal loan of Rs.519 is pre-approved. Share your bank account and Aadhaar details to process.,No,No,No
spam,"Hi, I think I sent Rs.92,548 to you by error while paying someone else. Please return it to UPI ID sqasoo@oksbi, thank you.",No,No,No
spam,"Congratulations, your application under National Scholarship Portal has been approved for Rs.500. Send your bank details for disbursement.",No,No,No
spam,PMAY: Your scholarship benefit of Rs.993 is ready for transfer. Submit your bank passbook details to receive it.,No,No,No
spam,"Congratulations, your application under National Scholarship Portal has been approved for Rs.43,274. Send your bank details for disbursement.",No,No,No
spam,"Congratulations, your application under PM Ujjwala Yojana has been approved for Rs.7,135. Send your bank details for disbursement.",No,No,No
spam,"Sorry, I transferred Rs.519 to the wrong number by mistake, this looks like your account. Kindly send it back to woauy53@okicici.",No,No,No
spam,"Sorry, I transferred Rs.5,192 to the wrong number by mistake, this looks like your account. Kindly send it back to iftrmgs52@okicici.",No,No,No
spam,"You have been selected for a work-from-home job with Flipkart. Share your bank details to receive the joining bonus of Rs.35,725.",No,No,No
spam,"Congratulations, your application under PM Kisan Samman Nidhi has been approved for Rs.8,678. Send your bank details for disbursement.",No,No,No
spam,Your Bank of Baroda personal loan of Rs.536 is pre-approved. Share your bank account and Aadhaar details to process.,No,No,No
spam,"I accidentally sent Rs.82,727 to your Google Pay by mistake. Please refund it to this UPI ID: pdowrkgs74@oksbi",No,No,No
spam,"Your Punjab National Bank personal loan of Rs.75,021 is pre-approved. Share your bank account and Aadhaar details to process.",No,No,No
spam,Your insurance policy maturity amount of Rs.981 is ready. Send your bank passbook details to receive payment.,No,No,No
spam,"By mistake Rs.8,362 got transferred to your account from mine, please refund at the earliest to guzixahl78@ybl.",No,No,No
spam,"Hi, I think I sent Rs.22,734 to you by error while paying someone else. Please return it to UPI ID ywejqpo46@ybl, thank you.",No,No,No
spam,You have been selected for a work-from-home job with Reliance. Share your bank details to receive the joining bonus of Rs.817.,No,No,No
spam,"Your Canara Bank personal loan of Rs.50,431 is pre-approved. Share your bank account and Aadhaar details to process.",No,No,No
spam,"I accidentally sent Rs.9,482 to your Amazon Pay by mistake. Please refund it to this UPI ID: udgldzl@ibl",No,No,No
spam,"State Scholarship Scheme: Your scholarship benefit of Rs.49,381 is ready for transfer. Submit your bank passbook details to receive it.",No,No,No
spam,"Your insurance policy maturity amount of Rs.9,010 is ready. Send your bank passbook details to receive payment.",No,No,No
spam,I accidentally sent Rs.532 to your Google Pay by mistake. Please refund it to this UPI ID: vrgbzu@okicici,No,No,No
spam,"You have been selected for a work-from-home job with Infosys. Share your bank details to receive the joining bonus of Rs.1,854.",No,No,No
spam,"State Scholarship Scheme: Your scholarship benefit of Rs.1,656 is ready for transfer. Submit your bank passbook details to receive it.",No,No,No
spam,"Hi, I think I sent Rs.8,250 to you by error while paying someone else. Please return it to UPI ID xpegoa32@okicici, thank you.",No,No,No
spam,"Hi, I think I sent Rs.8,287 to you by error while paying someone else. Please return it to UPI ID lszybs64@oksbi, thank you.",No,No,No
spam,"State Scholarship Scheme Alert: You are eligible for Rs.1,349 under the scheme. Share your Aadhaar and bank account number to claim.",No,No,No
spam,"Hi, I think I sent Rs.6,905 to you by error while paying someone else. Please return it to UPI ID oijcfe@okhdfcbank, thank you.",No,No,No
spam,"I accidentally sent Rs.91,004 to your Google Pay by mistake. Please refund it to this UPI ID: itllh@ibl",No,No,No
spam,"Sorry, I transferred Rs.513 to the wrong number by mistake, this looks like your account. Kindly send it back to trirguw@ybl.",No,No,No
spam,"I accidentally sent Rs.1,534 to your Google Pay by mistake. Please refund it to this UPI ID: mesef86@ybl",No,No,No
spam,You have been selected for a work-from-home job with Reliance. Share your bank details to receive the joining bonus of Rs.554.,No,No,No
spam,"State Scholarship Scheme: Your scholarship benefit of Rs.29,308 is ready for transfer. Submit your bank passbook details to receive it.",No,No,No
spam,"Your Bank of Baroda personal loan of Rs.9,989 is pre-approved. Share your bank account and Aadhaar details to process.",No,No,No
spam,"Congratulations, your application under National Scholarship Portal has been approved for Rs.758. Send your bank details for disbursement.",No,No,No
spam,You have been selected for a work-from-home job with Reliance. Share your bank details to receive the joining bonus of Rs.564.,No,No,No
spam,"State Scholarship Scheme: Your scholarship benefit of Rs.3,111 is ready for transfer. Submit your bank passbook details to receive it.",No,No,No
spam,"Your insurance policy maturity amount of Rs.26,787 is ready. Send your bank passbook details to receive payment.",No,No,No
spam,"PM Kisan Samman Nidhi Alert: You are eligible for Rs.12,744 under the scheme. Share your Aadhaar and bank account number to claim.",No,No,No
spam,"National Scholarship Portal Alert: You are eligible for Rs.12,585 under the scheme. Share your Aadhaar and bank account number to claim.",No,No,No
spam,"Ayushman Bharat Alert: You are eligible for Rs.5,681 under the scheme. Share your Aadhaar and bank account number to claim.",No,No,No
spam,"I accidentally sent Rs.8,895 to your Amazon Pay by mistake. Please refund it to this UPI ID: zkhvnwj41@oksbi",No,No,No
spam,Post Matric Scholarship Alert: You are eligible for Rs.510 under the scheme. Share your Aadhaar and bank account number to claim.,No,No,No
spam,"Sorry, I transferred Rs.6,198 to the wrong number by mistake, this looks like your account. Kindly send it back to kdllzo97@ibl.",No,No,No
spam,I accidentally sent Rs.752 to your Google Pay by mistake. Please refund it to this UPI ID: kvrjk@oksbi,No,No,No
spam,State Scholarship Scheme: Your scholarship benefit of Rs.521 is ready for transfer. Submit your bank passbook details to receive it.,No,No,No
spam,"I accidentally sent Rs.9,092 to your PhonePe by mistake. Please refund it to this UPI ID: tlyhuiv@ybl",No,No,No
spam,"Congratulations, your application under State Scholarship Scheme has been approved for Rs.6,551. Send your bank details for disbursement.",No,No,No
spam,PM Ujjwala Yojana Alert: You are eligible for Rs.872 under the scheme. Share your Aadhaar and bank account number to claim.,No,No,No
spam,"Your insurance policy maturity amount of Rs.5,388 is ready. Send your bank passbook details to receive payment.",No,No,No
spam,"Ayushman Bharat Alert: You are eligible for Rs.93,544 under the scheme. Share your Aadhaar and bank account number to claim.",No,No,No
spam,"I accidentally sent Rs.4,831 to your PhonePe by mistake. Please refund it to this UPI ID: ajntkom36@axl",No,No,No
spam,"Your Canara Bank personal loan of Rs.66,707 is pre-approved. Share your bank account and Aadhaar details to process.",No,No,No
spam,"You have been selected for a work-from-home job with TCS. Share your bank details to receive the joining bonus of Rs.8,087.",No,No,No
spam,"Congratulations, your application under Ayushman Bharat has been approved for Rs.8,118. Send your bank details for disbursement.",No,No,No
spam,"You have been selected for a work-from-home job with HCL. Share your bank details to receive the joining bonus of Rs.9,975.",No,No,No
spam,"Your Kotak Mahindra Bank personal loan of Rs.33,005 is pre-approved. Share your bank account and Aadhaar details to process.",No,No,No
spam,"Your HDFC Bank personal loan of Rs.86,902 is pre-approved. Share your bank account and Aadhaar details to process.",No,No,No
spam,"Sorry, I transferred Rs.946 to the wrong number by mistake, this looks like your account. Kindly send it back to gtmjcayl39@oksbi.",No,No,No
spam,"PMAY Alert: You are eligible for Rs.3,209 under the scheme. Share your Aadhaar and bank account number to claim.",No,No,No
spam,"Your insurance policy maturity amount of Rs.21,767 is ready. Send your bank passbook details to receive payment.",No,No,No
spam,"PMAY Alert: You are eligible for Rs.77,847 under the scheme. Share your Aadhaar and bank account number to claim.",No,No,No
spam,Ayushman Bharat Alert: You are eligible for Rs.500 under the scheme. Share your Aadhaar and bank account number to claim.,No,No,No
spam,You have been selected for a work-from-home job with Flipkart. Share your bank details to receive the joining bonus of Rs.708.,No,No,No
spam,PM Kisan Samman Nidhi: Your scholarship benefit of Rs.593 is ready for transfer. Submit your bank passbook details to receive it.,No,No,No
spam,PM Ujjwala Yojana Alert: You are eligible for Rs.623 under the scheme. Share your Aadhaar and bank account number to claim.,No,No,No
spam,"Your Axis Bank personal loan of Rs.31,401 is pre-approved. Share your bank account and Aadhaar details to process.",No,No,No
spam,"By mistake Rs.584 got transferred to your account from mine, please refund at the earliest to rgoxae79@axl.",No,No,No
spam,"You have been selected for a work-from-home job with HCL. Share your bank details to receive the joining bonus of Rs.57,450.",No,No,No
spam,PMAY Alert: You are eligible for Rs.692 under the scheme. Share your Aadhaar and bank account number to claim.,No,No,No
spam,"Your insurance policy maturity amount of Rs.45,588 is ready. Send your bank passbook details to receive payment.",No,No,No
spam,"Your insurance policy maturity amount of Rs.5,082 is ready. Send your bank passbook details to receive payment.",No,No,No
spam,I accidentally sent Rs.943 to your Google Pay by mistake. Please refund it to this UPI ID: zgpnai@ybl,No,No,No
spam,"Hi, I think I sent Rs.639 to you by error while paying someone else. Please return it to UPI ID mcivwbd@ybl, thank you.",No,No,No
spam,"By mistake Rs.511 got transferred to your account from mine, please refund at the earliest to lwbajw@okhdfcbank.",No,No,No
spam,"Congratulations, your application under Ayushman Bharat has been approved for Rs.38,624. Send your bank details for disbursement.",No,No,No
spam,Your Bank of Baroda personal loan of Rs.761 is pre-approved. Share your bank account and Aadhaar details to process.,No,No,No
spam,You have been selected for a work-from-home job with TCS. Share your bank details to receive the joining bonus of Rs.971.,No,No,No
spam,"Post Matric Scholarship Alert: You are eligible for Rs.17,559 under the scheme. Share your Aadhaar and bank account number to claim.",No,No,No
spam,"Congratulations, your application under PMAY has been approved for Rs.19,246. Send your bank details for disbursement.",No,No,No
spam,"You have been selected for a work-from-home job with TCS. Share your bank details to receive the joining bonus of Rs.41,104.",No,No,No
spam,"By mistake Rs.57,613 got transferred to your account from mine, please refund at the earliest to badrpg@oksbi.",No,No,No
spam,Your insurance policy maturity amount of Rs.513 is ready. Send your bank passbook details to receive payment.,No,No,No
spam,"National Scholarship Portal Alert: You are eligible for Rs.3,860 under the scheme. Share your Aadhaar and bank account number to claim.",No,No,No
spam,"Sorry, I transferred Rs.957 to the wrong number by mistake, this looks like your account. Kindly send it back to phhzdvye@axl.",No,No,No
spam,"National Scholarship Portal Alert: You are eligible for Rs.20,253 under the scheme. Share your Aadhaar and bank account number to claim.",No,No,No
spam,"Your Bank of Baroda personal loan of Rs.7,608 is pre-approved. Share your bank account and Aadhaar details to process.",No,No,No
spam,"Hi, I think I sent Rs.2,375 to you by error while paying someone else. Please return it to UPI ID pnccsmwk@okhdfcbank, thank you.",No,No,No
spam,Ayushman Bharat Alert: You are eligible for Rs.864 under the scheme. Share your Aadhaar and bank account number to claim.,No,No,No
spam,"Hi, I think I sent Rs.18,262 to you by error while paying someone else. Please return it to UPI ID nabnfmn12@ibl, thank you.",No,No,No
spam,"I accidentally sent Rs.60,147 to your Google Pay by mistake. Please refund it to this UPI ID: uxtyw41@oksbi",No,No,No
spam,"Hi, I think I sent Rs.7,862 to you by error while paying someone else. Please return it to UPI ID hwqyqk@okicici, thank you.",No,No,No
spam,"By mistake Rs.514 got transferred to your account from mine, please refund at the earliest to xsxdiez@axl.",No,No,No
spam,"Your insurance policy maturity amount of Rs.5,818 is ready. Send your bank passbook details to receive payment.",No,No,No
spam,You have been selected for a work-from-home job with Reliance. Share your bank details to receive the joining bonus of Rs.648.,No,No,No
spam,"Hi, I think I sent Rs.986 to you by error while paying someone else. Please return it to UPI ID ewxasl@oksbi, thank you.",No,No,No
spam,"I accidentally sent Rs.5,396 to your PhonePe by mistake. Please refund it to this UPI ID: fobczpfp@oksbi",No,No,No
spam,Your insurance policy maturity amount of Rs.841 is ready. Send your bank passbook details to receive payment.,No,No,No
spam,"I accidentally sent Rs.87,913 to your Paytm by mistake. Please refund it to this UPI ID: egrtz@axl",No,No,No
spam,I accidentally sent Rs.831 to your PhonePe by mistake. Please refund it to this UPI ID: vulezqh79@okhdfcbank,No,No,No
spam,"Your Canara Bank personal loan of Rs.33,638 is pre-approved. Share your bank account and Aadhaar details to process.",No,No,No
spam,Your insurance policy maturity amount of Rs.763 is ready. Send your bank passbook details to receive payment.,No,No,No
spam,"PM Kisan Samman Nidhi: Your scholarship benefit of Rs.32,464 is ready for transfer. Submit your bank passbook details to receive it.",No,No,No
spam,"Hi, I think I sent Rs.824 to you by error while paying someone else. Please return it to UPI ID iqahdz@okicici, thank you.",No,No,No
spam,"Your ICICI Bank personal loan of Rs.6,878 is pre-approved. Share your bank account and Aadhaar details to process.",No,No,No
spam,"By mistake Rs.752 got transferred to your account from mine, please refund at the earliest to bttrsok19@paytm.",No,No,No
spam,"By mistake Rs.1,425 got transferred to your account from mine, please refund at the earliest to kiqnw@paytm.",No,No,No
spam,"Hi, I think I sent Rs.806 to you by error while paying someone else. Please return it to UPI ID cifrcol@okhdfcbank, thank you.",No,No,No
spam,"By mistake Rs.1,994 got transferred to your account from mine, please refund at the earliest to fbabyhk@ybl.",No,No,No
spam,"Ayushman Bharat: Your scholarship benefit of Rs.41,760 is ready for transfer. Submit your bank passbook details to receive it.",No,No,No
spam,"Congratulations, your application under PMAY has been approved for Rs.5,313. Send your bank details for disbursement.",No,No,No
spam,"I accidentally sent Rs.54,448 to your Google Pay by mistake. Please refund it to this UPI ID: neqnrub76@axl",No,No,No
spam,"Hi, I think I sent Rs.94,564 to you by error while paying someone else. Please return it to UPI ID qfqxchc@oksbi, thank you.",No,No,No
spam,"Ayushman Bharat Alert: You are eligible for Rs.5,476 under the scheme. Share your Aadhaar and bank account number to claim.",No,No,No
spam,Your insurance policy maturity amount of Rs.565 is ready. Send your bank passbook details to receive payment.,No,No,No
spam,"Hi, I think I sent Rs.744 to you by error while paying someone else. Please return it to UPI ID ecbvk93@ibl, thank you.",No,No,No
spam,"You have been selected for a work-from-home job with Reliance. Share your bank details to receive the joining bonus of Rs.6,803.",No,No,No
spam,"Sorry, I transferred Rs.681 to the wrong number by mistake, this looks like your account. Kindly send it back to secjy83@axl.",No,No,No
spam,"I accidentally sent Rs.7,261 to your PhonePe by mistake. Please refund it to this UPI ID: lkyipx@ybl",No,No,No
spam,Your ICICI Bank personal loan of Rs.967 is pre-approved. Share your bank account and Aadhaar details to process.,No,No,No
spam,"Congratulations, your application under PMAY has been approved for Rs.92,091. Send your bank details for disbursement.",No,No,No
spam,"Hi, I think I sent Rs.2,978 to you by error while paying someone else. Please return it to UPI ID qhzpk21@ibl, thank you.",No,No,No
spam,"You have been selected for a work-from-home job with HCL. Share your bank details to receive the joining bonus of Rs.5,602.",No,No,No
spam,"I accidentally sent Rs.8,890 to your PhonePe by mistake. Please refund it to this UPI ID: mgwaj47@ybl",No,No,No
spam,"Congratulations, your application under PM Ujjwala Yojana has been approved for Rs.20,813. Send your bank details for disbursement.",No,No,No
spam,"By mistake Rs.10,149 got transferred to your account from mine, please refund at the earliest to wtksy@okhdfcbank.",No,No,No
spam,"Post Matric Scholarship Alert: You are eligible for Rs.71,346 under the scheme. Share your Aadhaar and bank account number to claim.",No,No,No
spam,You have been selected for a work-from-home job with Wipro. Share your bank details to receive the joining bonus of Rs.544.,No,No,No
spam,"Your Axis Bank personal loan of Rs.80,665 is pre-approved. Share your bank account and Aadhaar details to process.",No,No,No
spam,You have been selected for a work-from-home job with TCS. Share your bank details to receive the joining bonus of Rs.666.,No,No,No
spam,"Hi, I think I sent Rs.6,881 to you by error while paying someone else. Please return it to UPI ID kilbtzw@okicici, thank you.",No,No,No
spam,"Congratulations, your application under PM Kisan Samman Nidhi has been approved for Rs.909. Send your bank details for disbursement.",No,No,No
spam,"You have been selected for a work-from-home job with Amazon. Share your bank details to receive the joining bonus of Rs.6,925.",No,No,No
spam,"Your Axis Bank personal loan of Rs.5,055 is pre-approved. Share your bank account and Aadhaar details to process.",No,No,No
spam,"Congratulations, your application under PMAY has been approved for Rs.6,704. Send your bank details for disbursement.",No,No,No
spam,"PM Ujjwala Yojana: Your scholarship benefit of Rs.86,571 is ready for transfer. Submit your bank passbook details to receive it.",No,No,No
spam,"Your Canara Bank personal loan of Rs.97,268 is pre-approved. Share your bank account and Aadhaar details to process.",No,No,No
spam,"Congratulations, your application under PMAY has been approved for Rs.721. Send your bank details for disbursement.",No,No,No
spam,Post Matric Scholarship: Your scholarship benefit of Rs.807 is ready for transfer. Submit your bank passbook details to receive it.,No,No,No
spam,"Hi, I think I sent Rs.705 to you by error while paying someone else. Please return it to UPI ID oijrb@okicici, thank you.",No,No,No
spam,"You have been selected for a work-from-home job with TCS. Share your bank details to receive the joining bonus of Rs.54,285.",No,No,No
spam,"Your Punjab National Bank personal loan of Rs.3,468 is pre-approved. Share your bank account and Aadhaar details to process.",No,No,No
spam,"Your insurance policy maturity amount of Rs.17,269 is ready. Send your bank passbook details to receive payment.",No,No,No
spam,"I accidentally sent Rs.6,547 to your Amazon Pay by mistake. Please refund it to this UPI ID: uqqhm@okhdfcbank",No,No,No
spam,"Sorry, I transferred Rs.7,816 to the wrong number by mistake, this looks like your account. Kindly send it back to ixgsa78@okicici.",No,No,No
spam,"I accidentally sent Rs.95,465 to your Amazon Pay by mistake. Please refund it to this UPI ID: fczzwoa63@okicici",No,No,No
spam,"You have been selected for a work-from-home job with HCL. Share your bank details to receive the joining bonus of Rs.3,490.",No,No,No
spam,"I accidentally sent Rs.47,182 to your Google Pay by mistake. Please refund it to this UPI ID: xrhmrnpm90@okicici",No,No,No
spam,"Congratulations, your application under Post Matric Scholarship has been approved for Rs.74,130. Send your bank details for disbursement.",No,No,No
spam,Your insurance policy maturity amount of Rs.515 is ready. Send your bank passbook details to receive payment.,No,No,No
spam,"Congratulations, your application under PM Ujjwala Yojana has been approved for Rs.3,554. Send your bank details for disbursement.",No,No,No
spam,"Sorry, I transferred Rs.789 to the wrong number by mistake, this looks like your account. Kindly send it back to mibqs@paytm.",No,No,No
spam,I accidentally sent Rs.900 to your PhonePe by mistake. Please refund it to this UPI ID: nzjwp39@axl,No,No,No
spam,"Ayushman Bharat: Your scholarship benefit of Rs.49,972 is ready for transfer. Submit your bank passbook details to receive it.",No,No,No
spam,"You have been selected for a work-from-home job with Amazon. Share your bank details to receive the joining bonus of Rs.7,818.",No,No,No
spam,"Sorry, I transferred Rs.8,459 to the wrong number by mistake, this looks like your account. Kindly send it back to gmweznc26@axl.",No,No,No
spam,"PM Kisan Samman Nidhi: Your scholarship benefit of Rs.94,255 is ready for transfer. Submit your bank passbook details to receive it.",No,No,No
spam,"Sorry, I transferred Rs.5,408 to the wrong number by mistake, this looks like your account. Kindly send it back to ugiscmhc@okicici.",No,No,No
spam,"Your SBI personal loan of Rs.77,200 is pre-approved. Share your bank account and Aadhaar details to process.",No,No,No
spam,"PMAY: Your scholarship benefit of Rs.20,654 is ready for transfer. Submit your bank passbook details to receive it.",No,No,No
spam,"State Scholarship Scheme Alert: You are eligible for Rs.8,918 under the scheme. Share your Aadhaar and bank account number to claim.",No,No,No
spam,PM Ujjwala Yojana: Your scholarship benefit of Rs.690 is ready for transfer. Submit your bank passbook details to receive it.,No,No,No
spam,"I accidentally sent Rs.11,362 to your Amazon Pay by mistake. Please refund it to this UPI ID: szlqg46@ybl",No,No,No
spam,"Your Axis Bank personal loan of Rs.51,662 is pre-approved. Share your bank account and Aadhaar details to process.",No,No,No
spam,"LPG Subsidy Scheme: Your scholarship benefit of Rs.53,944 is ready for transfer. Submit your bank passbook details to receive it.",No,No,No
spam,"By mistake Rs.86,312 got transferred to your account from mine, please refund at the earliest to xzalsyqp@axl.",No,No,No
spam,Your Punjab National Bank personal loan of Rs.654 is pre-approved. Share your bank account and Aadhaar details to process.,No,No,No
spam,LPG Subsidy Scheme: Your scholarship benefit of Rs.694 is ready for transfer. Submit your bank passbook details to receive it.,No,No,No
spam,"LPG Subsidy Scheme Alert: You are eligible for Rs.3,625 under the scheme. Share your Aadhaar and bank account number to claim.",No,No,No
spam,"I accidentally sent Rs.17,334 to your Amazon Pay by mistake. Please refund it to this UPI ID: zhyzdbts10@ybl",No,No,No
spam,"PM Kisan Samman Nidhi: Your scholarship benefit of Rs.97,861 is ready for transfer. Submit your bank passbook details to receive it.",No,No,No
spam,"Hi, I think I sent Rs.6,044 to you by error while paying someone else. Please return it to UPI ID kounhjw@ybl, thank you.",No,No,No
spam,"Congratulations, your application under LPG Subsidy Scheme has been approved for Rs.9,917. Send your bank details for disbursement.",No,No,No
spam,"Sorry, I transferred Rs.501 to the wrong number by mistake, this looks like your account. Kindly send it back to efvub@paytm.",No,No,No
spam,Your Bank of Baroda personal loan of Rs.987 is pre-approved. Share your bank account and Aadhaar details to process.,No,No,No
spam,"Your Punjab National Bank personal loan of Rs.4,430 is pre-approved. Share your bank account and Aadhaar details to process.",No,No,No
spam,"By mistake Rs.686 got transferred to your account from mine, please refund at the earliest to dfbloxcm@ibl.",No,No,No
spam,"You have been selected for a work-from-home job with Reliance. Share your bank details to receive the joining bonus of Rs.1,575.",No,No,No
spam,"Your insurance policy maturity amount of Rs.5,961 is ready. Send your bank passbook details to receive payment.",No,No,No
spam,"You have been selected for a work-from-home job with Amazon. Share your bank details to receive the joining bonus of Rs.6,732.",No,No,No
spam,"By mistake Rs.1,103 got transferred to your account from mine, please refund at the earliest to pmzux94@oksbi.",No,No,No
spam,"State Scholarship Scheme: Your scholarship benefit of Rs.2,139 is ready for transfer. Submit your bank passbook details to receive it.",No,No,No
spam,"Your HDFC Bank personal loan of Rs.81,172 is pre-approved. Share your bank account and Aadhaar details to process.",No,No,No
spam,"By mistake Rs.9,301 got transferred to your account from mine, please refund at the earliest to mkkxxkv@ibl.",No,No,No
spam,"Your insurance policy maturity amount of Rs.57,362 is ready. Send your bank passbook details to receive payment.",No,No,No
spam,LPG Subsidy Scheme Alert: You are eligible for Rs.661 under the scheme. Share your Aadhaar and bank account number to claim.,No,No,No
spam,"You have been selected for a work-from-home job with Flipkart. Share your bank details to receive the joining bonus of Rs.58,427.",No,No,No
spam,"Hi, I think I sent Rs.15,648 to you by error while paying someone else. Please return it to UPI ID rvtrfr99@okhdfcbank, thank you.",No,No,No
spam,"By mistake Rs.755 got transferred to your account from mine, please refund at the earliest to setdj@paytm.",No,No,No
spam,"Sorry, I transferred Rs.18,868 to the wrong number by mistake, this looks like your account. Kindly send it back to mrzyfw@okicici.",No,No,No
spam,"Sorry, I transferred Rs.44,658 to the wrong number by mistake, this looks like your account. Kindly send it back to ubgpkvb90@paytm.",No,No,No
spam,"Congratulations, your application under PM Ujjwala Yojana has been approved for Rs.68,919. Send your bank details for disbursement.",No,No,No
spam,"By mistake Rs.8,395 got transferred to your account from mine, please refund at the earliest to ltkkzyab51@axl.",No,No,No
spam,"Sorry, I transferred Rs.815 to the wrong number by mistake, this looks like your account. Kindly send it back to mxrknd@ibl.",No,No,No
spam,"I accidentally sent Rs.72,397 to your PhonePe by mistake. Please refund it to this UPI ID: qmjkxj@oksbi",No,No,No
spam,"Your ICICI Bank personal loan of Rs.8,236 is pre-approved. Share your bank account and Aadhaar details to process.",No,No,No
spam,"Your Punjab National Bank personal loan of Rs.31,951 is pre-approved. Share your bank account and Aadhaar details to process.",No,No,No
spam,"By mistake Rs.30,509 got transferred to your account from mine, please refund at the earliest to vjxmzmvr@axl.",No,No,No
spam,"By mistake Rs.16,712 got transferred to your account from mine, please refund at the earliest to csjqx23@ibl.",No,No,No
spam,"Hi, I think I sent Rs.53,792 to you by error while paying someone else. Please return it to UPI ID sjhdzyaa86@axl, thank you.",No,No,No
spam,"Sorry, I transferred Rs.8,920 to the wrong number by mistake, this looks like your account. Kindly send it back to lqahruh85@axl.",No,No,No
spam,"Congratulations, your application under LPG Subsidy Scheme has been approved for Rs.9,126. Send your bank details for disbursement.",No,No,No
spam,"By mistake Rs.62,457 got transferred to your account from mine, please refund at the earliest to rbzqy@okicici.",No,No,No
spam,"Sorry, I transferred Rs.51,422 to the wrong number by mistake, this looks like your account. Kindly send it back to gekcyyr99@okhdfcbank.",No,No,No
spam,"By mistake Rs.85,405 got transferred to your account from mine, please refund at the earliest to vckmwck51@okicici.",No,No,No
spam,"Congratulations, your application under State Scholarship Scheme has been approved for Rs.80,315. Send your bank details for disbursement.",No,No,No
spam,"Sorry, I transferred Rs.568 to the wrong number by mistake, this looks like your account. Kindly send it back to edkmh82@oksbi.",No,No,No
spam,PM Ujjwala Yojana Alert: You are eligible for Rs.598 under the scheme. Share your Aadhaar and bank account number to claim.,No,No,No
spam,"Hi, I think I sent Rs.49,378 to you by error while paying someone else. Please return it to UPI ID uozwkfvn@paytm, thank you.",No,No,No
spam,"PMAY: Your scholarship benefit of Rs.17,088 is ready for transfer. Submit your bank passbook details to receive it.",No,No,No
spam,"Sorry, I transferred Rs.93,637 to the wrong number by mistake, this looks like your account. Kindly send it back to lxytis83@oksbi.",No,No,No
spam,"You have been selected for a work-from-home job with HCL. Share your bank details to receive the joining bonus of Rs.97,215.",No,No,No
spam,Your HDFC Bank personal loan of Rs.841 is pre-approved. Share your bank account and Aadhaar details to process.,No,No,No
spam,"Congratulations, your application under Ayushman Bharat has been approved for Rs.27,862. Send your bank details for disbursement.",No,No,No
spam,I accidentally sent Rs.552 to your Amazon Pay by mistake. Please refund it to this UPI ID: pmqndrla70@ybl,No,No,No
spam,"You have been selected for a work-from-home job with Flipkart. Share your bank details to receive the joining bonus of Rs.37,664.",No,No,No
spam,"You have been selected for a work-from-home job with Wipro. Share your bank details to receive the joining bonus of Rs.15,238.",No,No,No
spam,"Sorry, I transferred Rs.8,713 to the wrong number by mistake, this looks like your account. Kindly send it back to cvkhlvma@paytm.",No,No,No
spam,"I accidentally sent Rs.90,186 to your Paytm by mistake. Please refund it to this UPI ID: zibbq54@ibl",No,No,No
spam,"Your insurance policy maturity amount of Rs.50,408 is ready. Send your bank passbook details to receive payment.",No,No,No
spam,Your HDFC Bank personal loan of Rs.635 is pre-approved. Share your bank account and Aadhaar details to process.,No,No,No
spam,"Congratulations, your application under PM Kisan Samman Nidhi has been approved for Rs.37,479. Send your bank details for disbursement.",No,No,No
spam,"By mistake Rs.772 got transferred to your account from mine, please refund at the earliest to ktmhd13@okicici.",No,No,No
spam,"You have been selected for a work-from-home job with Amazon. Share your bank details to receive the joining bonus of Rs.8,590.",No,No,No
spam,"Congratulations, your application under LPG Subsidy Scheme has been approved for Rs.84,915. Send your bank details for disbursement.",No,No,No
spam,"Congratulations, your application under Ayushman Bharat has been approved for Rs.7,033. Send your bank details for disbursement.",No,No,No
spam,"Your insurance policy maturity amount of Rs.56,681 is ready. Send your bank passbook details to receive payment.",No,No,No
spam,Your insurance policy maturity amount of Rs.782 is ready. Send your bank passbook details to receive payment.,No,No,No
spam,"Congratulations, your application under LPG Subsidy Scheme has been approved for Rs.560. Send your bank details for disbursement.",No,No,No
spam,"I accidentally sent Rs.28,378 to your Google Pay by mistake. Please refund it to this UPI ID: rvwrhr@okhdfcbank",No,No,No
spam,"Your HDFC Bank personal loan of Rs.59,967 is pre-approved. Share your bank account and Aadhaar details to process.",No,No,No
spam,"PM Kisan Samman Nidhi Alert: You are eligible for Rs.54,490 under the scheme. Share your Aadhaar and bank account number to claim.",No,No,No
spam,Your insurance policy maturity amount of Rs.755 is ready. Send your bank passbook details to receive payment.,No,No,No
spam,"I accidentally sent Rs.42,885 to your Paytm by mistake. Please refund it to this UPI ID: nbbczwj57@okhdfcbank",No,No,No
spam,Ayushman Bharat: Your scholarship benefit of Rs.879 is ready for transfer. Submit your bank passbook details to receive it.,No,No,No
spam,"You have been selected for a work-from-home job with Wipro. Share your bank details to receive the joining bonus of Rs.3,231.",No,No,No
spam,"Sorry, I transferred Rs.9,351 to the wrong number by mistake, this looks like your account. Kindly send it back to rnstz94@ibl.",No,No,No
spam,"Your insurance policy maturity amount of Rs.70,032 is ready. Send your bank passbook details to receive payment.",No,No,No
spam,"Hi, I think I sent Rs.7,592 to you by error while paying someone else. Please return it to UPI ID cddnoazd41@oksbi, thank you.",No,No,No
spam,"Your Axis Bank personal loan of Rs.22,400 is pre-approved. Share your bank account and Aadhaar details to process.",No,No,No
spam,"Sorry, I transferred Rs.18,332 to the wrong number by mistake, this looks like your account. Kindly send it back to gwceyj65@oksbi.",No,No,No
spam,I accidentally sent Rs.883 to your Amazon Pay by mistake. Please refund it to this UPI ID: oyowld@paytm,No,No,No
spam,You have been selected for a work-from-home job with Infosys. Share your bank details to receive the joining bonus of Rs.671.,No,No,No
spam,State Scholarship Scheme: Your scholarship benefit of Rs.915 is ready for transfer. Submit your bank passbook details to receive it.,No,No,No
spam,"Sorry, I transferred Rs.940 to the wrong number by mistake, this looks like your account. Kindly send it back to iheydc@paytm.",No,No,No
spam,"Your insurance policy maturity amount of Rs.2,027 is ready. Send your bank passbook details to receive payment.",No,No,No
spam,"Congratulations, your application under State Scholarship Scheme has been approved for Rs.751. Send your bank details for disbursement.",No,No,No
spam,"PMAY: Your scholarship benefit of Rs.82,910 is ready for transfer. Submit your bank passbook details to receive it.",No,No,No
spam,"State Scholarship Scheme Alert: You are eligible for Rs.1,647 under the scheme. Share your Aadhaar and bank account number to claim.",No,No,No
spam,You have been selected for a work-from-home job with Flipkart. Share your bank details to receive the joining bonus of Rs.537.,No,No,No
spam,"Congratulations, your application under State Scholarship Scheme has been approved for Rs.764. Send your bank details for disbursement.",No,No,No
spam,Your insurance policy maturity amount of Rs.838 is ready. Send your bank passbook details to receive payment.,No,No,No
spam,LPG Subsidy Scheme: Your scholarship benefit of Rs.873 is ready for transfer. Submit your bank passbook details to receive it.,No,No,No
spam,"Your Punjab National Bank personal loan of Rs.3,754 is pre-approved. Share your bank account and Aadhaar details to process.",No,No,No
spam,"Sorry, I transferred Rs.3,131 to the wrong number by mistake, this looks like your account. Kindly send it back to ghcwds@paytm.",No,No,No
spam,"Ayushman Bharat Alert: You are eligible for Rs.15,126 under the scheme. Share your Aadhaar and bank account number to claim.",No,No,No
spam,Your HDFC Bank personal loan of Rs.883 is pre-approved. Share your bank account and Aadhaar details to process.,No,No,No
spam,"Sorry, I transferred Rs.4,517 to the wrong number by mistake, this looks like your account. Kindly send it back to fsrymchr@paytm.",No,No,No
spam,"Congratulations, your application under PM Kisan Samman Nidhi has been approved for Rs.47,950. Send your bank details for disbursement.",No,No,No
spam,I accidentally sent Rs.549 to your Paytm by mistake. Please refund it to this UPI ID: uygtmdi@ybl,No,No,No
spam,"You have been selected for a work-from-home job with TCS. Share your bank details to receive the joining bonus of Rs.94,379.",No,No,No
spam,"Hi, I think I sent Rs.8,580 to you by error while paying someone else. Please return it to UPI ID lxnwt67@okhdfcbank, thank you.",No,No,No
spam,"Ayushman Bharat: Your scholarship benefit of Rs.21,713 is ready for transfer. Submit your bank passbook details to receive it.",No,No,No
spam,PM Kisan Samman Nidhi Alert: You are eligible for Rs.979 under the scheme. Share your Aadhaar and bank account number to claim.,No,No,No
spam,"Congratulations, your application under Ayushman Bharat has been approved for Rs.54,294. Send your bank details for disbursement.",No,No,No
spam,"By mistake Rs.679 got transferred to your account from mine, please refund at the earliest to fgphrg80@okhdfcbank.",No,No,No
spam,"Sorry, I transferred Rs.559 to the wrong number by mistake, this looks like your account. Kindly send it back to mkpdeu26@oksbi.",No,No,No
spam,"Your insurance policy maturity amount of Rs.97,748 is ready. Send your bank passbook details to receive payment.",No,No,No
spam,"Congratulations, your application under National Scholarship Portal has been approved for Rs.29,135. Send your bank details for disbursement.",No,No,No
spam,"PMAY: Your scholarship benefit of Rs.49,615 is ready for transfer. Submit your bank passbook details to receive it.",No,No,No
spam,"Sorry, I transferred Rs.11,728 to the wrong number by mistake, this looks like your account. Kindly send it back to tklpd17@oksbi.",No,No,No
spam,"Congratulations, your application under State Scholarship Scheme has been approved for Rs.677. Send your bank details for disbursement.",No,No,No
spam,"Your Bank of Baroda personal loan of Rs.78,091 is pre-approved. Share your bank account and Aadhaar details to process.",No,No,No
spam,"By mistake Rs.1,028 got transferred to your account from mine, please refund at the earliest to nqloga22@okicici.",No,No,No
spam,"I accidentally sent Rs.96,532 to your PhonePe by mistake. Please refund it to this UPI ID: hgrdkvxt71@axl",No,No,No
spam,Ayushman Bharat: Your scholarship benefit of Rs.647 is ready for transfer. Submit your bank passbook details to receive it.,No,No,No
spam,"Sorry, I transferred Rs.3,377 to the wrong number by mistake, this looks like your account. Kindly send it back to kmfzdw93@paytm.",No,No,No
spam,Your SBI personal loan of Rs.759 is pre-approved. Share your bank account and Aadhaar details to process.,No,No,No
spam,Your Kotak Mahindra Bank personal loan of Rs.675 is pre-approved. Share your bank account and Aadhaar details to process.,No,No,No
spam,"By mistake Rs.42,581 got transferred to your account from mine, please refund at the earliest to mwwiul@axl.",No,No,No
spam,"You have been selected for a work-from-home job with Infosys. Share your bank details to receive the joining bonus of Rs.6,246.",No,No,No
spam,"Sorry, I transferred Rs.8,827 to the wrong number by mistake, this looks like your account. Kindly send it back to onuiplk14@okhdfcbank.",No,No,No
spam,"By mistake Rs.663 got transferred to your account from mine, please refund at the earliest to ywqqodh@paytm.",No,No,No
spam,"You have been selected for a work-from-home job with HCL. Share your bank details to receive the joining bonus of Rs.6,378.",No,No,No
spam,"By mistake Rs.570 got transferred to your account from mine, please refund at the earliest to kplcgwd@okhdfcbank.",No,No,No
spam,"Congratulations, your application under PM Ujjwala Yojana has been approved for Rs.2,124. Send your bank details for disbursement.",No,No,No
spam,"Ayushman Bharat Alert: You are eligible for Rs.39,750 under the scheme. Share your Aadhaar and bank account number to claim.",No,No,No
spam,"Your insurance policy maturity amount of Rs.1,954 is ready. Send your bank passbook details to receive payment.",No,No,No
spam,"Your HDFC Bank personal loan of Rs.3,127 is pre-approved. Share your bank account and Aadhaar details to process.",No,No,No
spam,"By mistake Rs.617 got transferred to your account from mine, please refund at the earliest to jitep90@ibl.",No,No,No
spam,"Congratulations, your application under Post Matric Scholarship has been approved for Rs.830. Send your bank details for disbursement.",No,No,No
spam,"You have been selected for a work-from-home job with Reliance. Share your bank details to receive the joining bonus of Rs.30,258.",No,No,No
spam,"Congratulations, your application under LPG Subsidy Scheme has been approved for Rs.3,303. Send your bank details for disbursement.",No,No,No
spam,National Scholarship Portal: Your scholarship benefit of Rs.936 is ready for transfer. Submit your bank passbook details to receive it.,No,No,No
spam,You have been selected for a work-from-home job with HCL. Share your bank details to receive the joining bonus of Rs.605.,No,No,No
spam,"You have been selected for a work-from-home job with Infosys. Share your bank details to receive the joining bonus of Rs.65,732.",No,No,No
spam,"Ayushman Bharat: Your scholarship benefit of Rs.8,087 is ready for transfer. Submit your bank passbook details to receive it.",No,No,No
spam,"National Scholarship Portal: Your scholarship benefit of Rs.85,146 is ready for transfer. Submit your bank passbook details to receive it.",No,No,No
spam,"State Scholarship Scheme: Your scholarship benefit of Rs.25,645 is ready for transfer. Submit your bank passbook details to receive it.",No,No,No
spam,"By mistake Rs.8,183 got transferred to your account from mine, please refund at the earliest to otpkaoje84@paytm.",No,No,No
spam,"Hi, I think I sent Rs.703 to you by error while paying someone else. Please return it to UPI ID bvrnbldl@axl, thank you.",No,No,No
spam,I accidentally sent Rs.819 to your Paytm by mistake. Please refund it to this UPI ID: khcugivx@okicici,No,No,No
spam,"I accidentally sent Rs.55,444 to your Amazon Pay by mistake. Please refund it to this UPI ID: rgemsoyn30@okhdfcbank",No,No,No
spam,"Congratulations, your application under State Scholarship Scheme has been approved for Rs.37,407. Send your bank details for disbursement.",No,No,No
spam,Your insurance policy maturity amount of Rs.878 is ready. Send your bank passbook details to receive payment.,No,No,No
spam,"Your insurance policy maturity amount of Rs.2,661 is ready. Send your bank passbook details to receive payment.",No,No,No
spam,"Sorry, I transferred Rs.3,964 to the wrong number by mistake, this looks like your account. Kindly send it back to mtpkyghn@axl.",No,No,No
spam,"Hi, I think I sent Rs.88,504 to you by error while paying someone else. Please return it to UPI ID mihjkhvc@okicici, thank you.",No,No,No
spam,I accidentally sent Rs.991 to your Google Pay by mistake. Please refund it to this UPI ID: hneruo@axl,No,No,No
spam,"I accidentally sent Rs.7,318 to your Paytm by mistake. Please refund it to this UPI ID: ywciogle@axl",No,No,No
spam,"By mistake Rs.626 got transferred to your account from mine, please refund at the earliest to lvahbat62@ybl.",No,No,No
spam,"Your Bank of Baroda personal loan of Rs.68,451 is pre-approved. Share your bank account and Aadhaar details to process.",No,No,No
spam,"Your Kotak Mahindra Bank personal loan of Rs.18,104 is pre-approved. Share your bank account and Aadhaar details to process.",No,No,No
spam,"Congratulations, your application under State Scholarship Scheme has been approved for Rs.9,003. Send your bank details for disbursement.",No,No,No
spam,"I accidentally sent Rs.9,791 to your Paytm by mistake. Please refund it to this UPI ID: ollchp37@oksbi",No,No,No
spam,National Scholarship Portal Alert: You are eligible for Rs.759 under the scheme. Share your Aadhaar and bank account number to claim.,No,No,No
spam,"By mistake Rs.64,749 got transferred to your account from mine, please refund at the earliest to uesxmlt74@ibl.",No,No,No
spam,PM Kisan Samman Nidhi: Your scholarship benefit of Rs.885 is ready for transfer. Submit your bank passbook details to receive it.,No,No,No
spam,"Post Matric Scholarship Alert: You are eligible for Rs.9,549 under the scheme. Share your Aadhaar and bank account number to claim.",No,No,No
spam,"By mistake Rs.9,175 got transferred to your account from mine, please refund at the earliest to jmupk@paytm.",No,No,No
spam,"Congratulations, your application under State Scholarship Scheme has been approved for Rs.4,776. Send your bank details for disbursement.",No,No,No
spam,"Sorry, I transferred Rs.73,761 to the wrong number by mistake, this looks like your account. Kindly send it back to cgtwcxgc@paytm.",No,No,No
spam,"PM Kisan Samman Nidhi: Your scholarship benefit of Rs.93,719 is ready for transfer. Submit your bank passbook details to receive it.",No,No,No
spam,"I accidentally sent Rs.9,045 to your PhonePe by mistake. Please refund it to this UPI ID: fesybnm@okhdfcbank",No,No,No
spam,"Your insurance policy maturity amount of Rs.4,015 is ready. Send your bank passbook details to receive payment.",No,No,No
spam,"Hi, I think I sent Rs.32,394 to you by error while paying someone else. Please return it to UPI ID gpivhdu@ibl, thank you.",No,No,No
spam,"Congratulations, your application under LPG Subsidy Scheme has been approved for Rs.78,493. Send your bank details for disbursement.",No,No,No
spam,"PMAY Alert: You are eligible for Rs.2,412 under the scheme. Share your Aadhaar and bank account number to claim.",No,No,No
spam,"Hi, I think I sent Rs.5,054 to you by error while paying someone else. Please return it to UPI ID bctejf@okhdfcbank, thank you.",No,No,No
spam,"Sorry, I transferred Rs.550 to the wrong number by mistake, this looks like your account. Kindly send it back to xfhmanoo22@axl.",No,No,No
spam,"Hi, I think I sent Rs.516 to you by error while paying someone else. Please return it to UPI ID epjnb20@axl, thank you.",No,No,No
spam,"Your insurance policy maturity amount of Rs.52,987 is ready. Send your bank passbook details to receive payment.",No,No,No
spam,Your insurance policy maturity amount of Rs.668 is ready. Send your bank passbook details to receive payment.,No,No,No
spam,"Sorry, I transferred Rs.35,820 to the wrong number by mistake, this looks like your account. Kindly send it back to waatwd97@oksbi.",No,No,No
spam,"Your insurance policy maturity amount of Rs.2,325 is ready. Send your bank passbook details to receive payment.",No,No,No
spam,"Your ICICI Bank personal loan of Rs.33,010 is pre-approved. Share your bank account and Aadhaar details to process.",No,No,No
spam,"Your insurance policy maturity amount of Rs.5,743 is ready. Send your bank passbook details to receive payment.",No,No,No
spam,"Sorry, I transferred Rs.1,682 to the wrong number by mistake, this looks like your account. Kindly send it back to ttdqspov@oksbi.",No,No,No
spam,Your Bank of Baroda personal loan of Rs.926 is pre-approved. Share your bank account and Aadhaar details to process.,No,No,No
spam,"Your Kotak Mahindra Bank personal loan of Rs.52,029 is pre-approved. Share your bank account and Aadhaar details to process.",No,No,No
spam,"Sorry, I transferred Rs.6,189 to the wrong number by mistake, this looks like your account. Kindly send it back to rzqmo77@oksbi.",No,No,No
spam,PMAY Alert: You are eligible for Rs.700 under the scheme. Share your Aadhaar and bank account number to claim.,No,No,No
spam,"PM Ujjwala Yojana Alert: You are eligible for Rs.66,948 under the scheme. Share your Aadhaar and bank account number to claim.",No,No,No
spam,Your insurance policy maturity amount of Rs.883 is ready. Send your bank passbook details to receive payment.,No,No,No
spam,"LPG Subsidy Scheme Alert: You are eligible for Rs.8,966 under the scheme. Share your Aadhaar and bank account number to claim.",No,No,No
spam,"Sorry, I transferred Rs.1,314 to the wrong number by mistake, this looks like your account. Kindly send it back to xibzjuw41@paytm.",No,No,No
spam,"You have been selected for a work-from-home job with Infosys. Share your bank details to receive the joining bonus of Rs.78,787.",No,No,No
spam,"Hi, I think I sent Rs.8,566 to you by error while paying someone else. Please return it to UPI ID aehrzyp@okhdfcbank, thank you.",No,No,No
spam,"Your insurance policy maturity amount of Rs.5,906 is ready. Send your bank passbook details to receive payment.",No,No,No
spam,I accidentally sent Rs.679 to your Amazon Pay by mistake. Please refund it to this UPI ID: rqbnqy43@okhdfcbank,No,No,No
spam,"Hi, I think I sent Rs.9,631 to you by error while paying someone else. Please return it to UPI ID qoejlt49@ybl, thank you.",No,No,No
spam,"Your insurance policy maturity amount of Rs.5,391 is ready. Send your bank passbook details to receive payment.",No,No,No
spam,You have been selected for a work-from-home job with Reliance. Share your bank details to receive the joining bonus of Rs.809.,No,No,No
spam,"Your insurance policy maturity amount of Rs.4,745 is ready. Send your bank passbook details to receive payment.",No,No,No
spam,"PM Ujjwala Yojana Alert: You are eligible for Rs.6,743 under the scheme. Share your Aadhaar and bank account number to claim.",No,No,No
spam,"LPG Subsidy Scheme Alert: You are eligible for Rs.9,825 under the scheme. Share your Aadhaar and bank account number to claim.",No,No,No
spam,"Congratulations, your application under National Scholarship Portal has been approved for Rs.609. Send your bank details for disbursement.",No,No,No
spam,I accidentally sent Rs.947 to your Paytm by mistake. Please refund it to this UPI ID: gdtriba@oksbi,No,No,No
spam,PM Ujjwala Yojana: Your scholarship benefit of Rs.517 is ready for transfer. Submit your bank passbook details to receive it.,No,No,No
spam,"Your Canara Bank personal loan of Rs.19,148 is pre-approved. Share your bank account and Aadhaar details to process.",No,No,No
spam,"Post Matric Scholarship: Your scholarship benefit of Rs.72,719 is ready for transfer. Submit your bank passbook details to receive it.",No,No,No
spam,"Sorry, I transferred Rs.65,457 to the wrong number by mistake, this looks like your account. Kindly send it back to mejehj96@paytm.",No,No,No
spam,"National Scholarship Portal Alert: You are eligible for Rs.97,677 under the scheme. Share your Aadhaar and bank account number to claim.",No,No,No
spam,"LPG Subsidy Scheme Alert: You are eligible for Rs.1,098 under the scheme. Share your Aadhaar and bank account number to claim.",No,No,No
spam,"PMAY Alert: You are eligible for Rs.65,438 under the scheme. Share your Aadhaar and bank account number to claim.",No,No,No
spam,"Sorry, I transferred Rs.5,724 to the wrong number by mistake, this looks like your account. Kindly send it back to bxlwj@paytm.",No,No,No
spam,"Sorry, I transferred Rs.559 to the wrong number by mistake, this looks like your account. Kindly send it back to knbztk72@oksbi.",No,No,No
spam,I accidentally sent Rs.763 to your Google Pay by mistake. Please refund it to this UPI ID: jahndp78@axl,No,No,No
spam,"Congratulations, your application under Ayushman Bharat has been approved for Rs.4,071. Send your bank details for disbursement.",No,No,No
spam,"Congratulations, your application under PM Kisan Samman Nidhi has been approved for Rs.5,038. Send your bank details for disbursement.",No,No,No
spam,"Congratulations, your application under Post Matric Scholarship has been approved for Rs.8,171. Send your bank details for disbursement.",No,No,No
spam,You have been selected for a work-from-home job with Flipkart. Share your bank details to receive the joining bonus of Rs.562.,No,No,No
spam,You have been selected for a work-from-home job with Flipkart. Share your bank details to receive the joining bonus of Rs.988.,No,No,No
spam,"I accidentally sent Rs.31,177 to your Paytm by mistake. Please refund it to this UPI ID: kriclu10@ibl",No,No,No
spam,"Your insurance policy maturity amount of Rs.5,995 is ready. Send your bank passbook details to receive payment.",No,No,No
spam,"By mistake Rs.24,531 got transferred to your account from mine, please refund at the earliest to xeybkkad@oksbi.",No,No,No
spam,"National Scholarship Portal Alert: You are eligible for Rs.98,611 under the scheme. Share your Aadhaar and bank account number to claim.",No,No,No
spam,"By mistake Rs.74,496 got transferred to your account from mine, please refund at the earliest to qkzgjy@paytm.",No,No,No
spam,"I accidentally sent Rs.3,540 to your Amazon Pay by mistake. Please refund it to this UPI ID: togovvu@okicici",No,No,No
spam,"National Scholarship Portal Alert: You are eligible for Rs.73,016 under the scheme. Share your Aadhaar and bank account number to claim.",No,No,No
spam,"Post Matric Scholarship Alert: You are eligible for Rs.34,725 under the scheme. Share your Aadhaar and bank account number to claim.",No,No,No
spam,"Your insurance policy maturity amount of Rs.7,555 is ready. Send your bank passbook details to receive payment.",No,No,No
spam,"Hi, I think I sent Rs.16,453 to you by error while paying someone else. Please return it to UPI ID yvqxej@axl, thank you.",No,No,No
spam,"Your insurance policy maturity amount of Rs.1,391 is ready. Send your bank passbook details to receive payment.",No,No,No
spam,"PM Kisan Samman Nidhi: Your scholarship benefit of Rs.64,111 is ready for transfer. Submit your bank passbook details to receive it.",No,No,No
spam,Your Axis Bank personal loan of Rs.999 is pre-approved. Share your bank account and Aadhaar details to process.,No,No,No
spam,"Ayushman Bharat: Your scholarship benefit of Rs.86,589 is ready for transfer. Submit your bank passbook details to receive it.",No,No,No
spam,LPG Subsidy Scheme Alert: You are eligible for Rs.577 under the scheme. Share your Aadhaar and bank account number to claim.,No,No,No
spam,"Sorry, I transferred Rs.9,835 to the wrong number by mistake, this looks like your account. Kindly send it back to vtssbl@axl.",No,No,No
spam,"I accidentally sent Rs.10,924 to your PhonePe by mistake. Please refund it to this UPI ID: ftgelxp@okicici",No,No,No
spam,I accidentally sent Rs.847 to your Google Pay by mistake. Please refund it to this UPI ID: ofwdf@ybl,No,No,No
spam,"You have been selected for a work-from-home job with Wipro. Share your bank details to receive the joining bonus of Rs.1,536.",No,No,No
spam,"Sorry, I transferred Rs.39,066 to the wrong number by mistake, this looks like your account. Kindly send it back to vxdyw53@paytm.",No,No,No
spam,"State Scholarship Scheme: Your scholarship benefit of Rs.74,266 is ready for transfer. Submit your bank passbook details to receive it.",No,No,No
spam,PMAY Alert: You are eligible for Rs.930 under the scheme. Share your Aadhaar and bank account number to claim.,No,No,No
spam,"Congratulations, your application under State Scholarship Scheme has been approved for Rs.75,421. Send your bank details for disbursement.",No,No,No
spam,"I accidentally sent Rs.60,865 to your PhonePe by mistake. Please refund it to this UPI ID: spttk55@ibl",No,No,No
spam,"By mistake Rs.620 got transferred to your account from mine, please refund at the earliest to wcosuim12@okicici.",No,No,No
spam,"State Scholarship Scheme: Your scholarship benefit of Rs.1,945 is ready for transfer. Submit your bank passbook details to receive it.",No,No,No
spam,"Your Punjab National Bank personal loan of Rs.94,894 is pre-approved. Share your bank account and Aadhaar details to process.",No,No,No
spam,"I accidentally sent Rs.2,993 to your PhonePe by mistake. Please refund it to this UPI ID: gcygm58@axl",No,No,No
spam,"Your Bank of Baroda personal loan of Rs.66,248 is pre-approved. Share your bank account and Aadhaar details to process.",No,No,No
spam,"Congratulations, your application under PM Ujjwala Yojana has been approved for Rs.3,913. Send your bank details for disbursement.",No,No,No
spam,"By mistake Rs.12,269 got transferred to your account from mine, please refund at the earliest to jkuwasv@okicici.",No,No,No
spam,"By mistake Rs.597 got transferred to your account from mine, please refund at the earliest to hchhsz@oksbi.",No,No,No
spam,PMAY Alert: You are eligible for Rs.879 under the scheme. Share your Aadhaar and bank account number to claim.,No,No,No
spam,National Scholarship Portal: Your scholarship benefit of Rs.766 is ready for transfer. Submit your bank passbook details to receive it.,No,No,No
spam,"You have been selected for a work-from-home job with Amazon. Share your bank details to receive the joining bonus of Rs.3,725.",No,No,No
spam,Your HDFC Bank personal loan of Rs.971 is pre-approved. Share your bank account and Aadhaar details to process.,No,No,No
spam,"Your Bank of Baroda personal loan of Rs.1,513 is pre-approved. Share your bank account and Aadhaar details to process.",No,No,No
spam,Your SBI personal loan of Rs.645 is pre-approved. Share your bank account and Aadhaar details to process.,No,No,No
spam,"Congratulations, your application under PMAY has been approved for Rs.8,841. Send your bank details for disbursement.",No,No,No
spam,"By mistake Rs.820 got transferred to your account from mine, please refund at the earliest to bgrsd89@okicici.",No,No,No
spam,"LPG Subsidy Scheme: Your scholarship benefit of Rs.58,775 is ready for transfer. Submit your bank passbook details to receive it.",No,No,No
spam,"Congratulations, your application under State Scholarship Scheme has been approved for Rs.3,548. Send your bank details for disbursement.",No,No,No
spam,"Your SBI personal loan of Rs.8,655 is pre-approved. Share your bank account and Aadhaar details to process.",No,No,No
spam,"Congratulations, your application under PMAY has been approved for Rs.9,246. Send your bank details for disbursement.",No,No,No
spam,"Post Matric Scholarship Alert: You are eligible for Rs.60,362 under the scheme. Share your Aadhaar and bank account number to claim.",No,No,No
spam,"Hi, I think I sent Rs.4,497 to you by error while paying someone else. Please return it to UPI ID okmfj@okicici, thank you.",No,No,No
spam,"Your insurance policy maturity amount of Rs.6,281 is ready. Send your bank passbook details to receive payment.",No,No,No
spam,Your insurance policy maturity amount of Rs.723 is ready. Send your bank passbook details to receive payment.,No,No,No
spam,"Your Kotak Mahindra Bank personal loan of Rs.85,322 is pre-approved. Share your bank account and Aadhaar details to process.",No,No,No
spam,"By mistake Rs.4,656 got transferred to your account from mine, please refund at the earliest to kebpgi15@ybl.",No,No,No
spam,"By mistake Rs.10,463 got transferred to your account from mine, please refund at the earliest to cmpulm61@ibl.",No,No,No
spam,Your insurance policy maturity amount of Rs.583 is ready. Send your bank passbook details to receive payment.,No,No,No
spam,"By mistake Rs.977 got transferred to your account from mine, please refund at the earliest to nagbh@okhdfcbank.",No,No,No
spam,"Hi, I think I sent Rs.58,856 to you by error while paying someone else. Please return it to UPI ID tbzatml48@ybl, thank you.",No,No,No
spam,Post Matric Scholarship: Your scholarship benefit of Rs.995 is ready for transfer. Submit your bank passbook details to receive it.,No,No,No
spam,"Congratulations, your application under Post Matric Scholarship has been approved for Rs.73,066. Send your bank details for disbursement.",No,No,No
spam,"By mistake Rs.585 got transferred to your account from mine, please refund at the earliest to mhetwg@ybl.",No,No,No
spam,Your Axis Bank personal loan of Rs.530 is pre-approved. Share your bank account and Aadhaar details to process.,No,No,No
spam,"Hi, I think I sent Rs.9,551 to you by error while paying someone else. Please return it to UPI ID anhmggw@oksbi, thank you.",No,No,No
spam,"You have been selected for a work-from-home job with Infosys. Share your bank details to receive the joining bonus of Rs.39,687.",No,No,No
spam,"I accidentally sent Rs.42,964 to your Paytm by mistake. Please refund it to this UPI ID: ojboa56@oksbi",No,No,No
spam,Your insurance policy maturity amount of Rs.844 is ready. Send your bank passbook details to receive payment.,No,No,No
spam,National Scholarship Portal: Your scholarship benefit of Rs.838 is ready for transfer. Submit your bank passbook details to receive it.,No,No,No
spam,"I accidentally sent Rs.2,472 to your Paytm by mistake. Please refund it to this UPI ID: hdlwgoiw32@okicici",No,No,No
spam,"National Scholarship Portal Alert: You are eligible for Rs.63,245 under the scheme. Share your Aadhaar and bank account number to claim.",No,No,No
spam,You have been selected for a work-from-home job with Flipkart. Share your bank details to receive the joining bonus of Rs.762.,No,No,No
spam,Your Canara Bank personal loan of Rs.777 is pre-approved. Share your bank account and Aadhaar details to process.,No,No,No
spam,"Post Matric Scholarship: Your scholarship benefit of Rs.2,561 is ready for transfer. Submit your bank passbook details to receive it.",No,No,No
spam,"I accidentally sent Rs.48,424 to your PhonePe by mistake. Please refund it to this UPI ID: gxekjy42@ybl",No,No,No
spam,"By mistake Rs.671 got transferred to your account from mine, please refund at the earliest to eydkwgce@ibl.",No,No,No
spam,"Congratulations, your application under PM Ujjwala Yojana has been approved for Rs.23,215. Send your bank details for disbursement.",No,No,No
spam,"Sorry, I transferred Rs.48,195 to the wrong number by mistake, this looks like your account. Kindly send it back to xievn@oksbi.",No,No,No
spam,"Congratulations, your application under LPG Subsidy Scheme has been approved for Rs.1,750. Send your bank details for disbursement.",No,No,No
spam,"National Scholarship Portal Alert: You are eligible for Rs.74,835 under the scheme. Share your Aadhaar and bank account number to claim.",No,No,No
spam,"Congratulations, your application under LPG Subsidy Scheme has been approved for Rs.966. Send your bank details for disbursement.",No,No,No
spam,"By mistake Rs.775 got transferred to your account from mine, please refund at the earliest to laeexb86@oksbi.",No,No,No
spam,"National Scholarship Portal Alert: You are eligible for Rs.24,956 under the scheme. Share your Aadhaar and bank account number to claim.",No,No,No
spam,You have been selected for a work-from-home job with Wipro. Share your bank details to receive the joining bonus of Rs.792.,No,No,No
spam,"By mistake Rs.977 got transferred to your account from mine, please refund at the earliest to hzdgnu32@oksbi.",No,No,No
spam,"Post Matric Scholarship: Your scholarship benefit of Rs.49,363 is ready for transfer. Submit your bank passbook details to receive it.",No,No,No
spam,"Congratulations, your application under National Scholarship Portal has been approved for Rs.1,695. Send your bank details for disbursement.",No,No,No
spam,"Sorry, I transferred Rs.33,236 to the wrong number by mistake, this looks like your account. Kindly send it back to ugnzcqmw@oksbi.",No,No,No
spam,"PMAY Alert: You are eligible for Rs.2,258 under the scheme. Share your Aadhaar and bank account number to claim.",No,No,No
spam,"Congratulations, your application under National Scholarship Portal has been approved for Rs.59,160. Send your bank details for disbursement.",No,No,No
spam,"Hi, I think I sent Rs.9,747 to you by error while paying someone else. Please return it to UPI ID iwigif@oksbi, thank you.",No,No,No
spam,I accidentally sent Rs.857 to your Amazon Pay by mistake. Please refund it to this UPI ID: wkzeezpi@axl,No,No,No
spam,"Congratulations, your application under PM Ujjwala Yojana has been approved for Rs.62,025. Send your bank details for disbursement.",No,No,No
spam,National Scholarship Portal Alert: You are eligible for Rs.732 under the scheme. Share your Aadhaar and bank account number to claim.,No,No,No
spam,"Post Matric Scholarship Alert: You are eligible for Rs.3,781 under the scheme. Share your Aadhaar and bank account number to claim.",No,No,No
spam,"Your Punjab National Bank personal loan of Rs.1,432 is pre-approved. Share your bank account and Aadhaar details to process.",No,No,No
spam,"You have been selected for a work-from-home job with Flipkart. Share your bank details to receive the joining bonus of Rs.99,472.",No,No,No
spam,"By mistake Rs.905 got transferred to your account from mine, please refund at the earliest to rqsclbb@ybl.",No,No,No
spam,"Sorry, I transferred Rs.1,444 to the wrong number by mistake, this looks like your account. Kindly send it back to ejabbuw44@ybl.",No,No,No
spam,"By mistake Rs.86,691 got transferred to your account from mine, please refund at the earliest to aqbqmnc53@axl.",No,No,No
spam,"I accidentally sent Rs.21,903 to your PhonePe by mistake. Please refund it to this UPI ID: ikfsyqt@axl",No,No,No
spam,PM Ujjwala Yojana Alert: You are eligible for Rs.600 under the scheme. Share your Aadhaar and bank account number to claim.,No,No,No
spam,"Congratulations, your application under National Scholarship Portal has been approved for Rs.725. Send your bank details for disbursement.",No,No,No
spam,"You have been selected for a work-from-home job with Wipro. Share your bank details to receive the joining bonus of Rs.1,491.",No,No,No
spam,"Sorry, I transferred Rs.866 to the wrong number by mistake, this looks like your account. Kindly send it back to hitwa@oksbi.",No,No,No
spam,"LPG Subsidy Scheme Alert: You are eligible for Rs.8,698 under the scheme. Share your Aadhaar and bank account number to claim.",No,No,No
spam,"I accidentally sent Rs.6,011 to your Amazon Pay by mistake. Please refund it to this UPI ID: exeszt@oksbi",No,No,No
spam,"By mistake Rs.563 got transferred to your account from mine, please refund at the earliest to zqmaclbg@paytm.",No,No,No
spam,Your Canara Bank personal loan of Rs.663 is pre-approved. Share your bank account and Aadhaar details to process.,No,No,No
spam,"Ayushman Bharat: Your scholarship benefit of Rs.1,533 is ready for transfer. Submit your bank passbook details to receive it.",No,No,No
spam,"Your HDFC Bank personal loan of Rs.25,816 is pre-approved. Share your bank account and Aadhaar details to process.",No,No,No
spam,State Scholarship Scheme: Your scholarship benefit of Rs.941 is ready for transfer. Submit your bank passbook details to receive it.,No,No,No
spam,"By mistake Rs.91,186 got transferred to your account from mine, please refund at the earliest to yedht63@ibl.",No,No,No
spam,"Hi, I think I sent Rs.64,641 to you by error while paying someone else. Please return it to UPI ID nbtaljm65@okhdfcbank, thank you.",No,No,No
spam,"Post Matric Scholarship: Your scholarship benefit of Rs.4,132 is ready for transfer. Submit your bank passbook details to receive it.",No,No,No
spam,"I accidentally sent Rs.1,960 to your Google Pay by mistake. Please refund it to this UPI ID: shkmefg20@paytm",No,No,No
spam,"Your insurance policy maturity amount of Rs.29,941 is ready. Send your bank passbook details to receive payment.",No,No,No
spam,"PM Ujjwala Yojana: Your scholarship benefit of Rs.8,893 is ready for transfer. Submit your bank passbook details to receive it.",No,No,No
spam,"Ayushman Bharat: Your scholarship benefit of Rs.55,122 is ready for transfer. Submit your bank passbook details to receive it.",No,No,No
spam,"Your insurance policy maturity amount of Rs.3,245 is ready. Send your bank passbook details to receive payment.",No,No,No
spam,"Your HDFC Bank personal loan of Rs.41,002 is pre-approved. Share your bank account and Aadhaar details to process.",No,No,No
spam,"I accidentally sent Rs.10,941 to your PhonePe by mistake. Please refund it to this UPI ID: rmewtu67@okicici",No,No,No
spam,"By mistake Rs.767 got transferred to your account from mine, please refund at the earliest to thdqsxx@oksbi.",No,No,No
spam,"PM Ujjwala Yojana: Your scholarship benefit of Rs.2,713 is ready for transfer. Submit your bank passbook details to receive it.",No,No,No
spam,"PM Kisan Samman Nidhi: Your scholarship benefit of Rs.8,071 is ready for transfer. Submit your bank passbook details to receive it.",No,No,No
spam,"Ayushman Bharat: Your scholarship benefit of Rs.52,560 is ready for transfer. Submit your bank passbook details to receive it.",No,No,No
spam,"Congratulations, your application under National Scholarship Portal has been approved for Rs.880. Send your bank details for disbursement.",No,No,No
spam,You have been selected for a work-from-home job with TCS. Share your bank details to receive the joining bonus of Rs.658.,No,No,No
spam,"LPG Subsidy Scheme Alert: You are eligible for Rs.38,287 under the scheme. Share your Aadhaar and bank account number to claim.",No,No,No
spam,Your insurance policy maturity amount of Rs.599 is ready. Send your bank passbook details to receive payment.,No,No,No
spam,"Ayushman Bharat: Your scholarship benefit of Rs.69,801 is ready for transfer. Submit your bank passbook details to receive it.",No,No,No
spam,"Sorry, I transferred Rs.6,478 to the wrong number by mistake, this looks like your account. Kindly send it back to ytsxh@paytm.",No,No,No
spam,"I accidentally sent Rs.1,114 to your PhonePe by mistake. Please refund it to this UPI ID: zkowx@okicici",No,No,No
spam,Your insurance policy maturity amount of Rs.969 is ready. Send your bank passbook details to receive payment.,No,No,No
spam,You have been selected for a work-from-home job with Wipro. Share your bank details to receive the joining bonus of Rs.532.,No,No,No
spam,"Your ICICI Bank personal loan of Rs.74,786 is pre-approved. Share your bank account and Aadhaar details to process.",No,No,No
spam,"PM Kisan Samman Nidhi Alert: You are eligible for Rs.8,781 under the scheme. Share your Aadhaar and bank account number to claim.",No,No,No
spam,"Your insurance policy maturity amount of Rs.9,635 is ready. Send your bank passbook details to receive payment.",No,No,No
spam,"State Scholarship Scheme: Your scholarship benefit of Rs.1,149 is ready for transfer. Submit your bank passbook details to receive it.",No,No,No
spam,"Hi, I think I sent Rs.792 to you by error while paying someone else. Please return it to UPI ID zkmojrsd@okicici, thank you.",No,No,No
spam,"Sorry, I transferred Rs.506 to the wrong number by mistake, this looks like your account. Kindly send it back to ivbkqpk@ybl.",No,No,No
spam,"Congratulations, your application under PM Kisan Samman Nidhi has been approved for Rs.72,230. Send your bank details for disbursement.",No,No,No
spam,"By mistake Rs.36,564 got transferred to your account from mine, please refund at the earliest to fgaekvul@ybl.",No,No,No
spam,"Congratulations, your application under LPG Subsidy Scheme has been approved for Rs.4,345. Send your bank details for disbursement.",No,No,No
spam,"Congratulations, your application under Ayushman Bharat has been approved for Rs.4,569. Send your bank details for disbursement.",No,No,No
spam,"LPG Subsidy Scheme Alert: You are eligible for Rs.43,937 under the scheme. Share your Aadhaar and bank account number to claim.",No,No,No
spam,LPG Subsidy Scheme: Your scholarship benefit of Rs.583 is ready for transfer. Submit your bank passbook details to receive it.,No,No,No
spam,"Congratulations, your application under PMAY has been approved for Rs.9,550. Send your bank details for disbursement.",No,No,No
spam,"Your insurance policy maturity amount of Rs.9,282 is ready. Send your bank passbook details to receive payment.",No,No,No
spam,"Hi, I think I sent Rs.541 to you by error while paying someone else. Please return it to UPI ID arvfgxl@paytm, thank you.",No,No,No
spam,"Sorry, I transferred Rs.4,794 to the wrong number by mistake, this looks like your account. Kindly send it back to txnjwxvl50@okhdfcbank.",No,No,No
spam,"Your insurance policy maturity amount of Rs.17,353 is ready. Send your bank passbook details to receive payment.",No,No,No
spam,"I accidentally sent Rs.4,157 to your Amazon Pay by mistake. Please refund it to this UPI ID: ymhrav74@ybl",No,No,No
spam,"I accidentally sent Rs.31,365 to your Amazon Pay by mistake. Please refund it to this UPI ID: unoohvf69@ybl",No,No,No
spam,Your insurance policy maturity amount of Rs.920 is ready. Send your bank passbook details to receive payment.,No,No,No
spam,"By mistake Rs.22,982 got transferred to your account from mine, please refund at the earliest to mjidfntc44@okicici.",No,No,No
spam,"Your insurance policy maturity amount of Rs.93,554 is ready. Send your bank passbook details to receive payment.",No,No,No
spam,"You have been selected for a work-from-home job with HCL. Share your bank details to receive the joining bonus of Rs.98,045.",No,No,No
spam,You have been selected for a work-from-home job with Reliance. Share your bank details to receive the joining bonus of Rs.998.,No,No,No
spam,"Post Matric Scholarship: Your scholarship benefit of Rs.6,712 is ready for transfer. Submit your bank passbook details to receive it.",No,No,No
spam,"PM Kisan Samman Nidhi: Your scholarship benefit of Rs.7,037 is ready for transfer. Submit your bank passbook details to receive it.",No,No,No
spam,"Your insurance policy maturity amount of Rs.5,720 is ready. Send your bank passbook details to receive payment.",No,No,No
spam,"By mistake Rs.3,518 got transferred to your account from mine, please refund at the earliest to dmxwlmaa79@ibl.",No,No,No
spam,"Congratulations, your application under PM Ujjwala Yojana has been approved for Rs.506. Send your bank details for disbursement.",No,No,No
spam,"Sorry, I transferred Rs.2,425 to the wrong number by mistake, this looks like your account. Kindly send it back to wbkooqq@axl.",No,No,No
spam,Your insurance policy maturity amount of Rs.554 is ready. Send your bank passbook details to receive payment.,No,No,No
spam,"By mistake Rs.71,109 got transferred to your account from mine, please refund at the earliest to pnwhafq@paytm.",No,No,No
spam,"By mistake Rs.92,279 got transferred to your account from mine, please refund at the earliest to uchqp@ibl.",No,No,No
spam,Your insurance policy maturity amount of Rs.656 is ready. Send your bank passbook details to receive payment.,No,No,No
spam,"Congratulations, your application under Post Matric Scholarship has been approved for Rs.8,801. Send your bank details for disbursement.",No,No,No
spam,"Congratulations, your application under PM Ujjwala Yojana has been approved for Rs.748. Send your bank details for disbursement.",No,No,No
spam,"Sorry, I transferred Rs.16,771 to the wrong number by mistake, this looks like your account. Kindly send it back to nocycz70@oksbi.",No,No,No
spam,I accidentally sent Rs.605 to your Amazon Pay by mistake. Please refund it to this UPI ID: rysdjly@okhdfcbank,No,No,No
spam,"Sorry, I transferred Rs.951 to the wrong number by mistake, this looks like your account. Kindly send it back to pselggqn@okhdfcbank.",No,No,No
spam,"Hi, I think I sent Rs.33,038 to you by error while paying someone else. Please return it to UPI ID arjkkwn@axl, thank you.",No,No,No
spam,"Hi, I think I sent Rs.4,528 to you by error while paying someone else. Please return it to UPI ID poqlr59@oksbi, thank you.",No,No,No
spam,"By mistake Rs.98,266 got transferred to your account from mine, please refund at the earliest to lizzyjvk@paytm.",No,No,No
spam,"Congratulations, your application under PMAY has been approved for Rs.99,396. Send your bank details for disbursement.",No,No,No
spam,Your insurance policy maturity amount of Rs.946 is ready. Send your bank passbook details to receive payment.,No,No,No
spam,I accidentally sent Rs.916 to your Amazon Pay by mistake. Please refund it to this UPI ID: bfpdl20@paytm,No,No,No
spam,"I accidentally sent Rs.79,309 to your Amazon Pay by mistake. Please refund it to this UPI ID: vtxdwshp@okicici",No,No,No
spam,Your insurance policy maturity amount of Rs.640 is ready. Send your bank passbook details to receive payment.,No,No,No
spam,"Congratulations, your application under Ayushman Bharat has been approved for Rs.1,553. Send your bank details for disbursement.",No,No,No
spam,"By mistake Rs.662 got transferred to your account from mine, please refund at the earliest to kpsawlwd@okhdfcbank.",No,No,No
spam,"Sorry, I transferred Rs.1,255 to the wrong number by mistake, this looks like your account. Kindly send it back to tonfusdq@okhdfcbank.",No,No,No
spam,"Sorry, I transferred Rs.5,332 to the wrong number by mistake, this looks like your account. Kindly send it back to vcjdhkiu53@oksbi.",No,No,No
spam,"Congratulations, your application under Post Matric Scholarship has been approved for Rs.5,791. Send your bank details for disbursement.",No,No,No
spam,"Ayushman Bharat Alert: You are eligible for Rs.9,075 under the scheme. Share your Aadhaar and bank account number to claim.",No,No,No
spam,"By mistake Rs.58,331 got transferred to your account from mine, please refund at the earliest to pqmfdk@ibl.",No,No,No
spam,I accidentally sent Rs.708 to your Paytm by mistake. Please refund it to this UPI ID: gvrhg76@oksbi,No,No,No
spam,Post Matric Scholarship Alert: You are eligible for Rs.585 under the scheme. Share your Aadhaar and bank account number to claim.,No,No,No
spam,You have been selected for a work-from-home job with Reliance. Share your bank details to receive the joining bonus of Rs.682.,No,No,No
spam,Ayushman Bharat Alert: You are eligible for Rs.762 under the scheme. Share your Aadhaar and bank account number to claim.,No,No,No
spam,"Hi, I think I sent Rs.50,352 to you by error while paying someone else. Please return it to UPI ID kkxmnp63@okhdfcbank, thank you.",No,No,No
spam,"State Scholarship Scheme Alert: You are eligible for Rs.1,279 under the scheme. Share your Aadhaar and bank account number to claim.",No,No,No
spam,"You have been selected for a work-from-home job with Amazon. Share your bank details to receive the joining bonus of Rs.1,480.",No,No,No
spam,"You have been selected for a work-from-home job with Infosys. Share your bank details to receive the joining bonus of Rs.4,168.",No,No,No
spam,"You have been selected for a work-from-home job with TCS. Share your bank details to receive the joining bonus of Rs.5,164.",No,No,No
spam,"PMAY: Your scholarship benefit of Rs.63,629 is ready for transfer. Submit your bank passbook details to receive it.",No,No,No
spam,"Your SBI personal loan of Rs.65,189 is pre-approved. Share your bank account and Aadhaar details to process.",No,No,No
spam,"Hi, I think I sent Rs.764 to you by error while paying someone else. Please return it to UPI ID oxkhuo82@oksbi, thank you.",No,No,No
spam,"Hi, I think I sent Rs.690 to you by error while paying someone else. Please return it to UPI ID bfzemis@oksbi, thank you.",No,No,No
spam,"Congratulations, your application under LPG Subsidy Scheme has been approved for Rs.70,899. Send your bank details for disbursement.",No,No,No
spam,"Your insurance policy maturity amount of Rs.2,518 is ready. Send your bank passbook details to receive payment.",No,No,No
spam,"Hi, I think I sent Rs.64,222 to you by error while paying someone else. Please return it to UPI ID xojepm@okicici, thank you.",No,No,No
spam,Your insurance policy maturity amount of Rs.501 is ready. Send your bank passbook details to receive payment.,No,No,No
spam,I accidentally sent Rs.800 to your Amazon Pay by mistake. Please refund it to this UPI ID: hfnnpp@paytm,No,No,No
spam,"Your Axis Bank personal loan of Rs.5,112 is pre-approved. Share your bank account and Aadhaar details to process.",No,No,No
spam,"Sorry, I transferred Rs.798 to the wrong number by mistake, this looks like your account. Kindly send it back to ifjlmwex69@ybl.",No,No,No
spam,"Sorry, I transferred Rs.978 to the wrong number by mistake, this looks like your account. Kindly send it back to pnitghhh71@oksbi.",No,No,No
spam,"Sorry, I transferred Rs.78,222 to the wrong number by mistake, this looks like your account. Kindly send it back to jcxzty@ibl.",No,No,No
spam,"By mistake Rs.55,340 got transferred to your account from mine, please refund at the earliest to mvgmonrw@ybl.",No,No,No
spam,"Hi, I think I sent Rs.5,236 to you by error while paying someone else. Please return it to UPI ID laxpf25@okhdfcbank, thank you.",No,No,No
spam,"Sorry, I transferred Rs.9,446 to the wrong number by mistake, this looks like your account. Kindly send it back to cntpbpug60@okhdfcbank.",No,No,No
spam,"By mistake Rs.597 got transferred to your account from mine, please refund at the earliest to qvymfyxf@oksbi.",No,No,No
spam,"Your insurance policy maturity amount of Rs.8,170 is ready. Send your bank passbook details to receive payment.",No,No,No
spam,"You have been selected for a work-from-home job with Amazon. Share your bank details to receive the joining bonus of Rs.1,549.",No,No,No
spam,"LPG Subsidy Scheme: Your scholarship benefit of Rs.2,308 is ready for transfer. Submit your bank passbook details to receive it.",No,No,No
spam,"Sorry, I transferred Rs.686 to the wrong number by mistake, this looks like your account. Kindly send it back to bguya91@paytm.",No,No,No
spam,Your Punjab National Bank personal loan of Rs.696 is pre-approved. Share your bank account and Aadhaar details to process.,No,No,No
spam,"By mistake Rs.26,515 got transferred to your account from mine, please refund at the earliest to dazay@paytm.",No,No,No
spam,"Your SBI personal loan of Rs.8,356 is pre-approved. Share your bank account and Aadhaar details to process.",No,No,No
spam,"Congratulations, your application under PM Kisan Samman Nidhi has been approved for Rs.5,275. Send your bank details for disbursement.",No,No,No
spam,"By mistake Rs.8,049 got transferred to your account from mine, please refund at the earliest to wheekjx58@ybl.",No,No,No
spam,"Your HDFC Bank personal loan of Rs.7,876 is pre-approved. Share your bank account and Aadhaar details to process.",No,No,No
spam,"Congratulations, your application under Ayushman Bharat has been approved for Rs.663. Send your bank details for disbursement.",No,No,No
spam,"Hi, I think I sent Rs.9,936 to you by error while paying someone else. Please return it to UPI ID adwbqz42@axl, thank you.",No,No,No
spam,"Hi, I think I sent Rs.916 to you by error while paying someone else. Please return it to UPI ID vfuxubi57@oksbi, thank you.",No,No,No
spam,"You have been selected for a work-from-home job with Reliance. Share your bank details to receive the joining bonus of Rs.46,117.",No,No,No
spam,"Sorry, I transferred Rs.17,719 to the wrong number by mistake, this looks like your account. Kindly send it back to ijdel@oksbi.",No,No,No
spam,"Your insurance policy maturity amount of Rs.4,320 is ready. Send your bank passbook details to receive payment.",No,No,No
spam,"Your Axis Bank personal loan of Rs.10,018 is pre-approved. Share your bank account and Aadhaar details to process.",No,No,No
spam,Post Matric Scholarship: Your scholarship benefit of Rs.508 is ready for transfer. Submit your bank passbook details to receive it.,No,No,No
spam,"Your ICICI Bank personal loan of Rs.4,371 is pre-approved. Share your bank account and Aadhaar details to process.",No,No,No
spam,"Your insurance policy maturity amount of Rs.64,270 is ready. Send your bank passbook details to receive payment.",No,No,No
spam,I accidentally sent Rs.582 to your PhonePe by mistake. Please refund it to this UPI ID: iqklw44@oksbi,No,No,No
spam,I accidentally sent Rs.807 to your Amazon Pay by mistake. Please refund it to this UPI ID: jnqsw87@ibl,No,No,No
spam,"Hi, I think I sent Rs.12,125 to you by error while paying someone else. Please return it to UPI ID vllfpvsi@paytm, thank you.",No,No,No
spam,"By mistake Rs.83,175 got transferred to your account from mine, please refund at the earliest to nurod49@okhdfcbank.",No,No,No
spam,"Your insurance policy maturity amount of Rs.4,145 is ready. Send your bank passbook details to receive payment.",No,No,No
spam,"Your insurance policy maturity amount of Rs.3,759 is ready. Send your bank passbook details to receive payment.",No,No,No
spam,"Sorry, I transferred Rs.13,107 to the wrong number by mistake, this looks like your account. Kindly send it back to mmyfky49@paytm.",No,No,No
spam,"Congratulations, your application under LPG Subsidy Scheme has been approved for Rs.4,891. Send your bank details for disbursement.",No,No,No
spam,"Sorry, I transferred Rs.97,823 to the wrong number by mistake, this looks like your account. Kindly send it back to cnlsiud45@paytm.",No,No,No
spam,"Sorry, I transferred Rs.45,763 to the wrong number by mistake, this looks like your account. Kindly send it back to weuaxonl@ibl.",No,No,No
spam,Your insurance policy maturity amount of Rs.729 is ready. Send your bank passbook details to receive payment.,No,No,No
spam,"Sorry, I transferred Rs.4,549 to the wrong number by mistake, this looks like your account. Kindly send it back to vtjncesl77@okicici.",No,No,No
spam,I accidentally sent Rs.584 to your Paytm by mistake. Please refund it to this UPI ID: hjrqgd11@axl,No,No,No
spam,"By mistake Rs.24,515 got transferred to your account from mine, please refund at the earliest to vvksn40@okhdfcbank.",No,No,No
spam,"PM Ujjwala Yojana Alert: You are eligible for Rs.6,632 under the scheme. Share your Aadhaar and bank account number to claim.",No,No,No
spam,"Sorry, I transferred Rs.6,003 to the wrong number by mistake, this looks like your account. Kindly send it back to itanic@axl.",No,No,No
spam,You have been selected for a work-from-home job with TCS. Share your bank details to receive the joining bonus of Rs.760.,No,No,No
spam,"You have been selected for a work-from-home job with Reliance. Share your bank details to receive the joining bonus of Rs.3,234.",No,No,No
spam,"Hi, I think I sent Rs.8,374 to you by error while paying someone else. Please return it to UPI ID bqmuj@okhdfcbank, thank you.",No,No,No
spam,"Sorry, I transferred Rs.89,436 to the wrong number by mistake, this looks like your account. Kindly send it back to iosztut@oksbi.",No,No,No
spam,LPG Subsidy Scheme Alert: You are eligible for Rs.513 under the scheme. Share your Aadhaar and bank account number to claim.,No,No,No
spam,"Your insurance policy maturity amount of Rs.4,843 is ready. Send your bank passbook details to receive payment.",No,No,No
spam,LPG Subsidy Scheme Alert: You are eligible for Rs.763 under the scheme. Share your Aadhaar and bank account number to claim.,No,No,No
spam,"By mistake Rs.7,466 got transferred to your account from mine, please refund at the earliest to sgobsb20@okicici.",No,No,No
spam,"You have been selected for a work-from-home job with Infosys. Share your bank details to receive the joining bonus of Rs.22,950.",No,No,No
spam,"Congratulations, your application under Ayushman Bharat has been approved for Rs.1,078. Send your bank details for disbursement.",No,No,No
spam,Your insurance policy maturity amount of Rs.863 is ready. Send your bank passbook details to receive payment.,No,No,No
spam,"Your Bank of Baroda personal loan of Rs.12,716 is pre-approved. Share your bank account and Aadhaar details to process.",No,No,No
spam,Your insurance policy maturity amount of Rs.584 is ready. Send your bank passbook details to receive payment.,No,No,No
spam,"State Scholarship Scheme Alert: You are eligible for Rs.94,884 under the scheme. Share your Aadhaar and bank account number to claim.",No,No,No
spam,"Hi, I think I sent Rs.749 to you by error while paying someone else. Please return it to UPI ID gfhwgiq60@axl, thank you.",No,No,No
spam,"By mistake Rs.3,124 got transferred to your account from mine, please refund at the earliest to fvctmm@ibl.",No,No,No
spam,Your Kotak Mahindra Bank personal loan of Rs.530 is pre-approved. Share your bank account and Aadhaar details to process.,No,No,No
spam,"Sorry, I transferred Rs.839 to the wrong number by mistake, this looks like your account. Kindly send it back to tvlifhx66@okicici.",No,No,No
spam,"Congratulations, your application under PM Ujjwala Yojana has been approved for Rs.2,146. Send your bank details for disbursement.",No,No,No
spam,"Your insurance policy maturity amount of Rs.62,687 is ready. Send your bank passbook details to receive payment.",No,No,No
spam,"Congratulations, your application under Post Matric Scholarship has been approved for Rs.511. Send your bank details for disbursement.",No,No,No
spam,PMAY: Your scholarship benefit of Rs.808 is ready for transfer. Submit your bank passbook details to receive it.,No,No,No
spam,Your insurance policy maturity amount of Rs.610 is ready. Send your bank passbook details to receive payment.,No,No,No
spam,"I accidentally sent Rs.9,434 to your Paytm by mistake. Please refund it to this UPI ID: dqgaft32@oksbi",No,No,No
spam,"Your Kotak Mahindra Bank personal loan of Rs.42,201 is pre-approved. Share your bank account and Aadhaar details to process.",No,No,No
spam,"PM Ujjwala Yojana Alert: You are eligible for Rs.3,111 under the scheme. Share your Aadhaar and bank account number to claim.",No,No,No
spam,"Hi, I think I sent Rs.5,861 to you by error while paying someone else. Please return it to UPI ID cbqvzy19@axl, thank you.",No,No,No
spam,I accidentally sent Rs.658 to your Amazon Pay by mistake. Please refund it to this UPI ID: xekimfmu@oksbi,No,No,No
spam,"Sorry, I transferred Rs.915 to the wrong number by mistake, this looks like your account. Kindly send it back to oavgbfjq39@axl.",No,No,No
spam,"State Scholarship Scheme Alert: You are eligible for Rs.75,726 under the scheme. Share your Aadhaar and bank account number to claim.",No,No,No
spam,You have been selected for a work-from-home job with Infosys. Share your bank details to receive the joining bonus of Rs.941.,No,No,No
spam,"Congratulations, your application under State Scholarship Scheme has been approved for Rs.37,537. Send your bank details for disbursement.",No,No,No
spam,"Hi, I think I sent Rs.551 to you by error while paying someone else. Please return it to UPI ID eelng16@okhdfcbank, thank you.",No,No,No
spam,"Congratulations, your application under PM Ujjwala Yojana has been approved for Rs.2,397. Send your bank details for disbursement.",No,No,No
spam,"By mistake Rs.681 got transferred to your account from mine, please refund at the earliest to flcfrv93@okicici.",No,No,No
spam,Post Matric Scholarship Alert: You are eligible for Rs.797 under the scheme. Share your Aadhaar and bank account number to claim.,No,No,No
spam,"Hi, I think I sent Rs.9,521 to you by error while paying someone else. Please return it to UPI ID lforqim@paytm, thank you.",No,No,No
spam,I accidentally sent Rs.991 to your PhonePe by mistake. Please refund it to this UPI ID: ggsjlazc79@ybl,No,No,No
spam,"Ayushman Bharat Alert: You are eligible for Rs.92,289 under the scheme. Share your Aadhaar and bank account number to claim.",No,No,No
spam,"Your Canara Bank personal loan of Rs.7,137 is pre-approved. Share your bank account and Aadhaar details to process.",No,No,No
spam,"Congratulations, your application under National Scholarship Portal has been approved for Rs.3,146. Send your bank details for disbursement.",No,No,No
spam,"Sorry, I transferred Rs.38,078 to the wrong number by mistake, this looks like your account. Kindly send it back to yuaidgi98@okicici.",No,No,No
spam,"Congratulations, your application under National Scholarship Portal has been approved for Rs.667. Send your bank details for disbursement.",No,No,No
spam,"By mistake Rs.635 got transferred to your account from mine, please refund at the earliest to dkyihl10@axl.",No,No,No
spam,"You have been selected for a work-from-home job with Amazon. Share your bank details to receive the joining bonus of Rs.15,558.",No,No,No
spam,"PM Kisan Samman Nidhi Alert: You are eligible for Rs.73,987 under the scheme. Share your Aadhaar and bank account number to claim.",No,No,No
spam,"Hi, I think I sent Rs.810 to you by error while paying someone else. Please return it to UPI ID dbzswlrw@axl, thank you.",No,No,No
spam,"By mistake Rs.3,760 got transferred to your account from mine, please refund at the earliest to rxwfiz@axl.",No,No,No
spam,"By mistake Rs.642 got transferred to your account from mine, please refund at the earliest to vmiuv79@ybl.",No,No,No
spam,"Your Bank of Baroda personal loan of Rs.89,737 is pre-approved. Share your bank account and Aadhaar details to process.",No,No,No
spam,Your Bank of Baroda personal loan of Rs.547 is pre-approved. Share your bank account and Aadhaar details to process.,No,No,No
spam,"By mistake Rs.53,679 got transferred to your account from mine, please refund at the earliest to lgwuh62@okicici.",No,No,No
spam,PM Kisan Samman Nidhi Alert: You are eligible for Rs.774 under the scheme. Share your Aadhaar and bank account number to claim.,No,No,No
spam,"I accidentally sent Rs.70,514 to your Amazon Pay by mistake. Please refund it to this UPI ID: jtmllkm38@paytm",No,No,No
spam,"Your SBI personal loan of Rs.60,704 is pre-approved. Share your bank account and Aadhaar details to process.",No,No,No
spam,"Your Bank of Baroda personal loan of Rs.18,868 is pre-approved. Share your bank account and Aadhaar details to process.",No,No,No
spam,"Congratulations, your application under PMAY has been approved for Rs.82,754. Send your bank details for disbursement.",No,No,No
spam,"Post Matric Scholarship: Your scholarship benefit of Rs.83,040 is ready for transfer. Submit your bank passbook details to receive it.",No,No,No
spam,"I accidentally sent Rs.8,356 to your Google Pay by mistake. Please refund it to this UPI ID: jzmulq76@ybl",No,No,No
spam,"Your insurance policy maturity amount of Rs.53,130 is ready. Send your bank passbook details to receive payment.",No,No,No
spam,"By mistake Rs.96,948 got transferred to your account from mine, please refund at the earliest to fmhvene18@ybl.",No,No,No
spam,I accidentally sent Rs.871 to your Amazon Pay by mistake. Please refund it to this UPI ID: mhavcx@oksbi,No,No,No
spam,"I accidentally sent Rs.5,251 to your Paytm by mistake. Please refund it to this UPI ID: nhvjnhf@ibl",No,No,No
spam,"Your Canara Bank personal loan of Rs.2,483 is pre-approved. Share your bank account and Aadhaar details to process.",No,No,No
spam,"Congratulations, your application under Post Matric Scholarship has been approved for Rs.14,869. Send your bank details for disbursement.",No,No,No
spam,"Congratulations, your application under Ayushman Bharat has been approved for Rs.995. Send your bank details for disbursement.",No,No,No
spam,"Hi, I think I sent Rs.527 to you by error while paying someone else. Please return it to UPI ID mjnqpw@ibl, thank you.",No,No,No
spam,"State Scholarship Scheme: Your scholarship benefit of Rs.4,983 is ready for transfer. Submit your bank passbook details to receive it.",No,No,No
spam,"Hi, I think I sent Rs.60,492 to you by error while paying someone else. Please return it to UPI ID hisxxuf58@okhdfcbank, thank you.",No,No,No
spam,"Sorry, I transferred Rs.844 to the wrong number by mistake, this looks like your account. Kindly send it back to jwiygee@ybl.",No,No,No
spam,"Sorry, I transferred Rs.598 to the wrong number by mistake, this looks like your account. Kindly send it back to yuwant69@okhdfcbank.",No,No,No
spam,"National Scholarship Portal: Your scholarship benefit of Rs.91,488 is ready for transfer. Submit your bank passbook details to receive it.",No,No,No
spam,"Hi, I think I sent Rs.548 to you by error while paying someone else. Please return it to UPI ID sjfmihed31@ibl, thank you.",No,No,No
spam,"Your insurance policy maturity amount of Rs.83,596 is ready. Send your bank passbook details to receive payment.",No,No,No
spam,"Sorry, I transferred Rs.8,199 to the wrong number by mistake, this looks like your account. Kindly send it back to pkgic@ybl.",No,No,No
spam,"PM Ujjwala Yojana Alert: You are eligible for Rs.9,943 under the scheme. Share your Aadhaar and bank account number to claim.",No,No,No
spam,"Congratulations, your application under Ayushman Bharat has been approved for Rs.8,960. Send your bank details for disbursement.",No,No,No
spam,You have been selected for a work-from-home job with HCL. Share your bank details to receive the joining bonus of Rs.505.,No,No,No
spam,"I accidentally sent Rs.5,029 to your Paytm by mistake. Please refund it to this UPI ID: caibyd@ybl",No,No,No
spam,"Congratulations, your application under State Scholarship Scheme has been approved for Rs.2,342. Send your bank details for disbursement.",No,No,No
spam,"Congratulations, your application under PMAY has been approved for Rs.779. Send your bank details for disbursement.",No,No,No
spam,"Sorry, I transferred Rs.9,440 to the wrong number by mistake, this looks like your account. Kindly send it back to uygjeuvl@oksbi.",No,No,No
spam,"Your Bank of Baroda personal loan of Rs.10,191 is pre-approved. Share your bank account and Aadhaar details to process.",No,No,No
spam,"I accidentally sent Rs.65,471 to your Amazon Pay by mistake. Please refund it to this UPI ID: acthjb65@oksbi",No,No,No
spam,"You have been selected for a work-from-home job with TCS. Share your bank details to receive the joining bonus of Rs.9,049.",No,No,No
spam,"By mistake Rs.9,527 got transferred to your account from mine, please refund at the earliest to fstvgwa@okhdfcbank.",No,No,No
spam,"Hi, I think I sent Rs.7,597 to you by error while paying someone else. Please return it to UPI ID segtqp@paytm, thank you.",No,No,No
spam,"By mistake Rs.6,873 got transferred to your account from mine, please refund at the earliest to lphegwpp@axl.",No,No,No
spam,"You have been selected for a work-from-home job with HCL. Share your bank details to receive the joining bonus of Rs.50,770.",No,No,No
spam,"Your insurance policy maturity amount of Rs.32,586 is ready. Send your bank passbook details to receive payment.",No,No,No
spam,LPG Subsidy Scheme Alert: You are eligible for Rs.512 under the scheme. Share your Aadhaar and bank account number to claim.,No,No,No
spam,"Sorry, I transferred Rs.729 to the wrong number by mistake, this looks like your account. Kindly send it back to iralaoar@axl.",No,No,No
spam,"Congratulations, your application under Post Matric Scholarship has been approved for Rs.880. Send your bank details for disbursement.",No,No,No
spam,Your insurance policy maturity amount of Rs.719 is ready. Send your bank passbook details to receive payment.,No,No,No
spam,"I accidentally sent Rs.6,171 to your Paytm by mistake. Please refund it to this UPI ID: rsbca@axl",No,No,No
spam,"Your Axis Bank personal loan of Rs.3,112 is pre-approved. Share your bank account and Aadhaar details to process.",No,No,No
spam,LPG Subsidy Scheme Alert: You are eligible for Rs.924 under the scheme. Share your Aadhaar and bank account number to claim.,No,No,No
spam,"Ayushman Bharat Alert: You are eligible for Rs.83,514 under the scheme. Share your Aadhaar and bank account number to claim.",No,No,No
spam,"Hi, I think I sent Rs.831 to you by error while paying someone else. Please return it to UPI ID etkdn33@paytm, thank you.",No,No,No
spam,State Scholarship Scheme: Your scholarship benefit of Rs.884 is ready for transfer. Submit your bank passbook details to receive it.,No,No,No
spam,"By mistake Rs.47,659 got transferred to your account from mine, please refund at the earliest to bfdhaofu40@okhdfcbank.",No,No,No
spam,"You have been selected for a work-from-home job with TCS. Share your bank details to receive the joining bonus of Rs.6,093.",No,No,No
spam,"Your Axis Bank personal loan of Rs.68,358 is pre-approved. Share your bank account and Aadhaar details to process.",No,No,No
spam,"By mistake Rs.64,474 got transferred to your account from mine, please refund at the earliest to ejgqos@okhdfcbank.",No,No,No
spam,PM Ujjwala Yojana Alert: You are eligible for Rs.593 under the scheme. Share your Aadhaar and bank account number to claim.,No,No,No
spam,"Sorry, I transferred Rs.586 to the wrong number by mistake, this looks like your account. Kindly send it back to jhwdwx@ybl.",No,No,No
spam,"PM Kisan Samman Nidhi: Your scholarship benefit of Rs.6,837 is ready for transfer. Submit your bank passbook details to receive it.",No,No,No
spam,"You have been selected for a work-from-home job with Reliance. Share your bank details to receive the joining bonus of Rs.5,529.",No,No,No
spam,"Congratulations, your application under PM Ujjwala Yojana has been approved for Rs.48,634. Send your bank details for disbursement.",No,No,No
spam,"Post Matric Scholarship Alert: You are eligible for Rs.4,782 under the scheme. Share your Aadhaar and bank account number to claim.",No,No,No
spam,"National Scholarship Portal: Your scholarship benefit of Rs.1,166 is ready for transfer. Submit your bank passbook details to receive it.",No,No,No
spam,PMAY: Your scholarship benefit of Rs.846 is ready for transfer. Submit your bank passbook details to receive it.,No,No,No
spam,"By mistake Rs.31,615 got transferred to your account from mine, please refund at the earliest to urumt31@axl.",No,No,No
spam,Post Matric Scholarship Alert: You are eligible for Rs.871 under the scheme. Share your Aadhaar and bank account number to claim.,No,No,No
spam,State Scholarship Scheme Alert: You are eligible for Rs.912 under the scheme. Share your Aadhaar and bank account number to claim.,No,No,No
spam,"Sorry, I transferred Rs.909 to the wrong number by mistake, this looks like your account. Kindly send it back to plxifu50@okicici.",No,No,No
spam,"Hi, I think I sent Rs.2,472 to you by error while paying someone else. Please return it to UPI ID ahoqucl@axl, thank you.",No,No,No
spam,"By mistake Rs.15,844 got transferred to your account from mine, please refund at the earliest to yfcxedq19@okhdfcbank.",No,No,No
spam,"LPG Subsidy Scheme Alert: You are eligible for Rs.2,198 under the scheme. Share your Aadhaar and bank account number to claim.",No,No,No
spam,"Sorry, I transferred Rs.607 to the wrong number by mistake, this looks like your account. Kindly send it back to sulosowf@ibl.",No,No,No
spam,LPG Subsidy Scheme Alert: You are eligible for Rs.579 under the scheme. Share your Aadhaar and bank account number to claim.,No,No,No
spam,Your insurance policy maturity amount of Rs.815 is ready. Send your bank passbook details to receive payment.,No,No,No
spam,National Scholarship Portal Alert: You are eligible for Rs.552 under the scheme. Share your Aadhaar and bank account number to claim.,No,No,No
spam,"By mistake Rs.8,858 got transferred to your account from mine, please refund at the earliest to rgpgwnlc@ibl.",No,No,No
spam,I accidentally sent Rs.676 to your Paytm by mistake. Please refund it to this UPI ID: pcjjgmpx45@ybl,No,No,No
spam,National Scholarship Portal: Your scholarship benefit of Rs.776 is ready for transfer. Submit your bank passbook details to receive it.,No,No,No
spam,PM Ujjwala Yojana: Your scholarship benefit of Rs.744 is ready for transfer. Submit your bank passbook details to receive it.,No,No,No
spam,"Sorry, I transferred Rs.8,627 to the wrong number by mistake, this looks like your account. Kindly send it back to asvvzjpt@ibl.",No,No,No
spam,National Scholarship Portal: Your scholarship benefit of Rs.657 is ready for transfer. Submit your bank passbook details to receive it.,No,No,No
spam,"Post Matric Scholarship Alert: You are eligible for Rs.5,831 under the scheme. Share your Aadhaar and bank account number to claim.",No,No,No
spam,"By mistake Rs.528 got transferred to your account from mine, please refund at the earliest to bifbcte@ibl.",No,No,No
spam,"By mistake Rs.58,888 got transferred to your account from mine, please refund at the earliest to bipnarvp20@okhdfcbank.",No,No,No
spam,"By mistake Rs.18,219 got transferred to your account from mine, please refund at the earliest to phbcou73@axl.",No,No,No
spam,"Ayushman Bharat: Your scholarship benefit of Rs.2,223 is ready for transfer. Submit your bank passbook details to receive it.",No,No,No
spam,"Hi, I think I sent Rs.869 to you by error while paying someone else. Please return it to UPI ID odjdmxqo29@okhdfcbank, thank you.",No,No,No
spam,PMAY: Your scholarship benefit of Rs.918 is ready for transfer. Submit your bank passbook details to receive it.,No,No,No
spam,I accidentally sent Rs.749 to your Google Pay by mistake. Please refund it to this UPI ID: flebsdl@paytm,No,No,No
spam,"By mistake Rs.77,557 got transferred to your account from mine, please refund at the earliest to pawuukct@axl.",No,No,No
spam,"By mistake Rs.12,427 got transferred to your account from mine, please refund at the earliest to qqqxxsz@ybl.",No,No,No
spam,I accidentally sent Rs.733 to your Google Pay by mistake. Please refund it to this UPI ID: rlnmhez55@okhdfcbank,No,No,No
spam,"By mistake Rs.604 got transferred to your account from mine, please refund at the earliest to wsspaa@ibl.",No,No,No
spam,"Sorry, I transferred Rs.99,812 to the wrong number by mistake, this looks like your account. Kindly send it back to ociuog@axl.",No,No,No
spam,"Your insurance policy maturity amount of Rs.24,140 is ready. Send your bank passbook details to receive payment.",No,No,No
spam,I accidentally sent Rs.965 to your Paytm by mistake. Please refund it to this UPI ID: fkuadadm@ybl,No,No,No
spam,"You have been selected for a work-from-home job with Reliance. Share your bank details to receive the joining bonus of Rs.47,449.",No,No,No
spam,"Sorry, I transferred Rs.676 to the wrong number by mistake, this looks like your account. Kindly send it back to eaoocuel@paytm.",No,No,No
spam,"By mistake Rs.39,910 got transferred to your account from mine, please refund at the earliest to gzxrdqn20@okhdfcbank.",No,No,No
spam,"National Scholarship Portal Alert: You are eligible for Rs.7,633 under the scheme. Share your Aadhaar and bank account number to claim.",No,No,No
spam,"State Scholarship Scheme: Your scholarship benefit of Rs.1,163 is ready for transfer. Submit your bank passbook details to receive it.",No,No,No
spam,"By mistake Rs.5,327 got transferred to your account from mine, please refund at the earliest to fvykjceb@okhdfcbank.",No,No,No
spam,"Sorry, I transferred Rs.97,017 to the wrong number by mistake, this looks like your account. Kindly send it back to tgwvstu@okicici.",No,No,No
spam,Your insurance policy maturity amount of Rs.553 is ready. Send your bank passbook details to receive payment.,No,No,No
spam,"Hi, I think I sent Rs.97,572 to you by error while paying someone else. Please return it to UPI ID ktffod@ybl, thank you.",No,No,No
spam,You have been selected for a work-from-home job with Wipro. Share your bank details to receive the joining bonus of Rs.658.,No,No,No
spam,"National Scholarship Portal: Your scholarship benefit of Rs.13,623 is ready for transfer. Submit your bank passbook details to receive it.",No,No,No
spam,"Hi, I think I sent Rs.877 to you by error while paying someone else. Please return it to UPI ID wrxbyr74@ibl, thank you.",No,No,No
spam,"I accidentally sent Rs.81,181 to your Amazon Pay by mistake. Please refund it to this UPI ID: igqldga@oksbi",No,No,No
spam,"National Scholarship Portal: Your scholarship benefit of Rs.4,897 is ready for transfer. Submit your bank passbook details to receive it.",No,No,No
spam,"You have been selected for a work-from-home job with Infosys. Share your bank details to receive the joining bonus of Rs.3,175.",No,No,No
spam,"Hi, I think I sent Rs.4,874 to you by error while paying someone else. Please return it to UPI ID elmqjzai@oksbi, thank you.",No,No,No
spam,"By mistake Rs.983 got transferred to your account from mine, please refund at the earliest to zwqvuw25@axl.",No,No,No
spam,"Hi, I think I sent Rs.9,787 to you by error while paying someone else. Please return it to UPI ID wblouum85@okicici, thank you.",No,No,No
spam,"Congratulations, your application under National Scholarship Portal has been approved for Rs.16,623. Send your bank details for disbursement.",No,No,No
spam,"Your insurance policy maturity amount of Rs.78,351 is ready. Send your bank passbook details to receive payment.",No,No,No
spam,State Scholarship Scheme: Your scholarship benefit of Rs.681 is ready for transfer. Submit your bank passbook details to receive it.,No,No,No
spam,"Congratulations, your application under Post Matric Scholarship has been approved for Rs.25,294. Send your bank details for disbursement.",No,No,No
spam,"Your HDFC Bank personal loan of Rs.50,862 is pre-approved. Share your bank account and Aadhaar details to process.",No,No,No
spam,"Hi, I think I sent Rs.895 to you by error while paying someone else. Please return it to UPI ID zlbonmdq@okhdfcbank, thank you.",No,No,No
spam,Your Punjab National Bank personal loan of Rs.522 is pre-approved. Share your bank account and Aadhaar details to process.,No,No,No
spam,"Congratulations, your application under National Scholarship Portal has been approved for Rs.688. Send your bank details for disbursement.",No,No,No
spam,"Sorry, I transferred Rs.86,230 to the wrong number by mistake, this looks like your account. Kindly send it back to mbaetoh22@okicici.",No,No,No
spam,"Your Axis Bank personal loan of Rs.7,523 is pre-approved. Share your bank account and Aadhaar details to process.",No,No,No
spam,"Your Axis Bank personal loan of Rs.71,461 is pre-approved. Share your bank account and Aadhaar details to process.",No,No,No
spam,I accidentally sent Rs.817 to your Amazon Pay by mistake. Please refund it to this UPI ID: iyraior54@ibl,No,No,No
spam,I accidentally sent Rs.695 to your Amazon Pay by mistake. Please refund it to this UPI ID: plkdqm30@paytm,No,No,No
spam,"You have been selected for a work-from-home job with Wipro. Share your bank details to receive the joining bonus of Rs.64,110.",No,No,No
spam,"State Scholarship Scheme Alert: You are eligible for Rs.5,706 under the scheme. Share your Aadhaar and bank account number to claim.",No,No,No
spam,"PM Kisan Samman Nidhi: Your scholarship benefit of Rs.3,247 is ready for transfer. Submit your bank passbook details to receive it.",No,No,No
spam,"You have been selected for a work-from-home job with HCL. Share your bank details to receive the joining bonus of Rs.43,111.",No,No,No
spam,"Ayushman Bharat: Your scholarship benefit of Rs.78,408 is ready for transfer. Submit your bank passbook details to receive it.",No,No,No
spam,"LPG Subsidy Scheme: Your scholarship benefit of Rs.2,495 is ready for transfer. Submit your bank passbook details to receive it.",No,No,No
spam,"Hi, I think I sent Rs.6,613 to you by error while paying someone else. Please return it to UPI ID jbftwvon@okicici, thank you.",No,No,No
spam,"You have been selected for a work-from-home job with Flipkart. Share your bank details to receive the joining bonus of Rs.52,361.",No,No,No
spam,"Hi, I think I sent Rs.13,334 to you by error while paying someone else. Please return it to UPI ID zgzsaddn97@okhdfcbank, thank you.",No,No,No
spam,"You have been selected for a work-from-home job with TCS. Share your bank details to receive the joining bonus of Rs.46,240.",No,No,No
spam,"Sorry, I transferred Rs.3,961 to the wrong number by mistake, this looks like your account. Kindly send it back to esbtmlg@oksbi.",No,No,No
spam,Your insurance policy maturity amount of Rs.992 is ready. Send your bank passbook details to receive payment.,No,No,No
spam,"Hi, I think I sent Rs.35,041 to you by error while paying someone else. Please return it to UPI ID gujjhf@oksbi, thank you.",No,No,No
spam,"State Scholarship Scheme Alert: You are eligible for Rs.6,548 under the scheme. Share your Aadhaar and bank account number to claim.",No,No,No
spam,"Sorry, I transferred Rs.659 to the wrong number by mistake, this looks like your account. Kindly send it back to apyds24@ibl.",No,No,No
spam,"You have been selected for a work-from-home job with Reliance. Share your bank details to receive the joining bonus of Rs.60,008.",No,No,No
spam,"Congratulations, your application under PMAY has been approved for Rs.23,818. Send your bank details for disbursement.",No,No,No
spam,"Your SBI personal loan of Rs.4,316 is pre-approved. Share your bank account and Aadhaar details to process.",No,No,No
spam,Your Canara Bank personal loan of Rs.691 is pre-approved. Share your bank account and Aadhaar details to process.,No,No,No
spam,"Sorry, I transferred Rs.686 to the wrong number by mistake, this looks like your account. Kindly send it back to rvewvrbi13@axl.",No,No,No
spam,"PM Kisan Samman Nidhi Alert: You are eligible for Rs.53,282 under the scheme. Share your Aadhaar and bank account number to claim.",No,No,No
spam,"Sorry, I transferred Rs.8,554 to the wrong number by mistake, this looks like your account. Kindly send it back to rfczr11@ibl.",No,No,No
spam,PM Ujjwala Yojana: Your scholarship benefit of Rs.779 is ready for transfer. Submit your bank passbook details to receive it.,No,No,No
spam,"Congratulations, your application under PM Ujjwala Yojana has been approved for Rs.3,574. Send your bank details for disbursement.",No,No,No
spam,"LPG Subsidy Scheme Alert: You are eligible for Rs.93,375 under the scheme. Share your Aadhaar and bank account number to claim.",No,No,No
spam,National Scholarship Portal: Your scholarship benefit of Rs.737 is ready for transfer. Submit your bank passbook details to receive it.,No,No,No
spam,"By mistake Rs.815 got transferred to your account from mine, please refund at the earliest to bexhp@oksbi.",No,No,No
spam,"Hi, I think I sent Rs.551 to you by error while paying someone else. Please return it to UPI ID mqdwhm45@okicici, thank you.",No,No,No
spam,"Sorry, I transferred Rs.81,029 to the wrong number by mistake, this looks like your account. Kindly send it back to xayuq@paytm.",No,No,No
spam,"By mistake Rs.67,816 got transferred to your account from mine, please refund at the earliest to xsiny@okhdfcbank.",No,No,No
spam,"By mistake Rs.5,179 got transferred to your account from mine, please refund at the earliest to usahhwbl@ybl.",No,No,No
spam,"Your ICICI Bank personal loan of Rs.51,897 is pre-approved. Share your bank account and Aadhaar details to process.",No,No,No
spam,"Your Axis Bank personal loan of Rs.5,863 is pre-approved. Share your bank account and Aadhaar details to process.",No,No,No
spam,"Post Matric Scholarship: Your scholarship benefit of Rs.65,786 is ready for transfer. Submit your bank passbook details to receive it.",No,No,No
spam,"Hi, I think I sent Rs.16,058 to you by error while paying someone else. Please return it to UPI ID vctpjy@ybl, thank you.",No,No,No
spam,"Post Matric Scholarship: Your scholarship benefit of Rs.9,016 is ready for transfer. Submit your bank passbook details to receive it.",No,No,No
spam,"Congratulations, your application under PMAY has been approved for Rs.8,935. Send your bank details for disbursement.",No,No,No
spam,"National Scholarship Portal: Your scholarship benefit of Rs.7,068 is ready for transfer. Submit your bank passbook details to receive it.",No,No,No
spam,You have been selected for a work-from-home job with Wipro. Share your bank details to receive the joining bonus of Rs.809.,No,No,No
spam,"I accidentally sent Rs.9,463 to your PhonePe by mistake. Please refund it to this UPI ID: jhuyb@paytm",No,No,No
spam,"LPG Subsidy Scheme Alert: You are eligible for Rs.21,789 under the scheme. Share your Aadhaar and bank account number to claim.",No,No,No
spam,Your insurance policy maturity amount of Rs.739 is ready. Send your bank passbook details to receive payment.,No,No,No
spam,"Your HDFC Bank personal loan of Rs.13,393 is pre-approved. Share your bank account and Aadhaar details to process.",No,No,No
spam,Your Kotak Mahindra Bank personal loan of Rs.625 is pre-approved. Share your bank account and Aadhaar details to process.,No,No,No
spam,You have been selected for a work-from-home job with Amazon. Share your bank details to receive the joining bonus of Rs.913.,No,No,No
spam,"Congratulations, your application under PM Kisan Samman Nidhi has been approved for Rs.596. Send your bank details for disbursement.",No,No,No
spam,You have been selected for a work-from-home job with TCS. Share your bank details to receive the joining bonus of Rs.866.,No,No,No
spam,"Hi, I think I sent Rs.3,203 to you by error while paying someone else. Please return it to UPI ID uxbtrrt81@oksbi, thank you.",No,No,No
spam,I accidentally sent Rs.774 to your Amazon Pay by mistake. Please refund it to this UPI ID: vtumnw@oksbi,No,No,No
spam,"Your HDFC Bank personal loan of Rs.10,693 is pre-approved. Share your bank account and Aadhaar details to process.",No,No,No
spam,"Hi, I think I sent Rs.733 to you by error while paying someone else. Please return it to UPI ID grnkjz@ibl, thank you.",No,No,No
spam,"Hi, I think I sent Rs.4,081 to you by error while paying someone else. Please return it to UPI ID vtbqb@ibl, thank you.",No,No,No
spam,"Your Axis Bank personal loan of Rs.1,767 is pre-approved. Share your bank account and Aadhaar details to process.",No,No,No
spam,"Congratulations, your application under National Scholarship Portal has been approved for Rs.1,833. Send your bank details for disbursement.",No,No,No
spam,"Hi, I think I sent Rs.4,171 to you by error while paying someone else. Please return it to UPI ID alzjat79@okhdfcbank, thank you.",No,No,No
spam,"By mistake Rs.9,713 got transferred to your account from mine, please refund at the earliest to qicdbsie@ibl.",No,No,No
spam,"Sorry, I transferred Rs.56,700 to the wrong number by mistake, this looks like your account. Kindly send it back to citrh@okicici.",No,No,No
spam,"Congratulations, your application under LPG Subsidy Scheme has been approved for Rs.800. Send your bank details for disbursement.",No,No,No
spam,"Your insurance policy maturity amount of Rs.9,594 is ready. Send your bank passbook details to receive payment.",No,No,No
spam,"By mistake Rs.827 got transferred to your account from mine, please refund at the earliest to ekppmlu@oksbi.",No,No,No
spam,You have been selected for a work-from-home job with Flipkart. Share your bank details to receive the joining bonus of Rs.511.,No,No,No
spam,"Congratulations, your application under PM Kisan Samman Nidhi has been approved for Rs.33,267. Send your bank details for disbursement.",No,No,No
spam,"By mistake Rs.55,743 got transferred to your account from mine, please refund at the earliest to hjwtld42@okhdfcbank.",No,No,No
spam,"Hi, I think I sent Rs.2,275 to you by error while paying someone else. Please return it to UPI ID frhboop@okhdfcbank, thank you.",No,No,No
spam,"By mistake Rs.40,575 got transferred to your account from mine, please refund at the earliest to yjlqg@oksbi.",No,No,No
spam,"Your Punjab National Bank personal loan of Rs.7,806 is pre-approved. Share your bank account and Aadhaar details to process.",No,No,No
spam,I accidentally sent Rs.524 to your PhonePe by mistake. Please refund it to this UPI ID: uqmskt28@axl,No,No,No
spam,"You have been selected for a work-from-home job with Amazon. Share your bank details to receive the joining bonus of Rs.7,980.",No,No,No
spam,"Sorry, I transferred Rs.664 to the wrong number by mistake, this looks like your account. Kindly send it back to crikpok@paytm.",No,No,No
spam,"Sorry, I transferred Rs.8,266 to the wrong number by mistake, this looks like your account. Kindly send it back to rdlhq54@axl.",No,No,No
spam,"By mistake Rs.43,626 got transferred to your account from mine, please refund at the earliest to djehm37@paytm.",No,No,No
spam,"I accidentally sent Rs.87,912 to your PhonePe by mistake. Please refund it to this UPI ID: gdpkzqef61@ibl",No,No,No
spam,"State Scholarship Scheme Alert: You are eligible for Rs.73,773 under the scheme. Share your Aadhaar and bank account number to claim.",No,No,No
spam,"PMAY Alert: You are eligible for Rs.14,004 under the scheme. Share your Aadhaar and bank account number to claim.",No,No,No
spam,"Sorry, I transferred Rs.963 to the wrong number by mistake, this looks like your account. Kindly send it back to ckjdm@paytm.",No,No,No
spam,"Hi, I think I sent Rs.6,162 to you by error while paying someone else. Please return it to UPI ID ohqphbd89@ibl, thank you.",No,No,No
spam,"Ayushman Bharat: Your scholarship benefit of Rs.34,164 is ready for transfer. Submit your bank passbook details to receive it.",No,No,No
spam,"Congratulations, your application under PM Ujjwala Yojana has been approved for Rs.626. Send your bank details for disbursement.",No,No,No
spam,"Your insurance policy maturity amount of Rs.50,382 is ready. Send your bank passbook details to receive payment.",No,No,No
spam,"By mistake Rs.927 got transferred to your account from mine, please refund at the earliest to ikofnib@okhdfcbank.",No,No,No
spam,You have been selected for a work-from-home job with HCL. Share your bank details to receive the joining bonus of Rs.517.,No,No,No
spam,"Your insurance policy maturity amount of Rs.45,118 is ready. Send your bank passbook details to receive payment.",No,No,No
spam,"State Scholarship Scheme: Your scholarship benefit of Rs.6,273 is ready for transfer. Submit your bank passbook details to receive it.",No,No,No
spam,"I accidentally sent Rs.93,207 to your Google Pay by mistake. Please refund it to this UPI ID: olfbm31@ybl",No,No,No
spam,"Ayushman Bharat Alert: You are eligible for Rs.1,841 under the scheme. Share your Aadhaar and bank account number to claim.",No,No,No
spam,"Your ICICI Bank personal loan of Rs.62,422 is pre-approved. Share your bank account and Aadhaar details to process.",No,No,No
spam,"Hi, I think I sent Rs.974 to you by error while paying someone else. Please return it to UPI ID bsuovrai36@okicici, thank you.",No,No,No
spam,I accidentally sent Rs.623 to your Amazon Pay by mistake. Please refund it to this UPI ID: acykerd48@oksbi,No,No,No
spam,"Sorry, I transferred Rs.7,074 to the wrong number by mistake, this looks like your account. Kindly send it back to ubvjksa@ibl.",No,No,No
spam,"National Scholarship Portal: Your scholarship benefit of Rs.40,587 is ready for transfer. Submit your bank passbook details to receive it.",No,No,No
spam,"Hi, I think I sent Rs.29,746 to you by error while paying someone else. Please return it to UPI ID apzvnqcl85@axl, thank you.",No,No,No
spam,"Your insurance policy maturity amount of Rs.6,224 is ready. Send your bank passbook details to receive payment.",No,No,No
spam,"Sorry, I transferred Rs.73,807 to the wrong number by mistake, this looks like your account. Kindly send it back to mttxi@oksbi.",No,No,No
spam,"Ayushman Bharat: Your scholarship benefit of Rs.4,693 is ready for transfer. Submit your bank passbook details to receive it.",No,No,No
spam,"Your Canara Bank personal loan of Rs.17,525 is pre-approved. Share your bank account and Aadhaar details to process.",No,No,No
spam,"Your Bank of Baroda personal loan of Rs.1,591 is pre-approved. Share your bank account and Aadhaar details to process.",No,No,No
spam,"Your Bank of Baroda personal loan of Rs.34,230 is pre-approved. Share your bank account and Aadhaar details to process.",No,No,No
spam,"You have been selected for a work-from-home job with TCS. Share your bank details to receive the joining bonus of Rs.63,573.",No,No,No
spam,"I accidentally sent Rs.48,204 to your PhonePe by mistake. Please refund it to this UPI ID: hgdzoxnw@ybl",No,No,No
spam,"By mistake Rs.9,720 got transferred to your account from mine, please refund at the earliest to stdwzthu@oksbi.",No,No,No
spam,"Congratulations, your application under Post Matric Scholarship has been approved for Rs.916. Send your bank details for disbursement.",No,No,No
spam,"I accidentally sent Rs.14,294 to your Amazon Pay by mistake. Please refund it to this UPI ID: yoifj@ibl",No,No,No
spam,"Your SBI personal loan of Rs.22,297 is pre-approved. Share your bank account and Aadhaar details to process.",No,No,No
spam,"You have been selected for a work-from-home job with Infosys. Share your bank details to receive the joining bonus of Rs.3,036.",No,No,No
spam,"Sorry, I transferred Rs.8,477 to the wrong number by mistake, this looks like your account. Kindly send it back to vbfjevr38@ybl.",No,No,No
spam,Ayushman Bharat Alert: You are eligible for Rs.791 under the scheme. Share your Aadhaar and bank account number to claim.,No,No,No
spam,"I accidentally sent Rs.31,529 to your Paytm by mistake. Please refund it to this UPI ID: yldhcb84@ybl",No,No,No
spam,"I accidentally sent Rs.79,147 to your Google Pay by mistake. Please refund it to this UPI ID: ppewd@ibl",No,No,No
spam,"Congratulations, your application under Post Matric Scholarship has been approved for Rs.990. Send your bank details for disbursement.",No,No,No
spam,"You have been selected for a work-from-home job with TCS. Share your bank details to receive the joining bonus of Rs.26,881.",No,No,No
spam,"By mistake Rs.932 got transferred to your account from mine, please refund at the earliest to vgylqhfw@axl.",No,No,No
spam,"I accidentally sent Rs.93,735 to your Google Pay by mistake. Please refund it to this UPI ID: zuskpt56@paytm",No,No,No
spam,"Your insurance policy maturity amount of Rs.73,587 is ready. Send your bank passbook details to receive payment.",No,No,No
spam,I accidentally sent Rs.820 to your PhonePe by mistake. Please refund it to this UPI ID: ktsvxhzs@okhdfcbank,No,No,No
spam,"Your insurance policy maturity amount of Rs.3,632 is ready. Send your bank passbook details to receive payment.",No,No,No
spam,"LPG Subsidy Scheme Alert: You are eligible for Rs.5,957 under the scheme. Share your Aadhaar and bank account number to claim.",No,No,No
spam,"I accidentally sent Rs.99,160 to your Google Pay by mistake. Please refund it to this UPI ID: jjskdy@paytm",No,No,No
spam,"State Scholarship Scheme: Your scholarship benefit of Rs.6,104 is ready for transfer. Submit your bank passbook details to receive it.",No,No,No
spam,"Hi, I think I sent Rs.598 to you by error while paying someone else. Please return it to UPI ID kackbxk@ibl, thank you.",No,No,No
spam,You have been selected for a work-from-home job with Flipkart. Share your bank details to receive the joining bonus of Rs.789.,No,No,No
spam,"Your SBI personal loan of Rs.20,444 is pre-approved. Share your bank account and Aadhaar details to process.",No,No,No
spam,"National Scholarship Portal Alert: You are eligible for Rs.81,745 under the scheme. Share your Aadhaar and bank account number to claim.",No,No,No
spam,"Congratulations, your application under Ayushman Bharat has been approved for Rs.912. Send your bank details for disbursement.",No,No,No
spam,"Sorry, I transferred Rs.44,385 to the wrong number by mistake, this looks like your account. Kindly send it back to aqvzivp@axl.",No,No,No
spam,"By mistake Rs.56,301 got transferred to your account from mine, please refund at the earliest to opagh@axl.",No,No,No
spam,You have been selected for a work-from-home job with Infosys. Share your bank details to receive the joining bonus of Rs.710.,No,No,No
spam,"You have been selected for a work-from-home job with Wipro. Share your bank details to receive the joining bonus of Rs.75,518.",No,No,No
spam,"I accidentally sent Rs.12,666 to your PhonePe by mistake. Please refund it to this UPI ID: ddejrpx88@oksbi",No,No,No
spam,"Congratulations, your application under PM Ujjwala Yojana has been approved for Rs.7,213. Send your bank details for disbursement.",No,No,No
spam,Your Axis Bank personal loan of Rs.979 is pre-approved. Share your bank account and Aadhaar details to process.,No,No,No
spam,"Congratulations, your application under National Scholarship Portal has been approved for Rs.3,451. Send your bank details for disbursement.",No,No,No
spam,"PM Ujjwala Yojana Alert: You are eligible for Rs.41,693 under the scheme. Share your Aadhaar and bank account number to claim.",No,No,No
spam,"I accidentally sent Rs.45,501 to your Google Pay by mistake. Please refund it to this UPI ID: vzhcc77@okicici",No,No,No
spam,"I accidentally sent Rs.97,056 to your Google Pay by mistake. Please refund it to this UPI ID: lwuclk@okicici",No,No,No
spam,"Your Axis Bank personal loan of Rs.37,511 is pre-approved. Share your bank account and Aadhaar details to process.",No,No,No
spam,"You have been selected for a work-from-home job with TCS. Share your bank details to receive the joining bonus of Rs.11,843.",No,No,No
spam,"Hi, I think I sent Rs.766 to you by error while paying someone else. Please return it to UPI ID ngxicoo@ibl, thank you.",No,No,No
spam,"Hi, I think I sent Rs.506 to you by error while paying someone else. Please return it to UPI ID pbdrqje@ybl, thank you.",No,No,No
spam,"Congratulations, your application under State Scholarship Scheme has been approved for Rs.74,095. Send your bank details for disbursement.",No,No,No
spam,You have been selected for a work-from-home job with Flipkart. Share your bank details to receive the joining bonus of Rs.990.,No,No,No
spam,"By mistake Rs.75,392 got transferred to your account from mine, please refund at the earliest to bzfvme92@axl.",No,No,No
spam,"Sorry, I transferred Rs.62,063 to the wrong number by mistake, this looks like your account. Kindly send it back to japvfg90@paytm.",No,No,No
spam,"You have been selected for a work-from-home job with Wipro. Share your bank details to receive the joining bonus of Rs.35,370.",No,No,No
spam,"Your insurance policy maturity amount of Rs.9,192 is ready. Send your bank passbook details to receive payment.",No,No,No
spam,"Congratulations, your application under Post Matric Scholarship has been approved for Rs.703. Send your bank details for disbursement.",No,No,No
spam,"By mistake Rs.66,689 got transferred to your account from mine, please refund at the earliest to vjozq@okicici.",No,No,No
spam,"By mistake Rs.658 got transferred to your account from mine, please refund at the earliest to wafmx37@okhdfcbank.",No,No,No
spam,"Sorry, I transferred Rs.705 to the wrong number by mistake, this looks like your account. Kindly send it back to zvqtk35@paytm.",No,No,No
spam,"Sorry, I transferred Rs.3,426 to the wrong number by mistake, this looks like your account. Kindly send it back to ymikcqz@ibl.",No,No,No
spam,"Your insurance policy maturity amount of Rs.24,857 is ready. Send your bank passbook details to receive payment.",No,No,No
spam,"Congratulations, your application under LPG Subsidy Scheme has been approved for Rs.812. Send your bank details for disbursement.",No,No,No
spam,"Hi, I think I sent Rs.749 to you by error while paying someone else. Please return it to UPI ID uqngzhmx@ybl, thank you.",No,No,No
spam,I accidentally sent Rs.664 to your Paytm by mistake. Please refund it to this UPI ID: tbigqg@okicici,No,No,No
spam,National Scholarship Portal: Your scholarship benefit of Rs.502 is ready for transfer. Submit your bank passbook details to receive it.,No,No,No
spam,"Hi, I think I sent Rs.765 to you by error while paying someone else. Please return it to UPI ID zeoduvy@paytm, thank you.",No,No,No
spam,State Scholarship Scheme Alert: You are eligible for Rs.550 under the scheme. Share your Aadhaar and bank account number to claim.,No,No,No
spam,I accidentally sent Rs.583 to your Amazon Pay by mistake. Please refund it to this UPI ID: injxdm@paytm,No,No,No
spam,"You have been selected for a work-from-home job with Infosys. Share your bank details to receive the joining bonus of Rs.86,822.",No,No,No
spam,"Your insurance policy maturity amount of Rs.49,324 is ready. Send your bank passbook details to receive payment.",No,No,No
spam,"PM Kisan Samman Nidhi Alert: You are eligible for Rs.3,503 under the scheme. Share your Aadhaar and bank account number to claim.",No,No,No
spam,"Your insurance policy maturity amount of Rs.6,236 is ready. Send your bank passbook details to receive payment.",No,No,No
spam,"Congratulations, your application under PM Ujjwala Yojana has been approved for Rs.8,581. Send your bank details for disbursement.",No,No,No
spam,"PMAY: Your scholarship benefit of Rs.54,582 is ready for transfer. Submit your bank passbook details to receive it.",No,No,No
spam,"Sorry, I transferred Rs.17,978 to the wrong number by mistake, this looks like your account. Kindly send it back to wogixu16@paytm.",No,No,No
spam,LPG Subsidy Scheme: Your scholarship benefit of Rs.811 is ready for transfer. Submit your bank passbook details to receive it.,No,No,No
spam,"Congratulations, your application under State Scholarship Scheme has been approved for Rs.8,116. Send your bank details for disbursement.",No,No,No
spam,"By mistake Rs.11,250 got transferred to your account from mine, please refund at the earliest to qvjdoa56@ibl.",No,No,No
spam,"You have been selected for a work-from-home job with TCS. Share your bank details to receive the joining bonus of Rs.2,837.",No,No,No
spam,"By mistake Rs.679 got transferred to your account from mine, please refund at the earliest to kfvzchqr84@paytm.",No,No,No
spam,"National Scholarship Portal Alert: You are eligible for Rs.8,188 under the scheme. Share your Aadhaar and bank account number to claim.",No,No,No
spam,"I accidentally sent Rs.4,250 to your Paytm by mistake. Please refund it to this UPI ID: sncjl@oksbi",No,No,No
spam,"I accidentally sent Rs.40,335 to your Amazon Pay by mistake. Please refund it to this UPI ID: exyhnn@ibl",No,No,No
spam,"State Scholarship Scheme Alert: You are eligible for Rs.8,886 under the scheme. Share your Aadhaar and bank account number to claim.",No,No,No
spam,"Your ICICI Bank personal loan of Rs.2,855 is pre-approved. Share your bank account and Aadhaar details to process.",No,No,No
spam,National Scholarship Portal Alert: You are eligible for Rs.843 under the scheme. Share your Aadhaar and bank account number to claim.,No,No,No
spam,"Post Matric Scholarship: Your scholarship benefit of Rs.85,366 is ready for transfer. Submit your bank passbook details to receive it.",No,No,No
spam,"Hi, I think I sent Rs.72,235 to you by error while paying someone else. Please return it to UPI ID tkxvu@axl, thank you.",No,No,No
spam,"PMAY Alert: You are eligible for Rs.55,513 under the scheme. Share your Aadhaar and bank account number to claim.",No,No,No
spam,"Post Matric Scholarship: Your scholarship benefit of Rs.2,334 is ready for transfer. Submit your bank passbook details to receive it.",No,No,No
spam,"By mistake Rs.1,194 got transferred to your account from mine, please refund at the earliest to zlwbh@ybl.",No,No,No
spam,I accidentally sent Rs.511 to your Google Pay by mistake. Please refund it to this UPI ID: poorq10@ibl,No,No,No
spam,Your insurance policy maturity amount of Rs.625 is ready. Send your bank passbook details to receive payment.,No,No,No
spam,"Hi, I think I sent Rs.99,782 to you by error while paying someone else. Please return it to UPI ID qjpnygz@okicici, thank you.",No,No,No
spam,"You have been selected for a work-from-home job with Wipro. Share your bank details to receive the joining bonus of Rs.7,386.",No,No,No
spam,"PM Ujjwala Yojana: Your scholarship benefit of Rs.9,673 is ready for transfer. Submit your bank passbook details to receive it.",No,No,No
spam,"Congratulations, your application under State Scholarship Scheme has been approved for Rs.7,683. Send your bank details for disbursement.",No,No,No
spam,"Hi, I think I sent Rs.814 to you by error while paying someone else. Please return it to UPI ID wdzkldv@okhdfcbank, thank you.",No,No,No
spam,"Your Punjab National Bank personal loan of Rs.7,141 is pre-approved. Share your bank account and Aadhaar details to process.",No,No,No
spam,"Your SBI personal loan of Rs.4,320 is pre-approved. Share your bank account and Aadhaar details to process.",No,No,No
spam,"Hi, I think I sent Rs.1,899 to you by error while paying someone else. Please return it to UPI ID cykoz49@axl, thank you.",No,No,No
spam,"LPG Subsidy Scheme Alert: You are eligible for Rs.27,325 under the scheme. Share your Aadhaar and bank account number to claim.",No,No,No
spam,"Hi, I think I sent Rs.13,226 to you by error while paying someone else. Please return it to UPI ID tzmtcr@oksbi, thank you.",No,No,No
spam,Your insurance policy maturity amount of Rs.605 is ready. Send your bank passbook details to receive payment.,No,No,No
spam,"I accidentally sent Rs.32,086 to your Paytm by mistake. Please refund it to this UPI ID: gevokk84@oksbi",No,No,No
spam,"By mistake Rs.85,080 got transferred to your account from mine, please refund at the earliest to imdjohs45@okicici.",No,No,No
spam,"Sorry, I transferred Rs.34,538 to the wrong number by mistake, this looks like your account. Kindly send it back to yxfsjzf@paytm.",No,No,No
spam,"Your insurance policy maturity amount of Rs.9,149 is ready. Send your bank passbook details to receive payment.",No,No,No
spam,I accidentally sent Rs.835 to your Google Pay by mistake. Please refund it to this UPI ID: bgdrhcp38@ibl,No,No,No
spam,"I accidentally sent Rs.25,001 to your Paytm by mistake. Please refund it to this UPI ID: xlguohv39@paytm",No,No,No
spam,"By mistake Rs.641 got transferred to your account from mine, please refund at the earliest to jkrgixp98@ybl.",No,No,No
spam,"Your insurance policy maturity amount of Rs.6,158 is ready. Send your bank passbook details to receive payment.",No,No,No
spam,"By mistake Rs.985 got transferred to your account from mine, please refund at the earliest to rmydls27@okicici.",No,No,No
spam,"PM Ujjwala Yojana Alert: You are eligible for Rs.9,988 under the scheme. Share your Aadhaar and bank account number to claim.",No,No,No
spam,"LPG Subsidy Scheme Alert: You are eligible for Rs.83,452 under the scheme. Share your Aadhaar and bank account number to claim.",No,No,No
spam,"I accidentally sent Rs.1,892 to your PhonePe by mistake. Please refund it to this UPI ID: rjxaq24@ybl",No,No,No
spam,"Your insurance policy maturity amount of Rs.9,770 is ready. Send your bank passbook details to receive payment.",No,No,No
spam,Your Punjab National Bank personal loan of Rs.730 is pre-approved. Share your bank account and Aadhaar details to process.,No,No,No
spam,"By mistake Rs.7,244 got transferred to your account from mine, please refund at the earliest to pqyie30@ybl.",No,No,No
spam,"PMAY Alert: You are eligible for Rs.53,986 under the scheme. Share your Aadhaar and bank account number to claim.",No,No,No
spam,"Hi, I think I sent Rs.7,130 to you by error while paying someone else. Please return it to UPI ID uavdindw@okhdfcbank, thank you.",No,No,No
spam,"Sorry, I transferred Rs.805 to the wrong number by mistake, this looks like your account. Kindly send it back to bsypn@ibl.",No,No,No
spam,"You have been selected for a work-from-home job with Wipro. Share your bank details to receive the joining bonus of Rs.8,945.",No,No,No
spam,"Sorry, I transferred Rs.4,178 to the wrong number by mistake, this looks like your account. Kindly send it back to wevzxrc94@ibl.",No,No,No
spam,"Hi, I think I sent Rs.693 to you by error while paying someone else. Please return it to UPI ID oaoymph@oksbi, thank you.",No,No,No
spam,"Congratulations, your application under State Scholarship Scheme has been approved for Rs.6,256. Send your bank details for disbursement.",No,No,No
spam,"I accidentally sent Rs.3,330 to your Paytm by mistake. Please refund it to this UPI ID: lddatiq44@okhdfcbank",No,No,No
spam,"Congratulations, your application under PM Ujjwala Yojana has been approved for Rs.2,219. Send your bank details for disbursement.",No,No,No
spam,"Sorry, I transferred Rs.1,550 to the wrong number by mistake, this looks like your account. Kindly send it back to vlpguct@ibl.",No,No,No
spam,"Sorry, I transferred Rs.11,396 to the wrong number by mistake, this looks like your account. Kindly send it back to uszydcf@oksbi.",No,No,No
spam,"Congratulations, your application under PM Ujjwala Yojana has been approved for Rs.830. Send your bank details for disbursement.",No,No,No
spam,"I accidentally sent Rs.8,236 to your Google Pay by mistake. Please refund it to this UPI ID: fzihqbp@axl",No,No,No
spam,"LPG Subsidy Scheme Alert: You are eligible for Rs.2,219 under the scheme. Share your Aadhaar and bank account number to claim.",No,No,No
spam,"Congratulations, your application under Ayushman Bharat has been approved for Rs.950. Send your bank details for disbursement.",No,No,No
spam,I accidentally sent Rs.584 to your Google Pay by mistake. Please refund it to this UPI ID: lrvrcuq@ibl,No,No,No
spam,LPG Subsidy Scheme Alert: You are eligible for Rs.609 under the scheme. Share your Aadhaar and bank account number to claim.,No,No,No
spam,"Congratulations, your application under Ayushman Bharat has been approved for Rs.4,105. Send your bank details for disbursement.",No,No,No
spam,"Post Matric Scholarship Alert: You are eligible for Rs.6,192 under the scheme. Share your Aadhaar and bank account number to claim.",No,No,No
spam,"Hi, I think I sent Rs.49,198 to you by error while paying someone else. Please return it to UPI ID cfhzc@axl, thank you.",No,No,No
spam,"You have been selected for a work-from-home job with HCL. Share your bank details to receive the joining bonus of Rs.92,540.",No,No,No
spam,"Congratulations, your application under Ayushman Bharat has been approved for Rs.8,354. Send your bank details for disbursement.",No,No,No
spam,Post Matric Scholarship: Your scholarship benefit of Rs.915 is ready for transfer. Submit your bank passbook details to receive it.,No,No,No
spam,"You have been selected for a work-from-home job with Amazon. Share your bank details to receive the joining bonus of Rs.4,780.",No,No,No
spam,"Congratulations, your application under Post Matric Scholarship has been approved for Rs.34,866. Send your bank details for disbursement.",No,No,No
spam,"Your insurance policy maturity amount of Rs.47,540 is ready. Send your bank passbook details to receive payment.",No,No,No
spam,"Your insurance policy maturity amount of Rs.47,952 is ready. Send your bank passbook details to receive payment.",No,No,No
spam,"I accidentally sent Rs.88,750 to your Paytm by mistake. Please refund it to this UPI ID: tlnfyay@okhdfcbank",No,No,No
spam,"Hi, I think I sent Rs.71,425 to you by error while paying someone else. Please return it to UPI ID mwycgga18@oksbi, thank you.",No,No,No
spam,"Your insurance policy maturity amount of Rs.3,397 is ready. Send your bank passbook details to receive payment.",No,No,No
spam,"You have been selected for a work-from-home job with Wipro. Share your bank details to receive the joining bonus of Rs.56,127.",No,No,No
spam,"Congratulations, your application under PM Ujjwala Yojana has been approved for Rs.8,962. Send your bank details for disbursement.",No,No,No
spam,You have been selected for a work-from-home job with HCL. Share your bank details to receive the joining bonus of Rs.637.,No,No,No
spam,"Hi, I think I sent Rs.681 to you by error while paying someone else. Please return it to UPI ID jpjnlq33@axl, thank you.",No,No,No
spam,"National Scholarship Portal: Your scholarship benefit of Rs.5,320 is ready for transfer. Submit your bank passbook details to receive it.",No,No,No
spam,"Your Punjab National Bank personal loan of Rs.2,965 is pre-approved. Share your bank account and Aadhaar details to process.",No,No,No
spam,"PM Ujjwala Yojana: Your scholarship benefit of Rs.73,457 is ready for transfer. Submit your bank passbook details to receive it.",No,No,No
spam,You have been selected for a work-from-home job with Amazon. Share your bank details to receive the joining bonus of Rs.917.,No,No,No
spam,"Post Matric Scholarship: Your scholarship benefit of Rs.40,558 is ready for transfer. Submit your bank passbook details to receive it.",No,No,No
spam,"Your insurance policy maturity amount of Rs.77,605 is ready. Send your bank passbook details to receive payment.",No,No,No
spam,"By mistake Rs.3,912 got transferred to your account from mine, please refund at the earliest to yacrlya58@ybl.",No,No,No
spam,I accidentally sent Rs.982 to your Amazon Pay by mistake. Please refund it to this UPI ID: djndgw53@axl,No,No,No
spam,"LPG Subsidy Scheme Alert: You are eligible for Rs.18,963 under the scheme. Share your Aadhaar and bank account number to claim.",No,No,No
spam,"Sorry, I transferred Rs.535 to the wrong number by mistake, this looks like your account. Kindly send it back to olpdb51@ibl.",No,No,No
spam,PM Kisan Samman Nidhi: Your scholarship benefit of Rs.543 is ready for transfer. Submit your bank passbook details to receive it.,No,No,No
spam,"Your insurance policy maturity amount of Rs.68,684 is ready. Send your bank passbook details to receive payment.",No,No,No
spam,"Hi, I think I sent Rs.56,289 to you by error while paying someone else. Please return it to UPI ID hzormeu55@oksbi, thank you.",No,No,No
spam,"PM Ujjwala Yojana: Your scholarship benefit of Rs.41,473 is ready for transfer. Submit your bank passbook details to receive it.",No,No,No
spam,"You have been selected for a work-from-home job with TCS. Share your bank details to receive the joining bonus of Rs.20,090.",No,No,No
spam,"Sorry, I transferred Rs.78,502 to the wrong number by mistake, this looks like your account. Kindly send it back to scrlreiz@axl.",No,No,No
spam,"Hi, I think I sent Rs.549 to you by error while paying someone else. Please return it to UPI ID mpobufv@axl, thank you.",No,No,No
spam,"By mistake Rs.46,623 got transferred to your account from mine, please refund at the earliest to kwhqnjww67@axl.",No,No,No
spam,"Congratulations, your application under Ayushman Bharat has been approved for Rs.837. Send your bank details for disbursement.",No,No,No
spam,"National Scholarship Portal Alert: You are eligible for Rs.70,687 under the scheme. Share your Aadhaar and bank account number to claim.",No,No,No
spam,"PMAY: Your scholarship benefit of Rs.85,479 is ready for transfer. Submit your bank passbook details to receive it.",No,No,No
spam,"By mistake Rs.27,069 got transferred to your account from mine, please refund at the earliest to mztiv49@okhdfcbank.",No,No,No
spam,I accidentally sent Rs.936 to your Paytm by mistake. Please refund it to this UPI ID: wtfljyc36@okicici,No,No,No
spam,Your insurance policy maturity amount of Rs.980 is ready. Send your bank passbook details to receive payment.,No,No,No
spam,"I accidentally sent Rs.90,255 to your Google Pay by mistake. Please refund it to this UPI ID: qdgek@okicici",No,No,No
spam,"Your insurance policy maturity amount of Rs.7,050 is ready. Send your bank passbook details to receive payment.",No,No,No
spam,"Your Punjab National Bank personal loan of Rs.76,126 is pre-approved. Share your bank account and Aadhaar details to process.",No,No,No
spam,"Sorry, I transferred Rs.8,933 to the wrong number by mistake, this looks like your account. Kindly send it back to ijxozjr@okicici.",No,No,No
spam,"Sorry, I transferred Rs.623 to the wrong number by mistake, this looks like your account. Kindly send it back to gqetenry56@oksbi.",No,No,No
spam,"Your insurance policy maturity amount of Rs.3,697 is ready. Send your bank passbook details to receive payment.",No,No,No
spam,"By mistake Rs.2,128 got transferred to your account from mine, please refund at the earliest to ihlrr22@oksbi.",No,No,No
spam,"Hi, I think I sent Rs.533 to you by error while paying someone else. Please return it to UPI ID pjapaup@okicici, thank you.",No,No,No
spam,"Congratulations, your application under PMAY has been approved for Rs.584. Send your bank details for disbursement.",No,No,No
spam,Your insurance policy maturity amount of Rs.661 is ready. Send your bank passbook details to receive payment.,No,No,No
spam,I accidentally sent Rs.513 to your PhonePe by mistake. Please refund it to this UPI ID: jjgvm68@ybl,No,No,No
spam,"PMAY Alert: You are eligible for Rs.3,798 under the scheme. Share your Aadhaar and bank account number to claim.",No,No,No
spam,LPG Subsidy Scheme: Your scholarship benefit of Rs.735 is ready for transfer. Submit your bank passbook details to receive it.,No,No,No
spam,"Hi, I think I sent Rs.98,487 to you by error while paying someone else. Please return it to UPI ID xkepdf52@ybl, thank you.",No,No,No
spam,"Your SBI personal loan of Rs.1,665 is pre-approved. Share your bank account and Aadhaar details to process.",No,No,No
spam,"LPG Subsidy Scheme: Your scholarship benefit of Rs.9,683 is ready for transfer. Submit your bank passbook details to receive it.",No,No,No
spam,"Sorry, I transferred Rs.51,520 to the wrong number by mistake, this looks like your account. Kindly send it back to jtyyjp@axl.",No,No,No
spam,"PM Kisan Samman Nidhi Alert: You are eligible for Rs.72,017 under the scheme. Share your Aadhaar and bank account number to claim.",No,No,No
spam,Ayushman Bharat: Your scholarship benefit of Rs.922 is ready for transfer. Submit your bank passbook details to receive it.,No,No,No
spam,"LPG Subsidy Scheme Alert: You are eligible for Rs.3,080 under the scheme. Share your Aadhaar and bank account number to claim.",No,No,No
spam,"By mistake Rs.4,748 got transferred to your account from mine, please refund at the earliest to pbvsjsk@okhdfcbank.",No,No,No
spam,"Your insurance policy maturity amount of Rs.4,755 is ready. Send your bank passbook details to receive payment.",No,No,No
spam,"By mistake Rs.8,215 got transferred to your account from mine, please refund at the earliest to emhmud48@okicici.",No,No,No
spam,You have been selected for a work-from-home job with HCL. Share your bank details to receive the joining bonus of Rs.898.,No,No,No
spam,"Hi, I think I sent Rs.6,711 to you by error while paying someone else. Please return it to UPI ID gnivhlfh24@okicici, thank you.",No,No,No
spam,"LPG Subsidy Scheme Alert: You are eligible for Rs.77,848 under the scheme. Share your Aadhaar and bank account number to claim.",No,No,No
spam,"Sorry, I transferred Rs.2,509 to the wrong number by mistake, this looks like your account. Kindly send it back to fxmpx@oksbi.",No,No,No
spam,"Your insurance policy maturity amount of Rs.7,393 is ready. Send your bank passbook details to receive payment.",No,No,No
spam,"PM Ujjwala Yojana: Your scholarship benefit of Rs.73,403 is ready for transfer. Submit your bank passbook details to receive it.",No,No,No
spam,"Hi, I think I sent Rs.1,604 to you by error while paying someone else. Please return it to UPI ID puztrkp79@paytm, thank you.",No,No,No
spam,"Your ICICI Bank personal loan of Rs.63,266 is pre-approved. Share your bank account and Aadhaar details to process.",No,No,No
spam,"Your insurance policy maturity amount of Rs.9,555 is ready. Send your bank passbook details to receive payment.",No,No,No
spam,"Hi, I think I sent Rs.719 to you by error while paying someone else. Please return it to UPI ID boxkleo@oksbi, thank you.",No,No,No
spam,"Sorry, I transferred Rs.5,304 to the wrong number by mistake, this looks like your account. Kindly send it back to axbpdhs@paytm.",No,No,No
spam,"National Scholarship Portal Alert: You are eligible for Rs.3,937 under the scheme. Share your Aadhaar and bank account number to claim.",No,No,No
spam,"LPG Subsidy Scheme Alert: You are eligible for Rs.86,759 under the scheme. Share your Aadhaar and bank account number to claim.",No,No,No
spam,"By mistake Rs.59,632 got transferred to your account from mine, please refund at the earliest to wpcsoe62@okhdfcbank.",No,No,No
spam,"Your insurance policy maturity amount of Rs.73,072 is ready. Send your bank passbook details to receive payment.",No,No,No
spam,"Your insurance policy maturity amount of Rs.1,903 is ready. Send your bank passbook details to receive payment.",No,No,No
spam,"Hi, I think I sent Rs.552 to you by error while paying someone else. Please return it to UPI ID wlpvevi@oksbi, thank you.",No,No,No
spam,"PM Kisan Samman Nidhi: Your scholarship benefit of Rs.7,484 is ready for transfer. Submit your bank passbook details to receive it.",No,No,No
spam,"Your insurance policy maturity amount of Rs.9,160 is ready. Send your bank passbook details to receive payment.",No,No,No
spam,"You have been selected for a work-from-home job with Infosys. Share your bank details to receive the joining bonus of Rs.27,370.",No,No,No
spam,"I accidentally sent Rs.9,545 to your Paytm by mistake. Please refund it to this UPI ID: gdnbb79@oksbi",No,No,No
spam,"State Scholarship Scheme Alert: You are eligible for Rs.28,110 under the scheme. Share your Aadhaar and bank account number to claim.",No,No,No
spam,"Sorry, I transferred Rs.904 to the wrong number by mistake, this looks like your account. Kindly send it back to mzknyw@okicici.",No,No,No
spam,"By mistake Rs.8,152 got transferred to your account from mine, please refund at the earliest to snnkncgt23@okicici.",No,No,No
spam,"Congratulations, your application under LPG Subsidy Scheme has been approved for Rs.2,874. Send your bank details for disbursement.",No,No,No
spam,"I accidentally sent Rs.48,075 to your Amazon Pay by mistake. Please refund it to this UPI ID: oqqsxge68@ybl",No,No,No
spam,"I accidentally sent Rs.38,906 to your Google Pay by mistake. Please refund it to this UPI ID: cerbnw@oksbi",No,No,No
spam,I accidentally sent Rs.851 to your Paytm by mistake. Please refund it to this UPI ID: lbfiwbgc21@paytm,No,No,No
spam,"Ayushman Bharat Alert: You are eligible for Rs.84,697 under the scheme. Share your Aadhaar and bank account number to claim.",No,No,No
spam,"LPG Subsidy Scheme: Your scholarship benefit of Rs.4,726 is ready for transfer. Submit your bank passbook details to receive it.",No,No,No
spam,"LPG Subsidy Scheme Alert: You are eligible for Rs.20,235 under the scheme. Share your Aadhaar and bank account number to claim.",No,No,No
spam,"Congratulations, your application under National Scholarship Portal has been approved for Rs.2,743. Send your bank details for disbursement.",No,No,No
spam,"I accidentally sent Rs.9,259 to your Paytm by mistake. Please refund it to this UPI ID: ibapphnd17@okhdfcbank",No,No,No
spam,"Congratulations, your application under State Scholarship Scheme has been approved for Rs.761. Send your bank details for disbursement.",No,No,No
spam,"Sorry, I transferred Rs.20,007 to the wrong number by mistake, this looks like your account. Kindly send it back to mkqfqvxi@okicici.",No,No,No
spam,"Ayushman Bharat Alert: You are eligible for Rs.65,336 under the scheme. Share your Aadhaar and bank account number to claim.",No,No,No
spam,"Hi, I think I sent Rs.74,982 to you by error while paying someone else. Please return it to UPI ID frwad63@okhdfcbank, thank you.",No,No,No
spam,"PM Kisan Samman Nidhi: Your scholarship benefit of Rs.6,646 is ready for transfer. Submit your bank passbook details to receive it.",No,No,No
spam,"Sorry, I transferred Rs.79,606 to the wrong number by mistake, this looks like your account. Kindly send it back to oisjm@oksbi.",No,No,No
spam,"By mistake Rs.3,398 got transferred to your account from mine, please refund at the earliest to rgrkxc40@okhdfcbank.",No,No,No
spam,"I accidentally sent Rs.83,610 to your Paytm by mistake. Please refund it to this UPI ID: qwxipsit40@okicici",No,No,No
spam,"Sorry, I transferred Rs.95,574 to the wrong number by mistake, this looks like your account. Kindly send it back to tyomf18@okhdfcbank.",No,No,No
spam,"Congratulations, your application under PM Kisan Samman Nidhi has been approved for Rs.3,579. Send your bank details for disbursement.",No,No,No
spam,"Ayushman Bharat Alert: You are eligible for Rs.6,065 under the scheme. Share your Aadhaar and bank account number to claim.",No,No,No
spam,"I accidentally sent Rs.88,426 to your PhonePe by mistake. Please refund it to this UPI ID: pndfb@okhdfcbank",No,No,No
spam,"By mistake Rs.980 got transferred to your account from mine, please refund at the earliest to etddro@axl.",No,No,No
spam,"Hi, I think I sent Rs.988 to you by error while paying someone else. Please return it to UPI ID xonipdcj35@okhdfcbank, thank you.",No,No,No
spam,You have been selected for a work-from-home job with Wipro. Share your bank details to receive the joining bonus of Rs.664.,No,No,No
spam,"I accidentally sent Rs.2,990 to your Paytm by mistake. Please refund it to this UPI ID: ramlolq@paytm",No,No,No
spam,"Your insurance policy maturity amount of Rs.92,085 is ready. Send your bank passbook details to receive payment.",No,No,No
spam,LPG Subsidy Scheme Alert: You are eligible for Rs.534 under the scheme. Share your Aadhaar and bank account number to claim.,No,No,No
spam,"Congratulations, your application under State Scholarship Scheme has been approved for Rs.1,467. Send your bank details for disbursement.",No,No,No
spam,"Congratulations, your application under Post Matric Scholarship has been approved for Rs.873. Send your bank details for disbursement.",No,No,No
spam,"By mistake Rs.564 got transferred to your account from mine, please refund at the earliest to ykuwiy@axl.",No,No,No
spam,"Congratulations, your application under National Scholarship Portal has been approved for Rs.614. Send your bank details for disbursement.",No,No,No
spam,LPG Subsidy Scheme: Your scholarship benefit of Rs.559 is ready for transfer. Submit your bank passbook details to receive it.,No,No,No
spam,"Congratulations, your application under Ayushman Bharat has been approved for Rs.823. Send your bank details for disbursement.",No,No,No
spam,"By mistake Rs.8,317 got transferred to your account from mine, please refund at the earliest to coaiqu@okicici.",No,No,No
spam,"By mistake Rs.95,343 got transferred to your account from mine, please refund at the earliest to lccpgpdm@ibl.",No,No,No
spam,"Hi, I think I sent Rs.74,614 to you by error while paying someone else. Please return it to UPI ID xqrdxzxh59@ibl, thank you.",No,No,No
spam,"Hi, I think I sent Rs.1,840 to you by error while paying someone else. Please return it to UPI ID mghzcv@axl, thank you.",No,No,No
spam,"I accidentally sent Rs.7,050 to your Google Pay by mistake. Please refund it to this UPI ID: wlmtzong@paytm",No,No,No
spam,"PM Kisan Samman Nidhi Alert: You are eligible for Rs.7,653 under the scheme. Share your Aadhaar and bank account number to claim.",No,No,No
spam,"Your HDFC Bank personal loan of Rs.5,679 is pre-approved. Share your bank account and Aadhaar details to process.",No,No,No
spam,"Your Kotak Mahindra Bank personal loan of Rs.4,180 is pre-approved. Share your bank account and Aadhaar details to process.",No,No,No
spam,"National Scholarship Portal: Your scholarship benefit of Rs.63,241 is ready for transfer. Submit your bank passbook details to receive it.",No,No,No
spam,Your insurance policy maturity amount of Rs.628 is ready. Send your bank passbook details to receive payment.,No,No,No
spam,You have been selected for a work-from-home job with Infosys. Share your bank details to receive the joining bonus of Rs.640.,No,No,No
spam,"Your Kotak Mahindra Bank personal loan of Rs.8,637 is pre-approved. Share your bank account and Aadhaar details to process.",No,No,No
spam,"Hi, I think I sent Rs.6,221 to you by error while paying someone else. Please return it to UPI ID xtbptca@ibl, thank you.",No,No,No
spam,"By mistake Rs.985 got transferred to your account from mine, please refund at the earliest to upsrhzn93@ybl.",No,No,No
spam,"By mistake Rs.7,514 got transferred to your account from mine, please refund at the earliest to lylmtp29@ibl.",No,No,No
spam,"Sorry, I transferred Rs.8,799 to the wrong number by mistake, this looks like your account. Kindly send it back to gpozvljz56@ybl.",No,No,No
spam,You have been selected for a work-from-home job with Infosys. Share your bank details to receive the joining bonus of Rs.530.,No,No,No
spam,I accidentally sent Rs.655 to your Paytm by mistake. Please refund it to this UPI ID: mwlvspfl@ybl,No,No,No
spam,"Sorry, I transferred Rs.52,940 to the wrong number by mistake, this looks like your account. Kindly send it back to gaxxdizj35@okhdfcbank.",No,No,No
spam,"Your insurance policy maturity amount of Rs.25,718 is ready. Send your bank passbook details to receive payment.",No,No,No
spam,"Hi, I think I sent Rs.22,082 to you by error while paying someone else. Please return it to UPI ID outpzyhq@axl, thank you.",No,No,No
spam,"You have been selected for a work-from-home job with Flipkart. Share your bank details to receive the joining bonus of Rs.86,070.",No,No,No
spam,Your Kotak Mahindra Bank personal loan of Rs.600 is pre-approved. Share your bank account and Aadhaar details to process.,No,No,No
spam,"Congratulations, your application under PM Ujjwala Yojana has been approved for Rs.9,457. Send your bank details for disbursement.",No,No,No
spam,"By mistake Rs.9,571 got transferred to your account from mine, please refund at the earliest to phuvmreg25@oksbi.",No,No,No
spam,"Congratulations, your application under State Scholarship Scheme has been approved for Rs.27,457. Send your bank details for disbursement.",No,No,No
spam,"By mistake Rs.590 got transferred to your account from mine, please refund at the earliest to nhkfiank@paytm.",No,No,No
spam,You have been selected for a work-from-home job with Reliance. Share your bank details to receive the joining bonus of Rs.536.,No,No,No
spam,"Hi, I think I sent Rs.9,377 to you by error while paying someone else. Please return it to UPI ID ukxfl@paytm, thank you.",No,No,No
spam,"PM Ujjwala Yojana Alert: You are eligible for Rs.7,388 under the scheme. Share your Aadhaar and bank account number to claim.",No,No,No
spam,PM Kisan Samman Nidhi: Your scholarship benefit of Rs.800 is ready for transfer. Submit your bank passbook details to receive it.,No,No,No
spam,"You have been selected for a work-from-home job with Wipro. Share your bank details to receive the joining bonus of Rs.93,307.",No,No,No
spam,"Sorry, I transferred Rs.904 to the wrong number by mistake, this looks like your account. Kindly send it back to rhkwkuwe72@okicici.",No,No,No
spam,"Hi, I think I sent Rs.7,036 to you by error while paying someone else. Please return it to UPI ID ucpwp28@ibl, thank you.",No,No,No
spam,"Hi, I think I sent Rs.699 to you by error while paying someone else. Please return it to UPI ID cgqhbhjy45@axl, thank you.",No,No,No
spam,"Your Axis Bank personal loan of Rs.2,057 is pre-approved. Share your bank account and Aadhaar details to process.",No,No,No
spam,PMAY Alert: You are eligible for Rs.848 under the scheme. Share your Aadhaar and bank account number to claim.,No,No,No
spam,I accidentally sent Rs.789 to your Amazon Pay by mistake. Please refund it to this UPI ID: wkuixpc@okicici,No,No,No
spam,"By mistake Rs.5,331 got transferred to your account from mine, please refund at the earliest to vxixbc27@ibl.",No,No,No
spam,"By mistake Rs.1,091 got transferred to your account from mine, please refund at the earliest to oudfqgem@ibl.",No,No,No
spam,"PM Ujjwala Yojana: Your scholarship benefit of Rs.56,343 is ready for transfer. Submit your bank passbook details to receive it.",No,No,No
spam,Your insurance policy maturity amount of Rs.705 is ready. Send your bank passbook details to receive payment.,No,No,No
spam,"Your SBI personal loan of Rs.4,136 is pre-approved. Share your bank account and Aadhaar details to process.",No,No,No
spam,"State Scholarship Scheme: Your scholarship benefit of Rs.1,755 is ready for transfer. Submit your bank passbook details to receive it.",No,No,No
spam,"Sorry, I transferred Rs.5,526 to the wrong number by mistake, this looks like your account. Kindly send it back to gfcjzr27@axl.",No,No,No
spam,"By mistake Rs.544 got transferred to your account from mine, please refund at the earliest to xmpqvp@okhdfcbank.",No,No,No
spam,"Your Punjab National Bank personal loan of Rs.8,894 is pre-approved. Share your bank account and Aadhaar details to process.",No,No,No
spam,"Sorry, I transferred Rs.678 to the wrong number by mistake, this looks like your account. Kindly send it back to fwydsklu62@okicici.",No,No,No
spam,You have been selected for a work-from-home job with Flipkart. Share your bank details to receive the joining bonus of Rs.741.,No,No,No
spam,LPG Subsidy Scheme Alert: You are eligible for Rs.965 under the scheme. Share your Aadhaar and bank account number to claim.,No,No,No
spam,"By mistake Rs.881 got transferred to your account from mine, please refund at the earliest to pcnwlqlw71@axl.",No,No,No
spam,"You have been selected for a work-from-home job with Flipkart. Share your bank details to receive the joining bonus of Rs.78,893.",No,No,No
spam,"State Scholarship Scheme: Your scholarship benefit of Rs.5,721 is ready for transfer. Submit your bank passbook details to receive it.",No,No,No
spam,"Hi, I think I sent Rs.977 to you by error while paying someone else. Please return it to UPI ID mbimrsxq@axl, thank you.",No,No,No
spam,"Sorry, I transferred Rs.96,115 to the wrong number by mistake, this looks like your account. Kindly send it back to qppis@axl.",No,No,No
spam,"Your ICICI Bank personal loan of Rs.6,305 is pre-approved. Share your bank account and Aadhaar details to process.",No,No,No
spam,You have been selected for a work-from-home job with Reliance. Share your bank details to receive the joining bonus of Rs.924.,No,No,No
spam,"Sorry, I transferred Rs.3,699 to the wrong number by mistake, this looks like your account. Kindly send it back to eedpbtqm@paytm.",No,No,No
spam,"I accidentally sent Rs.14,348 to your Google Pay by mistake. Please refund it to this UPI ID: vfvwfs@axl",No,No,No
spam,"Your Bank of Baroda personal loan of Rs.47,483 is pre-approved. Share your bank account and Aadhaar details to process.",No,No,No
spam,Your insurance policy maturity amount of Rs.516 is ready. Send your bank passbook details to receive payment.,No,No,No
spam,"Your Bank of Baroda personal loan of Rs.6,846 is pre-approved. Share your bank account and Aadhaar details to process.",No,No,No
spam,"By mistake Rs.2,779 got transferred to your account from mine, please refund at the earliest to kaicj55@okhdfcbank.",No,No,No
spam,"Sorry, I transferred Rs.45,569 to the wrong number by mistake, this looks like your account. Kindly send it back to demxbt@okicici.",No,No,No
spam,"Hi, I think I sent Rs.90,688 to you by error while paying someone else. Please return it to UPI ID mlcusm33@axl, thank you.",No,No,No
spam,I accidentally sent Rs.946 to your Amazon Pay by mistake. Please refund it to this UPI ID: hhpjuc@axl,No,No,No
spam,You have been selected for a work-from-home job with Wipro. Share your bank details to receive the joining bonus of Rs.608.,No,No,No
spam,"Sorry, I transferred Rs.46,453 to the wrong number by mistake, this looks like your account. Kindly send it back to uhofiupn@okicici.",No,No,No
spam,"Sorry, I transferred Rs.60,396 to the wrong number by mistake, this looks like your account. Kindly send it back to ywbcnsml@axl.",No,No,No
spam,"Your insurance policy maturity amount of Rs.1,704 is ready. Send your bank passbook details to receive payment.",No,No,No
spam,"LPG Subsidy Scheme Alert: You are eligible for Rs.4,142 under the scheme. Share your Aadhaar and bank account number to claim.",No,No,No
spam,"Your insurance policy maturity amount of Rs.5,282 is ready. Send your bank passbook details to receive payment.",No,No,No
spam,"PMAY Alert: You are eligible for Rs.5,580 under the scheme. Share your Aadhaar and bank account number to claim.",No,No,No
spam,"Hi, I think I sent Rs.830 to you by error while paying someone else. Please return it to UPI ID ibnsacc@axl, thank you.",No,No,No
spam,"Post Matric Scholarship: Your scholarship benefit of Rs.1,977 is ready for transfer. Submit your bank passbook details to receive it.",No,No,No
spam,"PMAY: Your scholarship benefit of Rs.81,498 is ready for transfer. Submit your bank passbook details to receive it.",No,No,No
spam,"You have been selected for a work-from-home job with Infosys. Share your bank details to receive the joining bonus of Rs.35,830.",No,No,No
spam,"Congratulations, your application under LPG Subsidy Scheme has been approved for Rs.87,086. Send your bank details for disbursement.",No,No,No
spam,"By mistake Rs.807 got transferred to your account from mine, please refund at the earliest to cdkvdl43@okhdfcbank.",No,No,No
spam,"Hi, I think I sent Rs.89,959 to you by error while paying someone else. Please return it to UPI ID dauww58@ybl, thank you.",No,No,No
spam,PM Kisan Samman Nidhi Alert: You are eligible for Rs.565 under the scheme. Share your Aadhaar and bank account number to claim.,No,No,No
spam,"Congratulations, your application under PM Kisan Samman Nidhi has been approved for Rs.47,812. Send your bank details for disbursement.",No,No,No
spam,"Your insurance policy maturity amount of Rs.10,773 is ready. Send your bank passbook details to receive payment.",No,No,No
spam,Post Matric Scholarship: Your scholarship benefit of Rs.513 is ready for transfer. Submit your bank passbook details to receive it.,No,No,No
spam,"I accidentally sent Rs.58,507 to your Paytm by mistake. Please refund it to this UPI ID: uxfjb@okicici",No,No,No
spam,State Scholarship Scheme Alert: You are eligible for Rs.531 under the scheme. Share your Aadhaar and bank account number to claim.,No,No,No
spam,"You have been selected for a work-from-home job with Flipkart. Share your bank details to receive the joining bonus of Rs.51,144.",No,No,No
spam,"Hi, I think I sent Rs.812 to you by error while paying someone else. Please return it to UPI ID bscvd@ibl, thank you.",No,No,No
spam,"Congratulations, your application under Ayushman Bharat has been approved for Rs.3,420. Send your bank details for disbursement.",No,No,No
spam,"Sorry, I transferred Rs.98,386 to the wrong number by mistake, this looks like your account. Kindly send it back to tpneg85@okhdfcbank.",No,No,No
spam,PM Kisan Samman Nidhi Alert: You are eligible for Rs.973 under the scheme. Share your Aadhaar and bank account number to claim.,No,No,No
spam,"Sorry, I transferred Rs.7,905 to the wrong number by mistake, this looks like your account. Kindly send it back to juweoelo@ybl.",No,No,No
spam,"Sorry, I transferred Rs.6,904 to the wrong number by mistake, this looks like your account. Kindly send it back to lxbinl52@oksbi.",No,No,No
spam,"Sorry, I transferred Rs.7,249 to the wrong number by mistake, this looks like your account. Kindly send it back to ntdsjb@axl.",No,No,No
spam,"Hi, I think I sent Rs.19,937 to you by error while paying someone else. Please return it to UPI ID ejlheo@paytm, thank you.",No,No,No
spam,"By mistake Rs.4,843 got transferred to your account from mine, please refund at the earliest to czlvt@okhdfcbank.",No,No,No
spam,Ayushman Bharat: Your scholarship benefit of Rs.818 is ready for transfer. Submit your bank passbook details to receive it.,No,No,No
spam,"By mistake Rs.96,205 got transferred to your account from mine, please refund at the earliest to ddsshszw@ybl.",No,No,No
spam,"LPG Subsidy Scheme: Your scholarship benefit of Rs.7,700 is ready for transfer. Submit your bank passbook details to receive it.",No,No,No
spam,"Hi, I think I sent Rs.3,774 to you by error while paying someone else. Please return it to UPI ID qedvuqhu43@paytm, thank you.",No,No,No
spam,"Hi, I think I sent Rs.5,182 to you by error while paying someone else. Please return it to UPI ID lcvdddbx94@oksbi, thank you.",No,No,No
spam,"Your insurance policy maturity amount of Rs.9,610 is ready. Send your bank passbook details to receive payment.",No,No,No
spam,"Congratulations, your application under Ayushman Bharat has been approved for Rs.576. Send your bank details for disbursement.",No,No,No
spam,"Sorry, I transferred Rs.63,470 to the wrong number by mistake, this looks like your account. Kindly send it back to mzwndyi22@axl.",No,No,No
spam,"Your ICICI Bank personal loan of Rs.4,836 is pre-approved. Share your bank account and Aadhaar details to process.",No,No,No
spam,"I accidentally sent Rs.7,134 to your PhonePe by mistake. Please refund it to this UPI ID: nycqkvn43@okicici",No,No,No
spam,Your insurance policy maturity amount of Rs.633 is ready. Send your bank passbook details to receive payment.,No,No,No
spam,"Hi, I think I sent Rs.959 to you by error while paying someone else. Please return it to UPI ID izfdtjyg@ibl, thank you.",No,No,No
spam,You have been selected for a work-from-home job with Wipro. Share your bank details to receive the joining bonus of Rs.936.,No,No,No
spam,"Hi, I think I sent Rs.593 to you by error while paying someone else. Please return it to UPI ID jtoaulo14@oksbi, thank you.",No,No,No
spam,"You have been selected for a work-from-home job with Amazon. Share your bank details to receive the joining bonus of Rs.1,245.",No,No,No
spam,You have been selected for a work-from-home job with Infosys. Share your bank details to receive the joining bonus of Rs.502.,No,No,No
spam,"Congratulations, your application under PMAY has been approved for Rs.61,707. Send your bank details for disbursement.",No,No,No
spam,State Scholarship Scheme Alert: You are eligible for Rs.589 under the scheme. Share your Aadhaar and bank account number to claim.,No,No,No
spam,"Hi, I think I sent Rs.74,639 to you by error while paying someone else. Please return it to UPI ID sdxbb88@paytm, thank you.",No,No,No
spam,"Your insurance policy maturity amount of Rs.8,561 is ready. Send your bank passbook details to receive payment.",No,No,No
spam,"Your Canara Bank personal loan of Rs.1,939 is pre-approved. Share your bank account and Aadhaar details to process.",No,No,No
spam,State Scholarship Scheme Alert: You are eligible for Rs.956 under the scheme. Share your Aadhaar and bank account number to claim.,No,No,No
spam,"Hi, I think I sent Rs.7,027 to you by error while paying someone else. Please return it to UPI ID qmyoir54@ybl, thank you.",No,No,No
spam,"Sorry, I transferred Rs.9,185 to the wrong number by mistake, this looks like your account. Kindly send it back to bpqiw@oksbi.",No,No,No
spam,"State Scholarship Scheme Alert: You are eligible for Rs.3,253 under the scheme. Share your Aadhaar and bank account number to claim.",No,No,No
spam,"State Scholarship Scheme: Your scholarship benefit of Rs.3,525 is ready for transfer. Submit your bank passbook details to receive it.",No,No,No
spam,I accidentally sent Rs.874 to your Paytm by mistake. Please refund it to this UPI ID: utxwjd@oksbi,No,No,No
spam,I accidentally sent Rs.816 to your PhonePe by mistake. Please refund it to this UPI ID: gccqvg@oksbi,No,No,No
spam,"You have been selected for a work-from-home job with Reliance. Share your bank details to receive the joining bonus of Rs.6,967.",No,No,No
spam,"You have been selected for a work-from-home job with HCL. Share your bank details to receive the joining bonus of Rs.46,165.",No,No,No
spam,"Your insurance policy maturity amount of Rs.5,902 is ready. Send your bank passbook details to receive payment.",No,No,No
spam,"You have been selected for a work-from-home job with HCL. Share your bank details to receive the joining bonus of Rs.99,694.",No,No,No
spam,"Congratulations, your application under Ayushman Bharat has been approved for Rs.660. Send your bank details for disbursement.",No,No,No
spam,PM Kisan Samman Nidhi Alert: You are eligible for Rs.923 under the scheme. Share your Aadhaar and bank account number to claim.,No,No,No
spam,"Congratulations, your application under PM Ujjwala Yojana has been approved for Rs.9,369. Send your bank details for disbursement.",No,No,No
spam,"Congratulations, your application under National Scholarship Portal has been approved for Rs.704. Send your bank details for disbursement.",No,No,No
spam,"Sorry, I transferred Rs.63,908 to the wrong number by mistake, this looks like your account. Kindly send it back to mnoquao@ibl.",No,No,No
spam,"Hi, I think I sent Rs.738 to you by error while paying someone else. Please return it to UPI ID snjmkh28@paytm, thank you.",No,No,No
spam,"Sorry, I transferred Rs.31,921 to the wrong number by mistake, this looks like your account. Kindly send it back to bcucrs94@okicici.",No,No,No
spam,"Ayushman Bharat: Your scholarship benefit of Rs.6,041 is ready for transfer. Submit your bank passbook details to receive it.",No,No,No
spam,"Hi, I think I sent Rs.567 to you by error while paying someone else. Please return it to UPI ID fkrjigha@okhdfcbank, thank you.",No,No,No
spam,"You have been selected for a work-from-home job with HCL. Share your bank details to receive the joining bonus of Rs.55,940.",No,No,No
spam,"Your insurance policy maturity amount of Rs.6,849 is ready. Send your bank passbook details to receive payment.",No,No,No
spam,"By mistake Rs.32,738 got transferred to your account from mine, please refund at the earliest to mswile@axl.",No,No,No
spam,"Hi, I think I sent Rs.708 to you by error while paying someone else. Please return it to UPI ID hapbujdu@ibl, thank you.",No,No,No
spam,"I accidentally sent Rs.3,631 to your PhonePe by mistake. Please refund it to this UPI ID: qkurrvi59@ibl",No,No,No
spam,"PMAY Alert: You are eligible for Rs.5,728 under the scheme. Share your Aadhaar and bank account number to claim.",No,No,No
spam,"By mistake Rs.40,254 got transferred to your account from mine, please refund at the earliest to fywfgn86@okhdfcbank.",No,No,No
spam,"Your insurance policy maturity amount of Rs.1,887 is ready. Send your bank passbook details to receive payment.",No,No,No
spam,"LPG Subsidy Scheme Alert: You are eligible for Rs.3,020 under the scheme. Share your Aadhaar and bank account number to claim.",No,No,No
spam,"Congratulations, your application under National Scholarship Portal has been approved for Rs.935. Send your bank details for disbursement.",No,No,No
spam,"I accidentally sent Rs.63,333 to your Amazon Pay by mistake. Please refund it to this UPI ID: ntckhq@ybl",No,No,No
spam,You have been selected for a work-from-home job with Reliance. Share your bank details to receive the joining bonus of Rs.992.,No,No,No
spam,Your insurance policy maturity amount of Rs.592 is ready. Send your bank passbook details to receive payment.,No,No,No
spam,"Post Matric Scholarship: Your scholarship benefit of Rs.57,451 is ready for transfer. Submit your bank passbook details to receive it.",No,No,No
spam,"Ayushman Bharat Alert: You are eligible for Rs.50,269 under the scheme. Share your Aadhaar and bank account number to claim.",No,No,No
spam,"Hi, I think I sent Rs.830 to you by error while paying someone else. Please return it to UPI ID clfrlzlg88@ybl, thank you.",No,No,No
spam,"I accidentally sent Rs.38,762 to your Paytm by mistake. Please refund it to this UPI ID: fpxix@paytm",No,No,No
spam,"PM Kisan Samman Nidhi Alert: You are eligible for Rs.2,791 under the scheme. Share your Aadhaar and bank account number to claim.",No,No,No
spam,"PM Ujjwala Yojana: Your scholarship benefit of Rs.5,478 is ready for transfer. Submit your bank passbook details to receive it.",No,No,No
spam,"I accidentally sent Rs.6,195 to your PhonePe by mistake. Please refund it to this UPI ID: bwszf94@oksbi",No,No,No
spam,"Your insurance policy maturity amount of Rs.1,964 is ready. Send your bank passbook details to receive payment.",No,No,No
spam,"Your ICICI Bank personal loan of Rs.92,026 is pre-approved. Share your bank account and Aadhaar details to process.",No,No,No
spam,"You have been selected for a work-from-home job with Flipkart. Share your bank details to receive the joining bonus of Rs.2,099.",No,No,No
spam,"Your SBI personal loan of Rs.79,951 is pre-approved. Share your bank account and Aadhaar details to process.",No,No,No
spam,"You have been selected for a work-from-home job with HCL. Share your bank details to receive the joining bonus of Rs.84,648.",No,No,No
spam,"You have been selected for a work-from-home job with Wipro. Share your bank details to receive the joining bonus of Rs.2,627.",No,No,No
spam,"Hi, I think I sent Rs.99,323 to you by error while paying someone else. Please return it to UPI ID pjdgf@okicici, thank you.",No,No,No
spam,I accidentally sent Rs.855 to your PhonePe by mistake. Please refund it to this UPI ID: nczydbv80@oksbi,No,No,No
spam,"Your insurance policy maturity amount of Rs.22,425 is ready. Send your bank passbook details to receive payment.",No,No,No
spam,"PM Kisan Samman Nidhi: Your scholarship benefit of Rs.6,338 is ready for transfer. Submit your bank passbook details to receive it.",No,No,No
spam,"I accidentally sent Rs.6,306 to your Amazon Pay by mistake. Please refund it to this UPI ID: dzaiobv12@oksbi",No,No,No
spam,"Your insurance policy maturity amount of Rs.49,208 is ready. Send your bank passbook details to receive payment.",No,No,No
spam,PM Ujjwala Yojana: Your scholarship benefit of Rs.609 is ready for transfer. Submit your bank passbook details to receive it.,No,No,No
spam,"I accidentally sent Rs.19,756 to your PhonePe by mistake. Please refund it to this UPI ID: gwpah30@paytm",No,No,No
spam,"Sorry, I transferred Rs.693 to the wrong number by mistake, this looks like your account. Kindly send it back to wumhdu26@paytm.",No,No,No
spam,"Sorry, I transferred Rs.87,033 to the wrong number by mistake, this looks like your account. Kindly send it back to cayvon@oksbi.",No,No,No
spam,"You have been selected for a work-from-home job with Amazon. Share your bank details to receive the joining bonus of Rs.84,008.",No,No,No
spam,"By mistake Rs.9,862 got transferred to your account from mine, please refund at the earliest to hulprhkv@axl.",No,No,No
spam,PM Kisan Samman Nidhi Alert: You are eligible for Rs.882 under the scheme. Share your Aadhaar and bank account number to claim.,No,No,No
spam,"I accidentally sent Rs.8,704 to your PhonePe by mistake. Please refund it to this UPI ID: mzclzz@oksbi",No,No,No
spam,"You have been selected for a work-from-home job with HCL. Share your bank details to receive the joining bonus of Rs.3,913.",No,No,No
spam,"You have been selected for a work-from-home job with TCS. Share your bank details to receive the joining bonus of Rs.15,105.",No,No,No
spam,"Hi, I think I sent Rs.69,573 to you by error while paying someone else. Please return it to UPI ID vpznsa87@okhdfcbank, thank you.",No,No,No
spam,Your insurance policy maturity amount of Rs.621 is ready. Send your bank passbook details to receive payment.,No,No,No
spam,"You have been selected for a work-from-home job with Flipkart. Share your bank details to receive the joining bonus of Rs.52,825.",No,No,No
spam,"Your insurance policy maturity amount of Rs.96,168 is ready. Send your bank passbook details to receive payment.",No,No,No
spam,"State Scholarship Scheme Alert: You are eligible for Rs.28,137 under the scheme. Share your Aadhaar and bank account number to claim.",No,No,No
spam,"By mistake Rs.41,346 got transferred to your account from mine, please refund at the earliest to ksphe78@okhdfcbank.",No,No,No
spam,"You have been selected for a work-from-home job with Reliance. Share your bank details to receive the joining bonus of Rs.29,739.",No,No,No
spam,LPG Subsidy Scheme Alert: You are eligible for Rs.728 under the scheme. Share your Aadhaar and bank account number to claim.,No,No,No
spam,You have been selected for a work-from-home job with Infosys. Share your bank details to receive the joining bonus of Rs.571.,No,No,No
spam,"I accidentally sent Rs.54,694 to your Paytm by mistake. Please refund it to this UPI ID: pgdut76@axl",No,No,No
spam,"By mistake Rs.883 got transferred to your account from mine, please refund at the earliest to sardt58@ibl.",No,No,No
spam,"By mistake Rs.658 got transferred to your account from mine, please refund at the earliest to pqivpm57@oksbi.",No,No,No
spam,"I accidentally sent Rs.61,896 to your PhonePe by mistake. Please refund it to this UPI ID: brzgexb@ybl",No,No,No
spam,"You have been selected for a work-from-home job with Amazon. Share your bank details to receive the joining bonus of Rs.76,874.",No,No,No
spam,You have been selected for a work-from-home job with Reliance. Share your bank details to receive the joining bonus of Rs.639.,No,No,No
spam,"By mistake Rs.960 got transferred to your account from mine, please refund at the earliest to tphaojc57@ibl.",No,No,No
spam,"By mistake Rs.90,599 got transferred to your account from mine, please refund at the earliest to pvvsf@okicici.",No,No,No
spam,"Hi, I think I sent Rs.1,459 to you by error while paying someone else. Please return it to UPI ID xhpdhd71@ibl, thank you.",No,No,No
spam,"Your insurance policy maturity amount of Rs.78,973 is ready. Send your bank passbook details to receive payment.",No,No,No
spam,Your Canara Bank personal loan of Rs.979 is pre-approved. Share your bank account and Aadhaar details to process.,No,No,No
spam,I accidentally sent Rs.718 to your Amazon Pay by mistake. Please refund it to this UPI ID: fgbpvi@okicici,No,No,No
spam,"Your Axis Bank personal loan of Rs.26,556 is pre-approved. Share your bank account and Aadhaar details to process.",No,No,No
spam,"Hi, I think I sent Rs.837 to you by error while paying someone else. Please return it to UPI ID xkstgqd79@axl, thank you.",No,No,No
spam,"Sorry, I transferred Rs.28,154 to the wrong number by mistake, this looks like your account. Kindly send it back to lqybyd@ybl.",No,No,No
spam,"Hi, I think I sent Rs.3,356 to you by error while paying someone else. Please return it to UPI ID tlsoliq@axl, thank you.",No,No,No
spam,"Your insurance policy maturity amount of Rs.6,296 is ready. Send your bank passbook details to receive payment.",No,No,No
spam,"Sorry, I transferred Rs.500 to the wrong number by mistake, this looks like your account. Kindly send it back to jxmak@okhdfcbank.",No,No,No
spam,"I accidentally sent Rs.11,186 to your Paytm by mistake. Please refund it to this UPI ID: qdmjmdl@okicici",No,No,No
spam,"Your insurance policy maturity amount of Rs.15,395 is ready. Send your bank passbook details to receive payment.",No,No,No
spam,State Scholarship Scheme Alert: You are eligible for Rs.997 under the scheme. Share your Aadhaar and bank account number to claim.,No,No,No
spam,"I accidentally sent Rs.80,359 to your Google Pay by mistake. Please refund it to this UPI ID: kyfew36@oksbi",No,No,No
spam,"Your insurance policy maturity amount of Rs.48,319 is ready. Send your bank passbook details to receive payment.",No,No,No
spam,"LPG Subsidy Scheme Alert: You are eligible for Rs.97,104 under the scheme. Share your Aadhaar and bank account number to claim.",No,No,No
spam,"Post Matric Scholarship Alert: You are eligible for Rs.4,811 under the scheme. Share your Aadhaar and bank account number to claim.",No,No,No
spam,"Sorry, I transferred Rs.5,529 to the wrong number by mistake, this looks like your account. Kindly send it back to tjggal56@axl.",No,No,No
spam,"Hi, I think I sent Rs.1,229 to you by error while paying someone else. Please return it to UPI ID riivh@axl, thank you.",No,No,No
spam,"Ayushman Bharat: Your scholarship benefit of Rs.7,795 is ready for transfer. Submit your bank passbook details to receive it.",No,No,No
spam,"I accidentally sent Rs.77,852 to your PhonePe by mistake. Please refund it to this UPI ID: iizeq50@oksbi",No,No,No
spam,"I accidentally sent Rs.2,480 to your Google Pay by mistake. Please refund it to this UPI ID: axcdx73@oksbi",No,No,No
spam,"Your Punjab National Bank personal loan of Rs.36,269 is pre-approved. Share your bank account and Aadhaar details to process.",No,No,No
spam,"Your insurance policy maturity amount of Rs.5,653 is ready. Send your bank passbook details to receive payment.",No,No,No
spam,I accidentally sent Rs.785 to your Paytm by mistake. Please refund it to this UPI ID: dxpdnrld96@ibl,No,No,No
spam,"Hi, I think I sent Rs.8,637 to you by error while paying someone else. Please return it to UPI ID ymwkfga@paytm, thank you.",No,No,No
spam,You have been selected for a work-from-home job with Flipkart. Share your bank details to receive the joining bonus of Rs.822.,No,No,No
spam,I accidentally sent Rs.844 to your Amazon Pay by mistake. Please refund it to this UPI ID: yqrljac76@okhdfcbank,No,No,No
spam,"Your insurance policy maturity amount of Rs.49,822 is ready. Send your bank passbook details to receive payment.",No,No,No
spam,"Ayushman Bharat Alert: You are eligible for Rs.67,674 under the scheme. Share your Aadhaar and bank account number to claim.",No,No,No
spam,"Your Kotak Mahindra Bank personal loan of Rs.51,183 is pre-approved. Share your bank account and Aadhaar details to process.",No,No,No
spam,"Post Matric Scholarship Alert: You are eligible for Rs.21,395 under the scheme. Share your Aadhaar and bank account number to claim.",No,No,No
spam,Your HDFC Bank personal loan of Rs.662 is pre-approved. Share your bank account and Aadhaar details to process.,No,No,No
spam,"Congratulations, your application under PM Kisan Samman Nidhi has been approved for Rs.48,840. Send your bank details for disbursement.",No,No,No
spam,You have been selected for a work-from-home job with Amazon. Share your bank details to receive the joining bonus of Rs.787.,No,No,No
spam,You have been selected for a work-from-home job with HCL. Share your bank details to receive the joining bonus of Rs.650.,No,No,No
spam,"Congratulations, your application under Post Matric Scholarship has been approved for Rs.655. Send your bank details for disbursement.",No,No,No
spam,"By mistake Rs.5,828 got transferred to your account from mine, please refund at the earliest to fghyt@okicici.",No,No,No
spam,"I accidentally sent Rs.37,595 to your Amazon Pay by mistake. Please refund it to this UPI ID: aglrrorb40@okhdfcbank",No,No,No
spam,"Sorry, I transferred Rs.3,277 to the wrong number by mistake, this looks like your account. Kindly send it back to ljyxqrr56@paytm.",No,No,No
spam,Ayushman Bharat Alert: You are eligible for Rs.935 under the scheme. Share your Aadhaar and bank account number to claim.,No,No,No
spam,You have been selected for a work-from-home job with TCS. Share your bank details to receive the joining bonus of Rs.903.,No,No,No
spam,"Congratulations, your application under Post Matric Scholarship has been approved for Rs.13,922. Send your bank details for disbursement.",No,No,No
spam,"Sorry, I transferred Rs.40,022 to the wrong number by mistake, this looks like your account. Kindly send it back to rodxaiig24@okicici.",No,No,No
spam,"Congratulations, your application under Post Matric Scholarship has been approved for Rs.7,400. Send your bank details for disbursement.",No,No,No
spam,"I accidentally sent Rs.9,761 to your PhonePe by mistake. Please refund it to this UPI ID: eqaazxt31@okhdfcbank",No,No,No
spam,Your ICICI Bank personal loan of Rs.791 is pre-approved. Share your bank account and Aadhaar details to process.,No,No,No
spam,"I accidentally sent Rs.21,376 to your PhonePe by mistake. Please refund it to this UPI ID: gpeosjdx15@ybl",No,No,No
spam,"PM Ujjwala Yojana: Your scholarship benefit of Rs.31,227 is ready for transfer. Submit your bank passbook details to receive it.",No,No,No
spam,LPG Subsidy Scheme Alert: You are eligible for Rs.520 under the scheme. Share your Aadhaar and bank account number to claim.,No,No,No
spam,"PM Kisan Samman Nidhi Alert: You are eligible for Rs.3,328 under the scheme. Share your Aadhaar and bank account number to claim.",No,No,No
spam,"I accidentally sent Rs.8,196 to your Amazon Pay by mistake. Please refund it to this UPI ID: gplqvrtq18@okhdfcbank",No,No,No
spam,"By mistake Rs.1,338 got transferred to your account from mine, please refund at the earliest to fycynaa40@ibl.",No,No,No
spam,"Congratulations, your application under Ayushman Bharat has been approved for Rs.29,351. Send your bank details for disbursement.",No,No,No
spam,"PM Ujjwala Yojana: Your scholarship benefit of Rs.3,995 is ready for transfer. Submit your bank passbook details to receive it.",No,No,No
spam,"LPG Subsidy Scheme Alert: You are eligible for Rs.1,467 under the scheme. Share your Aadhaar and bank account number to claim.",No,No,No
spam,"By mistake Rs.1,612 got transferred to your account from mine, please refund at the earliest to lyuwvjs73@axl.",No,No,No
spam,"Sorry, I transferred Rs.952 to the wrong number by mistake, this looks like your account. Kindly send it back to eytqamul@okicici.",No,No,No
spam,"PM Kisan Samman Nidhi Alert: You are eligible for Rs.6,405 under the scheme. Share your Aadhaar and bank account number to claim.",No,No,No
spam,"By mistake Rs.60,908 got transferred to your account from mine, please refund at the earliest to bduhlnyf82@ibl.",No,No,No
spam,"Your Punjab National Bank personal loan of Rs.42,734 is pre-approved. Share your bank account and Aadhaar details to process.",No,No,No
spam,"PMAY: Your scholarship benefit of Rs.6,835 is ready for transfer. Submit your bank passbook details to receive it.",No,No,No
spam,"By mistake Rs.593 got transferred to your account from mine, please refund at the earliest to imdoelxm@okicici.",No,No,No
spam,"You have been selected for a work-from-home job with Wipro. Share your bank details to receive the joining bonus of Rs.85,163.",No,No,No
spam,"Ayushman Bharat Alert: You are eligible for Rs.19,342 under the scheme. Share your Aadhaar and bank account number to claim.",No,No,No
spam,"Congratulations, your application under PM Ujjwala Yojana has been approved for Rs.685. Send your bank details for disbursement.",No,No,No
spam,Your SBI personal loan of Rs.704 is pre-approved. Share your bank account and Aadhaar details to process.,No,No,No
spam,"Hi, I think I sent Rs.6,801 to you by error while paying someone else. Please return it to UPI ID szamt@ibl, thank you.",No,No,No
spam,"Congratulations, your application under National Scholarship Portal has been approved for Rs.61,812. Send your bank details for disbursement.",No,No,No
spam,PMAY: Your scholarship benefit of Rs.717 is ready for transfer. Submit your bank passbook details to receive it.,No,No,No
spam,"Sorry, I transferred Rs.45,290 to the wrong number by mistake, this looks like your account. Kindly send it back to izkmgqik46@okicici.",No,No,No
spam,"Your HDFC Bank personal loan of Rs.74,951 is pre-approved. Share your bank account and Aadhaar details to process.",No,No,No
spam,"Hi, I think I sent Rs.2,028 to you by error while paying someone else. Please return it to UPI ID scjuee48@ibl, thank you.",No,No,No
spam,"Hi, I think I sent Rs.581 to you by error while paying someone else. Please return it to UPI ID roblym54@paytm, thank you.",No,No,No
spam,"Your insurance policy maturity amount of Rs.31,441 is ready. Send your bank passbook details to receive payment.",No,No,No
spam,"You have been selected for a work-from-home job with Wipro. Share your bank details to receive the joining bonus of Rs.9,278.",No,No,No
spam,Your Punjab National Bank personal loan of Rs.976 is pre-approved. Share your bank account and Aadhaar details to process.,No,No,No
spam,"Sorry, I transferred Rs.9,499 to the wrong number by mistake, this looks like your account. Kindly send it back to vrhadyh89@oksbi.",No,No,No
spam,"LPG Subsidy Scheme Alert: You are eligible for Rs.89,415 under the scheme. Share your Aadhaar and bank account number to claim.",No,No,No
spam,"Sorry, I transferred Rs.6,697 to the wrong number by mistake, this looks like your account. Kindly send it back to mojilr@oksbi.",No,No,No
spam,"Post Matric Scholarship: Your scholarship benefit of Rs.31,645 is ready for transfer. Submit your bank passbook details to receive it.",No,No,No
spam,"Sorry, I transferred Rs.596 to the wrong number by mistake, this looks like your account. Kindly send it back to hcsbd37@oksbi.",No,No,No
spam,State Scholarship Scheme Alert: You are eligible for Rs.739 under the scheme. Share your Aadhaar and bank account number to claim.,No,No,No
spam,"You have been selected for a work-from-home job with HCL. Share your bank details to receive the joining bonus of Rs.96,426.",No,No,No
spam,Your insurance policy maturity amount of Rs.674 is ready. Send your bank passbook details to receive payment.,No,No,No
spam,"State Scholarship Scheme Alert: You are eligible for Rs.79,027 under the scheme. Share your Aadhaar and bank account number to claim.",No,No,No
spam,"By mistake Rs.7,806 got transferred to your account from mine, please refund at the earliest to xhqxkhq93@ybl.",No,No,No
spam,"Congratulations, your application under State Scholarship Scheme has been approved for Rs.565. Send your bank details for disbursement.",No,No,No
spam,LPG Subsidy Scheme Alert: You are eligible for Rs.578 under the scheme. Share your Aadhaar and bank account number to claim.,No,No,No
spam,"Congratulations, your application under PM Ujjwala Yojana has been approved for Rs.19,902. Send your bank details for disbursement.",No,No,No
spam,"Hi, I think I sent Rs.593 to you by error while paying someone else. Please return it to UPI ID piqgvxvd@ibl, thank you.",No,No,No
spam,You have been selected for a work-from-home job with Reliance. Share your bank details to receive the joining bonus of Rs.856.,No,No,No
spam,"By mistake Rs.4,182 got transferred to your account from mine, please refund at the earliest to dbecrktd34@oksbi.",No,No,No
spam,"Sorry, I transferred Rs.603 to the wrong number by mistake, this looks like your account. Kindly send it back to riaahq83@axl.",No,No,No
spam,"Congratulations, your application under National Scholarship Portal has been approved for Rs.7,003. Send your bank details for disbursement.",No,No,No
spam,"Your ICICI Bank personal loan of Rs.93,811 is pre-approved. Share your bank account and Aadhaar details to process.",No,No,No
spam,"Hi, I think I sent Rs.99,183 to you by error while paying someone else. Please return it to UPI ID xfgrdumg@axl, thank you.",No,No,No
spam,"Congratulations, your application under State Scholarship Scheme has been approved for Rs.7,580. Send your bank details for disbursement.",No,No,No
spam,"Hi, I think I sent Rs.6,455 to you by error while paying someone else. Please return it to UPI ID zmeegjez49@axl, thank you.",No,No,No
spam,"Sorry, I transferred Rs.824 to the wrong number by mistake, this looks like your account. Kindly send it back to lsqbkdqm95@ibl.",No,No,No
spam,"Your Axis Bank personal loan of Rs.3,428 is pre-approved. Share your bank account and Aadhaar details to process.",No,No,No
spam,"Hi, I think I sent Rs.95,476 to you by error while paying someone else. Please return it to UPI ID fxjzbmlp72@ybl, thank you.",No,No,No
spam,"Sorry, I transferred Rs.3,413 to the wrong number by mistake, this looks like your account. Kindly send it back to ifukdgtl50@axl.",No,No,No
spam,"Congratulations, your application under LPG Subsidy Scheme has been approved for Rs.733. Send your bank details for disbursement.",No,No,No
spam,"You have been selected for a work-from-home job with HCL. Share your bank details to receive the joining bonus of Rs.22,556.",No,No,No
spam,Your Axis Bank personal loan of Rs.770 is pre-approved. Share your bank account and Aadhaar details to process.,No,No,No
spam,"Your Axis Bank personal loan of Rs.42,211 is pre-approved. Share your bank account and Aadhaar details to process.",No,No,No
spam,Your insurance policy maturity amount of Rs.760 is ready. Send your bank passbook details to receive payment.,No,No,No
spam,"I accidentally sent Rs.8,705 to your PhonePe by mistake. Please refund it to this UPI ID: zawokom89@okicici",No,No,No
spam,"Hi, I think I sent Rs.12,987 to you by error while paying someone else. Please return it to UPI ID nlnxzws23@okicici, thank you.",No,No,No
spam,"Congratulations, your application under Ayushman Bharat has been approved for Rs.8,216. Send your bank details for disbursement.",No,No,No
spam,"PM Ujjwala Yojana: Your scholarship benefit of Rs.87,557 is ready for transfer. Submit your bank passbook details to receive it.",No,No,No
spam,"Hi, I think I sent Rs.595 to you by error while paying someone else. Please return it to UPI ID coelqfvi@okicici, thank you.",No,No,No
spam,"Your SBI personal loan of Rs.5,702 is pre-approved. Share your bank account and Aadhaar details to process.",No,No,No
spam,"Post Matric Scholarship: Your scholarship benefit of Rs.71,037 is ready for transfer. Submit your bank passbook details to receive it.",No,No,No
spam,"Congratulations, your application under PM Kisan Samman Nidhi has been approved for Rs.736. Send your bank details for disbursement.",No,No,No
spam,Your insurance policy maturity amount of Rs.873 is ready. Send your bank passbook details to receive payment.,No,No,No
spam,"Congratulations, your application under State Scholarship Scheme has been approved for Rs.71,128. Send your bank details for disbursement.",No,No,No
spam,"National Scholarship Portal: Your scholarship benefit of Rs.53,937 is ready for transfer. Submit your bank passbook details to receive it.",No,No,No
spam,PMAY Alert: You are eligible for Rs.904 under the scheme. Share your Aadhaar and bank account number to claim.,No,No,No
spam,"Your HDFC Bank personal loan of Rs.5,450 is pre-approved. Share your bank account and Aadhaar details to process.",No,No,No
spam,"Hi, I think I sent Rs.5,232 to you by error while paying someone else. Please return it to UPI ID aerde@axl, thank you.",No,No,No
spam,I accidentally sent Rs.987 to your Google Pay by mistake. Please refund it to this UPI ID: zrykl93@ibl,No,No,No
spam,You have been selected for a work-from-home job with HCL. Share your bank details to receive the joining bonus of Rs.752.,No,No,No
spam,"Hi, I think I sent Rs.626 to you by error while paying someone else. Please return it to UPI ID mpsesgn@ybl, thank you.",No,No,No
spam,"You have been selected for a work-from-home job with Wipro. Share your bank details to receive the joining bonus of Rs.2,557.",No,No,No
spam,"Ayushman Bharat: Your scholarship benefit of Rs.16,131 is ready for transfer. Submit your bank passbook details to receive it.",No,No,No
spam,"I accidentally sent Rs.8,757 to your PhonePe by mistake. Please refund it to this UPI ID: fehih@okicici",No,No,No
spam,"By mistake Rs.593 got transferred to your account from mine, please refund at the earliest to dtbtyzsq@ybl.",No,No,No
spam,I accidentally sent Rs.821 to your Google Pay by mistake. Please refund it to this UPI ID: fncrerkx@okhdfcbank,No,No,No
spam,Post Matric Scholarship: Your scholarship benefit of Rs.914 is ready for transfer. Submit your bank passbook details to receive it.,No,No,No
spam,"Congratulations, your application under PMAY has been approved for Rs.30,410. Send your bank details for disbursement.",No,No,No
spam,"Sorry, I transferred Rs.6,509 to the wrong number by mistake, this looks like your account. Kindly send it back to yxoeo84@okicici.",No,No,No
spam,"Your insurance policy maturity amount of Rs.1,767 is ready. Send your bank passbook details to receive payment.",No,No,No
spam,"Ayushman Bharat Alert: You are eligible for Rs.9,098 under the scheme. Share your Aadhaar and bank account number to claim.",No,No,No
spam,You have been selected for a work-from-home job with Reliance. Share your bank details to receive the joining bonus of Rs.759.,No,No,No
spam,"PMAY: Your scholarship benefit of Rs.32,045 is ready for transfer. Submit your bank passbook details to receive it.",No,No,No
spam,"Congratulations, your application under PM Kisan Samman Nidhi has been approved for Rs.4,030. Send your bank details for disbursement.",No,No,No
spam,"Your insurance policy maturity amount of Rs.3,349 is ready. Send your bank passbook details to receive payment.",No,No,No
spam,"Sorry, I transferred Rs.61,823 to the wrong number by mistake, this looks like your account. Kindly send it back to eictofq83@ybl.",No,No,No
spam,Post Matric Scholarship: Your scholarship benefit of Rs.796 is ready for transfer. Submit your bank passbook details to receive it.,No,No,No
spam,"Sorry, I transferred Rs.68,931 to the wrong number by mistake, this looks like your account. Kindly send it back to rifqvvcy68@axl.",No,No,No
spam,LPG Subsidy Scheme: Your scholarship benefit of Rs.831 is ready for transfer. Submit your bank passbook details to receive it.,No,No,No
spam,"Your Canara Bank personal loan of Rs.90,766 is pre-approved. Share your bank account and Aadhaar details to process.",No,No,No
spam,"Your insurance policy maturity amount of Rs.8,990 is ready. Send your bank passbook details to receive payment.",No,No,No
spam,"LPG Subsidy Scheme: Your scholarship benefit of Rs.75,866 is ready for transfer. Submit your bank passbook details to receive it.",No,No,No
spam,"Congratulations, your application under PM Kisan Samman Nidhi has been approved for Rs.8,160. Send your bank details for disbursement.",No,No,No
spam,"Your ICICI Bank personal loan of Rs.5,949 is pre-approved. Share your bank account and Aadhaar details to process.",No,No,No
spam,Your HDFC Bank personal loan of Rs.689 is pre-approved. Share your bank account and Aadhaar details to process.,No,No,No
spam,"National Scholarship Portal: Your scholarship benefit of Rs.7,230 is ready for transfer. Submit your bank passbook details to receive it.",No,No,No
spam,"Your Canara Bank personal loan of Rs.6,321 is pre-approved. Share your bank account and Aadhaar details to process.",No,No,No
spam,"Your insurance policy maturity amount of Rs.18,043 is ready. Send your bank passbook details to receive payment.",No,No,No
spam,State Scholarship Scheme Alert: You are eligible for Rs.814 under the scheme. Share your Aadhaar and bank account number to claim.,No,No,No
spam,"Your Canara Bank personal loan of Rs.9,441 is pre-approved. Share your bank account and Aadhaar details to process.",No,No,No
spam,"Congratulations, your application under Post Matric Scholarship has been approved for Rs.89,087. Send your bank details for disbursement.",No,No,No
spam,"PMAY Alert: You are eligible for Rs.1,056 under the scheme. Share your Aadhaar and bank account number to claim.",No,No,No
spam,"Your insurance policy maturity amount of Rs.6,446 is ready. Send your bank passbook details to receive payment.",No,No,No
spam,You have been selected for a work-from-home job with Amazon. Share your bank details to receive the joining bonus of Rs.921.,No,No,No
spam,"Hi, I think I sent Rs.594 to you by error while paying someone else. Please return it to UPI ID ekydvfak58@ibl, thank you.",No,No,No
spam,"Sorry, I transferred Rs.1,271 to the wrong number by mistake, this looks like your account. Kindly send it back to bcsesiy63@okhdfcbank.",No,No,No
spam,"Your insurance policy maturity amount of Rs.49,783 is ready. Send your bank passbook details to receive payment.",No,No,No
spam,"Congratulations, your application under National Scholarship Portal has been approved for Rs.1,292. Send your bank details for disbursement.",No,No,No
spam,"LPG Subsidy Scheme Alert: You are eligible for Rs.22,603 under the scheme. Share your Aadhaar and bank account number to claim.",No,No,No
spam,"By mistake Rs.5,933 got transferred to your account from mine, please refund at the earliest to wtxikdy25@paytm.",No,No,No
spam,"Sorry, I transferred Rs.2,142 to the wrong number by mistake, this looks like your account. Kindly send it back to gipbbz@paytm.",No,No,No
spam,"By mistake Rs.5,927 got transferred to your account from mine, please refund at the earliest to qjdel78@oksbi.",No,No,No
spam,"I accidentally sent Rs.4,435 to your PhonePe by mistake. Please refund it to this UPI ID: tngntgq48@ibl",No,No,No
spam,"Hi, I think I sent Rs.6,615 to you by error while paying someone else. Please return it to UPI ID ztduwy@ybl, thank you.",No,No,No
spam,PM Kisan Samman Nidhi Alert: You are eligible for Rs.649 under the scheme. Share your Aadhaar and bank account number to claim.,No,No,No
spam,"Your insurance policy maturity amount of Rs.31,269 is ready. Send your bank passbook details to receive payment.",No,No,No
spam,"PM Kisan Samman Nidhi Alert: You are eligible for Rs.20,856 under the scheme. Share your Aadhaar and bank account number to claim.",No,No,No
spam,You have been selected for a work-from-home job with Wipro. Share your bank details to receive the joining bonus of Rs.926.,No,No,No
spam,"Your Axis Bank personal loan of Rs.96,449 is pre-approved. Share your bank account and Aadhaar details to process.",No,No,No
spam,"State Scholarship Scheme: Your scholarship benefit of Rs.3,122 is ready for transfer. Submit your bank passbook details to receive it.",No,No,No
spam,Your insurance policy maturity amount of Rs.985 is ready. Send your bank passbook details to receive payment.,No,No,No
spam,"Sorry, I transferred Rs.8,986 to the wrong number by mistake, this looks like your account. Kindly send it back to ivlawt@okhdfcbank.",No,No,No
spam,"I accidentally sent Rs.9,551 to your Google Pay by mistake. Please refund it to this UPI ID: tocul67@ibl",No,No,No
spam,"Your ICICI Bank personal loan of Rs.70,666 is pre-approved. Share your bank account and Aadhaar details to process.",No,No,No
spam,Your insurance policy maturity amount of Rs.911 is ready. Send your bank passbook details to receive payment.,No,No,No
spam,State Scholarship Scheme: Your scholarship benefit of Rs.586 is ready for transfer. Submit your bank passbook details to receive it.,No,No,No
spam,"State Scholarship Scheme Alert: You are eligible for Rs.5,181 under the scheme. Share your Aadhaar and bank account number to claim.",No,No,No
spam,"Sorry, I transferred Rs.5,491 to the wrong number by mistake, this looks like your account. Kindly send it back to bxuoemx97@okicici.",No,No,No
spam,"Your insurance policy maturity amount of Rs.19,709 is ready. Send your bank passbook details to receive payment.",No,No,No
spam,"Hi, I think I sent Rs.25,351 to you by error while paying someone else. Please return it to UPI ID xhapn@ybl, thank you.",No,No,No
spam,"Your insurance policy maturity amount of Rs.3,877 is ready. Send your bank passbook details to receive payment.",No,No,No
spam,Your insurance policy maturity amount of Rs.738 is ready. Send your bank passbook details to receive payment.,No,No,No
spam,I accidentally sent Rs.746 to your Google Pay by mistake. Please refund it to this UPI ID: omosvj71@okicici,No,No,No
spam,"Congratulations, your application under State Scholarship Scheme has been approved for Rs.28,761. Send your bank details for disbursement.",No,No,No
spam,"Ayushman Bharat Alert: You are eligible for Rs.62,673 under the scheme. Share your Aadhaar and bank account number to claim.",No,No,No
spam,"Congratulations, your application under PM Kisan Samman Nidhi has been approved for Rs.16,600. Send your bank details for disbursement.",No,No,No
spam,"Congratulations, your application under PMAY has been approved for Rs.74,755. Send your bank details for disbursement.",No,No,No
spam,"PM Kisan Samman Nidhi Alert: You are eligible for Rs.68,116 under the scheme. Share your Aadhaar and bank account number to claim.",No,No,No
spam,"Post Matric Scholarship: Your scholarship benefit of Rs.6,500 is ready for transfer. Submit your bank passbook details to receive it.",No,No,No
spam,"Congratulations, your application under PM Ujjwala Yojana has been approved for Rs.8,994. Send your bank details for disbursement.",No,No,No
spam,"Sorry, I transferred Rs.3,021 to the wrong number by mistake, this looks like your account. Kindly send it back to tuwbjqr63@okicici.",No,No,No
spam,"Hi, I think I sent Rs.25,016 to you by error while paying someone else. Please return it to UPI ID lhbaz68@okicici, thank you.",No,No,No
spam,"Sorry, I transferred Rs.39,991 to the wrong number by mistake, this looks like your account. Kindly send it back to xdwwk90@ibl.",No,No,No
spam,"You have been selected for a work-from-home job with Wipro. Share your bank details to receive the joining bonus of Rs.59,706.",No,No,No
spam,Your insurance policy maturity amount of Rs.568 is ready. Send your bank passbook details to receive payment.,No,No,No
spam,"I accidentally sent Rs.20,872 to your Amazon Pay by mistake. Please refund it to this UPI ID: ohwwqs90@okicici",No,No,No
spam,Your insurance policy maturity amount of Rs.869 is ready. Send your bank passbook details to receive payment.,No,No,No
spam,"Congratulations, your application under Post Matric Scholarship has been approved for Rs.842. Send your bank details for disbursement.",No,No,No
spam,"Congratulations, your application under National Scholarship Portal has been approved for Rs.91,784. Send your bank details for disbursement.",No,No,No
spam,"By mistake Rs.3,054 got transferred to your account from mine, please refund at the earliest to jgdiii92@ibl.",No,No,No
spam,"PM Ujjwala Yojana: Your scholarship benefit of Rs.4,010 is ready for transfer. Submit your bank passbook details to receive it.",No,No,No
spam,Your SBI personal loan of Rs.710 is pre-approved. Share your bank account and Aadhaar details to process.,No,No,No
spam,"I accidentally sent Rs.72,196 to your Google Pay by mistake. Please refund it to this UPI ID: tpnxtes38@paytm",No,No,No
spam,"PM Kisan Samman Nidhi Alert: You are eligible for Rs.85,956 under the scheme. Share your Aadhaar and bank account number to claim.",No,No,No
spam,"Sorry, I transferred Rs.955 to the wrong number by mistake, this looks like your account. Kindly send it back to jemubol87@okicici.",No,No,No
spam,"You have been selected for a work-from-home job with Infosys. Share your bank details to receive the joining bonus of Rs.36,121.",No,No,No
spam,"Your Kotak Mahindra Bank personal loan of Rs.6,033 is pre-approved. Share your bank account and Aadhaar details to process.",No,No,No
spam,"I accidentally sent Rs.35,273 to your Paytm by mistake. Please refund it to this UPI ID: wencvzpv@oksbi",No,No,No
spam,"I accidentally sent Rs.4,747 to your PhonePe by mistake. Please refund it to this UPI ID: chplzq@paytm",No,No,No
spam,"Congratulations, your application under National Scholarship Portal has been approved for Rs.735. Send your bank details for disbursement.",No,No,No
spam,"Your insurance policy maturity amount of Rs.1,719 is ready. Send your bank passbook details to receive payment.",No,No,No
spam,"Congratulations, your application under Ayushman Bharat has been approved for Rs.50,725. Send your bank details for disbursement.",No,No,No
spam,"Sorry, I transferred Rs.5,940 to the wrong number by mistake, this looks like your account. Kindly send it back to qbvxn@okhdfcbank.",No,No,No
spam,You have been selected for a work-from-home job with HCL. Share your bank details to receive the joining bonus of Rs.618.,No,No,No
spam,"Hi, I think I sent Rs.94,255 to you by error while paying someone else. Please return it to UPI ID jkqtxfm@okicici, thank you.",No,No,No
spam,"Post Matric Scholarship: Your scholarship benefit of Rs.7,120 is ready for transfer. Submit your bank passbook details to receive it.",No,No,No
spam,"State Scholarship Scheme: Your scholarship benefit of Rs.63,626 is ready for transfer. Submit your bank passbook details to receive it.",No,No,No
spam,"National Scholarship Portal: Your scholarship benefit of Rs.8,069 is ready for transfer. Submit your bank passbook details to receive it.",No,No,No
spam,"Sorry, I transferred Rs.513 to the wrong number by mistake, this looks like your account. Kindly send it back to gzfxpaq63@paytm.",No,No,No
spam,I accidentally sent Rs.861 to your PhonePe by mistake. Please refund it to this UPI ID: ngrkfdje13@okicici,No,No,No
spam,Your insurance policy maturity amount of Rs.940 is ready. Send your bank passbook details to receive payment.,No,No,No
spam,"PMAY Alert: You are eligible for Rs.58,382 under the scheme. Share your Aadhaar and bank account number to claim.",No,No,No
spam,"You have been selected for a work-from-home job with HCL. Share your bank details to receive the joining bonus of Rs.25,958.",No,No,No
spam,"By mistake Rs.882 got transferred to your account from mine, please refund at the earliest to piphoq91@axl.",No,No,No
spam,"Your Axis Bank personal loan of Rs.8,526 is pre-approved. Share your bank account and Aadhaar details to process.",No,No,No
spam,"Your SBI personal loan of Rs.6,897 is pre-approved. Share your bank account and Aadhaar details to process.",No,No,No
spam,"By mistake Rs.9,488 got transferred to your account from mine, please refund at the earliest to kkgnpo@ibl.",No,No,No
spam,"Hi, I think I sent Rs.95,023 to you by error while paying someone else. Please return it to UPI ID tcssibhm@oksbi, thank you.",No,No,No
spam,"Post Matric Scholarship Alert: You are eligible for Rs.45,839 under the scheme. Share your Aadhaar and bank account number to claim.",No,No,No
spam,"By mistake Rs.82,228 got transferred to your account from mine, please refund at the earliest to jsdkcgp35@ybl.",No,No,No
spam,Your insurance policy maturity amount of Rs.732 is ready. Send your bank passbook details to receive payment.,No,No,No
spam,"National Scholarship Portal Alert: You are eligible for Rs.79,593 under the scheme. Share your Aadhaar and bank account number to claim.",No,No,No
spam,"By mistake Rs.4,557 got transferred to your account from mine, please refund at the earliest to fbczs25@ybl.",No,No,No
spam,"Your Canara Bank personal loan of Rs.22,978 is pre-approved. Share your bank account and Aadhaar details to process.",No,No,No
spam,State Scholarship Scheme Alert: You are eligible for Rs.670 under the scheme. Share your Aadhaar and bank account number to claim.,No,No,No
spam,"Your ICICI Bank personal loan of Rs.1,550 is pre-approved. Share your bank account and Aadhaar details to process.",No,No,No
spam,Your Punjab National Bank personal loan of Rs.645 is pre-approved. Share your bank account and Aadhaar details to process.,No,No,No
spam,"Your insurance policy maturity amount of Rs.47,617 is ready. Send your bank passbook details to receive payment.",No,No,No
spam,"Ayushman Bharat: Your scholarship benefit of Rs.7,774 is ready for transfer. Submit your bank passbook details to receive it.",No,No,No
spam,Ayushman Bharat Alert: You are eligible for Rs.959 under the scheme. Share your Aadhaar and bank account number to claim.,No,No,No
spam,"Sorry, I transferred Rs.1,820 to the wrong number by mistake, this looks like your account. Kindly send it back to kbwth68@ybl.",No,No,No
spam,"Ayushman Bharat Alert: You are eligible for Rs.75,566 under the scheme. Share your Aadhaar and bank account number to claim.",No,No,No
spam,"Your ICICI Bank personal loan of Rs.9,038 is pre-approved. Share your bank account and Aadhaar details to process.",No,No,No
spam,"I accidentally sent Rs.46,508 to your PhonePe by mistake. Please refund it to this UPI ID: zmmse@okicici",No,No,No
spam,Your insurance policy maturity amount of Rs.942 is ready. Send your bank passbook details to receive payment.,No,No,No
spam,"Ayushman Bharat: Your scholarship benefit of Rs.31,078 is ready for transfer. Submit your bank passbook details to receive it.",No,No,No
spam,State Scholarship Scheme: Your scholarship benefit of Rs.749 is ready for transfer. Submit your bank passbook details to receive it.,No,No,No
spam,"Congratulations, your application under Post Matric Scholarship has been approved for Rs.8,956. Send your bank details for disbursement.",No,No,No
spam,"PMAY: Your scholarship benefit of Rs.1,337 is ready for transfer. Submit your bank passbook details to receive it.",No,No,No
spam,"By mistake Rs.56,944 got transferred to your account from mine, please refund at the earliest to senyw97@ybl.",No,No,No
spam,"You have been selected for a work-from-home job with Amazon. Share your bank details to receive the joining bonus of Rs.6,698.",No,No,No
spam,I accidentally sent Rs.812 to your PhonePe by mistake. Please refund it to this UPI ID: ufvxyuvr82@ybl,No,No,No
spam,"By mistake Rs.3,476 got transferred to your account from mine, please refund at the earliest to gfnzqniw21@ybl.",No,No,No
spam,I accidentally sent Rs.708 to your Paytm by mistake. Please refund it to this UPI ID: qweph13@ybl,No,No,No
spam,"Your HDFC Bank personal loan of Rs.8,775 is pre-approved. Share your bank account and Aadhaar details to process.",No,No,No
spam,"Congratulations, your application under National Scholarship Portal has been approved for Rs.622. Send your bank details for disbursement.",No,No,No
spam,"I accidentally sent Rs.5,644 to your Amazon Pay by mistake. Please refund it to this UPI ID: kryxrdea63@okhdfcbank",No,No,No
spam,"By mistake Rs.77,458 got transferred to your account from mine, please refund at the earliest to plmafwe@axl.",No,No,No
spam,"Hi, I think I sent Rs.12,014 to you by error while paying someone else. Please return it to UPI ID vcdxdw@ybl, thank you.",No,No,No
spam,"Your HDFC Bank personal loan of Rs.34,381 is pre-approved. Share your bank account and Aadhaar details to process.",No,No,No
spam,"Congratulations, your application under State Scholarship Scheme has been approved for Rs.92,444. Send your bank details for disbursement.",No,No,No
spam,PM Kisan Samman Nidhi Alert: You are eligible for Rs.910 under the scheme. Share your Aadhaar and bank account number to claim.,No,No,No
spam,"Congratulations, your application under State Scholarship Scheme has been approved for Rs.9,693. Send your bank details for disbursement.",No,No,No
spam,"State Scholarship Scheme Alert: You are eligible for Rs.3,779 under the scheme. Share your Aadhaar and bank account number to claim.",No,No,No
spam,"You have been selected for a work-from-home job with Wipro. Share your bank details to receive the joining bonus of Rs.94,514.",No,No,No
spam,"Sorry, I transferred Rs.516 to the wrong number by mistake, this looks like your account. Kindly send it back to tflntww@okhdfcbank.",No,No,No
spam,"Hi, I think I sent Rs.2,281 to you by error while paying someone else. Please return it to UPI ID mdwouwpb@oksbi, thank you.",No,No,No
spam,You have been selected for a work-from-home job with Amazon. Share your bank details to receive the joining bonus of Rs.547.,No,No,No
spam,"PM Kisan Samman Nidhi: Your scholarship benefit of Rs.89,992 is ready for transfer. Submit your bank passbook details to receive it.",No,No,No
spam,"Your Kotak Mahindra Bank personal loan of Rs.1,883 is pre-approved. Share your bank account and Aadhaar details to process.",No,No,No
spam,"Your insurance policy maturity amount of Rs.3,363 is ready. Send your bank passbook details to receive payment.",No,No,No
spam,"Your Kotak Mahindra Bank personal loan of Rs.6,541 is pre-approved. Share your bank account and Aadhaar details to process.",No,No,No
spam,"Ayushman Bharat: Your scholarship benefit of Rs.9,670 is ready for transfer. Submit your bank passbook details to receive it.",No,No,No
spam,"By mistake Rs.19,585 got transferred to your account from mine, please refund at the earliest to ronqcbek88@ybl.",No,No,No
spam,"You have been selected for a work-from-home job with Amazon. Share your bank details to receive the joining bonus of Rs.1,070.",No,No,No
spam,"Congratulations, your application under Post Matric Scholarship has been approved for Rs.88,339. Send your bank details for disbursement.",No,No,No
spam,"PM Kisan Samman Nidhi: Your scholarship benefit of Rs.58,577 is ready for transfer. Submit your bank passbook details to receive it.",No,No,No
spam,"Sorry, I transferred Rs.574 to the wrong number by mistake, this looks like your account. Kindly send it back to zfjpqy@paytm.",No,No,No
spam,"I accidentally sent Rs.8,384 to your PhonePe by mistake. Please refund it to this UPI ID: fxdad82@okhdfcbank",No,No,No
spam,"Sorry, I transferred Rs.39,301 to the wrong number by mistake, this looks like your account. Kindly send it back to eispyu30@axl.",No,No,No
spam,"PMAY: Your scholarship benefit of Rs.9,764 is ready for transfer. Submit your bank passbook details to receive it.",No,No,No
spam,PM Kisan Samman Nidhi: Your scholarship benefit of Rs.948 is ready for transfer. Submit your bank passbook details to receive it.,No,No,No
spam,"I accidentally sent Rs.70,234 to your Paytm by mistake. Please refund it to this UPI ID: ykyst89@axl",No,No,No
spam,"Congratulations, your application under PM Ujjwala Yojana has been approved for Rs.708. Send your bank details for disbursement.",No,No,No
spam,"Sorry, I transferred Rs.649 to the wrong number by mistake, this looks like your account. Kindly send it back to gtrncywu38@ibl.",No,No,No
spam,"Sorry, I transferred Rs.6,967 to the wrong number by mistake, this looks like your account. Kindly send it back to adwsjhfv85@paytm.",No,No,No
spam,"Post Matric Scholarship: Your scholarship benefit of Rs.87,730 is ready for transfer. Submit your bank passbook details to receive it.",No,No,No
spam,"By mistake Rs.4,302 got transferred to your account from mine, please refund at the earliest to blhejmqu27@okicici.",No,No,No
spam,"Sorry, I transferred Rs.916 to the wrong number by mistake, this looks like your account. Kindly send it back to tvclgcut@ybl.",No,No,No
spam,"State Scholarship Scheme: Your scholarship benefit of Rs.4,662 is ready for transfer. Submit your bank passbook details to receive it.",No,No,No
spam,"LPG Subsidy Scheme Alert: You are eligible for Rs.1,639 under the scheme. Share your Aadhaar and bank account number to claim.",No,No,No
spam,I accidentally sent Rs.864 to your PhonePe by mistake. Please refund it to this UPI ID: okidzg@ybl,No,No,No
spam,Your insurance policy maturity amount of Rs.540 is ready. Send your bank passbook details to receive payment.,No,No,No
spam,"You have been selected for a work-from-home job with HCL. Share your bank details to receive the joining bonus of Rs.95,491.",No,No,No
spam,Your insurance policy maturity amount of Rs.781 is ready. Send your bank passbook details to receive payment.,No,No,No
spam,"By mistake Rs.9,960 got transferred to your account from mine, please refund at the earliest to tdnjf95@ybl.",No,No,No
spam,"Sorry, I transferred Rs.55,364 to the wrong number by mistake, this looks like your account. Kindly send it back to gmlpdg@paytm.",No,No,No
spam,"By mistake Rs.6,706 got transferred to your account from mine, please refund at the earliest to gapgcan71@axl.",No,No,No
spam,"Congratulations, your application under Post Matric Scholarship has been approved for Rs.6,843. Send your bank details for disbursement.",No,No,No
spam,"I accidentally sent Rs.6,850 to your PhonePe by mistake. Please refund it to this UPI ID: knhmvvpv@okicici",No,No,No
spam,"You have been selected for a work-from-home job with Reliance. Share your bank details to receive the joining bonus of Rs.9,800.",No,No,No
spam,"I accidentally sent Rs.3,851 to your Google Pay by mistake. Please refund it to this UPI ID: kygkimh41@okhdfcbank",No,No,No
spam,PMAY Alert: You are eligible for Rs.632 under the scheme. Share your Aadhaar and bank account number to claim.,No,No,No
spam,"You have been selected for a work-from-home job with Reliance. Share your bank details to receive the joining bonus of Rs.25,768.",No,No,No
spam,PM Kisan Samman Nidhi Alert: You are eligible for Rs.792 under the scheme. Share your Aadhaar and bank account number to claim.,No,No,No
spam,"By mistake Rs.509 got transferred to your account from mine, please refund at the earliest to bvqkfedy@oksbi.",No,No,No
spam,"Hi, I think I sent Rs.4,020 to you by error while paying someone else. Please return it to UPI ID lkzcka42@ibl, thank you.",No,No,No
spam,"I accidentally sent Rs.59,970 to your Amazon Pay by mistake. Please refund it to this UPI ID: tskcsoq@ybl",No,No,No
spam,Your insurance policy maturity amount of Rs.769 is ready. Send your bank passbook details to receive payment.,No,No,No
spam,"Sorry, I transferred Rs.16,544 to the wrong number by mistake, this looks like your account. Kindly send it back to dagcuv@ibl.",No,No,No
spam,"National Scholarship Portal Alert: You are eligible for Rs.9,653 under the scheme. Share your Aadhaar and bank account number to claim.",No,No,No
spam,"Your Bank of Baroda personal loan of Rs.9,996 is pre-approved. Share your bank account and Aadhaar details to process.",No,No,No
spam,"Sorry, I transferred Rs.803 to the wrong number by mistake, this looks like your account. Kindly send it back to kblavcqq77@okicici.",No,No,No
spam,"Congratulations, your application under State Scholarship Scheme has been approved for Rs.8,158. Send your bank details for disbursement.",No,No,No
spam,"Your insurance policy maturity amount of Rs.4,813 is ready. Send your bank passbook details to receive payment.",No,No,No
spam,"Sorry, I transferred Rs.885 to the wrong number by mistake, this looks like your account. Kindly send it back to qcyblmj48@ybl.",No,No,No
spam,"Hi, I think I sent Rs.8,922 to you by error while paying someone else. Please return it to UPI ID hbyugmdn@ybl, thank you.",No,No,No
spam,Your insurance policy maturity amount of Rs.737 is ready. Send your bank passbook details to receive payment.,No,No,No
spam,"By mistake Rs.8,160 got transferred to your account from mine, please refund at the earliest to xkiwmic@paytm.",No,No,No
spam,"Sorry, I transferred Rs.539 to the wrong number by mistake, this looks like your account. Kindly send it back to qcwlpbn52@paytm.",No,No,No
spam,"By mistake Rs.34,204 got transferred to your account from mine, please refund at the earliest to mpactip98@okicici.",No,No,No
spam,"Hi, I think I sent Rs.71,071 to you by error while paying someone else. Please return it to UPI ID epqjtv@paytm, thank you.",No,No,No
spam,"Congratulations, your application under PM Kisan Samman Nidhi has been approved for Rs.9,067. Send your bank details for disbursement.",No,No,No
spam,PMAY: Your scholarship benefit of Rs.765 is ready for transfer. Submit your bank passbook details to receive it.,No,No,No
spam,"You have been selected for a work-from-home job with Infosys. Share your bank details to receive the joining bonus of Rs.15,883.",No,No,No
spam,National Scholarship Portal: Your scholarship benefit of Rs.668 is ready for transfer. Submit your bank passbook details to receive it.,No,No,No
spam,National Scholarship Portal: Your scholarship benefit of Rs.927 is ready for transfer. Submit your bank passbook details to receive it.,No,No,No
spam,"Ayushman Bharat: Your scholarship benefit of Rs.55,051 is ready for transfer. Submit your bank passbook details to receive it.",No,No,No
spam,You have been selected for a work-from-home job with TCS. Share your bank details to receive the joining bonus of Rs.627.,No,No,No
spam,I accidentally sent Rs.794 to your Paytm by mistake. Please refund it to this UPI ID: vcareved@ibl,No,No,No
spam,"By mistake Rs.716 got transferred to your account from mine, please refund at the earliest to gznyp53@oksbi.",No,No,No
spam,"Congratulations, your application under LPG Subsidy Scheme has been approved for Rs.808. Send your bank details for disbursement.",No,No,No
spam,Your Axis Bank personal loan of Rs.532 is pre-approved. Share your bank account and Aadhaar details to process.,No,No,No
spam,"Your insurance policy maturity amount of Rs.97,647 is ready. Send your bank passbook details to receive payment.",No,No,No
spam,"Congratulations, your application under National Scholarship Portal has been approved for Rs.5,435. Send your bank details for disbursement.",No,No,No
spam,You have been selected for a work-from-home job with Flipkart. Share your bank details to receive the joining bonus of Rs.510.,No,No,No
spam,I accidentally sent Rs.658 to your PhonePe by mistake. Please refund it to this UPI ID: ddxqs96@oksbi,No,No,No
spam,"By mistake Rs.22,239 got transferred to your account from mine, please refund at the earliest to txteusj@paytm.",No,No,No
spam,"By mistake Rs.27,186 got transferred to your account from mine, please refund at the earliest to vzkmpuug62@okhdfcbank.",No,No,No
spam,"Post Matric Scholarship Alert: You are eligible for Rs.41,962 under the scheme. Share your Aadhaar and bank account number to claim.",No,No,No
spam,"Hi, I think I sent Rs.60,687 to you by error while paying someone else. Please return it to UPI ID aycwp77@okhdfcbank, thank you.",No,No,No
spam,"Sorry, I transferred Rs.900 to the wrong number by mistake, this looks like your account. Kindly send it back to hkboj@oksbi.",No,No,No
spam,"Congratulations, your application under National Scholarship Portal has been approved for Rs.977. Send your bank details for disbursement.",No,No,No
spam,"I accidentally sent Rs.97,154 to your PhonePe by mistake. Please refund it to this UPI ID: pbidp63@ibl",No,No,No
spam,"You have been selected for a work-from-home job with Infosys. Share your bank details to receive the joining bonus of Rs.4,148.",No,No,No
spam,I accidentally sent Rs.791 to your Paytm by mistake. Please refund it to this UPI ID: kayyx30@okicici,No,No,No
spam,"Congratulations, your application under National Scholarship Portal has been approved for Rs.2,700. Send your bank details for disbursement.",No,No,No
spam,"Congratulations, your application under National Scholarship Portal has been approved for Rs.958. Send your bank details for disbursement.",No,No,No
spam,"Congratulations, your application under PMAY has been approved for Rs.9,207. Send your bank details for disbursement.",No,No,No
spam,"By mistake Rs.863 got transferred to your account from mine, please refund at the earliest to tdwqjig15@paytm.",No,No,No
spam,LPG Subsidy Scheme Alert: You are eligible for Rs.939 under the scheme. Share your Aadhaar and bank account number to claim.,No,No,No
spam,"Hi, I think I sent Rs.34,604 to you by error while paying someone else. Please return it to UPI ID ntmnz@ybl, thank you.",No,No,No
spam,"Hi, I think I sent Rs.4,674 to you by error while paying someone else. Please return it to UPI ID qlivkv@axl, thank you.",No,No,No
spam,"Your Kotak Mahindra Bank personal loan of Rs.46,204 is pre-approved. Share your bank account and Aadhaar details to process.",No,No,No
spam,I accidentally sent Rs.753 to your Paytm by mistake. Please refund it to this UPI ID: mwepiirz50@oksbi,No,No,No
spam,"Your Punjab National Bank personal loan of Rs.1,669 is pre-approved. Share your bank account and Aadhaar details to process.",No,No,No
spam,"By mistake Rs.8,474 got transferred to your account from mine, please refund at the earliest to lvalt22@ibl.",No,No,No
spam,"Your SBI personal loan of Rs.57,299 is pre-approved. Share your bank account and Aadhaar details to process.",No,No,No
spam,You have been selected for a work-from-home job with Infosys. Share your bank details to receive the joining bonus of Rs.872.,No,No,No
spam,"By mistake Rs.699 got transferred to your account from mine, please refund at the earliest to sberiqen@paytm.",No,No,No
spam,"I accidentally sent Rs.7,676 to your Amazon Pay by mistake. Please refund it to this UPI ID: dfrin84@okicici",No,No,No
spam,"Congratulations, your application under PMAY has been approved for Rs.8,483. Send your bank details for disbursement.",No,No,No
spam,"Your insurance policy maturity amount of Rs.3,600 is ready. Send your bank passbook details to receive payment.",No,No,No
spam,"Hi, I think I sent Rs.1,837 to you by error while paying someone else. Please return it to UPI ID fxlwsz@ybl, thank you.",No,No,No
spam,"Hi, I think I sent Rs.900 to you by error while paying someone else. Please return it to UPI ID uisjj@oksbi, thank you.",No,No,No
spam,Your Kotak Mahindra Bank personal loan of Rs.862 is pre-approved. Share your bank account and Aadhaar details to process.,No,No,No
spam,"I accidentally sent Rs.2,702 to your Amazon Pay by mistake. Please refund it to this UPI ID: niijdhv@okicici",No,No,No
spam,"Hi, I think I sent Rs.4,534 to you by error while paying someone else. Please return it to UPI ID ezzeiuug98@ibl, thank you.",No,No,No
spam,"By mistake Rs.84,318 got transferred to your account from mine, please refund at the earliest to zwklad93@oksbi.",No,No,No
spam,"Your ICICI Bank personal loan of Rs.6,269 is pre-approved. Share your bank account and Aadhaar details to process.",No,No,No
spam,PMAY: Your scholarship benefit of Rs.760 is ready for transfer. Submit your bank passbook details to receive it.,No,No,No
spam,Your Axis Bank personal loan of Rs.531 is pre-approved. Share your bank account and Aadhaar details to process.,No,No,No
spam,"By mistake Rs.15,006 got transferred to your account from mine, please refund at the earliest to sruyx@okhdfcbank.",No,No,No
spam,"Your Punjab National Bank personal loan of Rs.30,806 is pre-approved. Share your bank account and Aadhaar details to process.",No,No,No
spam,"Congratulations, your application under PMAY has been approved for Rs.9,362. Send your bank details for disbursement.",No,No,No
spam,"Congratulations, your application under National Scholarship Portal has been approved for Rs.2,049. Send your bank details for disbursement.",No,No,No
spam,"I accidentally sent Rs.49,037 to your PhonePe by mistake. Please refund it to this UPI ID: wpvcdnjn@paytm",No,No,No
spam,"By mistake Rs.90,529 got transferred to your account from mine, please refund at the earliest to xtoqwf22@ibl.",No,No,No
spam,"Your Kotak Mahindra Bank personal loan of Rs.4,235 is pre-approved. Share your bank account and Aadhaar details to process.",No,No,No
spam,"Hi, I think I sent Rs.7,034 to you by error while paying someone else. Please return it to UPI ID nbttseuz@axl, thank you.",No,No,No
spam,"Your insurance policy maturity amount of Rs.4,840 is ready. Send your bank passbook details to receive payment.",No,No,No
spam,"Your insurance policy maturity amount of Rs.8,087 is ready. Send your bank passbook details to receive payment.",No,No,No
spam,"Sorry, I transferred Rs.953 to the wrong number by mistake, this looks like your account. Kindly send it back to brfswj@ibl.",No,No,No
spam,"Hi, I think I sent Rs.23,510 to you by error while paying someone else. Please return it to UPI ID twkstlec@axl, thank you.",No,No,No
spam,"Your Punjab National Bank personal loan of Rs.10,222 is pre-approved. Share your bank account and Aadhaar details to process.",No,No,No
spam,"Your insurance policy maturity amount of Rs.3,558 is ready. Send your bank passbook details to receive payment.",No,No,No
spam,"Congratulations, your application under National Scholarship Portal has been approved for Rs.15,351. Send your bank details for disbursement.",No,No,No
spam,"Your Punjab National Bank personal loan of Rs.41,333 is pre-approved. Share your bank account and Aadhaar details to process.",No,No,No
spam,"Sorry, I transferred Rs.6,340 to the wrong number by mistake, this looks like your account. Kindly send it back to cjjbvaup@okicici.",No,No,No
spam,"I accidentally sent Rs.61,850 to your Google Pay by mistake. Please refund it to this UPI ID: tptuk61@paytm",No,No,No
spam,"Your ICICI Bank personal loan of Rs.3,307 is pre-approved. Share your bank account and Aadhaar details to process.",No,No,No
spam,"National Scholarship Portal Alert: You are eligible for Rs.7,993 under the scheme. Share your Aadhaar and bank account number to claim.",No,No,No
spam,"Congratulations, your application under State Scholarship Scheme has been approved for Rs.10,854. Send your bank details for disbursement.",No,No,No
spam,Your HDFC Bank personal loan of Rs.965 is pre-approved. Share your bank account and Aadhaar details to process.,No,No,No
spam,"By mistake Rs.44,675 got transferred to your account from mine, please refund at the earliest to ylmztd61@ybl.",No,No,No
spam,"You have been selected for a work-from-home job with Reliance. Share your bank details to receive the joining bonus of Rs.6,676.",No,No,No
spam,Your insurance policy maturity amount of Rs.561 is ready. Send your bank passbook details to receive payment.,No,No,No
spam,"I accidentally sent Rs.7,031 to your PhonePe by mistake. Please refund it to this UPI ID: gbracajb68@paytm",No,No,No
spam,"PM Ujjwala Yojana Alert: You are eligible for Rs.11,121 under the scheme. Share your Aadhaar and bank account number to claim.",No,No,No
spam,"Congratulations, your application under Ayushman Bharat has been approved for Rs.860. Send your bank details for disbursement.",No,No,No
spam,"I accidentally sent Rs.4,562 to your PhonePe by mistake. Please refund it to this UPI ID: dlfllx28@ybl",No,No,No
spam,Ayushman Bharat Alert: You are eligible for Rs.783 under the scheme. Share your Aadhaar and bank account number to claim.,No,No,No
spam,"State Scholarship Scheme Alert: You are eligible for Rs.6,891 under the scheme. Share your Aadhaar and bank account number to claim.",No,No,No
spam,"Sorry, I transferred Rs.9,648 to the wrong number by mistake, this looks like your account. Kindly send it back to osglehe18@okhdfcbank.",No,No,No
spam,Your insurance policy maturity amount of Rs.615 is ready. Send your bank passbook details to receive payment.,No,No,No
spam,"LPG Subsidy Scheme Alert: You are eligible for Rs.59,045 under the scheme. Share your Aadhaar and bank account number to claim.",No,No,No
spam,"Sorry, I transferred Rs.724 to the wrong number by mistake, this looks like your account. Kindly send it back to fywptlgh21@axl.",No,No,No
spam,State Scholarship Scheme Alert: You are eligible for Rs.544 under the scheme. Share your Aadhaar and bank account number to claim.,No,No,No
spam,"PM Kisan Samman Nidhi: Your scholarship benefit of Rs.8,655 is ready for transfer. Submit your bank passbook details to receive it.",No,No,No
spam,"By mistake Rs.16,383 got transferred to your account from mine, please refund at the earliest to wuyry@oksbi.",No,No,No
spam,"Hi, I think I sent Rs.23,227 to you by error while paying someone else. Please return it to UPI ID gbdofrm@oksbi, thank you.",No,No,No
spam,"Congratulations, your application under LPG Subsidy Scheme has been approved for Rs.8,629. Send your bank details for disbursement.",No,No,No
spam,"Hi, I think I sent Rs.7,527 to you by error while paying someone else. Please return it to UPI ID zvadyo90@okicici, thank you.",No,No,No
spam,"PM Ujjwala Yojana: Your scholarship benefit of Rs.91,020 is ready for transfer. Submit your bank passbook details to receive it.",No,No,No
spam,"You have been selected for a work-from-home job with Amazon. Share your bank details to receive the joining bonus of Rs.39,898.",No,No,No
spam,"PMAY: Your scholarship benefit of Rs.40,829 is ready for transfer. Submit your bank passbook details to receive it.",No,No,No
spam,"I accidentally sent Rs.4,262 to your PhonePe by mistake. Please refund it to this UPI ID: hdeeph47@ibl",No,No,No
spam,"Hi, I think I sent Rs.1,064 to you by error while paying someone else. Please return it to UPI ID jzgwkq63@ybl, thank you.",No,No,No
spam,"You have been selected for a work-from-home job with Infosys. Share your bank details to receive the joining bonus of Rs.40,453.",No,No,No
spam,"By mistake Rs.2,029 got transferred to your account from mine, please refund at the earliest to tolly72@ibl.",No,No,No
spam,Your insurance policy maturity amount of Rs.840 is ready. Send your bank passbook details to receive payment.,No,No,No
spam,"Hi, I think I sent Rs.1,067 to you by error while paying someone else. Please return it to UPI ID eqkehn87@oksbi, thank you.",No,No,No
spam,"By mistake Rs.686 got transferred to your account from mine, please refund at the earliest to dyiya18@paytm.",No,No,No
spam,"Your Bank of Baroda personal loan of Rs.8,946 is pre-approved. Share your bank account and Aadhaar details to process.",No,No,No
spam,"Sorry, I transferred Rs.79,386 to the wrong number by mistake, this looks like your account. Kindly send it back to fbcpe27@okhdfcbank.",No,No,No
spam,"You have been selected for a work-from-home job with Flipkart. Share your bank details to receive the joining bonus of Rs.6,919.",No,No,No
spam,"Sorry, I transferred Rs.814 to the wrong number by mistake, this looks like your account. Kindly send it back to qomyz@ibl.",No,No,No
spam,"Sorry, I transferred Rs.5,941 to the wrong number by mistake, this looks like your account. Kindly send it back to ioigiz37@oksbi.",No,No,No
spam,"Your Axis Bank personal loan of Rs.80,337 is pre-approved. Share your bank account and Aadhaar details to process.",No,No,No
spam,"Post Matric Scholarship Alert: You are eligible for Rs.4,462 under the scheme. Share your Aadhaar and bank account number to claim.",No,No,No
spam,"Sorry, I transferred Rs.54,201 to the wrong number by mistake, this looks like your account. Kindly send it back to bdgtkjz@ybl.",No,No,No
spam,"Sorry, I transferred Rs.5,809 to the wrong number by mistake, this looks like your account. Kindly send it back to ckpflxa@ibl.",No,No,No
spam,"I accidentally sent Rs.98,393 to your Paytm by mistake. Please refund it to this UPI ID: qdiqln93@paytm",No,No,No
spam,"Ayushman Bharat: Your scholarship benefit of Rs.2,570 is ready for transfer. Submit your bank passbook details to receive it.",No,No,No
spam,"By mistake Rs.8,436 got transferred to your account from mine, please refund at the earliest to ovnlwxgw@ybl.",No,No,No
spam,"Sorry, I transferred Rs.60,342 to the wrong number by mistake, this looks like your account. Kindly send it back to txuqs40@okhdfcbank.",No,No,No
spam,"LPG Subsidy Scheme Alert: You are eligible for Rs.1,843 under the scheme. Share your Aadhaar and bank account number to claim.",No,No,No
spam,"You have been selected for a work-from-home job with Infosys. Share your bank details to receive the joining bonus of Rs.2,591.",No,No,No
spam,PM Ujjwala Yojana: Your scholarship benefit of Rs.638 is ready for transfer. Submit your bank passbook details to receive it.,No,No,No
spam,"PMAY: Your scholarship benefit of Rs.1,629 is ready for transfer. Submit your bank passbook details to receive it.",No,No,No
spam,Your insurance policy maturity amount of Rs.828 is ready. Send your bank passbook details to receive payment.,No,No,No
spam,"Sorry, I transferred Rs.804 to the wrong number by mistake, this looks like your account. Kindly send it back to zfdcka@okicici.",No,No,No
spam,"State Scholarship Scheme: Your scholarship benefit of Rs.28,688 is ready for transfer. Submit your bank passbook details to receive it.",No,No,No
spam,You have been selected for a work-from-home job with TCS. Share your bank details to receive the joining bonus of Rs.891.,No,No,No
spam,You have been selected for a work-from-home job with Wipro. Share your bank details to receive the joining bonus of Rs.977.,No,No,No
spam,"You have been selected for a work-from-home job with Reliance. Share your bank details to receive the joining bonus of Rs.90,444.",No,No,No
spam,"Your SBI personal loan of Rs.2,995 is pre-approved. Share your bank account and Aadhaar details to process.",No,No,No
spam,"Your insurance policy maturity amount of Rs.39,953 is ready. Send your bank passbook details to receive payment.",No,No,No
spam,"PMAY Alert: You are eligible for Rs.84,555 under the scheme. Share your Aadhaar and bank account number to claim.",No,No,No
spam,"Hi, I think I sent Rs.6,165 to you by error while paying someone else. Please return it to UPI ID ujiuy@okhdfcbank, thank you.",No,No,No
spam,"By mistake Rs.6,598 got transferred to your account from mine, please refund at the earliest to lkjsoia@okhdfcbank.",No,No,No
spam,Your Bank of Baroda personal loan of Rs.619 is pre-approved. Share your bank account and Aadhaar details to process.,No,No,No
spam,"Sorry, I transferred Rs.690 to the wrong number by mistake, this looks like your account. Kindly send it back to xsdmftq81@ybl.",No,No,No
spam,You have been selected for a work-from-home job with TCS. Share your bank details to receive the joining bonus of Rs.671.,No,No,No
spam,Your insurance policy maturity amount of Rs.750 is ready. Send your bank passbook details to receive payment.,No,No,No
spam,"Sorry, I transferred Rs.6,744 to the wrong number by mistake, this looks like your account. Kindly send it back to rfelgvyv29@okhdfcbank.",No,No,No
spam,"Congratulations, your application under National Scholarship Portal has been approved for Rs.61,426. Send your bank details for disbursement.",No,No,No
spam,"I accidentally sent Rs.2,297 to your Paytm by mistake. Please refund it to this UPI ID: efajzcx@ibl",No,No,No
spam,"By mistake Rs.2,348 got transferred to your account from mine, please refund at the earliest to dmvjaw@okicici.",No,No,No
spam,"Hi, I think I sent Rs.628 to you by error while paying someone else. Please return it to UPI ID jspqbro15@paytm, thank you.",No,No,No
spam,"Hi, I think I sent Rs.900 to you by error while paying someone else. Please return it to UPI ID akyndmie95@okhdfcbank, thank you.",No,No,No
spam,"Sorry, I transferred Rs.2,114 to the wrong number by mistake, this looks like your account. Kindly send it back to odagp19@oksbi.",No,No,No
spam,You have been selected for a work-from-home job with Amazon. Share your bank details to receive the joining bonus of Rs.679.,No,No,No
spam,"Congratulations, your application under State Scholarship Scheme has been approved for Rs.7,377. Send your bank details for disbursement.",No,No,No
spam,"I accidentally sent Rs.70,548 to your PhonePe by mistake. Please refund it to this UPI ID: apxzyct@paytm",No,No,No
spam,Your HDFC Bank personal loan of Rs.968 is pre-approved. Share your bank account and Aadhaar details to process.,No,No,No
spam,"Sorry, I transferred Rs.46,815 to the wrong number by mistake, this looks like your account. Kindly send it back to usqooy17@okhdfcbank.",No,No,No
spam,"Hi, I think I sent Rs.23,319 to you by error while paying someone else. Please return it to UPI ID evbhvrbp64@ybl, thank you.",No,No,No
spam,"Congratulations, your application under LPG Subsidy Scheme has been approved for Rs.641. Send your bank details for disbursement.",No,No,No
spam,"Congratulations, your application under State Scholarship Scheme has been approved for Rs.7,248. Send your bank details for disbursement.",No,No,No
spam,"Hi, I think I sent Rs.796 to you by error while paying someone else. Please return it to UPI ID dpoqyig@oksbi, thank you.",No,No,No
spam,PM Kisan Samman Nidhi: Your scholarship benefit of Rs.701 is ready for transfer. Submit your bank passbook details to receive it.,No,No,No
spam,PM Ujjwala Yojana: Your scholarship benefit of Rs.600 is ready for transfer. Submit your bank passbook details to receive it.,No,No,No
spam,"Sorry, I transferred Rs.891 to the wrong number by mistake, this looks like your account. Kindly send it back to kosab@okhdfcbank.",No,No,No
spam,"I accidentally sent Rs.36,944 to your PhonePe by mistake. Please refund it to this UPI ID: lbyty@oksbi",No,No,No
spam,"Your Kotak Mahindra Bank personal loan of Rs.96,764 is pre-approved. Share your bank account and Aadhaar details to process.",No,No,No
spam,"Sorry, I transferred Rs.95,085 to the wrong number by mistake, this looks like your account. Kindly send it back to tpvetz23@ybl.",No,No,No
spam,"Hi, I think I sent Rs.50,650 to you by error while paying someone else. Please return it to UPI ID wnlvvevz@ybl, thank you.",No,No,No
spam,"Your insurance policy maturity amount of Rs.7,637 is ready. Send your bank passbook details to receive payment.",No,No,No
spam,"You have been selected for a work-from-home job with TCS. Share your bank details to receive the joining bonus of Rs.4,142.",No,No,No
spam,National Scholarship Portal: Your scholarship benefit of Rs.555 is ready for transfer. Submit your bank passbook details to receive it.,No,No,No
spam,"Your ICICI Bank personal loan of Rs.14,434 is pre-approved. Share your bank account and Aadhaar details to process.",No,No,No
spam,"Congratulations, your application under Ayushman Bharat has been approved for Rs.74,640. Send your bank details for disbursement.",No,No,No
spam,"By mistake Rs.558 got transferred to your account from mine, please refund at the earliest to zpahihgu@oksbi.",No,No,No
spam,"National Scholarship Portal: Your scholarship benefit of Rs.4,252 is ready for transfer. Submit your bank passbook details to receive it.",No,No,No
spam,You have been selected for a work-from-home job with Flipkart. Share your bank details to receive the joining bonus of Rs.626.,No,No,No
spam,"I accidentally sent Rs.4,812 to your Google Pay by mistake. Please refund it to this UPI ID: mremun@axl",No,No,No
spam,"Sorry, I transferred Rs.807 to the wrong number by mistake, this looks like your account. Kindly send it back to ghhegfz43@axl.",No,No,No
spam,"Congratulations, your application under National Scholarship Portal has been approved for Rs.8,587. Send your bank details for disbursement.",No,No,No
spam,National Scholarship Portal Alert: You are eligible for Rs.675 under the scheme. Share your Aadhaar and bank account number to claim.,No,No,No
spam,"Your HDFC Bank personal loan of Rs.18,979 is pre-approved. Share your bank account and Aadhaar details to process.",No,No,No
spam,"Your insurance policy maturity amount of Rs.9,429 is ready. Send your bank passbook details to receive payment.",No,No,No
spam,"I accidentally sent Rs.3,159 to your Paytm by mistake. Please refund it to this UPI ID: qyakcmr82@okhdfcbank",No,No,No
spam,"Hi, I think I sent Rs.94,054 to you by error while paying someone else. Please return it to UPI ID yqtpcogo31@okicici, thank you.",No,No,No
spam,"I accidentally sent Rs.4,159 to your PhonePe by mistake. Please refund it to this UPI ID: iycdxp83@axl",No,No,No
spam,Your HDFC Bank personal loan of Rs.802 is pre-approved. Share your bank account and Aadhaar details to process.,No,No,No
spam,"I accidentally sent Rs.2,892 to your PhonePe by mistake. Please refund it to this UPI ID: lfhbx@axl",No,No,No
spam,"You have been selected for a work-from-home job with HCL. Share your bank details to receive the joining bonus of Rs.14,345.",No,No,No
spam,PM Kisan Samman Nidhi Alert: You are eligible for Rs.579 under the scheme. Share your Aadhaar and bank account number to claim.,No,No,No
spam,"You have been selected for a work-from-home job with TCS. Share your bank details to receive the joining bonus of Rs.49,354.",No,No,No
spam,"Sorry, I transferred Rs.688 to the wrong number by mistake, this looks like your account. Kindly send it back to wxqkx40@paytm.",No,No,No
spam,"By mistake Rs.28,943 got transferred to your account from mine, please refund at the earliest to auiobjfe@axl.",No,No,No
spam,"National Scholarship Portal Alert: You are eligible for Rs.4,792 under the scheme. Share your Aadhaar and bank account number to claim.",No,No,No
spam,"Post Matric Scholarship: Your scholarship benefit of Rs.7,339 is ready for transfer. Submit your bank passbook details to receive it.",No,No,No
spam,Your insurance policy maturity amount of Rs.689 is ready. Send your bank passbook details to receive payment.,No,No,No
spam,I accidentally sent Rs.580 to your Google Pay by mistake. Please refund it to this UPI ID: ixcdz@okhdfcbank,No,No,No
spam,"Sorry, I transferred Rs.8,904 to the wrong number by mistake, this looks like your account. Kindly send it back to cuwufmy@paytm.",No,No,No
spam,"Sorry, I transferred Rs.74,749 to the wrong number by mistake, this looks like your account. Kindly send it back to gcxsw97@okicici.",No,No,No
spam,"Congratulations, your application under PM Kisan Samman Nidhi has been approved for Rs.4,729. Send your bank details for disbursement.",No,No,No
spam,"Sorry, I transferred Rs.16,581 to the wrong number by mistake, this looks like your account. Kindly send it back to jdabehzi42@paytm.",No,No,No
spam,PM Ujjwala Yojana Alert: You are eligible for Rs.825 under the scheme. Share your Aadhaar and bank account number to claim.,No,No,No
spam,"PM Kisan Samman Nidhi: Your scholarship benefit of Rs.42,354 is ready for transfer. Submit your bank passbook details to receive it.",No,No,No
spam,"PM Ujjwala Yojana Alert: You are eligible for Rs.5,231 under the scheme. Share your Aadhaar and bank account number to claim.",No,No,No
spam,"PMAY Alert: You are eligible for Rs.52,634 under the scheme. Share your Aadhaar and bank account number to claim.",No,No,No
spam,I accidentally sent Rs.579 to your Google Pay by mistake. Please refund it to this UPI ID: efrxztdw95@oksbi,No,No,No
spam,"Congratulations, your application under State Scholarship Scheme has been approved for Rs.14,635. Send your bank details for disbursement.",No,No,No
spam,"By mistake Rs.6,787 got transferred to your account from mine, please refund at the earliest to gkfojki52@paytm.",No,No,No
spam,"Congratulations, your application under PMAY has been approved for Rs.68,997. Send your bank details for disbursement.",No,No,No
spam,"Hi, I think I sent Rs.931 to you by error while paying someone else. Please return it to UPI ID tlwef27@ibl, thank you.",No,No,No
spam,"Congratulations, your application under PM Kisan Samman Nidhi has been approved for Rs.2,559. Send your bank details for disbursement.",No,No,No
spam,Your Bank of Baroda personal loan of Rs.977 is pre-approved. Share your bank account and Aadhaar details to process.,No,No,No
spam,You have been selected for a work-from-home job with Wipro. Share your bank details to receive the joining bonus of Rs.988.,No,No,No
spam,You have been selected for a work-from-home job with Wipro. Share your bank details to receive the joining bonus of Rs.961.,No,No,No
spam,Your SBI personal loan of Rs.881 is pre-approved. Share your bank account and Aadhaar details to process.,No,No,No
spam,"LPG Subsidy Scheme Alert: You are eligible for Rs.66,535 under the scheme. Share your Aadhaar and bank account number to claim.",No,No,No
spam,I accidentally sent Rs.969 to your Google Pay by mistake. Please refund it to this UPI ID: esafrrd40@paytm,No,No,No
spam,"LPG Subsidy Scheme: Your scholarship benefit of Rs.30,988 is ready for transfer. Submit your bank passbook details to receive it.",No,No,No
spam,"Post Matric Scholarship: Your scholarship benefit of Rs.64,817 is ready for transfer. Submit your bank passbook details to receive it.",No,No,No
spam,"By mistake Rs.7,867 got transferred to your account from mine, please refund at the earliest to afizew@axl.",No,No,No
spam,"Your insurance policy maturity amount of Rs.32,244 is ready. Send your bank passbook details to receive payment.",No,No,No
spam,"Hi, I think I sent Rs.3,629 to you by error while paying someone else. Please return it to UPI ID fynjgppb@oksbi, thank you.",No,No,No
spam,You have been selected for a work-from-home job with Amazon. Share your bank details to receive the joining bonus of Rs.721.,No,No,No
spam,"Your ICICI Bank personal loan of Rs.4,859 is pre-approved. Share your bank account and Aadhaar details to process.",No,No,No
spam,"I accidentally sent Rs.1,062 to your Amazon Pay by mistake. Please refund it to this UPI ID: vmlis51@oksbi",No,No,No
spam,"By mistake Rs.8,663 got transferred to your account from mine, please refund at the earliest to evpmwoa22@ybl.",No,No,No
spam,"Congratulations, your application under Ayushman Bharat has been approved for Rs.83,227. Send your bank details for disbursement.",No,No,No
spam,"Sorry, I transferred Rs.683 to the wrong number by mistake, this looks like your account. Kindly send it back to pjtylb@okhdfcbank.",No,No,No
spam,"By mistake Rs.720 got transferred to your account from mine, please refund at the earliest to etzojbl@okhdfcbank.",No,No,No
spam,"Congratulations, your application under Post Matric Scholarship has been approved for Rs.34,794. Send your bank details for disbursement.",No,No,No
spam,"You have been selected for a work-from-home job with Wipro. Share your bank details to receive the joining bonus of Rs.80,069.",No,No,No
spam,"Congratulations, your application under PM Ujjwala Yojana has been approved for Rs.94,976. Send your bank details for disbursement.",No,No,No
spam,"Sorry, I transferred Rs.540 to the wrong number by mistake, this looks like your account. Kindly send it back to ghrjcc@okicici.",No,No,No
spam,"You have been selected for a work-from-home job with HCL. Share your bank details to receive the joining bonus of Rs.2,209.",No,No,No
spam,"PMAY: Your scholarship benefit of Rs.61,063 is ready for transfer. Submit your bank passbook details to receive it.",No,No,No
spam,"Sorry, I transferred Rs.8,630 to the wrong number by mistake, this looks like your account. Kindly send it back to ptmiapva@oksbi.",No,No,No
spam,"By mistake Rs.83,480 got transferred to your account from mine, please refund at the earliest to eymnmrc91@okhdfcbank.",No,No,No
spam,"Your insurance policy maturity amount of Rs.44,915 is ready. Send your bank passbook details to receive payment.",No,No,No
spam,"By mistake Rs.2,675 got transferred to your account from mine, please refund at the earliest to rvgwoem@ybl.",No,No,No
spam,"Congratulations, your application under PMAY has been approved for Rs.557. Send your bank details for disbursement.",No,No,No
spam,"LPG Subsidy Scheme Alert: You are eligible for Rs.71,108 under the scheme. Share your Aadhaar and bank account number to claim.",No,No,No
spam,"By mistake Rs.22,747 got transferred to your account from mine, please refund at the earliest to iobakrba@ybl.",No,No,No
spam,Your insurance policy maturity amount of Rs.683 is ready. Send your bank passbook details to receive payment.,No,No,No
spam,"Congratulations, your application under Ayushman Bharat has been approved for Rs.9,438. Send your bank details for disbursement.",No,No,No
spam,"Hi, I think I sent Rs.2,279 to you by error while paying someone else. Please return it to UPI ID gtlcqab@axl, thank you.",No,No,No
spam,"Your insurance policy maturity amount of Rs.56,632 is ready. Send your bank passbook details to receive payment.",No,No,No
spam,"Hi, I think I sent Rs.5,911 to you by error while paying someone else. Please return it to UPI ID iivlaxwu@ibl, thank you.",No,No,No
spam,"Ayushman Bharat: Your scholarship benefit of Rs.23,306 is ready for transfer. Submit your bank passbook details to receive it.",No,No,No
spam,"You have been selected for a work-from-home job with Amazon. Share your bank details to receive the joining bonus of Rs.77,882.",No,No,No
spam,"Sorry, I transferred Rs.3,716 to the wrong number by mistake, this looks like your account. Kindly send it back to ewokkot44@ybl.",No,No,No
spam,Your Bank of Baroda personal loan of Rs.650 is pre-approved. Share your bank account and Aadhaar details to process.,No,No,No
spam,"Sorry, I transferred Rs.644 to the wrong number by mistake, this looks like your account. Kindly send it back to extpd29@ibl.",No,No,No
spam,"You have been selected for a work-from-home job with HCL. Share your bank details to receive the joining bonus of Rs.10,357.",No,No,No
spam,"Your insurance policy maturity amount of Rs.96,839 is ready. Send your bank passbook details to receive payment.",No,No,No
spam,"Sorry, I transferred Rs.735 to the wrong number by mistake, this looks like your account. Kindly send it back to neust63@axl.",No,No,No
spam,"Your ICICI Bank personal loan of Rs.60,113 is pre-approved. Share your bank account and Aadhaar details to process.",No,No,No
spam,"Sorry, I transferred Rs.871 to the wrong number by mistake, this looks like your account. Kindly send it back to sxoja@ibl.",No,No,No
spam,"National Scholarship Portal: Your scholarship benefit of Rs.81,073 is ready for transfer. Submit your bank passbook details to receive it.",No,No,No
spam,"Hi, I think I sent Rs.59,785 to you by error while paying someone else. Please return it to UPI ID ngmhoi43@okhdfcbank, thank you.",No,No,No
spam,"PMAY Alert: You are eligible for Rs.74,375 under the scheme. Share your Aadhaar and bank account number to claim.",No,No,No
spam,"Sorry, I transferred Rs.678 to the wrong number by mistake, this looks like your account. Kindly send it back to piebxflk@ibl.",No,No,No
spam,"Congratulations, your application under PM Kisan Samman Nidhi has been approved for Rs.89,842. Send your bank details for disbursement.",No,No,No
spam,Your insurance policy maturity amount of Rs.696 is ready. Send your bank passbook details to receive payment.,No,No,No
spam,Your Punjab National Bank personal loan of Rs.673 is pre-approved. Share your bank account and Aadhaar details to process.,No,No,No
spam,"By mistake Rs.9,492 got transferred to your account from mine, please refund at the earliest to brvzm@okicici.",No,No,No
spam,"State Scholarship Scheme Alert: You are eligible for Rs.17,986 under the scheme. Share your Aadhaar and bank account number to claim.",No,No,No
spam,"Hi, I think I sent Rs.4,305 to you by error while paying someone else. Please return it to UPI ID jfbufy@paytm, thank you.",No,No,No
spam,You have been selected for a work-from-home job with Infosys. Share your bank details to receive the joining bonus of Rs.944.,No,No,No
spam,"National Scholarship Portal Alert: You are eligible for Rs.8,514 under the scheme. Share your Aadhaar and bank account number to claim.",No,No,No
spam,"Sorry, I transferred Rs.602 to the wrong number by mistake, this looks like your account. Kindly send it back to uiagiq@ibl.",No,No,No
spam,PMAY Alert: You are eligible for Rs.734 under the scheme. Share your Aadhaar and bank account number to claim.,No,No,No
spam,You have been selected for a work-from-home job with Reliance. Share your bank details to receive the joining bonus of Rs.732.,No,No,No
spam,"Sorry, I transferred Rs.59,835 to the wrong number by mistake, this looks like your account. Kindly send it back to smrlnkw@paytm.",No,No,No
spam,"By mistake Rs.65,924 got transferred to your account from mine, please refund at the earliest to klqnygi@okicici.",No,No,No
spam,"By mistake Rs.50,610 got transferred to your account from mine, please refund at the earliest to lariqio@okicici.",No,No,No
spam,"You have been selected for a work-from-home job with Reliance. Share your bank details to receive the joining bonus of Rs.13,693.",No,No,No
spam,"You have been selected for a work-from-home job with Wipro. Share your bank details to receive the joining bonus of Rs.40,665.",No,No,No
spam,"Sorry, I transferred Rs.4,478 to the wrong number by mistake, this looks like your account. Kindly send it back to fipfopwb@okhdfcbank.",No,No,No
spam,"Your insurance policy maturity amount of Rs.67,287 is ready. Send your bank passbook details to receive payment.",No,No,No
spam,"PM Ujjwala Yojana: Your scholarship benefit of Rs.68,435 is ready for transfer. Submit your bank passbook details to receive it.",No,No,No
spam,"Sorry, I transferred Rs.3,755 to the wrong number by mistake, this looks like your account. Kindly send it back to nrrioi42@oksbi.",No,No,No
spam,"I accidentally sent Rs.46,268 to your Google Pay by mistake. Please refund it to this UPI ID: noltye@paytm",No,No,No
spam,"Congratulations, your application under Post Matric Scholarship has been approved for Rs.32,147. Send your bank details for disbursement.",No,No,No
spam,"State Scholarship Scheme Alert: You are eligible for Rs.26,726 under the scheme. Share your Aadhaar and bank account number to claim.",No,No,No
spam,"Sorry, I transferred Rs.912 to the wrong number by mistake, this looks like your account. Kindly send it back to itrswg13@okicici.",No,No,No
spam,Ayushman Bharat Alert: You are eligible for Rs.876 under the scheme. Share your Aadhaar and bank account number to claim.,No,No,No
spam,"Congratulations, your application under PM Kisan Samman Nidhi has been approved for Rs.80,760. Send your bank details for disbursement.",No,No,No
spam,"By mistake Rs.736 got transferred to your account from mine, please refund at the earliest to axpxoe35@ybl.",No,No,No
spam,You have been selected for a work-from-home job with Reliance. Share your bank details to receive the joining bonus of Rs.705.,No,No,No
spam,"PM Kisan Samman Nidhi Alert: You are eligible for Rs.7,266 under the scheme. Share your Aadhaar and bank account number to claim.",No,No,No
spam,"Congratulations, your application under National Scholarship Portal has been approved for Rs.6,601. Send your bank details for disbursement.",No,No,No
spam,"By mistake Rs.88,860 got transferred to your account from mine, please refund at the earliest to ficknh@ibl.",No,No,No
spam,"I accidentally sent Rs.42,505 to your Amazon Pay by mistake. Please refund it to this UPI ID: ahqtwgv49@ibl",No,No,No
spam,"Your ICICI Bank personal loan of Rs.65,070 is pre-approved. Share your bank account and Aadhaar details to process.",No,No,No
spam,"By mistake Rs.5,385 got transferred to your account from mine, please refund at the earliest to dllwjfa@axl.",No,No,No
spam,Your Kotak Mahindra Bank personal loan of Rs.958 is pre-approved. Share your bank account and Aadhaar details to process.,No,No,No
spam,I accidentally sent Rs.622 to your Google Pay by mistake. Please refund it to this UPI ID: ihsngqgc48@okhdfcbank,No,No,No
spam,"I accidentally sent Rs.95,020 to your Amazon Pay by mistake. Please refund it to this UPI ID: mnedzydq@axl",No,No,No
spam,"I accidentally sent Rs.9,005 to your PhonePe by mistake. Please refund it to this UPI ID: wqsohdub@okhdfcbank",No,No,No
spam,"Hi, I think I sent Rs.526 to you by error while paying someone else. Please return it to UPI ID wkmkc@oksbi, thank you.",No,No,No
spam,"Ayushman Bharat: Your scholarship benefit of Rs.86,338 is ready for transfer. Submit your bank passbook details to receive it.",No,No,No
spam,"Hi, I think I sent Rs.660 to you by error while paying someone else. Please return it to UPI ID kcjrsws89@axl, thank you.",No,No,No
spam,"National Scholarship Portal: Your scholarship benefit of Rs.7,791 is ready for transfer. Submit your bank passbook details to receive it.",No,No,No
spam,Your Canara Bank personal loan of Rs.889 is pre-approved. Share your bank account and Aadhaar details to process.,No,No,No
spam,You have been selected for a work-from-home job with Flipkart. Share your bank details to receive the joining bonus of Rs.960.,No,No,No
spam,"By mistake Rs.721 got transferred to your account from mine, please refund at the earliest to ynrwuwl93@ibl.",No,No,No
spam,"Your SBI personal loan of Rs.2,300 is pre-approved. Share your bank account and Aadhaar details to process.",No,No,No
spam,"I accidentally sent Rs.9,352 to your Amazon Pay by mistake. Please refund it to this UPI ID: onbuzqxb93@oksbi",No,No,No
spam,"By mistake Rs.54,797 got transferred to your account from mine, please refund at the earliest to iehdig@okhdfcbank.",No,No,No
spam,You have been selected for a work-from-home job with TCS. Share your bank details to receive the joining bonus of Rs.644.,No,No,No
spam,I accidentally sent Rs.646 to your PhonePe by mistake. Please refund it to this UPI ID: okjpce@ibl,No,No,No
spam,"Your insurance policy maturity amount of Rs.2,166 is ready. Send your bank passbook details to receive payment.",No,No,No
spam,"Hi, I think I sent Rs.3,276 to you by error while paying someone else. Please return it to UPI ID okveazfw83@axl, thank you.",No,No,No
spam,"Congratulations, your application under Post Matric Scholarship has been approved for Rs.739. Send your bank details for disbursement.",No,No,No
spam,"Sorry, I transferred Rs.9,692 to the wrong number by mistake, this looks like your account. Kindly send it back to ombpkwrr@ybl.",No,No,No
spam,"Congratulations, your application under National Scholarship Portal has been approved for Rs.5,292. Send your bank details for disbursement.",No,No,No
spam,"National Scholarship Portal: Your scholarship benefit of Rs.6,575 is ready for transfer. Submit your bank passbook details to receive it.",No,No,No
spam,"Hi, I think I sent Rs.82,363 to you by error while paying someone else. Please return it to UPI ID ptnhsxb70@axl, thank you.",No,No,No
spam,I accidentally sent Rs.817 to your PhonePe by mistake. Please refund it to this UPI ID: juykmkd@okhdfcbank,No,No,No
spam,"State Scholarship Scheme Alert: You are eligible for Rs.85,321 under the scheme. Share your Aadhaar and bank account number to claim.",No,No,No
spam,"Your insurance policy maturity amount of Rs.7,746 is ready. Send your bank passbook details to receive payment.",No,No,No
spam,"Post Matric Scholarship: Your scholarship benefit of Rs.68,801 is ready for transfer. Submit your bank passbook details to receive it.",No,No,No
spam,"Hi, I think I sent Rs.2,460 to you by error while paying someone else. Please return it to UPI ID svpicq52@ibl, thank you.",No,No,No
spam,"Congratulations, your application under Post Matric Scholarship has been approved for Rs.63,171. Send your bank details for disbursement.",No,No,No
spam,Your Kotak Mahindra Bank personal loan of Rs.943 is pre-approved. Share your bank account and Aadhaar details to process.,No,No,No
spam,"Congratulations, your application under State Scholarship Scheme has been approved for Rs.97,888. Send your bank details for disbursement.",No,No,No
spam,"Congratulations, your application under PM Ujjwala Yojana has been approved for Rs.2,998. Send your bank details for disbursement.",No,No,No
spam,"Congratulations, your application under State Scholarship Scheme has been approved for Rs.635. Send your bank details for disbursement.",No,No,No
spam,"Hi, I think I sent Rs.515 to you by error while paying someone else. Please return it to UPI ID fepbi@ibl, thank you.",No,No,No
spam,"Hi, I think I sent Rs.984 to you by error while paying someone else. Please return it to UPI ID kbwgmyl39@oksbi, thank you.",No,No,No
spam,"Congratulations, your application under PM Kisan Samman Nidhi has been approved for Rs.46,460. Send your bank details for disbursement.",No,No,No
spam,LPG Subsidy Scheme: Your scholarship benefit of Rs.737 is ready for transfer. Submit your bank passbook details to receive it.,No,No,No
spam,Your Bank of Baroda personal loan of Rs.639 is pre-approved. Share your bank account and Aadhaar details to process.,No,No,No
spam,"Hi, I think I sent Rs.987 to you by error while paying someone else. Please return it to UPI ID uphashd@oksbi, thank you.",No,No,No
spam,"You have been selected for a work-from-home job with Infosys. Share your bank details to receive the joining bonus of Rs.55,243.",No,No,No
spam,"PM Ujjwala Yojana Alert: You are eligible for Rs.2,759 under the scheme. Share your Aadhaar and bank account number to claim.",No,No,No
spam,"Your insurance policy maturity amount of Rs.76,117 is ready. Send your bank passbook details to receive payment.",No,No,No
spam,LPG Subsidy Scheme Alert: You are eligible for Rs.595 under the scheme. Share your Aadhaar and bank account number to claim.,No,No,No
spam,"State Scholarship Scheme: Your scholarship benefit of Rs.82,233 is ready for transfer. Submit your bank passbook details to receive it.",No,No,No
spam,"Hi, I think I sent Rs.9,909 to you by error while paying someone else. Please return it to UPI ID kecckki@oksbi, thank you.",No,No,No
spam,"You have been selected for a work-from-home job with Reliance. Share your bank details to receive the joining bonus of Rs.30,165.",No,No,No
spam,PMAY Alert: You are eligible for Rs.727 under the scheme. Share your Aadhaar and bank account number to claim.,No,No,No
spam,"By mistake Rs.1,046 got transferred to your account from mine, please refund at the earliest to ddffx83@okicici.",No,No,No
spam,"PMAY: Your scholarship benefit of Rs.54,453 is ready for transfer. Submit your bank passbook details to receive it.",No,No,No
spam,I accidentally sent Rs.807 to your PhonePe by mistake. Please refund it to this UPI ID: hojtzp30@okhdfcbank,No,No,No
spam,"Congratulations, your application under PMAY has been approved for Rs.9,947. Send your bank details for disbursement.",No,No,No
spam,"By mistake Rs.618 got transferred to your account from mine, please refund at the earliest to sclzh90@okhdfcbank.",No,No,No
spam,"Hi, I think I sent Rs.98,492 to you by error while paying someone else. Please return it to UPI ID kyczl25@oksbi, thank you.",No,No,No
spam,"Congratulations, your application under Ayushman Bharat has been approved for Rs.18,164. Send your bank details for disbursement.",No,No,No
spam,"Congratulations, your application under PM Ujjwala Yojana has been approved for Rs.592. Send your bank details for disbursement.",No,No,No
spam,"Your insurance policy maturity amount of Rs.4,399 is ready. Send your bank passbook details to receive payment.",No,No,No
spam,You have been selected for a work-from-home job with HCL. Share your bank details to receive the joining bonus of Rs.725.,No,No,No
spam,PM Ujjwala Yojana Alert: You are eligible for Rs.642 under the scheme. Share your Aadhaar and bank account number to claim.,No,No,No
spam,Post Matric Scholarship: Your scholarship benefit of Rs.672 is ready for transfer. Submit your bank passbook details to receive it.,No,No,No
spam,"Your insurance policy maturity amount of Rs.6,171 is ready. Send your bank passbook details to receive payment.",No,No,No
spam,"Hi, I think I sent Rs.4,892 to you by error while paying someone else. Please return it to UPI ID uozgs13@oksbi, thank you.",No,No,No
spam,You have been selected for a work-from-home job with Reliance. Share your bank details to receive the joining bonus of Rs.716.,No,No,No
spam,"National Scholarship Portal: Your scholarship benefit of Rs.77,578 is ready for transfer. Submit your bank passbook details to receive it.",No,No,No
spam,"Ayushman Bharat Alert: You are eligible for Rs.2,248 under the scheme. Share your Aadhaar and bank account number to claim.",No,No,No
spam,"Your HDFC Bank personal loan of Rs.3,453 is pre-approved. Share your bank account and Aadhaar details to process.",No,No,No
spam,"I accidentally sent Rs.68,280 to your Google Pay by mistake. Please refund it to this UPI ID: zzdttnp@oksbi",No,No,No
spam,"Sorry, I transferred Rs.3,881 to the wrong number by mistake, this looks like your account. Kindly send it back to qrmljx@oksbi.",No,No,No
spam,"You have been selected for a work-from-home job with Reliance. Share your bank details to receive the joining bonus of Rs.74,070.",No,No,No
spam,"Your Bank of Baroda personal loan of Rs.3,861 is pre-approved. Share your bank account and Aadhaar details to process.",No,No,No
spam,Your insurance policy maturity amount of Rs.966 is ready. Send your bank passbook details to receive payment.,No,No,No
spam,"Sorry, I transferred Rs.8,609 to the wrong number by mistake, this looks like your account. Kindly send it back to pxfchl@okicici.",No,No,No
spam,"Your insurance policy maturity amount of Rs.5,945 is ready. Send your bank passbook details to receive payment.",No,No,No
spam,"Congratulations, your application under PMAY has been approved for Rs.554. Send your bank details for disbursement.",No,No,No
spam,I accidentally sent Rs.825 to your Google Pay by mistake. Please refund it to this UPI ID: vrnoxvad43@ybl,No,No,No
spam,"Hi, I think I sent Rs.1,002 to you by error while paying someone else. Please return it to UPI ID kkxft69@paytm, thank you.",No,No,No
spam,"I accidentally sent Rs.7,894 to your Amazon Pay by mistake. Please refund it to this UPI ID: iclngzgx@oksbi",No,No,No
spam,"Congratulations, your application under State Scholarship Scheme has been approved for Rs.961. Send your bank details for disbursement.",No,No,No
spam,"LPG Subsidy Scheme Alert: You are eligible for Rs.30,690 under the scheme. Share your Aadhaar and bank account number to claim.",No,No,No
spam,I accidentally sent Rs.892 to your PhonePe by mistake. Please refund it to this UPI ID: wfscwu@axl,No,No,No
spam,"Post Matric Scholarship Alert: You are eligible for Rs.66,047 under the scheme. Share your Aadhaar and bank account number to claim.",No,No,No
spam,"By mistake Rs.83,358 got transferred to your account from mine, please refund at the earliest to qjulivo@paytm.",No,No,No
spam,"Sorry, I transferred Rs.952 to the wrong number by mistake, this looks like your account. Kindly send it back to elqknon22@axl.",No,No,No
spam,"Congratulations, your application under State Scholarship Scheme has been approved for Rs.26,613. Send your bank details for disbursement.",No,No,No
spam,"Sorry, I transferred Rs.24,661 to the wrong number by mistake, this looks like your account. Kindly send it back to toqfow@paytm.",No,No,No
spam,"Congratulations, your application under National Scholarship Portal has been approved for Rs.49,319. Send your bank details for disbursement.",No,No,No
spam,"Hi, I think I sent Rs.785 to you by error while paying someone else. Please return it to UPI ID ldrlv62@axl, thank you.",No,No,No
spam,"Hi, I think I sent Rs.5,098 to you by error while paying someone else. Please return it to UPI ID hixkhryb57@ibl, thank you.",No,No,No
spam,"By mistake Rs.922 got transferred to your account from mine, please refund at the earliest to ozadij@ybl.",No,No,No
spam,"Hi, I think I sent Rs.743 to you by error while paying someone else. Please return it to UPI ID iasrwn@okicici, thank you.",No,No,No
spam,"I accidentally sent Rs.3,467 to your Amazon Pay by mistake. Please refund it to this UPI ID: bmnkd@paytm",No,No,No
spam,"Your Punjab National Bank personal loan of Rs.44,340 is pre-approved. Share your bank account and Aadhaar details to process.",No,No,No
spam,"PMAY: Your scholarship benefit of Rs.73,505 is ready for transfer. Submit your bank passbook details to receive it.",No,No,No
spam,"I accidentally sent Rs.6,101 to your Paytm by mistake. Please refund it to this UPI ID: ugnugz62@axl",No,No,No
spam,National Scholarship Portal: Your scholarship benefit of Rs.885 is ready for transfer. Submit your bank passbook details to receive it.,No,No,No
spam,"I accidentally sent Rs.12,855 to your Amazon Pay by mistake. Please refund it to this UPI ID: lqoeamk44@ybl",No,No,No
spam,"Congratulations, your application under LPG Subsidy Scheme has been approved for Rs.606. Send your bank details for disbursement.",No,No,No
spam,"Your HDFC Bank personal loan of Rs.4,360 is pre-approved. Share your bank account and Aadhaar details to process.",No,No,No
spam,"Congratulations, your application under Ayushman Bharat has been approved for Rs.64,552. Send your bank details for disbursement.",No,No,No
spam,"Sorry, I transferred Rs.1,421 to the wrong number by mistake, this looks like your account. Kindly send it back to ugqpjxx@okhdfcbank.",No,No,No
spam,PM Ujjwala Yojana Alert: You are eligible for Rs.648 under the scheme. Share your Aadhaar and bank account number to claim.,No,No,No
spam,"I accidentally sent Rs.4,908 to your Paytm by mistake. Please refund it to this UPI ID: tturlmqp@ibl",No,No,No
spam,"State Scholarship Scheme Alert: You are eligible for Rs.9,902 under the scheme. Share your Aadhaar and bank account number to claim.",No,No,No
spam,"Sorry, I transferred Rs.7,140 to the wrong number by mistake, this looks like your account. Kindly send it back to wdqwo28@okicici.",No,No,No
spam,"By mistake Rs.6,687 got transferred to your account from mine, please refund at the earliest to bwbiqqyh86@okicici.",No,No,No
spam,"Congratulations, your application under National Scholarship Portal has been approved for Rs.777. Send your bank details for disbursement.",No,No,No
spam,"National Scholarship Portal Alert: You are eligible for Rs.8,245 under the scheme. Share your Aadhaar and bank account number to claim.",No,No,No
spam,"You have been selected for a work-from-home job with Wipro. Share your bank details to receive the joining bonus of Rs.54,084.",No,No,No
spam,"I accidentally sent Rs.9,806 to your Google Pay by mistake. Please refund it to this UPI ID: qwwbkdx@ybl",No,No,No
spam,"You have been selected for a work-from-home job with Flipkart. Share your bank details to receive the joining bonus of Rs.5,786.",No,No,No
spam,You have been selected for a work-from-home job with Flipkart. Share your bank details to receive the joining bonus of Rs.589.,No,No,No
spam,"PM Ujjwala Yojana: Your scholarship benefit of Rs.8,055 is ready for transfer. Submit your bank passbook details to receive it.",No,No,No
spam,"Your insurance policy maturity amount of Rs.6,676 is ready. Send your bank passbook details to receive payment.",No,No,No
spam,"By mistake Rs.5,093 got transferred to your account from mine, please refund at the earliest to xtobl@okicici.",No,No,No
spam,"Congratulations, your application under PMAY has been approved for Rs.42,303. Send your bank details for disbursement.",No,No,No
spam,Your insurance policy maturity amount of Rs.662 is ready. Send your bank passbook details to receive payment.,No,No,No
spam,"Congratulations, your application under Post Matric Scholarship has been approved for Rs.40,222. Send your bank details for disbursement.",No,No,No
spam,Post Matric Scholarship Alert: You are eligible for Rs.942 under the scheme. Share your Aadhaar and bank account number to claim.,No,No,No
spam,"By mistake Rs.2,931 got transferred to your account from mine, please refund at the earliest to fyqybej@paytm.",No,No,No
spam,"Hi, I think I sent Rs.921 to you by error while paying someone else. Please return it to UPI ID gmctzb33@oksbi, thank you.",No,No,No
spam,"Hi, I think I sent Rs.537 to you by error while paying someone else. Please return it to UPI ID tpnnkgs65@ibl, thank you.",No,No,No
spam,"Hi, I think I sent Rs.566 to you by error while paying someone else. Please return it to UPI ID promrqf@oksbi, thank you.",No,No,No
spam,"Sorry, I transferred Rs.798 to the wrong number by mistake, this looks like your account. Kindly send it back to gdvwikt@okhdfcbank.",No,No,No
spam,"PM Kisan Samman Nidhi: Your scholarship benefit of Rs.52,390 is ready for transfer. Submit your bank passbook details to receive it.",No,No,No
spam,"Your Punjab National Bank personal loan of Rs.97,026 is pre-approved. Share your bank account and Aadhaar details to process.",No,No,No
spam,"You have been selected for a work-from-home job with Amazon. Share your bank details to receive the joining bonus of Rs.67,628.",No,No,No
spam,"Sorry, I transferred Rs.64,334 to the wrong number by mistake, this looks like your account. Kindly send it back to jolqeo@axl.",No,No,No
spam,"By mistake Rs.633 got transferred to your account from mine, please refund at the earliest to lbcga91@okicici.",No,No,No
spam,"Sorry, I transferred Rs.5,625 to the wrong number by mistake, this looks like your account. Kindly send it back to gjubwohc69@ibl.",No,No,No
spam,Your insurance policy maturity amount of Rs.803 is ready. Send your bank passbook details to receive payment.,No,No,No
spam,"Hi, I think I sent Rs.54,874 to you by error while paying someone else. Please return it to UPI ID lcfuajd@okhdfcbank, thank you.",No,No,No
spam,"By mistake Rs.69,286 got transferred to your account from mine, please refund at the earliest to lfyal74@okhdfcbank.",No,No,No
spam,"By mistake Rs.2,300 got transferred to your account from mine, please refund at the earliest to egwdkxke93@okicici.",No,No,No
spam,"By mistake Rs.84,137 got transferred to your account from mine, please refund at the earliest to ovculsee@okhdfcbank.",No,No,No
spam,"Your Bank of Baroda personal loan of Rs.6,276 is pre-approved. Share your bank account and Aadhaar details to process.",No,No,No
spam,"Hi, I think I sent Rs.65,989 to you by error while paying someone else. Please return it to UPI ID phkbg@ybl, thank you.",No,No,No
spam,"By mistake Rs.4,447 got transferred to your account from mine, please refund at the earliest to qjhfyj@okicici.",No,No,No
spam,"You have been selected for a work-from-home job with Amazon. Share your bank details to receive the joining bonus of Rs.1,931.",No,No,No
spam,"You have been selected for a work-from-home job with Amazon. Share your bank details to receive the joining bonus of Rs.7,617.",No,No,No
spam,"Congratulations, your application under PMAY has been approved for Rs.8,531. Send your bank details for disbursement.",No,No,No
spam,"Ayushman Bharat: Your scholarship benefit of Rs.2,148 is ready for transfer. Submit your bank passbook details to receive it.",No,No,No
spam,"Your insurance policy maturity amount of Rs.13,046 is ready. Send your bank passbook details to receive payment.",No,No,No
spam,"Sorry, I transferred Rs.40,759 to the wrong number by mistake, this looks like your account. Kindly send it back to kiukax16@oksbi.",No,No,No
spam,"I accidentally sent Rs.9,630 to your Google Pay by mistake. Please refund it to this UPI ID: yfkal@paytm",No,No,No
spam,"Your Axis Bank personal loan of Rs.39,827 is pre-approved. Share your bank account and Aadhaar details to process.",No,No,No
spam,I accidentally sent Rs.754 to your Google Pay by mistake. Please refund it to this UPI ID: pdavmm@okhdfcbank,No,No,No
spam,"I accidentally sent Rs.7,332 to your Paytm by mistake. Please refund it to this UPI ID: ewnom@okicici",No,No,No
spam,"Your insurance policy maturity amount of Rs.61,515 is ready. Send your bank passbook details to receive payment.",No,No,No
spam,"You have been selected for a work-from-home job with TCS. Share your bank details to receive the joining bonus of Rs.86,781.",No,No,No
spam,"National Scholarship Portal: Your scholarship benefit of Rs.7,627 is ready for transfer. Submit your bank passbook details to receive it.",No,No,No
spam,"Congratulations, your application under PM Ujjwala Yojana has been approved for Rs.910. Send your bank details for disbursement.",No,No,No
spam,"Your insurance policy maturity amount of Rs.49,121 is ready. Send your bank passbook details to receive payment.",No,No,No
spam,"I accidentally sent Rs.6,221 to your PhonePe by mistake. Please refund it to this UPI ID: igkjqjc@oksbi",No,No,No
spam,"Hi, I think I sent Rs.790 to you by error while paying someone else. Please return it to UPI ID kymbqb@okhdfcbank, thank you.",No,No,No
spam,PMAY Alert: You are eligible for Rs.510 under the scheme. Share your Aadhaar and bank account number to claim.,No,No,No
spam,You have been selected for a work-from-home job with Wipro. Share your bank details to receive the joining bonus of Rs.775.,No,No,No
spam,State Scholarship Scheme: Your scholarship benefit of Rs.670 is ready for transfer. Submit your bank passbook details to receive it.,No,No,No
spam,"By mistake Rs.869 got transferred to your account from mine, please refund at the earliest to utubuyl@okicici.",No,No,No
spam,"Sorry, I transferred Rs.95,024 to the wrong number by mistake, this looks like your account. Kindly send it back to amkmvw@ybl.",No,No,No
spam,"Post Matric Scholarship Alert: You are eligible for Rs.8,507 under the scheme. Share your Aadhaar and bank account number to claim.",No,No,No
spam,Ayushman Bharat: Your scholarship benefit of Rs.890 is ready for transfer. Submit your bank passbook details to receive it.,No,No,No
spam,"Congratulations, your application under Ayushman Bharat has been approved for Rs.75,735. Send your bank details for disbursement.",No,No,No
spam,"Congratulations, your application under PMAY has been approved for Rs.5,181. Send your bank details for disbursement.",No,No,No
spam,"By mistake Rs.22,121 got transferred to your account from mine, please refund at the earliest to wtzsbke@paytm.",No,No,No
spam,Ayushman Bharat Alert: You are eligible for Rs.934 under the scheme. Share your Aadhaar and bank account number to claim.,No,No,No
spam,"Congratulations, your application under PM Ujjwala Yojana has been approved for Rs.575. Send your bank details for disbursement.",No,No,No
spam,"You have been selected for a work-from-home job with HCL. Share your bank details to receive the joining bonus of Rs.8,838.",No,No,No
spam,Your insurance policy maturity amount of Rs.996 is ready. Send your bank passbook details to receive payment.,No,No,No
spam,"Your HDFC Bank personal loan of Rs.62,113 is pre-approved. Share your bank account and Aadhaar details to process.",No,No,No
spam,"I accidentally sent Rs.6,817 to your Amazon Pay by mistake. Please refund it to this UPI ID: kwzvt34@axl",No,No,No
spam,"Post Matric Scholarship: Your scholarship benefit of Rs.4,907 is ready for transfer. Submit your bank passbook details to receive it.",No,No,No
spam,"You have been selected for a work-from-home job with HCL. Share your bank details to receive the joining bonus of Rs.25,339.",No,No,No
spam,National Scholarship Portal Alert: You are eligible for Rs.703 under the scheme. Share your Aadhaar and bank account number to claim.,No,No,No
spam,"National Scholarship Portal: Your scholarship benefit of Rs.78,971 is ready for transfer. Submit your bank passbook details to receive it.",No,No,No
spam,Your insurance policy maturity amount of Rs.894 is ready. Send your bank passbook details to receive payment.,No,No,No
spam,"Congratulations, your application under LPG Subsidy Scheme has been approved for Rs.25,735. Send your bank details for disbursement.",No,No,No
spam,"I accidentally sent Rs.82,673 to your PhonePe by mistake. Please refund it to this UPI ID: pyxvwwz@oksbi",No,No,No
spam,"Post Matric Scholarship Alert: You are eligible for Rs.78,649 under the scheme. Share your Aadhaar and bank account number to claim.",No,No,No
spam,"I accidentally sent Rs.13,629 to your Google Pay by mistake. Please refund it to this UPI ID: hhbczpuj@paytm",No,No,No
spam,Ayushman Bharat Alert: You are eligible for Rs.736 under the scheme. Share your Aadhaar and bank account number to claim.,No,No,No
spam,"By mistake Rs.28,679 got transferred to your account from mine, please refund at the earliest to dfzsi@oksbi.",No,No,No
spam,"You have been selected for a work-from-home job with HCL. Share your bank details to receive the joining bonus of Rs.8,818.",No,No,No
spam,"Congratulations, your application under State Scholarship Scheme has been approved for Rs.8,824. Send your bank details for disbursement.",No,No,No
spam,PMAY Alert: You are eligible for Rs.688 under the scheme. Share your Aadhaar and bank account number to claim.,No,No,No
spam,"Your ICICI Bank personal loan of Rs.5,766 is pre-approved. Share your bank account and Aadhaar details to process.",No,No,No
spam,"Sorry, I transferred Rs.4,889 to the wrong number by mistake, this looks like your account. Kindly send it back to gpuikp@ybl.",No,No,No
spam,"Congratulations, your application under Ayushman Bharat has been approved for Rs.622. Send your bank details for disbursement.",No,No,No
spam,Your insurance policy maturity amount of Rs.602 is ready. Send your bank passbook details to receive payment.,No,No,No
spam,"Congratulations, your application under PM Ujjwala Yojana has been approved for Rs.709. Send your bank details for disbursement.",No,No,No
spam,"PM Kisan Samman Nidhi Alert: You are eligible for Rs.7,610 under the scheme. Share your Aadhaar and bank account number to claim.",No,No,No
spam,"By mistake Rs.3,585 got transferred to your account from mine, please refund at the earliest to fdkkf12@ybl.",No,No,No
spam,"Congratulations, your application under PM Ujjwala Yojana has been approved for Rs.872. Send your bank details for disbursement.",No,No,No
spam,"Your insurance policy maturity amount of Rs.6,396 is ready. Send your bank passbook details to receive payment.",No,No,No
spam,"Your Axis Bank personal loan of Rs.67,125 is pre-approved. Share your bank account and Aadhaar details to process.",No,No,No
spam,"Congratulations, your application under PM Kisan Samman Nidhi has been approved for Rs.71,580. Send your bank details for disbursement.",No,No,No
spam,Your Bank of Baroda personal loan of Rs.557 is pre-approved. Share your bank account and Aadhaar details to process.,No,No,No
spam,"Hi, I think I sent Rs.7,538 to you by error while paying someone else. Please return it to UPI ID hbpskry19@ybl, thank you.",No,No,No
spam,"I accidentally sent Rs.1,557 to your PhonePe by mistake. Please refund it to this UPI ID: qaujrfp@ybl",No,No,No
spam,You have been selected for a work-from-home job with Amazon. Share your bank details to receive the joining bonus of Rs.874.,No,No,No
spam,"I accidentally sent Rs.6,544 to your PhonePe by mistake. Please refund it to this UPI ID: fbrsnlwn80@oksbi",No,No,No
spam,PM Ujjwala Yojana Alert: You are eligible for Rs.852 under the scheme. Share your Aadhaar and bank account number to claim.,No,No,No
spam,"Hi, I think I sent Rs.44,991 to you by error while paying someone else. Please return it to UPI ID jgpvvqd13@paytm, thank you.",No,No,No
spam,"Your Kotak Mahindra Bank personal loan of Rs.10,769 is pre-approved. Share your bank account and Aadhaar details to process.",No,No,No
spam,"By mistake Rs.1,123 got transferred to your account from mine, please refund at the earliest to xyhib@oksbi.",No,No,No
spam,"Congratulations, your application under Ayushman Bharat has been approved for Rs.3,109. Send your bank details for disbursement.",No,No,No
spam,"Ayushman Bharat Alert: You are eligible for Rs.14,775 under the scheme. Share your Aadhaar and bank account number to claim.",No,No,No
spam,"You have been selected for a work-from-home job with Flipkart. Share your bank details to receive the joining bonus of Rs.59,165.",No,No,No
spam,"I accidentally sent Rs.5,242 to your Amazon Pay by mistake. Please refund it to this UPI ID: uvohncm@axl",No,No,No
spam,"Congratulations, your application under Post Matric Scholarship has been approved for Rs.48,863. Send your bank details for disbursement.",No,No,No
spam,"Congratulations, your application under LPG Subsidy Scheme has been approved for Rs.8,849. Send your bank details for disbursement.",No,No,No
spam,"You have been selected for a work-from-home job with TCS. Share your bank details to receive the joining bonus of Rs.4,920.",No,No,No
spam,"Your Canara Bank personal loan of Rs.20,356 is pre-approved. Share your bank account and Aadhaar details to process.",No,No,No
spam,"Hi, I think I sent Rs.1,340 to you by error while paying someone else. Please return it to UPI ID psvsh52@okhdfcbank, thank you.",No,No,No
spam,"Sorry, I transferred Rs.662 to the wrong number by mistake, this looks like your account. Kindly send it back to zuqqaccv@oksbi.",No,No,No
spam,"Hi, I think I sent Rs.26,667 to you by error while paying someone else. Please return it to UPI ID jnubpn@ybl, thank you.",No,No,No
spam,"State Scholarship Scheme: Your scholarship benefit of Rs.25,960 is ready for transfer. Submit your bank passbook details to receive it.",No,No,No
spam,"You have been selected for a work-from-home job with Infosys. Share your bank details to receive the joining bonus of Rs.31,767.",No,No,No
spam,You have been selected for a work-from-home job with HCL. Share your bank details to receive the joining bonus of Rs.553.,No,No,No
spam,I accidentally sent Rs.775 to your Amazon Pay by mistake. Please refund it to this UPI ID: nacwy@ybl,No,No,No
spam,"Sorry, I transferred Rs.94,004 to the wrong number by mistake, this looks like your account. Kindly send it back to rfbiebr@paytm.",No,No,No
spam,"You have been selected for a work-from-home job with TCS. Share your bank details to receive the joining bonus of Rs.4,863.",No,No,No
spam,"By mistake Rs.846 got transferred to your account from mine, please refund at the earliest to vpdah@paytm.",No,No,No
spam,"Sorry, I transferred Rs.571 to the wrong number by mistake, this looks like your account. Kindly send it back to dxxxvxx@axl.",No,No,No
spam,I accidentally sent Rs.560 to your Amazon Pay by mistake. Please refund it to this UPI ID: ofapvve@ibl,No,No,No
spam,You have been selected for a work-from-home job with Infosys. Share your bank details to receive the joining bonus of Rs.726.,No,No,No
spam,"Hi, I think I sent Rs.58,758 to you by error while paying someone else. Please return it to UPI ID mheie@ybl, thank you.",No,No,No
spam,"Congratulations, your application under National Scholarship Portal has been approved for Rs.937. Send your bank details for disbursement.",No,No,No
spam,"Sorry, I transferred Rs.657 to the wrong number by mistake, this looks like your account. Kindly send it back to tmlwdem82@okhdfcbank.",No,No,No
spam,PM Ujjwala Yojana Alert: You are eligible for Rs.580 under the scheme. Share your Aadhaar and bank account number to claim.,No,No,No
spam,"Sorry, I transferred Rs.671 to the wrong number by mistake, this looks like your account. Kindly send it back to yxagmcrj@okicici.",No,No,No
spam,"I accidentally sent Rs.1,505 to your PhonePe by mistake. Please refund it to this UPI ID: enhbnn95@axl",No,No,No
spam,"You have been selected for a work-from-home job with Reliance. Share your bank details to receive the joining bonus of Rs.21,806.",No,No,No
spam,"By mistake Rs.6,031 got transferred to your account from mine, please refund at the earliest to ugbwdcvr10@axl.",No,No,No
spam,"You have been selected for a work-from-home job with Reliance. Share your bank details to receive the joining bonus of Rs.9,811.",No,No,No
spam,"Hi, I think I sent Rs.751 to you by error while paying someone else. Please return it to UPI ID aibfnkvn@okhdfcbank, thank you.",No,No,No
spam,I accidentally sent Rs.631 to your PhonePe by mistake. Please refund it to this UPI ID: zjylscg@paytm,No,No,No
spam,Your ICICI Bank personal loan of Rs.902 is pre-approved. Share your bank account and Aadhaar details to process.,No,No,No
spam,Post Matric Scholarship: Your scholarship benefit of Rs.997 is ready for transfer. Submit your bank passbook details to receive it.,No,No,No
spam,"I accidentally sent Rs.7,159 to your Google Pay by mistake. Please refund it to this UPI ID: jmtjmgx@ybl",No,No,No
spam,"You have been selected for a work-from-home job with Wipro. Share your bank details to receive the joining bonus of Rs.63,767.",No,No,No
spam,"PMAY: Your scholarship benefit of Rs.57,952 is ready for transfer. Submit your bank passbook details to receive it.",No,No,No
spam,"You have been selected for a work-from-home job with Flipkart. Share your bank details to receive the joining bonus of Rs.73,957.",No,No,No
spam,"Your Punjab National Bank personal loan of Rs.16,569 is pre-approved. Share your bank account and Aadhaar details to process.",No,No,No
spam,"Sorry, I transferred Rs.953 to the wrong number by mistake, this looks like your account. Kindly send it back to jfnmsjib32@ibl.",No,No,No
spam,Your insurance policy maturity amount of Rs.839 is ready. Send your bank passbook details to receive payment.,No,No,No
spam,"Sorry, I transferred Rs.511 to the wrong number by mistake, this looks like your account. Kindly send it back to kngkm@ybl.",No,No,No
spam,"I accidentally sent Rs.41,586 to your PhonePe by mistake. Please refund it to this UPI ID: nqnyspyi@axl",No,No,No
spam,"Ayushman Bharat Alert: You are eligible for Rs.5,869 under the scheme. Share your Aadhaar and bank account number to claim.",No,No,No
spam,"Hi, I think I sent Rs.8,210 to you by error while paying someone else. Please return it to UPI ID csqnc@paytm, thank you.",No,No,No
spam,"You have been selected for a work-from-home job with Infosys. Share your bank details to receive the joining bonus of Rs.6,897.",No,No,No
spam,"I accidentally sent Rs.33,614 to your Paytm by mistake. Please refund it to this UPI ID: cotdnrip32@axl",No,No,No
spam,"Hi, I think I sent Rs.74,557 to you by error while paying someone else. Please return it to UPI ID tbmxjqh81@ibl, thank you.",No,No,No
spam,You have been selected for a work-from-home job with Flipkart. Share your bank details to receive the joining bonus of Rs.660.,No,No,No
spam,"Congratulations, your application under Ayushman Bharat has been approved for Rs.66,661. Send your bank details for disbursement.",No,No,No
spam,"You have been selected for a work-from-home job with HCL. Share your bank details to receive the joining bonus of Rs.24,759.",No,No,No
spam,"National Scholarship Portal: Your scholarship benefit of Rs.71,522 is ready for transfer. Submit your bank passbook details to receive it.",No,No,No
spam,"Your insurance policy maturity amount of Rs.89,912 is ready. Send your bank passbook details to receive payment.",No,No,No
spam,"I accidentally sent Rs.8,217 to your Amazon Pay by mistake. Please refund it to this UPI ID: pqwerz61@axl",No,No,No
spam,"Your insurance policy maturity amount of Rs.8,541 is ready. Send your bank passbook details to receive payment.",No,No,No
spam,"Congratulations, your application under PM Kisan Samman Nidhi has been approved for Rs.83,454. Send your bank details for disbursement.",No,No,No
spam,"Congratulations, your application under Post Matric Scholarship has been approved for Rs.1,496. Send your bank details for disbursement.",No,No,No
spam,"I accidentally sent Rs.52,968 to your Paytm by mistake. Please refund it to this UPI ID: zpauhgc@axl",No,No,No
spam,"Sorry, I transferred Rs.2,796 to the wrong number by mistake, this looks like your account. Kindly send it back to wbybaalj21@axl.",No,No,No
spam,"Post Matric Scholarship: Your scholarship benefit of Rs.38,906 is ready for transfer. Submit your bank passbook details to receive it.",No,No,No
spam,You have been selected for a work-from-home job with Wipro. Share your bank details to receive the joining bonus of Rs.574.,No,No,No
spam,"You have been selected for a work-from-home job with TCS. Share your bank details to receive the joining bonus of Rs.79,474.",No,No,No
spam,"By mistake Rs.31,455 got transferred to your account from mine, please refund at the earliest to mmmfwrvv@okicici.",No,No,No
spam,"Ayushman Bharat Alert: You are eligible for Rs.39,390 under the scheme. Share your Aadhaar and bank account number to claim.",No,No,No
spam,"National Scholarship Portal Alert: You are eligible for Rs.3,071 under the scheme. Share your Aadhaar and bank account number to claim.",No,No,No
spam,"Your Axis Bank personal loan of Rs.11,007 is pre-approved. Share your bank account and Aadhaar details to process.",No,No,No
spam,"Hi, I think I sent Rs.4,684 to you by error while paying someone else. Please return it to UPI ID fhosjzv@axl, thank you.",No,No,No
spam,"Your insurance policy maturity amount of Rs.81,101 is ready. Send your bank passbook details to receive payment.",No,No,No
spam,"By mistake Rs.6,503 got transferred to your account from mine, please refund at the earliest to znkokrh@axl.",No,No,No
spam,"PM Ujjwala Yojana Alert: You are eligible for Rs.3,018 under the scheme. Share your Aadhaar and bank account number to claim.",No,No,No
spam,"Sorry, I transferred Rs.1,794 to the wrong number by mistake, this looks like your account. Kindly send it back to hhvej@paytm.",No,No,No
spam,"Congratulations, your application under PM Ujjwala Yojana has been approved for Rs.9,545. Send your bank details for disbursement.",No,No,No
spam,"Post Matric Scholarship: Your scholarship benefit of Rs.4,443 is ready for transfer. Submit your bank passbook details to receive it.",No,No,No
spam,I accidentally sent Rs.714 to your Paytm by mistake. Please refund it to this UPI ID: cgiyx76@ibl,No,No,No
spam,State Scholarship Scheme Alert: You are eligible for Rs.794 under the scheme. Share your Aadhaar and bank account number to claim.,No,No,No
spam,"You have been selected for a work-from-home job with Flipkart. Share your bank details to receive the joining bonus of Rs.2,961.",No,No,No
spam,"Hi, I think I sent Rs.50,388 to you by error while paying someone else. Please return it to UPI ID tbyajo27@ybl, thank you.",No,No,No
spam,"Hi, I think I sent Rs.17,345 to you by error while paying someone else. Please return it to UPI ID mcnwqc@axl, thank you.",No,No,No
spam,"Hi, I think I sent Rs.9,111 to you by error while paying someone else. Please return it to UPI ID zwxube57@ibl, thank you.",No,No,No
spam,"By mistake Rs.90,256 got transferred to your account from mine, please refund at the earliest to sumnfp45@ibl.",No,No,No
spam,"Congratulations, your application under LPG Subsidy Scheme has been approved for Rs.929. Send your bank details for disbursement.",No,No,No
spam,"LPG Subsidy Scheme Alert: You are eligible for Rs.66,385 under the scheme. Share your Aadhaar and bank account number to claim.",No,No,No
spam,"State Scholarship Scheme Alert: You are eligible for Rs.47,538 under the scheme. Share your Aadhaar and bank account number to claim.",No,No,No
spam,"I accidentally sent Rs.4,980 to your PhonePe by mistake. Please refund it to this UPI ID: jctlmz68@ybl",No,No,No
spam,"Hi, I think I sent Rs.21,950 to you by error while paying someone else. Please return it to UPI ID hiesp52@okicici, thank you.",No,No,No
spam,"Your insurance policy maturity amount of Rs.30,300 is ready. Send your bank passbook details to receive payment.",No,No,No
spam,"Sorry, I transferred Rs.6,886 to the wrong number by mistake, this looks like your account. Kindly send it back to gdehd53@okicici.",No,No,No
spam,"Congratulations, your application under PM Ujjwala Yojana has been approved for Rs.993. Send your bank details for disbursement.",No,No,No
spam,"You have been selected for a work-from-home job with HCL. Share your bank details to receive the joining bonus of Rs.4,018.",No,No,No
spam,"Sorry, I transferred Rs.2,689 to the wrong number by mistake, this looks like your account. Kindly send it back to wlcpy36@okhdfcbank.",No,No,No
spam,Post Matric Scholarship: Your scholarship benefit of Rs.606 is ready for transfer. Submit your bank passbook details to receive it.,No,No,No
spam,Your SBI personal loan of Rs.634 is pre-approved. Share your bank account and Aadhaar details to process.,No,No,No
spam,"Sorry, I transferred Rs.843 to the wrong number by mistake, this looks like your account. Kindly send it back to lvoxhvtq@ybl.",No,No,No
spam,"Sorry, I transferred Rs.4,537 to the wrong number by mistake, this looks like your account. Kindly send it back to pvapvg@axl.",No,No,No
spam,"By mistake Rs.40,363 got transferred to your account from mine, please refund at the earliest to wmmfdq@okhdfcbank.",No,No,No
spam,Your SBI personal loan of Rs.799 is pre-approved. Share your bank account and Aadhaar details to process.,No,No,No
spam,"Congratulations, your application under PM Kisan Samman Nidhi has been approved for Rs.832. Send your bank details for disbursement.",No,No,No
spam,"National Scholarship Portal: Your scholarship benefit of Rs.4,698 is ready for transfer. Submit your bank passbook details to receive it.",No,No,No
spam,"Your ICICI Bank personal loan of Rs.43,664 is pre-approved. Share your bank account and Aadhaar details to process.",No,No,No
spam,"PM Ujjwala Yojana: Your scholarship benefit of Rs.8,972 is ready for transfer. Submit your bank passbook details to receive it.",No,No,No
spam,"Hi, I think I sent Rs.802 to you by error while paying someone else. Please return it to UPI ID mkefr66@axl, thank you.",No,No,No
spam,"Sorry, I transferred Rs.589 to the wrong number by mistake, this looks like your account. Kindly send it back to jdskphb@paytm.",No,No,No
spam,"Your insurance policy maturity amount of Rs.43,274 is ready. Send your bank passbook details to receive payment.",No,No,No
spam,"Congratulations, your application under State Scholarship Scheme has been approved for Rs.73,375. Send your bank details for disbursement.",No,No,No
spam,"Post Matric Scholarship: Your scholarship benefit of Rs.8,506 is ready for transfer. Submit your bank passbook details to receive it.",No,No,No
spam,"By mistake Rs.924 got transferred to your account from mine, please refund at the earliest to iiqcas76@ibl.",No,No,No
spam,"You have been selected for a work-from-home job with Reliance. Share your bank details to receive the joining bonus of Rs.38,848.",No,No,No
spam,"Sorry, I transferred Rs.22,937 to the wrong number by mistake, this looks like your account. Kindly send it back to qjufglor68@axl.",No,No,No
spam,"Sorry, I transferred Rs.18,948 to the wrong number by mistake, this looks like your account. Kindly send it back to bnztsj32@oksbi.",No,No,No
spam,"PMAY Alert: You are eligible for Rs.3,710 under the scheme. Share your Aadhaar and bank account number to claim.",No,No,No
spam,"State Scholarship Scheme Alert: You are eligible for Rs.3,260 under the scheme. Share your Aadhaar and bank account number to claim.",No,No,No
spam,"I accidentally sent Rs.31,352 to your PhonePe by mistake. Please refund it to this UPI ID: gnrnsenf@ibl",No,No,No
spam,"Hi, I think I sent Rs.45,091 to you by error while paying someone else. Please return it to UPI ID sgaqpa@okicici, thank you.",No,No,No
spam,"Hi, I think I sent Rs.92,078 to you by error while paying someone else. Please return it to UPI ID nvmvxoqd@ybl, thank you.",No,No,No
spam,"State Scholarship Scheme Alert: You are eligible for Rs.7,394 under the scheme. Share your Aadhaar and bank account number to claim.",No,No,No
spam,"I accidentally sent Rs.6,957 to your Amazon Pay by mistake. Please refund it to this UPI ID: ekdkagfh@okhdfcbank",No,No,No
spam,National Scholarship Portal: Your scholarship benefit of Rs.812 is ready for transfer. Submit your bank passbook details to receive it.,No,No,No
spam,"I accidentally sent Rs.6,458 to your PhonePe by mistake. Please refund it to this UPI ID: kjfdu51@paytm",No,No,No
spam,"I accidentally sent Rs.45,503 to your Paytm by mistake. Please refund it to this UPI ID: zprrqvru@ibl",No,No,No
spam,"I accidentally sent Rs.6,225 to your Google Pay by mistake. Please refund it to this UPI ID: nuxjkdh92@okhdfcbank",No,No,No
spam,I accidentally sent Rs.653 to your Amazon Pay by mistake. Please refund it to this UPI ID: nllki46@paytm,No,No,No
spam,PMAY Alert: You are eligible for Rs.869 under the scheme. Share your Aadhaar and bank account number to claim.,No,No,No
spam,"Hi, I think I sent Rs.7,308 to you by error while paying someone else. Please return it to UPI ID fvxsmeez@ibl, thank you.",No,No,No
spam,"You have been selected for a work-from-home job with Wipro. Share your bank details to receive the joining bonus of Rs.30,710.",No,No,No
spam,"State Scholarship Scheme: Your scholarship benefit of Rs.5,225 is ready for transfer. Submit your bank passbook details to receive it.",No,No,No
spam,"PM Ujjwala Yojana: Your scholarship benefit of Rs.1,992 is ready for transfer. Submit your bank passbook details to receive it.",No,No,No
spam,"I accidentally sent Rs.1,499 to your Paytm by mistake. Please refund it to this UPI ID: jtbfxvjl@okicici",No,No,No
spam,"LPG Subsidy Scheme Alert: You are eligible for Rs.4,366 under the scheme. Share your Aadhaar and bank account number to claim.",No,No,No
spam,Your Punjab National Bank personal loan of Rs.899 is pre-approved. Share your bank account and Aadhaar details to process.,No,No,No
spam,"By mistake Rs.9,889 got transferred to your account from mine, please refund at the earliest to fpxtfcst68@paytm.",No,No,No
spam,"Hi, I think I sent Rs.26,162 to you by error while paying someone else. Please return it to UPI ID kikshzsi88@ibl, thank you.",No,No,No
spam,"I accidentally sent Rs.6,806 to your Google Pay by mistake. Please refund it to this UPI ID: kjfql72@oksbi",No,No,No
spam,"By mistake Rs.535 got transferred to your account from mine, please refund at the earliest to boqilqf31@okicici.",No,No,No
spam,LPG Subsidy Scheme: Your scholarship benefit of Rs.922 is ready for transfer. Submit your bank passbook details to receive it.,No,No,No
spam,"Ayushman Bharat Alert: You are eligible for Rs.83,794 under the scheme. Share your Aadhaar and bank account number to claim.",No,No,No
spam,I accidentally sent Rs.513 to your PhonePe by mistake. Please refund it to this UPI ID: ozhgs92@ibl,No,No,No
spam,"State Scholarship Scheme Alert: You are eligible for Rs.3,657 under the scheme. Share your Aadhaar and bank account number to claim.",No,No,No
spam,"I accidentally sent Rs.10,653 to your Google Pay by mistake. Please refund it to this UPI ID: inqewpk17@axl",No,No,No
spam,"I accidentally sent Rs.91,756 to your Paytm by mistake. Please refund it to this UPI ID: fnbts@axl",No,No,No
spam,"By mistake Rs.2,369 got transferred to your account from mine, please refund at the earliest to pjlqeta@paytm.",No,No,No
spam,"You have been selected for a work-from-home job with Infosys. Share your bank details to receive the joining bonus of Rs.72,716.",No,No,No
spam,"Congratulations, your application under LPG Subsidy Scheme has been approved for Rs.21,404. Send your bank details for disbursement.",No,No,No
spam,"PMAY Alert: You are eligible for Rs.9,923 under the scheme. Share your Aadhaar and bank account number to claim.",No,No,No
spam,"Hi, I think I sent Rs.943 to you by error while paying someone else. Please return it to UPI ID hrwmex81@axl, thank you.",No,No,No
spam,Your insurance policy maturity amount of Rs.968 is ready. Send your bank passbook details to receive payment.,No,No,No
spam,"Your insurance policy maturity amount of Rs.40,119 is ready. Send your bank passbook details to receive payment.",No,No,No
spam,"Hi, I think I sent Rs.65,375 to you by error while paying someone else. Please return it to UPI ID itnbndm@ibl, thank you.",No,No,No
spam,"Hi, I think I sent Rs.4,008 to you by error while paying someone else. Please return it to UPI ID zffbgcks@ibl, thank you.",No,No,No
spam,"PM Ujjwala Yojana Alert: You are eligible for Rs.61,679 under the scheme. Share your Aadhaar and bank account number to claim.",No,No,No
spam,Your insurance policy maturity amount of Rs.616 is ready. Send your bank passbook details to receive payment.,No,No,No
spam,LPG Subsidy Scheme Alert: You are eligible for Rs.807 under the scheme. Share your Aadhaar and bank account number to claim.,No,No,No
spam,You have been selected for a work-from-home job with Wipro. Share your bank details to receive the joining bonus of Rs.777.,No,No,No
spam,"Your Punjab National Bank personal loan of Rs.6,698 is pre-approved. Share your bank account and Aadhaar details to process.",No,No,No
spam,"Hi, I think I sent Rs.517 to you by error while paying someone else. Please return it to UPI ID gsfwbii26@oksbi, thank you.",No,No,No
spam,PMAY: Your scholarship benefit of Rs.869 is ready for transfer. Submit your bank passbook details to receive it.,No,No,No
spam,"By mistake Rs.937 got transferred to your account from mine, please refund at the earliest to narxfc@ybl.",No,No,No
spam,"Congratulations, your application under National Scholarship Portal has been approved for Rs.584. Send your bank details for disbursement.",No,No,No
spam,"Your ICICI Bank personal loan of Rs.3,597 is pre-approved. Share your bank account and Aadhaar details to process.",No,No,No
spam,Your Axis Bank personal loan of Rs.954 is pre-approved. Share your bank account and Aadhaar details to process.,No,No,No
spam,You have been selected for a work-from-home job with Infosys. Share your bank details to receive the joining bonus of Rs.746.,No,No,No
spam,"Sorry, I transferred Rs.3,470 to the wrong number by mistake, this looks like your account. Kindly send it back to xuram60@paytm.",No,No,No
spam,"Hi, I think I sent Rs.80,250 to you by error while paying someone else. Please return it to UPI ID ncfhfpwr@okhdfcbank, thank you.",No,No,No
spam,"Your insurance policy maturity amount of Rs.11,443 is ready. Send your bank passbook details to receive payment.",No,No,No
spam,"Congratulations, your application under PM Ujjwala Yojana has been approved for Rs.6,766. Send your bank details for disbursement.",No,No,No
spam,"Congratulations, your application under Post Matric Scholarship has been approved for Rs.32,984. Send your bank details for disbursement.",No,No,No
spam,"Your Kotak Mahindra Bank personal loan of Rs.76,504 is pre-approved. Share your bank account and Aadhaar details to process.",No,No,No
spam,Your insurance policy maturity amount of Rs.991 is ready. Send your bank passbook details to receive payment.,No,No,No
spam,"PMAY Alert: You are eligible for Rs.4,064 under the scheme. Share your Aadhaar and bank account number to claim.",No,No,No
spam,National Scholarship Portal Alert: You are eligible for Rs.719 under the scheme. Share your Aadhaar and bank account number to claim.,No,No,No
spam,"Congratulations, your application under Post Matric Scholarship has been approved for Rs.1,073. Send your bank details for disbursement.",No,No,No
spam,"Your insurance policy maturity amount of Rs.92,634 is ready. Send your bank passbook details to receive payment.",No,No,No
spam,National Scholarship Portal Alert: You are eligible for Rs.714 under the scheme. Share your Aadhaar and bank account number to claim.,No,No,No
spam,"PM Kisan Samman Nidhi: Your scholarship benefit of Rs.51,139 is ready for transfer. Submit your bank passbook details to receive it.",No,No,No
spam,Your Bank of Baroda personal loan of Rs.658 is pre-approved. Share your bank account and Aadhaar details to process.,No,No,No
spam,"Post Matric Scholarship Alert: You are eligible for Rs.95,372 under the scheme. Share your Aadhaar and bank account number to claim.",No,No,No
spam,"Ayushman Bharat: Your scholarship benefit of Rs.4,305 is ready for transfer. Submit your bank passbook details to receive it.",No,No,No
spam,"You have been selected for a work-from-home job with HCL. Share your bank details to receive the joining bonus of Rs.29,588.",No,No,No
spam,"I accidentally sent Rs.2,523 to your Paytm by mistake. Please refund it to this UPI ID: hgjssfc@paytm",No,No,No
spam,Your SBI personal loan of Rs.823 is pre-approved. Share your bank account and Aadhaar details to process.,No,No,No
spam,"Your ICICI Bank personal loan of Rs.9,586 is pre-approved. Share your bank account and Aadhaar details to process.",No,No,No
spam,"Congratulations, your application under Post Matric Scholarship has been approved for Rs.41,198. Send your bank details for disbursement.",No,No,No
spam,"PMAY Alert: You are eligible for Rs.30,944 under the scheme. Share your Aadhaar and bank account number to claim.",No,No,No
spam,"Hi, I think I sent Rs.19,356 to you by error while paying someone else. Please return it to UPI ID fjhjonjy94@okhdfcbank, thank you.",No,No,No
spam,"Sorry, I transferred Rs.7,744 to the wrong number by mistake, this looks like your account. Kindly send it back to vzceu58@paytm.",No,No,No
spam,"I accidentally sent Rs.22,246 to your Amazon Pay by mistake. Please refund it to this UPI ID: kyivx@ybl",No,No,No
spam,Your insurance policy maturity amount of Rs.944 is ready. Send your bank passbook details to receive payment.,No,No,No
spam,"Congratulations, your application under LPG Subsidy Scheme has been approved for Rs.670. Send your bank details for disbursement.",No,No,No
spam,"You have been selected for a work-from-home job with Flipkart. Share your bank details to receive the joining bonus of Rs.7,343.",No,No,No
spam,"By mistake Rs.6,333 got transferred to your account from mine, please refund at the earliest to liaxk38@paytm.",No,No,No
spam,Your Axis Bank personal loan of Rs.886 is pre-approved. Share your bank account and Aadhaar details to process.,No,No,No
spam,"PM Kisan Samman Nidhi: Your scholarship benefit of Rs.8,159 is ready for transfer. Submit your bank passbook details to receive it.",No,No,No
spam,I accidentally sent Rs.969 to your Google Pay by mistake. Please refund it to this UPI ID: nlbue@ibl,No,No,No
spam,"By mistake Rs.599 got transferred to your account from mine, please refund at the earliest to ojdtbad@ybl.",No,No,No
spam,"You have been selected for a work-from-home job with Wipro. Share your bank details to receive the joining bonus of Rs.42,577.",No,No,No
spam,"Congratulations, your application under PMAY has been approved for Rs.8,206. Send your bank details for disbursement.",No,No,No
spam,"I accidentally sent Rs.83,862 to your Google Pay by mistake. Please refund it to this UPI ID: svadesz@oksbi",No,No,No
spam,You have been selected for a work-from-home job with Reliance. Share your bank details to receive the joining bonus of Rs.609.,No,No,No
spam,You have been selected for a work-from-home job with Amazon. Share your bank details to receive the joining bonus of Rs.738.,No,No,No
spam,"Your insurance policy maturity amount of Rs.8,747 is ready. Send your bank passbook details to receive payment.",No,No,No
spam,State Scholarship Scheme: Your scholarship benefit of Rs.879 is ready for transfer. Submit your bank passbook details to receive it.,No,No,No
spam,"You have been selected for a work-from-home job with TCS. Share your bank details to receive the joining bonus of Rs.2,377.",No,No,No
spam,"Congratulations, your application under Post Matric Scholarship has been approved for Rs.88,894. Send your bank details for disbursement.",No,No,No
spam,"Your insurance policy maturity amount of Rs.5,714 is ready. Send your bank passbook details to receive payment.",No,No,No
spam,I accidentally sent Rs.945 to your PhonePe by mistake. Please refund it to this UPI ID: grczcyk@ibl,No,No,No
spam,"I accidentally sent Rs.48,162 to your Amazon Pay by mistake. Please refund it to this UPI ID: miyilact@paytm",No,No,No
spam,"Hi, I think I sent Rs.1,810 to you by error while paying someone else. Please return it to UPI ID tkzqjlk@paytm, thank you.",No,No,No
spam,"I accidentally sent Rs.3,093 to your Amazon Pay by mistake. Please refund it to this UPI ID: ggjtzv83@axl",No,No,No
spam,"Your insurance policy maturity amount of Rs.6,416 is ready. Send your bank passbook details to receive payment.",No,No,No
spam,PM Ujjwala Yojana: Your scholarship benefit of Rs.722 is ready for transfer. Submit your bank passbook details to receive it.,No,No,No
spam,"Congratulations, your application under State Scholarship Scheme has been approved for Rs.958. Send your bank details for disbursement.",No,No,No
spam,"Sorry, I transferred Rs.39,141 to the wrong number by mistake, this looks like your account. Kindly send it back to hqqhw73@okhdfcbank.",No,No,No
spam,"By mistake Rs.803 got transferred to your account from mine, please refund at the earliest to svnyiu@oksbi.",No,No,No
spam,Your Kotak Mahindra Bank personal loan of Rs.830 is pre-approved. Share your bank account and Aadhaar details to process.,No,No,No
spam,"Post Matric Scholarship Alert: You are eligible for Rs.5,054 under the scheme. Share your Aadhaar and bank account number to claim.",No,No,No
spam,"Hi, I think I sent Rs.810 to you by error while paying someone else. Please return it to UPI ID qnzvh67@axl, thank you.",No,No,No
spam,"Your insurance policy maturity amount of Rs.2,897 is ready. Send your bank passbook details to receive payment.",No,No,No
spam,"By mistake Rs.923 got transferred to your account from mine, please refund at the earliest to tdfueuc@ybl.",No,No,No
spam,You have been selected for a work-from-home job with Reliance. Share your bank details to receive the joining bonus of Rs.689.,No,No,No
spam,"Your insurance policy maturity amount of Rs.1,319 is ready. Send your bank passbook details to receive payment.",No,No,No
spam,"LPG Subsidy Scheme Alert: You are eligible for Rs.6,824 under the scheme. Share your Aadhaar and bank account number to claim.",No,No,No
spam,"I accidentally sent Rs.4,023 to your PhonePe by mistake. Please refund it to this UPI ID: wskre44@okicici",No,No,No
spam,"Ayushman Bharat: Your scholarship benefit of Rs.9,145 is ready for transfer. Submit your bank passbook details to receive it.",No,No,No
spam,"Your SBI personal loan of Rs.9,614 is pre-approved. Share your bank account and Aadhaar details to process.",No,No,No
spam,"PMAY: Your scholarship benefit of Rs.3,869 is ready for transfer. Submit your bank passbook details to receive it.",No,No,No
spam,Your insurance policy maturity amount of Rs.928 is ready. Send your bank passbook details to receive payment.,No,No,No
spam,"Sorry, I transferred Rs.1,802 to the wrong number by mistake, this looks like your account. Kindly send it back to ihzotd14@okicici.",No,No,No
spam,"Sorry, I transferred Rs.777 to the wrong number by mistake, this looks like your account. Kindly send it back to onrzb@okhdfcbank.",No,No,No
spam,"I accidentally sent Rs.58,825 to your Google Pay by mistake. Please refund it to this UPI ID: auibpeld@okicici",No,No,No
spam,"Your Canara Bank personal loan of Rs.95,624 is pre-approved. Share your bank account and Aadhaar details to process.",No,No,No
spam,PM Ujjwala Yojana: Your scholarship benefit of Rs.978 is ready for transfer. Submit your bank passbook details to receive it.,No,No,No
spam,"Sorry, I transferred Rs.3,960 to the wrong number by mistake, this looks like your account. Kindly send it back to cetfeemz@ibl.",No,No,No
spam,"Sorry, I transferred Rs.59,818 to the wrong number by mistake, this looks like your account. Kindly send it back to cvuvaduc67@ibl.",No,No,No
spam,"Congratulations, your application under National Scholarship Portal has been approved for Rs.4,019. Send your bank details for disbursement.",No,No,No
spam,"By mistake Rs.78,755 got transferred to your account from mine, please refund at the earliest to fgpje@paytm.",No,No,No
spam,I accidentally sent Rs.770 to your PhonePe by mistake. Please refund it to this UPI ID: jonwvbnj14@ybl,No,No,No
spam,"By mistake Rs.1,164 got transferred to your account from mine, please refund at the earliest to nhddfu@okicici.",No,No,No
spam,Your insurance policy maturity amount of Rs.925 is ready. Send your bank passbook details to receive payment.,No,No,No
spam,"Congratulations, your application under Ayushman Bharat has been approved for Rs.843. Send your bank details for disbursement.",No,No,No
spam,"LPG Subsidy Scheme: Your scholarship benefit of Rs.23,282 is ready for transfer. Submit your bank passbook details to receive it.",No,No,No
spam,"Congratulations, your application under PMAY has been approved for Rs.80,964. Send your bank details for disbursement.",No,No,No
spam,"I accidentally sent Rs.8,501 to your Amazon Pay by mistake. Please refund it to this UPI ID: yzisp78@okicici",No,No,No
spam,I accidentally sent Rs.529 to your Paytm by mistake. Please refund it to this UPI ID: mullwzah@ibl,No,No,No
spam,"Congratulations, your application under PMAY has been approved for Rs.4,680. Send your bank details for disbursement.",No,No,No
spam,"Sorry, I transferred Rs.738 to the wrong number by mistake, this looks like your account. Kindly send it back to xptvltge98@okhdfcbank.",No,No,No
spam,Your Kotak Mahindra Bank personal loan of Rs.799 is pre-approved. Share your bank account and Aadhaar details to process.,No,No,No
spam,"Sorry, I transferred Rs.37,284 to the wrong number by mistake, this looks like your account. Kindly send it back to dctcon@axl.",No,No,No
spam,"National Scholarship Portal: Your scholarship benefit of Rs.3,975 is ready for transfer. Submit your bank passbook details to receive it.",No,No,No
spam,Post Matric Scholarship Alert: You are eligible for Rs.533 under the scheme. Share your Aadhaar and bank account number to claim.,No,No,No
spam,LPG Subsidy Scheme: Your scholarship benefit of Rs.579 is ready for transfer. Submit your bank passbook details to receive it.,No,No,No
spam,"Your Axis Bank personal loan of Rs.1,707 is pre-approved. Share your bank account and Aadhaar details to process.",No,No,No
spam,"You have been selected for a work-from-home job with TCS. Share your bank details to receive the joining bonus of Rs.71,824.",No,No,No
spam,"By mistake Rs.9,752 got transferred to your account from mine, please refund at the earliest to haomfp46@ybl.",No,No,No
spam,Your HDFC Bank personal loan of Rs.506 is pre-approved. Share your bank account and Aadhaar details to process.,No,No,No
spam,"By mistake Rs.960 got transferred to your account from mine, please refund at the earliest to hsvarf@axl.",No,No,No
spam,"Hi, I think I sent Rs.992 to you by error while paying someone else. Please return it to UPI ID ionhjea@oksbi, thank you.",No,No,No
spam,"Hi, I think I sent Rs.89,751 to you by error while paying someone else. Please return it to UPI ID tfsjevg@ybl, thank you.",No,No,No
spam,"PM Ujjwala Yojana: Your scholarship benefit of Rs.6,120 is ready for transfer. Submit your bank passbook details to receive it.",No,No,No
spam,You have been selected for a work-from-home job with Flipkart. Share your bank details to receive the joining bonus of Rs.871.,No,No,No
spam,I accidentally sent Rs.704 to your PhonePe by mistake. Please refund it to this UPI ID: hmkigj43@okhdfcbank,No,No,No
spam,"I accidentally sent Rs.4,517 to your PhonePe by mistake. Please refund it to this UPI ID: tyttgzmn34@axl",No,No,No
spam,National Scholarship Portal: Your scholarship benefit of Rs.894 is ready for transfer. Submit your bank passbook details to receive it.,No,No,No
spam,"You have been selected for a work-from-home job with Wipro. Share your bank details to receive the joining bonus of Rs.44,436.",No,No,No
spam,"Sorry, I transferred Rs.822 to the wrong number by mistake, this looks like your account. Kindly send it back to xlkta@okicici.",No,No,No
spam,"By mistake Rs.72,991 got transferred to your account from mine, please refund at the earliest to loiyzk@okicici.",No,No,No
spam,"Sorry, I transferred Rs.5,845 to the wrong number by mistake, this looks like your account. Kindly send it back to kmjcn87@okhdfcbank.",No,No,No
spam,"Hi, I think I sent Rs.63,967 to you by error while paying someone else. Please return it to UPI ID klzkl@ibl, thank you.",No,No,No
spam,"I accidentally sent Rs.82,433 to your Google Pay by mistake. Please refund it to this UPI ID: afezi48@axl",No,No,No
spam,"Hi, I think I sent Rs.822 to you by error while paying someone else. Please return it to UPI ID rootlfx@okicici, thank you.",No,No,No
spam,"I accidentally sent Rs.8,055 to your PhonePe by mistake. Please refund it to this UPI ID: fxlxcq@axl",No,No,No
spam,"Hi, I think I sent Rs.681 to you by error while paying someone else. Please return it to UPI ID dnquxuvk@oksbi, thank you.",No,No,No
spam,I accidentally sent Rs.926 to your Google Pay by mistake. Please refund it to this UPI ID: gdbgr33@oksbi,No,No,No
spam,"Your Bank of Baroda personal loan of Rs.1,714 is pre-approved. Share your bank account and Aadhaar details to process.",No,No,No
spam,"You have been selected for a work-from-home job with Flipkart. Share your bank details to receive the joining bonus of Rs.7,352.",No,No,No
spam,"By mistake Rs.31,442 got transferred to your account from mine, please refund at the earliest to isgvwt@paytm.",No,No,No
spam,"Hi, I think I sent Rs.842 to you by error while paying someone else. Please return it to UPI ID uxwxjpn41@axl, thank you.",No,No,No
spam,"Hi, I think I sent Rs.8,755 to you by error while paying someone else. Please return it to UPI ID zzlgiu57@ybl, thank you.",No,No,No
spam,"By mistake Rs.15,039 got transferred to your account from mine, please refund at the earliest to lxewf76@oksbi.",No,No,No
spam,PM Ujjwala Yojana: Your scholarship benefit of Rs.684 is ready for transfer. Submit your bank passbook details to receive it.,No,No,No
spam,"By mistake Rs.519 got transferred to your account from mine, please refund at the earliest to evhohh17@ibl.",No,No,No
spam,"Hi, I think I sent Rs.913 to you by error while paying someone else. Please return it to UPI ID moqbyvda@axl, thank you.",No,No,No
spam,"Sorry, I transferred Rs.8,430 to the wrong number by mistake, this looks like your account. Kindly send it back to fzmgaq@oksbi.",No,No,No
spam,"Congratulations, your application under State Scholarship Scheme has been approved for Rs.749. Send your bank details for disbursement.",No,No,No
spam,"LPG Subsidy Scheme: Your scholarship benefit of Rs.49,077 is ready for transfer. Submit your bank passbook details to receive it.",No,No,No
spam,"Hi, I think I sent Rs.16,059 to you by error while paying someone else. Please return it to UPI ID adeimwt59@paytm, thank you.",No,No,No
spam,"Congratulations, your application under State Scholarship Scheme has been approved for Rs.44,795. Send your bank details for disbursement.",No,No,No
spam,"LPG Subsidy Scheme: Your scholarship benefit of Rs.8,710 is ready for transfer. Submit your bank passbook details to receive it.",No,No,No
spam,"Hi, I think I sent Rs.6,661 to you by error while paying someone else. Please return it to UPI ID rhoolr77@ybl, thank you.",No,No,No
spam,"I accidentally sent Rs.8,998 to your PhonePe by mistake. Please refund it to this UPI ID: kkzfsop29@ybl",No,No,No
spam,"Your SBI personal loan of Rs.2,723 is pre-approved. Share your bank account and Aadhaar details to process.",No,No,No
spam,"Hi, I think I sent Rs.46,877 to you by error while paying someone else. Please return it to UPI ID asmzsl28@paytm, thank you.",No,No,No
spam,"LPG Subsidy Scheme Alert: You are eligible for Rs.4,422 under the scheme. Share your Aadhaar and bank account number to claim.",No,No,No
spam,"I accidentally sent Rs.1,823 to your PhonePe by mistake. Please refund it to this UPI ID: bjvbwas@oksbi",No,No,No
spam,"I accidentally sent Rs.22,516 to your Google Pay by mistake. Please refund it to this UPI ID: hdifwel39@okhdfcbank",No,No,No
spam,"LPG Subsidy Scheme: Your scholarship benefit of Rs.80,891 is ready for transfer. Submit your bank passbook details to receive it.",No,No,No
spam,"Congratulations, your application under National Scholarship Portal has been approved for Rs.899. Send your bank details for disbursement.",No,No,No
spam,I accidentally sent Rs.852 to your Google Pay by mistake. Please refund it to this UPI ID: rnlfmib76@okhdfcbank,No,No,No
spam,"By mistake Rs.10,435 got transferred to your account from mine, please refund at the earliest to szlbr@okhdfcbank.",No,No,No
spam,"You have been selected for a work-from-home job with HCL. Share your bank details to receive the joining bonus of Rs.73,896.",No,No,No
spam,"Ayushman Bharat Alert: You are eligible for Rs.1,278 under the scheme. Share your Aadhaar and bank account number to claim.",No,No,No
spam,"Post Matric Scholarship Alert: You are eligible for Rs.4,384 under the scheme. Share your Aadhaar and bank account number to claim.",No,No,No
spam,"Your insurance policy maturity amount of Rs.3,111 is ready. Send your bank passbook details to receive payment.",No,No,No
spam,"Ayushman Bharat Alert: You are eligible for Rs.8,375 under the scheme. Share your Aadhaar and bank account number to claim.",No,No,No
spam,"Your insurance policy maturity amount of Rs.63,850 is ready. Send your bank passbook details to receive payment.",No,No,No
spam,"PMAY: Your scholarship benefit of Rs.9,773 is ready for transfer. Submit your bank passbook details to receive it.",No,No,No
spam,"Hi, I think I sent Rs.1,706 to you by error while paying someone else. Please return it to UPI ID bcnor70@oksbi, thank you.",No,No,No
spam,"By mistake Rs.89,119 got transferred to your account from mine, please refund at the earliest to bejtd43@ybl.",No,No,No
spam,"PM Kisan Samman Nidhi: Your scholarship benefit of Rs.17,137 is ready for transfer. Submit your bank passbook details to receive it.",No,No,No
spam,"Congratulations, your application under State Scholarship Scheme has been approved for Rs.91,525. Send your bank details for disbursement.",No,No,No
spam,"Post Matric Scholarship Alert: You are eligible for Rs.6,579 under the scheme. Share your Aadhaar and bank account number to claim.",No,No,No
spam,"Congratulations, your application under Ayushman Bharat has been approved for Rs.49,189. Send your bank details for disbursement.",No,No,No
spam,"Hi, I think I sent Rs.89,151 to you by error while paying someone else. Please return it to UPI ID lvprb39@okicici, thank you.",No,No,No
spam,"I accidentally sent Rs.64,577 to your Amazon Pay by mistake. Please refund it to this UPI ID: okvzptya21@okicici",No,No,No
spam,"Your Canara Bank personal loan of Rs.5,783 is pre-approved. Share your bank account and Aadhaar details to process.",No,No,No
spam,"Congratulations, your application under PM Kisan Samman Nidhi has been approved for Rs.75,741. Send your bank details for disbursement.",No,No,No
spam,"By mistake Rs.3,639 got transferred to your account from mine, please refund at the earliest to vhduk@axl.",No,No,No
spam,"Sorry, I transferred Rs.745 to the wrong number by mistake, this looks like your account. Kindly send it back to inesio59@axl.",No,No,No
spam,"Your insurance policy maturity amount of Rs.37,475 is ready. Send your bank passbook details to receive payment.",No,No,No
spam,"Your SBI personal loan of Rs.58,649 is pre-approved. Share your bank account and Aadhaar details to process.",No,No,No
spam,You have been selected for a work-from-home job with Infosys. Share your bank details to receive the joining bonus of Rs.518.,No,No,No
spam,"By mistake Rs.87,256 got transferred to your account from mine, please refund at the earliest to mzyydhuq34@okicici.",No,No,No
spam,"Your HDFC Bank personal loan of Rs.9,767 is pre-approved. Share your bank account and Aadhaar details to process.",No,No,No
spam,I accidentally sent Rs.539 to your PhonePe by mistake. Please refund it to this UPI ID: npivly@okhdfcbank,No,No,No
spam,"Hi, I think I sent Rs.587 to you by error while paying someone else. Please return it to UPI ID sigep@okicici, thank you.",No,No,No
spam,"Your SBI personal loan of Rs.79,847 is pre-approved. Share your bank account and Aadhaar details to process.",No,No,No
spam,"Hi, I think I sent Rs.857 to you by error while paying someone else. Please return it to UPI ID cuvwbx23@ibl, thank you.",No,No,No
spam,"You have been selected for a work-from-home job with HCL. Share your bank details to receive the joining bonus of Rs.24,990.",No,No,No
spam,Your insurance policy maturity amount of Rs.595 is ready. Send your bank passbook details to receive payment.,No,No,No
spam,"Hi, I think I sent Rs.982 to you by error while paying someone else. Please return it to UPI ID tkpnwxx@axl, thank you.",No,No,No
spam,"I accidentally sent Rs.15,455 to your Amazon Pay by mistake. Please refund it to this UPI ID: yhbyosr@ybl",No,No,No
spam,"Congratulations, your application under PMAY has been approved for Rs.4,830. Send your bank details for disbursement.",No,No,No
spam,Ayushman Bharat Alert: You are eligible for Rs.692 under the scheme. Share your Aadhaar and bank account number to claim.,No,No,No
spam,"By mistake Rs.68,529 got transferred to your account from mine, please refund at the earliest to riipc@ybl.",No,No,No
spam,"Your insurance policy maturity amount of Rs.59,991 is ready. Send your bank passbook details to receive payment.",No,No,No
spam,"Your SBI personal loan of Rs.9,383 is pre-approved. Share your bank account and Aadhaar details to process.",No,No,No
spam,I accidentally sent Rs.840 to your PhonePe by mistake. Please refund it to this UPI ID: smhofn@paytm,No,No,No
spam,"You have been selected for a work-from-home job with Reliance. Share your bank details to receive the joining bonus of Rs.87,542.",No,No,No
spam,Your insurance policy maturity amount of Rs.914 is ready. Send your bank passbook details to receive payment.,No,No,No
spam,"Congratulations, your application under PM Ujjwala Yojana has been approved for Rs.9,301. Send your bank details for disbursement.",No,No,No
spam,"Sorry, I transferred Rs.46,875 to the wrong number by mistake, this looks like your account. Kindly send it back to nxbhjzqy@okhdfcbank.",No,No,No
spam,I accidentally sent Rs.788 to your Paytm by mistake. Please refund it to this UPI ID: udryj94@paytm,No,No,No
spam,State Scholarship Scheme: Your scholarship benefit of Rs.561 is ready for transfer. Submit your bank passbook details to receive it.,No,No,No
spam,"You have been selected for a work-from-home job with Amazon. Share your bank details to receive the joining bonus of Rs.29,520.",No,No,No
spam,Your Axis Bank personal loan of Rs.907 is pre-approved. Share your bank account and Aadhaar details to process.,No,No,No
spam,"Your insurance policy maturity amount of Rs.6,641 is ready. Send your bank passbook details to receive payment.",No,No,No
spam,"Your insurance policy maturity amount of Rs.3,376 is ready. Send your bank passbook details to receive payment.",No,No,No
spam,"Congratulations, your application under PMAY has been approved for Rs.935. Send your bank details for disbursement.",No,No,No
spam,I accidentally sent Rs.635 to your Amazon Pay by mistake. Please refund it to this UPI ID: ujzshd@paytm,No,No,No
spam,You have been selected for a work-from-home job with HCL. Share your bank details to receive the joining bonus of Rs.641.,No,No,No
spam,"PM Kisan Samman Nidhi: Your scholarship benefit of Rs.19,035 is ready for transfer. Submit your bank passbook details to receive it.",No,No,No
spam,Ayushman Bharat Alert: You are eligible for Rs.745 under the scheme. Share your Aadhaar and bank account number to claim.,No,No,No
spam,"Hi, I think I sent Rs.71,163 to you by error while paying someone else. Please return it to UPI ID jpdojvb@oksbi, thank you.",No,No,No
spam,"You have been selected for a work-from-home job with HCL. Share your bank details to receive the joining bonus of Rs.96,416.",No,No,No
spam,"By mistake Rs.842 got transferred to your account from mine, please refund at the earliest to axipxick80@ybl.",No,No,No
spam,"Sorry, I transferred Rs.4,136 to the wrong number by mistake, this looks like your account. Kindly send it back to lrywvnlt19@ybl.",No,No,No
spam,Your insurance policy maturity amount of Rs.812 is ready. Send your bank passbook details to receive payment.,No,No,No
spam,"Congratulations, your application under State Scholarship Scheme has been approved for Rs.601. Send your bank details for disbursement.",No,No,No
spam,PM Ujjwala Yojana Alert: You are eligible for Rs.625 under the scheme. Share your Aadhaar and bank account number to claim.,No,No,No
spam,"Hi, I think I sent Rs.898 to you by error while paying someone else. Please return it to UPI ID kwhwvpo67@oksbi, thank you.",No,No,No
spam,"Congratulations, your application under Post Matric Scholarship has been approved for Rs.50,942. Send your bank details for disbursement.",No,No,No
spam,"Your Kotak Mahindra Bank personal loan of Rs.1,172 is pre-approved. Share your bank account and Aadhaar details to process.",No,No,No
spam,"I accidentally sent Rs.82,265 to your Amazon Pay by mistake. Please refund it to this UPI ID: gwnyhzci44@paytm",No,No,No
spam,Your Kotak Mahindra Bank personal loan of Rs.837 is pre-approved. Share your bank account and Aadhaar details to process.,No,No,No
spam,"By mistake Rs.4,466 got transferred to your account from mine, please refund at the earliest to drbrluf@axl.",No,No,No
spam,"I accidentally sent Rs.87,415 to your Amazon Pay by mistake. Please refund it to this UPI ID: ltqsy57@ybl",No,No,No
spam,"Ayushman Bharat: Your scholarship benefit of Rs.96,484 is ready for transfer. Submit your bank passbook details to receive it.",No,No,No
spam,"You have been selected for a work-from-home job with Flipkart. Share your bank details to receive the joining bonus of Rs.57,300.",No,No,No
spam,Your Axis Bank personal loan of Rs.915 is pre-approved. Share your bank account and Aadhaar details to process.,No,No,No
spam,"By mistake Rs.588 got transferred to your account from mine, please refund at the earliest to mxtogyyd@okhdfcbank.",No,No,No
spam,"By mistake Rs.7,371 got transferred to your account from mine, please refund at the earliest to xsrlc@axl.",No,No,No
spam,"Your Kotak Mahindra Bank personal loan of Rs.70,039 is pre-approved. Share your bank account and Aadhaar details to process.",No,No,No
spam,"Your insurance policy maturity amount of Rs.6,085 is ready. Send your bank passbook details to receive payment.",No,No,No
spam,"Hi, I think I sent Rs.3,912 to you by error while paying someone else. Please return it to UPI ID oqhagb71@ybl, thank you.",No,No,No
spam,"I accidentally sent Rs.77,950 to your Google Pay by mistake. Please refund it to this UPI ID: ggscvtsb@paytm",No,No,No
spam,"Sorry, I transferred Rs.36,780 to the wrong number by mistake, this looks like your account. Kindly send it back to vpeunsh73@axl.",No,No,No
spam,"Sorry, I transferred Rs.2,007 to the wrong number by mistake, this looks like your account. Kindly send it back to fujmj@oksbi.",No,No,No
spam,"By mistake Rs.775 got transferred to your account from mine, please refund at the earliest to ftjzrdj@ibl.",No,No,No
spam,"Your insurance policy maturity amount of Rs.10,607 is ready. Send your bank passbook details to receive payment.",No,No,No
spam,"Sorry, I transferred Rs.578 to the wrong number by mistake, this looks like your account. Kindly send it back to zkjrwbj59@okicici.",No,No,No
spam,"Congratulations, your application under Ayushman Bharat has been approved for Rs.791. Send your bank details for disbursement.",No,No,No
spam,"PM Ujjwala Yojana: Your scholarship benefit of Rs.3,517 is ready for transfer. Submit your bank passbook details to receive it.",No,No,No
spam,"PMAY Alert: You are eligible for Rs.9,067 under the scheme. Share your Aadhaar and bank account number to claim.",No,No,No
spam,"Your HDFC Bank personal loan of Rs.8,236 is pre-approved. Share your bank account and Aadhaar details to process.",No,No,No
spam,"Your Punjab National Bank personal loan of Rs.41,043 is pre-approved. Share your bank account and Aadhaar details to process.",No,No,No
spam,Your Axis Bank personal loan of Rs.625 is pre-approved. Share your bank account and Aadhaar details to process.,No,No,No
spam,"You have been selected for a work-from-home job with Wipro. Share your bank details to receive the joining bonus of Rs.52,560.",No,No,No
spam,"Your Axis Bank personal loan of Rs.38,681 is pre-approved. Share your bank account and Aadhaar details to process.",No,No,No
spam,"Sorry, I transferred Rs.46,160 to the wrong number by mistake, this looks like your account. Kindly send it back to mbqlxzek94@axl.",No,No,No
spam,"Your Canara Bank personal loan of Rs.43,417 is pre-approved. Share your bank account and Aadhaar details to process.",No,No,No
spam,I accidentally sent Rs.556 to your PhonePe by mistake. Please refund it to this UPI ID: puehnytr@paytm,No,No,No
spam,"Sorry, I transferred Rs.765 to the wrong number by mistake, this looks like your account. Kindly send it back to rjarknq57@oksbi.",No,No,No
spam,Your ICICI Bank personal loan of Rs.603 is pre-approved. Share your bank account and Aadhaar details to process.,No,No,No
spam,Your Canara Bank personal loan of Rs.547 is pre-approved. Share your bank account and Aadhaar details to process.,No,No,No
spam,"By mistake Rs.95,906 got transferred to your account from mine, please refund at the earliest to hzmniold@ibl.",No,No,No
spam,"Congratulations, your application under State Scholarship Scheme has been approved for Rs.5,544. Send your bank details for disbursement.",No,No,No
spam,"Sorry, I transferred Rs.3,637 to the wrong number by mistake, this looks like your account. Kindly send it back to tgkobh@okhdfcbank.",No,No,No
spam,"Your Axis Bank personal loan of Rs.4,040 is pre-approved. Share your bank account and Aadhaar details to process.",No,No,No
spam,"You have been selected for a work-from-home job with Flipkart. Share your bank details to receive the joining bonus of Rs.7,529.",No,No,No
spam,I accidentally sent Rs.577 to your Paytm by mistake. Please refund it to this UPI ID: oidceezl@axl,No,No,No
spam,"Post Matric Scholarship Alert: You are eligible for Rs.3,176 under the scheme. Share your Aadhaar and bank account number to claim.",No,No,No
spam,"Your Axis Bank personal loan of Rs.30,913 is pre-approved. Share your bank account and Aadhaar details to process.",No,No,No
spam,"Sorry, I transferred Rs.713 to the wrong number by mistake, this looks like your account. Kindly send it back to zoifi55@okhdfcbank.",No,No,No
spam,I accidentally sent Rs.843 to your Google Pay by mistake. Please refund it to this UPI ID: xidbwla29@paytm,No,No,No
spam,"By mistake Rs.860 got transferred to your account from mine, please refund at the earliest to iefvvurz17@axl.",No,No,No
spam,Your insurance policy maturity amount of Rs.658 is ready. Send your bank passbook details to receive payment.,No,No,No
spam,"Hi, I think I sent Rs.9,249 to you by error while paying someone else. Please return it to UPI ID xfnynt91@oksbi, thank you.",No,No,No
spam,Your insurance policy maturity amount of Rs.915 is ready. Send your bank passbook details to receive payment.,No,No,No
spam,"Your Bank of Baroda personal loan of Rs.5,988 is pre-approved. Share your bank account and Aadhaar details to process.",No,No,No
spam,"You have been selected for a work-from-home job with TCS. Share your bank details to receive the joining bonus of Rs.8,303.",No,No,No
spam,"You have been selected for a work-from-home job with Infosys. Share your bank details to receive the joining bonus of Rs.9,546.",No,No,No
spam,"I accidentally sent Rs.21,731 to your Google Pay by mistake. Please refund it to this UPI ID: lafrw72@oksbi",No,No,No
spam,"Your SBI personal loan of Rs.76,424 is pre-approved. Share your bank account and Aadhaar details to process.",No,No,No
spam,"Your insurance policy maturity amount of Rs.54,781 is ready. Send your bank passbook details to receive payment.",No,No,No
spam,"Hi, I think I sent Rs.12,815 to you by error while paying someone else. Please return it to UPI ID ntsuhe@ibl, thank you.",No,No,No
spam,Your ICICI Bank personal loan of Rs.887 is pre-approved. Share your bank account and Aadhaar details to process.,No,No,No
spam,"PMAY: Your scholarship benefit of Rs.1,299 is ready for transfer. Submit your bank passbook details to receive it.",No,No,No
spam,"Hi, I think I sent Rs.931 to you by error while paying someone else. Please return it to UPI ID wmnwzhkh67@ybl, thank you.",No,No,No
spam,"State Scholarship Scheme Alert: You are eligible for Rs.75,736 under the scheme. Share your Aadhaar and bank account number to claim.",No,No,No
spam,"You have been selected for a work-from-home job with HCL. Share your bank details to receive the joining bonus of Rs.5,953.",No,No,No
spam,National Scholarship Portal Alert: You are eligible for Rs.585 under the scheme. Share your Aadhaar and bank account number to claim.,No,No,No
spam,"You have been selected for a work-from-home job with Infosys. Share your bank details to receive the joining bonus of Rs.8,920.",No,No,No
spam,Your Punjab National Bank personal loan of Rs.876 is pre-approved. Share your bank account and Aadhaar details to process.,No,No,No
spam,"Your Bank of Baroda personal loan of Rs.18,139 is pre-approved. Share your bank account and Aadhaar details to process.",No,No,No
spam,"Congratulations, your application under PMAY has been approved for Rs.605. Send your bank details for disbursement.",No,No,No
spam,"By mistake Rs.561 got transferred to your account from mine, please refund at the earliest to iuskisua@ibl.",No,No,No
spam,"Congratulations, your application under Ayushman Bharat has been approved for Rs.8,492. Send your bank details for disbursement.",No,No,No
spam,"You have been selected for a work-from-home job with Amazon. Share your bank details to receive the joining bonus of Rs.30,873.",No,No,No
spam,"Your Canara Bank personal loan of Rs.2,775 is pre-approved. Share your bank account and Aadhaar details to process.",No,No,No
spam,"Congratulations, your application under PM Ujjwala Yojana has been approved for Rs.8,587. Send your bank details for disbursement.",No,No,No
spam,"Sorry, I transferred Rs.592 to the wrong number by mistake, this looks like your account. Kindly send it back to isghg31@ybl.",No,No,No
spam,LPG Subsidy Scheme: Your scholarship benefit of Rs.801 is ready for transfer. Submit your bank passbook details to receive it.,No,No,No
spam,"Hi, I think I sent Rs.57,234 to you by error while paying someone else. Please return it to UPI ID pzfsq@okicici, thank you.",No,No,No
spam,"You have been selected for a work-from-home job with Amazon. Share your bank details to receive the joining bonus of Rs.90,747.",No,No,No
spam,"By mistake Rs.4,799 got transferred to your account from mine, please refund at the earliest to parfrv@okicici.",No,No,No
spam,"State Scholarship Scheme: Your scholarship benefit of Rs.11,427 is ready for transfer. Submit your bank passbook details to receive it.",No,No,No
spam,"Post Matric Scholarship Alert: You are eligible for Rs.3,941 under the scheme. Share your Aadhaar and bank account number to claim.",No,No,No
spam,I accidentally sent Rs.637 to your Paytm by mistake. Please refund it to this UPI ID: tkytem25@axl,No,No,No
spam,"PM Kisan Samman Nidhi Alert: You are eligible for Rs.42,910 under the scheme. Share your Aadhaar and bank account number to claim.",No,No,No
spam,"Sorry, I transferred Rs.62,048 to the wrong number by mistake, this looks like your account. Kindly send it back to jacbc59@paytm.",No,No,No
spam,"Sorry, I transferred Rs.28,482 to the wrong number by mistake, this looks like your account. Kindly send it back to qpuxsr@oksbi.",No,No,No
spam,"Congratulations, your application under State Scholarship Scheme has been approved for Rs.661. Send your bank details for disbursement.",No,No,No
spam,"I accidentally sent Rs.15,049 to your Paytm by mistake. Please refund it to this UPI ID: mfcqzy@axl",No,No,No
spam,Your insurance policy maturity amount of Rs.884 is ready. Send your bank passbook details to receive payment.,No,No,No
spam,"By mistake Rs.7,685 got transferred to your account from mine, please refund at the earliest to gpzyd@ybl.",No,No,No
spam,Your ICICI Bank personal loan of Rs.854 is pre-approved. Share your bank account and Aadhaar details to process.,No,No,No
spam,"I accidentally sent Rs.70,300 to your Amazon Pay by mistake. Please refund it to this UPI ID: fnhkyk@oksbi",No,No,No
spam,"Your insurance policy maturity amount of Rs.1,038 is ready. Send your bank passbook details to receive payment.",No,No,No
spam,"Sorry, I transferred Rs.4,447 to the wrong number by mistake, this looks like your account. Kindly send it back to cyajpnqg@oksbi.",No,No,No
spam,"Sorry, I transferred Rs.72,209 to the wrong number by mistake, this looks like your account. Kindly send it back to ozznm11@okicici.",No,No,No
spam,"By mistake Rs.49,221 got transferred to your account from mine, please refund at the earliest to jfrzfot@axl.",No,No,No
spam,"Sorry, I transferred Rs.1,959 to the wrong number by mistake, this looks like your account. Kindly send it back to ddlwl@ibl.",No,No,No
spam,"You have been selected for a work-from-home job with Wipro. Share your bank details to receive the joining bonus of Rs.6,146.",No,No,No
spam,"Hi, I think I sent Rs.804 to you by error while paying someone else. Please return it to UPI ID dfeirgvp@ibl, thank you.",No,No,No
spam,"By mistake Rs.91,841 got transferred to your account from mine, please refund at the earliest to asfhqg@oksbi.",No,No,No
spam,"By mistake Rs.57,059 got transferred to your account from mine, please refund at the earliest to cmyrx70@okhdfcbank.",No,No,No
spam,"Congratulations, your application under PM Ujjwala Yojana has been approved for Rs.32,184. Send your bank details for disbursement.",No,No,No
spam,"Your insurance policy maturity amount of Rs.16,717 is ready. Send your bank passbook details to receive payment.",No,No,No
spam,"Congratulations, your application under Post Matric Scholarship has been approved for Rs.24,828. Send your bank details for disbursement.",No,No,No
spam,"Sorry, I transferred Rs.86,063 to the wrong number by mistake, this looks like your account. Kindly send it back to osgoyz38@ibl.",No,No,No
spam,"LPG Subsidy Scheme Alert: You are eligible for Rs.60,741 under the scheme. Share your Aadhaar and bank account number to claim.",No,No,No
spam,I accidentally sent Rs.869 to your Paytm by mistake. Please refund it to this UPI ID: irebdubw17@axl,No,No,No
spam,"You have been selected for a work-from-home job with Flipkart. Share your bank details to receive the joining bonus of Rs.57,718.",No,No,No
spam,"Your insurance policy maturity amount of Rs.1,192 is ready. Send your bank passbook details to receive payment.",No,No,No
spam,"Hi, I think I sent Rs.645 to you by error while paying someone else. Please return it to UPI ID fhyaolo@okicici, thank you.",No,No,No
spam,"Hi, I think I sent Rs.796 to you by error while paying someone else. Please return it to UPI ID jnofhq@okicici, thank you.",No,No,No
spam,"By mistake Rs.35,851 got transferred to your account from mine, please refund at the earliest to aadrvxl@paytm.",No,No,No
spam,"Hi, I think I sent Rs.1,862 to you by error while paying someone else. Please return it to UPI ID leqcvp75@axl, thank you.",No,No,No
spam,"Congratulations, your application under Post Matric Scholarship has been approved for Rs.730. Send your bank details for disbursement.",No,No,No
spam,"By mistake Rs.541 got transferred to your account from mine, please refund at the earliest to pkajsu33@ibl.",No,No,No
spam,"Ayushman Bharat Alert: You are eligible for Rs.63,518 under the scheme. Share your Aadhaar and bank account number to claim.",No,No,No
spam,"National Scholarship Portal: Your scholarship benefit of Rs.42,253 is ready for transfer. Submit your bank passbook details to receive it.",No,No,No
spam,Ayushman Bharat: Your scholarship benefit of Rs.904 is ready for transfer. Submit your bank passbook details to receive it.,No,No,No
spam,I accidentally sent Rs.620 to your PhonePe by mistake. Please refund it to this UPI ID: amcqhdn44@ybl,No,No,No
spam,"Congratulations, your application under National Scholarship Portal has been approved for Rs.8,283. Send your bank details for disbursement.",No,No,No
spam,"Sorry, I transferred Rs.975 to the wrong number by mistake, this looks like your account. Kindly send it back to pzvefgtc@axl.",No,No,No
spam,"Sorry, I transferred Rs.7,973 to the wrong number by mistake, this looks like your account. Kindly send it back to xmxbh45@paytm.",No,No,No
spam,"I accidentally sent Rs.3,602 to your Paytm by mistake. Please refund it to this UPI ID: yrzxnffn@paytm",No,No,No
spam,PMAY Alert: You are eligible for Rs.805 under the scheme. Share your Aadhaar and bank account number to claim.,No,No,No
spam,"You have been selected for a work-from-home job with Infosys. Share your bank details to receive the joining bonus of Rs.10,244.",No,No,No
spam,"Congratulations, your application under Ayushman Bharat has been approved for Rs.93,211. Send your bank details for disbursement.",No,No,No
spam,"Hi, I think I sent Rs.855 to you by error while paying someone else. Please return it to UPI ID qulln@axl, thank you.",No,No,No
spam,"LPG Subsidy Scheme: Your scholarship benefit of Rs.2,386 is ready for transfer. Submit your bank passbook details to receive it.",No,No,No
spam,"You have been selected for a work-from-home job with HCL. Share your bank details to receive the joining bonus of Rs.8,364.",No,No,No
spam,I accidentally sent Rs.619 to your Amazon Pay by mistake. Please refund it to this UPI ID: ekiocitk17@ibl,No,No,No
spam,"Your insurance policy maturity amount of Rs.6,445 is ready. Send your bank passbook details to receive payment.",No,No,No
spam,"By mistake Rs.626 got transferred to your account from mine, please refund at the earliest to unipqcn@okhdfcbank.",No,No,No
spam,"I accidentally sent Rs.7,865 to your Paytm by mistake. Please refund it to this UPI ID: bvtagl60@paytm",No,No,No
spam,"Congratulations, your application under PM Kisan Samman Nidhi has been approved for Rs.587. Send your bank details for disbursement.",No,No,No
spam,"PM Ujjwala Yojana Alert: You are eligible for Rs.76,692 under the scheme. Share your Aadhaar and bank account number to claim.",No,No,No
spam,"Your Canara Bank personal loan of Rs.37,665 is pre-approved. Share your bank account and Aadhaar details to process.",No,No,No
spam,Your insurance policy maturity amount of Rs.607 is ready. Send your bank passbook details to receive payment.,No,No,No
spam,LPG Subsidy Scheme: Your scholarship benefit of Rs.662 is ready for transfer. Submit your bank passbook details to receive it.,No,No,No
spam,"By mistake Rs.75,472 got transferred to your account from mine, please refund at the earliest to ddmtlbo@okhdfcbank.",No,No,No
spam,"Sorry, I transferred Rs.7,887 to the wrong number by mistake, this looks like your account. Kindly send it back to iaswsfhb@paytm.",No,No,No
spam,"I accidentally sent Rs.38,351 to your Amazon Pay by mistake. Please refund it to this UPI ID: hqfni@axl",No,No,No
spam,"By mistake Rs.3,680 got transferred to your account from mine, please refund at the earliest to lxqztlf81@okhdfcbank.",No,No,No
spam,Your insurance policy maturity amount of Rs.827 is ready. Send your bank passbook details to receive payment.,No,No,No
spam,"Hi, I think I sent Rs.774 to you by error while paying someone else. Please return it to UPI ID bzexugzg92@okhdfcbank, thank you.",No,No,No
spam,"Hi, I think I sent Rs.856 to you by error while paying someone else. Please return it to UPI ID cljuk@okicici, thank you.",No,No,No
spam,"Ayushman Bharat: Your scholarship benefit of Rs.17,613 is ready for transfer. Submit your bank passbook details to receive it.",No,No,No
spam,"By mistake Rs.810 got transferred to your account from mine, please refund at the earliest to opmunaa@okhdfcbank.",No,No,No
spam,You have been selected for a work-from-home job with HCL. Share your bank details to receive the joining bonus of Rs.711.,No,No,No
spam,Your insurance policy maturity amount of Rs.619 is ready. Send your bank passbook details to receive payment.,No,No,No
spam,"Your Punjab National Bank personal loan of Rs.25,131 is pre-approved. Share your bank account and Aadhaar details to process.",No,No,No
spam,"You have been selected for a work-from-home job with TCS. Share your bank details to receive the joining bonus of Rs.8,584.",No,No,No
spam,You have been selected for a work-from-home job with Infosys. Share your bank details to receive the joining bonus of Rs.768.,No,No,No
spam,"I accidentally sent Rs.7,925 to your Paytm by mistake. Please refund it to this UPI ID: hpnpkxrk54@ybl",No,No,No
spam,Ayushman Bharat Alert: You are eligible for Rs.611 under the scheme. Share your Aadhaar and bank account number to claim.,No,No,No
spam,"Hi, I think I sent Rs.99,167 to you by error while paying someone else. Please return it to UPI ID nfrbwex@okhdfcbank, thank you.",No,No,No
spam,"Sorry, I transferred Rs.93,973 to the wrong number by mistake, this looks like your account. Kindly send it back to vbkhj@paytm.",No,No,No
spam,"Hi, I think I sent Rs.647 to you by error while paying someone else. Please return it to UPI ID vqjtxuh@ybl, thank you.",No,No,No
spam,"Your Axis Bank personal loan of Rs.6,558 is pre-approved. Share your bank account and Aadhaar details to process.",No,No,No
spam,"PM Ujjwala Yojana Alert: You are eligible for Rs.50,812 under the scheme. Share your Aadhaar and bank account number to claim.",No,No,No
spam,"Hi, I think I sent Rs.18,164 to you by error while paying someone else. Please return it to UPI ID ynrjgu80@okhdfcbank, thank you.",No,No,No
spam,Your Kotak Mahindra Bank personal loan of Rs.925 is pre-approved. Share your bank account and Aadhaar details to process.,No,No,No
spam,"Sorry, I transferred Rs.10,001 to the wrong number by mistake, this looks like your account. Kindly send it back to kpjanmxf24@paytm.",No,No,No
spam,"Your Axis Bank personal loan of Rs.5,647 is pre-approved. Share your bank account and Aadhaar details to process.",No,No,No
spam,"Your insurance policy maturity amount of Rs.3,789 is ready. Send your bank passbook details to receive payment.",No,No,No
spam,"You have been selected for a work-from-home job with Reliance. Share your bank details to receive the joining bonus of Rs.9,589.",No,No,No
spam,"By mistake Rs.95,992 got transferred to your account from mine, please refund at the earliest to atrnnjs@okicici.",No,No,No
spam,Your insurance policy maturity amount of Rs.664 is ready. Send your bank passbook details to receive payment.,No,No,No
spam,Your Punjab National Bank personal loan of Rs.846 is pre-approved. Share your bank account and Aadhaar details to process.,No,No,No
spam,PM Ujjwala Yojana: Your scholarship benefit of Rs.705 is ready for transfer. Submit your bank passbook details to receive it.,No,No,No
spam,"Your insurance policy maturity amount of Rs.6,297 is ready. Send your bank passbook details to receive payment.",No,No,No
spam,Your HDFC Bank personal loan of Rs.863 is pre-approved. Share your bank account and Aadhaar details to process.,No,No,No
spam,State Scholarship Scheme Alert: You are eligible for Rs.875 under the scheme. Share your Aadhaar and bank account number to claim.,No,No,No
spam,"Your Punjab National Bank personal loan of Rs.9,368 is pre-approved. Share your bank account and Aadhaar details to process.",No,No,No
spam,"Your Punjab National Bank personal loan of Rs.60,973 is pre-approved. Share your bank account and Aadhaar details to process.",No,No,No
spam,State Scholarship Scheme Alert: You are eligible for Rs.693 under the scheme. Share your Aadhaar and bank account number to claim.,No,No,No
spam,"PMAY Alert: You are eligible for Rs.75,414 under the scheme. Share your Aadhaar and bank account number to claim.",No,No,No
spam,I accidentally sent Rs.928 to your Amazon Pay by mistake. Please refund it to this UPI ID: awaww90@axl,No,No,No
spam,"Sorry, I transferred Rs.694 to the wrong number by mistake, this looks like your account. Kindly send it back to nstujvb@okhdfcbank.",No,No,No
spam,"Sorry, I transferred Rs.38,095 to the wrong number by mistake, this looks like your account. Kindly send it back to yzvbkjf@ybl.",No,No,No
spam,"Sorry, I transferred Rs.64,960 to the wrong number by mistake, this looks like your account. Kindly send it back to maadto42@ybl.",No,No,No
spam,"State Scholarship Scheme Alert: You are eligible for Rs.1,239 under the scheme. Share your Aadhaar and bank account number to claim.",No,No,No
spam,Your Axis Bank personal loan of Rs.569 is pre-approved. Share your bank account and Aadhaar details to process.,No,No,No
spam,"By mistake Rs.8,963 got transferred to your account from mine, please refund at the earliest to rqlxug26@okicici.",No,No,No
spam,LPG Subsidy Scheme Alert: You are eligible for Rs.593 under the scheme. Share your Aadhaar and bank account number to claim.,No,No,No
spam,"Your ICICI Bank personal loan of Rs.56,102 is pre-approved. Share your bank account and Aadhaar details to process.",No,No,No
spam,Ayushman Bharat: Your scholarship benefit of Rs.948 is ready for transfer. Submit your bank passbook details to receive it.,No,No,No
spam,"National Scholarship Portal: Your scholarship benefit of Rs.9,410 is ready for transfer. Submit your bank passbook details to receive it.",No,No,No
spam,"PMAY: Your scholarship benefit of Rs.11,596 is ready for transfer. Submit your bank passbook details to receive it.",No,No,No
spam,"Your insurance policy maturity amount of Rs.8,409 is ready. Send your bank passbook details to receive payment.",No,No,No
spam,"Congratulations, your application under National Scholarship Portal has been approved for Rs.4,358. Send your bank details for disbursement.",No,No,No
spam,National Scholarship Portal: Your scholarship benefit of Rs.529 is ready for transfer. Submit your bank passbook details to receive it.,No,No,No
spam,"Post Matric Scholarship Alert: You are eligible for Rs.6,101 under the scheme. Share your Aadhaar and bank account number to claim.",No,No,No
spam,"Sorry, I transferred Rs.37,940 to the wrong number by mistake, this looks like your account. Kindly send it back to lcdyui@okhdfcbank.",No,No,No
spam,I accidentally sent Rs.875 to your Amazon Pay by mistake. Please refund it to this UPI ID: unmxj@oksbi,No,No,No
spam,Your insurance policy maturity amount of Rs.842 is ready. Send your bank passbook details to receive payment.,No,No,No
spam,"By mistake Rs.70,380 got transferred to your account from mine, please refund at the earliest to icbsm54@paytm.",No,No,No
spam,"By mistake Rs.6,777 got transferred to your account from mine, please refund at the earliest to xqgause@oksbi.",No,No,No
spam,"I accidentally sent Rs.36,880 to your Google Pay by mistake. Please refund it to this UPI ID: ryuiz60@axl",No,No,No
spam,"Congratulations, your application under National Scholarship Portal has been approved for Rs.566. Send your bank details for disbursement.",No,No,No
spam,"By mistake Rs.80,613 got transferred to your account from mine, please refund at the earliest to pxfeov22@oksbi.",No,No,No
spam,"I accidentally sent Rs.9,919 to your Paytm by mistake. Please refund it to this UPI ID: njkkiiqy24@ibl",No,No,No
spam,"Congratulations, your application under PM Kisan Samman Nidhi has been approved for Rs.1,851. Send your bank details for disbursement.",No,No,No
spam,"PM Ujjwala Yojana: Your scholarship benefit of Rs.3,065 is ready for transfer. Submit your bank passbook details to receive it.",No,No,No
spam,"Sorry, I transferred Rs.3,089 to the wrong number by mistake, this looks like your account. Kindly send it back to ldpgqxxe@ybl.",No,No,No
spam,"National Scholarship Portal Alert: You are eligible for Rs.72,192 under the scheme. Share your Aadhaar and bank account number to claim.",No,No,No
spam,"Your insurance policy maturity amount of Rs.53,843 is ready. Send your bank passbook details to receive payment.",No,No,No
spam,"I accidentally sent Rs.38,456 to your Paytm by mistake. Please refund it to this UPI ID: fnvnbg84@axl",No,No,No
spam,"Your insurance policy maturity amount of Rs.4,331 is ready. Send your bank passbook details to receive payment.",No,No,No
spam,"Sorry, I transferred Rs.720 to the wrong number by mistake, this looks like your account. Kindly send it back to kpvnzr42@okicici.",No,No,No
spam,"I accidentally sent Rs.79,566 to your Amazon Pay by mistake. Please refund it to this UPI ID: dhxej@okhdfcbank",No,No,No
spam,"Your Bank of Baroda personal loan of Rs.14,017 is pre-approved. Share your bank account and Aadhaar details to process.",No,No,No
spam,"Congratulations, your application under State Scholarship Scheme has been approved for Rs.67,263. Send your bank details for disbursement.",No,No,No
spam,"State Scholarship Scheme: Your scholarship benefit of Rs.8,917 is ready for transfer. Submit your bank passbook details to receive it.",No,No,No
spam,"I accidentally sent Rs.29,574 to your Paytm by mistake. Please refund it to this UPI ID: epggih40@ybl",No,No,No
spam,"Sorry, I transferred Rs.1,730 to the wrong number by mistake, this looks like your account. Kindly send it back to krtlglko@paytm.",No,No,No
spam,PM Kisan Samman Nidhi: Your scholarship benefit of Rs.888 is ready for transfer. Submit your bank passbook details to receive it.,No,No,No
spam,"Congratulations, your application under State Scholarship Scheme has been approved for Rs.79,574. Send your bank details for disbursement.",No,No,No
spam,"PMAY Alert: You are eligible for Rs.6,401 under the scheme. Share your Aadhaar and bank account number to claim.",No,No,No
spam,"By mistake Rs.8,894 got transferred to your account from mine, please refund at the earliest to desxng@paytm.",No,No,No
spam,Your insurance policy maturity amount of Rs.533 is ready. Send your bank passbook details to receive payment.,No,No,No
spam,"I accidentally sent Rs.36,329 to your PhonePe by mistake. Please refund it to this UPI ID: tmlra19@okicici",No,No,No
spam,I accidentally sent Rs.801 to your Paytm by mistake. Please refund it to this UPI ID: wxrpdgt25@paytm,No,No,No
spam,"By mistake Rs.3,262 got transferred to your account from mine, please refund at the earliest to rvxmro77@ibl.",No,No,No
spam,"You have been selected for a work-from-home job with HCL. Share your bank details to receive the joining bonus of Rs.7,859.",No,No,No
spam,"PM Kisan Samman Nidhi: Your scholarship benefit of Rs.5,804 is ready for transfer. Submit your bank passbook details to receive it.",No,No,No
spam,"I accidentally sent Rs.94,061 to your Google Pay by mistake. Please refund it to this UPI ID: nvlie45@ibl",No,No,No
spam,State Scholarship Scheme Alert: You are eligible for Rs.900 under the scheme. Share your Aadhaar and bank account number to claim.,No,No,No
spam,"Hi, I think I sent Rs.987 to you by error while paying someone else. Please return it to UPI ID infytcjh@paytm, thank you.",No,No,No
spam,"Congratulations, your application under PM Ujjwala Yojana has been approved for Rs.81,420. Send your bank details for disbursement.",No,No,No
spam,LPG Subsidy Scheme Alert: You are eligible for Rs.519 under the scheme. Share your Aadhaar and bank account number to claim.,No,No,No
spam,"By mistake Rs.555 got transferred to your account from mine, please refund at the earliest to wikgwbt@okicici.",No,No,No
spam,"Sorry, I transferred Rs.81,369 to the wrong number by mistake, this looks like your account. Kindly send it back to wrpqzvt@axl.",No,No,No
spam,"By mistake Rs.5,614 got transferred to your account from mine, please refund at the earliest to pohuyueu21@paytm.",No,No,No
spam,"Congratulations, your application under PMAY has been approved for Rs.16,801. Send your bank details for disbursement.",No,No,No
spam,"By mistake Rs.4,620 got transferred to your account from mine, please refund at the earliest to tvwcbv@oksbi.",No,No,No
spam,"Sorry, I transferred Rs.27,267 to the wrong number by mistake, this looks like your account. Kindly send it back to xagupzv25@paytm.",No,No,No
spam,"Ayushman Bharat Alert: You are eligible for Rs.29,980 under the scheme. Share your Aadhaar and bank account number to claim.",No,No,No
spam,"Your SBI personal loan of Rs.14,646 is pre-approved. Share your bank account and Aadhaar details to process.",No,No,No
spam,"By mistake Rs.92,902 got transferred to your account from mine, please refund at the earliest to onvhcssk@okicici.",No,No,No
spam,"Hi, I think I sent Rs.93,307 to you by error while paying someone else. Please return it to UPI ID drauybiz@oksbi, thank you.",No,No,No
spam,"Ayushman Bharat Alert: You are eligible for Rs.1,796 under the scheme. Share your Aadhaar and bank account number to claim.",No,No,No
spam,"Congratulations, your application under National Scholarship Portal has been approved for Rs.72,394. Send your bank details for disbursement.",No,No,No
spam,"Sorry, I transferred Rs.7,996 to the wrong number by mistake, this looks like your account. Kindly send it back to xoryvv64@axl.",No,No,No
spam,"Post Matric Scholarship Alert: You are eligible for Rs.4,182 under the scheme. Share your Aadhaar and bank account number to claim.",No,No,No
spam,"By mistake Rs.9,876 got transferred to your account from mine, please refund at the earliest to kxfgifi62@ybl.",No,No,No
spam,"Sorry, I transferred Rs.4,728 to the wrong number by mistake, this looks like your account. Kindly send it back to tfrhrhxg@ibl.",No,No,No
spam,"PM Ujjwala Yojana: Your scholarship benefit of Rs.9,799 is ready for transfer. Submit your bank passbook details to receive it.",No,No,No
spam,"By mistake Rs.36,215 got transferred to your account from mine, please refund at the earliest to swohcab@axl.",No,No,No
spam,"Sorry, I transferred Rs.29,539 to the wrong number by mistake, this looks like your account. Kindly send it back to qzzjtww76@ibl.",No,No,No
spam,"LPG Subsidy Scheme Alert: You are eligible for Rs.84,874 under the scheme. Share your Aadhaar and bank account number to claim.",No,No,No
spam,"I accidentally sent Rs.7,028 to your Google Pay by mistake. Please refund it to this UPI ID: kwcedxp@okicici",No,No,No
spam,Your Axis Bank personal loan of Rs.594 is pre-approved. Share your bank account and Aadhaar details to process.,No,No,No
spam,"Hi, I think I sent Rs.2,325 to you by error while paying someone else. Please return it to UPI ID vamoniny46@oksbi, thank you.",No,No,No
spam,"Your insurance policy maturity amount of Rs.7,466 is ready. Send your bank passbook details to receive payment.",No,No,No
spam,State Scholarship Scheme Alert: You are eligible for Rs.763 under the scheme. Share your Aadhaar and bank account number to claim.,No,No,No
spam,"Congratulations, your application under LPG Subsidy Scheme has been approved for Rs.41,119. Send your bank details for disbursement.",No,No,No
spam,Your insurance policy maturity amount of Rs.886 is ready. Send your bank passbook details to receive payment.,No,No,No
spam,Post Matric Scholarship Alert: You are eligible for Rs.947 under the scheme. Share your Aadhaar and bank account number to claim.,No,No,No
spam,"By mistake Rs.950 got transferred to your account from mine, please refund at the earliest to wvqwjgt85@ibl.",No,No,No
spam,"Hi, I think I sent Rs.671 to you by error while paying someone else. Please return it to UPI ID ghuanmig35@paytm, thank you.",No,No,No
spam,Your HDFC Bank personal loan of Rs.885 is pre-approved. Share your bank account and Aadhaar details to process.,No,No,No
spam,Ayushman Bharat Alert: You are eligible for Rs.789 under the scheme. Share your Aadhaar and bank account number to claim.,No,No,No
spam,I accidentally sent Rs.838 to your Google Pay by mistake. Please refund it to this UPI ID: lurgeg@oksbi,No,No,No
spam,"By mistake Rs.14,530 got transferred to your account from mine, please refund at the earliest to nrzoygb@ibl.",No,No,No
spam,"Sorry, I transferred Rs.8,761 to the wrong number by mistake, this looks like your account. Kindly send it back to hygehw66@okicici.",No,No,No
spam,"Hi, I think I sent Rs.49,608 to you by error while paying someone else. Please return it to UPI ID ebehzwi@ibl, thank you.",No,No,No
spam,"LPG Subsidy Scheme: Your scholarship benefit of Rs.1,199 is ready for transfer. Submit your bank passbook details to receive it.",No,No,No
spam,"Post Matric Scholarship: Your scholarship benefit of Rs.15,645 is ready for transfer. Submit your bank passbook details to receive it.",No,No,No
spam,"Your HDFC Bank personal loan of Rs.37,593 is pre-approved. Share your bank account and Aadhaar details to process.",No,No,No
spam,National Scholarship Portal: Your scholarship benefit of Rs.821 is ready for transfer. Submit your bank passbook details to receive it.,No,No,No
spam,"Hi, I think I sent Rs.890 to you by error while paying someone else. Please return it to UPI ID pxahb63@ybl, thank you.",No,No,No
spam,"You have been selected for a work-from-home job with HCL. Share your bank details to receive the joining bonus of Rs.8,472.",No,No,No
spam,"Sorry, I transferred Rs.7,841 to the wrong number by mistake, this looks like your account. Kindly send it back to mdekblk58@paytm.",No,No,No
spam,"Sorry, I transferred Rs.646 to the wrong number by mistake, this looks like your account. Kindly send it back to nktqosj46@ibl.",No,No,No
spam,"Congratulations, your application under LPG Subsidy Scheme has been approved for Rs.778. Send your bank details for disbursement.",No,No,No
spam,"Congratulations, your application under PMAY has been approved for Rs.856. Send your bank details for disbursement.",No,No,No
spam,I accidentally sent Rs.531 to your Paytm by mistake. Please refund it to this UPI ID: gduslmwr@oksbi,No,No,No
spam,You have been selected for a work-from-home job with TCS. Share your bank details to receive the joining bonus of Rs.913.,No,No,No
spam,"By mistake Rs.77,156 got transferred to your account from mine, please refund at the earliest to beqrlv16@oksbi.",No,No,No
spam,"Hi, I think I sent Rs.660 to you by error while paying someone else. Please return it to UPI ID kmhpt@okicici, thank you.",No,No,No
spam,"You have been selected for a work-from-home job with Flipkart. Share your bank details to receive the joining bonus of Rs.2,850.",No,No,No
spam,"By mistake Rs.37,482 got transferred to your account from mine, please refund at the earliest to mdqvs72@oksbi.",No,No,No
spam,"Hi, I think I sent Rs.547 to you by error while paying someone else. Please return it to UPI ID omfxfwzc39@oksbi, thank you.",No,No,No
spam,"Your Bank of Baroda personal loan of Rs.1,992 is pre-approved. Share your bank account and Aadhaar details to process.",No,No,No
spam,Your Axis Bank personal loan of Rs.813 is pre-approved. Share your bank account and Aadhaar details to process.,No,No,No
spam,"Your insurance policy maturity amount of Rs.8,771 is ready. Send your bank passbook details to receive payment.",No,No,No
spam,"PM Ujjwala Yojana: Your scholarship benefit of Rs.33,280 is ready for transfer. Submit your bank passbook details to receive it.",No,No,No
spam,"I accidentally sent Rs.63,859 to your PhonePe by mistake. Please refund it to this UPI ID: btouv@okicici",No,No,No
spam,"Hi, I think I sent Rs.940 to you by error while paying someone else. Please return it to UPI ID dbcauwaj@oksbi, thank you.",No,No,No
spam,"Congratulations, your application under State Scholarship Scheme has been approved for Rs.77,477. Send your bank details for disbursement.",No,No,No
spam,"Hi, I think I sent Rs.866 to you by error while paying someone else. Please return it to UPI ID sjtxxgb26@okhdfcbank, thank you.",No,No,No
spam,You have been selected for a work-from-home job with Reliance. Share your bank details to receive the joining bonus of Rs.756.,No,No,No
spam,PMAY: Your scholarship benefit of Rs.863 is ready for transfer. Submit your bank passbook details to receive it.,No,No,No
spam,"LPG Subsidy Scheme: Your scholarship benefit of Rs.41,566 is ready for transfer. Submit your bank passbook details to receive it.",No,No,No
spam,"I accidentally sent Rs.86,543 to your Google Pay by mistake. Please refund it to this UPI ID: obbcbf38@okicici",No,No,No
spam,"Sorry, I transferred Rs.16,076 to the wrong number by mistake, this looks like your account. Kindly send it back to zpyvf@axl.",No,No,No
spam,"Hi, I think I sent Rs.4,892 to you by error while paying someone else. Please return it to UPI ID vbyjhdpe94@paytm, thank you.",No,No,No
spam,"By mistake Rs.923 got transferred to your account from mine, please refund at the earliest to hcgvjm@okicici.",No,No,No
spam,"I accidentally sent Rs.83,115 to your Amazon Pay by mistake. Please refund it to this UPI ID: pushesu@ibl",No,No,No
spam,"Your insurance policy maturity amount of Rs.68,993 is ready. Send your bank passbook details to receive payment.",No,No,No
spam,PMAY Alert: You are eligible for Rs.604 under the scheme. Share your Aadhaar and bank account number to claim.,No,No,No
spam,"You have been selected for a work-from-home job with HCL. Share your bank details to receive the joining bonus of Rs.9,149.",No,No,No
spam,"By mistake Rs.842 got transferred to your account from mine, please refund at the earliest to jadlggmb75@axl.",No,No,No
spam,State Scholarship Scheme: Your scholarship benefit of Rs.900 is ready for transfer. Submit your bank passbook details to receive it.,No,No,No
spam,"Hi, I think I sent Rs.1,048 to you by error while paying someone else. Please return it to UPI ID qtsvmue78@ibl, thank you.",No,No,No
spam,"LPG Subsidy Scheme: Your scholarship benefit of Rs.99,392 is ready for transfer. Submit your bank passbook details to receive it.",No,No,No
spam,You have been selected for a work-from-home job with TCS. Share your bank details to receive the joining bonus of Rs.720.,No,No,No
spam,"Congratulations, your application under PMAY has been approved for Rs.1,166. Send your bank details for disbursement.",No,No,No
spam,"By mistake Rs.46,553 got transferred to your account from mine, please refund at the earliest to sthuiu@okicici.",No,No,No
spam,"By mistake Rs.531 got transferred to your account from mine, please refund at the earliest to mbsqgwm@okhdfcbank.",No,No,No
spam,"PM Ujjwala Yojana Alert: You are eligible for Rs.8,524 under the scheme. Share your Aadhaar and bank account number to claim.",No,No,No
spam,Your insurance policy maturity amount of Rs.931 is ready. Send your bank passbook details to receive payment.,No,No,No
spam,"You have been selected for a work-from-home job with TCS. Share your bank details to receive the joining bonus of Rs.12,077.",No,No,No
spam,"Your Kotak Mahindra Bank personal loan of Rs.85,390 is pre-approved. Share your bank account and Aadhaar details to process.",No,No,No
spam,You have been selected for a work-from-home job with Infosys. Share your bank details to receive the joining bonus of Rs.634.,No,No,No
spam,"Congratulations, your application under Post Matric Scholarship has been approved for Rs.29,150. Send your bank details for disbursement.",No,No,No
spam,Your insurance policy maturity amount of Rs.976 is ready. Send your bank passbook details to receive payment.,No,No,No
spam,Your ICICI Bank personal loan of Rs.882 is pre-approved. Share your bank account and Aadhaar details to process.,No,No,No
spam,Ayushman Bharat: Your scholarship benefit of Rs.612 is ready for transfer. Submit your bank passbook details to receive it.,No,No,No
spam,I accidentally sent Rs.789 to your Google Pay by mistake. Please refund it to this UPI ID: tfjwzxf41@okicici,No,No,No
spam,You have been selected for a work-from-home job with Amazon. Share your bank details to receive the joining bonus of Rs.716.,No,No,No
spam,"Your SBI personal loan of Rs.4,138 is pre-approved. Share your bank account and Aadhaar details to process.",No,No,No
spam,"National Scholarship Portal: Your scholarship benefit of Rs.96,546 is ready for transfer. Submit your bank passbook details to receive it.",No,No,No
spam,"Congratulations, your application under PMAY has been approved for Rs.621. Send your bank details for disbursement.",No,No,No
spam,"I accidentally sent Rs.59,151 to your PhonePe by mistake. Please refund it to this UPI ID: waboxjb@paytm",No,No,No
spam,"Hi, I think I sent Rs.6,145 to you by error while paying someone else. Please return it to UPI ID vyyxna@ybl, thank you.",No,No,No
spam,"Sorry, I transferred Rs.841 to the wrong number by mistake, this looks like your account. Kindly send it back to oxmwxc32@oksbi.",No,No,No
spam,"Sorry, I transferred Rs.822 to the wrong number by mistake, this looks like your account. Kindly send it back to dtuagfv75@ibl.",No,No,No
spam,"Congratulations, your application under PM Ujjwala Yojana has been approved for Rs.684. Send your bank details for disbursement.",No,No,No
spam,I accidentally sent Rs.680 to your Google Pay by mistake. Please refund it to this UPI ID: prjwfnpn75@ibl,No,No,No
spam,"Sorry, I transferred Rs.30,743 to the wrong number by mistake, this looks like your account. Kindly send it back to yvgonqg@okhdfcbank.",No,No,No
spam,"Your SBI personal loan of Rs.52,743 is pre-approved. Share your bank account and Aadhaar details to process.",No,No,No
spam,"You have been selected for a work-from-home job with Infosys. Share your bank details to receive the joining bonus of Rs.7,867.",No,No,No
spam,"Your insurance policy maturity amount of Rs.3,197 is ready. Send your bank passbook details to receive payment.",No,No,No
spam,"Congratulations, your application under PM Kisan Samman Nidhi has been approved for Rs.71,322. Send your bank details for disbursement.",No,No,No
spam,I accidentally sent Rs.869 to your Google Pay by mistake. Please refund it to this UPI ID: onfovh56@oksbi,No,No,No
spam,"Your insurance policy maturity amount of Rs.5,739 is ready. Send your bank passbook details to receive payment.",No,No,No
spam,"National Scholarship Portal Alert: You are eligible for Rs.5,967 under the scheme. Share your Aadhaar and bank account number to claim.",No,No,No
spam,"Congratulations, your application under PMAY has been approved for Rs.789. Send your bank details for disbursement.",No,No,No
spam,Your ICICI Bank personal loan of Rs.964 is pre-approved. Share your bank account and Aadhaar details to process.,No,No,No
spam,"Ayushman Bharat: Your scholarship benefit of Rs.22,150 is ready for transfer. Submit your bank passbook details to receive it.",No,No,No
spam,"You have been selected for a work-from-home job with Infosys. Share your bank details to receive the joining bonus of Rs.2,936.",No,No,No
spam,"State Scholarship Scheme Alert: You are eligible for Rs.51,256 under the scheme. Share your Aadhaar and bank account number to claim.",No,No,No
spam,"Sorry, I transferred Rs.67,362 to the wrong number by mistake, this looks like your account. Kindly send it back to hgatpp59@axl.",No,No,No
spam,"Ayushman Bharat: Your scholarship benefit of Rs.4,064 is ready for transfer. Submit your bank passbook details to receive it.",No,No,No
spam,"Sorry, I transferred Rs.2,203 to the wrong number by mistake, this looks like your account. Kindly send it back to lfvmhmbs54@ybl.",No,No,No
spam,"I accidentally sent Rs.34,919 to your Google Pay by mistake. Please refund it to this UPI ID: cjofk@axl",No,No,No
spam,"I accidentally sent Rs.8,550 to your Paytm by mistake. Please refund it to this UPI ID: bfmgxo@ibl",No,No,No
spam,"National Scholarship Portal: Your scholarship benefit of Rs.27,443 is ready for transfer. Submit your bank passbook details to receive it.",No,No,No
spam,"By mistake Rs.35,436 got transferred to your account from mine, please refund at the earliest to vklavnk91@axl.",No,No,No
spam,"Hi, I think I sent Rs.608 to you by error while paying someone else. Please return it to UPI ID iswsvmyo@oksbi, thank you.",No,No,No
spam,"By mistake Rs.805 got transferred to your account from mine, please refund at the earliest to igkgooo81@ybl.",No,No,No
spam,"You have been selected for a work-from-home job with TCS. Share your bank details to receive the joining bonus of Rs.74,108.",No,No,No
spam,"By mistake Rs.4,130 got transferred to your account from mine, please refund at the earliest to djvwdx63@ibl.",No,No,No
spam,"Your insurance policy maturity amount of Rs.13,646 is ready. Send your bank passbook details to receive payment.",No,No,No
spam,"I accidentally sent Rs.89,913 to your Google Pay by mistake. Please refund it to this UPI ID: jwqolgwq@axl",No,No,No
spam,"Your insurance policy maturity amount of Rs.7,917 is ready. Send your bank passbook details to receive payment.",No,No,No
spam,"State Scholarship Scheme: Your scholarship benefit of Rs.20,861 is ready for transfer. Submit your bank passbook details to receive it.",No,No,No
spam,You have been selected for a work-from-home job with Amazon. Share your bank details to receive the joining bonus of Rs.629.,No,No,No
spam,"Your Kotak Mahindra Bank personal loan of Rs.43,837 is pre-approved. Share your bank account and Aadhaar details to process.",No,No,No
spam,"Congratulations, your application under PM Ujjwala Yojana has been approved for Rs.88,600. Send your bank details for disbursement.",No,No,No
spam,"Ayushman Bharat Alert: You are eligible for Rs.2,232 under the scheme. Share your Aadhaar and bank account number to claim.",No,No,No
spam,Your SBI personal loan of Rs.555 is pre-approved. Share your bank account and Aadhaar details to process.,No,No,No
spam,"Congratulations, your application under Post Matric Scholarship has been approved for Rs.630. Send your bank details for disbursement.",No,No,No
spam,You have been selected for a work-from-home job with Flipkart. Share your bank details to receive the joining bonus of Rs.678.,No,No,No
spam,"Your insurance policy maturity amount of Rs.46,693 is ready. Send your bank passbook details to receive payment.",No,No,No
spam,"Your ICICI Bank personal loan of Rs.3,199 is pre-approved. Share your bank account and Aadhaar details to process.",No,No,No
spam,"You have been selected for a work-from-home job with Infosys. Share your bank details to receive the joining bonus of Rs.91,151.",No,No,No
spam,"Congratulations, your application under PM Ujjwala Yojana has been approved for Rs.96,267. Send your bank details for disbursement.",No,No,No
spam,"Hi, I think I sent Rs.71,840 to you by error while paying someone else. Please return it to UPI ID mtgejwq@oksbi, thank you.",No,No,No
spam,"I accidentally sent Rs.8,301 to your PhonePe by mistake. Please refund it to this UPI ID: sgiunw@oksbi",No,No,No
spam,"Congratulations, your application under LPG Subsidy Scheme has been approved for Rs.4,997. Send your bank details for disbursement.",No,No,No
spam,"Congratulations, your application under Post Matric Scholarship has been approved for Rs.705. Send your bank details for disbursement.",No,No,No
spam,"Congratulations, your application under National Scholarship Portal has been approved for Rs.802. Send your bank details for disbursement.",No,No,No
spam,Your Canara Bank personal loan of Rs.635 is pre-approved. Share your bank account and Aadhaar details to process.,No,No,No
spam,"You have been selected for a work-from-home job with Wipro. Share your bank details to receive the joining bonus of Rs.9,168.",No,No,No
spam,LPG Subsidy Scheme Alert: You are eligible for Rs.725 under the scheme. Share your Aadhaar and bank account number to claim.,No,No,No
spam,"I accidentally sent Rs.13,547 to your Paytm by mistake. Please refund it to this UPI ID: awxoh13@ybl",No,No,No
spam,"You have been selected for a work-from-home job with Reliance. Share your bank details to receive the joining bonus of Rs.79,946.",No,No,No
spam,"LPG Subsidy Scheme Alert: You are eligible for Rs.5,406 under the scheme. Share your Aadhaar and bank account number to claim.",No,No,No
spam,National Scholarship Portal: Your scholarship benefit of Rs.835 is ready for transfer. Submit your bank passbook details to receive it.,No,No,No
spam,"Sorry, I transferred Rs.93,968 to the wrong number by mistake, this looks like your account. Kindly send it back to ntfxvc94@ybl.",No,No,No
spam,You have been selected for a work-from-home job with TCS. Share your bank details to receive the joining bonus of Rs.723.,No,No,No
spam,"By mistake Rs.3,597 got transferred to your account from mine, please refund at the earliest to sybanjs@okhdfcbank.",No,No,No
spam,"Hi, I think I sent Rs.11,863 to you by error while paying someone else. Please return it to UPI ID amavjs@okicici, thank you.",No,No,No
spam,"I accidentally sent Rs.2,847 to your PhonePe by mistake. Please refund it to this UPI ID: hkelok67@axl",No,No,No
spam,"Congratulations, your application under Post Matric Scholarship has been approved for Rs.89,850. Send your bank details for disbursement.",No,No,No
spam,"National Scholarship Portal: Your scholarship benefit of Rs.7,732 is ready for transfer. Submit your bank passbook details to receive it.",No,No,No
spam,"By mistake Rs.747 got transferred to your account from mine, please refund at the earliest to rpetugrr29@axl.",No,No,No
spam,"PM Ujjwala Yojana Alert: You are eligible for Rs.6,572 under the scheme. Share your Aadhaar and bank account number to claim.",No,No,No
spam,"I accidentally sent Rs.42,340 to your Amazon Pay by mistake. Please refund it to this UPI ID: kcvnb@okicici",No,No,No
spam,I accidentally sent Rs.564 to your Google Pay by mistake. Please refund it to this UPI ID: ytxcdu90@paytm,No,No,No
spam,"National Scholarship Portal Alert: You are eligible for Rs.9,608 under the scheme. Share your Aadhaar and bank account number to claim.",No,No,No
spam,"Sorry, I transferred Rs.955 to the wrong number by mistake, this looks like your account. Kindly send it back to vkbmdixs14@axl.",No,No,No
spam,"By mistake Rs.3,827 got transferred to your account from mine, please refund at the earliest to nviqc33@axl.",No,No,No
spam,"Hi, I think I sent Rs.64,087 to you by error while paying someone else. Please return it to UPI ID ggzeui81@oksbi, thank you.",No,No,No
spam,National Scholarship Portal Alert: You are eligible for Rs.619 under the scheme. Share your Aadhaar and bank account number to claim.,No,No,No
spam,LPG Subsidy Scheme Alert: You are eligible for Rs.898 under the scheme. Share your Aadhaar and bank account number to claim.,No,No,No
spam,"Congratulations, your application under Post Matric Scholarship has been approved for Rs.801. Send your bank details for disbursement.",No,No,No
spam,"I accidentally sent Rs.4,653 to your PhonePe by mistake. Please refund it to this UPI ID: gieqht@okhdfcbank",No,No,No
spam,"Your insurance policy maturity amount of Rs.33,374 is ready. Send your bank passbook details to receive payment.",No,No,No
spam,"Sorry, I transferred Rs.48,268 to the wrong number by mistake, this looks like your account. Kindly send it back to htvjeift@ibl.",No,No,No
spam,Ayushman Bharat: Your scholarship benefit of Rs.902 is ready for transfer. Submit your bank passbook details to receive it.,No,No,No
spam,"Hi, I think I sent Rs.70,614 to you by error while paying someone else. Please return it to UPI ID wwmzhh@ybl, thank you.",No,No,No
spam,"Ayushman Bharat Alert: You are eligible for Rs.56,848 under the scheme. Share your Aadhaar and bank account number to claim.",No,No,No
spam,"Sorry, I transferred Rs.4,139 to the wrong number by mistake, this looks like your account. Kindly send it back to rxnpmlzi24@ybl.",No,No,No
spam,"Your insurance policy maturity amount of Rs.3,309 is ready. Send your bank passbook details to receive payment.",No,No,No
spam,Your insurance policy maturity amount of Rs.917 is ready. Send your bank passbook details to receive payment.,No,No,No
spam,"Congratulations, your application under State Scholarship Scheme has been approved for Rs.988. Send your bank details for disbursement.",No,No,No
spam,"Your ICICI Bank personal loan of Rs.8,015 is pre-approved. Share your bank account and Aadhaar details to process.",No,No,No
spam,"By mistake Rs.6,427 got transferred to your account from mine, please refund at the earliest to itkgt@okhdfcbank.",No,No,No
spam,I accidentally sent Rs.591 to your Amazon Pay by mistake. Please refund it to this UPI ID: cvaol16@axl,No,No,No
spam,"By mistake Rs.10,685 got transferred to your account from mine, please refund at the earliest to tqeipkxw15@ibl.",No,No,No
spam,You have been selected for a work-from-home job with Amazon. Share your bank details to receive the joining bonus of Rs.554.,No,No,No
spam,You have been selected for a work-from-home job with HCL. Share your bank details to receive the joining bonus of Rs.607.,No,No,No
spam,I accidentally sent Rs.707 to your Paytm by mistake. Please refund it to this UPI ID: deovv55@ibl,No,No,No
spam,"Hi, I think I sent Rs.74,281 to you by error while paying someone else. Please return it to UPI ID wjwmgycs57@ybl, thank you.",No,No,No
spam,"I accidentally sent Rs.3,621 to your PhonePe by mistake. Please refund it to this UPI ID: txfkmewr47@okhdfcbank",No,No,No
spam,"You have been selected for a work-from-home job with TCS. Share your bank details to receive the joining bonus of Rs.2,259.",No,No,No
spam,"By mistake Rs.705 got transferred to your account from mine, please refund at the earliest to fjegp98@okicici.",No,No,No
spam,"You have been selected for a work-from-home job with Wipro. Share your bank details to receive the joining bonus of Rs.93,760.",No,No,No
spam,"Your Axis Bank personal loan of Rs.18,941 is pre-approved. Share your bank account and Aadhaar details to process.",No,No,No
spam,"I accidentally sent Rs.8,825 to your PhonePe by mistake. Please refund it to this UPI ID: yxkyn@okhdfcbank",No,No,No
spam,"Hi, I think I sent Rs.28,265 to you by error while paying someone else. Please return it to UPI ID zmapagbl@okhdfcbank, thank you.",No,No,No
spam,You have been selected for a work-from-home job with TCS. Share your bank details to receive the joining bonus of Rs.845.,No,No,No
spam,"By mistake Rs.980 got transferred to your account from mine, please refund at the earliest to sovujnv81@oksbi.",No,No,No
spam,"Hi, I think I sent Rs.2,985 to you by error while paying someone else. Please return it to UPI ID hfmzgqe@axl, thank you.",No,No,No
spam,"Congratulations, your application under PM Ujjwala Yojana has been approved for Rs.53,293. Send your bank details for disbursement.",No,No,No
spam,"Congratulations, your application under PM Ujjwala Yojana has been approved for Rs.4,371. Send your bank details for disbursement.",No,No,No
spam,"Sorry, I transferred Rs.3,845 to the wrong number by mistake, this looks like your account. Kindly send it back to lwzrw@okhdfcbank.",No,No,No
spam,I accidentally sent Rs.969 to your Google Pay by mistake. Please refund it to this UPI ID: tfwlh@ybl,No,No,No
spam,"Ayushman Bharat Alert: You are eligible for Rs.7,108 under the scheme. Share your Aadhaar and bank account number to claim.",No,No,No
spam,"PM Ujjwala Yojana Alert: You are eligible for Rs.1,561 under the scheme. Share your Aadhaar and bank account number to claim.",No,No,No
spam,"Hi, I think I sent Rs.721 to you by error while paying someone else. Please return it to UPI ID nkssx@okicici, thank you.",No,No,No
spam,"Congratulations, your application under PMAY has been approved for Rs.718. Send your bank details for disbursement.",No,No,No
spam,LPG Subsidy Scheme Alert: You are eligible for Rs.737 under the scheme. Share your Aadhaar and bank account number to claim.,No,No,No
spam,Ayushman Bharat: Your scholarship benefit of Rs.701 is ready for transfer. Submit your bank passbook details to receive it.,No,No,No
spam,"By mistake Rs.934 got transferred to your account from mine, please refund at the earliest to ymidhg@okicici.",No,No,No
spam,"Congratulations, your application under PMAY has been approved for Rs.3,381. Send your bank details for disbursement.",No,No,No
spam,State Scholarship Scheme: Your scholarship benefit of Rs.669 is ready for transfer. Submit your bank passbook details to receive it.,No,No,No
spam,"PM Kisan Samman Nidhi Alert: You are eligible for Rs.77,202 under the scheme. Share your Aadhaar and bank account number to claim.",No,No,No
spam,You have been selected for a work-from-home job with TCS. Share your bank details to receive the joining bonus of Rs.805.,No,No,No
spam,"Hi, I think I sent Rs.673 to you by error while paying someone else. Please return it to UPI ID hfbajky@okhdfcbank, thank you.",No,No,No
spam,Your HDFC Bank personal loan of Rs.786 is pre-approved. Share your bank account and Aadhaar details to process.,No,No,No
spam,Post Matric Scholarship Alert: You are eligible for Rs.722 under the scheme. Share your Aadhaar and bank account number to claim.,No,No,No
spam,"Hi, I think I sent Rs.61,407 to you by error while paying someone else. Please return it to UPI ID ndvaau28@ibl, thank you.",No,No,No
spam,State Scholarship Scheme Alert: You are eligible for Rs.666 under the scheme. Share your Aadhaar and bank account number to claim.,No,No,No
spam,"Sorry, I transferred Rs.17,556 to the wrong number by mistake, this looks like your account. Kindly send it back to bqcobs63@ibl.",No,No,No
spam,"Your insurance policy maturity amount of Rs.75,822 is ready. Send your bank passbook details to receive payment.",No,No,No
spam,"Your Axis Bank personal loan of Rs.5,287 is pre-approved. Share your bank account and Aadhaar details to process.",No,No,No
spam,"I accidentally sent Rs.35,730 to your PhonePe by mistake. Please refund it to this UPI ID: jrumds@ybl",No,No,No
spam,"Hi, I think I sent Rs.705 to you by error while paying someone else. Please return it to UPI ID blxda@ibl, thank you.",No,No,No
spam,"By mistake Rs.49,427 got transferred to your account from mine, please refund at the earliest to elpylpnb@ybl.",No,No,No
spam,"Hi, I think I sent Rs.690 to you by error while paying someone else. Please return it to UPI ID ampfiqn@ibl, thank you.",No,No,No
spam,"Congratulations, your application under PM Kisan Samman Nidhi has been approved for Rs.672. Send your bank details for disbursement.",No,No,No
spam,"You have been selected for a work-from-home job with HCL. Share your bank details to receive the joining bonus of Rs.96,983.",No,No,No
spam,"PM Kisan Samman Nidhi Alert: You are eligible for Rs.67,361 under the scheme. Share your Aadhaar and bank account number to claim.",No,No,No
spam,"By mistake Rs.7,042 got transferred to your account from mine, please refund at the earliest to yiebrhqh@axl.",No,No,No
spam,"I accidentally sent Rs.77,064 to your Paytm by mistake. Please refund it to this UPI ID: hrhbvte@okicici",No,No,No
spam,"I accidentally sent Rs.19,833 to your PhonePe by mistake. Please refund it to this UPI ID: auqkupy35@oksbi",No,No,No
spam,Your HDFC Bank personal loan of Rs.729 is pre-approved. Share your bank account and Aadhaar details to process.,No,No,No
spam,"Hi, I think I sent Rs.813 to you by error while paying someone else. Please return it to UPI ID yieldl69@ibl, thank you.",No,No,No
spam,"Your insurance policy maturity amount of Rs.3,975 is ready. Send your bank passbook details to receive payment.",No,No,No
spam,"Your Canara Bank personal loan of Rs.3,885 is pre-approved. Share your bank account and Aadhaar details to process.",No,No,No
spam,Your insurance policy maturity amount of Rs.740 is ready. Send your bank passbook details to receive payment.,No,No,No
spam,"Sorry, I transferred Rs.726 to the wrong number by mistake, this looks like your account. Kindly send it back to ytjcqjnk@okicici.",No,No,No
spam,Your Canara Bank personal loan of Rs.638 is pre-approved. Share your bank account and Aadhaar details to process.,No,No,No
spam,National Scholarship Portal Alert: You are eligible for Rs.563 under the scheme. Share your Aadhaar and bank account number to claim.,No,No,No
spam,You have been selected for a work-from-home job with TCS. Share your bank details to receive the joining bonus of Rs.509.,No,No,No
spam,"You have been selected for a work-from-home job with Reliance. Share your bank details to receive the joining bonus of Rs.73,794.",No,No,No
spam,You have been selected for a work-from-home job with Infosys. Share your bank details to receive the joining bonus of Rs.834.,No,No,No
spam,"Sorry, I transferred Rs.9,752 to the wrong number by mistake, this looks like your account. Kindly send it back to rythmkhg82@axl.",No,No,No
spam,"By mistake Rs.3,366 got transferred to your account from mine, please refund at the earliest to ydmzy@ybl.",No,No,No
spam,National Scholarship Portal: Your scholarship benefit of Rs.948 is ready for transfer. Submit your bank passbook details to receive it.,No,No,No
spam,"Your SBI personal loan of Rs.71,933 is pre-approved. Share your bank account and Aadhaar details to process.",No,No,No
spam,"By mistake Rs.71,147 got transferred to your account from mine, please refund at the earliest to ivpqq@axl.",No,No,No
spam,"By mistake Rs.720 got transferred to your account from mine, please refund at the earliest to yfgep96@paytm.",No,No,No
spam,"Your Bank of Baroda personal loan of Rs.4,668 is pre-approved. Share your bank account and Aadhaar details to process.",No,No,No
spam,"By mistake Rs.802 got transferred to your account from mine, please refund at the earliest to hmoxla24@ybl.",No,No,No
spam,"Hi, I think I sent Rs.8,493 to you by error while paying someone else. Please return it to UPI ID ifyqyhd@ybl, thank you.",No,No,No
spam,"Congratulations, your application under National Scholarship Portal has been approved for Rs.9,456. Send your bank details for disbursement.",No,No,No
spam,LPG Subsidy Scheme: Your scholarship benefit of Rs.848 is ready for transfer. Submit your bank passbook details to receive it.,No,No,No
spam,Your HDFC Bank personal loan of Rs.571 is pre-approved. Share your bank account and Aadhaar details to process.,No,No,No
spam,"Sorry, I transferred Rs.9,745 to the wrong number by mistake, this looks like your account. Kindly send it back to pxiwch81@ibl.",No,No,No
spam,"Hi, I think I sent Rs.762 to you by error while paying someone else. Please return it to UPI ID ojyvhgmu@axl, thank you.",No,No,No
spam,You have been selected for a work-from-home job with HCL. Share your bank details to receive the joining bonus of Rs.688.,No,No,No
spam,LPG Subsidy Scheme: Your scholarship benefit of Rs.564 is ready for transfer. Submit your bank passbook details to receive it.,No,No,No
spam,"Congratulations, your application under PM Ujjwala Yojana has been approved for Rs.6,460. Send your bank details for disbursement.",No,No,No
spam,Your insurance policy maturity amount of Rs.811 is ready. Send your bank passbook details to receive payment.,No,No,No
spam,LPG Subsidy Scheme: Your scholarship benefit of Rs.792 is ready for transfer. Submit your bank passbook details to receive it.,No,No,No
spam,"By mistake Rs.8,249 got transferred to your account from mine, please refund at the earliest to tjrrbn83@okicici.",No,No,No
spam,PM Ujjwala Yojana Alert: You are eligible for Rs.904 under the scheme. Share your Aadhaar and bank account number to claim.,No,No,No
spam,"Your insurance policy maturity amount of Rs.6,879 is ready. Send your bank passbook details to receive payment.",No,No,No
spam,National Scholarship Portal Alert: You are eligible for Rs.784 under the scheme. Share your Aadhaar and bank account number to claim.,No,No,No
spam,"Sorry, I transferred Rs.1,575 to the wrong number by mistake, this looks like your account. Kindly send it back to izssymt74@ibl.",No,No,No
spam,"You have been selected for a work-from-home job with Flipkart. Share your bank details to receive the joining bonus of Rs.91,136.",No,No,No
spam,"State Scholarship Scheme Alert: You are eligible for Rs.21,516 under the scheme. Share your Aadhaar and bank account number to claim.",No,No,No
spam,"By mistake Rs.92,866 got transferred to your account from mine, please refund at the earliest to jnuagqc@okicici.",No,No,No
spam,"Sorry, I transferred Rs.780 to the wrong number by mistake, this looks like your account. Kindly send it back to fbredunb88@okicici.",No,No,No
spam,"Ayushman Bharat Alert: You are eligible for Rs.40,206 under the scheme. Share your Aadhaar and bank account number to claim.",No,No,No
spam,"By mistake Rs.2,960 got transferred to your account from mine, please refund at the earliest to empjksht47@ibl.",No,No,No
spam,"I accidentally sent Rs.20,670 to your Google Pay by mistake. Please refund it to this UPI ID: gfiwovuc59@okhdfcbank",No,No,No
spam,"Congratulations, your application under PMAY has been approved for Rs.61,333. Send your bank details for disbursement.",No,No,No
spam,You have been selected for a work-from-home job with TCS. Share your bank details to receive the joining bonus of Rs.946.,No,No,No
spam,"PM Ujjwala Yojana: Your scholarship benefit of Rs.13,463 is ready for transfer. Submit your bank passbook details to receive it.",No,No,No
spam,"Congratulations, your application under National Scholarship Portal has been approved for Rs.47,574. Send your bank details for disbursement.",No,No,No
spam,"State Scholarship Scheme: Your scholarship benefit of Rs.3,590 is ready for transfer. Submit your bank passbook details to receive it.",No,No,No
spam,"You have been selected for a work-from-home job with Amazon. Share your bank details to receive the joining bonus of Rs.1,940.",No,No,No
spam,"Congratulations, your application under Ayushman Bharat has been approved for Rs.625. Send your bank details for disbursement.",No,No,No
spam,"Hi, I think I sent Rs.9,738 to you by error while paying someone else. Please return it to UPI ID kxornnf96@okhdfcbank, thank you.",No,No,No
spam,"Sorry, I transferred Rs.8,327 to the wrong number by mistake, this looks like your account. Kindly send it back to ioclhl@okhdfcbank.",No,No,No
spam,Your insurance policy maturity amount of Rs.535 is ready. Send your bank passbook details to receive payment.,No,No,No
spam,"Hi, I think I sent Rs.531 to you by error while paying someone else. Please return it to UPI ID jwxctt@okhdfcbank, thank you.",No,No,No
spam,"Sorry, I transferred Rs.66,338 to the wrong number by mistake, this looks like your account. Kindly send it back to hifstfxa57@axl.",No,No,No
spam,"Your Bank of Baroda personal loan of Rs.16,035 is pre-approved. Share your bank account and Aadhaar details to process.",No,No,No
spam,"I accidentally sent Rs.48,091 to your Google Pay by mistake. Please refund it to this UPI ID: fdfosa21@okhdfcbank",No,No,No
spam,"PM Ujjwala Yojana Alert: You are eligible for Rs.3,385 under the scheme. Share your Aadhaar and bank account number to claim.",No,No,No
spam,"Sorry, I transferred Rs.44,856 to the wrong number by mistake, this looks like your account. Kindly send it back to hhmnpnp94@axl.",No,No,No
spam,"By mistake Rs.37,454 got transferred to your account from mine, please refund at the earliest to ngzfs@okhdfcbank.",No,No,No
spam,"Hi, I think I sent Rs.648 to you by error while paying someone else. Please return it to UPI ID eztmnjgs18@ybl, thank you.",No,No,No
spam,"Ayushman Bharat Alert: You are eligible for Rs.6,189 under the scheme. Share your Aadhaar and bank account number to claim.",No,No,No
spam,"Your insurance policy maturity amount of Rs.68,306 is ready. Send your bank passbook details to receive payment.",No,No,No
spam,"Congratulations, your application under National Scholarship Portal has been approved for Rs.2,594. Send your bank details for disbursement.",No,No,No
spam,Your Kotak Mahindra Bank personal loan of Rs.946 is pre-approved. Share your bank account and Aadhaar details to process.,No,No,No
spam,"Your SBI personal loan of Rs.99,865 is pre-approved. Share your bank account and Aadhaar details to process.",No,No,No
spam,"Sorry, I transferred Rs.30,166 to the wrong number by mistake, this looks like your account. Kindly send it back to holilcp@ybl.",No,No,No
spam,"By mistake Rs.16,959 got transferred to your account from mine, please refund at the earliest to ekrii@ybl.",No,No,No
spam,"By mistake Rs.624 got transferred to your account from mine, please refund at the earliest to sfuvakbg@okhdfcbank.",No,No,No
spam,"Congratulations, your application under LPG Subsidy Scheme has been approved for Rs.3,023. Send your bank details for disbursement.",No,No,No
spam,"PM Kisan Samman Nidhi: Your scholarship benefit of Rs.23,828 is ready for transfer. Submit your bank passbook details to receive it.",No,No,No
spam,"By mistake Rs.1,327 got transferred to your account from mine, please refund at the earliest to rewaicmo@okhdfcbank.",No,No,No
spam,"I accidentally sent Rs.2,288 to your Amazon Pay by mistake. Please refund it to this UPI ID: mnmfw32@okicici",No,No,No
spam,"Your ICICI Bank personal loan of Rs.83,107 is pre-approved. Share your bank account and Aadhaar details to process.",No,No,No
spam,"Sorry, I transferred Rs.576 to the wrong number by mistake, this looks like your account. Kindly send it back to gnvysdyp@okicici.",No,No,No
spam,You have been selected for a work-from-home job with Infosys. Share your bank details to receive the joining bonus of Rs.900.,No,No,No
spam,"By mistake Rs.935 got transferred to your account from mine, please refund at the earliest to vdfmep53@axl.",No,No,No
spam,"By mistake Rs.36,064 got transferred to your account from mine, please refund at the earliest to jddjuep@paytm.",No,No,No
spam,PM Ujjwala Yojana: Your scholarship benefit of Rs.901 is ready for transfer. Submit your bank passbook details to receive it.,No,No,No
spam,"Sorry, I transferred Rs.3,532 to the wrong number by mistake, this looks like your account. Kindly send it back to dwmomni18@ybl.",No,No,No
spam,"By mistake Rs.812 got transferred to your account from mine, please refund at the earliest to pvpbylha@ibl.",No,No,No
spam,"Sorry, I transferred Rs.53,290 to the wrong number by mistake, this looks like your account. Kindly send it back to xjrgvk@axl.",No,No,No
spam,Your SBI personal loan of Rs.783 is pre-approved. Share your bank account and Aadhaar details to process.,No,No,No
spam,I accidentally sent Rs.665 to your PhonePe by mistake. Please refund it to this UPI ID: kyvby80@ybl,No,No,No
spam,"Post Matric Scholarship: Your scholarship benefit of Rs.55,344 is ready for transfer. Submit your bank passbook details to receive it.",No,No,No
spam,"Your insurance policy maturity amount of Rs.3,534 is ready. Send your bank passbook details to receive payment.",No,No,No
spam,"Your ICICI Bank personal loan of Rs.80,904 is pre-approved. Share your bank account and Aadhaar details to process.",No,No,No
spam,"Sorry, I transferred Rs.7,204 to the wrong number by mistake, this looks like your account. Kindly send it back to pcyxto@ybl.",No,No,No
spam,"Sorry, I transferred Rs.869 to the wrong number by mistake, this looks like your account. Kindly send it back to kmqfwgy@ybl.",No,No,No
spam,"Congratulations, your application under PM Ujjwala Yojana has been approved for Rs.7,558. Send your bank details for disbursement.",No,No,No
spam,"You have been selected for a work-from-home job with Amazon. Share your bank details to receive the joining bonus of Rs.5,940.",No,No,No
spam,"Congratulations, your application under PM Ujjwala Yojana has been approved for Rs.3,154. Send your bank details for disbursement.",No,No,No
spam,"Congratulations, your application under LPG Subsidy Scheme has been approved for Rs.923. Send your bank details for disbursement.",No,No,No
spam,"Sorry, I transferred Rs.3,643 to the wrong number by mistake, this looks like your account. Kindly send it back to lavuce78@okhdfcbank.",No,No,No
spam,"PMAY: Your scholarship benefit of Rs.8,918 is ready for transfer. Submit your bank passbook details to receive it.",No,No,No
spam,"By mistake Rs.641 got transferred to your account from mine, please refund at the earliest to fgtioqok@paytm.",No,No,No
spam,"Sorry, I transferred Rs.3,410 to the wrong number by mistake, this looks like your account. Kindly send it back to oothzw57@ybl.",No,No,No
spam,"Ayushman Bharat Alert: You are eligible for Rs.7,875 under the scheme. Share your Aadhaar and bank account number to claim.",No,No,No
spam,"Ayushman Bharat: Your scholarship benefit of Rs.7,370 is ready for transfer. Submit your bank passbook details to receive it.",No,No,No
spam,"Congratulations, your application under PM Ujjwala Yojana has been approved for Rs.950. Send your bank details for disbursement.",No,No,No
spam,"By mistake Rs.8,981 got transferred to your account from mine, please refund at the earliest to ribfh12@okhdfcbank.",No,No,No
spam,"Your Bank of Baroda personal loan of Rs.43,862 is pre-approved. Share your bank account and Aadhaar details to process.",No,No,No
spam,"Hi, I think I sent Rs.4,735 to you by error while paying someone else. Please return it to UPI ID bmaxin@paytm, thank you.",No,No,No
spam,"Sorry, I transferred Rs.761 to the wrong number by mistake, this looks like your account. Kindly send it back to tzxtrx99@oksbi.",No,No,No
spam,Your insurance policy maturity amount of Rs.907 is ready. Send your bank passbook details to receive payment.,No,No,No
spam,"Your HDFC Bank personal loan of Rs.70,319 is pre-approved. Share your bank account and Aadhaar details to process.",No,No,No
spam,"Congratulations, your application under LPG Subsidy Scheme has been approved for Rs.970. Send your bank details for disbursement.",No,No,No
spam,"Ayushman Bharat: Your scholarship benefit of Rs.65,915 is ready for transfer. Submit your bank passbook details to receive it.",No,No,No
spam,"You have been selected for a work-from-home job with Amazon. Share your bank details to receive the joining bonus of Rs.43,498.",No,No,No
spam,"Hi, I think I sent Rs.8,799 to you by error while paying someone else. Please return it to UPI ID llimfd15@axl, thank you.",No,No,No
spam,"By mistake Rs.68,043 got transferred to your account from mine, please refund at the earliest to xlsfej98@okicici.",No,No,No
spam,"By mistake Rs.630 got transferred to your account from mine, please refund at the earliest to djojpiu@okicici.",No,No,No
spam,"Hi, I think I sent Rs.8,670 to you by error while paying someone else. Please return it to UPI ID chbcbs16@oksbi, thank you.",No,No,No
spam,"Your insurance policy maturity amount of Rs.45,829 is ready. Send your bank passbook details to receive payment.",No,No,No
spam,"Post Matric Scholarship: Your scholarship benefit of Rs.93,219 is ready for transfer. Submit your bank passbook details to receive it.",No,No,No
spam,"Sorry, I transferred Rs.935 to the wrong number by mistake, this looks like your account. Kindly send it back to gigxc@ybl.",No,No,No
spam,"Your SBI personal loan of Rs.21,734 is pre-approved. Share your bank account and Aadhaar details to process.",No,No,No
spam,"By mistake Rs.587 got transferred to your account from mine, please refund at the earliest to jtmmrie@oksbi.",No,No,No
spam,"LPG Subsidy Scheme: Your scholarship benefit of Rs.7,116 is ready for transfer. Submit your bank passbook details to receive it.",No,No,No
spam,"You have been selected for a work-from-home job with Wipro. Share your bank details to receive the joining bonus of Rs.8,834.",No,No,No
spam,"PMAY: Your scholarship benefit of Rs.54,168 is ready for transfer. Submit your bank passbook details to receive it.",No,No,No
spam,PM Kisan Samman Nidhi Alert: You are eligible for Rs.992 under the scheme. Share your Aadhaar and bank account number to claim.,No,No,No
spam,"LPG Subsidy Scheme Alert: You are eligible for Rs.6,966 under the scheme. Share your Aadhaar and bank account number to claim.",No,No,No
spam,"Post Matric Scholarship Alert: You are eligible for Rs.81,383 under the scheme. Share your Aadhaar and bank account number to claim.",No,No,No
spam,PM Ujjwala Yojana Alert: You are eligible for Rs.792 under the scheme. Share your Aadhaar and bank account number to claim.,No,No,No
spam,"PM Ujjwala Yojana Alert: You are eligible for Rs.8,695 under the scheme. Share your Aadhaar and bank account number to claim.",No,No,No
spam,"National Scholarship Portal: Your scholarship benefit of Rs.3,786 is ready for transfer. Submit your bank passbook details to receive it.",No,No,No
spam,"Your HDFC Bank personal loan of Rs.6,534 is pre-approved. Share your bank account and Aadhaar details to process.",No,No,No
spam,"Hi, I think I sent Rs.9,717 to you by error while paying someone else. Please return it to UPI ID bwjky@axl, thank you.",No,No,No
spam,"I accidentally sent Rs.6,645 to your Paytm by mistake. Please refund it to this UPI ID: akyqgrv47@ibl",No,No,No
spam,Post Matric Scholarship Alert: You are eligible for Rs.786 under the scheme. Share your Aadhaar and bank account number to claim.,No,No,No
spam,"Post Matric Scholarship: Your scholarship benefit of Rs.4,914 is ready for transfer. Submit your bank passbook details to receive it.",No,No,No
spam,"You have been selected for a work-from-home job with Amazon. Share your bank details to receive the joining bonus of Rs.83,417.",No,No,No
spam,"You have been selected for a work-from-home job with TCS. Share your bank details to receive the joining bonus of Rs.66,042.",No,No,No
spam,"Your Punjab National Bank personal loan of Rs.11,104 is pre-approved. Share your bank account and Aadhaar details to process.",No,No,No
spam,"Sorry, I transferred Rs.8,676 to the wrong number by mistake, this looks like your account. Kindly send it back to fltocmme@ibl.",No,No,No
spam,"You have been selected for a work-from-home job with Reliance. Share your bank details to receive the joining bonus of Rs.77,157.",No,No,No
spam,"Congratulations, your application under PMAY has been approved for Rs.683. Send your bank details for disbursement.",No,No,No
spam,"I accidentally sent Rs.4,403 to your Google Pay by mistake. Please refund it to this UPI ID: uilujz64@axl",No,No,No
spam,"Congratulations, your application under National Scholarship Portal has been approved for Rs.21,954. Send your bank details for disbursement.",No,No,No
spam,"By mistake Rs.53,285 got transferred to your account from mine, please refund at the earliest to tddjvo20@paytm.",No,No,No
spam,Your insurance policy maturity amount of Rs.670 is ready. Send your bank passbook details to receive payment.,No,No,No
spam,"Congratulations, your application under PM Ujjwala Yojana has been approved for Rs.8,122. Send your bank details for disbursement.",No,No,No
spam,"By mistake Rs.814 got transferred to your account from mine, please refund at the earliest to qkitbp@okhdfcbank.",No,No,No
spam,"I accidentally sent Rs.40,496 to your Google Pay by mistake. Please refund it to this UPI ID: ssopmv@okhdfcbank",No,No,No
spam,I accidentally sent Rs.586 to your Amazon Pay by mistake. Please refund it to this UPI ID: abpjel92@ibl,No,No,No
spam,"You have been selected for a work-from-home job with Infosys. Share your bank details to receive the joining bonus of Rs.53,015.",No,No,No
spam,"Congratulations, your application under PMAY has been approved for Rs.5,348. Send your bank details for disbursement.",No,No,No
spam,"You have been selected for a work-from-home job with Infosys. Share your bank details to receive the joining bonus of Rs.71,277.",No,No,No
spam,"Your insurance policy maturity amount of Rs.82,926 is ready. Send your bank passbook details to receive payment.",No,No,No
spam,"Congratulations, your application under Post Matric Scholarship has been approved for Rs.859. Send your bank details for disbursement.",No,No,No
spam,"You have been selected for a work-from-home job with Infosys. Share your bank details to receive the joining bonus of Rs.3,744.",No,No,No
spam,"Congratulations, your application under PM Kisan Samman Nidhi has been approved for Rs.8,961. Send your bank details for disbursement.",No,No,No
spam,"LPG Subsidy Scheme Alert: You are eligible for Rs.35,810 under the scheme. Share your Aadhaar and bank account number to claim.",No,No,No
spam,"Your insurance policy maturity amount of Rs.47,243 is ready. Send your bank passbook details to receive payment.",No,No,No
spam,"By mistake Rs.1,335 got transferred to your account from mine, please refund at the earliest to fefsh50@paytm.",No,No,No
spam,"Hi, I think I sent Rs.993 to you by error while paying someone else. Please return it to UPI ID mgmzozk33@oksbi, thank you.",No,No,No
spam,"National Scholarship Portal Alert: You are eligible for Rs.7,092 under the scheme. Share your Aadhaar and bank account number to claim.",No,No,No
spam,"You have been selected for a work-from-home job with Reliance. Share your bank details to receive the joining bonus of Rs.4,173.",No,No,No
spam,"State Scholarship Scheme Alert: You are eligible for Rs.46,307 under the scheme. Share your Aadhaar and bank account number to claim.",No,No,No
spam,"I accidentally sent Rs.2,326 to your Amazon Pay by mistake. Please refund it to this UPI ID: ejpkvngc88@oksbi",No,No,No
spam,"Sorry, I transferred Rs.94,703 to the wrong number by mistake, this looks like your account. Kindly send it back to ewvek11@oksbi.",No,No,No
spam,"I accidentally sent Rs.1,725 to your Google Pay by mistake. Please refund it to this UPI ID: ejzkk@okhdfcbank",No,No,No
spam,"Sorry, I transferred Rs.2,201 to the wrong number by mistake, this looks like your account. Kindly send it back to jlvlfslf@axl.",No,No,No
spam,"Sorry, I transferred Rs.674 to the wrong number by mistake, this looks like your account. Kindly send it back to cxfvydvk17@ybl.",No,No,No
spam,"By mistake Rs.7,736 got transferred to your account from mine, please refund at the earliest to xkkwfrz@oksbi.",No,No,No
spam,Your insurance policy maturity amount of Rs.753 is ready. Send your bank passbook details to receive payment.,No,No,No
spam,"Post Matric Scholarship Alert: You are eligible for Rs.5,946 under the scheme. Share your Aadhaar and bank account number to claim.",No,No,No
spam,"By mistake Rs.3,592 got transferred to your account from mine, please refund at the earliest to adiyjnq@ibl.",No,No,No
spam,"I accidentally sent Rs.7,252 to your Google Pay by mistake. Please refund it to this UPI ID: cwmaotun79@okhdfcbank",No,No,No
spam,"Your insurance policy maturity amount of Rs.2,353 is ready. Send your bank passbook details to receive payment.",No,No,No
spam,Your Axis Bank personal loan of Rs.704 is pre-approved. Share your bank account and Aadhaar details to process.,No,No,No
spam,"Sorry, I transferred Rs.9,924 to the wrong number by mistake, this looks like your account. Kindly send it back to cdciwelu@oksbi.",No,No,No
spam,PM Kisan Samman Nidhi Alert: You are eligible for Rs.529 under the scheme. Share your Aadhaar and bank account number to claim.,No,No,No
spam,"By mistake Rs.61,323 got transferred to your account from mine, please refund at the earliest to pwrahjx@paytm.",No,No,No
spam,"Hi, I think I sent Rs.98,280 to you by error while paying someone else. Please return it to UPI ID upcfw62@okicici, thank you.",No,No,No
spam,"Sorry, I transferred Rs.6,932 to the wrong number by mistake, this looks like your account. Kindly send it back to ekdvr@ibl.",No,No,No
spam,"I accidentally sent Rs.15,725 to your Google Pay by mistake. Please refund it to this UPI ID: natnu@okhdfcbank",No,No,No
spam,"You have been selected for a work-from-home job with Infosys. Share your bank details to receive the joining bonus of Rs.3,527.",No,No,No
spam,Your Canara Bank personal loan of Rs.967 is pre-approved. Share your bank account and Aadhaar details to process.,No,No,No
spam,"Your insurance policy maturity amount of Rs.76,432 is ready. Send your bank passbook details to receive payment.",No,No,No
spam,"PM Kisan Samman Nidhi: Your scholarship benefit of Rs.2,786 is ready for transfer. Submit your bank passbook details to receive it.",No,No,No
spam,"Congratulations, your application under PM Kisan Samman Nidhi has been approved for Rs.38,250. Send your bank details for disbursement.",No,No,No
spam,"By mistake Rs.657 got transferred to your account from mine, please refund at the earliest to wxqtdlm@okhdfcbank.",No,No,No
spam,Your Punjab National Bank personal loan of Rs.728 is pre-approved. Share your bank account and Aadhaar details to process.,No,No,No
spam,"Your Canara Bank personal loan of Rs.83,784 is pre-approved. Share your bank account and Aadhaar details to process.",No,No,No
spam,"Hi, I think I sent Rs.4,645 to you by error while paying someone else. Please return it to UPI ID cdynnsak44@oksbi, thank you.",No,No,No
spam,"Congratulations, your application under Ayushman Bharat has been approved for Rs.3,381. Send your bank details for disbursement.",No,No,No
spam,You have been selected for a work-from-home job with TCS. Share your bank details to receive the joining bonus of Rs.781.,No,No,No
spam,"LPG Subsidy Scheme Alert: You are eligible for Rs.49,110 under the scheme. Share your Aadhaar and bank account number to claim.",No,No,No
spam,I accidentally sent Rs.850 to your Amazon Pay by mistake. Please refund it to this UPI ID: hopyvgde24@ybl,No,No,No
spam,I accidentally sent Rs.547 to your Google Pay by mistake. Please refund it to this UPI ID: kglarfwt18@okhdfcbank,No,No,No
spam,"Hi, I think I sent Rs.13,403 to you by error while paying someone else. Please return it to UPI ID xegro82@paytm, thank you.",No,No,No
spam,"Sorry, I transferred Rs.8,099 to the wrong number by mistake, this looks like your account. Kindly send it back to aemxe@ybl.",No,No,No
spam,"Post Matric Scholarship Alert: You are eligible for Rs.1,196 under the scheme. Share your Aadhaar and bank account number to claim.",No,No,No
spam,"You have been selected for a work-from-home job with Flipkart. Share your bank details to receive the joining bonus of Rs.99,530.",No,No,No
spam,"By mistake Rs.1,668 got transferred to your account from mine, please refund at the earliest to vsbtrccf81@paytm.",No,No,No
spam,"Congratulations, your application under PM Kisan Samman Nidhi has been approved for Rs.1,762. Send your bank details for disbursement.",No,No,No
spam,"Hi, I think I sent Rs.47,810 to you by error while paying someone else. Please return it to UPI ID kyitwun@oksbi, thank you.",No,No,No
spam,You have been selected for a work-from-home job with Flipkart. Share your bank details to receive the joining bonus of Rs.747.,No,No,No
spam,"LPG Subsidy Scheme: Your scholarship benefit of Rs.99,713 is ready for transfer. Submit your bank passbook details to receive it.",No,No,No
spam,"Your SBI personal loan of Rs.5,727 is pre-approved. Share your bank account and Aadhaar details to process.",No,No,No
spam,You have been selected for a work-from-home job with Reliance. Share your bank details to receive the joining bonus of Rs.525.,No,No,No
spam,"State Scholarship Scheme Alert: You are eligible for Rs.75,891 under the scheme. Share your Aadhaar and bank account number to claim.",No,No,No
spam,"I accidentally sent Rs.4,425 to your Paytm by mistake. Please refund it to this UPI ID: btzrlnik25@ybl",No,No,No
spam,You have been selected for a work-from-home job with Wipro. Share your bank details to receive the joining bonus of Rs.849.,No,No,No
spam,"You have been selected for a work-from-home job with TCS. Share your bank details to receive the joining bonus of Rs.4,163.",No,No,No
spam,"Your Axis Bank personal loan of Rs.10,195 is pre-approved. Share your bank account and Aadhaar details to process.",No,No,No
spam,"PM Kisan Samman Nidhi Alert: You are eligible for Rs.5,428 under the scheme. Share your Aadhaar and bank account number to claim.",No,No,No
spam,"Sorry, I transferred Rs.7,904 to the wrong number by mistake, this looks like your account. Kindly send it back to gmqwmc@ibl.",No,No,No
spam,Your insurance policy maturity amount of Rs.910 is ready. Send your bank passbook details to receive payment.,No,No,No
spam,"By mistake Rs.8,045 got transferred to your account from mine, please refund at the earliest to mpmtgcxt12@ibl.",No,No,No
spam,"By mistake Rs.2,058 got transferred to your account from mine, please refund at the earliest to rdftsvz84@okhdfcbank.",No,No,No
spam,"PM Ujjwala Yojana Alert: You are eligible for Rs.4,452 under the scheme. Share your Aadhaar and bank account number to claim.",No,No,No
spam,"National Scholarship Portal: Your scholarship benefit of Rs.16,810 is ready for transfer. Submit your bank passbook details to receive it.",No,No,No
spam,"Post Matric Scholarship: Your scholarship benefit of Rs.90,402 is ready for transfer. Submit your bank passbook details to receive it.",No,No,No
spam,"Your SBI personal loan of Rs.6,636 is pre-approved. Share your bank account and Aadhaar details to process.",No,No,No
spam,Your insurance policy maturity amount of Rs.626 is ready. Send your bank passbook details to receive payment.,No,No,No
spam,I accidentally sent Rs.833 to your PhonePe by mistake. Please refund it to this UPI ID: svxujxkh@paytm,No,No,No
spam,"I accidentally sent Rs.18,242 to your PhonePe by mistake. Please refund it to this UPI ID: nqikdhsx@axl",No,No,No
spam,"Congratulations, your application under State Scholarship Scheme has been approved for Rs.71,946. Send your bank details for disbursement.",No,No,No
spam,"Your Kotak Mahindra Bank personal loan of Rs.7,705 is pre-approved. Share your bank account and Aadhaar details to process.",No,No,No
spam,"You have been selected for a work-from-home job with Reliance. Share your bank details to receive the joining bonus of Rs.6,744.",No,No,No
spam,"Your insurance policy maturity amount of Rs.13,747 is ready. Send your bank passbook details to receive payment.",No,No,No
spam,"By mistake Rs.850 got transferred to your account from mine, please refund at the earliest to fggkari15@axl.",No,No,No
spam,"By mistake Rs.23,359 got transferred to your account from mine, please refund at the earliest to cjoca34@ybl.",No,No,No
spam,"National Scholarship Portal Alert: You are eligible for Rs.4,937 under the scheme. Share your Aadhaar and bank account number to claim.",No,No,No
spam,Ayushman Bharat Alert: You are eligible for Rs.861 under the scheme. Share your Aadhaar and bank account number to claim.,No,No,No
spam,"Your Canara Bank personal loan of Rs.21,164 is pre-approved. Share your bank account and Aadhaar details to process.",No,No,No
spam,"PM Kisan Samman Nidhi Alert: You are eligible for Rs.39,185 under the scheme. Share your Aadhaar and bank account number to claim.",No,No,No
spam,"Your SBI personal loan of Rs.67,056 is pre-approved. Share your bank account and Aadhaar details to process.",No,No,No
spam,"Sorry, I transferred Rs.922 to the wrong number by mistake, this looks like your account. Kindly send it back to zvrhin65@ybl.",No,No,No
spam,"I accidentally sent Rs.4,036 to your Amazon Pay by mistake. Please refund it to this UPI ID: zlkxm68@ibl",No,No,No
spam,"Hi, I think I sent Rs.99,544 to you by error while paying someone else. Please return it to UPI ID pmzedtox@ibl, thank you.",No,No,No
spam,"National Scholarship Portal: Your scholarship benefit of Rs.1,905 is ready for transfer. Submit your bank passbook details to receive it.",No,No,No
spam,I accidentally sent Rs.875 to your Amazon Pay by mistake. Please refund it to this UPI ID: kgbnxp@axl,No,No,No
spam,LPG Subsidy Scheme: Your scholarship benefit of Rs.812 is ready for transfer. Submit your bank passbook details to receive it.,No,No,No
spam,"I accidentally sent Rs.55,134 to your Amazon Pay by mistake. Please refund it to this UPI ID: kgcssaan@okhdfcbank",No,No,No
spam,"By mistake Rs.93,822 got transferred to your account from mine, please refund at the earliest to apjqghdo34@axl.",No,No,No
spam,"You have been selected for a work-from-home job with HCL. Share your bank details to receive the joining bonus of Rs.85,671.",No,No,No
spam,"Your insurance policy maturity amount of Rs.71,319 is ready. Send your bank passbook details to receive payment.",No,No,No
spam,Your Bank of Baroda personal loan of Rs.898 is pre-approved. Share your bank account and Aadhaar details to process.,No,No,No
spam,"You have been selected for a work-from-home job with Reliance. Share your bank details to receive the joining bonus of Rs.1,583.",No,No,No
spam,"PM Kisan Samman Nidhi: Your scholarship benefit of Rs.78,608 is ready for transfer. Submit your bank passbook details to receive it.",No,No,No
spam,"Sorry, I transferred Rs.18,939 to the wrong number by mistake, this looks like your account. Kindly send it back to efmvsiq@okicici.",No,No,No
spam,"Hi, I think I sent Rs.61,457 to you by error while paying someone else. Please return it to UPI ID jjorh@ybl, thank you.",No,No,No
spam,"By mistake Rs.94,406 got transferred to your account from mine, please refund at the earliest to vejhrhf@ybl.",No,No,No
spam,"Sorry, I transferred Rs.15,833 to the wrong number by mistake, this looks like your account. Kindly send it back to rahds@ibl.",No,No,No
spam,"National Scholarship Portal: Your scholarship benefit of Rs.8,356 is ready for transfer. Submit your bank passbook details to receive it.",No,No,No
spam,"Sorry, I transferred Rs.871 to the wrong number by mistake, this looks like your account. Kindly send it back to ljdurt73@oksbi.",No,No,No
spam,I accidentally sent Rs.503 to your PhonePe by mistake. Please refund it to this UPI ID: gnswcwq@okicici,No,No,No
spam,"Congratulations, your application under PMAY has been approved for Rs.992. Send your bank details for disbursement.",No,No,No
spam,"By mistake Rs.9,240 got transferred to your account from mine, please refund at the earliest to gasxuld16@okicici.",No,No,No
spam,"PM Kisan Samman Nidhi: Your scholarship benefit of Rs.7,126 is ready for transfer. Submit your bank passbook details to receive it.",No,No,No
spam,"PM Ujjwala Yojana: Your scholarship benefit of Rs.77,218 is ready for transfer. Submit your bank passbook details to receive it.",No,No,No
spam,"Hi, I think I sent Rs.902 to you by error while paying someone else. Please return it to UPI ID ukrrzbf@okicici, thank you.",No,No,No
spam,"I accidentally sent Rs.50,686 to your PhonePe by mistake. Please refund it to this UPI ID: xeomfegg@ibl",No,No,No
spam,"Hi, I think I sent Rs.661 to you by error while paying someone else. Please return it to UPI ID hajjax@paytm, thank you.",No,No,No
spam,"Your HDFC Bank personal loan of Rs.70,820 is pre-approved. Share your bank account and Aadhaar details to process.",No,No,No
spam,"Your ICICI Bank personal loan of Rs.8,499 is pre-approved. Share your bank account and Aadhaar details to process.",No,No,No
spam,"Hi, I think I sent Rs.671 to you by error while paying someone else. Please return it to UPI ID rzbzani@ybl, thank you.",No,No,No
spam,"Your Axis Bank personal loan of Rs.6,235 is pre-approved. Share your bank account and Aadhaar details to process.",No,No,No
spam,"I accidentally sent Rs.1,891 to your Paytm by mistake. Please refund it to this UPI ID: iwdkevf@ibl",No,No,No
spam,"Your insurance policy maturity amount of Rs.70,847 is ready. Send your bank passbook details to receive payment.",No,No,No
spam,I accidentally sent Rs.914 to your Google Pay by mistake. Please refund it to this UPI ID: bjlxhokn@ibl,No,No,No
spam,"Congratulations, your application under PMAY has been approved for Rs.66,302. Send your bank details for disbursement.",No,No,No
spam,Your Punjab National Bank personal loan of Rs.613 is pre-approved. Share your bank account and Aadhaar details to process.,No,No,No
spam,"Congratulations, your application under PM Ujjwala Yojana has been approved for Rs.990. Send your bank details for disbursement.",No,No,No
spam,PMAY Alert: You are eligible for Rs.714 under the scheme. Share your Aadhaar and bank account number to claim.,No,No,No
spam,Your HDFC Bank personal loan of Rs.933 is pre-approved. Share your bank account and Aadhaar details to process.,No,No,No
spam,Your Canara Bank personal loan of Rs.634 is pre-approved. Share your bank account and Aadhaar details to process.,No,No,No
spam,"By mistake Rs.72,211 got transferred to your account from mine, please refund at the earliest to ipryrc47@paytm.",No,No,No
spam,"Your insurance policy maturity amount of Rs.82,731 is ready. Send your bank passbook details to receive payment.",No,No,No
spam,"PM Ujjwala Yojana: Your scholarship benefit of Rs.8,944 is ready for transfer. Submit your bank passbook details to receive it.",No,No,No
spam,"Post Matric Scholarship Alert: You are eligible for Rs.41,105 under the scheme. Share your Aadhaar and bank account number to claim.",No,No,No
spam,Your SBI personal loan of Rs.782 is pre-approved. Share your bank account and Aadhaar details to process.,No,No,No
spam,"Congratulations, your application under PM Kisan Samman Nidhi has been approved for Rs.9,924. Send your bank details for disbursement.",No,No,No
spam,"Congratulations, your application under Post Matric Scholarship has been approved for Rs.96,938. Send your bank details for disbursement.",No,No,No
spam,Your Canara Bank personal loan of Rs.690 is pre-approved. Share your bank account and Aadhaar details to process.,No,No,No
spam,"Your insurance policy maturity amount of Rs.6,309 is ready. Send your bank passbook details to receive payment.",No,No,No
spam,Your HDFC Bank personal loan of Rs.539 is pre-approved. Share your bank account and Aadhaar details to process.,No,No,No
spam,"Sorry, I transferred Rs.19,936 to the wrong number by mistake, this looks like your account. Kindly send it back to pmijog95@ybl.",No,No,No
spam,Your insurance policy maturity amount of Rs.569 is ready. Send your bank passbook details to receive payment.,No,No,No
spam,"You have been selected for a work-from-home job with Infosys. Share your bank details to receive the joining bonus of Rs.6,949.",No,No,No
spam,National Scholarship Portal: Your scholarship benefit of Rs.971 is ready for transfer. Submit your bank passbook details to receive it.,No,No,No
spam,"By mistake Rs.77,421 got transferred to your account from mine, please refund at the earliest to mxltsno@okhdfcbank.",No,No,No
spam,"By mistake Rs.6,309 got transferred to your account from mine, please refund at the earliest to guxpyx@oksbi.",No,No,No
spam,"Your SBI personal loan of Rs.3,054 is pre-approved. Share your bank account and Aadhaar details to process.",No,No,No
spam,"By mistake Rs.9,085 got transferred to your account from mine, please refund at the earliest to vsoxb@axl.",No,No,No
spam,"Your Punjab National Bank personal loan of Rs.16,511 is pre-approved. Share your bank account and Aadhaar details to process.",No,No,No
spam,Post Matric Scholarship: Your scholarship benefit of Rs.511 is ready for transfer. Submit your bank passbook details to receive it.,No,No,No
spam,"Your ICICI Bank personal loan of Rs.30,745 is pre-approved. Share your bank account and Aadhaar details to process.",No,No,No
spam,Your insurance policy maturity amount of Rs.502 is ready. Send your bank passbook details to receive payment.,No,No,No
spam,"You have been selected for a work-from-home job with Infosys. Share your bank details to receive the joining bonus of Rs.5,610.",No,No,No
spam,"PM Kisan Samman Nidhi: Your scholarship benefit of Rs.91,164 is ready for transfer. Submit your bank passbook details to receive it.",No,No,No
spam,"Hi, I think I sent Rs.55,216 to you by error while paying someone else. Please return it to UPI ID phgnkp@ibl, thank you.",No,No,No
spam,"Sorry, I transferred Rs.912 to the wrong number by mistake, this looks like your account. Kindly send it back to xszyc@ybl.",No,No,No
spam,"By mistake Rs.515 got transferred to your account from mine, please refund at the earliest to yfput15@ibl.",No,No,No
spam,"Sorry, I transferred Rs.614 to the wrong number by mistake, this looks like your account. Kindly send it back to tvnqckpc87@okhdfcbank.",No,No,No
spam,Your insurance policy maturity amount of Rs.779 is ready. Send your bank passbook details to receive payment.,No,No,No
spam,"You have been selected for a work-from-home job with Flipkart. Share your bank details to receive the joining bonus of Rs.2,444.",No,No,No
spam,"Sorry, I transferred Rs.920 to the wrong number by mistake, this looks like your account. Kindly send it back to thrpfweg@oksbi.",No,No,No
spam,I accidentally sent Rs.894 to your Google Pay by mistake. Please refund it to this UPI ID: byfwiek@axl,No,No,No
spam,"Hi, I think I sent Rs.534 to you by error while paying someone else. Please return it to UPI ID vkvgler21@okhdfcbank, thank you.",No,No,No
spam,"Hi, I think I sent Rs.17,329 to you by error while paying someone else. Please return it to UPI ID cssrsenj67@ibl, thank you.",No,No,No
spam,"Post Matric Scholarship: Your scholarship benefit of Rs.30,614 is ready for transfer. Submit your bank passbook details to receive it.",No,No,No
spam,"Your insurance policy maturity amount of Rs.58,064 is ready. Send your bank passbook details to receive payment.",No,No,No
spam,You have been selected for a work-from-home job with Infosys. Share your bank details to receive the joining bonus of Rs.857.,No,No,No
spam,"Congratulations, your application under LPG Subsidy Scheme has been approved for Rs.1,360. Send your bank details for disbursement.",No,No,No
spam,"Hi, I think I sent Rs.73,939 to you by error while paying someone else. Please return it to UPI ID yonfdvoo85@okicici, thank you.",No,No,No
spam,"You have been selected for a work-from-home job with Amazon. Share your bank details to receive the joining bonus of Rs.56,266.",No,No,No
spam,"Hi, I think I sent Rs.8,607 to you by error while paying someone else. Please return it to UPI ID swjndqsr@ibl, thank you.",No,No,No
spam,Your insurance policy maturity amount of Rs.867 is ready. Send your bank passbook details to receive payment.,No,No,No
spam,State Scholarship Scheme: Your scholarship benefit of Rs.540 is ready for transfer. Submit your bank passbook details to receive it.,No,No,No
spam,"By mistake Rs.4,729 got transferred to your account from mine, please refund at the earliest to pmyljeir@ibl.",No,No,No
spam,"Congratulations, your application under PM Kisan Samman Nidhi has been approved for Rs.3,980. Send your bank details for disbursement.",No,No,No
spam,"Congratulations, your application under PM Ujjwala Yojana has been approved for Rs.2,631. Send your bank details for disbursement.",No,No,No
spam,"Congratulations, your application under PMAY has been approved for Rs.6,927. Send your bank details for disbursement.",No,No,No
spam,"Congratulations, your application under LPG Subsidy Scheme has been approved for Rs.97,140. Send your bank details for disbursement.",No,No,No
spam,"LPG Subsidy Scheme: Your scholarship benefit of Rs.66,716 is ready for transfer. Submit your bank passbook details to receive it.",No,No,No
spam,"Congratulations, your application under LPG Subsidy Scheme has been approved for Rs.7,362. Send your bank details for disbursement.",No,No,No
spam,"Your Kotak Mahindra Bank personal loan of Rs.66,928 is pre-approved. Share your bank account and Aadhaar details to process.",No,No,No
spam,"Sorry, I transferred Rs.890 to the wrong number by mistake, this looks like your account. Kindly send it back to vlyzstr@oksbi.",No,No,No
spam,"Congratulations, your application under PM Kisan Samman Nidhi has been approved for Rs.1,214. Send your bank details for disbursement.",No,No,No
spam,"Post Matric Scholarship: Your scholarship benefit of Rs.6,992 is ready for transfer. Submit your bank passbook details to receive it.",No,No,No
spam,"Sorry, I transferred Rs.19,753 to the wrong number by mistake, this looks like your account. Kindly send it back to gjykiym49@paytm.",No,No,No
spam,"Sorry, I transferred Rs.3,095 to the wrong number by mistake, this looks like your account. Kindly send it back to iagco28@okicici.",No,No,No
spam,"Hi, I think I sent Rs.635 to you by error while paying someone else. Please return it to UPI ID fuoqqdq45@paytm, thank you.",No,No,No
spam,"Your HDFC Bank personal loan of Rs.91,036 is pre-approved. Share your bank account and Aadhaar details to process.",No,No,No
spam,"I accidentally sent Rs.2,149 to your Amazon Pay by mistake. Please refund it to this UPI ID: kxdqsgac@ybl",No,No,No
spam,"Your insurance policy maturity amount of Rs.7,894 is ready. Send your bank passbook details to receive payment.",No,No,No
spam,"Hi, I think I sent Rs.96,430 to you by error while paying someone else. Please return it to UPI ID uapues68@ibl, thank you.",No,No,No
spam,"National Scholarship Portal: Your scholarship benefit of Rs.65,321 is ready for transfer. Submit your bank passbook details to receive it.",No,No,No
spam,"Sorry, I transferred Rs.9,490 to the wrong number by mistake, this looks like your account. Kindly send it back to tlkyokv18@okhdfcbank.",No,No,No
spam,"LPG Subsidy Scheme Alert: You are eligible for Rs.1,219 under the scheme. Share your Aadhaar and bank account number to claim.",No,No,No
spam,"Congratulations, your application under Post Matric Scholarship has been approved for Rs.890. Send your bank details for disbursement.",No,No,No
spam,"PM Ujjwala Yojana: Your scholarship benefit of Rs.9,792 is ready for transfer. Submit your bank passbook details to receive it.",No,No,No
spam,Your insurance policy maturity amount of Rs.941 is ready. Send your bank passbook details to receive payment.,No,No,No
spam,"Sorry, I transferred Rs.994 to the wrong number by mistake, this looks like your account. Kindly send it back to fdyxzjq@okhdfcbank.",No,No,No
spam,You have been selected for a work-from-home job with Infosys. Share your bank details to receive the joining bonus of Rs.551.,No,No,No
spam,"Congratulations, your application under National Scholarship Portal has been approved for Rs.8,810. Send your bank details for disbursement.",No,No,No
spam,"By mistake Rs.714 got transferred to your account from mine, please refund at the earliest to oyjev@ibl.",No,No,No
spam,Your ICICI Bank personal loan of Rs.528 is pre-approved. Share your bank account and Aadhaar details to process.,No,No,No
spam,"State Scholarship Scheme Alert: You are eligible for Rs.39,587 under the scheme. Share your Aadhaar and bank account number to claim.",No,No,No
spam,"Sorry, I transferred Rs.2,751 to the wrong number by mistake, this looks like your account. Kindly send it back to rwsszmuj69@axl.",No,No,No
spam,"Sorry, I transferred Rs.56,918 to the wrong number by mistake, this looks like your account. Kindly send it back to pxxkwa@ibl.",No,No,No
spam,"Sorry, I transferred Rs.54,547 to the wrong number by mistake, this looks like your account. Kindly send it back to hwkqead@okhdfcbank.",No,No,No
spam,"Hi, I think I sent Rs.855 to you by error while paying someone else. Please return it to UPI ID lwtwtzq21@paytm, thank you.",No,No,No
spam,"By mistake Rs.851 got transferred to your account from mine, please refund at the earliest to absugupf43@ibl.",No,No,No
spam,Your Kotak Mahindra Bank personal loan of Rs.654 is pre-approved. Share your bank account and Aadhaar details to process.,No,No,No
spam,"Post Matric Scholarship: Your scholarship benefit of Rs.3,114 is ready for transfer. Submit your bank passbook details to receive it.",No,No,No
spam,"By mistake Rs.63,296 got transferred to your account from mine, please refund at the earliest to wdgjtqcu@ybl.",No,No,No
spam,"By mistake Rs.93,721 got transferred to your account from mine, please refund at the earliest to dwnetgr@okicici.",No,No,No
spam,"Hi, I think I sent Rs.2,895 to you by error while paying someone else. Please return it to UPI ID auqeisu16@okhdfcbank, thank you.",No,No,No
spam,"Sorry, I transferred Rs.9,641 to the wrong number by mistake, this looks like your account. Kindly send it back to uqshxni89@ibl.",No,No,No
spam,"Congratulations, your application under PM Kisan Samman Nidhi has been approved for Rs.9,432. Send your bank details for disbursement.",No,No,No
spam,"Sorry, I transferred Rs.503 to the wrong number by mistake, this looks like your account. Kindly send it back to rzlgs@paytm.",No,No,No
spam,"Hi, I think I sent Rs.596 to you by error while paying someone else. Please return it to UPI ID kbelz15@okhdfcbank, thank you.",No,No,No
spam,"Your SBI personal loan of Rs.71,004 is pre-approved. Share your bank account and Aadhaar details to process.",No,No,No
spam,"State Scholarship Scheme Alert: You are eligible for Rs.84,680 under the scheme. Share your Aadhaar and bank account number to claim.",No,No,No
spam,PM Ujjwala Yojana Alert: You are eligible for Rs.995 under the scheme. Share your Aadhaar and bank account number to claim.,No,No,No
spam,Your Punjab National Bank personal loan of Rs.503 is pre-approved. Share your bank account and Aadhaar details to process.,No,No,No
spam,"You have been selected for a work-from-home job with Infosys. Share your bank details to receive the joining bonus of Rs.5,115.",No,No,No
spam,"By mistake Rs.582 got transferred to your account from mine, please refund at the earliest to enagyv@ybl.",No,No,No
spam,"National Scholarship Portal: Your scholarship benefit of Rs.23,389 is ready for transfer. Submit your bank passbook details to receive it.",No,No,No
spam,You have been selected for a work-from-home job with HCL. Share your bank details to receive the joining bonus of Rs.883.,No,No,No
spam,"Hi, I think I sent Rs.756 to you by error while paying someone else. Please return it to UPI ID pcbmxr@okhdfcbank, thank you.",No,No,No
spam,"Hi, I think I sent Rs.933 to you by error while paying someone else. Please return it to UPI ID cqldqr@axl, thank you.",No,No,No
spam,"National Scholarship Portal Alert: You are eligible for Rs.18,220 under the scheme. Share your Aadhaar and bank account number to claim.",No,No,No
spam,"Your insurance policy maturity amount of Rs.3,051 is ready. Send your bank passbook details to receive payment.",No,No,No
spam,"Your insurance policy maturity amount of Rs.45,874 is ready. Send your bank passbook details to receive payment.",No,No,No
spam,"Sorry, I transferred Rs.4,186 to the wrong number by mistake, this looks like your account. Kindly send it back to knztug11@ibl.",No,No,No
spam,"Post Matric Scholarship: Your scholarship benefit of Rs.8,409 is ready for transfer. Submit your bank passbook details to receive it.",No,No,No
spam,"By mistake Rs.33,294 got transferred to your account from mine, please refund at the earliest to mjzivqs@paytm.",No,No,No
spam,PMAY Alert: You are eligible for Rs.842 under the scheme. Share your Aadhaar and bank account number to claim.,No,No,No
spam,"Congratulations, your application under PMAY has been approved for Rs.37,795. Send your bank details for disbursement.",No,No,No
spam,"Your insurance policy maturity amount of Rs.1,368 is ready. Send your bank passbook details to receive payment.",No,No,No
spam,"Your insurance policy maturity amount of Rs.51,688 is ready. Send your bank passbook details to receive payment.",No,No,No
spam,"By mistake Rs.8,637 got transferred to your account from mine, please refund at the earliest to ngdqk39@paytm.",No,No,No
spam,I accidentally sent Rs.567 to your Google Pay by mistake. Please refund it to this UPI ID: bvwni@ybl,No,No,No
spam,You have been selected for a work-from-home job with Reliance. Share your bank details to receive the joining bonus of Rs.768.,No,No,No
spam,"Hi, I think I sent Rs.7,487 to you by error while paying someone else. Please return it to UPI ID ccnbpq@ibl, thank you.",No,No,No
spam,"Your insurance policy maturity amount of Rs.22,297 is ready. Send your bank passbook details to receive payment.",No,No,No
spam,National Scholarship Portal Alert: You are eligible for Rs.849 under the scheme. Share your Aadhaar and bank account number to claim.,No,No,No
spam,National Scholarship Portal Alert: You are eligible for Rs.599 under the scheme. Share your Aadhaar and bank account number to claim.,No,No,No
spam,"Congratulations, your application under Post Matric Scholarship has been approved for Rs.19,377. Send your bank details for disbursement.",No,No,No
spam,"Congratulations, your application under National Scholarship Portal has been approved for Rs.523. Send your bank details for disbursement.",No,No,No
spam,"PM Kisan Samman Nidhi: Your scholarship benefit of Rs.10,622 is ready for transfer. Submit your bank passbook details to receive it.",No,No,No
spam,"Sorry, I transferred Rs.25,895 to the wrong number by mistake, this looks like your account. Kindly send it back to cyrtfj22@okicici.",No,No,No
spam,"By mistake Rs.5,674 got transferred to your account from mine, please refund at the earliest to wrtjrfda81@okhdfcbank.",No,No,No
spam,"Ayushman Bharat: Your scholarship benefit of Rs.35,761 is ready for transfer. Submit your bank passbook details to receive it.",No,No,No
spam,"Ayushman Bharat: Your scholarship benefit of Rs.46,866 is ready for transfer. Submit your bank passbook details to receive it.",No,No,No
spam,"By mistake Rs.978 got transferred to your account from mine, please refund at the earliest to gomtcz13@paytm.",No,No,No
spam,"National Scholarship Portal: Your scholarship benefit of Rs.8,467 is ready for transfer. Submit your bank passbook details to receive it.",No,No,No
spam,"You have been selected for a work-from-home job with Wipro. Share your bank details to receive the joining bonus of Rs.7,740.",No,No,No
spam,You have been selected for a work-from-home job with Infosys. Share your bank details to receive the joining bonus of Rs.716.,No,No,No
spam,"Congratulations, your application under State Scholarship Scheme has been approved for Rs.619. Send your bank details for disbursement.",No,No,No
spam,"Congratulations, your application under Post Matric Scholarship has been approved for Rs.83,398. Send your bank details for disbursement.",No,No,No
spam,Post Matric Scholarship: Your scholarship benefit of Rs.505 is ready for transfer. Submit your bank passbook details to receive it.,No,No,No
spam,PM Ujjwala Yojana Alert: You are eligible for Rs.512 under the scheme. Share your Aadhaar and bank account number to claim.,No,No,No
spam,Ayushman Bharat Alert: You are eligible for Rs.803 under the scheme. Share your Aadhaar and bank account number to claim.,No,No,No
spam,"National Scholarship Portal: Your scholarship benefit of Rs.2,950 is ready for transfer. Submit your bank passbook details to receive it.",No,No,No
spam,You have been selected for a work-from-home job with Wipro. Share your bank details to receive the joining bonus of Rs.924.,No,No,No
spam,You have been selected for a work-from-home job with Amazon. Share your bank details to receive the joining bonus of Rs.949.,No,No,No
spam,"Congratulations, your application under Ayushman Bharat has been approved for Rs.39,781. Send your bank details for disbursement.",No,No,No
spam,"Your Canara Bank personal loan of Rs.9,628 is pre-approved. Share your bank account and Aadhaar details to process.",No,No,No
spam,PM Kisan Samman Nidhi Alert: You are eligible for Rs.751 under the scheme. Share your Aadhaar and bank account number to claim.,No,No,No
spam,"Sorry, I transferred Rs.34,312 to the wrong number by mistake, this looks like your account. Kindly send it back to hbxlxuf34@okicici.",No,No,No
spam,"Sorry, I transferred Rs.5,203 to the wrong number by mistake, this looks like your account. Kindly send it back to ybeyanx49@okicici.",No,No,No
spam,"Ayushman Bharat Alert: You are eligible for Rs.2,871 under the scheme. Share your Aadhaar and bank account number to claim.",No,No,No
spam,You have been selected for a work-from-home job with Infosys. Share your bank details to receive the joining bonus of Rs.684.,No,No,No
spam,"I accidentally sent Rs.7,581 to your PhonePe by mistake. Please refund it to this UPI ID: lwoijed60@oksbi",No,No,No
spam,"National Scholarship Portal Alert: You are eligible for Rs.7,407 under the scheme. Share your Aadhaar and bank account number to claim.",No,No,No
spam,"I accidentally sent Rs.5,117 to your Paytm by mistake. Please refund it to this UPI ID: frhay26@axl",No,No,No
spam,"I accidentally sent Rs.2,877 to your Paytm by mistake. Please refund it to this UPI ID: imkvgnwi@paytm",No,No,No
spam,"Your insurance policy maturity amount of Rs.5,641 is ready. Send your bank passbook details to receive payment.",No,No,No
spam,"Hi, I think I sent Rs.68,769 to you by error while paying someone else. Please return it to UPI ID mimupic@oksbi, thank you.",No,No,No
spam,"Congratulations, your application under LPG Subsidy Scheme has been approved for Rs.761. Send your bank details for disbursement.",No,No,No
spam,Your insurance policy maturity amount of Rs.503 is ready. Send your bank passbook details to receive payment.,No,No,No
spam,"Sorry, I transferred Rs.70,821 to the wrong number by mistake, this looks like your account. Kindly send it back to vpjnyge@okicici.",No,No,No
spam,"You have been selected for a work-from-home job with Infosys. Share your bank details to receive the joining bonus of Rs.84,213.",No,No,No
spam,"You have been selected for a work-from-home job with Wipro. Share your bank details to receive the joining bonus of Rs.90,403.",No,No,No
spam,"Hi, I think I sent Rs.819 to you by error while paying someone else. Please return it to UPI ID eblfiep69@ybl, thank you.",No,No,No
spam,"National Scholarship Portal: Your scholarship benefit of Rs.3,456 is ready for transfer. Submit your bank passbook details to receive it.",No,No,No
spam,"Sorry, I transferred Rs.6,061 to the wrong number by mistake, this looks like your account. Kindly send it back to jetcmi@paytm.",No,No,No
spam,State Scholarship Scheme Alert: You are eligible for Rs.683 under the scheme. Share your Aadhaar and bank account number to claim.,No,No,No
spam,"Hi, I think I sent Rs.655 to you by error while paying someone else. Please return it to UPI ID raoayjt@oksbi, thank you.",No,No,No
spam,"By mistake Rs.51,795 got transferred to your account from mine, please refund at the earliest to gvaqqgp19@ybl.",No,No,No
spam,"Sorry, I transferred Rs.7,821 to the wrong number by mistake, this looks like your account. Kindly send it back to qekmu@okicici.",No,No,No
spam,"You have been selected for a work-from-home job with Reliance. Share your bank details to receive the joining bonus of Rs.4,995.",No,No,No
spam,"By mistake Rs.10,130 got transferred to your account from mine, please refund at the earliest to tgtdxhyn@axl.",No,No,No
spam,"Congratulations, your application under National Scholarship Portal has been approved for Rs.10,546. Send your bank details for disbursement.",No,No,No
spam,"I accidentally sent Rs.94,880 to your Google Pay by mistake. Please refund it to this UPI ID: tcrdmx43@okhdfcbank",No,No,No
spam,"PM Kisan Samman Nidhi: Your scholarship benefit of Rs.9,124 is ready for transfer. Submit your bank passbook details to receive it.",No,No,No
spam,"Your insurance policy maturity amount of Rs.57,237 is ready. Send your bank passbook details to receive payment.",No,No,No
spam,Ayushman Bharat: Your scholarship benefit of Rs.760 is ready for transfer. Submit your bank passbook details to receive it.,No,No,No
spam,LPG Subsidy Scheme Alert: You are eligible for Rs.598 under the scheme. Share your Aadhaar and bank account number to claim.,No,No,No
spam,Your Canara Bank personal loan of Rs.939 is pre-approved. Share your bank account and Aadhaar details to process.,No,No,No
spam,"You have been selected for a work-from-home job with Flipkart. Share your bank details to receive the joining bonus of Rs.99,843.",No,No,No
spam,"Hi, I think I sent Rs.9,061 to you by error while paying someone else. Please return it to UPI ID rvkspjn55@axl, thank you.",No,No,No
spam,"By mistake Rs.69,178 got transferred to your account from mine, please refund at the earliest to uwgyuk55@okicici.",No,No,No
spam,State Scholarship Scheme: Your scholarship benefit of Rs.902 is ready for transfer. Submit your bank passbook details to receive it.,No,No,No
spam,"By mistake Rs.60,237 got transferred to your account from mine, please refund at the earliest to jgpgj78@paytm.",No,No,No
spam,PM Kisan Samman Nidhi: Your scholarship benefit of Rs.896 is ready for transfer. Submit your bank passbook details to receive it.,No,No,No
spam,"Your Kotak Mahindra Bank personal loan of Rs.26,407 is pre-approved. Share your bank account and Aadhaar details to process.",No,No,No
spam,"National Scholarship Portal: Your scholarship benefit of Rs.20,136 is ready for transfer. Submit your bank passbook details to receive it.",No,No,No
spam,"State Scholarship Scheme Alert: You are eligible for Rs.4,259 under the scheme. Share your Aadhaar and bank account number to claim.",No,No,No
spam,"National Scholarship Portal Alert: You are eligible for Rs.8,677 under the scheme. Share your Aadhaar and bank account number to claim.",No,No,No
spam,"PM Kisan Samman Nidhi Alert: You are eligible for Rs.1,146 under the scheme. Share your Aadhaar and bank account number to claim.",No,No,No
spam,"Your Punjab National Bank personal loan of Rs.27,388 is pre-approved. Share your bank account and Aadhaar details to process.",No,No,No
spam,"Hi, I think I sent Rs.18,230 to you by error while paying someone else. Please return it to UPI ID wcphdd10@okhdfcbank, thank you.",No,No,No
spam,"PM Kisan Samman Nidhi: Your scholarship benefit of Rs.33,169 is ready for transfer. Submit your bank passbook details to receive it.",No,No,No
spam,"By mistake Rs.95,962 got transferred to your account from mine, please refund at the earliest to odepi97@paytm.",No,No,No
spam,"Your Punjab National Bank personal loan of Rs.76,340 is pre-approved. Share your bank account and Aadhaar details to process.",No,No,No
spam,"PM Ujjwala Yojana: Your scholarship benefit of Rs.62,802 is ready for transfer. Submit your bank passbook details to receive it.",No,No,No
spam,"Sorry, I transferred Rs.48,418 to the wrong number by mistake, this looks like your account. Kindly send it back to rgpiknyf@okicici.",No,No,No
spam,State Scholarship Scheme: Your scholarship benefit of Rs.693 is ready for transfer. Submit your bank passbook details to receive it.,No,No,No
spam,"You have been selected for a work-from-home job with HCL. Share your bank details to receive the joining bonus of Rs.67,624.",No,No,No
spam,"Sorry, I transferred Rs.29,882 to the wrong number by mistake, this looks like your account. Kindly send it back to vvobauer@paytm.",No,No,No
spam,Your insurance policy maturity amount of Rs.804 is ready. Send your bank passbook details to receive payment.,No,No,No
spam,"Sorry, I transferred Rs.60,250 to the wrong number by mistake, this looks like your account. Kindly send it back to epmqrmi@okicici.",No,No,No
spam,"PMAY Alert: You are eligible for Rs.6,590 under the scheme. Share your Aadhaar and bank account number to claim.",No,No,No
spam,"PM Ujjwala Yojana Alert: You are eligible for Rs.21,852 under the scheme. Share your Aadhaar and bank account number to claim.",No,No,No
spam,"Your insurance policy maturity amount of Rs.69,354 is ready. Send your bank passbook details to receive payment.",No,No,No
spam,I accidentally sent Rs.989 to your PhonePe by mistake. Please refund it to this UPI ID: ztjfugy@oksbi,No,No,No
spam,"Congratulations, your application under PM Ujjwala Yojana has been approved for Rs.63,468. Send your bank details for disbursement.",No,No,No
spam,PM Ujjwala Yojana Alert: You are eligible for Rs.848 under the scheme. Share your Aadhaar and bank account number to claim.,No,No,No
spam,"Your ICICI Bank personal loan of Rs.8,584 is pre-approved. Share your bank account and Aadhaar details to process.",No,No,No
spam,"Congratulations, your application under Ayushman Bharat has been approved for Rs.511. Send your bank details for disbursement.",No,No,No
spam,"Your Axis Bank personal loan of Rs.7,089 is pre-approved. Share your bank account and Aadhaar details to process.",No,No,No
spam,"Congratulations, your application under Ayushman Bharat has been approved for Rs.62,995. Send your bank details for disbursement.",No,No,No
spam,"By mistake Rs.800 got transferred to your account from mine, please refund at the earliest to jimhzk@oksbi.",No,No,No
spam,"Congratulations, your application under State Scholarship Scheme has been approved for Rs.3,846. Send your bank details for disbursement.",No,No,No
spam,"By mistake Rs.6,193 got transferred to your account from mine, please refund at the earliest to kkscps@ibl.",No,No,No
spam,"By mistake Rs.4,988 got transferred to your account from mine, please refund at the earliest to etxmmrj@oksbi.",No,No,No
spam,Your ICICI Bank personal loan of Rs.916 is pre-approved. Share your bank account and Aadhaar details to process.,No,No,No
spam,"Congratulations, your application under Post Matric Scholarship has been approved for Rs.649. Send your bank details for disbursement.",No,No,No
spam,"By mistake Rs.39,951 got transferred to your account from mine, please refund at the earliest to kphzun24@axl.",No,No,No
spam,"Sorry, I transferred Rs.1,594 to the wrong number by mistake, this looks like your account. Kindly send it back to mribfus29@ybl.",No,No,No
spam,"I accidentally sent Rs.6,966 to your PhonePe by mistake. Please refund it to this UPI ID: naqyg54@axl",No,No,No
spam,"Your ICICI Bank personal loan of Rs.29,016 is pre-approved. Share your bank account and Aadhaar details to process.",No,No,No
spam,"You have been selected for a work-from-home job with Reliance. Share your bank details to receive the joining bonus of Rs.94,236.",No,No,No
spam,"You have been selected for a work-from-home job with Wipro. Share your bank details to receive the joining bonus of Rs.63,833.",No,No,No
spam,"Sorry, I transferred Rs.55,097 to the wrong number by mistake, this looks like your account. Kindly send it back to pcmlcj99@ibl.",No,No,No
spam,"Sorry, I transferred Rs.8,146 to the wrong number by mistake, this looks like your account. Kindly send it back to udmsk92@paytm.",No,No,No
spam,"You have been selected for a work-from-home job with Amazon. Share your bank details to receive the joining bonus of Rs.6,140.",No,No,No
spam,"Congratulations, your application under PMAY has been approved for Rs.803. Send your bank details for disbursement.",No,No,No
spam,I accidentally sent Rs.843 to your Amazon Pay by mistake. Please refund it to this UPI ID: mmdjsbv@paytm,No,No,No
spam,I accidentally sent Rs.687 to your Google Pay by mistake. Please refund it to this UPI ID: slsrdzji@ybl,No,No,No
spam,"By mistake Rs.826 got transferred to your account from mine, please refund at the earliest to czfpzo48@okhdfcbank.",No,No,No
spam,"Your Bank of Baroda personal loan of Rs.9,832 is pre-approved. Share your bank account and Aadhaar details to process.",No,No,No
spam,"By mistake Rs.3,434 got transferred to your account from mine, please refund at the earliest to auveqiow21@oksbi.",No,No,No
spam,"National Scholarship Portal Alert: You are eligible for Rs.3,957 under the scheme. Share your Aadhaar and bank account number to claim.",No,No,No
spam,"Your Axis Bank personal loan of Rs.7,587 is pre-approved. Share your bank account and Aadhaar details to process.",No,No,No
spam,National Scholarship Portal: Your scholarship benefit of Rs.998 is ready for transfer. Submit your bank passbook details to receive it.,No,No,No
spam,"I accidentally sent Rs.50,708 to your Google Pay by mistake. Please refund it to this UPI ID: owyiqp@axl",No,No,No
spam,"PM Kisan Samman Nidhi Alert: You are eligible for Rs.1,300 under the scheme. Share your Aadhaar and bank account number to claim.",No,No,No
spam,I accidentally sent Rs.780 to your Paytm by mistake. Please refund it to this UPI ID: rqxsdr73@ibl,No,No,No
spam,"PMAY: Your scholarship benefit of Rs.2,101 is ready for transfer. Submit your bank passbook details to receive it.",No,No,No
spam,Ayushman Bharat Alert: You are eligible for Rs.605 under the scheme. Share your Aadhaar and bank account number to claim.,No,No,No
spam,"You have been selected for a work-from-home job with Infosys. Share your bank details to receive the joining bonus of Rs.10,748.",No,No,No
spam,"Hi, I think I sent Rs.827 to you by error while paying someone else. Please return it to UPI ID oyjciiz@okhdfcbank, thank you.",No,No,No
spam,"By mistake Rs.43,643 got transferred to your account from mine, please refund at the earliest to svibzr@paytm.",No,No,No
spam,"LPG Subsidy Scheme: Your scholarship benefit of Rs.5,325 is ready for transfer. Submit your bank passbook details to receive it.",No,No,No
spam,National Scholarship Portal: Your scholarship benefit of Rs.956 is ready for transfer. Submit your bank passbook details to receive it.,No,No,No
spam,"Congratulations, your application under Ayushman Bharat has been approved for Rs.35,046. Send your bank details for disbursement.",No,No,No
spam,"Congratulations, your application under LPG Subsidy Scheme has been approved for Rs.5,150. Send your bank details for disbursement.",No,No,No
spam,"Hi, I think I sent Rs.16,970 to you by error while paying someone else. Please return it to UPI ID xytkl45@oksbi, thank you.",No,No,No
spam,"Congratulations, your application under PM Ujjwala Yojana has been approved for Rs.840. Send your bank details for disbursement.",No,No,No
spam,"National Scholarship Portal: Your scholarship benefit of Rs.5,542 is ready for transfer. Submit your bank passbook details to receive it.",No,No,No
spam,"Congratulations, your application under National Scholarship Portal has been approved for Rs.42,960. Send your bank details for disbursement.",No,No,No
spam,"PMAY Alert: You are eligible for Rs.7,061 under the scheme. Share your Aadhaar and bank account number to claim.",No,No,No
spam,"Congratulations, your application under Ayushman Bharat has been approved for Rs.698. Send your bank details for disbursement.",No,No,No
spam,"Sorry, I transferred Rs.4,134 to the wrong number by mistake, this looks like your account. Kindly send it back to dvjoyxmr@axl.",No,No,No
spam,"Sorry, I transferred Rs.2,126 to the wrong number by mistake, this looks like your account. Kindly send it back to jdqjp99@ybl.",No,No,No
spam,"Your insurance policy maturity amount of Rs.26,313 is ready. Send your bank passbook details to receive payment.",No,No,No
spam,"Congratulations, your application under Post Matric Scholarship has been approved for Rs.2,148. Send your bank details for disbursement.",No,No,No
spam,"Hi, I think I sent Rs.6,251 to you by error while paying someone else. Please return it to UPI ID cqhmmjj@ibl, thank you.",No,No,No
spam,National Scholarship Portal Alert: You are eligible for Rs.799 under the scheme. Share your Aadhaar and bank account number to claim.,No,No,No
spam,You have been selected for a work-from-home job with Infosys. Share your bank details to receive the joining bonus of Rs.821.,No,No,No
spam,"Congratulations, your application under State Scholarship Scheme has been approved for Rs.83,202. Send your bank details for disbursement.",No,No,No
spam,"Congratulations, your application under PM Kisan Samman Nidhi has been approved for Rs.85,084. Send your bank details for disbursement.",No,No,No
spam,You have been selected for a work-from-home job with Flipkart. Share your bank details to receive the joining bonus of Rs.650.,No,No,No
spam,"Hi, I think I sent Rs.53,538 to you by error while paying someone else. Please return it to UPI ID yrwksg@axl, thank you.",No,No,No
spam,"Sorry, I transferred Rs.59,927 to the wrong number by mistake, this looks like your account. Kindly send it back to kujadce@oksbi.",No,No,No
spam,"By mistake Rs.8,876 got transferred to your account from mine, please refund at the earliest to sycwfn47@oksbi.",No,No,No
spam,"Hi, I think I sent Rs.783 to you by error while paying someone else. Please return it to UPI ID xdyfstc@paytm, thank you.",No,No,No
spam,You have been selected for a work-from-home job with Flipkart. Share your bank details to receive the joining bonus of Rs.989.,No,No,No
spam,"You have been selected for a work-from-home job with Wipro. Share your bank details to receive the joining bonus of Rs.34,868.",No,No,No
spam,PM Kisan Samman Nidhi: Your scholarship benefit of Rs.866 is ready for transfer. Submit your bank passbook details to receive it.,No,No,No
spam,State Scholarship Scheme Alert: You are eligible for Rs.951 under the scheme. Share your Aadhaar and bank account number to claim.,No,No,No
spam,"I accidentally sent Rs.89,172 to your Amazon Pay by mistake. Please refund it to this UPI ID: ogsynnfe44@okicici",No,No,No
spam,"Congratulations, your application under PM Ujjwala Yojana has been approved for Rs.3,421. Send your bank details for disbursement.",No,No,No
spam,"By mistake Rs.28,569 got transferred to your account from mine, please refund at the earliest to cisyy@oksbi.",No,No,No
spam,"I accidentally sent Rs.5,714 to your PhonePe by mistake. Please refund it to this UPI ID: iczehnhq77@axl",No,No,No
spam,"You have been selected for a work-from-home job with Flipkart. Share your bank details to receive the joining bonus of Rs.3,499.",No,No,No
spam,National Scholarship Portal Alert: You are eligible for Rs.521 under the scheme. Share your Aadhaar and bank account number to claim.,No,No,No
spam,"Post Matric Scholarship: Your scholarship benefit of Rs.42,648 is ready for transfer. Submit your bank passbook details to receive it.",No,No,No
spam,I accidentally sent Rs.685 to your PhonePe by mistake. Please refund it to this UPI ID: jiqheusq92@axl,No,No,No
spam,"Sorry, I transferred Rs.842 to the wrong number by mistake, this looks like your account. Kindly send it back to vkiduol37@okhdfcbank.",No,No,No
spam,Your insurance policy maturity amount of Rs.823 is ready. Send your bank passbook details to receive payment.,No,No,No
spam,Your Kotak Mahindra Bank personal loan of Rs.667 is pre-approved. Share your bank account and Aadhaar details to process.,No,No,No
spam,"Sorry, I transferred Rs.609 to the wrong number by mistake, this looks like your account. Kindly send it back to mjzfqzxy@ybl.",No,No,No
spam,"Your insurance policy maturity amount of Rs.5,807 is ready. Send your bank passbook details to receive payment.",No,No,No
spam,"Congratulations, your application under PM Ujjwala Yojana has been approved for Rs.92,121. Send your bank details for disbursement.",No,No,No
spam,Post Matric Scholarship: Your scholarship benefit of Rs.717 is ready for transfer. Submit your bank passbook details to receive it.,No,No,No
spam,"Hi, I think I sent Rs.709 to you by error while paying someone else. Please return it to UPI ID bxjne96@oksbi, thank you.",No,No,No
spam,"Your Kotak Mahindra Bank personal loan of Rs.46,227 is pre-approved. Share your bank account and Aadhaar details to process.",No,No,No
spam,"Sorry, I transferred Rs.27,792 to the wrong number by mistake, this looks like your account. Kindly send it back to bmoisis75@axl.",No,No,No
spam,"Your Bank of Baroda personal loan of Rs.7,196 is pre-approved. Share your bank account and Aadhaar details to process.",No,No,No
spam,"You have been selected for a work-from-home job with Amazon. Share your bank details to receive the joining bonus of Rs.3,521.",No,No,No
spam,"PMAY Alert: You are eligible for Rs.73,947 under the scheme. Share your Aadhaar and bank account number to claim.",No,No,No
spam,"Sorry, I transferred Rs.5,924 to the wrong number by mistake, this looks like your account. Kindly send it back to zipqd@oksbi.",No,No,No
spam,"By mistake Rs.34,076 got transferred to your account from mine, please refund at the earliest to paktlj90@ibl.",No,No,No
spam,"I accidentally sent Rs.9,173 to your PhonePe by mistake. Please refund it to this UPI ID: nnbdm45@oksbi",No,No,No
spam,"Congratulations, your application under LPG Subsidy Scheme has been approved for Rs.88,672. Send your bank details for disbursement.",No,No,No
spam,"PMAY: Your scholarship benefit of Rs.3,866 is ready for transfer. Submit your bank passbook details to receive it.",No,No,No
spam,"You have been selected for a work-from-home job with Amazon. Share your bank details to receive the joining bonus of Rs.77,306.",No,No,No
spam,I accidentally sent Rs.750 to your Paytm by mistake. Please refund it to this UPI ID: wzxbopxs@ybl,No,No,No
spam,"Congratulations, your application under National Scholarship Portal has been approved for Rs.9,874. Send your bank details for disbursement.",No,No,No
spam,"Sorry, I transferred Rs.808 to the wrong number by mistake, this looks like your account. Kindly send it back to pkfkh@axl.",No,No,No
spam,"Your ICICI Bank personal loan of Rs.29,221 is pre-approved. Share your bank account and Aadhaar details to process.",No,No,No
spam,"Congratulations, your application under PMAY has been approved for Rs.4,508. Send your bank details for disbursement.",No,No,No
spam,"I accidentally sent Rs.78,101 to your Amazon Pay by mistake. Please refund it to this UPI ID: tfgtc@oksbi",No,No,No
spam,"Congratulations, your application under LPG Subsidy Scheme has been approved for Rs.4,611. Send your bank details for disbursement.",No,No,No
spam,"Sorry, I transferred Rs.566 to the wrong number by mistake, this looks like your account. Kindly send it back to jqqjepi77@okhdfcbank.",No,No,No
spam,"I accidentally sent Rs.6,760 to your Google Pay by mistake. Please refund it to this UPI ID: vptotcwz@ybl",No,No,No
spam,"By mistake Rs.675 got transferred to your account from mine, please refund at the earliest to ofchp19@okhdfcbank.",No,No,No
spam,"Sorry, I transferred Rs.581 to the wrong number by mistake, this looks like your account. Kindly send it back to ipnshm@paytm.",No,No,No
spam,"Ayushman Bharat: Your scholarship benefit of Rs.4,904 is ready for transfer. Submit your bank passbook details to receive it.",No,No,No
spam,"Sorry, I transferred Rs.37,522 to the wrong number by mistake, this looks like your account. Kindly send it back to afnhvpt75@paytm.",No,No,No
spam,"Congratulations, your application under LPG Subsidy Scheme has been approved for Rs.6,022. Send your bank details for disbursement.",No,No,No
spam,Your Axis Bank personal loan of Rs.939 is pre-approved. Share your bank account and Aadhaar details to process.,No,No,No
spam,"National Scholarship Portal: Your scholarship benefit of Rs.7,066 is ready for transfer. Submit your bank passbook details to receive it.",No,No,No
spam,Your Axis Bank personal loan of Rs.541 is pre-approved. Share your bank account and Aadhaar details to process.,No,No,No
spam,"Ayushman Bharat: Your scholarship benefit of Rs.33,982 is ready for transfer. Submit your bank passbook details to receive it.",No,No,No
spam,I accidentally sent Rs.831 to your Google Pay by mistake. Please refund it to this UPI ID: npwxg89@okicici,No,No,No
spam,"Congratulations, your application under PM Kisan Samman Nidhi has been approved for Rs.58,211. Send your bank details for disbursement.",No,No,No
spam,"Sorry, I transferred Rs.8,712 to the wrong number by mistake, this looks like your account. Kindly send it back to njbticvg71@oksbi.",No,No,No
spam,"Your insurance policy maturity amount of Rs.57,322 is ready. Send your bank passbook details to receive payment.",No,No,No
spam,"By mistake Rs.5,208 got transferred to your account from mine, please refund at the earliest to qcytxs@ibl.",No,No,No
spam,"PMAY Alert: You are eligible for Rs.74,043 under the scheme. Share your Aadhaar and bank account number to claim.",No,No,No
spam,"By mistake Rs.33,387 got transferred to your account from mine, please refund at the earliest to pnvukv37@ybl.",No,No,No
spam,"Hi, I think I sent Rs.688 to you by error while paying someone else. Please return it to UPI ID pxqkuxrv52@axl, thank you.",No,No,No
spam,"Your Canara Bank personal loan of Rs.3,381 is pre-approved. Share your bank account and Aadhaar details to process.",No,No,No
spam,"Congratulations, your application under PM Kisan Samman Nidhi has been approved for Rs.852. Send your bank details for disbursement.",No,No,No
spam,"Ayushman Bharat Alert: You are eligible for Rs.2,528 under the scheme. Share your Aadhaar and bank account number to claim.",No,No,No
spam,"Your HDFC Bank personal loan of Rs.24,977 is pre-approved. Share your bank account and Aadhaar details to process.",No,No,No
spam,"I accidentally sent Rs.8,210 to your PhonePe by mistake. Please refund it to this UPI ID: lkiztv@okhdfcbank",No,No,No
spam,"I accidentally sent Rs.5,898 to your Amazon Pay by mistake. Please refund it to this UPI ID: hskyox75@paytm",No,No,No
spam,"By mistake Rs.618 got transferred to your account from mine, please refund at the earliest to ogpuy67@axl.",No,No,No
spam,"I accidentally sent Rs.70,501 to your Google Pay by mistake. Please refund it to this UPI ID: eylen@paytm",No,No,No
spam,PM Kisan Samman Nidhi: Your scholarship benefit of Rs.718 is ready for transfer. Submit your bank passbook details to receive it.,No,No,No
spam,"Congratulations, your application under State Scholarship Scheme has been approved for Rs.549. Send your bank details for disbursement.",No,No,No
spam,"Congratulations, your application under State Scholarship Scheme has been approved for Rs.14,998. Send your bank details for disbursement.",No,No,No
spam,"LPG Subsidy Scheme: Your scholarship benefit of Rs.2,003 is ready for transfer. Submit your bank passbook details to receive it.",No,No,No
spam,"Sorry, I transferred Rs.729 to the wrong number by mistake, this looks like your account. Kindly send it back to gppsdu49@ibl.",No,No,No
spam,"Your Canara Bank personal loan of Rs.8,588 is pre-approved. Share your bank account and Aadhaar details to process.",No,No,No
spam,"You have been selected for a work-from-home job with Amazon. Share your bank details to receive the joining bonus of Rs.4,386.",No,No,No
spam,Post Matric Scholarship Alert: You are eligible for Rs.877 under the scheme. Share your Aadhaar and bank account number to claim.,No,No,No
spam,"Congratulations, your application under PM Ujjwala Yojana has been approved for Rs.789. Send your bank details for disbursement.",No,No,No
spam,Your Bank of Baroda personal loan of Rs.852 is pre-approved. Share your bank account and Aadhaar details to process.,No,No,No
spam,PM Ujjwala Yojana Alert: You are eligible for Rs.946 under the scheme. Share your Aadhaar and bank account number to claim.,No,No,No
spam,"Your Bank of Baroda personal loan of Rs.7,707 is pre-approved. Share your bank account and Aadhaar details to process.",No,No,No
spam,Ayushman Bharat: Your scholarship benefit of Rs.554 is ready for transfer. Submit your bank passbook details to receive it.,No,No,No
spam,You have been selected for a work-from-home job with Amazon. Share your bank details to receive the joining bonus of Rs.763.,No,No,No
spam,"Hi, I think I sent Rs.1,983 to you by error while paying someone else. Please return it to UPI ID trnjs@oksbi, thank you.",No,No,No
spam,Your SBI personal loan of Rs.796 is pre-approved. Share your bank account and Aadhaar details to process.,No,No,No
spam,Your insurance policy maturity amount of Rs.608 is ready. Send your bank passbook details to receive payment.,No,No,No
spam,"National Scholarship Portal: Your scholarship benefit of Rs.36,966 is ready for transfer. Submit your bank passbook details to receive it.",No,No,No
spam,"By mistake Rs.90,430 got transferred to your account from mine, please refund at the earliest to qdmctn80@oksbi.",No,No,No
spam,"LPG Subsidy Scheme Alert: You are eligible for Rs.78,002 under the scheme. Share your Aadhaar and bank account number to claim.",No,No,No
spam,"I accidentally sent Rs.90,964 to your Google Pay by mistake. Please refund it to this UPI ID: ojjfbq@okhdfcbank",No,No,No
spam,"Sorry, I transferred Rs.23,996 to the wrong number by mistake, this looks like your account. Kindly send it back to mcltgwfk@ybl.",No,No,No
spam,I accidentally sent Rs.834 to your Google Pay by mistake. Please refund it to this UPI ID: mykwxmh31@ibl,No,No,No
spam,"By mistake Rs.15,781 got transferred to your account from mine, please refund at the earliest to uqekmdpf@axl.",No,No,No
spam,"Congratulations, your application under National Scholarship Portal has been approved for Rs.9,908. Send your bank details for disbursement.",No,No,No
spam,"State Scholarship Scheme Alert: You are eligible for Rs.1,516 under the scheme. Share your Aadhaar and bank account number to claim.",No,No,No
spam,"By mistake Rs.42,884 got transferred to your account from mine, please refund at the earliest to kygkvea20@oksbi.",No,No,No
spam,"Hi, I think I sent Rs.1,727 to you by error while paying someone else. Please return it to UPI ID yksdqzpj@okhdfcbank, thank you.",No,No,No
spam,"By mistake Rs.11,798 got transferred to your account from mine, please refund at the earliest to btnlii@okhdfcbank.",No,No,No
spam,National Scholarship Portal Alert: You are eligible for Rs.610 under the scheme. Share your Aadhaar and bank account number to claim.,No,No,No
spam,"Your insurance policy maturity amount of Rs.2,018 is ready. Send your bank passbook details to receive payment.",No,No,No
spam,Ayushman Bharat: Your scholarship benefit of Rs.809 is ready for transfer. Submit your bank passbook details to receive it.,No,No,No
spam,"Your insurance policy maturity amount of Rs.36,521 is ready. Send your bank passbook details to receive payment.",No,No,No
spam,"National Scholarship Portal Alert: You are eligible for Rs.3,116 under the scheme. Share your Aadhaar and bank account number to claim.",No,No,No
spam,"PM Kisan Samman Nidhi Alert: You are eligible for Rs.8,134 under the scheme. Share your Aadhaar and bank account number to claim.",No,No,No
spam,"LPG Subsidy Scheme: Your scholarship benefit of Rs.97,540 is ready for transfer. Submit your bank passbook details to receive it.",No,No,No
spam,"By mistake Rs.2,941 got transferred to your account from mine, please refund at the earliest to swhkdq47@ybl.",No,No,No
spam,"Your insurance policy maturity amount of Rs.2,240 is ready. Send your bank passbook details to receive payment.",No,No,No
spam,"LPG Subsidy Scheme Alert: You are eligible for Rs.3,446 under the scheme. Share your Aadhaar and bank account number to claim.",No,No,No
spam,"You have been selected for a work-from-home job with Flipkart. Share your bank details to receive the joining bonus of Rs.3,468.",No,No,No
spam,"Hi, I think I sent Rs.816 to you by error while paying someone else. Please return it to UPI ID hlvnkesc76@oksbi, thank you.",No,No,No
spam,"By mistake Rs.4,159 got transferred to your account from mine, please refund at the earliest to xujwhkuf@okicici.",No,No,No
spam,"I accidentally sent Rs.49,016 to your Paytm by mistake. Please refund it to this UPI ID: zegnle@okhdfcbank",No,No,No
spam,"Your insurance policy maturity amount of Rs.2,802 is ready. Send your bank passbook details to receive payment.",No,No,No
spam,"National Scholarship Portal: Your scholarship benefit of Rs.49,502 is ready for transfer. Submit your bank passbook details to receive it.",No,No,No
spam,"Sorry, I transferred Rs.86,484 to the wrong number by mistake, this looks like your account. Kindly send it back to bekmovpf13@okicici.",No,No,No
spam,"Hi, I think I sent Rs.5,901 to you by error while paying someone else. Please return it to UPI ID omlumtd@ybl, thank you.",No,No,No
spam,"Hi, I think I sent Rs.3,899 to you by error while paying someone else. Please return it to UPI ID azdzq@okicici, thank you.",No,No,No
spam,"By mistake Rs.91,382 got transferred to your account from mine, please refund at the earliest to vuraskff21@paytm.",No,No,No
spam,"National Scholarship Portal Alert: You are eligible for Rs.2,782 under the scheme. Share your Aadhaar and bank account number to claim.",No,No,No
spam,"You have been selected for a work-from-home job with Flipkart. Share your bank details to receive the joining bonus of Rs.19,472.",No,No,No
spam,"Congratulations, your application under PM Ujjwala Yojana has been approved for Rs.1,535. Send your bank details for disbursement.",No,No,No
spam,LPG Subsidy Scheme Alert: You are eligible for Rs.819 under the scheme. Share your Aadhaar and bank account number to claim.,No,No,No
spam,"Hi, I think I sent Rs.507 to you by error while paying someone else. Please return it to UPI ID vhjov77@ybl, thank you.",No,No,No
spam,"Congratulations, your application under State Scholarship Scheme has been approved for Rs.29,473. Send your bank details for disbursement.",No,No,No
spam,"Sorry, I transferred Rs.855 to the wrong number by mistake, this looks like your account. Kindly send it back to ieaey@oksbi.",No,No,No
spam,"Ayushman Bharat: Your scholarship benefit of Rs.66,256 is ready for transfer. Submit your bank passbook details to receive it.",No,No,No
spam,"Sorry, I transferred Rs.962 to the wrong number by mistake, this looks like your account. Kindly send it back to dayivt94@axl.",No,No,No
spam,You have been selected for a work-from-home job with Wipro. Share your bank details to receive the joining bonus of Rs.762.,No,No,No
spam,"Sorry, I transferred Rs.744 to the wrong number by mistake, this looks like your account. Kindly send it back to ktote29@axl.",No,No,No
spam,"Sorry, I transferred Rs.893 to the wrong number by mistake, this looks like your account. Kindly send it back to ijtoh@okhdfcbank.",No,No,No
spam,"State Scholarship Scheme Alert: You are eligible for Rs.4,561 under the scheme. Share your Aadhaar and bank account number to claim.",No,No,No
spam,"Ayushman Bharat: Your scholarship benefit of Rs.9,179 is ready for transfer. Submit your bank passbook details to receive it.",No,No,No
spam,State Scholarship Scheme Alert: You are eligible for Rs.520 under the scheme. Share your Aadhaar and bank account number to claim.,No,No,No
spam,"Congratulations, your application under LPG Subsidy Scheme has been approved for Rs.9,854. Send your bank details for disbursement.",No,No,No
spam,I accidentally sent Rs.678 to your PhonePe by mistake. Please refund it to this UPI ID: hhbemqnj@ibl,No,No,No
spam,"Sorry, I transferred Rs.61,734 to the wrong number by mistake, this looks like your account. Kindly send it back to zgncepff70@okhdfcbank.",No,No,No
spam,"Your ICICI Bank personal loan of Rs.46,233 is pre-approved. Share your bank account and Aadhaar details to process.",No,No,No
spam,Your Axis Bank personal loan of Rs.888 is pre-approved. Share your bank account and Aadhaar details to process.,No,No,No
spam,"Your insurance policy maturity amount of Rs.37,667 is ready. Send your bank passbook details to receive payment.",No,No,No
spam,"I accidentally sent Rs.37,395 to your PhonePe by mistake. Please refund it to this UPI ID: dbndypti48@okicici",No,No,No
spam,PMAY: Your scholarship benefit of Rs.766 is ready for transfer. Submit your bank passbook details to receive it.,No,No,No
spam,"Sorry, I transferred Rs.2,701 to the wrong number by mistake, this looks like your account. Kindly send it back to uiioqc@oksbi.",No,No,No
spam,"By mistake Rs.99,784 got transferred to your account from mine, please refund at the earliest to fyaan@ybl.",No,No,No
spam,"Your insurance policy maturity amount of Rs.11,496 is ready. Send your bank passbook details to receive payment.",No,No,No
spam,"You have been selected for a work-from-home job with Wipro. Share your bank details to receive the joining bonus of Rs.4,518.",No,No,No
spam,"PM Ujjwala Yojana: Your scholarship benefit of Rs.8,468 is ready for transfer. Submit your bank passbook details to receive it.",No,No,No
spam,"Hi, I think I sent Rs.554 to you by error while paying someone else. Please return it to UPI ID ucuqoo25@ybl, thank you.",No,No,No
spam,"Your Axis Bank personal loan of Rs.58,221 is pre-approved. Share your bank account and Aadhaar details to process.",No,No,No
spam,"I accidentally sent Rs.4,676 to your PhonePe by mistake. Please refund it to this UPI ID: rxxbw52@oksbi",No,No,No
spam,I accidentally sent Rs.978 to your PhonePe by mistake. Please refund it to this UPI ID: sxwgjb@oksbi,No,No,No
spam,"Congratulations, your application under State Scholarship Scheme has been approved for Rs.5,807. Send your bank details for disbursement.",No,No,No
spam,State Scholarship Scheme Alert: You are eligible for Rs.735 under the scheme. Share your Aadhaar and bank account number to claim.,No,No,No
spam,"Hi, I think I sent Rs.741 to you by error while paying someone else. Please return it to UPI ID cfhns71@ibl, thank you.",No,No,No
spam,"Your Axis Bank personal loan of Rs.36,021 is pre-approved. Share your bank account and Aadhaar details to process.",No,No,No
spam,PMAY Alert: You are eligible for Rs.672 under the scheme. Share your Aadhaar and bank account number to claim.,No,No,No
spam,"Your Kotak Mahindra Bank personal loan of Rs.7,277 is pre-approved. Share your bank account and Aadhaar details to process.",No,No,No
spam,"By mistake Rs.32,261 got transferred to your account from mine, please refund at the earliest to fixpfv@axl.",No,No,No
spam,"Hi, I think I sent Rs.515 to you by error while paying someone else. Please return it to UPI ID vfjxx64@paytm, thank you.",No,No,No
spam,"You have been selected for a work-from-home job with TCS. Share your bank details to receive the joining bonus of Rs.7,031.",No,No,No
spam,"By mistake Rs.738 got transferred to your account from mine, please refund at the earliest to wzxkrl47@oksbi.",No,No,No
spam,"State Scholarship Scheme: Your scholarship benefit of Rs.87,829 is ready for transfer. Submit your bank passbook details to receive it.",No,No,No
spam,"By mistake Rs.2,978 got transferred to your account from mine, please refund at the earliest to hbpyduc@paytm.",No,No,No
spam,"Congratulations, your application under State Scholarship Scheme has been approved for Rs.52,502. Send your bank details for disbursement.",No,No,No
spam,"Your Punjab National Bank personal loan of Rs.14,916 is pre-approved. Share your bank account and Aadhaar details to process.",No,No,No
spam,"Your insurance policy maturity amount of Rs.8,846 is ready. Send your bank passbook details to receive payment.",No,No,No
spam,"Sorry, I transferred Rs.619 to the wrong number by mistake, this looks like your account. Kindly send it back to yjjscmj43@oksbi.",No,No,No
spam,"By mistake Rs.816 got transferred to your account from mine, please refund at the earliest to tfxjct58@ybl.",No,No,No
spam,Your Axis Bank personal loan of Rs.542 is pre-approved. Share your bank account and Aadhaar details to process.,No,No,No
spam,"You have been selected for a work-from-home job with Flipkart. Share your bank details to receive the joining bonus of Rs.90,673.",No,No,No
spam,"By mistake Rs.6,142 got transferred to your account from mine, please refund at the earliest to nvscozz@ibl.",No,No,No
spam,"Congratulations, your application under LPG Subsidy Scheme has been approved for Rs.35,709. Send your bank details for disbursement.",No,No,No
spam,"I accidentally sent Rs.9,427 to your Amazon Pay by mistake. Please refund it to this UPI ID: ndqmlsii33@axl",No,No,No
spam,"Ayushman Bharat: Your scholarship benefit of Rs.96,882 is ready for transfer. Submit your bank passbook details to receive it.",No,No,No
spam,Your insurance policy maturity amount of Rs.663 is ready. Send your bank passbook details to receive payment.,No,No,No
spam,"Sorry, I transferred Rs.656 to the wrong number by mistake, this looks like your account. Kindly send it back to yoqec61@okicici.",No,No,No
spam,"You have been selected for a work-from-home job with Wipro. Share your bank details to receive the joining bonus of Rs.17,960.",No,No,No
spam,You have been selected for a work-from-home job with Infosys. Share your bank details to receive the joining bonus of Rs.850.,No,No,No
spam,"PM Ujjwala Yojana Alert: You are eligible for Rs.49,203 under the scheme. Share your Aadhaar and bank account number to claim.",No,No,No
spam,"You have been selected for a work-from-home job with Reliance. Share your bank details to receive the joining bonus of Rs.4,849.",No,No,No
spam,"Sorry, I transferred Rs.5,661 to the wrong number by mistake, this looks like your account. Kindly send it back to kgijd@ibl.",No,No,No
spam,"Hi, I think I sent Rs.764 to you by error while paying someone else. Please return it to UPI ID kfiamq41@oksbi, thank you.",No,No,No
spam,"You have been selected for a work-from-home job with TCS. Share your bank details to receive the joining bonus of Rs.8,208.",No,No,No
spam,"PM Ujjwala Yojana Alert: You are eligible for Rs.86,963 under the scheme. Share your Aadhaar and bank account number to claim.",No,No,No
spam,PM Ujjwala Yojana Alert: You are eligible for Rs.672 under the scheme. Share your Aadhaar and bank account number to claim.,No,No,No
spam,"Hi, I think I sent Rs.29,884 to you by error while paying someone else. Please return it to UPI ID xuquuy@axl, thank you.",No,No,No
spam,"PMAY: Your scholarship benefit of Rs.85,370 is ready for transfer. Submit your bank passbook details to receive it.",No,No,No
spam,"Hi, I think I sent Rs.12,889 to you by error while paying someone else. Please return it to UPI ID hdqkif65@okhdfcbank, thank you.",No,No,No
spam,"Hi, I think I sent Rs.1,303 to you by error while paying someone else. Please return it to UPI ID kafaz@okhdfcbank, thank you.",No,No,No
spam,"By mistake Rs.875 got transferred to your account from mine, please refund at the earliest to tkjczq@okicici.",No,No,No
spam,"Sorry, I transferred Rs.8,788 to the wrong number by mistake, this looks like your account. Kindly send it back to famrlm@axl.",No,No,No
spam,"Your insurance policy maturity amount of Rs.1,549 is ready. Send your bank passbook details to receive payment.",No,No,No
spam,Your insurance policy maturity amount of Rs.836 is ready. Send your bank passbook details to receive payment.,No,No,No
spam,"By mistake Rs.718 got transferred to your account from mine, please refund at the earliest to ftbfi19@oksbi.",No,No,No
spam,"Your insurance policy maturity amount of Rs.9,011 is ready. Send your bank passbook details to receive payment.",No,No,No
spam,"Your insurance policy maturity amount of Rs.1,672 is ready. Send your bank passbook details to receive payment.",No,No,No
spam,"Sorry, I transferred Rs.9,642 to the wrong number by mistake, this looks like your account. Kindly send it back to olwgiukm81@ybl.",No,No,No
spam,"Your insurance policy maturity amount of Rs.75,245 is ready. Send your bank passbook details to receive payment.",No,No,No
spam,"Your insurance policy maturity amount of Rs.72,100 is ready. Send your bank passbook details to receive payment.",No,No,No
spam,You have been selected for a work-from-home job with Wipro. Share your bank details to receive the joining bonus of Rs.645.,No,No,No
spam,"By mistake Rs.31,145 got transferred to your account from mine, please refund at the earliest to anppgipk@axl.",No,No,No
spam,National Scholarship Portal Alert: You are eligible for Rs.811 under the scheme. Share your Aadhaar and bank account number to claim.,No,No,No
spam,You have been selected for a work-from-home job with HCL. Share your bank details to receive the joining bonus of Rs.747.,No,No,No
spam,"I accidentally sent Rs.7,140 to your Paytm by mistake. Please refund it to this UPI ID: oputsz95@ibl",No,No,No
spam,You have been selected for a work-from-home job with Flipkart. Share your bank details to receive the joining bonus of Rs.940.,No,No,No
spam,"Ayushman Bharat: Your scholarship benefit of Rs.86,137 is ready for transfer. Submit your bank passbook details to receive it.",No,No,No
spam,"LPG Subsidy Scheme Alert: You are eligible for Rs.77,089 under the scheme. Share your Aadhaar and bank account number to claim.",No,No,No
spam,"I accidentally sent Rs.16,753 to your Paytm by mistake. Please refund it to this UPI ID: bnnyc29@axl",No,No,No
spam,"Congratulations, your application under PM Ujjwala Yojana has been approved for Rs.640. Send your bank details for disbursement.",No,No,No
spam,"I accidentally sent Rs.25,921 to your Google Pay by mistake. Please refund it to this UPI ID: rvdmtp@oksbi",No,No,No
spam,I accidentally sent Rs.750 to your PhonePe by mistake. Please refund it to this UPI ID: cwiwiinq59@oksbi,No,No,No
spam,"Hi, I think I sent Rs.18,993 to you by error while paying someone else. Please return it to UPI ID tskcwsmj@okhdfcbank, thank you.",No,No,No
spam,"Your Kotak Mahindra Bank personal loan of Rs.3,117 is pre-approved. Share your bank account and Aadhaar details to process.",No,No,No
spam,"Your Kotak Mahindra Bank personal loan of Rs.3,347 is pre-approved. Share your bank account and Aadhaar details to process.",No,No,No
spam,"You have been selected for a work-from-home job with HCL. Share your bank details to receive the joining bonus of Rs.2,171.",No,No,No
spam,"Your insurance policy maturity amount of Rs.8,297 is ready. Send your bank passbook details to receive payment.",No,No,No
spam,"Hi, I think I sent Rs.6,364 to you by error while paying someone else. Please return it to UPI ID enzjcdg33@okicici, thank you.",No,No,No
spam,I accidentally sent Rs.560 to your PhonePe by mistake. Please refund it to this UPI ID: vdqevq77@oksbi,No,No,No
spam,"State Scholarship Scheme: Your scholarship benefit of Rs.54,597 is ready for transfer. Submit your bank passbook details to receive it.",No,No,No
spam,"PM Ujjwala Yojana Alert: You are eligible for Rs.74,110 under the scheme. Share your Aadhaar and bank account number to claim.",No,No,No
spam,LPG Subsidy Scheme Alert: You are eligible for Rs.710 under the scheme. Share your Aadhaar and bank account number to claim.,No,No,No
spam,"You have been selected for a work-from-home job with Infosys. Share your bank details to receive the joining bonus of Rs.12,461.",No,No,No
spam,"Hi, I think I sent Rs.3,741 to you by error while paying someone else. Please return it to UPI ID jvbpeib63@ibl, thank you.",No,No,No
spam,"Ayushman Bharat Alert: You are eligible for Rs.9,393 under the scheme. Share your Aadhaar and bank account number to claim.",No,No,No
spam,"By mistake Rs.9,756 got transferred to your account from mine, please refund at the earliest to jyvvdltj95@oksbi.",No,No,No
spam,National Scholarship Portal Alert: You are eligible for Rs.780 under the scheme. Share your Aadhaar and bank account number to claim.,No,No,No
spam,You have been selected for a work-from-home job with TCS. Share your bank details to receive the joining bonus of Rs.511.,No,No,No
spam,"Your insurance policy maturity amount of Rs.2,856 is ready. Send your bank passbook details to receive payment.",No,No,No
spam,"I accidentally sent Rs.1,710 to your Amazon Pay by mistake. Please refund it to this UPI ID: wpojb87@ibl",No,No,No
spam,"By mistake Rs.1,761 got transferred to your account from mine, please refund at the earliest to noceqe@okhdfcbank.",No,No,No
spam,"PMAY: Your scholarship benefit of Rs.34,317 is ready for transfer. Submit your bank passbook details to receive it.",No,No,No
spam,"Congratulations, your application under PMAY has been approved for Rs.52,633. Send your bank details for disbursement.",No,No,No
spam,"PM Kisan Samman Nidhi Alert: You are eligible for Rs.8,601 under the scheme. Share your Aadhaar and bank account number to claim.",No,No,No
spam,"Congratulations, your application under PMAY has been approved for Rs.602. Send your bank details for disbursement.",No,No,No
spam,"Congratulations, your application under State Scholarship Scheme has been approved for Rs.28,764. Send your bank details for disbursement.",No,No,No
spam,"Congratulations, your application under National Scholarship Portal has been approved for Rs.3,135. Send your bank details for disbursement.",No,No,No
spam,"I accidentally sent Rs.41,247 to your Amazon Pay by mistake. Please refund it to this UPI ID: bzeiwzkx67@okhdfcbank",No,No,No
spam,"Sorry, I transferred Rs.2,542 to the wrong number by mistake, this looks like your account. Kindly send it back to qnmptc@ybl.",No,No,No
spam,"Sorry, I transferred Rs.918 to the wrong number by mistake, this looks like your account. Kindly send it back to dzxtvo@okicici.",No,No,No
spam,PM Kisan Samman Nidhi Alert: You are eligible for Rs.731 under the scheme. Share your Aadhaar and bank account number to claim.,No,No,No
spam,"Congratulations, your application under National Scholarship Portal has been approved for Rs.9,490. Send your bank details for disbursement.",No,No,No
spam,"You have been selected for a work-from-home job with TCS. Share your bank details to receive the joining bonus of Rs.21,718.",No,No,No
spam,"Post Matric Scholarship: Your scholarship benefit of Rs.4,284 is ready for transfer. Submit your bank passbook details to receive it.",No,No,No
spam,PM Kisan Samman Nidhi: Your scholarship benefit of Rs.839 is ready for transfer. Submit your bank passbook details to receive it.,No,No,No
spam,"Congratulations, your application under Post Matric Scholarship has been approved for Rs.8,869. Send your bank details for disbursement.",No,No,No
spam,"Sorry, I transferred Rs.783 to the wrong number by mistake, this looks like your account. Kindly send it back to truowruv45@axl.",No,No,No
spam,"By mistake Rs.7,208 got transferred to your account from mine, please refund at the earliest to fpqkk66@ibl.",No,No,No
spam,"Sorry, I transferred Rs.37,031 to the wrong number by mistake, this looks like your account. Kindly send it back to dqtzcbgv21@paytm.",No,No,No
spam,"By mistake Rs.12,356 got transferred to your account from mine, please refund at the earliest to qjymsyg@ibl.",No,No,No
spam,I accidentally sent Rs.661 to your PhonePe by mistake. Please refund it to this UPI ID: rwbxdt46@axl,No,No,No
spam,"Sorry, I transferred Rs.63,280 to the wrong number by mistake, this looks like your account. Kindly send it back to hropbknu@ybl.",No,No,No
spam,"Sorry, I transferred Rs.16,006 to the wrong number by mistake, this looks like your account. Kindly send it back to pecxhdh@oksbi.",No,No,No
spam,"By mistake Rs.25,356 got transferred to your account from mine, please refund at the earliest to nwodjbnq25@ybl.",No,No,No
spam,Your insurance policy maturity amount of Rs.647 is ready. Send your bank passbook details to receive payment.,No,No,No
spam,"By mistake Rs.555 got transferred to your account from mine, please refund at the earliest to lbbqsuun54@okhdfcbank.",No,No,No
spam,"Sorry, I transferred Rs.545 to the wrong number by mistake, this looks like your account. Kindly send it back to xzlmukuw60@okhdfcbank.",No,No,No
spam,"Congratulations, your application under PMAY has been approved for Rs.882. Send your bank details for disbursement.",No,No,No
spam,"Hi, I think I sent Rs.88,462 to you by error while paying someone else. Please return it to UPI ID njzonmus@paytm, thank you.",No,No,No
spam,"You have been selected for a work-from-home job with Wipro. Share your bank details to receive the joining bonus of Rs.53,175.",No,No,No
spam,"Sorry, I transferred Rs.71,219 to the wrong number by mistake, this looks like your account. Kindly send it back to glwnalac39@oksbi.",No,No,No
spam,"Sorry, I transferred Rs.28,259 to the wrong number by mistake, this looks like your account. Kindly send it back to xrwgj@oksbi.",No,No,No
spam,"Sorry, I transferred Rs.98,696 to the wrong number by mistake, this looks like your account. Kindly send it back to jgaxah@ybl.",No,No,No
spam,"Sorry, I transferred Rs.748 to the wrong number by mistake, this looks like your account. Kindly send it back to cqfykj73@okhdfcbank.",No,No,No
spam,"Sorry, I transferred Rs.633 to the wrong number by mistake, this looks like your account. Kindly send it back to lxrco@axl.",No,No,No
spam,"Congratulations, your application under LPG Subsidy Scheme has been approved for Rs.712. Send your bank details for disbursement.",No,No,No
spam,"Hi, I think I sent Rs.17,628 to you by error while paying someone else. Please return it to UPI ID ruhhb@okicici, thank you.",No,No,No
spam,"By mistake Rs.1,695 got transferred to your account from mine, please refund at the earliest to hjkfp@ybl.",No,No,No
spam,"Post Matric Scholarship: Your scholarship benefit of Rs.7,905 is ready for transfer. Submit your bank passbook details to receive it.",No,No,No
spam,"Sorry, I transferred Rs.5,521 to the wrong number by mistake, this looks like your account. Kindly send it back to ngdnbr@oksbi.",No,No,No
spam,"PM Kisan Samman Nidhi Alert: You are eligible for Rs.56,753 under the scheme. Share your Aadhaar and bank account number to claim.",No,No,No
spam,"Your Punjab National Bank personal loan of Rs.7,881 is pre-approved. Share your bank account and Aadhaar details to process.",No,No,No
spam,"I accidentally sent Rs.5,425 to your Google Pay by mistake. Please refund it to this UPI ID: jexyvr18@ybl",No,No,No
spam,"PMAY Alert: You are eligible for Rs.3,156 under the scheme. Share your Aadhaar and bank account number to claim.",No,No,No
spam,"Ayushman Bharat Alert: You are eligible for Rs.91,720 under the scheme. Share your Aadhaar and bank account number to claim.",No,No,No
spam,"Your insurance policy maturity amount of Rs.22,589 is ready. Send your bank passbook details to receive payment.",No,No,No
spam,"By mistake Rs.5,213 got transferred to your account from mine, please refund at the earliest to bvikb@axl.",No,No,No
spam,"Sorry, I transferred Rs.7,645 to the wrong number by mistake, this looks like your account. Kindly send it back to rarezttv44@okicici.",No,No,No
spam,"Sorry, I transferred Rs.19,310 to the wrong number by mistake, this looks like your account. Kindly send it back to ugdyp70@okhdfcbank.",No,No,No
spam,"Hi, I think I sent Rs.510 to you by error while paying someone else. Please return it to UPI ID xnyawbd@paytm, thank you.",No,No,No
spam,"Your insurance policy maturity amount of Rs.9,161 is ready. Send your bank passbook details to receive payment.",No,No,No
spam,"PM Ujjwala Yojana: Your scholarship benefit of Rs.45,702 is ready for transfer. Submit your bank passbook details to receive it.",No,No,No
spam,"Congratulations, your application under State Scholarship Scheme has been approved for Rs.57,885. Send your bank details for disbursement.",No,No,No
spam,"I accidentally sent Rs.5,336 to your Paytm by mistake. Please refund it to this UPI ID: bwydgjk50@oksbi",No,No,No
spam,"Congratulations, your application under PM Kisan Samman Nidhi has been approved for Rs.881. Send your bank details for disbursement.",No,No,No
spam,"Hi, I think I sent Rs.67,317 to you by error while paying someone else. Please return it to UPI ID dldhrtbw@paytm, thank you.",No,No,No
spam,You have been selected for a work-from-home job with Infosys. Share your bank details to receive the joining bonus of Rs.686.,No,No,No
spam,Your insurance policy maturity amount of Rs.745 is ready. Send your bank passbook details to receive payment.,No,No,No
spam,"Hi, I think I sent Rs.62,972 to you by error while paying someone else. Please return it to UPI ID xeypig@ybl, thank you.",No,No,No
spam,Your Kotak Mahindra Bank personal loan of Rs.726 is pre-approved. Share your bank account and Aadhaar details to process.,No,No,No
spam,"I accidentally sent Rs.4,945 to your Paytm by mistake. Please refund it to this UPI ID: ccnls@paytm",No,No,No
spam,"You have been selected for a work-from-home job with Amazon. Share your bank details to receive the joining bonus of Rs.76,303.",No,No,No
spam,"National Scholarship Portal: Your scholarship benefit of Rs.6,615 is ready for transfer. Submit your bank passbook details to receive it.",No,No,No
spam,"Sorry, I transferred Rs.28,471 to the wrong number by mistake, this looks like your account. Kindly send it back to kfglfkqf60@okhdfcbank.",No,No,No
spam,"Hi, I think I sent Rs.92,660 to you by error while paying someone else. Please return it to UPI ID yjxwmrf@axl, thank you.",No,No,No
spam,"Hi, I think I sent Rs.85,687 to you by error while paying someone else. Please return it to UPI ID atsnpkd@okhdfcbank, thank you.",No,No,No
spam,"By mistake Rs.49,516 got transferred to your account from mine, please refund at the earliest to vblmoyk97@ibl.",No,No,No
spam,"Congratulations, your application under LPG Subsidy Scheme has been approved for Rs.773. Send your bank details for disbursement.",No,No,No
spam,You have been selected for a work-from-home job with Flipkart. Share your bank details to receive the joining bonus of Rs.644.,No,No,No
spam,"By mistake Rs.60,513 got transferred to your account from mine, please refund at the earliest to tdbzxp71@axl.",No,No,No
spam,"I accidentally sent Rs.3,589 to your Google Pay by mistake. Please refund it to this UPI ID: miruxbd16@oksbi",No,No,No
spam,Your Punjab National Bank personal loan of Rs.662 is pre-approved. Share your bank account and Aadhaar details to process.,No,No,No
spam,"Congratulations, your application under PMAY has been approved for Rs.979. Send your bank details for disbursement.",No,No,No
spam,"Your HDFC Bank personal loan of Rs.5,659 is pre-approved. Share your bank account and Aadhaar details to process.",No,No,No
spam,"By mistake Rs.58,494 got transferred to your account from mine, please refund at the earliest to nlkpso97@axl.",No,No,No
spam,"Sorry, I transferred Rs.26,436 to the wrong number by mistake, this looks like your account. Kindly send it back to vyekns@okhdfcbank.",No,No,No
spam,"National Scholarship Portal: Your scholarship benefit of Rs.67,432 is ready for transfer. Submit your bank passbook details to receive it.",No,No,No
spam,"Ayushman Bharat Alert: You are eligible for Rs.8,563 under the scheme. Share your Aadhaar and bank account number to claim.",No,No,No
spam,"You have been selected for a work-from-home job with Flipkart. Share your bank details to receive the joining bonus of Rs.60,519.",No,No,No
spam,"I accidentally sent Rs.96,020 to your PhonePe by mistake. Please refund it to this UPI ID: ubeqd@paytm",No,No,No
spam,Your ICICI Bank personal loan of Rs.847 is pre-approved. Share your bank account and Aadhaar details to process.,No,No,No
spam,"Congratulations, your application under PM Ujjwala Yojana has been approved for Rs.10,651. Send your bank details for disbursement.",No,No,No
spam,You have been selected for a work-from-home job with TCS. Share your bank details to receive the joining bonus of Rs.909.,No,No,No
spam,"Your insurance policy maturity amount of Rs.1,215 is ready. Send your bank passbook details to receive payment.",No,No,No
spam,"Congratulations, your application under State Scholarship Scheme has been approved for Rs.860. Send your bank details for disbursement.",No,No,No
spam,"I accidentally sent Rs.8,483 to your Google Pay by mistake. Please refund it to this UPI ID: iqkhok@ybl",No,No,No
spam,"Your Kotak Mahindra Bank personal loan of Rs.5,297 is pre-approved. Share your bank account and Aadhaar details to process.",No,No,No
spam,"You have been selected for a work-from-home job with Infosys. Share your bank details to receive the joining bonus of Rs.9,398.",No,No,No
spam,Your Kotak Mahindra Bank personal loan of Rs.836 is pre-approved. Share your bank account and Aadhaar details to process.,No,No,No
spam,"By mistake Rs.9,903 got transferred to your account from mine, please refund at the earliest to hzrwdoxb88@oksbi.",No,No,No
spam,"Sorry, I transferred Rs.2,403 to the wrong number by mistake, this looks like your account. Kindly send it back to pwombznp@ibl.",No,No,No
spam,"By mistake Rs.8,927 got transferred to your account from mine, please refund at the earliest to veahg@paytm.",No,No,No
spam,I accidentally sent Rs.539 to your Paytm by mistake. Please refund it to this UPI ID: sfnpllw67@okicici,No,No,No
spam,"Your insurance policy maturity amount of Rs.48,943 is ready. Send your bank passbook details to receive payment.",No,No,No
spam,"State Scholarship Scheme Alert: You are eligible for Rs.26,765 under the scheme. Share your Aadhaar and bank account number to claim.",No,No,No
spam,"Your Bank of Baroda personal loan of Rs.85,041 is pre-approved. Share your bank account and Aadhaar details to process.",No,No,No
spam,"By mistake Rs.6,282 got transferred to your account from mine, please refund at the earliest to qtfmr@ybl.",No,No,No
spam,"Congratulations, your application under Ayushman Bharat has been approved for Rs.769. Send your bank details for disbursement.",No,No,No
spam,"Sorry, I transferred Rs.33,671 to the wrong number by mistake, this looks like your account. Kindly send it back to juhbz63@paytm.",No,No,No
spam,"I accidentally sent Rs.4,908 to your Google Pay by mistake. Please refund it to this UPI ID: bxxqceka15@oksbi",No,No,No
spam,PM Kisan Samman Nidhi: Your scholarship benefit of Rs.721 is ready for transfer. Submit your bank passbook details to receive it.,No,No,No
spam,Your Bank of Baroda personal loan of Rs.826 is pre-approved. Share your bank account and Aadhaar details to process.,No,No,No
spam,"You have been selected for a work-from-home job with TCS. Share your bank details to receive the joining bonus of Rs.44,403.",No,No,No
spam,"You have been selected for a work-from-home job with HCL. Share your bank details to receive the joining bonus of Rs.1,234.",No,No,No
spam,"Congratulations, your application under State Scholarship Scheme has been approved for Rs.552. Send your bank details for disbursement.",No,No,No
spam,"Congratulations, your application under LPG Subsidy Scheme has been approved for Rs.703. Send your bank details for disbursement.",No,No,No
spam,You have been selected for a work-from-home job with Flipkart. Share your bank details to receive the joining bonus of Rs.880.,No,No,No
spam,"Congratulations, your application under PMAY has been approved for Rs.684. Send your bank details for disbursement.",No,No,No
spam,"LPG Subsidy Scheme: Your scholarship benefit of Rs.88,831 is ready for transfer. Submit your bank passbook details to receive it.",No,No,No
spam,"Your insurance policy maturity amount of Rs.55,983 is ready. Send your bank passbook details to receive payment.",No,No,No
spam,LPG Subsidy Scheme Alert: You are eligible for Rs.842 under the scheme. Share your Aadhaar and bank account number to claim.,No,No,No
spam,"Hi, I think I sent Rs.966 to you by error while paying someone else. Please return it to UPI ID vaozct98@okhdfcbank, thank you.",No,No,No
spam,"PM Kisan Samman Nidhi: Your scholarship benefit of Rs.67,218 is ready for transfer. Submit your bank passbook details to receive it.",No,No,No
spam,Your ICICI Bank personal loan of Rs.706 is pre-approved. Share your bank account and Aadhaar details to process.,No,No,No
spam,"By mistake Rs.571 got transferred to your account from mine, please refund at the earliest to iwdsxgx56@ybl.",No,No,No
spam,Your insurance policy maturity amount of Rs.918 is ready. Send your bank passbook details to receive payment.,No,No,No
spam,"Hi, I think I sent Rs.1,352 to you by error while paying someone else. Please return it to UPI ID azmmuz@oksbi, thank you.",No,No,No
spam,"Sorry, I transferred Rs.73,994 to the wrong number by mistake, this looks like your account. Kindly send it back to fudrmwz@okicici.",No,No,No
spam,"State Scholarship Scheme Alert: You are eligible for Rs.65,360 under the scheme. Share your Aadhaar and bank account number to claim.",No,No,No
spam,"Congratulations, your application under Ayushman Bharat has been approved for Rs.802. Send your bank details for disbursement.",No,No,No
spam,PMAY: Your scholarship benefit of Rs.886 is ready for transfer. Submit your bank passbook details to receive it.,No,No,No
spam,"Congratulations, your application under National Scholarship Portal has been approved for Rs.562. Send your bank details for disbursement.",No,No,No
spam,"By mistake Rs.742 got transferred to your account from mine, please refund at the earliest to fbrhc@okhdfcbank.",No,No,No
spam,"Ayushman Bharat: Your scholarship benefit of Rs.26,844 is ready for transfer. Submit your bank passbook details to receive it.",No,No,No
spam,"Your insurance policy maturity amount of Rs.14,835 is ready. Send your bank passbook details to receive payment.",No,No,No
spam,"PM Ujjwala Yojana Alert: You are eligible for Rs.2,918 under the scheme. Share your Aadhaar and bank account number to claim.",No,No,No
spam,"Your Canara Bank personal loan of Rs.82,348 is pre-approved. Share your bank account and Aadhaar details to process.",No,No,No
spam,"I accidentally sent Rs.1,353 to your Amazon Pay by mistake. Please refund it to this UPI ID: mqzfyuy@paytm",No,No,No
spam,"By mistake Rs.507 got transferred to your account from mine, please refund at the earliest to ncrnru23@okicici.",No,No,No
spam,"LPG Subsidy Scheme: Your scholarship benefit of Rs.1,357 is ready for transfer. Submit your bank passbook details to receive it.",No,No,No
spam,"By mistake Rs.5,849 got transferred to your account from mine, please refund at the earliest to zilozje@okhdfcbank.",No,No,No
spam,"You have been selected for a work-from-home job with Amazon. Share your bank details to receive the joining bonus of Rs.6,677.",No,No,No
spam,National Scholarship Portal Alert: You are eligible for Rs.712 under the scheme. Share your Aadhaar and bank account number to claim.,No,No,No
spam,"Ayushman Bharat: Your scholarship benefit of Rs.4,223 is ready for transfer. Submit your bank passbook details to receive it.",No,No,No
spam,LPG Subsidy Scheme Alert: You are eligible for Rs.635 under the scheme. Share your Aadhaar and bank account number to claim.,No,No,No
spam,"By mistake Rs.6,551 got transferred to your account from mine, please refund at the earliest to hrzxoj62@okicici.",No,No,No
spam,"You have been selected for a work-from-home job with Reliance. Share your bank details to receive the joining bonus of Rs.7,522.",No,No,No
spam,"By mistake Rs.736 got transferred to your account from mine, please refund at the earliest to aziecu25@okicici.",No,No,No
spam,Your insurance policy maturity amount of Rs.956 is ready. Send your bank passbook details to receive payment.,No,No,No
spam,"Sorry, I transferred Rs.15,592 to the wrong number by mistake, this looks like your account. Kindly send it back to rnnqde12@paytm.",No,No,No
spam,"Your insurance policy maturity amount of Rs.5,789 is ready. Send your bank passbook details to receive payment.",No,No,No
spam,PM Kisan Samman Nidhi: Your scholarship benefit of Rs.946 is ready for transfer. Submit your bank passbook details to receive it.,No,No,No
spam,"PM Kisan Samman Nidhi: Your scholarship benefit of Rs.63,133 is ready for transfer. Submit your bank passbook details to receive it.",No,No,No
spam,"You have been selected for a work-from-home job with Wipro. Share your bank details to receive the joining bonus of Rs.1,866.",No,No,No
spam,"Congratulations, your application under PM Ujjwala Yojana has been approved for Rs.6,123. Send your bank details for disbursement.",No,No,No
spam,I accidentally sent Rs.858 to your Google Pay by mistake. Please refund it to this UPI ID: jijpgau68@paytm,No,No,No
spam,"Hi, I think I sent Rs.22,205 to you by error while paying someone else. Please return it to UPI ID wtbrglzj@okicici, thank you.",No,No,No
spam,"Post Matric Scholarship Alert: You are eligible for Rs.32,669 under the scheme. Share your Aadhaar and bank account number to claim.",No,No,No
spam,"Your insurance policy maturity amount of Rs.1,712 is ready. Send your bank passbook details to receive payment.",No,No,No
spam,"You have been selected for a work-from-home job with Amazon. Share your bank details to receive the joining bonus of Rs.5,238.",No,No,No
spam,"I accidentally sent Rs.91,264 to your PhonePe by mistake. Please refund it to this UPI ID: tdkslcex26@okhdfcbank",No,No,No
spam,"Hi, I think I sent Rs.946 to you by error while paying someone else. Please return it to UPI ID mkazlsx@ibl, thank you.",No,No,No
spam,"Congratulations, your application under Ayushman Bharat has been approved for Rs.702. Send your bank details for disbursement.",No,No,No
spam,"Your Canara Bank personal loan of Rs.29,747 is pre-approved. Share your bank account and Aadhaar details to process.",No,No,No
spam,"Sorry, I transferred Rs.7,942 to the wrong number by mistake, this looks like your account. Kindly send it back to aobtrkyn@ibl.",No,No,No
spam,"Sorry, I transferred Rs.84,531 to the wrong number by mistake, this looks like your account. Kindly send it back to gcywfrjp66@ybl.",No,No,No
spam,"By mistake Rs.7,736 got transferred to your account from mine, please refund at the earliest to hvklazls62@paytm.",No,No,No
spam,"LPG Subsidy Scheme: Your scholarship benefit of Rs.1,594 is ready for transfer. Submit your bank passbook details to receive it.",No,No,No
spam,"By mistake Rs.3,826 got transferred to your account from mine, please refund at the earliest to cwkqmxv35@ibl.",No,No,No
spam,"By mistake Rs.7,410 got transferred to your account from mine, please refund at the earliest to mbmtulu99@okicici.",No,No,No
spam,"I accidentally sent Rs.5,239 to your Paytm by mistake. Please refund it to this UPI ID: disvtqx@paytm",No,No,No
spam,"Hi, I think I sent Rs.891 to you by error while paying someone else. Please return it to UPI ID llndrlz@ibl, thank you.",No,No,No
spam,"Sorry, I transferred Rs.563 to the wrong number by mistake, this looks like your account. Kindly send it back to graqgjz12@okhdfcbank.",No,No,No
spam,"By mistake Rs.9,017 got transferred to your account from mine, please refund at the earliest to tifat64@ibl.",No,No,No
spam,"By mistake Rs.8,496 got transferred to your account from mine, please refund at the earliest to jzngdszq53@ybl.",No,No,No
spam,"Hi, I think I sent Rs.625 to you by error while paying someone else. Please return it to UPI ID vravt@okicici, thank you.",No,No,No
spam,State Scholarship Scheme Alert: You are eligible for Rs.700 under the scheme. Share your Aadhaar and bank account number to claim.,No,No,No
spam,"PM Kisan Samman Nidhi Alert: You are eligible for Rs.4,986 under the scheme. Share your Aadhaar and bank account number to claim.",No,No,No
spam,"Hi, I think I sent Rs.25,977 to you by error while paying someone else. Please return it to UPI ID digebbi49@ibl, thank you.",No,No,No
spam,"PMAY: Your scholarship benefit of Rs.26,275 is ready for transfer. Submit your bank passbook details to receive it.",No,No,No
spam,Your Kotak Mahindra Bank personal loan of Rs.639 is pre-approved. Share your bank account and Aadhaar details to process.,No,No,No
spam,"You have been selected for a work-from-home job with Amazon. Share your bank details to receive the joining bonus of Rs.7,299.",No,No,No
spam,"By mistake Rs.9,683 got transferred to your account from mine, please refund at the earliest to xcbmdppr@ibl.",No,No,No
spam,LPG Subsidy Scheme Alert: You are eligible for Rs.662 under the scheme. Share your Aadhaar and bank account number to claim.,No,No,No
spam,PM Kisan Samman Nidhi: Your scholarship benefit of Rs.872 is ready for transfer. Submit your bank passbook details to receive it.,No,No,No
spam,"I accidentally sent Rs.1,305 to your Paytm by mistake. Please refund it to this UPI ID: akzgu53@paytm",No,No,No
spam,"Hi, I think I sent Rs.816 to you by error while paying someone else. Please return it to UPI ID btbdznu92@ybl, thank you.",No,No,No
spam,"Sorry, I transferred Rs.634 to the wrong number by mistake, this looks like your account. Kindly send it back to mipdr18@ybl.",No,No,No
spam,"Sorry, I transferred Rs.885 to the wrong number by mistake, this looks like your account. Kindly send it back to vzlaw@ibl.",No,No,No
spam,"Ayushman Bharat: Your scholarship benefit of Rs.2,208 is ready for transfer. Submit your bank passbook details to receive it.",No,No,No
spam,"Hi, I think I sent Rs.5,837 to you by error while paying someone else. Please return it to UPI ID fmfwpxjn@ybl, thank you.",No,No,No
spam,"I accidentally sent Rs.1,258 to your Paytm by mistake. Please refund it to this UPI ID: okcdlnr19@okhdfcbank",No,No,No
spam,"Sorry, I transferred Rs.49,507 to the wrong number by mistake, this looks like your account. Kindly send it back to rtdmsvzv@okhdfcbank.",No,No,No
spam,"Hi, I think I sent Rs.572 to you by error while paying someone else. Please return it to UPI ID xuxxm@oksbi, thank you.",No,No,No
spam,"You have been selected for a work-from-home job with Reliance. Share your bank details to receive the joining bonus of Rs.99,642.",No,No,No
spam,"By mistake Rs.23,003 got transferred to your account from mine, please refund at the earliest to aahtu@oksbi.",No,No,No
spam,You have been selected for a work-from-home job with TCS. Share your bank details to receive the joining bonus of Rs.790.,No,No,No
spam,"Hi, I think I sent Rs.92,151 to you by error while paying someone else. Please return it to UPI ID jxmfjrg51@okhdfcbank, thank you.",No,No,No
spam,Your insurance policy maturity amount of Rs.509 is ready. Send your bank passbook details to receive payment.,No,No,No
spam,"Sorry, I transferred Rs.4,747 to the wrong number by mistake, this looks like your account. Kindly send it back to ppsoo@paytm.",No,No,No
spam,"National Scholarship Portal Alert: You are eligible for Rs.6,580 under the scheme. Share your Aadhaar and bank account number to claim.",No,No,No
spam,"Your insurance policy maturity amount of Rs.2,617 is ready. Send your bank passbook details to receive payment.",No,No,No
spam,You have been selected for a work-from-home job with Flipkart. Share your bank details to receive the joining bonus of Rs.959.,No,No,No
spam,"Hi, I think I sent Rs.62,779 to you by error while paying someone else. Please return it to UPI ID cruyg@axl, thank you.",No,No,No
spam,"I accidentally sent Rs.14,083 to your Paytm by mistake. Please refund it to this UPI ID: effbkraw51@axl",No,No,No
spam,National Scholarship Portal: Your scholarship benefit of Rs.598 is ready for transfer. Submit your bank passbook details to receive it.,No,No,No
spam,"LPG Subsidy Scheme Alert: You are eligible for Rs.4,294 under the scheme. Share your Aadhaar and bank account number to claim.",No,No,No
spam,"Your insurance policy maturity amount of Rs.3,009 is ready. Send your bank passbook details to receive payment.",No,No,No
spam,You have been selected for a work-from-home job with TCS. Share your bank details to receive the joining bonus of Rs.907.,No,No,No
spam,"Hi, I think I sent Rs.855 to you by error while paying someone else. Please return it to UPI ID jbkwcik35@oksbi, thank you.",No,No,No
spam,"By mistake Rs.6,726 got transferred to your account from mine, please refund at the earliest to iekrkexc@ibl.",No,No,No
spam,"Congratulations, your application under Post Matric Scholarship has been approved for Rs.3,084. Send your bank details for disbursement.",No,No,No
spam,LPG Subsidy Scheme: Your scholarship benefit of Rs.563 is ready for transfer. Submit your bank passbook details to receive it.,No,No,No
spam,National Scholarship Portal Alert: You are eligible for Rs.604 under the scheme. Share your Aadhaar and bank account number to claim.,No,No,No
spam,You have been selected for a work-from-home job with Amazon. Share your bank details to receive the joining bonus of Rs.551.,No,No,No
spam,"Sorry, I transferred Rs.7,157 to the wrong number by mistake, this looks like your account. Kindly send it back to iifpmyv@oksbi.",No,No,No
spam,"Congratulations, your application under Ayushman Bharat has been approved for Rs.57,162. Send your bank details for disbursement.",No,No,No
spam,"Hi, I think I sent Rs.983 to you by error while paying someone else. Please return it to UPI ID lfhhpmsj70@okicici, thank you.",No,No,No
spam,"You have been selected for a work-from-home job with Flipkart. Share your bank details to receive the joining bonus of Rs.97,292.",No,No,No
spam,"Hi, I think I sent Rs.7,607 to you by error while paying someone else. Please return it to UPI ID lmrtfc77@oksbi, thank you.",No,No,No
spam,"PM Ujjwala Yojana: Your scholarship benefit of Rs.23,366 is ready for transfer. Submit your bank passbook details to receive it.",No,No,No
spam,"LPG Subsidy Scheme: Your scholarship benefit of Rs.81,062 is ready for transfer. Submit your bank passbook details to receive it.",No,No,No
spam,"Your Kotak Mahindra Bank personal loan of Rs.4,791 is pre-approved. Share your bank account and Aadhaar details to process.",No,No,No
spam,"Ayushman Bharat Alert: You are eligible for Rs.4,413 under the scheme. Share your Aadhaar and bank account number to claim.",No,No,No
spam,"You have been selected for a work-from-home job with Flipkart. Share your bank details to receive the joining bonus of Rs.3,322.",No,No,No
spam,"PM Kisan Samman Nidhi: Your scholarship benefit of Rs.66,793 is ready for transfer. Submit your bank passbook details to receive it.",No,No,No
spam,I accidentally sent Rs.765 to your Amazon Pay by mistake. Please refund it to this UPI ID: inhxo@ibl,No,No,No
spam,"Your ICICI Bank personal loan of Rs.3,187 is pre-approved. Share your bank account and Aadhaar details to process.",No,No,No
spam,"You have been selected for a work-from-home job with HCL. Share your bank details to receive the joining bonus of Rs.51,806.",No,No,No
spam,"Your Bank of Baroda personal loan of Rs.7,822 is pre-approved. Share your bank account and Aadhaar details to process.",No,No,No
spam,"Sorry, I transferred Rs.15,649 to the wrong number by mistake, this looks like your account. Kindly send it back to pwzufq@ibl.",No,No,No
spam,PM Kisan Samman Nidhi Alert: You are eligible for Rs.960 under the scheme. Share your Aadhaar and bank account number to claim.,No,No,No
spam,"Congratulations, your application under PMAY has been approved for Rs.77,115. Send your bank details for disbursement.",No,No,No
spam,"Sorry, I transferred Rs.81,309 to the wrong number by mistake, this looks like your account. Kindly send it back to hpwxfasj10@ibl.",No,No,No
spam,"LPG Subsidy Scheme: Your scholarship benefit of Rs.8,371 is ready for transfer. Submit your bank passbook details to receive it.",No,No,No
spam,"Hi, I think I sent Rs.44,352 to you by error while paying someone else. Please return it to UPI ID wleiefw39@axl, thank you.",No,No,No
spam,"You have been selected for a work-from-home job with Infosys. Share your bank details to receive the joining bonus of Rs.7,873.",No,No,No
spam,"Congratulations, your application under Post Matric Scholarship has been approved for Rs.1,585. Send your bank details for disbursement.",No,No,No
spam,"I accidentally sent Rs.89,489 to your Google Pay by mistake. Please refund it to this UPI ID: kynynsa91@oksbi",No,No,No
spam,Your insurance policy maturity amount of Rs.543 is ready. Send your bank passbook details to receive payment.,No,No,No
spam,"By mistake Rs.8,741 got transferred to your account from mine, please refund at the earliest to whcgno@ybl.",No,No,No
spam,"Congratulations, your application under National Scholarship Portal has been approved for Rs.91,899. Send your bank details for disbursement.",No,No,No
spam,"By mistake Rs.4,225 got transferred to your account from mine, please refund at the earliest to rtgsfbzh@axl.",No,No,No
spam,I accidentally sent Rs.560 to your Amazon Pay by mistake. Please refund it to this UPI ID: nkzsyawy@okicici,No,No,No
spam,"You have been selected for a work-from-home job with Amazon. Share your bank details to receive the joining bonus of Rs.14,985.",No,No,No
spam,"Your insurance policy maturity amount of Rs.24,830 is ready. Send your bank passbook details to receive payment.",No,No,No
spam,"Sorry, I transferred Rs.9,798 to the wrong number by mistake, this looks like your account. Kindly send it back to aznqfs@ibl.",No,No,No
spam,Your Axis Bank personal loan of Rs.844 is pre-approved. Share your bank account and Aadhaar details to process.,No,No,No
spam,"LPG Subsidy Scheme Alert: You are eligible for Rs.6,555 under the scheme. Share your Aadhaar and bank account number to claim.",No,No,No
spam,"By mistake Rs.61,788 got transferred to your account from mine, please refund at the earliest to cowel@ybl.",No,No,No
spam,"PM Ujjwala Yojana: Your scholarship benefit of Rs.9,725 is ready for transfer. Submit your bank passbook details to receive it.",No,No,No
spam,I accidentally sent Rs.788 to your PhonePe by mistake. Please refund it to this UPI ID: zhvbziyc39@paytm,No,No,No
spam,"You have been selected for a work-from-home job with Reliance. Share your bank details to receive the joining bonus of Rs.7,047.",No,No,No
spam,"Hi, I think I sent Rs.89,467 to you by error while paying someone else. Please return it to UPI ID qeucank11@okhdfcbank, thank you.",No,No,No
spam,LPG Subsidy Scheme Alert: You are eligible for Rs.980 under the scheme. Share your Aadhaar and bank account number to claim.,No,No,No
spam,"Sorry, I transferred Rs.27,359 to the wrong number by mistake, this looks like your account. Kindly send it back to woevfkli57@oksbi.",No,No,No
spam,"Hi, I think I sent Rs.3,271 to you by error while paying someone else. Please return it to UPI ID yphvvtq@okicici, thank you.",No,No,No
spam,You have been selected for a work-from-home job with Wipro. Share your bank details to receive the joining bonus of Rs.980.,No,No,No
spam,"Your insurance policy maturity amount of Rs.52,438 is ready. Send your bank passbook details to receive payment.",No,No,No
spam,I accidentally sent Rs.826 to your Google Pay by mistake. Please refund it to this UPI ID: cqxchvy@okicici,No,No,No
spam,"You have been selected for a work-from-home job with Flipkart. Share your bank details to receive the joining bonus of Rs.98,121.",No,No,No
spam,"Congratulations, your application under PM Ujjwala Yojana has been approved for Rs.4,577. Send your bank details for disbursement.",No,No,No
spam,"By mistake Rs.87,123 got transferred to your account from mine, please refund at the earliest to wdfvgs@ibl.",No,No,No
spam,PM Kisan Samman Nidhi: Your scholarship benefit of Rs.877 is ready for transfer. Submit your bank passbook details to receive it.,No,No,No
spam,"Sorry, I transferred Rs.623 to the wrong number by mistake, this looks like your account. Kindly send it back to ypbvuk71@ibl.",No,No,No
spam,"You have been selected for a work-from-home job with HCL. Share your bank details to receive the joining bonus of Rs.69,025.",No,No,No
spam,PM Ujjwala Yojana Alert: You are eligible for Rs.540 under the scheme. Share your Aadhaar and bank account number to claim.,No,No,No
spam,"I accidentally sent Rs.92,652 to your Google Pay by mistake. Please refund it to this UPI ID: dwolif@okhdfcbank",No,No,No
spam,"Hi, I think I sent Rs.5,976 to you by error while paying someone else. Please return it to UPI ID dzgyc23@okicici, thank you.",No,No,No
spam,"Congratulations, your application under PM Kisan Samman Nidhi has been approved for Rs.788. Send your bank details for disbursement.",No,No,No
spam,"You have been selected for a work-from-home job with Infosys. Share your bank details to receive the joining bonus of Rs.72,467.",No,No,No
spam,Post Matric Scholarship Alert: You are eligible for Rs.548 under the scheme. Share your Aadhaar and bank account number to claim.,No,No,No
spam,"I accidentally sent Rs.7,026 to your Amazon Pay by mistake. Please refund it to this UPI ID: sxkays@ibl",No,No,No
spam,"Your ICICI Bank personal loan of Rs.8,096 is pre-approved. Share your bank account and Aadhaar details to process.",No,No,No
spam,PMAY Alert: You are eligible for Rs.544 under the scheme. Share your Aadhaar and bank account number to claim.,No,No,No
spam,"Congratulations, your application under Ayushman Bharat has been approved for Rs.856. Send your bank details for disbursement.",No,No,No
spam,"Hi, I think I sent Rs.77,005 to you by error while paying someone else. Please return it to UPI ID iyoiqzz@okhdfcbank, thank you.",No,No,No
spam,"Your insurance policy maturity amount of Rs.52,003 is ready. Send your bank passbook details to receive payment.",No,No,No
spam,"Congratulations, your application under PMAY has been approved for Rs.9,479. Send your bank details for disbursement.",No,No,No
spam,"Hi, I think I sent Rs.747 to you by error while paying someone else. Please return it to UPI ID ajwpq@ybl, thank you.",No,No,No
spam,"By mistake Rs.4,595 got transferred to your account from mine, please refund at the earliest to dmama@okicici.",No,No,No
spam,National Scholarship Portal: Your scholarship benefit of Rs.712 is ready for transfer. Submit your bank passbook details to receive it.,No,No,No
spam,"Congratulations, your application under PM Kisan Samman Nidhi has been approved for Rs.2,652. Send your bank details for disbursement.",No,No,No
spam,Your Punjab National Bank personal loan of Rs.851 is pre-approved. Share your bank account and Aadhaar details to process.,No,No,No
spam,"Congratulations, your application under PM Kisan Samman Nidhi has been approved for Rs.97,792. Send your bank details for disbursement.",No,No,No
spam,"Congratulations, your application under State Scholarship Scheme has been approved for Rs.655. Send your bank details for disbursement.",No,No,No
spam,"Sorry, I transferred Rs.15,844 to the wrong number by mistake, this looks like your account. Kindly send it back to hcskk@axl.",No,No,No
spam,"National Scholarship Portal: Your scholarship benefit of Rs.7,185 is ready for transfer. Submit your bank passbook details to receive it.",No,No,No
spam,"Congratulations, your application under National Scholarship Portal has been approved for Rs.677. Send your bank details for disbursement.",No,No,No
spam,State Scholarship Scheme Alert: You are eligible for Rs.758 under the scheme. Share your Aadhaar and bank account number to claim.,No,No,No
spam,"Sorry, I transferred Rs.583 to the wrong number by mistake, this looks like your account. Kindly send it back to yfzqtrv53@okhdfcbank.",No,No,No
spam,"You have been selected for a work-from-home job with Flipkart. Share your bank details to receive the joining bonus of Rs.2,702.",No,No,No
spam,"Sorry, I transferred Rs.951 to the wrong number by mistake, this looks like your account. Kindly send it back to zxszdg@axl.",No,No,No
spam,"Sorry, I transferred Rs.3,554 to the wrong number by mistake, this looks like your account. Kindly send it back to kmptfyr@ibl.",No,No,No
spam,"You have been selected for a work-from-home job with Wipro. Share your bank details to receive the joining bonus of Rs.4,248.",No,No,No
spam,"PMAY Alert: You are eligible for Rs.89,560 under the scheme. Share your Aadhaar and bank account number to claim.",No,No,No
spam,"Congratulations, your application under PM Kisan Samman Nidhi has been approved for Rs.765. Send your bank details for disbursement.",No,No,No
spam,"You have been selected for a work-from-home job with Flipkart. Share your bank details to receive the joining bonus of Rs.2,753.",No,No,No
spam,Your HDFC Bank personal loan of Rs.908 is pre-approved. Share your bank account and Aadhaar details to process.,No,No,No
spam,"Congratulations, your application under State Scholarship Scheme has been approved for Rs.823. Send your bank details for disbursement.",No,No,No
spam,"Sorry, I transferred Rs.708 to the wrong number by mistake, this looks like your account. Kindly send it back to whqfqfwt80@oksbi.",No,No,No
spam,"Sorry, I transferred Rs.662 to the wrong number by mistake, this looks like your account. Kindly send it back to pnzfvbb98@axl.",No,No,No
spam,"Congratulations, your application under LPG Subsidy Scheme has been approved for Rs.668. Send your bank details for disbursement.",No,No,No
spam,"Your Canara Bank personal loan of Rs.36,970 is pre-approved. Share your bank account and Aadhaar details to process.",No,No,No
spam,"Congratulations, your application under PMAY has been approved for Rs.723. Send your bank details for disbursement.",No,No,No
spam,PM Kisan Samman Nidhi: Your scholarship benefit of Rs.926 is ready for transfer. Submit your bank passbook details to receive it.,No,No,No
spam,"Your SBI personal loan of Rs.80,138 is pre-approved. Share your bank account and Aadhaar details to process.",No,No,No
spam,"LPG Subsidy Scheme: Your scholarship benefit of Rs.19,630 is ready for transfer. Submit your bank passbook details to receive it.",No,No,No
spam,"Your HDFC Bank personal loan of Rs.11,740 is pre-approved. Share your bank account and Aadhaar details to process.",No,No,No
spam,"PM Ujjwala Yojana Alert: You are eligible for Rs.45,521 under the scheme. Share your Aadhaar and bank account number to claim.",No,No,No
spam,"Hi, I think I sent Rs.634 to you by error while paying someone else. Please return it to UPI ID vpnqqi89@paytm, thank you.",No,No,No
spam,"You have been selected for a work-from-home job with Amazon. Share your bank details to receive the joining bonus of Rs.23,227.",No,No,No
spam,"Your Axis Bank personal loan of Rs.6,391 is pre-approved. Share your bank account and Aadhaar details to process.",No,No,No
spam,"Sorry, I transferred Rs.76,085 to the wrong number by mistake, this looks like your account. Kindly send it back to caijtgq@paytm.",No,No,No
spam,"Your insurance policy maturity amount of Rs.19,167 is ready. Send your bank passbook details to receive payment.",No,No,No
spam,"Your insurance policy maturity amount of Rs.6,124 is ready. Send your bank passbook details to receive payment.",No,No,No
spam,"Congratulations, your application under Ayushman Bharat has been approved for Rs.47,994. Send your bank details for disbursement.",No,No,No
spam,"Your insurance policy maturity amount of Rs.3,496 is ready. Send your bank passbook details to receive payment.",No,No,No
spam,"By mistake Rs.570 got transferred to your account from mine, please refund at the earliest to imkjp@ibl.",No,No,No
spam,"PMAY: Your scholarship benefit of Rs.8,307 is ready for transfer. Submit your bank passbook details to receive it.",No,No,No
spam,"Hi, I think I sent Rs.572 to you by error while paying someone else. Please return it to UPI ID oysynag@ybl, thank you.",No,No,No
spam,"Your insurance policy maturity amount of Rs.9,200 is ready. Send your bank passbook details to receive payment.",No,No,No
spam,"Hi, I think I sent Rs.99,849 to you by error while paying someone else. Please return it to UPI ID erpnmrs42@axl, thank you.",No,No,No
spam,You have been selected for a work-from-home job with Amazon. Share your bank details to receive the joining bonus of Rs.972.,No,No,No
spam,"Your Kotak Mahindra Bank personal loan of Rs.10,755 is pre-approved. Share your bank account and Aadhaar details to process.",No,No,No
spam,"You have been selected for a work-from-home job with Flipkart. Share your bank details to receive the joining bonus of Rs.54,439.",No,No,No
spam,"I accidentally sent Rs.67,733 to your Paytm by mistake. Please refund it to this UPI ID: lnrkaupf@oksbi",No,No,No
spam,"You have been selected for a work-from-home job with HCL. Share your bank details to receive the joining bonus of Rs.7,135.",No,No,No
spam,"Your insurance policy maturity amount of Rs.1,138 is ready. Send your bank passbook details to receive payment.",No,No,No
spam,"Congratulations, your application under Post Matric Scholarship has been approved for Rs.2,254. Send your bank details for disbursement.",No,No,No
spam,Your Axis Bank personal loan of Rs.916 is pre-approved. Share your bank account and Aadhaar details to process.,No,No,No
spam,"I accidentally sent Rs.30,921 to your PhonePe by mistake. Please refund it to this UPI ID: sgplui49@ibl",No,No,No
spam,"Hi, I think I sent Rs.49,875 to you by error while paying someone else. Please return it to UPI ID frawuknc@okhdfcbank, thank you.",No,No,No
spam,"I accidentally sent Rs.1,001 to your Amazon Pay by mistake. Please refund it to this UPI ID: yqdhomsu@oksbi",No,No,No
spam,"You have been selected for a work-from-home job with HCL. Share your bank details to receive the joining bonus of Rs.53,635.",No,No,No
spam,"Sorry, I transferred Rs.33,024 to the wrong number by mistake, this looks like your account. Kindly send it back to injgszvx@ibl.",No,No,No
spam,"PM Ujjwala Yojana Alert: You are eligible for Rs.83,104 under the scheme. Share your Aadhaar and bank account number to claim.",No,No,No
spam,"Post Matric Scholarship Alert: You are eligible for Rs.2,537 under the scheme. Share your Aadhaar and bank account number to claim.",No,No,No
spam,"I accidentally sent Rs.71,511 to your Paytm by mistake. Please refund it to this UPI ID: fcajr@okicici",No,No,No
spam,"You have been selected for a work-from-home job with TCS. Share your bank details to receive the joining bonus of Rs.3,627.",No,No,No
spam,"Congratulations, your application under PMAY has been approved for Rs.28,651. Send your bank details for disbursement.",No,No,No
spam,"Congratulations, your application under Post Matric Scholarship has been approved for Rs.73,232. Send your bank details for disbursement.",No,No,No
spam,"Hi, I think I sent Rs.81,210 to you by error while paying someone else. Please return it to UPI ID lwafqp@paytm, thank you.",No,No,No
spam,You have been selected for a work-from-home job with Wipro. Share your bank details to receive the joining bonus of Rs.570.,No,No,No
spam,"Sorry, I transferred Rs.88,303 to the wrong number by mistake, this looks like your account. Kindly send it back to uesknfy@ibl.",No,No,No
spam,"Congratulations, your application under PM Ujjwala Yojana has been approved for Rs.96,021. Send your bank details for disbursement.",No,No,No
spam,"Congratulations, your application under LPG Subsidy Scheme has been approved for Rs.1,151. Send your bank details for disbursement.",No,No,No
spam,"Congratulations, your application under PMAY has been approved for Rs.6,096. Send your bank details for disbursement.",No,No,No
spam,"PMAY Alert: You are eligible for Rs.68,177 under the scheme. Share your Aadhaar and bank account number to claim.",No,No,No
spam,"Hi, I think I sent Rs.1,577 to you by error while paying someone else. Please return it to UPI ID scbxe@ibl, thank you.",No,No,No
spam,"Sorry, I transferred Rs.9,195 to the wrong number by mistake, this looks like your account. Kindly send it back to pixofyrb12@okhdfcbank.",No,No,No
spam,PM Ujjwala Yojana: Your scholarship benefit of Rs.792 is ready for transfer. Submit your bank passbook details to receive it.,No,No,No
spam,"Hi, I think I sent Rs.941 to you by error while paying someone else. Please return it to UPI ID ggupdyq56@ybl, thank you.",No,No,No
spam,"Congratulations, your application under LPG Subsidy Scheme has been approved for Rs.4,900. Send your bank details for disbursement.",No,No,No
spam,"National Scholarship Portal Alert: You are eligible for Rs.15,244 under the scheme. Share your Aadhaar and bank account number to claim.",No,No,No
spam,Your ICICI Bank personal loan of Rs.942 is pre-approved. Share your bank account and Aadhaar details to process.,No,No,No
spam,Your HDFC Bank personal loan of Rs.717 is pre-approved. Share your bank account and Aadhaar details to process.,No,No,No
spam,"Congratulations, your application under PM Kisan Samman Nidhi has been approved for Rs.3,773. Send your bank details for disbursement.",No,No,No
spam,You have been selected for a work-from-home job with Reliance. Share your bank details to receive the joining bonus of Rs.656.,No,No,No
spam,"Sorry, I transferred Rs.5,598 to the wrong number by mistake, this looks like your account. Kindly send it back to lfujn21@ybl.",No,No,No
spam,"Your insurance policy maturity amount of Rs.2,443 is ready. Send your bank passbook details to receive payment.",No,No,No
spam,"I accidentally sent Rs.4,874 to your Paytm by mistake. Please refund it to this UPI ID: vevxvpsc14@okicici",No,No,No
spam,"Hi, I think I sent Rs.6,547 to you by error while paying someone else. Please return it to UPI ID iiirffqx@paytm, thank you.",No,No,No
spam,"By mistake Rs.3,596 got transferred to your account from mine, please refund at the earliest to yipjplh@ybl.",No,No,No
spam,"Hi, I think I sent Rs.4,438 to you by error while paying someone else. Please return it to UPI ID agbyj@oksbi, thank you.",No,No,No
spam,"PM Ujjwala Yojana Alert: You are eligible for Rs.8,372 under the scheme. Share your Aadhaar and bank account number to claim.",No,No,No
spam,"I accidentally sent Rs.3,937 to your Amazon Pay by mistake. Please refund it to this UPI ID: cjcmjcio@ybl",No,No,No
spam,"Sorry, I transferred Rs.19,455 to the wrong number by mistake, this looks like your account. Kindly send it back to hbzvqisi@ybl.",No,No,No
spam,"By mistake Rs.79,215 got transferred to your account from mine, please refund at the earliest to fjrwvu@ibl.",No,No,No
spam,"Sorry, I transferred Rs.24,732 to the wrong number by mistake, this looks like your account. Kindly send it back to xmfjwp88@oksbi.",No,No,No
spam,"PM Ujjwala Yojana: Your scholarship benefit of Rs.4,000 is ready for transfer. Submit your bank passbook details to receive it.",No,No,No
spam,"You have been selected for a work-from-home job with HCL. Share your bank details to receive the joining bonus of Rs.3,677.",No,No,No
spam,"Your insurance policy maturity amount of Rs.47,765 is ready. Send your bank passbook details to receive payment.",No,No,No
spam,Post Matric Scholarship Alert: You are eligible for Rs.996 under the scheme. Share your Aadhaar and bank account number to claim.,No,No,No
spam,"Sorry, I transferred Rs.32,465 to the wrong number by mistake, this looks like your account. Kindly send it back to ntcsw@ibl.",No,No,No
spam,I accidentally sent Rs.913 to your Google Pay by mistake. Please refund it to this UPI ID: bzenv57@okhdfcbank,No,No,No
spam,"Your insurance policy maturity amount of Rs.50,377 is ready. Send your bank passbook details to receive payment.",No,No,No
spam,Your Bank of Baroda personal loan of Rs.519 is pre-approved. Share your bank account and Aadhaar details to process.,No,No,No
spam,"Your insurance policy maturity amount of Rs.9,345 is ready. Send your bank passbook details to receive payment.",No,No,No
spam,"Your insurance policy maturity amount of Rs.83,453 is ready. Send your bank passbook details to receive payment.",No,No,No
spam,"You have been selected for a work-from-home job with Infosys. Share your bank details to receive the joining bonus of Rs.52,169.",No,No,No
spam,Your Kotak Mahindra Bank personal loan of Rs.615 is pre-approved. Share your bank account and Aadhaar details to process.,No,No,No
spam,"Sorry, I transferred Rs.83,787 to the wrong number by mistake, this looks like your account. Kindly send it back to auvff@okicici.",No,No,No
spam,"Hi, I think I sent Rs.16,915 to you by error while paying someone else. Please return it to UPI ID kvphmnm@okhdfcbank, thank you.",No,No,No
spam,"Sorry, I transferred Rs.16,480 to the wrong number by mistake, this looks like your account. Kindly send it back to nvdevstb@ybl.",No,No,No
spam,"I accidentally sent Rs.8,134 to your Google Pay by mistake. Please refund it to this UPI ID: hitgdnj62@ibl",No,No,No
spam,"Your insurance policy maturity amount of Rs.99,343 is ready. Send your bank passbook details to receive payment.",No,No,No
spam,Your Kotak Mahindra Bank personal loan of Rs.622 is pre-approved. Share your bank account and Aadhaar details to process.,No,No,No
spam,"Your Axis Bank personal loan of Rs.3,792 is pre-approved. Share your bank account and Aadhaar details to process.",No,No,No
spam,"Hi, I think I sent Rs.3,730 to you by error while paying someone else. Please return it to UPI ID plbylb@axl, thank you.",No,No,No
spam,Your Canara Bank personal loan of Rs.875 is pre-approved. Share your bank account and Aadhaar details to process.,No,No,No
spam,Your Bank of Baroda personal loan of Rs.878 is pre-approved. Share your bank account and Aadhaar details to process.,No,No,No
spam,"I accidentally sent Rs.5,005 to your Google Pay by mistake. Please refund it to this UPI ID: kpymddvs@oksbi",No,No,No
spam,"PM Ujjwala Yojana: Your scholarship benefit of Rs.1,931 is ready for transfer. Submit your bank passbook details to receive it.",No,No,No
spam,"I accidentally sent Rs.33,151 to your Google Pay by mistake. Please refund it to this UPI ID: tfjxahd24@axl",No,No,No
spam,Your Canara Bank personal loan of Rs.893 is pre-approved. Share your bank account and Aadhaar details to process.,No,No,No
spam,"I accidentally sent Rs.1,489 to your Amazon Pay by mistake. Please refund it to this UPI ID: owaxh64@axl",No,No,No
spam,PM Ujjwala Yojana Alert: You are eligible for Rs.808 under the scheme. Share your Aadhaar and bank account number to claim.,No,No,No
spam,Your insurance policy maturity amount of Rs.749 is ready. Send your bank passbook details to receive payment.,No,No,No
spam,You have been selected for a work-from-home job with Wipro. Share your bank details to receive the joining bonus of Rs.802.,No,No,No
spam,"Hi, I think I sent Rs.687 to you by error while paying someone else. Please return it to UPI ID rqveyp@ybl, thank you.",No,No,No
spam,"You have been selected for a work-from-home job with Reliance. Share your bank details to receive the joining bonus of Rs.4,151.",No,No,No
spam,"I accidentally sent Rs.88,590 to your PhonePe by mistake. Please refund it to this UPI ID: mhkmmllk83@ybl",No,No,No
spam,"I accidentally sent Rs.8,985 to your Google Pay by mistake. Please refund it to this UPI ID: fejikk10@ibl",No,No,No
spam,"Sorry, I transferred Rs.1,672 to the wrong number by mistake, this looks like your account. Kindly send it back to anrnpvqm75@paytm.",No,No,No
spam,"State Scholarship Scheme Alert: You are eligible for Rs.59,022 under the scheme. Share your Aadhaar and bank account number to claim.",No,No,No
spam,"Your SBI personal loan of Rs.38,365 is pre-approved. Share your bank account and Aadhaar details to process.",No,No,No
spam,"I accidentally sent Rs.9,799 to your Amazon Pay by mistake. Please refund it to this UPI ID: tzyjnxwb14@okicici",No,No,No
spam,"By mistake Rs.13,219 got transferred to your account from mine, please refund at the earliest to udest@axl.",No,No,No
spam,"Hi, I think I sent Rs.73,263 to you by error while paying someone else. Please return it to UPI ID rynao@okicici, thank you.",No,No,No
spam,"I accidentally sent Rs.9,829 to your Paytm by mistake. Please refund it to this UPI ID: vxyuc@okhdfcbank",No,No,No
spam,"Sorry, I transferred Rs.9,051 to the wrong number by mistake, this looks like your account. Kindly send it back to peydzi@axl.",No,No,No
spam,"Hi, I think I sent Rs.920 to you by error while paying someone else. Please return it to UPI ID tfwcri@oksbi, thank you.",No,No,No
spam,"I accidentally sent Rs.48,505 to your Google Pay by mistake. Please refund it to this UPI ID: vmatdene@ibl",No,No,No
spam,"By mistake Rs.3,925 got transferred to your account from mine, please refund at the earliest to pchujexc@okhdfcbank.",No,No,No
spam,"Congratulations, your application under National Scholarship Portal has been approved for Rs.909. Send your bank details for disbursement.",No,No,No
spam,"Congratulations, your application under PM Ujjwala Yojana has been approved for Rs.719. Send your bank details for disbursement.",No,No,No
spam,"Congratulations, your application under Post Matric Scholarship has been approved for Rs.996. Send your bank details for disbursement.",No,No,No
spam,"Congratulations, your application under State Scholarship Scheme has been approved for Rs.9,658. Send your bank details for disbursement.",No,No,No
spam,LPG Subsidy Scheme Alert: You are eligible for Rs.925 under the scheme. Share your Aadhaar and bank account number to claim.,No,No,No
spam,"Congratulations, your application under Ayushman Bharat has been approved for Rs.9,619. Send your bank details for disbursement.",No,No,No
spam,"Sorry, I transferred Rs.604 to the wrong number by mistake, this looks like your account. Kindly send it back to jxuhi32@ibl.",No,No,No
spam,"Sorry, I transferred Rs.8,415 to the wrong number by mistake, this looks like your account. Kindly send it back to akyuylz86@axl.",No,No,No
spam,"You have been selected for a work-from-home job with TCS. Share your bank details to receive the joining bonus of Rs.64,891.",No,No,No
spam,"By mistake Rs.89,996 got transferred to your account from mine, please refund at the earliest to tmftwx44@axl.",No,No,No
spam,"By mistake Rs.8,466 got transferred to your account from mine, please refund at the earliest to whjirrn@okhdfcbank.",No,No,No
spam,"I accidentally sent Rs.23,259 to your Paytm by mistake. Please refund it to this UPI ID: mmimvv15@ibl",No,No,No
spam,"Sorry, I transferred Rs.863 to the wrong number by mistake, this looks like your account. Kindly send it back to guxyyaph@ybl.",No,No,No
spam,"Hi, I think I sent Rs.13,238 to you by error while paying someone else. Please return it to UPI ID yzbcwhbb73@paytm, thank you.",No,No,No
spam,"Your Bank of Baroda personal loan of Rs.2,391 is pre-approved. Share your bank account and Aadhaar details to process.",No,No,No
spam,"Hi, I think I sent Rs.8,517 to you by error while paying someone else. Please return it to UPI ID chawd@ibl, thank you.",No,No,No
spam,Your Kotak Mahindra Bank personal loan of Rs.520 is pre-approved. Share your bank account and Aadhaar details to process.,No,No,No
spam,"I accidentally sent Rs.3,546 to your Amazon Pay by mistake. Please refund it to this UPI ID: dyqtgh45@axl",No,No,No
spam,"Sorry, I transferred Rs.71,197 to the wrong number by mistake, this looks like your account. Kindly send it back to lzxecbiq@okicici.",No,No,No
spam,"Sorry, I transferred Rs.77,056 to the wrong number by mistake, this looks like your account. Kindly send it back to vdyinutk@ibl.",No,No,No
spam,"By mistake Rs.9,918 got transferred to your account from mine, please refund at the earliest to wmphynz35@okhdfcbank.",No,No,No
spam,"Sorry, I transferred Rs.2,204 to the wrong number by mistake, this looks like your account. Kindly send it back to xeowcke@axl.",No,No,No
spam,"Your insurance policy maturity amount of Rs.17,982 is ready. Send your bank passbook details to receive payment.",No,No,No
spam,"I accidentally sent Rs.55,222 to your Amazon Pay by mistake. Please refund it to this UPI ID: kheuuo28@axl",No,No,No
spam,"Hi, I think I sent Rs.7,065 to you by error while paying someone else. Please return it to UPI ID lrzsqh@paytm, thank you.",No,No,No
spam,"Hi, I think I sent Rs.55,572 to you by error while paying someone else. Please return it to UPI ID debxb14@oksbi, thank you.",No,No,No
spam,Your HDFC Bank personal loan of Rs.900 is pre-approved. Share your bank account and Aadhaar details to process.,No,No,No
spam,"Congratulations, your application under Post Matric Scholarship has been approved for Rs.936. Send your bank details for disbursement.",No,No,No
spam,"I accidentally sent Rs.3,909 to your Amazon Pay by mistake. Please refund it to this UPI ID: qvpbckqa@ybl",No,No,No
spam,"Your insurance policy maturity amount of Rs.8,542 is ready. Send your bank passbook details to receive payment.",No,No,No
spam,"By mistake Rs.929 got transferred to your account from mine, please refund at the earliest to lotuyami@axl.",No,No,No
spam,You have been selected for a work-from-home job with TCS. Share your bank details to receive the joining bonus of Rs.729.,No,No,No
spam,I accidentally sent Rs.856 to your Amazon Pay by mistake. Please refund it to this UPI ID: ycytp85@ybl,No,No,No
spam,"Your insurance policy maturity amount of Rs.7,624 is ready. Send your bank passbook details to receive payment.",No,No,No
spam,Your insurance policy maturity amount of Rs.691 is ready. Send your bank passbook details to receive payment.,No,No,No
spam,PM Ujjwala Yojana: Your scholarship benefit of Rs.556 is ready for transfer. Submit your bank passbook details to receive it.,No,No,No
spam,"Ayushman Bharat: Your scholarship benefit of Rs.14,025 is ready for transfer. Submit your bank passbook details to receive it.",No,No,No
spam,"Sorry, I transferred Rs.923 to the wrong number by mistake, this looks like your account. Kindly send it back to cgcpu47@ybl.",No,No,No
spam,"LPG Subsidy Scheme: Your scholarship benefit of Rs.55,359 is ready for transfer. Submit your bank passbook details to receive it.",No,No,No
spam,"LPG Subsidy Scheme: Your scholarship benefit of Rs.4,680 is ready for transfer. Submit your bank passbook details to receive it.",No,No,No
spam,"Hi, I think I sent Rs.994 to you by error while paying someone else. Please return it to UPI ID utuvnasj@okicici, thank you.",No,No,No
spam,"Congratulations, your application under National Scholarship Portal has been approved for Rs.732. Send your bank details for disbursement.",No,No,No
spam,"Sorry, I transferred Rs.1,960 to the wrong number by mistake, this looks like your account. Kindly send it back to yosjjp13@oksbi.",No,No,No
spam,Your Kotak Mahindra Bank personal loan of Rs.798 is pre-approved. Share your bank account and Aadhaar details to process.,No,No,No
spam,"LPG Subsidy Scheme: Your scholarship benefit of Rs.2,335 is ready for transfer. Submit your bank passbook details to receive it.",No,No,No
spam,"Your HDFC Bank personal loan of Rs.45,330 is pre-approved. Share your bank account and Aadhaar details to process.",No,No,No
spam,"Your insurance policy maturity amount of Rs.5,048 is ready. Send your bank passbook details to receive payment.",No,No,No
spam,"By mistake Rs.3,783 got transferred to your account from mine, please refund at the earliest to bfatae92@okhdfcbank.",No,No,No
spam,"Sorry, I transferred Rs.4,850 to the wrong number by mistake, this looks like your account. Kindly send it back to sjqra56@oksbi.",No,No,No
spam,"PMAY: Your scholarship benefit of Rs.31,622 is ready for transfer. Submit your bank passbook details to receive it.",No,No,No
spam,"Sorry, I transferred Rs.67,584 to the wrong number by mistake, this looks like your account. Kindly send it back to pshpvhg@ibl.",No,No,No
spam,"Your insurance policy maturity amount of Rs.4,404 is ready. Send your bank passbook details to receive payment.",No,No,No
spam,"Your insurance policy maturity amount of Rs.1,458 is ready. Send your bank passbook details to receive payment.",No,No,No
spam,"By mistake Rs.561 got transferred to your account from mine, please refund at the earliest to dxnlotet85@paytm.",No,No,No
spam,"Hi, I think I sent Rs.851 to you by error while paying someone else. Please return it to UPI ID wxujv90@okicici, thank you.",No,No,No
spam,PM Ujjwala Yojana: Your scholarship benefit of Rs.698 is ready for transfer. Submit your bank passbook details to receive it.,No,No,No
spam,"Your insurance policy maturity amount of Rs.57,712 is ready. Send your bank passbook details to receive payment.",No,No,No
spam,"Hi, I think I sent Rs.6,438 to you by error while paying someone else. Please return it to UPI ID llevkj@ibl, thank you.",No,No,No
spam,"Congratulations, your application under LPG Subsidy Scheme has been approved for Rs.6,585. Send your bank details for disbursement.",No,No,No
spam,"Congratulations, your application under National Scholarship Portal has been approved for Rs.6,340. Send your bank details for disbursement.",No,No,No
spam,"Congratulations, your application under PM Kisan Samman Nidhi has been approved for Rs.15,229. Send your bank details for disbursement.",No,No,No
spam,"Sorry, I transferred Rs.878 to the wrong number by mistake, this looks like your account. Kindly send it back to vriefqaf48@okicici.",No,No,No
spam,"By mistake Rs.6,283 got transferred to your account from mine, please refund at the earliest to ywaihglh@ibl.",No,No,No
spam,"Hi, I think I sent Rs.4,466 to you by error while paying someone else. Please return it to UPI ID tuzggrdu84@ibl, thank you.",No,No,No
spam,"National Scholarship Portal: Your scholarship benefit of Rs.9,547 is ready for transfer. Submit your bank passbook details to receive it.",No,No,No
spam,"Sorry, I transferred Rs.684 to the wrong number by mistake, this looks like your account. Kindly send it back to wzfhvex@okhdfcbank.",No,No,No
spam,"Ayushman Bharat: Your scholarship benefit of Rs.7,797 is ready for transfer. Submit your bank passbook details to receive it.",No,No,No
spam,Your SBI personal loan of Rs.607 is pre-approved. Share your bank account and Aadhaar details to process.,No,No,No
spam,"Ayushman Bharat: Your scholarship benefit of Rs.9,853 is ready for transfer. Submit your bank passbook details to receive it.",No,No,No
spam,"Your insurance policy maturity amount of Rs.8,143 is ready. Send your bank passbook details to receive payment.",No,No,No
spam,"By mistake Rs.99,273 got transferred to your account from mine, please refund at the earliest to tcdtium97@ybl.",No,No,No
spam,"LPG Subsidy Scheme Alert: You are eligible for Rs.69,447 under the scheme. Share your Aadhaar and bank account number to claim.",No,No,No
spam,"PMAY Alert: You are eligible for Rs.7,706 under the scheme. Share your Aadhaar and bank account number to claim.",No,No,No
spam,"Your insurance policy maturity amount of Rs.97,707 is ready. Send your bank passbook details to receive payment.",No,No,No
spam,"Your insurance policy maturity amount of Rs.3,762 is ready. Send your bank passbook details to receive payment.",No,No,No
spam,"Your insurance policy maturity amount of Rs.8,397 is ready. Send your bank passbook details to receive payment.",No,No,No
spam,"Your Axis Bank personal loan of Rs.4,199 is pre-approved. Share your bank account and Aadhaar details to process.",No,No,No
spam,"You have been selected for a work-from-home job with Flipkart. Share your bank details to receive the joining bonus of Rs.8,434.",No,No,No
spam,"You have been selected for a work-from-home job with Wipro. Share your bank details to receive the joining bonus of Rs.24,625.",No,No,No
spam,"Your insurance policy maturity amount of Rs.72,041 is ready. Send your bank passbook details to receive payment.",No,No,No
spam,Ayushman Bharat: Your scholarship benefit of Rs.768 is ready for transfer. Submit your bank passbook details to receive it.,No,No,No
spam,"By mistake Rs.9,599 got transferred to your account from mine, please refund at the earliest to grigto@okhdfcbank.",No,No,No
spam,"I accidentally sent Rs.15,403 to your Google Pay by mistake. Please refund it to this UPI ID: barpmqer@okhdfcbank",No,No,No
spam,"Your insurance policy maturity amount of Rs.3,786 is ready. Send your bank passbook details to receive payment.",No,No,No
spam,"Sorry, I transferred Rs.811 to the wrong number by mistake, this looks like your account. Kindly send it back to hbzcp56@oksbi.",No,No,No
spam,"Hi, I think I sent Rs.40,919 to you by error while paying someone else. Please return it to UPI ID yoegdqwb@oksbi, thank you.",No,No,No
spam,"You have been selected for a work-from-home job with HCL. Share your bank details to receive the joining bonus of Rs.64,941.",No,No,No
spam,"State Scholarship Scheme: Your scholarship benefit of Rs.5,488 is ready for transfer. Submit your bank passbook details to receive it.",No,No,No
spam,"Your Kotak Mahindra Bank personal loan of Rs.4,799 is pre-approved. Share your bank account and Aadhaar details to process.",No,No,No
spam,"Ayushman Bharat: Your scholarship benefit of Rs.78,882 is ready for transfer. Submit your bank passbook details to receive it.",No,No,No
spam,"Hi, I think I sent Rs.3,296 to you by error while paying someone else. Please return it to UPI ID uetnxq@axl, thank you.",No,No,No
spam,"Congratulations, your application under Post Matric Scholarship has been approved for Rs.3,494. Send your bank details for disbursement.",No,No,No
spam,"Sorry, I transferred Rs.55,159 to the wrong number by mistake, this looks like your account. Kindly send it back to remlk@okicici.",No,No,No
spam,You have been selected for a work-from-home job with Amazon. Share your bank details to receive the joining bonus of Rs.530.,No,No,No
spam,"By mistake Rs.9,006 got transferred to your account from mine, please refund at the earliest to pbstccfg85@paytm.",No,No,No
spam,"PMAY: Your scholarship benefit of Rs.83,046 is ready for transfer. Submit your bank passbook details to receive it.",No,No,No
spam,"Hi, I think I sent Rs.4,283 to you by error while paying someone else. Please return it to UPI ID xhcsohg53@paytm, thank you.",No,No,No
spam,"By mistake Rs.4,990 got transferred to your account from mine, please refund at the earliest to aqznta@oksbi.",No,No,No
spam,"Congratulations, your application under PM Kisan Samman Nidhi has been approved for Rs.994. Send your bank details for disbursement.",No,No,No
spam,"Your Canara Bank personal loan of Rs.3,454 is pre-approved. Share your bank account and Aadhaar details to process.",No,No,No
spam,"Sorry, I transferred Rs.6,433 to the wrong number by mistake, this looks like your account. Kindly send it back to zkwwwjr69@paytm.",No,No,No
spam,"PMAY: Your scholarship benefit of Rs.4,967 is ready for transfer. Submit your bank passbook details to receive it.",No,No,No
spam,"Ayushman Bharat: Your scholarship benefit of Rs.55,541 is ready for transfer. Submit your bank passbook details to receive it.",No,No,No
spam,"You have been selected for a work-from-home job with Reliance. Share your bank details to receive the joining bonus of Rs.43,332.",No,No,No
spam,"National Scholarship Portal Alert: You are eligible for Rs.2,278 under the scheme. Share your Aadhaar and bank account number to claim.",No,No,No
spam,I accidentally sent Rs.844 to your PhonePe by mistake. Please refund it to this UPI ID: mybnc65@axl,No,No,No
spam,PMAY Alert: You are eligible for Rs.810 under the scheme. Share your Aadhaar and bank account number to claim.,No,No,No
spam,"Your insurance policy maturity amount of Rs.52,768 is ready. Send your bank passbook details to receive payment.",No,No,No
spam,"Your insurance policy maturity amount of Rs.1,428 is ready. Send your bank passbook details to receive payment.",No,No,No
spam,"By mistake Rs.12,099 got transferred to your account from mine, please refund at the earliest to cfsjnm57@okhdfcbank.",No,No,No
spam,National Scholarship Portal Alert: You are eligible for Rs.772 under the scheme. Share your Aadhaar and bank account number to claim.,No,No,No
spam,"Hi, I think I sent Rs.75,169 to you by error while paying someone else. Please return it to UPI ID igtofgh@okhdfcbank, thank you.",No,No,No
spam,"Sorry, I transferred Rs.94,622 to the wrong number by mistake, this looks like your account. Kindly send it back to wxkrqky@okhdfcbank.",No,No,No
spam,"State Scholarship Scheme: Your scholarship benefit of Rs.88,692 is ready for transfer. Submit your bank passbook details to receive it.",No,No,No
spam,"Hi, I think I sent Rs.23,334 to you by error while paying someone else. Please return it to UPI ID cvuayd@oksbi, thank you.",No,No,No
spam,PMAY Alert: You are eligible for Rs.678 under the scheme. Share your Aadhaar and bank account number to claim.,No,No,No
spam,"I accidentally sent Rs.8,518 to your Amazon Pay by mistake. Please refund it to this UPI ID: rmkovguf98@axl",No,No,No
spam,"You have been selected for a work-from-home job with Flipkart. Share your bank details to receive the joining bonus of Rs.7,260.",No,No,No
spam,"Your insurance policy maturity amount of Rs.11,080 is ready. Send your bank passbook details to receive payment.",No,No,No
spam,Your Axis Bank personal loan of Rs.917 is pre-approved. Share your bank account and Aadhaar details to process.,No,No,No
spam,"You have been selected for a work-from-home job with HCL. Share your bank details to receive the joining bonus of Rs.89,595.",No,No,No
spam,"By mistake Rs.998 got transferred to your account from mine, please refund at the earliest to oomckqfw@okicici.",No,No,No
spam,"Hi, I think I sent Rs.723 to you by error while paying someone else. Please return it to UPI ID gvfkdqq50@paytm, thank you.",No,No,No
spam,"Hi, I think I sent Rs.4,482 to you by error while paying someone else. Please return it to UPI ID xncpqm@axl, thank you.",No,No,No
spam,"Sorry, I transferred Rs.802 to the wrong number by mistake, this looks like your account. Kindly send it back to ohtcdsz@paytm.",No,No,No
spam,"Hi, I think I sent Rs.14,607 to you by error while paying someone else. Please return it to UPI ID djelpjye44@ibl, thank you.",No,No,No
spam,"By mistake Rs.5,339 got transferred to your account from mine, please refund at the earliest to uszbwp@ibl.",No,No,No
spam,"Hi, I think I sent Rs.533 to you by error while paying someone else. Please return it to UPI ID uakzudb@oksbi, thank you.",No,No,No
spam,"PM Kisan Samman Nidhi Alert: You are eligible for Rs.2,458 under the scheme. Share your Aadhaar and bank account number to claim.",No,No,No
spam,Your Punjab National Bank personal loan of Rs.698 is pre-approved. Share your bank account and Aadhaar details to process.,No,No,No
spam,"PM Kisan Samman Nidhi Alert: You are eligible for Rs.22,407 under the scheme. Share your Aadhaar and bank account number to claim.",No,No,No
spam,"Sorry, I transferred Rs.7,736 to the wrong number by mistake, this looks like your account. Kindly send it back to fvralaex20@paytm.",No,No,No
spam,"Sorry, I transferred Rs.810 to the wrong number by mistake, this looks like your account. Kindly send it back to kvkycfl22@axl.",No,No,No
spam,"Congratulations, your application under National Scholarship Portal has been approved for Rs.863. Send your bank details for disbursement.",No,No,No
spam,"Sorry, I transferred Rs.710 to the wrong number by mistake, this looks like your account. Kindly send it back to tqtbcj54@okhdfcbank.",No,No,No
spam,Post Matric Scholarship: Your scholarship benefit of Rs.773 is ready for transfer. Submit your bank passbook details to receive it.,No,No,No
spam,"Hi, I think I sent Rs.46,855 to you by error while paying someone else. Please return it to UPI ID tauir@paytm, thank you.",No,No,No
spam,"Sorry, I transferred Rs.29,358 to the wrong number by mistake, this looks like your account. Kindly send it back to irzna18@ybl.",No,No,No
spam,"You have been selected for a work-from-home job with Reliance. Share your bank details to receive the joining bonus of Rs.25,784.",No,No,No
spam,"Sorry, I transferred Rs.81,502 to the wrong number by mistake, this looks like your account. Kindly send it back to juteth@okhdfcbank.",No,No,No
spam,"Congratulations, your application under PM Ujjwala Yojana has been approved for Rs.702. Send your bank details for disbursement.",No,No,No
spam,"By mistake Rs.99,748 got transferred to your account from mine, please refund at the earliest to ewcch@ibl.",No,No,No
spam,"Sorry, I transferred Rs.28,155 to the wrong number by mistake, this looks like your account. Kindly send it back to boejwemt60@axl.",No,No,No
spam,"State Scholarship Scheme: Your scholarship benefit of Rs.43,102 is ready for transfer. Submit your bank passbook details to receive it.",No,No,No
spam,"PM Kisan Samman Nidhi: Your scholarship benefit of Rs.75,797 is ready for transfer. Submit your bank passbook details to receive it.",No,No,No
spam,"Sorry, I transferred Rs.852 to the wrong number by mistake, this looks like your account. Kindly send it back to arlze36@okhdfcbank.",No,No,No
spam,"By mistake Rs.7,461 got transferred to your account from mine, please refund at the earliest to bpmwbitp@axl.",No,No,No
spam,"Sorry, I transferred Rs.18,321 to the wrong number by mistake, this looks like your account. Kindly send it back to sxltb@ibl.",No,No,No
spam,"Your Punjab National Bank personal loan of Rs.8,381 is pre-approved. Share your bank account and Aadhaar details to process.",No,No,No
spam,"Sorry, I transferred Rs.14,416 to the wrong number by mistake, this looks like your account. Kindly send it back to hyfjf43@ybl.",No,No,No
spam,"By mistake Rs.582 got transferred to your account from mine, please refund at the earliest to cjgnt@axl.",No,No,No
spam,"Sorry, I transferred Rs.21,462 to the wrong number by mistake, this looks like your account. Kindly send it back to aokfzfe@okicici.",No,No,No
spam,"Hi, I think I sent Rs.96,460 to you by error while paying someone else. Please return it to UPI ID hmdafxv@axl, thank you.",No,No,No
spam,"Congratulations, your application under Ayushman Bharat has been approved for Rs.564. Send your bank details for disbursement.",No,No,No
spam,"By mistake Rs.774 got transferred to your account from mine, please refund at the earliest to launn98@oksbi.",No,No,No
spam,"Your SBI personal loan of Rs.8,016 is pre-approved. Share your bank account and Aadhaar details to process.",No,No,No
spam,"By mistake Rs.9,674 got transferred to your account from mine, please refund at the earliest to owdqbwl@okicici.",No,No,No
spam,"I accidentally sent Rs.61,419 to your Paytm by mistake. Please refund it to this UPI ID: vnrqfxds10@paytm",No,No,No
spam,"By mistake Rs.543 got transferred to your account from mine, please refund at the earliest to kpuhz54@okicici.",No,No,No
spam,"Sorry, I transferred Rs.883 to the wrong number by mistake, this looks like your account. Kindly send it back to neehq@ibl.",No,No,No
spam,"Your ICICI Bank personal loan of Rs.9,581 is pre-approved. Share your bank account and Aadhaar details to process.",No,No,No
spam,"By mistake Rs.685 got transferred to your account from mine, please refund at the earliest to dpufmfhm33@okicici.",No,No,No
spam,"You have been selected for a work-from-home job with Wipro. Share your bank details to receive the joining bonus of Rs.61,470.",No,No,No
spam,"Hi, I think I sent Rs.628 to you by error while paying someone else. Please return it to UPI ID oorig@okicici, thank you.",No,No,No
spam,"Your Bank of Baroda personal loan of Rs.2,929 is pre-approved. Share your bank account and Aadhaar details to process.",No,No,No
spam,"Ayushman Bharat: Your scholarship benefit of Rs.82,980 is ready for transfer. Submit your bank passbook details to receive it.",No,No,No
spam,"You have been selected for a work-from-home job with Wipro. Share your bank details to receive the joining bonus of Rs.97,281.",No,No,No
spam,"LPG Subsidy Scheme Alert: You are eligible for Rs.88,351 under the scheme. Share your Aadhaar and bank account number to claim.",No,No,No
spam,"Hi, I think I sent Rs.829 to you by error while paying someone else. Please return it to UPI ID lhjanxpq33@ybl, thank you.",No,No,No
spam,"Hi, I think I sent Rs.1,489 to you by error while paying someone else. Please return it to UPI ID rugbols29@okhdfcbank, thank you.",No,No,No
spam,"I accidentally sent Rs.47,679 to your PhonePe by mistake. Please refund it to this UPI ID: yqixpzy@okicici",No,No,No
spam,"Hi, I think I sent Rs.858 to you by error while paying someone else. Please return it to UPI ID cniilz@oksbi, thank you.",No,No,No
spam,"By mistake Rs.82,812 got transferred to your account from mine, please refund at the earliest to miaghhid@oksbi.",No,No,No
spam,"I accidentally sent Rs.1,407 to your Amazon Pay by mistake. Please refund it to this UPI ID: dgcpfsy@paytm",No,No,No
spam,"Your Canara Bank personal loan of Rs.2,401 is pre-approved. Share your bank account and Aadhaar details to process.",No,No,No
spam,"Sorry, I transferred Rs.17,889 to the wrong number by mistake, this looks like your account. Kindly send it back to eugvipj49@okicici.",No,No,No
spam,"Sorry, I transferred Rs.1,290 to the wrong number by mistake, this looks like your account. Kindly send it back to kqiopul@axl.",No,No,No
spam,"PMAY: Your scholarship benefit of Rs.8,682 is ready for transfer. Submit your bank passbook details to receive it.",No,No,No
spam,"I accidentally sent Rs.81,859 to your Amazon Pay by mistake. Please refund it to this UPI ID: zokqdvyt@ybl",No,No,No
spam,"Your insurance policy maturity amount of Rs.33,075 is ready. Send your bank passbook details to receive payment.",No,No,No
spam,"By mistake Rs.1,267 got transferred to your account from mine, please refund at the earliest to cjtzspz@paytm.",No,No,No
spam,"You have been selected for a work-from-home job with Flipkart. Share your bank details to receive the joining bonus of Rs.80,726.",No,No,No
spam,PM Kisan Samman Nidhi Alert: You are eligible for Rs.877 under the scheme. Share your Aadhaar and bank account number to claim.,No,No,No
spam,"Post Matric Scholarship Alert: You are eligible for Rs.1,152 under the scheme. Share your Aadhaar and bank account number to claim.",No,No,No
spam,"PM Kisan Samman Nidhi Alert: You are eligible for Rs.27,591 under the scheme. Share your Aadhaar and bank account number to claim.",No,No,No
spam,"Congratulations, your application under Ayushman Bharat has been approved for Rs.14,736. Send your bank details for disbursement.",No,No,No
spam,"Hi, I think I sent Rs.646 to you by error while paying someone else. Please return it to UPI ID yavzslt55@axl, thank you.",No,No,No
spam,"Your insurance policy maturity amount of Rs.22,820 is ready. Send your bank passbook details to receive payment.",No,No,No
spam,"Your insurance policy maturity amount of Rs.8,031 is ready. Send your bank passbook details to receive payment.",No,No,No
spam,"Your insurance policy maturity amount of Rs.40,846 is ready. Send your bank passbook details to receive payment.",No,No,No
spam,"Post Matric Scholarship: Your scholarship benefit of Rs.80,740 is ready for transfer. Submit your bank passbook details to receive it.",No,No,No
spam,"Hi, I think I sent Rs.78,183 to you by error while paying someone else. Please return it to UPI ID ivqupac@ibl, thank you.",No,No,No
spam,"You have been selected for a work-from-home job with Infosys. Share your bank details to receive the joining bonus of Rs.55,876.",No,No,No
spam,"I accidentally sent Rs.36,910 to your Google Pay by mistake. Please refund it to this UPI ID: jdlpwq@ibl",No,No,No
spam,"PMAY: Your scholarship benefit of Rs.30,322 is ready for transfer. Submit your bank passbook details to receive it.",No,No,No
spam,"Your insurance policy maturity amount of Rs.6,975 is ready. Send your bank passbook details to receive payment.",No,No,No
spam,"Your insurance policy maturity amount of Rs.9,436 is ready. Send your bank passbook details to receive payment.",No,No,No
spam,"Congratulations, your application under Ayushman Bharat has been approved for Rs.554. Send your bank details for disbursement.",No,No,No
spam,"Hi, I think I sent Rs.776 to you by error while paying someone else. Please return it to UPI ID omtarr@ibl, thank you.",No,No,No
spam,"Sorry, I transferred Rs.8,446 to the wrong number by mistake, this looks like your account. Kindly send it back to bnohz38@axl.",No,No,No
spam,State Scholarship Scheme: Your scholarship benefit of Rs.874 is ready for transfer. Submit your bank passbook details to receive it.,No,No,No
spam,State Scholarship Scheme Alert: You are eligible for Rs.557 under the scheme. Share your Aadhaar and bank account number to claim.,No,No,No
spam,"Your Canara Bank personal loan of Rs.4,566 is pre-approved. Share your bank account and Aadhaar details to process.",No,No,No
spam,"By mistake Rs.22,675 got transferred to your account from mine, please refund at the earliest to siwldjzk@ybl.",No,No,No
spam,"Sorry, I transferred Rs.85,601 to the wrong number by mistake, this looks like your account. Kindly send it back to hogituix@paytm.",No,No,No
spam,"Hi, I think I sent Rs.2,736 to you by error while paying someone else. Please return it to UPI ID ahuoatf77@paytm, thank you.",No,No,No
spam,"Your insurance policy maturity amount of Rs.1,858 is ready. Send your bank passbook details to receive payment.",No,No,No
spam,"Congratulations, your application under LPG Subsidy Scheme has been approved for Rs.546. Send your bank details for disbursement.",No,No,No
spam,"You have been selected for a work-from-home job with Infosys. Share your bank details to receive the joining bonus of Rs.74,172.",No,No,No
spam,"Congratulations, your application under PM Ujjwala Yojana has been approved for Rs.10,834. Send your bank details for disbursement.",No,No,No
spam,"You have been selected for a work-from-home job with Amazon. Share your bank details to receive the joining bonus of Rs.1,643.",No,No,No
spam,"I accidentally sent Rs.9,312 to your Amazon Pay by mistake. Please refund it to this UPI ID: ssggpgrn24@axl",No,No,No
spam,PMAY: Your scholarship benefit of Rs.880 is ready for transfer. Submit your bank passbook details to receive it.,No,No,No
spam,You have been selected for a work-from-home job with Wipro. Share your bank details to receive the joining bonus of Rs.894.,No,No,No
spam,"I accidentally sent Rs.47,524 to your Google Pay by mistake. Please refund it to this UPI ID: xdacxd62@ybl",No,No,No
spam,PM Ujjwala Yojana: Your scholarship benefit of Rs.866 is ready for transfer. Submit your bank passbook details to receive it.,No,No,No
spam,"Sorry, I transferred Rs.553 to the wrong number by mistake, this looks like your account. Kindly send it back to usscw12@okicici.",No,No,No
spam,"LPG Subsidy Scheme: Your scholarship benefit of Rs.10,037 is ready for transfer. Submit your bank passbook details to receive it.",No,No,No
spam,"Congratulations, your application under PM Ujjwala Yojana has been approved for Rs.32,019. Send your bank details for disbursement.",No,No,No
spam,"Sorry, I transferred Rs.35,386 to the wrong number by mistake, this looks like your account. Kindly send it back to zmepfqf99@ybl.",No,No,No
spam,"Hi, I think I sent Rs.71,168 to you by error while paying someone else. Please return it to UPI ID jeamqjo@ybl, thank you.",No,No,No
spam,"Hi, I think I sent Rs.624 to you by error while paying someone else. Please return it to UPI ID flmbqaf@okicici, thank you.",No,No,No
spam,"Sorry, I transferred Rs.5,406 to the wrong number by mistake, this looks like your account. Kindly send it back to ogtztx@okicici.",No,No,No
spam,"Congratulations, your application under Ayushman Bharat has been approved for Rs.79,509. Send your bank details for disbursement.",No,No,No
spam,I accidentally sent Rs.988 to your Amazon Pay by mistake. Please refund it to this UPI ID: doinnjw47@axl,No,No,No
spam,"Post Matric Scholarship: Your scholarship benefit of Rs.6,104 is ready for transfer. Submit your bank passbook details to receive it.",No,No,No
spam,"Congratulations, your application under Post Matric Scholarship has been approved for Rs.7,323. Send your bank details for disbursement.",No,No,No
spam,"Congratulations, your application under LPG Subsidy Scheme has been approved for Rs.993. Send your bank details for disbursement.",No,No,No
spam,"Your Kotak Mahindra Bank personal loan of Rs.81,993 is pre-approved. Share your bank account and Aadhaar details to process.",No,No,No
spam,Your insurance policy maturity amount of Rs.617 is ready. Send your bank passbook details to receive payment.,No,No,No
spam,Your ICICI Bank personal loan of Rs.870 is pre-approved. Share your bank account and Aadhaar details to process.,No,No,No
spam,National Scholarship Portal: Your scholarship benefit of Rs.871 is ready for transfer. Submit your bank passbook details to receive it.,No,No,No
spam,"Post Matric Scholarship: Your scholarship benefit of Rs.1,408 is ready for transfer. Submit your bank passbook details to receive it.",No,No,No
spam,"By mistake Rs.967 got transferred to your account from mine, please refund at the earliest to nrklx39@okicici.",No,No,No
spam,"Hi, I think I sent Rs.3,845 to you by error while paying someone else. Please return it to UPI ID edxtfl@oksbi, thank you.",No,No,No
spam,"By mistake Rs.916 got transferred to your account from mine, please refund at the earliest to vqllgr57@paytm.",No,No,No
spam,"PM Ujjwala Yojana Alert: You are eligible for Rs.4,619 under the scheme. Share your Aadhaar and bank account number to claim.",No,No,No
spam,You have been selected for a work-from-home job with Reliance. Share your bank details to receive the joining bonus of Rs.683.,No,No,No
spam,LPG Subsidy Scheme: Your scholarship benefit of Rs.822 is ready for transfer. Submit your bank passbook details to receive it.,No,No,No
spam,LPG Subsidy Scheme Alert: You are eligible for Rs.573 under the scheme. Share your Aadhaar and bank account number to claim.,No,No,No
spam,"Sorry, I transferred Rs.8,808 to the wrong number by mistake, this looks like your account. Kindly send it back to zwfcepd@okhdfcbank.",No,No,No
spam,"By mistake Rs.8,449 got transferred to your account from mine, please refund at the earliest to dlxcf34@axl.",No,No,No
spam,"You have been selected for a work-from-home job with Infosys. Share your bank details to receive the joining bonus of Rs.8,750.",No,No,No
spam,"You have been selected for a work-from-home job with Flipkart. Share your bank details to receive the joining bonus of Rs.3,361.",No,No,No
spam,"State Scholarship Scheme Alert: You are eligible for Rs.9,456 under the scheme. Share your Aadhaar and bank account number to claim.",No,No,No
spam,"By mistake Rs.526 got transferred to your account from mine, please refund at the earliest to sczcinhp@okicici.",No,No,No
spam,"I accidentally sent Rs.59,622 to your Google Pay by mistake. Please refund it to this UPI ID: yvxrryvk@ibl",No,No,No
spam,"By mistake Rs.4,674 got transferred to your account from mine, please refund at the earliest to spcvdi53@okicici.",No,No,No
spam,"Hi, I think I sent Rs.59,382 to you by error while paying someone else. Please return it to UPI ID terredz45@axl, thank you.",No,No,No
spam,"You have been selected for a work-from-home job with HCL. Share your bank details to receive the joining bonus of Rs.8,293.",No,No,No
spam,"I accidentally sent Rs.18,730 to your Amazon Pay by mistake. Please refund it to this UPI ID: fbzdyvc28@ybl",No,No,No
spam,"Sorry, I transferred Rs.7,353 to the wrong number by mistake, this looks like your account. Kindly send it back to cempy80@paytm.",No,No,No
spam,"You have been selected for a work-from-home job with Wipro. Share your bank details to receive the joining bonus of Rs.75,105.",No,No,No
spam,"By mistake Rs.57,596 got transferred to your account from mine, please refund at the earliest to ccgzvnv@oksbi.",No,No,No
spam,"Congratulations, your application under National Scholarship Portal has been approved for Rs.792. Send your bank details for disbursement.",No,No,No
spam,"Congratulations, your application under LPG Subsidy Scheme has been approved for Rs.959. Send your bank details for disbursement.",No,No,No
spam,I accidentally sent Rs.728 to your Google Pay by mistake. Please refund it to this UPI ID: tzlvbppf61@okicici,No,No,No
spam,"By mistake Rs.7,940 got transferred to your account from mine, please refund at the earliest to ppjigwj@oksbi.",No,No,No
spam,"PMAY Alert: You are eligible for Rs.9,907 under the scheme. Share your Aadhaar and bank account number to claim.",No,No,No
spam,"I accidentally sent Rs.3,218 to your PhonePe by mistake. Please refund it to this UPI ID: qldvanxw28@ibl",No,No,No
spam,"Hi, I think I sent Rs.1,889 to you by error while paying someone else. Please return it to UPI ID ssbdf@axl, thank you.",No,No,No
spam,"By mistake Rs.11,270 got transferred to your account from mine, please refund at the earliest to rnufz@axl.",No,No,No
spam,"Sorry, I transferred Rs.5,283 to the wrong number by mistake, this looks like your account. Kindly send it back to wpnyewpk34@paytm.",No,No,No
spam,"Your insurance policy maturity amount of Rs.73,186 is ready. Send your bank passbook details to receive payment.",No,No,No
spam,"By mistake Rs.55,038 got transferred to your account from mine, please refund at the earliest to ohtqwnri@okhdfcbank.",No,No,No
spam,"Your insurance policy maturity amount of Rs.7,382 is ready. Send your bank passbook details to receive payment.",No,No,No
spam,"Congratulations, your application under National Scholarship Portal has been approved for Rs.8,141. Send your bank details for disbursement.",No,No,No
spam,Your Bank of Baroda personal loan of Rs.530 is pre-approved. Share your bank account and Aadhaar details to process.,No,No,No
spam,I accidentally sent Rs.801 to your Google Pay by mistake. Please refund it to this UPI ID: gouei28@ybl,No,No,No
spam,"By mistake Rs.4,790 got transferred to your account from mine, please refund at the earliest to aftep@ibl.",No,No,No
spam,Your insurance policy maturity amount of Rs.975 is ready. Send your bank passbook details to receive payment.,No,No,No
spam,"Hi, I think I sent Rs.17,759 to you by error while paying someone else. Please return it to UPI ID kucjo15@oksbi, thank you.",No,No,No
spam,"I accidentally sent Rs.40,077 to your Amazon Pay by mistake. Please refund it to this UPI ID: yslgj@ybl",No,No,No
spam,"Sorry, I transferred Rs.7,175 to the wrong number by mistake, this looks like your account. Kindly send it back to ftinpj84@okicici.",No,No,No
spam,"Your insurance policy maturity amount of Rs.42,881 is ready. Send your bank passbook details to receive payment.",No,No,No
spam,"Sorry, I transferred Rs.15,252 to the wrong number by mistake, this looks like your account. Kindly send it back to ocoeor74@ibl.",No,No,No
spam,"PMAY: Your scholarship benefit of Rs.28,517 is ready for transfer. Submit your bank passbook details to receive it.",No,No,No
spam,"Your HDFC Bank personal loan of Rs.5,357 is pre-approved. Share your bank account and Aadhaar details to process.",No,No,No
spam,"Hi, I think I sent Rs.917 to you by error while paying someone else. Please return it to UPI ID itnoxhd@okhdfcbank, thank you.",No,No,No
spam,Ayushman Bharat: Your scholarship benefit of Rs.653 is ready for transfer. Submit your bank passbook details to receive it.,No,No,No
spam,Your insurance policy maturity amount of Rs.717 is ready. Send your bank passbook details to receive payment.,No,No,No
spam,"Your Axis Bank personal loan of Rs.25,825 is pre-approved. Share your bank account and Aadhaar details to process.",No,No,No
spam,"PM Ujjwala Yojana: Your scholarship benefit of Rs.37,861 is ready for transfer. Submit your bank passbook details to receive it.",No,No,No
spam,"Congratulations, your application under PM Ujjwala Yojana has been approved for Rs.850. Send your bank details for disbursement.",No,No,No
spam,LPG Subsidy Scheme: Your scholarship benefit of Rs.571 is ready for transfer. Submit your bank passbook details to receive it.,No,No,No
spam,"LPG Subsidy Scheme Alert: You are eligible for Rs.17,098 under the scheme. Share your Aadhaar and bank account number to claim.",No,No,No
spam,"Post Matric Scholarship Alert: You are eligible for Rs.3,678 under the scheme. Share your Aadhaar and bank account number to claim.",No,No,No
spam,"Hi, I think I sent Rs.8,515 to you by error while paying someone else. Please return it to UPI ID mmlzj@oksbi, thank you.",No,No,No
spam,LPG Subsidy Scheme Alert: You are eligible for Rs.584 under the scheme. Share your Aadhaar and bank account number to claim.,No,No,No
spam,"PMAY Alert: You are eligible for Rs.8,952 under the scheme. Share your Aadhaar and bank account number to claim.",No,No,No
spam,PM Kisan Samman Nidhi Alert: You are eligible for Rs.981 under the scheme. Share your Aadhaar and bank account number to claim.,No,No,No
spam,"Congratulations, your application under Post Matric Scholarship has been approved for Rs.1,368. Send your bank details for disbursement.",No,No,No
spam,Ayushman Bharat Alert: You are eligible for Rs.722 under the scheme. Share your Aadhaar and bank account number to claim.,No,No,No
spam,"I accidentally sent Rs.2,985 to your PhonePe by mistake. Please refund it to this UPI ID: afyzv36@okicici",No,No,No
spam,Ayushman Bharat Alert: You are eligible for Rs.661 under the scheme. Share your Aadhaar and bank account number to claim.,No,No,No
spam,"By mistake Rs.25,366 got transferred to your account from mine, please refund at the earliest to pgyhm40@okicici.",No,No,No
spam,Your insurance policy maturity amount of Rs.577 is ready. Send your bank passbook details to receive payment.,No,No,No
spam,LPG Subsidy Scheme: Your scholarship benefit of Rs.854 is ready for transfer. Submit your bank passbook details to receive it.,No,No,No
spam,"Congratulations, your application under State Scholarship Scheme has been approved for Rs.910. Send your bank details for disbursement.",No,No,No
spam,"Your Bank of Baroda personal loan of Rs.95,005 is pre-approved. Share your bank account and Aadhaar details to process.",No,No,No
spam,"Your Canara Bank personal loan of Rs.3,484 is pre-approved. Share your bank account and Aadhaar details to process.",No,No,No
spam,"Sorry, I transferred Rs.94,199 to the wrong number by mistake, this looks like your account. Kindly send it back to dcihgd24@okhdfcbank.",No,No,No
spam,Your Canara Bank personal loan of Rs.531 is pre-approved. Share your bank account and Aadhaar details to process.,No,No,No
spam,"Sorry, I transferred Rs.5,254 to the wrong number by mistake, this looks like your account. Kindly send it back to nyqfqf85@paytm.",No,No,No
spam,"By mistake Rs.85,489 got transferred to your account from mine, please refund at the earliest to hluzrfi64@paytm.",No,No,No
spam,"Your Canara Bank personal loan of Rs.2,564 is pre-approved. Share your bank account and Aadhaar details to process.",No,No,No
spam,"Your HDFC Bank personal loan of Rs.4,390 is pre-approved. Share your bank account and Aadhaar details to process.",No,No,No
spam,"Sorry, I transferred Rs.96,244 to the wrong number by mistake, this looks like your account. Kindly send it back to xcepzo@axl.",No,No,No
spam,"By mistake Rs.709 got transferred to your account from mine, please refund at the earliest to ffffnrxn53@paytm.",No,No,No
spam,"Post Matric Scholarship Alert: You are eligible for Rs.1,888 under the scheme. Share your Aadhaar and bank account number to claim.",No,No,No
spam,"By mistake Rs.5,659 got transferred to your account from mine, please refund at the earliest to spbxvwg@okhdfcbank.",No,No,No
spam,"Your insurance policy maturity amount of Rs.7,824 is ready. Send your bank passbook details to receive payment.",No,No,No
spam,"I accidentally sent Rs.77,385 to your PhonePe by mistake. Please refund it to this UPI ID: nuhebkuw@paytm",No,No,No
spam,"State Scholarship Scheme Alert: You are eligible for Rs.9,995 under the scheme. Share your Aadhaar and bank account number to claim.",No,No,No
spam,"Your insurance policy maturity amount of Rs.22,993 is ready. Send your bank passbook details to receive payment.",No,No,No
spam,"Your insurance policy maturity amount of Rs.83,120 is ready. Send your bank passbook details to receive payment.",No,No,No
spam,"Post Matric Scholarship: Your scholarship benefit of Rs.7,701 is ready for transfer. Submit your bank passbook details to receive it.",No,No,No
spam,"PM Kisan Samman Nidhi Alert: You are eligible for Rs.44,682 under the scheme. Share your Aadhaar and bank account number to claim.",No,No,No
spam,You have been selected for a work-from-home job with HCL. Share your bank details to receive the joining bonus of Rs.525.,No,No,No
spam,"Your insurance policy maturity amount of Rs.25,744 is ready. Send your bank passbook details to receive payment.",No,No,No
spam,You have been selected for a work-from-home job with Infosys. Share your bank details to receive the joining bonus of Rs.818.,No,No,No
spam,Your insurance policy maturity amount of Rs.934 is ready. Send your bank passbook details to receive payment.,No,No,No
spam,Your insurance policy maturity amount of Rs.802 is ready. Send your bank passbook details to receive payment.,No,No,No
spam,"Ayushman Bharat Alert: You are eligible for Rs.78,123 under the scheme. Share your Aadhaar and bank account number to claim.",No,No,No
spam,"Congratulations, your application under State Scholarship Scheme has been approved for Rs.585. Send your bank details for disbursement.",No,No,No
spam,"Your Canara Bank personal loan of Rs.83,803 is pre-approved. Share your bank account and Aadhaar details to process.",No,No,No
spam,"Your ICICI Bank personal loan of Rs.2,854 is pre-approved. Share your bank account and Aadhaar details to process.",No,No,No
spam,"PMAY Alert: You are eligible for Rs.7,206 under the scheme. Share your Aadhaar and bank account number to claim.",No,No,No
spam,"Hi, I think I sent Rs.47,751 to you by error while paying someone else. Please return it to UPI ID axxkwcjm10@okhdfcbank, thank you.",No,No,No
spam,"By mistake Rs.614 got transferred to your account from mine, please refund at the earliest to wxuajplm@okicici.",No,No,No
spam,You have been selected for a work-from-home job with HCL. Share your bank details to receive the joining bonus of Rs.685.,No,No,No
spam,"I accidentally sent Rs.63,516 to your Google Pay by mistake. Please refund it to this UPI ID: ieovdj@ybl",No,No,No
spam,"Sorry, I transferred Rs.683 to the wrong number by mistake, this looks like your account. Kindly send it back to sjuovi@ibl.",No,No,No
spam,Your insurance policy maturity amount of Rs.858 is ready. Send your bank passbook details to receive payment.,No,No,No
spam,"Your insurance policy maturity amount of Rs.51,430 is ready. Send your bank passbook details to receive payment.",No,No,No
spam,"LPG Subsidy Scheme Alert: You are eligible for Rs.2,538 under the scheme. Share your Aadhaar and bank account number to claim.",No,No,No
spam,You have been selected for a work-from-home job with HCL. Share your bank details to receive the joining bonus of Rs.643.,No,No,No
spam,Your Canara Bank personal loan of Rs.688 is pre-approved. Share your bank account and Aadhaar details to process.,No,No,No
spam,"Sorry, I transferred Rs.84,240 to the wrong number by mistake, this looks like your account. Kindly send it back to hdjsv25@axl.",No,No,No
spam,National Scholarship Portal: Your scholarship benefit of Rs.637 is ready for transfer. Submit your bank passbook details to receive it.,No,No,No
spam,"Ayushman Bharat Alert: You are eligible for Rs.32,354 under the scheme. Share your Aadhaar and bank account number to claim.",No,No,No
spam,"PM Kisan Samman Nidhi Alert: You are eligible for Rs.64,555 under the scheme. Share your Aadhaar and bank account number to claim.",No,No,No
spam,"I accidentally sent Rs.7,600 to your Google Pay by mistake. Please refund it to this UPI ID: svcsvo@okhdfcbank",No,No,No
spam,"State Scholarship Scheme Alert: You are eligible for Rs.2,738 under the scheme. Share your Aadhaar and bank account number to claim.",No,No,No
spam,Your insurance policy maturity amount of Rs.916 is ready. Send your bank passbook details to receive payment.,No,No,No
spam,"You have been selected for a work-from-home job with Infosys. Share your bank details to receive the joining bonus of Rs.91,740.",No,No,No
spam,"PM Ujjwala Yojana Alert: You are eligible for Rs.9,382 under the scheme. Share your Aadhaar and bank account number to claim.",No,No,No
spam,"PM Ujjwala Yojana: Your scholarship benefit of Rs.9,678 is ready for transfer. Submit your bank passbook details to receive it.",No,No,No
spam,"Your insurance policy maturity amount of Rs.22,813 is ready. Send your bank passbook details to receive payment.",No,No,No
spam,"I accidentally sent Rs.3,336 to your Amazon Pay by mistake. Please refund it to this UPI ID: kjilxhjp@axl",No,No,No
spam,I accidentally sent Rs.637 to your Google Pay by mistake. Please refund it to this UPI ID: zchmyj96@axl,No,No,No
spam,"You have been selected for a work-from-home job with TCS. Share your bank details to receive the joining bonus of Rs.2,295.",No,No,No
spam,"Hi, I think I sent Rs.13,448 to you by error while paying someone else. Please return it to UPI ID lirhwb36@okicici, thank you.",No,No,No
spam,"Sorry, I transferred Rs.8,938 to the wrong number by mistake, this looks like your account. Kindly send it back to pitxdkz@axl.",No,No,No
spam,"I accidentally sent Rs.34,439 to your Amazon Pay by mistake. Please refund it to this UPI ID: cktbudn@paytm",No,No,No
spam,"Your insurance policy maturity amount of Rs.47,219 is ready. Send your bank passbook details to receive payment.",No,No,No
spam,"Sorry, I transferred Rs.2,830 to the wrong number by mistake, this looks like your account. Kindly send it back to fempneaw@okhdfcbank.",No,No,No
spam,I accidentally sent Rs.596 to your Amazon Pay by mistake. Please refund it to this UPI ID: jvsxm@ibl,No,No,No
spam,"Hi, I think I sent Rs.838 to you by error while paying someone else. Please return it to UPI ID oaloai@oksbi, thank you.",No,No,No
spam,"Ayushman Bharat: Your scholarship benefit of Rs.1,756 is ready for transfer. Submit your bank passbook details to receive it.",No,No,No
spam,"Hi, I think I sent Rs.10,884 to you by error while paying someone else. Please return it to UPI ID qzjcir@ibl, thank you.",No,No,No
spam,"PMAY Alert: You are eligible for Rs.4,804 under the scheme. Share your Aadhaar and bank account number to claim.",No,No,No
spam,"You have been selected for a work-from-home job with Wipro. Share your bank details to receive the joining bonus of Rs.8,572.",No,No,No
spam,"Congratulations, your application under National Scholarship Portal has been approved for Rs.943. Send your bank details for disbursement.",No,No,No
spam,"By mistake Rs.82,477 got transferred to your account from mine, please refund at the earliest to gfbxdwj@okicici.",No,No,No
spam,"Sorry, I transferred Rs.85,172 to the wrong number by mistake, this looks like your account. Kindly send it back to ubledy55@oksbi.",No,No,No
spam,"Congratulations, your application under Post Matric Scholarship has been approved for Rs.701. Send your bank details for disbursement.",No,No,No
spam,"Post Matric Scholarship: Your scholarship benefit of Rs.2,061 is ready for transfer. Submit your bank passbook details to receive it.",No,No,No
spam,"National Scholarship Portal: Your scholarship benefit of Rs.26,658 is ready for transfer. Submit your bank passbook details to receive it.",No,No,No
spam,"I accidentally sent Rs.84,141 to your Google Pay by mistake. Please refund it to this UPI ID: kllwtvte@paytm",No,No,No
spam,"Sorry, I transferred Rs.5,537 to the wrong number by mistake, this looks like your account. Kindly send it back to wpngncn59@ybl.",No,No,No
spam,"By mistake Rs.7,780 got transferred to your account from mine, please refund at the earliest to vxbkr63@oksbi.",No,No,No
spam,"Congratulations, your application under Post Matric Scholarship has been approved for Rs.845. Send your bank details for disbursement.",No,No,No
spam,"Congratulations, your application under Post Matric Scholarship has been approved for Rs.5,993. Send your bank details for disbursement.",No,No,No
spam,"PM Ujjwala Yojana: Your scholarship benefit of Rs.7,697 is ready for transfer. Submit your bank passbook details to receive it.",No,No,No
spam,"Sorry, I transferred Rs.746 to the wrong number by mistake, this looks like your account. Kindly send it back to lprlevm34@ibl.",No,No,No
spam,"Sorry, I transferred Rs.72,892 to the wrong number by mistake, this looks like your account. Kindly send it back to hdqfn52@ibl.",No,No,No
spam,"Sorry, I transferred Rs.1,920 to the wrong number by mistake, this looks like your account. Kindly send it back to orzsv79@oksbi.",No,No,No
spam,"National Scholarship Portal: Your scholarship benefit of Rs.42,930 is ready for transfer. Submit your bank passbook details to receive it.",No,No,No
spam,PM Kisan Samman Nidhi: Your scholarship benefit of Rs.750 is ready for transfer. Submit your bank passbook details to receive it.,No,No,No
spam,"Congratulations, your application under Ayushman Bharat has been approved for Rs.9,246. Send your bank details for disbursement.",No,No,No
spam,"Congratulations, your application under LPG Subsidy Scheme has been approved for Rs.998. Send your bank details for disbursement.",No,No,No
spam,"Hi, I think I sent Rs.47,761 to you by error while paying someone else. Please return it to UPI ID cjukau10@paytm, thank you.",No,No,No
spam,"PMAY Alert: You are eligible for Rs.22,554 under the scheme. Share your Aadhaar and bank account number to claim.",No,No,No
spam,"Congratulations, your application under National Scholarship Portal has been approved for Rs.755. Send your bank details for disbursement.",No,No,No
spam,Your insurance policy maturity amount of Rs.630 is ready. Send your bank passbook details to receive payment.,No,No,No
spam,"Your insurance policy maturity amount of Rs.47,693 is ready. Send your bank passbook details to receive payment.",No,No,No
spam,Your ICICI Bank personal loan of Rs.819 is pre-approved. Share your bank account and Aadhaar details to process.,No,No,No
spam,Your HDFC Bank personal loan of Rs.738 is pre-approved. Share your bank account and Aadhaar details to process.,No,No,No
spam,"National Scholarship Portal: Your scholarship benefit of Rs.94,826 is ready for transfer. Submit your bank passbook details to receive it.",No,No,No
spam,I accidentally sent Rs.834 to your Amazon Pay by mistake. Please refund it to this UPI ID: rkfnfft@okicici,No,No,No
spam,I accidentally sent Rs.846 to your PhonePe by mistake. Please refund it to this UPI ID: pgqyc@ibl,No,No,No
spam,"PMAY Alert: You are eligible for Rs.59,803 under the scheme. Share your Aadhaar and bank account number to claim.",No,No,No
spam,"By mistake Rs.6,314 got transferred to your account from mine, please refund at the earliest to yawuke@ibl.",No,No,No
spam,"Sorry, I transferred Rs.1,719 to the wrong number by mistake, this looks like your account. Kindly send it back to ukczkkef12@axl.",No,No,No
spam,You have been selected for a work-from-home job with Amazon. Share your bank details to receive the joining bonus of Rs.871.,No,No,No
spam,"Post Matric Scholarship Alert: You are eligible for Rs.78,745 under the scheme. Share your Aadhaar and bank account number to claim.",No,No,No
spam,"Ayushman Bharat Alert: You are eligible for Rs.9,099 under the scheme. Share your Aadhaar and bank account number to claim.",No,No,No
spam,Your insurance policy maturity amount of Rs.556 is ready. Send your bank passbook details to receive payment.,No,No,No
spam,"Hi, I think I sent Rs.947 to you by error while paying someone else. Please return it to UPI ID gaizap@ybl, thank you.",No,No,No
spam,"PMAY Alert: You are eligible for Rs.8,125 under the scheme. Share your Aadhaar and bank account number to claim.",No,No,No
spam,"Your SBI personal loan of Rs.2,342 is pre-approved. Share your bank account and Aadhaar details to process.",No,No,No
spam,"You have been selected for a work-from-home job with Reliance. Share your bank details to receive the joining bonus of Rs.4,177.",No,No,No
spam,"By mistake Rs.501 got transferred to your account from mine, please refund at the earliest to wgavmyvh65@okhdfcbank.",No,No,No
spam,"Hi, I think I sent Rs.79,601 to you by error while paying someone else. Please return it to UPI ID xftvh47@okhdfcbank, thank you.",No,No,No
spam,"Sorry, I transferred Rs.52,008 to the wrong number by mistake, this looks like your account. Kindly send it back to zlhlpj97@ybl.",No,No,No
spam,"Congratulations, your application under PM Kisan Samman Nidhi has been approved for Rs.29,941. Send your bank details for disbursement.",No,No,No
spam,"By mistake Rs.949 got transferred to your account from mine, please refund at the earliest to bsjrtk96@axl.",No,No,No
spam,"National Scholarship Portal: Your scholarship benefit of Rs.65,966 is ready for transfer. Submit your bank passbook details to receive it.",No,No,No
spam,"Ayushman Bharat: Your scholarship benefit of Rs.7,542 is ready for transfer. Submit your bank passbook details to receive it.",No,No,No
spam,"Your insurance policy maturity amount of Rs.3,672 is ready. Send your bank passbook details to receive payment.",No,No,No
spam,"Ayushman Bharat: Your scholarship benefit of Rs.8,320 is ready for transfer. Submit your bank passbook details to receive it.",No,No,No
spam,"Sorry, I transferred Rs.7,590 to the wrong number by mistake, this looks like your account. Kindly send it back to ijvld@oksbi.",No,No,No
spam,You have been selected for a work-from-home job with Wipro. Share your bank details to receive the joining bonus of Rs.600.,No,No,No
spam,I accidentally sent Rs.525 to your Google Pay by mistake. Please refund it to this UPI ID: mdqita@paytm,No,No,No
spam,"PM Kisan Samman Nidhi Alert: You are eligible for Rs.5,845 under the scheme. Share your Aadhaar and bank account number to claim.",No,No,No
spam,Ayushman Bharat Alert: You are eligible for Rs.512 under the scheme. Share your Aadhaar and bank account number to claim.,No,No,No
spam,"Hi, I think I sent Rs.5,074 to you by error while paying someone else. Please return it to UPI ID qllksbht@okicici, thank you.",No,No,No
spam,"Your Punjab National Bank personal loan of Rs.5,438 is pre-approved. Share your bank account and Aadhaar details to process.",No,No,No
spam,"By mistake Rs.78,166 got transferred to your account from mine, please refund at the earliest to nsuuwl@axl.",No,No,No
spam,"Hi, I think I sent Rs.26,418 to you by error while paying someone else. Please return it to UPI ID xzvayt@okicici, thank you.",No,No,No
spam,I accidentally sent Rs.967 to your Paytm by mistake. Please refund it to this UPI ID: khbvnc@axl,No,No,No
spam,"You have been selected for a work-from-home job with TCS. Share your bank details to receive the joining bonus of Rs.6,414.",No,No,No
spam,"Hi, I think I sent Rs.18,482 to you by error while paying someone else. Please return it to UPI ID eitbgzkg@paytm, thank you.",No,No,No
spam,"Sorry, I transferred Rs.851 to the wrong number by mistake, this looks like your account. Kindly send it back to dkglwkny@oksbi.",No,No,No
spam,"I accidentally sent Rs.97,232 to your Paytm by mistake. Please refund it to this UPI ID: oxszjr@ibl",No,No,No
spam,You have been selected for a work-from-home job with HCL. Share your bank details to receive the joining bonus of Rs.895.,No,No,No
spam,"Your insurance policy maturity amount of Rs.7,073 is ready. Send your bank passbook details to receive payment.",No,No,No
spam,"Your Bank of Baroda personal loan of Rs.3,584 is pre-approved. Share your bank account and Aadhaar details to process.",No,No,No
spam,"Your insurance policy maturity amount of Rs.53,995 is ready. Send your bank passbook details to receive payment.",No,No,No
spam,"Your insurance policy maturity amount of Rs.1,402 is ready. Send your bank passbook details to receive payment.",No,No,No
spam,"Hi, I think I sent Rs.588 to you by error while paying someone else. Please return it to UPI ID txgyx@okicici, thank you.",No,No,No
spam,Your ICICI Bank personal loan of Rs.611 is pre-approved. Share your bank account and Aadhaar details to process.,No,No,No
spam,I accidentally sent Rs.740 to your Paytm by mistake. Please refund it to this UPI ID: ralqz32@paytm,No,No,No
spam,"Your Axis Bank personal loan of Rs.8,886 is pre-approved. Share your bank account and Aadhaar details to process.",No,No,No
spam,"Hi, I think I sent Rs.7,617 to you by error while paying someone else. Please return it to UPI ID lwgwtixt88@ybl, thank you.",No,No,No
spam,"Your ICICI Bank personal loan of Rs.1,732 is pre-approved. Share your bank account and Aadhaar details to process.",No,No,No
spam,"Sorry, I transferred Rs.899 to the wrong number by mistake, this looks like your account. Kindly send it back to ntacdmk@paytm.",No,No,No
spam,Post Matric Scholarship: Your scholarship benefit of Rs.700 is ready for transfer. Submit your bank passbook details to receive it.,No,No,No
spam,"You have been selected for a work-from-home job with Infosys. Share your bank details to receive the joining bonus of Rs.3,551.",No,No,No
spam,"Your insurance policy maturity amount of Rs.7,173 is ready. Send your bank passbook details to receive payment.",No,No,No
spam,"Your Bank of Baroda personal loan of Rs.7,444 is pre-approved. Share your bank account and Aadhaar details to process.",No,No,No
spam,"Your Axis Bank personal loan of Rs.1,840 is pre-approved. Share your bank account and Aadhaar details to process.",No,No,No
spam,"Sorry, I transferred Rs.16,008 to the wrong number by mistake, this looks like your account. Kindly send it back to qhvdvw@paytm.",No,No,No
spam,"Your Punjab National Bank personal loan of Rs.13,173 is pre-approved. Share your bank account and Aadhaar details to process.",No,No,No
spam,"Hi, I think I sent Rs.699 to you by error while paying someone else. Please return it to UPI ID tseurst40@ibl, thank you.",No,No,No
spam,"Your Punjab National Bank personal loan of Rs.39,062 is pre-approved. Share your bank account and Aadhaar details to process.",No,No,No
spam,"By mistake Rs.781 got transferred to your account from mine, please refund at the earliest to kvawdwgt43@ibl.",No,No,No
spam,"Your insurance policy maturity amount of Rs.5,341 is ready. Send your bank passbook details to receive payment.",No,No,No
spam,"By mistake Rs.44,048 got transferred to your account from mine, please refund at the earliest to amcuqhm@oksbi.",No,No,No
spam,"By mistake Rs.5,375 got transferred to your account from mine, please refund at the earliest to peqsq@paytm.",No,No,No
spam,You have been selected for a work-from-home job with HCL. Share your bank details to receive the joining bonus of Rs.741.,No,No,No
spam,"You have been selected for a work-from-home job with HCL. Share your bank details to receive the joining bonus of Rs.4,893.",No,No,No
spam,"Your SBI personal loan of Rs.25,204 is pre-approved. Share your bank account and Aadhaar details to process.",No,No,No
spam,"Your insurance policy maturity amount of Rs.93,814 is ready. Send your bank passbook details to receive payment.",No,No,No
spam,"Your Bank of Baroda personal loan of Rs.6,938 is pre-approved. Share your bank account and Aadhaar details to process.",No,No,No
spam,"Hi, I think I sent Rs.668 to you by error while paying someone else. Please return it to UPI ID zmycjh@oksbi, thank you.",No,No,No
spam,"Hi, I think I sent Rs.61,707 to you by error while paying someone else. Please return it to UPI ID ucsguadz75@okicici, thank you.",No,No,No
spam,"You have been selected for a work-from-home job with Amazon. Share your bank details to receive the joining bonus of Rs.7,855.",No,No,No
spam,"Your ICICI Bank personal loan of Rs.6,211 is pre-approved. Share your bank account and Aadhaar details to process.",No,No,No
spam,Ayushman Bharat Alert: You are eligible for Rs.843 under the scheme. Share your Aadhaar and bank account number to claim.,No,No,No
spam,"You have been selected for a work-from-home job with HCL. Share your bank details to receive the joining bonus of Rs.6,984.",No,No,No
spam,"Congratulations, your application under Post Matric Scholarship has been approved for Rs.9,658. Send your bank details for disbursement.",No,No,No
spam,"State Scholarship Scheme: Your scholarship benefit of Rs.98,242 is ready for transfer. Submit your bank passbook details to receive it.",No,No,No
spam,I accidentally sent Rs.543 to your PhonePe by mistake. Please refund it to this UPI ID: qqycpbfy@okicici,No,No,No
spam,"Congratulations, your application under PMAY has been approved for Rs.59,054. Send your bank details for disbursement.",No,No,No
spam,"PMAY Alert: You are eligible for Rs.63,567 under the scheme. Share your Aadhaar and bank account number to claim.",No,No,No
spam,"Congratulations, your application under PMAY has been approved for Rs.996. Send your bank details for disbursement.",No,No,No
spam,"You have been selected for a work-from-home job with Flipkart. Share your bank details to receive the joining bonus of Rs.46,371.",No,No,No
